cellTime,cell,time,none,global,local,blot,cross,z,x,y,size,gweight
ABa:1,ABa,1,27623,2623,-376,-360,2623,15.4,559,270,84,1551353
ABa:2,ABa,2,27673,2673,-269,-272,2673,16.1,564,292,90,2063816
ABa:3,ABa,3,27902,2902,-161,-163,2902,13.4,602,286,86,2158146
ABa:4,ABa,4,28007,3007,33,47,3007,14.6,615,307,86,2371163
ABa:5,ABa,5,27861,2861,-302,-297,2861,14.4,618,324,92,2990677
ABa:6,ABa,6,27475,2475,-526,-535,2475,14.8,595,322,87,2283118
ABa:7,ABa,7,27458,2458,-611,-603,2442,13.3,583,319,89,2148022
ABal:8,ABal,8,27550,2550,-544,-551,2550,11.6,606,291,63,918031
ABal:9,ABal,9,27450,2450,-516,-513,2450,13.7,604,270,73,1127238
ABal:10,ABal,10,27632,2632,-325,-324,2632,14.6,599,280,72,1182440
ABal:11,ABal,11,28197,3197,-116,-116,3197,15.0,628,286,75,1475667
ABal:12,ABal,12,28057,3057,-163,-163,3057,14.1,641,278,78,1917166
ABal:13,ABal,13,28271,3271,-53,-53,3271,13.5,638,272,78,2153911
ABal:14,ABal,14,28424,3424,178,178,3424,13.5,640,249,79,2335521
ABal:15,ABal,15,28331,3331,35,35,3331,14.4,652,249,78,2591268
ABal:16,ABal,16,28247,3247,109,109,3247,14.6,654,254,80,2466059
ABal:17,ABal,17,27350,2350,-857,-857,2350,16.1,643,263,79,1922167
ABala:18,ABala,18,26949,1949,-1157,-1230,1918,11.5,652,282,52,657416
ABala:19,ABala,19,27802,2802,-499,-484,2802,12.1,665,321,76,1312381
ABala:20,ABala,20,27862,2862,-267,-269,2862,12.6,668,322,75,1232002
ABala:21,ABala,21,28129,3129,-20,-20,3129,14.2,675,323,75,1385768
ABala:22,ABala,22,28351,3351,126,126,3351,14.8,684,308,75,1465162
ABala:23,ABala,23,28001,3001,-172,-172,3001,15.3,680,322,73,1670500
ABala:24,ABala,24,28139,3139,168,168,3139,14.8,672,339,71,1692964
ABala:25,ABala,25,28236,3236,160,160,3236,13.5,675,335,68,1641431
ABala:26,ABala,26,28231,3231,44,44,3231,13.5,681,338,66,1550814
ABala:27,ABala,27,28076,3076,-141,-141,3076,12.8,683,347,66,1564785
ABala:28,ABala,28,27903,2903,-162,-162,2903,11.4,670,354,71,1901642
ABala:29,ABala,29,27643,2643,-529,-529,2643,11.7,660,341,65,1160250
ABala:30,ABala,30,27386,2386,-852,-852,2386,12.8,656,353,61,1040170
ABalaa:31,ABalaa,31,28001,3001,-95,-109,2999,12.1,687,355,43,385534
ABalaa:32,ABalaa,32,27999,2999,-144,-122,2999,12.9,690,349,55,559639
ABalaa:33,ABalaa,33,27862,2862,-248,-217,2862,12.8,690,347,57,547110
ABalaa:34,ABalaa,34,28040,3040,96,91,3040,12.2,695,343,51,388408
ABalaa:35,ABalaa,35,28038,3038,-2,-2,3038,13.2,696,328,50,371282
ABalaa:36,ABalaa,36,28380,3380,452,452,3380,14.2,695,325,50,451880
ABalaa:37,ABalaa,37,27621,2621,-332,-332,2621,14.3,695,324,51,462735
ABalaa:38,ABalaa,38,28222,3222,280,280,3222,14.0,693,336,55,693507
ABalaa:39,ABalaa,39,27961,2961,-184,-184,2961,13.2,693,342,54,667347
ABalaa:40,ABalaa,40,28292,3292,302,302,3292,14.0,692,343,54,760753
ABalaa:41,ABalaa,41,28238,3238,46,46,3238,12.1,692,341,55,720138
ABalaa:42,ABalaa,42,28471,3471,322,323,3471,13.1,691,327,56,804872
ABalaa:43,ABalaa,43,27830,2830,-254,-254,2830,12.0,692,332,55,735551
ABalaa:44,ABalaa,44,27903,2903,-490,-490,2903,12.1,692,340,55,691729
ABalaa:45,ABalaa,45,28617,3617,474,472,3617,13.0,691,331,55,807165
ABalaa:46,ABalaa,46,28651,3651,563,565,3651,12.2,687,332,54,874399
ABalaa:47,ABalaa,47,28089,3089,166,164,3089,12.9,686,339,60,1074858
ABalaa:48,ABalaa,48,27543,2543,-673,-673,2543,12.1,691,343,54,708182
ABalaaa:49,ABalaaa,49,28064,3064,135,184,3062,14.9,691,358,57,392017
ABalaaa:50,ABalaaa,50,28594,3594,497,526,3572,15.0,693,338,53,321296
ABalaaa:51,ABalaaa,51,27883,2883,-350,-329,2869,14.9,696,325,35,137269
ABalaaa:52,ABalaaa,52,28338,3338,482,435,3333,14.9,693,336,53,310824
ABalaaa:53,ABalaaa,53,28285,3285,226,226,3283,13.0,700,336,28,65769
ABalaaa:54,ABalaaa,54,27737,2737,-399,-407,2721,13.2,699,340,46,187435
ABalaaa:55,ABalaaa,55,29089,4089,895,898,4078,13.1,698,347,48,276491
ABalaaa:56,ABalaaa,56,28186,3186,339,344,3170,12.3,697,352,48,294763
ABalaaa:57,ABalaaa,57,28364,3364,701,740,3344,13.0,693,354,53,427466
ABalaaa:58,ABalaaa,58,29118,4118,1191,1275,4111,12.9,692,360,53,518721
ABalaaa:59,ABalaaa,59,28969,3969,1148,1224,3956,13.1,693,361,53,547602
ABalaaa:60,ABalaaa,60,29136,4136,1124,1090,4133,13.3,694,361,51,483062
ABalaaa:61,ABalaaa,61,28328,3328,429,425,3325,13.1,693,362,50,526510
ABalaaa:62,ABalaaa,62,27929,2929,-194,-193,2926,14.0,690,362,54,698823
ABalaaa:63,ABalaaa,63,28631,3631,747,776,3628,14.0,690,362,54,532029
ABalaaa:64,ABalaaa,64,28424,3424,821,868,3418,14.0,688,362,50,500961
ABalaaa:65,ABalaaa,65,29259,4259,1117,1109,4257,14.1,692,364,50,455106
ABalaaa:66,ABalaaa,66,29050,4050,585,584,4050,14.2,696,355,34,170868
ABalaaa:67,ABalaaa,67,28133,3133,336,358,3133,16.0,692,347,51,440835
ABalaaa:68,ABalaaa,68,28155,3155,350,350,3155,15.1,691,358,48,452179
ABalaaa:69,ABalaaa,69,27614,2614,-258,-258,2609,14.9,690,357,47,387163
ABalaaa:70,ABalaaa,70,26833,1833,-366,-366,1810,14.0,699,346,29,138220
ABalaaa:71,ABalaaa,71,27761,2761,-442,-442,2502,13.4,665,371,32,168662
ABalaaaa:72,ABalaaaa,72,28900,3900,1406,1373,3843,14.0,698,360,32,126689
ABalaaaa:73,ABalaaaa,73,28977,3977,1134,1180,3896,14.1,696,370,37,146708
ABalaaaa:74,ABalaaaa,74,28452,3452,320,320,3410,13.2,696,376,34,134711
ABalaaaa:75,ABalaaaa,75,28267,3267,699,699,3214,13.1,696,375,34,137255
ABalaaaa:76,ABalaaaa,76,29356,4356,1224,1344,4240,13.9,698,365,29,60980
ABalaaaa:77,ABalaaaa,77,28272,3272,113,69,3094,12.0,698,367,31,98308
ABalaaaa:78,ABalaaaa,78,28848,3848,985,1126,3631,12.0,697,360,28,75742
ABalaaaa:79,ABalaaaa,79,29066,4066,413,426,3947,11.0,697,361,28,93212
ABalaaaa:80,ABalaaaa,80,29731,4731,1619,1523,4657,11.0,697,362,31,122035
ABalaaaa:81,ABalaaaa,81,29207,4207,974,973,4158,10.0,694,357,34,181342
ABalaaaa:82,ABalaaaa,82,29134,4134,1294,1261,4090,9.2,693,353,40,241536
ABalaaaa:83,ABalaaaa,83,29293,4293,1406,1455,4270,9.1,690,356,42,285772
ABalaaaa:84,ABalaaaa,84,28631,3631,860,858,3528,8.9,682,348,44,329022
ABalaaaa:85,ABalaaaa,85,29210,4210,1442,1451,4134,10.0,680,347,44,348135
ABalaaaa:86,ABalaaaa,86,29508,4508,1402,1413,4335,10.0,677,338,44,331300
ABalaaaa:87,ABalaaaa,87,30380,5380,2098,2098,5279,9.9,672,339,44,341407
ABalaaaa:88,ABalaaaa,88,29228,4228,1137,1261,4117,9.4,667,344,46,372325
ABalaaaa:89,ABalaaaa,89,29830,4830,1370,1444,4650,10.0,666,347,43,317986
ABalaaaa:90,ABalaaaa,90,29905,4905,2076,2137,4720,10.0,668,339,43,264758
ABalaaaa:91,ABalaaaa,91,30075,5075,1856,1865,4908,10.1,686,342,44,277197
ABalaaaa:92,ABalaaaa,92,29854,4854,1751,1788,4789,10.1,695,348,38,176758
ABalaaaa:93,ABalaaaa,93,30530,5530,2057,2053,5523,9.1,693,350,38,202510
ABalaaaa:94,ABalaaaa,94,29796,4796,1057,1056,4778,9.1,695,342,34,152843
ABalaaaa:95,ABalaaaa,95,29294,4294,-17,-17,4140,10.1,698,325,28,90632
ABalaaaa:96,ABalaaaa,96,29923,4923,1573,1659,4171,11.1,694,328,34,178557
ABalaaaa:97,ABalaaaa,97,28028,3028,-501,-339,1571,12.3,688,342,38,254658
ABalaaaal:98,ABalaaaal,98,27674,2674,-836,-645,2478,10.1,680,330,36,193563
ABalaaaal:99,ABalaaaal,99,28773,3773,312,469,2755,10.1,678,322,34,163647
ABalaaaal:100,ABalaaaal,100,30308,5308,2192,2343,4492,10.1,684,316,36,178594
ABalaaaal:101,ABalaaaal,101,29581,4581,1993,2093,3687,9.3,683,309,37,151085
ABalaaaal:102,ABalaaaal,102,30974,5974,2913,2966,5375,10.0,687,298,36,175272
ABalaaaal:103,ABalaaaal,103,29815,4815,1502,1541,4066,10.1,682,296,36,187246
ABalaaaal:104,ABalaaaal,104,30254,5254,1853,2036,4124,10.1,692,302,35,157953
ABalaaaal:105,ABalaaaal,105,30913,5913,2244,2479,2903,10.1,681,305,35,161244
ABalaaaar:98,ABalaaaar,98,27309,2309,-1188,-1275,27309,14.0,693,343,32,0
ABalaaaar:99,ABalaaaar,99,28920,3920,739,849,28920,14.3,697,348,33,0
ABalaaaar:100,ABalaaaar,100,27601,2601,-338,-436,1920,14.6,701,353,34,146612
ABalaaaar:101,ABalaaaar,101,29216,4216,1183,1395,2078,14.0,693,353,33,153191
ABalaaaar:102,ABalaaaar,102,29465,4465,1387,1636,2327,14.0,694,358,33,153191
ABalaaaar:103,ABalaaaar,103,28955,3955,475,713,1817,14.0,695,363,32,153191
ABalaaaar:104,ABalaaaar,104,29778,4778,1518,1445,3747,14.0,696,369,31,109723
ABalaaaar:105,ABalaaaar,105,29204,4204,626,798,1462,14.0,695,360,31,119141
ABalaaap:72,ABalaaap,72,28344,3344,436,409,3273,13.1,653,378,42,243536
ABalaaap:73,ABalaaap,73,28222,3222,339,355,3153,12.2,644,375,45,246193
ABalaaap:74,ABalaaap,74,28569,3569,750,752,3513,13.0,631,375,44,273705
ABalaaap:75,ABalaaap,75,28155,3155,172,248,3083,12.9,627,390,44,275570
ABalaaap:76,ABalaaap,76,29521,4521,1940,1937,4506,11.9,633,396,44,287487
ABalaaap:77,ABalaaap,77,29753,4753,1760,1803,4738,11.8,630,396,44,294130
ABalaaap:78,ABalaaap,78,28351,3351,778,806,3337,11.1,637,397,43,285268
ABalaaap:79,ABalaaap,79,28714,3714,1023,1041,3713,10.9,640,395,43,287647
ABalaaap:80,ABalaaap,80,28632,3632,999,1009,3628,11.0,635,390,44,313818
ABalaaap:81,ABalaaap,81,28899,3899,1376,1386,3892,11.0,627,394,44,314454
ABalaaap:82,ABalaaap,82,28763,3763,889,895,3754,10.1,628,390,44,323526
ABalaaap:83,ABalaaap,83,28943,3943,1107,1168,3897,9.9,625,390,44,317854
ABalaaap:84,ABalaaap,84,29765,4765,1873,1894,4757,9.0,626,394,44,326997
ABalaaap:85,ABalaaap,85,30609,5609,2931,2966,5599,9.0,634,388,44,316918
ABalaaap:86,ABalaaap,86,29785,4785,1888,1905,4736,9.0,641,386,44,335919
ABalaaap:87,ABalaaap,87,29851,4851,1770,1759,4729,8.9,640,391,44,330749
ABalaaap:88,ABalaaap,88,30092,5092,1966,2067,4858,8.9,634,387,44,336082
ABalaaap:89,ABalaaap,89,29779,4779,1727,1731,4661,8.2,637,388,45,328810
ABalaaap:90,ABalaaap,90,30157,5157,2143,2193,5033,8.9,648,388,43,258506
ABalaaap:91,ABalaaap,91,29659,4659,1580,1661,4467,8.1,655,383,44,272299
ABalaaap:92,ABalaaap,92,30150,5150,1605,1630,4954,9.9,657,383,40,256049
ABalaaap:93,ABalaaap,93,28489,3489,211,345,3212,10.1,644,387,38,241322
ABalaaap:94,ABalaaap,94,28230,3230,84,93,3161,8.3,654,382,42,235640
ABalaaapa:95,ABalaaapa,95,27958,2958,-222,-227,2916,9.4,684,372,34,134734
ABalaaapa:96,ABalaaapa,96,29623,4623,1715,1756,4395,10.1,684,370,34,151929
ABalaaapa:97,ABalaaapa,97,30779,5779,2459,2507,5435,10.0,676,371,34,145563
ABalaaapa:98,ABalaaapa,98,29098,4098,1037,1007,3920,10.0,682,376,38,187012
ABalaaapa:99,ABalaaapa,99,29722,4722,1849,1993,4311,9.1,687,366,38,181335
ABalaaapa:100,ABalaaapa,100,30515,5515,2370,2395,5233,9.1,691,361,34,137305
ABalaaapa:101,ABalaaapa,101,30358,5358,2100,2109,4938,10.0,694,356,33,130060
ABalaaapa:102,ABalaaapa,102,29061,4061,802,778,3853,9.2,691,352,36,165761
ABalaaapa:103,ABalaaapa,103,30590,5590,2168,2145,5468,9.1,692,350,36,170876
ABalaaapa:104,ABalaaapa,104,29611,4611,1583,1586,4294,9.3,693,354,33,120103
ABalaaapa:105,ABalaaapa,105,30118,5118,1777,1757,4583,11.0,693,357,31,120721
ABalaaapp:95,ABalaaapp,95,27389,2389,-807,-892,1894,8.8,638,397,36,173391
ABalaaapp:96,ABalaaapp,96,29086,4086,738,701,3885,8.0,640,392,34,139910
ABalaaapp:97,ABalaaapp,97,29592,4592,1027,986,4225,7.2,630,385,36,164932
ABalaaapp:98,ABalaaapp,98,29000,4000,744,764,3710,7.1,625,382,36,154309
ABalaaapp:99,ABalaaapp,99,31261,6261,2714,2818,5910,7.0,626,380,34,130739
ABalaaapp:100,ABalaaapp,100,29886,4886,687,510,4660,6.2,630,385,36,151926
ABalaaapp:101,ABalaaapp,101,29915,4915,888,983,4494,6.3,641,383,37,154463
ABalaaapp:102,ABalaaapp,102,32032,7032,3332,3443,6615,7.0,641,381,32,128645
ABalaaapp:103,ABalaaapp,103,30404,5404,1654,1564,5213,6.2,647,376,36,155724
ABalaaapp:104,ABalaaapp,104,29725,4725,1034,1068,4327,7.1,652,375,35,143820
ABalaaapp:105,ABalaaapp,105,31459,6459,2483,2434,6201,7.2,656,381,33,128250
ABalaap:49,ABalaap,49,27971,2971,79,44,2969,14.2,682,299,53,573256
ABalaap:50,ABalaap,50,28197,3197,227,249,3179,15.1,677,288,53,561024
ABalaap:51,ABalaap,51,28025,3025,120,152,3003,15.3,667,283,55,594581
ABalaap:52,ABalaap,52,27933,2933,64,40,2933,15.0,660,276,53,569499
ABalaap:53,ABalaap,53,28004,3004,3,37,2971,15.2,672,273,54,685669
ABalaap:54,ABalaap,54,27684,2684,-334,-308,2658,15.9,684,275,54,733279
ABalaap:55,ABalaap,55,27779,2779,-325,-324,2771,16.8,681,283,54,765153
ABalaap:56,ABalaap,56,28463,3463,631,639,3439,16.1,686,287,54,735828
ABalaap:57,ABalaap,57,28467,3467,582,590,3345,16.0,686,287,51,650791
ABalaap:58,ABalaap,58,28156,3156,-139,-142,3120,16.9,685,292,53,692628
ABalaap:59,ABalaap,59,27934,2934,31,28,2912,16.9,680,293,53,717119
ABalaap:60,ABalaap,60,28724,3724,843,821,3703,16.2,674,296,57,865755
ABalaap:61,ABalaap,61,28282,3282,244,243,3278,16.1,666,296,54,786985
ABalaap:62,ABalaap,62,28424,3424,311,307,3423,15.9,663,299,54,795956
ABalaap:63,ABalaap,63,28328,3328,403,404,3328,14.8,650,302,54,629966
ABalaap:64,ABalaap,64,28300,3300,324,332,3300,14.2,647,302,56,652889
ABalaap:65,ABalaap,65,28151,3151,364,372,3151,14.9,649,301,54,613879
ABalaap:66,ABalaap,66,28047,3047,263,274,3046,14.1,645,314,54,659256
ABalaap:67,ABalaap,67,28202,3202,164,181,3185,13.2,639,312,53,631720
ABalaap:68,ABalaap,68,28321,3321,404,402,3233,12.4,634,313,52,549235
ABalaap:69,ABalaap,69,28240,3240,395,395,3168,12.8,633,315,47,410235
ABalaapa:70,ABalaapa,70,27211,2211,-828,-797,2012,14.1,656,306,35,182732
ABalaapa:71,ABalaapa,71,27551,2551,-625,-612,2449,14.2,662,311,40,229072
ABalaapa:72,ABalaapa,72,28636,3636,750,742,3561,15.0,668,305,42,235509
ABalaapa:73,ABalaapa,73,29261,4261,1521,1521,4173,14.9,668,314,43,251252
ABalaapa:74,ABalaapa,74,28580,3580,936,930,3433,15.1,669,315,44,293388
ABalaapa:75,ABalaapa,75,28699,3699,732,733,3611,15.0,659,320,44,314684
ABalaapa:76,ABalaapa,76,28890,3890,1122,1180,3435,14.1,663,332,44,313904
ABalaapa:77,ABalaapa,77,28683,3683,913,969,3103,13.0,665,335,44,312888
ABalaapa:78,ABalaapa,78,29221,4221,1275,1349,3660,13.0,666,337,43,291441
ABalaapa:79,ABalaapa,79,29855,4855,1726,1725,4230,13.1,662,337,43,306990
ABalaapa:80,ABalaapa,80,29676,4676,1523,1664,4306,13.0,663,336,46,378316
ABalaapa:81,ABalaapa,81,28425,3425,236,342,2869,12.1,658,338,46,367442
ABalaapa:82,ABalaapa,82,28555,3555,613,731,3234,12.1,651,340,44,326424
ABalaapa:83,ABalaapa,83,28709,3709,711,818,3530,11.9,640,347,44,322096
ABalaapa:84,ABalaapa,84,28341,3341,345,480,3252,12.0,634,342,46,377399
ABalaapa:85,ABalaapa,85,29370,4370,1176,1194,4328,12.9,624,342,44,313442
ABalaapa:86,ABalaapa,86,29355,4355,1409,1463,4229,12.9,624,355,44,338964
ABalaapa:87,ABalaapa,87,29678,4678,1576,1706,4467,12.0,615,365,44,350483
ABalaapa:88,ABalaapa,88,28752,3752,415,569,3196,12.2,611,376,46,397664
ABalaapa:89,ABalaapa,89,28223,3223,360,508,2851,12.1,612,387,45,371462
ABalaapa:90,ABalaapa,90,28795,3795,502,579,3252,12.9,625,395,43,265920
ABalaapa:91,ABalaapa,91,29967,4967,1920,1947,4372,12.0,639,400,44,306820
ABalaapa:92,ABalaapa,92,29298,4298,1527,1710,3989,12.2,633,408,44,289610
ABalaapa:93,ABalaapa,93,29381,4381,1668,1669,4039,13.0,631,410,42,280363
ABalaapa:94,ABalaapa,94,30145,5145,2206,2217,4807,14.0,643,397,42,285563
ABalaapa:95,ABalaapa,95,29594,4594,1640,1724,3840,13.2,638,392,40,250909
ABalaapa:96,ABalaapa,96,27888,2888,-402,-366,1985,13.0,633,393,36,223341
ABalaapa:97,ABalaapa,97,27788,2788,-247,-262,2267,13.0,627,389,34,204321
ABalaapaa:98,ABalaapaa,98,29512,4512,1666,1657,4083,13.0,646,383,34,156237
ABalaapaa:99,ABalaapaa,99,29155,4155,1088,1079,3828,13.1,653,382,34,150994
ABalaapaa:100,ABalaapaa,100,29127,4127,1771,1775,3923,13.1,656,383,36,153611
ABalaapaa:101,ABalaapaa,101,29275,4275,1596,1608,4021,12.3,664,389,37,135479
ABalaapaa:102,ABalaapaa,102,29051,4051,1653,1697,3750,12.3,669,389,36,143829
ABalaapaa:103,ABalaapaa,103,28897,3897,700,698,3391,12.0,663,389,36,178077
ABalaapaa:104,ABalaapaa,104,30281,5281,2566,2533,4709,12.1,669,393,35,140823
ABalaapaa:105,ABalaapaa,105,28233,3233,240,293,2367,14.0,666,390,35,141205
ABalaapap:98,ABalaapap,98,27437,2437,-651,-654,2058,13.0,599,395,34,153333
ABalaapap:99,ABalaapap,99,28782,3782,447,416,3508,13.0,594,398,34,153706
ABalaapap:100,ABalaapap,100,28986,3986,1368,1352,3447,13.0,596,396,34,144631
ABalaapap:101,ABalaapap,101,30312,5312,1968,1988,4693,12.1,599,394,37,175244
ABalaapap:102,ABalaapap,102,29981,4981,2291,2366,4516,11.1,599,409,36,185416
ABalaapap:103,ABalaapap,103,28870,3870,1035,1206,3339,10.3,598,421,36,173198
ABalaapap:104,ABalaapap,104,28745,3745,991,1240,3027,9.1,604,418,35,149894
ABalaapap:105,ABalaapap,105,29944,4944,2523,2656,4647,10.0,608,419,35,151341
ABalaapp:70,ABalaapp,70,28077,3077,-240,-279,2966,12.0,619,308,35,181590
ABalaapp:71,ABalaapp,71,27618,2618,-737,-695,2580,12.1,611,305,34,152804
ABalaapp:72,ABalaapp,72,28359,3359,415,412,3317,12.1,612,305,42,250481
ABalaapp:73,ABalaapp,73,28225,3225,564,573,3178,12.0,601,307,43,243939
ABalaapp:74,ABalaapp,74,28904,3904,860,918,3418,11.3,590,306,48,327062
ABalaapp:75,ABalaapp,75,28453,3453,368,441,3130,12.0,590,301,44,274226
ABalaapp:76,ABalaapp,76,28289,3289,452,549,3187,12.0,594,307,44,284968
ABalaapp:77,ABalaapp,77,28883,3883,966,1067,3719,13.0,589,315,44,287999
ABalaapp:78,ABalaapp,78,29032,4032,1162,1214,3719,13.0,590,319,30,127298
ABalaapp:79,ABalaapp,79,27844,2844,273,430,2095,13.1,580,320,45,290751
ABalaapp:80,ABalaapp,80,28308,3308,485,464,3124,14.0,588,326,44,286185
ABalaapp:81,ABalaapp,81,29008,4008,1174,1143,3550,13.0,587,339,44,281487
ABalaapp:82,ABalaapp,82,29149,4149,1180,1184,3837,13.0,574,347,44,292183
ABalaapp:83,ABalaapp,83,28594,3594,690,736,3467,13.0,569,367,44,321060
ABalaapp:84,ABalaapp,84,29338,4338,1514,1569,4064,12.2,562,373,46,385527
ABalaapp:85,ABalaapp,85,29132,4132,948,906,3794,12.0,566,391,44,329275
ABalaapp:86,ABalaapp,86,29402,4402,1428,1480,4049,12.1,558,391,44,353254
ABalaapp:87,ABalaapp,87,28698,3698,905,907,3510,11.9,558,393,44,333382
ABalaapp:88,ABalaapp,88,28498,3498,542,563,3343,12.0,556,396,46,409889
ABalaapp:89,ABalaapp,89,29417,4417,1615,1602,4361,11.1,558,408,45,347100
ABalaapp:90,ABalaapp,90,29349,4349,1674,1659,4312,11.1,562,417,45,293296
ABalaapp:91,ABalaapp,91,28460,3460,428,433,3060,12.9,563,412,42,274372
ABalaapp:92,ABalaapp,92,29469,4469,1340,1329,4177,12.9,564,406,40,267530
ABalaapp:93,ABalaapp,93,27199,2199,-1417,-1417,1174,12.1,563,408,32,178543
ABalaappa:94,ABalaappa,94,27117,2117,-770,-770,1860,11.1,600,415,30,136387
ABalaappa:95,ABalaappa,95,29139,4139,1378,1380,3949,10.1,605,421,34,153841
ABalaappa:96,ABalaappa,96,29023,4023,1451,1460,3928,10.0,602,420,34,152560
ABalaappa:97,ABalaappa,97,29712,4712,2042,2060,4618,8.9,597,419,34,141067
ABalaappa:98,ABalaappa,98,29512,4512,1955,1931,4377,8.1,600,418,34,147436
ABalaappa:99,ABalaappa,99,29785,4785,1662,1697,4375,8.1,608,412,34,148128
ABalaappa:100,ABalaappa,100,28612,3612,602,739,3109,8.1,607,407,36,176835
ABalaappa:101,ABalaappa,101,29851,4851,544,678,4392,6.2,610,396,37,160246
ABalaappa:102,ABalaappa,102,31230,6230,1581,1635,5884,5.3,605,386,36,145528
ABalaappa:103,ABalaappa,103,28693,3693,-651,-581,3376,6.1,607,384,36,170359
ABalaappa:104,ABalaappa,104,30336,5336,775,768,5082,5.2,614,378,35,135483
ABalaappa:105,ABalaappa,105,31084,6084,1387,1389,5830,5.2,615,381,35,123526
ABalaappp:94,ABalaappp,94,27439,2439,-1224,-1280,1840,11.4,555,394,34,125791
ABalaappp:95,ABalaappp,95,27835,2835,-475,-500,2427,11.0,555,402,36,157654
ABalaappp:96,ABalaappp,96,28843,3843,1153,1136,3557,10.3,560,394,38,147663
ABalaappp:97,ABalaappp,97,28943,3943,917,859,3765,10.3,551,394,38,152114
ABalaappp:98,ABalaappp,98,29280,4280,1367,1424,4056,9.3,552,399,36,152328
ABalaappp:99,ABalaappp,99,28610,3610,647,632,3397,9.2,555,403,38,165156
ABalaappp:100,ABalaappp,100,29094,4094,751,822,3906,10.0,558,392,34,136832
ABalaappp:101,ABalaappp,101,29081,4081,1015,1024,3746,9.3,562,381,37,144986
ABalaappp:102,ABalaappp,102,29280,4280,1174,1223,3916,9.3,562,370,36,144076
ABalaappp:103,ABalaappp,103,29835,4835,1063,1282,2961,10.1,584,378,36,170397
ABalaappp:104,ABalaappp,104,29853,4853,1361,1375,3891,10.1,598,377,35,141973
ABalaappp:105,ABalaappp,105,29399,4399,861,973,3135,10.0,604,378,35,141977
ABalap:31,ABalap,31,27452,2452,-850,-852,2449,9.0,631,369,49,544436
ABalap:32,ABalap,32,27714,2714,-348,-326,2714,10.2,632,366,55,653840
ABalap:33,ABalap,33,28321,3321,318,312,3321,11.2,628,370,61,826574
ABalap:34,ABalap,34,28357,3357,212,206,3357,11.9,619,375,59,860560
ABalap:35,ABalap,35,27995,2995,-187,-187,2995,10.9,626,376,60,1004134
ABalap:36,ABalap,36,28087,3087,36,37,3087,10.9,621,384,60,1049529
ABalap:37,ABalap,37,28768,3768,692,693,3768,10.9,624,389,59,1043919
ABalap:38,ABalap,38,28332,3332,348,348,3332,10.4,618,392,61,1102633
ABalap:39,ABalap,39,28295,3295,43,43,3295,10.7,614,392,60,1109600
ABalap:40,ABalap,40,28317,3317,-26,-26,3317,9.7,619,386,60,1055956
ABalap:41,ABalap,41,28269,3269,-8,-9,3269,9.0,613,380,61,1114749
ABalap:42,ABalap,42,28441,3441,237,238,3441,9.7,620,372,62,1130583
ABalap:43,ABalap,43,28693,3693,395,396,3693,9.8,614,378,61,1171879
ABalap:44,ABalap,44,27761,2761,-698,-698,2761,9.6,614,381,61,1086839
ABalap:45,ABalap,45,28213,3213,-60,-59,3213,9.7,619,369,61,1149763
ABalap:46,ABalap,46,28158,3158,-11,-4,3158,9.7,620,363,60,1158387
ABalap:47,ABalap,47,28137,3137,-346,-363,3137,8.3,621,360,62,975518
ABalap:48,ABalap,48,27525,2525,-1228,-1228,2525,8.1,615,370,54,835603
ABalapa:49,ABalapa,49,26942,1942,-1332,-1340,1933,7.3,644,370,39,304062
ABalapa:50,ABalapa,50,28330,3330,173,183,3326,8.9,652,353,53,570751
ABalapa:51,ABalapa,51,28577,3577,215,217,3577,9.0,652,357,53,556576
ABalapa:52,ABalapa,52,28962,3962,616,623,3962,7.4,650,355,55,585671
ABalapa:53,ABalapa,53,28143,3143,-124,-103,3139,8.3,658,359,54,683619
ABalapa:54,ABalapa,54,28843,3843,657,711,3840,8.0,659,357,54,702250
ABalapa:55,ABalapa,55,28617,3617,349,347,3605,9.0,650,356,54,730355
ABalapa:56,ABalapa,56,28695,3695,386,398,3685,8.2,650,356,54,740621
ABalapa:57,ABalapa,57,28716,3716,465,536,3705,9.2,648,358,53,686296
ABalapa:58,ABalapa,58,29330,4330,1169,1159,4327,9.0,640,366,53,699415
ABalapa:59,ABalapa,59,29039,4039,916,897,4035,9.1,644,363,53,700614
ABalapa:60,ABalapa,60,29018,4018,833,852,4017,8.0,641,358,53,681989
ABalapa:61,ABalapa,61,29112,4112,587,600,4112,8.1,639,356,54,757079
ABalapa:62,ABalapa,62,28232,3232,-335,-329,3231,8.1,645,361,54,758764
ABalapa:63,ABalapa,63,28354,3354,166,145,3353,8.8,637,363,54,599932
ABalapa:64,ABalapa,64,28417,3417,129,130,3414,8.8,640,365,54,621672
ABalapa:65,ABalapa,65,28866,3866,683,691,3862,8.9,643,373,54,672842
ABalapa:66,ABalapa,66,29128,4128,867,878,4128,9.1,635,372,54,650608
ABalapa:67,ABalapa,67,28787,3787,562,552,3787,9.9,639,373,53,636382
ABalapa:68,ABalapa,68,27426,2426,-755,-755,2426,9.0,637,377,38,298909
ABalapaa:69,ABalapaa,69,27718,2718,-545,-595,2651,8.0,657,375,31,171380
ABalapaa:70,ABalapaa,70,28397,3397,340,378,3386,7.3,666,369,37,201223
ABalapaa:71,ABalapaa,71,30340,5340,2039,2034,5326,6.9,662,362,42,242004
ABalapaa:72,ABalapaa,72,29287,4287,848,841,4245,7.1,671,347,44,261199
ABalapaa:73,ABalapaa,73,28980,3980,1057,1085,3930,8.0,672,348,43,254295
ABalapaa:74,ABalapaa,74,29625,4625,1637,1653,4555,8.8,671,344,44,282186
ABalapaa:75,ABalapaa,75,29514,4514,1345,1389,4478,8.1,671,347,44,283044
ABalapaa:76,ABalapaa,76,30005,5005,1891,1880,4933,8.1,674,342,44,303046
ABalapaa:77,ABalapaa,77,29509,4509,1245,1241,4457,7.0,670,346,44,290295
ABalapaa:78,ABalapaa,78,29510,4510,1203,1203,4473,7.0,662,349,43,262243
ABalapaa:79,ABalapaa,79,29857,4857,1507,1507,4848,7.0,656,338,43,274930
ABalapaa:80,ABalapaa,80,28829,3829,520,519,3826,6.9,652,329,44,296019
ABalapaa:81,ABalapaa,81,29836,4836,1403,1433,4760,7.0,645,327,44,293602
ABalapaa:82,ABalapaa,82,29570,4570,1228,1218,4566,6.1,646,320,44,295143
ABalapaa:83,ABalapaa,83,29105,4105,641,629,4099,6.1,644,312,44,291368
ABalapaa:84,ABalapaa,84,30047,5047,1338,1364,5036,6.1,641,303,44,303400
ABalapaa:85,ABalapaa,85,29594,4594,1035,1031,4585,6.2,645,302,46,337040
ABalapaa:86,ABalapaa,86,30135,5135,1745,1739,5126,6.0,641,302,44,315254
ABalapaa:87,ABalapaa,87,30403,5403,1780,1773,5391,5.4,651,300,46,339961
ABalapaa:88,ABalapaa,88,31278,6278,3086,3061,6233,5.3,652,307,46,341259
ABalapaa:89,ABalapaa,89,30596,5596,2151,2155,5568,6.0,641,318,45,332079
ABalapaa:90,ABalapaa,90,30986,5986,2373,2375,5957,5.2,642,318,47,280899
ABalapaa:91,ABalapaa,91,30540,5540,1935,1940,5516,6.1,646,312,46,316592
ABalapaa:92,ABalapaa,92,29721,4721,1196,1156,4625,7.1,652,315,44,274974
ABalapaa:93,ABalapaa,93,29602,4602,968,951,4390,7.1,646,318,42,265398
ABalapaa:94,ABalapaa,94,28817,3817,38,34,3428,7.0,645,312,38,218567
ABalapaa:95,ABalapaa,95,28217,3217,-638,-653,3084,6.9,655,318,36,232725
ABalapaaa:96,ABalapaaa,96,28960,3960,510,571,3339,7.9,674,334,34,150872
ABalapaaa:97,ABalapaaa,97,29006,4006,856,938,3572,8.0,680,334,34,144013
ABalapaaa:98,ABalapaaa,98,29602,4602,1528,1634,4168,7.2,676,336,35,144013
ABalapaaa:99,ABalapaaa,99,30267,5267,1719,1654,4628,6.3,671,338,36,161306
ABalapaaa:100,ABalapaaa,100,28971,3971,248,325,3389,6.2,672,333,38,177343
ABalapaaa:101,ABalapaaa,101,30382,5382,1634,1695,4741,6.1,667,326,37,168129
ABalapaaa:102,ABalapaaa,102,29103,4103,516,550,3647,6.2,665,324,34,136270
ABalapaaa:103,ABalapaaa,103,31142,6142,1808,1741,5757,5.3,667,321,34,113206
ABalapaaa:104,ABalapaaa,104,30298,5298,1422,1570,4619,6.3,675,308,35,134929
ABalapaaa:105,ABalapaaa,105,29900,4900,952,1085,3634,7.0,681,305,35,155761
ABalapaap:96,ABalapaap,96,27748,2748,-1323,-1411,2381,6.0,660,283,34,134511
ABalapaap:97,ABalapaap,97,28485,3485,48,60,3153,7.0,675,279,34,130618
ABalapaap:98,ABalapaap,98,30059,5059,1052,1178,4790,6.2,672,273,38,146743
ABalapaap:99,ABalapaap,99,29465,4465,842,989,4085,7.2,664,275,38,155613
ABalapaap:100,ABalapaap,100,30327,5327,1594,1704,4927,7.0,672,271,38,175653
ABalapaap:101,ABalapaap,101,30447,5447,1038,1060,5108,6.2,671,267,37,147786
ABalapaap:102,ABalapaap,102,30711,5711,2069,2289,5247,7.1,666,273,36,159653
ABalapaap:103,ABalapaap,103,29546,4546,694,687,3782,7.1,664,273,36,162519
ABalapaap:104,ABalapaap,104,30728,5728,2479,2628,5324,8.1,668,268,35,139026
ABalapaap:105,ABalapaap,105,29662,4662,980,1060,4158,8.1,668,273,35,151931
ABalapap:69,ABalapap,69,27749,2749,-406,-422,2688,7.4,618,389,33,163669
ABalapap:70,ABalapap,70,28347,3347,-84,-95,3335,7.2,613,379,37,200232
ABalapap:71,ABalapap,71,28809,3809,301,352,3788,7.1,609,368,42,238148
ABalapap:72,ABalapap,72,28849,3849,85,86,3848,7.0,602,369,42,236568
ABalapap:73,ABalapap,73,29188,4188,47,47,4188,6.1,603,376,45,271318
ABalapap:74,ABalapap,74,30504,5504,1782,1782,5497,7.1,599,385,44,285759
ABalapap:75,ABalapap,75,28898,3898,-380,-380,3892,7.0,601,374,44,284613
ABalapap:76,ABalapap,76,29439,4439,669,669,4433,6.9,596,371,44,282334
ABalapap:77,ABalapap,77,29811,4811,996,996,4809,6.2,591,363,44,281919
ABalapap:78,ABalapap,78,29286,4286,291,291,4280,6.1,589,369,43,262571
ABalapap:79,ABalapap,79,29992,4992,749,750,4979,6.1,585,357,43,263402
ABalapap:80,ABalapap,80,29373,4373,495,427,4342,6.9,583,348,44,291462
ABalapap:81,ABalapap,81,28958,3958,-79,-79,3874,6.9,582,341,44,296123
ABalapap:82,ABalapap,82,29731,4731,932,972,4695,7.0,586,336,44,298050
ABalapap:83,ABalapap,83,29617,4617,631,699,4484,6.1,581,323,46,340743
ABalapap:84,ABalapap,84,29859,4859,993,1027,4731,6.0,581,318,44,293579
ABalapap:85,ABalapap,85,29340,4340,53,-32,4223,6.0,585,323,44,311846
ABalapap:86,ABalapap,86,29757,4757,1154,1167,4663,6.2,582,310,44,312651
ABalapap:87,ABalapap,87,30302,5302,1689,1720,4993,6.9,579,303,44,312370
ABalapap:88,ABalapap,88,29488,4488,583,530,4380,7.1,577,301,44,333658
ABalapap:89,ABalapap,89,29676,4676,1181,1148,4650,7.3,575,304,45,299761
ABalapap:90,ABalapap,90,29108,4108,1039,973,4093,8.1,574,308,45,256413
ABalapap:91,ABalapap,91,28227,3227,469,447,3199,9.1,583,305,40,233634
ABalapapa:92,ABalapapa,92,27992,2992,-602,-591,2582,9.9,618,307,40,190412
ABalapapa:93,ABalapapa,93,28189,3189,-357,-230,2598,9.9,623,305,38,185851
ABalapapa:94,ABalapapa,94,28442,3442,377,378,2876,9.1,624,295,38,176194
ABalapapa:95,ABalapapa,95,29870,4870,1500,1502,4055,9.9,623,298,36,156895
ABalapapa:96,ABalapapa,96,29418,4418,1253,1261,3748,9.0,639,300,34,129189
ABalapapa:97,ABalapapa,97,28760,3760,321,326,2889,9.0,645,299,36,172807
ABalapapa:98,ABalapapa,98,29591,4591,1221,1417,2763,8.1,642,298,36,162213
ABalapapa:99,ABalapapa,99,29704,4704,877,1180,2844,8.0,639,298,36,174035
ABalapapa:100,ABalapapa,100,28876,3876,545,728,2674,8.0,637,293,36,170185
ABalapapa:101,ABalapapa,101,30132,5132,1346,1434,3872,8.2,635,284,37,170781
ABalapapa:102,ABalapapa,102,29629,4629,1229,1379,2882,8.2,629,283,36,171856
ABalapapa:103,ABalapapa,103,30222,5222,1888,1971,4084,9.0,634,277,32,127181
ABalapapa:104,ABalapapa,104,29767,4767,834,802,2866,8.1,631,271,35,145137
ABalapapa:105,ABalapapa,105,29500,4500,1328,1466,3548,8.2,627,274,35,141269
ABalapapp:92,ABalapapp,92,27671,2671,-1301,-1205,2381,8.1,583,296,32,126166
ABalapapp:93,ABalapapp,93,28070,3070,-104,-45,2667,8.3,569,292,34,120883
ABalapapp:94,ABalapapp,94,29487,4487,1350,1331,3745,8.8,565,283,38,168548
ABalapapp:95,ABalapapp,95,30157,5157,1495,1523,3810,7.4,563,282,38,151323
ABalapapp:96,ABalapapp,96,29465,4465,478,521,3231,8.1,569,278,34,131810
ABalapapp:97,ABalapapp,97,29717,4717,838,896,3719,7.2,571,279,38,175796
ABalapapp:98,ABalapapp,98,29768,4768,1184,1359,3678,7.3,581,275,38,171080
ABalapapp:99,ABalapapp,99,29720,4720,348,578,3875,7.3,583,267,38,154635
ABalapapp:100,ABalapapp,100,30562,5562,1787,1965,4719,8.1,574,265,38,187041
ABalapapp:101,ABalapapp,101,29597,4597,856,935,3720,8.2,577,256,37,168792
ABalapapp:102,ABalapapp,102,30007,5007,1606,1654,4283,9.0,574,249,36,161321
ABalapapp:103,ABalapapp,103,29190,4190,618,640,3445,8.3,570,250,36,143592
ABalapapp:104,ABalapapp,104,31251,6251,2803,2809,5460,9.1,565,245,35,135675
ABalapapp:105,ABalapapp,105,29809,4809,1292,1339,4007,9.1,560,253,35,154087
ABalapp:49,ABalapp,49,26979,1979,-1041,-1042,1956,11.1,609,349,39,318356
ABalapp:50,ABalapp,50,28130,3130,194,235,3051,12.1,603,333,53,544502
ABalapp:51,ABalapp,51,28050,3050,41,56,2992,12.9,597,332,53,526839
ABalapp:52,ABalapp,52,28197,3197,341,346,3161,12.9,588,327,53,547071
ABalapp:53,ABalapp,53,28386,3386,352,352,3386,12.9,586,316,54,641359
ABalapp:54,ABalapp,54,28245,3245,263,263,3231,12.9,590,310,54,691457
ABalapp:55,ABalapp,55,28304,3304,407,407,3282,13.1,591,311,54,687429
ABalapp:56,ABalapp,56,28155,3155,347,347,3112,13.0,593,322,54,703180
ABalapp:57,ABalapp,57,27679,2679,-156,-146,2658,13.1,587,324,53,648610
ABalapp:58,ABalapp,58,28385,3385,544,544,3385,14.1,589,324,53,669429
ABalapp:59,ABalapp,59,28207,3207,360,360,3207,13.9,589,325,53,650544
ABalapp:60,ABalapp,60,28669,3669,608,622,3655,13.1,588,333,53,684373
ABalapp:61,ABalapp,61,28777,3777,832,839,3772,13.1,581,334,54,740698
ABalapp:62,ABalapp,62,28167,3167,179,179,3166,13.0,581,338,54,774245
ABalapp:63,ABalapp,63,27968,2968,190,201,2968,13.1,580,333,54,606305
ABalapp:64,ABalapp,64,28690,3690,924,922,3689,13.0,573,337,54,605773
ABalapp:65,ABalapp,65,28046,3046,195,194,3044,13.0,570,331,54,623065
ABalapp:66,ABalapp,66,28705,3705,864,863,3705,12.8,561,328,54,635059
ABalapp:67,ABalapp,67,28352,3352,457,456,3352,12.0,561,334,53,590321
ABalapp:68,ABalapp,68,27957,2957,-189,-191,2910,10.2,557,331,44,308147
ABalapp:69,ABalapp,69,28541,3541,487,487,3314,11.2,561,327,35,250008
ABalappa:70,ABalappa,70,27817,2817,-265,-277,2525,12.2,571,326,37,198772
ABalappa:71,ABalappa,71,28130,3130,422,426,3060,13.9,566,329,42,222676
ABalappa:72,ABalappa,72,28222,3222,527,468,3197,15.0,564,327,42,227078
ABalappa:73,ABalappa,73,28242,3242,362,391,3138,14.0,559,325,43,229850
ABalappa:74,ABalappa,74,28385,3385,489,492,3281,14.0,554,329,44,264613
ABalappa:75,ABalappa,75,29198,4198,1229,1250,4087,13.1,558,337,44,265760
ABalappa:76,ABalappa,76,28704,3704,1061,1158,3576,12.1,557,331,44,284108
ABalappa:77,ABalappa,77,28839,3839,646,696,3660,11.1,554,326,44,294368
ABalappa:78,ABalappa,78,28664,3664,730,827,3177,10.9,561,327,43,287003
ABalappa:79,ABalappa,79,28979,3979,1117,1124,3380,10.1,561,316,45,314859
ABalappa:80,ABalappa,80,28193,3193,-12,40,3077,10.0,560,311,44,315549
ABalappa:81,ABalappa,81,28487,3487,466,585,3308,10.0,566,307,44,321338
ABalappa:82,ABalappa,82,28601,3601,481,541,3472,10.8,559,305,44,305834
ABalappa:83,ABalappa,83,28945,3945,950,1005,3585,10.0,560,310,44,324166
ABalappa:84,ABalappa,84,28773,3773,816,933,3305,10.1,558,314,44,316273
ABalappa:85,ABalappa,85,28667,3667,395,497,3413,10.1,558,316,44,316968
ABalappa:86,ABalappa,86,29721,4721,1964,1999,4313,11.0,562,309,44,313871
ABalappa:87,ABalappa,87,29905,4905,1901,2017,4295,11.0,566,318,44,314452
ABalappa:88,ABalappa,88,28819,3819,630,761,3526,10.2,564,332,44,329927
ABalappa:89,ABalappa,89,28843,3843,893,983,3288,10.0,564,350,43,324132
ABalappa:90,ABalappa,90,28458,3458,398,448,2925,10.1,568,356,47,316221
ABalappa:91,ABalappa,91,28353,3353,336,391,2639,10.1,582,357,44,254943
ABalappa:92,ABalappa,92,29774,4774,1760,1869,3316,10.0,592,355,40,243489
ABalappa:93,ABalappa,93,29126,4126,989,982,3250,10.0,590,351,40,248402
ABalappa:94,ABalappa,94,29505,4505,1539,1541,4396,9.9,607,351,38,240152
ABalappa:95,ABalappa,95,28085,3085,-163,-160,2937,10.0,609,358,36,221417
ABalappaa:96,ABalappaa,96,27717,2717,-287,-215,2310,9.0,630,352,30,110001
ABalappaa:97,ABalappaa,97,28928,3928,756,824,3387,8.4,643,348,30,108027
ABalappaa:98,ABalappaa,98,28701,3701,-173,59,3411,8.0,644,348,34,140379
ABalappaa:99,ABalappaa,99,28904,3904,592,651,3106,9.0,644,345,34,142001
ABalappaa:100,ABalappaa,100,28137,3137,-92,-96,2587,9.0,647,344,38,183956
ABalappaa:101,ABalappaa,101,30164,5164,2100,2142,4518,9.0,645,342,33,130000
ABalappaa:102,ABalappaa,102,29525,4525,1406,1348,3743,9.0,646,343,32,136652
ABalappaa:103,ABalappaa,103,28887,3887,-141,111,2766,8.1,648,337,34,152951
ABalappaa:104,ABalappaa,104,30133,5133,1429,1555,4626,7.1,651,335,31,119853
ABalappaa:105,ABalappaa,105,29804,4804,1711,1710,4545,7.0,652,339,31,123283
ABalappap:96,ABalappap,96,27846,2846,-69,-73,2476,9.8,599,346,34,138402
ABalappap:97,ABalappap,97,27475,2475,-1321,-1199,2048,9.8,589,344,34,140380
ABalappap:98,ABalappap,98,29302,4302,1230,1242,3932,9.0,589,341,34,136103
ABalappap:99,ABalappap,99,28943,3943,572,639,2965,8.2,582,336,38,163841
ABalappap:100,ABalappap,100,29560,4560,1466,1504,3877,10.0,587,340,36,159950
ABalappap:101,ABalappap,101,29914,4914,1779,1834,3777,9.1,590,340,37,165935
ABalappap:102,ABalappap,102,29272,4272,1101,1144,3637,9.1,596,335,34,142532
ABalappap:103,ABalappap,103,28955,3955,420,550,3022,8.4,594,331,36,141548
ABalappap:104,ABalappap,104,29823,4823,1519,1496,4527,9.2,604,329,35,148040
ABalappap:105,ABalappap,105,29004,4004,644,686,3692,8.3,598,331,35,124927
ABalappp:70,ABalappp,70,27704,2704,-664,-678,2070,11.1,523,332,33,164278
ABalappp:71,ABalappp,71,28780,3780,869,843,3661,11.9,514,332,42,230795
ABalappp:72,ABalappp,72,28397,3397,330,333,3360,12.0,502,332,46,272802
ABalappp:73,ABalappp,73,29814,4814,1938,1938,4681,11.0,495,336,45,248547
ABalappp:74,ABalappp,74,29019,4019,1199,1234,3938,10.1,487,337,44,269311
ABalappp:75,ABalappp,75,28600,3600,508,515,3475,10.1,494,336,44,275287
ABalappp:76,ABalappp,76,29314,4314,1411,1411,4283,10.0,487,328,44,285505
ABalappp:77,ABalappp,77,29416,4416,1537,1551,4323,10.0,491,319,44,284964
ABalappp:78,ABalappp,78,28741,3741,558,615,3553,10.2,491,314,45,283223
ABalappp:79,ABalappp,79,28943,3943,977,977,3929,10.9,485,307,43,259589
ABalappp:80,ABalappp,80,28794,3794,754,751,3730,11.1,487,299,44,275928
ABalappp:81,ABalappp,81,28803,3803,769,800,3679,11.0,484,299,46,344655
ABalappp:82,ABalappp,82,28250,3250,401,450,3230,11.0,483,296,46,351623
ABalappp:83,ABalappp,83,28359,3359,214,234,3196,11.1,483,302,44,292569
ABalappp:84,ABalappp,84,28445,3445,441,444,3258,11.0,487,309,46,352782
ABalappp:85,ABalappp,85,29225,4225,1109,1103,4004,10.9,492,318,44,290437
ABalappp:86,ABalappp,86,28604,3604,666,697,3287,10.1,495,314,44,315054
ABalappp:87,ABalappp,87,29543,4543,1399,1417,4360,10.9,498,312,44,317718
ABalappp:88,ABalappp,88,29420,4420,1264,1351,3253,11.0,501,322,44,324740
ABalappp:89,ABalappp,89,28862,3862,913,989,3592,12.0,508,328,47,390080
ABalappp:90,ABalappp,90,28261,3261,315,312,2980,12.0,506,327,43,250725
ABalappp:91,ABalappp,91,28943,3943,911,906,3666,11.1,513,332,44,257051
ABalappp:92,ABalappp,92,28519,3519,264,338,3003,10.1,524,330,40,229145
ABalappp:93,ABalappp,93,27907,2907,-266,-266,2529,10.2,521,332,38,242323
ABalapppa:94,ABalapppa,94,28355,3355,210,210,3051,10.3,548,336,32,120751
ABalapppa:95,ABalapppa,95,28689,3689,534,534,3503,10.9,549,337,36,147852
ABalapppa:96,ABalapppa,96,29108,4108,977,933,3711,10.1,558,340,38,163590
ABalapppa:97,ABalapppa,97,29940,4940,1642,1619,4720,9.8,551,336,34,126294
ABalapppa:98,ABalapppa,98,28611,3611,292,304,3357,8.9,550,338,34,131004
ABalapppa:99,ABalapppa,99,29512,4512,1302,1334,4087,8.0,546,341,36,157050
ABalapppa:100,ABalapppa,100,28910,3910,422,398,3182,7.4,557,335,36,140334
ABalapppa:101,ABalapppa,101,29982,4982,1665,1920,4449,8.2,555,338,37,167465
ABalapppa:102,ABalapppa,102,28672,3672,-242,12,2127,7.3,559,332,36,154904
ABalapppa:103,ABalapppa,103,29366,4366,975,1062,2567,8.1,560,334,36,177111
ABalapppa:104,ABalapppa,104,30034,5034,1410,1543,2520,7.1,568,342,35,139208
ABalapppa:105,ABalapppa,105,29391,4391,678,873,2970,7.1,562,349,35,148347
ABalapppp:94,ABalapppp,94,29713,4713,1832,1830,4519,9.3,491,337,34,121389
ABalapppp:95,ABalapppp,95,27976,2976,-52,-53,2913,9.9,486,336,36,142393
ABalapppp:96,ABalapppp,96,28867,3867,869,869,3788,9.2,488,342,38,145521
ABalapppp:97,ABalapppp,97,28193,3193,429,490,2995,8.4,485,341,36,123234
ABalapppp:98,ABalapppp,98,29677,4677,1675,1666,4385,9.1,485,344,36,149782
ABalapppp:99,ABalapppp,99,29855,4855,1540,1544,4479,9.1,485,343,36,149738
ABalapppp:100,ABalapppp,100,29313,4313,1076,1073,3958,8.4,483,343,36,133508
ABalapppp:101,ABalapppp,101,31226,6226,2448,2444,5875,8.2,482,330,35,123648
ABalapppp:102,ABalapppp,102,29404,4404,1023,999,4095,9.0,484,324,36,163457
ABalapppp:103,ABalapppp,103,29437,4437,1160,1229,3744,8.3,488,323,36,154169
ABalapppp:104,ABalapppp,104,29630,4630,1535,1589,3555,9.0,493,329,35,140086
ABalapppp:105,ABalapppp,105,29531,4531,972,1080,2415,8.1,491,327,35,130490
ABalp:18,ABalp,18,27537,2537,-578,-616,2450,16.6,639,260,78,1482857
ABalp:19,ABalp,19,28125,3125,-54,-85,3125,15.1,650,251,78,1296868
ABalp:20,ABalp,20,28088,3088,-35,-31,3088,16.7,611,260,75,1179890
ABalp:21,ABalp,21,27681,2681,-373,-373,2681,18.7,591,244,75,1297025
ABalp:22,ABalp,22,28093,3093,-184,-184,3093,17.3,574,222,75,1512271
ABalp:23,ABalp,23,28340,3340,13,13,3340,15.8,586,209,73,1628575
ABalp:24,ABalp,24,28221,3221,139,139,3221,12.9,614,217,71,1671504
ABalp:25,ABalp,25,28392,3392,144,144,3392,12.6,609,214,70,1742128
ABalp:26,ABalp,26,28769,3769,492,492,3769,13.6,614,209,66,1561328
ABalp:27,ABalp,27,27929,2929,-191,-191,2929,14.6,627,211,70,1999610
ABalp:28,ABalp,28,27978,2978,-7,-7,2978,16.6,626,212,65,1633303
ABalp:29,ABalp,29,27752,2752,-286,-286,2752,17.6,615,217,65,1167178
ABalpa:30,ABalpa,30,27009,2009,-44,-156,1685,19.1,621,248,40,340000
ABalpa:31,ABalpa,31,27381,2381,-591,-596,2381,18.6,649,236,57,665706
ABalpa:32,ABalpa,32,28336,3336,446,434,3336,17.9,647,239,55,607724
ABalpa:33,ABalpa,33,28078,3078,104,107,3078,17.1,649,235,59,743383
ABalpa:34,ABalpa,34,27826,2826,-190,-190,2826,17.3,651,231,61,885125
ABalpa:35,ABalpa,35,28550,3550,666,666,3550,17.7,652,231,60,980216
ABalpa:36,ABalpa,36,28258,3258,127,127,3258,17.0,653,232,60,1091167
ABalpa:37,ABalpa,37,28425,3425,368,368,3425,16.7,659,236,59,1010168
ABalpa:38,ABalpa,38,28518,3518,235,235,3518,14.1,676,245,61,1113886
ABalpa:39,ABalpa,39,28435,3435,126,126,3435,14.0,675,246,60,1148024
ABalpa:40,ABalpa,40,28630,3630,344,344,3630,14.9,675,250,60,1156011
ABalpa:41,ABalpa,41,28683,3683,578,578,3683,15.2,676,245,63,1252692
ABalpa:42,ABalpa,42,28401,3401,-107,-107,3401,15.9,663,240,62,1269901
ABalpa:43,ABalpa,43,28194,3194,135,135,3194,15.8,663,243,61,1181231
ABalpa:44,ABalpa,44,28433,3433,230,230,3433,15.9,668,246,61,1232262
ABalpa:45,ABalpa,45,28335,3335,249,249,3335,15.1,661,242,63,1321244
ABalpa:46,ABalpa,46,28017,3017,-24,-24,3017,15.2,660,242,64,1415529
ABalpa:47,ABalpa,47,27998,2998,101,101,2998,15.0,662,243,62,897241
ABalpa:48,ABalpa,48,27128,2128,-1116,-1116,2128,15.2,660,255,48,678579
ABalpaa:49,ABalpaa,49,27952,2952,-531,-546,2950,12.1,670,239,39,323746
ABalpaa:50,ABalpaa,50,28776,3776,576,541,3771,12.0,665,232,53,569559
ABalpaa:51,ABalpaa,51,28483,3483,455,428,3479,12.1,670,232,53,594583
ABalpaa:52,ABalpaa,52,27971,2971,-212,-190,2967,10.4,677,230,55,636162
ABalpaa:53,ABalpaa,53,28881,3881,978,927,3873,10.8,683,233,54,697679
ABalpaa:54,ABalpaa,54,28711,3711,313,335,3703,10.0,688,248,54,709023
ABalpaa:55,ABalpaa,55,28300,3300,-40,-42,3300,9.4,687,254,52,635962
ABalpaa:56,ABalpaa,56,28518,3518,275,275,3518,9.2,690,257,52,617529
ABalpaa:57,ABalpaa,57,29686,4686,1297,1280,4678,10.0,689,262,53,669980
ABalpaa:58,ABalpaa,58,28416,3416,-47,-47,3416,9.9,688,266,53,665777
ABalpaa:59,ABalpaa,59,28776,3776,539,539,3776,10.0,688,263,53,674522
ABalpaa:60,ABalpaa,60,29652,4652,1115,1096,4652,10.1,687,260,53,729127
ABalpaa:61,ABalpaa,61,28554,3554,181,175,3553,10.2,684,255,54,818969
ABalpaa:62,ABalpaa,62,28646,3646,195,185,3646,10.1,684,249,54,821204
ABalpaa:63,ABalpaa,63,29238,4238,1077,1082,4238,10.3,677,243,54,676715
ABalpaa:64,ABalpaa,64,28412,3412,213,208,3412,10.1,678,242,54,681487
ABalpaa:65,ABalpaa,65,28561,3561,465,436,3561,11.0,679,249,54,719908
ABalpaa:66,ABalpaa,66,29233,4233,1308,1310,4233,11.1,681,253,54,728876
ABalpaa:67,ABalpaa,67,29118,4118,1001,994,4118,10.9,682,257,53,589334
ABalpaa:68,ABalpaa,68,28098,3098,-254,-254,3098,11.1,690,256,38,340544
ABalpaaa:69,ABalpaaa,69,28643,3643,604,604,3641,13.1,701,287,27,37802
ABalpaaa:70,ABalpaaa,70,28466,3466,-33,-50,3414,12.9,697,293,28,53056
ABalpaaa:71,ABalpaaa,71,29631,4631,1123,1123,4561,10.0,698,303,30,98094
ABalpaaa:72,ABalpaaa,72,28972,3972,365,366,3944,9.1,698,305,30,90574
ABalpaaa:73,ABalpaaa,73,28656,3656,961,961,3597,10.0,699,305,28,54383
ABalpaaa:74,ABalpaaa,74,29210,4210,1233,1179,4102,10.0,699,305,28,54383
ABalpaaa:75,ABalpaaa,75,29367,4367,669,668,4293,11.9,699,314,29,50486
ABalpaaa:76,ABalpaaa,76,29235,4235,1269,1208,4110,11.9,699,314,29,50486
ABalpaaa:77,ABalpaaa,77,29924,4924,1493,1301,4755,11.0,700,320,31,66672
ABalpaaa:78,ABalpaaa,78,28828,3828,921,894,3739,11.0,699,309,28,63260
ABalpaaa:79,ABalpaaa,79,30145,5145,946,982,5040,12.0,699,310,28,61021
ABalpaaa:80,ABalpaaa,80,29684,4684,1274,1170,4579,12.0,699,309,29,61021
ABalpaaa:81,ABalpaaa,81,30267,5267,2172,2204,5162,12.1,699,307,30,61021
ABalpaaa:82,ABalpaaa,82,29648,4648,1434,1433,4605,12.1,699,305,32,108097
ABalpaaa:83,ABalpaaa,83,29793,4793,1564,1564,4744,13.2,695,314,34,183766
ABalpaaa:84,ABalpaaa,84,29223,4223,1025,1025,4170,13.1,696,312,34,176888
ABalpaaa:85,ABalpaaa,85,29927,4927,1365,1366,4743,14.1,694,318,34,182773
ABalpaaa:86,ABalpaaa,86,30178,5178,2125,2121,4901,14.2,694,316,36,229222
ABalpaaa:87,ABalpaaa,87,29737,4737,1168,1183,4382,14.1,695,319,40,277630
ABalpaaa:88,ABalpaaa,88,29742,4742,1374,1395,4602,14.0,694,316,36,244279
ABalpaaa:89,ABalpaaa,89,29414,4414,1001,1010,4342,14.1,697,321,35,174997
ABalpaaa:90,ABalpaaa,90,28405,3405,150,98,3222,14.1,698,324,35,103934
ABalpaaa:91,ABalpaaa,91,28480,3480,-50,-46,2794,14.1,698,324,35,103934
ABalpaaa:92,ABalpaaa,92,29238,4238,1169,1182,4021,16.0,699,318,26,47860
ABalpaaa:93,ABalpaaa,93,28697,3697,436,454,3370,16.0,699,318,26,47860
ABalpaaa:94,ABalpaaa,94,28721,3721,-516,-516,3568,15.0,698,313,25,43891
ABalpaaa:95,ABalpaaa,95,28725,3725,734,726,2911,15.1,699,310,28,98468
ABalpaaa:96,ABalpaaa,96,28306,3306,116,139,2918,17.0,693,302,34,207629
ABalpaaaa:97,ABalpaaaa,97,27751,2751,-1069,-1018,2139,17.0,695,334,26,89713
ABalpaaaa:98,ABalpaaaa,98,28945,3945,490,450,3538,18.0,694,333,34,162726
ABalpaaaa:99,ABalpaaaa,99,29299,4299,1191,1054,3641,19.0,692,333,36,192989
ABalpaaaa:100,ABalpaaaa,100,27990,2990,278,204,2570,19.0,692,332,34,154225
ABalpaaaa:101,ABalpaaaa,101,28281,3281,228,476,2727,18.1,695,343,35,138926
ABalpaaaa:102,ABalpaaaa,102,28472,3472,474,623,2503,19.0,693,343,34,137480
ABalpaaaa:103,ABalpaaaa,103,29649,4649,1702,1731,4058,19.0,683,354,36,176906
ABalpaaaa:104,ABalpaaaa,104,30087,5087,1879,1838,4448,19.0,686,356,35,169670
ABalpaaaa:105,ABalpaaaa,105,28286,3286,572,590,2971,20.0,680,352,35,166673
ABalpaaap:97,ABalpaaap,97,27299,2299,-1209,-1219,1311,19.0,682,283,34,179932
ABalpaaap:98,ABalpaaap,98,27692,2692,-991,-889,2024,19.1,689,284,34,162586
ABalpaaap:99,ABalpaaap,99,28474,3474,-223,-224,3355,19.0,689,274,34,171013
ABalpaaap:100,ABalpaaap,100,29550,4550,1257,1278,4228,19.1,687,270,36,215258
ABalpaaap:101,ABalpaaap,101,29245,4245,823,1034,3524,20.1,687,271,35,175864
ABalpaaap:102,ABalpaaap,102,29337,4337,1056,1128,3539,20.1,687,277,34,170877
ABalpaaap:103,ABalpaaap,103,29592,4592,1610,1618,4203,20.1,694,286,32,139690
ABalpaaap:104,ABalpaaap,104,28847,3847,433,696,3260,19.9,694,291,31,126440
ABalpaaap:105,ABalpaaap,105,29587,4587,909,909,3919,20.0,693,292,35,174597
ABalpaap:69,ABalpaap,69,28288,3288,232,232,3253,9.3,679,254,35,199489
ABalpaap:70,ABalpaap,70,28178,3178,-22,-37,3147,10.2,684,246,43,266633
ABalpaap:71,ABalpaap,71,29267,4267,1099,1094,4248,10.1,682,248,44,291343
ABalpaap:72,ABalpaap,72,29614,4614,1444,1438,4605,9.2,682,247,46,336841
ABalpaap:73,ABalpaap,73,29311,4311,1197,1201,4288,10.1,681,252,47,349428
ABalpaap:74,ABalpaap,74,28881,3881,855,878,3840,10.2,680,255,48,404064
ABalpaap:75,ABalpaap,75,30390,5390,2310,2306,5355,11.2,685,256,46,340628
ABalpaap:76,ABalpaap,76,29821,4821,1090,1091,4775,11.9,687,256,44,316301
ABalpaap:77,ABalpaap,77,29269,4269,1194,1285,4180,10.2,680,263,46,362136
ABalpaap:78,ABalpaap,78,30110,5110,1863,1848,5043,10.2,679,263,47,385046
ABalpaap:79,ABalpaap,79,29771,4771,1580,1592,4719,10.2,686,260,47,382486
ABalpaap:80,ABalpaap,80,29615,4615,1533,1552,4550,11.1,677,262,48,450235
ABalpaap:81,ABalpaap,81,29642,4642,1615,1647,4613,10.3,683,254,46,374789
ABalpaap:82,ABalpaap,82,29755,4755,1078,1110,4693,11.3,673,254,46,381090
ABalpaap:83,ABalpaap,83,29899,4899,1818,1818,4866,11.4,665,261,48,403251
ABalpaap:84,ABalpaap,84,28991,3991,811,883,3864,12.1,665,257,48,473807
ABalpaap:85,ABalpaap,85,29678,4678,1794,1800,4619,12.1,669,264,48,470874
ABalpaap:86,ABalpaap,86,29937,4937,1952,1967,4885,12.0,675,264,44,355806
ABalpaap:87,ABalpaap,87,29646,4646,1473,1486,4590,12.1,673,265,46,452802
ABalpaap:88,ABalpaap,88,29164,4164,1031,1119,3933,12.9,669,257,44,393471
ABalpaap:89,ABalpaap,89,28687,3687,541,524,3620,12.9,660,262,43,355797
ABalpaap:90,ABalpaap,90,27253,2253,-1326,-1334,2246,12.0,653,264,43,294434
ABalpaapa:91,ABalpaapa,91,28223,3223,-771,-771,3117,11.1,668,284,34,156361
ABalpaapa:92,ABalpaapa,92,29062,4062,639,654,3960,11.1,681,285,40,196665
ABalpaapa:93,ABalpaapa,93,30247,5247,2218,2208,5183,10.9,683,280,38,181331
ABalpaapa:94,ABalpaapa,94,29679,4679,1769,1804,4601,9.2,694,279,36,135903
ABalpaapa:95,ABalpaapa,95,29954,4954,1431,1415,4807,12.0,692,276,38,175173
ABalpaapa:96,ABalpaapa,96,30646,5646,1797,1804,5504,12.2,694,277,36,160427
ABalpaapa:97,ABalpaapa,97,30385,5385,2091,2091,5259,14.0,694,283,36,156208
ABalpaapa:98,ABalpaapa,98,28566,3566,36,50,3412,14.2,683,290,38,194530
ABalpaapa:99,ABalpaapa,99,29041,4041,460,462,3589,14.1,683,303,38,204031
ABalpaapa:100,ABalpaapa,100,30520,5520,2378,2453,4840,14.1,683,296,38,205365
ABalpaapa:101,ABalpaapa,101,29234,4234,894,899,3955,14.1,686,286,37,180259
ABalpaapa:102,ABalpaapa,102,30591,5591,2373,2373,4615,15.1,683,291,36,198721
ABalpaapa:103,ABalpaapa,103,29438,4438,715,800,3037,14.1,688,296,36,199255
ABalpaapa:104,ABalpaapa,104,30285,5285,1465,1478,4203,14.0,685,292,35,167507
ABalpaapa:105,ABalpaapa,105,31580,6580,3100,3100,5637,14.1,681,292,35,169793
ABalpaapp:91,ABalpaapp,91,28406,3406,-225,-248,3135,13.2,642,238,34,146294
ABalpaapp:92,ABalpaapp,92,28539,3539,463,462,3156,14.0,641,242,40,211641
ABalpaapp:93,ABalpaapp,93,29358,4358,1443,1467,3897,14.1,645,246,38,185253
ABalpaapp:94,ABalpaapp,94,29093,4093,1098,1013,3699,14.0,647,235,38,202100
ABalpaapp:95,ABalpaapp,95,29468,4468,1165,1197,3773,14.1,634,233,40,220605
ABalpaapp:96,ABalpaapp,96,29575,4575,1434,1435,3674,15.1,629,238,38,214605
ABalpaapp:97,ABalpaapp,97,29189,4189,1259,1345,3471,16.0,620,250,38,204611
ABalpaapp:98,ABalpaapp,98,28378,3378,391,393,1853,16.0,616,248,36,180002
ABalpaapp:99,ABalpaapp,99,28865,3865,587,582,1892,16.0,616,248,36,180002
ABalpaapp:100,ABalpaapp,100,28887,3887,817,910,3278,17.0,622,257,38,207822
ABalpaapp:101,ABalpaapp,101,29640,4640,1623,1638,5070,17.0,621,268,37,175744
ABalpaapp:102,ABalpaapp,102,29476,4476,1772,1768,3587,17.1,619,264,36,184140
ABalpaapp:103,ABalpaapp,103,29264,4264,989,993,4087,16.2,621,271,36,170822
ABalpaapp:104,ABalpaapp,104,29120,4120,1025,1029,3489,17.1,620,265,35,154689
ABalpaapp:105,ABalpaapp,105,29000,4000,900,900,3822,17.0,625,268,35,154009
ABalpap:49,ABalpap,49,27304,2304,-921,-928,2291,17.3,628,229,55,608561
ABalpap:50,ABalpap,50,28093,3093,-49,-48,3082,17.9,625,221,53,547613
ABalpap:51,ABalpap,51,28681,3681,779,779,3681,19.0,617,226,53,566813
ABalpap:52,ABalpap,52,28242,3242,463,460,3242,19.3,606,220,59,666914
ABalpap:53,ABalpap,53,28672,3672,937,937,3672,18.0,611,215,54,679906
ABalpap:54,ABalpap,54,28697,3697,695,695,3697,17.1,615,202,54,732501
ABalpap:55,ABalpap,55,29228,4228,1313,1312,4228,17.1,619,202,54,763471
ABalpap:56,ABalpap,56,28771,3771,716,716,3742,15.1,621,198,54,804247
ABalpap:57,ABalpap,57,28503,3503,421,417,3474,15.3,630,199,57,883703
ABalpap:58,ABalpap,58,29121,4121,1015,1014,4073,15.3,637,208,57,858414
ABalpap:59,ABalpap,59,28586,3586,458,469,3495,15.2,634,208,57,906507
ABalpap:60,ABalpap,60,28370,3370,61,42,3361,16.0,637,215,59,935570
ABalpap:61,ABalpap,61,28554,3554,417,428,3504,16.3,629,213,56,889861
ABalpap:62,ABalpap,62,28806,3806,492,528,3716,16.1,627,216,58,912445
ABalpap:63,ABalpap,63,28466,3466,108,102,3410,16.2,623,211,56,698921
ABalpap:64,ABalpap,64,28442,3442,284,281,3361,16.2,625,212,56,718764
ABalpap:65,ABalpap,65,29074,4074,981,975,4074,17.1,631,214,56,759362
ABalpap:66,ABalpap,66,28733,3733,441,446,3692,17.1,634,216,54,708921
ABalpap:67,ABalpap,67,28508,3508,638,640,3475,17.8,626,217,53,562245
ABalpap:68,ABalpap,68,27865,2865,-321,-321,2863,17.9,636,236,50,544266
ABalpapa:69,ABalpapa,69,27333,2333,-937,-937,2295,17.1,670,242,37,229046
ABalpapa:70,ABalpapa,70,28232,3232,583,601,3192,18.0,673,239,43,246366
ABalpapa:71,ABalpapa,71,29019,4019,1316,1316,4018,18.1,679,246,42,254345
ABalpapa:72,ABalpapa,72,29074,4074,1424,1424,4074,18.0,689,244,42,255864
ABalpapa:73,ABalpapa,73,28726,3726,1207,1207,3726,18.9,689,255,43,269075
ABalpapa:74,ABalpapa,74,28582,3582,747,747,3582,18.9,688,256,44,296403
ABalpapa:75,ABalpapa,75,28694,3694,931,931,3679,19.1,687,274,44,280843
ABalpapa:76,ABalpapa,76,28434,3434,501,501,3382,19.1,688,286,46,336920
ABalpapa:77,ABalpapa,77,28942,3942,789,789,3886,17.1,696,281,34,155313
ABalpapa:78,ABalpapa,78,29838,4838,1330,1330,4706,17.1,695,275,37,190145
ABalpapa:79,ABalpapa,79,29071,4071,648,643,3997,18.1,694,271,41,227528
ABalpapa:80,ABalpapa,80,28445,3445,345,333,3362,18.1,695,276,36,196070
ABalpapa:81,ABalpapa,81,28576,3576,319,367,3534,18.0,694,280,36,199309
ABalpapa:82,ABalpapa,82,28776,3776,732,692,3712,18.0,691,287,40,276938
ABalpapa:83,ABalpapa,83,29150,4150,1395,1388,4065,19.0,689,283,44,335757
ABalpapa:84,ABalpapa,84,29219,4219,1036,996,4152,18.9,688,279,44,344494
ABalpapa:85,ABalpapa,85,29370,4370,1095,1125,4173,18.1,692,280,40,290886
ABalpapa:86,ABalpapa,86,28985,3985,814,987,3799,19.0,689,283,44,343795
ABalpapa:87,ABalpapa,87,29939,4939,1444,1411,4729,18.0,693,291,36,242819
ABalpapa:88,ABalpapa,88,29743,4743,1180,1160,4416,17.2,693,282,36,229806
ABalpapa:89,ABalpapa,89,29195,4195,1271,1259,4087,18.1,690,282,43,354125
ABalpapa:90,ABalpapa,90,29826,4826,1681,1659,4782,18.0,692,277,41,269856
ABalpapa:91,ABalpapa,91,27197,2197,-900,-902,2090,18.2,680,275,38,250489
ABalpapaa:92,ABalpapaa,92,28734,3734,590,588,3521,18.0,700,277,28,83859
ABalpapaa:93,ABalpapaa,93,27369,2369,-548,-548,2079,18.0,701,281,26,35161
ABalpapaa:94,ABalpapaa,94,29177,4177,631,586,4042,18.0,698,268,25,25275
ABalpapaa:95,ABalpapaa,95,28878,3878,391,392,3539,17.2,698,256,32,97677
ABalpapaa:96,ABalpapaa,96,30604,5604,2402,2437,5443,18.1,696,251,34,124428
ABalpapaa:97,ABalpapaa,97,29174,4174,824,722,3976,18.9,695,249,34,129413
ABalpapaa:98,ABalpapaa,98,29607,4607,736,666,4244,18.1,696,246,36,159319
ABalpapaa:99,ABalpapaa,99,27932,2932,-216,-215,2630,16.0,696,238,34,125737
ABalpapaa:100,ABalpapaa,100,28444,3444,479,653,3072,16.1,693,233,34,164637
ABalpapaa:101,ABalpapaa,101,30518,5518,2518,2546,4984,18.0,693,242,33,141633
ABalpapaa:102,ABalpapaa,102,30139,5139,2449,2475,4886,18.0,690,240,36,205447
ABalpapaa:103,ABalpapaa,103,29115,4115,581,678,3977,18.1,694,248,36,188422
ABalpapaa:104,ABalpapaa,104,30518,5518,1955,1971,5234,18.0,695,257,31,120012
ABalpapaa:105,ABalpapaa,105,28993,3993,-223,-130,3656,19.1,692,257,33,159401
ABalpapap:92,ABalpapap,92,28128,3128,216,119,2802,19.2,665,252,36,181013
ABalpapap:93,ABalpapap,93,28283,3283,166,171,2988,20.0,663,259,38,187423
ABalpapap:94,ABalpapap,94,29331,4331,1418,1399,3874,19.0,658,255,38,180043
ABalpapap:95,ABalpapap,95,28296,3296,472,407,3076,20.1,645,252,38,193658
ABalpapap:96,ABalpapap,96,28848,3848,1129,1234,3499,22.1,637,250,38,171162
ABalpapap:97,ABalpapap,97,28490,3490,368,352,2970,22.0,631,255,38,181055
ABalpapap:98,ABalpapap,98,29699,4699,1548,1596,3652,21.0,626,250,38,181827
ABalpapap:99,ABalpapap,99,28320,3320,223,398,2271,21.1,634,249,38,187626
ABalpapap:100,ABalpapap,100,30400,5400,2051,2026,4886,21.0,628,249,26,60077
ABalpapap:101,ABalpapap,101,28800,3800,841,801,4141,21.0,626,258,37,166554
ABalpapap:102,ABalpapap,102,29702,4702,1621,1683,3377,22.0,632,265,36,170348
ABalpapap:103,ABalpapap,103,28739,3739,774,784,3506,22.0,642,275,36,174692
ABalpapap:104,ABalpapap,104,28956,3956,708,705,3730,22.0,642,278,35,145453
ABalpapap:105,ABalpapap,105,28734,3734,118,102,3379,22.1,640,282,35,134682
ABalpapp:69,ABalpapp,69,27834,2834,-218,-218,2827,18.1,615,226,35,176350
ABalpapp:70,ABalpapp,70,28590,3590,803,790,3586,18.1,613,221,45,247186
ABalpapp:71,ABalpapp,71,27925,2925,225,230,2922,19.1,613,225,42,232117
ABalpapp:72,ABalpapp,72,28170,3170,37,40,3138,18.1,610,225,44,247598
ABalpapp:73,ABalpapp,73,28378,3378,539,599,3128,18.2,611,216,47,315610
ABalpapp:74,ABalpapp,74,28843,3843,801,790,3737,18.9,611,206,44,313255
ABalpapp:75,ABalpapp,75,28611,3611,521,578,3294,18.2,617,210,48,406734
ABalpapp:76,ABalpapp,76,29001,4001,870,930,3719,18.2,618,212,48,382208
ABalpapp:77,ABalpapp,77,29171,4171,1073,1091,4025,18.3,622,222,48,416465
ABalpapp:78,ABalpapp,78,28803,3803,745,745,3720,19.0,618,219,47,373603
ABalpapp:79,ABalpapp,79,30004,5004,1997,1997,4953,19.0,615,218,47,368923
ABalpapp:80,ABalpapp,80,29099,4099,1148,1148,3970,19.0,618,222,48,433083
ABalpapp:81,ABalpapp,81,28261,3261,358,374,3063,19.1,617,227,48,437287
ABalpapp:82,ABalpapp,82,28963,3963,697,708,3857,20.0,623,232,48,423780
ABalpapp:83,ABalpapp,83,28006,3006,-67,-67,2884,20.1,609,233,48,391119
ABalpapp:84,ABalpapp,84,27836,2836,-124,-124,2800,21.2,611,243,48,360944
ABalpapp:85,ABalpapp,85,28052,3052,89,89,3022,22.1,612,241,48,401659
ABalpapp:86,ABalpapp,86,29062,4062,1150,1137,3942,21.1,615,240,46,359431
ABalpapp:87,ABalpapp,87,28604,3604,589,589,3544,22.0,618,246,44,323644
ABalpapp:88,ABalpapp,88,28761,3761,988,988,3754,21.8,623,256,44,331520
ABalpapp:89,ABalpapp,89,27538,2538,-538,-539,2529,21.1,622,269,47,325412
ABalpappa:90,ABalpappa,90,28608,3608,662,650,3571,20.2,644,266,35,142665
ABalpappa:91,ABalpappa,91,27880,2880,34,19,2863,21.0,634,265,42,189752
ABalpappa:92,ABalpappa,92,28634,3634,811,865,3547,21.1,623,264,40,174435
ABalpappa:93,ABalpappa,93,28173,3173,419,424,2944,20.1,623,252,40,176857
ABalpappa:94,ABalpappa,94,27983,2983,133,138,2757,21.0,622,240,40,185689
ABalpappa:95,ABalpappa,95,28210,3210,344,389,2921,22.1,612,231,40,191468
ABalpappa:96,ABalpappa,96,28787,3787,954,1025,3404,22.2,602,236,38,159331
ABalpappa:97,ABalpappa,97,28461,3461,783,819,1677,23.0,597,242,38,154569
ABalpappa:98,ABalpappa,98,28692,3692,474,522,3224,22.1,591,245,38,162365
ABalpappa:99,ABalpappa,99,28984,3984,1223,1289,3161,21.1,604,255,38,170938
ABalpappa:100,ABalpappa,100,28957,3957,529,557,3411,23.0,599,258,26,51276
ABalpappa:101,ABalpappa,101,26750,1750,-1092,-999,1341,22.1,593,264,35,118788
ABalpappa:102,ABalpappa,102,28375,3375,850,794,3057,23.0,595,272,36,137818
ABalpappa:103,ABalpappa,103,28156,3156,176,152,3041,23.1,597,274,36,156491
ABalpappa:104,ABalpappa,104,28303,3303,245,229,2979,23.0,603,276,35,126583
ABalpappa:105,ABalpappa,105,29628,4628,1581,1611,4489,23.1,596,269,35,125721
ABalpappp:90,ABalpappp,90,27422,2422,-407,-407,2377,22.1,585,246,33,110623
ABalpappp:91,ABalpappp,91,27889,2889,-29,9,2847,23.1,575,242,42,171655
ABalpappp:92,ABalpappp,92,27849,2849,121,135,2799,23.1,563,246,40,150513
ABalpappp:93,ABalpappp,93,28420,3420,697,661,3161,23.0,559,239,38,141581
ABalpappp:94,ABalpappp,94,28043,3043,1,-33,2713,23.1,563,239,38,134556
ABalpappp:95,ABalpappp,95,29060,4060,1300,1299,4018,23.0,552,256,36,119092
ABalpappp:96,ABalpappp,96,27456,2456,-198,-198,2404,24.0,545,256,34,94663
ABalpappp:97,ABalpappp,97,27838,2838,275,281,2757,24.0,537,261,36,125841
ABalpappp:98,ABalpappp,98,28481,3481,889,882,3428,23.1,538,266,34,95166
ABalpappp:99,ABalpappp,99,27761,2761,40,91,2705,23.1,551,275,36,119279
ABalpappp:100,ABalpappp,100,28401,3401,745,741,3317,23.1,551,275,36,119279
ABalpappp:101,ABalpappp,101,27089,2089,-521,-521,2036,24.0,541,291,26,44516
ABalpappp:102,ABalpappp,102,27500,2500,-354,-354,2445,24.0,542,301,24,31347
ABalpappp:103,ABalpappp,103,28896,3896,1391,1391,3850,24.0,542,301,24,31347
ABalpappp:104,ABalpappp,104,29662,4662,1860,1860,4592,24.1,549,291,31,80002
ABalpappp:105,ABalpappp,105,29086,4086,1134,1134,4053,23.1,539,286,33,87157
ABalpp:30,ABalpp,30,27200,2200,-793,-787,2016,16.5,608,228,61,871654
ABalpp:31,ABalpp,31,27502,2502,-849,-848,2502,13.4,597,204,55,669082
ABalpp:32,ABalpp,32,28158,3158,-262,-267,3158,13.0,595,208,57,685687
ABalpp:33,ABalpp,33,28105,3105,26,35,3105,12.1,597,199,63,864734
ABalpp:34,ABalpp,34,28373,3373,405,405,3373,10.3,596,195,61,874731
ABalpp:35,ABalpp,35,28558,3558,537,537,3558,10.6,585,196,60,924741
ABalpp:36,ABalpp,36,28274,3274,223,223,3274,9.9,583,198,60,1013460
ABalpp:37,ABalpp,37,28124,3124,-223,-223,3124,9.0,583,201,61,1081678
ABalpp:38,ABalpp,38,28233,3233,36,36,3233,9.7,577,205,59,952924
ABalpp:39,ABalpp,39,28521,3521,181,181,3521,9.8,581,204,60,1118916
ABalpp:40,ABalpp,40,28343,3343,145,145,3343,10.7,586,196,60,1136234
ABalpp:41,ABalpp,41,28482,3482,408,408,3482,11.7,581,194,61,1094454
ABalpp:42,ABalpp,42,28664,3664,519,519,3664,11.7,577,192,62,1223606
ABalpp:43,ABalpp,43,28485,3485,408,408,3485,12.3,574,187,65,1415904
ABalpp:44,ABalpp,44,29101,4101,1061,1061,4101,12.3,573,186,65,1410959
ABalpp:45,ABalpp,45,28070,3070,-9,-9,3070,11.3,565,184,63,1289449
ABalpp:46,ABalpp,46,28121,3121,94,94,3121,12.2,560,186,64,1432878
ABalpp:47,ABalpp,47,28176,3176,74,74,3176,13.8,562,185,60,1198407
ABalpp:48,ABalpp,48,27909,2909,-239,-239,2909,13.4,565,196,60,1046818
ABalppa:49,ABalppa,49,27592,2592,-584,-694,2451,11.0,570,188,38,335823
ABalppa:50,ABalppa,50,27910,2910,-394,-360,2908,9.5,578,194,49,466421
ABalppa:51,ABalppa,51,28898,3898,624,617,3898,10.1,586,197,53,565989
ABalppa:52,ABalppa,52,28386,3386,107,124,3386,10.0,589,200,53,572890
ABalppa:53,ABalppa,53,28862,3862,760,760,3862,9.0,605,203,54,686540
ABalppa:54,ABalppa,54,29053,4053,405,405,4053,8.1,610,208,54,705689
ABalppa:55,ABalppa,55,28801,3801,223,221,3801,8.2,617,213,54,740133
ABalppa:56,ABalppa,56,28835,3835,162,162,3835,7.2,612,216,54,749173
ABalppa:57,ABalppa,57,28433,3433,-266,-266,3433,7.8,620,220,53,693774
ABalppa:58,ABalppa,58,29378,4378,1000,1000,4378,7.8,622,217,53,695165
ABalppa:59,ABalppa,59,28571,3571,290,290,3571,8.2,620,215,53,712773
ABalppa:60,ABalppa,60,29042,4042,385,385,4042,8.1,612,214,53,726884
ABalppa:61,ABalppa,61,28550,3550,281,281,3550,8.8,613,212,54,775172
ABalppa:62,ABalppa,62,29037,4037,589,584,4037,8.8,613,216,54,798516
ABalppa:63,ABalppa,63,28220,3220,71,69,3220,9.0,606,206,54,655206
ABalppa:64,ABalppa,64,29341,4341,1198,1201,4341,8.9,610,207,54,639624
ABalppa:65,ABalppa,65,28747,3747,903,901,3747,9.1,615,201,54,699140
ABalppa:66,ABalppa,66,28821,3821,1023,1023,3821,9.9,615,201,54,715069
ABalppa:67,ABalppa,67,28610,3610,531,528,3606,10.2,614,199,53,670134
ABalppa:68,ABalppa,68,29230,4230,1420,1412,4220,10.1,616,199,46,460978
ABalppa:69,ABalppa,69,27970,2970,93,93,2970,9.1,623,203,33,224121
ABalppaa:70,ABalppaa,70,27139,2139,-995,-1011,2064,9.1,651,210,31,178318
ABalppaa:71,ABalppaa,71,28153,3153,99,200,3130,10.9,653,200,42,284101
ABalppaa:72,ABalppaa,72,28308,3308,798,819,3286,10.0,652,202,42,292795
ABalppaa:73,ABalppaa,73,28505,3505,957,1031,3493,11.0,658,202,43,285336
ABalppaa:74,ABalppaa,74,29204,4204,1817,1850,4193,12.0,667,203,44,335877
ABalppaa:75,ABalppaa,75,28371,3371,714,844,3347,13.0,676,208,44,340608
ABalppaa:76,ABalppaa,76,28831,3831,955,1033,3774,13.9,676,211,44,338243
ABalppaa:77,ABalppaa,77,28420,3420,887,910,3413,13.9,682,215,44,342451
ABalppaa:78,ABalppaa,78,29425,4425,1682,1755,4408,13.1,677,215,43,314433
ABalppaa:79,ABalppaa,79,29418,4418,1421,1454,4371,14.0,680,218,43,325493
ABalppaa:80,ABalppaa,80,29274,4274,1388,1496,4226,14.1,678,217,44,365523
ABalppaa:81,ABalppaa,81,29272,4272,1225,1228,4267,15.0,677,215,44,363411
ABalppaa:82,ABalppaa,82,29464,4464,1361,1349,4318,15.9,677,223,44,356742
ABalppaa:83,ABalppaa,83,29202,4202,1527,1524,4163,16.1,679,223,44,383514
ABalppaa:84,ABalppaa,84,28400,3400,115,257,3154,16.2,671,230,48,499326
ABalppaa:85,ABalppaa,85,29446,4446,1418,1498,4393,17.0,669,235,44,380685
ABalppaa:86,ABalppaa,86,29285,4285,1143,1156,4238,16.9,674,235,44,358069
ABalppaa:87,ABalppaa,87,29194,4194,1149,1146,3959,17.1,674,239,44,369676
ABalppaa:88,ABalppaa,88,30068,5068,2050,2077,4642,17.0,675,235,44,409746
ABalppaa:89,ABalppaa,89,29294,4294,1267,1331,4216,17.0,673,227,43,381974
ABalppaa:90,ABalppaa,90,29123,4123,1591,1593,4113,16.0,675,220,43,287295
ABalppaa:91,ABalppaa,91,29546,4546,1683,1707,4523,16.0,677,219,42,278633
ABalppaa:92,ABalppaa,92,29355,4355,1672,1688,4283,15.1,682,219,42,267423
ABalppaa:93,ABalppaa,93,28911,3911,938,1034,3821,16.0,684,226,42,283616
ABalppaa:94,ABalppaa,94,29215,4215,1235,1320,4010,16.0,682,221,38,250614
ABalppaa:95,ABalppaa,95,28686,3686,847,1038,3525,15.2,670,215,40,287774
ABalppaa:96,ABalppaa,96,29236,4236,1151,1221,4043,16.2,667,220,36,239163
ABalppaa:97,ABalppaa,97,27016,2016,-967,-979,1874,16.9,661,222,34,221551
ABalppaaa:98,ABalppaaa,98,28224,3224,421,370,2516,16.0,670,234,34,165658
ABalppaaa:99,ABalppaaa,99,27918,2918,-176,-173,1771,13.4,671,231,36,178963
ABalppaaa:100,ABalppaaa,100,28664,3664,710,748,2635,13.2,668,229,38,190112
ABalppaaa:101,ABalppaaa,101,29019,4019,748,815,3232,14.2,662,231,37,195444
ABalppaaa:102,ABalppaaa,102,28650,3650,813,832,2662,14.2,658,230,36,174336
ABalppaaa:103,ABalppaaa,103,29175,4175,1103,1062,3659,14.2,659,232,36,186383
ABalppaaa:104,ABalppaaa,104,28580,3580,186,277,3109,14.1,659,232,35,162834
ABalppaaa:105,ABalppaaa,105,28774,3774,1109,1090,3449,14.0,657,236,35,170710
ABalppaap:98,ABalppaap,98,28605,3605,226,218,3002,18.9,638,204,34,174048
ABalppaap:99,ABalppaap,99,27908,2908,148,287,2538,18.1,649,208,34,157793
ABalppaap:100,ABalppaap,100,29281,4281,1097,1241,3710,18.2,629,210,38,207971
ABalppaap:101,ABalppaap,101,29766,4766,1631,1884,4000,19.1,627,214,37,179039
ABalppaap:102,ABalppaap,102,29669,4669,1564,1619,4280,20.0,625,214,36,189344
ABalppaap:103,ABalppaap,103,28384,3384,232,258,2863,19.1,640,213,36,182364
ABalppaap:104,ABalppaap,104,29150,4150,1166,1304,3441,19.2,645,213,35,163684
ABalppaap:105,ABalppaap,105,28747,3747,497,635,3103,18.2,644,210,35,171595
ABalppap:70,ABalppap,70,27975,2975,-656,-576,2851,9.2,604,208,31,174336
ABalppap:71,ABalppap,71,28438,3438,152,101,3363,9.9,601,202,42,283231
ABalppap:72,ABalppap,72,28901,3901,670,715,3860,9.2,595,203,46,340212
ABalppap:73,ABalppap,73,29186,4186,1160,1192,4122,9.2,596,200,45,291489
ABalppap:74,ABalppap,74,28826,3826,814,988,3647,10.1,603,194,44,307644
ABalppap:75,ABalppap,75,29153,4153,1153,1263,3986,11.1,614,194,46,368905
ABalppap:76,ABalppap,76,29684,4684,1322,1438,4509,12.0,616,193,44,327456
ABalppap:77,ABalppap,77,28936,3936,946,1061,3823,12.1,620,194,46,397346
ABalppap:78,ABalppap,78,29286,4286,1244,1345,4211,12.1,620,198,45,321227
ABalppap:79,ABalppap,79,29169,4169,1084,1147,4107,12.2,621,200,45,329094
ABalppap:80,ABalppap,80,29451,4451,897,906,4372,13.1,618,199,44,347232
ABalppap:81,ABalppap,81,29244,4244,1147,1134,4146,13.9,620,202,44,345371
ABalppap:82,ABalppap,82,29296,4296,885,963,4177,14.1,617,209,44,349365
ABalppap:83,ABalppap,83,29705,4705,1787,1882,4645,14.1,617,208,48,461783
ABalppap:84,ABalppap,84,29211,4211,1070,1178,4161,15.1,615,209,46,412960
ABalppap:85,ABalppap,85,28871,3871,1041,1073,3839,15.3,618,216,46,393702
ABalppap:86,ABalppap,86,28595,3595,781,762,3532,16.0,622,213,44,333626
ABalppap:87,ABalppap,87,29335,4335,1232,1242,4306,16.2,623,215,46,388714
ABalppap:88,ABalppap,88,28049,3049,-69,61,3008,15.3,621,214,46,355593
ABalppap:89,ABalppap,89,28494,3494,544,582,3433,16.1,613,212,45,339920
ABalppap:90,ABalppap,90,28626,3626,774,823,3543,17.0,614,217,45,284199
ABalppap:91,ABalppap,91,28869,3869,830,825,3507,18.0,603,216,44,280543
ABalppap:92,ABalppap,92,29006,4006,1168,1184,3934,19.0,594,219,40,270884
ABalppapa:93,ABalppapa,93,27785,2785,-580,-580,2620,17.1,633,206,30,132745
ABalppapa:94,ABalppapa,94,28163,3163,375,397,2833,18.0,636,202,38,189064
ABalppapa:95,ABalppapa,95,28508,3508,209,154,3033,18.1,625,206,36,180647
ABalppapa:96,ABalppapa,96,29644,4644,1194,1213,4159,19.0,622,208,36,173774
ABalppapa:97,ABalppapa,97,29247,4247,1047,1095,3673,19.1,618,211,38,196136
ABalppapa:98,ABalppapa,98,29464,4464,1420,1498,4112,20.1,603,207,36,157936
ABalppapa:99,ABalppapa,99,28757,3757,731,770,3399,20.0,611,216,38,193915
ABalppapa:100,ABalppapa,100,28358,3358,438,498,2398,21.0,609,212,38,202480
ABalppapa:101,ABalppapa,101,28770,3770,424,624,2911,21.2,603,218,37,168791
ABalppapa:102,ABalppapa,102,27795,2795,-332,-284,2409,20.2,591,224,36,157874
ABalppapa:103,ABalppapa,103,27507,2507,-764,-806,2205,20.2,606,228,36,162500
ABalppapa:104,ABalppapa,104,29408,4408,1068,1174,3887,20.2,607,227,35,132750
ABalppapa:105,ABalppapa,105,27846,2846,-374,-318,2229,20.2,615,219,35,140046
ABalppapp:93,ABalppapp,93,27031,2031,-1341,-1258,1790,20.0,576,221,38,164720
ABalppapp:94,ABalppapp,94,27235,2235,-596,-593,1992,19.9,572,219,38,140623
ABalppapp:95,ABalppapp,95,27548,2548,-537,-540,2495,19.3,561,217,38,129301
ABalppapp:96,ABalppapp,96,27787,2787,183,216,2713,19.2,551,223,38,150027
ABalppapp:97,ABalppapp,97,28733,3733,1238,1231,3522,20.2,548,227,38,145556
ABalppapp:98,ABalppapp,98,27892,2892,289,322,2722,21.0,544,222,38,139644
ABalppapp:99,ABalppapp,99,28585,3585,804,825,3533,22.0,555,215,38,158298
ABalppapp:100,ABalppapp,100,28125,3125,50,67,3028,22.0,551,226,36,134652
ABalppapp:101,ABalppapp,101,28289,3289,925,959,3175,22.1,541,227,33,88860
ABalppapp:102,ABalppapp,102,29503,4503,1588,1582,4379,22.9,538,237,32,95150
ABalppapp:103,ABalppapp,103,28834,3834,1272,1272,3716,24.1,550,232,32,89143
ABalppapp:104,ABalppapp,104,27818,2818,159,158,1101,22.0,548,231,35,112130
ABalppapp:105,ABalppapp,105,27749,2749,410,467,1644,20.9,556,229,35,117271
ABalppp:49,ABalppp,49,28024,3024,-13,-56,2915,13.9,542,179,57,721057
ABalppp:50,ABalppp,50,28075,3075,47,37,3073,13.3,525,176,49,469878
ABalppp:51,ABalppp,51,28074,3074,126,114,3074,14.0,528,176,53,550554
ABalppp:52,ABalppp,52,28640,3640,501,500,3640,14.2,527,172,53,590886
ABalppp:53,ABalppp,53,29219,4219,1206,1206,4218,14.4,527,169,56,743391
ABalppp:54,ABalppp,54,28687,3687,627,627,3686,13.9,517,166,54,701523
ABalppp:55,ABalppp,55,28145,3145,-193,-193,3145,13.8,527,169,54,744473
ABalppp:56,ABalppp,56,28592,3592,367,367,3592,13.2,535,176,54,768025
ABalppp:57,ABalppp,57,28454,3454,376,383,3454,12.2,548,182,55,795076
ABalppp:58,ABalppp,58,27947,2947,87,83,2947,12.3,556,184,55,741145
ABalppp:59,ABalppp,59,28603,3603,559,519,3603,14.0,548,180,53,750331
ABalppp:60,ABalppp,60,28121,3121,42,19,3114,14.2,547,182,57,891644
ABalppp:61,ABalppp,61,29181,4181,942,1003,4172,14.1,547,182,56,905328
ABalppp:62,ABalppp,62,28608,3608,271,317,3601,14.1,545,187,56,901772
ABalppp:63,ABalppp,63,29416,4416,1133,1143,4411,14.3,538,186,56,675725
ABalppp:64,ABalppp,64,28872,3872,786,754,3867,14.9,540,183,54,672346
ABalppp:65,ABalppp,65,29279,4279,1196,1195,4277,15.1,543,182,54,691815
ABalppp:66,ABalppp,66,28402,3402,336,342,3400,16.0,543,190,54,688106
ABalppp:67,ABalppp,67,28569,3569,587,591,3568,15.1,537,186,53,604393
ABalppp:68,ABalppp,68,27616,2616,-303,-303,2616,16.0,548,188,42,359058
ABalpppa:69,ABalpppa,69,27273,2273,-703,-703,2257,14.1,571,194,35,198405
ABalpppa:70,ABalpppa,70,27797,2797,-206,-221,2778,14.1,574,185,41,256404
ABalpppa:71,ABalpppa,71,28544,3544,425,490,3396,14.1,573,189,42,261849
ABalpppa:72,ABalpppa,72,28680,3680,829,829,3515,14.9,573,198,42,254934
ABalpppa:73,ABalpppa,73,29271,4271,1087,1115,3891,15.0,583,204,43,276976
ABalpppa:74,ABalpppa,74,28884,3884,751,812,3415,14.2,581,200,46,352946
ABalpppa:75,ABalpppa,75,28916,3916,877,910,3332,15.0,590,199,46,384609
ABalpppa:76,ABalpppa,76,29305,4305,940,1218,3968,14.0,585,213,44,340807
ABalpppa:77,ABalpppa,77,29126,4126,867,978,3821,14.2,586,220,46,364120
ABalpppa:78,ABalpppa,78,29009,4009,1072,1076,3448,13.2,580,235,45,288303
ABalpppa:79,ABalpppa,79,28796,3796,939,938,3620,14.0,580,243,43,289684
ABalpppa:80,ABalpppa,80,28198,3198,-129,-111,3015,14.1,579,245,44,323234
ABalpppa:81,ABalpppa,81,29760,4760,1459,1454,4749,14.0,577,247,44,323333
ABalpppa:82,ABalpppa,82,29018,4018,1189,1245,3932,13.1,576,248,46,380816
ABalpppa:83,ABalpppa,83,29580,4580,1587,1641,4491,13.0,577,250,44,325386
ABalpppa:84,ABalpppa,84,28768,3768,525,564,3622,12.2,573,246,46,370324
ABalpppa:85,ABalpppa,85,30442,5442,2246,2250,5315,12.2,575,252,46,379919
ABalpppa:86,ABalpppa,86,28423,3423,-61,-79,3313,12.0,576,246,44,338838
ABalpppa:87,ABalpppa,87,29342,4342,1107,1096,4295,12.0,589,256,46,404044
ABalpppa:88,ABalpppa,88,28210,3210,-78,34,2838,11.2,595,253,46,420185
ABalpppa:89,ABalpppa,89,29283,4283,816,869,3555,11.2,594,248,47,416086
ABalpppa:90,ABalpppa,90,29581,4581,1530,1525,4311,11.2,592,239,47,350232
ABalpppa:91,ABalpppa,91,29766,4766,1517,1529,4449,12.1,599,227,42,292242
ABalpppa:92,ABalpppa,92,28055,3055,-288,-300,2764,12.1,597,240,40,263038
ABalpppa:93,ABalpppa,93,28363,3363,93,87,2700,11.3,601,246,42,208134
ABalpppaa:94,ABalpppaa,94,27305,2305,-707,-578,1637,12.1,622,246,38,201523
ABalpppaa:95,ABalpppaa,95,28611,3611,204,348,2993,11.0,619,250,36,177934
ABalpppaa:96,ABalpppaa,96,29863,4863,1910,2008,4029,11.3,621,252,38,184854
ABalpppaa:97,ABalpppaa,97,29213,4213,1071,1114,3544,11.2,623,261,38,190953
ABalpppaa:98,ABalpppaa,98,29418,4418,1395,1395,3986,11.9,624,259,34,150344
ABalpppaa:99,ABalpppaa,99,29955,4955,1443,1474,4390,11.4,627,256,36,173651
ABalpppaa:100,ABalpppaa,100,28557,3557,286,314,3135,12.1,622,251,38,218716
ABalpppaa:101,ABalpppaa,101,29051,4051,947,1082,3625,13.0,623,243,37,199200
ABalpppaa:102,ABalpppaa,102,29074,4074,823,795,3601,13.1,618,243,36,198156
ABalpppaa:103,ABalpppaa,103,27409,2409,-1033,-1040,1760,12.4,617,242,36,184604
ABalpppaa:104,ABalpppaa,104,29839,4839,1457,1449,4292,13.1,623,244,35,180709
ABalpppaa:105,ABalpppaa,105,29029,4029,1043,1044,3262,12.1,620,242,35,179210
ABalpppap:94,ABalpppap,94,28300,3300,257,254,2966,10.2,571,227,32,136341
ABalpppap:95,ABalpppap,95,29409,4409,1084,1108,4074,10.1,572,220,36,165615
ABalpppap:96,ABalpppap,96,29548,4548,1351,1386,4250,10.9,574,219,34,139867
ABalpppap:97,ABalpppap,97,30602,5602,2336,2379,5374,10.1,577,223,38,181881
ABalpppap:98,ABalpppap,98,30275,5275,1845,1886,5044,11.2,572,214,38,200150
ABalpppap:99,ABalpppap,99,29496,4496,1073,1265,4076,11.3,574,211,38,184884
ABalpppap:100,ABalpppap,100,29844,4844,1788,1813,4571,12.1,567,210,38,201770
ABalpppap:101,ABalpppap,101,28396,3396,244,299,3084,12.4,569,202,37,174167
ABalpppap:102,ABalpppap,102,29912,4912,1328,1266,4613,13.1,568,203,36,184974
ABalpppap:103,ABalpppap,103,30254,5254,2280,2468,4642,13.2,573,197,36,204815
ABalpppap:104,ABalpppap,104,30236,5236,1925,1905,4762,14.0,578,196,35,173819
ABalpppap:105,ABalpppap,105,31448,6448,2999,3127,5722,13.1,582,195,35,189357
ABalpppp:69,ABalpppp,69,27363,2363,-516,-521,2322,16.0,517,183,33,167503
ABalpppp:70,ABalpppp,70,27778,2778,-359,-356,2772,16.0,516,185,43,221025
ABalpppp:71,ABalpppp,71,28363,3363,532,553,3261,15.1,515,185,44,234634
ABalpppp:72,ABalpppp,72,28297,3297,535,531,3269,15.2,505,192,46,278665
ABalpppp:73,ABalpppp,73,28704,3704,601,597,3655,15.1,509,193,45,253013
ABalpppp:74,ABalpppp,74,28677,3677,626,659,3437,14.3,504,194,46,301684
ABalpppp:75,ABalpppp,75,28613,3613,632,624,3573,14.2,515,211,46,318581
ABalpppp:76,ABalpppp,76,28975,3975,767,766,3697,15.0,507,223,44,287245
ABalpppp:77,ABalpppp,77,28714,3714,750,750,3545,14.9,501,227,44,288346
ABalpppp:78,ABalpppp,78,28594,3594,400,400,3189,14.1,497,238,45,293450
ABalpppp:79,ABalpppp,79,28506,3506,300,307,3330,14.2,492,238,47,343108
ABalpppp:80,ABalpppp,80,29010,4010,967,965,3986,14.2,483,244,46,328238
ABalpppp:81,ABalpppp,81,28964,3964,993,1005,3936,15.0,481,238,48,387720
ABalpppp:82,ABalpppp,82,29139,4139,1027,1027,4115,15.1,480,235,48,376909
ABalpppp:83,ABalpppp,83,29183,4183,1339,1348,4163,15.0,487,237,46,343169
ABalpppp:84,ABalpppp,84,28724,3724,614,701,3415,14.2,494,239,46,348600
ABalpppp:85,ABalpppp,85,28836,3836,652,731,3649,13.2,501,239,46,346862
ABalpppp:86,ABalpppp,86,28618,3618,320,347,3439,12.4,511,239,46,327734
ABalpppp:87,ABalpppp,87,29903,4903,1696,1731,4765,13.1,520,236,44,347771
ABalpppp:88,ABalpppp,88,28983,3983,749,748,3816,12.0,519,241,44,349341
ABalpppp:89,ABalpppp,89,29537,4537,1250,1256,4374,12.0,516,238,43,325754
ABalpppp:90,ABalpppp,90,27946,2946,-376,-376,2892,13.0,519,241,43,290430
ABalppppa:91,ABalppppa,91,27974,2974,-349,-342,2797,13.1,544,249,34,140552
ABalppppa:92,ABalppppa,92,28694,3694,555,574,3520,12.9,545,256,40,186037
ABalppppa:93,ABalppppa,93,29899,4899,1544,1534,4731,12.8,542,253,38,168699
ABalppppa:94,ABalppppa,94,30338,5338,2570,2634,5126,13.0,539,256,38,167783
ABalppppa:95,ABalppppa,95,28331,3331,309,322,3172,13.0,551,260,40,193681
ABalppppa:96,ABalppppa,96,28833,3833,591,628,3262,12.3,558,260,38,144720
ABalppppa:97,ABalppppa,97,28794,3794,511,515,3272,12.1,561,270,36,160836
ABalppppa:98,ABalppppa,98,29020,4020,972,980,3808,12.2,565,265,38,176431
ABalppppa:99,ABalppppa,99,29636,4636,1270,1283,4453,12.2,559,254,36,163239
ABalppppa:100,ABalppppa,100,28853,3853,607,580,3553,13.1,551,247,38,196623
ABalppppa:101,ABalppppa,101,28621,3621,355,354,3436,13.2,549,243,37,173487
ABalppppa:102,ABalppppa,102,29170,4170,777,846,3711,13.1,548,242,34,159360
ABalppppa:103,ABalppppa,103,29832,4832,1236,1299,4316,12.3,550,240,36,170111
ABalppppa:104,ABalppppa,104,29482,4482,1201,1211,3353,13.1,552,235,35,155389
ABalppppa:105,ABalppppa,105,29485,4485,1228,1253,3902,13.0,552,229,35,173261
ABalppppp:91,ABalppppp,91,28412,3412,-14,-14,3328,12.0,488,238,34,137848
ABalppppp:92,ABalppppp,92,28355,3355,-376,-385,3140,12.1,481,237,40,188537
ABalppppp:93,ABalppppp,93,30680,5680,2604,2586,5402,12.0,485,227,38,171811
ABalppppp:94,ABalppppp,94,29197,4197,1090,1115,3957,12.0,480,216,38,183126
ABalppppp:95,ABalppppp,95,29784,4784,1372,1372,4487,11.2,492,216,40,170095
ABalppppp:96,ABalppppp,96,29707,4707,1249,1298,3756,11.2,499,210,38,183891
ABalppppp:97,ABalppppp,97,29871,4871,1555,1556,4409,12.0,502,206,38,189478
ABalppppp:98,ABalppppp,98,29721,4721,1505,1587,3675,11.2,508,206,38,185740
ABalppppp:99,ABalppppp,99,29889,4889,1645,1662,4512,12.0,507,207,38,203370
ABalppppp:100,ABalppppp,100,30421,5421,2219,2260,5032,11.2,503,207,36,171887
ABalppppp:101,ABalppppp,101,29094,4094,317,318,3346,11.1,503,210,37,184663
ABalppppp:102,ABalppppp,102,31141,6141,2328,2383,5319,12.0,502,205,36,182367
ABalppppp:103,ABalppppp,103,29502,4502,646,639,3801,12.1,505,206,36,188881
ABalppppp:104,ABalppppp,104,30160,5160,1255,1224,4523,12.3,513,204,35,159851
ABalppppp:105,ABalppppp,105,30282,5282,1706,1768,4800,13.1,517,197,35,160695
ABar:8,ABar,8,27324,2324,-612,-616,2324,18.7,573,336,81,1481038
ABar:9,ABar,9,27597,2597,-5,-8,2597,17.3,558,341,52,490353
ABar:10,ABar,10,27903,2903,-60,-50,2903,17.3,552,366,76,1413534
ABar:11,ABar,11,27933,2933,-99,-99,2933,19.1,557,392,75,1507171
ABar:12,ABar,12,27931,2931,200,200,2931,19.1,548,406,82,2221195
ABar:13,ABar,13,28125,3125,292,292,3125,19.3,528,413,84,2604436
ABar:14,ABar,14,27985,2985,265,261,2985,17.5,520,421,83,2717833
ABar:15,ABar,15,27802,2802,9,-5,2802,16.1,522,424,78,2727113
ABar:16,ABar,16,28095,3095,236,234,3095,14.0,514,427,80,2432175
ABar:17,ABar,17,27563,2563,-521,-521,2563,12.1,502,398,69,1401048
ABara:18,ABara,18,27625,2625,-618,-678,2576,15.9,515,392,78,1469067
ABara:19,ABara,19,27368,2368,-365,-368,2368,19.1,515,379,78,1289260
ABara:20,ABara,20,27514,2514,-264,-251,2514,18.6,523,390,75,1194761
ABara:21,ABara,21,27936,2936,136,137,2936,18.7,531,386,75,1329648
ABara:22,ABara,22,27853,2853,181,181,2853,20.9,543,383,75,1439574
ABara:23,ABara,23,27928,2928,28,28,2928,21.7,543,371,73,1368360
ABara:24,ABara,24,27331,2331,-240,-240,2331,21.9,541,353,71,1253435
ABara:25,ABara,25,27591,2591,-190,-190,2591,21.4,554,360,70,1364446
ABara:26,ABara,26,27601,2601,-124,-124,2601,22.0,555,361,72,1575908
ABara:27,ABara,27,27908,2908,120,120,2908,21.4,539,371,72,1673481
ABara:28,ABara,28,27749,2749,109,109,2749,20.5,537,378,71,1637925
ABara:29,ABara,29,27756,2756,146,146,2756,20.1,532,378,53,715226
ABaraa:30,ABaraa,30,27498,2498,-309,-338,2498,19.5,562,363,49,436232
ABaraa:31,ABaraa,31,27733,2733,140,150,2733,20.8,573,364,57,578215
ABaraa:32,ABaraa,32,28034,3034,337,324,3034,20.1,576,359,57,617662
ABaraa:33,ABaraa,33,27664,2664,51,51,2664,20.2,579,356,59,668927
ABaraa:34,ABaraa,34,27405,2405,-434,-434,2405,21.1,588,352,61,809114
ABaraa:35,ABaraa,35,27276,2276,-580,-580,2276,21.8,600,344,60,844007
ABaraa:36,ABaraa,36,27778,2778,181,181,2778,20.9,602,344,60,895053
ABaraa:37,ABaraa,37,27631,2631,-34,-34,2631,20.3,604,344,63,951735
ABaraa:38,ABaraa,38,27547,2547,-150,-150,2547,21.1,609,350,61,977143
ABaraa:39,ABaraa,39,27750,2750,-3,-3,2750,20.2,605,349,64,1119665
ABaraa:40,ABaraa,40,27918,2918,163,163,2918,20.1,609,361,66,1170458
ABaraa:41,ABaraa,41,27524,2524,-140,-140,2524,19.2,617,361,65,1173158
ABaraa:42,ABaraa,42,27978,2978,290,290,2978,19.9,619,363,62,1094480
ABaraa:43,ABaraa,43,27662,2662,4,4,2662,19.3,624,365,65,1223798
ABaraa:44,ABaraa,44,27796,2796,94,94,2796,19.0,621,362,63,1127959
ABaraa:45,ABaraa,45,27473,2473,-472,-472,2473,19.1,620,352,63,1145632
ABaraa:46,ABaraa,46,27608,2608,-283,-283,2608,18.9,621,362,60,964210
ABaraa:47,ABaraa,47,27810,2810,-24,-26,2810,18.8,625,358,60,987749
ABaraaa:48,ABaraaa,48,27630,2630,71,81,2629,17.1,629,393,52,540239
ABaraaa:49,ABaraaa,49,27618,2618,96,153,2618,19.8,636,374,57,591461
ABaraaa:50,ABaraaa,50,27923,2923,453,473,2918,19.1,645,364,53,491304
ABaraaa:51,ABaraaa,51,27580,2580,194,194,2580,18.1,651,371,55,568342
ABaraaa:52,ABaraaa,52,28280,3280,791,793,3275,18.0,652,374,53,547464
ABaraaa:53,ABaraaa,53,28058,3058,480,480,3058,17.2,654,382,54,652847
ABaraaa:54,ABaraaa,54,27621,2621,-102,-102,2621,18.0,650,382,54,658280
ABaraaa:55,ABaraaa,55,27524,2524,-103,-91,2523,17.3,648,378,56,690633
ABaraaa:56,ABaraaa,56,27484,2484,-114,-114,2484,17.9,645,382,54,705402
ABaraaa:57,ABaraaa,57,27857,2857,285,283,2857,18.1,639,383,55,692826
ABaraaa:58,ABaraaa,58,28303,3303,773,771,3302,18.1,638,381,53,653148
ABaraaa:59,ABaraaa,59,27786,2786,232,231,2784,18.1,639,378,55,685223
ABaraaa:60,ABaraaa,60,27909,2909,301,304,2909,18.1,631,384,59,828614
ABaraaa:61,ABaraaa,61,28392,3392,966,954,3392,17.4,629,383,60,881341
ABaraaa:62,ABaraaa,62,27728,2728,62,63,2728,18.1,624,385,58,822044
ABaraaa:63,ABaraaa,63,27812,2812,265,263,2812,19.0,627,383,54,562870
ABaraaa:64,ABaraaa,64,27732,2732,239,238,2732,18.3,625,387,56,564007
ABaraaa:65,ABaraaa,65,28206,3206,552,552,3206,17.2,620,386,54,617793
ABaraaa:66,ABaraaa,66,28212,3212,534,534,3212,17.1,614,388,54,625494
ABaraaa:67,ABaraaa,67,28326,3326,697,698,3324,17.9,613,382,53,593727
ABaraaa:68,ABaraaa,68,27626,2626,53,68,2607,18.8,619,375,50,503898
ABaraaaa:69,ABaraaaa,69,27305,2305,-265,-277,2253,19.2,641,363,37,185691
ABaraaaa:70,ABaraaaa,70,27754,2754,199,228,2740,20.9,650,345,43,216952
ABaraaaa:71,ABaraaaa,71,27929,2929,477,509,2877,20.0,661,343,46,294415
ABaraaaa:72,ABaraaaa,72,28726,3726,1361,1356,3525,19.0,673,349,44,257113
ABaraaaa:73,ABaraaaa,73,27355,2355,40,35,2178,19.0,672,365,45,253962
ABaraaaa:74,ABaraaaa,74,27588,2588,414,433,2496,19.2,675,355,46,302163
ABaraaaa:75,ABaraaaa,75,28034,3034,687,729,2954,20.1,664,355,44,275043
ABaraaaa:76,ABaraaaa,76,27937,2937,459,424,2564,19.1,669,357,44,294245
ABaraaaa:77,ABaraaaa,77,28448,3448,876,920,2998,18.0,676,356,44,317405
ABaraaaa:78,ABaraaaa,78,28582,3582,791,809,3132,18.0,686,348,43,297178
ABaraaaa:79,ABaraaaa,79,27827,2827,-125,-58,2334,17.0,686,358,43,304236
ABaraaaa:80,ABaraaaa,80,28204,3204,469,548,2749,17.0,682,362,44,315191
ABaraaaa:81,ABaraaaa,81,28462,3462,793,813,3302,16.9,679,361,44,340200
ABaraaaa:82,ABaraaaa,82,28881,3881,1317,1466,3650,15.3,672,369,46,382643
ABaraaaa:83,ABaraaaa,83,29106,4106,1576,1588,3876,15.2,660,377,46,392207
ABaraaaa:84,ABaraaaa,84,29246,4246,1632,1626,4078,14.2,669,372,46,392458
ABaraaaa:85,ABaraaaa,85,28296,3296,658,656,3006,15.9,663,374,44,334637
ABaraaaa:86,ABaraaaa,86,28586,3586,1096,1124,3426,15.9,667,368,44,345075
ABaraaaa:87,ABaraaaa,87,28366,3366,602,609,3162,15.1,660,372,46,409131
ABaraaaa:88,ABaraaaa,88,28192,3192,702,764,3069,15.3,665,378,48,430080
ABaraaaa:89,ABaraaaa,89,28751,3751,1086,1146,3519,15.1,668,373,47,410777
ABaraaaa:90,ABaraaaa,90,28083,3083,278,294,2843,16.0,669,362,47,339869
ABaraaaa:91,ABaraaaa,91,28963,3963,952,1003,3722,16.0,678,357,44,294057
ABaraaaa:92,ABaraaaa,92,28889,3889,895,907,3490,16.0,685,358,42,266690
ABaraaaa:93,ABaraaaa,93,29032,4032,941,961,3806,15.8,691,371,38,232669
ABaraaaa:94,ABaraaaa,94,28440,3440,83,83,3188,15.9,692,358,38,250888
ABaraaaa:95,ABaraaaa,95,29216,4216,1404,1335,3895,16.1,691,349,38,251579
ABaraaaa:96,ABaraaaa,96,28845,3845,691,674,3337,16.2,684,349,38,233572
ABaraaaa:97,ABaraaaa,97,28512,3512,28,71,2900,16.2,670,355,36,270125
ABaraaaaa:98,ABaraaaaa,98,28703,3703,595,578,2955,16.2,679,358,38,254678
ABaraaaaa:99,ABaraaaaa,99,27909,2909,-302,-200,2424,16.0,684,363,34,182225
ABaraaaaa:100,ABaraaaaa,100,27879,2879,143,132,2394,16.0,687,363,34,182225
ABaraaaaa:101,ABaraaaaa,101,28841,3841,1319,1427,3356,16.0,690,364,33,182225
ABaraaaaa:102,ABaraaaaa,102,30514,5514,2610,2809,5053,16.0,694,365,32,143849
ABaraaaaa:103,ABaraaaaa,103,29457,4457,1431,1627,3728,15.2,686,373,36,210600
ABaraaaaa:104,ABaraaaaa,104,28391,3391,-234,8,911,15.2,677,378,35,164545
ABaraaaaa:105,ABaraaaaa,105,28210,3210,205,355,1742,16.0,670,378,35,167576
ABaraaaap:98,ABaraaaap,98,27926,2926,47,3,2499,19.0,645,344,36,179425
ABaraaaap:99,ABaraaaap,99,27924,2924,159,134,2359,20.2,654,339,36,167537
ABaraaaap:100,ABaraaaap,100,27814,2814,178,175,2222,20.0,644,343,34,133188
ABaraaaap:101,ABaraaaap,101,27898,2898,423,551,2529,20.3,644,353,35,120854
ABaraaaap:102,ABaraaaap,102,27871,2871,466,496,2704,21.0,643,360,36,149682
ABaraaaap:103,ABaraaaap,103,28446,3446,1056,1194,3270,20.3,634,365,36,151069
ABaraaaap:104,ABaraaaap,104,29182,4182,1539,1569,3920,20.1,643,370,35,153683
ABaraaaap:105,ABaraaaap,105,29579,4579,1898,1902,4327,21.0,633,367,33,131135
ABaraaap:69,ABaraaap,69,27247,2247,-571,-595,2207,17.0,604,382,35,179007
ABaraaap:70,ABaraaap,70,27479,2479,-210,-213,2464,18.0,608,374,43,227301
ABaraaap:71,ABaraaap,71,28357,3357,779,776,3344,17.3,611,371,44,223911
ABaraaap:72,ABaraaap,72,28507,3507,616,618,3477,17.2,596,373,46,253955
ABaraaap:73,ABaraaap,73,28232,3232,865,810,3042,19.0,585,380,47,293876
ABaraaap:74,ABaraaap,74,28026,3026,289,312,2883,18.1,583,378,48,372250
ABaraaap:75,ABaraaap,75,28297,3297,675,702,3047,17.1,574,384,48,376992
ABaraaap:76,ABaraaap,76,28069,3069,344,323,2945,17.0,577,382,48,390010
ABaraaap:77,ABaraaap,77,28136,3136,272,285,3061,16.3,577,377,48,368742
ABaraaap:78,ABaraaap,78,28875,3875,1096,1129,3672,16.1,584,387,47,355177
ABaraaap:79,ABaraaap,79,28484,3484,821,859,2854,15.1,581,396,47,371135
ABaraaap:80,ABaraaap,80,28234,3234,421,459,2740,15.2,581,399,48,414821
ABaraaap:81,ABaraaap,81,28725,3725,1005,1072,3531,16.1,580,396,48,423623
ABaraaap:82,ABaraaap,82,29042,4042,1308,1410,3810,16.0,582,401,46,384893
ABaraaap:83,ABaraaap,83,28814,3814,1174,1228,3500,15.9,587,409,44,318505
ABaraaap:84,ABaraaap,84,28602,3602,802,878,3517,16.0,595,405,48,419121
ABaraaap:85,ABaraaap,85,28270,3270,475,518,3119,16.2,594,406,46,337809
ABaraaap:86,ABaraaap,86,28263,3263,636,639,3244,17.2,604,402,48,356563
ABaraaap:87,ABaraaap,87,27943,2943,395,381,2897,17.3,598,403,48,352136
ABaraaap:88,ABaraaap,88,28088,3088,580,592,3024,18.1,596,397,46,370463
ABaraaap:89,ABaraaap,89,28050,3050,558,557,2971,18.0,598,398,43,316559
ABaraaap:90,ABaraaap,90,27097,2097,-604,-575,1903,17.3,598,394,39,208684
ABaraaapa:91,ABaraaapa,91,28118,3118,193,220,2416,16.2,632,385,38,163361
ABaraaapa:92,ABaraaapa,92,27339,2339,-437,-348,2012,17.0,638,385,36,150953
ABaraaapa:93,ABaraaapa,93,27575,2575,-129,-101,2207,17.0,646,383,38,167013
ABaraaapa:94,ABaraaapa,94,28421,3421,520,678,2797,17.1,654,373,42,201785
ABaraaapa:95,ABaraaapa,95,28653,3653,888,1053,3089,17.1,653,378,40,178215
ABaraaapa:96,ABaraaapa,96,28080,3080,352,406,2809,17.1,645,386,40,178215
ABaraaapa:97,ABaraaapa,97,28000,3000,385,386,2729,17.6,632,386,39,178215
ABaraaapa:98,ABaraaapa,98,29266,4266,1703,1712,3954,18.1,619,386,38,161873
ABaraaapa:99,ABaraaapa,99,28167,3167,468,468,2886,18.1,628,384,38,144321
ABaraaapa:100,ABaraaapa,100,27318,2318,-448,-433,1859,17.2,633,389,38,157666
ABaraaapa:101,ABaraaapa,101,29163,4163,1300,1221,3926,18.0,632,388,37,138130
ABaraaapa:102,ABaraaapa,102,28464,3464,824,820,3277,17.2,626,394,36,136690
ABaraaapa:103,ABaraaapa,103,28565,3565,645,637,3392,17.1,613,401,36,158361
ABaraaapa:104,ABaraaapa,104,29157,4157,1416,1383,3922,17.0,609,399,35,136748
ABaraaapa:105,ABaraaapa,105,28078,3078,122,98,2900,18.0,605,404,35,132043
ABaraaapp:91,ABaraaapp,91,27631,2631,-198,-191,2448,19.0,581,392,38,136711
ABaraaapp:92,ABaraaapp,92,27841,2841,446,450,2343,18.0,575,394,40,170063
ABaraaapp:93,ABaraaapp,93,28587,3587,1228,1187,3414,18.9,578,395,38,159481
ABaraaapp:94,ABaraaapp,94,27173,2173,-593,-450,1718,18.9,576,387,38,160671
ABaraaapp:95,ABaraaapp,95,27582,2582,-265,-250,1939,18.1,578,402,40,183544
ABaraaapp:96,ABaraaapp,96,29881,4881,2120,2142,4519,18.3,574,403,38,164944
ABaraaapp:97,ABaraaapp,97,27680,2680,85,165,1984,18.1,566,416,38,171711
ABaraaapp:98,ABaraaapp,98,28960,3960,1607,1586,3642,19.1,563,417,38,165059
ABaraaapp:99,ABaraaapp,99,27497,2497,-336,-297,2194,19.1,556,417,38,188518
ABaraaapp:100,ABaraaapp,100,27773,2773,201,202,2491,19.1,556,412,38,163218
ABaraaapp:101,ABaraaapp,101,28375,3375,1031,1012,2869,18.2,557,420,37,161414
ABaraaapp:102,ABaraaapp,102,28331,3331,341,393,2920,18.0,553,416,36,173618
ABaraaapp:103,ABaraaapp,103,28213,3213,595,613,2796,17.3,552,415,36,166879
ABaraaapp:104,ABaraaapp,104,28250,3250,584,607,2897,18.1,549,417,35,148406
ABaraaapp:105,ABaraaapp,105,27807,2807,-11,-28,2373,18.3,543,414,35,149208
ABaraap:48,ABaraap,48,28062,3062,307,299,3060,20.1,598,344,52,532265
ABaraap:49,ABaraap,49,28166,3166,405,420,3166,20.9,591,327,57,534315
ABaraap:50,ABaraap,50,27358,2358,-149,-149,2358,21.0,592,316,57,514359
ABaraap:51,ABaraap,51,27918,2918,513,513,2918,22.1,577,308,55,489731
ABaraap:52,ABaraap,52,27292,2292,-478,-478,2292,22.1,575,323,57,527243
ABaraap:53,ABaraap,53,27302,2302,-460,-460,2302,22.1,583,323,54,528044
ABaraap:54,ABaraap,54,27464,2464,-400,-400,2464,21.9,583,321,54,570911
ABaraap:55,ABaraap,55,27862,2862,368,375,2862,21.3,576,332,56,611757
ABaraap:56,ABaraap,56,27439,2439,115,113,2439,22.2,572,331,56,624990
ABaraap:57,ABaraap,57,27818,2818,292,292,2818,22.1,568,327,55,551478
ABaraap:58,ABaraap,58,28105,3105,411,433,3105,22.1,565,334,57,635048
ABaraap:59,ABaraap,59,27135,2135,-360,-359,2135,22.1,561,331,55,591904
ABaraap:60,ABaraap,60,27542,2542,19,18,2542,22.1,568,331,59,669908
ABaraap:61,ABaraap,61,27899,2899,371,391,2899,22.2,570,332,58,677085
ABaraap:62,ABaraap,62,27494,2494,-102,-95,2494,22.2,567,332,60,739942
ABaraap:63,ABaraap,63,27578,2578,307,309,2578,22.1,569,333,54,488009
ABaraap:64,ABaraap,64,27357,2357,-150,-150,2357,22.0,567,335,56,516236
ABaraap:65,ABaraap,65,27917,2917,336,333,2917,22.1,573,338,56,557366
ABaraap:66,ABaraap,66,27675,2675,251,265,2675,22.1,570,341,54,503640
ABaraap:67,ABaraap,67,27607,2607,-273,-273,2605,22.1,568,346,37,219328
ABaraapa:68,ABaraapa,68,27861,2861,488,444,2830,22.1,594,340,34,142567
ABaraapa:69,ABaraapa,69,27692,2692,317,318,2684,22.1,604,328,41,170048
ABaraapa:70,ABaraapa,70,27904,2904,262,295,2894,23.0,605,318,43,172987
ABaraapa:71,ABaraapa,71,27722,2722,215,199,2713,22.1,609,324,44,211472
ABaraapa:72,ABaraapa,72,27548,2548,-272,-277,2536,22.1,621,334,44,211972
ABaraapa:73,ABaraapa,73,27001,2001,-232,-225,1998,22.0,624,327,47,259989
ABaraapa:74,ABaraapa,74,27934,2934,507,534,2930,23.0,627,333,48,327000
ABaraapa:75,ABaraapa,75,27876,2876,298,316,2853,23.0,621,340,46,289327
ABaraapa:76,ABaraapa,76,27389,2389,-383,-341,2225,21.3,637,343,48,300998
ABaraapa:77,ABaraapa,77,27990,2990,238,254,2789,21.2,647,352,48,342275
ABaraapa:78,ABaraapa,78,28298,3298,811,803,3274,21.2,639,352,47,300320
ABaraapa:79,ABaraapa,79,28480,3480,697,711,3427,20.2,644,363,47,282831
ABaraapa:80,ABaraapa,80,27739,2739,114,145,2728,21.2,635,362,48,349529
ABaraapa:81,ABaraapa,81,27360,2360,-105,-117,2323,21.0,639,366,48,363171
ABaraapa:82,ABaraapa,82,27878,2878,417,434,2862,20.2,643,366,48,371536
ABaraapa:83,ABaraapa,83,27628,2628,-108,-30,2408,20.1,645,367,48,393264
ABaraapa:84,ABaraapa,84,28341,3341,864,867,3227,20.1,653,365,44,314850
ABaraapa:85,ABaraapa,85,28781,3781,1126,1206,3435,20.2,647,363,48,404268
ABaraapa:86,ABaraapa,86,28026,3026,242,271,2811,21.1,649,356,48,411577
ABaraapa:87,ABaraapa,87,28426,3426,564,580,3250,21.1,651,356,48,410548
ABaraapa:88,ABaraapa,88,28488,3488,694,739,3364,20.1,660,351,46,372377
ABaraapa:89,ABaraapa,89,28473,3473,466,477,3312,20.2,648,349,45,338741
ABaraapa:90,ABaraapa,90,28522,3522,514,570,3268,20.2,645,342,45,263842
ABaraapa:91,ABaraapa,91,27792,2792,254,233,2747,22.0,641,338,42,254364
ABaraapaa:92,ABaraapaa,92,27530,2530,-193,-225,2276,20.9,660,341,40,193373
ABaraapaa:93,ABaraapaa,93,28083,3083,161,233,2550,19.1,682,339,38,206765
ABaraapaa:94,ABaraapaa,94,28546,3546,1044,1044,3169,19.9,682,328,38,204748
ABaraapaa:95,ABaraapaa,95,28419,3419,240,260,3128,20.1,673,326,38,188534
ABaraapaa:96,ABaraapaa,96,27999,2999,102,97,2745,21.1,669,332,38,193082
ABaraapaa:97,ABaraapaa,97,28213,3213,255,255,3043,21.1,661,331,36,167720
ABaraapaa:98,ABaraapaa,98,29503,4503,1314,1312,4109,22.1,661,323,36,171358
ABaraapaa:99,ABaraapaa,99,28320,3320,418,458,2701,22.1,669,316,38,201846
ABaraapaa:100,ABaraapaa,100,28477,3477,737,725,3095,22.1,666,319,38,195029
ABaraapaa:101,ABaraapaa,101,28327,3327,625,615,3232,22.0,663,315,35,152712
ABaraapaa:102,ABaraapaa,102,28767,3767,691,609,3507,20.3,661,319,36,148298
ABaraapaa:103,ABaraapaa,103,29009,4009,1248,1280,3676,20.1,654,329,36,170211
ABaraapaa:104,ABaraapaa,104,28120,3120,-611,-498,2312,18.2,653,335,35,147913
ABaraapaa:105,ABaraapaa,105,29281,4281,855,811,3786,19.1,644,331,35,158219
ABaraapap:92,ABaraapap,92,27056,2056,-1218,-1034,1696,22.0,632,325,26,62230
ABaraapap:93,ABaraapap,93,27531,2531,-448,-519,2136,22.0,632,314,38,160349
ABaraapap:94,ABaraapap,94,27409,2409,-505,-492,2283,22.0,631,297,38,153321
ABaraapap:95,ABaraapap,95,27283,2283,-518,-531,2184,23.0,618,306,36,118898
ABaraapap:96,ABaraapap,96,27441,2441,-284,-110,2111,23.0,606,309,38,128974
ABaraapap:97,ABaraapap,97,28337,3337,905,859,3206,22.0,599,310,34,90549
ABaraapap:98,ABaraapap,98,27887,2887,86,64,2806,23.0,591,309,38,142981
ABaraapap:99,ABaraapap,99,28343,3343,790,841,3101,20.3,597,312,36,125088
ABaraapap:100,ABaraapap,100,28483,3483,647,637,3287,20.1,599,309,36,128041
ABaraapap:101,ABaraapap,101,28299,3299,884,911,3252,22.1,600,314,35,103720
ABaraapap:102,ABaraapap,102,27715,2715,230,242,2655,22.1,602,325,36,123519
ABaraapap:103,ABaraapap,103,28381,3381,656,701,3185,22.0,600,328,36,127987
ABaraapap:104,ABaraapap,104,27598,2598,-491,-501,2386,22.0,600,323,35,120398
ABaraapap:105,ABaraapap,105,27957,2957,-90,-110,2728,20.2,591,314,35,123254
ABaraapp:68,ABaraapp,68,27871,2871,268,268,2858,20.3,533,335,32,118802
ABaraapp:69,ABaraapp,69,27390,2390,-63,-47,2360,21.0,534,331,39,146219
ABaraapp:70,ABaraapp,70,27654,2654,219,220,2654,22.0,528,323,43,177570
ABaraapp:71,ABaraapp,71,28152,3152,466,464,3144,22.1,525,316,42,171138
ABaraapp:72,ABaraapp,72,27650,2650,132,155,2644,22.0,517,320,42,178611
ABaraapp:73,ABaraapp,73,28375,3375,869,865,3373,23.0,514,329,45,209947
ABaraapp:74,ABaraapp,74,28194,3194,527,524,3194,22.1,519,329,44,206049
ABaraapp:75,ABaraapp,75,28349,3349,921,921,3347,23.0,515,339,44,213550
ABaraapp:76,ABaraapp,76,27522,2522,146,147,2522,23.1,529,345,46,263291
ABaraapp:77,ABaraapp,77,27741,2741,135,136,2739,22.9,538,348,44,212519
ABaraapp:78,ABaraapp,78,27763,2763,267,267,2759,23.1,551,345,43,181415
ABaraapp:79,ABaraapp,79,27906,2906,246,265,2894,22.1,554,348,45,209935
ABaraapp:80,ABaraapp,80,27610,2610,-138,-116,2596,22.2,556,343,48,302412
ABaraapp:81,ABaraapp,81,28405,3405,881,881,3400,23.0,559,344,48,298669
ABaraapp:82,ABaraapp,82,27850,2850,274,269,2848,23.1,567,340,48,305962
ABaraapp:83,ABaraapp,83,28376,3376,658,651,3374,22.1,569,344,48,329095
ABaraapp:84,ABaraapp,84,28739,3739,1200,1203,3733,22.2,571,351,48,327115
ABaraapp:85,ABaraapp,85,28236,3236,641,634,3230,23.1,567,346,48,329410
ABaraapp:86,ABaraapp,86,27631,2631,192,209,2628,23.1,569,341,48,334722
ABaraapp:87,ABaraapp,87,27578,2578,55,57,2574,23.1,571,336,48,333842
ABaraapp:88,ABaraapp,88,27917,2917,357,359,2891,22.2,573,330,48,332801
ABaraapp:89,ABaraapp,89,27820,2820,291,291,2820,23.0,567,330,43,248992
ABaraapp:90,ABaraapp,90,27690,2690,53,53,2682,22.1,581,328,37,154273
ABaraappa:91,ABaraappa,91,27210,2210,-126,-133,2191,22.1,590,322,34,105754
ABaraappa:92,ABaraappa,92,27390,2390,-133,-150,2339,22.1,591,313,36,140017
ABaraappa:93,ABaraappa,93,28694,3694,1046,1070,3598,22.1,593,311,38,139670
ABaraappa:94,ABaraappa,94,27811,2811,165,70,2729,23.0,594,311,38,139726
ABaraappa:95,ABaraappa,95,27709,2709,119,61,2605,23.0,586,328,36,113646
ABaraappa:96,ABaraappa,96,29220,4220,1686,1662,4009,23.1,582,333,38,137960
ABaraappa:97,ABaraappa,97,27210,2210,-724,-752,2009,23.0,567,328,38,145610
ABaraappa:98,ABaraappa,98,27424,2424,-309,-318,2323,22.0,560,333,26,43912
ABaraappa:99,ABaraappa,99,27770,2770,272,351,2493,21.1,570,331,38,140056
ABaraappa:100,ABaraappa,100,28718,3718,868,978,3457,22.1,576,334,38,155305
ABaraappa:101,ABaraappa,101,27089,2089,-834,-795,1934,22.1,571,349,35,109284
ABaraappa:102,ABaraappa,102,27199,2199,-316,-330,2120,23.0,573,357,34,105701
ABaraappa:103,ABaraappa,103,28279,3279,390,343,3060,24.1,575,351,32,91176
ABaraappa:104,ABaraappa,104,28505,3505,1020,1078,3387,23.1,577,353,35,112695
ABaraappa:105,ABaraappa,105,27804,2804,-122,-160,2678,22.1,569,349,35,111484
ABaraappp:91,ABaraappp,91,27682,2682,40,40,2678,22.1,532,309,36,117336
ABaraappp:92,ABaraappp,92,27786,2786,-17,-17,2727,22.1,532,309,36,117336
ABaraappp:93,ABaraappp,93,28107,3107,512,512,3088,23.0,518,309,27,38288
ABaraappp:94,ABaraappp,94,28063,3063,329,354,2861,22.0,519,306,38,123804
ABaraappp:95,ABaraappp,95,27605,2605,-165,-139,2271,22.1,509,318,38,128108
ABaraappp:96,ABaraappp,96,28448,3448,1012,1012,3349,23.0,496,321,38,134761
ABaraappp:97,ABaraappp,97,28043,3043,282,282,2993,22.1,492,329,38,134065
ABaraappp:98,ABaraappp,98,27827,2827,-149,-149,2682,22.1,504,332,38,133484
ABaraappp:99,ABaraappp,99,28944,3944,1182,1183,3831,22.1,509,333,38,150389
ABaraappp:100,ABaraappp,100,27747,2747,-14,-14,2694,21.1,507,341,38,159240
ABaraappp:101,ABaraappp,101,28369,3369,686,687,3305,21.1,503,347,37,131206
ABaraappp:102,ABaraappp,102,28507,3507,570,562,3460,21.1,506,350,36,135190
ABaraappp:103,ABaraappp,103,28274,3274,533,595,3231,22.0,516,351,36,144372
ABaraappp:104,ABaraappp,104,28625,3625,1108,1127,3366,22.1,516,349,35,118694
ABaraappp:105,ABaraappp,105,27730,2730,-135,-147,1963,21.1,513,340,35,115294
ABarap:30,ABarap,30,27881,2881,28,38,2872,19.2,501,386,49,480278
ABarap:31,ABarap,31,28071,3071,565,576,3071,20.8,502,388,57,615879
ABarap:32,ABarap,32,28147,3147,696,692,3147,19.9,501,386,55,578562
ABarap:33,ABarap,33,28014,3014,225,225,3014,20.9,491,405,57,656438
ABarap:34,ABarap,34,27647,2647,78,78,2647,20.2,483,408,61,886236
ABarap:35,ABarap,35,27918,2918,130,130,2918,20.9,492,403,60,980836
ABarap:36,ABarap,36,27731,2731,17,17,2731,21.8,488,398,60,971849
ABarap:37,ABarap,37,27605,2605,-122,-122,2605,21.0,488,389,61,976624
ABarap:38,ABarap,38,27334,2334,-443,-443,2334,21.1,491,382,61,944662
ABarap:39,ABarap,39,27342,2342,-325,-325,2342,21.2,489,380,62,972564
ABarap:40,ABarap,40,27289,2289,-356,-356,2289,21.1,496,386,62,1018718
ABarap:41,ABarap,41,27852,2852,168,168,2852,21.1,513,385,63,1038700
ABarap:42,ABarap,42,27784,2784,208,208,2784,21.8,510,383,62,1070537
ABarap:43,ABarap,43,27490,2490,-311,-311,2490,22.8,511,380,61,997513
ABarap:44,ABarap,44,27518,2518,-176,-176,2518,21.9,507,376,61,987698
ABarap:45,ABarap,45,27531,2531,-118,-118,2531,21.8,512,370,61,1014794
ABarap:46,ABarap,46,27627,2627,25,25,2627,21.0,509,374,60,829181
ABarap:47,ABarap,47,27375,2375,-197,-197,2375,20.8,500,379,60,902484
ABarapa:48,ABarapa,48,27536,2536,-57,-75,2536,20.1,519,412,52,560994
ABarapa:49,ABarapa,49,27506,2506,-26,-8,2497,20.9,532,399,57,628660
ABarapa:50,ABarapa,50,27150,2150,-618,-614,2121,20.1,540,393,57,600768
ABarapa:51,ABarapa,51,28202,3202,622,638,3186,20.1,543,400,57,638247
ABarapa:52,ABarapa,52,27872,2872,148,179,2868,20.2,547,411,55,582568
ABarapa:53,ABarapa,53,28028,3028,442,449,3027,20.1,550,407,54,638468
ABarapa:54,ABarapa,54,27899,2899,442,425,2899,19.2,560,405,54,627442
ABarapa:55,ABarapa,55,27900,2900,398,391,2900,19.1,558,408,54,683208
ABarapa:56,ABarapa,56,27995,2995,532,523,2995,19.3,553,410,56,788082
ABarapa:57,ABarapa,57,27793,2793,318,310,2793,20.0,553,404,57,754135
ABarapa:58,ABarapa,58,28119,3119,485,484,3119,20.0,552,408,53,627423
ABarapa:59,ABarapa,59,28082,3082,559,553,3082,19.9,551,406,53,637913
ABarapa:60,ABarapa,60,27647,2647,48,42,2647,19.3,550,411,55,692114
ABarapa:61,ABarapa,61,27563,2563,139,139,2563,19.9,549,409,54,732837
ABarapa:62,ABarapa,62,27934,2934,141,137,2934,19.3,543,411,56,771324
ABarapa:63,ABarapa,63,28194,3194,718,714,3194,19.1,543,416,54,599835
ABarapa:64,ABarapa,64,27832,2832,37,39,2831,19.0,530,410,54,600562
ABarapa:65,ABarapa,65,27645,2645,169,169,2643,19.9,524,407,54,580493
ABarapa:66,ABarapa,66,27745,2745,327,340,2742,19.0,521,414,54,594431
ABarapa:67,ABarapa,67,27776,2776,382,382,2770,19.1,526,409,35,216639
ABarapaa:68,ABarapaa,68,27314,2314,-480,-480,2295,19.3,548,413,34,158100
ABarapaa:69,ABarapaa,69,27804,2804,334,369,2770,21.1,557,400,41,203658
ABarapaa:70,ABarapaa,70,27702,2702,476,471,2676,22.1,562,386,45,194161
ABarapaa:71,ABarapaa,71,27313,2313,-65,-65,2284,22.1,566,383,42,188640
ABarapaa:72,ABarapaa,72,28086,3086,668,679,2971,22.1,565,381,46,277303
ABarapaa:73,ABarapaa,73,27455,2455,-71,-73,1846,22.1,565,384,45,246129
ABarapaa:74,ABarapaa,74,27912,2912,414,461,2575,22.0,564,389,44,258263
ABarapaa:75,ABarapaa,75,28244,3244,981,1024,2536,21.1,562,390,46,315220
ABarapaa:76,ABarapaa,76,27783,2783,546,597,2437,21.1,566,400,44,276294
ABarapaa:77,ABarapaa,77,27557,2557,4,-7,2402,21.0,570,401,44,251876
ABarapaa:78,ABarapaa,78,27884,2884,489,530,2480,20.1,569,404,43,249172
ABarapaa:79,ABarapaa,79,28681,3681,968,1130,3298,20.0,576,403,43,274796
ABarapaa:80,ABarapaa,80,28314,3314,737,761,2698,20.0,578,401,44,279982
ABarapaa:81,ABarapaa,81,27900,2900,315,394,1935,20.1,571,400,48,386880
ABarapaa:82,ABarapaa,82,28580,3580,856,1004,2647,20.1,571,400,48,386880
ABarapaa:83,ABarapaa,83,27695,2695,-86,-52,1797,19.2,572,405,46,331429
ABarapaa:84,ABarapaa,84,28493,3493,746,814,3335,20.0,563,409,44,286491
ABarapaa:85,ABarapaa,85,27204,2204,-282,-234,2170,21.1,556,407,48,380774
ABarapaa:86,ABarapaa,86,27830,2830,114,180,2787,21.1,554,400,46,316619
ABarapaa:87,ABarapaa,87,28202,3202,452,508,3135,21.1,549,398,48,368458
ABarapaa:88,ABarapaa,88,28291,3291,941,1003,3195,22.1,551,396,46,323757
ABarapaa:89,ABarapaa,89,27327,2327,-512,-531,2268,22.1,548,397,45,269390
ABarapaa:90,ABarapaa,90,28403,3403,1031,1010,3348,21.9,560,387,43,223133
ABarapaa:91,ABarapaa,91,28213,3213,271,214,2871,22.0,554,379,42,194095
ABarapaa:92,ABarapaa,92,27517,2517,35,-10,2196,22.0,557,379,40,207093
ABarapaaa:93,ABarapaaa,93,27220,2220,-593,-514,1960,21.0,600,370,36,129193
ABarapaaa:94,ABarapaaa,94,28136,3136,835,820,3087,21.9,611,363,38,152254
ABarapaaa:95,ABarapaaa,95,27262,2262,-215,-244,2198,21.2,610,368,38,134894
ABarapaaa:96,ABarapaaa,96,28449,3449,699,698,3335,21.1,604,374,38,152261
ABarapaaa:97,ABarapaaa,97,28587,3587,929,926,3573,22.1,594,371,38,146769
ABarapaaa:98,ABarapaaa,98,28103,3103,489,489,2968,23.1,589,380,36,136993
ABarapaaa:99,ABarapaaa,99,27841,2841,388,409,2771,22.1,586,385,38,147421
ABarapaaa:100,ABarapaaa,100,27263,2263,-302,-302,2191,22.1,601,387,34,107058
ABarapaaa:101,ABarapaaa,101,27591,2591,-61,-49,2356,21.0,595,390,35,105693
ABarapaaa:102,ABarapaaa,102,27972,2972,754,743,2617,21.1,584,403,36,147353
ABarapaaa:103,ABarapaaa,103,27386,2386,-97,-43,2055,20.2,579,405,36,154770
ABarapaaa:104,ABarapaaa,104,27831,2831,-282,-286,2223,20.2,579,405,35,119830
ABarapaaa:105,ABarapaaa,105,28643,3643,1054,1042,3351,21.1,573,395,35,138776
ABarapaap:93,ABarapaap,93,27377,2377,-122,-149,1919,22.0,548,373,38,133425
ABarapaap:94,ABarapaap,94,28635,3635,954,855,2871,21.2,555,373,40,151294
ABarapaap:95,ABarapaap,95,28097,3097,116,157,2879,23.0,554,386,36,125907
ABarapaap:96,ABarapaap,96,27671,2671,1,42,2395,23.0,540,391,38,144423
ABarapaap:97,ABarapaap,97,27890,2890,-107,-22,2535,21.3,538,399,36,121232
ABarapaap:98,ABarapaap,98,27374,2374,-342,-199,2035,22.0,533,398,38,155863
ABarapaap:99,ABarapaap,99,29022,4022,1251,1252,3902,22.0,529,389,38,164025
ABarapaap:100,ABarapaap,100,27732,2732,-374,-320,2508,22.1,535,390,38,159011
ABarapaap:101,ABarapaap,101,27999,2999,378,388,2829,22.0,537,401,37,144981
ABarapaap:102,ABarapaap,102,27936,2936,40,48,2700,22.0,525,407,36,161920
ABarapaap:103,ABarapaap,103,27758,2758,138,138,2622,22.0,520,406,36,152291
ABarapaap:104,ABarapaap,104,28679,3679,1149,1124,3472,22.2,524,393,35,119759
ABarapaap:105,ABarapaap,105,28149,3149,444,430,3007,23.1,516,384,35,128910
ABarapap:68,ABarapap,68,26692,1692,-802,-804,1640,21.1,494,411,36,175207
ABarapap:69,ABarapap,69,28222,3222,736,753,3197,21.8,496,408,47,254208
ABarapap:70,ABarapap,70,28568,3568,1261,1231,3551,22.0,495,400,43,181786
ABarapap:71,ABarapap,71,28300,3300,517,493,3271,22.0,491,397,42,185235
ABarapap:72,ABarapap,72,28282,3282,773,768,3193,23.0,489,405,42,194348
ABarapap:73,ABarapap,73,27478,2478,-3,-35,2430,22.0,488,416,43,240538
ABarapap:74,ABarapap,74,27795,2795,362,350,2756,21.1,490,416,44,257545
ABarapap:75,ABarapap,75,28186,3186,708,758,3135,22.0,485,420,44,262739
ABarapap:76,ABarapap,76,28420,3420,797,779,3395,21.1,493,416,44,263097
ABarapap:77,ABarapap,77,28610,3610,1037,1088,3576,21.2,492,422,48,343108
ABarapap:78,ABarapap,78,27771,2771,159,163,2716,21.1,485,419,47,303261
ABarapap:79,ABarapap,79,28037,3037,511,600,2960,21.2,482,420,47,312696
ABarapap:80,ABarapap,80,27996,2996,237,360,2898,21.0,492,416,46,312146
ABarapap:81,ABarapap,81,28494,3494,926,1031,3412,21.1,490,421,48,374930
ABarapap:82,ABarapap,82,28880,3880,1484,1499,3742,21.1,494,421,48,371769
ABarapap:83,ABarapap,83,27826,2826,56,99,2654,21.1,497,422,48,393506
ABarapap:84,ABarapap,84,28139,3139,256,234,3070,21.3,492,417,48,391170
ABarapap:85,ABarapap,85,28004,3004,307,423,2908,22.2,488,407,48,386267
ABarapap:86,ABarapap,86,28500,3500,631,713,3421,23.1,489,401,46,331748
ABarapap:87,ABarapap,87,28336,3336,484,499,3305,23.0,486,398,46,331157
ABarapap:88,ABarapap,88,27835,2835,374,329,2832,23.0,488,395,44,303662
ABarapap:89,ABarapap,89,27851,2851,226,186,2821,22.1,493,388,43,261066
ABarapapa:90,ABarapapa,90,26765,1765,-1024,-984,1459,22.0,514,383,41,145766
ABarapapa:91,ABarapapa,91,27709,2709,-194,-216,2620,23.0,511,383,38,139282
ABarapapa:92,ABarapapa,92,28563,3563,929,922,3486,23.0,511,373,28,58436
ABarapapa:93,ABarapapa,93,28430,3430,831,845,3282,23.0,511,380,38,126884
ABarapapa:94,ABarapapa,94,27894,2894,-166,-180,2528,23.0,525,384,38,141531
ABarapapa:95,ABarapapa,95,28587,3587,880,888,3329,23.0,522,404,40,158766
ABarapapa:96,ABarapapa,96,28170,3170,251,223,2653,22.1,511,410,38,138859
ABarapapa:97,ABarapapa,97,28913,3913,1525,1524,3485,23.1,503,406,38,171719
ABarapapa:98,ABarapapa,98,28322,3322,577,510,3028,23.0,498,403,38,162457
ABarapapa:99,ABarapapa,99,27489,2489,-166,-165,2073,23.1,487,396,34,128369
ABarapapa:100,ABarapapa,100,27227,2227,-618,-602,2060,23.2,491,388,36,141731
ABarapapa:101,ABarapapa,101,28474,3474,793,864,3051,23.0,486,396,37,150013
ABarapapa:102,ABarapapa,102,28645,3645,819,969,2830,22.0,481,397,36,143289
ABarapapa:103,ABarapapa,103,27967,2967,108,358,2616,23.0,482,385,36,148394
ABarapapa:104,ABarapapa,104,29042,4042,1490,1487,3743,23.0,481,381,35,117822
ABarapapa:105,ABarapapa,105,27496,2496,-753,-562,2165,23.0,477,383,35,118355
ABarapapp:90,ABarapapp,90,28821,3821,1292,1310,3777,22.1,467,357,35,102165
ABarapapp:91,ABarapapp,91,28069,3069,356,356,2973,23.1,461,344,28,60142
ABarapapp:92,ABarapapp,92,27359,2359,-175,-156,2164,22.0,452,340,40,132245
ABarapapp:93,ABarapapp,93,27474,2474,-278,-289,2359,22.0,454,343,38,117870
ABarapapp:94,ABarapapp,94,28520,3520,962,962,3462,24.0,464,339,25,29661
ABarapapp:95,ABarapapp,95,26554,1554,-1000,-1000,1524,23.1,467,359,26,38853
ABarapapp:96,ABarapapp,96,28154,3154,235,227,2919,22.1,456,369,38,123260
ABarapapp:97,ABarapapp,97,28477,3477,617,617,3450,22.9,444,376,24,28585
ABarapapp:98,ABarapapp,98,27830,2830,-106,-127,2795,23.1,435,385,36,120700
ABarapapp:99,ABarapapp,99,27505,2505,-98,-104,2342,22.1,417,369,36,115954
ABarapapp:100,ABarapapp,100,28359,3359,641,641,3322,22.9,412,372,34,102028
ABarapapp:101,ABarapapp,101,28076,3076,424,425,3058,23.0,406,374,35,107455
ABarapapp:102,ABarapapp,102,28734,3734,675,685,3698,23.0,410,380,32,94785
ABarapapp:103,ABarapapp,103,28380,3380,941,941,3346,23.1,418,367,26,45762
ABarapapp:104,ABarapapp,104,29089,4089,1420,1420,4051,23.0,423,368,35,112167
ABarapapp:105,ABarapapp,105,28056,3056,537,537,3033,23.1,425,369,33,90651
ABarapp:48,ABarapp,48,28400,3400,841,850,3400,20.4,488,359,50,424935
ABarapp:49,ABarapp,49,27436,2436,8,-32,2436,21.0,489,355,57,529105
ABarapp:50,ABarapp,50,27760,2760,397,392,2756,21.1,479,350,57,501148
ABarapp:51,ABarapp,51,26906,1906,-570,-575,1906,22.1,466,334,53,409902
ABarapp:52,ABarapp,52,27632,2632,46,50,2631,22.1,463,350,55,424346
ABarapp:53,ABarapp,53,27704,2704,398,398,2696,23.0,469,355,56,552185
ABarapp:54,ABarapp,54,27515,2515,-218,-218,2501,23.0,475,351,54,530770
ABarapp:55,ABarapp,55,27068,2068,-337,-341,2048,22.2,469,361,54,528633
ABarapp:56,ABarapp,56,28098,3098,641,652,3071,22.1,467,364,56,586119
ABarapp:57,ABarapp,57,27645,2645,67,67,2645,23.0,459,362,53,525852
ABarapp:58,ABarapp,58,28124,3124,592,594,3124,23.0,460,362,53,536315
ABarapp:59,ABarapp,59,27746,2746,519,519,2746,23.0,462,378,53,533771
ABarapp:60,ABarapp,60,27598,2598,-56,-60,2598,23.1,457,379,53,533627
ABarapp:61,ABarapp,61,27638,2638,192,192,2638,23.0,452,387,54,611449
ABarapp:62,ABarapp,62,27554,2554,116,121,2554,22.9,447,380,54,590678
ABarapp:63,ABarapp,63,27756,2756,281,281,2756,23.2,447,383,54,462458
ABarapp:64,ABarapp,64,27667,2667,151,151,2667,23.0,445,389,54,487317
ABarapp:65,ABarapp,65,27259,2259,-47,-47,2259,22.9,439,384,54,496052
ABarapp:66,ABarapp,66,27638,2638,216,216,2638,22.1,436,382,54,478459
ABarapp:67,ABarapp,67,27700,2700,293,293,2698,22.0,447,378,35,186621
ABarappa:68,ABarappa,68,27401,2401,58,35,2384,22.2,453,384,36,157458
ABarappa:69,ABarappa,69,27013,2013,-444,-505,1992,22.0,447,388,43,169078
ABarappa:70,ABarappa,70,27811,2811,697,749,2797,22.0,443,397,45,206903
ABarappa:71,ABarappa,71,27468,2468,271,270,2418,23.9,447,396,42,178701
ABarappa:72,ABarappa,72,27452,2452,-137,-52,2336,23.0,450,403,44,201815
ABarappa:73,ABarappa,73,27082,2082,-222,-192,2032,23.1,445,413,43,204840
ABarappa:74,ABarappa,74,27752,2752,274,249,2721,23.0,445,424,46,287112
ABarappa:75,ABarappa,75,27966,2966,376,364,2911,21.9,441,431,44,278067
ABarappa:76,ABarappa,76,27540,2540,79,64,2523,20.2,446,438,48,358899
ABarappa:77,ABarappa,77,28281,3281,860,854,3264,20.0,445,440,46,318722
ABarappa:78,ABarappa,78,28023,3023,375,342,2885,18.1,444,428,45,263228
ABarappa:79,ABarappa,79,28983,3983,1595,1618,3936,19.0,440,429,43,258448
ABarappa:80,ABarappa,80,29174,4174,1614,1668,4128,18.9,452,426,44,278511
ABarappa:81,ABarappa,81,28616,3616,892,986,3309,17.2,464,434,46,349681
ABarappa:82,ABarappa,82,29298,4298,1778,1892,4147,17.2,467,440,46,387403
ABarappa:83,ABarappa,83,29815,4815,1808,1796,4695,17.9,464,436,44,327568
ABarappa:84,ABarappa,84,27928,2928,66,58,2726,17.3,461,438,46,374486
ABarappa:85,ABarappa,85,28525,3525,744,820,3450,18.9,465,436,44,337399
ABarappa:86,ABarappa,86,28508,3508,833,887,3417,20.0,463,430,44,336645
ABarappa:87,ABarappa,87,27941,2941,57,139,2870,19.3,456,431,48,423149
ABarappa:88,ABarappa,88,28347,3347,827,838,3281,20.1,451,437,48,460510
ABarappa:89,ABarappa,89,28565,3565,615,634,3155,21.1,442,434,47,396257
ABarappa:90,ABarappa,90,27691,2691,-106,-106,2486,22.1,442,419,45,245514
ABarappa:91,ABarappa,91,28315,3315,581,581,3246,23.0,446,409,42,225615
ABarappa:92,ABarappa,92,27023,2023,-538,-555,1821,21.2,456,408,38,174295
ABarappaa:93,ABarappaa,93,27369,2369,-239,-277,1561,22.2,483,417,36,153842
ABarappaa:94,ABarappaa,94,27848,2848,-2,29,2680,23.0,484,422,38,180481
ABarappaa:95,ABarappaa,95,28716,3716,1027,1022,3574,22.0,473,435,36,170973
ABarappaa:96,ABarappaa,96,29081,4081,1518,1518,3665,20.4,459,448,36,159673
ABarappaa:97,ABarappaa,97,28861,3861,1349,1349,3522,20.3,459,448,36,172546
ABarappaa:98,ABarappaa,98,28126,3126,778,784,2995,21.0,458,447,36,197765
ABarappaa:99,ABarappaa,99,29156,4156,1409,1427,3991,22.0,455,440,38,213677
ABarappaa:100,ABarappaa,100,29456,4456,1819,1870,3879,22.1,466,432,38,214922
ABarappaa:101,ABarappaa,101,28105,3105,271,319,2549,22.1,464,432,37,191598
ABarappaa:102,ABarappaa,102,28606,3606,614,806,2434,22.0,465,429,36,206170
ABarappaa:103,ABarappaa,103,29765,4765,982,1004,2777,21.0,469,418,26,72923
ABarappaa:104,ABarappaa,104,28830,3830,1125,1181,3067,23.0,470,424,35,160060
ABarappaa:105,ABarappaa,105,28976,3976,948,1008,3213,22.6,473,424,35,160060
ABarappap:93,ABarappap,93,27834,2834,571,585,2718,22.1,435,395,38,152315
ABarappap:94,ABarappap,94,27448,2448,36,32,2122,22.0,433,398,38,148264
ABarappap:95,ABarappap,95,27910,2910,289,276,2412,22.1,428,404,38,158824
ABarappap:96,ABarappap,96,27663,2663,-163,-175,2190,21.1,417,407,36,144819
ABarappap:97,ABarappap,97,29599,4599,1655,1747,4143,21.0,407,411,36,144749
ABarappap:98,ABarappap,98,27808,2808,12,57,2573,21.0,398,415,38,177251
ABarappap:99,ABarappap,99,28849,3849,857,852,3474,21.0,398,417,34,138044
ABarappap:100,ABarappap,100,27600,2600,-427,-387,2355,21.1,398,422,38,186571
ABarappap:101,ABarappap,101,28569,3569,388,383,3323,22.1,398,425,37,177653
ABarappap:102,ABarappap,102,28387,3387,217,245,3126,21.1,395,424,36,173963
ABarappap:103,ABarappap,103,29434,4434,1496,1510,4101,22.0,402,425,36,170503
ABarappap:104,ABarappap,104,28644,3644,796,795,3434,22.1,406,425,35,148803
ABarappap:105,ABarappap,105,28448,3448,289,361,3048,22.0,409,425,35,154569
ABarappp:68,ABarappp,68,27717,2717,233,233,2711,22.0,404,357,34,122555
ABarappp:69,ABarappp,69,28053,3053,1021,1021,3052,23.1,394,357,39,133420
ABarappp:70,ABarappp,70,27749,2749,627,625,2746,22.1,386,360,43,172672
ABarappp:71,ABarappp,71,27535,2535,-84,-84,2530,23.0,378,359,42,180735
ABarappp:72,ABarappp,72,26645,1645,-798,-800,1627,22.1,373,362,42,173172
ABarappp:73,ABarappp,73,27547,2547,228,228,2540,22.0,377,379,43,190340
ABarappp:74,ABarappp,74,27683,2683,231,235,2681,22.0,378,387,46,267047
ABarappp:75,ABarappp,75,27467,2467,-111,-111,2463,22.1,381,397,44,244342
ABarappp:76,ABarappp,76,27688,2688,38,38,2685,20.1,387,392,44,243908
ABarappp:77,ABarappp,77,27960,2960,633,635,2960,20.9,384,396,44,256767
ABarappp:78,ABarappp,78,27909,2909,65,65,2909,20.0,382,396,43,246600
ABarappp:79,ABarappp,79,28136,3136,410,419,3114,20.0,381,399,43,249601
ABarappp:80,ABarappp,80,28783,3783,1153,1166,3769,18.0,396,401,46,325102
ABarappp:81,ABarappp,81,28195,3195,414,419,3170,17.1,403,401,46,331307
ABarappp:82,ABarappp,82,29102,4102,1570,1577,3972,17.0,412,405,44,307362
ABarappp:83,ABarappp,83,28273,3273,0,128,3079,15.3,418,408,48,396190
ABarappp:84,ABarappp,84,28278,3278,347,324,3153,16.0,415,412,44,338408
ABarappp:85,ABarappp,85,29285,4285,939,1002,3987,16.1,415,420,46,405426
ABarappp:86,ABarappp,86,29192,4192,1201,1392,3976,16.1,417,418,44,321504
ABarappp:87,ABarappp,87,29275,4275,1109,1178,4074,16.0,417,416,44,368591
ABarappp:88,ABarappp,88,28814,3814,314,604,3538,15.3,427,422,46,440738
ABarappp:89,ABarappp,89,29068,4068,1087,1094,3874,16.1,432,421,43,370272
ABarappp:90,ABarappp,90,27698,2698,-595,-570,2434,16.1,451,417,33,172476
ABarapppa:91,ABarapppa,91,28621,3621,361,403,3414,17.3,478,416,36,156476
ABarapppa:92,ABarapppa,92,27773,2773,-88,-48,2685,17.1,486,413,40,180828
ABarapppa:93,ABarapppa,93,28378,3378,428,403,3164,17.9,488,410,38,164097
ABarapppa:94,ABarapppa,94,28279,3279,470,433,3083,17.9,498,392,38,154091
ABarapppa:95,ABarapppa,95,28710,3710,714,690,3438,17.1,499,395,36,149310
ABarapppa:96,ABarapppa,96,27916,2916,197,189,2678,17.1,494,401,34,128454
ABarapppa:97,ABarapppa,97,28283,3283,560,537,3052,18.1,484,404,34,136614
ABarapppa:98,ABarapppa,98,28998,3998,1048,1077,3727,18.1,483,415,38,192267
ABarapppa:99,ABarapppa,99,28085,3085,-310,-347,2775,19.0,483,417,36,190276
ABarapppa:100,ABarapppa,100,28494,3494,362,506,2664,19.0,481,419,38,203420
ABarapppa:101,ABarapppa,101,28674,3674,695,658,2685,19.1,479,412,37,178849
ABarapppa:102,ABarapppa,102,28788,3788,848,1180,2425,20.1,474,417,36,195175
ABarapppa:103,ABarapppa,103,29305,4305,1092,1246,2435,19.1,472,415,36,201112
ABarapppa:104,ABarapppa,104,29185,4185,898,849,3601,19.1,466,410,35,173421
ABarapppa:105,ABarapppa,105,28940,3940,590,660,3781,20.0,470,417,35,176461
ABarapppp:91,ABarapppp,91,28499,3499,560,566,3343,16.2,420,409,32,131890
ABarapppp:92,ABarapppp,92,28480,3480,566,607,3347,16.9,421,408,40,176222
ABarapppp:93,ABarapppp,93,28291,3291,213,194,3112,16.2,420,406,40,188343
ABarapppp:94,ABarapppp,94,28632,3632,518,625,3517,16.1,428,400,42,198880
ABarapppp:95,ABarapppp,95,28079,3079,-45,-9,2861,17.0,424,411,40,197937
ABarapppp:96,ABarapppp,96,28845,3845,859,905,3426,16.1,422,420,38,188899
ABarapppp:97,ABarapppp,97,28930,3930,615,768,3230,17.0,417,429,38,202687
ABarapppp:98,ABarapppp,98,28631,3631,292,363,2890,16.2,415,432,36,174848
ABarapppp:99,ABarapppp,99,29764,4764,1583,1656,4442,17.1,421,427,34,160367
ABarapppp:100,ABarapppp,100,28187,3187,-67,-84,2748,17.2,423,439,38,190714
ABarapppp:101,ABarapppp,101,29785,4785,1599,1598,4202,18.1,427,440,37,192605
ABarapppp:102,ABarapppp,102,29192,4192,1075,1123,3600,18.1,430,444,36,195618
ABarapppp:103,ABarapppp,103,29801,4801,1620,1722,4453,19.0,431,443,36,207715
ABarapppp:104,ABarapppp,104,29077,4077,911,941,3132,18.1,432,444,35,176017
ABarapppp:105,ABarapppp,105,29069,4069,1012,1053,3359,19.0,432,440,35,184735
ABarp:18,ABarp,18,27035,2035,-1106,-1115,2020,10.2,490,388,52,628028
ABarp:19,ABarp,19,28071,3071,97,103,3071,12.6,477,411,78,1349214
ABarp:20,ABarp,20,27862,2862,-254,-276,2862,12.3,464,393,75,1162676
ABarp:21,ABarp,21,28388,3388,175,175,3388,10.9,461,390,75,1275037
ABarp:22,ABarp,22,28211,3211,-174,-172,3211,9.9,457,398,75,1414993
ABarp:23,ABarp,23,27979,2979,-617,-617,2979,9.4,469,405,73,1456683
ABarp:24,ABarp,24,28116,3116,-146,-146,3116,10.2,461,405,71,1542713
ABarp:25,ABarp,25,28378,3378,153,153,3378,10.6,466,405,68,1453198
ABarp:26,ABarp,26,28082,3082,-451,-452,3082,9.6,464,403,66,1437108
ABarp:27,ABarp,27,28195,3195,-54,-53,3195,10.3,463,411,70,1877400
ABarp:28,ABarp,28,28028,3028,-49,-46,3028,10.1,475,410,67,1614251
ABarp:29,ABarp,29,27858,2858,-442,-428,2858,9.1,473,405,59,881412
ABarpa:30,ABarpa,30,26975,1975,-959,-964,1946,9.6,492,391,51,517151
ABarpa:31,ABarpa,31,27462,2462,-895,-895,2461,10.1,496,396,51,514357
ABarpa:32,ABarpa,32,28447,3447,317,331,3447,10.0,497,401,55,616943
ABarpa:33,ABarpa,33,28461,3461,345,345,3461,10.2,500,415,61,783599
ABarpa:34,ABarpa,34,28022,3022,215,215,3022,10.7,511,422,59,823274
ABarpa:35,ABarpa,35,28442,3442,436,436,3442,11.0,529,421,60,1029442
ABarpa:36,ABarpa,36,28502,3502,569,569,3502,12.8,536,422,60,1092350
ABarpa:37,ABarpa,37,28218,3218,358,358,3218,12.2,526,422,63,1172298
ABarpa:38,ABarpa,38,28082,3082,322,322,3082,12.1,517,422,63,1233489
ABarpa:39,ABarpa,39,28216,3216,193,193,3216,12.8,522,420,60,1162478
ABarpa:40,ABarpa,40,28314,3314,252,252,3314,11.9,525,420,60,1198885
ABarpa:41,ABarpa,41,28389,3389,267,265,3389,10.3,520,408,65,1360060
ABarpa:42,ABarpa,42,28691,3691,615,615,3691,11.0,521,411,62,1263897
ABarpa:43,ABarpa,43,28265,3265,-27,-28,3265,10.8,524,407,61,1191190
ABarpa:44,ABarpa,44,28180,3180,-31,-31,3180,10.8,523,413,61,1233874
ABarpa:45,ABarpa,45,28338,3338,140,140,3338,10.9,521,412,61,1263361
ABarpa:46,ABarpa,46,28511,3511,436,436,3511,10.4,507,411,62,1301797
ABarpa:47,ABarpa,47,27936,2936,-157,-157,2936,10.8,505,418,60,875830
ABarpa:48,ABarpa,48,27323,2323,-620,-620,2323,11.1,509,403,44,580286
ABarpaa:49,ABarpaa,49,28334,3334,170,170,3331,8.2,544,405,39,315033
ABarpaa:50,ABarpaa,50,28380,3380,258,241,3380,10.1,565,410,53,570392
ABarpaa:51,ABarpaa,51,28494,3494,740,740,3494,10.1,572,415,53,583749
ABarpaa:52,ABarpaa,52,28622,3622,688,688,3622,9.2,581,413,53,632365
ABarpaa:53,ABarpaa,53,28560,3560,547,547,3560,8.8,577,412,54,709408
ABarpaa:54,ABarpaa,54,28804,3804,636,636,3804,9.0,580,413,54,747534
ABarpaa:55,ABarpaa,55,28484,3484,-366,-366,3484,8.1,579,404,54,773057
ABarpaa:56,ABarpaa,56,28733,3733,532,532,3733,8.9,574,406,54,774464
ABarpaa:57,ABarpaa,57,28529,3529,297,297,3529,8.9,570,410,53,722832
ABarpaa:58,ABarpaa,58,28929,3929,743,743,3929,8.8,566,406,53,715430
ABarpaa:59,ABarpaa,59,28436,3436,-316,-316,3436,8.1,567,403,53,724173
ABarpaa:60,ABarpaa,60,28475,3475,163,163,3475,9.0,572,407,55,771773
ABarpaa:61,ABarpaa,61,28803,3803,828,828,3803,9.2,572,409,54,829899
ABarpaa:62,ABarpaa,62,28390,3390,74,73,3390,9.0,565,405,54,818737
ABarpaa:63,ABarpaa,63,29329,4329,1191,1192,4329,9.1,567,405,54,690740
ABarpaa:64,ABarpaa,64,28344,3344,357,357,3344,9.2,555,411,54,681627
ABarpaa:65,ABarpaa,65,28344,3344,57,57,3344,9.8,553,407,54,689071
ABarpaa:66,ABarpaa,66,27397,2397,-691,-691,2397,10.1,564,411,44,402430
ABarpaaa:67,ABarpaaa,67,27513,2513,-595,-595,2484,11.3,576,412,35,197933
ABarpaaa:68,ABarpaaa,68,28854,3854,1041,1037,3817,11.3,575,425,42,240995
ABarpaaa:69,ABarpaaa,69,28776,3776,1208,1226,3702,12.9,576,426,47,350399
ABarpaaa:70,ABarpaaa,70,27913,2913,104,139,2800,13.0,584,421,43,274674
ABarpaaa:71,ABarpaaa,71,28343,3343,869,863,3332,11.2,597,421,44,278604
ABarpaaa:72,ABarpaaa,72,28966,3966,1448,1446,3961,12.2,593,426,44,295255
ABarpaaa:73,ABarpaaa,73,29003,4003,1168,1163,3998,12.3,588,423,47,356420
ABarpaaa:74,ABarpaaa,74,28635,3635,1061,1074,3606,12.9,586,423,44,318594
ABarpaaa:75,ABarpaaa,75,29364,4364,1809,1820,4345,12.1,587,425,44,334110
ABarpaaa:76,ABarpaaa,76,28363,3363,711,714,3350,11.1,581,422,44,329165
ABarpaaa:77,ABarpaaa,77,28527,3527,926,940,3502,11.0,579,416,44,349660
ABarpaaa:78,ABarpaaa,78,28934,3934,1248,1242,3904,11.1,583,418,43,319371
ABarpaaa:79,ABarpaaa,79,28774,3774,1100,1140,3692,10.1,579,409,45,350637
ABarpaaa:80,ABarpaaa,80,29099,4099,1494,1520,4089,9.0,577,405,44,361815
ABarpaaa:81,ABarpaaa,81,29422,4422,1293,1293,4416,7.9,569,400,44,347877
ABarpaaa:82,ABarpaaa,82,29297,4297,1108,1108,4293,7.9,565,397,44,348219
ABarpaaa:83,ABarpaaa,83,29265,4265,1064,1083,4238,7.9,559,397,44,351675
ABarpaaa:84,ABarpaaa,84,29366,4366,929,893,4307,7.0,559,395,44,347109
ABarpaaa:85,ABarpaaa,85,28942,3942,-209,-262,3887,6.1,559,390,44,351312
ABarpaaa:86,ABarpaaa,86,29296,4296,121,50,4256,6.1,567,380,44,368965
ABarpaaa:87,ABarpaaa,87,29694,4694,371,374,4682,5.9,575,380,44,341746
ABarpaaa:88,ABarpaaa,88,30642,5642,1552,1542,5599,5.9,572,369,44,344254
ABarpaaa:89,ABarpaaa,89,30267,5267,958,954,5146,5.2,574,362,47,416899
ABarpaaa:90,ABarpaaa,90,30347,5347,777,723,5266,5.1,580,369,43,272193
ABarpaaa:91,ABarpaaa,91,29893,4893,482,469,4766,5.2,587,363,42,275716
ABarpaaa:92,ABarpaaa,92,30112,5112,1008,998,4687,5.9,594,349,40,267463
ABarpaaa:93,ABarpaaa,93,30093,5093,744,732,4923,5.3,589,340,40,269973
ABarpaaa:94,ABarpaaa,94,29589,4589,-91,-91,4521,5.1,584,326,30,166685
ABarpaaaa:95,ABarpaaaa,95,28127,3127,-1577,-1580,2736,5.4,607,321,30,129356
ABarpaaaa:96,ABarpaaaa,96,28916,3916,-267,-284,3722,5.1,617,308,34,159985
ABarpaaaa:97,ABarpaaaa,97,29875,4875,1032,992,4513,5.9,626,315,34,152792
ABarpaaaa:98,ABarpaaaa,98,31912,6912,2550,2565,6357,5.1,631,311,36,183076
ABarpaaaa:99,ABarpaaaa,99,30267,5267,961,974,4809,4.5,631,307,36,163588
ABarpaaaa:100,ABarpaaaa,100,30136,5136,1047,1100,4792,4.4,631,307,36,170014
ABarpaaaa:101,ABarpaaaa,101,30838,5838,1686,1791,5466,4.3,625,294,35,136657
ABarpaaaa:102,ABarpaaaa,102,31225,6225,2145,2174,5816,4.3,625,290,36,164489
ABarpaaaa:103,ABarpaaaa,103,32110,7110,2671,2710,6791,5.1,618,287,36,199553
ABarpaaaa:104,ABarpaaaa,104,30922,5922,1808,1904,5543,4.4,622,279,33,126329
ABarpaaaa:105,ABarpaaaa,105,30692,5692,1450,1413,5472,4.3,615,290,35,145043
ABarpaaap:95,ABarpaaap,95,28693,3693,-572,-680,3315,5.2,561,319,28,111127
ABarpaaap:96,ABarpaaap,96,30029,5029,293,103,4645,5.1,561,317,32,148582
ABarpaaap:97,ABarpaaap,97,30192,5192,1183,1089,4686,5.0,567,313,34,154712
ABarpaaap:98,ABarpaaap,98,30472,5472,1093,942,5114,4.5,569,304,36,149589
ABarpaaap:99,ABarpaaap,99,31706,6706,2298,2278,6334,4.3,565,300,38,177625
ABarpaaap:100,ABarpaaap,100,30732,5732,2000,1880,5336,5.0,568,305,38,198092
ABarpaaap:101,ABarpaaap,101,31905,6905,2693,2703,6598,5.1,571,297,37,197413
ABarpaaap:102,ABarpaaap,102,31349,6349,1977,2060,5979,5.2,569,285,34,153715
ABarpaaap:103,ABarpaaap,103,31594,6594,2310,2260,6324,5.4,568,287,34,148355
ABarpaaap:104,ABarpaaap,104,30297,5297,1393,1451,5050,5.3,568,278,35,168930
ABarpaaap:105,ABarpaaap,105,28689,3689,-588,-618,3300,6.0,568,283,31,138248
ABarpaap:67,ABarpaap,67,27914,2914,-833,-833,2891,7.4,540,402,35,172984
ABarpaap:68,ABarpaap,68,27669,2669,-627,-638,2641,8.1,535,411,44,282416
ABarpaap:69,ABarpaap,69,29555,4555,1569,1542,4517,9.0,540,420,47,324209
ABarpaap:70,ABarpaap,70,29076,4076,1268,1285,4039,9.1,550,424,47,347173
ABarpaap:71,ABarpaap,71,28926,3926,1000,976,3920,9.0,541,420,44,316124
ABarpaap:72,ABarpaap,72,28747,3747,743,738,3745,8.1,534,416,46,347096
ABarpaap:73,ABarpaap,73,28757,3757,511,493,3743,8.0,531,409,47,343832
ABarpaap:74,ABarpaap,74,29441,4441,539,633,4415,7.2,525,406,46,352778
ABarpaap:75,ABarpaap,75,28752,3752,-220,-193,3704,7.4,528,403,48,373854
ABarpaap:76,ABarpaap,76,29305,4305,141,213,4282,7.2,522,401,46,356798
ABarpaap:77,ABarpaap,77,29675,4675,327,401,4653,7.0,517,393,46,373707
ABarpaap:78,ABarpaap,78,29491,4491,371,422,4446,7.1,517,394,47,374336
ABarpaap:79,ABarpaap,79,30202,5202,697,666,5147,6.3,509,387,45,303320
ABarpaap:80,ABarpaap,80,29304,4304,-22,-55,4281,6.1,512,375,48,413173
ABarpaap:81,ABarpaap,81,29900,4900,545,535,4893,6.1,508,364,48,405135
ABarpaap:82,ABarpaap,82,29694,4694,716,704,4661,6.0,511,350,48,399141
ABarpaap:83,ABarpaap,83,30282,5282,1105,1078,5263,5.9,503,342,46,360820
ABarpaap:84,ABarpaap,84,30501,5501,1497,1546,5478,5.3,495,332,48,405260
ABarpaap:85,ABarpaap,85,30737,5737,1697,1695,5701,5.3,494,341,48,404753
ABarpaap:86,ABarpaap,86,30334,5334,1525,1545,5273,5.3,499,337,46,376975
ABarpaap:87,ABarpaap,87,29646,4646,589,602,4550,6.0,502,331,46,414234
ABarpaap:88,ABarpaap,88,29459,4459,660,684,4148,7.0,496,330,44,369064
ABarpaap:89,ABarpaap,89,28674,3674,-439,-439,3642,6.1,496,327,35,219262
ABarpaapa:90,ABarpaapa,90,27859,2859,-1286,-1369,2721,6.2,516,326,29,102828
ABarpaapa:91,ABarpaapa,91,28640,3640,-357,-357,3569,6.1,534,323,32,137385
ABarpaapa:92,ABarpaapa,92,29316,4316,441,413,4110,5.8,541,323,40,187168
ABarpaapa:93,ABarpaapa,93,30762,5762,1625,1605,5698,5.1,536,316,38,180885
ABarpaapa:94,ABarpaapa,94,30254,5254,868,837,5139,6.0,534,309,38,185803
ABarpaapa:95,ABarpaapa,95,29971,4971,884,840,4789,6.0,524,306,38,185447
ABarpaapa:96,ABarpaapa,96,28657,3657,-286,-233,3191,6.3,532,302,36,171112
ABarpaapa:97,ABarpaapa,97,29544,4544,392,404,4021,6.1,536,295,38,193268
ABarpaapa:98,ABarpaapa,98,29534,4534,793,887,4187,6.2,535,290,38,202105
ABarpaapa:99,ABarpaapa,99,30353,5353,1010,1246,4745,6.0,534,288,38,209746
ABarpaapa:100,ABarpaapa,100,29187,4187,399,488,3857,5.4,535,286,36,160280
ABarpaapa:101,ABarpaapa,101,29680,4680,389,564,4333,5.3,540,274,37,167356
ABarpaapa:102,ABarpaapa,102,30252,5252,975,1160,4943,6.3,535,267,36,197613
ABarpaapa:103,ABarpaapa,103,30244,5244,1280,1406,5060,6.2,528,268,36,192061
ABarpaapa:104,ABarpaapa,104,30657,5657,1821,1812,5504,6.2,526,268,35,149975
ABarpaapa:105,ABarpaapa,105,30784,5784,1793,1778,5705,6.2,521,269,35,169293
ABarpaapp:90,ABarpaapp,90,26784,1784,-2214,-2181,1583,6.1,481,319,28,99004
ABarpaapp:91,ABarpaapp,91,28618,3618,-312,-312,3588,6.2,480,321,30,127304
ABarpaapp:92,ABarpaapp,92,29835,4835,727,727,4832,6.0,474,323,40,186130
ABarpaapp:93,ABarpaapp,93,30535,5535,1353,1353,5502,6.0,466,330,38,177228
ABarpaapp:94,ABarpaapp,94,30058,5058,1151,1134,4892,6.1,455,325,40,192071
ABarpaapp:95,ABarpaapp,95,31172,6172,1976,1967,6047,6.1,449,325,38,185884
ABarpaapp:96,ABarpaapp,96,31207,6207,1952,1941,6117,5.3,449,324,38,170326
ABarpaapp:97,ABarpaapp,97,30653,5653,1690,1648,5567,6.0,454,314,38,194568
ABarpaapp:98,ABarpaapp,98,30811,5811,1796,1794,5739,6.2,462,308,38,188811
ABarpaapp:99,ABarpaapp,99,30637,5637,1621,1634,5524,6.1,464,304,38,196146
ABarpaapp:100,ABarpaapp,100,30110,5110,1071,1021,5003,6.1,458,308,38,191219
ABarpaapp:101,ABarpaapp,101,32121,7121,2757,2780,7049,5.2,458,298,37,176401
ABarpaapp:102,ABarpaapp,102,32021,7021,2650,2652,6964,5.2,455,293,36,184943
ABarpaapp:103,ABarpaapp,103,31818,6818,2480,2469,6754,5.2,450,290,36,186363
ABarpaapp:104,ABarpaapp,104,32875,7875,3408,3400,7825,5.2,454,292,35,154881
ABarpaapp:105,ABarpaapp,105,30779,5779,939,960,5724,5.3,451,288,35,148554
ABarpap:49,ABarpap,49,27937,2937,83,86,2925,13.3,508,378,55,592321
ABarpap:50,ABarpap,50,27988,2988,-235,-246,2986,14.0,514,372,53,525950
ABarpap:51,ABarpap,51,27774,2774,-224,-227,2770,14.1,513,377,53,526142
ABarpap:52,ABarpap,52,27827,2827,85,99,2825,15.9,505,381,53,558602
ABarpap:53,ABarpap,53,27842,2842,35,58,2840,16.0,497,380,54,673028
ABarpap:54,ABarpap,54,28138,3138,512,495,3138,15.9,502,370,54,689853
ABarpap:55,ABarpap,55,27741,2741,-37,-37,2741,15.8,501,370,54,719663
ABarpap:56,ABarpap,56,27974,2974,295,313,2973,15.8,498,374,54,693313
ABarpap:57,ABarpap,57,27772,2772,-180,-181,2770,15.0,495,375,53,632081
ABarpap:58,ABarpap,58,28255,3255,652,649,3244,14.3,501,374,55,695504
ABarpap:59,ABarpap,59,27580,2580,-142,-143,2574,15.0,500,365,55,749669
ABarpap:60,ABarpap,60,28172,3172,275,273,3172,15.1,498,365,55,722153
ABarpap:61,ABarpap,61,27754,2754,63,68,2753,14.9,499,370,54,732130
ABarpap:62,ABarpap,62,28183,3183,375,363,3182,14.9,497,368,54,719830
ABarpap:63,ABarpap,63,27828,2828,107,122,2825,14.2,497,374,56,637114
ABarpap:64,ABarpap,64,28082,3082,321,323,3076,14.0,492,366,54,609601
ABarpap:65,ABarpap,65,27956,2956,297,299,2952,14.2,491,369,54,629759
ABarpap:66,ABarpap,66,27929,2929,90,100,2929,14.0,491,370,54,628761
ABarpap:67,ABarpap,67,27819,2819,194,194,2811,15.0,494,371,41,300358
ABarpapa:68,ABarpapa,68,27779,2779,-55,-55,2749,16.1,516,378,34,166838
ABarpapa:69,ABarpapa,69,28437,3437,969,924,3414,17.0,524,373,47,270469
ABarpapa:70,ABarpapa,70,27494,2494,-40,-42,2451,17.2,529,362,47,264862
ABarpapa:71,ABarpapa,71,27148,2148,-499,-514,2031,17.0,539,358,46,276334
ABarpapa:72,ABarpapa,72,27877,2877,443,441,2853,16.2,536,370,46,272059
ABarpapa:73,ABarpapa,73,28330,3330,849,872,3326,16.0,533,385,45,262492
ABarpapa:74,ABarpapa,74,27581,2581,48,32,2575,15.2,531,384,46,310214
ABarpapa:75,ABarpapa,75,28098,3098,409,423,3055,15.9,525,384,44,285709
ABarpapa:76,ABarpapa,76,27932,2932,78,37,2885,14.0,526,383,44,295001
ABarpapa:77,ABarpapa,77,28250,3250,279,309,3018,13.1,526,379,44,297901
ABarpapa:78,ABarpapa,78,28702,3702,739,762,3620,13.0,533,384,45,318033
ABarpapa:79,ABarpapa,79,28766,3766,852,851,3611,12.0,526,378,43,297445
ABarpapa:80,ABarpapa,80,28740,3740,553,543,3673,12.0,531,372,44,321813
ABarpapa:81,ABarpapa,81,28356,3356,333,326,3094,12.1,525,368,46,392602
ABarpapa:82,ABarpapa,82,28535,3535,548,569,3308,11.8,516,365,44,316845
ABarpapa:83,ABarpapa,83,28717,3717,612,672,3613,11.0,513,375,44,364354
ABarpapa:84,ABarpapa,84,29262,4262,1302,1312,4235,9.1,506,383,44,337772
ABarpapa:85,ABarpapa,85,29014,4014,488,470,3985,8.3,506,390,46,386790
ABarpapa:86,ABarpapa,86,28902,3902,486,506,3795,8.3,522,389,46,398394
ABarpapa:87,ABarpapa,87,29185,4185,190,195,4178,7.2,517,397,44,373077
ABarpapa:88,ABarpapa,88,29935,4935,1030,1020,4909,7.2,521,396,44,381415
ABarpapa:89,ABarpapa,89,29187,4187,350,373,4171,7.0,519,394,43,360309
ABarpapa:90,ABarpapa,90,27736,2736,-1021,-1022,2711,7.1,526,397,35,205353
ABarpapaa:91,ABarpapaa,91,29602,4602,1204,1202,4490,7.1,554,405,28,114195
ABarpapaa:92,ABarpapaa,92,27702,2702,-539,-539,2612,7.1,571,403,34,154356
ABarpapaa:93,ABarpapaa,93,30348,5348,1472,1499,5273,6.9,564,405,38,186687
ABarpapaa:94,ABarpapaa,94,30420,5420,1803,1803,5342,6.9,570,409,38,203589
ABarpapaa:95,ABarpapaa,95,29325,4325,-55,-55,4229,6.1,576,399,36,184736
ABarpapaa:96,ABarpapaa,96,31411,6411,1874,1874,6331,5.2,588,384,38,192685
ABarpapaa:97,ABarpapaa,97,30396,5396,884,828,5286,5.2,590,375,36,176219
ABarpapaa:98,ABarpapaa,98,30572,5572,1228,1219,5488,4.4,582,371,38,175955
ABarpapaa:99,ABarpapaa,99,31229,6229,2371,2301,5956,5.2,581,362,36,179851
ABarpapaa:100,ABarpapaa,100,30009,5009,844,870,4818,5.0,586,360,34,158527
ABarpapaa:101,ABarpapaa,101,30600,5600,1233,1222,5366,4.3,588,353,35,134424
ABarpapaa:102,ABarpapaa,102,31630,6630,2981,2977,6297,4.3,576,343,36,165757
ABarpapaa:103,ABarpapaa,103,30762,5762,1624,1585,5067,5.0,573,342,36,192339
ABarpapaa:104,ABarpapaa,104,30849,5849,1538,1467,5208,4.3,571,332,35,143511
ABarpapaa:105,ABarpapaa,105,31141,6141,2492,2409,5629,4.3,558,332,35,141315
ABarpapap:91,ABarpapap,91,28132,3132,-1179,-1255,2949,6.0,513,391,32,149924
ABarpapap:92,ABarpapap,92,29579,4579,-948,-1012,4366,5.3,523,383,28,93291
ABarpapap:93,ABarpapap,93,29603,4603,-83,-145,4430,5.9,520,382,38,179863
ABarpapap:94,ABarpapap,94,29360,4360,245,257,4185,5.9,517,372,38,181199
ABarpapap:95,ABarpapap,95,29894,4894,1032,1019,4654,5.9,514,374,36,168684
ABarpapap:96,ABarpapap,96,31050,6050,1458,1458,5971,5.4,521,374,36,150801
ABarpapap:97,ABarpapap,97,31779,6779,2442,2418,6673,5.2,514,373,38,187857
ABarpapap:98,ABarpapap,98,30321,5321,1157,1127,5168,5.0,510,366,36,170123
ABarpapap:99,ABarpapap,99,31005,6005,1714,1710,5878,5.0,509,363,34,142290
ABarpapap:100,ABarpapap,100,29985,4985,964,973,4732,5.1,511,364,38,195644
ABarpapap:101,ABarpapap,101,31470,6470,2091,1942,6229,5.2,513,355,37,180956
ABarpapap:102,ABarpapap,102,30273,5273,524,498,5030,5.1,510,348,36,186642
ABarpapap:103,ABarpapap,103,31622,6622,2403,2348,6283,5.1,510,339,36,186392
ABarpapap:104,ABarpapap,104,30501,5501,1294,1317,5136,5.1,508,329,35,165823
ABarpapap:105,ABarpapap,105,31089,6089,1807,1729,5571,4.4,495,331,35,139328
ABarpapp:68,ABarpapp,68,27041,2041,-744,-744,2024,14.2,466,360,34,176347
ABarpapp:69,ABarpapp,69,27750,2750,158,157,2735,14.9,467,359,47,266615
ABarpapp:70,ABarpapp,70,28320,3320,906,906,3319,14.1,458,361,47,267026
ABarpapp:71,ABarpapp,71,28382,3382,981,981,3367,14.2,447,370,46,272290
ABarpapp:72,ABarpapp,72,27629,2629,316,316,2625,14.1,448,373,44,245048
ABarpapp:73,ABarpapp,73,27917,2917,302,286,2901,13.1,444,388,45,253398
ABarpapp:74,ABarpapp,74,28061,3061,581,601,3054,14.0,440,391,44,287426
ABarpapp:75,ABarpapp,75,28267,3267,594,602,3252,13.0,437,389,44,286206
ABarpapp:76,ABarpapp,76,28426,3426,639,611,3402,12.9,439,392,44,302723
ABarpapp:77,ABarpapp,77,28031,3031,664,630,2960,12.9,444,393,44,297335
ABarpapp:78,ABarpapp,78,28601,3601,945,969,3571,13.0,449,391,43,283887
ABarpapp:79,ABarpapp,79,28403,3403,497,509,3371,12.0,451,384,45,308441
ABarpapp:80,ABarpapp,80,28697,3697,902,908,3670,12.1,447,374,44,314485
ABarpapp:81,ABarpapp,81,28740,3740,813,865,3727,11.3,450,371,46,336547
ABarpapp:82,ABarpapp,82,28819,3819,1292,1306,3808,11.8,449,365,44,325355
ABarpapp:83,ABarpapp,83,29617,4617,1635,1656,4606,10.2,446,368,44,314691
ABarpapp:84,ABarpapp,84,28611,3611,160,192,3594,9.1,440,374,46,379279
ABarpapp:85,ABarpapp,85,29135,4135,974,989,4115,8.3,441,382,46,392843
ABarpapp:86,ABarpapp,86,29793,4793,1636,1637,4785,8.0,453,386,44,357743
ABarpapp:87,ABarpapp,87,28775,3775,-127,-116,3766,7.1,452,382,44,359951
ABarpapp:88,ABarpapp,88,29164,4164,459,491,4148,6.9,454,387,44,385472
ABarpapp:89,ABarpapp,89,29785,4785,868,861,4756,7.1,453,387,43,355642
ABarpapp:90,ABarpapp,90,30202,5202,636,642,5198,6.1,467,392,43,290642
ABarpapp:91,ABarpapp,91,27592,2592,-235,-254,2403,8.0,478,391,28,136005
ABarpappa:92,ABarpappa,92,28409,3409,27,71,2872,8.2,500,395,38,199149
ABarpappa:93,ABarpappa,93,28183,3183,255,361,2828,9.4,499,400,36,166903
ABarpappa:94,ABarpappa,94,29254,4254,1543,1543,3761,10.1,508,392,38,188752
ABarpappa:95,ABarpappa,95,29123,4123,1106,1101,3510,10.1,508,392,36,177430
ABarpappa:96,ABarpappa,96,28744,3744,820,771,3259,10.2,514,395,36,182172
ABarpappa:97,ABarpappa,97,27770,2770,-426,-354,2188,9.3,509,399,36,173453
ABarpappa:98,ABarpappa,98,29104,4104,1082,1120,3819,8.4,509,401,38,203851
ABarpappa:99,ABarpappa,99,28395,3395,435,395,3191,8.1,512,404,36,199383
ABarpappa:100,ABarpappa,100,28948,3948,1139,1162,3693,7.3,511,401,36,188546
ABarpappa:101,ABarpappa,101,28553,3553,242,345,3089,7.3,510,389,37,189688
ABarpappa:102,ABarpappa,102,29424,4424,1009,1012,4068,7.2,505,384,36,207110
ABarpappa:103,ABarpappa,103,28876,3876,236,252,3638,6.3,510,381,36,187822
ABarpappa:104,ABarpappa,104,29337,4337,-243,-200,4082,5.4,507,373,33,133535
ABarpappa:105,ABarpappa,105,30150,5150,1076,1123,4834,5.3,498,373,35,153497
ABarpappp:92,ABarpappp,92,28069,3069,-1117,-1159,2995,6.4,461,383,30,116537
ABarpappp:93,ABarpappp,93,29321,4321,514,523,4211,7.1,454,385,36,169406
ABarpappp:94,ABarpappp,94,30714,5714,2110,2107,5687,7.1,458,395,38,182561
ABarpappp:95,ABarpappp,95,31102,6102,1496,1488,6058,6.3,451,399,40,188493
ABarpappp:96,ABarpappp,96,30399,5399,791,787,5321,6.2,453,401,36,164575
ABarpappp:97,ABarpappp,97,30044,5044,529,575,5005,6.3,451,387,38,176951
ABarpappp:98,ABarpappp,98,30049,5049,1281,1285,4842,7.1,448,375,38,197505
ABarpappp:99,ABarpappp,99,30595,5595,1293,1281,5452,6.3,450,371,38,180864
ABarpappp:100,ABarpappp,100,30107,5107,1034,1020,4888,6.1,447,365,38,195541
ABarpappp:101,ABarpappp,101,31339,6339,1953,1898,6186,5.2,452,359,37,157575
ABarpappp:102,ABarpappp,102,29863,4863,454,510,4638,6.0,451,346,36,184859
ABarpappp:103,ABarpappp,103,30069,5069,824,866,4859,5.3,450,348,36,172834
ABarpappp:104,ABarpappp,104,30295,5295,864,915,5120,6.1,451,351,35,156767
ABarpappp:105,ABarpappp,105,29996,4996,912,969,4770,6.0,441,351,35,158991
ABarpp:30,ABarpp,30,27189,2189,-784,-868,2001,8.9,446,381,40,305602
ABarpp:31,ABarpp,31,28605,3605,351,351,3590,8.3,420,388,39,281870
ABarpp:32,ABarpp,32,28111,3111,-159,-158,3111,9.1,416,384,57,635493
ABarpp:33,ABarpp,33,28227,3227,-227,-228,3220,9.1,403,382,63,783895
ABarpp:34,ABarpp,34,28432,3432,123,93,3425,9.9,393,392,62,783895
ABarpp:35,ABarpp,35,28134,3134,-158,-156,3134,10.6,383,403,60,1155081
ABarpp:36,ABarpp,36,28211,3211,-532,-580,3211,9.2,382,398,62,1108343
ABarpp:37,ABarpp,37,28437,3437,-103,-162,3437,9.3,383,409,65,1266273
ABarpp:38,ABarpp,38,29018,4018,510,459,4018,9.3,376,410,65,1300747
ABarpp:39,ABarpp,39,28348,3348,-447,-458,3348,9.2,381,408,64,1359311
ABarpp:40,ABarpp,40,28500,3500,-291,-328,3500,9.2,388,414,64,1375791
ABarpp:41,ABarpp,41,28427,3427,-405,-419,3357,9.1,395,413,63,1236635
ABarpp:42,ABarpp,42,28345,3345,-110,-141,3294,9.6,395,419,62,1190051
ABarpp:43,ABarpp,43,28729,3729,258,228,3696,9.7,401,414,61,1157380
ABarpp:44,ABarpp,44,28356,3356,-721,-743,3338,8.4,396,414,65,1376176
ABarpp:45,ABarpp,45,28615,3615,201,185,3606,9.3,406,421,65,1439049
ABarpp:46,ABarpp,46,28025,3025,-556,-561,2972,9.1,402,414,62,1333926
ABarpp:47,ABarpp,47,28403,3403,-36,-56,3263,9.6,387,409,60,1165212
ABarpp:48,ABarpp,48,28577,3577,110,114,3515,10.0,402,404,60,951842
ABarpp:49,ABarpp,49,27192,2192,-881,-900,2102,9.1,424,412,37,372553
ABarppa:50,ABarppa,50,27046,2046,-1301,-1301,2046,8.1,471,410,35,273199
ABarppa:51,ABarppa,51,28326,3326,3,15,3326,8.7,467,425,53,579033
ABarppa:52,ABarppa,52,28769,3769,104,95,3769,8.2,474,428,53,558011
ABarppa:53,ABarppa,53,28875,3875,868,868,3875,8.8,474,428,54,676637
ABarppa:54,ABarppa,54,28922,3922,521,521,3922,8.8,482,424,54,711823
ABarppa:55,ABarppa,55,28964,3964,428,428,3964,8.7,484,423,54,727420
ABarppa:56,ABarppa,56,28971,3971,583,583,3971,8.2,482,422,54,747483
ABarppa:57,ABarppa,57,28771,3771,473,473,3771,8.9,473,419,53,715024
ABarppa:58,ABarppa,58,28793,3793,6,6,3793,8.2,472,420,53,722909
ABarppa:59,ABarppa,59,29095,4095,438,438,4095,8.0,475,410,53,708242
ABarppa:60,ABarppa,60,29125,4125,191,191,4125,8.2,474,408,53,719484
ABarppa:61,ABarppa,61,29015,4015,163,163,4015,7.9,466,402,54,791518
ABarppa:62,ABarppa,62,28746,3746,-144,-144,3746,7.9,463,406,54,799726
ABarppa:63,ABarppa,63,28930,3930,-148,-158,3930,8.1,456,402,54,613599
ABarppa:64,ABarppa,64,29213,4213,-176,-176,4213,7.2,454,400,54,636973
ABarppa:65,ABarppa,65,29394,4394,561,557,4394,8.0,451,400,54,678456
ABarppa:66,ABarppa,66,29112,4112,464,468,4111,8.2,447,391,54,673457
ABarppa:67,ABarppa,67,28498,3498,-278,-278,3498,8.1,446,399,37,246695
ABarppa:68,ABarppa,68,27335,2335,-1340,-1340,2335,7.2,449,398,34,244259
ABarppaa:69,ABarppaa,69,27606,2606,-573,-573,2593,9.2,472,420,33,180838
ABarppaa:70,ABarppaa,70,28991,3991,874,854,3978,10.0,472,433,43,274531
ABarppaa:71,ABarppaa,71,29505,4505,1190,1303,4468,9.3,469,433,44,270801
ABarppaa:72,ABarppaa,72,29705,4705,1918,1909,4691,9.2,472,439,42,274163
ABarppaa:73,ABarppaa,73,29287,4287,667,704,4275,8.0,479,426,43,282235
ABarppaa:74,ABarppaa,74,29918,4918,661,615,4880,7.1,476,415,44,305969
ABarppaa:75,ABarppaa,75,30405,5405,1357,1359,5367,7.0,481,414,44,305170
ABarppaa:76,ABarppaa,76,29810,4810,-200,-244,4793,6.1,472,403,46,349853
ABarppaa:77,ABarppaa,77,30103,5103,569,552,5086,6.0,466,385,44,303292
ABarppaa:78,ABarppaa,78,30668,5668,954,899,5656,5.2,470,374,45,285884
ABarppaa:79,ABarppaa,79,30025,5025,472,516,5008,5.2,467,353,45,292052
ABarppaa:80,ABarppaa,80,30255,5255,1149,1105,5251,6.0,466,336,44,318954
ABarppaa:81,ABarppaa,81,29460,4460,265,248,4427,6.1,466,324,44,315261
ABarppaa:82,ABarppaa,82,29226,4226,158,157,4196,6.1,460,314,44,315841
ABarppaa:83,ABarppaa,83,29517,4517,314,294,4476,6.1,454,303,44,319550
ABarppaa:84,ABarppaa,84,30172,5172,1046,1077,5168,6.0,447,295,44,323903
ABarppaa:85,ABarppaa,85,29670,4670,461,469,4669,5.9,447,297,44,316640
ABarppaa:86,ABarppaa,86,30158,5158,920,920,5156,6.0,445,292,44,334539
ABarppaa:87,ABarppaa,87,31141,6141,1950,1950,6141,5.4,443,283,46,354382
ABarppaa:88,ABarppaa,88,30392,5392,1266,1256,5392,6.1,439,281,44,348066
ABarppaa:89,ABarppaa,89,29732,4732,448,443,4732,6.1,439,276,47,399630
ABarppaa:90,ABarppaa,90,30441,5441,1069,1068,5441,5.3,440,275,45,246273
ABarppaa:91,ABarppaa,91,30016,5016,708,736,5016,6.2,439,274,46,332944
ABarppaa:92,ABarppaa,92,29255,4255,-107,-107,4218,6.9,436,275,40,256729
ABarppaa:93,ABarppaa,93,29012,4012,-425,-425,3992,6.2,440,274,40,263826
ABarppaa:94,ABarppaa,94,30383,5383,1302,1330,5322,6.9,443,270,38,249166
ABarppaa:95,ABarppaa,95,27779,2779,-1686,-1696,2744,6.1,441,276,30,162404
ABarppaaa:96,ABarppaaa,96,29205,4205,-564,-607,4094,6.0,481,281,30,134067
ABarppaaa:97,ABarppaaa,97,28343,3343,-603,-607,3210,5.3,491,275,30,115443
ABarppaaa:98,ABarppaaa,98,29753,4753,942,960,4503,5.9,497,265,34,143573
ABarppaaa:99,ABarppaaa,99,30781,5781,1690,1801,5470,5.8,499,264,34,150579
ABarppaaa:100,ABarppaaa,100,30249,5249,847,845,5088,5.1,496,257,34,146166
ABarppaaa:101,ABarppaaa,101,31616,6616,2293,2322,6362,5.2,498,247,37,178815
ABarppaaa:102,ABarppaaa,102,31556,6556,1835,1946,6341,5.1,489,243,36,181469
ABarppaaa:103,ABarppaaa,103,30953,5953,1933,2059,5739,5.2,484,242,36,175385
ABarppaaa:104,ABarppaaa,104,30327,5327,952,1030,5070,5.2,479,239,35,158737
ABarppaaa:105,ABarppaaa,105,30726,5726,984,986,5522,5.2,474,242,35,150431
ABarppaap:96,ABarppaap,96,27910,2910,-1100,-1115,2776,6.1,430,267,32,154045
ABarppaap:97,ABarppaap,97,29257,4257,-164,-180,4167,5.9,434,262,34,136584
ABarppaap:98,ABarppaap,98,30956,5956,1412,1467,5852,5.3,433,257,36,151150
ABarppaap:99,ABarppaap,99,31122,6122,1341,1299,5954,5.3,430,251,36,150379
ABarppaap:100,ABarppaap,100,31537,6537,2347,2323,6422,5.2,425,248,38,179244
ABarppaap:101,ABarppaap,101,31273,6273,1304,1271,6079,5.3,429,239,37,170480
ABarppaap:102,ABarppaap,102,29919,4919,61,10,4762,5.3,424,232,34,129816
ABarppaap:103,ABarppaap,103,31724,6724,2228,2220,6563,5.2,420,228,36,168898
ABarppaap:104,ABarppaap,104,32243,7243,2454,2516,7057,5.2,418,230,35,138231
ABarppaap:105,ABarppaap,105,30878,5878,1194,1193,5818,5.3,414,232,35,144007
ABarppap:69,ABarppap,69,27803,2803,-857,-857,2794,7.4,423,410,35,166865
ABarppap:70,ABarppap,70,28668,3668,-392,-370,3663,7.1,424,409,43,240873
ABarppap:71,ABarppap,71,29519,4519,343,275,4482,7.1,424,414,42,245896
ABarppap:72,ABarppap,72,29931,4931,817,800,4920,7.1,422,411,42,245820
ABarppap:73,ABarppap,73,29179,4179,121,120,4179,7.0,407,409,45,293003
ABarppap:74,ABarppap,74,30200,5200,424,419,5200,6.0,394,398,44,287073
ABarppap:75,ABarppap,75,30098,5098,392,392,5098,6.0,394,382,44,294258
ABarppap:76,ABarppap,76,29502,4502,-169,-177,4501,6.1,396,375,44,301716
ABarppap:77,ABarppap,77,30210,5210,911,895,5210,6.1,391,360,44,298943
ABarppap:78,ABarppap,78,29110,4110,81,76,4110,7.0,400,346,43,282002
ABarppap:79,ABarppap,79,29860,4860,425,431,4860,6.2,398,336,45,294898
ABarppap:80,ABarppap,80,30022,5022,1104,1091,5012,7.0,403,320,44,305986
ABarppap:81,ABarppap,81,29465,4465,710,719,4460,7.0,397,311,44,308762
ABarppap:82,ABarppap,82,29524,4524,515,533,4524,7.0,388,296,44,314185
ABarppap:83,ABarppap,83,29752,4752,1009,1015,4752,7.0,382,292,44,310148
ABarppap:84,ABarppap,84,29400,4400,605,600,4400,7.0,375,285,44,323641
ABarppap:85,ABarppap,85,29783,4783,1192,1168,4783,7.0,376,284,44,324252
ABarppap:86,ABarppap,86,29502,4502,486,486,4501,6.9,375,280,44,319871
ABarppap:87,ABarppap,87,30169,5169,1126,1134,5169,7.0,371,277,44,339124
ABarppap:88,ABarppap,88,30156,5156,1256,1256,5152,6.8,362,284,44,327576
ABarppap:89,ABarppap,89,30238,5238,986,986,5238,6.2,359,278,45,314575
ABarppap:90,ABarppap,90,29987,4987,881,881,4987,6.1,359,283,43,254046
ABarppap:91,ABarppap,91,29758,4758,771,769,4757,7.1,359,290,46,332926
ABarppap:92,ABarppap,92,30586,5586,1731,1731,5581,7.2,358,279,44,280909
ABarppap:93,ABarppap,93,29585,4585,877,877,4583,7.3,362,267,42,269055
ABarppap:94,ABarppap,94,28801,3801,486,465,3672,8.9,374,260,38,226358
ABarppap:95,ABarppap,95,28353,3353,-65,-65,3348,7.1,376,259,28,135418
ABarppapa:96,ABarppapa,96,27724,2724,-757,-769,2619,7.3,392,275,30,130353
ABarppapa:97,ABarppapa,97,29074,4074,855,854,4001,7.0,390,279,34,152232
ABarppapa:98,ABarppapa,98,30215,5215,1175,1204,5122,7.1,392,276,38,169152
ABarppapa:99,ABarppapa,99,30612,5612,1900,1906,5491,7.2,393,278,36,159773
ABarppapa:100,ABarppapa,100,30372,5372,1826,1878,5194,7.2,392,276,38,179460
ABarppapa:101,ABarppapa,101,30706,5706,1710,1728,5476,7.0,396,266,37,174062
ABarppapa:102,ABarppapa,102,30707,5707,2070,2065,5632,7.1,385,262,36,176483
ABarppapa:103,ABarppapa,103,31004,6004,1769,1774,5904,6.4,382,261,34,125844
ABarppapa:104,ABarppapa,104,31272,6272,1658,1671,6046,6.1,383,258,35,145569
ABarppapa:105,ABarppapa,105,30678,5678,1460,1455,5565,6.2,371,262,35,153860
ABarppapp:96,ABarppapp,96,28153,3153,14,98,2830,8.8,342,260,34,151114
ABarppapp:97,ABarppapp,97,28894,3894,556,524,3688,8.0,339,255,34,141597
ABarppapp:98,ABarppapp,98,30547,5547,2242,2237,5173,7.9,335,252,34,145335
ABarppapp:99,ABarppapp,99,30468,5468,1974,1950,5029,7.1,333,251,36,175341
ABarppapp:100,ABarppapp,100,29964,4964,1295,1429,4301,7.0,333,247,34,141855
ABarppapp:101,ABarppapp,101,29443,4443,24,117,4013,6.1,328,244,37,180039
ABarppapp:102,ABarppapp,102,31793,6793,2082,2117,6542,6.1,319,243,36,180093
ABarppapp:103,ABarppapp,103,30009,5009,202,215,4865,5.4,318,236,36,158499
ABarppapp:104,ABarppapp,104,30200,5200,-7,-6,5054,5.3,318,239,35,144870
ABarppapp:105,ABarppapp,105,33584,8584,3856,3864,8423,5.2,313,231,35,144848
ABarppp:50,ABarppp,50,27667,2667,-585,-614,2667,10.2,408,419,47,640159
ABarppp:51,ABarppp,51,28541,3541,287,254,3541,10.9,405,429,53,550916
ABarppp:52,ABarppp,52,27941,2941,-227,-233,2941,10.1,394,420,59,755919
ABarppp:53,ABarppp,53,28395,3395,266,272,3395,11.2,389,434,56,752464
ABarppp:54,ABarppp,54,28352,3352,314,344,2713,13.0,390,441,54,758010
ABarppp:55,ABarppp,55,28614,3614,340,356,3497,13.1,389,437,54,780469
ABarppp:56,ABarppp,56,28691,3691,600,651,3346,13.1,386,430,54,751943
ABarppp:57,ABarppp,57,28438,3438,317,362,3255,12.9,386,430,53,731493
ABarppp:58,ABarppp,58,28189,3189,7,93,3061,12.9,391,425,53,710860
ABarppp:59,ABarppp,59,28832,3832,461,484,3733,11.2,398,428,55,768674
ABarppp:60,ABarppp,60,28892,3892,665,705,3817,12.0,397,423,57,901368
ABarppp:61,ABarppp,61,28841,3841,832,829,3765,11.2,385,414,54,805800
ABarppp:62,ABarppp,62,29314,4314,1056,1072,4127,11.9,382,417,54,822193
ABarppp:63,ABarppp,63,28354,3354,120,125,3165,11.3,383,413,56,683524
ABarppp:64,ABarppp,64,28803,3803,661,692,3794,11.2,379,405,56,705251
ABarppp:65,ABarppp,65,28346,3346,410,422,3346,11.9,380,403,54,662735
ABarppp:66,ABarppp,66,28168,3168,97,120,3167,12.1,369,389,56,734915
ABarppp:67,ABarppp,67,28505,3505,463,445,3479,12.1,367,391,57,716143
ABarppp:68,ABarppp,68,27473,2473,-602,-602,2441,12.1,371,396,38,276274
ABarppp:69,ABarppp,69,27701,2701,-146,-147,2546,12.2,364,401,51,440012
ABarpppa:70,ABarpppa,70,28273,3273,316,344,3226,13.3,381,412,41,229908
ABarpppa:71,ABarpppa,71,27118,2118,-878,-771,2085,14.0,382,418,42,236369
ABarpppa:72,ABarpppa,72,28824,3824,792,804,3807,13.0,384,422,44,254602
ABarpppa:73,ABarpppa,73,28297,3297,109,189,3212,13.2,386,430,47,326879
ABarpppa:74,ABarpppa,74,27804,2804,-182,-153,2739,13.9,390,422,44,291413
ABarpppa:75,ABarpppa,75,29038,4038,1172,1222,3984,12.3,385,418,46,330102
ABarpppa:76,ABarpppa,76,28434,3434,339,394,3353,12.0,387,417,44,318005
ABarpppa:77,ABarpppa,77,28669,3669,686,735,3632,12.0,389,410,44,317038
ABarpppa:78,ABarpppa,78,28627,3627,520,513,3606,11.1,394,409,45,319429
ABarpppa:79,ABarpppa,79,28926,3926,901,914,3914,10.0,397,401,45,325619
ABarpppa:80,ABarpppa,80,29618,4618,1258,1246,4606,9.0,400,397,44,329777
ABarpppa:81,ABarpppa,81,29270,4270,1137,1144,4255,9.0,399,391,44,337898
ABarpppa:82,ABarpppa,82,29561,4561,1315,1320,4558,8.0,399,379,46,386614
ABarpppa:83,ABarpppa,83,29558,4558,194,184,4555,6.3,395,374,46,355909
ABarpppa:84,ABarpppa,84,30015,5015,970,911,5006,6.9,389,366,44,320080
ABarpppa:85,ABarpppa,85,30075,5075,784,757,5067,6.1,390,364,46,369603
ABarpppa:86,ABarpppa,86,29436,4436,315,313,4436,6.1,394,354,46,399805
ABarpppa:87,ABarpppa,87,29388,4388,92,87,4369,6.1,389,348,46,392956
ABarpppa:88,ABarpppa,88,30928,5928,1840,1840,5928,6.0,389,348,44,343194
ABarpppa:89,ABarpppa,89,30690,5690,1400,1407,5668,6.1,391,344,47,402625
ABarpppa:90,ABarpppa,90,30490,5490,1229,1211,5485,6.0,395,346,47,330772
ABarpppa:91,ABarpppa,91,30899,5899,1573,1574,5899,5.9,389,350,42,263283
ABarpppa:92,ABarpppa,92,30042,5042,807,806,5042,5.3,378,348,42,247488
ABarpppa:93,ABarpppa,93,29617,4617,-14,-14,4612,6.0,374,339,40,272422
ABarpppa:94,ABarpppa,94,29127,4127,-482,-482,4126,6.0,382,335,34,186845
ABarpppaa:95,ABarpppaa,95,29567,4567,151,141,4502,5.1,400,343,32,152026
ABarpppaa:96,ABarpppaa,96,30109,5109,231,204,4966,5.0,402,337,34,154242
ABarpppaa:97,ABarpppaa,97,31734,6734,2039,2039,6702,4.9,404,338,34,135512
ABarpppaa:98,ABarpppaa,98,30870,5870,1193,1193,5739,5.0,408,335,34,144915
ABarpppaa:99,ABarpppaa,99,31669,6669,2517,2507,6606,4.3,413,337,38,166516
ABarpppaa:100,ABarpppaa,100,31512,6512,2319,2294,6390,4.4,412,337,36,163932
ABarpppaa:101,ABarpppaa,101,31130,6130,1781,1846,5950,4.4,415,332,37,166628
ABarpppaa:102,ABarpppaa,102,31244,6244,1638,1589,6154,4.4,413,324,34,138632
ABarpppaa:103,ABarpppaa,103,32159,7159,2571,2653,7051,4.4,413,324,36,151328
ABarpppaa:104,ABarpppaa,104,31314,6314,1676,1710,6187,4.3,418,326,35,141894
ABarpppaa:105,ABarpppaa,105,33110,8110,3263,3255,7949,4.4,412,324,33,132720
ABarpppap:95,ABarpppap,95,27513,2513,-1825,-1870,2392,6.4,361,327,32,132254
ABarpppap:96,ABarpppap,96,29602,4602,817,817,4551,6.8,352,327,34,138408
ABarpppap:97,ABarpppap,97,31226,6226,1572,1572,6202,5.2,345,315,36,157399
ABarpppap:98,ABarpppap,98,32108,7108,2595,2636,7042,5.3,351,312,38,159746
ABarpppap:99,ABarpppap,99,32982,7982,2912,2894,7913,5.0,346,315,34,133464
ABarpppap:100,ABarpppap,100,30265,5265,825,774,5153,5.2,347,319,38,183227
ABarpppap:101,ABarpppap,101,31728,6728,1914,1988,6566,5.1,349,322,37,161354
ABarpppap:102,ABarpppap,102,31916,6916,1876,1931,6622,5.2,346,319,36,170969
ABarpppap:103,ABarpppap,103,32391,7391,2717,2821,7098,5.1,348,320,36,176191
ABarpppap:104,ABarpppap,104,31771,6771,1790,1912,6481,5.2,350,329,35,144061
ABarpppap:105,ABarpppap,105,31643,6643,1850,1891,6469,5.2,347,330,35,137323
ABarpppp:70,ABarpppp,70,27449,2449,-626,-602,1773,10.0,336,394,43,269619
ABarpppp:71,ABarpppp,71,29019,4019,914,879,3177,10.0,330,392,42,256694
ABarpppp:72,ABarpppp,72,27655,2655,-831,-761,2655,8.1,323,391,44,268035
ABarpppp:73,ABarpppp,73,29143,4143,576,588,4140,8.0,313,387,43,267902
ABarpppp:74,ABarpppp,74,29312,4312,779,934,4312,8.1,308,378,44,309217
ABarpppp:75,ABarpppp,75,28860,3860,-105,-61,3860,8.2,310,372,48,390281
ABarpppp:76,ABarpppp,76,28735,3735,93,125,3735,8.3,306,368,48,379298
ABarpppp:77,ABarpppp,77,29074,4074,565,634,4074,8.1,305,364,46,372536
ABarpppp:78,ABarpppp,78,29508,4508,765,788,4038,8.0,308,363,47,356551
ABarpppp:79,ABarpppp,79,29108,4108,211,205,3655,7.2,310,354,47,360272
ABarpppp:80,ABarpppp,80,29883,4883,724,722,4809,7.2,310,355,46,348584
ABarpppp:81,ABarpppp,81,29879,4879,1057,1039,4765,7.3,313,349,46,363118
ABarpppp:82,ABarpppp,82,30068,5068,1061,1038,4890,7.3,304,347,46,374548
ABarpppp:83,ABarpppp,83,29647,4647,1381,1381,4647,7.9,305,348,44,326120
ABarpppp:84,ABarpppp,84,29857,4857,717,718,4857,7.2,303,346,46,367610
ABarpppp:85,ABarpppp,85,29505,4505,498,493,4505,7.2,306,345,46,384277
ABarpppp:86,ABarpppp,86,29924,4924,862,862,4924,7.0,305,343,44,336285
ABarpppp:87,ABarpppp,87,29758,4758,554,554,4758,7.0,301,335,44,341214
ABarpppp:88,ABarpppp,88,29777,4777,425,425,4776,6.3,290,337,46,386394
ABarpppp:89,ABarpppp,89,30572,5572,1131,1132,5572,6.3,291,343,47,399247
ABarpppp:90,ABarpppp,90,29099,4099,-173,-176,4099,6.3,295,339,47,307440
ABarpppp:91,ABarpppp,91,30306,5306,1037,1037,5297,6.2,302,343,46,323908
ABarpppp:92,ABarpppp,92,29940,4940,1228,1234,4925,7.0,308,333,44,301907
ABarpppp:93,ABarpppp,93,31007,6007,2037,2026,6001,7.1,310,325,42,269186
ABarpppp:94,ABarpppp,94,29476,4476,981,991,4450,8.2,307,323,42,271888
ABarpppp:95,ABarpppp,95,29831,4831,1503,1493,4609,9.1,298,315,40,264782
ABarpppp:96,ABarpppp,96,29556,4556,1084,1084,4537,9.1,284,318,38,238325
ABarpppp:97,ABarpppp,97,28015,3015,-448,-448,2960,7.3,293,311,32,166083
ABarppppa:98,ABarppppa,98,28553,3553,82,81,3342,7.3,311,313,32,149878
ABarppppa:99,ABarppppa,99,28308,3308,-927,-940,3085,7.9,309,312,34,158078
ABarppppa:100,ABarppppa,100,30158,5158,1138,1066,5015,6.2,309,304,36,178741
ABarppppa:101,ABarppppa,101,31746,6746,2340,2481,6544,6.2,312,306,35,147041
ABarppppa:102,ABarppppa,102,29937,4937,390,491,4422,6.1,314,307,36,176906
ABarppppa:103,ABarppppa,103,31361,6361,2041,2096,6084,5.3,311,308,34,139051
ABarppppa:104,ABarppppa,104,32154,7154,2205,2282,6809,5.1,314,315,35,143666
ABarppppa:105,ABarppppa,105,31350,6350,1443,1516,6154,5.3,310,313,35,139704
ABarppppp:98,ABarppppp,98,27843,2843,-371,-371,2770,8.3,262,299,32,138256
ABarppppp:99,ABarppppp,99,29154,4154,458,458,4057,9.1,256,291,34,152714
ABarppppp:100,ABarppppp,100,29537,4537,1538,1537,4430,9.1,254,287,34,142632
ABarppppp:101,ABarppppp,101,29571,4571,1204,1204,4385,9.1,247,281,37,166699
ABarppppp:102,ABarppppp,102,31101,6101,2481,2493,5588,9.2,242,284,36,176374
ABarppppp:103,ABarppppp,103,29337,4337,547,562,3222,9.2,236,292,36,193522
ABarppppp:104,ABarppppp,104,30653,5653,1797,1799,4054,9.0,232,292,31,130363
ABarppppp:105,ABarppppp,105,30098,5098,1013,1133,5063,8.1,230,294,35,165289
ABp:1,ABp,1,27829,2829,-17,-15,2829,14.7,453,324,80,1441730
ABp:2,ABp,2,27707,2707,-253,-255,2707,14.1,444,340,82,1679679
ABp:3,ABp,3,27847,2847,-211,-211,2847,15.9,403,405,86,2405665
ABp:4,ABp,4,27930,2930,-42,-42,2930,16.0,382,408,86,2703535
ABp:5,ABp,5,27722,2722,-299,-299,2722,14.8,391,403,86,2855267
ABp:6,ABp,6,27542,2542,-558,-558,2542,14.2,392,384,87,2393479
ABp:7,ABp,7,27138,2138,-799,-799,2138,12.5,392,361,61,996282
ABpl:8,ABpl,8,27507,2507,-929,-930,2507,9.8,388,369,57,803174
ABpl:9,ABpl,9,28054,3054,-482,-482,3054,9.7,381,372,73,1179480
ABpl:10,ABpl,10,27990,2990,-643,-643,2990,8.8,379,366,70,1053179
ABpl:11,ABpl,11,28408,3408,-893,-893,3408,7.5,397,377,73,1199318
ABpl:12,ABpl,12,28393,3393,-538,-538,3393,7.3,406,364,78,1656851
ABpl:13,ABpl,13,28261,3261,-387,-404,3260,8.1,409,334,76,1698360
ABpl:14,ABpl,14,28127,3127,-673,-673,3127,7.3,415,292,79,2000598
ABpl:15,ABpl,15,27818,2818,-1004,-1004,2818,7.8,414,256,76,2027644
ABpl:16,ABpl,16,27991,2991,-949,-949,2991,8.2,422,228,82,2542156
ABpl:17,ABpl,17,27759,2759,-1272,-1272,2759,8.5,434,219,79,1705406
ABpl:18,ABpl,18,27527,2527,-1175,-1175,2527,9.2,451,225,80,1463348
ABpla:19,ABpla,19,27589,2589,-1375,-1442,2589,7.1,484,269,60,705738
ABpla:20,ABpla,20,28307,3307,-599,-626,3307,7.1,502,261,75,1092356
ABpla:21,ABpla,21,28898,3898,-26,-27,3898,6.8,519,265,75,1152204
ABpla:22,ABpla,22,28890,3890,76,76,3890,6.9,539,292,75,1306717
ABpla:23,ABpla,23,28852,3852,209,209,3852,7.0,547,310,73,1379333
ABpla:24,ABpla,24,28314,3314,-500,-500,3314,7.2,546,325,71,1438526
ABpla:25,ABpla,25,28161,3161,-437,-437,3161,7.1,538,314,74,1766781
ABpla:26,ABpla,26,28438,3438,-59,-59,3438,6.8,531,299,72,1697817
ABpla:27,ABpla,27,28493,3493,-258,-258,3493,6.6,538,298,72,1767439
ABpla:28,ABpla,28,28902,3902,143,143,3902,6.5,529,280,71,1676977
ABpla:29,ABpla,29,27669,2669,-1058,-1058,2669,7.1,535,270,51,672276
ABplaa:30,ABplaa,30,26800,1800,-800,-803,1795,8.2,551,271,37,270728
ABplaa:31,ABplaa,31,27596,2596,-847,-858,2596,8.1,552,280,53,537467
ABplaa:32,ABplaa,32,28266,3266,-275,-285,3266,8.0,546,289,55,559390
ABplaa:33,ABplaa,33,28463,3463,-63,-65,3463,7.8,557,293,57,618977
ABplaa:34,ABplaa,34,28145,3145,-760,-760,3145,7.1,555,304,61,844178
ABplaa:35,ABplaa,35,28458,3458,-200,-200,3458,7.7,569,307,60,888603
ABplaa:36,ABplaa,36,28888,3888,105,99,3888,6.4,583,317,62,985182
ABplaa:37,ABplaa,37,28663,3663,-213,-210,3663,6.3,581,324,63,1019931
ABplaa:38,ABplaa,38,28869,3869,239,239,3869,6.4,564,319,61,975111
ABplaa:39,ABplaa,39,28508,3508,-386,-386,3508,6.3,567,316,62,1073513
ABplaa:40,ABplaa,40,28683,3683,-172,-172,3683,7.0,568,302,64,1265111
ABplaa:41,ABplaa,41,28155,3155,-508,-508,3155,7.1,573,287,65,1314803
ABplaa:42,ABplaa,42,28271,3271,-489,-489,3271,7.8,574,286,62,1149939
ABplaa:43,ABplaa,43,29224,4224,390,390,4224,6.4,587,273,65,1306041
ABplaa:44,ABplaa,44,28823,3823,-187,-187,3823,6.3,590,273,65,1341519
ABplaa:45,ABplaa,45,29041,4041,441,440,4041,7.1,584,281,65,1358235
ABplaa:46,ABplaa,46,28381,3381,-497,-501,3381,7.2,579,283,64,1372059
ABplaa:47,ABplaa,47,28367,3367,-274,-277,3367,8.7,576,280,60,849161
ABplaa:48,ABplaa,48,27694,2694,-1075,-1075,2694,7.8,572,283,60,912159
ABplaaa:49,ABplaaa,49,27511,2511,-1557,-1543,2508,6.2,591,293,49,442874
ABplaaa:50,ABplaaa,50,28607,3607,-262,-308,3595,6.8,597,302,53,507783
ABplaaa:51,ABplaaa,51,28542,3542,-234,-238,3542,6.8,594,304,53,512613
ABplaaa:52,ABplaaa,52,29595,4595,802,799,4595,6.0,597,304,57,643077
ABplaaa:53,ABplaaa,53,29013,4013,291,265,4013,6.0,622,306,54,635427
ABplaaa:54,ABplaaa,54,29303,4303,519,563,4303,6.1,624,305,54,697220
ABplaaa:55,ABplaaa,55,30082,5082,1202,1198,5082,5.9,622,301,54,701944
ABplaaa:56,ABplaaa,56,29108,4108,404,413,4108,6.0,612,304,54,715498
ABplaaa:57,ABplaaa,57,29533,4533,638,621,4533,6.0,613,304,53,686857
ABplaaa:58,ABplaaa,58,29289,4289,515,503,4289,5.4,614,307,55,683128
ABplaaa:59,ABplaaa,59,29375,4375,567,558,4375,6.0,607,302,55,746996
ABplaaa:60,ABplaaa,60,29796,4796,844,829,4796,6.0,608,302,57,809018
ABplaaa:61,ABplaaa,61,29678,4678,924,902,4678,6.1,603,296,54,746124
ABplaaa:62,ABplaaa,62,28899,3899,-154,-159,3899,6.0,609,296,54,758794
ABplaaa:63,ABplaaa,63,29967,4967,1195,1199,4967,5.5,612,295,56,627751
ABplaaa:64,ABplaaa,64,28971,3971,284,285,3971,6.1,605,297,54,645722
ABplaaa:65,ABplaaa,65,29170,4170,262,261,4170,6.8,606,295,54,676007
ABplaaa:66,ABplaaa,66,29063,4063,93,93,4063,6.2,605,293,54,591645
ABplaaa:67,ABplaaa,67,28342,3342,-391,-391,3342,6.2,612,294,37,265682
ABplaaaa:68,ABplaaaa,68,27952,2952,-830,-830,2949,6.2,635,291,34,198423
ABplaaaa:69,ABplaaaa,69,29504,4504,699,647,4501,6.0,637,293,47,319871
ABplaaaa:70,ABplaaaa,70,29908,4908,1285,1285,4908,5.3,645,295,45,245532
ABplaaaa:71,ABplaaaa,71,30131,5131,1408,1407,5119,6.0,653,296,44,273684
ABplaaaa:72,ABplaaaa,72,29258,4258,387,372,4250,5.2,643,298,44,272222
ABplaaaa:73,ABplaaaa,73,30807,5807,2208,2213,5799,5.1,654,296,45,276216
ABplaaaa:74,ABplaaaa,74,29797,4797,1194,1192,4779,5.3,660,294,46,318203
ABplaaaa:75,ABplaaaa,75,29720,4720,1181,1190,4703,6.1,657,294,46,364201
ABplaaaa:76,ABplaaaa,76,29879,4879,1390,1390,4877,6.1,653,282,44,302937
ABplaaaa:77,ABplaaaa,77,30024,5024,1159,1137,4982,5.9,646,278,44,309885
ABplaaaa:78,ABplaaaa,78,31399,6399,2331,2330,6389,5.2,638,275,45,296474
ABplaaaa:79,ABplaaaa,79,30295,5295,1590,1566,5282,6.0,641,275,47,369010
ABplaaaa:80,ABplaaaa,80,29933,4933,1472,1485,4917,7.0,634,263,44,322297
ABplaaaa:81,ABplaaaa,81,30073,5073,1470,1458,5070,6.2,632,260,46,353561
ABplaaaa:82,ABplaaaa,82,30211,5211,1293,1310,5208,6.3,626,253,46,370754
ABplaaaa:83,ABplaaaa,83,31238,6238,2065,2078,6238,5.3,627,251,46,354394
ABplaaaa:84,ABplaaaa,84,30514,5514,1619,1610,5507,6.1,623,248,46,382513
ABplaaaa:85,ABplaaaa,85,31072,6072,2165,2151,6065,6.1,621,248,44,327360
ABplaaaa:86,ABplaaaa,86,30473,5473,1410,1414,5471,6.0,614,245,44,347933
ABplaaaa:87,ABplaaaa,87,29636,4636,635,632,4623,6.1,614,245,44,356184
ABplaaaa:88,ABplaaaa,88,30281,5281,1355,1327,5243,6.1,614,244,44,366191
ABplaaaa:89,ABplaaaa,89,30430,5430,1410,1406,5332,6.1,605,244,43,357801
ABplaaaa:90,ABplaaaa,90,28368,3368,-697,-656,3303,6.2,604,255,41,266787
ABplaaaaa:91,ABplaaaaa,91,28803,3803,246,238,3673,7.3,628,256,32,131461
ABplaaaaa:92,ABplaaaaa,92,29166,4166,883,883,4108,8.1,647,254,32,136527
ABplaaaaa:93,ABplaaaaa,93,29124,4124,1415,1406,4063,8.0,648,254,38,178604
ABplaaaaa:94,ABplaaaaa,94,30001,5001,1823,1821,4919,7.1,660,250,38,181994
ABplaaaaa:95,ABplaaaaa,95,30434,5434,2291,2291,5392,7.2,661,253,38,188251
ABplaaaaa:96,ABplaaaaa,96,30170,5170,2087,2080,5022,8.0,665,245,38,198305
ABplaaaaa:97,ABplaaaaa,97,30052,5052,2201,2248,4864,8.3,665,242,36,166164
ABplaaaaa:98,ABplaaaaa,98,31235,6235,3181,3212,5869,9.1,665,240,36,194396
ABplaaaaa:99,ABplaaaaa,99,30094,5094,1759,1663,4766,8.2,666,234,36,189142
ABplaaaaa:100,ABplaaaaa,100,30921,5921,2408,2387,5491,8.1,659,236,36,195830
ABplaaaaa:101,ABplaaaaa,101,29407,4407,1182,1314,3951,9.0,662,239,37,206717
ABplaaaaa:102,ABplaaaaa,102,29954,4954,1775,1803,4620,9.2,651,234,36,199201
ABplaaaaa:103,ABplaaaaa,103,30849,5849,2540,2541,5570,8.3,647,232,34,158525
ABplaaaaa:104,ABplaaaaa,104,30613,5613,2305,2330,5352,8.2,643,226,35,160034
ABplaaaaa:105,ABplaaaaa,105,29484,4484,1707,1708,4198,8.0,633,223,35,180335
ABplaaaap:91,ABplaaaap,91,27105,2105,-2063,-2097,1792,6.1,592,250,28,107024
ABplaaaap:92,ABplaaaap,92,28975,3975,-161,-112,3639,5.3,597,246,28,90565
ABplaaaap:93,ABplaaaap,93,30701,5701,1407,1404,5364,5.2,599,251,38,177313
ABplaaaap:94,ABplaaaap,94,30024,5024,728,853,4482,6.1,594,251,38,185692
ABplaaaap:95,ABplaaaap,95,30556,5556,1198,1360,5050,5.1,596,255,40,196647
ABplaaaap:96,ABplaaaap,96,32117,7117,2964,3130,6824,5.1,609,249,38,186799
ABplaaaap:97,ABplaaaap,97,31764,6764,2105,2298,6334,5.0,616,254,38,193567
ABplaaaap:98,ABplaaaap,98,31423,6423,1999,2101,6060,5.1,624,245,38,189552
ABplaaaap:99,ABplaaaap,99,31009,6009,1524,1622,5601,5.2,622,241,38,187385
ABplaaaap:100,ABplaaaap,100,30936,5936,1479,1629,5683,5.3,617,237,38,177784
ABplaaaap:101,ABplaaaap,101,31332,6332,2139,2219,6084,6.0,616,226,37,176175
ABplaaaap:102,ABplaaaap,102,31781,6781,2518,2770,6025,6.2,609,220,36,183620
ABplaaaap:103,ABplaaaap,103,30993,5993,1717,1846,5489,6.1,606,224,36,188585
ABplaaaap:104,ABplaaaap,104,31020,6020,1673,1574,5542,6.0,601,223,35,162279
ABplaaaap:105,ABplaaaap,105,32648,7648,2816,2889,7177,5.3,591,233,35,151111
ABplaaap:68,ABplaaap,68,27909,2909,-1612,-1612,2869,5.4,581,314,32,157983
ABplaaap:69,ABplaaap,69,27996,2996,-894,-883,2938,6.1,580,314,47,312604
ABplaaap:70,ABplaaap,70,29734,4734,940,950,4717,6.1,575,311,47,307658
ABplaaap:71,ABplaaap,71,30067,5067,1188,1176,5032,5.3,569,320,44,250518
ABplaaap:72,ABplaaap,72,29403,4403,511,562,4270,6.1,565,318,44,280017
ABplaaap:73,ABplaaap,73,29701,4701,787,895,4625,6.2,565,314,47,341032
ABplaaap:74,ABplaaap,74,29239,4239,468,482,4015,7.0,572,312,44,294346
ABplaaap:75,ABplaaap,75,30270,5270,1105,1222,5184,6.9,568,311,44,284406
ABplaaap:76,ABplaaap,76,29474,4474,784,843,4419,6.1,567,303,46,349147
ABplaaap:77,ABplaaap,77,30501,5501,1397,1379,5472,6.1,567,288,44,316809
ABplaaap:78,ABplaaap,78,29768,4768,826,834,4679,6.1,561,303,45,302121
ABplaaap:79,ABplaaap,79,29980,4980,1084,1100,4831,6.1,562,289,45,311998
ABplaaap:80,ABplaaap,80,31173,6173,2134,2144,6144,5.2,559,273,46,331611
ABplaaap:81,ABplaaap,81,30657,5657,1924,2001,5622,6.1,559,269,46,370937
ABplaaap:82,ABplaaap,82,29744,4744,984,1011,4712,6.9,547,262,44,306525
ABplaaap:83,ABplaaap,83,29647,4647,1224,1206,4636,7.0,545,258,44,317789
ABplaaap:84,ABplaaap,84,29598,4598,370,443,4584,6.2,545,256,46,369939
ABplaaap:85,ABplaaap,85,30920,5920,1905,1893,5893,6.9,543,260,44,339055
ABplaaap:86,ABplaaap,86,30056,5056,948,977,5029,6.9,541,254,44,327260
ABplaaap:87,ABplaaap,87,30460,5460,1410,1382,5454,6.1,543,255,44,345127
ABplaaap:88,ABplaaap,88,30133,5133,1006,995,5117,6.1,536,256,44,343134
ABplaaap:89,ABplaaap,89,30467,5467,1246,1239,5450,6.1,530,257,43,345182
ABplaaap:90,ABplaaap,90,29624,4624,-362,-362,4624,6.1,532,254,31,147468
ABplaaapa:91,ABplaaapa,91,28699,3699,-1350,-1329,3438,6.1,553,259,28,102536
ABplaaapa:92,ABplaaapa,92,29849,4849,548,568,4543,5.4,566,264,30,103798
ABplaaapa:93,ABplaaapa,93,29981,4981,558,594,4508,5.1,565,261,36,160788
ABplaaapa:94,ABplaaapa,94,30324,5324,841,826,4675,5.0,564,264,38,173766
ABplaaapa:95,ABplaaapa,95,31554,6554,1910,2005,5685,4.9,562,259,36,168160
ABplaaapa:96,ABplaaapa,96,31076,6076,1384,1512,5432,5.1,572,256,36,168533
ABplaaapa:97,ABplaaapa,97,31536,6536,1902,2182,5949,4.4,581,250,36,159486
ABplaaapa:98,ABplaaapa,98,30787,5787,1072,1260,5278,4.3,587,249,38,182365
ABplaaapa:99,ABplaaapa,99,31383,6383,1383,1445,5864,4.4,585,240,36,161646
ABplaaapa:100,ABplaaapa,100,31106,6106,1250,1231,5622,4.3,578,246,38,182997
ABplaaapa:101,ABplaaapa,101,31401,6401,1617,1610,6008,5.3,575,229,37,185814
ABplaaapa:102,ABplaaapa,102,32469,7469,2770,2791,6940,5.3,574,220,36,178083
ABplaaapa:103,ABplaaapa,103,29907,4907,315,274,4293,6.0,572,216,36,200161
ABplaaapa:104,ABplaaapa,104,30671,5671,1577,1683,5183,6.3,566,211,35,168712
ABplaaapa:105,ABplaaapa,105,31709,6709,1496,1543,6210,5.3,557,220,35,143741
ABplaaapp:91,ABplaaapp,91,28573,3573,-472,-491,3384,6.2,516,258,28,94149
ABplaaapp:92,ABplaaapp,92,28478,3478,-1075,-1077,3450,6.2,512,258,32,122971
ABplaaapp:93,ABplaaapp,93,28874,3874,22,74,3824,6.8,508,256,38,166757
ABplaaapp:94,ABplaaapp,94,30950,5950,1845,1837,5934,6.1,498,255,38,171155
ABplaaapp:95,ABplaaapp,95,30004,5004,1124,1130,4979,5.3,498,252,38,150866
ABplaaapp:96,ABplaaapp,96,29600,4600,354,331,4433,6.1,507,243,38,176615
ABplaaapp:97,ABplaaapp,97,30535,5535,1405,1388,5431,6.2,519,238,38,184724
ABplaaapp:98,ABplaaapp,98,30718,5718,1530,1551,5522,6.0,520,229,38,188762
ABplaaapp:99,ABplaaapp,99,32258,7258,2417,2385,7147,5.3,519,222,38,174655
ABplaaapp:100,ABplaaapp,100,31474,6474,1467,1518,6341,5.2,519,219,38,175902
ABplaaapp:101,ABplaaapp,101,30884,5884,967,882,5479,6.1,517,214,35,138078
ABplaaapp:102,ABplaaapp,102,31969,6969,1852,1843,6699,6.0,509,209,36,176728
ABplaaapp:103,ABplaaapp,103,31504,6504,1682,1683,6250,6.2,507,210,36,178918
ABplaaapp:104,ABplaaapp,104,31795,6795,2044,2067,6566,6.2,504,210,35,148950
ABplaaapp:105,ABplaaapp,105,30986,5986,1391,1334,5781,6.1,501,213,35,158146
ABplaap:49,ABplaap,49,28107,3107,-226,-275,3106,8.0,544,257,45,353627
ABplaap:50,ABplaap,50,28315,3315,-261,-283,3315,8.1,545,263,53,505410
ABplaap:51,ABplaap,51,28441,3441,-78,-72,3441,9.0,533,251,53,516770
ABplaap:52,ABplaap,52,28489,3489,228,236,3489,10.0,521,240,53,567570
ABplaap:53,ABplaap,53,28869,3869,432,403,3869,9.2,524,243,54,651442
ABplaap:54,ABplaap,54,29087,4087,676,687,4087,9.0,531,249,54,692726
ABplaap:55,ABplaap,55,28003,3003,-464,-461,3003,8.9,529,251,54,722717
ABplaap:56,ABplaap,56,28653,3653,471,481,3653,9.1,526,255,54,721764
ABplaap:57,ABplaap,57,28480,3480,180,186,3480,9.2,531,263,55,739545
ABplaap:58,ABplaap,58,28159,3159,-292,-298,3159,8.3,536,259,55,729314
ABplaap:59,ABplaap,59,28484,3484,-135,-156,3484,8.3,539,254,57,784036
ABplaap:60,ABplaap,60,29347,4347,538,532,4347,8.1,535,257,55,737143
ABplaap:61,ABplaap,61,29089,4089,418,419,4089,8.4,536,257,56,818062
ABplaap:62,ABplaap,62,28887,3887,134,122,3887,8.0,533,250,54,792111
ABplaap:63,ABplaap,63,28821,3821,325,337,3821,8.0,529,249,54,631293
ABplaap:64,ABplaap,64,28889,3889,366,355,3889,8.0,533,256,54,648613
ABplaap:65,ABplaap,65,29312,4312,731,721,4312,8.2,535,253,54,658031
ABplaap:66,ABplaap,66,28566,3566,658,658,3566,8.1,554,242,30,179143
ABplaapa:67,ABplaapa,67,26850,1850,-950,-952,1831,8.1,572,235,33,162336
ABplaapa:68,ABplaapa,68,28122,3122,-401,-427,3113,8.1,580,238,40,228298
ABplaapa:69,ABplaapa,69,28549,3549,227,215,3549,8.9,582,249,47,305968
ABplaapa:70,ABplaapa,70,28798,3798,448,432,3740,8.2,589,247,45,256113
ABplaapa:71,ABplaapa,71,28743,3743,615,638,3726,9.0,598,252,44,291430
ABplaapa:72,ABplaapa,72,29736,4736,1371,1361,4725,8.2,591,258,46,329617
ABplaapa:73,ABplaapa,73,29210,4210,474,460,4203,7.0,599,257,47,339735
ABplaapa:74,ABplaapa,74,29455,4455,1156,1151,4453,7.1,598,255,44,307643
ABplaapa:75,ABplaapa,75,30199,5199,1465,1462,5196,7.1,602,249,46,364410
ABplaapa:76,ABplaapa,76,29823,4823,881,877,4822,7.1,600,241,46,370071
ABplaapa:77,ABplaapa,77,30194,5194,1615,1632,5186,7.9,597,239,44,326264
ABplaapa:78,ABplaapa,78,30014,5014,1431,1395,4913,8.0,593,240,43,300953
ABplaapa:79,ABplaapa,79,29984,4984,1601,1635,4944,8.1,594,234,47,382306
ABplaapa:80,ABplaapa,80,29994,4994,1623,1618,4972,8.1,585,222,44,339519
ABplaapa:81,ABplaapa,81,29909,4909,1754,1743,4879,8.1,586,211,46,399500
ABplaapa:82,ABplaapa,82,29482,4482,1233,1245,4458,8.1,587,207,46,407206
ABplaapa:83,ABplaapa,83,30626,5626,2478,2481,5622,8.0,578,206,44,345354
ABplaapa:84,ABplaapa,84,30036,5036,1956,1984,4959,8.9,577,205,44,333306
ABplaapa:85,ABplaapa,85,30601,5601,2421,2412,5597,8.1,574,202,46,405649
ABplaapa:86,ABplaapa,86,30072,5072,2196,2197,5069,8.2,574,194,46,429105
ABplaapa:87,ABplaapa,87,29567,4567,1253,1253,4545,9.0,570,193,44,386773
ABplaapa:88,ABplaapa,88,29809,4809,1734,1739,4808,9.1,562,200,44,395275
ABplaapa:89,ABplaapa,89,30106,5106,1991,1966,5084,10.0,563,196,43,381700
ABplaapa:90,ABplaapa,90,28432,3432,-292,-290,3416,9.1,566,194,35,201057
ABplaapaa:91,ABplaapaa,91,28337,3337,-270,-218,3140,9.3,591,194,32,152322
ABplaapaa:92,ABplaapaa,92,28482,3482,-181,-147,3418,9.1,606,202,36,190680
ABplaapaa:93,ABplaapaa,93,29692,4692,1775,1832,4603,8.8,611,206,38,184623
ABplaapaa:94,ABplaapaa,94,30746,5746,2390,2412,5679,8.1,620,209,38,194329
ABplaapaa:95,ABplaapaa,95,29520,4520,1583,1598,4428,8.2,627,207,36,182634
ABplaapaa:96,ABplaapaa,96,29991,4991,2046,2032,4882,9.1,629,203,38,195772
ABplaapaa:97,ABplaapaa,97,30317,5317,2519,2513,5236,9.3,633,205,38,192682
ABplaapaa:98,ABplaapaa,98,28861,3861,1037,1075,3627,9.2,630,208,38,195863
ABplaapaa:99,ABplaapaa,99,30124,5124,1776,1853,4803,10.1,633,206,38,222753
ABplaapaa:100,ABplaapaa,100,29235,4235,949,965,3993,9.3,622,201,36,186435
ABplaapaa:101,ABplaapaa,101,28670,3670,433,425,3327,10.1,612,196,37,213637
ABplaapaa:102,ABplaapaa,102,30577,5577,2168,2173,4763,10.1,609,198,36,216143
ABplaapaa:103,ABplaapaa,103,30710,5710,2448,2536,5049,10.0,600,193,36,212727
ABplaapaa:104,ABplaapaa,104,29910,4910,1637,1659,4533,10.1,602,188,35,182240
ABplaapaa:105,ABplaapaa,105,29144,4144,625,706,3553,9.3,598,190,35,161733
ABplaapap:91,ABplaapap,91,27471,2471,-1012,-1021,2334,8.4,546,196,30,120519
ABplaapap:92,ABplaapap,92,29286,4286,703,663,4193,7.4,549,205,34,131548
ABplaapap:93,ABplaapap,93,30880,5880,2806,2818,5757,7.8,551,200,38,185072
ABplaapap:94,ABplaapap,94,30467,5467,2100,2118,5290,7.2,545,192,42,211565
ABplaapap:95,ABplaapap,95,30695,5695,2069,2008,5440,7.1,548,194,40,198096
ABplaapap:96,ABplaapap,96,30293,5293,2410,2444,4990,8.0,555,190,38,208931
ABplaapap:97,ABplaapap,97,29952,4952,1996,2054,4715,8.2,560,188,38,197800
ABplaapap:98,ABplaapap,98,30139,5139,1989,2003,4892,8.3,562,181,36,164778
ABplaapap:99,ABplaapap,99,30265,5265,2208,2280,4903,9.2,562,179,38,222264
ABplaapap:100,ABplaapap,100,30346,5346,2253,2405,5024,10.0,556,173,38,229273
ABplaapap:101,ABplaapap,101,30452,5452,2180,2298,5061,10.4,546,170,37,186994
ABplaapap:102,ABplaapap,102,30503,5503,2249,2333,5186,11.1,541,169,36,219754
ABplaapap:103,ABplaapap,103,29922,4922,1568,1632,4646,10.4,531,164,36,195048
ABplaapap:104,ABplaapap,104,30959,5959,2808,2950,5781,11.0,534,163,35,176624
ABplaapap:105,ABplaapap,105,29821,4821,1488,1472,4572,10.1,533,170,35,176083
ABplaapp:67,ABplaapp,67,28187,3187,-79,-64,3181,8.2,521,251,35,170617
ABplaapp:68,ABplaapp,68,28009,3009,-285,-285,3009,9.0,519,258,40,238032
ABplaapp:69,ABplaapp,69,28514,3514,420,442,3514,9.8,520,257,47,295417
ABplaapp:70,ABplaapp,70,29506,4506,1188,1183,4506,9.2,514,255,45,221670
ABplaapp:71,ABplaapp,71,29793,4793,1187,1240,4772,9.1,503,262,46,320880
ABplaapp:72,ABplaapp,72,30194,5194,1891,1862,5178,8.3,505,261,44,252048
ABplaapp:73,ABplaapp,73,29948,4948,1593,1580,4938,9.1,508,262,47,342860
ABplaapp:74,ABplaapp,74,29344,4344,654,664,4329,8.3,513,257,46,336344
ABplaapp:75,ABplaapp,75,29728,4728,1093,1147,4728,8.1,510,250,48,390406
ABplaapp:76,ABplaapp,76,30621,5621,2152,2116,5612,8.9,502,239,44,306682
ABplaapp:77,ABplaapp,77,29711,4711,939,953,4694,8.1,496,233,48,415802
ABplaapp:78,ABplaapp,78,29926,4926,1348,1381,4888,8.1,500,229,47,364718
ABplaapp:79,ABplaapp,79,30071,5071,1597,1618,5057,8.2,494,213,47,365396
ABplaapp:80,ABplaapp,80,29350,4350,785,807,4323,8.3,486,205,46,343779
ABplaapp:81,ABplaapp,81,29967,4967,1911,1884,4951,9.3,491,202,48,429312
ABplaapp:82,ABplaapp,82,30022,5022,1525,1528,5003,9.1,484,196,48,448758
ABplaapp:83,ABplaapp,83,29656,4656,1470,1503,4597,9.2,480,200,48,433295
ABplaapp:84,ABplaapp,84,29937,4937,1833,1825,4902,9.1,484,195,46,396656
ABplaapp:85,ABplaapp,85,29444,4444,1351,1325,4378,9.1,483,197,46,425978
ABplaapp:86,ABplaapp,86,29024,4024,723,733,3937,9.3,481,196,46,387629
ABplaapp:87,ABplaapp,87,29328,4328,805,798,4232,10.1,483,196,44,378487
ABplaapp:88,ABplaapp,88,28061,3061,-374,-374,3017,9.1,495,187,32,211003
ABplaappa:89,ABplaappa,89,28452,3452,216,212,3412,10.4,512,183,33,173955
ABplaappa:90,ABplaappa,90,27776,2776,-331,-331,2725,10.1,513,177,35,154671
ABplaappa:91,ABplaappa,91,28666,3666,705,681,3406,10.9,509,184,42,229688
ABplaappa:92,ABplaappa,92,29473,4473,1603,1631,4353,10.1,518,181,40,217810
ABplaappa:93,ABplaappa,93,28899,3899,928,957,3386,11.0,530,174,38,209610
ABplaappa:94,ABplaappa,94,29898,4898,1654,1712,4635,10.9,525,170,38,204462
ABplaappa:95,ABplaappa,95,30869,5869,2562,2694,5343,10.9,533,168,36,202404
ABplaappa:96,ABplaappa,96,29533,4533,1704,1770,4272,10.3,530,162,38,214267
ABplaappa:97,ABplaappa,97,29491,4491,1490,1530,4323,11.1,533,160,36,212269
ABplaappa:98,ABplaappa,98,29105,4105,1173,1175,3733,12.1,536,159,36,204378
ABplaappa:99,ABplaappa,99,30401,5401,2574,2560,5075,13.0,530,157,34,186233
ABplaappa:100,ABplaappa,100,30998,5998,3177,3159,5530,13.1,518,155,38,254720
ABplaappa:101,ABplaappa,101,29598,4598,1208,1218,3807,14.2,516,154,37,222459
ABplaappa:102,ABplaappa,102,31090,6090,2485,2572,4660,14.0,507,157,34,200188
ABplaappa:103,ABplaappa,103,29996,4996,1843,1843,4115,14.1,497,153,36,253883
ABplaappa:104,ABplaappa,104,30121,5121,1777,1974,3927,13.3,486,149,35,182673
ABplaappa:105,ABplaappa,105,31135,6135,2991,3024,4992,13.2,486,150,35,196782
ABplaappp:89,ABplaappp,89,26934,1934,-1428,-1428,1914,10.2,458,177,31,154186
ABplaappp:90,ABplaappp,90,28324,3324,208,208,3290,10.1,450,178,35,143531
ABplaappp:91,ABplaappp,91,30463,5463,1940,1941,5420,10.0,440,185,42,211148
ABplaappp:92,ABplaappp,92,29367,4367,1309,1318,4327,10.0,440,185,42,208026
ABplaappp:93,ABplaappp,93,30450,5450,2166,2195,5409,10.1,450,176,42,222243
ABplaappp:94,ABplaappp,94,30529,5529,2797,2768,5477,11.1,446,166,42,229660
ABplaappp:95,ABplaappp,95,31264,6264,3171,3221,6068,11.2,448,165,40,203888
ABplaappp:96,ABplaappp,96,31803,6803,3494,3461,6696,10.3,447,165,38,183863
ABplaappp:97,ABplaappp,97,31596,6596,3348,3348,6460,10.0,447,170,38,194730
ABplaappp:98,ABplaappp,98,31540,6540,3381,3444,6378,9.2,445,170,38,185823
ABplaappp:99,ABplaappp,99,31319,6319,3006,2992,6268,10.1,446,168,38,220413
ABplaappp:100,ABplaappp,100,30768,5768,2454,2429,5612,11.1,437,164,38,224255
ABplaappp:101,ABplaappp,101,31694,6694,3280,3327,6495,11.1,432,162,37,190031
ABplaappp:102,ABplaappp,102,31300,6300,2524,2577,6165,11.2,426,159,36,199145
ABplaappp:103,ABplaappp,103,32652,7652,4073,4070,7431,12.0,423,162,36,204925
ABplaappp:104,ABplaappp,104,30970,5970,2090,2068,5504,11.3,420,164,35,150468
ABplaappp:105,ABplaappp,105,30835,5835,1841,1888,5551,11.1,412,157,35,170841
ABplap:30,ABplap,30,27258,2258,-691,-694,2254,7.3,495,268,37,266548
ABplap:31,ABplap,31,27647,2647,-1124,-1109,2647,7.1,478,278,49,450236
ABplap:32,ABplap,32,28342,3342,-101,-99,3342,8.2,472,290,59,667456
ABplap:33,ABplap,33,28730,3730,375,370,3730,8.4,470,304,59,685523
ABplap:34,ABplap,34,28364,3364,-148,-148,3364,7.7,447,306,59,740970
ABplap:35,ABplap,35,29005,4005,-13,-13,4005,6.9,445,313,60,897696
ABplap:36,ABplap,36,28839,3839,147,147,3839,7.0,451,316,60,961840
ABplap:37,ABplap,37,28973,3973,9,9,3973,6.4,453,326,61,983406
ABplap:38,ABplap,38,28725,3725,-41,-41,3725,6.4,445,319,63,1071594
ABplap:39,ABplap,39,28621,3621,-238,-238,3621,7.1,446,318,60,1083566
ABplap:40,ABplap,40,28475,3475,-310,-310,3475,7.0,447,309,62,1152850
ABplap:41,ABplap,41,28699,3699,-116,-116,3699,7.0,451,298,61,1111575
ABplap:42,ABplap,42,28669,3669,-168,-168,3669,7.0,455,300,62,1213193
ABplap:43,ABplap,43,28834,3834,-258,-258,3834,7.0,455,304,61,1160839
ABplap:44,ABplap,44,28481,3481,-186,-186,3481,7.7,459,305,61,1116607
ABplap:45,ABplap,45,28715,3715,-66,-66,3715,8.0,459,303,61,1202284
ABplap:46,ABplap,46,28285,3285,-308,-308,3285,8.7,455,303,60,1162368
ABplap:47,ABplap,47,27672,2672,-474,-474,2672,9.7,452,309,60,846233
ABplap:48,ABplap,48,27834,2834,-1138,-1138,2834,7.4,447,302,62,863803
ABplapa:49,ABplapa,49,28590,3590,-737,-735,3590,6.2,479,318,39,279352
ABplapa:50,ABplapa,50,28706,3706,120,137,3706,7.8,494,326,53,515217
ABplapa:51,ABplapa,51,28468,3468,-283,-284,3468,7.8,497,332,53,527980
ABplapa:52,ABplapa,52,29420,4420,428,428,4420,7.2,504,331,53,582811
ABplapa:53,ABplapa,53,28692,3692,136,136,3692,7.1,512,329,54,658611
ABplapa:54,ABplapa,54,29148,4148,354,354,4148,6.9,518,337,54,707453
ABplapa:55,ABplapa,55,28738,3738,-194,-194,3738,7.0,519,341,54,740167
ABplapa:56,ABplapa,56,29406,4406,759,759,4406,7.2,515,340,54,740157
ABplapa:57,ABplapa,57,29364,4364,630,630,4364,7.2,510,341,53,684485
ABplapa:58,ABplapa,58,29118,4118,600,592,4118,7.8,515,336,53,678081
ABplapa:59,ABplapa,59,29810,4810,1254,1230,4810,7.8,512,324,53,700702
ABplapa:60,ABplapa,60,29491,4491,511,500,4491,7.1,506,329,55,768751
ABplapa:61,ABplapa,61,29369,4369,731,745,4369,7.1,504,326,54,763896
ABplapa:62,ABplapa,62,29056,4056,251,259,4056,7.2,504,321,56,848852
ABplapa:63,ABplapa,63,29960,4960,1297,1294,4960,6.9,506,322,54,618644
ABplapa:64,ABplapa,64,29198,4198,269,254,4198,7.1,496,324,54,647729
ABplapa:65,ABplapa,65,28513,3513,-83,-95,3513,7.8,491,317,54,667008
ABplapa:66,ABplapa,66,28747,3747,122,122,3747,7.2,500,314,52,499723
ABplapa:67,ABplapa,67,27664,2664,-618,-618,2664,6.2,505,316,31,192264
ABplapaa:68,ABplapaa,68,28208,3208,-1089,-1089,3186,5.4,522,320,32,152797
ABplapaa:69,ABplapaa,69,31007,6007,2002,1972,5995,5.2,527,331,41,210802
ABplapaa:70,ABplapaa,70,29608,4608,932,874,4534,6.0,531,341,43,243950
ABplapaa:71,ABplapaa,71,29515,4515,560,562,4466,5.0,525,341,42,249476
ABplapaa:72,ABplapaa,72,30300,5300,1321,1375,5208,5.1,527,334,46,314878
ABplapaa:73,ABplapaa,73,30918,5918,1479,1483,5846,5.0,520,326,43,262939
ABplapaa:74,ABplapaa,74,29801,4801,614,588,4774,5.0,523,324,44,286750
ABplapaa:75,ABplapaa,75,30641,5641,1499,1492,5585,5.0,522,321,44,283737
ABplapaa:76,ABplapaa,76,30102,5102,854,900,5044,5.0,519,300,44,296092
ABplapaa:77,ABplapaa,77,30244,5244,1127,1169,5206,5.1,514,295,44,293279
ABplapaa:78,ABplapaa,78,30167,5167,1409,1409,5080,5.9,513,292,43,263407
ABplapaa:79,ABplapaa,79,29541,4541,342,481,4520,5.3,513,274,45,283362
ABplapaa:80,ABplapaa,80,30585,5585,1408,1416,5563,5.9,504,262,44,302226
ABplapaa:81,ABplapaa,81,29011,4011,-30,38,3989,6.0,505,255,44,305718
ABplapaa:82,ABplapaa,82,29795,4795,436,439,4769,5.9,499,245,44,310424
ABplapaa:83,ABplapaa,83,29317,4317,409,353,4282,6.0,487,243,44,302522
ABplapaa:84,ABplapaa,84,31271,6271,1600,1586,6252,5.2,489,240,44,302755
ABplapaa:85,ABplapaa,85,30104,5104,665,607,5081,5.1,489,238,44,311136
ABplapaa:86,ABplapaa,86,30641,5641,1014,973,5599,5.1,484,234,46,365129
ABplapaa:87,ABplapaa,87,29598,4598,127,82,4542,5.9,489,232,44,309266
ABplapaa:88,ABplapaa,88,30252,5252,761,757,5233,5.9,479,230,44,319583
ABplapaa:89,ABplapaa,89,29852,4852,209,175,4847,6.1,478,224,43,310653
ABplapaa:90,ABplapaa,90,29986,4986,407,407,4973,6.1,476,215,43,256444
ABplapaa:91,ABplapaa,91,30048,5048,-83,-93,5018,6.1,467,218,42,259427
ABplapaa:92,ABplapaa,92,29284,4284,68,69,4247,6.2,475,217,40,254274
ABplapaa:93,ABplapaa,93,30202,5202,444,404,5126,6.2,482,210,40,254499
ABplapaa:94,ABplapaa,94,28640,3640,-396,-396,3589,6.2,477,200,28,113869
ABplapaaa:95,ABplapaaa,95,27699,2699,-1388,-1347,2465,6.1,501,203,28,104754
ABplapaaa:96,ABplapaaa,96,29460,4460,258,304,3996,6.9,508,202,34,152819
ABplapaaa:97,ABplapaaa,97,29435,4435,546,537,4150,6.9,511,192,34,143612
ABplapaaa:98,ABplapaaa,98,30873,5873,2621,2653,5424,7.9,514,184,34,143578
ABplapaaa:99,ABplapaaa,99,29852,4852,2007,2042,4509,8.1,520,179,34,154863
ABplapaaa:100,ABplapaaa,100,29269,4269,1452,1636,3808,8.4,516,172,36,184826
ABplapaaa:101,ABplapaaa,101,29492,4492,1187,1384,3985,9.3,511,165,37,187477
ABplapaaa:102,ABplapaaa,102,30946,5946,2003,2178,5193,10.1,500,164,34,175823
ABplapaaa:103,ABplapaaa,103,29612,4612,882,1036,4180,9.2,493,163,34,163590
ABplapaaa:104,ABplapaaa,104,30453,5453,1753,1756,4711,10.0,491,164,31,130863
ABplapaaa:105,ABplapaaa,105,30580,5580,2410,2467,5129,9.2,487,164,35,164434
ABplapaap:95,ABplapaap,95,28062,3062,-939,-997,2853,7.2,452,198,30,127425
ABplapaap:96,ABplapaap,96,29110,4110,290,302,3933,6.9,449,210,34,151733
ABplapaap:97,ABplapaap,97,30308,5308,926,900,5147,6.2,458,207,36,156119
ABplapaap:98,ABplapaap,98,30331,5331,1133,1079,5182,6.1,459,214,34,141970
ABplapaap:99,ABplapaap,99,30291,5291,533,510,5124,5.4,457,212,36,154427
ABplapaap:100,ABplapaap,100,30433,5433,907,951,5196,6.1,452,205,34,143336
ABplapaap:101,ABplapaap,101,30684,5684,816,843,5311,6.1,448,196,37,170258
ABplapaap:102,ABplapaap,102,29518,4518,-19,64,4306,6.2,442,193,36,176903
ABplapaap:103,ABplapaap,103,30526,5526,784,889,5317,6.3,441,187,36,166759
ABplapaap:104,ABplapaap,104,29429,4429,340,296,4111,7.0,433,183,35,152071
ABplapaap:105,ABplapaap,105,29885,4885,1337,1363,4698,7.0,429,183,35,167092
ABplapap:68,ABplapap,68,27805,2805,-907,-907,2798,7.1,467,323,34,196647
ABplapap:69,ABplapap,69,28799,3799,74,83,3797,7.1,468,330,47,311390
ABplapap:70,ABplapap,70,28563,3563,-1,-1,3563,7.2,460,332,43,233269
ABplapap:71,ABplapap,71,30029,5029,1228,1228,5029,7.0,446,334,44,268928
ABplapap:72,ABplapap,72,29877,4877,1016,1019,4877,6.2,445,334,44,261879
ABplapap:73,ABplapap,73,29132,4132,53,68,4129,6.9,443,332,43,259888
ABplapap:74,ABplapap,74,30196,5196,1467,1423,5172,6.9,443,322,44,276378
ABplapap:75,ABplapap,75,30020,5020,569,564,5020,6.1,436,319,44,288014
ABplapap:76,ABplapap,76,30079,5079,928,922,5077,6.1,436,307,44,299339
ABplapap:77,ABplapap,77,30226,5226,1363,1366,5226,6.2,431,299,46,345973
ABplapap:78,ABplapap,78,29433,4433,316,359,4433,6.1,433,289,45,288845
ABplapap:79,ABplapap,79,29925,4925,677,686,4925,6.1,433,272,45,297124
ABplapap:80,ABplapap,80,29539,4539,246,227,4539,6.1,429,258,46,350990
ABplapap:81,ABplapap,81,29370,4370,617,608,4370,7.0,429,250,44,296352
ABplapap:82,ABplapap,82,30475,5475,1300,1288,5475,6.1,423,241,46,357198
ABplapap:83,ABplapap,83,29926,4926,443,439,4921,6.1,413,232,48,410928
ABplapap:84,ABplapap,84,30027,5027,847,838,5025,6.2,406,224,48,406391
ABplapap:85,ABplapap,85,30007,5007,744,739,5005,6.2,408,221,46,367269
ABplapap:86,ABplapap,86,30246,5246,1303,1299,5241,7.0,399,220,44,316294
ABplapap:87,ABplapap,87,30340,5340,1057,1048,5340,6.3,404,221,48,425812
ABplapap:88,ABplapap,88,29900,4900,1091,1091,4898,7.0,391,217,44,344922
ABplapap:89,ABplapap,89,29095,4095,241,242,4093,7.1,388,217,43,332103
ABplapap:90,ABplapap,90,29361,4361,343,343,4358,7.1,386,218,43,252193
ABplapap:91,ABplapap,91,28928,3928,340,340,3926,6.1,386,225,30,145051
ABplapapa:92,ABplapapa,92,27994,2994,-1162,-1162,2977,6.3,407,223,32,125443
ABplapapa:93,ABplapapa,93,30961,5961,877,877,5956,6.1,409,216,38,164756
ABplapapa:94,ABplapapa,94,31083,6083,1544,1540,6071,6.1,408,207,38,168986
ABplapapa:95,ABplapapa,95,30380,5380,960,986,5326,6.2,409,205,38,159802
ABplapapa:96,ABplapapa,96,30325,5325,503,433,5230,6.1,408,207,38,167555
ABplapapa:97,ABplapapa,97,31081,6081,1566,1538,5953,6.1,412,205,36,161845
ABplapapa:98,ABplapapa,98,30566,5566,1304,1318,5418,6.2,412,209,38,171129
ABplapapa:99,ABplapapa,99,30286,5286,800,818,5084,6.2,414,206,38,175060
ABplapapa:100,ABplapapa,100,29707,4707,297,250,4389,6.2,413,201,38,190310
ABplapapa:101,ABplapapa,101,30532,5532,618,717,5180,6.3,410,196,37,160003
ABplapapa:102,ABplapapa,102,29609,4609,471,495,4278,7.1,401,193,36,174413
ABplapapa:103,ABplapapa,103,30439,5439,1886,1973,5085,7.0,398,189,36,182948
ABplapapa:104,ABplapapa,104,30499,5499,1074,1108,5272,6.3,391,192,35,127183
ABplapapa:105,ABplapapa,105,31172,6172,2622,2624,5957,7.1,383,193,35,147713
ABplapapp:92,ABplapapp,92,28217,3217,-1714,-1714,3201,6.1,353,212,28,101946
ABplapapp:93,ABplapapp,93,28726,3726,-490,-490,3669,6.3,351,198,34,122761
ABplapapp:94,ABplapapp,94,30874,5874,2209,2184,5756,7.1,356,185,38,179099
ABplapapp:95,ABplapapp,95,31137,6137,2364,2355,6071,7.3,351,181,40,186676
ABplapapp:96,ABplapapp,96,30507,5507,2097,2054,5450,8.0,350,189,36,165919
ABplapapp:97,ABplapapp,97,30770,5770,1717,1709,5641,7.0,348,186,38,185867
ABplapapp:98,ABplapapp,98,31616,6616,1919,1921,6565,6.3,346,188,36,162363
ABplapapp:99,ABplapapp,99,31367,6367,2020,2001,6291,6.3,346,188,36,162251
ABplapapp:100,ABplapapp,100,30576,5576,1915,1907,5455,7.2,344,193,38,189743
ABplapapp:101,ABplapapp,101,30828,5828,2147,2137,5735,7.0,337,196,37,178359
ABplapapp:102,ABplapapp,102,31272,6272,2235,2231,6166,7.1,330,191,36,181126
ABplapapp:103,ABplapapp,103,31356,6356,2570,2568,6241,7.2,322,186,36,184561
ABplapapp:104,ABplapapp,104,30447,5447,1805,1838,5206,7.2,320,186,35,140246
ABplapapp:105,ABplapapp,105,31479,6479,3098,3184,6063,8.0,314,184,35,167017
ABplapp:49,ABplapp,49,28062,3062,-861,-861,3062,8.0,433,277,47,407041
ABplapp:50,ABplapp,50,28251,3251,-656,-631,3251,8.1,432,286,53,511506
ABplapp:51,ABplapp,51,28752,3752,534,535,3752,9.0,427,289,53,536457
ABplapp:52,ABplapp,52,28781,3781,271,272,3781,8.9,416,281,53,561456
ABplapp:53,ABplapp,53,28920,3920,156,182,3919,8.2,426,281,54,653550
ABplapp:54,ABplapp,54,28410,3410,-409,-420,3409,8.0,427,287,54,686255
ABplapp:55,ABplapp,55,29162,4162,437,415,4162,7.8,428,282,54,726010
ABplapp:56,ABplapp,56,28603,3603,-166,-154,3603,7.3,426,290,54,718894
ABplapp:57,ABplapp,57,28779,3779,-23,-26,3779,7.5,426,284,55,712519
ABplapp:58,ABplapp,58,28509,3509,-170,-160,3509,8.1,431,276,55,725831
ABplapp:59,ABplapp,59,29678,4678,855,840,4678,7.4,433,269,55,687226
ABplapp:60,ABplapp,60,28819,3819,-153,-160,3819,7.4,435,271,55,681665
ABplapp:61,ABplapp,61,28840,3840,237,241,3840,8.0,435,263,56,819748
ABplapp:62,ABplapp,62,28501,3501,-331,-339,3501,7.9,432,264,54,744086
ABplapp:63,ABplapp,63,28946,3946,104,126,3946,7.3,428,262,56,655513
ABplapp:64,ABplapp,64,29264,4264,729,739,4264,8.0,429,259,54,639650
ABplapp:65,ABplapp,65,28589,3589,-72,-72,3589,8.1,425,252,54,661331
ABplapp:66,ABplapp,66,28700,3700,-200,-200,3700,7.2,434,250,50,454507
ABplapp:67,ABplapp,67,27846,2846,-805,-807,2846,7.4,439,251,57,402681
ABplappa:68,ABplappa,68,28605,3605,-400,-400,3598,7.1,445,257,36,201751
ABplappa:69,ABplappa,69,29075,4075,412,400,4075,7.8,443,262,47,290014
ABplappa:70,ABplappa,70,28939,3939,81,69,3939,7.2,449,262,47,289995
ABplappa:71,ABplappa,71,30952,5952,2139,2093,5940,7.1,451,264,42,242671
ABplappa:72,ABplappa,72,29121,4121,632,643,4101,7.9,453,265,42,240550
ABplappa:73,ABplappa,73,30152,5152,1378,1389,5142,7.1,452,261,45,294799
ABplappa:74,ABplappa,74,29535,4535,445,411,4522,7.0,460,251,46,344346
ABplappa:75,ABplappa,75,29294,4294,502,477,4294,7.1,450,249,44,292280
ABplappa:76,ABplappa,76,29600,4600,652,685,4585,7.0,447,231,44,299568
ABplappa:77,ABplappa,77,29942,4942,1052,1123,4923,7.1,443,226,46,363807
ABplappa:78,ABplappa,78,29690,4690,486,511,4673,7.1,445,219,47,353102
ABplappa:79,ABplappa,79,30745,5745,1386,1354,5744,7.1,435,201,47,359036
ABplappa:80,ABplappa,80,30280,5280,1033,1034,5268,7.3,432,197,46,344533
ABplappa:81,ABplappa,81,29371,4371,527,498,4367,8.1,431,187,48,420925
ABplappa:82,ABplappa,82,30484,5484,2065,2064,5474,8.4,420,179,46,331280
ABplappa:83,ABplappa,83,29490,4490,1200,1219,4472,9.2,420,177,48,437972
ABplappa:84,ABplappa,84,29880,4880,1626,1646,4850,10.1,417,170,48,435360
ABplappa:85,ABplappa,85,29213,4213,1160,1129,4145,10.2,414,167,48,446984
ABplappa:86,ABplappa,86,30320,5320,2365,2413,5286,10.2,414,163,48,432518
ABplappa:87,ABplappa,87,29442,4442,1454,1508,4414,10.4,414,159,48,449436
ABplappa:88,ABplappa,88,29272,4272,1028,1031,4135,11.1,402,163,44,371458
ABplappa:89,ABplappa,89,30536,5536,2133,2236,5302,11.9,392,165,43,332187
ABplappa:90,ABplappa,90,29571,4571,1441,1468,4328,11.0,374,166,47,370396
ABplappa:91,ABplappa,91,27902,2902,-1028,-1028,2885,10.2,381,170,28,121480
ABplappaa:92,ABplappaa,92,27260,2260,-701,-720,2175,11.0,399,162,28,108686
ABplappaa:93,ABplappaa,93,28513,3513,214,219,3454,10.1,401,164,34,129160
ABplappaa:94,ABplappaa,94,27973,2973,46,83,2883,11.0,399,155,38,176858
ABplappaa:95,ABplappaa,95,30169,5169,1932,2100,5078,11.0,402,157,38,172096
ABplappaa:96,ABplappaa,96,29144,4144,871,1060,3956,10.0,403,156,38,190715
ABplappaa:97,ABplappaa,97,30130,5130,2366,2460,4938,9.1,405,160,36,169019
ABplappaa:98,ABplappaa,98,30686,5686,2402,2492,5377,8.2,401,166,36,164278
ABplappaa:99,ABplappaa,99,28610,3610,100,115,3246,9.0,397,167,38,194747
ABplappaa:100,ABplappaa,100,30023,5023,1822,1885,4736,9.2,395,168,38,187364
ABplappaa:101,ABplappaa,101,30254,5254,1849,1905,5031,10.0,386,164,37,191601
ABplappaa:102,ABplappaa,102,31174,6174,2425,2412,5955,10.2,376,162,36,184185
ABplappaa:103,ABplappaa,103,29780,4780,1290,1340,4446,10.1,378,161,36,184435
ABplappaa:104,ABplappaa,104,29630,4630,1067,1102,4407,10.2,374,161,35,147136
ABplappaa:105,ABplappaa,105,29933,4933,1566,1541,4670,10.1,365,160,35,157599
ABplappap:92,ABplappap,92,28602,3602,44,44,3541,10.5,348,165,30,118167
ABplappap:93,ABplappap,93,29454,4454,908,910,4262,10.2,343,165,34,127884
ABplappap:94,ABplappap,94,29553,4553,1321,1409,4159,11.0,335,165,38,184737
ABplappap:95,ABplappap,95,29810,4810,1959,1953,4524,11.1,324,158,40,209656
ABplappap:96,ABplappap,96,28910,3910,1134,1188,3697,10.1,321,156,38,186105
ABplappap:97,ABplappap,97,30454,5454,2235,2319,4998,10.1,324,156,38,197225
ABplappap:98,ABplappap,98,29181,4181,876,891,3626,10.2,326,160,38,200270
ABplappap:99,ABplappap,99,29462,4462,1609,1633,4221,9.2,321,159,38,180141
ABplappap:100,ABplappap,100,30640,5640,2502,2517,5261,10.0,324,160,38,204187
ABplappap:101,ABplappap,101,30047,5047,1410,1412,4657,10.1,318,160,37,178306
ABplappap:102,ABplappap,102,29261,4261,867,866,3875,11.1,319,159,36,187681
ABplappap:103,ABplappap,103,29788,4788,1245,1168,4290,11.2,313,158,36,184949
ABplappap:104,ABplappap,104,30066,5066,1190,1176,4712,11.3,314,158,35,144855
ABplappap:105,ABplappap,105,30213,5213,1762,1775,4582,11.3,310,157,35,137406
ABplappp:68,ABplappp,68,28222,3222,387,384,3207,9.1,390,251,34,153097
ABplappp:69,ABplappp,69,28487,3487,349,345,3483,9.0,377,253,47,265310
ABplappp:70,ABplappp,70,28566,3566,167,167,3558,9.1,370,247,43,205978
ABplappp:71,ABplappp,71,29127,4127,1015,1013,4112,9.1,362,256,44,242691
ABplappp:72,ABplappp,72,28554,3554,93,143,3525,9.1,360,255,42,244974
ABplappp:73,ABplappp,73,28793,3793,413,394,3793,9.1,367,257,45,261699
ABplappp:74,ABplappp,74,28319,3319,-182,-206,3317,9.0,371,244,46,313674
ABplappp:75,ABplappp,75,29691,4691,1345,1349,4679,8.9,366,232,44,289276
ABplappp:76,ABplappp,76,29177,4177,858,884,4140,9.1,364,226,44,277786
ABplappp:77,ABplappp,77,28779,3779,647,697,3753,10.0,370,216,44,292084
ABplappp:78,ABplappp,78,28627,3627,748,871,3606,10.2,364,212,47,322358
ABplappp:79,ABplappp,79,29481,4481,1844,1896,4462,11.0,366,204,45,278784
ABplappp:80,ABplappp,80,28620,3620,584,682,3612,11.1,358,203,44,283656
ABplappp:81,ABplappp,81,28644,3644,480,445,3627,10.3,355,195,46,321010
ABplappp:82,ABplappp,82,29259,4259,1015,1071,4219,11.1,347,187,46,350425
ABplappp:83,ABplappp,83,28573,3573,585,582,3526,12.0,352,184,44,311020
ABplappp:84,ABplappp,84,29449,4449,1514,1508,4435,11.0,348,172,44,315846
ABplappp:85,ABplappp,85,28883,3883,992,991,3865,11.1,343,170,44,321899
ABplappp:86,ABplappp,86,29534,4534,1862,1839,4493,11.9,334,167,44,328418
ABplappp:87,ABplappp,87,28747,3747,745,739,3720,11.1,338,163,44,330036
ABplappp:88,ABplappp,88,29044,4044,1594,1595,4042,11.1,330,160,44,327926
ABplappp:89,ABplappp,89,29538,4538,1792,1785,4536,11.1,316,161,45,337200
ABplappp:90,ABplappp,90,28862,3862,1002,1001,3856,12.0,303,175,43,248035
ABplappp:91,ABplappp,91,28763,3763,800,800,3759,12.1,302,180,42,254311
ABplappp:92,ABplappp,92,28727,3727,470,470,3725,12.1,291,179,36,194564
ABplapppa:93,ABplapppa,93,28488,3488,732,706,3207,12.1,303,184,28,85591
ABplapppa:94,ABplapppa,94,28507,3507,607,648,3339,12.0,304,189,38,156729
ABplapppa:95,ABplapppa,95,28209,3209,373,527,2838,12.9,310,189,36,151154
ABplapppa:96,ABplapppa,96,28537,3537,664,776,3341,12.0,306,191,34,126105
ABplapppa:97,ABplapppa,97,28406,3406,726,1006,2930,11.2,299,179,38,165328
ABplapppa:98,ABplapppa,98,28813,3813,1041,1267,3463,11.0,296,179,34,136270
ABplapppa:99,ABplapppa,99,28793,3793,852,1007,3410,11.2,291,176,38,176873
ABplapppa:100,ABplapppa,100,28743,3743,645,895,3390,11.2,288,172,38,186000
ABplapppa:101,ABplapppa,101,29462,4462,1416,1391,4187,11.3,282,173,35,131099
ABplapppa:102,ABplapppa,102,29423,4423,1515,1525,4247,12.1,278,168,36,173164
ABplapppa:103,ABplapppa,103,29019,4019,1163,1221,3803,12.1,274,163,36,174919
ABplapppa:104,ABplapppa,104,29822,4822,1486,1493,4629,13.2,270,162,35,140693
ABplapppa:105,ABplapppa,105,29382,4382,1595,1632,4170,14.1,272,160,35,136992
ABplapppp:93,ABplapppp,93,28235,3235,108,77,2813,13.9,273,184,25,45035
ABplapppp:94,ABplapppp,94,27381,2381,-646,-596,2164,14.0,255,190,34,127070
ABplapppp:95,ABplapppp,95,28850,3850,939,939,3723,14.1,261,189,36,140270
ABplapppp:96,ABplapppp,96,28368,3368,382,434,3129,14.1,256,190,38,150866
ABplapppp:97,ABplapppp,97,28023,3023,515,483,2849,13.2,253,183,36,146504
ABplapppp:98,ABplapppp,98,30116,5116,2679,2693,5010,13.2,254,180,36,153239
ABplapppp:99,ABplapppp,99,29063,4063,1443,1453,3974,13.2,249,180,36,158816
ABplapppp:100,ABplapppp,100,29640,4640,1881,1856,4538,13.2,250,185,36,153747
ABplapppp:101,ABplapppp,101,27866,2866,-325,-255,2750,13.2,242,178,37,147813
ABplapppp:102,ABplapppp,102,28219,3219,651,726,3078,14.1,241,180,36,162334
ABplapppp:103,ABplapppp,103,28635,3635,870,871,3570,15.0,237,173,32,120663
ABplapppp:104,ABplapppp,104,28039,3039,333,353,2792,16.0,235,169,35,132443
ABplapppp:105,ABplapppp,105,29232,4232,1709,1750,4082,16.0,232,173,35,129477
ABplp:19,ABplp,19,28072,3072,-582,-628,3072,9.8,429,215,78,1228742
ABplp:20,ABplp,20,28283,3283,-475,-521,3283,9.1,427,212,75,1128368
ABplp:21,ABplp,21,27935,2935,-815,-815,2935,8.9,422,202,75,1229371
ABplp:22,ABplp,22,28850,3850,-274,-274,3850,7.5,406,203,75,1369776
ABplp:23,ABplp,23,28595,3595,-733,-733,3595,7.4,387,208,73,1445019
ABplp:24,ABplp,24,28490,3490,-793,-793,3490,7.5,395,213,71,1460527
ABplp:25,ABplp,25,28301,3301,-963,-963,3301,7.8,386,217,68,1431772
ABplp:26,ABplp,26,28448,3448,-578,-578,3448,8.1,379,209,66,1445497
ABplp:27,ABplp,27,28369,3369,-395,-395,3369,8.7,384,192,68,1640664
ABplp:28,ABplp,28,27725,2725,-304,-304,2725,9.8,387,181,65,1493948
ABplp:29,ABplp,29,28121,3121,35,35,3121,10.1,397,178,63,989771
ABplpa:30,ABplpa,30,27213,2213,-708,-737,2176,11.1,426,188,51,539019
ABplpa:31,ABplpa,31,28300,3300,462,462,3300,11.2,440,171,49,507398
ABplpa:32,ABplpa,32,28067,3067,71,76,3067,11.0,439,173,55,619271
ABplpa:33,ABplpa,33,28149,3149,75,80,3149,10.0,443,174,59,742242
ABplpa:34,ABplpa,34,28834,3834,775,775,3834,9.8,446,174,59,814878
ABplpa:35,ABplpa,35,28079,3079,-150,-150,3079,9.7,445,180,60,934812
ABplpa:36,ABplpa,36,28522,3522,89,89,3522,9.0,445,189,60,1016217
ABplpa:37,ABplpa,37,28067,3067,-478,-478,3067,8.8,449,193,59,945589
ABplpa:38,ABplpa,38,28773,3773,264,264,3773,8.8,430,196,59,957668
ABplpa:39,ABplpa,39,28467,3467,-295,-295,3467,8.7,427,197,60,1033539
ABplpa:40,ABplpa,40,28557,3557,-170,-170,3557,8.9,424,192,60,1088924
ABplpa:41,ABplpa,41,28400,3400,288,293,3400,9.7,437,181,61,1107132
ABplpa:42,ABplpa,42,29131,4131,748,756,4131,10.0,436,178,62,1209957
ABplpa:43,ABplpa,43,28300,3300,36,32,3300,9.7,435,184,61,1118870
ABplpa:44,ABplpa,44,28459,3459,180,178,3459,9.7,437,185,61,1136604
ABplpa:45,ABplpa,45,28701,3701,252,255,3701,9.7,433,190,61,1134861
ABplpa:46,ABplpa,46,28269,3269,-136,-136,3269,9.7,437,191,60,1225522
ABplpa:47,ABplpa,47,28210,3210,-148,-148,3210,10.7,443,189,60,879173
ABplpa:48,ABplpa,48,27958,2958,-292,-292,2958,11.0,433,186,58,941742
ABplpaa:49,ABplpaa,49,26558,1558,-1348,-1348,1555,8.1,453,190,35,254884
ABplpaa:50,ABplpaa,50,28985,3985,328,301,3985,8.0,454,190,53,553475
ABplpaa:51,ABplpaa,51,28847,3847,-46,-57,3847,7.9,457,191,53,532250
ABplpaa:52,ABplpaa,52,28645,3645,-152,-147,3645,7.8,466,187,53,565703
ABplpaa:53,ABplpaa,53,28993,3993,-195,-230,3993,7.2,479,191,54,673336
ABplpaa:54,ABplpaa,54,29299,4299,-98,-108,4299,7.0,476,198,54,677564
ABplpaa:55,ABplpaa,55,29047,4047,-170,-194,4047,6.9,477,203,54,694747
ABplpaa:56,ABplpaa,56,29189,4189,-60,-75,4189,6.8,477,208,54,688254
ABplpaa:57,ABplpaa,57,29366,4366,-293,-320,4366,6.2,484,213,53,653943
ABplpaa:58,ABplpaa,58,28981,3981,-225,-256,3981,7.0,482,209,53,648613
ABplpaa:59,ABplpaa,59,28776,3776,-284,-287,3776,7.2,484,203,53,669760
ABplpaa:60,ABplpaa,60,28808,3808,-117,-136,3808,8.0,493,199,53,685097
ABplpaa:61,ABplpaa,61,28774,3774,173,181,3774,8.0,488,196,54,734050
ABplpaa:62,ABplpaa,62,29015,4015,382,375,4015,8.1,489,190,54,748578
ABplpaa:63,ABplpaa,63,28817,3817,108,102,3817,8.1,486,187,54,616715
ABplpaa:64,ABplpaa,64,29207,4207,572,573,4207,8.0,490,187,54,632943
ABplpaa:65,ABplpaa,65,28930,3930,630,633,3930,8.8,492,184,54,661011
ABplpaa:66,ABplpaa,66,29017,4017,915,916,4017,9.9,493,178,54,660035
ABplpaa:67,ABplpaa,67,29014,4014,969,968,4012,9.7,488,181,53,600413
ABplpaa:68,ABplpaa,68,27191,2191,-1177,-1177,2191,8.2,502,187,36,258610
ABplpaaa:69,ABplpaaa,69,27265,2265,-798,-798,2251,8.2,530,185,33,194089
ABplpaaa:70,ABplpaaa,70,28183,3183,6,0,3177,8.0,533,189,41,240361
ABplpaaa:71,ABplpaaa,71,29495,4495,1508,1505,4495,7.9,530,191,42,250232
ABplpaaa:72,ABplpaaa,72,29021,4021,899,882,4021,7.3,535,189,44,251878
ABplpaaa:73,ABplpaaa,73,29671,4671,1530,1504,4658,7.9,545,187,43,262231
ABplpaaa:74,ABplpaaa,74,28736,3736,501,525,3696,7.9,558,188,44,303276
ABplpaaa:75,ABplpaaa,75,28884,3884,983,984,3858,8.2,570,187,46,349857
ABplpaaa:76,ABplpaaa,76,28874,3874,948,1057,3817,9.2,574,180,46,360907
ABplpaaa:77,ABplpaaa,77,29523,4523,1806,1941,4480,10.1,576,179,44,333457
ABplpaaa:78,ABplpaaa,78,29034,4034,1378,1428,3965,11.0,578,179,47,389645
ABplpaaa:79,ABplpaaa,79,29314,4314,1670,1744,4296,12.0,576,176,43,306007
ABplpaaa:80,ABplpaaa,80,29350,4350,1439,1507,4293,13.0,573,179,44,323728
ABplpaaa:81,ABplpaaa,81,28310,3310,148,173,3166,13.0,576,181,44,347086
ABplpaaa:82,ABplpaaa,82,29718,4718,1834,1846,4645,14.0,576,182,44,335368
ABplpaaa:83,ABplpaaa,83,28974,3974,1337,1451,3848,14.1,578,178,44,341291
ABplpaaa:84,ABplpaaa,84,29741,4741,1981,2026,4530,14.1,575,179,44,338974
ABplpaaa:85,ABplpaaa,85,28807,3807,1094,1150,3718,15.0,578,180,44,341774
ABplpaaa:86,ABplpaaa,86,29086,4086,1506,1516,3939,15.0,574,180,44,340680
ABplpaaa:87,ABplpaaa,87,28206,3206,176,280,3024,14.9,581,181,44,376073
ABplpaaa:88,ABplpaaa,88,29997,4997,2060,2083,4954,16.0,585,179,44,355166
ABplpaaa:89,ABplpaaa,89,29610,4610,1854,1909,4455,16.0,580,176,43,345134
ABplpaaa:90,ABplpaaa,90,29232,4232,1625,1650,4146,15.9,578,178,43,283312
ABplpaaa:91,ABplpaaa,91,29002,4002,856,869,3976,15.1,573,172,42,301738
ABplpaaa:92,ABplpaaa,92,28358,3358,23,-10,3287,14.0,571,175,34,190859
ABplpaaaa:93,ABplpaaaa,93,28034,3034,257,232,2740,14.0,606,180,30,139436
ABplpaaaa:94,ABplpaaaa,94,28289,3289,694,693,3158,14.0,613,184,34,148586
ABplpaaaa:95,ABplpaaaa,95,28512,3512,812,798,3283,13.4,612,184,38,181733
ABplpaaaa:96,ABplpaaaa,96,28973,3973,1190,1194,3644,14.3,614,184,38,183612
ABplpaaaa:97,ABplpaaaa,97,29999,4999,2188,2197,4701,15.1,621,186,38,218802
ABplpaaaa:98,ABplpaaaa,98,29469,4469,1721,1721,4201,14.2,626,184,38,216522
ABplpaaaa:99,ABplpaaaa,99,29827,4827,2355,2336,4200,14.1,630,185,38,206455
ABplpaaaa:100,ABplpaaaa,100,28843,3843,1229,1271,3328,14.3,622,184,38,202206
ABplpaaaa:101,ABplpaaaa,101,29642,4642,1838,1879,4292,16.1,617,183,37,183564
ABplpaaaa:102,ABplpaaaa,102,29633,4633,1818,1801,4224,16.1,621,187,36,192186
ABplpaaaa:103,ABplpaaaa,103,28887,3887,751,736,3523,17.1,617,192,36,192599
ABplpaaaa:104,ABplpaaaa,104,29899,4899,1902,1941,4367,17.3,619,198,35,148712
ABplpaaaa:105,ABplpaaaa,105,29077,4077,901,915,3507,16.3,618,195,35,150983
ABplpaaap:93,ABplpaaap,93,28592,3592,1007,1193,2945,13.3,562,181,34,139374
ABplpaaap:94,ABplpaaap,94,28056,3056,-102,88,2264,13.3,555,172,36,183173
ABplpaaap:95,ABplpaaap,95,29306,4306,1264,1414,3502,14.1,560,173,36,180332
ABplpaaap:96,ABplpaaap,96,28049,3049,-76,59,2226,14.3,555,173,36,168725
ABplpaaap:97,ABplpaaap,97,28011,3011,295,511,2028,14.1,564,171,38,203723
ABplpaaap:98,ABplpaaap,98,28621,3621,1308,1423,3167,16.2,568,166,38,204229
ABplpaaap:99,ABplpaaap,99,29204,4204,1653,1784,3791,16.3,567,168,38,190845
ABplpaaap:100,ABplpaaap,100,30237,5237,2720,2803,4836,17.2,561,171,38,208015
ABplpaaap:101,ABplpaaap,101,29980,4980,2181,2257,4658,18.2,557,174,37,178442
ABplpaaap:102,ABplpaaap,102,28693,3693,841,886,3405,19.1,556,175,36,179779
ABplpaaap:103,ABplpaaap,103,29203,4203,991,979,4064,19.0,559,174,36,188884
ABplpaaap:104,ABplpaaap,104,29419,4419,1429,1400,4201,19.2,557,177,35,144547
ABplpaaap:105,ABplpaaap,105,27295,2295,-495,-483,2058,18.3,557,176,35,141560
ABplpaap:69,ABplpaap,69,28267,3267,-433,-433,3256,8.2,479,196,31,160983
ABplpaap:70,ABplpaap,70,28096,3096,-288,-288,3088,9.1,475,197,39,210819
ABplpaap:71,ABplpaap,71,29105,4105,1061,1065,4090,8.9,470,203,42,249424
ABplpaap:72,ABplpaap,72,29457,4457,1162,1232,4382,9.0,466,202,42,249283
ABplpaap:73,ABplpaap,73,28804,3804,233,298,3626,9.1,472,194,45,278160
ABplpaap:74,ABplpaap,74,29554,4554,1354,1532,4232,9.9,478,188,44,292873
ABplpaap:75,ABplpaap,75,28699,3699,406,461,3469,9.1,490,180,44,307074
ABplpaap:76,ABplpaap,76,29183,4183,977,1061,4060,10.9,490,174,44,306724
ABplpaap:77,ABplpaap,77,29851,4851,1705,1845,4751,11.0,496,170,44,332692
ABplpaap:78,ABplpaap,78,30713,5713,2869,2861,5606,11.1,499,171,43,305003
ABplpaap:79,ABplpaap,79,29405,4405,1391,1486,4345,12.1,501,164,43,323773
ABplpaap:80,ABplpaap,80,29406,4406,1227,1191,4288,13.1,493,165,44,344243
ABplpaap:81,ABplpaap,81,29478,4478,1503,1576,4359,14.9,501,162,44,340525
ABplpaap:82,ABplpaap,82,29490,4490,1221,1314,4393,15.0,497,160,46,410960
ABplpaap:83,ABplpaap,83,29930,4930,2177,2258,4844,15.0,500,164,46,405309
ABplpaap:84,ABplpaap,84,30034,5034,2070,2073,4989,15.1,505,160,44,336196
ABplpaap:85,ABplpaap,85,29061,4061,1152,1164,4022,15.1,505,160,46,412260
ABplpaap:86,ABplpaap,86,29706,4706,1999,1999,4690,15.3,502,157,46,364289
ABplpaap:87,ABplpaap,87,29421,4421,1760,1759,4397,16.9,505,160,44,345413
ABplpaap:88,ABplpaap,88,29241,4241,963,965,4222,17.0,515,170,44,354420
ABplpaap:89,ABplpaap,89,29437,4437,1719,1719,4305,17.0,512,169,43,335547
ABplpaap:90,ABplpaap,90,29215,4215,1327,1327,4031,16.0,509,165,43,265423
ABplpaap:91,ABplpaap,91,28292,3292,-88,-62,2878,15.0,503,165,34,189017
ABplpaapa:92,ABplpaapa,92,27970,2970,-6,-58,2552,15.3,529,166,32,129551
ABplpaapa:93,ABplpaapa,93,27975,2975,279,327,2185,16.1,534,168,38,185271
ABplpaapa:94,ABplpaapa,94,29338,4338,1296,1318,3677,17.0,536,165,38,186448
ABplpaapa:95,ABplpaapa,95,28799,3799,948,969,2891,17.0,537,163,40,206378
ABplpaapa:96,ABplpaapa,96,28910,3910,810,865,3438,18.0,539,168,38,208857
ABplpaapa:97,ABplpaapa,97,29259,4259,1764,1788,3519,17.2,548,169,38,191874
ABplpaapa:98,ABplpaapa,98,29100,4100,1026,1159,3638,19.0,542,164,38,201667
ABplpaapa:99,ABplpaapa,99,29882,4882,1814,1846,4296,19.1,535,169,38,197721
ABplpaapa:100,ABplpaapa,100,28618,3618,932,1001,3011,19.1,527,171,38,193964
ABplpaapa:101,ABplpaapa,101,29376,4376,1147,1314,3843,19.2,520,176,37,170801
ABplpaapa:102,ABplpaapa,102,29284,4284,1078,1108,3737,19.2,519,171,36,171706
ABplpaapa:103,ABplpaapa,103,28178,3178,281,366,2679,18.2,520,166,36,167477
ABplpaapa:104,ABplpaapa,104,28788,3788,882,908,3645,19.0,513,178,35,149509
ABplpaapa:105,ABplpaapa,105,29563,4563,1470,1453,4474,19.0,515,168,35,149915
ABplpaapp:92,ABplpaapp,92,28235,3235,43,42,3161,15.3,481,160,30,118584
ABplpaapp:93,ABplpaapp,93,28761,3761,392,402,3651,16.1,473,158,34,147274
ABplpaapp:94,ABplpaapp,94,30165,5165,2064,2053,4914,17.1,464,155,38,191043
ABplpaapp:95,ABplpaapp,95,30757,5757,2748,2722,5441,17.1,466,156,38,184012
ABplpaapp:96,ABplpaapp,96,30387,5387,2789,2775,5350,17.0,472,151,34,136246
ABplpaapp:97,ABplpaapp,97,29623,4623,2040,2029,4568,16.2,475,149,38,196820
ABplpaapp:98,ABplpaapp,98,28590,3590,1030,1028,3582,16.1,474,148,38,204714
ABplpaapp:99,ABplpaapp,99,29707,4707,1792,1816,4608,16.1,472,144,38,207861
ABplpaapp:100,ABplpaapp,100,28887,3887,996,1009,3755,16.4,465,145,36,169599
ABplpaapp:101,ABplpaapp,101,29160,4160,1021,1004,3878,16.3,460,146,37,178018
ABplpaapp:102,ABplpaapp,102,29341,4341,1378,1387,4155,17.3,458,149,36,167593
ABplpaapp:103,ABplpaapp,103,29943,4943,1833,1761,4635,18.1,449,145,36,192995
ABplpaapp:104,ABplpaapp,104,29513,4513,1235,1173,4102,18.2,442,148,35,168387
ABplpaapp:105,ABplpaapp,105,29264,4264,1361,1315,3906,17.3,443,148,35,157107
ABplpap:49,ABplpap,49,27588,2588,-721,-721,2587,10.4,396,173,39,285701
ABplpap:50,ABplpap,50,28320,3320,160,177,3320,11.0,393,177,53,562606
ABplpap:51,ABplpap,51,28922,3922,472,493,3917,11.1,388,175,53,574246
ABplpap:52,ABplpap,52,29340,4340,1221,1221,4338,12.1,379,171,53,594303
ABplpap:53,ABplpap,53,28346,3346,231,214,3346,12.1,367,158,54,685205
ABplpap:54,ABplpap,54,29598,4598,1726,1717,4598,10.2,358,158,54,734542
ABplpap:55,ABplpap,55,28888,3888,1004,992,3888,10.9,358,152,54,787606
ABplpap:56,ABplpap,56,28557,3557,835,850,3557,11.8,357,148,54,780579
ABplpap:57,ABplpap,57,29528,4528,1758,1814,4526,10.3,376,153,55,766062
ABplpap:58,ABplpap,58,28672,3672,800,834,3666,11.9,382,152,53,725094
ABplpap:59,ABplpap,59,28489,3489,553,562,3489,12.0,383,157,53,734287
ABplpap:60,ABplpap,60,29199,4199,1234,1230,4199,11.1,391,159,53,725542
ABplpap:61,ABplpap,61,29298,4298,1434,1423,4298,12.0,394,156,54,801556
ABplpap:62,ABplpap,62,28664,3664,862,847,3664,12.9,401,157,54,781923
ABplpap:63,ABplpap,63,28966,3966,802,814,3963,13.0,389,157,54,671568
ABplpap:64,ABplpap,64,29040,4040,1056,1064,4035,12.3,396,159,54,675394
ABplpap:65,ABplpap,65,29331,4331,1460,1451,4298,13.0,397,162,54,710358
ABplpap:66,ABplpap,66,28525,3525,512,515,3501,12.9,399,162,54,692186
ABplpap:67,ABplpap,67,28482,3482,169,169,3475,13.1,402,162,37,269837
ABplpapa:68,ABplpapa,68,28590,3590,626,626,3562,12.1,431,165,32,180282
ABplpapa:69,ABplpapa,69,27853,2853,-626,-626,2847,11.2,436,158,35,167769
ABplpapa:70,ABplpapa,70,29146,4146,1319,1324,4144,12.2,435,154,43,246099
ABplpapa:71,ABplpapa,71,28516,3516,555,555,3511,12.1,438,153,44,281513
ABplpapa:72,ABplpapa,72,29016,4016,1575,1576,4014,12.0,443,147,46,342405
ABplpapa:73,ABplpapa,73,28530,3530,749,751,3502,12.2,448,149,45,270102
ABplpapa:74,ABplpapa,74,29506,4506,1607,1628,4475,13.1,449,148,44,302632
ABplpapa:75,ABplpapa,75,29586,4586,1913,1934,4443,13.1,463,148,44,311096
ABplpapa:76,ABplpapa,76,29510,4510,1886,1873,4382,14.9,462,147,44,331789
ABplpapa:77,ABplpapa,77,29294,4294,1368,1415,4068,15.0,464,146,46,385840
ABplpapa:78,ABplpapa,78,29072,4072,1126,1282,3706,15.1,469,150,43,314625
ABplpapa:79,ABplpapa,79,28939,3939,986,989,3513,17.1,474,152,43,318427
ABplpapa:80,ABplpapa,80,29996,4996,2519,2573,4682,18.0,467,154,44,343559
ABplpapa:81,ABplpapa,81,28840,3840,1020,1126,3073,18.1,466,154,46,409726
ABplpapa:82,ABplpapa,82,28561,3561,673,808,2907,19.1,466,153,46,416686
ABplpapa:83,ABplpapa,83,29370,4370,1488,1485,3769,20.0,467,156,44,349308
ABplpapa:84,ABplpapa,84,28580,3580,1041,1041,3393,20.9,481,161,44,327507
ABplpapa:85,ABplpapa,85,28488,3488,742,734,3276,21.0,485,166,44,318478
ABplpapa:86,ABplpapa,86,28497,3497,778,778,3468,22.0,481,176,44,279412
ABplpapa:87,ABplpapa,87,28380,3380,713,713,3279,22.1,475,178,48,378445
ABplpapa:88,ABplpapa,88,29248,4248,1265,1264,4183,22.1,477,182,44,295092
ABplpapa:89,ABplpapa,89,29079,4079,1393,1407,3986,22.1,470,179,43,285894
ABplpapa:90,ABplpapa,90,28039,3039,461,461,3027,21.9,471,174,43,223326
ABplpapa:91,ABplpapa,91,27410,2410,-419,-420,2396,21.0,468,183,42,236471
ABplpapaa:92,ABplpapaa,92,28217,3217,617,624,3115,20.9,499,180,40,175832
ABplpapaa:93,ABplpapaa,93,26887,1887,-873,-873,1781,20.9,502,176,38,148140
ABplpapaa:94,ABplpapaa,94,27892,2892,525,525,2842,21.9,503,178,38,141343
ABplpapaa:95,ABplpapaa,95,27304,2304,-354,-354,2238,22.1,505,178,40,152127
ABplpapaa:96,ABplpapaa,96,28943,3943,1224,1224,3883,23.0,501,176,38,153187
ABplpapaa:97,ABplpapaa,97,28380,3380,1045,1045,3377,24.0,505,186,34,111203
ABplpapaa:98,ABplpapaa,98,28535,3535,604,602,3511,23.1,500,188,38,146920
ABplpapaa:99,ABplpapaa,99,28087,3087,233,214,2828,22.1,502,201,38,151662
ABplpapaa:100,ABplpapaa,100,28442,3442,382,407,3161,22.1,502,203,36,143218
ABplpapaa:101,ABplpapaa,101,28137,3137,542,568,2762,22.1,498,211,35,112948
ABplpapaa:102,ABplpapaa,102,27831,2831,-69,-66,2245,22.2,501,217,34,104898
ABplpapaa:103,ABplpapaa,103,29179,4179,1146,1146,3975,23.1,505,210,32,95651
ABplpapaa:104,ABplpapaa,104,28074,3074,397,388,2808,23.0,498,213,35,109545
ABplpapaa:105,ABplpapaa,105,29319,4319,1573,1572,4216,24.0,502,212,35,113721
ABplpapap:92,ABplpapap,92,28156,3156,508,520,2999,21.3,442,173,36,138500
ABplpapap:93,ABplpapap,93,27283,2283,-178,-232,2181,22.0,441,180,38,145442
ABplpapap:94,ABplpapap,94,27859,2859,191,188,2712,22.1,436,180,40,167412
ABplpapap:95,ABplpapap,95,28677,3677,408,353,3479,22.0,434,178,40,168062
ABplpapap:96,ABplpapap,96,28443,3443,103,101,3014,22.0,438,174,38,166274
ABplpapap:97,ABplpapap,97,28528,3528,700,672,3352,23.1,446,178,38,166091
ABplpapap:98,ABplpapap,98,28818,3818,1087,1140,3453,23.0,443,172,38,161472
ABplpapap:99,ABplpapap,99,28292,3292,322,442,2952,23.2,440,181,38,150229
ABplpapap:100,ABplpapap,100,29929,4929,1612,1621,4789,24.1,444,189,24,31963
ABplpapap:101,ABplpapap,101,28941,3941,1158,1177,3761,23.1,444,190,37,138111
ABplpapap:102,ABplpapap,102,28765,3765,955,1029,3704,23.1,451,194,34,108893
ABplpapap:103,ABplpapap,103,28220,3220,344,348,3107,23.0,454,189,34,123468
ABplpapap:104,ABplpapap,104,29639,4639,1723,1755,4571,22.2,451,195,35,115149
ABplpapap:105,ABplpapap,105,28176,3176,-72,-41,2998,22.1,456,192,35,120512
ABplpapp:68,ABplpapp,68,27714,2714,-281,-281,2666,13.2,382,161,32,164047
ABplpapp:69,ABplpapp,69,27734,2734,60,62,2731,13.9,378,151,47,290801
ABplpapp:70,ABplpapp,70,28728,3728,920,942,3728,14.0,373,157,45,246043
ABplpapp:71,ABplpapp,71,29074,4074,1454,1489,3910,15.0,367,158,46,301295
ABplpapp:72,ABplpapp,72,28874,3874,1199,1204,3604,14.2,361,153,46,298914
ABplpapp:73,ABplpapp,73,28529,3529,833,894,3184,15.0,366,157,47,316564
ABplpapp:74,ABplpapp,74,29604,4604,1889,1883,4365,15.0,373,157,44,298634
ABplpapp:75,ABplpapp,75,28936,3936,1027,1052,3821,14.0,385,153,44,306285
ABplpapp:76,ABplpapp,76,29671,4671,1803,1848,4453,15.1,383,152,46,358575
ABplpapp:77,ABplpapp,77,29284,4284,1526,1604,4075,16.1,386,149,48,400353
ABplpapp:78,ABplpapp,78,28845,3845,1157,1165,3321,16.1,386,149,47,356485
ABplpapp:79,ABplpapp,79,29097,4097,1332,1343,3581,18.0,385,153,47,344851
ABplpapp:80,ABplpapp,80,28770,3770,1072,1100,3305,19.1,380,151,48,398569
ABplpapp:81,ABplpapp,81,28928,3928,1236,1247,3334,19.0,379,154,48,399863
ABplpapp:82,ABplpapp,82,28311,3311,279,393,2070,19.1,375,160,48,374369
ABplpapp:83,ABplpapp,83,27534,2534,-564,-416,1843,20.0,380,163,48,393560
ABplpapp:84,ABplpapp,84,28047,3047,-9,56,1836,20.1,389,165,48,384093
ABplpapp:85,ABplpapp,85,28736,3736,923,963,3429,21.0,395,168,48,368701
ABplpapp:86,ABplpapp,86,27891,2891,42,55,2647,21.1,394,172,48,365703
ABplpapp:87,ABplpapp,87,27872,2872,377,377,2825,22.0,389,175,44,265389
ABplpapp:88,ABplpapp,88,29470,4470,1626,1626,4465,21.9,400,177,44,282018
ABplpapp:89,ABplpapp,89,27416,2416,-488,-488,2408,22.0,377,185,35,189541
ABplpappa:90,ABplpappa,90,26713,1713,-900,-901,1681,22.0,406,192,35,104990
ABplpappa:91,ABplpappa,91,28512,3512,504,504,3510,23.0,401,189,38,136554
ABplpappa:92,ABplpappa,92,26568,1568,-993,-993,1546,23.0,397,198,26,40512
ABplpappa:93,ABplpappa,93,28698,3698,1197,1184,3657,23.0,397,191,38,131069
ABplpappa:94,ABplpappa,94,27950,2950,219,230,2872,23.1,396,190,42,177139
ABplpappa:95,ABplpappa,95,27724,2724,59,101,2616,23.1,396,190,40,158362
ABplpappa:96,ABplpappa,96,28371,3371,100,111,3089,23.0,403,179,38,144062
ABplpappa:97,ABplpappa,97,28696,3696,879,976,2997,22.0,406,176,38,142042
ABplpappa:98,ABplpappa,98,28561,3561,828,949,2461,23.1,405,178,38,141154
ABplpappa:99,ABplpappa,99,28224,3224,153,169,2859,22.1,404,177,38,136436
ABplpappa:100,ABplpappa,100,28672,3672,987,1004,2324,23.9,405,179,34,109348
ABplpappa:101,ABplpappa,101,30104,5104,1691,1782,2133,23.9,405,179,34,109348
ABplpappa:102,ABplpappa,102,27930,2930,86,115,2776,23.0,407,186,36,141138
ABplpappa:103,ABplpappa,103,28902,3902,780,709,3808,24.1,413,182,36,145546
ABplpappa:104,ABplpappa,104,28659,3659,680,671,3586,23.1,403,189,35,120844
ABplpappa:105,ABplpappa,105,29049,4049,1054,1080,3910,23.1,415,194,35,126560
ABplpappp:90,ABplpappp,90,27003,2003,-406,-408,1936,22.1,352,183,35,122663
ABplpappp:91,ABplpappp,91,28369,3369,777,777,3330,22.9,339,192,28,57931
ABplpappp:92,ABplpappp,92,28500,3500,942,929,3463,23.1,335,194,28,53548
ABplpappp:93,ABplpappp,93,28792,3792,1384,1384,3744,23.0,339,211,25,28673
ABplpappp:94,ABplpappp,94,27398,2398,152,152,2323,23.0,339,211,25,28673
ABplpappp:95,ABplpappp,95,28170,3170,588,588,2966,22.2,337,233,26,35313
ABplpappp:96,ABplpappp,96,29514,4514,1648,1635,4253,23.0,349,223,34,89901
ABplpappp:97,ABplpappp,97,27735,2735,-150,-172,1895,20.0,356,221,26,37529
ABplpappp:98,ABplpappp,98,27788,2788,203,202,2713,23.9,348,215,34,91126
ABplpappp:99,ABplpappp,99,27649,2649,-144,-110,2071,21.1,347,220,36,111410
ABplpappp:100,ABplpappp,100,28198,3198,1024,1035,2620,21.7,348,223,33,111410
ABplpappp:101,ABplpappp,101,28861,3861,1399,1399,3283,22.4,350,227,30,111410
ABplpappp:102,ABplpappp,102,28580,3580,1071,1071,3347,23.0,352,231,26,43436
ABplpappp:103,ABplpappp,103,27512,2512,-695,-698,2386,23.0,347,225,24,32493
ABplpappp:104,ABplpappp,104,28225,3225,566,568,3144,22.1,348,225,33,89471
ABplpappp:105,ABplpappp,105,27291,2291,-534,-532,2216,23.1,344,227,33,92670
ABplpp:30,ABplpp,30,27327,2327,-627,-697,2293,9.9,383,201,40,334175
ABplpp:31,ABplpp,31,27725,2725,-310,-310,2725,9.1,369,192,37,288859
ABplpp:32,ABplpp,32,28400,3400,36,22,3400,9.2,366,198,55,601548
ABplpp:33,ABplpp,33,28265,3265,-162,-163,3265,8.9,359,203,57,661326
ABplpp:34,ABplpp,34,28272,3272,-804,-804,3272,7.9,340,197,59,804562
ABplpp:35,ABplpp,35,28741,3741,-633,-633,3741,7.0,333,204,60,931167
ABplpp:36,ABplpp,36,28593,3593,-718,-714,3593,7.0,318,207,60,986894
ABplpp:37,ABplpp,37,28493,3493,-491,-491,3493,7.0,315,211,59,929832
ABplpp:38,ABplpp,38,28650,3650,-535,-535,3650,7.0,312,212,59,934912
ABplpp:39,ABplpp,39,28240,3240,-1084,-1084,3240,7.0,317,205,60,1063647
ABplpp:40,ABplpp,40,28208,3208,-969,-969,3208,7.7,324,202,60,1026330
ABplpp:41,ABplpp,41,28084,3084,-1131,-1131,3084,7.8,325,198,61,1080657
ABplpp:42,ABplpp,42,28373,3373,-921,-921,3373,7.8,333,198,62,1130951
ABplpp:43,ABplpp,43,28655,3655,-402,-402,3655,7.9,336,199,61,1141989
ABplpp:44,ABplpp,44,28499,3499,-542,-542,3499,7.9,334,189,61,1138813
ABplpp:45,ABplpp,45,28573,3573,-517,-517,3573,7.9,339,195,61,1163593
ABplpp:46,ABplpp,46,28656,3656,-316,-316,3656,7.9,343,202,60,1156816
ABplpp:47,ABplpp,47,28346,3346,-413,-413,3346,8.6,346,204,60,1093337
ABplpp:48,ABplpp,48,27980,2980,-809,-809,2980,8.0,349,213,52,718582
ABplppa:49,ABplppa,49,28248,3248,-759,-759,3233,6.4,356,215,37,259731
ABplppa:50,ABplppa,50,28011,3011,-2072,-2072,3008,6.1,364,215,41,314369
ABplppa:51,ABplppa,51,29416,4416,86,83,4415,6.0,366,221,53,514480
ABplppa:52,ABplppa,52,29408,4408,-352,-353,4408,6.0,371,220,53,536653
ABplppa:53,ABplppa,53,29476,4476,-136,-141,4476,5.8,382,218,54,615283
ABplppa:54,ABplppa,54,30091,5091,663,633,5091,5.8,378,242,54,622605
ABplppa:55,ABplppa,55,29264,4264,-87,-111,4264,5.8,381,238,54,648700
ABplppa:56,ABplppa,56,30367,5367,1012,990,5367,5.2,378,233,54,661546
ABplppa:57,ABplppa,57,29840,4840,144,102,4803,5.9,376,231,53,633617
ABplppa:58,ABplppa,58,29504,4504,175,163,4504,6.0,373,229,53,636050
ABplppa:59,ABplppa,59,29672,4672,6,0,4672,6.0,374,223,53,639164
ABplppa:60,ABplppa,60,29636,4636,5,-8,4636,6.0,376,221,53,656582
ABplppa:61,ABplppa,61,29357,4357,-198,-197,4357,6.1,380,216,54,728907
ABplppa:62,ABplppa,62,29241,4241,-370,-378,4241,6.8,381,213,54,715582
ABplppa:63,ABplppa,63,29104,4104,-230,-249,4104,6.8,383,205,54,582537
ABplppa:64,ABplppa,64,28841,3841,-364,-410,3838,6.9,381,204,54,599742
ABplppa:65,ABplppa,65,29446,4446,42,12,4443,7.0,380,194,54,607323
ABplppa:66,ABplppa,66,28853,3853,-568,-567,3849,7.0,379,190,54,648153
ABplppa:67,ABplppa,67,28678,3678,-380,-389,3678,7.1,372,196,53,622314
ABplppa:68,ABplppa,68,29669,4669,496,484,4664,6.8,377,196,50,545944
ABplppa:69,ABplppa,69,28294,3294,-520,-521,3285,7.0,387,196,37,278050
ABplppa:70,ABplppa,70,28200,3200,-1046,-1095,3191,7.1,398,200,47,401179
ABplppaa:71,ABplppaa,71,29075,4075,18,18,4044,6.1,422,199,30,157058
ABplppaa:72,ABplppaa,72,29874,4874,464,384,4826,6.2,424,203,42,241303
ABplppaa:73,ABplppaa,73,29487,4487,449,334,4339,6.9,435,190,43,252371
ABplppaa:74,ABplppaa,74,29492,4492,669,734,4359,7.1,444,188,44,282248
ABplppaa:75,ABplppaa,75,29218,4218,855,859,4012,7.9,453,181,44,289118
ABplppaa:76,ABplppaa,76,29053,4053,1131,1282,3973,8.9,450,175,44,294046
ABplppaa:77,ABplppaa,77,29153,4153,1351,1531,4017,9.8,453,169,44,305829
ABplppaa:78,ABplppaa,78,28373,3373,222,396,3202,10.0,457,166,43,308134
ABplppaa:79,ABplppaa,79,29249,4249,1061,1140,4142,12.0,454,154,43,324958
ABplppaa:80,ABplppaa,80,28568,3568,318,407,3394,12.9,448,151,44,344305
ABplppaa:81,ABplppaa,81,28894,3894,623,621,3618,14.0,450,158,44,340882
ABplppaa:82,ABplppaa,82,29986,4986,1514,1552,4853,14.0,450,155,44,352580
ABplppaa:83,ABplppaa,83,29277,4277,1232,1362,4100,14.9,454,158,44,364498
ABplppaa:84,ABplppaa,84,28718,3718,651,690,3693,15.0,452,152,44,361646
ABplppaa:85,ABplppaa,85,28748,3748,882,942,3715,16.0,454,148,44,367643
ABplppaa:86,ABplppaa,86,28014,3014,102,139,2989,16.9,448,149,44,351428
ABplppaa:87,ABplppaa,87,29022,4022,1400,1423,3988,17.1,446,152,44,354362
ABplppaa:88,ABplppaa,88,28547,3547,699,696,3537,17.1,449,151,44,358359
ABplppaa:89,ABplppaa,89,28851,3851,1191,1206,3831,17.9,441,149,43,332169
ABplppaa:90,ABplppaa,90,28782,3782,1387,1387,3774,17.9,427,150,43,260463
ABplppaa:91,ABplppaa,91,28746,3746,913,912,3736,17.1,424,149,42,255818
ABplppaa:92,ABplppaa,92,29029,4029,1523,1518,3954,17.0,424,146,40,255046
ABplppaa:93,ABplppaa,93,28272,3272,363,361,3227,17.2,423,144,40,238014
ABplppaa:94,ABplppaa,94,28946,3946,1335,1371,3745,17.2,416,148,42,257243
ABplppaa:95,ABplppaa,95,28270,3270,12,108,2929,17.3,421,149,40,245295
ABplppaa:96,ABplppaa,96,29029,4029,892,915,3891,18.0,422,150,38,232199
ABplppaaa:97,ABplppaaa,97,27540,2540,-171,-171,2201,17.1,423,152,36,241125
ABplppaaa:98,ABplppaaa,98,28352,3352,39,41,2443,17.9,421,153,34,212701
ABplppaaa:99,ABplppaaa,99,28229,3229,11,13,2355,16.9,393,159,34,164982
ABplppaaa:100,ABplppaaa,100,29279,4279,1090,1223,2682,17.0,389,157,34,160980
ABplppaaa:101,ABplppaaa,101,29097,4097,1016,1159,1678,17.0,385,153,35,164126
ABplppaaa:102,ABplppaaa,102,28912,3912,724,1048,2148,18.0,380,156,36,175849
ABplppaaa:103,ABplppaaa,103,29394,4394,1443,1502,3400,19.1,374,160,36,174162
ABplppaaa:104,ABplppaaa,104,28766,3766,587,640,2891,19.2,369,160,35,132644
ABplppaaa:105,ABplppaaa,105,28393,3393,407,507,2267,20.1,367,159,35,151158
ABplppaap:97,ABplppaap,97,27748,2748,-278,-262,1071,20.0,412,168,26,44617
ABplppaap:98,ABplppaap,98,28992,3992,1363,1356,2581,20.0,412,168,26,44617
ABplppaap:99,ABplppaap,99,28114,3114,281,362,2789,20.0,441,150,34,139871
ABplppaap:100,ABplppaap,100,27256,2256,-457,-447,1980,20.1,432,151,36,158499
ABplppaap:101,ABplppaap,101,28914,3914,511,608,3458,19.1,431,154,37,170670
ABplppaap:102,ABplppaap,102,28022,3022,-226,-203,2704,19.2,423,155,34,139704
ABplppaap:103,ABplppaap,103,28154,3154,38,211,2328,19.2,419,153,36,175694
ABplppaap:104,ABplppaap,104,28385,3385,337,594,2480,19.2,416,153,35,145840
ABplppaap:105,ABplppaap,105,28795,3795,801,868,3324,20.1,417,152,35,158606
ABplppap:71,ABplppap,71,28328,3328,-507,-494,3287,7.2,372,207,34,162539
ABplppap:72,ABplppap,72,29006,4006,626,660,3913,8.0,369,207,42,238963
ABplppap:73,ABplppap,73,28428,3428,-89,-36,3383,9.0,373,197,43,234369
ABplppap:74,ABplppap,74,28701,3701,263,285,3637,8.9,370,183,44,266249
ABplppap:75,ABplppap,75,28903,3903,568,548,3808,8.0,369,178,44,285677
ABplppap:76,ABplppap,76,30079,5079,1855,1864,4993,9.0,372,173,44,316484
ABplppap:77,ABplppap,77,29149,4149,782,920,3987,10.0,377,165,44,301503
ABplppap:78,ABplppap,78,29011,4011,1117,1341,3827,10.9,382,160,43,282740
ABplppap:79,ABplppap,79,29880,4880,1791,1880,4760,12.0,382,156,43,297115
ABplppap:80,ABplppap,80,29337,4337,1472,1689,4251,13.0,378,152,44,318428
ABplppap:81,ABplppap,81,29366,4366,1180,1302,4243,13.2,380,153,46,364768
ABplppap:82,ABplppap,82,29472,4472,1273,1244,4165,15.0,381,156,44,339536
ABplppap:83,ABplppap,83,29349,4349,1240,1215,4199,15.1,386,160,46,378979
ABplppap:84,ABplppap,84,29406,4406,1217,1269,4143,15.9,391,159,44,337421
ABplppap:85,ABplppap,85,29673,4673,1704,1779,4427,15.1,390,162,44,365305
ABplppap:86,ABplppap,86,29549,4549,1536,1602,4341,15.0,384,161,44,346443
ABplppap:87,ABplppap,87,28545,3545,294,273,3373,15.1,384,153,44,364713
ABplppap:88,ABplppap,88,29082,4082,1275,1429,3794,15.2,381,145,46,428025
ABplppap:89,ABplppap,89,29030,4030,871,1065,3622,15.1,366,151,47,428829
ABplppap:90,ABplppap,90,29215,4215,1129,1230,3668,15.2,360,152,47,344446
ABplppap:91,ABplppap,91,29263,4263,1179,1136,4206,16.1,360,153,42,276883
ABplppap:92,ABplppap,92,28005,3005,-359,-347,2778,16.1,364,159,42,249231
ABplppap:93,ABplppap,93,28968,3968,964,952,3594,15.2,365,165,42,237907
ABplppap:94,ABplppap,94,29528,4528,1486,1500,3964,15.1,355,165,40,215953
ABplppap:95,ABplppap,95,27436,2436,-574,-574,2371,17.0,362,162,34,178406
ABplppapa:96,ABplppapa,96,27871,2871,-557,-583,2455,15.1,386,162,34,158026
ABplppapa:97,ABplppapa,97,27692,2692,-410,-460,2475,15.0,387,157,34,151792
ABplppapa:98,ABplppapa,98,30288,5288,2367,2367,4709,13.3,388,157,36,161060
ABplppapa:99,ABplppapa,99,28689,3689,-101,-101,2843,13.1,386,154,26,69766
ABplppapa:100,ABplppapa,100,29783,4783,1500,1610,3803,14.1,384,149,38,216880
ABplppapa:101,ABplppapa,101,29749,4749,1827,1843,3707,15.1,379,145,37,201912
ABplppapa:102,ABplppapa,102,29954,4954,1340,1400,4063,15.1,375,145,36,196717
ABplppapa:103,ABplppapa,103,29362,4362,1472,1589,3650,16.0,378,143,36,203716
ABplppapa:104,ABplppapa,104,28879,3879,996,1046,3273,16.0,370,143,35,159851
ABplppapa:105,ABplppapa,105,28664,3664,346,285,3141,17.1,369,144,35,169332
ABplppapp:96,ABplppapp,96,28813,3813,754,733,3315,16.0,331,162,34,153269
ABplppapp:97,ABplppapp,97,29188,4188,1207,1202,3111,15.1,326,163,34,144069
ABplppapp:98,ABplppapp,98,28976,3976,1091,1082,2822,15.0,325,159,36,156233
ABplppapp:99,ABplppapp,99,28775,3775,828,791,3434,16.0,319,166,34,126883
ABplppapp:100,ABplppapp,100,29326,4326,923,967,3161,15.1,317,158,36,173405
ABplppapp:101,ABplppapp,101,28714,3714,526,570,2562,15.3,313,167,37,156758
ABplppapp:102,ABplppapp,102,29251,4251,1277,1269,3658,16.1,319,174,36,151359
ABplppapp:103,ABplppapp,103,29033,4033,1004,995,3598,16.1,321,178,36,169428
ABplppapp:104,ABplppapp,104,29283,4283,1454,1479,3689,17.0,319,179,35,144021
ABplppapp:105,ABplppapp,105,28477,3477,475,489,2977,17.1,323,175,35,150737
ABplppp:49,ABplppp,49,27989,2989,107,107,2985,9.0,311,194,35,255826
ABplppp:50,ABplppp,50,27733,2733,-618,-618,2733,8.3,299,183,49,440244
ABplppp:51,ABplppp,51,28220,3220,-130,-130,3220,9.1,292,187,53,542612
ABplppp:52,ABplppp,52,28562,3562,77,77,3562,9.1,283,185,53,555637
ABplppp:53,ABplppp,53,28240,3240,-25,-25,3240,9.2,277,181,54,664538
ABplppp:54,ABplppp,54,28720,3720,437,437,3720,8.9,275,190,54,684216
ABplppp:55,ABplppp,55,28978,3978,689,689,3884,9.9,265,188,54,706965
ABplppp:56,ABplppp,56,29404,4404,1424,1424,4361,9.9,274,181,54,712090
ABplppp:57,ABplppp,57,28584,3584,633,633,3584,9.1,277,171,55,751767
ABplppp:58,ABplppp,58,28895,3895,880,880,3895,9.2,285,177,53,680565
ABplppp:59,ABplppp,59,28371,3371,201,199,3371,9.2,295,179,53,668964
ABplppp:60,ABplppp,60,28463,3463,160,142,3463,9.4,297,176,55,698964
ABplppp:61,ABplppp,61,28667,3667,730,727,3667,10.0,300,173,54,747328
ABplppp:62,ABplppp,62,29103,4103,1040,1035,4103,10.2,311,168,54,754946
ABplppp:63,ABplppp,63,28626,3626,417,403,3626,10.2,309,171,54,607183
ABplppp:64,ABplppp,64,28621,3621,687,685,3621,10.1,308,172,54,628163
ABplppp:65,ABplppp,65,29235,4235,1320,1323,4235,10.0,311,168,54,653574
ABplppp:66,ABplppp,66,28031,3031,201,205,3031,10.2,309,170,54,638869
ABplppp:67,ABplppp,67,28747,3747,723,722,3747,10.2,305,171,53,600155
ABplppp:68,ABplppp,68,28477,3477,273,273,3477,10.0,316,176,40,325169
ABplpppa:69,ABplpppa,69,27838,2838,-315,-315,2813,8.2,333,176,33,159893
ABplpppa:70,ABplpppa,70,28278,3278,136,145,3270,8.1,338,173,41,229673
ABplpppa:71,ABplpppa,71,29642,4642,1839,1839,4633,8.9,339,164,42,245692
ABplpppa:72,ABplpppa,72,29081,4081,1209,1253,3948,9.0,347,166,42,260311
ABplpppa:73,ABplpppa,73,29172,4172,1221,1272,4092,10.1,346,156,47,337649
ABplpppa:74,ABplpppa,74,29088,4088,1261,1316,3938,10.9,342,154,44,289323
ABplpppa:75,ABplpppa,75,28798,3798,796,935,3669,10.9,344,151,44,303221
ABplpppa:76,ABplpppa,76,28094,3094,32,334,2831,11.9,346,148,44,319977
ABplpppa:77,ABplpppa,77,29662,4662,1757,1863,4449,12.0,344,149,44,315922
ABplpppa:78,ABplpppa,78,29204,4204,1503,1586,4089,12.0,343,148,43,289149
ABplpppa:79,ABplpppa,79,29058,4058,978,1087,3962,12.9,339,146,43,283757
ABplpppa:80,ABplpppa,80,29995,4995,2204,2349,4927,13.0,333,146,44,312899
ABplpppa:81,ABplpppa,81,29194,4194,1184,1383,4118,13.9,335,146,44,304401
ABplpppa:82,ABplpppa,82,28979,3979,1090,1254,3892,14.2,334,145,46,332535
ABplpppa:83,ABplpppa,83,28375,3375,271,375,3319,15.9,337,144,44,301653
ABplpppa:84,ABplpppa,84,28532,3532,750,798,3505,16.9,342,144,44,307240
ABplpppa:85,ABplpppa,85,28243,3243,706,816,3152,17.0,341,145,44,327235
ABplpppa:86,ABplpppa,86,28165,3165,397,421,2847,17.1,340,146,44,322682
ABplpppa:87,ABplpppa,87,28033,3033,267,282,2841,17.0,336,147,44,322229
ABplpppa:88,ABplpppa,88,28785,3785,992,1088,3576,18.0,338,150,46,378515
ABplpppa:89,ABplpppa,89,29421,4421,1711,1872,4168,18.1,328,151,47,404364
ABplpppa:90,ABplpppa,90,28800,3800,1072,1236,3650,18.0,321,153,43,248354
ABplpppa:91,ABplpppa,91,28580,3580,627,654,3459,18.1,315,150,42,248551
ABplpppa:92,ABplpppa,92,27610,2610,-57,-67,2595,19.0,309,156,38,203559
ABplpppaa:93,ABplpppaa,93,28335,3335,606,589,3185,19.1,334,152,34,141860
ABplpppaa:94,ABplpppaa,94,27592,2592,61,61,2530,20.0,324,150,38,146634
ABplpppaa:95,ABplpppaa,95,28291,3291,800,796,3151,21.1,333,150,36,151360
ABplpppaa:96,ABplpppaa,96,27488,2488,-229,-222,1683,20.1,332,150,36,131855
ABplpppaa:97,ABplpppaa,97,27929,2929,508,537,2752,20.1,347,148,38,159360
ABplpppaa:98,ABplpppaa,98,28940,3940,1444,1456,3834,19.3,357,144,38,154919
ABplpppaa:99,ABplpppaa,99,27837,2837,556,598,2641,19.2,353,150,38,162012
ABplpppaa:100,ABplpppaa,100,28258,3258,788,785,3120,20.0,355,152,38,186031
ABplpppaa:101,ABplpppaa,101,28249,3249,471,485,3030,20.1,350,158,37,180800
ABplpppaa:102,ABplpppaa,102,28336,3336,596,609,2947,20.1,344,156,36,175991
ABplpppaa:103,ABplpppaa,103,28240,3240,300,384,2887,20.1,334,152,36,170469
ABplpppaa:104,ABplpppaa,104,28928,3928,804,947,3375,19.2,325,151,35,141522
ABplpppaa:105,ABplpppaa,105,28868,3868,820,821,3237,20.0,329,152,35,153967
ABplpppap:93,ABplpppap,93,28290,3290,579,572,2980,17.1,288,158,34,117795
ABplpppap:94,ABplpppap,94,27914,2914,154,123,2720,17.2,270,165,36,122310
ABplpppap:95,ABplpppap,95,27138,2138,-246,-250,1899,18.0,281,165,36,126149
ABplpppap:96,ABplpppap,96,27312,2312,-421,-420,2161,18.0,278,165,34,104204
ABplpppap:97,ABplpppap,97,28209,3209,628,659,3138,18.0,282,158,38,162126
ABplpppap:98,ABplpppap,98,28151,3151,822,828,2839,17.3,284,160,38,165310
ABplpppap:99,ABplpppap,99,28591,3591,1155,1153,3473,18.0,277,153,38,181154
ABplpppap:100,ABplpppap,100,28483,3483,878,971,3178,17.2,281,151,38,168989
ABplpppap:101,ABplpppap,101,28799,3799,1298,1309,3673,18.2,275,150,37,165785
ABplpppap:102,ABplpppap,102,28879,3879,1194,1192,3595,19.0,277,156,36,167440
ABplpppap:103,ABplpppap,103,28480,3480,1108,1108,3345,19.0,276,154,36,167382
ABplpppap:104,ABplpppap,104,28683,3683,1008,1008,3049,19.1,270,159,35,130471
ABplpppap:105,ABplpppap,105,28019,3019,338,370,2151,19.2,261,162,35,127620
ABplpppp:69,ABplpppp,69,27489,2489,-532,-532,2447,11.3,291,171,35,175335
ABplpppp:70,ABplpppp,70,27717,2717,-98,-96,2695,12.1,292,166,43,239876
ABplpppp:71,ABplpppp,71,28267,3267,498,467,3239,13.9,288,163,42,228207
ABplpppp:72,ABplpppp,72,28464,3464,761,718,3445,14.2,283,163,44,233205
ABplpppp:73,ABplpppp,73,29256,4256,1616,1596,4196,15.1,286,152,43,232756
ABplpppp:74,ABplpppp,74,28842,3842,1522,1555,3832,16.0,291,146,44,277911
ABplpppp:75,ABplpppp,75,28246,3246,695,692,3236,16.9,302,143,44,268865
ABplpppp:76,ABplpppp,76,28291,3291,784,787,3285,17.0,298,145,44,275946
ABplpppp:77,ABplpppp,77,28422,3422,876,877,3406,17.1,299,145,46,321986
ABplpppp:78,ABplpppp,78,28214,3214,692,692,3194,17.1,300,149,45,262379
ABplpppp:79,ABplpppp,79,28077,3077,659,658,3061,18.1,295,147,47,312906
ABplpppp:80,ABplpppp,80,28300,3300,725,720,3289,18.0,285,150,48,364003
ABplpppp:81,ABplpppp,81,28743,3743,1292,1293,3740,19.1,282,152,46,315326
ABplpppp:82,ABplpppp,82,28401,3401,1020,1014,3401,19.1,278,156,46,317907
ABplpppp:83,ABplpppp,83,28344,3344,645,645,3342,19.2,280,156,46,303495
ABplpppp:84,ABplpppp,84,28594,3594,986,978,3592,19.1,284,154,46,335167
ABplpppp:85,ABplpppp,85,29241,4241,1879,1892,4234,19.0,286,154,44,284098
ABplpppp:86,ABplpppp,86,28159,3159,763,765,3156,20.0,286,159,44,274838
ABplpppp:87,ABplpppp,87,28123,3123,499,534,3097,19.2,290,156,48,342106
ABplpppp:88,ABplpppp,88,28937,3937,1407,1411,3894,20.1,293,159,46,313737
ABplpppp:89,ABplpppp,89,28022,3022,272,328,2955,20.1,285,161,45,280450
ABplpppp:90,ABplpppp,90,27942,2942,480,513,2907,20.1,278,173,45,218761
ABplpppp:91,ABplpppp,91,27011,2011,-672,-723,1961,20.0,278,178,38,164239
ABplppppa:92,ABplppppa,92,28146,3146,753,792,28146,22.0,294,187,32,0
ABplppppa:93,ABplppppa,93,27558,2558,-186,-186,2450,22.0,300,191,27,42657
ABplppppa:94,ABplppppa,94,27678,2678,728,728,2621,20.0,298,201,25,25415
ABplppppa:95,ABplppppa,95,28283,3283,669,670,3165,21.0,318,194,26,39115
ABplppppa:96,ABplppppa,96,28528,3528,1032,1098,3338,21.0,322,196,36,114059
ABplppppa:97,ABplppppa,97,28334,3334,791,814,3213,21.0,324,193,38,134373
ABplppppa:98,ABplppppa,98,28587,3587,815,808,3438,20.1,326,187,38,135490
ABplppppa:99,ABplppppa,99,27971,2971,293,350,2609,21.1,324,184,38,145060
ABplppppa:100,ABplppppa,100,27418,2418,35,36,2376,22.1,314,187,34,109847
ABplppppa:101,ABplppppa,101,28004,3004,-146,-118,2256,19.0,313,180,26,42842
ABplppppa:102,ABplppppa,102,28107,3107,514,488,2752,21.1,323,197,36,125744
ABplppppa:103,ABplppppa,103,27835,2835,347,382,2441,21.0,322,195,36,142251
ABplppppa:104,ABplppppa,104,28284,3284,513,514,2888,23.1,319,187,35,111409
ABplppppa:105,ABplppppa,105,28499,3499,984,970,3227,23.0,318,189,33,92911
ABplppppp:92,ABplppppp,92,28194,3194,310,294,3193,21.0,250,187,36,129801
ABplppppp:93,ABplppppp,93,27208,2208,-502,-502,2188,22.1,243,193,38,130164
ABplppppp:94,ABplppppp,94,27585,2585,-80,-80,2527,22.2,244,189,38,124754
ABplppppp:95,ABplppppp,95,28435,3435,1058,1055,3329,22.0,253,187,40,142885
ABplppppp:96,ABplppppp,96,28315,3315,696,696,3264,23.1,254,186,38,125646
ABplppppp:97,ABplppppp,97,28453,3453,1060,1060,3380,23.0,258,179,38,146810
ABplppppp:98,ABplppppp,98,28118,3118,732,732,3100,22.2,262,179,36,114004
ABplppppp:99,ABplppppp,99,28626,3626,1202,1202,3535,22.1,255,182,38,136563
ABplppppp:100,ABplppppp,100,27924,2924,460,458,2853,22.1,260,178,36,122126
ABplppppp:101,ABplppppp,101,27506,2506,-154,-154,2390,23.1,268,180,33,91887
ABplppppp:102,ABplppppp,102,28225,3225,652,652,2928,23.1,268,180,33,91887
ABplppppp:103,ABplppppp,103,27784,2784,486,486,2741,24.0,265,191,26,48374
ABplppppp:104,ABplppppp,104,26518,1518,-1242,-1242,1485,24.0,267,199,31,79983
ABplppppp:105,ABplppppp,105,27468,2468,-315,-315,2369,23.1,257,194,35,107147
ABpr:8,ABpr,8,27427,2427,-453,-456,2425,17.5,349,382,67,994201
ABpr:9,ABpr,9,27455,2455,-416,-419,2455,17.7,319,384,73,1191312
ABpr:10,ABpr,10,28045,3045,78,78,3045,18.2,307,389,70,1184727
ABpr:11,ABpr,11,27732,2732,-190,-190,2732,21.1,306,388,75,1312460
ABpr:12,ABpr,12,27920,2920,38,38,2920,21.4,319,393,78,1733355
ABpr:13,ABpr,13,27699,2699,-262,-262,2699,21.3,324,392,78,1957000
ABpr:14,ABpr,14,27748,2748,-172,-172,2748,21.7,319,393,81,2176301
ABpr:15,ABpr,15,27576,2576,-164,-164,2576,22.2,313,400,78,2310905
ABpr:16,ABpr,16,27859,2859,-82,-82,2859,20.4,321,405,84,2203348
ABpr:17,ABpr,17,27439,2439,-561,-561,2439,19.1,323,395,79,1698406
ABpra:18,ABpra,18,27674,2674,-339,-388,2672,16.1,343,408,78,1349980
ABpra:19,ABpra,19,27318,2318,-412,-430,2318,20.3,332,404,76,1078175
ABpra:20,ABpra,20,27462,2462,-308,-327,2462,19.1,334,413,75,1144354
ABpra:21,ABpra,21,28067,3067,425,425,3067,20.1,347,424,75,1347646
ABpra:22,ABpra,22,27790,2790,134,134,2790,20.8,360,435,75,1614525
ABpra:23,ABpra,23,28105,3105,272,272,3105,20.6,370,433,73,1581995
ABpra:24,ABpra,24,28001,3001,191,191,3001,19.1,364,434,71,1686822
ABpra:25,ABpra,25,27989,2989,195,195,2989,18.5,368,435,70,1722449
ABpra:26,ABpra,26,28198,3198,471,471,3198,19.2,373,438,70,1810151
ABpra:27,ABpra,27,28031,3031,246,246,3031,19.4,361,435,72,2081230
ABpra:28,ABpra,28,27305,2305,-663,-663,2305,18.6,349,433,65,1251897
ABpra:29,ABpra,29,27502,2502,-32,-32,2502,16.1,350,414,55,804147
ABpraa:30,ABpraa,30,27191,2191,-636,-655,2191,17.6,385,420,55,636769
ABpraa:31,ABpraa,31,27526,2526,-184,-165,2526,17.6,375,433,57,675157
ABpraa:32,ABpraa,32,28454,3454,608,608,3454,16.9,370,438,55,645748
ABpraa:33,ABpraa,33,27968,2968,16,16,2968,17.9,374,446,57,766592
ABpraa:34,ABpraa,34,27153,2153,-434,-434,2153,19.9,375,440,59,874972
ABpraa:35,ABpraa,35,27995,2995,317,317,2995,19.9,400,438,60,1036520
ABpraa:36,ABpraa,36,28232,3232,686,686,3232,20.0,399,433,60,1068502
ABpraa:37,ABpraa,37,27511,2511,-284,-284,2511,20.2,395,427,61,1021289
ABpraa:38,ABpraa,38,27744,2744,-46,-46,2744,20.9,398,426,59,974328
ABpraa:39,ABpraa,39,27789,2789,83,83,2789,20.8,403,429,60,1053882
ABpraa:40,ABpraa,40,27731,2731,-25,-25,2731,19.9,406,436,60,1167872
ABpraa:41,ABpraa,41,28335,3335,491,491,3335,19.9,398,438,61,1160585
ABpraa:42,ABpraa,42,28002,3002,471,471,3002,20.8,397,437,62,1174439
ABpraa:43,ABpraa,43,28018,3018,196,196,3018,20.0,404,438,63,1257189
ABpraa:44,ABpraa,44,28528,3528,631,631,3528,19.2,405,434,63,1257905
ABpraa:45,ABpraa,45,27858,2858,-85,-85,2858,20.7,411,427,61,1157593
ABpraa:46,ABpraa,46,27837,2837,27,27,2837,19.9,404,425,60,1162163
ABpraa:47,ABpraa,47,27257,2257,-442,-442,2257,19.0,403,423,52,752461
ABpraaa:48,ABpraaa,48,27362,2362,-642,-648,2357,18.2,426,439,42,362160
ABpraaa:49,ABpraaa,49,27460,2460,-119,-131,2460,18.3,449,440,55,609166
ABpraaa:50,ABpraaa,50,28094,3094,411,419,3094,18.9,458,443,53,558170
ABpraaa:51,ABpraaa,51,28604,3604,1346,1346,3604,18.2,470,448,53,606475
ABpraaa:52,ABpraaa,52,28549,3549,1065,1065,3549,17.0,461,453,53,664436
ABpraaa:53,ABpraaa,53,28084,3084,549,557,3042,16.2,467,449,54,773439
ABpraaa:54,ABpraaa,54,27580,2580,-166,-169,2580,17.1,481,443,54,769882
ABpraaa:55,ABpraaa,55,28709,3709,1121,1121,3709,17.1,472,448,54,831948
ABpraaa:56,ABpraaa,56,28018,3018,534,533,3018,17.9,462,448,54,820747
ABpraaa:57,ABpraaa,57,28433,3433,862,861,3433,18.0,466,446,53,742190
ABpraaa:58,ABpraaa,58,28596,3596,888,888,3596,17.9,465,446,53,757314
ABpraaa:59,ABpraaa,59,28591,3591,810,810,3591,17.0,470,447,53,787920
ABpraaa:60,ABpraaa,60,28576,3576,950,950,3576,17.0,473,444,55,848493
ABpraaa:61,ABpraaa,61,28465,3465,949,950,3465,16.1,469,445,54,826038
ABpraaa:62,ABpraaa,62,28874,3874,1361,1361,3872,15.9,463,446,54,855140
ABpraaa:63,ABpraaa,63,28245,3245,280,277,3245,15.0,463,448,54,721445
ABpraaa:64,ABpraaa,64,28347,3347,347,347,3347,14.8,452,447,54,726763
ABpraaa:65,ABpraaa,65,28850,3850,1002,1000,3850,14.9,443,446,54,762465
ABpraaa:66,ABpraaa,66,28619,3619,935,935,3617,14.2,441,445,54,729566
ABpraaa:67,ABpraaa,67,28169,3169,-66,-66,3165,15.1,446,443,47,499397
ABpraaa:68,ABpraaa,68,28276,3276,419,419,3273,14.4,437,438,52,461031
ABpraaaa:69,ABpraaaa,69,28029,3029,5,15,2984,16.2,470,444,37,217407
ABpraaaa:70,ABpraaaa,70,28364,3364,731,733,3335,16.9,479,450,43,267651
ABpraaaa:71,ABpraaaa,71,28612,3612,1131,1131,3554,15.1,496,450,44,290628
ABpraaaa:72,ABpraaaa,72,28522,3522,945,945,3486,16.0,501,447,42,293013
ABpraaaa:73,ABpraaaa,73,29359,4359,2059,2059,4358,14.9,509,448,43,290225
ABpraaaa:74,ABpraaaa,74,29156,4156,1878,1876,4154,14.0,508,448,44,330822
ABpraaaa:75,ABpraaaa,75,28663,3663,1292,1292,3655,14.1,504,448,44,343771
ABpraaaa:76,ABpraaaa,76,28489,3489,1054,1052,3489,14.0,508,447,44,336395
ABpraaaa:77,ABpraaaa,77,28209,3209,966,966,3208,14.1,510,446,44,339166
ABpraaaa:78,ABpraaaa,78,28803,3803,1416,1416,3802,14.1,509,447,43,320928
ABpraaaa:79,ABpraaaa,79,29177,4177,1867,1867,4177,14.1,510,445,45,361174
ABpraaaa:80,ABpraaaa,80,28410,3410,743,743,3410,14.1,517,439,44,350988
ABpraaaa:81,ABpraaaa,81,29110,4110,1698,1693,4100,14.0,521,441,44,359024
ABpraaaa:82,ABpraaaa,82,29514,4514,1988,1984,4507,12.0,526,432,44,353041
ABpraaaa:83,ABpraaaa,83,28823,3823,1376,1389,3823,11.9,531,436,44,360382
ABpraaaa:84,ABpraaaa,84,29578,4578,2073,2073,4570,12.9,526,434,44,378074
ABpraaaa:85,ABpraaaa,85,29285,4285,1884,1884,4283,13.9,523,440,44,378337
ABpraaaa:86,ABpraaaa,86,28818,3818,1502,1503,3816,14.0,527,442,44,378934
ABpraaaa:87,ABpraaaa,87,29094,4094,1385,1395,4091,13.9,516,442,44,393064
ABpraaaa:88,ABpraaaa,88,29656,4656,2229,2232,4651,14.1,513,445,44,398683
ABpraaaa:89,ABpraaaa,89,30021,5021,2516,2516,5015,15.0,515,444,43,374571
ABpraaaa:90,ABpraaaa,90,28626,3626,1309,1307,3611,16.0,526,444,43,301397
ABpraaaa:91,ABpraaaa,91,29293,4293,1711,1713,4258,17.0,528,439,42,296744
ABpraaaa:92,ABpraaaa,92,29093,4093,1617,1612,3814,17.2,532,435,44,311003
ABpraaaa:93,ABpraaaa,93,29314,4314,1906,1906,4113,17.0,538,442,36,241956
ABpraaaa:94,ABpraaaa,94,28007,3007,-197,-191,2889,17.2,539,419,36,213517
ABpraaaaa:95,ABpraaaaa,95,27957,2957,282,73,2509,16.1,572,424,24,60206
ABpraaaaa:96,ABpraaaaa,96,27557,2557,-250,35,1840,15.9,573,428,34,152818
ABpraaaaa:97,ABpraaaaa,97,28039,3039,508,553,2308,14.9,570,432,34,155608
ABpraaaaa:98,ABpraaaaa,98,28474,3474,500,507,3097,14.0,572,434,36,195682
ABpraaaaa:99,ABpraaaaa,99,28352,3352,1034,1087,3075,14.2,571,435,36,191029
ABpraaaaa:100,ABpraaaaa,100,28074,3074,334,309,2702,14.2,569,433,36,197922
ABpraaaaa:101,ABpraaaaa,101,28782,3782,1171,1278,3547,13.2,575,429,37,182671
ABpraaaaa:102,ABpraaaaa,102,28719,3719,1284,1567,3183,13.1,574,427,36,201795
ABpraaaaa:103,ABpraaaaa,103,29006,4006,1419,1575,3384,12.1,572,426,36,211437
ABpraaaaa:104,ABpraaaaa,104,30182,5182,2026,2132,4630,11.3,578,423,35,169071
ABpraaaaa:105,ABpraaaaa,105,29046,4046,1233,1467,3540,12.1,576,426,35,186146
ABpraaaap:95,ABpraaaap,95,28673,3673,105,154,2602,16.2,523,429,34,147972
ABpraaaap:96,ABpraaaap,96,27816,2816,261,219,2269,16.9,522,428,34,142014
ABpraaaap:97,ABpraaaap,97,28699,3699,989,977,3247,17.1,518,433,38,180571
ABpraaaap:98,ABpraaaap,98,28667,3667,1174,1198,3314,17.0,521,444,38,192784
ABpraaaap:99,ABpraaaap,99,29525,4525,1835,1837,4177,17.1,514,442,36,184407
ABpraaaap:100,ABpraaaap,100,28786,3786,1232,1255,3553,16.2,520,435,36,176336
ABpraaaap:101,ABpraaaap,101,29482,4482,1938,1910,3620,15.1,521,428,37,168222
ABpraaaap:102,ABpraaaap,102,29143,4143,1106,1248,3347,15.0,519,435,36,193289
ABpraaaap:103,ABpraaaap,103,29694,4694,1531,1623,3777,14.0,522,437,36,211481
ABpraaaap:104,ABpraaaap,104,30280,5280,2285,2297,4617,13.2,531,441,35,173079
ABpraaaap:105,ABpraaaap,105,30657,5657,2720,2817,5225,13.2,534,445,35,169060
ABpraaap:69,ABpraaap,69,27544,2544,-519,-519,2498,14.0,420,435,35,202236
ABpraaap:70,ABpraaap,70,28852,3852,1120,1111,3796,14.0,425,440,43,270249
ABpraaap:71,ABpraaap,71,28997,3997,1030,1007,3944,14.0,426,445,42,282778
ABpraaap:72,ABpraaap,72,28908,3908,874,1014,3872,13.1,426,452,44,305186
ABpraaap:73,ABpraaap,73,29743,4743,2020,2028,4698,13.1,430,450,45,312407
ABpraaap:74,ABpraaap,74,29623,4623,1859,1920,4600,12.1,427,451,44,331111
ABpraaap:75,ABpraaap,75,29109,4109,987,1014,4077,12.0,424,449,44,327186
ABpraaap:76,ABpraaap,76,29169,4169,1324,1316,4130,11.0,423,447,44,347081
ABpraaap:77,ABpraaap,77,29110,4110,1282,1317,4093,10.2,427,444,46,389693
ABpraaap:78,ABpraaap,78,29910,4910,1879,1943,4886,10.9,438,446,43,315540
ABpraaap:79,ABpraaap,79,29151,4151,1376,1437,4135,10.0,443,437,43,326383
ABpraaap:80,ABpraaap,80,29624,4624,1698,1710,4607,10.0,457,433,44,350647
ABpraaap:81,ABpraaap,81,31177,6177,2967,3000,6169,9.9,467,430,44,356251
ABpraaap:82,ABpraaap,82,29274,4274,1357,1464,4255,9.9,463,427,44,359614
ABpraaap:83,ABpraaap,83,29915,4915,1880,1995,4895,10.0,459,430,44,356585
ABpraaap:84,ABpraaap,84,29683,4683,1605,1624,4671,10.1,457,433,44,371012
ABpraaap:85,ABpraaap,85,29812,4812,1741,1771,4803,10.2,456,436,44,355919
ABpraaap:86,ABpraaap,86,30350,5350,2315,2308,5332,11.0,461,437,44,375798
ABpraaap:87,ABpraaap,87,30220,5220,2097,2121,5208,11.0,457,431,46,457806
ABpraaap:88,ABpraaap,88,29833,4833,1544,1530,4755,11.0,458,431,44,404273
ABpraaap:89,ABpraaap,89,29013,4013,1049,1041,3973,11.0,461,432,43,376411
ABpraaap:90,ABpraaap,90,29486,4486,1403,1388,4400,12.0,470,438,43,300493
ABpraaap:91,ABpraaap,91,27749,2749,-509,-509,2682,12.1,476,436,32,187623
ABpraaapa:92,ABpraaapa,92,27991,2991,348,341,2841,12.2,513,438,34,149850
ABpraaapa:93,ABpraaapa,93,28404,3404,742,745,3287,12.3,514,444,36,167666
ABpraaapa:94,ABpraaapa,94,28583,3583,1237,1242,3548,12.1,522,447,38,208836
ABpraaapa:95,ABpraaapa,95,29802,4802,1778,1796,4579,11.9,521,441,36,193618
ABpraaapa:96,ABpraaapa,96,30728,5728,2885,2885,5672,11.9,538,445,34,167542
ABpraaapa:97,ABpraaapa,97,30764,5764,3167,3138,5634,11.9,539,443,34,167619
ABpraaapa:98,ABpraaapa,98,28745,3745,1436,1446,3570,11.0,538,440,34,175165
ABpraaapa:99,ABpraaapa,99,29990,4990,2362,2454,4792,11.1,532,440,34,167785
ABpraaapa:100,ABpraaapa,100,29104,4104,1387,1388,3906,10.5,539,434,36,224756
ABpraaapa:101,ABpraaapa,101,30082,5082,2561,2557,4916,10.0,533,428,37,223236
ABpraaapa:102,ABpraaapa,102,30411,5411,2626,2673,5309,9.2,530,421,34,170215
ABpraaapa:103,ABpraaapa,103,30054,5054,2363,2384,4890,9.2,529,417,36,215493
ABpraaapa:104,ABpraaapa,104,28938,3938,1370,1379,3699,9.0,536,416,35,181575
ABpraaapa:105,ABpraaapa,105,28525,3525,755,756,3256,9.0,538,417,35,182216
ABpraaapp:92,ABpraaapp,92,28732,3732,714,706,3468,11.4,463,430,32,138564
ABpraaapp:93,ABpraaapp,93,29504,4504,1422,1455,4271,11.8,462,436,38,181942
ABpraaapp:94,ABpraaapp,94,28884,3884,916,952,3752,11.8,470,434,38,183042
ABpraaapp:95,ABpraaapp,95,30044,5044,1922,1893,4806,11.1,463,430,38,192681
ABpraaapp:96,ABpraaapp,96,30113,5113,2040,2054,4988,10.1,468,434,38,192033
ABpraaapp:97,ABpraaapp,97,29436,4436,1525,1562,4352,9.2,471,432,38,187002
ABpraaapp:98,ABpraaapp,98,31021,6021,2709,2789,5821,9.3,466,438,38,196641
ABpraaapp:99,ABpraaapp,99,29908,4908,1459,1577,4635,10.1,466,440,38,211725
ABpraaapp:100,ABpraaapp,100,29732,4732,1801,1852,4452,10.0,470,441,38,231419
ABpraaapp:101,ABpraaapp,101,29882,4882,1811,1905,4096,9.2,467,441,37,186247
ABpraaapp:102,ABpraaapp,102,29219,4219,350,466,2864,9.2,456,438,36,211665
ABpraaapp:103,ABpraaapp,103,29860,4860,1733,1754,4079,9.2,460,437,36,207711
ABpraaapp:104,ABpraaapp,104,31261,6261,2690,2687,5905,9.1,467,438,35,165858
ABpraaapp:105,ABpraaapp,105,31035,6035,2678,2684,5796,10.0,470,438,35,177785
ABpraap:48,ABpraap,48,27496,2496,3,-12,2489,20.2,388,402,54,545521
ABpraap:49,ABpraap,49,27438,2438,-137,-136,2438,21.7,396,407,57,511596
ABpraap:50,ABpraap,50,27994,2994,413,407,2994,20.2,396,400,55,460448
ABpraap:51,ABpraap,51,27358,2358,-213,-213,2358,21.2,385,399,57,509058
ABpraap:52,ABpraap,52,27699,2699,298,298,2699,22.1,380,402,55,517691
ABpraap:53,ABpraap,53,27483,2483,-213,-213,2483,21.2,373,402,56,621635
ABpraap:54,ABpraap,54,27347,2347,-466,-466,2347,22.0,385,401,54,601112
ABpraap:55,ABpraap,55,28406,3406,750,739,3397,21.0,375,410,54,634823
ABpraap:56,ABpraap,56,28317,3317,597,595,3303,21.0,374,410,54,650642
ABpraap:57,ABpraap,57,27632,2632,-85,-65,2632,21.1,371,403,55,625435
ABpraap:58,ABpraap,58,28234,3234,384,410,3190,20.2,371,419,57,720324
ABpraap:59,ABpraap,59,28683,3683,947,962,3682,20.0,382,429,53,668122
ABpraap:60,ABpraap,60,28231,3231,410,432,3148,19.2,384,431,57,828788
ABpraap:61,ABpraap,61,27899,2899,200,195,2899,19.2,384,431,58,887496
ABpraap:62,ABpraap,62,28286,3286,402,376,3285,19.9,374,429,54,787742
ABpraap:63,ABpraap,63,29083,4083,1555,1559,4083,19.1,368,437,54,669846
ABpraap:64,ABpraap,64,28413,3413,574,598,3397,17.3,363,440,56,736306
ABpraap:65,ABpraap,65,28627,3627,938,945,3620,18.1,356,439,54,690645
ABpraap:66,ABpraap,66,27517,2517,-291,-291,2509,18.1,370,433,50,540137
ABpraapa:67,ABpraapa,67,26889,1889,-759,-712,1849,20.0,383,445,35,189646
ABpraapa:68,ABpraapa,68,27543,2543,-241,-259,2517,21.1,371,433,42,199695
ABpraapa:69,ABpraapa,69,28057,3057,686,685,3052,22.0,381,433,47,262421
ABpraapa:70,ABpraapa,70,28404,3404,1003,1003,3404,22.0,384,435,43,200836
ABpraapa:71,ABpraapa,71,28181,3181,792,792,3131,21.1,386,434,44,214118
ABpraapa:72,ABpraapa,72,28422,3422,910,910,3422,22.0,385,434,42,237784
ABpraapa:73,ABpraapa,73,28773,3773,1096,1095,3738,20.9,380,444,43,247653
ABpraapa:74,ABpraapa,74,28864,3864,1353,1352,3825,19.9,382,451,44,313765
ABpraapa:75,ABpraapa,75,28751,3751,1034,1034,3706,18.0,383,453,44,328426
ABpraapa:76,ABpraapa,76,28792,3792,1130,1137,3717,17.1,391,455,44,340472
ABpraapa:77,ABpraapa,77,29335,4335,1658,1658,4286,16.0,387,453,44,330563
ABpraapa:78,ABpraapa,78,28462,3462,476,507,3404,15.1,393,453,45,322362
ABpraapa:79,ABpraapa,79,29100,4100,1293,1315,4075,14.0,397,453,45,355645
ABpraapa:80,ABpraapa,80,29904,4904,1957,1966,4876,12.1,407,448,44,362732
ABpraapa:81,ABpraapa,81,28898,3898,1018,1028,3883,11.0,409,444,44,369552
ABpraapa:82,ABpraapa,82,30369,5369,2607,2631,5355,10.0,411,440,44,384337
ABpraapa:83,ABpraapa,83,30795,5795,2475,2457,5756,9.9,405,437,44,365906
ABpraapa:84,ABpraapa,84,30082,5082,1784,1798,5073,9.1,401,436,44,361939
ABpraapa:85,ABpraapa,85,29831,4831,1831,1847,4825,9.1,392,435,44,367845
ABpraapa:86,ABpraapa,86,30154,5154,2112,2150,5154,9.1,401,436,46,455546
ABpraapa:87,ABpraapa,87,30016,5016,1886,1901,5011,8.1,402,428,46,436828
ABpraapa:88,ABpraapa,88,29789,4789,1487,1489,4786,8.1,399,424,44,379369
ABpraapa:89,ABpraapa,89,30349,5349,2018,2019,5342,8.0,401,415,43,383426
ABpraapa:90,ABpraapa,90,30689,5689,2068,2049,5483,8.0,409,419,43,309696
ABpraapa:91,ABpraapa,91,28673,3673,39,13,3589,9.1,422,432,32,187486
ABpraapaa:92,ABpraapaa,92,28640,3640,614,604,3476,8.3,433,436,30,132838
ABpraapaa:93,ABpraapaa,93,28525,3525,593,611,3328,9.1,430,441,36,185955
ABpraapaa:94,ABpraapaa,94,28715,3715,921,1021,3565,9.1,431,448,38,203095
ABpraapaa:95,ABpraapaa,95,29989,4989,2106,2101,4860,9.1,422,449,36,189328
ABpraapaa:96,ABpraapaa,96,29373,4373,1679,1682,4208,8.3,421,448,36,183139
ABpraapaa:97,ABpraapaa,97,30276,5276,2079,2100,5118,8.3,425,444,38,200140
ABpraapaa:98,ABpraapaa,98,30760,5760,2460,2473,5459,7.4,428,439,36,174841
ABpraapaa:99,ABpraapaa,99,29518,4518,1112,1147,4239,7.2,438,432,36,198062
ABpraapaa:100,ABpraapaa,100,29112,4112,336,354,3894,7.1,440,432,38,220790
ABpraapaa:101,ABpraapaa,101,29320,4320,399,488,3685,7.0,450,426,37,202983
ABpraapaa:102,ABpraapaa,102,30498,5498,1604,1582,5006,7.0,454,418,32,143185
ABpraapaa:103,ABpraapaa,103,30010,5010,-152,-109,4630,6.1,463,414,36,200034
ABpraapaa:104,ABpraapaa,104,31438,6438,1831,1825,6151,6.1,485,409,35,168041
ABpraapaa:105,ABpraapaa,105,30540,5540,1236,1256,5272,6.1,483,413,35,162997
ABpraapap:92,ABpraapap,92,28346,3346,-519,-543,2976,7.3,389,423,30,141804
ABpraapap:93,ABpraapap,93,30061,5061,382,369,4938,6.2,387,414,34,144636
ABpraapap:94,ABpraapap,94,30001,5001,1277,1325,4070,7.9,402,413,38,196077
ABpraapap:95,ABpraapap,95,31952,6952,2879,2819,6301,7.1,394,409,36,188335
ABpraapap:96,ABpraapap,96,31217,6217,2239,2279,5393,7.0,400,399,34,156429
ABpraapap:97,ABpraapap,97,30452,5452,21,-96,4920,6.2,400,401,36,178737
ABpraapap:98,ABpraapap,98,31181,6181,1429,1351,5669,6.1,400,396,36,178528
ABpraapap:99,ABpraapap,99,31367,6367,1257,1278,5616,6.2,400,397,38,200946
ABpraapap:100,ABpraapap,100,31375,6375,1407,1374,5761,6.2,403,398,38,202704
ABpraapap:101,ABpraapap,101,31155,6155,577,491,5366,6.2,407,393,37,184068
ABpraapap:102,ABpraapap,102,31855,6855,1482,1671,5952,6.1,407,389,36,199702
ABpraapap:103,ABpraapap,103,31283,6283,1513,1624,5757,6.2,411,393,36,186463
ABpraapap:104,ABpraapap,104,31410,6410,2448,2528,5978,7.1,423,397,35,169479
ABpraapap:105,ABpraapap,105,30782,5782,653,700,5479,6.1,423,402,35,171121
ABpraapp:67,ABpraapp,67,27425,2425,-464,-534,2260,17.3,356,414,49,326016
ABpraapp:68,ABpraapp,68,28211,3211,297,300,3165,17.2,337,407,48,310215
ABpraapp:69,ABpraapp,69,27963,2963,335,292,2868,17.0,339,408,47,289465
ABpraapp:70,ABpraapp,70,28225,3225,590,590,2930,15.2,334,401,47,252981
ABpraapp:71,ABpraapp,71,28800,3800,714,762,3323,14.1,327,410,44,252442
ABpraapp:72,ABpraapp,72,29240,4240,1250,1295,4078,14.2,319,418,46,329772
ABpraapp:73,ABpraapp,73,29087,4087,941,1007,3708,14.0,317,423,47,355711
ABpraapp:74,ABpraapp,74,28591,3591,415,507,2839,14.2,312,428,48,422355
ABpraapp:75,ABpraapp,75,29276,4276,870,905,3385,14.0,305,432,44,338013
ABpraapp:76,ABpraapp,76,29489,4489,1200,1282,3531,13.2,309,434,48,424223
ABpraapp:77,ABpraapp,77,29120,4120,1069,1105,3278,13.2,307,428,48,451153
ABpraapp:78,ABpraapp,78,29399,4399,1034,1088,3559,12.1,316,427,47,398139
ABpraapp:79,ABpraapp,79,29926,4926,1360,1383,4180,12.1,319,423,47,395567
ABpraapp:80,ABpraapp,80,29805,4805,1289,1309,4588,11.9,329,429,44,350773
ABpraapp:81,ABpraapp,81,30083,5083,1793,1850,4340,11.1,329,420,48,469876
ABpraapp:82,ABpraapp,82,29850,4850,1263,1245,4314,11.1,330,424,44,350156
ABpraapp:83,ABpraapp,83,30329,5329,1919,1986,4620,11.1,323,423,46,421185
ABpraapp:84,ABpraapp,84,29210,4210,909,940,3376,11.1,315,418,48,443090
ABpraapp:85,ABpraapp,85,29734,4734,1771,1771,4297,11.2,316,412,46,384813
ABpraapp:86,ABpraapp,86,29991,4991,1783,1783,4463,12.0,336,411,44,354789
ABpraapp:87,ABpraapp,87,29987,4987,1860,1860,4755,12.0,335,411,44,372061
ABpraapp:88,ABpraapp,88,29124,4124,721,719,3975,12.1,344,415,44,373660
ABpraapp:89,ABpraapp,89,27525,2525,-1129,-1125,2466,11.1,344,417,41,364966
ABpraappa:90,ABpraappa,90,28180,3180,-44,166,2244,11.1,381,420,43,218659
ABpraappa:91,ABpraappa,91,28672,3672,328,310,3476,12.0,387,424,42,204882
ABpraappa:92,ABpraappa,92,29444,4444,1335,1336,3738,12.0,384,425,40,205065
ABpraappa:93,ABpraappa,93,29707,4707,1305,1332,4194,12.0,386,422,38,197906
ABpraappa:94,ABpraappa,94,30426,5426,2064,2333,3718,11.1,395,421,38,204846
ABpraappa:95,ABpraappa,95,29677,4677,892,1071,2914,11.0,389,419,36,190587
ABpraappa:96,ABpraappa,96,30703,5703,2497,2610,4539,10.2,390,415,36,181934
ABpraappa:97,ABpraappa,97,29220,4220,506,548,3538,10.1,387,419,36,202155
ABpraappa:98,ABpraappa,98,30248,5248,1987,1997,4512,10.0,386,414,36,195236
ABpraappa:99,ABpraappa,99,30660,5660,2019,2299,4271,9.2,389,412,38,209018
ABpraappa:100,ABpraappa,100,30233,5233,1471,1587,3945,9.1,388,412,34,171912
ABpraappa:101,ABpraappa,101,29617,4617,643,889,3588,8.4,388,412,37,186183
ABpraappa:102,ABpraappa,102,30734,5734,2250,2489,4915,8.2,387,411,36,189446
ABpraappa:103,ABpraappa,103,30773,5773,2164,2240,5321,7.3,389,422,36,199223
ABpraappa:104,ABpraappa,104,30639,5639,1835,1993,5310,7.3,393,423,35,170997
ABpraappa:105,ABpraappa,105,31131,6131,2501,2558,5841,7.3,388,423,35,171604
ABpraappp:90,ABpraappp,90,27812,2812,-962,-962,2719,11.0,323,414,31,126042
ABpraappp:91,ABpraappp,91,30066,5066,1566,1582,5030,12.0,321,414,42,197354
ABpraappp:92,ABpraappp,92,29891,4891,1397,1389,4710,12.0,317,403,40,190543
ABpraappp:93,ABpraappp,93,29540,4540,1239,1294,4223,12.1,311,419,40,190856
ABpraappp:94,ABpraappp,94,29573,4573,1208,1285,4342,10.2,322,417,42,187140
ABpraappp:95,ABpraappp,95,30036,5036,1445,1427,4950,10.2,316,421,40,183123
ABpraappp:96,ABpraappp,96,30372,5372,1560,1565,5248,9.2,317,425,38,180112
ABpraappp:97,ABpraappp,97,31270,6270,2279,2476,6080,8.1,311,422,38,191659
ABpraappp:98,ABpraappp,98,31367,6367,2842,2825,6230,8.2,308,419,38,189856
ABpraappp:99,ABpraappp,99,30577,5577,1587,1612,5494,8.2,318,420,38,186802
ABpraappp:100,ABpraappp,100,29502,4502,868,916,4431,8.4,322,419,36,159520
ABpraappp:101,ABpraappp,101,30612,5612,2298,2301,5542,9.1,322,416,37,188857
ABpraappp:102,ABpraappp,102,31975,6975,3658,3657,6906,9.1,329,413,36,184977
ABpraappp:103,ABpraappp,103,30532,5532,1679,1696,5487,9.1,328,414,36,188051
ABpraappp:104,ABpraappp,104,29946,4946,1152,1152,4898,8.2,337,417,35,145545
ABpraappp:105,ABpraappp,105,31069,6069,2016,2024,6014,8.2,336,427,35,147795
ABprap:30,ABprap,30,27652,2652,-235,-262,2652,14.4,322,415,49,452891
ABprap:31,ABprap,31,27727,2727,-192,-191,2727,13.7,306,413,57,667626
ABprap:32,ABprap,32,28302,3302,170,170,3302,12.2,298,404,59,681819
ABprap:33,ABprap,33,28100,3100,205,206,3100,12.0,286,397,61,793361
ABprap:34,ABprap,34,27850,2850,-242,-242,2850,12.9,268,410,59,868308
ABprap:35,ABprap,35,28045,3045,98,98,3045,13.7,269,423,60,993812
ABprap:36,ABprap,36,28139,3139,94,94,3139,14.0,271,427,60,1147782
ABprap:37,ABprap,37,28161,3161,205,205,3161,14.9,271,428,59,1059094
ABprap:38,ABprap,38,28185,3185,409,409,3185,14.0,272,430,63,1245805
ABprap:39,ABprap,39,28134,3134,99,99,3134,14.0,271,428,60,1210431
ABprap:40,ABprap,40,28476,3476,451,451,3476,14.8,274,431,60,1153671
ABprap:41,ABprap,41,28849,3849,945,945,3849,14.1,275,432,61,1236622
ABprap:42,ABprap,42,28103,3103,98,98,3103,14.8,272,433,62,1334025
ABprap:43,ABprap,43,28084,3084,57,57,3084,13.9,275,433,61,1319623
ABprap:44,ABprap,44,27942,2942,-335,-336,2942,13.9,276,422,61,1274044
ABprap:45,ABprap,45,27869,2869,-273,-285,2869,14.9,283,415,61,1198090
ABprap:46,ABprap,46,27963,2963,-207,-207,2963,13.2,293,414,52,690966
ABprap:47,ABprap,47,27626,2626,-396,-392,2626,12.3,279,420,66,1074459
ABprapa:48,ABprapa,48,28365,3365,-362,-383,3361,11.3,301,439,34,226127
ABprapa:49,ABprapa,49,29137,4137,1426,1463,4137,12.9,326,448,57,695580
ABprapa:50,ABprapa,50,28374,3374,359,358,3374,12.2,335,443,53,607341
ABprapa:51,ABprapa,51,28991,3991,936,931,3991,13.0,338,444,53,639183
ABprapa:52,ABprapa,52,28786,3786,873,877,3786,12.9,328,443,53,684635
ABprapa:53,ABprapa,53,28869,3869,877,901,3869,12.9,329,444,54,759817
ABprapa:54,ABprapa,54,28724,3724,586,591,3688,14.0,333,436,54,776739
ABprapa:55,ABprapa,55,28696,3696,433,429,3682,13.2,326,441,54,792428
ABprapa:56,ABprapa,56,28875,3875,787,794,3852,13.1,325,432,54,776650
ABprapa:57,ABprapa,57,28520,3520,308,309,3514,13.8,323,440,53,731430
ABprapa:58,ABprapa,58,28789,3789,737,768,3695,13.1,330,435,55,804521
ABprapa:59,ABprapa,59,28693,3693,171,163,3639,12.9,332,438,53,728992
ABprapa:60,ABprapa,60,29584,4584,1686,1730,4544,11.4,324,436,55,766639
ABprapa:61,ABprapa,61,28911,3911,949,940,3857,11.8,318,435,54,855016
ABprapa:62,ABprapa,62,29426,4426,983,958,4417,11.8,315,432,54,869346
ABprapa:63,ABprapa,63,28259,3259,304,308,3255,12.0,305,433,54,707755
ABprapa:64,ABprapa,64,28244,3244,282,278,3234,12.9,295,428,54,716933
ABprapa:65,ABprapa,65,27994,2994,-623,-623,2994,12.1,294,428,36,265541
ABprapa:66,ABprapa,66,27725,2725,-177,-164,2725,12.2,305,430,56,572711
ABprapaa:67,ABprapaa,67,27855,2855,-293,-253,2808,13.2,307,449,39,235539
ABprapaa:68,ABprapaa,68,29633,4633,2297,2326,4617,13.9,302,454,50,396915
ABprapaa:69,ABprapaa,69,28868,3868,1381,1418,3863,12.9,291,452,47,336172
ABprapaa:70,ABprapaa,70,29099,4099,1148,1148,4098,12.9,293,455,43,282975
ABprapaa:71,ABprapaa,71,28969,3969,1167,1213,3961,12.2,299,454,44,325785
ABprapaa:72,ABprapaa,72,28427,3427,842,978,3280,11.9,303,452,42,299268
ABprapaa:73,ABprapaa,73,29521,4521,1439,1514,4255,10.9,303,448,43,325911
ABprapaa:74,ABprapaa,74,29204,4204,1239,1326,3996,10.0,309,442,44,355050
ABprapaa:75,ABprapaa,75,29446,4446,1157,1172,4301,8.9,303,434,44,335182
ABprapaa:76,ABprapaa,76,30559,5559,2028,2046,5424,8.0,312,430,44,329899
ABprapaa:77,ABprapaa,77,29455,4455,1149,1165,4327,8.0,310,429,44,327159
ABprapaa:78,ABprapaa,78,30323,5323,818,772,5160,7.0,316,419,43,299339
ABprapaa:79,ABprapaa,79,29918,4918,205,227,4736,6.9,321,416,43,286251
ABprapaa:80,ABprapaa,80,29864,4864,-152,-202,4826,6.1,327,407,44,306880
ABprapaa:81,ABprapaa,81,30021,5021,-148,-190,4890,6.1,332,409,44,306692
ABprapaa:82,ABprapaa,82,29612,4612,-431,-454,4493,6.0,330,409,44,332077
ABprapaa:83,ABprapaa,83,30859,5859,762,757,5744,5.9,324,410,44,318098
ABprapaa:84,ABprapaa,84,30803,5803,611,567,5668,6.0,322,411,44,325551
ABprapaa:85,ABprapaa,85,31564,6564,1491,1465,6526,5.3,328,408,46,366575
ABprapaa:86,ABprapaa,86,31054,6054,1025,1025,6054,5.9,340,405,44,323554
ABprapaa:87,ABprapaa,87,33027,8027,2689,2685,8027,5.1,342,400,46,370366
ABprapaa:88,ABprapaa,88,31335,6335,1193,1193,6335,5.1,339,396,44,324968
ABprapaa:89,ABprapaa,89,31911,6911,1672,1648,6904,5.2,338,390,47,389105
ABprapaa:90,ABprapaa,90,31758,6758,1556,1538,6753,5.2,351,394,45,277076
ABprapaa:91,ABprapaa,91,30526,5526,441,452,5518,6.1,359,403,42,285655
ABprapaa:92,ABprapaa,92,30913,5913,934,886,5866,6.0,347,404,40,249961
ABprapaa:93,ABprapaa,93,29098,4098,-270,-278,4021,6.1,346,392,30,158771
ABprapaaa:94,ABprapaaa,94,28663,3663,-1185,-1348,3401,6.0,369,401,34,165827
ABprapaaa:95,ABprapaaa,95,30087,5087,-319,-382,4789,5.1,363,394,36,159617
ABprapaaa:96,ABprapaaa,96,30706,5706,323,339,5573,5.1,364,380,36,162243
ABprapaaa:97,ABprapaaa,97,31319,6319,1605,1515,6064,4.6,370,381,36,169854
ABprapaaa:98,ABprapaaa,98,31383,6383,1182,1090,6122,4.5,368,378,36,142353
ABprapaaa:99,ABprapaaa,99,31538,6538,1324,1289,6263,5.0,368,375,34,139378
ABprapaaa:100,ABprapaaa,100,32547,7547,1867,1938,7357,4.5,369,378,36,141856
ABprapaaa:101,ABprapaaa,101,31730,6730,1325,1328,6336,5.1,372,381,37,169719
ABprapaaa:102,ABprapaaa,102,32943,7943,2643,2722,7586,5.1,371,377,34,155780
ABprapaaa:103,ABprapaaa,103,32576,7576,2589,2571,7270,5.0,373,381,32,139365
ABprapaaa:104,ABprapaaa,104,33159,8159,2893,2977,7999,5.1,387,379,35,156827
ABprapaaa:105,ABprapaaa,105,31905,6905,1903,1935,6742,5.1,385,380,35,155923
ABprapaap:94,ABprapaap,94,28746,3746,-1131,-1152,3628,6.1,328,380,30,129960
ABprapaap:95,ABprapaap,95,29504,4504,51,32,4456,6.0,319,369,34,143723
ABprapaap:96,ABprapaap,96,31598,6598,2491,2502,6537,5.3,312,364,36,145276
ABprapaap:97,ABprapaap,97,30859,5859,1548,1548,5800,5.4,308,359,36,151286
ABprapaap:98,ABprapaap,98,32176,7176,2740,2736,7139,4.4,303,360,36,147253
ABprapaap:99,ABprapaap,99,31623,6623,1854,1838,6526,5.2,306,365,36,173796
ABprapaap:100,ABprapaap,100,31820,6820,1988,2091,6590,5.1,303,368,34,149646
ABprapaap:101,ABprapaap,101,31666,6666,2100,2120,6414,5.1,311,364,37,172222
ABprapaap:102,ABprapaap,102,31939,6939,2025,2115,6718,5.1,309,369,36,190279
ABprapaap:103,ABprapaap,103,33856,8856,4067,4082,8614,4.4,316,368,34,129592
ABprapaap:104,ABprapaap,104,32435,7435,2599,2629,7241,4.4,317,374,33,119045
ABprapaap:105,ABprapaap,105,32862,7862,2321,2301,7686,4.3,313,378,35,146899
ABprapap:67,ABprapap,67,28054,3054,119,142,3031,10.2,286,413,39,227528
ABprapap:68,ABprapap,68,28124,3124,-34,10,3069,9.9,280,411,50,379895
ABprapap:69,ABprapap,69,28551,3551,466,468,3544,9.0,272,403,47,322172
ABprapap:70,ABprapap,70,29107,4107,663,659,4097,8.1,258,409,45,295864
ABprapap:71,ABprapap,71,29184,4184,460,428,4182,8.1,256,408,44,289235
ABprapap:72,ABprapap,72,29603,4603,940,955,4600,8.0,257,404,42,285055
ABprapap:73,ABprapap,73,29201,4201,492,438,4198,8.2,254,401,47,358651
ABprapap:74,ABprapap,74,29658,4658,745,739,4654,8.0,248,399,44,318521
ABprapap:75,ABprapap,75,30190,5190,1481,1490,5185,8.0,244,397,44,313838
ABprapap:76,ABprapap,76,29471,4471,665,683,4465,8.1,252,398,44,326919
ABprapap:77,ABprapap,77,30490,5490,1632,1639,5471,7.9,247,400,44,333084
ABprapap:78,ABprapap,78,30980,5980,1723,1718,5959,7.2,250,402,47,363818
ABprapap:79,ABprapap,79,29720,4720,335,328,4675,7.2,248,398,47,363408
ABprapap:80,ABprapap,80,31795,6795,2389,2376,6749,7.1,251,403,44,321713
ABprapap:81,ABprapap,81,29575,4575,73,49,4551,7.0,258,398,44,337609
ABprapap:82,ABprapap,82,29562,4562,811,814,4522,8.0,254,405,46,398206
ABprapap:83,ABprapap,83,30431,5431,1266,1266,5421,7.3,252,401,46,369024
ABprapap:84,ABprapap,84,29921,4921,1089,1133,4858,8.1,244,401,46,409089
ABprapap:85,ABprapap,85,30403,5403,1742,1773,5379,8.1,247,399,46,420578
ABprapap:86,ABprapap,86,30418,5418,1838,1831,5364,8.0,260,404,44,370819
ABprapap:87,ABprapap,87,30491,5491,1785,1784,5475,8.1,260,405,44,374109
ABprapap:88,ABprapap,88,29658,4658,955,955,4649,8.2,258,406,36,275164
ABprapap:89,ABprapap,89,28096,3096,-448,-466,3038,9.1,255,412,35,278338
ABprapapa:90,ABprapapa,90,28753,3753,-492,-492,3720,7.1,282,410,33,138181
ABprapapa:91,ABprapapa,91,28853,3853,-503,-506,3835,7.0,281,414,40,197930
ABprapapa:92,ABprapapa,92,29501,4501,557,557,4483,7.1,282,417,40,194585
ABprapapa:93,ABprapapa,93,30731,5731,1945,1945,5671,6.9,287,418,38,179406
ABprapapa:94,ABprapapa,94,31355,6355,864,860,6295,6.0,285,414,38,186039
ABprapapa:95,ABprapapa,95,31526,6526,1034,1034,6501,6.1,274,404,36,162658
ABprapapa:96,ABprapapa,96,30493,5493,259,253,5416,6.1,275,411,38,192294
ABprapapa:97,ABprapapa,97,30794,5794,667,635,5661,6.1,271,409,38,197258
ABprapapa:98,ABprapapa,98,31865,6865,1480,1490,6784,5.3,268,400,36,160194
ABprapapa:99,ABprapapa,99,32065,7065,1590,1598,7016,5.3,268,399,36,155052
ABprapapa:100,ABprapapa,100,32361,7361,1936,1947,7241,5.3,270,399,38,169243
ABprapapa:101,ABprapapa,101,32561,7561,2401,2375,7455,6.0,271,391,37,182926
ABprapapa:102,ABprapapa,102,31894,6894,1401,1409,6738,5.3,268,385,36,176673
ABprapapa:103,ABprapapa,103,32447,7447,2265,2262,7385,5.3,267,387,36,173585
ABprapapa:104,ABprapapa,104,31981,6981,1407,1396,6900,5.2,270,390,35,146419
ABprapapa:105,ABprapapa,105,31768,6768,1196,1184,6664,5.2,267,392,35,152967
ABprapapp:90,ABprapapp,90,27076,2076,-1206,-1206,2009,9.2,235,414,29,108095
ABprapapp:91,ABprapapp,91,28955,3955,752,756,3887,9.1,226,407,38,193178
ABprapapp:92,ABprapapp,92,29680,4680,1315,1335,4627,9.0,225,400,40,193407
ABprapapp:93,ABprapapp,93,29710,4710,1525,1525,4697,8.0,216,397,40,213500
ABprapapp:94,ABprapapp,94,30602,5602,1650,1579,5384,7.1,214,391,42,223584
ABprapapp:95,ABprapapp,95,31044,6044,1148,1148,5983,6.1,210,382,40,211940
ABprapapp:96,ABprapapp,96,29577,4577,515,467,4232,7.0,200,385,38,202452
ABprapapp:97,ABprapapp,97,30726,5726,2657,2690,5207,7.2,208,394,36,181059
ABprapapp:98,ABprapapp,98,30246,5246,1752,1742,4823,7.3,207,389,38,194935
ABprapapp:99,ABprapapp,99,29607,4607,1137,1144,4405,7.3,199,382,38,196063
ABprapapp:100,ABprapapp,100,31632,6632,3138,3194,6255,8.1,203,377,34,166496
ABprapapp:101,ABprapapp,101,30166,5166,1253,1236,4777,7.3,205,376,37,187919
ABprapapp:102,ABprapapp,102,31196,6196,2368,2387,5639,7.1,198,372,36,195577
ABprapapp:103,ABprapapp,103,30325,5325,2020,2004,5195,7.2,195,372,36,191366
ABprapapp:104,ABprapapp,104,30554,5554,1768,1806,5346,7.1,195,374,35,171523
ABprapapp:105,ABprapapp,105,30446,5446,2316,2306,5364,7.4,190,369,35,163436
ABprapp:48,ABprapp,48,28187,3187,39,39,3186,13.5,247,413,60,704486
ABprapp:49,ABprapp,49,28600,3600,655,675,3600,12.8,259,421,57,678632
ABprapp:50,ABprapp,50,28265,3265,185,185,3264,13.0,251,415,53,613758
ABprapp:51,ABprapp,51,28475,3475,562,587,3461,13.2,246,405,55,694222
ABprapp:52,ABprapp,52,27982,2982,-275,-245,2966,13.2,238,400,53,687103
ABprapp:53,ABprapp,53,28981,3981,745,760,3968,13.8,242,405,54,763061
ABprapp:54,ABprapp,54,28238,3238,156,143,3228,14.1,241,404,54,786291
ABprapp:55,ABprapp,55,29061,4061,804,867,4061,15.0,237,405,54,774712
ABprapp:56,ABprapp,56,28389,3389,428,425,3381,15.0,226,411,54,800686
ABprapp:57,ABprapp,57,28536,3536,474,460,3534,14.1,229,413,55,811661
ABprapp:58,ABprapp,58,28374,3374,180,159,3374,14.0,233,413,53,735317
ABprapp:59,ABprapp,59,28967,3967,966,970,3967,13.4,237,419,55,787257
ABprapp:60,ABprapp,60,28743,3743,815,815,3743,14.1,237,417,53,779313
ABprapp:61,ABprapp,61,28327,3327,309,291,3327,14.9,232,413,54,794236
ABprapp:62,ABprapp,62,28726,3726,816,823,3726,13.9,231,407,54,825669
ABprapp:63,ABprapp,63,28136,3136,100,97,3136,15.2,224,404,54,634040
ABprapp:64,ABprapp,64,28553,3553,559,558,3553,15.9,217,402,54,669509
ABprapp:65,ABprapp,65,28123,3123,79,76,3121,16.0,212,402,54,668859
ABprapp:66,ABprapp,66,27604,2604,-211,-230,2534,14.1,220,395,50,511002
ABprappa:67,ABprappa,67,27932,2932,-20,-20,2923,14.4,218,417,35,176193
ABprappa:68,ABprappa,68,28324,3324,309,328,3324,14.9,216,414,50,375147
ABprappa:69,ABprappa,69,28898,3898,991,991,3896,14.0,220,420,47,318443
ABprappa:70,ABprappa,70,28718,3718,503,503,3701,13.2,214,417,45,278971
ABprappa:71,ABprappa,71,29695,4695,1303,1303,4691,13.9,210,419,42,286853
ABprappa:72,ABprappa,72,29321,4321,1253,1253,4301,13.0,216,424,44,323595
ABprappa:73,ABprappa,73,29168,4168,1185,1198,4155,12.2,206,415,45,334074
ABprappa:74,ABprappa,74,29274,4274,1156,1132,4259,12.9,203,413,44,317501
ABprappa:75,ABprappa,75,29230,4230,800,784,4160,13.1,207,416,44,347496
ABprappa:76,ABprappa,76,28784,3784,228,248,3731,12.9,213,412,44,345733
ABprappa:77,ABprappa,77,30008,5008,1761,1767,4908,12.9,215,410,44,344996
ABprappa:78,ABprappa,78,29892,4892,1666,1717,4732,12.2,220,413,45,330963
ABprappa:79,ABprappa,79,29494,4494,1395,1420,4184,12.2,229,413,45,335725
ABprappa:80,ABprappa,80,30574,5574,2085,2086,5377,12.9,237,416,44,340286
ABprappa:81,ABprappa,81,30288,5288,1998,2105,5127,12.0,233,417,48,485756
ABprappa:82,ABprappa,82,29814,4814,1301,1341,4540,13.0,233,421,44,365739
ABprappa:83,ABprappa,83,29544,4544,1433,1427,4481,12.9,222,421,44,365465
ABprappa:84,ABprappa,84,29649,4649,1471,1540,4463,12.2,219,421,46,418547
ABprappa:85,ABprappa,85,29809,4809,1520,1507,4644,13.1,227,422,44,381742
ABprappa:86,ABprappa,86,29781,4781,1375,1418,4603,13.1,243,427,46,441397
ABprappa:87,ABprappa,87,29176,4176,1272,1299,4074,13.3,254,440,46,425954
ABprappa:88,ABprappa,88,30023,5023,2066,2066,4921,14.0,258,440,46,473609
ABprappa:89,ABprappa,89,29789,4789,1564,1565,4534,14.1,258,434,47,491929
ABprappa:90,ABprappa,90,30040,5040,1909,1907,4958,14.0,258,438,43,312207
ABprappa:91,ABprappa,91,29134,4134,970,955,4064,13.2,252,438,44,341034
ABprappa:92,ABprappa,92,28862,3862,365,365,3767,13.1,244,434,36,250669
ABprappa:93,ABprappa,93,28788,3788,818,815,3684,12.3,249,426,42,256385
ABprappaa:94,ABprappaa,94,28084,3084,-421,-421,2962,12.3,271,441,34,149626
ABprappaa:95,ABprappaa,95,29433,4433,1419,1410,4372,12.1,270,443,36,181460
ABprappaa:96,ABprappaa,96,29549,4549,1455,1493,4335,12.0,279,441,34,149696
ABprappaa:97,ABprappaa,97,31248,6248,3286,3295,6040,11.1,279,445,38,205032
ABprappaa:98,ABprappaa,98,30316,5316,2215,2224,5144,11.2,277,445,36,193411
ABprappaa:99,ABprappaa,99,31199,6199,3086,3153,6058,10.1,278,441,36,194290
ABprappaa:100,ABprappaa,100,30538,5538,2244,2274,5337,11.0,279,440,38,227670
ABprappaa:101,ABprappaa,101,29544,4544,1803,1879,4413,9.4,279,440,37,169443
ABprappaa:102,ABprappaa,102,29109,4109,872,869,4045,9.2,278,435,36,198787
ABprappaa:103,ABprappaa,103,30798,5798,2347,2355,5551,10.0,278,435,36,212573
ABprappaa:104,ABprappaa,104,29974,4974,1429,1429,4840,9.3,280,434,35,152987
ABprappaa:105,ABprappaa,105,30922,5922,2762,2762,5697,10.0,279,431,33,161846
ABprappap:94,ABprappap,94,28270,3270,-350,-344,2871,11.2,229,415,30,143493
ABprappap:95,ABprappap,95,29542,4542,754,754,4307,11.0,220,415,36,183607
ABprappap:96,ABprappap,96,30526,5526,2370,2350,5315,11.1,222,410,34,149678
ABprappap:97,ABprappap,97,30454,5454,2337,2480,4582,11.1,222,403,38,202347
ABprappap:98,ABprappap,98,30428,5428,2186,2348,4900,11.0,214,416,38,215945
ABprappap:99,ABprappap,99,29540,4540,1433,1502,3975,11.2,211,413,36,186338
ABprappap:100,ABprappap,100,29860,4860,1777,1849,4511,10.4,221,413,38,197358
ABprappap:101,ABprappap,101,29686,4686,1775,1911,4087,9.4,217,409,35,140543
ABprappap:102,ABprappap,102,30727,5727,2043,2328,4992,9.2,214,406,36,180519
ABprappap:103,ABprappap,103,30493,5493,1886,1994,4945,10.0,218,408,36,191680
ABprappap:104,ABprappap,104,30929,5929,2787,2894,5347,9.1,217,408,35,168030
ABprappap:105,ABprappap,105,29925,4925,1804,1784,4522,9.1,216,408,35,173539
ABprappp:67,ABprappp,67,27948,2948,177,161,2699,13.2,207,364,37,196199
ABprappp:68,ABprappp,68,28189,3189,380,402,3176,13.9,204,353,50,342580
ABprappp:69,ABprappp,69,28310,3310,459,454,3295,13.1,195,347,47,287940
ABprappp:70,ABprappp,70,28252,3252,51,57,3236,12.0,176,334,43,249553
ABprappp:71,ABprappp,71,29059,4059,939,938,4051,11.1,165,332,42,264129
ABprappp:72,ABprappp,72,29139,4139,898,904,4115,11.0,160,333,46,340994
ABprappp:73,ABprappp,73,28970,3970,850,907,3744,10.9,158,338,43,288139
ABprappp:74,ABprappp,74,28377,3377,188,234,3308,11.0,155,332,44,323594
ABprappp:75,ABprappp,75,28858,3858,814,814,3766,12.0,152,335,46,382621
ABprappp:76,ABprappp,76,29221,4221,1504,1529,4209,12.0,157,345,44,336410
ABprappp:77,ABprappp,77,28762,3762,1065,1062,3722,12.9,151,351,44,314984
ABprappp:78,ABprappp,78,29632,4632,1809,1768,4526,13.0,153,355,43,300548
ABprappp:79,ABprappp,79,29076,4076,1329,1326,4059,12.2,159,362,45,316176
ABprappp:80,ABprappp,80,28730,3730,907,921,3675,12.9,161,362,44,333419
ABprappp:81,ABprappp,81,29257,4257,1545,1545,4245,12.1,164,371,44,339844
ABprappp:82,ABprappp,82,29445,4445,1582,1600,4419,13.0,168,376,44,347079
ABprappp:83,ABprappp,83,28766,3766,876,958,3690,12.1,165,370,44,338363
ABprappp:84,ABprappp,84,28445,3445,855,907,3322,12.1,163,366,44,346526
ABprappp:85,ABprappp,85,29450,4450,1876,1899,4379,12.9,168,367,44,355106
ABprappp:86,ABprappp,86,29451,4451,1714,1742,4356,12.9,172,378,44,353133
ABprappp:87,ABprappp,87,28688,3688,831,907,3600,13.0,172,376,44,369271
ABprappp:88,ABprappp,88,29135,4135,1269,1476,3824,13.0,174,378,44,370751
ABprappp:89,ABprappp,89,28775,3775,978,1097,3659,12.1,173,387,43,347272
ABprappp:90,ABprappp,90,28984,3984,1277,1277,3970,11.1,178,369,45,275454
ABprappp:91,ABprappp,91,29360,4360,1154,1184,4339,12.9,182,361,42,259201
ABprappp:92,ABprappp,92,29235,4235,1452,1452,4192,12.0,179,360,40,256409
ABprappp:93,ABprappp,93,27412,2412,-804,-803,2343,12.0,179,365,38,238967
ABprapppa:94,ABprapppa,94,27747,2747,-153,-68,2224,10.5,187,381,34,143277
ABprapppa:95,ABprapppa,95,28378,3378,217,240,3090,11.1,183,377,36,184617
ABprapppa:96,ABprapppa,96,29395,4395,1423,1433,3653,11.1,184,378,36,193127
ABprapppa:97,ABprapppa,97,30124,5124,2350,2353,4610,11.0,184,385,34,161834
ABprapppa:98,ABprapppa,98,31422,6422,3336,3452,5917,11.1,181,393,34,179857
ABprapppa:99,ABprapppa,99,29057,4057,986,985,3506,11.0,177,398,34,175153
ABprapppa:100,ABprapppa,100,30389,5389,2201,2186,4763,10.9,183,397,34,174511
ABprapppa:101,ABprapppa,101,30380,5380,2167,2269,4834,10.1,181,396,33,152222
ABprapppa:102,ABprapppa,102,31161,6161,2841,3017,5092,10.3,185,397,36,201728
ABprapppa:103,ABprapppa,103,31013,6013,2599,2780,5226,11.3,186,401,36,213776
ABprapppa:104,ABprapppa,104,29843,4843,1682,1940,3768,11.3,190,403,35,178323
ABprapppa:105,ABprapppa,105,29875,4875,1347,1475,3809,12.1,194,405,35,204603
ABprapppp:94,ABprapppp,94,28141,3141,167,170,2968,12.1,166,354,32,151928
ABprapppp:95,ABprapppp,95,27375,2375,-771,-795,2293,13.8,159,334,36,162525
ABprapppp:96,ABprapppp,96,29773,4773,2036,2036,4640,13.1,154,329,34,145591
ABprapppp:97,ABprapppp,97,29663,4663,1901,1900,4361,13.2,158,327,36,163492
ABprapppp:98,ABprapppp,98,29018,4018,1302,1301,3916,13.9,152,342,34,140829
ABprapppp:99,ABprapppp,99,30766,5766,2793,2781,5684,13.0,158,348,34,146279
ABprapppp:100,ABprapppp,100,29012,4012,1117,1125,3849,12.3,157,350,38,191760
ABprapppp:101,ABprapppp,101,28697,3697,1033,1028,3549,12.1,152,353,37,182335
ABprapppp:102,ABprapppp,102,30696,5696,2544,2542,5601,12.2,152,359,34,153716
ABprapppp:103,ABprapppp,103,29590,4590,1871,1892,4375,13.2,158,363,36,194867
ABprapppp:104,ABprapppp,104,30425,5425,2714,2716,5345,13.2,154,369,35,155213
ABprapppp:105,ABprapppp,105,29564,4564,1518,1504,4381,13.2,159,369,35,166915
ABprp:18,ABprp,18,26991,1991,-719,-725,1987,19.1,315,360,52,521422
ABprp:19,ABprp,19,26816,1816,-702,-725,1816,20.2,293,326,64,678452
ABprp:20,ABprp,20,27377,2377,-262,-278,2377,18.0,294,324,75,1019708
ABprp:21,ABprp,21,27843,2843,113,113,2843,17.4,290,322,75,1057641
ABprp:22,ABprp,22,27337,2337,-351,-351,2337,20.0,276,330,75,1222148
ABprp:23,ABprp,23,27618,2618,-95,-95,2618,21.9,254,329,73,1089043
ABprp:24,ABprp,24,27404,2404,-267,-267,2404,21.1,249,331,73,1162434
ABprp:25,ABprp,25,27283,2283,-254,-254,2283,22.1,255,341,72,1251848
ABprp:26,ABprp,26,27528,2528,32,32,2528,22.4,245,350,70,1271395
ABprp:27,ABprp,27,27276,2276,-327,-327,2276,22.1,244,367,70,1391482
ABprp:28,ABprp,28,27403,2403,-168,-168,2403,21.9,236,369,65,1181541
ABprp:29,ABprp,29,26807,1807,-954,-954,1807,20.3,238,362,63,852863
ABprpa:30,ABprpa,30,28204,3204,959,979,3192,21.9,268,360,40,257027
ABprpa:31,ABprpa,31,27388,2388,-151,-138,2388,22.0,281,376,55,518552
ABprpa:32,ABprpa,32,27597,2597,-220,-194,2597,21.2,277,378,61,641271
ABprpa:33,ABprpa,33,27602,2602,237,237,2602,22.0,291,377,61,662693
ABprpa:34,ABprpa,34,27348,2348,-273,-273,2348,22.2,286,388,61,745899
ABprpa:35,ABprpa,35,27262,2262,-166,-166,2262,22.9,301,381,60,786488
ABprpa:36,ABprpa,36,27919,2919,232,232,2919,22.1,308,385,62,843423
ABprpa:37,ABprpa,37,27607,2607,-47,-47,2607,22.1,305,369,61,791200
ABprpa:38,ABprpa,38,27261,2261,-200,-200,2261,22.9,307,375,59,744021
ABprpa:39,ABprpa,39,27437,2437,-204,-204,2437,22.9,296,383,60,868479
ABprpa:40,ABprpa,40,27938,2938,264,264,2937,22.0,299,385,62,933454
ABprpa:41,ABprpa,41,27576,2576,-204,-204,2576,22.1,292,385,63,951966
ABprpa:42,ABprpa,42,27666,2666,-123,-123,2666,22.8,288,382,62,933803
ABprpa:43,ABprpa,43,27562,2562,-390,-390,2562,22.8,290,387,61,966970
ABprpa:44,ABprpa,44,27687,2687,-6,-3,2687,22.1,275,386,63,970359
ABprpa:45,ABprpa,45,27079,2079,-640,-642,2075,22.2,278,375,63,899433
ABprpa:46,ABprpa,46,27409,2409,-311,-311,2409,22.9,282,374,60,944343
ABprpa:47,ABprpa,47,27793,2793,69,68,2793,22.0,276,380,60,1023522
ABprpa:48,ABprpa,48,27214,2214,-526,-531,2211,20.9,274,386,60,753275
ABprpa:49,ABprpa,49,27085,2085,-788,-788,2082,20.3,291,393,53,647248
ABprpaa:50,ABprpaa,50,27910,2910,-97,-105,2909,20.1,301,424,51,511018
ABprpaa:51,ABprpaa,51,28695,3695,787,772,3695,21.1,295,426,53,545789
ABprpaa:52,ABprpaa,52,28336,3336,606,608,3336,21.0,292,431,53,573076
ABprpaa:53,ABprpaa,53,28549,3549,779,779,3549,22.0,291,431,54,668985
ABprpaa:54,ABprpaa,54,28505,3505,789,789,3505,22.0,302,432,54,702213
ABprpaa:55,ABprpaa,55,28959,3959,1177,1175,3959,22.0,302,432,54,726290
ABprpaa:56,ABprpaa,56,28152,3152,436,441,3152,21.8,303,432,54,751503
ABprpaa:57,ABprpaa,57,28461,3461,582,583,3461,21.9,302,432,53,714050
ABprpaa:58,ABprpaa,58,28665,3665,744,744,3634,20.1,302,437,53,753282
ABprpaa:59,ABprpaa,59,28848,3848,1040,1030,3833,20.2,303,436,55,801399
ABprpaa:60,ABprpaa,60,29018,4018,1453,1454,4018,20.0,302,441,53,761463
ABprpaa:61,ABprpaa,61,28447,3447,761,750,3447,20.0,304,442,54,815146
ABprpaa:62,ABprpaa,62,29138,4138,1201,1198,4138,20.0,292,437,54,824902
ABprpaa:63,ABprpaa,63,28258,3258,653,655,3258,20.0,286,434,54,628709
ABprpaa:64,ABprpaa,64,28084,3084,465,465,3084,21.0,282,431,54,596817
ABprpaa:65,ABprpaa,65,28415,3415,809,809,3415,22.0,279,424,54,600757
ABprpaa:66,ABprpaa,66,28514,3514,793,793,3514,22.0,273,415,54,596320
ABprpaa:67,ABprpaa,67,27678,2678,49,49,2678,22.1,274,416,55,623281
ABprpaa:68,ABprpaa,68,28533,3533,1103,1103,3533,23.0,272,419,50,423305
ABprpaa:69,ABprpaa,69,26943,1943,-863,-863,1943,21.9,280,427,47,419674
ABprpaaa:70,ABprpaaa,70,27926,2926,103,103,2918,21.3,296,440,35,159066
ABprpaaa:71,ABprpaaa,71,27334,2334,-381,-364,2312,22.9,296,429,42,217693
ABprpaaa:72,ABprpaaa,72,28391,3391,867,865,3375,23.1,292,422,44,229843
ABprpaaa:73,ABprpaaa,73,28228,3228,493,493,3226,23.1,297,431,47,279496
ABprpaaa:74,ABprpaaa,74,28642,3642,1000,999,3642,23.0,306,436,46,308887
ABprpaaa:75,ABprpaaa,75,28037,3037,190,191,3037,23.0,321,434,44,269020
ABprpaaa:76,ABprpaaa,76,28662,3662,889,889,3662,22.2,332,435,46,307195
ABprpaaa:77,ABprpaaa,77,28097,3097,537,535,3092,21.2,337,447,46,326075
ABprpaaa:78,ABprpaaa,78,28113,3113,403,403,3111,21.0,341,449,43,291486
ABprpaaa:79,ABprpaaa,79,28953,3953,1223,1223,3912,20.0,362,453,43,308131
ABprpaaa:80,ABprpaaa,80,29503,4503,1994,2043,4483,19.0,383,459,44,334117
ABprpaaa:81,ABprpaaa,81,29738,4738,1913,1894,4669,17.9,395,460,44,348968
ABprpaaa:82,ABprpaaa,82,29021,4021,1464,1449,3862,16.1,403,462,44,361589
ABprpaaa:83,ABprpaaa,83,29958,4958,1988,2016,4780,15.9,403,461,44,379311
ABprpaaa:84,ABprpaaa,84,29027,4027,1077,1116,3929,15.3,402,463,46,409761
ABprpaaa:85,ABprpaaa,85,29428,4428,1526,1685,4301,15.0,408,463,44,384058
ABprpaaa:86,ABprpaaa,86,29438,4438,1510,1620,4334,16.0,419,463,44,374136
ABprpaaa:87,ABprpaaa,87,30452,5452,2667,2801,5429,15.0,409,465,44,382613
ABprpaaa:88,ABprpaaa,88,29559,4559,1587,1633,4513,15.1,404,465,44,388605
ABprpaaa:89,ABprpaaa,89,29690,4690,1978,2029,4668,15.2,407,464,47,426618
ABprpaaa:90,ABprpaaa,90,28960,3960,1256,1313,3947,16.1,411,466,45,308268
ABprpaaa:91,ABprpaaa,91,28272,3272,437,443,3248,18.0,415,460,42,278565
ABprpaaa:92,ABprpaaa,92,28169,3169,356,353,3094,17.9,426,458,40,269869
ABprpaaa:93,ABprpaaa,93,27974,2974,-422,-447,2856,18.1,440,449,34,194737
ABprpaaaa:94,ABprpaaaa,94,27764,2764,-224,-224,2622,18.0,485,450,34,151338
ABprpaaaa:95,ABprpaaaa,95,28700,3700,467,467,3449,16.3,476,453,34,137449
ABprpaaaa:96,ABprpaaaa,96,29319,4319,1752,1750,4032,15.9,479,454,34,146878
ABprpaaaa:97,ABprpaaaa,97,30423,5423,2769,2798,5319,15.1,479,458,36,188029
ABprpaaaa:98,ABprpaaaa,98,30248,5248,2715,2746,5093,15.1,481,460,36,193567
ABprpaaaa:99,ABprpaaaa,99,28998,3998,1426,1420,3609,15.2,473,459,38,212750
ABprpaaaa:100,ABprpaaaa,100,28778,3778,955,989,3518,16.1,480,458,38,224645
ABprpaaaa:101,ABprpaaaa,101,29862,4862,2153,2134,4693,16.0,489,453,37,193032
ABprpaaaa:102,ABprpaaaa,102,29450,4450,1541,1521,4043,16.1,494,451,36,208243
ABprpaaaa:103,ABprpaaaa,103,29605,4605,1501,1636,3912,16.0,498,446,36,212061
ABprpaaaa:104,ABprpaaaa,104,29655,4655,1187,1284,3895,16.1,508,443,35,173058
ABprpaaaa:105,ABprpaaaa,105,29853,4853,1547,1524,4334,16.1,504,448,35,175589
ABprpaaap:94,ABprpaaap,94,28607,3607,197,176,3214,16.2,429,453,34,144609
ABprpaaap:95,ABprpaaap,95,28799,3799,629,723,3047,15.2,419,455,32,142775
ABprpaaap:96,ABprpaaap,96,29306,4306,1310,1340,3470,14.1,419,452,34,169445
ABprpaaap:97,ABprpaaap,97,28585,3585,331,528,2393,13.3,413,452,38,208926
ABprpaaap:98,ABprpaaap,98,30579,5579,2375,2577,4712,12.2,408,452,36,189653
ABprpaaap:99,ABprpaaap,99,29432,4432,1662,1779,3806,12.2,413,457,36,194271
ABprpaaap:100,ABprpaaap,100,29755,4755,1531,1686,3686,12.3,419,457,36,194250
ABprpaaap:101,ABprpaaap,101,30004,5004,1703,1965,3713,13.0,422,458,37,214868
ABprpaaap:102,ABprpaaap,102,30226,5226,2362,2541,4476,13.1,431,462,36,229168
ABprpaaap:103,ABprpaaap,103,29386,4386,1145,1260,3597,13.3,436,462,36,222822
ABprpaaap:104,ABprpaaap,104,31116,6116,2854,3021,4784,14.3,435,464,35,186453
ABprpaaap:105,ABprpaaap,105,30254,5254,2134,2198,4298,15.1,436,463,35,193976
ABprpaap:70,ABprpaap,70,26930,1930,-849,-849,1921,19.1,261,402,35,159522
ABprpaap:71,ABprpaap,71,27828,2828,84,97,2803,18.9,257,408,42,239089
ABprpaap:72,ABprpaap,72,27912,2912,-180,-180,2889,17.9,256,402,42,239296
ABprpaap:73,ABprpaap,73,28544,3544,786,783,3522,17.1,249,410,45,281073
ABprpaap:74,ABprpaap,74,28897,3897,742,746,3845,17.1,244,415,46,353680
ABprpaap:75,ABprpaap,75,28378,3378,387,405,3279,17.3,243,420,46,343636
ABprpaap:76,ABprpaap,76,28443,3443,399,406,3415,18.1,257,426,46,349194
ABprpaap:77,ABprpaap,77,28461,3461,311,302,3383,17.1,262,429,44,316585
ABprpaap:78,ABprpaap,78,29613,4613,1848,1929,4414,17.1,269,435,47,385360
ABprpaap:79,ABprpaap,79,28909,3909,746,763,3562,17.1,279,440,43,319013
ABprpaap:80,ABprpaap,80,29107,4107,963,999,3921,16.1,292,438,46,413475
ABprpaap:81,ABprpaap,81,29648,4648,1310,1353,4399,16.1,308,439,44,370409
ABprpaap:82,ABprpaap,82,29215,4215,782,843,3631,16.1,317,442,46,409286
ABprpaap:83,ABprpaap,83,29844,4844,1794,1806,4516,16.1,320,450,46,410248
ABprpaap:84,ABprpaap,84,29388,4388,1486,1441,4209,16.9,317,453,44,355714
ABprpaap:85,ABprpaap,85,28811,3811,1033,1072,3605,16.9,329,454,44,356345
ABprpaap:86,ABprpaap,86,29240,4240,1191,1206,4161,17.0,343,455,44,370857
ABprpaap:87,ABprpaap,87,29811,4811,2006,2007,4739,17.0,343,453,44,363381
ABprpaap:88,ABprpaap,88,29814,4814,1598,1588,4762,16.9,346,451,44,364034
ABprpaap:89,ABprpaap,89,29054,4054,929,953,3990,16.1,348,450,45,371236
ABprpaap:90,ABprpaap,90,29505,4505,1636,1674,4478,16.0,357,452,43,267270
ABprpaap:91,ABprpaap,91,28905,3905,887,908,3850,16.0,357,454,42,292482
ABprpaap:92,ABprpaap,92,27722,2722,-360,-360,2639,16.1,360,453,38,239149
ABprpaapa:93,ABprpaapa,93,28479,3479,405,394,3285,15.3,384,458,34,131385
ABprpaapa:94,ABprpaapa,94,27913,2913,-387,-418,2511,14.2,396,456,36,174217
ABprpaapa:95,ABprpaapa,95,29416,4416,1783,1744,4160,14.0,383,460,36,192818
ABprpaapa:96,ABprpaapa,96,28379,3379,593,632,3171,13.1,382,461,34,147012
ABprpaapa:97,ABprpaapa,97,30019,5019,1966,1980,4747,13.0,377,462,34,158020
ABprpaapa:98,ABprpaapa,98,29246,4246,1174,1543,3813,11.1,374,460,36,183710
ABprpaapa:99,ABprpaapa,99,29636,4636,1687,1794,4047,11.9,381,458,34,161235
ABprpaapa:100,ABprpaapa,100,30656,5656,2995,3216,5028,10.2,393,456,38,205479
ABprpaapa:101,ABprpaapa,101,30470,5470,2433,2581,4829,10.2,403,455,37,201361
ABprpaapa:102,ABprpaapa,102,30493,5493,2867,2908,5083,10.2,406,455,36,198994
ABprpaapa:103,ABprpaapa,103,29291,4291,1383,1556,3614,11.1,411,458,36,222314
ABprpaapa:104,ABprpaapa,104,29805,4805,1760,2002,3893,11.2,420,459,35,188268
ABprpaapa:105,ABprpaapa,105,29378,4378,1226,1248,3961,11.2,422,460,35,175684
ABprpaapp:93,ABprpaapp,93,28041,3041,154,140,2939,16.3,339,451,30,107694
ABprpaapp:94,ABprpaapp,94,28025,3025,19,18,2952,16.2,337,448,34,143953
ABprpaapp:95,ABprpaapp,95,27824,2824,-626,-262,1941,15.2,321,450,26,62563
ABprpaapp:96,ABprpaapp,96,31047,6047,3078,3143,5808,15.2,324,452,36,178030
ABprpaapp:97,ABprpaapp,97,28937,3937,688,732,3350,17.0,315,449,36,199968
ABprpaapp:98,ABprpaapp,98,29227,4227,874,887,3898,15.1,318,445,36,202681
ABprpaapp:99,ABprpaapp,99,29524,4524,1362,1484,4032,15.0,324,448,38,216814
ABprpaapp:100,ABprpaapp,100,29711,4711,1854,1857,4582,14.2,334,446,38,218728
ABprpaapp:101,ABprpaapp,101,29066,4066,1289,1319,3650,14.1,343,445,37,203247
ABprpaapp:102,ABprpaapp,102,29948,4948,1622,1617,4774,13.2,351,448,36,195142
ABprpaapp:103,ABprpaapp,103,30188,5188,1933,1937,5031,13.2,362,450,36,199609
ABprpaapp:104,ABprpaapp,104,30015,5015,2022,2023,4765,13.2,365,440,35,169075
ABprpaapp:105,ABprpaapp,105,28714,3714,452,459,3276,13.1,365,445,35,181734
ABprpap:50,ABprpap,50,26889,1889,-861,-878,1889,21.0,255,376,53,464218
ABprpap:51,ABprpap,51,27246,2246,-459,-472,2240,21.1,245,373,53,442862
ABprpap:52,ABprpap,52,28153,3153,346,343,3145,21.1,239,370,55,501652
ABprpap:53,ABprpap,53,27363,2363,-427,-430,2363,21.9,233,354,54,512689
ABprpap:54,ABprpap,54,27453,2453,-174,-174,2453,22.1,228,358,54,560896
ABprpap:55,ABprpap,55,27911,2911,259,259,2911,22.9,221,357,54,563985
ABprpap:56,ABprpap,56,28664,3664,810,810,3664,23.1,214,369,54,659117
ABprpap:57,ABprpap,57,27850,2850,243,251,2848,22.9,215,376,53,615279
ABprpap:58,ABprpap,58,28201,3201,313,313,3200,22.9,216,387,53,618424
ABprpap:59,ABprpap,59,28057,3057,178,165,3051,22.9,206,390,53,665343
ABprpap:60,ABprpap,60,28364,3364,505,483,3354,22.1,213,388,55,702783
ABprpap:61,ABprpap,61,27961,2961,38,33,2955,22.9,215,376,54,663515
ABprpap:62,ABprpap,62,28194,3194,104,114,3192,23.0,209,385,54,684325
ABprpap:63,ABprpap,63,28171,3171,489,489,3171,23.1,206,373,54,531207
ABprpap:64,ABprpap,64,28180,3180,247,252,3169,23.1,208,366,54,538385
ABprpap:65,ABprpap,65,28080,3080,377,373,3074,23.0,203,363,54,594187
ABprpap:66,ABprpap,66,27544,2544,-228,-225,2544,22.2,198,366,54,571303
ABprpap:67,ABprpap,67,27966,2966,279,279,2965,21.9,194,374,53,500487
ABprpap:68,ABprpap,68,27575,2575,-143,-143,2574,22.0,197,359,50,442005
ABprpapa:69,ABprpapa,69,27699,2699,-395,-391,2699,22.1,216,392,37,173151
ABprpapa:70,ABprpapa,70,28323,3323,562,550,3321,23.0,207,389,43,230189
ABprpapa:71,ABprpapa,71,27875,2875,388,388,2862,23.0,212,394,42,219011
ABprpapa:72,ABprpapa,72,27968,2968,128,128,2950,23.1,217,404,42,221694
ABprpapa:73,ABprpapa,73,28076,3076,749,749,3038,23.0,217,407,47,320901
ABprpapa:74,ABprpapa,74,28395,3395,578,578,3385,23.0,217,407,44,277855
ABprpapa:75,ABprpapa,75,28538,3538,855,851,3500,23.2,220,407,48,387924
ABprpapa:76,ABprpapa,76,28155,3155,618,626,3060,23.1,229,413,48,390916
ABprpapa:77,ABprpapa,77,28348,3348,274,308,3045,22.1,245,422,48,394481
ABprpapa:78,ABprpapa,78,28832,3832,869,1035,3033,21.1,253,431,47,372443
ABprpapa:79,ABprpapa,79,28643,3643,867,918,2766,21.0,272,435,47,374735
ABprpapa:80,ABprpapa,80,28602,3602,448,454,2749,21.1,289,438,44,336799
ABprpapa:81,ABprpapa,81,27840,2840,-286,-216,2337,21.0,299,443,44,321222
ABprpapa:82,ABprpapa,82,28988,3988,1020,1089,3032,20.0,306,441,48,416275
ABprpapa:83,ABprpapa,83,28813,3813,695,738,3169,21.0,320,442,46,373714
ABprpapa:84,ABprpapa,84,27924,2924,140,180,2249,21.1,329,442,46,361311
ABprpapa:85,ABprpapa,85,28352,3352,409,513,2701,21.1,334,440,48,418552
ABprpapa:86,ABprpapa,86,29355,4355,1699,1741,4038,22.0,346,435,44,314721
ABprpapa:87,ABprpapa,87,28443,3443,425,439,3226,22.1,352,429,46,328311
ABprpapa:88,ABprpapa,88,28516,3516,311,311,3431,23.0,356,425,44,292113
ABprpapa:89,ABprpapa,89,28522,3522,992,997,3381,22.1,354,429,47,392337
ABprpapa:90,ABprpapa,90,28383,3383,525,525,3344,23.0,358,424,43,208595
ABprpapa:91,ABprpapa,91,27351,2351,-544,-544,2279,21.1,360,419,36,178392
ABprpapaa:92,ABprpapaa,92,28002,3002,381,364,2846,21.2,397,431,38,147564
ABprpapaa:93,ABprpapaa,93,28396,3396,640,643,3312,21.0,394,433,38,156459
ABprpapaa:94,ABprpapaa,94,28182,3182,680,679,3034,21.1,396,445,38,162478
ABprpapaa:95,ABprpapaa,95,29924,4924,2069,2072,4807,20.9,396,446,36,162624
ABprpapaa:96,ABprpapaa,96,27876,2876,622,620,2439,19.1,396,458,38,189260
ABprpapaa:97,ABprpapaa,97,29504,4504,1708,1762,3836,18.1,396,460,38,208530
ABprpapaa:98,ABprpapaa,98,28550,3550,779,880,2482,16.2,389,462,38,203350
ABprpapaa:99,ABprpapaa,99,29297,4297,1025,1074,2829,16.2,392,458,38,192279
ABprpapaa:100,ABprpapaa,100,29251,4251,1279,1341,3325,16.1,392,459,38,226775
ABprpapaa:101,ABprpapaa,101,29852,4852,1683,1863,3537,16.0,400,461,37,208469
ABprpapaa:102,ABprpapaa,102,29745,4745,1475,1477,4112,16.1,395,462,36,204225
ABprpapaa:103,ABprpapaa,103,29727,4727,1390,1454,3945,16.3,396,457,36,191067
ABprpapaa:104,ABprpapaa,104,28606,3606,710,779,3329,17.1,390,456,35,174739
ABprpapaa:105,ABprpapaa,105,30368,5368,1840,1812,4848,17.1,386,453,35,169903
ABprpapap:92,ABprpapap,92,27164,2164,-455,-521,2013,22.0,343,418,36,138428
ABprpapap:93,ABprpapap,93,29178,4178,1277,1246,3913,22.0,338,419,38,157574
ABprpapap:94,ABprpapap,94,27856,2856,207,202,2755,22.0,343,422,38,156469
ABprpapap:95,ABprpapap,95,27536,2536,33,2,2233,22.0,345,412,38,154267
ABprpapap:96,ABprpapap,96,27524,2524,-165,-149,2396,22.1,354,428,38,165101
ABprpapap:97,ABprpapap,97,29364,4364,1634,1662,4180,22.0,355,435,38,163927
ABprpapap:98,ABprpapap,98,27545,2545,-489,-474,2054,22.0,351,432,36,151889
ABprpapap:99,ABprpapap,99,28074,3074,689,777,2728,21.0,353,439,36,171320
ABprpapap:100,ABprpapap,100,28086,3086,267,247,2795,20.1,357,439,38,184692
ABprpapap:101,ABprpapap,101,29553,4553,1563,1578,3830,19.1,357,442,37,199341
ABprpapap:102,ABprpapap,102,30325,5325,2142,2330,4624,19.1,357,438,36,187386
ABprpapap:103,ABprpapap,103,29499,4499,1576,1532,4038,20.0,358,433,36,187077
ABprpapap:104,ABprpapap,104,30253,5253,2365,2442,4406,20.1,356,436,35,165098
ABprpapap:105,ABprpapap,105,28130,3130,-296,-293,2461,20.2,358,433,35,157043
ABprpapp:69,ABprpapp,69,27461,2461,-258,-258,2460,22.1,184,340,41,190479
ABprpapp:70,ABprpapp,70,28449,3449,667,669,3448,22.0,173,338,43,218188
ABprpapp:71,ABprpapp,71,27470,2470,-453,-453,2463,21.2,175,336,46,262999
ABprpapp:72,ABprpapp,72,27598,2598,-69,-74,2582,21.1,163,339,46,283177
ABprpapp:73,ABprpapp,73,27590,2590,-318,-323,2573,21.1,161,332,47,303584
ABprpapp:74,ABprpapp,74,27904,2904,99,102,2873,21.0,159,336,48,344363
ABprpapp:75,ABprpapp,75,28142,3142,577,577,3116,22.0,161,346,44,280312
ABprpapp:76,ABprpapp,76,29211,4211,1510,1512,4183,21.0,171,359,44,278784
ABprpapp:77,ABprpapp,77,28063,3063,356,359,3058,21.2,188,360,46,299791
ABprpapp:78,ABprpapp,78,28104,3104,152,152,3100,22.1,191,370,43,242714
ABprpapp:79,ABprpapp,79,28334,3334,630,632,3325,22.1,207,378,47,318878
ABprpapp:80,ABprpapp,80,28154,3154,373,397,3110,22.1,213,393,44,285163
ABprpapp:81,ABprpapp,81,28183,3183,555,556,3156,22.1,219,402,44,288392
ABprpapp:82,ABprpapp,82,28871,3871,1067,1070,3824,22.2,229,401,48,376270
ABprpapp:83,ABprpapp,83,27397,2397,-308,-270,2318,22.3,237,406,48,360202
ABprpapp:84,ABprpapp,84,28181,3181,249,271,3009,22.2,247,414,48,390880
ABprpapp:85,ABprpapp,85,27684,2684,-144,-147,2540,23.0,258,413,46,343892
ABprpapp:86,ABprpapp,86,28955,3955,1157,1157,3818,23.0,276,414,46,331230
ABprpapp:87,ABprpapp,87,28214,3214,322,340,3095,23.1,282,411,48,385817
ABprpapp:88,ABprpapp,88,28472,3472,779,824,3423,23.0,288,404,44,284137
ABprpapp:89,ABprpapp,89,28396,3396,755,799,3337,22.1,284,402,43,276563
ABprpapp:90,ABprpapp,90,27608,2608,-92,-57,2565,22.1,292,404,43,216747
ABprpapp:91,ABprpapp,91,29025,4025,1359,1361,3999,22.1,296,398,36,162979
ABprpappa:92,ABprpappa,92,27275,2275,-352,-424,2094,23.2,312,400,28,66835
ABprpappa:93,ABprpappa,93,27986,2986,130,239,2570,23.2,312,400,28,66835
ABprpappa:94,ABprpappa,94,27647,2647,-23,-41,2567,24.0,309,398,38,137264
ABprpappa:95,ABprpappa,95,27831,2831,199,222,2714,24.1,309,398,38,146970
ABprpappa:96,ABprpappa,96,27763,2763,297,302,2645,24.0,328,401,38,150234
ABprpappa:97,ABprpappa,97,27619,2619,12,76,2264,24.1,334,411,38,152283
ABprpappa:98,ABprpappa,98,28422,3422,316,268,3032,24.1,338,411,38,167869
ABprpappa:99,ABprpappa,99,28942,3942,1104,1070,3684,23.1,343,410,38,153104
ABprpappa:100,ABprpappa,100,27820,2820,183,194,2664,24.0,343,411,38,166709
ABprpappa:101,ABprpappa,101,27691,2691,-299,-265,2168,22.2,343,420,37,160385
ABprpappa:102,ABprpappa,102,28158,3158,263,361,2260,22.1,342,422,36,159450
ABprpappa:103,ABprpappa,103,27757,2757,-379,-308,1949,23.1,343,418,36,168683
ABprpappa:104,ABprpappa,104,28988,3988,1124,1134,3253,23.0,353,413,35,130750
ABprpappa:105,ABprpappa,105,27226,2226,-1066,-1188,1980,23.1,346,408,31,87035
ABprpappp:92,ABprpappp,92,27563,2563,-168,-208,2315,22.1,255,393,40,164132
ABprpappp:93,ABprpappp,93,28129,3129,352,358,3070,23.0,258,381,38,135040
ABprpappp:94,ABprpappp,94,28669,3669,1332,1320,3576,23.0,256,372,38,144254
ABprpappp:95,ABprpappp,95,27664,2664,243,235,2637,23.0,244,380,36,130361
ABprpappp:96,ABprpappp,96,27404,2404,-99,-99,2348,24.0,263,366,34,100289
ABprpappp:97,ABprpappp,97,28223,3223,754,754,3132,24.1,276,367,36,122268
ABprpappp:98,ABprpappp,98,27231,2231,-508,-515,2120,24.1,282,368,38,137431
ABprpappp:99,ABprpappp,99,28293,3293,710,718,3184,24.0,288,376,38,134111
ABprpappp:100,ABprpappp,100,28951,3951,1352,1352,3886,24.0,295,387,24,32665
ABprpappp:101,ABprpappp,101,27787,2787,-324,-308,2659,24.0,299,395,33,92183
ABprpappp:102,ABprpappp,102,27725,2725,83,83,2481,22.3,300,400,34,108037
ABprpappp:103,ABprpappp,103,28467,3467,746,772,3211,23.1,302,395,36,144654
ABprpappp:104,ABprpappp,104,27638,2638,-249,-242,2384,22.2,311,393,35,106956
ABprpappp:105,ABprpappp,105,27521,2521,-150,-170,2439,23.0,308,388,35,113121
ABprpp:30,ABprpp,30,27048,2048,-598,-621,2032,18.5,222,354,55,565625
ABprpp:31,ABprpp,31,27692,2692,78,77,2692,19.3,214,359,55,552875
ABprpp:32,ABprpp,32,27884,2884,226,202,2884,19.0,212,355,59,658446
ABprpp:33,ABprpp,33,27839,2839,123,123,2839,19.1,195,338,59,692280
ABprpp:34,ABprpp,34,27802,2802,-18,-18,2802,20.0,180,337,61,817250
ABprpp:35,ABprpp,35,27759,2759,-113,-113,2759,21.1,188,351,62,899060
ABprpp:36,ABprpp,36,27557,2557,-244,-244,2557,22.8,187,355,60,851862
ABprpp:37,ABprpp,37,27406,2406,-260,-260,2406,22.0,177,359,61,964211
ABprpp:38,ABprpp,38,27687,2687,18,18,2687,22.0,174,356,61,988832
ABprpp:39,ABprpp,39,27404,2404,-302,-302,2404,22.1,172,354,64,1152395
ABprpp:40,ABprpp,40,27861,2861,258,258,2861,22.8,172,349,60,968484
ABprpp:41,ABprpp,41,27981,2981,180,180,2981,22.9,169,347,61,943910
ABprpp:42,ABprpp,42,27889,2889,112,112,2889,22.8,171,353,62,1072974
ABprpp:43,ABprpp,43,27919,2919,-76,-76,2919,22.2,177,350,67,1247615
ABprpp:44,ABprpp,44,28046,3046,205,205,3046,21.2,167,350,63,1180939
ABprpp:45,ABprpp,45,28047,3047,432,432,3047,21.7,168,358,61,1053568
ABprpp:46,ABprpp,46,27802,2802,123,123,2802,21.0,171,365,64,1286528
ABprpp:47,ABprpp,47,28267,3267,478,478,3267,20.0,168,372,60,1168123
ABprpp:48,ABprpp,48,28161,3161,346,346,3161,19.1,158,374,62,998368
ABprpp:49,ABprpp,49,27712,2712,-214,-214,2712,18.6,173,371,57,851272
ABprppa:50,ABprppa,50,27419,2419,-575,-578,2419,17.0,180,404,41,368918
ABprppa:51,ABprppa,51,28005,3005,499,490,3005,17.1,173,407,53,615864
ABprppa:52,ABprppa,52,28222,3222,563,560,3222,17.1,170,408,53,617520
ABprppa:53,ABprppa,53,28233,3233,705,689,3233,16.9,173,413,54,715683
ABprppa:54,ABprppa,54,28115,3115,599,588,3115,17.1,173,412,54,731679
ABprppa:55,ABprppa,55,28179,3179,487,500,3179,17.9,171,409,54,771033
ABprppa:56,ABprppa,56,28308,3308,542,513,3308,17.2,162,403,54,797905
ABprppa:57,ABprppa,57,28343,3343,738,760,3342,17.8,169,407,53,740597
ABprppa:58,ABprppa,58,28408,3408,567,563,3408,17.0,167,406,53,748581
ABprppa:59,ABprppa,59,27929,2929,187,191,2929,16.9,160,401,53,754674
ABprppa:60,ABprppa,60,28754,3754,1021,1039,3753,17.1,162,398,53,721424
ABprppa:61,ABprppa,61,28317,3317,418,416,3317,18.0,161,395,54,781605
ABprppa:62,ABprppa,62,28270,3270,318,319,3270,17.0,156,388,54,791425
ABprppa:63,ABprppa,63,27569,2569,-22,-21,2569,17.2,150,379,54,651311
ABprppa:64,ABprppa,64,27630,2630,-108,-105,2630,18.0,144,375,54,626477
ABprppa:65,ABprppa,65,28508,3508,925,928,3508,17.1,135,374,56,723882
ABprppa:66,ABprppa,66,28834,3834,1075,1071,3834,17.1,136,366,54,667837
ABprppa:67,ABprppa,67,27912,2912,213,219,2912,15.9,139,368,53,609734
ABprppa:68,ABprppa,68,28515,3515,628,620,3515,15.9,142,378,50,578795
ABprppa:69,ABprppa,69,27900,2900,-16,-10,2899,16.1,141,373,47,420934
ABprppaa:70,ABprppaa,70,28163,3163,323,282,3118,16.2,155,394,35,178043
ABprppaa:71,ABprppaa,71,27212,2212,-524,-513,2203,17.0,157,395,42,249302
ABprppaa:72,ABprppaa,72,28892,3892,1377,1378,3889,17.9,154,395,42,243087
ABprppaa:73,ABprppaa,73,29347,4347,1670,1675,4346,18.9,157,394,43,269378
ABprppaa:74,ABprppaa,74,28815,3815,1310,1310,3813,18.9,152,400,44,303511
ABprppaa:75,ABprppaa,75,28751,3751,974,974,3733,18.1,163,408,44,321086
ABprppaa:76,ABprppaa,76,29426,4426,1783,1779,4340,18.0,181,415,44,318907
ABprppaa:77,ABprppaa,77,28465,3465,912,923,3338,18.0,186,419,44,331896
ABprppaa:78,ABprppaa,78,29050,4050,1020,1014,3977,17.9,196,426,43,320425
ABprppaa:79,ABprppaa,79,29110,4110,1112,1151,3962,17.1,210,430,43,320899
ABprppaa:80,ABprppaa,80,29324,4324,1294,1314,4011,17.9,221,434,44,342231
ABprppaa:81,ABprppaa,81,29000,4000,1204,1241,3627,17.0,236,438,44,359337
ABprppaa:82,ABprppaa,82,29940,4940,1767,1764,4660,17.9,247,439,44,364421
ABprppaa:83,ABprppaa,83,29804,4804,2133,2168,4689,18.0,247,442,44,357187
ABprppaa:84,ABprppaa,84,28994,3994,1077,1184,3895,17.9,256,441,44,344336
ABprppaa:85,ABprppaa,85,29441,4441,1552,1566,4402,18.0,265,441,44,350206
ABprppaa:86,ABprppaa,86,29457,4457,1781,1819,4401,18.0,280,443,44,352905
ABprppaa:87,ABprppaa,87,28584,3584,847,846,3498,18.9,289,443,44,349102
ABprppaa:88,ABprppaa,88,29507,4507,1496,1557,4425,19.0,296,445,44,355389
ABprppaa:89,ABprppaa,89,28152,3152,526,619,3105,20.0,296,445,43,323366
ABprppaa:90,ABprppaa,90,28557,3557,859,814,3518,19.1,305,446,43,253283
ABprppaa:91,ABprppaa,91,28398,3398,677,675,3348,19.0,302,445,42,262240
ABprppaa:92,ABprppaa,92,29138,4138,1624,1616,4118,19.9,298,442,40,237743
ABprppaa:93,ABprppaa,93,28038,3038,-114,-121,3006,20.1,289,441,38,229672
ABprppaa:94,ABprppaa,94,28141,3141,383,382,3064,18.1,290,437,34,178967
ABprppaaa:95,ABprppaaa,95,28425,3425,547,549,2484,18.0,314,447,36,204658
ABprppaaa:96,ABprppaaa,96,27430,2430,-652,-577,735,19.0,318,447,34,167305
ABprppaaa:97,ABprppaaa,97,28651,3651,591,590,1064,19.0,318,447,34,167305
ABprppaaa:98,ABprppaaa,98,28445,3445,426,464,2062,19.1,313,447,38,195301
ABprppaaa:99,ABprppaaa,99,28924,3924,1244,1456,2217,18.1,314,451,38,181612
ABprppaaa:100,ABprppaaa,100,28189,3189,469,517,2513,18.9,317,444,34,160340
ABprppaaa:101,ABprppaaa,101,28658,3658,1000,1246,2788,17.2,318,444,37,191899
ABprppaaa:102,ABprppaaa,102,27997,2997,10,257,2060,17.1,317,445,36,192402
ABprppaaa:103,ABprppaaa,103,28159,3159,-28,70,2751,17.9,325,447,32,149556
ABprppaaa:104,ABprppaaa,104,29088,4088,1595,1662,3629,17.1,332,449,35,167431
ABprppaaa:105,ABprppaaa,105,29146,4146,1235,1198,3822,17.0,337,454,35,179010
ABprppaap:95,ABprppaap,95,28582,3582,573,569,3414,19.2,271,429,34,128864
ABprppaap:96,ABprppaap,96,27238,2238,-337,-337,2064,22.0,273,426,34,124844
ABprppaap:97,ABprppaap,97,27564,2564,-275,-289,1666,21.1,270,419,38,163378
ABprppaap:98,ABprppaap,98,28799,3799,1087,1040,3488,21.1,261,407,38,162921
ABprppaap:99,ABprppaap,99,28295,3295,639,651,3183,22.0,260,416,38,161027
ABprppaap:100,ABprppaap,100,27129,2129,-878,-884,1950,21.0,264,416,34,120326
ABprppaap:101,ABprppaap,101,29005,4005,1351,1353,3877,21.1,268,418,37,157681
ABprppaap:102,ABprppaap,102,28792,3792,994,980,3481,19.2,268,420,36,151405
ABprppaap:103,ABprppaap,103,29426,4426,1137,1116,4243,20.0,282,423,32,138104
ABprppaap:104,ABprppaap,104,28536,3536,275,270,3192,19.1,288,428,35,150266
ABprppaap:105,ABprppaap,105,28916,3916,786,785,3519,19.0,290,432,35,161251
ABprppap:70,ABprppap,70,27032,2032,-1245,-1297,1938,15.2,133,358,35,171007
ABprppap:71,ABprppap,71,27620,2620,-554,-548,2572,15.1,125,350,40,236375
ABprppap:72,ABprppap,72,27740,2740,-268,-260,2637,15.0,125,344,42,251312
ABprppap:73,ABprppap,73,28739,3739,968,978,3475,14.1,129,339,45,274295
ABprppap:74,ABprppap,74,28720,3720,743,791,3546,14.9,125,333,44,312851
ABprppap:75,ABprppap,75,28414,3414,481,608,3049,16.0,127,337,46,356535
ABprppap:76,ABprppap,76,28449,3449,725,701,3323,17.0,126,363,44,309681
ABprppap:77,ABprppap,77,28254,3254,722,736,3032,18.0,132,365,44,329855
ABprppap:78,ABprppap,78,27985,2985,9,199,2425,17.2,144,373,45,302561
ABprppap:79,ABprppap,79,28125,3125,-10,-38,2967,18.1,156,383,45,317692
ABprppap:80,ABprppap,80,29113,4113,1328,1355,3929,18.0,163,387,44,326062
ABprppap:81,ABprppap,81,27893,2893,-12,0,2769,18.1,168,395,44,311132
ABprppap:82,ABprppap,82,28469,3469,363,410,3281,19.0,178,393,44,327873
ABprppap:83,ABprppap,83,29193,4193,1204,1197,4135,18.3,187,397,46,373221
ABprppap:84,ABprppap,84,29547,4547,1732,1740,4534,19.0,192,396,44,320955
ABprppap:85,ABprppap,85,28610,3610,573,555,3470,18.1,202,405,46,384521
ABprppap:86,ABprppap,86,29278,4278,1180,1164,4205,18.9,217,410,44,340507
ABprppap:87,ABprppap,87,29621,4621,1566,1552,4601,18.1,226,415,44,363468
ABprppap:88,ABprppap,88,29733,4733,1882,1916,4663,18.1,236,408,44,335889
ABprppap:89,ABprppap,89,29458,4458,1363,1398,4338,18.0,236,407,43,328958
ABprppap:90,ABprppap,90,28503,3503,519,546,3436,18.1,231,409,47,335648
ABprppap:91,ABprppap,91,27839,2839,-237,-176,2799,18.1,234,406,46,325307
ABprppap:92,ABprppap,92,28089,3089,-118,-119,2906,18.1,233,407,44,301476
ABprppap:93,ABprppap,93,28552,3552,370,348,3333,17.2,238,406,40,239438
ABprppap:94,ABprppap,94,28450,3450,673,673,3325,16.9,237,399,38,245938
ABprppap:95,ABprppap,95,30227,5227,2095,2095,4714,16.2,228,404,30,146143
ABprppapa:96,ABprppapa,96,27372,2372,-718,-718,2193,17.1,269,410,34,143761
ABprppapa:97,ABprppapa,97,27611,2611,-453,-521,2055,18.0,278,421,34,145922
ABprppapa:98,ABprppapa,98,28819,3819,768,789,3524,16.1,278,419,36,158039
ABprppapa:99,ABprppapa,99,29203,4203,946,963,3542,16.0,281,431,34,148393
ABprppapa:100,ABprppapa,100,30016,5016,1972,1944,3858,16.0,284,438,36,190015
ABprppapa:101,ABprppapa,101,29384,4384,1496,1505,3760,15.0,287,438,37,202255
ABprppapa:102,ABprppapa,102,30288,5288,2577,2545,4932,15.1,290,448,36,194952
ABprppapa:103,ABprppapa,103,29497,4497,1247,1245,3807,14.3,291,449,36,184632
ABprppapa:104,ABprppapa,104,29362,4362,1423,1409,3862,14.1,292,450,35,175710
ABprppapa:105,ABprppapa,105,29964,4964,1470,1478,4286,14.2,294,449,35,170563
ABprppapp:96,ABprppapp,96,28046,3046,-543,-455,2189,17.9,214,397,34,158491
ABprppapp:97,ABprppapp,97,27570,2570,-420,-320,2120,18.0,221,399,34,152487
ABprppapp:98,ABprppapp,98,28569,3569,570,568,2864,17.2,220,414,38,179738
ABprppapp:99,ABprppapp,99,29551,4551,1194,1424,3416,16.2,221,420,38,179087
ABprppapp:100,ABprppapp,100,29790,4790,1824,1908,3988,16.2,223,422,38,207363
ABprppapp:101,ABprppapp,101,29237,4237,758,1000,3589,15.2,228,407,37,181600
ABprppapp:102,ABprppapp,102,29055,4055,604,731,3456,15.2,234,412,36,202667
ABprppapp:103,ABprppapp,103,28694,3694,176,331,2958,15.1,240,413,36,206061
ABprppapp:104,ABprppapp,104,29060,4060,592,687,3777,15.0,246,413,35,169505
ABprppapp:105,ABprppapp,105,29176,4176,955,1036,3695,15.1,248,417,35,172681
ABprppp:50,ABprppp,50,27873,2873,-74,-81,2873,18.4,152,349,51,501631
ABprppp:51,ABprppp,51,27958,2958,275,269,2958,18.9,145,340,53,540829
ABprppp:52,ABprppp,52,28657,3657,593,593,3657,19.9,148,334,53,520607
ABprppp:53,ABprppp,53,28116,3116,183,183,3116,19.0,134,325,54,656881
ABprppp:54,ABprppp,54,28076,3076,121,121,3076,20.8,130,315,54,678053
ABprppp:55,ABprppp,55,27658,2658,-306,-306,2658,20.0,123,313,54,746267
ABprppp:56,ABprppp,56,28654,3654,1037,1037,3654,19.0,117,314,54,781278
ABprppp:57,ABprppp,57,28339,3339,163,162,3336,18.3,125,319,55,758275
ABprppp:58,ABprppp,58,28524,3524,843,843,3524,19.0,124,328,53,708959
ABprppp:59,ABprppp,59,28384,3384,759,759,3384,18.1,122,323,53,734042
ABprppp:60,ABprppp,60,28422,3422,790,796,3422,20.1,130,320,55,744060
ABprppp:61,ABprppp,61,28227,3227,320,335,3227,20.1,134,319,54,756707
ABprppp:62,ABprppp,62,28081,3081,24,15,3081,19.2,137,314,54,756569
ABprppp:63,ABprppp,63,28264,3264,340,325,3264,20.0,132,302,54,557633
ABprppp:64,ABprppp,64,28091,3091,382,387,3091,20.0,123,294,54,593615
ABprppp:65,ABprppp,65,28453,3453,738,734,3452,19.0,126,296,54,620512
ABprppp:66,ABprppp,66,28471,3471,481,526,3471,19.0,123,297,54,607172
ABprppp:67,ABprppp,67,27975,2975,132,130,2974,19.2,123,303,53,510425
ABprppp:68,ABprppp,68,28435,3435,811,811,3435,19.0,121,305,50,472454
ABprppp:69,ABprppp,69,27632,2632,-341,-341,2632,19.0,130,297,47,380269
ABprpppa:70,ABprpppa,70,27486,2486,-311,-311,2462,18.2,116,316,35,173279
ABprpppa:71,ABprpppa,71,27686,2686,-77,-67,2654,19.1,106,315,42,234101
ABprpppa:72,ABprpppa,72,29089,4089,1471,1479,4075,20.0,103,307,42,249302
ABprpppa:73,ABprpppa,73,28119,3119,639,634,3110,20.0,103,306,45,286649
ABprpppa:74,ABprpppa,74,28216,3216,615,627,3176,19.1,99,301,44,297469
ABprpppa:75,ABprpppa,75,29457,4457,1622,1694,4417,19.0,99,304,44,308224
ABprpppa:76,ABprpppa,76,28848,3848,1156,1214,3805,18.1,103,322,44,315543
ABprpppa:77,ABprpppa,77,28614,3614,827,882,3593,17.9,101,323,44,318643
ABprpppa:78,ABprpppa,78,29473,4473,2072,2044,4454,17.1,107,336,45,310635
ABprpppa:79,ABprpppa,79,28550,3550,836,843,3537,16.1,110,351,43,298014
ABprpppa:80,ABprpppa,80,29338,4338,1509,1513,4315,16.9,113,359,44,336040
ABprpppa:81,ABprpppa,81,29317,4317,1543,1544,4291,16.9,119,361,44,330737
ABprpppa:82,ABprpppa,82,30091,5091,2378,2358,5054,17.0,124,371,44,354980
ABprpppa:83,ABprpppa,83,30308,5308,2500,2494,5141,16.1,135,378,44,344144
ABprpppa:84,ABprpppa,84,28641,3641,817,902,3364,16.2,139,375,46,380550
ABprpppa:85,ABprpppa,85,29094,4094,1362,1260,3831,16.9,150,390,44,361397
ABprpppa:86,ABprpppa,86,28964,3964,1007,1030,3609,16.9,159,401,44,374800
ABprpppa:87,ABprpppa,87,30321,5321,2451,2493,5122,17.0,166,405,44,382540
ABprpppa:88,ABprpppa,88,29797,4797,2200,2311,4509,16.1,168,407,46,451196
ABprpppa:89,ABprpppa,89,30207,5207,2475,2649,4947,16.1,178,414,45,375338
ABprpppa:90,ABprpppa,90,29520,4520,1677,1801,4473,15.1,178,413,45,294885
ABprpppa:91,ABprpppa,91,29912,4912,2062,2069,4859,16.1,181,411,42,292408
ABprpppa:92,ABprpppa,92,29883,4883,1970,1984,4857,15.1,173,408,40,271675
ABprpppa:93,ABprpppa,93,28214,3214,-63,-103,3027,16.1,175,403,38,253806
ABprpppaa:94,ABprpppaa,94,27739,2739,-743,-743,2664,14.3,187,420,30,130051
ABprpppaa:95,ABprpppaa,95,28532,3532,438,438,3386,14.8,178,417,36,189158
ABprpppaa:96,ABprpppaa,96,28868,3868,864,888,3597,14.9,186,417,34,152031
ABprpppaa:97,ABprpppaa,97,28830,3830,800,1011,3090,15.9,185,421,34,160433
ABprpppaa:98,ABprpppaa,98,29380,4380,1372,1418,3625,15.1,186,423,36,210660
ABprpppaa:99,ABprpppaa,99,29633,4633,1413,1673,3594,15.1,195,431,38,224948
ABprpppaa:100,ABprpppaa,100,29224,4224,1227,1309,3270,14.9,192,428,34,179087
ABprpppaa:101,ABprpppaa,101,30593,5593,2519,2499,5101,14.1,199,431,37,215602
ABprpppaa:102,ABprpppaa,102,29437,4437,1613,1744,3910,14.3,206,432,34,165193
ABprpppaa:103,ABprpppaa,103,30241,5241,1938,2027,4632,15.2,210,431,36,218607
ABprpppaa:104,ABprpppaa,104,29949,4949,1337,1353,4513,15.2,212,432,35,189437
ABprpppaa:105,ABprpppaa,105,30101,5101,1926,2067,4706,15.1,219,440,35,184878
ABprpppap:94,ABprpppap,94,26750,1750,-1445,-1446,1657,16.2,151,392,34,149903
ABprpppap:95,ABprpppap,95,28527,3527,273,268,3426,16.0,140,376,36,178198
ABprpppap:96,ABprpppap,96,29357,4357,1577,1575,4313,15.1,138,378,38,196957
ABprpppap:97,ABprpppap,97,29404,4404,1246,1244,4345,15.1,138,375,36,187787
ABprpppap:98,ABprpppap,98,30055,5055,2414,2420,4978,16.0,130,379,36,182069
ABprpppap:99,ABprpppap,99,29836,4836,2203,2203,4739,16.0,133,382,34,153525
ABprpppap:100,ABprpppap,100,29014,4014,1562,1685,3837,15.1,139,380,38,202464
ABprpppap:101,ABprpppap,101,29397,4397,1492,1491,4158,15.1,146,387,35,169906
ABprpppap:102,ABprpppap,102,29286,4286,1456,1450,4041,15.2,158,398,36,206239
ABprpppap:103,ABprpppap,103,29888,4888,1677,1685,4395,16.2,165,402,36,213379
ABprpppap:104,ABprpppap,104,29238,4238,804,870,3901,16.1,172,409,35,190530
ABprpppap:105,ABprpppap,105,30426,5426,2316,2315,5024,16.3,170,409,35,180113
ABprpppp:70,ABprpppp,70,27215,2215,-621,-630,2168,18.0,132,261,39,204104
ABprpppp:71,ABprpppp,71,28669,3669,835,844,3669,19.1,133,255,42,230152
ABprpppp:72,ABprpppp,72,28225,3225,803,796,3222,20.1,140,256,46,268729
ABprpppp:73,ABprpppp,73,28505,3505,910,901,3498,20.0,151,251,47,281683
ABprpppp:74,ABprpppp,74,28088,3088,231,228,3087,22.0,148,254,44,250354
ABprpppp:75,ABprpppp,75,27874,2874,48,50,2864,23.0,153,262,46,295632
ABprpppp:76,ABprpppp,76,28416,3416,675,675,3413,23.1,146,284,46,302371
ABprpppp:77,ABprpppp,77,28612,3612,982,979,3606,23.0,139,282,44,275535
ABprpppp:78,ABprpppp,78,28295,3295,632,636,3281,22.1,141,299,47,317835
ABprpppp:79,ABprpppp,79,28061,3061,153,144,3055,23.0,140,314,47,340759
ABprpppp:80,ABprpppp,80,29006,4006,1075,1082,3996,23.0,147,329,44,291467
ABprpppp:81,ABprpppp,81,28769,3769,825,827,3725,22.1,146,334,44,271830
ABprpppp:82,ABprpppp,82,28382,3382,405,424,3370,23.0,154,338,44,294344
ABprpppp:83,ABprpppp,83,28708,3708,975,965,3708,23.0,150,342,44,283675
ABprpppp:84,ABprpppp,84,29702,4702,1723,1723,4701,22.1,153,350,46,336673
ABprpppp:85,ABprpppp,85,28864,3864,1027,1046,3770,22.0,156,360,44,305444
ABprpppp:86,ABprpppp,86,29274,4274,1338,1351,4209,22.2,165,369,48,389925
ABprpppp:87,ABprpppp,87,28154,3154,157,214,2991,22.0,168,376,44,311353
ABprpppp:88,ABprpppp,88,29767,4767,1925,1955,4694,21.0,167,373,44,333775
ABprpppp:89,ABprpppp,89,28836,3836,910,937,3806,20.1,163,369,47,372909
ABprpppp:90,ABprpppp,90,28051,3051,-52,-4,3000,19.1,164,375,47,318461
ABprpppp:91,ABprpppp,91,28447,3447,368,393,3276,19.0,160,376,42,271784
ABprpppp:92,ABprpppp,92,27906,2906,-478,-478,2905,19.9,150,365,40,237446
ABprppppa:93,ABprppppa,93,27483,2483,-524,-549,1700,20.1,175,392,38,199980
ABprppppa:94,ABprppppa,94,27823,2823,-155,-135,2753,20.9,183,392,38,178803
ABprppppa:95,ABprppppa,95,28651,3651,492,501,3463,20.0,176,390,38,168856
ABprppppa:96,ABprppppa,96,29925,4925,1882,1950,4265,20.0,185,404,38,178126
ABprppppa:97,ABprppppa,97,29675,4675,1570,1674,3440,19.1,183,411,36,173425
ABprppppa:98,ABprppppa,98,29123,4123,1226,1250,3526,20.2,183,412,38,195508
ABprppppa:99,ABprppppa,99,30666,5666,2548,2546,5269,20.1,186,415,38,214772
ABprppppa:100,ABprppppa,100,29132,4132,995,1051,3017,19.1,195,420,38,199771
ABprppppa:101,ABprppppa,101,29608,4608,1371,1438,3415,19.1,201,428,37,201399
ABprppppa:102,ABprppppa,102,29143,4143,1016,1016,3731,20.1,214,429,34,163668
ABprppppa:103,ABprppppa,103,30180,5180,2170,2169,4413,20.2,224,430,36,203015
ABprppppa:104,ABprppppa,104,28884,3884,932,932,3384,20.1,234,434,35,160161
ABprppppa:105,ABprppppa,105,29027,4027,1002,1002,3375,20.2,237,434,35,162937
ABprppppp:93,ABprppppp,93,28466,3466,466,466,3394,20.0,135,346,34,139166
ABprppppp:94,ABprppppp,94,28426,3426,511,511,3362,21.0,140,348,38,175412
ABprppppp:95,ABprppppp,95,28690,3690,626,616,3495,20.2,134,337,38,142201
ABprppppp:96,ABprppppp,96,28910,3910,823,826,3869,21.0,139,342,38,163058
ABprppppp:97,ABprppppp,97,28232,3232,280,280,3142,22.1,152,351,38,147053
ABprppppp:98,ABprppppp,98,28745,3745,754,755,3691,22.3,160,352,36,109496
ABprppppp:99,ABprppppp,99,28597,3597,545,545,3575,23.1,177,362,38,133987
ABprppppp:100,ABprppppp,100,27824,2824,196,196,2804,23.1,183,375,38,148917
ABprppppp:101,ABprppppp,101,28212,3212,399,399,3161,23.0,204,387,37,138374
ABprppppp:102,ABprppppp,102,28683,3683,637,637,3637,24.1,218,386,34,113629
ABprppppp:103,ABprppppp,103,29047,4047,894,887,3815,23.2,238,387,36,133463
ABprppppp:104,ABprppppp,104,29028,4028,1261,1261,3762,23.1,253,386,35,124108
ABprppppp:105,ABprppppp,105,28790,3790,549,549,3670,24.0,253,388,35,130470
EMS:1,EMS,1,27563,2563,-561,-587,27563,14.2,288,235,54,340669
EMS:2,EMS,2,27786,2786,-651,-651,27786,13.6,306,233,56,724193
EMS:3,EMS,3,28212,3212,-147,-147,28212,14.6,336,225,86,1897354
EMS:4,EMS,4,27648,2648,-882,-882,27648,14.8,347,202,86,2014887
EMS:5,EMS,5,28249,3249,-217,-217,28249,15.3,347,189,86,2199626
EMS:6,EMS,6,27950,2950,-324,-324,27950,16.0,333,175,87,2449708
EMS:7,EMS,7,27952,2952,-276,-276,27952,16.5,350,168,87,2652292
EMS:8,EMS,8,27892,2892,-384,-384,2892,17.0,372,172,89,3111468
EMS:9,EMS,9,27628,2628,-747,-747,2628,15.9,368,191,73,1313418
EMS:10,EMS,10,27867,2867,109,109,2867,17.0,365,197,50,720616
MS:11,MS,11,27536,2536,-590,-590,27536,17.2,401,196,39,321206
MS:12,MS,12,27683,2683,-346,-350,2683,17.0,402,189,74,1147277
MS:13,MS,13,28138,3138,21,21,3138,18.9,411,177,76,1305927
MS:14,MS,14,28358,3358,241,241,3358,20.8,425,183,77,1340062
MS:15,MS,15,27812,2812,-294,-294,2812,21.4,435,203,78,1386126
MS:16,MS,16,28024,3024,-156,-156,3024,20.4,441,223,78,1401755
MS:17,MS,17,27597,2597,-162,-162,2597,20.7,435,248,83,1739680
MS:18,MS,18,27742,2742,-112,-112,2742,21.2,459,248,80,1802990
MS:19,MS,19,27699,2699,-236,-236,2699,21.5,443,212,82,2183107
MS:20,MS,20,27696,2696,-246,-245,2696,20.1,419,240,83,2214472
MS:21,MS,21,27811,2811,-99,-99,2811,21.0,431,232,75,1077946
MS:22,MS,22,26830,1830,-963,-963,1830,19.2,422,242,55,656834
MSa:23,MSa,23,27462,2462,-662,-695,2462,18.1,472,230,73,914848
MSa:24,MSa,24,27707,2707,-272,-283,2707,17.9,484,219,71,893126
MSa:25,MSa,25,27844,2844,-226,-231,2844,18.4,492,223,68,878083
MSa:26,MSa,26,27696,2696,-348,-348,2696,18.4,510,235,70,966592
MSa:27,MSa,27,27687,2687,-347,-347,2687,19.8,514,225,66,933917
MSa:28,MSa,28,27842,2842,-52,-52,2842,20.8,502,220,65,952301
MSa:29,MSa,29,27721,2721,-183,-183,2721,20.6,488,223,71,1327201
MSa:30,MSa,30,27645,2645,-229,-229,2645,20.4,497,219,67,1225823
MSa:31,MSa,31,27463,2463,-355,-355,2463,20.3,528,227,63,1054736
MSa:32,MSa,32,27696,2696,-268,-268,2696,20.0,527,234,61,1055454
MSa:33,MSa,33,27713,2713,-217,-217,2713,20.1,526,237,63,1160528
MSa:34,MSa,34,27823,2823,-50,-50,2823,20.1,522,230,65,1350453
MSa:35,MSa,35,27277,2277,-648,-648,2277,20.0,521,225,66,1439563
MSa:36,MSa,36,27044,2044,-808,-808,2044,18.8,527,222,60,948357
MSaa:37,MSaa,37,27840,2840,-189,-254,2810,19.6,558,230,59,675402
MSaa:38,MSaa,38,28272,3272,-67,-69,3271,19.8,562,219,59,640474
MSaa:39,MSaa,39,27793,2793,-378,-392,2793,19.0,566,223,60,714217
MSaa:40,MSaa,40,28000,3000,-149,-152,3000,20.1,566,225,64,834939
MSaa:41,MSaa,41,28110,3110,96,96,3110,21.1,571,240,63,780012
MSaa:42,MSaa,42,28226,3226,33,33,3226,21.9,575,242,62,863598
MSaa:43,MSaa,43,27653,2653,-283,-283,2653,21.0,575,244,61,909627
MSaa:44,MSaa,44,27930,2930,-133,-133,2930,21.8,574,243,61,904210
MSaa:45,MSaa,45,27885,2885,-199,-199,2885,21.8,566,234,61,937898
MSaa:46,MSaa,46,28021,3021,158,158,3021,21.2,568,239,62,999906
MSaa:47,MSaa,47,27779,2779,-117,-117,2779,21.2,563,251,64,1159719
MSaa:48,MSaa,48,27938,2938,-166,-166,2938,21.0,559,251,62,1075089
MSaa:49,MSaa,49,28053,3053,26,31,3053,20.2,538,237,63,1017682
MSaa:50,MSaa,50,27730,2730,-91,-91,2730,21.1,526,232,59,868801
MSaa:51,MSaa,51,28232,3232,397,397,3232,20.2,524,236,59,870815
MSaa:52,MSaa,52,27950,2950,163,179,2950,20.2,525,244,59,863453
MSaa:53,MSaa,53,27820,2820,-25,-25,2820,20.1,528,249,60,947513
MSaa:54,MSaa,54,27285,2285,-649,-649,2285,19.3,535,242,50,560521
MSaaa:55,MSaaa,55,28104,3104,638,638,3104,18.3,569,251,34,199506
MSaaa:56,MSaaa,56,28170,3170,185,165,3170,20.0,588,254,54,544412
MSaaa:57,MSaaa,57,28604,3604,659,662,3604,20.1,592,251,53,483346
MSaaa:58,MSaaa,58,28325,3325,425,425,3325,21.1,594,251,55,570163
MSaaa:59,MSaaa,59,27970,2970,153,142,2968,21.0,602,248,57,652562
MSaaa:60,MSaaa,60,28630,3630,579,592,3627,21.0,599,253,53,574865
MSaaa:61,MSaaa,61,28425,3425,479,486,3423,20.9,595,256,54,634406
MSaaa:62,MSaaa,62,28264,3264,340,370,3259,20.1,593,257,54,643728
MSaaa:63,MSaaa,63,28417,3417,692,679,3416,21.0,593,259,54,520030
MSaaa:64,MSaaa,64,27941,2941,-77,-71,2941,20.1,584,254,56,545975
MSaaa:65,MSaaa,65,27853,2853,-103,-88,2853,21.1,588,259,54,480246
MSaaa:66,MSaaa,66,27932,2932,-24,-30,2932,21.1,583,267,58,555702
MSaaa:67,MSaaa,67,27809,2809,-173,-184,2809,21.2,572,259,57,559665
MSaaa:68,MSaaa,68,28684,3684,593,593,3684,22.1,569,261,52,454669
MSaaa:69,MSaaa,69,28844,3844,1190,1193,3844,21.0,564,269,51,377149
MSaaa:70,MSaaa,70,28513,3513,949,941,3513,20.2,570,264,47,294972
MSaaa:71,MSaaa,71,29039,4039,1253,1242,4039,20.1,565,267,46,325484
MSaaa:72,MSaaa,72,28597,3597,906,912,3591,20.1,579,274,46,350885
MSaaa:73,MSaaa,73,28449,3449,716,723,3434,19.1,583,278,47,361180
MSaaa:74,MSaaa,74,28074,3074,128,128,3070,19.1,573,282,46,350892
MSaaa:75,MSaaa,75,27384,2384,-562,-562,2383,20.1,574,290,44,290986
MSaaa:76,MSaaa,76,27798,2798,4,4,2798,20.1,583,278,36,258939
MSaaaa:77,MSaaaa,77,27270,2270,-821,-821,2264,18.3,635,292,34,157736
MSaaaa:78,MSaaaa,78,28430,3430,804,814,3421,19.0,635,295,43,227232
MSaaaa:79,MSaaaa,79,28701,3701,1126,1140,3692,18.3,639,288,47,269259
MSaaaa:80,MSaaaa,80,28806,3806,1031,1013,3775,18.2,647,292,48,327623
MSaaaa:81,MSaaaa,81,28628,3628,618,597,3589,18.2,649,298,48,342625
MSaaaa:82,MSaaaa,82,29180,4180,1295,1268,4157,18.9,642,301,44,270805
MSaaaa:83,MSaaaa,83,29346,4346,1307,1311,4328,18.0,637,306,44,285436
MSaaaa:84,MSaaaa,84,28723,3723,753,754,3655,17.2,635,310,48,367144
MSaaaa:85,MSaaaa,85,29230,4230,1060,1086,4158,18.1,636,309,46,349523
MSaaaa:86,MSaaaa,86,29223,4223,1416,1417,4199,17.2,638,305,46,343695
MSaaaa:87,MSaaaa,87,28654,3654,295,295,3621,17.1,640,314,46,345534
MSaaaa:88,MSaaaa,88,29360,4360,1354,1331,4330,17.0,635,314,46,354787
MSaaaa:89,MSaaaa,89,29000,4000,817,796,3954,16.1,629,317,47,371039
MSaaaa:90,MSaaaa,90,29888,4888,1798,1803,4839,16.0,626,314,45,242319
MSaaaa:91,MSaaaa,91,29254,4254,1045,1045,4233,15.1,628,310,46,294473
MSaaaa:92,MSaaaa,92,29309,4309,1302,1313,3973,15.0,632,309,44,239735
MSaaaa:93,MSaaaa,93,29662,4662,1444,1444,4275,15.0,631,313,42,216401
MSaaaa:94,MSaaaa,94,29628,4628,1525,1525,4327,14.1,632,317,42,246243
MSaaaa:95,MSaaaa,95,28734,3734,478,517,3137,13.3,622,324,38,186913
MSaaaa:96,MSaaaa,96,28150,3150,-184,-184,3033,14.9,623,320,34,140086
MSaaaa:97,MSaaaa,97,29147,4147,1039,1039,4065,14.2,611,319,38,185567
MSaaaa:98,MSaaaa,98,28720,3720,269,269,3642,14.8,614,319,34,159284
MSaaaaa:99,MSaaaaa,99,27575,2575,-380,-392,2432,15.9,626,338,34,133490
MSaaaaa:100,MSaaaaa,100,28936,3936,1084,1080,3717,15.1,631,336,38,169579
MSaaaaa:101,MSaaaaa,101,30031,5031,1894,1894,4473,14.2,635,334,37,144647
MSaaaaa:102,MSaaaaa,102,28607,3607,365,361,2887,14.2,644,339,36,140467
MSaaaaa:103,MSaaaaa,103,29855,4855,1564,1564,4431,13.3,639,338,34,109943
MSaaaaa:104,MSaaaaa,104,28494,3494,358,380,3156,14.0,637,339,35,121952
MSaaaaa:105,MSaaaaa,105,29171,4171,901,900,3928,14.0,630,345,35,137539
MSaaaap:99,MSaaaap,99,27629,2629,-447,-428,2472,12.9,584,294,34,138133
MSaaaap:100,MSaaaap,100,29111,4111,647,645,3737,12.0,579,292,34,131951
MSaaaap:101,MSaaaap,101,29981,4981,1499,1567,4223,11.1,577,288,35,121992
MSaaaap:102,MSaaaap,102,28417,3417,97,105,2618,11.2,568,288,34,117131
MSaaaap:103,MSaaaap,103,28886,3886,411,425,2976,11.2,569,290,36,142801
MSaaaap:104,MSaaaap,104,28136,3136,68,63,2673,11.2,574,289,35,121984
MSaaaap:105,MSaaaap,105,29821,4821,1602,1613,4406,11.2,581,295,35,127721
MSaaap:77,MSaaap,77,26966,1966,-553,-553,1957,19.1,565,277,36,168557
MSaaap:78,MSaaap,78,28056,3056,387,375,3055,20.1,570,272,43,204148
MSaaap:79,MSaaap,79,27754,2754,35,-10,2705,20.1,566,273,45,225731
MSaaap:80,MSaaap,80,28100,3100,597,583,3031,19.3,563,270,46,249534
MSaaap:81,MSaaap,81,29078,4078,1260,1245,3976,20.0,555,274,44,229510
MSaaap:82,MSaaap,82,27629,2629,-34,-61,2510,18.1,551,279,48,319033
MSaaap:83,MSaaap,83,27280,2280,-502,-654,1996,18.1,553,283,31,102126
MSaaap:84,MSaaap,84,28051,3051,396,401,3003,18.0,553,297,48,318198
MSaaap:85,MSaaap,85,28250,3250,332,360,3219,18.1,555,295,46,277041
MSaaap:86,MSaaap,86,28069,3069,455,463,2936,19.0,550,287,48,334107
MSaaap:87,MSaaap,87,27707,2707,-118,-110,2659,18.1,550,291,46,265014
MSaaap:88,MSaaap,88,28119,3119,326,326,3036,18.2,552,292,48,315995
MSaaap:89,MSaaap,89,28766,3766,1131,1176,3671,18.1,555,284,47,300859
MSaaap:90,MSaaap,90,28158,3158,115,140,3103,17.2,558,279,47,232410
MSaaap:91,MSaaap,91,28233,3233,217,187,3101,17.2,555,278,44,210126
MSaaap:92,MSaaap,92,28219,3219,427,425,3073,17.2,554,284,44,199630
MSaaap:93,MSaaap,93,28694,3694,769,772,3642,17.1,549,293,40,175347
MSaaap:94,MSaaap,94,28578,3578,713,715,3388,17.0,537,291,42,187780
MSaaap:95,MSaaap,95,28652,3652,835,847,3553,18.0,525,300,40,160086
MSaaap:96,MSaaap,96,27340,2340,-737,-737,2315,18.0,518,301,38,165586
MSaaap:97,MSaaap,97,28432,3432,386,370,3401,16.2,507,306,38,156545
MSaaap:98,MSaaap,98,28476,3476,414,411,3430,17.0,508,305,38,186899
MSaaap:99,MSaaap,99,27508,2508,-229,-223,2474,16.1,515,315,36,178320
MSaaap:100,MSaaap,100,27842,2842,-49,-49,2801,15.9,518,302,34,154922
MSaaapa:101,MSaaapa,101,28723,3723,463,463,3695,17.0,547,317,33,111885
MSaaapa:102,MSaaapa,102,27703,2703,-163,-163,2654,16.9,553,314,32,94180
MSaaapa:103,MSaaapa,103,29735,4735,1626,1626,4705,17.1,550,317,32,86870
MSaaapa:104,MSaaapa,104,28498,3498,585,585,3475,17.1,554,310,35,110785
MSaaapa:105,MSaaapa,105,29486,4486,1041,1041,4254,16.0,559,307,35,118289
MSaaapp:101,MSaaapp,101,27682,2682,-362,-355,2409,15.1,499,292,33,126448
MSaaapp:102,MSaaapp,102,28161,3161,107,107,2866,15.9,495,285,32,119391
MSaaapp:103,MSaaapp,103,29184,4184,1298,1298,4061,16.0,493,278,32,117995
MSaaapp:104,MSaaapp,104,28762,3762,232,295,2513,15.2,486,281,35,127424
MSaaapp:105,MSaaapp,105,29375,4375,468,561,2777,15.1,478,280,31,111568
MSaap:55,MSaap,55,27863,2863,35,33,2863,20.2,509,229,52,456079
MSaap:56,MSaap,56,27812,2812,84,86,2812,21.1,517,234,54,463278
MSaap:57,MSaap,57,27550,2550,-251,-263,2550,21.1,509,233,55,465504
MSaap:58,MSaap,58,27693,2693,-83,-93,2692,22.0,494,227,53,461274
MSaap:59,MSaap,59,27917,2917,37,36,2912,22.3,490,222,55,485781
MSaap:60,MSaap,60,28490,3490,850,849,3489,23.0,482,227,53,490295
MSaap:61,MSaap,61,28203,3203,581,595,3182,22.2,480,222,54,542191
MSaap:62,MSaap,62,28560,3560,450,448,3558,23.0,483,229,54,525215
MSaap:63,MSaap,63,27469,2469,-281,-288,2464,21.1,484,233,54,421556
MSaap:64,MSaap,64,27634,2634,-63,-63,2634,21.9,480,233,54,415018
MSaap:65,MSaap,65,27637,2637,-89,-105,2637,22.1,482,232,54,416033
MSaap:66,MSaap,66,27614,2614,-195,-177,2614,23.0,479,230,54,405553
MSaap:67,MSaap,67,27968,2968,347,346,2968,23.0,479,234,53,391161
MSaap:68,MSaap,68,27633,2633,23,33,2633,22.1,478,231,52,404542
MSaap:69,MSaap,69,27836,2836,344,344,2836,22.1,476,238,51,351329
MSaap:70,MSaap,70,28077,3077,451,451,3077,22.0,484,238,47,269893
MSaap:71,MSaap,71,27811,2811,-42,-42,2811,22.1,484,234,46,289046
MSaap:72,MSaap,72,28008,3008,163,163,3007,21.1,489,244,46,309089
MSaap:73,MSaap,73,28009,3009,321,321,3009,21.1,491,252,47,307910
MSaap:74,MSaap,74,27380,2380,-547,-547,2380,20.1,489,252,36,196653
MSaap:75,MSaap,75,27875,2875,-103,-103,2872,19.2,478,254,48,291169
MSaapa:76,MSaapa,76,27845,2845,-96,-96,2818,21.1,518,257,36,165073
MSaapa:77,MSaapa,77,27877,2877,400,399,2861,21.9,510,260,44,183686
MSaapa:78,MSaapa,78,28060,3060,622,626,3021,21.1,510,259,43,180472
MSaapa:79,MSaapa,79,27862,2862,257,278,2849,21.0,516,269,43,179000
MSaapa:80,MSaapa,80,27750,2750,78,101,2741,22.0,512,271,44,201023
MSaapa:81,MSaapa,81,27512,2512,-215,-103,2366,22.0,519,287,44,187955
MSaapa:82,MSaapa,82,27559,2559,-91,-56,2467,22.0,524,286,44,213936
MSaapa:83,MSaapa,83,28077,3077,371,341,2709,21.1,532,286,48,301622
MSaapa:84,MSaapa,84,27620,2620,239,239,2362,23.0,536,289,31,88819
MSaapa:85,MSaapa,85,27091,2091,-348,-350,1881,23.0,541,278,44,219512
MSaapa:86,MSaapa,86,29252,4252,2061,2041,3950,23.0,540,265,31,89280
MSaapa:87,MSaapa,87,27780,2780,90,181,2522,22.0,530,259,48,310671
MSaapa:88,MSaapa,88,27944,2944,72,36,2678,22.1,541,265,48,301679
MSaapa:89,MSaapa,89,28550,3550,721,672,2744,21.0,534,257,30,100175
MSaapa:90,MSaapa,90,28142,3142,-329,-39,2302,21.0,534,257,30,100175
MSaapa:91,MSaapa,91,27607,2607,-520,-504,2088,23.0,515,233,42,174585
MSaapa:92,MSaapa,92,27951,2951,98,301,1301,21.1,507,241,42,170151
MSaapa:93,MSaapa,93,28379,3379,705,755,2988,22.0,502,241,38,132765
MSaapa:94,MSaapa,94,27722,2722,-677,-677,2685,24.0,496,242,38,133773
MSaapa:95,MSaapa,95,28029,3029,434,436,2893,22.2,485,250,40,161549
MSaapa:96,MSaapa,96,27882,2882,57,57,2832,22.1,484,255,38,149080
MSaapa:97,MSaapa,97,27933,2933,303,303,2917,22.0,481,261,34,121670
MSaapa:98,MSaapa,98,28021,3021,442,442,3017,22.0,478,255,34,127102
MSaapaa:99,MSaapaa,99,28373,3373,731,711,3320,22.0,506,267,34,104263
MSaapaa:100,MSaapaa,100,28174,3174,552,552,3059,21.0,506,275,24,30171
MSaapaa:101,MSaapaa,101,27898,2898,-96,-96,2727,21.0,494,280,24,29010
MSaapaa:102,MSaapaa,102,27109,2109,-798,-798,1938,20.8,495,281,25,29010
MSaapaa:103,MSaapaa,103,28685,3685,1182,1182,3514,20.6,496,283,26,29010
MSaapaa:104,MSaapaa,104,28737,3737,941,941,3566,20.4,497,284,28,29010
MSaapaa:105,MSaapaa,105,29283,4283,1523,1523,4112,20.2,498,286,29,29010
MSaapap:99,MSaapap,99,27819,2819,-192,-154,2619,20.9,446,254,34,104100
MSaapap:100,MSaapap,100,27278,2278,-393,-398,2090,20.1,444,262,34,98877
MSaapap:101,MSaapap,101,27833,2833,364,389,2675,20.1,441,268,33,86588
MSaapap:102,MSaapap,102,27107,2107,-681,-637,1884,21.1,438,271,32,87485
MSaapap:103,MSaapap,103,27561,2561,-153,-57,2064,20.2,439,264,34,103209
MSaapap:104,MSaapap,104,28784,3784,1125,1117,3628,22.0,445,269,31,72769
MSaapap:105,MSaapap,105,27375,2375,-88,-88,2334,23.0,446,269,31,77219
MSaapp:76,MSaapp,76,27902,2902,480,480,2898,21.1,453,261,32,121409
MSaapp:77,MSaapp,77,27414,2414,-266,-268,2384,21.1,444,269,44,178464
MSaapp:78,MSaapp,78,27648,2648,-229,-223,2535,21.1,423,271,43,179051
MSaapp:79,MSaapp,79,27939,2939,315,357,2913,22.0,427,281,43,163434
MSaapp:80,MSaapp,80,27245,2245,-466,-443,2226,22.0,427,273,44,173338
MSaapp:81,MSaapp,81,29201,4201,1917,1917,4195,22.2,440,279,31,73106
MSaapp:82,MSaapp,82,27348,2348,-242,-249,2331,23.1,437,276,44,187118
MSaapp:83,MSaapp,83,27442,2442,-291,-291,2429,23.0,444,282,29,63088
MSaapp:84,MSaapp,84,27516,2516,-52,-38,2508,23.1,446,279,44,192950
MSaapp:85,MSaapp,85,28231,3231,940,986,3163,23.1,440,267,44,193123
MSaapp:86,MSaapp,86,28736,3736,1098,1121,3546,23.1,439,261,44,199903
MSaapp:87,MSaapp,87,27231,2231,-187,-188,1977,23.1,439,255,44,208360
MSaapp:88,MSaapp,88,27779,2779,69,114,2648,23.0,445,257,44,213325
MSaapp:89,MSaapp,89,27629,2629,55,92,2026,23.1,436,257,47,272848
MSaapp:90,MSaapp,90,27480,2480,-310,-208,1437,22.1,430,252,45,190158
MSaapp:91,MSaapp,91,27623,2623,-118,19,1371,23.0,426,256,42,181471
MSaapp:92,MSaapp,92,27494,2494,-318,-253,1347,23.0,426,256,42,181471
MSaapp:93,MSaapp,93,27634,2634,-128,-24,1317,23.0,425,258,42,176582
MSaapp:94,MSaapp,94,27687,2687,94,146,2150,23.1,420,259,42,174712
MSaapp:95,MSaapp,95,28125,3125,498,577,2660,22.0,418,260,40,153226
MSaapp:96,MSaapp,96,28423,3423,616,629,3259,23.0,415,261,38,130327
MSaapp:97,MSaapp,97,28985,3985,1111,1110,3748,23.0,408,258,38,138312
MSaapp:98,MSaapp,98,28327,3327,338,338,3248,22.0,407,265,38,149741
MSaapp:99,MSaapp,99,28029,3029,253,264,2916,22.1,402,267,38,136758
MSaapp:100,MSaapp,100,27134,2134,-707,-707,2050,23.1,393,273,36,127189
MSaapp:101,MSaapp,101,28380,3380,720,739,3247,22.1,400,271,35,107347
MSaapp:102,MSaapp,102,28079,3079,364,368,2941,23.1,404,271,36,148195
MSaapp:103,MSaapp,103,28512,3512,768,711,3203,22.1,408,264,36,138334
MSaapp:104,MSaapp,104,27314,2314,-403,-417,1648,23.2,398,272,35,122037
MSaapp:105,MSaapp,105,27175,2175,-427,-427,1624,22.0,395,267,31,115150
MSap:37,MSap,37,27485,2485,-722,-747,2467,16.6,516,217,59,672852
MSap:38,MSap,38,27875,2875,-394,-400,2874,15.5,508,198,59,662938
MSap:39,MSap,39,27987,2987,-123,-128,2987,14.7,499,203,60,700614
MSap:40,MSap,40,28471,3471,209,209,3471,14.9,492,202,60,788348
MSap:41,MSap,41,27793,2793,-430,-435,2792,16.8,485,184,61,826566
MSap:42,MSap,42,28326,3326,245,247,3322,16.9,479,175,62,1012143
MSap:43,MSap,43,28042,3042,15,9,3039,16.9,476,172,61,1009764
MSap:44,MSap,44,28228,3228,22,17,3222,16.9,470,166,61,1068132
MSap:45,MSap,45,28193,3193,31,29,3189,16.9,467,165,61,1113271
MSap:46,MSap,46,27622,2622,-636,-636,2622,17.8,468,170,60,1069663
MSap:47,MSap,47,28506,3506,544,544,3506,19.0,464,175,60,1066810
MSap:48,MSap,48,27928,2928,-73,-73,2928,19.8,460,178,60,1055772
MSap:49,MSap,49,27933,2933,25,25,2933,18.9,452,172,57,947799
MSap:50,MSap,50,28087,3087,-98,-102,3081,17.3,432,171,55,829484
MSap:51,MSap,51,28046,3046,-16,-17,3033,18.1,423,166,59,1037436
MSap:52,MSap,52,27861,2861,-175,-175,2859,19.1,427,169,59,1029821
MSap:53,MSap,53,28180,3180,150,150,3180,19.1,437,172,58,1042779
MSap:54,MSap,54,27914,2914,-271,-271,2914,18.8,446,175,54,873812
MSap:55,MSap,55,28053,3053,-16,-18,3053,18.1,450,178,54,742092
MSap:56,MSap,56,27225,2225,-507,-507,2225,16.2,448,186,38,378296
MSapa:57,MSapa,57,27429,2429,-1191,-1191,2428,14.2,482,179,35,231374
MSapa:58,MSapa,58,28667,3667,810,805,3667,15.0,481,176,53,552798
MSapa:59,MSapa,59,28178,3178,32,22,3178,16.0,483,178,53,531950
MSapa:60,MSapa,60,28142,3142,86,69,3134,16.1,493,178,53,585747
MSapa:61,MSapa,61,28715,3715,608,698,3701,16.1,495,188,54,667534
MSapa:62,MSapa,62,28306,3306,77,62,3295,17.0,495,179,54,702693
MSapa:63,MSapa,63,28046,3046,-216,-274,3035,17.8,486,179,54,543996
MSapa:64,MSapa,64,28220,3220,153,145,3212,18.0,487,174,54,574262
MSapa:65,MSapa,65,28578,3578,683,684,3578,18.9,483,171,54,563529
MSapa:66,MSapa,66,28158,3158,446,443,3158,20.0,477,170,54,566427
MSapa:67,MSapa,67,27989,2989,-47,-45,2989,19.0,470,173,53,524613
MSapa:68,MSapa,68,28525,3525,593,605,3522,19.1,476,165,54,565420
MSapa:69,MSapa,69,28260,3260,451,431,3239,18.3,465,169,49,357391
MSapa:70,MSapa,70,27901,2901,-77,-77,2900,20.0,459,170,47,359304
MSapa:71,MSapa,71,28148,3148,74,67,3096,18.2,465,167,46,343301
MSapa:72,MSapa,72,27935,2935,-47,-50,2926,20.0,464,173,46,365276
MSapa:73,MSapa,73,28439,3439,685,702,3404,19.0,469,180,47,352860
MSapa:74,MSapa,74,29060,4060,1295,1299,4017,19.1,470,175,48,407634
MSapa:75,MSapa,75,29014,4014,1106,1129,3876,18.2,475,174,48,449730
MSapa:76,MSapa,76,28234,3234,13,18,3194,19.1,466,190,46,385720
MSapa:77,MSapa,77,28766,3766,815,815,3752,20.0,464,194,44,301103
MSapa:78,MSapa,78,27068,2068,-711,-711,2060,20.0,455,200,35,205883
MSapaa:79,MSapaa,79,28449,3449,541,541,3312,19.2,487,211,35,152940
MSapaa:80,MSapaa,80,29097,4097,1599,1617,4032,19.2,490,207,38,182337
MSapaa:81,MSapaa,81,28408,3408,635,652,3350,20.1,497,202,44,234658
MSapaa:82,MSapaa,82,27878,2878,272,280,2869,21.0,505,204,44,229930
MSapaa:83,MSapaa,83,28041,3041,607,606,2926,20.0,508,215,44,245777
MSapaa:84,MSapaa,84,29043,4043,992,999,3332,18.1,507,235,46,296962
MSapaa:85,MSapaa,85,29020,4020,1295,1329,3459,18.1,507,235,46,296962
MSapaa:86,MSapaa,86,28401,3401,613,595,2994,18.0,506,243,44,235611
MSapaa:87,MSapaa,87,28369,3369,516,562,2680,18.2,510,245,48,323591
MSapaa:88,MSapaa,88,27772,2772,-203,-198,2492,19.0,513,259,46,294087
MSapaa:89,MSapaa,89,27973,2973,-86,33,2203,19.1,516,255,47,296373
MSapaa:90,MSapaa,90,28454,3454,362,327,2764,19.0,516,247,47,269493
MSapaa:91,MSapaa,91,28070,3070,227,248,2838,18.0,515,240,44,220788
MSapaa:92,MSapaa,92,29262,4262,1407,1342,3828,18.0,515,239,44,209241
MSapaa:93,MSapaa,93,28476,3476,636,699,3092,17.1,515,243,42,201836
MSapaa:94,MSapaa,94,28079,3079,248,310,2678,17.0,519,238,40,184517
MSapaa:95,MSapaa,95,28360,3360,143,141,3238,17.1,510,241,40,186582
MSapaa:96,MSapaa,96,28724,3724,761,775,3642,16.1,512,242,38,169452
MSapaa:97,MSapaa,97,29298,4298,1412,1412,4181,16.0,520,241,36,162845
MSapaa:98,MSapaa,98,27949,2949,-78,-78,2822,16.1,520,230,38,179563
MSapaa:99,MSapaa,99,29270,4270,1121,1129,3715,17.0,514,221,38,184743
MSapaa:100,MSapaa,100,28423,3423,300,305,3128,17.0,515,219,38,191357
MSapaa:101,MSapaa,101,28286,3286,192,189,3037,17.0,509,225,37,173532
MSapaa:102,MSapaa,102,29547,4547,1351,1351,4090,17.2,515,223,36,173661
MSapaa:103,MSapaa,103,28025,3025,-337,-337,2835,18.8,524,228,32,141597
MSapaaa:104,MSapaaa,104,28804,3804,706,771,3157,19.0,552,229,33,120091
MSapaaa:105,MSapaaa,105,27637,2637,-306,-247,1334,19.0,557,232,31,102755
MSapaap:104,MSapaap,104,27427,2427,-890,-890,2276,18.0,494,233,31,104994
MSapaap:105,MSapaap,105,27741,2741,-51,-51,2630,18.0,493,235,31,92976
MSapap:79,MSapap,79,27310,2310,-417,-482,2260,20.3,429,202,35,142777
MSapap:80,MSapap,80,28354,3354,645,660,3296,20.2,425,204,40,185489
MSapap:81,MSapap,81,27805,2805,95,77,2742,20.9,425,211,44,222276
MSapap:82,MSapap,82,28423,3423,661,648,3406,19.0,423,211,46,249254
MSapap:83,MSapap,83,28224,3224,440,427,3214,19.0,432,217,44,209659
MSapap:84,MSapap,84,28005,3005,249,222,2950,18.0,436,219,44,232672
MSapap:85,MSapap,85,29243,4243,1221,1205,4207,17.0,438,225,44,242942
MSapap:86,MSapap,86,28662,3662,925,873,3626,16.2,435,224,46,287353
MSapap:87,MSapap,87,28666,3666,960,844,3474,16.9,441,222,44,266614
MSapap:88,MSapap,88,28210,3210,185,124,3166,17.0,458,218,44,256842
MSapap:89,MSapap,89,29031,4031,867,849,4007,17.1,462,217,43,235964
MSapap:90,MSapap,90,28386,3386,406,361,3338,17.0,460,219,43,187676
MSapap:91,MSapap,91,28769,3769,714,700,3681,16.1,453,220,44,213870
MSapap:92,MSapap,92,29367,4367,1429,1459,4237,16.1,450,219,42,187562
MSapap:93,MSapap,93,29430,4430,1144,1152,4267,16.0,450,216,42,207828
MSapap:94,MSapap,94,29577,4577,1623,1605,4349,16.1,449,218,42,222833
MSapap:95,MSapap,95,29351,4351,845,854,4201,16.1,450,219,40,186187
MSapap:96,MSapap,96,29773,4773,1754,1756,4732,15.1,450,212,38,173506
MSapap:97,MSapap,97,29284,4284,1162,1129,4201,16.0,449,210,38,185820
MSapap:98,MSapap,98,29306,4306,678,610,4177,15.0,452,217,38,178050
MSapap:99,MSapap,99,30581,5581,1751,1740,5363,15.0,445,208,36,172100
MSapap:100,MSapap,100,28724,3724,549,550,3667,14.1,445,215,38,182981
MSapap:101,MSapap,101,29734,4734,1269,1246,4592,14.1,438,211,37,171093
MSapap:102,MSapap,102,29565,4565,1231,1227,4441,14.1,441,206,36,164577
MSapap:103,MSapap,103,29870,4870,1544,1553,4826,15.0,454,207,36,183070
MSapap:104,MSapap,104,29814,4814,1503,1503,4775,14.2,457,210,35,151434
MSapap:105,MSapap,105,28275,3275,-55,-55,3236,15.0,461,209,31,127820
MSapp:57,MSapp,57,27889,2889,-143,-149,2887,18.0,425,180,53,549143
MSapp:58,MSapp,58,28329,3329,483,484,3326,19.0,421,175,53,538034
MSapp:59,MSapp,59,28541,3541,486,490,3519,19.0,406,186,53,521004
MSapp:60,MSapp,60,28353,3353,602,595,3331,19.3,395,190,55,548422
MSapp:61,MSapp,61,27489,2489,-158,-158,2488,20.8,388,177,54,595619
MSapp:62,MSapp,62,28358,3358,485,485,3357,21.0,392,170,54,627282
MSapp:63,MSapp,63,28129,3129,515,515,3080,20.9,389,169,54,499718
MSapp:64,MSapp,64,28304,3304,533,533,3237,20.1,393,164,54,523740
MSapp:65,MSapp,65,28046,3046,285,286,2925,20.1,385,167,54,492409
MSapp:66,MSapp,66,28741,3741,1124,1124,3684,20.0,379,160,54,564323
MSapp:67,MSapp,67,27811,2811,187,188,2786,20.1,373,163,55,570097
MSapp:68,MSapp,68,28123,3123,392,392,2993,20.1,381,158,50,458798
MSapp:69,MSapp,69,28331,3331,482,497,3144,20.1,382,161,49,416517
MSapp:70,MSapp,70,28622,3622,649,665,3340,20.1,376,166,47,352183
MSapp:71,MSapp,71,28988,3988,1167,1180,3579,20.1,382,162,46,344030
MSapp:72,MSapp,72,28157,3157,346,346,3122,21.0,380,169,42,265046
MSapp:73,MSapp,73,27510,2510,-82,-82,2474,21.2,389,178,47,302257
MSapp:74,MSapp,74,28608,3608,967,967,3563,21.1,394,182,48,367195
MSapp:75,MSapp,75,28117,3117,339,339,3079,20.1,393,185,46,334398
MSapp:76,MSapp,76,27689,2689,-84,-84,2680,21.0,388,195,44,288707
MSapp:77,MSapp,77,28558,3558,866,866,3557,20.2,392,208,34,160304
MSappa:78,MSappa,78,27792,2792,153,136,2763,21.1,397,211,33,119658
MSappa:79,MSappa,79,27159,2159,-685,-749,2091,21.1,394,224,37,119121
MSappa:80,MSappa,80,27530,2530,26,50,2473,22.0,389,221,42,164015
MSappa:81,MSappa,81,27827,2827,125,152,2737,22.0,392,234,44,189408
MSappa:82,MSappa,82,28080,3080,421,485,3029,22.0,395,246,44,203066
MSappa:83,MSappa,83,27860,2860,166,227,2652,21.0,397,253,46,261017
MSappa:84,MSappa,84,27295,2295,-352,-351,2188,21.1,405,241,44,222102
MSappa:85,MSappa,85,28166,3166,387,453,2926,21.0,408,239,44,226146
MSappa:86,MSappa,86,27592,2592,-134,-121,2173,20.2,416,247,48,295583
MSappa:87,MSappa,87,27489,2489,-478,-448,2090,19.3,420,242,46,258782
MSappa:88,MSappa,88,28029,3029,-59,-40,2881,19.2,422,241,46,267135
MSappa:89,MSappa,89,28321,3321,527,545,3088,20.1,422,242,47,290861
MSappa:90,MSappa,90,28369,3369,695,725,3066,19.1,422,241,43,184263
MSappa:91,MSappa,91,28571,3571,1072,1045,3273,20.0,419,247,42,198620
MSappa:92,MSappa,92,28510,3510,904,927,3229,20.0,417,247,44,212258
MSappa:93,MSappa,93,29264,4264,1561,1529,3992,20.0,420,245,38,159813
MSappa:94,MSappa,94,28967,3967,1022,1046,3632,19.9,421,236,38,172544
MSappa:95,MSappa,95,29094,4094,1185,1302,3598,19.1,424,236,40,179194
MSappa:96,MSappa,96,28296,3296,328,327,3152,19.0,420,232,38,174445
MSappa:97,MSappa,97,29209,4209,1354,1337,4060,18.1,414,236,38,162071
MSappa:98,MSappa,98,28724,3724,183,261,3501,17.2,422,241,38,152731
MSappa:99,MSappa,99,29195,4195,1125,1251,3880,17.1,420,235,38,175993
MSappa:100,MSappa,100,29230,4230,1227,1140,4074,18.0,416,238,38,170396
MSappa:101,MSappa,101,29243,4243,1111,1142,3964,17.2,416,241,37,147100
MSappa:102,MSappa,102,28275,3275,-108,-97,3122,17.3,423,240,36,151535
MSappa:103,MSappa,103,28110,3110,300,344,2758,18.0,425,239,36,166422
MSappa:104,MSappa,104,28956,3956,963,963,3599,18.0,419,238,35,130565
MSappa:105,MSappa,105,27642,2642,-522,-516,2502,17.2,413,235,35,136874
MSappp:78,MSappp,78,28090,3090,282,279,3068,20.1,351,196,35,117667
MSappp:79,MSappp,79,27550,2550,-218,-218,2548,21.1,339,203,37,140923
MSappp:80,MSappp,80,27924,2924,451,451,2924,21.0,324,204,44,192030
MSappp:81,MSappp,81,27643,2643,315,320,2643,20.9,318,213,44,180854
MSappp:82,MSappp,82,27702,2702,-17,-21,2702,20.0,319,210,46,239848
MSappp:83,MSappp,83,28102,3102,519,508,3088,19.1,326,206,46,230967
MSappp:84,MSappp,84,28337,3337,754,758,3337,19.0,329,207,46,252531
MSappp:85,MSappp,85,28138,3138,685,683,3138,19.0,335,209,46,253683
MSappp:86,MSappp,86,27960,2960,388,397,2957,19.0,343,212,48,288488
MSappp:87,MSappp,87,27741,2741,21,-24,2727,17.2,352,214,46,260676
MSappp:88,MSappp,88,28619,3619,799,869,3567,17.0,353,216,44,231107
MSappp:89,MSappp,89,28171,3171,304,426,3145,16.1,346,217,47,267031
MSappp:90,MSappp,90,28125,3125,294,393,3096,16.1,352,222,45,174256
MSappp:91,MSappp,91,28589,3589,779,833,3535,17.1,353,222,46,235546
MSappp:92,MSappp,92,28207,3207,413,512,2963,17.1,353,226,44,208004
MSappp:93,MSappp,93,28402,3402,299,519,2743,16.1,360,230,42,184579
MSappp:94,MSappp,94,28681,3681,991,1049,3628,16.2,360,224,42,173143
MSappp:95,MSappp,95,28679,3679,642,716,3633,16.1,356,226,40,154204
MSappp:96,MSappp,96,28514,3514,703,694,3445,16.1,359,225,38,148910
MSappp:97,MSappp,97,28098,3098,33,23,2820,15.3,357,220,38,150736
MSappp:98,MSappp,98,29033,4033,1052,1109,3860,15.1,361,230,36,140845
MSappp:99,MSappp,99,28517,3517,382,382,3411,16.0,356,223,38,161795
MSappp:100,MSappp,100,28567,3567,279,279,3535,16.0,359,223,38,159011
MSappp:101,MSappp,101,29398,4398,1586,1586,4336,16.1,356,227,37,148272
MSappp:102,MSappp,102,29214,4214,1128,1129,4144,16.0,360,229,36,150282
MSappp:103,MSappp,103,30074,5074,1546,1546,5059,16.0,373,218,36,167499
MSappp:104,MSappp,104,28692,3692,731,731,3665,15.2,372,222,35,134931
MSappp:105,MSappp,105,28680,3680,355,382,3645,15.1,374,214,35,144800
MSp:23,MSp,23,27664,2664,-266,-324,2664,17.4,401,244,73,893690
MSp:24,MSp,24,27925,2925,274,237,2925,18.1,403,254,69,719247
MSp:25,MSp,25,27390,2390,-346,-343,2390,18.8,398,259,68,727699
MSp:26,MSp,26,28044,3044,322,322,3044,18.9,384,261,66,760547
MSp:27,MSp,27,27431,2431,-183,-183,2431,20.7,372,281,66,780550
MSp:28,MSp,28,27420,2420,-157,-157,2420,21.3,362,291,69,892991
MSp:29,MSp,29,27370,2370,-121,-121,2370,22.0,349,292,69,960183
MSp:30,MSp,30,27063,2063,-460,-460,2063,21.2,355,292,67,938062
MSp:31,MSp,31,27704,2704,252,252,2704,21.0,378,276,63,889222
MSp:32,MSp,32,26933,1933,-917,-917,1933,19.2,394,285,61,861193
MSp:33,MSp,33,27743,2743,172,172,2743,19.3,394,276,63,961171
MSp:34,MSp,34,27313,2313,-166,-166,2313,21.0,391,278,65,1089777
MSp:35,MSp,35,27845,2845,149,149,2845,20.2,396,280,66,1166316
MSp:36,MSp,36,27431,2431,-162,-162,2431,19.9,402,261,60,662318
MSp:37,MSp,37,26961,1961,-695,-695,1961,19.1,414,259,53,595036
MSpa:38,MSpa,38,28355,3355,232,232,3355,20.1,447,253,39,230654
MSpa:39,MSpa,39,26688,1688,-1081,-1089,1688,20.9,446,261,60,532265
MSpa:40,MSpa,40,27694,2694,-58,-81,2694,20.0,449,272,60,577300
MSpa:41,MSpa,41,28020,3020,275,275,3020,19.9,459,277,61,603031
MSpa:42,MSpa,42,27746,2746,183,183,2746,20.9,478,280,62,666129
MSpa:43,MSpa,43,27837,2837,191,191,2837,20.9,479,282,61,680082
MSpa:44,MSpa,44,27603,2603,-88,-88,2603,20.9,476,280,61,731620
MSpa:45,MSpa,45,27554,2554,-179,-179,2554,20.7,471,268,61,746267
MSpa:46,MSpa,46,27472,2472,-171,-171,2472,21.0,467,268,60,777294
MSpa:47,MSpa,47,27436,2436,-335,-335,2436,20.0,453,276,62,883945
MSpa:48,MSpa,48,27653,2653,-63,-62,2653,20.2,451,274,62,933858
MSpa:49,MSpa,49,27844,2844,220,220,2844,19.2,440,271,63,943899
MSpa:50,MSpa,50,27584,2584,-141,-141,2584,19.2,431,264,57,743080
MSpa:51,MSpa,51,27530,2530,-318,-322,2530,19.2,428,268,59,836641
MSpa:52,MSpa,52,27617,2617,-54,-57,2617,19.1,433,275,59,841795
MSpa:53,MSpa,53,27691,2691,18,17,2691,20.0,430,279,60,882917
MSpa:54,MSpa,54,27551,2551,-336,-333,2551,19.1,421,270,60,648491
MSpa:55,MSpa,55,26959,1959,-796,-796,1959,19.3,425,271,50,516669
MSpaa:56,MSpaa,56,27111,2111,-893,-887,2111,18.3,454,290,52,414611
MSpaa:57,MSpaa,57,27406,2406,-487,-495,2406,19.0,461,290,53,417252
MSpaa:58,MSpaa,58,28061,3061,347,347,3061,20.0,464,292,53,421159
MSpaa:59,MSpaa,59,27819,2819,182,192,2819,21.0,470,295,53,418548
MSpaa:60,MSpaa,60,27643,2643,-1,-8,2643,21.1,472,303,55,494738
MSpaa:61,MSpaa,61,27755,2755,153,152,2755,21.1,473,305,54,489012
MSpaa:62,MSpaa,62,27464,2464,-86,-95,2464,21.0,474,308,54,538017
MSpaa:63,MSpaa,63,27859,2859,405,424,2859,20.1,473,308,54,436567
MSpaa:64,MSpaa,64,27385,2385,8,11,2385,21.0,476,304,54,423568
MSpaa:65,MSpaa,65,28630,3630,917,911,3630,20.0,478,304,54,468040
MSpaa:66,MSpaa,66,27710,2710,28,22,2710,20.0,475,304,56,502811
MSpaa:67,MSpaa,67,28026,3026,378,377,3026,19.2,479,305,55,458999
MSpaa:68,MSpaa,68,27639,2639,-12,-15,2637,19.2,471,310,54,422379
MSpaa:69,MSpaa,69,28232,3232,586,571,3216,19.1,468,314,51,364476
MSpaa:70,MSpaa,70,27890,2890,418,415,2882,20.1,462,317,47,297867
MSpaa:71,MSpaa,71,28279,3279,380,380,3277,19.0,463,317,46,290307
MSpaa:72,MSpaa,72,27530,2530,-145,-155,2525,20.2,460,321,46,276164
MSpaa:73,MSpaa,73,28096,3096,428,426,3094,20.0,456,338,47,305095
MSpaa:74,MSpaa,74,27885,2885,-102,-81,2883,19.0,458,338,48,374209
MSpaa:75,MSpaa,75,28180,3180,373,373,3178,18.2,454,342,48,379437
MSpaa:76,MSpaa,76,28416,3416,633,633,3415,19.0,459,338,40,240117
MSpaaa:77,MSpaaa,77,26976,1976,-750,-756,1933,19.0,484,351,36,177852
MSpaaa:78,MSpaaa,78,27823,2823,-255,-255,2806,18.1,500,354,41,196337
MSpaaa:79,MSpaaa,79,29133,4133,1035,1032,4086,18.0,505,352,43,234301
MSpaaa:80,MSpaaa,80,28130,3130,538,506,3094,18.1,509,344,48,290512
MSpaaa:81,MSpaaa,81,28261,3261,652,648,3136,18.0,510,354,48,301146
MSpaaa:82,MSpaaa,82,27788,2788,189,177,2547,18.1,515,358,48,317767
MSpaaa:83,MSpaaa,83,29050,4050,1170,1186,3886,18.0,518,371,46,327425
MSpaaa:84,MSpaaa,84,28900,3900,948,962,3857,17.1,521,379,46,325819
MSpaaa:85,MSpaaa,85,28467,3467,774,762,3441,17.1,527,374,46,323286
MSpaaa:86,MSpaaa,86,28513,3513,779,807,3470,17.1,524,371,48,364645
MSpaaa:87,MSpaaa,87,28702,3702,710,752,3646,17.0,520,374,48,380459
MSpaaa:88,MSpaaa,88,29269,4269,1256,1266,4229,17.1,522,377,48,389507
MSpaaa:89,MSpaaa,89,29032,4032,1222,1230,4005,16.2,525,375,47,340561
MSpaaa:90,MSpaaa,90,29102,4102,1181,1199,4073,16.1,526,377,47,270774
MSpaaa:91,MSpaaa,91,30325,5325,2301,2293,5267,16.1,536,363,46,274622
MSpaaa:92,MSpaaa,92,28999,3999,1106,1112,3991,16.0,531,358,44,232413
MSpaaa:93,MSpaaa,93,29352,4352,1080,1080,4311,16.1,541,360,42,199218
MSpaaa:94,MSpaaa,94,29894,4894,1692,1668,4705,16.1,543,356,42,217933
MSpaaa:95,MSpaaa,95,28433,3433,559,538,3224,16.1,552,360,40,205405
MSpaaa:96,MSpaaa,96,30197,5197,1955,1948,5007,16.1,550,360,38,179066
MSpaaa:97,MSpaaa,97,29586,4586,1298,1298,4510,16.0,545,365,38,211983
MSpaaa:98,MSpaaa,98,30062,5062,1701,1701,5016,15.1,540,373,34,164974
MSpaaaa:99,MSpaaaa,99,27809,2809,-330,-370,2208,15.2,551,376,38,190177
MSpaaaa:100,MSpaaaa,100,28458,3458,454,458,3274,16.1,570,366,34,138108
MSpaaaa:101,MSpaaaa,101,29666,4666,1500,1599,4166,15.1,577,372,37,149293
MSpaaaa:102,MSpaaaa,102,30203,5203,1928,1920,4815,15.0,584,382,36,162439
MSpaaaa:103,MSpaaaa,103,31329,6329,3120,3104,5090,13.2,582,372,26,54191
MSpaaaa:104,MSpaaaa,104,29437,4437,547,518,1914,13.2,582,372,26,54191
MSpaaaa:105,MSpaaaa,105,29114,4114,924,926,3755,14.2,582,371,35,118689
MSpaaap:99,MSpaaap,99,27300,2300,-740,-942,1682,14.1,530,377,26,75571
MSpaaap:100,MSpaaap,100,28041,3041,-580,-580,2859,12.9,516,371,34,147507
MSpaaap:101,MSpaaap,101,28929,3929,214,214,3699,12.9,515,360,33,110340
MSpaaap:102,MSpaaap,102,29868,4868,1463,1473,4493,12.1,512,358,36,151764
MSpaaap:103,MSpaaap,103,29532,4532,1013,1014,4170,11.2,520,354,36,137187
MSpaaap:104,MSpaaap,104,30731,5731,2059,2134,5481,11.1,532,348,35,129120
MSpaaap:105,MSpaaap,105,31149,6149,2677,2691,5905,10.2,522,361,35,120954
MSpaap:77,MSpaap,77,27210,2210,-473,-489,2169,19.0,446,328,34,138051
MSpaap:78,MSpaap,78,27759,2759,252,252,2752,19.0,437,329,35,143329
MSpaap:79,MSpaap,79,27771,2771,18,-15,2743,19.1,434,325,41,173791
MSpaap:80,MSpaap,80,27821,2821,170,187,2776,20.0,426,324,44,200060
MSpaap:81,MSpaap,81,27271,2271,-188,-60,2112,20.0,425,331,44,205696
MSpaap:82,MSpaap,82,28455,3455,846,854,3376,19.0,425,329,46,245828
MSpaap:83,MSpaap,83,27751,2751,-101,-65,2680,19.1,429,330,48,309756
MSpaap:84,MSpaap,84,28131,3131,424,488,2891,19.1,430,332,46,298810
MSpaap:85,MSpaap,85,28662,3662,922,928,3553,19.0,430,324,44,257987
MSpaap:86,MSpaap,86,28463,3463,728,726,3372,18.2,438,323,46,294361
MSpaap:87,MSpaap,87,29255,4255,1063,1098,3821,18.2,443,330,31,106698
MSpaap:88,MSpaap,88,28064,3064,256,219,2703,18.9,449,326,44,261421
MSpaap:89,MSpaap,89,28954,3954,1138,1151,3837,18.1,454,324,43,243961
MSpaap:90,MSpaap,90,28469,3469,877,895,3401,18.0,458,318,43,197931
MSpaap:91,MSpaap,91,28877,3877,699,739,3635,17.1,456,315,44,203115
MSpaap:92,MSpaap,92,28213,3213,258,269,2999,18.0,451,309,40,185518
MSpaap:93,MSpaap,93,28376,3376,284,276,3197,18.1,448,305,42,203756
MSpaap:94,MSpaap,94,28250,3250,117,115,3167,18.1,454,310,42,192394
MSpaap:95,MSpaap,95,28767,3767,859,859,3706,18.1,459,318,40,192553
MSpaap:96,MSpaap,96,28475,3475,275,299,3428,17.0,462,320,38,174105
MSpaap:97,MSpaap,97,29259,4259,1273,1289,4197,16.1,456,322,38,184022
MSpaap:98,MSpaap,98,29283,4283,1167,1163,4209,15.1,460,327,38,198464
MSpaap:99,MSpaap,99,28799,3799,727,723,3597,15.1,463,329,38,191315
MSpaap:100,MSpaap,100,30247,5247,2282,2282,5340,15.3,467,337,38,166361
MSpaap:101,MSpaap,101,29347,4347,1342,1337,4041,15.2,475,331,37,161136
MSpaap:102,MSpaap,102,29282,4282,470,464,3906,15.2,478,331,34,136447
MSpaap:103,MSpaap,103,28375,3375,111,111,3249,16.0,475,329,32,161352
MSpaapa:104,MSpaapa,104,28062,3062,-188,-179,2710,16.1,506,337,31,112825
MSpaapa:105,MSpaapa,105,29320,4320,1199,1199,4061,16.0,507,342,31,98303
MSpaapp:104,MSpaapp,104,28714,3714,238,253,2253,16.0,462,326,31,126377
MSpaapp:105,MSpaapp,105,27388,2388,-1080,-1086,1235,16.9,463,314,31,115759
MSpap:56,MSpap,56,27358,2358,-389,-390,2358,21.1,394,251,50,338652
MSpap:57,MSpap,57,27794,2794,242,244,2794,22.0,398,239,53,376470
MSpap:58,MSpap,58,27836,2836,177,176,2836,21.2,383,252,59,525230
MSpap:59,MSpap,59,27542,2542,-201,-194,2542,21.1,373,256,55,400157
MSpap:60,MSpap,60,27839,2839,149,140,2839,22.1,369,259,55,430597
MSpap:61,MSpap,61,27590,2590,167,167,2590,22.9,371,265,54,447988
MSpap:62,MSpap,62,27363,2363,-286,-286,2363,23.1,373,266,54,439090
MSpap:63,MSpap,63,27059,2059,-393,-393,2059,22.1,371,261,38,135832
MSpap:64,MSpap,64,27372,2372,-95,-95,2372,23.0,374,257,54,371972
MSpap:65,MSpap,65,27693,2693,56,56,2673,23.0,368,249,54,380233
MSpap:66,MSpap,66,27947,2947,465,470,2880,22.0,369,246,54,405351
MSpap:67,MSpap,67,27699,2699,318,315,2678,23.0,360,236,53,360743
MSpap:68,MSpap,68,28057,3057,297,297,3052,23.0,358,234,52,365142
MSpap:69,MSpap,69,27914,2914,375,375,2914,23.1,355,231,51,318277
MSpap:70,MSpap,70,27682,2682,204,204,2682,23.0,358,242,47,251207
MSpap:71,MSpap,71,28552,3552,665,665,3552,22.1,364,248,46,259773
MSpap:72,MSpap,72,27791,2791,297,297,2791,22.2,358,253,46,255813
MSpap:73,MSpap,73,27836,2836,80,80,2836,23.1,361,266,47,271162
MSpap:74,MSpap,74,28002,3002,692,692,3002,22.9,372,276,44,212162
MSpap:75,MSpap,75,26939,1939,-784,-784,1939,21.0,363,284,42,256518
MSpapa:76,MSpapa,76,28455,3455,720,720,3454,21.1,396,307,34,126435
MSpapa:77,MSpapa,77,27690,2690,-67,-67,2688,22.1,390,315,40,163047
MSpapa:78,MSpapa,78,28240,3240,541,539,3234,22.0,384,323,43,172923
MSpapa:79,MSpapa,79,26848,1848,-608,-603,1822,22.1,389,333,45,190443
MSpapa:80,MSpapa,80,28375,3375,422,393,3309,23.0,393,345,44,208373
MSpapa:81,MSpapa,81,28300,3300,458,448,3180,22.1,395,350,48,284407
MSpapa:82,MSpapa,82,27868,2868,350,343,2585,23.0,405,345,44,210789
MSpapa:83,MSpapa,83,27872,2872,81,101,2814,23.0,407,349,44,216040
MSpapa:84,MSpapa,84,28179,3179,466,563,2764,22.2,417,352,48,295591
MSpapa:85,MSpapa,85,28492,3492,945,975,3147,23.0,423,347,44,212928
MSpapa:86,MSpapa,86,28157,3157,263,275,3024,23.0,422,344,44,216029
MSpapa:87,MSpapa,87,28239,3239,512,560,1948,21.0,432,338,48,313887
MSpapa:88,MSpapa,88,27685,2685,108,188,2123,22.0,430,328,48,303335
MSpapa:89,MSpapa,89,28149,3149,215,259,3019,22.2,419,327,47,266265
MSpapa:90,MSpapa,90,28083,3083,128,128,3071,24.0,411,325,28,55374
MSpapa:91,MSpapa,91,26674,1674,-743,-743,1642,24.0,411,325,28,55374
MSpapa:92,MSpapa,92,28074,3074,486,486,3071,24.0,392,332,40,149809
MSpapa:93,MSpapa,93,26754,1754,-1668,-1668,1708,23.0,382,335,25,26585
MSpapa:94,MSpapa,94,27881,2881,-20,-20,2881,23.0,395,329,42,167563
MSpapa:95,MSpapa,95,28089,3089,472,472,3087,22.0,405,332,40,157693
MSpapa:96,MSpapa,96,27785,2785,-282,-284,2756,21.1,415,329,38,155972
MSpapa:97,MSpapa,97,27338,2338,-744,-744,2297,21.9,422,330,34,141976
MSpapaa:98,MSpapaa,98,28006,3006,-67,-67,2731,21.2,450,336,30,77165
MSpapaa:99,MSpapaa,99,27976,2976,192,187,12,22.0,448,324,36,112430
MSpapaa:100,MSpapaa,100,29209,4209,926,926,4113,22.0,446,329,24,29281
MSpapaa:101,MSpapaa,101,27373,2373,-523,-523,2305,22.0,452,330,24,29667
MSpapaa:102,MSpapaa,102,31095,6095,3093,3093,6063,22.0,452,330,24,29667
MSpapaa:103,MSpapaa,103,28483,3483,488,488,3218,21.0,456,339,36,127159
MSpapaa:104,MSpapaa,104,29506,4506,1350,1356,3658,19.0,456,340,33,87202
MSpapaa:105,MSpapaa,105,28269,3269,98,-23,2551,19.0,458,327,35,115738
MSpapap:98,MSpapap,98,28496,3496,814,814,3449,20.1,380,323,28,53948
MSpapap:99,MSpapap,99,28407,3407,1167,1179,3352,20.9,378,322,34,89988
MSpapap:100,MSpapap,100,27655,2655,-105,-100,2600,20.9,378,324,34,89988
MSpapap:101,MSpapap,101,27426,2426,-284,-284,2371,20.9,378,326,33,89988
MSpapap:102,MSpapap,102,27997,2997,146,146,2942,21.0,379,328,33,89988
MSpapap:103,MSpapap,103,28766,3766,1034,1034,3711,21.0,379,330,32,89988
MSpapap:104,MSpapap,104,27952,2952,338,319,2897,21.0,379,332,32,89988
MSpapap:105,MSpapap,105,28624,3624,625,608,3556,21.0,380,334,31,78066
MSpapp:76,MSpapp,76,27910,2910,-29,-29,2910,22.0,337,270,34,112625
MSpapp:77,MSpapp,77,28415,3415,751,751,3415,21.0,333,274,31,80718
MSpapp:78,MSpapp,78,27352,2352,33,33,2352,23.0,321,270,30,71806
MSpapp:79,MSpapp,79,27334,2334,-308,-308,2333,24.1,316,261,32,58444
MSpapp:80,MSpapp,80,27881,2881,198,198,2880,23.9,317,269,32,58444
MSpapp:81,MSpapp,81,29158,4158,1507,1507,4157,23.7,318,277,32,58444
MSpapp:82,MSpapp,82,28485,3485,1236,1236,3484,23.5,320,285,32,58444
MSpapp:83,MSpapp,83,27576,2576,296,296,2575,23.3,321,293,32,58444
MSpapp:84,MSpapp,84,28221,3221,724,724,3217,23.1,323,301,31,76211
MSpapp:85,MSpapp,85,26730,1730,-491,-491,1716,23.1,321,308,31,73294
MSpapp:86,MSpapp,86,26757,1757,-601,-601,1729,23.2,326,311,31,73721
MSpapp:87,MSpapp,87,27470,2470,-97,-107,2447,24.1,329,312,44,187625
MSpapp:88,MSpapp,88,27394,2394,-423,-423,2364,24.1,327,308,31,76423
MSpapp:89,MSpapp,89,27184,2184,-267,-263,2172,24.0,318,308,43,174710
MSpapp:90,MSpapp,90,27051,2051,-147,-147,2039,23.7,315,311,42,174710
MSpapp:91,MSpapp,91,28010,3010,395,395,2998,23.4,311,314,41,174710
MSpapp:92,MSpapp,92,27498,2498,-13,8,2296,23.1,307,317,40,149033
MSpapp:93,MSpapp,93,28417,3417,951,980,3215,23.6,308,320,39,149033
MSpapp:94,MSpapp,94,28141,3141,743,749,3006,24.0,310,323,38,132646
MSpapp:95,MSpapp,95,28217,3217,173,173,3184,24.0,314,329,26,42543
MSpapp:96,MSpapp,96,26966,1966,-836,-836,1914,23.1,333,307,26,35963
MSpapp:97,MSpapp,97,27511,2511,28,28,2495,23.0,335,305,26,41477
MSpapp:98,MSpapp,98,27781,2781,270,270,2754,23.0,332,303,34,90374
MSpapp:99,MSpapp,99,27273,2273,-174,-180,2226,23.1,332,322,36,112391
MSpapp:100,MSpapp,100,28133,3133,548,551,3086,23.1,331,327,35,112391
MSpapp:101,MSpapp,101,27677,2677,122,122,2630,23.0,329,332,34,112391
MSpapp:102,MSpapp,102,28129,3129,645,645,3116,23.0,327,337,32,89579
MSpapp:103,MSpapp,103,27598,2598,-587,-587,2573,23.0,333,332,32,95073
MSpapp:104,MSpapp,104,28011,3011,211,191,2993,22.1,336,329,35,109512
MSpapp:105,MSpapp,105,27136,2136,-419,-392,2045,21.1,337,316,33,103022
MSpp:38,MSpp,38,27626,2626,33,32,2626,20.0,382,270,49,348148
MSpp:39,MSpp,39,27521,2521,107,109,2521,21.2,378,284,56,423603
MSpp:40,MSpp,40,27308,2308,-86,-94,2308,21.9,378,291,60,525568
MSpp:41,MSpp,41,27316,2316,-168,-168,2316,22.9,367,304,61,542257
MSpp:42,MSpp,42,27194,2194,-294,-294,2194,23.9,355,303,62,617920
MSpp:43,MSpp,43,27285,2285,-202,-202,2285,23.9,355,316,61,653013
MSpp:44,MSpp,44,27708,2708,174,174,2708,23.0,349,322,61,716743
MSpp:45,MSpp,45,27309,2309,-275,-278,2309,23.1,350,306,65,790647
MSpp:46,MSpp,46,27345,2345,-18,0,2345,23.0,353,304,64,810753
MSpp:47,MSpp,47,27536,2536,-26,-28,2536,23.1,342,314,64,888765
MSpp:48,MSpp,48,27181,2181,-576,-571,2181,23.1,344,315,64,889474
MSpp:49,MSpp,49,27568,2568,64,64,2568,23.1,340,318,63,784048
MSpp:50,MSpp,50,27369,2369,-116,-117,2369,23.1,326,327,59,690451
MSpp:51,MSpp,51,27340,2340,-17,-23,2340,23.1,308,335,59,712070
MSpp:52,MSpp,52,27573,2573,-238,-240,2573,24.0,307,338,59,767991
MSpp:53,MSpp,53,27500,2500,-153,-149,2500,22.2,314,328,58,670012
MSpp:54,MSpp,54,27640,2640,33,33,2640,22.2,315,313,60,727383
MSpp:55,MSpp,55,27384,2384,-342,-342,2384,22.1,319,313,54,647958
MSpp:56,MSpp,56,27503,2503,-67,-67,2503,22.0,328,318,54,520764
MSpp:57,MSpp,57,27104,2104,-439,-439,2104,21.0,336,305,53,573555
MSppa:58,MSppa,58,26919,1919,-614,-631,1919,22.1,351,340,53,398622
MSppa:59,MSppa,59,27481,2481,-224,-232,2481,22.1,347,352,53,408700
MSppa:60,MSppa,60,27943,2943,616,616,2943,22.1,346,355,53,417035
MSppa:61,MSppa,61,27319,2319,-168,-174,2319,22.9,351,371,54,478889
MSppa:62,MSppa,62,27760,2760,-59,-57,2759,22.9,353,373,54,526177
MSppa:63,MSppa,63,27264,2264,-229,-230,2264,23.0,352,367,54,388906
MSppa:64,MSppa,64,27367,2367,-159,-159,2367,23.1,349,368,54,394429
MSppa:65,MSppa,65,27156,2156,-48,-48,2156,23.8,348,364,54,389756
MSppa:66,MSppa,66,27708,2708,127,127,2708,23.0,346,353,54,404635
MSppa:67,MSppa,67,27781,2781,318,318,2781,23.1,340,349,53,393236
MSppa:68,MSppa,68,27798,2798,189,189,2798,23.2,324,341,50,329706
MSppa:69,MSppa,69,28310,3310,1071,1071,3310,24.0,318,353,49,283237
MSppa:70,MSppa,70,27683,2683,312,312,2683,23.1,312,357,47,274451
MSppa:71,MSppa,71,28177,3177,590,584,3177,23.1,307,365,46,283852
MSppa:72,MSppa,72,27080,2080,-479,-483,2080,23.1,306,359,46,288476
MSppa:73,MSppa,73,27740,2740,318,313,2740,23.1,306,363,47,277761
MSppa:74,MSppa,74,28638,3638,1099,1096,3637,23.1,308,370,48,341695
MSppa:75,MSppa,75,28505,3505,976,987,3505,23.0,305,368,48,357785
MSppa:76,MSppa,76,28252,3252,701,695,3250,22.0,312,366,48,360074
MSppa:77,MSppa,77,28078,3078,340,339,3077,21.2,308,369,46,315808
MSppa:78,MSppa,78,27533,2533,-311,-311,2533,21.0,311,374,43,280652
MSppaa:79,MSppaa,79,26573,1573,-1438,-1418,1531,21.0,334,392,35,154740
MSppaa:80,MSppaa,80,27493,2493,-587,-554,2461,21.0,350,408,44,245363
MSppaa:81,MSppaa,81,27924,2924,186,181,2883,21.1,364,413,44,252845
MSppaa:82,MSppaa,82,28475,3475,1053,1107,3233,20.2,381,408,46,270888
MSppaa:83,MSppaa,83,28422,3422,402,444,3295,19.2,386,411,46,291773
MSppaa:84,MSppaa,84,27894,2894,249,255,2632,19.9,391,408,44,294057
MSppaa:85,MSppaa,85,28047,3047,275,390,2562,19.1,395,403,48,390339
MSppaa:86,MSppaa,86,28336,3336,532,565,3163,19.0,401,384,44,277221
MSppaa:87,MSppaa,87,28201,3201,-22,6,2971,18.1,405,380,44,278440
MSppaa:88,MSppaa,88,28609,3609,1029,976,3464,19.0,411,378,44,269325
MSppaa:89,MSppaa,89,29155,4155,1397,1407,4097,18.0,412,371,43,248565
MSppaa:90,MSppaa,90,29109,4109,1464,1442,3968,17.2,418,365,45,191945
MSppaa:91,MSppaa,91,29245,4245,1441,1442,4031,18.0,426,360,42,195597
MSppaa:92,MSppaa,92,29222,4222,1171,1195,3766,17.2,432,360,42,204132
MSppaa:93,MSppaa,93,28605,3605,631,643,2946,16.1,451,365,42,208118
MSppaa:94,MSppaa,94,29575,4575,1453,1486,4389,16.1,463,363,40,208205
MSppaa:95,MSppaa,95,28951,3951,1060,1072,3847,15.1,461,371,40,216327
MSppaa:96,MSppaa,96,29129,4129,1174,1187,4068,15.1,457,370,38,196705
MSppaa:97,MSppaa,97,30260,5260,1967,1989,5108,14.1,452,383,38,204092
MSppaa:98,MSppaa,98,29926,4926,1806,1809,4752,14.1,456,388,38,210978
MSppaa:99,MSppaa,99,29171,4171,1192,1191,4096,14.1,462,389,38,206034
MSppaa:100,MSppaa,100,30443,5443,2228,2228,5363,14.1,463,399,38,219864
MSppaa:101,MSppaa,101,29728,4728,1568,1568,4584,14.0,469,401,37,213883
MSppaa:102,MSppaa,102,30159,5159,1378,1378,4989,13.2,474,400,36,205472
MSppaa:103,MSppaa,103,30145,5145,1875,1875,4991,13.1,478,400,36,225242
MSppaa:104,MSppaa,104,28417,3417,-313,-313,3224,13.9,485,400,31,174345
MSppaaa:105,MSppaaa,105,29230,4230,514,539,3946,15.0,511,405,31,120097
MSppaap:105,MSppaap,105,27730,2730,-619,-618,2542,12.8,468,381,31,119226
MSppap:79,MSppap,79,27279,2279,-453,-513,2194,21.3,293,359,35,139187
MSppap:80,MSppap,80,27877,2877,6,-9,2818,22.0,297,376,40,192005
MSppap:81,MSppap,81,28025,3025,-20,-38,2976,21.1,305,378,44,220709
MSppap:82,MSppap,82,27937,2937,-31,11,2782,20.9,313,375,44,218555
MSppap:83,MSppap,83,28092,3092,307,299,2905,20.2,306,385,46,261880
MSppap:84,MSppap,84,27615,2615,-464,-463,2520,19.1,312,383,46,275087
MSppap:85,MSppap,85,28293,3293,718,719,3222,18.1,327,381,46,276560
MSppap:86,MSppap,86,28995,3995,861,867,3719,18.0,334,381,44,264117
MSppap:87,MSppap,87,28208,3208,299,312,2943,17.9,343,377,44,272238
MSppap:88,MSppap,88,29717,4717,1530,1538,4634,17.1,356,375,44,281559
MSppap:89,MSppap,89,28757,3757,688,714,3685,17.0,358,377,45,281761
MSppap:90,MSppap,90,28637,3637,571,686,3573,16.2,363,378,45,212483
MSppap:91,MSppap,91,28805,3805,927,967,3740,16.1,371,374,46,240177
MSppap:92,MSppap,92,28687,3687,637,639,3610,17.1,380,366,44,222854
MSppap:93,MSppap,93,29553,4553,1476,1423,4516,17.0,388,368,42,195685
MSppap:94,MSppap,94,29148,4148,806,853,4046,17.1,387,367,42,209942
MSppap:95,MSppap,95,30195,5195,2254,2254,5108,16.2,391,369,40,184195
MSppap:96,MSppap,96,29650,4650,1035,1014,4480,16.0,394,371,38,180340
MSppap:97,MSppap,97,29042,4042,803,793,3843,15.1,397,371,38,195001
MSppap:98,MSppap,98,28851,3851,304,319,3626,15.1,400,375,38,185730
MSppap:99,MSppap,99,29235,4235,783,694,4064,15.1,406,371,38,186424
MSppap:100,MSppap,100,29498,4498,1418,1415,4338,14.2,401,380,38,190323
MSppap:101,MSppap,101,28734,3734,180,180,3701,14.2,410,384,37,184930
MSppap:102,MSppap,102,28490,3490,-185,-185,3348,13.9,414,391,32,149924
MSppap:103,MSppap,103,28887,3887,694,694,3742,13.9,415,396,32,174158
MSppapa:104,MSppapa,104,28469,3469,190,198,3091,13.0,437,417,31,129712
MSppapa:105,MSppapa,105,29470,4470,489,507,4057,12.0,436,410,31,113966
MSppapp:104,MSppapp,104,29051,4051,321,321,3881,13.3,387,380,33,124625
MSppapp:105,MSppapp,105,28461,3461,-299,-290,2999,13.2,381,382,33,118090
MSppp:58,MSppp,58,27504,2504,-185,-199,2504,22.0,303,286,51,358495
MSppp:59,MSppp,59,27466,2466,-5,-9,2466,23.0,300,291,53,346041
MSppp:60,MSppp,60,27689,2689,-44,-34,2689,23.0,292,283,53,341828
MSppp:61,MSppp,61,27395,2395,-40,-40,2395,22.0,279,269,54,421380
MSppp:62,MSppp,62,27902,2902,484,484,2902,23.1,279,265,54,426407
MSppp:63,MSppp,63,28186,3186,858,858,3186,22.9,283,257,36,113584
MSppp:64,MSppp,64,27535,2535,-207,-207,2535,24.0,284,254,36,118898
MSppp:65,MSppp,65,28129,3129,695,695,3129,24.0,277,259,40,150194
MSppp:66,MSppp,66,27430,2430,-171,-171,2430,24.0,267,257,40,152584
MSppp:67,MSppp,67,27130,2130,-186,-186,2130,23.1,258,267,39,142843
MSppp:68,MSppp,68,26905,1905,-567,-567,1905,24.0,243,272,50,327005
MSppp:69,MSppp,69,28048,3048,655,655,3048,23.9,246,278,47,252604
MSppp:70,MSppp,70,27452,2452,114,114,2452,23.9,244,285,43,191704
MSppp:71,MSppp,71,27440,2440,-240,-240,2434,22.2,245,293,46,258179
MSppp:72,MSppp,72,28089,3089,534,534,3084,21.2,248,303,44,210269
MSppp:73,MSppp,73,28250,3250,713,713,3247,22.1,249,307,47,263771
MSppp:74,MSppp,74,27978,2978,262,262,2976,22.0,257,311,46,280399
MSppp:75,MSppp,75,28177,3177,721,728,3175,22.1,265,314,48,337308
MSppp:76,MSppp,76,27622,2622,89,90,2622,22.0,266,309,48,327265
MSppp:77,MSppp,77,27746,2746,165,169,2746,22.0,266,309,48,349279
MSppp:78,MSppp,78,27853,2853,513,513,2853,21.9,259,318,43,229106
MSpppa:79,MSpppa,79,27610,2610,10,-15,2498,22.0,266,330,39,151850
MSpppa:80,MSpppa,80,27798,2798,126,83,2724,23.1,266,349,40,173718
MSpppa:81,MSpppa,81,26834,1834,-1073,-1040,1750,23.0,273,357,31,91539
MSpppa:82,MSpppa,82,28058,3058,480,532,2923,22.1,281,356,44,197423
MSpppa:83,MSpppa,83,28253,3253,59,-14,3032,23.1,287,365,31,95750
MSpppa:84,MSpppa,84,28088,3088,527,574,2947,23.0,296,362,44,222786
MSpppa:85,MSpppa,85,28116,3116,695,689,2977,22.0,302,362,44,230208
MSpppa:86,MSpppa,86,28120,3120,460,515,2693,21.1,315,363,44,244456
MSpppa:87,MSpppa,87,28234,3234,399,429,2803,21.0,325,361,44,257375
MSpppa:88,MSpppa,88,27959,2959,262,391,2717,20.9,333,355,44,255033
MSpppa:89,MSpppa,89,27470,2470,-330,-304,2417,20.9,336,357,43,231013
MSpppa:90,MSpppa,90,27707,2707,-354,-330,2493,20.1,341,357,43,176252
MSpppa:91,MSpppa,91,28835,3835,1237,1302,3692,19.1,336,357,46,239770
MSpppa:92,MSpppa,92,28383,3383,345,296,3277,18.2,336,364,44,214837
MSpppa:93,MSpppa,93,28527,3527,510,549,3436,18.1,338,373,42,196748
MSpppa:94,MSpppa,94,28508,3508,583,630,3361,18.1,346,377,42,200882
MSpppa:95,MSpppa,95,29333,4333,1224,1304,4208,17.2,348,387,38,164663
MSpppa:96,MSpppa,96,28858,3858,829,996,3570,18.0,361,384,38,177035
MSpppa:97,MSpppa,97,28360,3360,-105,-64,3154,18.1,363,379,38,182550
MSpppa:98,MSpppa,98,30389,5389,2072,2148,5104,18.1,370,378,38,180351
MSpppa:99,MSpppa,99,29037,4037,714,764,3905,17.2,366,372,38,165694
MSpppa:100,MSpppa,100,29111,4111,879,901,3934,18.0,369,375,38,173810
MSpppa:101,MSpppa,101,28804,3804,713,710,3771,18.2,359,375,37,157115
MSpppa:102,MSpppa,102,28811,3811,579,579,3742,18.1,365,371,36,153028
MSpppa:103,MSpppa,103,29341,4341,755,754,4274,18.1,365,371,36,166563
MSpppa:104,MSpppa,104,28884,3884,424,424,3378,18.1,374,375,35,149567
MSpppa:105,MSpppa,105,29246,4246,1120,1124,3380,17.1,377,376,35,149063
MSpppp:79,MSpppp,79,27314,2314,-218,-189,2268,21.1,242,293,41,166629
MSpppp:80,MSpppp,80,27519,2519,-284,-285,2517,21.1,231,302,42,184649
MSpppp:81,MSpppp,81,27920,2920,366,359,2910,21.0,235,307,44,202918
MSpppp:82,MSpppp,82,27844,2844,394,411,2840,20.9,235,305,44,200982
MSpppp:83,MSpppp,83,27446,2446,12,21,2446,22.0,234,312,46,239681
MSpppp:84,MSpppp,84,27664,2664,177,180,2633,21.0,242,319,46,235685
MSpppp:85,MSpppp,85,28162,3162,627,620,3118,21.1,241,325,46,238838
MSpppp:86,MSpppp,86,27923,2923,219,219,2923,21.9,250,332,44,226138
MSpppp:87,MSpppp,87,28164,3164,522,523,3071,20.0,262,332,46,260107
MSpppp:88,MSpppp,88,27848,2848,352,350,2811,20.1,273,335,46,276931
MSpppp:89,MSpppp,89,27427,2427,-350,-358,2233,19.2,275,331,47,272332
MSpppp:90,MSpppp,90,27714,2714,-46,-13,2608,18.2,280,328,45,176607
MSpppp:91,MSpppp,91,27804,2804,17,16,2793,18.1,281,324,44,188155
MSpppp:92,MSpppp,92,28257,3257,502,542,3172,19.0,284,332,44,199680
MSpppp:93,MSpppp,93,28427,3427,635,637,3331,19.1,288,342,42,185603
MSpppp:94,MSpppp,94,28118,3118,752,737,3034,20.0,292,348,42,181766
MSpppp:95,MSpppp,95,28801,3801,545,544,3663,19.0,295,363,40,172954
MSpppp:96,MSpppp,96,29049,4049,1528,1524,3960,18.3,307,362,38,151567
MSpppp:97,MSpppp,97,28993,3993,1281,1284,3962,19.1,310,359,38,157374
MSpppp:98,MSpppp,98,28288,3288,483,483,3205,18.1,310,358,38,154344
MSpppp:99,MSpppp,99,28995,3995,1043,1043,3843,18.1,305,367,38,167485
MSpppp:100,MSpppp,100,29699,4699,1582,1582,4571,17.2,303,369,38,163723
MSpppp:101,MSpppp,101,30300,5300,2216,2217,5227,17.0,304,372,37,171546
MSpppp:102,MSpppp,102,28820,3820,499,499,3735,16.0,304,380,36,169258
MSpppp:103,MSpppp,103,30130,5130,2042,2042,4959,15.2,309,382,36,176554
MSpppp:104,MSpppp,104,29626,4626,1218,1218,4473,15.2,305,385,35,146441
MSpppp:105,MSpppp,105,29202,4202,938,938,4107,15.0,310,390,35,167723
E:11,E,11,27792,2792,-142,-142,27792,15.1,328,190,41,363946
E:12,E,12,28296,3296,-117,-150,28296,14.8,308,208,74,1084657
E:13,E,13,28359,3359,-268,-268,28359,14.0,295,205,76,1243090
E:14,E,14,28272,3272,-391,-401,28272,14.2,266,221,77,1262447
E:15,E,15,27978,2978,-551,-622,27978,15.0,243,220,74,1274667
E:16,E,16,28018,3018,-322,-362,3018,17.0,253,223,76,1464313
E:17,E,17,27864,2864,-242,-237,2864,17.2,258,220,79,1709304
E:18,E,18,28104,3104,-202,-202,3104,17.9,268,217,78,1883942
E:19,E,19,27763,2763,-803,-807,2763,14.7,251,198,78,2225880
E:20,E,20,27964,2964,-478,-477,2964,15.6,242,196,79,2380754
E:21,E,21,28011,3011,-414,-414,3011,16.0,240,207,75,2166198
E:22,E,22,27920,2920,-449,-449,2920,15.0,252,220,75,1638276
E:23,E,23,27241,2241,-755,-755,2241,15.1,255,208,53,683408
Ea:24,Ea,24,27758,2758,-443,-493,2758,15.5,288,194,51,506124
Ea:25,Ea,25,27876,2876,-360,-344,27876,16.6,286,182,68,905144
Ea:26,Ea,26,28051,3051,-293,-287,3051,16.8,285,181,66,885503
Ea:27,Ea,27,27834,2834,-272,-272,27834,18.6,301,181,66,870308
Ea:28,Ea,28,28128,3128,-16,-16,28128,19.5,310,179,65,881595
Ea:29,Ea,29,27893,2893,-314,-314,27893,19.5,302,177,65,995013
Ea:30,Ea,30,28043,3043,-188,-188,28043,18.7,309,183,63,1004303
Ea:31,Ea,31,28162,3162,121,121,28162,19.0,327,187,63,1096293
Ea:32,Ea,32,28046,3046,77,77,28046,18.2,343,197,61,1058681
Ea:33,Ea,33,28068,3068,26,26,28068,18.1,341,187,63,1151316
Ea:34,Ea,34,28381,3381,206,203,28381,18.1,333,185,65,1358537
Ea:35,Ea,35,28484,3484,135,135,28484,17.8,335,182,60,1177281
Ea:36,Ea,36,28264,3264,50,49,28264,15.2,333,188,64,1413961
Ea:37,Ea,37,27945,2945,-316,-316,27945,16.1,334,189,65,1455398
Ea:38,Ea,38,28330,3330,144,137,28330,16.1,328,195,65,1440867
Ea:39,Ea,39,28055,3055,-159,-156,28055,17.0,335,206,66,1484492
Ea:40,Ea,40,27902,2902,-515,-513,2902,17.1,337,211,66,1455448
Ea:41,Ea,41,28159,3159,19,19,3159,17.2,348,220,67,1422498
Ea:42,Ea,42,27812,2812,-250,-250,2812,17.3,350,222,68,1464201
Ea:43,Ea,43,28124,3124,69,69,3124,18.1,352,231,67,1404736
Ea:44,Ea,44,28182,3182,158,157,3182,17.2,350,243,67,1403803
Ea:45,Ea,45,27676,2676,-218,-216,2676,17.3,349,238,67,1342148
Ea:46,Ea,46,27929,2929,30,10,2929,18.1,349,246,66,1321678
Ea:47,Ea,47,28154,3154,84,73,3154,18.1,346,245,64,1241298
Ea:48,Ea,48,27787,2787,-320,-332,2787,17.1,348,247,66,1375519
Ea:49,Ea,49,27809,2809,-27,-27,2809,16.1,341,254,63,1200925
Ea:50,Ea,50,28283,3283,257,257,3283,15.2,343,254,59,999873
Ea:51,Ea,51,27885,2885,-25,-25,2885,15.1,348,262,59,848100
Ea:52,Ea,52,27092,2092,-906,-906,2092,14.3,353,263,55,721277
Eal:53,Eal,53,27550,2550,-419,-482,2539,14.7,366,227,54,576450
Eal:54,Eal,54,28414,3414,222,217,3343,13.0,363,227,54,593810
Eal:55,Eal,55,28498,3498,316,329,3400,12.0,360,225,54,605939
Eal:56,Eal,56,29536,4536,1355,1353,4407,11.9,370,219,54,659280
Eal:57,Eal,57,28564,3564,273,434,3273,11.2,385,212,55,681984
Eal:58,Eal,58,29020,4020,783,822,3907,12.2,388,210,55,707799
Eal:59,Eal,59,28595,3595,422,436,3470,13.1,388,223,55,767474
Eal:60,Eal,60,28760,3760,589,582,3749,14.0,384,227,53,697379
Eal:61,Eal,61,28251,3251,192,182,3251,14.1,385,223,54,767288
Eal:62,Eal,62,28025,3025,37,40,2935,14.4,382,220,56,812564
Eal:63,Eal,63,28490,3490,524,537,3440,14.3,385,225,56,630634
Eal:64,Eal,64,27982,2982,113,109,2981,15.1,386,230,58,702778
Eal:65,Eal,65,28443,3443,630,636,3441,15.2,383,232,56,641850
Eal:66,Eal,66,27781,2781,-187,-184,2781,15.3,383,238,56,632517
Eal:67,Eal,67,28352,3352,499,477,3352,16.0,390,238,57,664160
Eal:68,Eal,68,28045,3045,73,80,2973,16.1,393,234,56,613515
Eal:69,Eal,69,28465,3465,540,542,3443,15.2,411,238,51,456392
Eal:70,Eal,70,28934,3934,913,913,3923,15.0,421,246,47,393859
Eal:71,Eal,71,28500,3500,480,480,3476,14.1,418,251,46,374729
Eal:72,Eal,72,29618,4618,1679,1679,4598,15.0,422,257,46,405190
Eal:73,Eal,73,28698,3698,458,458,3631,14.1,428,262,47,411397
Eal:74,Eal,74,29176,4176,741,747,4159,13.2,421,263,48,481274
Eal:75,Eal,75,29542,4542,1414,1414,4486,13.1,423,264,48,496889
Eal:76,Eal,76,29443,4443,1310,1310,4431,13.2,420,269,48,452316
Eal:77,Eal,77,28308,3308,305,305,3280,13.3,425,262,48,437333
Eal:78,Eal,78,28470,3470,119,119,3460,14.0,419,261,47,418038
Eal:79,Eal,79,29174,4174,1013,1013,4174,14.1,407,261,47,399002
Eal:80,Eal,80,28801,3801,729,729,3789,14.1,396,267,48,461074
Eal:81,Eal,81,28303,3303,91,91,3303,15.0,390,268,48,482750
Eal:82,Eal,82,28426,3426,236,236,3383,14.1,386,270,46,383675
Eal:83,Eal,83,27839,2839,196,170,2745,16.9,391,279,44,328971
Eala:84,Eala,84,27317,2317,-1094,-1087,2281,14.0,420,282,34,192875
Eala:85,Eala,85,27386,2386,-1096,-1096,2316,13.1,430,287,36,211947
Eala:86,Eala,86,28957,3957,530,530,3608,12.1,433,292,44,283145
Eala:87,Eala,87,29409,4409,1086,1101,4132,12.1,449,293,46,329642
Eala:88,Eala,88,29869,4869,1577,1578,4631,12.2,454,291,46,365668
Eala:89,Eala,89,30250,5250,2119,2133,5195,13.0,460,289,47,373492
Eala:90,Eala,90,28925,3925,827,850,3838,12.1,460,287,47,299081
Eala:91,Eala,91,29778,4778,1309,1337,4535,12.3,453,289,46,281348
Eala:92,Eala,92,28794,3794,356,327,3645,12.2,460,291,44,249921
Eala:93,Eala,93,29579,4579,1065,1065,4489,12.0,461,289,42,250208
Eala:94,Eala,94,29083,4083,500,500,3838,12.2,465,282,42,236588
Eala:95,Eala,95,29601,4601,1200,1199,4532,12.2,468,286,40,210799
Eala:96,Eala,96,29879,4879,1523,1523,4591,12.1,470,275,38,194359
Eala:97,Eala,97,29494,4494,858,858,4324,11.1,466,274,38,183531
Eala:98,Eala,98,29587,4587,1208,1208,4356,11.2,470,275,38,196719
Eala:99,Eala,99,29130,4130,403,425,3708,10.2,472,275,38,172993
Eala:100,Eala,100,30296,5296,1336,1336,5146,11.1,471,275,38,192021
Eala:101,Eala,101,29890,4890,1273,1251,4789,12.0,468,273,37,171018
Eala:102,Eala,102,30958,5958,2434,2433,5862,12.1,468,269,36,172660
Eala:103,Eala,103,29703,4703,1221,1221,4551,11.1,469,266,36,174209
Eala:104,Eala,104,30989,5989,2249,2196,5556,12.0,474,268,35,140760
Eala:105,Eala,105,30930,5930,1806,1807,5376,12.0,470,267,35,154651
Ealp:84,Ealp,84,27614,2614,-203,-209,2585,15.3,378,261,36,167556
Ealp:85,Ealp,85,27978,2978,353,355,2969,16.0,378,259,44,227130
Ealp:86,Ealp,86,29138,4138,1049,1049,4136,15.0,375,266,44,239195
Ealp:87,Ealp,87,28683,3683,798,760,3671,15.1,375,262,46,307000
Ealp:88,Ealp,88,28524,3524,492,515,3452,15.0,371,258,44,267455
Ealp:89,Ealp,89,30297,5297,2160,2050,5245,14.9,369,262,43,250147
Ealp:90,Ealp,90,29253,4253,1344,1292,4207,14.2,371,266,47,261672
Ealp:91,Ealp,91,28878,3878,920,914,3792,14.2,370,262,46,254454
Ealp:92,Ealp,92,28996,3996,803,830,3859,14.0,367,254,44,235409
Ealp:93,Ealp,93,29716,4716,1148,1108,4247,14.0,373,253,42,223802
Ealp:94,Ealp,94,29063,4063,995,952,3437,14.1,377,267,42,206395
Ealp:95,Ealp,95,29275,4275,1068,1037,4112,15.0,382,267,40,197071
Ealp:96,Ealp,96,29628,4628,1338,1310,4487,14.1,381,265,38,185128
Ealp:97,Ealp,97,28717,3717,191,176,3543,12.3,381,248,38,167132
Ealp:98,Ealp,98,29111,4111,931,967,3722,13.1,387,258,38,185176
Ealp:99,Ealp,99,29288,4288,797,802,3875,12.2,385,258,38,183149
Ealp:100,Ealp,100,29321,4321,660,660,3839,12.2,382,260,38,185690
Ealp:101,Ealp,101,30222,5222,1652,1652,4595,12.2,384,258,37,164493
Ealp:102,Ealp,102,29864,4864,1160,1159,4186,13.0,385,265,36,170037
Ealp:103,Ealp,103,29025,4025,430,430,3461,12.1,388,266,36,172575
Ealp:104,Ealp,104,29625,4625,894,889,3742,11.2,382,269,35,137859
Ealp:105,Ealp,105,28798,3798,-28,-28,3194,11.2,384,272,35,129865
Ear:53,Ear,53,28018,3018,-216,-303,3008,12.9,372,278,54,615503
Ear:54,Ear,54,27933,2933,-392,-409,2932,12.8,373,301,54,581484
Ear:55,Ear,55,28129,3129,-199,-199,3129,12.2,362,314,54,595592
Ear:56,Ear,56,29084,4084,523,523,4084,12.3,365,322,54,615716
Ear:57,Ear,57,28615,3615,423,426,3613,12.9,373,328,53,592656
Ear:58,Ear,58,28519,3519,254,283,3518,12.3,376,314,55,686788
Ear:59,Ear,59,28451,3451,258,277,3430,13.1,371,321,55,731976
Ear:60,Ear,60,28872,3872,495,517,3872,13.1,360,324,55,763715
Ear:61,Ear,61,29076,4076,839,828,4063,14.0,363,316,54,761604
Ear:62,Ear,62,28248,3248,59,58,3232,14.2,368,319,56,803294
Ear:63,Ear,63,28097,3097,57,76,3066,14.2,363,321,56,627915
Ear:64,Ear,64,27995,2995,74,75,2941,14.2,367,322,58,646845
Ear:65,Ear,65,27903,2903,-32,-33,2886,15.1,369,316,56,605298
Ear:66,Ear,66,27636,2636,-103,-125,2636,15.2,368,313,60,688294
Ear:67,Ear,67,27732,2732,26,34,2719,15.2,368,309,59,646870
Ear:68,Ear,68,28232,3232,529,532,3232,15.2,373,312,56,599258
Ear:69,Ear,69,28155,3155,315,315,3155,16.0,365,312,51,418246
Ear:70,Ear,70,28608,3608,888,888,3608,16.1,366,315,47,341287
Ear:71,Ear,71,28270,3270,735,735,3270,16.0,362,321,46,333621
Ear:72,Ear,72,28613,3613,700,700,3612,16.1,357,327,46,364121
Ear:73,Ear,73,28590,3590,862,862,3589,17.0,359,334,47,374261
Ear:74,Ear,74,29032,4032,1187,1187,4032,16.0,352,341,48,431792
Ear:75,Ear,75,28485,3485,371,371,3483,15.1,350,352,48,433906
Ear:76,Ear,76,29383,4383,1190,1190,4382,15.0,356,346,48,468923
Ear:77,Ear,77,29395,4395,1214,1214,4387,14.1,356,343,48,453939
Ear:78,Ear,78,28296,3296,463,463,3276,13.3,356,341,47,394576
Ear:79,Ear,79,28374,3374,493,493,3336,13.3,349,342,47,386878
Ear:80,Ear,80,28712,3712,393,393,3700,14.2,347,347,48,491392
Ear:81,Ear,81,28181,3181,-110,-110,3175,14.3,355,351,48,445964
Ear:82,Ear,82,28473,3473,315,315,3471,15.0,355,351,48,514537
Ear:83,Ear,83,28342,3342,335,335,3340,14.2,357,349,48,483752
Ear:84,Ear,84,27755,2755,-668,-668,2699,14.0,367,355,34,249004
Eara:85,Eara,85,27664,2664,-554,-554,2416,13.2,390,362,32,172105
Eara:86,Eara,86,28748,3748,106,106,3636,13.0,402,358,42,265634
Eara:87,Eara,87,29298,4298,923,923,4121,12.0,409,353,44,297417
Eara:88,Eara,88,30033,5033,1943,1943,4981,13.0,418,353,46,333312
Eara:89,Eara,89,29923,4923,1537,1524,4808,11.2,425,348,45,279608
Eara:90,Eara,90,29611,4611,1243,1267,4575,11.2,436,349,47,268610
Eara:91,Eara,91,30259,5259,1902,1897,5220,12.0,446,350,44,255339
Eara:92,Eara,92,28665,3665,247,256,3535,12.0,446,358,44,256214
Eara:93,Eara,93,30005,5005,1468,1528,4667,11.1,442,356,42,245613
Eara:94,Eara,94,30654,5654,2269,2260,5588,11.0,436,347,42,248430
Eara:95,Eara,95,30071,5071,1415,1412,4732,11.1,428,343,40,218286
Eara:96,Eara,96,30213,5213,1508,1508,4813,10.2,423,345,38,179790
Eara:97,Eara,97,30446,5446,1905,1905,5073,11.0,422,344,38,209967
Eara:98,Eara,98,30711,5711,1599,1615,5178,10.2,425,345,38,178406
Eara:99,Eara,99,30924,5924,1884,1891,5491,10.2,427,345,38,171584
Eara:100,Eara,100,30062,5062,1491,1491,4380,10.3,422,341,38,186694
Eara:101,Eara,101,30597,5597,1378,1378,4995,10.2,421,335,37,179429
Eara:102,Eara,102,29377,4377,252,252,4072,11.1,427,336,36,185827
Eara:103,Eara,103,30293,5293,1791,1791,5086,11.1,438,334,36,182606
Eara:104,Eara,104,30663,5663,1908,1925,5162,12.2,448,335,35,139137
Eara:105,Eara,105,31337,6337,2412,2412,6099,12.0,444,331,35,143984
Earp:85,Earp,85,27331,2331,-999,-999,2327,14.1,339,330,32,167424
Earp:86,Earp,86,29011,4011,686,686,3994,13.2,339,324,42,239261
Earp:87,Earp,87,28794,3794,1026,1025,3782,14.0,334,315,44,254668
Earp:88,Earp,88,29139,4139,915,915,4112,12.2,330,309,46,305865
Earp:89,Earp,89,28106,3106,98,106,3103,13.1,336,317,47,350406
Earp:90,Earp,90,28812,3812,713,727,3803,13.9,339,328,43,219119
Earp:91,Earp,91,28497,3497,35,20,3472,13.0,343,329,46,289322
Earp:92,Earp,92,29306,4306,1108,1111,4224,12.3,342,323,44,216708
Earp:93,Earp,93,29546,4546,1115,1114,4479,13.1,347,326,42,223652
Earp:94,Earp,94,29733,4733,1379,1379,4686,13.1,348,338,42,238775
Earp:95,Earp,95,28988,3988,638,638,3880,13.1,347,339,40,214767
Earp:96,Earp,96,29226,4226,831,831,4001,13.1,350,342,38,185893
Earp:97,Earp,97,29667,4667,1185,1185,4626,13.0,346,338,38,198311
Earp:98,Earp,98,29225,4225,840,840,4164,13.0,350,335,38,184686
Earp:99,Earp,99,28755,3755,557,557,3733,13.0,352,331,38,190601
Earp:100,Earp,100,29857,4857,1364,1364,4712,12.1,349,332,38,192397
Earp:101,Earp,101,28277,3277,-26,-26,3035,12.1,353,331,37,166942
Earp:102,Earp,102,29830,4830,1364,1364,4751,12.1,351,343,36,165425
Earp:103,Earp,103,29504,4504,541,541,4389,12.1,356,342,36,164952
Earp:104,Earp,104,29371,4371,1021,1025,4164,12.1,360,337,35,135035
Earp:105,Earp,105,29454,4454,875,873,4180,12.0,355,338,35,148771
Ep:24,Ep,24,27811,2811,-490,-520,27811,14.6,232,211,71,887077
Ep:25,Ep,25,28087,3087,-1,4,28087,15.7,213,220,68,798807
Ep:26,Ep,26,27771,2771,-504,-502,27771,14.5,204,231,66,804932
Ep:27,Ep,27,27758,2758,-447,-484,27758,13.7,194,233,66,856326
Ep:28,Ep,28,27311,2311,-620,-668,27311,15.8,199,228,65,822578
Ep:29,Ep,29,27641,2641,-444,-454,27641,15.0,206,220,65,909437
Ep:30,Ep,30,27692,2692,-540,-544,27692,15.4,218,225,63,967348
Ep:31,Ep,31,28019,3019,184,182,3019,16.2,228,222,63,1009102
Ep:32,Ep,32,27925,2925,-28,-26,2925,15.3,242,223,61,930654
Ep:33,Ep,33,27688,2688,-362,-357,27688,15.1,247,215,63,1085745
Ep:34,Ep,34,27857,2857,-414,-396,27857,15.2,244,218,65,1243676
Ep:35,Ep,35,27691,2691,-354,-370,2691,16.2,242,223,64,1255072
Ep:36,Ep,36,27714,2714,-565,-578,2714,16.1,244,231,66,1361174
Ep:37,Ep,37,28073,3073,128,125,3073,17.0,243,229,65,1266095
Ep:38,Ep,38,28007,3007,96,98,3006,17.0,239,226,65,1239655
Ep:39,Ep,39,28011,3011,-10,1,3011,16.2,243,237,64,1177591
Ep:40,Ep,40,28176,3176,-49,-51,28176,15.2,241,233,62,1072592
Ep:41,Ep,41,28273,3273,232,204,3273,16.1,243,235,65,1251411
Ep:42,Ep,42,27699,2699,-155,-178,2699,17.0,246,249,64,1156779
Ep:43,Ep,43,28042,3042,-46,-76,3042,16.0,248,245,67,1240724
Ep:44,Ep,44,28097,3097,-7,-27,28097,15.2,250,240,67,1395639
Ep:45,Ep,45,27935,2935,-396,-404,27935,14.2,245,243,67,1429040
Ep:46,Ep,46,28203,3203,47,41,28203,15.0,242,239,66,1427223
Ep:47,Ep,47,27996,2996,-120,-133,27996,15.0,236,245,66,1528876
Ep:48,Ep,48,27768,2768,-468,-477,2587,15.2,242,255,66,1382613
Ep:49,Ep,49,27706,2706,-477,-472,27706,15.1,232,267,63,1245126
Ep:50,Ep,50,28344,3344,-13,-11,28344,14.1,238,283,59,1081983
Ep:51,Ep,51,28932,3932,893,893,28932,14.0,234,286,59,1118927
Ep:52,Ep,52,28443,3443,-55,-55,28443,13.2,231,279,59,1166189
Ep:53,Ep,53,28091,3091,26,19,28091,12.2,244,285,58,1137463
Ep:54,Ep,54,28122,3122,-122,-122,3071,13.9,227,285,54,710453
Ep:55,Ep,55,27494,2494,-341,-341,2486,15.0,257,287,54,770168
Epl:56,Epl,56,27371,2371,-789,-806,2310,12.1,265,266,52,569055
Epl:57,Epl,57,28774,3774,465,469,3727,11.9,266,261,53,584786
Epl:58,Epl,58,28636,3636,533,537,3585,12.1,271,254,53,563110
Epl:59,Epl,59,28574,3574,379,407,3551,12.1,278,249,53,554621
Epl:60,Epl,60,28599,3599,405,446,3568,12.2,286,237,55,661768
Epl:61,Epl,61,28452,3452,193,221,3366,12.1,280,233,56,816594
Epl:62,Epl,62,28904,3904,884,883,3839,12.9,287,233,54,771646
Epl:63,Epl,63,28097,3097,126,152,3035,12.9,289,240,54,598036
Epl:64,Epl,64,28916,3916,1049,1046,3851,13.0,284,248,56,666700
Epl:65,Epl,65,28551,3551,327,401,3361,12.2,273,251,58,709982
Epl:66,Epl,66,28565,3565,331,335,3479,12.0,273,252,54,650694
Epl:67,Epl,67,29058,4058,977,978,3861,12.3,266,256,55,585958
Epl:68,Epl,68,28648,3648,437,452,3513,12.2,269,256,54,599808
Epl:69,Epl,69,29030,4030,991,1010,3842,12.2,269,255,51,497887
Epl:70,Epl,70,28984,3984,772,776,3903,13.1,275,259,47,397093
Epl:71,Epl,71,28549,3549,388,388,3547,14.0,285,257,46,391556
Epl:72,Epl,72,28139,3139,-30,-30,3112,13.1,281,255,46,400411
Epl:73,Epl,73,28544,3544,447,431,3349,12.1,283,250,47,374019
Epl:74,Epl,74,29223,4223,1023,1032,3891,12.1,284,249,48,462004
Epl:75,Epl,75,28757,3757,298,308,3549,12.2,278,253,48,451981
Epl:76,Epl,76,28778,3778,286,287,3527,12.1,270,244,48,455004
Epl:77,Epl,77,28788,3788,650,654,3605,12.1,273,243,48,467437
Epl:78,Epl,78,28682,3682,328,328,3511,12.0,269,242,47,403302
Epl:79,Epl,79,29065,4065,753,753,3983,12.2,271,241,47,383944
Epl:80,Epl,80,28692,3692,470,459,3654,13.0,266,242,48,471455
Epl:81,Epl,81,28296,3296,175,170,3262,13.1,267,246,48,461318
Epl:82,Epl,82,29142,4142,855,855,4138,13.1,274,257,48,453896
Epl:83,Epl,83,28645,3645,601,601,3645,14.1,276,256,48,461260
Epl:84,Epl,84,29208,4208,968,967,4188,12.3,287,256,48,455801
Epl:85,Epl,85,29042,4042,990,990,4042,13.1,283,253,48,510435
Epl:86,Epl,86,29619,4619,1427,1427,4616,12.3,278,253,48,489256
Epl:87,Epl,87,28410,3410,187,187,3410,13.0,277,250,48,539552
Epl:88,Epl,88,28445,3445,197,197,3369,12.0,281,251,28,143086
Epla:89,Epla,89,28571,3571,497,486,3557,13.1,291,264,37,212578
Epla:90,Epla,90,28112,3112,21,21,3059,12.2,300,266,37,142585
Epla:91,Epla,91,28525,3525,581,581,3409,13.0,300,265,42,189853
Epla:92,Epla,92,28523,3523,397,397,3497,13.2,306,261,44,187647
Epla:93,Epla,93,29587,4587,1526,1548,4551,13.1,319,259,40,184250
Epla:94,Epla,94,30021,5021,2015,1998,4986,14.0,320,264,42,194895
Epla:95,Epla,95,28508,3508,609,616,3167,13.2,326,266,40,180263
Epla:96,Epla,96,29400,4400,1402,1399,4108,13.2,325,270,38,171991
Epla:97,Epla,97,29321,4321,1011,1007,3922,13.0,327,267,38,178518
Epla:98,Epla,98,30483,5483,2350,2334,4685,12.2,327,266,38,173560
Epla:99,Epla,99,30825,5825,2047,2057,4650,11.1,328,263,38,181291
Epla:100,Epla,100,29607,4607,1287,1323,3143,10.2,327,258,36,161364
Epla:101,Epla,101,29507,4507,1104,1113,3729,10.3,325,258,37,164948
Epla:102,Epla,102,30177,5177,1609,1614,4646,11.0,322,259,36,182381
Epla:103,Epla,103,30938,5938,2066,2066,5787,10.2,327,266,36,163441
Epla:104,Epla,104,30147,5147,1401,1396,5116,11.0,328,267,35,145464
Epla:105,Epla,105,29224,4224,120,120,4015,9.2,327,267,35,130651
Eplp:89,Eplp,89,27575,2575,-92,-99,2557,14.1,245,243,35,173467
Eplp:90,Eplp,90,28880,3880,1066,1066,3879,15.0,237,243,37,159591
Eplp:91,Eplp,91,27813,2813,-29,-29,2812,15.1,227,243,42,187516
Eplp:92,Eplp,92,28247,3247,571,579,3246,15.0,224,236,44,204221
Eplp:93,Eplp,93,28305,3305,295,293,3298,15.0,218,241,42,187387
Eplp:94,Eplp,94,28266,3266,482,482,3263,16.0,211,259,42,188534
Eplp:95,Eplp,95,28338,3338,372,372,3335,15.1,213,256,40,177457
Eplp:96,Eplp,96,28940,3940,836,836,3935,15.1,219,260,38,163137
Eplp:97,Eplp,97,27513,2513,-490,-490,2501,15.2,224,253,38,160371
Eplp:98,Eplp,98,29653,4653,1800,1800,4651,15.0,223,262,38,157892
Eplp:99,Eplp,99,28158,3158,-93,-93,3102,15.1,239,265,38,169687
Eplp:100,Eplp,100,28592,3592,434,434,3538,15.0,237,267,38,173477
Eplp:101,Eplp,101,28871,3871,868,894,3127,14.1,244,273,37,146455
Eplp:102,Eplp,102,29266,4266,738,772,3416,14.1,244,273,36,155141
Eplp:103,Eplp,103,29177,4177,921,921,4083,14.1,257,276,36,154497
Eplp:104,Eplp,104,28892,3892,471,473,3715,15.0,258,276,35,127128
Eplp:105,Eplp,105,28947,3947,715,689,3672,13.2,259,277,35,133075
Epr:56,Epr,56,27701,2701,-80,-56,2696,15.8,252,315,54,577833
Epr:57,Epr,57,27975,2975,-85,-68,2974,15.1,249,326,53,531202
Epr:58,Epr,58,28544,3544,772,772,3544,17.0,249,331,53,506023
Epr:59,Epr,59,27503,2503,-322,-331,2502,18.0,241,350,57,671322
Epr:60,Epr,60,28151,3151,330,315,3149,18.2,237,343,57,693359
Epr:61,Epr,61,28082,3082,269,264,3082,16.2,241,344,56,737246
Epr:62,Epr,62,28201,3201,282,281,3201,18.1,245,342,58,840275
Epr:63,Epr,63,27795,2795,152,150,2795,17.1,249,331,56,586824
Epr:64,Epr,64,28313,3313,500,514,3312,18.1,249,334,60,699461
Epr:65,Epr,65,28169,3169,386,392,3169,17.2,246,331,58,686241
Epr:66,Epr,66,27921,2921,115,100,2921,16.2,247,327,60,686779
Epr:67,Epr,67,27545,2545,-356,-346,2535,15.3,251,338,57,602738
Epr:68,Epr,68,28163,3163,157,222,3148,15.2,249,331,56,641821
Epr:69,Epr,69,28306,3306,642,636,28306,15.0,254,337,51,493525
Epr:70,Epr,70,28418,3418,773,769,3415,15.1,233,337,47,395689
Epr:71,Epr,71,28340,3340,474,474,3338,16.0,223,332,46,407425
Epr:72,Epr,72,28343,3343,306,295,3340,14.2,218,330,46,406195
Epr:73,Epr,73,28760,3760,613,613,3760,14.2,227,333,47,390036
Epr:74,Epr,74,29110,4110,937,937,4106,14.1,224,335,48,497293
Epr:75,Epr,75,28515,3515,529,529,3515,15.0,224,337,48,479456
Epr:76,Epr,76,29002,4002,630,624,3852,13.2,230,336,48,455447
Epr:77,Epr,77,29148,4148,1029,1029,4045,13.2,230,336,48,482086
Epr:78,Epr,78,28764,3764,526,523,3534,12.2,231,331,47,396686
Epr:79,Epr,79,28857,3857,348,349,3678,12.2,232,328,47,408521
Epr:80,Epr,80,28883,3883,732,732,3820,13.1,234,331,48,468828
Epr:81,Epr,81,29489,4489,1205,1205,4415,13.1,237,338,48,498919
Epr:82,Epr,82,29096,4096,980,980,4086,13.2,248,346,48,504082
Epr:83,Epr,83,29094,4094,874,874,4085,14.0,245,341,48,537668
Epr:84,Epr,84,28255,3255,-82,-82,3249,13.2,249,332,48,521621
Epr:85,Epr,85,28895,3895,773,773,3894,13.2,249,335,48,539240
Epr:86,Epr,86,29002,4002,881,881,3965,13.9,249,339,44,394877
Epr:87,Epr,87,27744,2744,-378,-378,2731,13.0,251,334,38,317413
Epra:88,Epra,88,26657,1657,-1142,-1142,1575,13.1,275,353,32,194187
Epra:89,Epra,89,28587,3587,488,470,3489,14.0,281,353,43,268256
Epra:90,Epra,90,29369,4369,1349,1356,4290,13.0,278,357,43,212251
Epra:91,Epra,91,29404,4404,1335,1332,4275,12.2,288,366,44,229948
Epra:92,Epra,92,30207,5207,1905,2041,5086,13.1,289,369,42,223880
Epra:93,Epra,93,30645,5645,2307,2323,5606,13.0,297,369,42,231491
Epra:94,Epra,94,30975,5975,2642,2723,5856,12.1,293,379,42,251339
Epra:95,Epra,95,29981,4981,1820,1823,4829,12.1,290,376,40,223392
Epra:96,Epra,96,30856,5856,1980,1982,5620,11.1,291,377,38,208181
Epra:97,Epra,97,31324,6324,3031,3031,6012,11.1,294,375,38,224804
Epra:98,Epra,98,30923,5923,2090,2094,5708,11.0,291,373,38,213826
Epra:99,Epra,99,31489,6489,2708,2708,6247,11.0,288,364,38,215643
Epra:100,Epra,100,29592,4592,804,804,3589,10.2,294,363,38,214033
Epra:101,Epra,101,31528,6528,2770,2771,5827,10.1,295,357,37,194542
Epra:102,Epra,102,30154,5154,1200,1200,4580,10.1,291,358,36,198532
Epra:103,Epra,103,30971,5971,2103,2105,5254,9.1,300,359,36,192932
Epra:104,Epra,104,31124,6124,1612,1612,5481,9.1,300,360,35,160552
Epra:105,Epra,105,31056,6056,1665,1665,5560,9.0,298,359,35,156516
Eprp:88,Eprp,88,29675,4675,1705,1705,4506,14.1,220,328,34,216913
Eprp:89,Eprp,89,28161,3161,131,131,3141,15.0,213,320,43,268582
Eprp:90,Eprp,90,28311,3311,396,396,3300,15.0,208,318,43,197586
Eprp:91,Eprp,91,29794,4794,2126,2115,4781,15.0,209,315,46,250540
Eprp:92,Eprp,92,29517,4517,1805,1805,4488,15.0,204,311,44,216201
Eprp:93,Eprp,93,28875,3875,1311,1320,3829,14.1,211,320,42,204496
Eprp:94,Eprp,94,29290,4290,968,968,4254,14.1,215,324,42,224588
Eprp:95,Eprp,95,29804,4804,1588,1592,4758,15.1,210,326,40,217916
Eprp:96,Eprp,96,30020,5020,1572,1572,5001,14.2,212,334,38,188309
Eprp:97,Eprp,97,29482,4482,1479,1479,4441,15.0,215,335,38,201580
Eprp:98,Eprp,98,29983,4983,1801,1801,4977,14.1,220,336,38,193153
Eprp:99,Eprp,99,29503,4503,870,870,4501,14.1,218,336,38,196367
Eprp:100,Eprp,100,30369,5369,2009,2009,5285,13.2,225,340,38,185718
Eprp:101,Eprp,101,29990,4990,1537,1537,4975,13.0,223,334,37,166858
Eprp:102,Eprp,102,29880,4880,1355,1355,4846,13.1,219,337,36,179388
Eprp:103,Eprp,103,30936,5936,2181,2181,5928,13.0,223,345,36,178960
Eprp:104,Eprp,104,31064,6064,2422,2422,6009,13.0,215,347,35,145403
Eprp:105,Eprp,105,30361,5361,1247,1247,5317,12.1,227,342,35,148559
P2:1,P2,1,27767,2767,-246,-252,27767,14.1,213,253,64,373905
P2:2,P2,2,27409,2409,-652,-652,27409,13.4,206,269,56,684184
P2:3,P2,3,27887,2887,-224,-224,27887,15.5,154,281,86,1896157
P2:4,P2,4,27946,2946,-38,-38,27946,15.8,143,295,86,2151725
P2:5,P2,5,27833,2833,-271,-271,2833,16.6,160,315,86,2322141
P2:6,P2,6,27584,2584,-549,-549,2584,16.6,184,339,87,2505921
P2:7,P2,7,28040,3040,22,22,3040,16.8,190,350,87,2706461
P2:8,P2,8,27769,2769,-360,-360,27769,13.5,172,314,83,2628558
P2:9,P2,9,27642,2642,-470,-470,27642,14.6,193,250,81,2589737
P2:10,P2,10,27512,2512,-457,-457,27512,15.3,199,243,78,2558895
P2:11,P2,11,27320,2320,-572,-572,2320,14.1,198,270,75,2252124
P2:12,P2,12,27400,2400,-338,-338,2400,14.9,194,270,74,1529043
P2:13,P2,13,27207,2207,-736,-736,2207,13.8,178,280,76,1613297
C:14,C,14,27397,2397,-651,-645,2397,13.1,187,316,59,737611
C:15,C,15,27643,2643,-478,-489,2643,11.8,205,317,74,1147548
C:16,C,16,28115,3115,-212,-212,3115,10.8,203,312,76,1224530
C:17,C,17,27877,2877,-689,-689,2877,10.3,197,311,79,1396953
C:18,C,18,28124,3124,-466,-466,3124,9.8,198,323,78,1491340
C:19,C,19,28183,3183,-888,-888,3183,9.3,214,352,78,1652745
C:20,C,20,28038,3038,-906,-906,3038,9.1,222,353,75,1584544
C:21,C,21,28060,3060,-961,-961,3060,8.4,217,353,75,1731134
C:22,C,22,28115,3115,-736,-736,3115,9.2,223,356,75,1876104
C:23,C,23,28237,3237,-278,-278,3237,10.5,247,354,77,2128655
C:24,C,24,28069,3069,-238,-238,3069,10.5,250,342,77,2156483
C:25,C,25,27372,2372,-827,-827,2372,11.7,262,340,68,1094107
C:26,C,26,27282,2282,-768,-768,2282,11.4,286,349,66,1033869
Ca:27,Ca,27,28273,3273,-88,-140,3273,9.4,305,321,58,573973
Ca:28,Ca,28,27940,2940,-382,-384,2940,9.6,315,316,65,727723
Ca:29,Ca,29,28065,3065,-683,-680,3065,8.4,322,318,65,770569
Ca:30,Ca,30,28773,3773,-83,-83,3773,8.3,325,309,61,708106
Ca:31,Ca,31,28339,3339,-386,-386,3339,9.0,311,295,63,855079
Ca:32,Ca,32,28525,3525,-415,-417,3525,8.3,310,293,61,883250
Ca:33,Ca,33,28492,3492,-584,-583,3492,8.1,305,306,63,1028644
Ca:34,Ca,34,28511,3511,-493,-493,3511,8.2,308,312,65,1231668
Ca:35,Ca,35,28580,3580,-207,-205,3580,8.8,313,322,60,1091377
Ca:36,Ca,36,28442,3442,-803,-807,3442,7.5,312,326,64,1311885
Ca:37,Ca,37,28471,3471,-652,-653,3471,8.3,313,331,65,1387690
Ca:38,Ca,38,28553,3553,-480,-479,3553,8.2,317,330,63,1248793
Ca:39,Ca,39,28399,3399,-766,-769,3399,8.3,322,331,64,1436145
Ca:40,Ca,40,28300,3300,-773,-774,3300,8.4,322,335,64,1420659
Ca:41,Ca,41,28647,3647,-362,-364,3647,9.1,325,328,65,1486248
Ca:42,Ca,42,28587,3587,-79,-79,3587,9.8,330,326,62,932567
Ca:43,Ca,43,27477,2477,-874,-874,2477,9.0,332,319,49,580775
Caa:44,Caa,44,27319,2319,-864,-864,2314,8.1,357,329,35,222497
Caa:45,Caa,45,28826,3826,-496,-495,3826,8.2,353,341,49,418782
Caa:46,Caa,46,28344,3344,-296,-296,3344,8.8,347,339,60,659126
Caa:47,Caa,47,29320,4320,361,343,4320,8.0,346,337,60,713776
Caa:48,Caa,48,28774,3774,-206,-223,3765,7.9,352,340,60,773213
Caa:49,Caa,49,28719,3719,-376,-379,3713,7.7,361,339,57,716963
Caa:50,Caa,50,29512,4512,92,16,4512,6.5,380,348,59,794669
Caa:51,Caa,51,28925,3925,-162,-178,3925,7.9,380,354,53,710838
Caa:52,Caa,52,29025,4025,-549,-581,4025,7.0,380,357,55,824015
Caa:53,Caa,53,28946,3946,-538,-540,3946,7.0,375,363,56,893265
Caa:54,Caa,54,29605,4605,-214,-229,4596,7.0,381,387,54,838752
Caa:55,Caa,55,29203,4203,-767,-811,4193,7.1,382,389,56,941919
Caa:56,Caa,56,29081,4081,-580,-560,4069,7.0,377,385,54,862068
Caa:57,Caa,57,29072,4072,-382,-400,4070,7.2,374,375,57,938381
Caa:58,Caa,58,29568,4568,83,76,4567,7.1,372,371,57,956878
Caa:59,Caa,59,28589,3589,-817,-802,3589,7.1,379,358,57,955518
Caa:60,Caa,60,29071,4071,-330,-358,4067,7.2,377,358,57,978746
Caa:61,Caa,61,28647,3647,-552,-567,3646,8.0,378,353,54,890139
Caa:62,Caa,62,28665,3665,-972,-982,3665,7.1,371,352,54,908116
Caa:63,Caa,63,28653,3653,-623,-617,3653,7.2,364,349,56,798603
Caa:64,Caa,64,29598,4598,319,321,4598,7.1,348,337,54,732555
Caa:65,Caa,65,28853,3853,-438,-438,3853,7.3,352,333,56,804412
Caa:66,Caa,66,29414,4414,31,30,4414,7.1,355,326,54,643011
Caa:67,Caa,67,27527,2527,-937,-937,2527,8.0,341,323,35,238838
Caaa:68,Caaa,68,28593,3593,-1204,-1204,3589,6.2,376,342,32,165349
Caaa:69,Caaa,69,29197,4197,-1036,-1036,4197,6.1,380,338,39,206286
Caaa:70,Caaa,70,29231,4231,67,67,4231,7.1,376,341,43,248446
Caaa:71,Caaa,71,29566,4566,-74,-74,4566,7.0,374,347,42,250967
Caaa:72,Caaa,72,29856,4856,689,689,4856,7.2,380,347,42,267082
Caaa:73,Caaa,73,30356,5356,1149,1157,5356,7.2,381,342,47,341985
Caaa:74,Caaa,74,29956,4956,209,189,4956,7.1,379,334,46,365261
Caaa:75,Caaa,75,30563,5563,1308,1306,5563,7.0,372,324,44,317897
Caaa:76,Caaa,76,30265,5265,899,882,5265,6.3,367,319,48,417404
Caaa:77,Caaa,77,30001,5001,620,609,5001,6.9,365,304,44,317456
Caaa:78,Caaa,78,30505,5505,997,1013,5505,6.2,367,293,47,376809
Caaa:79,Caaa,79,30508,5508,1039,1041,5508,6.2,365,278,47,362275
Caaa:80,Caaa,80,30301,5301,957,958,5301,7.0,358,270,48,432480
Caaa:81,Caaa,81,30061,5061,674,675,5061,6.3,357,261,48,417407
Caaa:82,Caaa,82,30714,5714,1049,1023,5714,6.2,339,256,48,431962
Caaa:83,Caaa,83,29627,4627,483,483,4627,6.9,333,247,44,326922
Caaa:84,Caaa,84,29744,4744,483,487,4740,7.0,327,240,44,325029
Caaa:85,Caaa,85,30532,5532,1116,1094,5532,6.3,328,241,48,433223
Caaa:86,Caaa,86,30776,5776,1254,1254,5776,6.1,318,225,48,445816
Caaa:87,Caaa,87,29995,4995,560,560,4995,6.3,319,228,48,437612
Caaa:88,Caaa,88,30541,5541,639,639,5533,6.3,306,231,48,454735
Caaa:89,Caaa,89,29829,4829,-145,-145,4829,6.2,293,228,47,408316
Caaa:90,Caaa,90,30466,5466,1300,1300,5463,6.2,282,237,47,310496
Caaa:91,Caaa,91,29733,4733,348,348,4725,7.0,279,250,46,340046
Caaa:92,Caaa,92,29858,4858,346,346,4858,7.0,271,248,40,241678
Caaa:93,Caaa,93,27607,2607,-1007,-1007,2602,8.0,278,241,38,241364
Caaaa:94,Caaaa,94,27661,2661,-1163,-1163,2658,7.1,316,246,34,145804
Caaaa:95,Caaaa,95,29511,4511,323,323,4501,7.0,320,242,36,153646
Caaaa:96,Caaaa,96,29920,4920,638,601,4881,7.0,304,239,38,167792
Caaaa:97,Caaaa,97,29893,4893,1089,1050,4816,7.2,304,231,38,166409
Caaaa:98,Caaaa,98,30718,5718,1009,971,5655,6.3,295,230,38,156274
Caaaa:99,Caaaa,99,31120,6120,1614,1594,6095,6.1,292,222,38,166223
Caaaa:100,Caaaa,100,31888,6888,2068,2001,6817,6.1,293,224,38,174375
Caaaa:101,Caaaa,101,32306,7306,2806,2828,7234,5.3,289,221,37,148182
Caaaa:102,Caaaa,102,32311,7311,2814,2764,7214,5.2,282,216,36,143556
Caaaa:103,Caaaa,103,30843,5843,859,797,5751,6.0,277,216,36,158977
Caaaa:104,Caaaa,104,31357,6357,1767,1711,6193,6.0,282,214,35,134825
Caaaa:105,Caaaa,105,30992,5992,1365,1397,5753,6.1,276,209,35,130231
Caaap:94,Caaap,94,28086,3086,-846,-846,3085,8.0,246,229,30,118681
Caaap:95,Caaap,95,28761,3761,306,306,3744,9.0,246,219,36,156246
Caaap:96,Caaap,96,30143,5143,1554,1554,5121,9.1,238,214,38,164231
Caaap:97,Caaap,97,30382,5382,1927,1927,5332,9.1,226,209,38,174643
Caaap:98,Caaap,98,30055,5055,1158,1155,5036,8.3,214,208,38,155708
Caaap:99,Caaap,99,30011,5011,1858,1871,4893,9.1,200,212,38,181309
Caaap:100,Caaap,100,31236,6236,2739,2739,6223,9.1,201,210,38,180411
Caaap:101,Caaap,101,30073,5073,1244,1244,5058,9.3,193,216,37,145393
Caaap:102,Caaap,102,30727,5727,2124,2118,5595,10.1,184,214,36,168540
Caaap:103,Caaap,103,30211,5211,1463,1463,5120,9.2,183,215,36,162975
Caaap:104,Caaap,104,30484,5484,1750,1748,5397,8.2,177,213,35,126725
Caaap:105,Caaap,105,30673,5673,1715,1712,5504,9.0,177,208,35,148481
Caap:68,Caap,68,29640,4640,905,905,4636,7.2,321,321,34,183496
Caap:69,Caap,69,28928,3928,-57,-57,3928,7.2,314,313,39,218714
Caap:70,Caap,70,29030,4030,-65,-65,4030,7.1,298,314,43,248614
Caap:71,Caap,71,29328,4328,957,957,4328,7.8,286,306,42,252201
Caap:72,Caap,72,28761,3761,-211,-211,3760,7.2,280,297,42,278412
Caap:73,Caap,73,28544,3544,-351,-410,3498,7.1,275,274,43,296131
Caap:74,Caap,74,29686,4686,393,428,4633,7.0,265,258,44,336422
Caap:75,Caap,75,29451,4451,333,324,4417,6.8,255,253,44,328037
Caap:76,Caap,76,29606,4606,524,514,4606,6.1,254,247,44,348536
Caap:77,Caap,77,29462,4462,137,137,4462,6.0,255,239,44,347996
Caap:78,Caap,78,30432,5432,1407,1407,5422,6.0,246,242,43,319152
Caap:79,Caap,79,29808,4808,670,670,4808,6.0,244,240,45,342481
Caap:80,Caap,80,30752,5752,1639,1639,5752,6.0,236,245,44,352845
Caap:81,Caap,81,29923,4923,1050,1050,4923,6.9,232,242,44,348763
Caap:82,Caap,82,29633,4633,631,631,4631,6.1,231,241,44,347279
Caap:83,Caap,83,30766,5766,1820,1820,5764,6.1,226,239,44,353643
Caap:84,Caap,84,29516,4516,825,837,4497,6.9,223,232,44,350402
Caap:85,Caap,85,30035,5035,928,928,5030,6.1,218,232,44,360234
Caap:86,Caap,86,30278,5278,1279,1280,5273,6.1,211,234,44,361158
Caap:87,Caap,87,30547,5547,1217,1215,5533,6.0,206,233,44,370267
Caap:88,Caap,88,29861,4861,489,489,4859,6.1,199,222,44,369873
Caap:89,Caap,89,31030,6030,1809,1815,6028,6.1,195,220,45,382717
Caap:90,Caap,90,30143,5143,1134,1114,5120,6.9,192,219,43,276271
Caap:91,Caap,91,30178,5178,1105,1104,5167,7.0,189,214,46,352673
Caap:92,Caap,92,30793,5793,1533,1539,5711,7.1,171,217,44,307972
Caap:93,Caap,93,30175,5175,1181,1179,5133,7.1,169,222,42,293698
Caap:94,Caap,94,30175,5175,443,443,5163,6.2,169,231,40,252295
Caap:95,Caap,95,30876,5876,1236,1236,5869,6.3,172,220,40,247011
Caap:96,Caap,96,29626,4626,592,592,4581,7.2,171,222,38,251271
Caap:97,Caap,97,28574,3574,-71,-71,3555,8.1,166,225,34,213558
Caap:98,Caap,98,27965,2965,-445,-442,2947,8.1,161,224,34,214242
Caapa:99,Caapa,99,28923,3923,-482,-482,3856,6.0,160,240,34,168864
Caapa:100,Caapa,100,29528,4528,-303,-303,4498,6.1,153,243,36,175175
Caapa:101,Caapa,101,29971,4971,763,763,4955,6.1,147,243,35,155531
Caapa:102,Caapa,102,30274,5274,582,582,5242,6.0,149,242,32,138368
Caapa:103,Caapa,103,29755,4755,1174,1174,4711,6.8,142,243,32,138267
Caapa:104,Caapa,104,31415,6415,2149,2149,6352,6.8,142,247,31,130568
Caapa:105,Caapa,105,30723,5723,2639,2639,5709,7.2,131,245,35,168697
Caapp:99,Caapp,99,28293,3293,-225,-225,3216,10.8,145,215,34,158616
Caapp:100,Caapp,100,28287,3287,257,258,3157,11.3,147,211,38,167265
Caapp:101,Caapp,101,29167,4167,1286,1286,4088,12.2,139,214,37,146401
Caapp:102,Caapp,102,29562,4562,1654,1654,4419,12.2,135,220,36,140833
Caapp:103,Caapp,103,28704,3704,440,440,3642,13.2,130,214,34,136592
Caapp:104,Caapp,104,29008,4008,1075,1075,3892,13.2,135,216,35,146392
Caapp:105,Caapp,105,29401,4401,1052,1052,4209,13.2,131,219,35,130275
Cap:44,Cap,44,27205,2205,-1070,-1070,2199,9.0,311,298,35,232573
Cap:45,Cap,45,28123,3123,-709,-711,3123,8.2,293,292,51,446480
Cap:46,Cap,46,28283,3283,-110,-84,3283,9.5,280,281,60,679957
Cap:47,Cap,47,28581,3581,-134,-191,3581,8.8,265,258,60,746223
Cap:48,Cap,48,28402,3402,-424,-469,3402,9.0,254,263,60,831341
Cap:49,Cap,49,28288,3288,-639,-654,3288,7.7,251,255,57,740279
Cap:50,Cap,50,28846,3846,-292,-292,3846,6.3,259,271,55,754442
Cap:51,Cap,51,30260,5260,950,950,5260,5.4,264,275,55,733663
Cap:52,Cap,52,28642,3642,-666,-666,3642,5.9,267,277,53,713287
Cap:53,Cap,53,29587,4587,437,444,4587,5.3,270,283,56,853406
Cap:54,Cap,54,30051,5051,734,734,5051,5.3,273,302,56,879307
Cap:55,Cap,55,29116,4116,-375,-375,4116,5.3,269,296,58,917118
Cap:56,Cap,56,29410,4410,31,15,4410,5.8,270,294,54,819279
Cap:57,Cap,57,29259,4259,-319,-319,4253,6.0,265,293,53,782886
Cap:58,Cap,58,29195,4195,24,5,4195,6.0,270,285,57,926419
Cap:59,Cap,59,29626,4626,476,467,4626,5.5,273,277,59,956085
Cap:60,Cap,60,29567,4567,363,354,4567,5.5,271,265,57,867904
Cap:61,Cap,61,29148,4148,-322,-320,4148,6.0,269,257,54,871871
Cap:62,Cap,62,29190,4190,-524,-524,4190,6.1,275,252,54,891414
Cap:63,Cap,63,29303,4303,-312,-316,4303,6.2,277,254,56,778531
Cap:64,Cap,64,29704,4704,562,559,4704,6.2,261,245,58,827362
Cap:65,Cap,65,29208,4208,34,-49,4182,6.3,260,243,60,891289
Cap:66,Cap,66,29233,4233,-394,-428,4210,6.1,266,235,54,750759
Cap:67,Cap,67,29677,4677,435,431,4677,6.1,268,239,55,761775
Cap:68,Cap,68,28940,3940,-318,-318,3940,6.0,266,236,52,687823
Cap:69,Cap,69,29843,4843,830,828,4829,6.2,268,235,51,621513
Cap:70,Cap,70,28372,3372,-736,-732,3372,7.1,276,233,47,490738
Cap:71,Cap,71,27675,2675,-691,-691,2675,7.1,273,221,34,241461
Capa:72,Capa,72,27724,2724,-1457,-1458,2703,6.2,298,228,34,197580
Capa:73,Capa,73,28132,3132,-1142,-1142,3132,6.1,308,222,35,188765
Capa:74,Capa,74,28759,3759,-583,-585,3755,6.9,307,214,44,278386
Capa:75,Capa,75,29360,4360,280,255,4359,7.0,311,208,44,303604
Capa:76,Capa,76,29665,4665,373,370,4620,7.1,322,199,44,307198
Capa:77,Capa,77,29681,4681,500,497,4675,7.1,320,197,46,364455
Capa:78,Capa,78,29575,4575,589,566,4570,7.2,313,198,47,381759
Capa:79,Capa,79,29257,4257,555,555,4256,7.3,304,193,45,306651
Capa:80,Capa,80,29196,4196,349,349,4196,8.0,288,191,46,403846
Capa:81,Capa,81,28738,3738,163,153,3738,8.2,290,188,48,442949
Capa:82,Capa,82,29619,4619,1198,1198,4619,8.3,279,181,46,386676
Capa:83,Capa,83,29152,4152,1104,1104,4152,9.1,280,176,46,402675
Capa:84,Capa,84,28999,3999,784,784,3999,9.4,276,173,48,425496
Capa:85,Capa,85,28866,3866,673,673,3866,9.3,268,178,46,390088
Capa:86,Capa,86,29621,4621,1456,1444,4621,10.3,252,177,46,402066
Capa:87,Capa,87,29278,4278,1021,1005,4278,10.3,248,174,46,387371
Capa:88,Capa,88,28935,3935,863,869,3935,12.0,248,168,44,347793
Capa:89,Capa,89,29494,4494,1580,1584,4494,12.0,243,167,47,387058
Capa:90,Capa,90,29471,4471,1564,1589,4471,13.2,234,168,47,312476
Capa:91,Capa,91,28724,3724,798,829,3723,14.1,235,165,46,314986
Capa:92,Capa,92,28275,3275,286,307,3257,14.1,229,166,44,262729
Capa:93,Capa,93,28549,3549,1,42,3476,15.0,219,169,42,239835
Capa:94,Capa,94,30123,5123,1977,1995,5119,16.1,201,173,42,259770
Capa:95,Capa,95,30073,5073,2188,2202,4991,17.0,214,166,40,228545
Capa:96,Capa,96,30341,5341,1696,1651,5180,16.2,212,174,38,211481
Capa:97,Capa,97,28963,3963,686,673,3548,16.3,209,178,38,200386
Capa:98,Capa,98,29933,4933,1751,1763,4825,18.0,206,176,38,218031
Capa:99,Capa,99,29423,4423,1469,1467,4321,18.1,206,178,38,204653
Capa:100,Capa,100,28912,3912,888,887,3902,19.1,211,177,38,190788
Capa:101,Capa,101,28707,3707,855,843,3682,19.1,214,181,37,163004
Capa:102,Capa,102,28958,3958,749,749,3943,21.0,215,187,36,171768
Capa:103,Capa,103,28388,3388,620,620,3330,21.1,212,193,36,169164
Capa:104,Capa,104,28240,3240,411,411,3215,21.1,200,210,35,124926
Capa:105,Capa,105,27157,2157,-677,-677,2135,21.2,195,224,35,116163
Capp:72,Capp,72,27817,2817,-1086,-1087,2795,8.1,254,211,32,194291
Capp:73,Capp,73,28221,3221,-440,-440,3221,8.1,246,202,35,198947
Capp:74,Capp,74,28720,3720,547,547,3720,8.9,239,194,44,292439
Capp:75,Capp,75,29991,4991,1685,1685,4990,9.1,234,189,44,297318
Capp:76,Capp,76,29276,4276,1315,1315,4273,10.0,219,180,46,391273
Capp:77,Capp,77,29666,4666,1660,1660,4665,10.1,217,182,46,403673
Capp:78,Capp,78,29258,4258,1204,1204,4258,9.2,211,181,47,388196
Capp:79,Capp,79,28714,3714,717,717,3714,10.2,204,181,47,401580
Capp:80,Capp,80,28866,3866,734,734,3866,9.3,196,189,46,393137
Capp:81,Capp,81,29774,4774,1741,1741,4774,10.0,199,186,44,357543
Capp:82,Capp,82,29361,4361,1254,1254,4358,10.2,197,195,46,411885
Capp:83,Capp,83,28156,3156,-95,-95,3149,10.2,198,193,46,420013
Capp:84,Capp,84,29258,4258,1320,1303,4236,10.4,197,193,48,459523
Capp:85,Capp,85,28806,3806,640,642,3787,11.1,192,194,46,429036
Capp:86,Capp,86,29323,4323,1156,1156,4305,11.1,188,194,46,444070
Capp:87,Capp,87,28875,3875,697,697,3849,11.2,187,198,46,418565
Capp:88,Capp,88,28880,3880,875,875,3775,12.1,185,199,46,437714
Capp:89,Capp,89,29196,4196,886,888,3963,12.1,186,202,47,436831
Capp:90,Capp,90,30146,5146,2253,2316,5021,12.1,177,193,47,341770
Capp:91,Capp,91,29442,4442,1377,1357,4318,13.0,179,190,46,353066
Capp:92,Capp,92,30121,5121,1804,1831,4894,12.1,185,193,44,285563
Capp:93,Capp,93,30120,5120,1992,1977,4953,12.1,186,196,42,264944
Capp:94,Capp,94,29557,4557,1293,1330,4432,12.2,174,202,42,275015
Capp:95,Capp,95,29125,4125,388,412,4034,13.0,190,196,40,251174
Capp:96,Capp,96,29538,4538,978,976,4427,12.1,187,198,38,216124
Capp:97,Capp,97,29696,4696,1507,1469,4334,13.2,187,196,38,231573
Capp:98,Capp,98,28991,3991,727,716,3814,14.1,184,202,38,235854
Capp:99,Capp,99,28506,3506,319,345,2709,14.0,189,208,38,211197
Capp:100,Capp,100,28409,3409,167,164,3107,15.2,185,217,38,191733
Capp:101,Capp,101,27964,2964,278,280,2819,17.0,182,218,37,164778
Capp:102,Capp,102,27916,2916,155,155,2081,15.2,179,224,34,160780
Cappa:103,Cappa,103,28126,3126,222,222,2534,14.1,193,225,32,130438
Cappa:104,Cappa,104,28362,3362,413,413,2944,13.2,193,225,33,125007
Cappa:105,Cappa,105,29462,4462,1055,1058,3828,13.1,190,225,35,118722
Cappp:103,Cappp,103,28170,3170,492,492,3041,18.8,163,215,32,123806
Cappp:104,Cappp,104,27241,2241,-591,-591,2035,18.9,152,221,31,106438
Cappp:105,Cappp,105,28556,3556,832,832,3248,19.1,143,221,35,130274
Cp:27,Cp,27,27263,2263,-835,-799,2263,10.6,243,353,56,590768
Cp:28,Cp,28,28110,3110,-402,-398,3110,9.6,231,344,65,767275
Cp:29,Cp,29,28218,3218,-677,-678,3218,8.5,225,343,65,767778
Cp:30,Cp,30,28476,3476,-240,-240,3476,9.4,216,339,61,719106
Cp:31,Cp,31,28968,3968,96,96,3968,9.2,198,336,63,866523
Cp:32,Cp,32,28552,3552,-340,-340,3552,9.2,199,319,61,875215
Cp:33,Cp,33,28018,3018,-721,-721,3018,10.1,190,331,63,1050667
Cp:34,Cp,34,28490,3490,-176,-176,3490,10.1,189,337,65,1292595
Cp:35,Cp,35,28384,3384,-267,-267,3384,11.0,193,346,64,1386597
Cp:36,Cp,36,28519,3519,27,27,3519,11.2,197,348,64,1402484
Cp:37,Cp,37,28826,3826,98,98,3826,11.0,196,346,65,1476067
Cp:38,Cp,38,28669,3669,218,218,3669,11.2,191,344,65,1482370
Cp:39,Cp,39,28188,3188,-299,-299,3188,11.0,187,342,62,1427244
Cp:40,Cp,40,27775,2775,-948,-948,2775,11.0,193,348,64,1624114
Cp:41,Cp,41,28429,3429,-104,-104,3429,10.2,199,342,67,1619494
Cp:42,Cp,42,29222,4222,726,726,4222,11.1,207,345,62,968473
Cp:43,Cp,43,27273,2273,-1281,-1281,2273,10.9,203,341,61,953155
Cpa:44,Cpa,44,27598,2598,-835,-840,2598,8.3,213,363,39,264227
Cpa:45,Cpa,45,28074,3074,-735,-749,3074,8.9,212,368,61,679584
Cpa:46,Cpa,46,28525,3525,-548,-559,3525,8.8,204,363,60,683183
Cpa:47,Cpa,47,28720,3720,-694,-694,3720,7.8,202,359,60,742383
Cpa:48,Cpa,48,29346,4346,-78,-78,4346,7.6,207,357,60,746993
Cpa:49,Cpa,49,29276,4276,45,45,4276,7.9,216,363,57,750826
Cpa:50,Cpa,50,28675,3675,-1032,-1035,3675,7.2,220,370,55,719410
Cpa:51,Cpa,51,29025,4025,-529,-554,4024,7.2,224,371,55,787418
Cpa:52,Cpa,52,28975,3975,-715,-772,3971,7.4,223,367,57,848528
Cpa:53,Cpa,53,28890,3890,-273,-299,3887,8.2,221,368,54,849357
Cpa:54,Cpa,54,28655,3655,-616,-598,3654,8.3,213,372,56,918993
Cpa:55,Cpa,55,28808,3808,166,172,3795,9.1,215,372,56,971562
Cpa:56,Cpa,56,28456,3456,-709,-710,3456,8.0,215,374,58,1048390
Cpa:57,Cpa,57,28921,3921,-279,-281,3921,8.1,212,363,57,990366
Cpa:58,Cpa,58,28728,3728,-560,-560,3728,8.0,217,354,57,1012361
Cpa:59,Cpa,59,29186,4186,-52,-56,4186,8.0,227,358,59,1077841
Cpa:60,Cpa,60,28788,3788,-970,-970,3788,7.2,224,355,59,1049835
Cpa:61,Cpa,61,28750,3750,-827,-827,3750,7.3,219,356,58,1080362
Cpa:62,Cpa,62,28763,3763,-488,-488,3763,7.5,221,349,60,1113103
Cpa:63,Cpa,63,28476,3476,-725,-725,3476,8.1,220,349,60,934088
Cpa:64,Cpa,64,28687,3687,-565,-565,3687,8.0,212,347,54,633317
Cpaa:65,Cpaa,65,28046,3046,-390,-387,2992,8.1,224,370,38,243947
Cpaa:66,Cpaa,66,28401,3401,-1314,-1314,3401,7.3,234,380,50,356940
Cpaa:67,Cpaa,67,28597,3597,-937,-959,3581,7.2,220,368,53,421212
Cpaa:68,Cpaa,68,29322,4322,-167,-163,4322,6.9,230,364,50,378424
Cpaa:69,Cpaa,69,29591,4591,-167,-189,4589,6.1,227,365,47,318774
Cpaa:70,Cpaa,70,30473,5473,738,707,5467,6.0,223,362,47,342300
Cpaa:71,Cpaa,71,30280,5280,474,457,5278,6.2,218,362,46,345654
Cpaa:72,Cpaa,72,30484,5484,552,537,5484,6.2,213,362,46,364724
Cpaa:73,Cpaa,73,29717,4717,24,3,4717,6.1,218,348,47,360338
Cpaa:74,Cpaa,74,29350,4350,-538,-539,4349,6.3,203,352,48,422875
Cpaa:75,Cpaa,75,30120,5120,694,692,5120,6.3,209,347,48,410867
Cpaa:76,Cpaa,76,29596,4596,21,26,4595,6.9,214,348,48,431133
Cpaa:77,Cpaa,77,29792,4792,-25,-28,4792,6.1,216,345,48,433615
Cpaa:78,Cpaa,78,30218,5218,521,519,5218,6.1,218,343,47,381089
Cpaa:79,Cpaa,79,31108,6108,1275,1264,6108,6.1,213,341,47,396828
Cpaa:80,Cpaa,80,29892,4892,450,452,4892,6.1,217,348,48,444378
Cpaa:81,Cpaa,81,30178,5178,283,284,5178,6.2,216,345,48,444376
Cpaa:82,Cpaa,82,30188,5188,365,365,5188,6.3,213,345,48,413007
Cpaa:83,Cpaa,83,29799,4799,146,146,4799,6.2,219,338,48,436145
Cpaa:84,Cpaa,84,30282,5282,718,718,5282,5.3,223,330,46,353445
Cpaa:85,Cpaa,85,29795,4795,543,543,4795,6.3,221,330,48,438580
Cpaa:86,Cpaa,86,29773,4773,801,801,4773,7.1,220,331,48,479471
Cpaa:87,Cpaa,87,30614,5614,1536,1536,5614,6.2,211,327,46,391136
Cpaa:88,Cpaa,88,29712,4712,679,679,4712,7.1,210,329,44,344656
Cpaa:89,Cpaa,89,27842,2842,-831,-831,2842,7.1,209,328,35,235957
Cpaaa:90,Cpaaa,90,28294,3294,-1239,-1239,3292,6.3,232,357,35,139577
Cpaaa:91,Cpaaa,91,29668,4668,24,18,4639,6.1,234,362,40,190109
Cpaaa:92,Cpaaa,92,29965,4965,1069,1047,4947,7.1,244,354,40,182493
Cpaaa:93,Cpaaa,93,29995,4995,789,789,4986,6.9,257,351,38,177552
Cpaaa:94,Cpaaa,94,30334,5334,986,964,5323,6.1,262,349,42,210504
Cpaaa:95,Cpaaa,95,31294,6294,2175,2189,6265,6.1,256,340,40,199639
Cpaaa:96,Cpaaa,96,31292,6292,1510,1510,6282,5.2,248,349,38,172987
Cpaaa:97,Cpaaa,97,32022,7022,2558,2558,7019,5.3,247,346,38,174268
Cpaaa:98,Cpaaa,98,32023,7023,2526,2526,7009,5.3,244,342,38,175303
Cpaaa:99,Cpaaa,99,32018,7018,2346,2346,6997,5.3,250,331,38,176555
Cpaaa:100,Cpaaa,100,31689,6689,2315,2324,6652,6.0,249,329,38,181289
Cpaaa:101,Cpaaa,101,32365,7365,2538,2538,7346,5.2,247,322,37,162266
Cpaaa:102,Cpaaa,102,32608,7608,3033,3023,7420,5.1,248,312,36,162329
Cpaaa:103,Cpaaa,103,31864,6864,2351,2364,6622,5.1,242,308,36,174485
Cpaaa:104,Cpaaa,104,31505,6505,1535,1616,6067,5.2,236,303,35,147169
Cpaaa:105,Cpaaa,105,30471,5471,565,536,5033,4.9,235,303,35,147169
Cpaap:90,Cpaap,90,27732,2732,-1390,-1390,2730,7.4,180,307,33,138525
Cpaap:91,Cpaap,91,28698,3698,-222,-287,3627,7.3,181,308,40,196401
Cpaap:92,Cpaap,92,30012,5012,646,588,4991,7.2,180,314,40,195382
Cpaap:93,Cpaap,93,30354,5354,1668,1665,5316,8.0,176,315,38,182188
Cpaap:94,Cpaap,94,30718,5718,2022,2075,5690,7.2,186,312,42,210789
Cpaap:95,Cpaap,95,30494,5494,1879,1869,5478,7.1,183,309,40,204523
Cpaap:96,Cpaap,96,30875,5875,1740,1741,5842,7.2,171,309,38,190096
Cpaap:97,Cpaap,97,29607,4607,595,604,4526,8.1,172,306,38,194074
Cpaap:98,Cpaap,98,30735,5735,2253,2316,5685,8.1,172,310,38,185330
Cpaap:99,Cpaap,99,30806,5806,1583,1555,5764,7.3,170,306,38,179080
Cpaap:100,Cpaap,100,31604,6604,2858,2858,6539,7.2,167,301,38,182945
Cpaap:101,Cpaap,101,29967,4967,1242,1179,4842,8.3,168,293,37,176357
Cpaap:102,Cpaap,102,31824,6824,2978,2947,6714,8.2,172,291,36,177371
Cpaap:103,Cpaap,103,31486,6486,2591,2642,6404,8.2,171,292,36,173089
Cpaap:104,Cpaap,104,31613,6613,2701,2688,6539,8.2,170,295,35,156369
Cpaap:105,Cpaap,105,30994,5994,2234,2186,5901,8.2,172,295,35,145931
Cpap:65,Cpap,65,27455,2455,-948,-1007,2387,8.1,210,330,36,222298
Cpap:66,Cpap,66,27599,2599,-1361,-1361,2599,7.2,214,312,36,211031
Cpap:67,Cpap,67,29168,4168,147,131,4168,7.2,193,303,49,333661
Cpap:68,Cpap,68,28874,3874,-171,-164,3874,7.1,189,303,50,389120
Cpap:69,Cpap,69,29191,4191,603,603,4191,7.9,181,289,47,338475
Cpap:70,Cpap,70,29043,4043,341,328,4037,8.1,178,275,45,307567
Cpap:71,Cpap,71,28865,3865,58,57,3864,8.1,174,260,46,385527
Cpap:72,Cpap,72,29370,4370,39,39,4370,7.3,168,256,46,366843
Cpap:73,Cpap,73,28793,3793,-660,-660,3793,7.3,170,256,47,378219
Cpap:74,Cpap,74,29475,4475,670,670,4475,8.0,170,251,48,472999
Cpap:75,Cpap,75,28503,3503,-105,-83,3499,8.2,165,254,48,473734
Cpap:76,Cpap,76,29488,4488,456,455,4487,8.1,164,251,48,486901
Cpap:77,Cpap,77,28876,3876,-203,-203,3875,8.0,165,258,46,435104
Cpap:78,Cpap,78,29517,4517,714,714,4514,8.1,156,260,47,428666
Cpap:79,Cpap,79,28796,3796,-439,-439,3795,8.1,157,264,47,446298
Cpap:80,Cpap,80,29364,4364,532,532,4364,8.1,153,272,46,439415
Cpap:81,Cpap,81,28858,3858,-122,-122,3857,8.2,154,269,48,496773
Cpap:82,Cpap,82,29686,4686,941,941,4686,8.1,157,269,46,451840
Cpap:83,Cpap,83,30011,5011,1005,1005,5011,8.1,153,267,48,491996
Cpap:84,Cpap,84,29387,4387,617,617,4387,8.3,154,267,48,479840
Cpap:85,Cpap,85,29455,4455,1024,1024,4455,8.2,158,267,46,407340
Cpap:86,Cpap,86,29596,4596,951,952,4596,9.1,157,269,48,523117
Cpap:87,Cpap,87,28415,3415,78,78,3415,10.2,158,270,48,508751
Cpap:88,Cpap,88,29125,4125,1222,1220,4123,10.2,156,261,48,498151
Cpap:89,Cpap,89,29266,4266,1055,1055,4263,10.1,155,263,47,478739
Cpap:90,Cpap,90,27824,2824,-381,-381,2821,10.9,147,262,43,281207
Cpapa:91,Cpapa,91,28493,3493,358,342,3379,8.4,150,280,34,151737
Cpapa:92,Cpapa,92,28307,3307,-609,-649,3291,9.0,137,289,40,211005
Cpapa:93,Cpapa,93,29662,4662,939,950,4612,9.9,137,289,38,183394
Cpapa:94,Cpapa,94,29614,4614,1349,1364,4594,8.9,137,304,38,193293
Cpapa:95,Cpapa,95,29467,4467,1106,1085,4444,8.1,134,291,36,177643
Cpapa:96,Cpapa,96,30721,5721,2911,2913,5681,9.0,123,295,38,202153
Cpapa:97,Cpapa,97,29192,4192,964,974,4130,10.0,124,305,38,212415
Cpapa:98,Cpapa,98,30018,5018,1684,1703,4921,10.0,126,312,38,205977
Cpapa:99,Cpapa,99,29520,4520,1299,1284,4440,9.1,124,315,38,200772
Cpapa:100,Cpapa,100,29719,4719,1754,1847,4552,9.2,126,311,38,196007
Cpapa:101,Cpapa,101,30034,5034,1603,1645,4905,9.3,128,312,37,184531
Cpapa:102,Cpapa,102,30735,5735,2126,2203,5553,9.2,130,307,36,182092
Cpapa:103,Cpapa,103,29939,4939,1398,1405,4815,9.3,128,311,36,178608
Cpapa:104,Cpapa,104,30438,5438,2095,2100,5082,10.1,130,314,35,155799
Cpapa:105,Cpapa,105,31207,6207,2758,2790,5881,10.1,135,315,35,160755
Cpapp:91,Cpapp,91,27878,2878,-150,-150,2816,11.2,140,240,34,164328
Cpapp:92,Cpapp,92,28879,3879,1110,1124,3775,12.1,139,232,40,200816
Cpapp:93,Cpapp,93,28248,3248,-40,-54,3011,12.1,139,226,38,204488
Cpapp:94,Cpapp,94,28916,3916,594,581,3853,12.0,132,236,38,197794
Cpapp:95,Cpapp,95,29160,4160,974,1005,4068,12.1,139,216,38,209919
Cpapp:96,Cpapp,96,30812,5812,2641,2641,5792,12.2,126,211,36,188775
Cpapp:97,Cpapp,97,29781,4781,1937,1937,4779,14.0,114,215,38,229218
Cpapp:98,Cpapp,98,29087,4087,1250,1250,4083,15.0,111,222,38,210223
Cpapp:99,Cpapp,99,28917,3917,823,823,3896,15.2,106,237,38,205201
Cpapp:100,Cpapp,100,28759,3759,733,733,3741,15.2,104,237,38,206376
Cpapp:101,Cpapp,101,30482,5482,2383,2387,5435,17.1,100,250,37,186236
Cpapp:102,Cpapp,102,29996,4996,1972,1972,4971,18.0,95,253,34,158765
Cpapp:103,Cpapp,103,28406,3406,648,648,3389,17.1,95,253,36,184160
Cpapp:104,Cpapp,104,29529,4529,1275,1275,4519,17.1,95,256,35,149057
Cpapp:105,Cpapp,105,29815,4815,1613,1613,4808,17.1,94,258,35,162547
Cpp:44,Cpp,44,27764,2764,-517,-528,2764,11.2,177,315,55,577134
Cpp:45,Cpp,45,28076,3076,-139,-135,3076,11.5,168,312,61,657547
Cpp:46,Cpp,46,28121,3121,-233,-254,3121,11.7,158,302,60,692972
Cpp:47,Cpp,47,28255,3255,-209,-181,3253,11.7,144,284,60,740431
Cpp:48,Cpp,48,28236,3236,-197,-211,3236,9.9,136,266,60,881488
Cpp:49,Cpp,49,28111,3111,-252,-252,3111,9.8,130,271,57,840965
Cpp:50,Cpp,50,28844,3844,185,185,3844,9.0,135,280,55,839695
Cpp:51,Cpp,51,28952,3952,20,20,3952,8.3,136,283,55,808968
Cpp:52,Cpp,52,29011,4011,311,310,4011,9.3,132,288,57,974537
Cpp:53,Cpp,53,28509,3509,-192,-193,3509,9.1,135,288,56,1020407
Cpp:54,Cpp,54,28927,3927,431,431,3927,10.2,128,293,56,1008870
Cpp:55,Cpp,55,28618,3618,9,9,3618,9.3,137,296,58,1097964
Cpp:56,Cpp,56,28568,3568,-43,-43,3568,10.0,138,276,58,1111236
Cpp:57,Cpp,57,28559,3559,355,356,3559,11.2,135,275,59,1116238
Cpp:58,Cpp,58,28638,3638,145,145,3638,11.3,143,273,59,1085737
Cpp:59,Cpp,59,28758,3758,104,104,3758,11.2,154,271,57,1017543
Cpp:60,Cpp,60,29298,4298,974,974,4298,11.2,151,265,59,1124600
Cpp:61,Cpp,61,28482,3482,-177,-177,3482,12.1,147,263,58,1136958
Cpp:62,Cpp,62,28618,3618,45,45,3618,11.0,151,255,56,1081924
Cpp:63,Cpp,63,28451,3451,-97,-97,3451,10.4,157,255,58,874108
Cpp:64,Cpp,64,28279,3279,-2,-2,3279,11.3,155,256,58,878733
Cpp:65,Cpp,65,28235,3235,18,18,3235,12.0,157,251,56,878493
Cpp:66,Cpp,66,28093,3093,-201,-201,3093,11.2,149,254,56,685180
Cpp:67,Cpp,67,27102,2102,-1128,-1128,2102,11.8,140,262,53,609584
Cppa:68,Cppa,68,27887,2887,-153,-153,2887,10.2,124,278,40,272448
Cppa:69,Cppa,69,28055,3055,-280,-281,3055,11.1,118,273,43,297602
Cppa:70,Cppa,70,29070,4070,925,903,4068,10.2,119,268,45,288985
Cppa:71,Cppa,71,28940,3940,835,828,3938,11.1,115,264,46,377103
Cppa:72,Cppa,72,29502,4502,1415,1415,4502,11.1,108,269,46,384812
Cppa:73,Cppa,73,29028,4028,942,942,4028,11.1,107,274,45,348791
Cppa:74,Cppa,74,28561,3561,702,702,3561,12.2,110,262,48,482230
Cppa:75,Cppa,75,28987,3987,924,924,3982,13.1,119,260,48,494701
Cppa:76,Cppa,76,28877,3877,815,817,3872,13.0,116,272,48,484228
Cppa:77,Cppa,77,29059,4059,959,959,4057,13.9,119,273,44,351819
Cppa:78,Cppa,78,29192,4192,1080,1080,4191,14.0,119,273,47,432839
Cppa:79,Cppa,79,29196,4196,1016,1021,4188,14.1,121,291,47,432240
Cppa:80,Cppa,80,29056,4056,952,942,4044,14.2,114,294,48,472917
Cppa:81,Cppa,81,28664,3664,789,789,3659,14.1,118,296,46,445514
Cppa:82,Cppa,82,28685,3685,747,748,3683,14.1,119,307,48,488411
Cppa:83,Cppa,83,28740,3740,1021,1021,3738,14.3,119,308,48,450800
Cppa:84,Cppa,84,28777,3777,1099,1099,3777,15.1,122,303,48,470062
Cppa:85,Cppa,85,28882,3882,1420,1420,3881,15.1,122,312,48,479158
Cppa:86,Cppa,86,29052,4052,1593,1593,4052,14.4,117,329,48,435406
Cppa:87,Cppa,87,28985,3985,1153,1153,3985,16.1,115,333,46,428655
Cppa:88,Cppa,88,28632,3632,1050,1049,3632,18.1,121,331,48,465946
Cppa:89,Cppa,89,29182,4182,1460,1455,4181,17.1,114,337,47,438631
Cppa:90,Cppa,90,29204,4204,1575,1571,4204,17.1,116,339,47,357137
Cppa:91,Cppa,91,30127,5127,1955,1955,5127,17.0,110,329,46,373512
Cppa:92,Cppa,92,30065,5065,2069,2069,5063,16.0,107,328,44,313331
Cppa:93,Cppa,93,28590,3590,628,628,3552,15.1,111,324,42,270863
Cppa:94,Cppa,94,29331,4331,1290,1290,4311,15.2,112,334,40,233714
Cppa:95,Cppa,95,29115,4115,1198,1216,4077,16.2,103,321,40,227403
Cppa:96,Cppa,96,29526,4526,1170,1170,4476,17.1,106,323,38,235584
Cppa:97,Cppa,97,30354,5354,2252,2259,5311,18.0,114,334,38,235520
Cppa:98,Cppa,98,29037,4037,915,912,3888,19.0,126,324,38,203611
Cppa:99,Cppa,99,28721,3721,821,821,3637,20.1,140,325,38,198447
Cppa:100,Cppa,100,28432,3432,375,375,3379,20.0,146,332,38,210544
Cppa:101,Cppa,101,28263,3263,720,720,3263,22.0,155,340,37,173225
Cppa:102,Cppa,102,27158,2158,-510,-510,1906,19.2,161,356,34,160196
Cppaa:103,Cppaa,103,28177,3177,-247,-248,3110,21.0,195,371,32,129724
Cppaa:104,Cppaa,104,27525,2525,-681,-681,2487,21.1,201,381,35,135738
Cppaa:105,Cppaa,105,28822,3822,670,670,3764,21.1,204,387,35,131801
Cppap:103,Cppap,103,27890,2890,-35,-35,2803,21.1,150,334,32,126319
Cppap:104,Cppap,104,28181,3181,641,641,3078,21.0,146,336,35,127755
Cppap:105,Cppap,105,28105,3105,-19,-19,2985,21.1,149,338,33,109343
Cppp:68,Cppp,68,26867,1867,-1382,-1382,1867,11.2,151,222,36,226502
Cppp:69,Cppp,69,27772,2772,-577,-575,2772,11.1,151,212,47,345376
Cppp:70,Cppp,70,28341,3341,285,285,3341,11.2,160,205,45,267844
Cppp:71,Cppp,71,28434,3434,460,460,3434,12.1,167,198,46,334806
Cppp:72,Cppp,72,28777,3777,667,667,3776,13.0,165,188,46,368639
Cppp:73,Cppp,73,28631,3631,702,705,3630,14.1,167,183,47,403214
Cppp:74,Cppp,74,28800,3800,872,885,3800,15.0,171,182,46,420550
Cppp:75,Cppp,75,28386,3386,528,528,3384,14.2,177,178,46,405089
Cppp:76,Cppp,76,28657,3657,823,823,3650,15.2,171,184,48,466034
Cppp:77,Cppp,77,29039,4039,1319,1319,4034,15.1,165,185,48,481085
Cppp:78,Cppp,78,28899,3899,1169,1169,3897,15.1,160,190,47,426669
Cppp:79,Cppp,79,29095,4095,1146,1146,4094,15.2,147,197,47,429838
Cppp:80,Cppp,80,29073,4073,1353,1353,4073,15.2,138,208,48,496278
Cppp:81,Cppp,81,28026,3026,-60,-60,3026,15.1,141,206,46,417315
Cppp:82,Cppp,82,28342,3342,587,587,3342,15.1,136,211,46,422610
Cppp:83,Cppp,83,29295,4295,1470,1470,4295,15.2,138,210,48,468396
Cppp:84,Cppp,84,28823,3823,1126,1126,3823,15.2,141,214,48,444604
Cppp:85,Cppp,85,28435,3435,476,476,3428,15.2,145,222,48,459676
Cppp:86,Cppp,86,28921,3921,1346,1346,3917,16.1,138,227,48,479843
Cppp:87,Cppp,87,28799,3799,925,925,3788,16.2,137,235,48,441845
Cppp:88,Cppp,88,28288,3288,835,835,3287,18.1,136,229,48,452262
Cppp:89,Cppp,89,28552,3552,1102,1102,3546,17.2,130,231,47,377259
Cppp:90,Cppp,90,28871,3871,1323,1323,3861,18.0,120,240,47,317018
Cppp:91,Cppp,91,29283,4283,1351,1351,4202,17.2,116,239,46,326917
Cppp:92,Cppp,92,29735,4735,1710,1705,4670,18.1,113,244,44,278223
Cppp:93,Cppp,93,27889,2889,-358,-328,2573,16.1,128,247,42,248556
Cppp:94,Cppp,94,28172,3172,286,278,2856,17.0,134,257,42,267408
Cppp:95,Cppp,95,28141,3141,-203,-205,3045,16.1,139,253,40,223027
Cppp:96,Cppp,96,28263,3263,30,30,3253,16.1,141,258,38,203560
Cppp:97,Cppp,97,27998,2998,444,444,2988,17.0,142,268,34,166470
Cpppa:98,Cpppa,98,27649,2649,-244,-245,2495,15.0,151,292,34,139675
Cpppa:99,Cpppa,99,28719,3719,411,400,3569,14.2,155,297,38,172896
Cpppa:100,Cpppa,100,28505,3505,193,183,3273,14.1,158,299,36,157788
Cpppa:101,Cpppa,101,28884,3884,718,719,3402,14.1,159,302,37,162842
Cpppa:102,Cpppa,102,29298,4298,787,791,3820,14.0,154,308,36,163860
Cpppa:103,Cpppa,103,28648,3648,106,116,3425,14.1,154,316,36,155974
Cpppa:104,Cpppa,104,29367,4367,765,744,3386,14.2,144,322,35,134252
Cpppa:105,Cpppa,105,28808,3808,438,407,2629,14.2,145,327,35,147554
Cpppp:98,Cpppp,98,27426,2426,-117,-117,2390,20.1,141,251,34,132341
Cpppp:99,Cpppp,99,27794,2794,270,271,2771,20.0,147,250,38,156331
Cpppp:100,Cpppp,100,28091,3091,197,197,3073,20.1,137,254,36,126373
Cpppp:101,Cpppp,101,28544,3544,759,762,3397,21.0,133,259,37,139937
Cpppp:102,Cpppp,102,27979,2979,186,186,2916,21.1,138,259,36,141765
Cpppp:103,Cpppp,103,27622,2622,-236,-236,2602,20.0,140,268,36,134957
Cpppp:104,Cpppp,104,27821,2821,-215,-215,2811,20.0,141,273,35,122112
Cpppp:105,Cpppp,105,28027,3027,-36,-36,3010,19.0,147,282,35,115450
P3:14,P3,14,27747,2747,-215,-215,2747,13.5,170,232,59,698067
P3:15,P3,15,27554,2554,-289,-306,2554,16.8,166,232,74,1167036
P3:16,P3,16,27907,2907,194,186,2907,18.0,160,222,76,1351090
P3:17,P3,17,27728,2728,176,180,2728,19.7,146,218,79,1637411
P3:18,P3,18,27613,2613,-121,-121,2613,18.1,143,217,78,1868456
P3:19,P3,19,27951,2951,267,265,2951,15.3,136,220,76,1949768
P3:20,P3,20,27997,2997,-47,-47,2997,16.3,130,236,75,1947314
P3:21,P3,21,27947,2947,-58,-58,2947,17.0,127,252,75,2054415
P3:22,P3,22,27804,2804,-231,-231,2804,16.7,132,258,75,2215974
P3:23,P3,23,27951,2951,-147,-147,2951,15.3,129,266,73,2167479
P3:24,P3,24,27881,2881,-241,-241,2881,14.8,128,266,71,2107671
P3:25,P3,25,28067,3067,38,38,3067,15.5,122,282,68,1992899
P3:26,P3,26,28259,3259,159,157,3259,14.8,126,287,66,1871304
P3:27,P3,27,27678,2678,-473,-490,2678,13.8,129,281,66,1906512
P3:28,P3,28,27962,2962,-57,-109,2962,14.9,134,263,65,1777760
P3:29,P3,29,27985,2985,43,16,2985,15.7,136,259,65,1693405
P3:30,P3,30,27075,2075,-1031,-1030,2075,16.7,135,257,61,1217628
P3:31,P3,31,27105,2105,-639,-639,2105,16.9,143,255,57,1121531
D:32,D,32,27654,2654,-333,-333,2654,15.2,137,272,37,339227
D:33,D,33,28151,3151,-101,-101,3151,15.8,129,261,57,772990
D:34,D,34,28239,3239,76,76,3239,15.7,118,260,59,813150
D:35,D,35,28530,3530,68,68,3530,14.8,121,267,60,938072
D:36,D,36,28349,3349,275,275,3349,14.9,116,261,60,1025366
D:37,D,37,28317,3317,176,176,3317,14.7,118,262,59,967914
D:38,D,38,28431,3431,299,299,3431,13.8,119,259,59,1077686
D:39,D,39,28415,3415,234,234,3415,13.7,124,261,60,1182525
D:40,D,40,28105,3105,-88,-88,3105,13.6,127,256,60,1169714
D:41,D,41,27996,2996,-252,-252,2996,14.8,130,250,61,1231820
D:42,D,42,28453,3453,146,146,3453,14.8,133,247,62,1345855
D:43,D,43,28343,3343,135,135,3343,14.9,136,242,61,1304993
D:44,D,44,27946,2946,-367,-367,2946,15.0,136,244,61,1397048
D:45,D,45,28090,3090,-22,-22,3090,15.9,133,236,61,1381810
D:46,D,46,27983,2983,55,56,2983,17.7,134,242,60,1280582
D:47,D,47,27712,2712,-497,-508,2704,17.2,131,241,62,1432829
D:48,D,48,28148,3148,-130,-142,3136,17.3,131,238,62,1389021
D:49,D,49,27712,2712,-173,-161,2712,18.0,129,243,63,1460857
D:50,D,50,27942,2942,-411,-409,2938,16.2,132,238,59,1291651
D:51,D,51,28196,3196,-308,-311,3195,15.1,144,238,59,1283545
D:52,D,52,27576,2576,-713,-716,2575,16.0,146,244,59,1265019
D:53,D,53,27755,2755,-438,-437,2754,15.4,153,242,60,976670
D:54,D,54,27764,2764,-278,-278,2764,17.0,160,225,54,907165
Da:55,Da,55,27535,2535,-577,-595,2424,15.7,168,207,54,642691
Da:56,Da,56,27187,2187,-757,-757,2187,13.8,182,195,54,635845
Da:57,Da,57,28095,3095,193,193,3095,13.9,180,189,53,588610
Da:58,Da,58,28517,3517,535,535,3517,12.9,191,180,53,605446
Da:59,Da,59,28373,3373,824,824,3373,12.1,205,172,53,670590
Da:60,Da,60,28411,3411,622,622,3411,12.0,213,170,53,692434
Da:61,Da,61,27642,2642,-96,-96,2642,11.8,212,173,54,797997
Da:62,Da,62,28142,3142,197,197,3142,12.3,222,171,54,785779
Da:63,Da,63,28195,3195,423,423,3195,11.9,223,170,54,659335
Da:64,Da,64,28493,3493,594,591,3493,12.0,227,172,54,658307
Da:65,Da,65,28103,3103,367,367,3103,12.2,223,171,54,675903
Da:66,Da,66,28123,3123,160,160,3123,13.0,223,176,54,660586
Da:67,Da,67,27851,2851,-205,-205,2851,13.2,226,174,53,621255
Da:68,Da,68,28043,3043,62,60,3043,13.4,231,176,52,570734
Da:69,Da,69,27691,2691,-357,-365,2684,15.1,240,171,51,526769
Da:70,Da,70,27500,2500,-366,-382,2491,15.2,242,177,47,382724
Da:71,Da,71,27970,2970,360,370,2957,16.1,240,175,46,398280
Da:72,Da,72,27103,2103,-519,-545,2048,17.2,244,177,46,378399
Da:73,Da,73,27754,2754,-172,-116,2562,18.1,259,174,47,364195
Da:74,Da,74,27421,2421,-258,-243,2409,18.1,256,185,48,384799
Da:75,Da,75,27846,2846,61,53,2846,18.2,256,192,48,372746
Da:76,Da,76,27966,2966,281,248,2961,19.0,248,188,48,409568
Da:77,Da,77,27682,2682,11,-9,2682,18.2,246,188,48,391738
Da:78,Da,78,27600,2600,67,52,2595,19.1,233,190,47,368919
Da:79,Da,79,27844,2844,215,232,2840,19.1,235,188,47,374876
Da:80,Da,80,28145,3145,458,472,3145,18.2,225,190,48,425556
Da:81,Da,81,27958,2958,375,363,2958,20.0,224,196,48,434818
Da:82,Da,82,28329,3329,609,619,3329,19.0,223,201,48,415783
Da:83,Da,83,27317,2317,-326,-328,2317,19.1,228,206,48,447322
Da:84,Da,84,27662,2662,28,28,2662,20.0,230,199,44,305288
Da:85,Da,85,27580,2580,-46,-41,2580,20.0,234,196,48,443058
Da:86,Da,86,28275,3275,656,657,3275,19.2,232,206,48,419105
Da:87,Da,87,27512,2512,-98,-98,2512,19.9,235,207,44,318014
Da:88,Da,88,27069,2069,-505,-501,2069,20.1,247,212,48,378326
Daa:89,Daa,89,27136,2136,-493,-489,2136,22.0,280,225,43,187112
Daa:90,Daa,90,27149,2149,-366,-366,2145,22.0,280,235,30,64732
Daa:91,Daa,91,28223,3223,1001,1001,3219,22.0,282,241,32,64732
Daa:92,Daa,92,27223,2223,-253,-253,2219,22.0,284,247,35,64732
Daa:93,Daa,93,27313,2313,-202,-202,2313,22.0,286,253,38,117275
Daa:94,Daa,94,26507,1507,-689,-689,1502,22.1,287,256,27,36686
Daa:95,Daa,95,27652,2652,106,106,2638,20.9,292,262,36,104465
Daa:96,Daa,96,27333,2333,93,93,2333,21.0,294,250,34,86714
Daa:97,Daa,97,28992,3992,1265,1265,3977,20.1,298,246,34,94675
Daa:98,Daa,98,27886,2886,185,185,2873,19.0,296,238,38,143463
Daa:99,Daa,99,28237,3237,903,901,3233,19.1,298,240,38,141099
Daa:100,Daa,100,27671,2671,-441,-441,2663,18.0,300,241,26,48795
Daa:101,Daa,101,27840,2840,506,506,2829,18.1,303,240,37,127651
Daa:102,Daa,102,28571,3571,1393,1390,3516,19.0,310,240,34,100759
Daa:103,Daa,103,28387,3387,1121,1121,3358,17.1,311,235,36,122646
Daa:104,Daa,104,27890,2890,238,238,2869,18.1,305,238,35,109839
Daa:105,Daa,105,28355,3355,772,772,3350,17.0,310,233,33,91790
Dap:89,Dap,89,27819,2819,320,320,2812,20.1,215,213,39,193328
Dap:90,Dap,90,27771,2771,369,369,2757,20.9,205,218,43,159895
Dap:91,Dap,91,28444,3444,849,849,3434,21.0,192,222,42,161610
Dap:92,Dap,92,27620,2620,257,257,2611,21.1,185,221,42,159951
Dap:93,Dap,93,27462,2462,-162,-177,2442,21.0,177,230,42,179744
Dap:94,Dap,94,27992,2992,56,18,2947,21.0,173,234,42,175122
Dap:95,Dap,95,27922,2922,277,275,2900,21.1,186,227,40,169062
Dap:96,Dap,96,27286,2286,-437,-437,2252,21.1,198,232,38,143776
Dap:97,Dap,97,27152,2152,-396,-396,2127,22.0,207,235,38,140928
Dap:98,Dap,98,27252,2252,-287,-287,2216,22.0,215,234,38,136912
Dap:99,Dap,99,27718,2718,340,340,2702,21.0,219,235,36,116790
Dap:100,Dap,100,27266,2266,-648,-648,2250,20.8,222,239,36,116790
Dap:101,Dap,101,27907,2907,324,324,2891,20.5,226,243,36,116790
Dap:102,Dap,102,27497,2497,-16,-16,2481,20.3,229,247,36,116790
Dap:103,Dap,103,28504,3504,1130,1130,3480,20.0,233,251,36,128124
Dap:104,Dap,104,27373,2373,-432,-439,1690,18.1,231,263,33,89415
Dap:105,Dap,105,28191,3191,544,602,2513,17.0,241,269,35,96169
Dp:55,Dp,55,27729,2729,-455,-524,2563,18.3,153,235,52,639237
Dp:56,Dp,56,28056,3056,339,341,3055,20.0,156,240,54,603520
Dp:57,Dp,57,27990,2990,-103,-104,2990,21.0,161,248,53,511140
Dp:58,Dp,58,27394,2394,-304,-304,2394,21.0,151,240,53,523998
Dp:59,Dp,59,28069,3069,481,481,3069,20.9,148,237,53,575420
Dp:60,Dp,60,28442,3442,420,419,3442,20.9,155,244,53,602934
Dp:61,Dp,61,27657,2657,-176,-180,2657,21.1,157,245,56,756313
Dp:62,Dp,62,28293,3293,161,157,3293,20.9,159,246,54,707348
Dp:63,Dp,63,27767,2767,-80,-118,2767,19.1,159,238,54,567242
Dp:64,Dp,64,27697,2697,-119,-113,2697,20.0,164,242,54,541610
Dp:65,Dp,65,27727,2727,-141,-81,2727,20.1,162,244,60,726608
Dp:66,Dp,66,27447,2447,-217,-219,2447,20.1,167,243,54,531623
Dp:67,Dp,67,27459,2459,-143,-128,2459,19.3,174,243,55,524627
Dp:68,Dp,68,28152,3152,304,304,3152,19.9,172,246,50,464684
Dp:69,Dp,69,27404,2404,-279,-281,2404,19.1,179,238,51,427426
Dp:70,Dp,70,27509,2509,22,11,2506,18.1,188,240,47,331198
Dp:71,Dp,71,27859,2859,20,9,2849,18.2,190,233,46,355369
Dp:72,Dp,72,27905,2905,-21,24,2899,18.1,193,232,46,346950
Dp:73,Dp,73,27819,2819,221,216,2810,18.2,201,229,47,356691
Dp:74,Dp,74,27241,2241,-531,-532,2240,18.1,201,237,48,415216
Dp:75,Dp,75,27747,2747,91,74,2742,20.0,194,234,48,392746
Dp:76,Dp,76,28344,3344,674,675,3344,19.1,189,243,48,406362
Dp:77,Dp,77,27996,2996,329,340,2994,20.0,180,243,48,415922
Dp:78,Dp,78,28455,3455,799,785,3447,19.1,169,255,47,393790
Dp:79,Dp,79,28010,3010,77,81,3005,20.0,168,268,47,369341
Dp:80,Dp,80,27985,2985,2,10,2961,19.2,158,282,48,446040
Dp:81,Dp,81,28066,3066,317,314,3048,20.1,159,283,48,458149
Dp:82,Dp,82,27253,2253,-448,-451,2247,20.2,160,281,48,405236
Dp:83,Dp,83,27624,2624,-94,-97,2624,21.1,168,284,48,448432
Dp:84,Dp,84,27534,2534,-125,-125,2533,20.2,177,282,48,392727
Dp:85,Dp,85,27637,2637,-123,-130,2633,20.2,172,298,46,366515
Dp:86,Dp,86,28476,3476,665,662,3474,20.1,164,304,44,276751
Dp:87,Dp,87,27084,2084,-621,-621,2084,21.0,186,306,44,300128
Dpa:88,Dpa,88,28086,3086,960,963,3031,22.0,208,333,42,195248
Dpa:89,Dpa,89,27505,2505,-195,-159,2451,22.0,212,342,43,216626
Dpa:90,Dpa,90,27212,2212,-64,-73,2202,22.0,225,351,43,162338
Dpa:91,Dpa,91,27887,2887,459,464,2876,22.0,224,357,42,172314
Dpa:92,Dpa,92,27572,2572,-127,-83,2548,22.0,216,359,44,199574
Dpa:93,Dpa,93,28510,3510,871,856,3472,21.2,216,350,40,157271
Dpa:94,Dpa,94,27753,2753,108,141,2651,21.0,214,347,40,183464
Dpa:95,Dpa,95,27961,2961,343,342,2645,20.2,210,349,40,166079
Dpa:96,Dpa,96,28356,3356,684,699,3259,21.1,221,361,38,166452
Dpa:97,Dpa,97,27977,2977,615,621,2787,20.2,234,354,36,135183
Dpa:98,Dpa,98,28132,3132,447,465,3048,20.1,238,362,38,158225
Dpa:99,Dpa,99,28014,3014,205,201,2972,20.1,249,366,38,163538
Dpa:100,Dpa,100,28501,3501,639,637,3470,20.0,248,366,38,179538
Dpa:101,Dpa,101,27973,2973,413,413,2937,19.1,251,363,37,168399
Dpa:102,Dpa,102,28460,3460,419,419,3397,18.2,246,364,36,144350
Dpa:103,Dpa,103,28589,3589,809,807,3492,19.1,256,362,36,158131
Dpa:104,Dpa,104,28174,3174,-197,-197,3064,18.1,261,368,35,141500
Dpa:105,Dpa,105,28037,3037,243,243,2954,18.1,268,373,35,139220
Dpp:88,Dpp,88,27619,2619,141,132,2619,21.0,174,283,42,212728
Dpp:89,Dpp,89,27679,2679,60,60,2679,22.0,165,279,43,191822
Dpp:90,Dpp,90,27923,2923,341,341,2923,22.0,166,280,43,152944
Dpp:91,Dpp,91,27661,2661,102,102,2661,21.9,160,286,42,159810
Dpp:92,Dpp,92,28137,3137,284,286,3134,20.2,158,284,42,155855
Dpp:93,Dpp,93,28236,3236,428,397,3214,21.1,152,280,42,184283
Dpp:94,Dpp,94,27880,2880,158,182,2783,21.1,158,282,42,187195
Dpp:95,Dpp,95,27883,2883,238,233,2851,21.1,168,280,40,167692
Dpp:96,Dpp,96,26856,1856,-971,-970,1846,21.2,173,292,38,152744
Dpp:97,Dpp,97,27522,2522,-336,-336,2504,20.1,193,294,38,159448
Dpp:98,Dpp,98,27401,2401,134,134,2379,21.0,191,291,38,158327
Dpp:99,Dpp,99,27503,2503,230,230,2494,20.1,193,288,38,163199
Dpp:100,Dpp,100,28138,3138,591,591,3120,20.0,193,294,38,159533
Dpp:101,Dpp,101,27998,2998,85,85,2958,19.2,200,301,37,142886
Dpp:102,Dpp,102,28579,3579,897,897,3549,19.0,198,300,36,148924
Dpp:103,Dpp,103,28408,3408,375,375,3369,17.1,195,295,36,152645
Dpp:104,Dpp,104,28840,3840,644,644,3786,17.0,196,306,35,124023
Dpp:105,Dpp,105,29290,4290,1152,1152,4227,17.1,194,323,35,141377
P4:32,P4,32,27526,2526,63,53,2526,20.3,185,227,53,610477
P4:33,P4,33,27008,2008,-308,-308,2008,21.0,183,218,57,659303
P4:34,P4,34,27584,2584,99,95,2584,21.0,179,217,59,720957
P4:35,P4,35,27773,2773,178,185,2773,21.9,185,220,60,809869
P4:36,P4,36,27740,2740,220,212,2740,22.7,189,219,60,846999
P4:37,P4,37,27449,2449,-181,-206,2449,21.8,184,217,59,823506
P4:38,P4,38,27744,2744,89,110,2744,21.7,182,212,59,866177
P4:39,P4,39,27632,2632,-66,-97,2632,20.8,188,207,60,984102
P4:40,P4,40,27941,2941,369,379,2941,21.7,189,213,60,961076
P4:41,P4,41,27441,2441,-486,-439,2440,21.0,196,207,61,1059020
P4:42,P4,42,27813,2813,-1,-7,2813,20.1,200,201,60,1059766
P4:43,P4,43,27571,2571,-212,-218,2571,20.7,200,198,61,1056742
P4:44,P4,44,27275,2275,-478,-480,2275,20.7,201,199,61,1062301
P4:45,P4,45,27695,2695,24,22,2695,20.9,205,199,61,1074075
P4:46,P4,46,27375,2375,-279,-288,2375,21.8,204,204,60,996888
P4:47,P4,47,28009,3009,368,378,3009,21.8,202,206,60,1061271
P4:48,P4,48,27682,2682,-22,-17,2682,21.9,201,209,60,1010025
P4:49,P4,49,27586,2586,-91,-88,2586,22.0,191,209,57,885259
P4:50,P4,50,27344,2344,-509,-517,2344,21.1,194,208,59,997241
P4:51,P4,51,27632,2632,-59,-59,2632,21.1,208,203,57,892284
P4:52,P4,52,27748,2748,45,45,2748,22.1,212,210,57,832272
P4:53,P4,53,27637,2637,10,10,2637,23.0,221,210,54,724613
P4:54,P4,54,27030,2030,-818,-818,2030,22.3,235,210,58,829088
P4:55,P4,55,27303,2303,-392,-392,2303,22.2,235,207,54,714705
P4:56,P4,56,27167,2167,-481,-481,2143,21.2,237,212,56,803175
P4:57,P4,57,27868,2868,139,139,2868,20.1,239,215,57,833760
P4:58,P4,58,27154,2154,-479,-479,2153,20.1,233,209,55,767232
P4:59,P4,59,27552,2552,-187,-187,2552,20.2,233,198,57,886663
P4:60,P4,60,27245,2245,-351,-351,2245,20.1,236,188,59,1022925
P4:61,P4,61,27871,2871,160,160,2871,20.1,233,188,58,1013847
P4:62,P4,62,27319,2319,-444,-444,2311,20.1,241,188,56,951419
P4:63,P4,63,27935,2935,406,405,2909,19.2,241,188,58,734832
P4:64,P4,64,27363,2363,-538,-538,2363,20.1,248,190,60,781534
P4:65,P4,65,27946,2946,446,446,2946,21.1,247,189,60,828515
P4:66,P4,66,27450,2450,21,17,2450,21.1,250,190,60,831854
P4:67,P4,67,27853,2853,247,245,2840,20.3,253,192,57,685837
P4:68,P4,68,27153,2153,-586,-588,2152,20.2,254,193,56,678572
P4:69,P4,69,27393,2393,77,89,2389,21.0,258,203,51,508490
P4:70,P4,70,27223,2223,-32,-32,2223,21.1,261,211,47,349435
P4:71,P4,71,27544,2544,-319,-319,2543,22.1,270,221,46,359471
P4:72,P4,72,27213,2213,-432,-436,2184,20.1,278,228,46,353741
P4:73,P4,73,26840,1840,-544,-544,1840,21.0,282,238,47,332389
P4:74,P4,74,27560,2560,23,20,2491,20.0,287,247,48,423325
P4:75,P4,75,27652,2652,372,385,2630,20.1,291,245,48,467310
P4:76,P4,76,27699,2699,203,220,2562,19.1,277,238,46,402415
P4:77,P4,77,27849,2849,281,242,2770,20.0,274,242,48,503982
P4:78,P4,78,27465,2465,-85,-44,2329,19.2,265,238,47,397283
P4:79,P4,79,28248,3248,748,762,3152,19.1,262,240,47,427171
P4:80,P4,80,27404,2404,-229,-207,2061,19.1,261,244,48,486721
P4:81,P4,81,27858,2858,391,374,2556,19.2,263,250,48,486438
P4:82,P4,82,27425,2425,-235,-257,2345,20.0,260,251,44,363435
P4:83,P4,83,26609,1609,-831,-836,1461,21.0,279,260,44,342464
P4:84,P4,84,27247,2247,-152,-152,2243,21.1,279,265,38,272558
Z2:85,Z2,85,28005,3005,847,826,2965,22.1,253,267,34,174200
Z2:86,Z2,86,26672,1672,-530,-529,1672,22.2,245,270,38,203535
Z2:87,Z2,87,27470,2470,6,8,2468,23.0,249,275,44,254693
Z2:88,Z2,88,27768,2768,575,590,2766,23.0,249,284,46,298372
Z2:89,Z2,89,27936,2936,575,575,2936,24.0,235,282,43,230567
Z2:90,Z2,90,27744,2744,554,548,2744,23.0,234,291,43,184905
Z2:91,Z2,91,27218,2218,-187,-187,2191,22.1,233,294,46,254441
Z2:92,Z2,92,28230,3230,712,719,3191,22.1,231,304,44,202355
Z2:93,Z2,93,27433,2433,-126,-123,2421,23.0,234,301,42,192145
Z2:94,Z2,94,26817,1817,-800,-812,1740,21.1,233,304,42,184683
Z2:95,Z2,95,27545,2545,133,124,2503,21.2,241,307,40,168693
Z2:96,Z2,96,26824,1824,-570,-570,1824,22.0,252,305,38,165579
Z2:97,Z2,97,27917,2917,612,612,2913,22.1,264,306,38,168248
Z2:98,Z2,98,27573,2573,-76,-76,2573,22.0,267,304,38,157167
Z2:99,Z2,99,27023,2023,-726,-726,2020,21.1,277,307,38,169464
Z2:100,Z2,100,27773,2773,295,295,2772,21.0,280,305,38,159875
Z2:101,Z2,101,27280,2280,-447,-447,2279,20.2,283,310,37,139813
Z2:102,Z2,102,28370,3370,940,940,3364,20.1,286,303,36,144534
Z2:103,Z2,103,27585,2585,-23,-23,2575,20.0,293,307,36,174106
Z2:104,Z2,104,27132,2132,-58,-58,2108,19.1,293,309,35,129674
Z2:105,Z2,105,27205,2205,-307,-307,2185,19.0,284,304,35,148103
Z3:85,Z3,85,28016,3016,839,818,2961,21.0,299,260,34,154844
Z3:86,Z3,86,27361,2361,-89,-90,2346,20.1,310,268,40,245547
Z3:87,Z3,87,27075,2075,-360,-367,2063,20.1,324,266,44,281137
Z3:88,Z3,88,28135,3135,584,602,3032,19.1,336,265,44,283849
Z3:89,Z3,89,26909,1909,-487,-406,1493,18.9,345,273,43,264019
Z3:90,Z3,90,27114,2114,-277,-260,1957,19.1,348,277,43,211996
Z3:91,Z3,91,27097,2097,-462,-491,1890,19.0,351,277,42,211357
Z3:92,Z3,92,26952,1952,-604,-608,1859,19.1,349,281,40,203123
Z3:93,Z3,93,28025,3025,293,292,2911,19.0,354,280,42,215175
Z3:94,Z3,94,27148,2148,-487,-487,2016,19.0,352,286,38,195022
Z3:95,Z3,95,27525,2525,-430,-405,2323,18.2,354,289,40,191292
Z3:96,Z3,96,27332,2332,-180,-180,2223,19.0,360,283,38,200418
Z3:97,Z3,97,27364,2364,41,41,2305,18.1,366,279,38,206698
Z3:98,Z3,98,28078,3078,272,264,2897,18.0,363,276,38,200677
Z3:99,Z3,99,27973,2973,429,429,2889,18.0,361,280,34,147946
Z3:100,Z3,100,28264,3264,672,684,3213,18.1,360,284,38,203921
Z3:101,Z3,101,26952,1952,-644,-644,1845,17.2,362,284,37,156538
Z3:102,Z3,102,27083,2083,-433,-433,2004,17.3,359,291,36,156981
Z3:103,Z3,103,27719,2719,293,293,2642,17.2,365,290,36,164966
Z3:104,Z3,104,27194,2194,-411,-411,2119,17.1,361,285,35,145754
Z3:105,Z3,105,27231,2231,-345,-345,2164,17.1,363,288,35,165740
