cellTime,cell,time,none,global,local,blot,cross,z,x,y,size,gweight
ABa:1,ABa,1,29111,4111,-915,-915,4111,15.0,210,300,110,0
ABp:1,ABp,1,29118,4118,-752,-752,4118,15.0,451,171,110,0
ABp:2,ABp,2,29226,4226,-665,-727,4226,15.0,445,171,106,0
ABp:3,ABp,3,29320,4320,-522,-522,4320,15.0,439,171,102,0
ABp:4,ABp,4,29358,4358,-573,-573,4358,15.0,433,170,98,0
ABpl:5,ABpl,5,29485,4485,-957,-1050,4485,8.0,455,246,98,0
ABpl:6,ABpl,6,29451,4451,-1105,-1144,4451,7.4,455,251,98,0
ABpl:7,ABpl,7,29536,4536,-1081,-1082,4536,6.8,454,257,98,0
ABpl:8,ABpl,8,29596,4596,-1063,-1063,4596,6.2,453,263,98,0
ABpl:9,ABpl,9,29666,4666,-1071,-1071,4666,5.6,452,269,98,0
ABpl:10,ABpl,10,29939,4939,-871,-871,4939,5.0,451,275,98,0
ABpl:11,ABpl,11,29541,4541,-1194,-1194,4541,5.7,444,296,98,0
ABpl:12,ABpl,12,29748,4748,-916,-916,4748,6.3,436,317,98,0
ABpl:13,ABpl,13,29725,4725,-870,-870,4725,7.0,428,339,98,0
ABpl:14,ABpl,14,29471,4471,-1033,-1033,4471,7.7,420,360,98,0
ABpl:15,ABpl,15,29245,4245,-1024,-1024,4245,8.3,412,381,98,0
ABpl:16,ABpl,16,29051,4051,-1015,-1015,4051,9.0,404,403,98,0
ABpl:17,ABpl,17,29178,4178,-825,-825,4178,9.7,378,402,98,0
ABpl:18,ABpl,18,29105,4105,-892,-892,4105,10.3,352,401,98,0
ABpl:19,ABpl,19,29485,4485,-576,-576,4485,11.0,326,400,98,0
ABpla:20,ABpla,20,29373,4373,-809,-831,4373,9.0,310,377,92,0
ABpla:21,ABpla,21,29879,4879,-113,-114,4879,11.4,301,378,88,0
ABpla:22,ABpla,22,29352,4352,-745,-745,4352,10.3,296,381,83,0
ABpla:23,ABpla,23,29402,4402,-646,-621,4402,9.1,291,384,78,0
ABpla:24,ABpla,24,28970,3970,-940,-940,3970,8.0,286,388,72,0
ABpla:25,ABpla,25,29100,4100,-887,-887,4100,8.1,287,387,72,0
ABpla:26,ABpla,26,29264,4264,-731,-731,4264,8.2,288,385,72,0
ABpla:27,ABpla,27,29405,4405,-515,-515,4405,8.3,289,384,72,0
ABpla:28,ABpla,28,29349,4349,-589,-589,4349,8.4,291,382,72,0
ABpla:29,ABpla,29,29113,4113,-779,-779,4113,8.5,292,380,72,0
ABpla:30,ABpla,30,29251,4251,-716,-716,4251,8.5,293,379,72,0
ABpla:31,ABpla,31,29019,4019,-851,-851,4019,8.6,294,377,72,0
ABpla:32,ABpla,32,29053,4053,-729,-729,4053,8.7,296,375,72,0
ABpla:33,ABpla,33,28989,3989,-702,-702,3989,8.8,297,374,72,0
ABpla:34,ABpla,34,29153,4153,-653,-653,4153,8.9,298,372,72,0
ABpla:35,ABpla,35,29273,4273,-610,-610,4273,9.0,300,370,72,0
ABplaa:36,ABplaa,36,29479,4479,-411,-411,4479,9.0,232,346,72,0
ABplap:36,ABplap,36,29458,4458,-434,-434,4458,9.0,378,378,62,0
ABplap:37,ABplap,37,29341,4341,-477,-477,4341,9.1,383,379,62,0
ABplap:38,ABplap,38,29242,4242,-542,-542,4242,9.2,389,381,62,0
ABplap:39,ABplap,39,29422,4422,-285,-285,4422,9.3,394,383,62,0
ABplap:40,ABplap,40,29838,4838,119,119,4838,9.4,400,385,62,0
ABplap:41,ABplap,41,29600,4600,-132,-132,4600,9.5,406,387,62,0
ABplap:42,ABplap,42,29726,4726,-90,-90,4726,9.6,411,389,62,0
ABplap:43,ABplap,43,29431,4431,-335,-335,4431,9.7,417,391,62,0
ABplap:44,ABplap,44,29139,4139,-513,-513,4139,9.8,422,393,62,0
ABplap:45,ABplap,45,29051,4051,-657,-657,4051,9.9,428,395,62,0
ABplap:46,ABplap,46,29302,4302,-466,-466,4302,10.0,434,397,62,0
ABplap:47,ABplap,47,29093,4093,-750,-750,4093,10.0,433,396,62,0
ABplap:48,ABplap,48,29012,4012,-764,-764,4012,10.0,431,395,63,0
ABplap:49,ABplap,49,29374,4374,-381,-381,4374,10.0,430,394,64,0
ABplap:50,ABplap,50,29357,4357,-377,-377,4357,10.0,428,393,65,0
ABplap:51,ABplap,51,29298,4298,-382,-382,4298,10.0,426,392,65,0
ABplap:52,ABplap,52,29555,4555,-175,-175,4555,10.0,425,391,66,0
ABplap:53,ABplap,53,29009,4009,-689,-689,4009,10.0,423,390,67,0
ABplap:54,ABplap,54,29400,4400,-358,-358,4400,10.0,422,389,68,0
ABplap:55,ABplap,55,29317,4317,-371,-368,4317,10.0,420,388,68,0
ABplap:56,ABplap,56,29287,4287,-462,-462,4287,10.0,418,387,69,0
ABplap:57,ABplap,57,28942,3942,-779,-790,3942,10.0,417,386,70,0
ABplap:58,ABplap,58,29072,4072,-732,-746,4072,10.0,415,385,71,0
ABplap:59,ABplap,59,29043,4043,-762,-769,4043,10.0,413,383,72,0
ABplapa:60,ABplapa,60,29266,4266,-602,-639,4266,8.0,380,363,58,0
ABplapa:61,ABplapa,61,29587,4587,-549,-549,4587,7.0,345,349,58,0
ABplapa:62,ABplapa,62,29702,4702,-441,-441,4702,6.8,334,349,58,0
ABplapa:63,ABplapa,63,29488,4488,-645,-645,4488,6.5,323,349,58,0
ABplapa:64,ABplapa,64,29387,4387,-866,-866,4387,6.3,312,349,58,0
ABplapa:65,ABplapa,65,29411,4411,-1070,-1070,4411,6.0,301,348,58,0
ABplapa:66,ABplapa,66,29353,4353,-1140,-1140,4353,6.0,301,348,58,0
ABplapa:67,ABplapa,67,29432,4432,-986,-986,4432,6.0,302,348,58,0
ABplapa:68,ABplapa,68,29678,4678,-772,-772,4678,6.0,303,348,58,0
ABplapa:69,ABplapa,69,29421,4421,-964,-964,4421,6.0,304,348,58,0
ABplapa:70,ABplapa,70,29531,4531,-1031,-1031,4531,6.0,305,348,58,0
ABplapa:71,ABplapa,71,29501,4501,-920,-920,4501,6.0,306,348,58,0
ABplapa:72,ABplapa,72,29644,4644,-916,-916,4644,6.0,307,348,58,0
ABplapa:73,ABplapa,73,29241,4241,-1202,-1202,4241,6.0,308,348,58,0
ABplapa:74,ABplapa,74,29595,4595,-904,-904,4595,6.0,309,348,58,0
ABplapa:75,ABplapa,75,29439,4439,-974,-974,4439,6.0,309,349,58,0
ABplapa:76,ABplapa,76,29650,4650,-805,-805,4650,6.0,310,349,58,0
ABplapa:77,ABplapa,77,29030,4030,-1451,-1451,4030,6.0,311,349,58,0
ABplapa:78,ABplapa,78,29178,4178,-1378,-1378,4178,6.0,312,349,58,0
ABplapa:79,ABplapa,79,29447,4447,-1200,-1200,4447,6.0,313,349,58,0
ABplapa:80,ABplapa,80,29343,4343,-1109,-1109,4343,6.0,314,349,58,0
ABplapa:81,ABplapa,81,29220,4220,-1253,-1253,4220,6.0,315,349,58,0
ABplapa:82,ABplapa,82,29231,4231,-1298,-1298,4231,6.0,316,349,58,0
ABplapa:83,ABplapa,83,29079,4079,-1332,-1332,4079,6.0,317,349,58,0
ABplapa:84,ABplapa,84,29408,4408,-1061,-1061,4408,6.0,318,350,58,0
ABplapaa:85,ABplapaa,85,29457,4457,-1162,-1296,4184,5.5,293,361,58,0
ABplapaa:86,ABplapaa,86,29696,4696,-981,-1004,4696,5.0,267,373,58,0
ABplapaa:87,ABplapaa,87,30036,5036,-752,-751,5036,5.1,267,378,58,0
ABplapaa:88,ABplapaa,88,29671,4671,-930,-944,4671,5.3,267,383,58,0
ABplapaa:89,ABplapaa,89,29451,4451,-1209,-1206,4451,5.4,267,389,58,0
ABplapaa:90,ABplapaa,90,29596,4596,-953,-954,4596,5.5,267,394,58,0
ABplapaa:91,ABplapaa,91,29581,4581,-859,-859,4581,5.6,267,399,58,0
ABplapaa:92,ABplapaa,92,29548,4548,-808,-808,4548,5.8,267,405,58,0
ABplapaa:93,ABplapaa,93,29310,4310,-1002,-1002,4310,5.9,267,410,58,0
ABplapaa:94,ABplapaa,94,29407,4407,-708,-708,4407,6.0,267,416,58,0
ABplapaa:95,ABplapaa,95,29699,4699,-605,-605,4699,6.1,269,417,58,0
ABplapaa:96,ABplapaa,96,29387,4387,-764,-764,4387,6.1,271,418,58,0
ABplapaa:97,ABplapaa,97,29677,4677,-599,-601,4677,6.2,274,419,58,0
ABplapaa:98,ABplapaa,98,29459,4459,-720,-720,4459,6.2,276,420,58,0
ABplapaa:99,ABplapaa,99,29364,4364,-651,-651,4364,6.3,279,422,58,0
ABplapaa:100,ABplapaa,100,29645,4645,-455,-455,4645,6.3,281,423,58,0
ABplapaa:101,ABplapaa,101,29417,4417,-707,-707,4417,6.4,284,424,58,0
ABplapaa:102,ABplapaa,102,29444,4444,-518,-518,4444,6.4,286,425,58,0
ABplapaa:103,ABplapaa,103,29536,4536,-449,-449,4536,6.5,289,427,58,0
ABplapaa:104,ABplapaa,104,29641,4641,-305,-305,4641,6.5,291,428,58,0
ABplapaa:105,ABplapaa,105,29346,4346,-585,-585,4346,6.6,294,429,58,0
ABplapaa:106,ABplapaa,106,29731,4731,-118,-118,4731,6.7,296,430,58,0
ABplapaa:107,ABplapaa,107,29517,4517,-410,-410,4517,6.7,298,431,58,0
ABplapaa:108,ABplapaa,108,29449,4449,-341,-341,4449,6.8,301,433,58,0
ABplapaa:109,ABplapaa,109,29380,4380,-529,-529,4380,6.8,303,434,58,0
ABplapaa:110,ABplapaa,110,29487,4487,-262,-262,4487,6.9,306,435,58,0
ABplapaa:111,ABplapaa,111,29334,4334,-415,-415,4334,6.9,308,436,58,0
ABplapaa:112,ABplapaa,112,29406,4406,-262,-262,4406,7.0,311,438,58,0
ABplapaa:113,ABplapaa,113,29496,4496,-376,-376,4496,7.0,313,439,58,0
ABplapaa:114,ABplapaa,114,29125,4125,-505,-507,4125,7.1,316,440,58,0
ABplapaa:115,ABplapaa,115,29165,4165,-582,-587,4165,7.1,318,441,58,0
ABplapaa:116,ABplapaa,116,29024,4024,-655,-647,4023,7.2,321,443,58,396033
ABplapaa:117,ABplapaa,117,29172,4172,-491,-491,4172,7.6,335,442,58,401795
ABplapaa:118,ABplapaa,118,28883,3883,-625,-625,3883,9.2,354,445,62,500719
ABplapaa:119,ABplapaa,119,28800,3800,-729,-747,3753,10.3,362,449,58,463698
ABplapaa:120,ABplapaa,120,29016,4016,-467,-467,4003,9.2,365,450,38,195236
ABplapaa:121,ABplapaa,121,29574,4574,212,212,4554,9.0,371,440,37,179336
ABplapaaa:122,ABplapaaa,122,29507,4507,123,99,4462,8.0,330,444,35,125652
ABplapaaa:123,ABplapaaa,123,29256,4256,-95,-99,4232,7.3,329,444,34,121536
ABplapaaa:124,ABplapaaa,124,29257,4257,-461,-466,4241,7.0,332,440,37,143100
ABplapaaa:125,ABplapaaa,125,29111,4111,-607,-612,4088,7.1,334,438,40,172764
ABplapaaa:126,ABplapaaa,126,29293,4293,-60,-60,4273,7.0,340,437,27,39696
ABplapaaa:127,ABplapaaa,127,29491,4491,-140,-140,4479,7.1,343,431,35,92573
ABplapaaa:128,ABplapaaa,128,29445,4445,-43,-43,4422,7.0,340,434,33,79454
ABplapaaa:129,ABplapaaa,129,28955,3955,-743,-743,3943,7.0,340,433,32,82828
ABplapaaa:130,ABplapaaa,130,28949,3949,-594,-596,3932,7.1,343,438,33,81297
ABplapaaa:131,ABplapaaa,131,29356,4356,-113,-113,4352,7.2,356,437,38,136699
ABplapaaa:132,ABplapaaa,132,29054,4054,-338,-338,4048,7.3,357,442,36,114431
ABplapaaa:133,ABplapaaa,133,28897,3897,-531,-544,3878,8.2,360,449,39,152981
ABplapaaa:134,ABplapaaa,134,29150,4150,-315,-297,4120,8.1,357,450,39,145013
ABplapaaa:135,ABplapaaa,135,29311,4311,-181,-195,4289,8.1,353,446,42,178569
ABplapaaa:136,ABplapaaa,136,29153,4153,-205,-214,4141,8.1,359,444,43,190691
ABplapaaa:137,ABplapaaa,137,29443,4443,10,17,4433,8.2,363,448,42,183720
ABplapaaa:138,ABplapaaa,138,29125,4125,-335,-296,4103,8.4,369,443,42,179945
ABplapaaa:139,ABplapaaa,139,29601,4601,8,-8,4575,9.1,371,443,44,217790
ABplapaaa:140,ABplapaaa,140,29325,4325,-124,-150,4285,9.1,372,443,45,232132
ABplapaaa:141,ABplapaaa,141,29297,4297,-306,-341,4246,9.1,368,445,45,224533
ABplapaaa:142,ABplapaaa,142,29369,4369,-150,-176,4352,9.2,367,445,48,324791
ABplapaaa:143,ABplapaaa,143,29095,4095,-496,-505,4081,9.2,375,442,47,284352
ABplapaaa:144,ABplapaaa,144,29341,4341,-160,-167,4314,10.0,379,440,46,294740
ABplapaaa:145,ABplapaaa,145,29164,4164,-296,-272,4155,9.3,382,443,48,317194
ABplapaaa:146,ABplapaaa,146,29313,4313,-220,-193,4308,9.2,388,442,48,346498
ABplapaaa:147,ABplapaaa,147,29327,4327,-246,-266,4320,9.5,392,442,48,310928
ABplapaaa:148,ABplapaaa,148,29740,4740,318,296,4720,10.0,398,442,48,367792
ABplapaaa:149,ABplapaaa,149,29321,4321,-265,-292,4295,10.0,396,443,51,413435
ABplapaaa:150,ABplapaaa,150,29357,4357,-241,-212,4342,10.3,395,442,51,427427
ABplapaaa:151,ABplapaaa,151,29434,4434,-49,-49,4405,10.2,400,445,51,424737
ABplapaaa:152,ABplapaaa,152,29361,4361,-152,-152,4343,10.1,409,443,51,446827
ABplapaaa:153,ABplapaaa,153,29433,4433,-193,-224,4413,10.2,413,445,51,450001
ABplapaaa:154,ABplapaaa,154,29433,4433,-135,-140,4402,10.3,414,448,52,490004
ABplapaaa:155,ABplapaaa,155,29727,4727,222,225,4631,10.2,417,449,52,493285
ABplapaaa:156,ABplapaaa,156,29263,4263,-205,-209,4125,10.0,417,444,52,442782
ABplapaaa:157,ABplapaaa,157,29250,4250,-59,-102,4220,9.3,422,446,49,335506
ABplapaaa:158,ABplapaaa,158,29108,4108,-315,-316,3987,10.0,430,444,46,328731
ABplapaaa:159,ABplapaaa,159,29009,4009,-436,-449,3990,9.2,419,446,49,355772
ABplapaaa:160,ABplapaaa,160,28947,3947,-313,-305,3915,9.2,420,436,49,381195
ABplapaaa:161,ABplapaaa,161,29112,4112,-418,-442,4088,10.0,412,440,47,356977
ABplapaaa:162,ABplapaaa,162,29176,4176,-274,-272,4043,11.0,415,439,44,319707
ABplapaaa:163,ABplapaaa,163,29161,4161,-517,-522,4086,11.2,408,437,46,369904
ABplapaaa:164,ABplapaaa,164,29399,4399,-190,-203,4320,11.9,423,431,41,288295
ABplapaaa:165,ABplapaaa,165,29145,4145,-421,-421,4070,11.1,430,437,35,207091
ABplapaaaa:166,ABplapaaaa,166,28848,3848,-542,-643,3120,11.1,420,441,29,98483
ABplapaaaa:167,ABplapaaaa,167,29865,4865,508,487,4635,11.1,406,442,35,158021
ABplapaaaa:168,ABplapaaaa,168,29174,4174,-317,-387,3967,11.0,409,436,36,197865
ABplapaaaa:169,ABplapaaaa,169,29256,4256,-373,-354,3909,11.1,405,434,35,167540
ABplapaaaa:170,ABplapaaaa,170,29017,4017,-676,-672,3800,11.2,403,436,36,200727
ABplapaaaa:171,ABplapaaaa,171,29363,4363,-418,-420,4080,11.2,402,434,37,208602
ABplapaaaa:172,ABplapaaaa,172,29249,4249,-102,-109,4044,11.1,400,436,36,207646
ABplapaaaa:173,ABplapaaaa,173,29393,4393,-112,-117,4124,11.2,395,436,36,204277
ABplapaaaa:174,ABplapaaaa,174,29310,4310,-215,-216,4046,11.3,397,442,36,208149
ABplapaaaa:175,ABplapaaaa,175,29128,4128,-359,-355,3554,11.3,404,444,36,206954
ABplapaaaa:176,ABplapaaaa,176,29506,4506,109,93,4195,11.3,406,446,35,181766
ABplapaaaa:177,ABplapaaaa,177,29345,4345,-47,-53,4151,11.1,408,441,35,184664
ABplapaaaa:178,ABplapaaaa,178,29282,4282,-551,-552,4016,11.2,404,444,35,195321
ABplapaaaa:179,ABplapaaaa,179,29015,4015,-744,-768,3754,10.3,404,443,34,178780
ABplapaaaa:180,ABplapaaaa,180,29616,4616,72,66,4245,11.1,404,443,34,208151
ABplapaaaa:181,ABplapaaaa,181,30205,5205,749,724,4981,10.3,408,446,34,183404
ABplapaaaa:182,ABplapaaaa,182,29036,4036,-415,-380,3487,11.1,407,446,34,218737
ABplapaaaa:183,ABplapaaaa,183,28927,3927,-670,-681,3552,11.1,412,447,34,218281
ABplapaaaa:184,ABplapaaaa,184,29193,4193,-215,-239,3881,11.0,411,441,32,194544
ABplapaaaa:185,ABplapaaaa,185,29923,4923,471,475,4757,10.3,411,438,34,203099
ABplapaaaa:186,ABplapaaaa,186,29421,4421,121,113,4245,10.1,407,444,34,186923
ABplapaaaa:187,ABplapaaaa,187,29209,4209,-97,-125,3859,10.1,408,440,31,154465
ABplapaaaa:188,ABplapaaaa,188,29206,4206,-55,-51,3782,10.0,411,441,34,195932
ABplapaaaa:189,ABplapaaaa,189,29290,4290,-145,-137,4073,10.1,414,440,34,201491
ABplapaaaa:190,ABplapaaaa,190,29724,4724,312,309,4552,10.0,413,440,31,161902
ABplapaaaa:191,ABplapaaaa,191,29695,4695,10,-38,4424,10.1,409,434,34,220997
ABplapaaaa:192,ABplapaaaa,192,29389,4389,-83,-117,4060,10.0,409,433,34,215593
ABplapaaaa:193,ABplapaaaa,193,29049,4049,-499,-509,3728,9.4,408,428,34,186056
ABplapaaaa:194,ABplapaaaa,194,29296,4296,-272,-237,3999,10.0,408,436,34,212016
ABplapaaaa:195,ABplapaaaa,195,29944,4944,618,618,4748,8.4,410,438,31,138686
ABplapaaaa:196,ABplapaaaa,196,29384,4384,-194,-215,4107,9.2,404,432,34,213056
ABplapaaaa:197,ABplapaaaa,197,28942,3942,-706,-716,3667,9.2,407,439,34,221966
ABplapaaaa:198,ABplapaaaa,198,29260,4260,-342,-410,4026,9.1,402,435,34,216879
ABplapaaaa:199,ABplapaaaa,199,29026,4026,-318,-351,3791,8.3,404,431,34,198557
ABplapaaaa:200,ABplapaaaa,200,28949,3949,-630,-676,3725,9.2,405,433,34,223718
ABplapaaaa:201,ABplapaaaa,201,29308,4308,-230,-244,4101,9.3,404,431,31,180426
ABplapaaaa:202,ABplapaaaa,202,29364,4364,-127,-178,3988,9.1,412,431,34,236959
ABplapaaaa:203,ABplapaaaa,203,29469,4469,-46,-109,4131,9.1,414,428,34,244506
ABplapaaaa:204,ABplapaaaa,204,29342,4342,-285,-359,3997,9.2,411,432,34,250058
ABplapaaaa:205,ABplapaaaa,205,29794,4794,235,150,4439,9.1,416,433,34,249765
ABplapaaaa:206,ABplapaaaa,206,29134,4134,-449,-472,3756,9.0,412,422,34,250132
ABplapaaaa:207,ABplapaaaa,207,29208,4208,-608,-635,3843,8.3,411,420,34,220779
ABplapaaaa:208,ABplapaaaa,208,29548,4548,160,138,4032,8.2,408,417,34,231338
ABplapaaaa:209,ABplapaaaa,209,29675,4675,130,110,4164,8.2,413,414,34,237409
ABplapaaaa:210,ABplapaaaa,210,29451,4451,55,34,3919,8.2,411,415,34,234859
ABplapaaaa:211,ABplapaaaa,211,28929,3929,-708,-767,3225,8.3,413,413,34,242803
ABplapaaaa:212,ABplapaaaa,212,29357,4357,-403,-454,3563,8.2,414,407,34,251637
ABplapaaaa:213,ABplapaaaa,213,28696,3696,-869,-941,2758,8.1,414,404,34,253907
ABplapaaaa:214,ABplapaaaa,214,29344,4344,-265,-305,3435,8.1,415,401,34,258960
ABplapaaaa:215,ABplapaaaa,215,29399,4399,-105,-163,3726,7.4,416,395,34,216744
ABplapaaaa:216,ABplapaaaa,216,29327,4327,-344,-385,3668,8.0,410,396,34,260416
ABplapaaaa:217,ABplapaaaa,217,29251,4251,-237,-239,3610,8.0,407,397,31,199963
ABplapaaaa:218,ABplapaaaa,218,29356,4356,-123,-125,3493,7.1,410,393,34,264048
ABplapaaaa:219,ABplapaaaa,219,29376,4376,-89,-158,3691,7.1,404,392,34,255541
ABplapaaaa:220,ABplapaaaa,220,28878,3878,-1138,-1103,3369,7.2,403,393,34,260082
ABplapaaaa:221,ABplapaaaa,221,29438,4438,-340,-396,3826,7.0,399,394,34,253142
ABplapaaaa:222,ABplapaaaa,222,28923,3923,-889,-921,3520,6.3,403,396,34,237360
ABplapaaaa:223,ABplapaaaa,223,28985,3985,-789,-796,3461,6.3,407,391,34,240169
ABplapaaaa:224,ABplapaaaa,224,28911,3911,-833,-849,3516,6.2,407,388,34,253264
ABplapaaaa:225,ABplapaaaa,225,29179,4179,-388,-431,3760,6.2,405,389,34,254863
ABplapaaaa:226,ABplapaaaa,226,29856,4856,152,197,4091,6.2,411,383,34,258111
ABplapaaaa:227,ABplapaaaa,227,29283,4283,-166,-189,3507,6.2,408,386,34,267678
ABplapaaaa:228,ABplapaaaa,228,29229,4229,-803,-765,3386,6.2,406,387,34,266088
ABplapaaaa:229,ABplapaaaa,229,29115,4115,-652,-682,3672,6.2,401,389,31,199397
ABplapaaaa:230,ABplapaaaa,230,29268,4268,-339,-423,3444,7.0,398,390,34,275737
ABplapaaaa:231,ABplapaaaa,231,29497,4497,-72,-104,3985,6.3,394,390,34,245106
ABplapaaaa:232,ABplapaaaa,232,29098,4098,-755,-742,3511,6.3,396,387,34,256632
ABplapaaaa:233,ABplapaaaa,233,29289,4289,-301,-345,3542,7.0,396,385,34,297307
ABplapaaaa:234,ABplapaaaa,234,29179,4179,-601,-634,3130,6.5,396,380,34,308565
ABplapaaaa:235,ABplapaaaa,235,29670,4670,12,24,3482,6.4,393,379,34,296826
ABplapaaaa:236,ABplapaaaa,236,28994,3994,-1179,-1213,3065,5.2,414,380,30,189878
ABplapaaaa:237,ABplapaaaa,237,29706,4706,-189,-154,3923,5.2,418,379,32,211055
ABplapaaaa:238,ABplapaaaa,238,29265,4265,-738,-918,3602,5.0,421,376,30,190041
ABplapaaaa:239,ABplapaaaa,239,29381,4381,-684,-748,3473,4.9,416,375,30,165308
ABplapaaaa:240,ABplapaaaa,240,29869,4869,-1069,-1251,4344,4.3,415,378,32,171510
ABplapaaaa:241,ABplapaaaa,241,30667,5667,-245,-285,5141,4.4,418,371,31,153861
ABplapaaaa:242,ABplapaaaa,242,29512,4512,-1459,-1546,3665,4.5,410,365,34,161648
ABplapaaaa:243,ABplapaaaa,243,29532,4532,-426,-477,3905,5.2,412,368,34,201249
ABplapaaaa:244,ABplapaaaa,244,29944,4944,-224,-358,4261,5.2,412,370,34,202635
ABplapaaaa:245,ABplapaaaa,245,29856,4856,-190,-243,4004,5.3,407,369,31,156218
ABplapaaaa:246,ABplapaaaa,246,29463,4463,-783,-841,3858,5.3,410,366,34,188298
ABplapaaaa:247,ABplapaaaa,247,29621,4621,-400,-444,4023,5.3,404,368,34,187480
ABplapaaaa:248,ABplapaaaa,248,29552,4552,-535,-535,3679,5.3,401,369,31,154218
ABplapaaaa:249,ABplapaaaa,249,29543,4543,-577,-646,3554,5.3,398,365,34,203259
ABplapaaaa:250,ABplapaaaa,250,29637,4637,-366,-375,3557,6.0,399,364,31,170680
ABplapaaap:166,ABplapaaap,166,28904,3904,-398,-426,3179,11.0,445,440,40,244070
ABplapaaap:167,ABplapaaap,167,29235,4235,-105,-133,4178,10.1,475,438,35,172898
ABplapaaap:168,ABplapaaap,168,29415,4415,55,36,4305,10.0,480,435,34,170303
ABplapaaap:169,ABplapaaap,169,29248,4248,-116,-120,4172,10.1,481,434,37,195562
ABplapaaap:170,ABplapaaap,170,28873,3873,-567,-569,3820,10.1,480,435,36,190373
ABplapaaap:171,ABplapaaap,171,28699,3699,-760,-772,3602,10.1,480,428,37,180289
ABplapaaap:172,ABplapaaap,172,29333,4333,56,40,4088,10.0,487,434,36,197358
ABplapaaap:173,ABplapaaap,173,28903,3903,-422,-436,3594,9.3,477,435,36,173350
ABplapaaap:174,ABplapaaap,174,29623,4623,222,300,4128,10.1,470,432,36,202918
ABplapaaap:175,ABplapaaap,175,28895,3895,-415,-420,3608,10.1,465,428,36,192911
ABplapaaap:176,ABplapaaap,176,29366,4366,-245,-240,3935,10.2,458,434,35,162397
ABplapaaap:177,ABplapaaap,177,29343,4343,7,-31,4042,11.1,457,439,35,174781
ABplapaaap:178,ABplapaaap,178,29165,4165,-262,-195,3832,11.1,455,437,35,172251
ABplapaaap:179,ABplapaaap,179,29929,4929,382,291,4203,11.1,455,434,34,186574
ABplapaaap:180,ABplapaaap,180,29192,4192,-369,-471,3315,11.1,454,438,34,190721
ABplapaaap:181,ABplapaaap,181,29559,4559,-168,-146,3823,11.1,462,435,34,187750
ABplapaaap:182,ABplapaaap,182,29219,4219,-287,-413,3077,11.1,458,433,34,197247
ABplapaaap:183,ABplapaaap,183,29489,4489,-33,-125,3575,10.2,466,437,34,188599
ABplapaaap:184,ABplapaaap,184,29496,4496,-12,-70,3498,10.3,460,441,34,186291
ABplapaaap:185,ABplapaaap,185,29695,4695,479,487,3637,10.2,460,441,34,196395
ABplapaaap:186,ABplapaaap,186,28678,3678,-708,-745,2621,10.2,458,443,34,177631
ABplapaaap:187,ABplapaaap,187,29335,4335,-31,-31,3814,11.0,451,431,31,141932
ABplapaaap:188,ABplapaaap,188,29570,4570,-84,-57,4040,10.2,448,428,34,176289
ABplapaaap:189,ABplapaaap,189,29298,4298,-115,-130,3898,10.1,458,432,34,178939
ABplapaaap:190,ABplapaaap,190,28889,3889,-578,-609,3495,11.0,459,436,31,148095
ABplapaaap:191,ABplapaaap,191,29054,4054,-376,-385,3725,10.2,455,434,34,195669
ABplapaaap:192,ABplapaaap,192,28936,3936,-513,-565,3537,10.2,450,432,34,181942
ABplapaaap:193,ABplapaaap,193,29673,4673,227,247,4262,10.2,454,434,34,181097
ABplapaaap:194,ABplapaaap,194,29710,4710,334,282,4393,10.3,450,440,34,178342
ABplapaaap:195,ABplapaaap,195,28916,3916,-421,-426,3724,10.1,454,437,31,155541
ABplapaaap:196,ABplapaaap,196,29230,4230,-497,-475,4040,10.2,449,435,34,205261
ABplapaaap:197,ABplapaaap,197,28883,3883,-617,-662,3643,10.1,448,434,34,209045
ABplapaaap:198,ABplapaaap,198,29418,4418,152,104,4202,9.2,443,437,34,196538
ABplapaaap:199,ABplapaaap,199,29083,4083,-466,-483,3846,10.0,443,436,34,211458
ABplapaaap:200,ABplapaaap,200,29656,4656,202,131,4362,10.1,444,434,34,216853
ABplapaaap:201,ABplapaaap,201,29497,4497,6,-7,4228,10.1,447,430,31,172049
ABplapaaap:202,ABplapaaap,202,29310,4310,-117,-223,3734,10.2,447,432,34,218694
ABplapaaap:203,ABplapaaap,203,29282,4282,-356,-391,3762,10.2,451,432,34,218509
ABplapaaap:204,ABplapaaap,204,29343,4343,-180,-189,3704,10.3,443,434,34,209808
ABplapaaap:205,ABplapaaap,205,29061,4061,-390,-374,3221,10.2,446,433,34,213351
ABplapaaap:206,ABplapaaap,206,29103,4103,-553,-559,3417,10.3,442,433,34,224319
ABplapaaap:207,ABplapaaap,207,29780,4780,181,218,4147,10.1,443,437,34,229698
ABplapaaap:208,ABplapaaap,208,29474,4474,146,128,3751,10.1,442,433,34,240550
ABplapaaap:209,ABplapaaap,209,29725,4725,342,325,4235,10.1,442,442,34,244532
ABplapaaap:210,ABplapaaap,210,29226,4226,-228,-283,3460,10.1,437,435,34,234231
ABplapaaap:211,ABplapaaap,211,29440,4440,31,27,3728,10.1,437,437,34,238239
ABplapaaap:212,ABplapaaap,212,29260,4260,-281,-277,3637,10.1,434,435,34,239255
ABplapaaap:213,ABplapaaap,213,28787,3787,-1066,-1175,3099,10.1,429,430,34,245239
ABplapaaap:214,ABplapaaap,214,29887,4887,354,333,4124,10.1,429,431,34,247404
ABplapaaap:215,ABplapaaap,215,29165,4165,-340,-357,3635,9.2,432,427,34,233575
ABplapaaap:216,ABplapaaap,216,28965,3965,-480,-562,3405,10.1,428,430,34,248790
ABplapaaap:217,ABplapaaap,217,29512,4512,28,30,3900,10.0,424,431,31,198903
ABplapaaap:218,ABplapaaap,218,29049,4049,-318,-298,3370,9.3,424,419,34,239193
ABplapaaap:219,ABplapaaap,219,28947,3947,-540,-592,3510,9.2,411,424,34,255554
ABplapaaap:220,ABplapaaap,220,29424,4424,-177,-197,3867,9.1,413,424,34,252134
ABplapaaap:221,ABplapaaap,221,29100,4100,-463,-462,3655,9.2,415,425,34,251516
ABplapaaap:222,ABplapaaap,222,29078,4078,-621,-639,3609,9.2,418,424,34,243012
ABplapaaap:223,ABplapaaap,223,29112,4112,-628,-638,3694,9.2,418,423,34,252052
ABplapaaap:224,ABplapaaap,224,29117,4117,-487,-485,3594,9.2,421,419,34,242141
ABplapaaap:225,ABplapaaap,225,29367,4367,-223,-241,3854,9.2,420,416,34,245487
ABplapaaap:226,ABplapaaap,226,28689,3689,-834,-829,3319,10.0,419,419,34,281289
ABplapaaap:227,ABplapaaap,227,29142,4142,-314,-241,3524,9.3,418,414,34,251511
ABplapaaap:228,ABplapaaap,228,29730,4730,285,273,4211,9.4,412,417,34,233302
ABplapaaap:229,ABplapaaap,229,28947,3947,-509,-497,3556,10.1,418,418,31,222563
ABplapaaap:230,ABplapaaap,230,29188,4188,-235,-263,3708,9.4,413,420,34,243842
ABplapaaap:231,ABplapaaap,231,29018,4018,-530,-488,3527,10.1,416,422,34,291934
ABplapaaap:232,ABplapaaap,232,29063,4063,-534,-570,3675,10.1,419,420,34,295322
ABplapaaap:233,ABplapaaap,233,28748,3748,-887,-855,2973,10.1,425,423,34,323016
ABplapaaap:234,ABplapaaap,234,28687,3687,-970,-987,2990,10.9,421,424,30,235742
ABplapaaap:235,ABplapaaap,235,29611,4611,184,194,4167,10.1,417,421,30,239857
ABplapaaapa:236,ABplapaaapa,236,29527,4527,-242,-285,3877,10.8,390,416,30,205162
ABplapaaapa:237,ABplapaaapa,237,29490,4490,-109,-159,3644,10.1,386,406,30,210106
ABplapaaapa:238,ABplapaaapa,238,28964,3964,-647,-778,2928,10.0,383,410,30,200509
ABplapaaapa:239,ABplapaaapa,239,28764,3764,-794,-836,3003,10.1,382,406,30,192903
ABplapaaapa:240,ABplapaaapa,240,29487,4487,-63,-74,3636,10.1,379,400,34,241474
ABplapaaapa:241,ABplapaaapa,241,29197,4197,-373,-421,3616,10.1,381,401,31,189334
ABplapaaapa:242,ABplapaaapa,242,29695,4695,-50,-14,4214,9.4,383,401,34,206609
ABplapaaapa:243,ABplapaaapa,243,29253,4253,-615,-736,3760,9.5,384,403,34,208881
ABplapaaapa:244,ABplapaaapa,244,29220,4220,-558,-600,3533,10.1,391,402,34,250289
ABplapaaapa:245,ABplapaaapa,245,29017,4017,-480,-480,3419,10.1,387,400,31,192366
ABplapaaapa:246,ABplapaaapa,246,29656,4656,-105,-91,3826,10.0,381,397,34,250131
ABplapaaapa:247,ABplapaaapa,247,29109,4109,-849,-921,3297,9.3,377,397,34,227950
ABplapaaapa:248,ABplapaaapa,248,29930,4930,-109,-128,4058,9.4,379,401,31,174566
ABplapaaapa:249,ABplapaaapa,249,28799,3799,-821,-812,3077,9.4,380,399,34,220154
ABplapaaapa:250,ABplapaaapa,250,29738,4738,-226,-233,4097,10.1,383,399,31,197755
ABplapaaapp:236,ABplapaaapp,236,28537,3537,-1082,-1107,2668,10.1,435,426,30,207632
ABplapaaapp:237,ABplapaaapp,237,28752,3752,-914,-944,2642,9.8,446,425,30,209950
ABplapaaapp:238,ABplapaaapp,238,29149,4149,-837,-829,3630,9.9,448,427,30,211986
ABplapaaapp:239,ABplapaaapp,239,30415,5415,874,969,4255,10.0,445,428,30,205010
ABplapaaapp:240,ABplapaaapp,240,30470,5470,973,991,4318,10.0,440,431,30,200422
ABplapaaapp:241,ABplapaaapp,241,28935,3935,-842,-880,2958,9.3,443,426,31,193569
ABplapaaapp:242,ABplapaaapp,242,29018,4018,-823,-864,2942,9.4,444,429,32,215033
ABplapaaapp:243,ABplapaaapp,243,29034,4034,-733,-757,2981,10.0,442,426,32,228538
ABplapaaapp:244,ABplapaaapp,244,29228,4228,-582,-482,3235,10.2,440,430,34,260771
ABplapaaapp:245,ABplapaaapp,245,29261,4261,-274,-284,3505,9.4,437,429,31,188796
ABplapaaapp:246,ABplapaaapp,246,29936,4936,207,208,4319,10.0,432,428,34,269946
ABplapaaapp:247,ABplapaaapp,247,29362,4362,-419,-384,3455,10.2,433,427,34,254833
ABplapaaapp:248,ABplapaaapp,248,29885,4885,170,145,3899,10.2,431,425,31,201078
ABplapaaapp:249,ABplapaaapp,249,29232,4232,-393,-334,3116,10.2,432,424,34,265396
ABplapaaapp:250,ABplapaaapp,250,29778,4778,108,79,3959,10.1,433,425,31,221066
ABplapaap:122,ABplapaap,122,29509,4509,-255,-255,4423,9.8,395,436,37,144162
ABplapaap:123,ABplapaap,123,29313,4313,-125,-136,4180,9.1,405,443,36,150050
ABplapaap:124,ABplapaap,124,28770,3770,-771,-771,3739,9.1,407,440,35,111824
ABplapaap:125,ABplapaap,125,29566,4566,-51,-43,4514,9.1,410,438,40,178941
ABplapaap:126,ABplapaap,126,29112,4112,-290,-291,3953,9.1,410,438,40,178941
ABplapaap:127,ABplapaap,127,28857,3857,-402,-402,3838,8.2,421,426,29,52310
ABplapaap:128,ABplapaap,128,29296,4296,-10,-10,4242,9.0,426,430,27,38184
ABplapaap:129,ABplapaap,129,29379,4379,-81,-81,4357,8.2,426,430,32,77378
ABplapaap:130,ABplapaap,130,28906,3906,-696,-696,3883,8.2,428,435,35,91419
ABplapaap:131,ABplapaap,131,28961,3961,-608,-608,3938,8.1,432,428,34,104412
ABplapaap:132,ABplapaap,132,29355,4355,-195,-185,4266,9.0,434,421,38,144713
ABplapaap:133,ABplapaap,133,29391,4391,-184,-175,4371,8.1,439,420,39,147668
ABplapaap:134,ABplapaap,134,29136,4136,-593,-593,4129,8.0,436,415,41,172560
ABplapaap:135,ABplapaap,135,28985,3985,-620,-578,3943,7.3,437,418,40,153858
ABplapaap:136,ABplapaap,136,29037,4037,-523,-502,4021,7.2,437,421,43,163899
ABplapaap:137,ABplapaap,137,29251,4251,-361,-330,4240,7.3,436,419,42,164494
ABplapaap:138,ABplapaap,138,29056,4056,-657,-629,4048,7.3,440,417,42,174897
ABplapaap:139,ABplapaap,139,29171,4171,-426,-417,4152,8.0,438,419,44,231035
ABplapaap:140,ABplapaap,140,29293,4293,-297,-293,4282,7.2,437,417,43,182476
ABplapaap:141,ABplapaap,141,29407,4407,-271,-232,4390,9.0,433,423,43,212675
ABplapaap:142,ABplapaap,142,29120,4120,-541,-536,4120,8.2,433,424,46,265982
ABplapaap:143,ABplapaap,143,29108,4108,-640,-639,4099,9.0,440,423,45,247141
ABplapaap:144,ABplapaap,144,29455,4455,-275,-269,4447,9.0,445,421,46,290944
ABplapaap:145,ABplapaap,145,29028,4028,-467,-469,4019,8.4,448,425,48,315237
ABplapaap:146,ABplapaap,146,29447,4447,-198,-193,4438,9.2,455,421,48,337971
ABplapaap:147,ABplapaap,147,29303,4303,-489,-490,4301,9.1,452,423,46,324175
ABplapaap:148,ABplapaap,148,29127,4127,-379,-388,4125,9.1,458,423,46,319277
ABplapaap:149,ABplapaap,149,29227,4227,-357,-376,4225,9.3,460,427,49,345691
ABplapaap:150,ABplapaap,150,29146,4146,-491,-484,4144,9.3,461,433,49,382201
ABplapaap:151,ABplapaap,151,29230,4230,-463,-450,4226,10.1,467,429,47,353395
ABplapaap:152,ABplapaap,152,29201,4201,-408,-384,4201,9.9,471,428,47,360713
ABplapaap:153,ABplapaap,153,28990,3990,-811,-787,3990,10.1,479,437,49,412376
ABplapaap:154,ABplapaap,154,29162,4162,-383,-382,4162,10.4,483,442,50,432970
ABplapaap:155,ABplapaap,155,29161,4161,-562,-518,4159,11.1,484,445,48,426084
ABplapaap:156,ABplapaap,156,29346,4346,-98,-101,4346,10.3,489,446,50,360427
ABplapaap:157,ABplapaap,157,29313,4313,-129,-150,4313,11.1,486,450,51,417429
ABplapaap:158,ABplapaap,158,29369,4369,-8,-15,4312,11.3,492,453,50,406530
ABplapaap:159,ABplapaap,159,29376,4376,-16,3,4178,11.3,487,455,49,360112
ABplapaap:160,ABplapaap,160,29514,4514,159,149,4450,11.1,492,449,47,329251
ABplapaap:161,ABplapaap,161,29051,4051,-368,-373,4039,11.2,482,448,47,325247
ABplapaap:162,ABplapaap,162,28945,3945,-554,-560,3885,11.3,486,452,46,344817
ABplapaap:163,ABplapaap,163,29142,4142,-311,-324,4135,11.3,485,452,46,357764
ABplapaap:164,ABplapaap,164,29300,4300,-221,-230,4259,11.1,489,445,45,317559
ABplapaap:165,ABplapaap,165,29360,4360,0,-44,4237,11.2,493,445,45,298052
ABplapaap:166,ABplapaap,166,29299,4299,-50,-39,4099,12.1,497,453,44,347371
ABplapaap:167,ABplapaap,167,29117,4117,-588,-605,3801,13.1,511,454,43,336919
ABplapaap:168,ABplapaap,168,29044,4044,-513,-508,3789,13.2,509,454,40,302932
ABplapaap:169,ABplapaap,169,29453,4453,-177,-192,4235,14.0,509,452,39,301782
ABplapaap:170,ABplapaap,170,28942,3942,-687,-687,3840,14.0,514,453,38,308108
ABplapaap:171,ABplapaap,171,29834,4834,261,261,4735,13.9,515,450,33,207960
ABplapaapa:172,ABplapaapa,172,28935,3935,-490,-409,3308,12.9,498,458,32,173695
ABplapaapa:173,ABplapaapa,173,28596,3596,-760,-797,3197,11.9,487,460,32,191167
ABplapaapa:174,ABplapaapa,174,29969,4969,673,720,4512,11.4,487,458,36,228093
ABplapaapa:175,ABplapaapa,175,29221,4221,-268,-282,3789,12.9,482,454,32,194066
ABplapaapa:176,ABplapaapa,176,29348,4348,-153,-138,4163,12.0,488,458,33,187606
ABplapaapa:177,ABplapaapa,177,29165,4165,-16,4,3932,12.1,486,465,35,211737
ABplapaapa:178,ABplapaapa,178,29690,4690,476,473,4430,11.3,489,459,35,186932
ABplapaapa:179,ABplapaapa,179,28946,3946,-126,-116,3690,11.3,485,461,34,187177
ABplapaapa:180,ABplapaapa,180,28970,3970,-460,-451,3832,11.3,488,462,34,193544
ABplapaapa:181,ABplapaapa,181,29566,4566,82,58,4253,12.0,492,462,34,218968
ABplapaapa:182,ABplapaapa,182,29018,4018,-425,-433,3621,12.1,493,460,34,220371
ABplapaapa:183,ABplapaapa,183,29415,4415,193,198,4053,11.3,495,461,34,213236
ABplapaapa:184,ABplapaapa,184,29316,4316,163,90,4026,11.3,494,460,34,211002
ABplapaapa:185,ABplapaapa,185,28777,3777,-483,-548,3481,12.0,489,463,34,245053
ABplapaapa:186,ABplapaapa,186,29521,4521,332,314,4350,12.1,492,463,34,216050
ABplapaapa:187,ABplapaapa,187,29086,4086,-238,-238,3877,12.1,488,462,31,174787
ABplapaapa:188,ABplapaapa,188,29564,4564,293,246,4258,11.3,484,457,34,195074
ABplapaapa:189,ABplapaapa,189,29446,4446,-236,-211,4228,11.4,487,459,34,193044
ABplapaapa:190,ABplapaapa,190,29251,4251,-41,-77,3968,12.1,486,463,31,175822
ABplapaapa:191,ABplapaapa,191,29313,4313,-244,-284,4068,12.0,479,462,34,231789
ABplapaapa:192,ABplapaapa,192,29519,4519,323,324,4345,11.3,476,462,34,209818
ABplapaapa:193,ABplapaapa,193,29285,4285,-68,-32,3903,11.4,475,461,34,220888
ABplapaapa:194,ABplapaapa,194,29365,4365,-57,-44,4058,11.3,478,465,34,203590
ABplapaapa:195,ABplapaapa,195,29139,4139,-486,-489,3900,12.1,482,465,31,193757
ABplapaapa:196,ABplapaapa,196,29239,4239,-300,-312,4021,11.3,481,462,34,223278
ABplapaapa:197,ABplapaapa,197,29362,4362,-218,-247,4194,12.0,473,464,34,243123
ABplapaapa:198,ABplapaapa,198,28723,3723,-635,-615,3504,11.2,469,465,34,244857
ABplapaapa:199,ABplapaapa,199,29409,4409,-232,-174,4245,11.2,472,465,34,242230
ABplapaapa:200,ABplapaapa,200,29206,4206,-135,-159,3954,11.2,475,462,34,257091
ABplapaapa:201,ABplapaapa,201,29732,4732,342,345,4477,11.1,476,463,31,201987
ABplapaapa:202,ABplapaapa,202,29630,4630,373,362,4395,11.3,472,463,34,243318
ABplapaapa:203,ABplapaapa,203,29630,4630,393,369,4339,11.2,472,462,34,260533
ABplapaapa:204,ABplapaapa,204,29287,4287,-319,-314,4088,12.0,463,465,34,272825
ABplapaapa:205,ABplapaapa,205,29333,4333,-51,-64,4131,11.3,469,465,34,257970
ABplapaapa:206,ABplapaapa,206,29506,4506,345,344,4267,11.3,463,465,34,269314
ABplapaapa:207,ABplapaapa,207,29592,4592,-8,34,4150,11.3,464,463,34,272247
ABplapaapa:208,ABplapaapa,208,29002,4002,-499,-463,3734,11.3,461,465,34,267416
ABplapaapa:209,ABplapaapa,209,29359,4359,-272,-254,4019,12.0,464,467,34,297983
ABplapaapa:210,ABplapaapa,210,29068,4068,-130,-157,3945,11.3,462,466,34,272098
ABplapaapa:211,ABplapaapa,211,29820,4820,247,195,4599,12.2,458,466,34,299090
ABplapaapa:212,ABplapaapa,212,29522,4522,-8,-19,4227,12.2,454,465,34,284361
ABplapaapa:213,ABplapaapa,213,30556,5556,927,908,5466,12.0,457,464,34,296504
ABplapaapa:214,ABplapaapa,214,29273,4273,-179,-161,4120,11.4,455,463,34,267776
ABplapaapa:215,ABplapaapa,215,29409,4409,-251,-246,4263,11.3,457,462,34,281596
ABplapaapa:216,ABplapaapa,216,28903,3903,-644,-646,3775,11.4,457,464,34,259199
ABplapaapa:217,ABplapaapa,217,29583,4583,368,368,4430,11.4,456,466,31,212724
ABplapaapa:218,ABplapaapa,218,28627,3627,-899,-898,3376,11.4,451,458,34,271260
ABplapaapa:219,ABplapaapa,219,29474,4474,-184,-188,4273,11.2,449,460,34,292965
ABplapaapa:220,ABplapaapa,220,29573,4573,11,58,4249,11.3,445,459,34,294769
ABplapaapa:221,ABplapaapa,221,29403,4403,-421,-500,3929,12.0,439,458,34,308590
ABplapaapa:222,ABplapaapa,222,29315,4315,-299,-276,3953,11.4,442,458,34,264198
ABplapaapa:223,ABplapaapa,223,28819,3819,-897,-876,3474,11.4,444,461,32,249555
ABplapaapa:224,ABplapaapa,224,29084,4084,-420,-478,3805,11.4,445,462,34,279508
ABplapaapa:225,ABplapaapa,225,29104,4104,-578,-545,3783,12.1,445,457,34,308618
ABplapaapa:226,ABplapaapa,226,29383,4383,-114,-148,4057,12.1,446,461,34,304709
ABplapaapa:227,ABplapaapa,227,29508,4508,114,121,4168,12.2,445,461,32,275925
ABplapaapa:228,ABplapaapa,228,29078,4078,-822,-759,3656,12.1,443,461,34,330929
ABplapaapa:229,ABplapaapa,229,29170,4170,-621,-645,3618,12.1,442,464,31,261346
ABplapaapa:230,ABplapaapa,230,29417,4417,-181,-248,3949,12.2,439,462,34,320895
ABplapaapa:231,ABplapaapa,231,29401,4401,-54,-36,3956,12.2,437,468,34,322835
ABplapaapa:232,ABplapaapa,232,29551,4551,-110,-157,4005,12.3,435,464,34,305772
ABplapaapa:233,ABplapaapa,233,29227,4227,-421,-481,3658,13.1,432,466,34,342147
ABplapaapa:234,ABplapaapa,234,29663,4663,111,106,3563,13.0,429,463,34,341169
ABplapaapa:235,ABplapaapa,235,29372,4372,-233,-184,3711,12.2,429,466,34,308813
ABplapaapa:236,ABplapaapa,236,29149,4149,-374,-359,3207,13.0,430,464,34,340840
ABplapaapa:237,ABplapaapa,237,29025,4025,-463,-411,3209,12.2,431,459,32,287728
ABplapaapa:238,ABplapaapa,238,29668,4668,166,191,3742,12.3,431,458,34,305444
ABplapaapa:239,ABplapaapa,239,28946,3946,-605,-617,3022,12.1,429,457,32,296411
ABplapaapa:240,ABplapaapa,240,28965,3965,-670,-657,2870,12.2,428,457,34,339574
ABplapaapa:241,ABplapaapa,241,29078,4078,-381,-377,3281,12.2,428,457,31,266309
ABplapaapa:242,ABplapaapa,242,29342,4342,-91,-102,3773,12.2,423,457,34,328107
ABplapaapa:243,ABplapaapa,243,29528,4528,219,213,3518,12.4,424,460,32,274410
ABplapaapa:244,ABplapaapa,244,29180,4180,-424,-415,3228,13.1,427,460,34,345569
ABplapaapa:245,ABplapaapa,245,29150,4150,-241,-280,2903,13.0,424,460,31,267178
ABplapaapa:246,ABplapaapa,246,29286,4286,-338,-390,3155,14.1,426,464,34,358720
ABplapaapa:247,ABplapaapa,247,29059,4059,-405,-266,3145,14.0,424,462,34,341194
ABplapaapa:248,ABplapaapa,248,28766,3766,-637,-662,2725,13.3,424,464,31,258096
ABplapaapa:249,ABplapaapa,249,29099,4099,-464,-448,2713,14.0,424,464,34,351756
ABplapaapa:250,ABplapaapa,250,29115,4115,-232,-160,3053,15.0,425,466,31,282526
ABplapaapp:172,ABplapaapp,172,29172,4172,-719,-692,3566,14.8,533,448,32,173121
ABplapaapp:173,ABplapaapp,173,29142,4142,-348,-350,3827,14.2,542,456,32,174797
ABplapaapp:174,ABplapaapp,174,30223,5223,485,480,5105,14.3,540,459,34,183931
ABplapaapp:175,ABplapaapp,175,29227,4227,-374,-360,4158,15.0,546,459,36,215785
ABplapaapp:176,ABplapaapp,176,29150,4150,-607,-598,4028,14.2,555,460,35,162903
ABplapaapp:177,ABplapaapp,177,29710,4710,232,270,4673,14.2,551,465,35,157765
ABplapaapp:178,ABplapaapp,178,29147,4147,-330,-324,4110,14.2,548,461,35,160857
ABplapaapp:179,ABplapaapp,179,29842,4842,183,182,4801,14.1,544,460,34,165000
ABplapaapp:180,ABplapaapp,180,29059,4059,-587,-586,4008,14.1,553,461,34,161378
ABplapaapp:181,ABplapaapp,181,29427,4427,-319,-323,4355,14.1,548,459,34,181972
ABplapaapp:182,ABplapaapp,182,29150,4150,-367,-367,4045,14.2,550,462,34,176635
ABplapaapp:183,ABplapaapp,183,29206,4206,-594,-595,4077,14.2,555,456,34,182350
ABplapaapp:184,ABplapaapp,184,29571,4571,-148,-147,4475,14.2,550,460,34,193366
ABplapaapp:185,ABplapaapp,185,29410,4410,-452,-463,4287,14.2,552,456,34,185964
ABplapaapp:186,ABplapaapp,186,29601,4601,-89,-73,4403,14.2,549,458,34,157953
ABplapaapp:187,ABplapaapp,187,29230,4230,-327,-327,4002,14.1,547,458,31,126413
ABplapaapp:188,ABplapaapp,188,30228,5228,486,486,5017,14.1,542,463,34,166681
ABplapaapp:189,ABplapaapp,189,29148,4148,-507,-451,3387,15.1,542,464,34,174308
ABplapaapp:190,ABplapaapp,190,29399,4399,-381,-381,3770,15.1,540,467,31,133715
ABplapaapp:191,ABplapaapp,191,29656,4656,-278,-280,4439,14.2,525,466,34,175379
ABplapaapp:192,ABplapaapp,192,29508,4508,-84,-93,3906,15.0,532,468,34,193725
ABplapaapp:193,ABplapaapp,193,29117,4117,-622,-622,3746,14.3,535,468,34,169767
ABplapaapp:194,ABplapaapp,194,29136,4136,-932,-943,3517,15.1,525,468,34,194901
ABplapaapp:195,ABplapaapp,195,29374,4374,-303,-303,3854,15.2,527,468,31,149767
ABplapaapp:196,ABplapaapp,196,29462,4462,-130,-130,4252,14.2,528,465,34,193789
ABplapaapp:197,ABplapaapp,197,29668,4668,-101,-100,4364,14.1,521,468,34,205955
ABplapaapp:198,ABplapaapp,198,28838,3838,-720,-720,3661,14.1,513,470,34,201591
ABplapaapp:199,ABplapaapp,199,29365,4365,-556,-564,4208,13.3,514,468,34,170389
ABplapaapp:200,ABplapaapp,200,29265,4265,-538,-551,3828,14.2,521,466,34,197653
ABplapaapp:201,ABplapaapp,201,29732,4732,0,0,4453,14.1,519,466,31,165850
ABplapaapp:202,ABplapaapp,202,29193,4193,-487,-490,3945,14.1,517,468,34,225007
ABplapaapp:203,ABplapaapp,203,29881,4881,246,245,4664,14.1,520,469,34,229047
ABplapaapp:204,ABplapaapp,204,30023,5023,226,226,4728,14.0,513,465,34,236290
ABplapaapp:205,ABplapaapp,205,29280,4280,-603,-604,3967,14.1,517,467,34,223243
ABplapaapp:206,ABplapaapp,206,30370,5370,648,648,5130,14.1,508,468,34,218501
ABplapaapp:207,ABplapaapp,207,29395,4395,-90,-92,4189,14.2,504,471,34,221478
ABplapaapp:208,ABplapaapp,208,30169,5169,397,397,4967,14.1,505,471,34,227098
ABplapaapp:209,ABplapaapp,209,28896,3896,-443,-441,3496,15.0,511,475,34,241988
ABplapaapp:210,ABplapaapp,210,29373,4373,58,55,4125,14.2,513,471,34,227987
ABplapaapp:211,ABplapaapp,211,29444,4444,-389,-353,3935,15.0,511,472,34,251894
ABplapaapp:212,ABplapaapp,212,29910,4910,-47,-62,4443,15.0,507,472,34,246115
ABplapaapp:213,ABplapaapp,213,30015,5015,397,394,4804,14.2,511,471,34,236535
ABplapaapp:214,ABplapaapp,214,29606,4606,-19,-7,4183,14.2,513,473,34,243501
ABplapaapp:215,ABplapaapp,215,30190,5190,454,454,5069,14.2,509,473,34,235847
ABplapaapp:216,ABplapaapp,216,29462,4462,-210,-96,3867,15.1,511,472,34,245242
ABplapaapp:217,ABplapaapp,217,29470,4470,-41,-51,4216,15.0,508,470,31,206278
ABplapaapp:218,ABplapaapp,218,29133,4133,-576,-498,3569,14.2,517,469,34,254242
ABplapaapp:219,ABplapaapp,219,29235,4235,-549,-531,3954,14.2,513,470,34,242667
ABplapaapp:220,ABplapaapp,220,29209,4209,-482,-471,3622,14.3,516,469,34,257732
ABplapaapp:221,ABplapaapp,221,29306,4306,-590,-592,3407,15.1,515,469,34,272182
ABplapaapp:222,ABplapaapp,222,30089,5089,321,336,4460,14.2,516,466,34,253946
ABplapaapp:223,ABplapaapp,223,30244,5244,523,567,4467,14.3,521,468,34,258301
ABplapaapp:224,ABplapaapp,224,29380,4380,-463,-297,3460,14.2,523,467,34,265671
ABplapaapp:225,ABplapaapp,225,29883,4883,312,333,4026,14.2,524,470,34,275038
ABplapaapp:226,ABplapaapp,226,29383,4383,-250,-225,3995,14.2,524,473,34,268475
ABplapaapp:227,ABplapaapp,227,30042,5042,527,541,4357,14.0,524,469,34,281838
ABplapaapp:228,ABplapaapp,228,29029,4029,-740,-796,3342,14.1,525,468,34,278519
ABplapaapp:229,ABplapaapp,229,29241,4241,-230,-166,3397,14.1,530,468,31,218483
ABplapaapp:230,ABplapaapp,230,29221,4221,-348,-350,3491,14.1,525,469,34,286199
ABplapaapp:231,ABplapaapp,231,29869,4869,31,105,4046,14.1,528,469,34,292183
ABplapaapp:232,ABplapaapp,232,29193,4193,-244,-252,3855,13.3,521,468,32,245063
ABplapaapp:233,ABplapaapp,233,29212,4212,-186,-171,3699,13.3,520,467,34,276182
ABplapaapp:234,ABplapaapp,234,29388,4388,-291,-298,4071,13.2,518,467,34,281576
ABplapaapp:235,ABplapaapp,235,29502,4502,11,61,3994,14.0,518,469,34,292897
ABplapaapp:236,ABplapaapp,236,29768,4768,387,479,4071,14.0,521,468,34,305730
ABplapaapp:237,ABplapaapp,237,29266,4266,-477,-407,3256,13.2,523,465,34,300323
ABplapaapp:238,ABplapaapp,238,28747,3747,-577,-581,3167,13.2,519,463,34,296107
ABplapaapp:239,ABplapaapp,239,29082,4082,-564,-504,3409,13.2,516,463,34,286614
ABplapaapp:240,ABplapaapp,240,28755,3755,-702,-697,3388,12.3,521,461,34,284153
ABplapaapp:241,ABplapaapp,241,29316,4316,-245,-249,3694,12.2,521,459,31,224020
ABplapaapp:242,ABplapaapp,242,28930,3930,-650,-641,3609,12.2,518,461,34,283253
ABplapaapp:243,ABplapaapp,243,29295,4295,-279,-226,3565,13.1,518,459,34,309112
ABplapaapp:244,ABplapaapp,244,29825,4825,260,260,4431,13.1,520,461,34,298881
ABplapaapp:245,ABplapaapp,245,29243,4243,-76,51,3821,12.1,518,459,31,225921
ABplapaapp:246,ABplapaapp,246,29092,4092,-770,-746,3622,12.3,513,455,34,290304
ABplapaapp:247,ABplapaapp,247,29156,4156,-273,-294,3873,12.1,513,457,34,303248
ABplapaapp:248,ABplapaapp,248,29845,4845,434,483,4469,12.2,511,460,31,230271
ABplapaapp:249,ABplapaapp,249,29075,4075,-409,-242,3485,12.2,514,456,34,292627
ABplapaapp:250,ABplapaapp,250,29212,4212,-564,-402,3222,12.2,511,456,31,236283
ABplapap:85,ABplapap,85,29628,4628,-992,-1134,4366,5.5,328,353,58,0
ABplapap:86,ABplapap,86,29708,4708,-1219,-1268,4708,5.0,339,357,58,0
ABplapap:87,ABplapap,87,30019,5019,-882,-893,5019,5.0,342,357,58,0
ABplapap:88,ABplapap,88,29811,4811,-863,-878,4811,5.1,345,358,58,0
ABplapap:89,ABplapap,89,29856,4856,-924,-925,4856,5.1,348,359,58,0
ABplapap:90,ABplapap,90,30024,5024,-847,-851,5024,5.2,352,359,58,0
ABplapap:91,ABplapap,91,29835,4835,-942,-942,4835,5.2,355,360,58,0
ABplapap:92,ABplapap,92,29945,4945,-898,-898,4945,5.3,358,361,58,0
ABplapap:93,ABplapap,93,29852,4852,-944,-946,4852,5.3,361,362,58,0
ABplapap:94,ABplapap,94,29744,4744,-955,-955,4744,5.4,365,362,58,0
ABplapap:95,ABplapap,95,29810,4810,-963,-961,4810,5.4,368,363,58,0
ABplapap:96,ABplapap,96,29633,4633,-1089,-1090,4633,5.5,371,364,58,0
ABplapap:97,ABplapap,97,29806,4806,-984,-1013,4799,5.5,375,365,58,0
ABplapap:98,ABplapap,98,29660,4660,-1150,-1180,4656,5.5,378,365,58,0
ABplapap:99,ABplapap,99,29420,4420,-1445,-1444,4416,5.6,381,366,58,0
ABplapap:100,ABplapap,100,29648,4648,-1052,-1041,4644,5.6,384,367,58,0
ABplapap:101,ABplapap,101,29715,4715,-923,-922,4712,5.7,388,367,58,0
ABplapap:102,ABplapap,102,29479,4479,-1196,-1175,4477,5.7,391,368,58,0
ABplapap:103,ABplapap,103,29630,4630,-1205,-1201,4630,5.8,394,369,58,0
ABplapap:104,ABplapap,104,29581,4581,-1184,-1166,4581,5.8,397,370,58,0
ABplapap:105,ABplapap,105,29692,4692,-1005,-1005,4692,5.9,401,370,58,0
ABplapap:106,ABplapap,106,29675,4675,-943,-945,4675,5.9,404,371,58,0
ABplapap:107,ABplapap,107,29356,4356,-1399,-1399,4356,6.0,407,372,58,0
ABplapap:108,ABplapap,108,29338,4338,-1253,-1253,4338,6.0,411,373,58,0
ABplapap:109,ABplapap,109,29214,4214,-1142,-1139,4214,6.5,413,380,58,0
ABplapap:110,ABplapap,110,29550,4550,-556,-549,4550,7.0,415,387,57,0
ABplapap:111,ABplapap,111,29027,4027,-995,-982,4024,7.6,417,394,56,0
ABplapap:112,ABplapap,112,29188,4188,-603,-567,4184,8.1,419,401,55,0
ABplapap:113,ABplapap,113,29091,4091,-779,-764,4082,8.6,421,408,54,0
ABplapap:114,ABplapap,114,29245,4245,-508,-493,4239,9.1,424,415,53,291907
ABplapap:115,ABplapap,115,29265,4265,-554,-557,4265,8.7,428,412,58,401715
ABplapap:116,ABplapap,116,29288,4288,-507,-501,4288,8.7,442,416,58,402853
ABplapap:117,ABplapap,117,29732,4732,310,310,4732,9.0,444,418,34,109895
ABplapap:118,ABplapap,118,29617,4617,167,167,4617,9.2,464,426,34,119796
ABplapapa:119,ABplapapa,119,29556,4556,-515,-515,4553,10.2,436,414,36,129338
ABplapapa:120,ABplapapa,120,29790,4790,81,81,4782,9.1,445,403,34,110131
ABplapapa:121,ABplapapa,121,29949,4949,74,72,4945,9.0,443,406,41,154445
ABplapapa:122,ABplapapa,122,30000,5000,93,110,4989,9.0,447,404,37,114288
ABplapapa:123,ABplapapa,123,30087,5087,490,484,5036,8.2,445,420,29,52315
ABplapapa:124,ABplapapa,124,30655,5655,884,884,5641,9.0,456,413,35,99927
ABplapapa:125,ABplapapa,125,30601,5601,845,868,5589,8.1,465,423,40,160684
ABplapapa:126,ABplapapa,126,29378,4378,-628,-628,4378,8.1,473,416,27,38179
ABplapapa:127,ABplapapa,127,30102,5102,92,92,5093,9.1,477,423,27,39145
ABplapapa:128,ABplapapa,128,32073,7073,1872,1872,7054,9.1,477,423,27,39145
ABplapapa:129,ABplapapa,129,30440,5440,693,693,5416,8.1,477,417,29,51526
ABplapapa:130,ABplapapa,130,31342,6342,949,949,6327,9.0,477,416,29,54841
ABplapapa:131,ABplapapa,131,31244,6244,1336,1338,6227,9.1,483,421,38,136244
ABplapapa:132,ABplapapa,132,32181,7181,2187,2154,7139,9.1,482,421,38,135901
ABplapapa:133,ABplapapa,133,31552,6552,1546,1529,6538,9.2,493,420,39,139940
ABplapapa:134,ABplapapa,134,30678,5678,-61,-61,5664,9.0,494,416,29,58434
ABplapapa:135,ABplapapa,135,31436,6436,1454,1410,6397,8.2,486,417,40,156558
ABplapapa:136,ABplapapa,136,31619,6619,1653,1594,6600,8.1,492,421,43,186224
ABplapapa:137,ABplapapa,137,32579,7579,2588,2564,7561,9.0,493,420,44,216813
ABplapapa:138,ABplapapa,138,31591,6591,1495,1477,6579,9.2,496,427,44,220860
ABplapapa:139,ABplapapa,139,31936,6936,1961,1915,6919,9.1,493,426,44,218466
ABplapapa:140,ABplapapa,140,32482,7482,2637,2625,7466,9.2,492,426,45,217902
ABplapapa:141,ABplapapa,141,32994,7994,2960,2933,7980,9.2,492,425,45,213910
ABplapapa:142,ABplapapa,142,32454,7454,2343,2332,7448,9.3,500,428,46,251400
ABplapapa:143,ABplapapa,143,32073,7073,2089,2067,7060,9.3,506,430,47,249602
ABplapapa:144,ABplapapa,144,32699,7699,2645,2648,7670,10.0,512,423,50,383989
ABplapapa:145,ABplapapa,145,32669,7669,2617,2557,7647,9.3,518,424,50,345981
ABplapapa:146,ABplapapa,146,32721,7721,2925,2889,7699,9.3,524,423,50,365935
ABplapapa:147,ABplapapa,147,33608,8608,3634,3584,8584,10.1,528,428,50,418593
ABplapapa:148,ABplapapa,148,33508,8508,3432,3385,8493,10.1,538,430,48,378337
ABplapapa:149,ABplapapa,149,33898,8898,3855,3851,8875,10.1,541,430,51,431408
ABplapapa:150,ABplapapa,150,33574,8574,3363,3333,8559,10.2,549,430,51,430501
ABplapapa:151,ABplapapa,151,34171,9171,4023,3965,9134,10.1,547,426,47,354860
ABplapapa:152,ABplapapa,152,33298,8298,3191,3163,8280,10.3,555,433,51,442779
ABplapapa:153,ABplapapa,153,34085,9085,3914,3854,9067,11.1,564,433,51,479517
ABplapapa:154,ABplapapa,154,33487,8487,3576,3587,8444,11.4,571,440,52,491896
ABplapapa:155,ABplapapa,155,33472,8472,3384,3380,8466,12.2,573,444,52,539448
ABplapapa:156,ABplapapa,156,34290,9290,4157,4108,9283,12.3,577,444,50,393417
ABplapapa:157,ABplapapa,157,33491,8491,3365,3346,8479,12.2,580,442,51,427442
ABplapapa:158,ABplapapa,158,33968,8968,3841,3799,8962,12.1,590,440,50,441908
ABplapapa:159,ABplapapa,159,33570,8570,3353,3345,8496,12.2,594,437,49,394865
ABplapapa:160,ABplapapa,160,33766,8766,3340,3333,8711,13.2,596,434,49,410613
ABplapapa:161,ABplapapa,161,33382,8382,3037,3020,8307,13.1,599,434,49,407597
ABplapapa:162,ABplapapa,162,32679,7679,2440,2468,7574,13.3,604,432,48,439570
ABplapapa:163,ABplapapa,163,30992,5992,521,537,5968,13.1,597,426,42,310478
ABplapapa:164,ABplapapa,164,30887,5887,58,48,5758,14.0,602,430,41,323047
ABplapapaa:165,ABplapapaa,165,31191,6191,800,799,6052,12.8,574,435,41,229708
ABplapapaa:166,ABplapapaa,166,32339,7339,1881,1884,7306,12.0,576,431,36,213225
ABplapapaa:167,ABplapapaa,167,32234,7234,1923,1943,7168,12.1,587,434,37,202346
ABplapapaa:168,ABplapapaa,168,33161,8161,3025,3003,8099,12.1,591,437,38,223409
ABplapapaa:169,ABplapapaa,169,32882,7882,2883,2853,7719,12.2,592,439,39,226414
ABplapapaa:170,ABplapapaa,170,32757,7757,2527,2542,7464,12.1,604,436,38,218228
ABplapapaa:171,ABplapapaa,171,32683,7683,2565,2614,7303,12.2,619,431,37,198412
ABplapapaa:172,ABplapapaa,172,33721,8721,3439,3354,8359,13.0,624,430,36,219545
ABplapapaa:173,ABplapapaa,173,32975,7975,2835,2854,7526,12.3,621,432,36,203410
ABplapapaa:174,ABplapapaa,174,32017,7017,1356,1423,6674,13.1,620,429,36,218179
ABplapapaa:175,ABplapapaa,175,32890,7890,2669,2657,7293,13.3,619,435,36,206947
ABplapapaa:176,ABplapapaa,176,32857,7857,2447,2501,7619,13.2,630,434,35,162709
ABplapapaa:177,ABplapapaa,177,32416,7416,2222,2181,7220,14.2,633,436,35,170795
ABplapapaa:178,ABplapapaa,178,32779,7779,2219,2240,7539,14.1,633,426,35,170585
ABplapapaa:179,ABplapapaa,179,32543,7543,2347,2339,7287,14.2,636,420,34,170251
ABplapapaa:180,ABplapapaa,180,32617,7617,2153,2150,7530,14.1,648,418,34,173492
ABplapapaa:181,ABplapapaa,181,33110,8110,2574,2574,7914,15.0,646,426,34,179712
ABplapapaa:182,ABplapapaa,182,33179,8179,2910,2915,8017,15.1,646,423,34,182065
ABplapapaa:183,ABplapapaa,183,32293,7293,1881,1882,7112,15.2,649,429,34,175020
ABplapapaa:184,ABplapapaa,184,34899,9899,4612,4612,9699,15.1,651,425,34,193793
ABplapapaa:185,ABplapapaa,185,32518,7518,2351,2351,7333,15.0,651,421,34,193303
ABplapapaa:186,ABplapapaa,186,32379,7379,1883,1892,7023,16.0,650,421,34,167740
ABplapapaa:187,ABplapapaa,187,33117,8117,2522,2522,7872,15.2,658,425,31,114785
ABplapapaa:188,ABplapapaa,188,33300,8300,2733,2752,7873,16.0,658,428,34,166424
ABplapapaa:189,ABplapapaa,189,33601,8601,3065,3046,8241,16.1,662,431,34,176168
ABplapapaa:190,ABplapapaa,190,33377,8377,2833,2833,8169,16.0,658,436,31,140884
ABplapapaa:191,ABplapapaa,191,33248,8248,2740,2740,8118,15.2,652,436,34,179635
ABplapapaa:192,ABplapapaa,192,32633,7633,2139,2135,7260,16.1,659,440,34,181973
ABplapapaa:193,ABplapapaa,193,34496,9496,3893,3893,9312,16.0,657,438,34,192218
ABplapapaa:194,ABplapapaa,194,32948,7948,2432,2432,7777,16.0,657,440,34,200555
ABplapapaa:195,ABplapapaa,195,33434,8434,2236,2236,8120,16.1,660,440,31,157172
ABplapapaa:196,ABplapapaa,196,34295,9295,3999,3999,9014,15.0,661,439,34,217710
ABplapapaa:197,ABplapapaa,197,33587,8587,2963,2963,8462,15.0,661,438,34,219023
ABplapapaa:198,ABplapapaa,198,33844,8844,3133,3133,8567,15.1,657,436,34,216767
ABplapapaa:199,ABplapapaa,199,33131,8131,2925,2925,7890,15.1,657,433,34,217870
ABplapapaa:200,ABplapapaa,200,33030,8030,2258,2270,7716,14.2,652,435,34,203246
ABplapapaa:201,ABplapapaa,201,33942,8942,3498,3643,8250,14.1,659,435,31,171486
ABplapapaa:202,ABplapapaa,202,33425,8425,2788,2847,7565,14.2,658,433,34,222704
ABplapapaa:203,ABplapapaa,203,34047,9047,3601,3600,8392,14.1,661,434,34,247554
ABplapapaa:204,ABplapapaa,204,32401,7401,1752,1763,6986,14.1,660,435,34,242134
ABplapapaa:205,ABplapapaa,205,32370,7370,1784,1801,6959,14.1,661,435,34,233207
ABplapapaa:206,ABplapapaa,206,31521,6521,968,1145,5424,14.2,660,435,34,245014
ABplapapaa:207,ABplapapaa,207,33596,8596,2873,2864,7822,14.0,659,435,34,237971
ABplapapaa:208,ABplapapaa,208,32800,7800,2277,2287,7500,14.1,658,436,34,246007
ABplapapaa:209,ABplapapaa,209,33403,8403,3111,3111,8159,13.2,660,437,34,234597
ABplapapaa:210,ABplapapaa,210,33190,8190,2686,2701,7789,14.1,663,437,34,254842
ABplapapaa:211,ABplapapaa,211,32934,7934,2361,2361,7771,13.1,662,434,34,237764
ABplapapaa:212,ABplapapaa,212,33474,8474,2881,2881,8286,14.0,664,436,34,244932
ABplapapaa:213,ABplapapaa,213,32009,7009,1582,1588,6534,14.1,663,435,34,259856
ABplapapaa:214,ABplapapaa,214,33417,8417,3086,3086,8177,14.2,670,438,34,250854
ABplapapaa:215,ABplapapaa,215,32008,7008,1770,1770,6774,14.1,665,440,34,239523
ABplapapaa:216,ABplapapaa,216,33980,8980,3735,3735,8758,14.0,663,439,34,261486
ABplapapaa:217,ABplapapaa,217,33387,8387,2962,2962,8056,14.0,663,437,31,204170
ABplapapaa:218,ABplapapaa,218,32916,7916,2318,2318,7751,14.1,672,433,34,269895
ABplapapaa:219,ABplapapaa,219,33260,8260,3013,3013,8110,14.1,666,435,34,269580
ABplapapaa:220,ABplapapaa,220,33293,8293,3058,3058,8069,14.1,670,436,34,250195
ABplapapaa:221,ABplapapaa,221,32164,7164,1856,1856,6786,14.2,671,435,34,243724
ABplapapaa:222,ABplapapaa,222,33092,8092,2651,2651,7818,14.1,672,433,34,267541
ABplapapaa:223,ABplapapaa,223,33615,8615,3378,3378,8149,15.0,681,430,34,271914
ABplapapaa:224,ABplapapaa,224,32820,7820,2472,2484,7470,14.1,680,428,34,265886
ABplapapaa:225,ABplapapaa,225,32125,7125,2077,2077,6903,14.1,684,427,34,261282
ABplapapaa:226,ABplapapaa,226,33026,8026,2605,2605,7766,15.0,687,425,34,263936
ABplapapaa:227,ABplapapaa,227,32587,7587,2188,2188,7179,14.2,683,424,34,268069
ABplapapaa:228,ABplapapaa,228,32104,7104,1924,1924,6938,14.1,684,420,34,259483
ABplapapaa:229,ABplapapaa,229,33036,8036,2622,2622,7814,14.1,681,422,31,197025
ABplapapaa:230,ABplapapaa,230,32434,7434,2008,2008,7112,14.1,680,424,34,271476
ABplapapaa:231,ABplapapaa,231,31385,6385,1494,1494,6113,14.2,683,420,34,267253
ABplapapaa:232,ABplapapaa,232,31293,6293,1481,1466,5923,13.3,680,422,34,226353
ABplapapaa:233,ABplapapaa,233,31577,6577,1410,1410,6329,14.1,681,424,34,273417
ABplapapaa:234,ABplapapaa,234,32752,7752,2517,2517,7277,14.1,681,420,34,279590
ABplapapaa:235,ABplapapaa,235,32835,7835,2721,2718,7532,14.1,679,422,34,277406
ABplapapaa:236,ABplapapaa,236,32651,7651,2397,2397,7389,14.0,685,416,34,296476
ABplapapaa:237,ABplapapaa,237,32661,7661,2469,2444,7142,13.2,686,414,34,279861
ABplapapaa:238,ABplapapaa,238,32468,7468,2416,2415,7211,13.2,688,413,34,277277
ABplapapaa:239,ABplapapaa,239,32104,7104,1651,1646,6937,13.0,689,410,34,289761
ABplapapaa:240,ABplapapaa,240,31856,6856,1600,1599,6551,13.1,693,408,34,289598
ABplapapaa:241,ABplapapaa,241,32055,7055,1886,1888,6813,13.1,691,409,31,222447
ABplapapaa:242,ABplapapaa,242,32734,7734,2240,2243,7302,13.0,695,402,34,282469
ABplapapaa:243,ABplapapaa,243,32340,7340,2359,2377,7023,12.3,692,403,34,276814
ABplapapaa:244,ABplapapaa,244,32368,7368,2164,2164,7148,12.2,694,403,34,276870
ABplapapaa:245,ABplapapaa,245,32765,7765,2585,2585,7728,12.1,693,398,31,234563
ABplapapaa:246,ABplapapaa,246,31265,6265,1636,1635,6190,11.2,691,397,34,274409
ABplapapaa:247,ABplapapaa,247,30908,5908,780,785,5816,11.2,690,395,34,284937
ABplapapaa:248,ABplapapaa,248,32749,7749,2638,2638,7676,11.2,689,397,31,214313
ABplapapaa:249,ABplapapaa,249,31231,6231,1303,1303,6177,11.2,691,394,34,273648
ABplapapaa:250,ABplapapaa,250,32944,7944,2769,2769,7856,11.4,691,396,31,215627
ABplapapap:165,ABplapapap,165,31867,6867,1268,1267,6656,14.1,619,438,35,194185
ABplapapap:166,ABplapapap,166,32164,7164,1720,1733,7095,15.1,634,439,34,184683
ABplapapap:167,ABplapapap,167,32703,7703,2371,2390,7653,16.1,642,435,39,226690
ABplapapap:168,ABplapapap,168,33175,8175,2971,2973,8086,17.1,656,440,36,208516
ABplapapap:169,ABplapapap,169,32626,7626,2391,2394,7460,17.0,667,429,35,166397
ABplapapap:170,ABplapapap,170,32224,7224,1635,1834,6963,17.1,671,428,38,227898
ABplapapap:171,ABplapapap,171,33549,8549,2892,2991,8236,17.1,678,424,37,204007
ABplapapap:172,ABplapapap,172,32371,7371,1794,1835,7142,17.0,679,422,36,214814
ABplapapap:173,ABplapapap,173,33408,8408,2701,2865,7774,16.0,684,419,36,214986
ABplapapap:174,ABplapapap,174,32225,7225,1051,1416,6217,16.1,681,413,36,210770
ABplapapap:175,ABplapapap,175,32652,7652,1673,1942,6562,16.1,676,421,36,208383
ABplapapap:176,ABplapapap,176,33920,8920,3162,3294,8002,17.0,687,421,35,175705
ABplapapap:177,ABplapapap,177,33748,8748,2953,3067,8197,18.0,690,417,35,193820
ABplapapap:178,ABplapapap,178,32416,7416,1892,2012,7002,17.2,689,412,35,169662
ABplapapap:179,ABplapapap,179,32522,7522,2025,2081,6732,18.1,693,411,34,185905
ABplapapap:180,ABplapapap,180,32014,7014,1580,1645,6500,18.1,697,412,34,177911
ABplapapap:181,ABplapapap,181,32374,7374,1766,1888,6920,18.2,702,412,34,167526
ABplapapap:182,ABplapapap,182,32858,7858,2161,2159,6975,19.1,699,409,34,178773
ABplapapap:183,ABplapapap,183,33213,8213,1983,2041,7192,20.0,698,412,34,187698
ABplapapap:184,ABplapapap,184,31872,6872,1086,1311,5444,19.1,695,413,34,184407
ABplapapap:185,ABplapapap,185,32894,7894,2125,2121,6964,20.0,697,411,34,205211
ABplapapap:186,ABplapapap,186,32259,7259,941,1198,5528,19.1,705,411,34,176968
ABplapapap:187,ABplapapap,187,32244,7244,1027,1045,6400,19.1,700,416,31,131563
ABplapapap:188,ABplapapap,188,33041,8041,2174,2331,6918,20.1,699,415,34,200197
ABplapapap:189,ABplapapap,189,32135,7135,1473,1532,6598,20.2,698,425,34,183291
ABplapapap:190,ABplapapap,190,31658,6658,1210,1203,6274,21.0,693,431,31,142936
ABplapapap:191,ABplapapap,191,34053,9053,3633,3652,8874,20.1,692,434,34,187233
ABplapapap:192,ABplapapap,192,32404,7404,1815,1802,6797,20.1,687,438,34,197024
ABplapapap:193,ABplapapap,193,33304,8304,2564,2601,7668,20.0,687,436,34,205948
ABplapapap:194,ABplapapap,194,33031,8031,1929,2007,7397,20.1,690,435,34,212954
ABplapapap:195,ABplapapap,195,32999,7999,2178,2178,7114,20.1,684,438,31,168520
ABplapapap:196,ABplapapap,196,32374,7374,1175,1240,6585,19.2,688,438,34,199337
ABplapapap:197,ABplapapap,197,33290,8290,2326,2394,7653,20.0,686,434,34,207868
ABplapapap:198,ABplapapap,198,32669,7669,1430,1451,7127,19.0,685,437,34,223690
ABplapapap:199,ABplapapap,199,32802,7802,1778,1786,7218,19.2,687,435,34,206346
ABplapapap:200,ABplapapap,200,31879,6879,1093,1113,6115,18.2,679,437,34,202840
ABplapapap:201,ABplapapap,201,31700,6700,649,841,3952,17.1,673,435,31,155613
ABplapapap:202,ABplapapap,202,32296,7296,1351,1477,5387,17.4,674,437,32,155613
ABplapapap:203,ABplapapap,203,32629,7629,1681,1697,5684,17.8,675,439,33,155613
ABplapapap:204,ABplapapap,204,33699,8699,3159,3157,7515,18.1,677,442,34,231487
ABplapapap:205,ABplapapap,205,33880,8880,2933,2945,7713,18.1,679,440,34,228036
ABplapapap:206,ABplapapap,206,32917,7917,2118,2230,6334,17.2,677,442,34,227360
ABplapapap:207,ABplapapap,207,32924,7924,2319,2484,5560,17.3,677,440,34,216576
ABplapapap:208,ABplapapap,208,32561,7561,1860,1927,6000,18.1,676,443,34,240195
ABplapapap:209,ABplapapap,209,33643,8643,2523,2622,7104,18.1,672,444,34,254908
ABplapapap:210,ABplapapap,210,31767,6767,874,986,4599,18.2,674,443,34,234790
ABplapapap:211,ABplapapap,211,32087,7087,1380,1499,5919,18.2,677,445,34,249762
ABplapapap:212,ABplapapap,212,32907,7907,1728,1803,6109,19.0,669,448,34,249802
ABplapapap:213,ABplapapap,213,32349,7349,1398,1458,5827,18.2,673,446,34,232638
ABplapapap:214,ABplapapap,214,32078,7078,1100,1130,5477,19.1,675,447,34,244498
ABplapapap:215,ABplapapap,215,32857,7857,2367,2367,7055,19.2,674,452,34,226199
ABplapapap:216,ABplapapap,216,32565,7565,1909,1909,6455,19.1,669,452,34,251687
ABplapapap:217,ABplapapap,217,34710,9710,3792,3792,8661,19.1,670,450,31,199111
ABplapapap:218,ABplapapap,218,32893,7893,2316,2314,6826,19.1,673,448,34,257919
ABplapapap:219,ABplapapap,219,32596,7596,2308,2352,6937,20.0,667,450,34,254827
ABplapapap:220,ABplapapap,220,32247,7247,1618,1686,5788,19.2,673,447,34,252942
ABplapapap:221,ABplapapap,221,32902,7902,2240,2305,7010,19.1,666,450,34,246350
ABplapapap:222,ABplapapap,222,31847,6847,1277,1400,5941,19.0,665,452,34,259791
ABplapapap:223,ABplapapap,223,33722,8722,3272,3394,7808,19.2,668,451,34,238764
ABplapapap:224,ABplapapap,224,33272,8272,3074,3190,6973,18.2,674,450,34,253490
ABplapapap:225,ABplapapap,225,33181,8181,2570,2848,6807,19.0,674,448,34,271875
ABplapapap:226,ABplapapap,226,32523,7523,1972,2146,6598,19.0,669,448,34,277420
ABplapapap:227,ABplapapap,227,32123,7123,1737,1838,6185,18.2,670,448,34,263099
ABplapapap:228,ABplapapap,228,32403,7403,1695,1863,6612,19.0,666,448,34,272170
ABplapapap:229,ABplapapap,229,31716,6716,1356,1390,6071,19.1,662,452,31,196957
ABplapapap:230,ABplapapap,230,32869,7869,2275,2278,7216,18.2,666,449,34,248185
ABplapapap:231,ABplapapap,231,32481,7481,1911,2122,6383,19.0,676,448,34,284855
ABplapapap:232,ABplapapap,232,32869,7869,2539,2706,6969,18.2,673,450,34,275711
ABplapapap:233,ABplapapap,233,33579,8579,2297,2743,6646,19.1,668,450,29,178728
ABplapapap:234,ABplapapap,234,32429,7429,1606,1970,5780,18.2,668,450,34,284432
ABplapapap:235,ABplapapap,235,34045,9045,2122,2894,5948,19.0,665,448,29,189568
ABplapapap:236,ABplapapap,236,32064,7064,-123,642,1323,19.0,665,448,29,189568
ABplapapap:237,ABplapapap,237,34452,9452,2565,3325,6807,20.0,673,443,34,338220
ABplapapap:238,ABplapapap,238,32305,7305,1332,1938,4888,18.1,672,449,34,324042
ABplapapap:239,ABplapapap,239,32689,7689,1811,2052,5886,18.1,671,449,34,324042
ABplapapap:240,ABplapapap,240,33176,8176,2332,2626,6048,18.1,670,450,33,324042
ABplapapap:241,ABplapapap,241,32886,7886,1986,2531,5333,18.1,669,450,32,324042
ABplapapap:242,ABplapapap,242,32455,7455,1672,2162,5461,18.1,667,451,31,249142
ABplapapap:243,ABplapapap,243,32424,7424,1627,2189,4656,18.0,671,449,34,319734
ABplapapap:244,ABplapapap,244,32979,7979,2248,2770,5510,18.1,676,447,34,332563
ABplapapap:245,ABplapapap,245,33737,8737,2821,3111,5852,17.8,675,447,34,332563
ABplapapap:246,ABplapapap,246,32142,7142,1416,1995,3262,17.4,674,447,34,332563
ABplapapap:247,ABplapapap,247,33166,8166,2908,3176,6881,17.1,672,446,34,321142
ABplapapap:248,ABplapapap,248,33441,8441,2672,2798,6692,17.2,664,449,31,242109
ABplapapap:249,ABplapapap,249,33972,8972,3273,3742,6160,17.1,666,446,34,321100
ABplapapap:250,ABplapapap,250,32136,7136,1196,1312,5783,17.1,665,449,31,250220
ABplapapp:119,ABplapapp,119,29833,4833,77,77,4827,11.0,502,438,36,127479
ABplapapp:120,ABplapapp,120,30707,5707,1001,1001,5707,10.2,514,441,34,96144
ABplapapp:121,ABplapapp,121,29110,4110,-548,-548,4110,11.0,515,441,29,62196
ABplapapp:122,ABplapapp,122,29846,4846,-132,-132,4773,11.1,523,440,37,126273
ABplapapp:123,ABplapapp,123,30403,5403,633,633,5378,11.0,543,440,36,129037
ABplapapp:124,ABplapapp,124,30304,5304,790,790,5291,11.0,552,439,39,143948
ABplapapp:125,ABplapapp,125,29814,4814,112,112,4790,11.1,561,436,40,164822
ABplapapp:126,ABplapapp,126,29670,4670,-199,-199,4604,11.1,576,432,27,39698
ABplapapp:127,ABplapapp,127,30520,5520,836,836,5510,11.0,577,432,37,117243
ABplapapp:128,ABplapapp,128,30771,5771,970,970,5690,11.5,581,432,37,117243
ABplapapp:129,ABplapapp,129,30901,5901,981,981,5879,12.0,585,432,37,117243
ABplapapp:130,ABplapapp,130,29750,4750,-196,-92,1510,12.5,589,432,36,117243
ABplapapp:131,ABplapapp,131,31179,6179,829,852,3692,13.0,593,432,36,117243
ABplapapp:132,ABplapapp,132,31188,6188,1023,1027,6127,13.5,597,432,36,117243
ABplapapp:133,ABplapapp,133,30753,5753,453,454,5692,14.0,602,432,35,98610
ABplapapp:134,ABplapapp,134,31747,6747,1904,1883,6636,13.0,595,434,41,162178
ABplapapp:135,ABplapapp,135,31671,6671,1737,1749,6594,13.0,595,434,42,184191
ABplapapp:136,ABplapapp,136,32225,7225,2053,2031,7096,13.2,591,438,43,175634
ABplapapp:137,ABplapapp,137,32040,7040,2133,2139,6906,13.1,599,439,42,192003
ABplapapp:138,ABplapapp,138,31878,6878,2029,2021,6652,13.0,595,442,44,223630
ABplapapp:139,ABplapapp,139,32239,7239,2179,2151,7190,13.1,601,437,44,221112
ABplapapp:140,ABplapapp,140,31618,6618,1686,1695,6608,12.2,603,437,45,204491
ABplapapp:141,ABplapapp,141,33725,8725,3397,3402,8500,14.0,599,436,43,211065
ABplapapp:142,ABplapapp,142,32075,7075,2022,2020,7041,13.2,604,435,46,264634
ABplapapp:143,ABplapapp,143,33048,8048,3158,3196,7963,14.0,609,435,49,319495
ABplapapp:144,ABplapapp,144,32673,7673,2682,2740,7638,14.1,609,439,48,304738
ABplapapp:145,ABplapapp,145,33047,8047,2910,2956,8005,14.1,614,437,46,288531
ABplapapp:146,ABplapapp,146,32664,7664,2654,2713,7566,14.2,614,437,50,374832
ABplapapp:147,ABplapapp,147,33427,8427,3165,3332,8374,15.1,619,437,50,376499
ABplapapp:148,ABplapapp,148,33167,8167,3024,3019,8155,15.9,628,429,46,307487
ABplapapp:149,ABplapapp,149,32424,7424,2344,2352,7421,15.2,630,430,49,328010
ABplapapp:150,ABplapapp,150,33336,8336,3222,3315,8333,16.2,638,431,51,381304
ABplapapp:151,ABplapapp,151,33276,8276,3148,3290,8200,16.1,641,428,51,411216
ABplapapp:152,ABplapapp,152,32752,7752,2592,2677,7750,16.1,646,424,51,420164
ABplapapp:153,ABplapapp,153,33108,8108,3019,3058,8107,17.1,655,421,51,426529
ABplapapp:154,ABplapapp,154,33240,8240,3041,3102,8236,18.0,655,420,52,513754
ABplapapp:155,ABplapapp,155,32957,7957,2812,2874,7953,17.4,658,418,52,450696
ABplapapp:156,ABplapapp,156,33607,8607,3427,3466,8604,18.0,652,417,52,427484
ABplapapp:157,ABplapapp,157,33400,8400,3301,3310,8393,17.3,658,415,51,372934
ABplapapp:158,ABplapapp,158,33472,8472,3336,3344,8468,18.0,667,414,50,411377
ABplapapp:159,ABplapapp,159,32569,7569,2368,2368,7568,17.1,666,412,49,372444
ABplapapp:160,ABplapapp,160,32229,7229,1785,1785,7228,17.1,662,413,47,336036
ABplapapp:161,ABplapapp,161,32098,7098,1472,1477,7089,17.9,659,414,45,297762
ABplapappa:162,ABplapappa,162,32130,7130,1521,1570,7025,15.3,652,414,38,216339
ABplapappa:163,ABplapappa,163,33227,8227,2610,2637,8113,14.3,649,412,38,220254
ABplapappa:164,ABplapappa,164,34352,9352,3719,3721,9283,15.0,652,412,41,246278
ABplapappa:165,ABplapappa,165,34757,9757,4509,4539,9681,14.9,666,416,41,250146
ABplapappa:166,ABplapappa,166,33906,8906,3596,3600,8837,15.2,677,405,42,256164
ABplapappa:167,ABplapappa,167,33793,8793,3439,3457,8612,15.1,688,402,43,260456
ABplapappa:168,ABplapappa,168,33661,8661,3287,3283,8571,15.2,694,405,40,227380
ABplapappa:169,ABplapappa,169,34697,9697,4485,4545,9623,15.1,705,404,39,215011
ABplapappa:170,ABplapappa,170,33778,8778,3085,3103,8635,15.1,703,403,38,212814
ABplapappa:171,ABplapappa,171,34151,9151,3783,3855,8930,14.2,707,403,37,187977
ABplapappa:172,ABplapappa,172,35174,10174,4701,4711,10035,14.2,713,404,36,178885
ABplapappa:173,ABplapappa,173,34652,9652,4077,4176,9326,14.2,714,398,36,201873
ABplapappa:174,ABplapappa,174,36451,11451,5844,5871,11065,14.2,710,399,36,214534
ABplapappa:175,ABplapappa,175,36294,11294,5272,5352,10852,15.0,706,400,36,217786
ABplapappa:176,ABplapappa,176,35622,10622,4585,4635,10173,15.1,714,394,35,169703
ABplapappa:177,ABplapappa,177,36174,11174,4971,5052,10818,16.0,716,387,35,172501
ABplapappa:178,ABplapappa,178,35124,10124,4226,4325,9764,16.1,722,386,35,178359
ABplapappa:179,ABplapappa,179,34592,9592,3635,3628,9304,16.1,724,384,34,176704
ABplapappa:180,ABplapappa,180,35448,10448,4470,4446,9989,17.1,728,383,34,193426
ABplapappa:181,ABplapappa,181,35605,10605,4171,4168,10408,16.3,731,385,34,162447
ABplapappa:182,ABplapappa,182,36015,11015,4987,5003,10844,17.1,734,385,34,184355
ABplapappa:183,ABplapappa,183,36229,11229,5302,5299,11063,17.2,736,396,34,188690
ABplapappa:184,ABplapappa,184,37795,12795,7036,7115,12430,17.1,730,401,34,198849
ABplapappa:185,ABplapappa,185,35953,10953,4760,4782,10767,17.2,736,394,34,201862
ABplapappa:186,ABplapappa,186,37839,12839,6758,6715,12458,17.1,738,395,34,180296
ABplapappa:187,ABplapappa,187,35621,10621,4364,4415,10118,17.3,733,400,31,124532
ABplapappa:188,ABplapappa,188,36342,11342,5342,5335,11093,18.1,737,400,34,176651
ABplapappa:189,ABplapappa,189,35680,10680,5215,5210,10456,19.0,739,401,34,190497
ABplapappa:190,ABplapappa,190,35693,10693,4306,4303,10366,19.2,738,406,31,135849
ABplapappa:191,ABplapappa,191,36211,11211,4995,4991,10981,19.2,736,410,34,182382
ABplapappa:192,ABplapappa,192,38098,13098,7289,7318,12718,20.0,733,416,34,196750
ABplapappa:193,ABplapappa,193,37399,12399,6403,6543,11909,20.0,728,414,34,193210
ABplapappa:194,ABplapappa,194,37602,12602,6043,6119,11892,20.1,729,415,34,209315
ABplapappa:195,ABplapappa,195,36838,11838,5349,5364,11353,20.1,727,412,31,158824
ABplapappa:196,ABplapappa,196,34988,9988,3298,3333,9109,19.2,724,414,34,195825
ABplapappa:197,ABplapappa,197,34244,9244,3045,2989,8481,19.2,725,412,34,192958
ABplapappa:198,ABplapappa,198,37615,12615,6306,6372,11454,20.0,721,412,34,218062
ABplapappa:199,ABplapappa,199,37548,12548,5694,5724,11911,20.1,728,413,34,219113
ABplapappa:200,ABplapappa,200,36395,11395,4885,4930,10796,19.2,719,416,34,216849
ABplapappa:201,ABplapappa,201,37114,12114,5398,5398,11305,20.1,722,413,31,176592
ABplapappa:202,ABplapappa,202,36252,11252,4596,4596,10786,19.1,724,413,34,229641
ABplapappa:203,ABplapappa,203,35986,10986,4538,4538,10238,19.2,722,409,34,212340
ABplapappa:204,ABplapappa,204,35046,10046,3530,3533,9356,20.1,716,418,34,219897
ABplapappa:205,ABplapappa,205,37219,12219,5904,6032,11139,21.0,714,418,34,242241
ABplapappa:206,ABplapappa,206,37469,12469,6017,6098,11855,20.1,709,427,34,233007
ABplapappa:207,ABplapappa,207,35976,10976,3837,3843,10089,20.1,700,431,34,231617
ABplapappa:208,ABplapappa,208,35683,10683,3835,3880,9834,21.0,701,428,34,251977
ABplapappa:209,ABplapappa,209,34942,9942,2650,2882,8856,21.1,694,431,34,247421
ABplapappa:210,ABplapappa,210,36165,11165,4729,4757,10686,20.2,707,429,34,236087
ABplapappa:211,ABplapappa,211,36081,11081,4870,4933,10367,20.2,705,427,34,248777
ABplapappa:212,ABplapappa,212,36556,11556,5084,5127,11029,20.2,702,432,34,239164
ABplapappa:213,ABplapappa,213,37262,12262,5840,5935,11828,20.1,709,428,34,253787
ABplapappa:214,ABplapappa,214,35871,10871,4070,4177,10550,20.1,711,426,34,258905
ABplapappa:215,ABplapappa,215,36713,11713,5599,5647,11272,20.1,718,423,34,252724
ABplapappa:216,ABplapappa,216,35018,10018,3681,3780,9480,19.3,716,425,34,233171
ABplapappa:217,ABplapappa,217,37781,12781,6146,6146,12343,20.1,712,428,31,200822
ABplapappa:218,ABplapappa,218,36434,11434,5465,5497,11096,20.2,715,424,34,269570
ABplapappa:219,ABplapappa,219,36214,11214,5257,5298,11020,20.1,710,432,34,262615
ABplapappa:220,ABplapappa,220,35805,10805,4718,4788,10462,20.2,710,427,34,257134
ABplapappa:221,ABplapappa,221,34823,9823,3045,3155,9356,20.1,700,430,34,270366
ABplapappa:222,ABplapappa,222,36404,11404,5376,5415,10185,20.1,700,430,34,280155
ABplapappa:223,ABplapappa,223,36119,11119,5092,5093,10412,20.1,706,431,34,282999
ABplapappa:224,ABplapappa,224,36100,11100,4654,4656,10055,20.2,702,432,34,279544
ABplapappa:225,ABplapappa,225,34535,9535,2780,3015,7453,21.1,696,432,34,279567
ABplapappa:226,ABplapappa,226,35578,10578,4203,4266,9021,21.1,699,433,34,291630
ABplapappa:227,ABplapappa,227,35987,10987,4526,4588,9608,21.0,697,431,34,293745
ABplapappa:228,ABplapappa,228,37048,12048,5406,5563,10698,21.1,698,433,34,297544
ABplapappa:229,ABplapappa,229,35235,10235,3584,3588,9465,20.3,697,434,31,195539
ABplapappa:230,ABplapappa,230,36213,11213,4490,4504,10352,21.0,702,432,34,286561
ABplapappa:231,ABplapappa,231,34890,9890,3386,3665,8051,21.1,699,432,34,285718
ABplapappa:232,ABplapappa,232,35645,10645,3988,4518,7381,21.0,689,435,34,308797
ABplapappa:233,ABplapappa,233,35644,10644,3430,4276,5758,21.1,678,438,34,328939
ABplapappa:234,ABplapappa,234,35233,10233,3062,3739,6665,21.1,678,441,34,323250
ABplapappa:235,ABplapappa,235,37691,12691,5391,5800,8316,21.0,674,441,34,333499
ABplapappa:236,ABplapappa,236,34815,9815,2795,2818,8468,20.1,673,445,34,339211
ABplapappa:237,ABplapappa,237,36613,11613,3916,5057,4886,21.9,674,435,34,315535
ABplapappa:238,ABplapappa,238,35412,10412,3953,4077,7189,20.1,682,441,34,334656
ABplapappa:239,ABplapappa,239,32676,7676,970,1120,3782,20.0,677,444,34,331048
ABplapappa:240,ABplapappa,240,34756,9756,2900,3076,7388,20.2,685,439,34,318078
ABplapappa:241,ABplapappa,241,37416,12416,5552,5628,10200,20.1,682,438,31,248423
ABplapappa:242,ABplapappa,242,34172,9172,2407,2552,7031,20.1,681,441,34,324032
ABplapappa:243,ABplapappa,243,36310,11310,4481,4602,9416,20.2,683,437,34,320994
ABplapappa:244,ABplapappa,244,35539,10539,3899,4141,8070,20.2,689,437,34,331101
ABplapappa:245,ABplapappa,245,35766,10766,3291,3319,5848,20.0,678,444,31,270294
ABplapappa:246,ABplapappa,246,34575,9575,3096,3148,6753,19.1,676,442,34,347929
ABplapappa:247,ABplapappa,247,34852,9852,2964,3176,6877,20.1,685,439,34,346841
ABplapappa:248,ABplapappa,248,35403,10403,3340,3539,8203,20.1,680,441,31,263145
ABplapappa:249,ABplapappa,249,34963,9963,2910,3123,6942,19.2,682,442,34,323936
ABplapappa:250,ABplapappa,250,35884,10884,3809,3813,8994,20.1,681,441,31,267665
ABplapappp:162,ABplapappp,162,31332,6332,741,781,6044,19.9,685,399,44,238989
ABplapappp:163,ABplapappp,163,32791,7791,2649,2765,7548,19.9,696,401,42,206810
ABplapappp:164,ABplapappp,164,31988,6988,2268,2283,6881,20.2,697,407,43,202255
ABplapappp:165,ABplapappp,165,32797,7797,2681,2681,7565,20.1,698,412,41,206615
ABplapappp:166,ABplapappp,166,33612,8612,3735,3735,8544,20.9,714,408,40,198121
ABplapappp:167,ABplapappp,167,33355,8355,2593,2593,7982,20.2,714,403,29,80892
ABplapappp:168,ABplapappp,168,33924,8924,3693,3693,8868,21.9,728,407,36,172044
ABplapappp:169,ABplapappp,169,33738,8738,3791,3791,8577,21.2,733,406,37,168807
ABplapappp:170,ABplapappp,170,34463,9463,4157,4157,9298,21.1,732,402,36,190691
ABplapappp:171,ABplapappp,171,34241,9241,4015,4015,9169,21.1,732,407,37,185617
ABplapappp:172,ABplapappp,172,33590,8590,3191,3191,8291,21.2,724,416,36,184010
ABplapappp:173,ABplapappp,173,34370,9370,3812,3812,9180,21.1,720,415,36,183626
ABplapappp:174,ABplapappp,174,33347,8347,2677,2677,7839,20.3,715,421,36,180898
ABplapappp:175,ABplapappp,175,35840,10840,4873,4873,10257,21.0,707,421,36,198065
ABplapappp:176,ABplapappp,176,35136,10136,3874,3958,9006,20.3,716,414,35,150716
ABplapappp:177,ABplapappp,177,34466,9466,3576,3586,8055,21.2,722,401,35,160222
ABplapappp:178,ABplapappp,178,33813,8813,2535,2535,7318,21.2,720,399,35,160908
ABplapappp:179,ABplapappp,179,33539,8539,2220,2203,6760,21.2,715,399,34,175888
ABplapappp:180,ABplapappp,180,35569,10569,3966,3966,8875,22.0,723,394,34,185492
ABplapappp:181,ABplapappp,181,36655,11655,5316,5319,10722,23.1,720,387,34,168736
ABplapappp:182,ABplapappp,182,34285,9285,2465,2465,8323,23.2,719,382,34,186443
ABplapappp:183,ABplapappp,183,34729,9729,3175,3223,8222,23.0,715,394,34,187658
ABplapappp:184,ABplapappp,184,34975,9975,3481,3481,8779,23.2,714,399,34,175024
ABplapappp:185,ABplapappp,185,33925,8925,2541,2650,7345,23.2,715,397,34,195198
ABplapappp:186,ABplapappp,186,36187,11187,4717,4717,9499,23.1,713,402,34,174851
ABplapappp:187,ABplapappp,187,34446,9446,1949,2316,6583,23.2,716,403,31,125775
ABplapappp:188,ABplapappp,188,35298,10298,3420,3800,6343,23.2,715,398,34,161840
ABplapappp:189,ABplapappp,189,33096,8096,1670,2025,2285,23.3,715,398,34,161840
ABplapappp:190,ABplapappp,190,32275,7275,547,1017,2947,23.4,714,398,34,161840
ABplapappp:191,ABplapappp,191,32786,7786,1291,1614,3702,23.6,714,398,34,161840
ABplapappp:192,ABplapappp,192,32340,7340,470,763,4034,23.7,713,398,34,161840
ABplapappp:193,ABplapappp,193,33287,8287,1289,2012,-299,23.8,713,398,34,161840
ABplapappp:194,ABplapappp,194,32689,7689,294,792,-486,23.9,712,398,34,161840
ABplapappp:195,ABplapappp,195,31823,6823,-258,128,5902,24.0,711,398,34,161840
ABplapappp:196,ABplapappp,196,34179,9179,2302,2655,1398,24.1,711,398,34,161840
ABplapappp:197,ABplapappp,197,33244,8244,1189,1603,-3065,24.3,710,398,34,161840
ABplapappp:198,ABplapappp,198,35272,10272,3405,3618,1955,24.4,710,398,34,161840
ABplapappp:199,ABplapappp,199,37957,12957,6077,6266,8917,24.5,709,398,34,161840
ABplapappp:200,ABplapappp,200,35829,10829,3574,3912,3153,24.6,708,398,34,161840
ABplapappp:201,ABplapappp,201,34500,9500,2605,2948,3148,24.7,708,398,34,161840
ABplapappp:202,ABplapappp,202,34480,9480,2850,3291,4777,24.8,707,398,34,161840
ABplapappp:203,ABplapappp,203,35189,10189,2885,3231,3835,25.0,707,398,34,161840
ABplapappp:204,ABplapappp,204,33665,8665,1570,2390,2037,25.1,706,398,34,161840
ABplapappp:205,ABplapappp,205,35475,10475,3547,4036,2991,25.2,706,398,34,161840
ABplapappp:206,ABplapappp,206,33239,8239,1264,2237,1578,25.3,705,398,34,161840
ABplapappp:207,ABplapappp,207,34046,9046,1565,2414,2424,25.4,704,398,34,161840
ABplapappp:208,ABplapappp,208,32809,7809,20,1211,-2334,25.5,704,398,34,161840
ABplapappp:209,ABplapappp,209,34883,9883,2217,2872,2902,25.7,703,398,34,161840
ABplapappp:210,ABplapappp,210,35532,10532,3019,3561,4950,25.8,703,398,34,161840
ABplapappp:211,ABplapappp,211,33682,8682,1068,1229,3305,25.9,702,398,34,161840
ABplapp:60,ABplapp,60,29049,4049,-734,-810,4049,10.0,432,393,58,0
ABplapp:61,ABplapp,61,29245,4245,-511,-514,4245,10.0,431,393,58,0
ABplapp:62,ABplapp,62,29053,4053,-628,-614,4053,10.1,429,393,58,0
ABplapp:63,ABplapp,63,29244,4244,-513,-532,4244,10.1,428,393,58,0
ABplapp:64,ABplapp,64,29356,4356,-539,-543,4356,10.2,426,394,58,0
ABplapp:65,ABplapp,65,29286,4286,-497,-512,4286,10.2,425,394,58,0
ABplapp:66,ABplapp,66,29622,4622,-181,-183,4622,10.3,423,394,58,0
ABplapp:67,ABplapp,67,29758,4758,73,57,4758,10.3,421,395,58,0
ABplapp:68,ABplapp,68,29646,4646,-107,-112,4646,10.4,420,395,58,0
ABplapp:69,ABplapp,69,29338,4338,-431,-449,4338,10.4,418,395,58,0
ABplapp:70,ABplapp,70,29730,4730,-63,-58,4730,10.5,417,396,58,0
ABplapp:71,ABplapp,71,29674,4674,-175,-157,4674,10.5,415,396,58,0
ABplapp:72,ABplapp,72,29094,4094,-784,-786,4094,10.5,413,396,58,0
ABplapp:73,ABplapp,73,29342,4342,-520,-531,4342,10.6,412,397,58,0
ABplapp:74,ABplapp,74,29031,4031,-804,-810,4031,10.6,410,397,58,0
ABplapp:75,ABplapp,75,29018,4018,-808,-812,4018,10.7,409,397,58,0
ABplapp:76,ABplapp,76,29307,4307,-460,-461,4307,10.7,407,398,58,0
ABplapp:77,ABplapp,77,29417,4417,-342,-342,4417,10.8,405,398,58,0
ABplapp:78,ABplapp,78,28978,3978,-749,-750,3978,10.8,404,398,58,0
ABplapp:79,ABplapp,79,29327,4327,-373,-373,4327,10.9,402,399,58,0
ABplapp:80,ABplapp,80,29206,4206,-629,-629,4206,10.9,401,399,58,0
ABplapp:81,ABplapp,81,29276,4276,-497,-497,4276,11.0,399,399,58,0
ABplapp:82,ABplapp,82,29144,4144,-589,-588,4144,11.0,397,400,58,0
ABplapp:83,ABplapp,83,29229,4229,-452,-452,4229,11.0,401,400,58,0
ABplapp:84,ABplapp,84,29255,4255,-362,-362,4255,11.0,405,399,58,0
ABplapp:85,ABplapp,85,29225,4225,-401,-397,4225,11.0,409,399,58,0
ABplapp:86,ABplapp,86,29233,4233,-392,-396,4233,11.0,414,398,58,0
ABplappa:87,ABplappa,87,29571,4571,-205,-193,3827,10.7,408,402,58,0
ABplappa:88,ABplappa,88,29977,4977,335,351,4947,10.3,401,407,58,0
ABplappa:89,ABplappa,89,29655,4655,-190,-191,4655,10.0,394,412,58,0
ABplappa:90,ABplappa,90,29987,4987,46,37,4987,10.1,395,413,58,0
ABplappa:91,ABplappa,91,30353,5353,595,583,5353,10.2,396,415,58,0
ABplappa:92,ABplappa,92,30279,5279,614,572,5279,10.3,398,417,58,0
ABplappa:93,ABplappa,93,29828,4828,62,9,4820,10.3,399,419,58,0
ABplappa:94,ABplappa,94,29812,4812,25,18,4799,10.4,400,421,58,0
ABplappa:95,ABplappa,95,29889,4889,86,77,4826,10.5,402,423,58,0
ABplappa:96,ABplappa,96,30102,5102,322,300,5018,10.6,403,425,58,0
ABplappa:97,ABplappa,97,30913,5913,1025,1016,5902,9.0,353,411,52,0
ABplappa:98,ABplappa,98,30282,5282,257,235,5274,9.2,358,414,52,0
ABplappa:99,ABplappa,99,31172,6172,1124,1118,6167,9.4,363,417,52,0
ABplappa:100,ABplappa,100,31214,6214,1434,1407,6202,9.7,368,420,53,0
ABplappa:101,ABplappa,101,31398,6398,1514,1474,6351,9.9,374,423,53,0
ABplappa:102,ABplappa,102,31485,6485,1517,1455,6435,10.1,379,426,54,0
ABplappa:103,ABplappa,103,30910,5910,887,863,5819,10.3,384,429,54,0
ABplappa:104,ABplappa,104,31303,6303,1198,1107,6190,10.5,390,432,55,0
ABplappa:105,ABplappa,105,31536,6536,1418,1426,6441,10.7,395,435,55,0
ABplappa:106,ABplappa,106,32249,7249,2166,2116,7190,11.0,400,438,56,0
ABplappa:107,ABplappa,107,31583,6583,1434,1389,6541,11.2,406,441,56,0
ABplappa:108,ABplappa,108,31547,6547,1582,1553,6526,11.4,411,444,57,0
ABplappa:109,ABplappa,109,32137,7137,2053,2032,7132,11.6,416,447,57,0
ABplappa:110,ABplappa,110,32654,7654,2608,2629,7653,11.8,422,451,58,0
ABplappa:111,ABplappa,111,32806,7806,2758,2751,7806,11.9,423,453,58,0
ABplappa:112,ABplappa,112,32634,7634,2528,2493,7630,12.0,425,455,58,0
ABplappa:113,ABplappa,113,32741,7741,2500,2494,7740,13.3,426,457,57,0
ABplappa:114,ABplappa,114,33072,8072,2637,2599,8058,14.5,428,460,55,0
ABplappa:115,ABplappa,115,34717,9717,4476,4484,9710,15.8,430,463,53,321346
ABplappa:116,ABplappa,116,33794,8794,3499,3483,8793,16.0,440,466,53,336264
ABplappa:117,ABplappa,117,33388,8388,3235,3248,8379,16.4,446,461,58,423060
ABplappa:118,ABplappa,118,33036,8036,2847,2848,8009,16.6,459,456,58,461114
ABplappa:119,ABplappa,119,31489,6489,1141,1128,6462,16.4,464,456,47,461114
ABplappa:120,ABplappa,120,30232,5232,-377,-374,5216,16.2,470,455,36,151393
ABplappa:121,ABplappa,121,30528,5528,388,388,5515,17.1,472,460,35,160470
ABplappaa:122,ABplappaa,122,31524,6524,1020,1020,6499,15.3,434,453,33,95582
ABplappaa:123,ABplappaa,123,33437,8437,2938,2938,8406,15.1,438,458,34,109443
ABplappaa:124,ABplappaa,124,32375,7375,2128,2128,7357,15.1,439,463,39,161662
ABplappaa:125,ABplappaa,125,33566,8566,2925,2925,8460,14.1,442,453,40,178138
ABplappaa:126,ABplappaa,126,32950,7950,1623,1623,7916,14.9,440,457,27,40906
ABplappaa:127,ABplappaa,127,33479,8479,2714,2714,8444,14.1,437,465,33,82916
ABplappaa:128,ABplappaa,128,33992,8992,3142,3142,8911,15.0,435,458,35,97728
ABplappaa:129,ABplappaa,129,32448,7448,1550,1531,7347,15.0,430,465,36,122675
ABplappaa:130,ABplappaa,130,34230,9230,3669,3649,9176,15.1,438,465,37,125425
ABplappaa:131,ABplappaa,131,34027,9027,2938,2938,9013,17.0,439,464,34,98758
ABplappaa:132,ABplappaa,132,33356,8356,1461,1461,8269,15.1,443,456,29,57324
ABplappaa:133,ABplappaa,133,33210,8210,2021,2082,8102,15.2,438,460,29,54443
ABplappaa:134,ABplappaa,134,33590,8590,2759,2747,8543,15.0,451,467,37,132393
ABplappaa:135,ABplappaa,135,33197,8197,2954,2911,8046,14.2,447,461,42,182298
ABplappaa:136,ABplappaa,136,33937,8937,3581,3562,8867,14.2,452,464,43,178889
ABplappaa:137,ABplappaa,137,33200,8200,3072,3018,8111,14.2,458,463,44,198551
ABplappaa:138,ABplappaa,138,34077,9077,3936,3912,9011,15.1,455,467,44,227298
ABplappaa:139,ABplappaa,139,32984,7984,2676,2651,7922,15.1,459,461,44,228548
ABplappaa:140,ABplappaa,140,33554,8554,2904,2964,8438,15.1,468,457,45,240009
ABplappaa:141,ABplappaa,141,33254,8254,3037,3004,8168,15.0,469,457,47,285135
ABplappaa:142,ABplappaa,142,32759,7759,2448,2442,7664,14.3,466,457,46,275896
ABplappaa:143,ABplappaa,143,33577,8577,3411,3405,8513,14.1,472,457,49,339768
ABplappaa:144,ABplappaa,144,32869,7869,2486,2538,7702,14.2,475,452,50,380238
ABplappaa:145,ABplappaa,145,32945,7945,2684,2715,7764,14.2,477,452,50,377799
ABplappaa:146,ABplappaa,146,32410,7410,2228,2241,7293,14.3,482,452,50,375034
ABplappaa:147,ABplappaa,147,33269,8269,3091,3132,8150,15.0,487,452,50,420599
ABplappaa:148,ABplappaa,148,32770,7770,2440,2543,7638,15.1,493,450,50,421652
ABplappaa:149,ABplappaa,149,33218,8218,2886,2899,8157,15.2,502,453,51,413170
ABplappaa:150,ABplappaa,150,32270,7270,2016,2005,7249,16.0,507,454,51,419073
ABplappaa:151,ABplappaa,151,32930,7930,2440,2524,7876,16.2,517,452,51,423433
ABplappaa:152,ABplappaa,152,32427,7427,1970,2040,7419,16.2,524,454,49,386141
ABplappaa:153,ABplappaa,153,32933,7933,2723,2751,7901,16.3,523,457,51,416631
ABplappaa:154,ABplappaa,154,32264,7264,1965,2053,7234,17.1,527,455,52,497097
ABplappaa:155,ABplappaa,155,31833,6833,1726,1766,6798,18.1,528,455,52,501739
ABplappaa:156,ABplappaa,156,32000,7000,1662,1755,6950,18.2,524,455,52,407524
ABplappaa:157,ABplappaa,157,32234,7234,2027,2073,7171,19.1,530,452,51,371789
ABplappaa:158,ABplappaa,158,31934,6934,1586,1614,6780,19.2,543,448,50,376414
ABplappaa:159,ABplappaa,159,31641,6641,1200,1359,6504,19.2,542,450,49,324018
ABplappaa:160,ABplappaa,160,31643,6643,1210,1313,6582,19.2,538,451,49,317154
ABplappaa:161,ABplappaa,161,32322,7322,1952,2042,7190,20.1,539,448,49,357375
ABplappaa:162,ABplappaa,162,31592,6592,1292,1309,6519,20.0,535,453,48,357124
ABplappaa:163,ABplappaa,163,31911,6911,1528,1540,6777,20.0,533,457,46,331855
ABplappaa:164,ABplappaa,164,33037,8037,2783,2799,7792,20.1,528,454,45,274147
ABplappaa:165,ABplappaa,165,32061,7061,1719,1736,6907,20.2,529,451,45,288114
ABplappaa:166,ABplappaa,166,31240,6240,1034,972,6164,20.1,533,451,44,260888
ABplappaa:167,ABplappaa,167,32125,7125,1911,1894,6991,21.1,533,444,43,254290
ABplappaa:168,ABplappaa,168,30894,5894,237,233,5747,21.0,531,448,40,244580
ABplappaa:169,ABplappaa,169,31104,6104,672,668,5811,21.2,539,448,39,226032
ABplappaa:170,ABplappaa,170,30596,5596,31,38,4637,20.1,551,444,38,225123
ABplappaaa:171,ABplappaaa,171,30388,5388,-84,-114,4058,20.0,523,448,33,144852
ABplappaaa:172,ABplappaaa,172,30932,5932,798,822,4847,19.1,517,451,34,171909
ABplappaaa:173,ABplappaaa,173,31695,6695,1127,1128,6199,20.0,514,457,32,153573
ABplappaaa:174,ABplappaaa,174,32047,7047,1364,1364,6602,20.1,515,459,34,176092
ABplappaaa:175,ABplappaaa,175,32209,7209,1836,1786,6888,20.1,512,455,36,219862
ABplappaaa:176,ABplappaaa,176,31710,6710,1669,1649,6518,19.2,516,461,35,156569
ABplappaaa:177,ABplappaaa,177,32383,7383,2071,2036,7047,20.0,510,463,35,184316
ABplappaaa:178,ABplappaaa,178,31763,6763,1491,1424,6032,20.1,507,460,35,174357
ABplappaaa:179,ABplappaaa,179,31541,6541,1501,1486,6304,20.0,512,467,34,180572
ABplappaaa:180,ABplappaaa,180,30960,5960,719,676,5659,19.2,515,468,34,175241
ABplappaaa:181,ABplappaaa,181,31906,6906,1717,1668,6470,19.2,517,468,34,176285
ABplappaaa:182,ABplappaaa,182,30994,5994,641,668,5554,19.2,525,469,34,181578
ABplappaaa:183,ABplappaaa,183,31377,6377,1325,1308,6157,19.1,527,464,34,179892
ABplappaaa:184,ABplappaaa,184,31362,6362,1204,1224,5930,20.0,534,468,34,199496
ABplappaaa:185,ABplappaaa,185,31306,6306,1200,1193,5925,20.0,536,467,34,201915
ABplappaaa:186,ABplappaaa,186,32644,7644,2645,2644,7215,20.0,546,467,34,171271
ABplappaaa:187,ABplappaaa,187,32145,7145,1979,1979,6692,19.2,537,470,31,121887
ABplappaaa:188,ABplappaaa,188,30798,5798,407,407,4622,19.1,539,465,34,163213
ABplappaaa:189,ABplappaaa,189,32030,7030,1958,1958,5681,19.1,540,466,34,159691
ABplappaaa:190,ABplappaaa,190,31073,6073,939,937,5089,19.0,533,462,31,120467
ABplappaaa:191,ABplappaaa,191,30529,5529,549,546,4858,19.1,538,466,34,170242
ABplappaaa:192,ABplappaaa,192,31203,6203,1153,1153,4769,19.2,533,466,34,164191
ABplappaaa:193,ABplappaaa,193,30989,5989,837,834,5327,19.1,534,460,34,170962
ABplappaaa:194,ABplappaaa,194,32093,7093,2104,2100,5885,19.0,534,462,34,179960
ABplappaaa:195,ABplappaaa,195,30532,5532,372,372,4439,19.1,538,466,31,129872
ABplappaaa:196,ABplappaaa,196,30795,5795,928,954,5092,19.2,542,467,34,180012
ABplappaaa:197,ABplappaaa,197,31897,6897,1733,1784,6150,18.2,544,468,34,180608
ABplappaaa:198,ABplappaaa,198,30331,5331,-17,25,4779,18.2,547,467,34,180120
ABplappaaa:199,ABplappaaa,199,31415,6415,1322,1321,6167,18.3,542,468,34,193393
ABplappaaa:200,ABplappaaa,200,30041,5041,49,54,4089,18.2,537,468,34,181646
ABplappaaa:201,ABplappaaa,201,31820,6820,1898,1933,6066,19.0,535,467,31,156093
ABplappaaa:202,ABplappaaa,202,30681,5681,650,700,5106,18.2,540,469,34,185945
ABplappaaa:203,ABplappaaa,203,30377,5377,39,59,4792,18.2,545,471,34,197021
ABplappaaa:204,ABplappaaa,204,31372,6372,773,842,5561,18.2,538,461,34,199791
ABplappaaa:205,ABplappaaa,205,31248,6248,961,1023,5499,18.2,542,465,34,198857
ABplappaaa:206,ABplappaaa,206,32581,7581,2485,2572,6891,18.1,539,468,34,208491
ABplappaaa:207,ABplappaaa,207,30069,5069,-50,-104,4396,18.1,537,465,34,216564
ABplappaaa:208,ABplappaaa,208,31139,6139,838,826,5560,18.1,536,462,34,219751
ABplappaaa:209,ABplappaaa,209,30697,5697,616,628,5182,18.3,534,462,34,212041
ABplappaaa:210,ABplappaaa,210,30860,5860,983,1066,5203,18.1,539,467,34,224948
ABplappaaa:211,ABplappaaa,211,31603,6603,1983,1962,5434,18.1,535,468,34,229603
ABplappaaa:212,ABplappaaa,212,31491,6491,1544,1628,5648,18.2,534,466,34,219928
ABplappaaa:213,ABplappaaa,213,31204,6204,873,852,5673,18.1,538,467,34,230732
ABplappaaa:214,ABplappaaa,214,30751,5751,828,858,4986,17.3,539,471,34,205024
ABplappaaa:215,ABplappaaa,215,31789,6789,1787,1839,6246,18.1,544,467,34,226758
ABplappaaa:216,ABplappaaa,216,30592,5592,707,721,4924,17.3,540,470,34,209455
ABplappaaa:217,ABplappaaa,217,30977,5977,916,1024,5412,18.0,539,465,31,182854
ABplappaaa:218,ABplappaaa,218,31114,6114,1457,1525,5368,17.1,539,471,34,245546
ABplappaaa:219,ABplappaaa,219,30449,5449,723,750,4805,17.1,543,470,34,236947
ABplappaaa:220,ABplappaaa,220,30815,5815,572,606,4986,17.1,538,466,34,236778
ABplappaaa:221,ABplappaaa,221,30566,5566,756,742,4437,17.0,535,470,34,248051
ABplappaaa:222,ABplappaaa,222,30625,5625,831,848,4502,17.1,536,465,34,261841
ABplappaaa:223,ABplappaaa,223,30760,5760,870,921,4506,17.1,539,466,34,251634
ABplappaaa:224,ABplappaaa,224,31444,6444,1497,1413,5282,17.1,539,467,34,272437
ABplappaaa:225,ABplappaaa,225,30817,5817,1031,1047,4333,17.1,538,468,34,262881
ABplappaaa:226,ABplappaaa,226,30390,5390,454,437,4194,18.1,538,467,34,261719
ABplappaaa:227,ABplappaaa,227,30394,5394,502,560,4039,17.2,540,468,34,258746
ABplappaaa:228,ABplappaaa,228,30471,5471,808,786,4434,17.0,543,467,34,277495
ABplappaaa:229,ABplappaaa,229,30339,5339,213,169,3823,17.0,542,467,31,215822
ABplappaaa:230,ABplappaaa,230,30839,5839,1099,1136,4657,17.1,541,470,34,277741
ABplappaaa:231,ABplappaaa,231,30749,5749,905,976,4061,17.1,540,470,34,287014
ABplappaaa:232,ABplappaaa,232,30229,5229,316,349,4491,17.0,541,470,34,266992
ABplappaaa:233,ABplappaaa,233,30619,5619,669,671,4925,17.0,539,468,34,271390
ABplappaaa:234,ABplappaaa,234,30749,5749,927,924,5065,17.1,539,468,34,277537
ABplappaaa:235,ABplappaaa,235,30508,5508,559,496,4485,17.1,538,463,34,289422
ABplappaaa:236,ABplappaaa,236,30570,5570,649,634,4216,17.0,537,466,34,283223
ABplappaaa:237,ABplappaaa,237,31288,6288,1451,1412,5183,16.1,537,467,34,285231
ABplappaaa:238,ABplappaaa,238,30381,5381,762,691,4700,16.0,541,467,34,292197
ABplappaaa:239,ABplappaaa,239,31256,6256,1671,1665,5435,16.0,537,466,34,283366
ABplappaaa:240,ABplappaaa,240,30027,5027,392,352,4433,15.3,545,469,34,266296
ABplappaaa:241,ABplappaaa,241,31063,6063,1011,977,5281,15.1,542,460,31,211989
ABplappaaa:242,ABplappaaa,242,30306,5306,495,421,4956,15.1,546,465,34,289546
ABplappaaa:243,ABplappaaa,243,30742,5742,1106,1066,4932,15.1,542,463,34,278177
ABplappaaa:244,ABplappaaa,244,30859,5859,1048,1003,5374,16.0,548,461,34,293282
ABplappaaa:245,ABplappaaa,245,31214,6214,1229,1235,5549,15.1,543,460,31,224105
ABplappaaa:246,ABplappaaa,246,30820,5820,1275,1266,5468,15.0,540,463,34,293962
ABplappaaa:247,ABplappaaa,247,30869,5869,1240,1239,5451,15.1,544,463,34,296361
ABplappaaa:248,ABplappaaa,248,30824,5824,1205,1211,5273,14.3,541,462,31,217766
ABplappaaa:249,ABplappaaa,249,30681,5681,1025,917,4953,14.2,540,459,34,274223
ABplappaaa:250,ABplappaaa,250,32110,7110,2163,2113,6378,14.3,535,458,31,223274
ABplappaap:171,ABplappaap,171,30626,5626,379,343,4895,21.2,569,442,37,172383
ABplappaap:172,ABplappaap,172,30728,5728,607,607,5488,22.1,575,447,32,132749
ABplappaap:173,ABplappaap,173,31695,6695,1135,1137,6432,23.0,583,442,32,119688
ABplappaap:174,ABplappaap,174,31405,6405,1225,1225,6231,22.2,586,451,36,167001
ABplappaap:175,ABplappaap,175,30508,5508,24,28,5311,22.2,590,447,36,155022
ABplappaap:176,ABplappaap,176,30732,5732,628,631,5444,22.0,590,452,35,144346
ABplappaap:177,ABplappaap,177,30604,5604,245,287,5313,22.0,578,457,35,146766
ABplappaap:178,ABplappaap,178,30652,5652,127,169,5080,21.0,587,456,35,145452
ABplappaap:179,ABplappaap,179,30900,5900,586,646,5358,20.2,591,460,34,139330
ABplappaap:180,ABplappaap,180,31179,6179,774,854,5947,21.1,583,460,34,153929
ABplappaap:181,ABplappaap,181,31225,6225,499,591,5856,21.1,583,457,34,151217
ABplappaap:182,ABplappaap,182,31150,6150,984,1002,5689,21.1,584,454,34,155287
ABplappaap:183,ABplappaap,183,30971,5971,663,631,5661,21.1,581,456,34,148923
ABplappaap:184,ABplappaap,184,30959,5959,655,693,5609,21.1,580,448,34,153671
ABplappaap:185,ABplappaap,185,31255,6255,812,869,5703,22.1,583,444,34,160041
ABplappaap:186,ABplappaap,186,30971,5971,506,521,5560,21.3,591,444,34,127343
ABplappaap:187,ABplappaap,187,31087,6087,394,559,4783,25.0,588,430,31,122953
ABplappaap:188,ABplappaap,188,31065,6065,552,632,5028,23.0,589,437,34,151202
ABplappaap:189,ABplappaap,189,30464,5464,-64,6,4372,21.1,588,434,34,145157
ABplappaap:190,ABplappaap,190,31480,6480,876,856,5675,23.0,577,436,31,110952
ABplappaap:191,ABplappaap,191,31078,6078,399,357,5385,21.1,575,442,34,147261
ABplappaap:192,ABplappaap,192,31305,6305,846,886,5790,21.2,575,443,34,144664
ABplappaap:193,ABplappaap,193,30603,5603,-110,-73,5139,22.0,573,445,34,158947
ABplappaap:194,ABplappaap,194,31413,6413,880,853,6079,21.2,572,450,34,147796
ABplappaap:195,ABplappaap,195,31380,6380,954,953,5991,21.2,576,445,31,115442
ABplappaap:196,ABplappaap,196,31362,6362,1049,1095,6089,21.0,578,452,34,161667
ABplappaap:197,ABplappaap,197,31435,6435,825,871,5958,21.1,570,454,34,156764
ABplappaap:198,ABplappaap,198,30611,5611,394,457,4887,21.1,570,457,34,172316
ABplappaap:199,ABplappaap,199,30609,5609,98,127,4950,21.1,572,455,34,159491
ABplappaap:200,ABplappaap,200,31001,6001,892,884,5685,20.2,572,461,34,156051
ABplappaap:201,ABplappaap,201,30980,5980,804,810,5635,20.2,573,461,31,123697
ABplappaap:202,ABplappaap,202,30987,5987,715,741,5641,20.2,576,456,34,163070
ABplappaap:203,ABplappaap,203,31206,6206,1152,1134,5885,20.1,581,455,34,172589
ABplappaap:204,ABplappaap,204,31861,6861,1388,1462,6281,20.1,569,460,34,192089
ABplappaap:205,ABplappaap,205,31333,6333,936,957,5632,20.2,573,458,34,191211
ABplappaap:206,ABplappaap,206,31197,6197,790,936,5517,19.3,571,462,34,169893
ABplappaap:207,ABplappaap,207,30605,5605,608,658,5119,19.2,569,464,34,185619
ABplappaap:208,ABplappaap,208,30986,5986,891,969,5437,20.1,567,463,34,190474
ABplappaap:209,ABplappaap,209,31308,6308,1220,1231,5976,20.0,574,464,34,184959
ABplappaap:210,ABplappaap,210,29876,4876,-235,-131,4292,19.2,570,465,34,193494
ABplappaap:211,ABplappaap,211,30676,5676,752,890,4842,20.0,561,464,34,200087
ABplappaap:212,ABplappaap,212,31444,6444,1240,1365,5958,19.2,568,466,34,197836
ABplappaap:213,ABplappaap,213,30646,5646,230,341,5216,19.1,573,467,34,189304
ABplappaap:214,ABplappaap,214,31113,6113,766,862,5746,19.1,573,465,34,196928
ABplappaap:215,ABplappaap,215,30615,5615,289,408,4956,19.1,577,464,34,192387
ABplappaap:216,ABplappaap,216,31116,6116,1356,1398,5671,19.0,577,462,34,203583
ABplappaap:217,ABplappaap,217,31449,6449,1287,1264,5996,19.0,577,465,31,163526
ABplappaap:218,ABplappaap,218,31790,6790,1661,1757,6387,18.1,581,462,34,207725
ABplappaap:219,ABplappaap,219,30750,5750,804,797,5303,18.2,579,464,34,207336
ABplappaap:220,ABplappaap,220,31609,6609,1404,1480,6379,18.2,579,465,34,198152
ABplappaap:221,ABplappaap,221,30859,5859,651,739,5577,18.1,576,464,34,212962
ABplappaap:222,ABplappaap,222,31136,6136,921,971,5707,18.1,579,465,34,228041
ABplappaap:223,ABplappaap,223,30865,5865,942,1001,5527,18.1,576,469,34,212950
ABplappaap:224,ABplappaap,224,30057,5057,63,128,4747,18.1,577,466,34,219806
ABplappaap:225,ABplappaap,225,30290,5290,287,312,5007,17.2,580,466,34,219669
ABplappaap:226,ABplappaap,226,30573,5573,800,805,5350,17.1,582,465,34,221641
ABplappaap:227,ABplappaap,227,31285,6285,1135,1145,6046,17.2,584,464,34,236001
ABplappaap:228,ABplappaap,228,31268,6268,1225,1276,5957,17.2,582,461,34,222946
ABplappaap:229,ABplappaap,229,30865,5865,527,597,5592,17.2,583,460,31,178261
ABplappaap:230,ABplappaap,230,30635,5635,688,819,5373,17.2,581,462,34,231730
ABplappaap:231,ABplappaap,231,31683,6683,1345,1358,6466,17.1,583,463,34,243126
ABplappaap:232,ABplappaap,232,30554,5554,456,428,5323,17.1,581,464,34,249061
ABplappaap:233,ABplappaap,233,30449,5449,303,363,5197,17.2,579,464,34,253045
ABplappaap:234,ABplappaap,234,30885,5885,794,864,5661,16.2,581,463,34,241156
ABplappaap:235,ABplappaap,235,30905,5905,867,890,5708,17.1,580,463,34,260867
ABplappaap:236,ABplappaap,236,31014,6014,876,930,5889,16.2,582,461,34,236234
ABplappaap:237,ABplappaap,237,30663,5663,890,879,5563,15.2,586,460,34,241233
ABplappaap:238,ABplappaap,238,31805,6805,1985,2012,6624,15.2,587,459,34,243075
ABplappaap:239,ABplappaap,239,30936,5936,845,940,5757,15.2,585,460,34,251495
ABplappaap:240,ABplappaap,240,30977,5977,1047,1054,5766,15.0,590,459,34,264475
ABplappaap:241,ABplappaap,241,30524,5524,658,644,5296,15.0,591,458,31,210020
ABplappaap:242,ABplappaap,242,30976,5976,1280,1335,5734,14.3,593,459,34,245376
ABplappaap:243,ABplappaap,243,31284,6284,1346,1311,6093,15.0,592,458,34,275809
ABplappaap:244,ABplappaap,244,31133,6133,1210,1193,5903,15.0,594,459,34,266794
ABplappaap:245,ABplappaap,245,31135,6135,1018,1014,5918,15.0,590,456,31,220152
ABplappaap:246,ABplappaap,246,30518,5518,628,606,5364,14.2,589,455,34,258368
ABplappaap:247,ABplappaap,247,30923,5923,1111,1132,5732,14.2,587,458,34,265021
ABplappaap:248,ABplappaap,248,30798,5798,1063,1059,5603,14.1,585,455,31,207389
ABplappaap:249,ABplappaap,249,31381,6381,1612,1637,6209,14.2,585,456,34,273250
ABplappaap:250,ABplappaap,250,31079,6079,949,932,5844,15.0,583,456,31,216832
ABplappap:122,ABplappap,122,31179,6179,284,284,5981,16.2,507,461,33,106651
ABplappap:123,ABplappap,123,32185,7185,1432,1432,7168,15.9,512,461,34,106651
ABplappap:124,ABplappap,124,32407,7407,2045,2222,5481,15.6,518,462,36,106651
ABplappap:125,ABplappap,125,33282,8282,3008,3008,8257,15.3,524,463,38,139415
ABplappap:126,ABplappap,126,33125,8125,2694,2688,8017,15.0,529,459,37,121835
ABplappap:127,ABplappap,127,33539,8539,2727,2766,8380,15.0,529,459,37,121835
ABplappap:128,ABplappap,128,33867,8867,3269,3271,8735,15.0,529,467,33,87411
ABplappap:129,ABplappap,129,34509,9509,3807,3811,9417,16.0,527,471,34,98314
ABplappap:130,ABplappap,130,34362,9362,3667,3683,9318,16.1,528,474,37,120158
ABplappap:131,ABplappap,131,33900,8900,2268,2268,8893,15.2,519,472,29,54763
ABplappap:132,ABplappap,132,32681,7681,1975,1982,7638,15.3,526,468,38,140876
ABplappap:133,ABplappap,133,33169,8169,2123,2144,8065,16.0,532,470,35,99626
ABplappap:134,ABplappap,134,33542,8542,2906,2956,8434,16.1,532,468,39,147423
ABplappap:135,ABplappap,135,33966,8966,3333,3414,8845,16.1,531,462,42,191732
ABplappap:136,ABplappap,136,34345,9345,3768,3912,9216,16.1,530,463,43,197685
ABplappap:137,ABplappap,137,32844,7844,2616,2652,7740,16.1,530,462,42,195435
ABplappap:138,ABplappap,138,33666,8666,3194,3414,8512,16.1,540,461,44,213106
ABplappap:139,ABplappap,139,32967,7967,2100,2321,7776,16.1,547,457,44,210419
ABplappap:140,ABplappap,140,32378,7378,1895,2116,7153,16.1,547,452,45,220812
ABplappap:141,ABplappap,141,32543,7543,2094,2235,7448,16.1,545,455,47,267104
ABplappap:142,ABplappap,142,32854,7854,2408,2539,7738,16.2,543,458,48,313624
ABplappap:143,ABplappap,143,32640,7640,2277,2440,7447,16.1,544,458,49,319775
ABplappap:144,ABplappap,144,32785,7785,2426,2664,7554,16.2,541,454,50,364331
ABplappap:145,ABplappap,145,32504,7504,1955,2083,7331,15.3,548,454,48,317912
ABplappap:146,ABplappap,146,32551,7551,1932,2117,7369,16.1,550,453,50,392906
ABplappap:147,ABplappap,147,32336,7336,1721,1944,7102,16.9,558,457,46,313541
ABplappap:148,ABplappap,148,32554,7554,2010,2168,7365,16.2,562,454,50,407538
ABplappap:149,ABplappap,149,32056,7056,1413,1546,6726,16.3,571,451,49,346766
ABplappap:150,ABplappap,150,32943,7943,2325,2686,7213,16.3,577,451,49,379356
ABplappap:151,ABplappap,151,32543,7543,1936,2224,7233,16.2,580,451,51,420536
ABplappap:152,ABplappap,152,32383,7383,1620,2130,6703,17.0,588,454,51,434832
ABplappap:153,ABplappap,153,32201,7201,1602,1905,6043,17.2,593,449,51,445966
ABplappap:154,ABplappap,154,32485,7485,1724,2051,6880,17.3,592,447,50,441207
ABplappap:155,ABplappap,155,32402,7402,1817,2228,6623,18.2,596,449,52,501558
ABplappap:156,ABplappap,156,32330,7330,1561,1894,6664,19.0,588,450,52,427106
ABplappap:157,ABplappap,157,31708,6708,1101,1384,6130,18.2,596,453,51,379210
ABplappap:158,ABplappap,158,32364,7364,1819,2033,6911,19.0,601,451,50,392773
ABplappap:159,ABplappap,159,32415,7415,1817,2054,6938,18.1,601,453,49,363506
ABplappap:160,ABplappap,160,31709,6709,955,1295,6043,19.1,600,453,49,380316
ABplappap:161,ABplappap,161,32014,7014,1354,1675,6584,19.1,600,454,49,373344
ABplappap:162,ABplappap,162,31944,6944,1494,1725,6496,19.2,604,453,48,372500
ABplappap:163,ABplappap,163,31258,6258,723,888,5883,19.2,604,450,46,334262
ABplappap:164,ABplappap,164,32487,7487,2169,2271,6911,19.1,602,450,45,290362
ABplappap:165,ABplappap,165,32413,7413,1881,1992,6881,19.1,595,449,45,308426
ABplappap:166,ABplappap,166,31301,6301,850,870,6065,19.0,591,443,44,314174
ABplappap:167,ABplappap,167,30281,5281,-59,-63,4717,18.1,590,445,37,217157
ABplappap:168,ABplappap,168,30643,5643,371,371,4921,18.1,592,445,40,257298
ABplappapa:169,ABplappapa,169,30759,5759,24,28,5141,16.9,568,444,35,169502
ABplappapa:170,ABplappapa,170,31730,6730,1105,1125,6191,16.1,570,443,34,176801
ABplappapa:171,ABplappapa,171,32109,7109,2155,2155,6800,15.1,572,437,35,163874
ABplappapa:172,ABplappapa,172,31163,6163,1039,1036,5941,15.0,579,439,36,185448
ABplappapa:173,ABplappapa,173,31531,6531,1369,1497,6058,15.2,590,441,36,201504
ABplappapa:174,ABplappapa,174,31273,6273,1066,1124,5828,15.1,586,436,36,185918
ABplappapa:175,ABplappapa,175,30894,5894,520,665,4984,15.1,591,436,36,184774
ABplappapa:176,ABplappapa,176,31368,6368,1063,1214,5461,15.1,593,436,35,157550
ABplappapa:177,ABplappapa,177,30314,5314,-100,-21,4682,15.2,592,439,35,160549
ABplappapa:178,ABplappapa,178,31683,6683,1289,1376,5882,15.1,594,439,35,170347
ABplappapa:179,ABplappapa,179,30720,5720,744,711,4449,15.1,591,440,34,176481
ABplappapa:180,ABplappapa,180,31122,6122,1132,1083,5156,15.0,594,433,34,176711
ABplappapa:181,ABplappapa,181,31162,6162,1124,1108,5465,15.1,591,434,34,173405
ABplappapa:182,ABplappapa,182,30589,5589,313,246,4741,15.1,595,436,34,190570
ABplappapa:183,ABplappapa,183,31237,6237,1093,1060,5472,15.1,597,435,34,189539
ABplappapa:184,ABplappapa,184,31455,6455,1154,1159,6030,15.2,596,440,34,186334
ABplappapa:185,ABplappapa,185,31669,6669,1557,1479,6238,15.0,599,441,34,191155
ABplappapa:186,ABplappapa,186,30041,5041,85,92,4160,14.2,594,441,34,152054
ABplappapa:187,ABplappapa,187,29946,4946,-235,-403,4234,14.2,598,439,31,133814
ABplappapa:188,ABplappapa,188,30686,5686,607,559,5073,15.0,596,441,34,175118
ABplappapa:189,ABplappapa,189,30933,5933,715,697,5144,15.0,594,441,34,177509
ABplappapa:190,ABplappapa,190,30444,5444,553,537,4164,15.0,593,440,31,147176
ABplappapa:191,ABplappapa,191,30703,5703,761,645,4613,15.0,594,443,34,182357
ABplappapa:192,ABplappapa,192,31360,6360,1517,1523,5812,15.0,596,451,34,186253
ABplappapa:193,ABplappapa,193,30346,5346,461,434,5149,14.1,598,452,34,179690
ABplappapa:194,ABplappapa,194,30824,5824,622,588,5272,14.0,589,448,34,196888
ABplappapa:195,ABplappapa,195,29909,4909,-166,-126,4251,14.2,597,446,31,137759
ABplappapa:196,ABplappapa,196,31055,6055,1339,1305,5717,13.3,602,446,34,176639
ABplappapa:197,ABplappapa,197,31399,6399,1247,1225,6197,14.1,599,448,34,197765
ABplappapa:198,ABplappapa,198,31228,6228,1082,1083,6133,14.1,598,451,34,196385
ABplappapa:199,ABplappapa,199,30933,5933,753,753,5837,14.1,599,446,34,194212
ABplappapa:200,ABplappapa,200,29995,4995,-41,-55,4886,13.3,598,444,34,191577
ABplappapa:201,ABplappapa,201,30502,5502,250,250,5408,13.1,597,440,31,149776
ABplappapa:202,ABplappapa,202,30301,5301,650,623,5133,13.3,598,442,34,185111
ABplappapa:203,ABplappapa,203,31964,6964,1972,1979,6768,13.2,595,445,34,201055
ABplappapa:204,ABplappapa,204,30107,5107,-35,-42,5049,13.1,600,445,34,206552
ABplappapa:205,ABplappapa,205,32161,7161,2081,2070,7085,13.1,598,444,34,219355
ABplappapa:206,ABplappapa,206,30544,5544,543,542,5490,13.0,598,445,34,219570
ABplappapa:207,ABplappapa,207,31084,6084,719,716,6029,13.1,597,445,34,219394
ABplappapa:208,ABplappapa,208,30713,5713,632,614,5624,13.1,597,443,34,212090
ABplappapa:209,ABplappapa,209,30873,5873,974,952,5802,12.3,599,444,34,203024
ABplappapa:210,ABplappapa,210,30809,5809,1056,1049,5762,12.2,600,443,34,220096
ABplappapa:211,ABplappapa,211,30626,5626,554,554,5577,12.1,599,441,32,185470
ABplappapa:212,ABplappapa,212,30266,5266,-82,-82,5225,13.0,601,444,34,227232
ABplappapa:213,ABplappapa,213,30728,5728,858,858,5698,12.2,605,443,34,229849
ABplappapa:214,ABplappapa,214,30487,5487,445,445,5458,12.2,610,442,34,224125
ABplappapa:215,ABplappapa,215,29685,4685,-185,-185,4622,12.2,608,444,34,232904
ABplappapa:216,ABplappapa,216,31270,6270,1426,1426,6216,12.1,605,440,34,248352
ABplappapa:217,ABplappapa,217,30281,5281,333,333,5237,12.0,603,438,31,185019
ABplappapa:218,ABplappapa,218,30432,5432,576,576,5383,12.1,611,444,34,245514
ABplappapa:219,ABplappapa,219,30478,5478,607,607,5414,12.1,607,443,34,246923
ABplappapa:220,ABplappapa,220,30496,5496,281,281,5438,11.2,609,437,34,222294
ABplappapa:221,ABplappapa,221,30178,5178,423,423,5124,11.2,605,439,34,232265
ABplappapa:222,ABplappapa,222,30575,5575,500,496,5528,11.2,606,438,34,234006
ABplappapa:223,ABplappapa,223,30888,5888,1159,1159,5853,11.1,607,437,34,248669
ABplappapa:224,ABplappapa,224,29976,4976,249,249,4895,10.3,608,427,34,226452
ABplappapa:225,ABplappapa,225,30010,5010,528,528,4928,10.3,610,430,34,215881
ABplappapa:226,ABplappapa,226,30267,5267,709,707,5162,10.3,611,428,34,221285
ABplappapa:227,ABplappapa,227,29692,4692,43,38,4543,10.3,609,428,34,235763
ABplappapa:228,ABplappapa,228,30327,5327,948,938,5219,10.4,604,433,34,227219
ABplappapa:229,ABplappapa,229,30171,5171,195,180,4920,10.3,606,430,31,197744
ABplappapa:230,ABplappapa,230,30315,5315,846,815,4891,10.1,599,427,34,275247
ABplappapa:231,ABplappapa,231,29874,4874,229,205,4386,9.3,602,426,34,240098
ABplappapa:232,ABplappapa,232,29746,4746,280,263,4349,9.2,600,425,34,251915
ABplappapa:233,ABplappapa,233,30397,5397,940,960,4946,9.0,607,419,34,273185
ABplappapa:234,ABplappapa,234,29889,4889,439,439,4639,8.3,604,419,34,237428
ABplappapa:235,ABplappapa,235,30171,5171,724,685,4858,8.4,605,415,34,244040
ABplappapa:236,ABplappapa,236,29880,4880,431,488,4618,8.3,609,416,34,249616
ABplappapa:237,ABplappapa,237,29630,4630,81,85,4378,8.2,610,412,34,265339
ABplappapa:238,ABplappapa,238,30871,5871,1454,1425,5534,8.2,611,408,34,276393
ABplappapa:239,ABplappapa,239,30185,5185,804,824,4655,8.1,609,409,34,275090
ABplappapa:240,ABplappapa,240,29818,4818,322,297,4453,7.3,606,405,34,250332
ABplappapa:241,ABplappapa,241,30546,5546,1111,1096,5188,7.2,607,400,31,205838
ABplappapa:242,ABplappapa,242,29759,4759,469,479,4050,7.2,606,404,34,259737
ABplappapa:243,ABplappapa,243,29672,4672,104,63,3846,7.2,603,403,34,259710
ABplappapa:244,ABplappapa,244,29339,4339,-276,-255,3641,7.3,606,401,34,263701
ABplappapa:245,ABplappapa,245,29594,4594,48,-15,3985,7.2,599,402,31,206126
ABplappapa:246,ABplappapa,246,30225,5225,496,513,4663,7.1,597,401,34,265132
ABplappapa:247,ABplappapa,247,30048,5048,714,750,4682,7.1,591,401,34,282359
ABplappapa:248,ABplappapa,248,29263,4263,-247,-278,3968,7.0,595,403,31,207084
ABplappapa:249,ABplappapa,249,29961,4961,290,276,4633,6.4,596,397,34,235711
ABplappapa:250,ABplappapa,250,29934,4934,374,407,4182,7.0,589,400,31,208221
ABplappapp:169,ABplappapp,169,30476,5476,410,417,4946,19.9,629,444,35,142560
ABplappapp:170,ABplappapp,170,31398,6398,1074,1078,6175,19.9,633,444,34,149492
ABplappapp:171,ABplappapp,171,30550,5550,7,7,5428,20.0,634,444,35,171767
ABplappapp:172,ABplappapp,172,30900,5900,657,681,5543,20.0,641,443,36,214025
ABplappapp:173,ABplappapp,173,31365,6365,1287,1333,6207,18.3,649,438,36,168550
ABplappapp:174,ABplappapp,174,30982,5982,934,935,5863,19.0,651,445,36,195182
ABplappapp:175,ABplappapp,175,31559,6559,942,1039,5928,19.2,655,440,36,182058
ABplappapp:176,ABplappapp,176,31046,6046,568,606,5594,20.0,655,438,35,158342
ABplappapp:177,ABplappapp,177,30790,5790,131,127,5391,20.1,649,439,35,159283
ABplappapp:178,ABplappapp,178,31478,6478,1014,1017,6099,20.0,655,441,35,167695
ABplappapp:179,ABplappapp,179,31446,6446,1340,1338,6119,19.2,653,444,34,145254
ABplappapp:180,ABplappapp,180,31940,6940,1827,1862,6010,20.1,654,438,34,169773
ABplappapp:181,ABplappapp,181,32249,7249,2274,2329,5654,20.1,654,439,34,169773
ABplappapp:182,ABplappapp,182,32155,7155,1955,2044,3188,20.1,654,440,34,169773
ABplappapp:183,ABplappapp,183,30783,5783,280,306,3623,20.1,653,441,34,161605
ABplappapp:184,ABplappapp,184,31624,6624,1128,1110,4448,20.2,648,436,34,152098
ABplappapp:185,ABplappapp,185,31788,6788,1231,1270,5638,20.2,648,436,33,152098
ABplappapp:186,ABplappapp,186,31050,6050,416,413,4568,20.2,649,437,32,152098
ABplappapp:187,ABplappapp,187,31997,6997,1383,1400,5707,20.2,650,438,31,111415
ABplappapp:188,ABplappapp,188,31622,6622,1299,1298,4694,20.1,650,438,34,145492
ABplappapp:189,ABplappapp,189,30897,5897,584,594,4541,20.1,649,444,34,145760
ABplappapp:190,ABplappapp,190,31617,6617,1258,1247,5185,21.2,646,443,31,120255
ABplappapp:191,ABplappapp,191,31351,6351,1127,1146,5738,21.0,640,445,34,162676
ABplappapp:192,ABplappapp,192,30864,5864,313,317,5005,20.2,638,450,34,150587
ABplappapp:193,ABplappapp,193,30813,5813,461,460,5224,21.0,631,451,34,166621
ABplappapp:194,ABplappapp,194,30982,5982,671,687,5373,21.0,634,452,34,166028
ABplappapp:195,ABplappapp,195,31075,6075,594,594,5544,20.3,632,451,31,116069
ABplappapp:196,ABplappapp,196,29527,4527,-731,-731,4065,20.1,635,450,34,172531
ABplappapp:197,ABplappapp,197,30777,5777,159,157,5436,20.1,630,448,34,184668
ABplappapp:198,ABplappapp,198,30400,5400,83,83,4895,20.2,632,449,34,180772
ABplappapp:199,ABplappapp,199,32065,7065,1619,1619,6451,19.3,631,449,34,170063
ABplappapp:200,ABplappapp,200,30579,5579,265,265,5138,20.0,628,450,34,196883
ABplappapp:201,ABplappapp,201,31379,6379,1093,1093,5855,20.1,630,452,31,153218
ABplappapp:202,ABplappapp,202,30903,5903,621,621,5502,20.0,630,451,34,200131
ABplappapp:203,ABplappapp,203,31351,6351,1106,1110,5943,19.2,636,453,34,183639
ABplappapp:204,ABplappapp,204,31235,6235,774,775,5883,20.0,626,455,34,202993
ABplappapp:205,ABplappapp,205,30444,5444,240,278,4801,19.2,625,453,34,192149
ABplappapp:206,ABplappapp,206,31362,6362,814,924,5545,20.1,623,451,34,206890
ABplappapp:207,ABplappapp,207,31057,6057,697,712,5220,19.0,627,453,34,206618
ABplappapp:208,ABplappapp,208,31186,6186,524,529,5781,20.1,620,451,34,206051
ABplappapp:209,ABplappapp,209,30317,5317,267,254,4857,19.1,620,453,34,196197
ABplappapp:210,ABplappapp,210,30669,5669,529,528,5456,19.1,622,454,34,213717
ABplappapp:211,ABplappapp,211,31063,6063,864,864,5944,19.0,622,456,34,202927
ABplappapp:212,ABplappapp,212,30929,5929,684,678,5701,19.1,622,459,34,199037
ABplappapp:213,ABplappapp,213,30448,5448,493,507,5317,19.0,624,460,34,221903
ABplappapp:214,ABplappapp,214,30532,5532,527,516,5335,19.2,621,456,34,210272
ABplappapp:215,ABplappapp,215,31382,6382,1150,1222,6231,20.1,619,458,34,223725
ABplappapp:216,ABplappapp,216,30734,5734,905,935,5500,20.1,616,459,34,215032
ABplappapp:217,ABplappapp,217,29545,4545,-353,-360,4208,19.2,615,457,31,159562
ABplappapp:218,ABplappapp,218,30831,5831,763,846,5451,19.2,620,454,34,211047
ABplappapp:219,ABplappapp,219,30798,5798,808,848,5515,19.1,619,461,34,221575
ABplappapp:220,ABplappapp,220,30321,5321,67,27,5118,18.2,623,460,34,225950
ABplappapp:221,ABplappapp,221,31304,6304,1304,1325,6048,18.2,616,460,34,231378
ABplappapp:222,ABplappapp,222,31039,6039,909,902,5632,18.2,616,459,34,235806
ABplappapp:223,ABplappapp,223,30860,5860,840,839,5659,18.2,621,460,34,234095
ABplappapp:224,ABplappapp,224,31177,6177,1318,1301,6086,17.3,624,458,34,224994
ABplappapp:225,ABplappapp,225,31860,6860,1666,1746,6689,17.1,621,460,34,235440
ABplappapp:226,ABplappapp,226,30046,5046,56,38,4805,17.1,621,458,34,230507
ABplappapp:227,ABplappapp,227,30888,5888,796,802,5591,17.1,624,456,34,257578
ABplappapp:228,ABplappapp,228,31261,6261,1394,1419,5973,17.1,624,456,34,246958
ABplappapp:229,ABplappapp,229,31362,6362,1251,1268,6056,16.3,624,456,31,188380
ABplappapp:230,ABplappapp,230,30659,5659,609,699,5401,17.0,624,457,34,260869
ABplappapp:231,ABplappapp,231,31077,6077,1078,1073,5923,17.1,627,455,34,263002
ABplappapp:232,ABplappapp,232,31189,6189,1199,1188,6046,16.2,626,456,34,248874
ABplappapp:233,ABplappapp,233,31151,6151,873,886,5963,17.0,623,456,34,270210
ABplappapp:234,ABplappapp,234,30873,5873,1185,1171,5682,16.2,624,455,34,263543
ABplappapp:235,ABplappapp,235,30100,5100,-297,-310,4952,16.1,625,457,34,262265
ABplappapp:236,ABplappapp,236,30785,5785,634,666,5658,16.1,631,456,34,260659
ABplappapp:237,ABplappapp,237,29959,4959,-71,-76,4871,15.2,633,455,34,243884
ABplappapp:238,ABplappapp,238,30791,5791,992,996,5608,15.2,631,453,34,259386
ABplappapp:239,ABplappapp,239,30629,5629,736,768,5450,15.2,628,455,34,275054
ABplappapp:240,ABplappapp,240,30557,5557,682,692,5230,15.0,632,452,34,280822
ABplappapp:241,ABplappapp,241,31291,6291,1032,1016,6052,15.1,632,452,31,212287
ABplappapp:242,ABplappapp,242,31431,6431,1457,1450,6080,15.2,634,451,34,285500
ABplappapp:243,ABplappapp,243,30477,5477,671,777,5211,15.1,637,451,34,273595
ABplappapp:244,ABplappapp,244,30868,5868,670,650,5666,15.2,636,450,34,276672
ABplappapp:245,ABplappapp,245,30667,5667,471,523,5424,15.2,636,447,31,218855
ABplappapp:246,ABplappapp,246,30767,5767,685,694,5603,14.2,635,448,34,253618
ABplappapp:247,ABplappapp,247,30565,5565,219,372,5216,15.0,634,448,34,298163
ABplappapp:248,ABplappapp,248,30577,5577,829,924,4714,15.1,636,449,31,223177
ABplappapp:249,ABplappapp,249,31214,6214,1192,1429,5612,15.1,638,447,34,301144
ABplappapp:250,ABplappapp,250,31106,6106,1008,1026,5790,15.2,628,451,31,230352
ABplappp:87,ABplappp,87,29531,4531,-221,-221,3580,12.0,429,394,56,0
ABplappp:88,ABplappp,88,29681,4681,-59,-22,2764,13.0,445,390,54,0
ABplappp:89,ABplappp,89,29635,4635,-130,-114,2054,14.0,461,386,52,0
ABplappp:90,ABplappp,90,29331,4331,-387,-384,4328,14.1,464,388,52,0
ABplappp:91,ABplappp,91,29453,4453,-555,-545,4453,14.3,468,390,52,0
ABplappp:92,ABplappp,92,29571,4571,-165,-153,4571,14.4,472,393,52,0
ABplappp:93,ABplappp,93,29629,4629,-425,-481,4624,14.6,476,395,52,0
ABplappp:94,ABplappp,94,29951,4951,134,89,4940,14.7,480,397,52,0
ABplappp:95,ABplappp,95,29829,4829,2,-31,4789,14.8,483,400,52,0
ABplappp:96,ABplappp,96,29794,4794,-91,-151,4722,15.0,487,402,52,0
ABplappp:97,ABplappp,97,29945,4945,11,-36,4856,15.1,491,404,52,0
ABplappp:98,ABplappp,98,29581,4581,-225,-245,4475,15.2,495,407,52,0
ABplappp:99,ABplappp,99,29795,4795,-160,-74,4686,15.4,499,409,52,0
ABplappp:100,ABplappp,100,30244,5244,455,450,5171,15.5,473,401,52,0
ABplappp:101,ABplappp,101,29817,4817,-169,-123,4747,15.7,485,400,52,0
ABplappp:102,ABplappp,102,30015,5015,5,24,5013,15.8,488,404,52,0
ABplappp:103,ABplappp,103,30613,5613,698,690,5611,15.9,488,406,52,0
ABplappp:104,ABplappp,104,30617,5617,579,551,5602,16.1,494,406,52,0
ABplappp:105,ABplappp,105,29821,4821,-377,-312,4697,16.2,522,423,52,0
ABplappp:106,ABplappp,106,30431,5431,263,238,5416,16.3,488,407,52,0
ABplappp:107,ABplappp,107,29666,4666,-483,-448,4412,16.5,529,428,52,0
ABplappp:108,ABplappp,108,29994,4994,-20,89,4811,16.6,533,430,52,0
ABplappp:109,ABplappp,109,29826,4826,-452,-243,4600,16.8,537,432,52,0
ABplappp:110,ABplappp,110,29748,4748,-362,-206,4507,16.9,541,435,52,0
ABplappp:111,ABplappp,111,29982,4982,-410,-243,4781,17.0,545,437,52,0
ABplappp:112,ABplappp,112,31330,6330,875,930,6066,17.2,523,426,52,0
ABplappp:113,ABplappp,113,31717,6717,1303,1311,6283,17.3,520,435,52,0
ABplappp:114,ABplappp,114,32226,7226,1556,1629,6728,17.4,524,444,52,0
ABplappp:115,ABplappp,115,32546,7546,2284,2325,7188,17.6,533,446,52,0
ABplappp:116,ABplappp,116,32668,7668,2683,2680,7610,17.7,553,449,52,0
ABplappp:117,ABplappp,117,32612,7612,2488,2502,7609,17.9,568,451,52,0
ABplappp:118,ABplappp,118,32898,7898,3009,3009,7896,18.0,572,454,52,0
ABplappp:119,ABplappp,119,32798,7798,2559,2559,7796,18.0,570,452,49,0
ABplappp:120,ABplappp,120,33765,8765,3404,3404,8762,17.9,567,450,45,0
ABplappp:121,ABplappp,121,33437,8437,2587,2587,8423,17.9,564,447,41,171201
ABplappp:122,ABplappp,122,33905,8905,2838,2871,8593,18.1,563,424,41,179629
ABplappp:123,ABplappp,123,32228,7228,1404,1404,7074,17.1,568,418,38,150396
ABplappp:124,ABplappp,124,31300,6300,582,613,5998,18.0,577,416,39,178167
ABplappp:125,ABplappp,125,32235,7235,1569,1583,6596,17.2,579,430,34,143443
ABplapppa:126,ABplapppa,126,32152,7152,1109,1099,6696,16.1,553,420,31,79708
ABplapppa:127,ABplapppa,127,31780,6780,889,1044,6030,16.9,542,422,33,97051
ABplapppa:128,ABplapppa,128,35166,10166,4243,4256,9661,16.1,549,424,33,89680
ABplapppa:129,ABplapppa,129,34417,9417,3310,3311,8738,17.0,548,429,32,92083
ABplapppa:130,ABplapppa,130,34509,9509,3184,3206,9214,16.1,548,427,35,100517
ABplapppa:131,ABplapppa,131,33424,8424,2246,2200,8124,18.0,550,424,34,100850
ABplapppa:132,ABplapppa,132,34746,9746,3800,3812,9391,17.1,557,429,36,133009
ABplapppa:133,ABplapppa,133,34093,9093,2619,2612,8354,17.1,557,429,37,133009
ABplapppa:134,ABplapppa,134,33551,8551,2637,2724,8208,17.1,557,430,39,147282
ABplapppa:135,ABplapppa,135,34470,9470,3517,3592,8973,18.0,563,433,40,170012
ABplapppa:136,ABplapppa,136,34607,9607,3413,3811,8224,18.2,568,445,43,192821
ABplapppa:137,ABplapppa,137,34188,9188,3564,3631,8695,18.2,574,449,42,185521
ABplapppa:138,ABplapppa,138,34662,9662,3525,3691,8981,18.2,580,453,42,192434
ABplapppa:139,ABplapppa,139,35063,10063,3809,4013,8848,19.0,584,451,44,238291
ABplapppa:140,ABplapppa,140,35923,10923,4974,5461,10048,19.0,585,455,45,241681
ABplapppa:141,ABplapppa,141,35104,10104,3706,4265,8479,19.1,587,451,47,278967
ABplapppa:142,ABplapppa,142,34442,9442,3205,3656,8462,19.1,581,447,48,325612
ABplapppa:143,ABplapppa,143,33925,8925,2898,3425,8184,19.2,582,448,49,326854
ABplapppa:144,ABplapppa,144,34016,9016,2815,3504,8163,19.3,578,446,50,362466
ABplapppa:145,ABplapppa,145,34589,9589,3423,3794,8860,19.0,580,441,46,310892
ABplapppa:146,ABplapppa,146,34188,9188,2947,3401,8437,19.3,585,435,50,375079
ABplapppa:147,ABplapppa,147,34988,9988,3383,4170,8618,20.1,590,440,48,381886
ABplapppa:148,ABplapppa,148,35892,10892,4710,5408,9538,21.0,590,444,46,340847
ABplapppa:149,ABplapppa,149,34685,9685,3477,4182,7740,21.0,588,444,51,425876
ABplapppa:150,ABplapppa,150,33820,8820,2716,3410,6562,20.2,587,447,51,425514
ABplapppa:151,ABplapppa,151,35003,10003,3696,4432,7630,21.0,593,446,51,457212
ABplapppa:152,ABplapppa,152,35456,10456,4450,5079,8387,21.1,597,444,51,470219
ABplapppa:153,ABplapppa,153,34344,9344,3290,3720,7227,21.0,597,444,47,357631
ABplapppa:154,ABplapppa,154,34921,9921,3711,4374,7729,22.1,602,446,50,495842
ABplapppa:155,ABplapppa,155,34373,9373,3151,3933,7602,22.1,612,442,52,520976
ABplapppa:156,ABplapppa,156,34597,9597,3412,4121,8247,23.0,608,439,52,470794
ABplapppa:157,ABplapppa,157,34059,9059,2955,3310,8371,22.2,615,435,49,349640
ABplapppa:158,ABplapppa,158,33664,8664,2462,3182,7593,23.1,618,433,50,405648
ABplapppa:159,ABplapppa,159,33801,8801,2876,3301,7707,22.1,615,432,49,360118
ABplapppa:160,ABplapppa,160,33443,8443,2633,2981,6680,22.1,614,435,49,369630
ABplapppa:161,ABplapppa,161,34111,9111,3197,3597,8395,23.1,620,428,49,385347
ABplapppa:162,ABplapppa,162,34466,9466,3269,3655,8441,23.0,617,425,44,280254
ABplapppa:163,ABplapppa,163,33714,8714,2412,2712,7862,23.0,621,426,46,348429
ABplapppa:164,ABplapppa,164,33846,8846,2674,2969,8162,23.1,618,426,45,265042
ABplapppa:165,ABplapppa,165,33566,8566,2434,2581,8056,23.1,620,430,45,274044
ABplapppa:166,ABplapppa,166,34548,9548,3565,3579,9458,23.2,630,427,44,277996
ABplapppa:167,ABplapppa,167,33865,8865,3096,3160,8360,23.1,640,428,43,258911
ABplapppa:168,ABplapppa,168,33230,8230,1992,1997,7848,23.0,642,432,40,242683
ABplapppa:169,ABplapppa,169,33126,8126,2068,2050,7409,23.6,635,421,39,242683
ABplapppa:170,ABplapppa,170,32826,7826,1562,1718,6732,24.1,627,410,38,212626
ABplapppa:171,ABplapppa,171,33501,8501,1714,1756,7685,24.0,623,414,37,198556
ABplapppa:172,ABplapppa,172,34141,9141,2667,2723,8237,24.0,630,415,36,224648
ABplapppa:173,ABplapppa,173,32664,7664,1569,1572,7124,23.1,623,407,36,206017
ABplapppa:174,ABplapppa,174,32336,7336,1367,1367,6993,23.6,625,410,36,206017
ABplapppa:175,ABplapppa,175,32349,7349,1266,1258,7184,24.0,627,414,36,227023
ABplapppaa:176,ABplapppaa,176,31113,6113,663,723,5716,21.2,611,419,33,113706
ABplapppaa:177,ABplapppaa,177,31825,6825,1352,1328,6521,22.0,596,421,35,155918
ABplapppaa:178,ABplapppaa,178,32824,7824,2423,2501,7358,21.0,596,421,35,157176
ABplapppaa:179,ABplapppaa,179,32405,7405,1715,1761,6859,20.2,599,421,32,120675
ABplapppaa:180,ABplapppaa,180,32881,7881,2480,2483,7213,20.2,609,423,34,147651
ABplapppaa:181,ABplapppaa,181,31708,6708,1078,1115,6195,21.0,607,424,34,153617
ABplapppaa:182,ABplapppaa,182,33168,8168,2725,2772,7474,22.0,616,427,34,162524
ABplapppaa:183,ABplapppaa,183,31973,6973,1411,1372,6346,21.1,611,425,34,146827
ABplapppaa:184,ABplapppaa,184,33763,8763,2906,2902,8114,22.1,614,418,34,158915
ABplapppaa:185,ABplapppaa,185,33823,8823,2965,2966,8044,22.1,617,416,34,164827
ABplapppaa:186,ABplapppaa,186,32862,7862,2015,1998,7176,22.0,623,410,34,153948
ABplapppaa:187,ABplapppaa,187,34292,9292,3292,3323,8712,22.0,620,415,31,123525
ABplapppaa:188,ABplapppaa,188,33995,8995,2323,2280,8226,23.1,619,415,34,158629
ABplapppaa:189,ABplapppaa,189,34680,9680,3393,3422,8965,23.0,615,413,34,159459
ABplapppaa:190,ABplapppaa,190,34928,9928,4030,4031,9096,23.3,617,424,31,115266
ABplapppaa:191,ABplapppaa,191,33320,8320,2190,2070,7490,24.0,608,425,34,173014
ABplapppaa:192,ABplapppaa,192,34706,9706,3647,3906,8677,24.0,607,426,34,174427
ABplapppaa:193,ABplapppaa,193,35178,10178,3621,3699,9181,24.2,607,425,34,167272
ABplapppaa:194,ABplapppaa,194,33812,8812,2753,2883,8111,24.1,607,427,34,173512
ABplapppaa:195,ABplapppaa,195,34452,9452,2980,2999,8529,24.2,607,427,31,135763
ABplapppaa:196,ABplapppaa,196,33721,8721,2496,2656,8090,24.2,608,425,34,176401
ABplapppaa:197,ABplapppaa,197,34782,9782,3415,3756,8461,25.0,603,427,34,176783
ABplapppaa:198,ABplapppaa,198,33567,8567,2069,2067,7811,24.2,609,429,34,177513
ABplapppaa:199,ABplapppaa,199,35367,10367,4324,4404,9419,24.1,610,434,34,188025
ABplapppaa:200,ABplapppaa,200,34414,9414,2918,3050,8111,24.1,616,430,34,195975
ABplapppaa:201,ABplapppaa,201,36828,11828,5163,5170,10524,24.1,614,434,31,157647
ABplapppaa:202,ABplapppaa,202,34377,9377,2347,2960,6911,24.2,616,427,34,189550
ABplapppaa:203,ABplapppaa,203,34983,9983,3241,3770,7894,24.1,620,426,34,206853
ABplapppaa:204,ABplapppaa,204,34622,9622,3478,3660,7647,24.1,619,434,34,199422
ABplapppaa:205,ABplapppaa,205,33679,8679,2297,2316,7483,23.2,619,437,34,209566
ABplapppaa:206,ABplapppaa,206,35087,10087,3447,3673,8159,24.0,623,437,34,219463
ABplapppaa:207,ABplapppaa,207,34606,9606,3051,3054,8153,23.2,628,440,34,214209
ABplapppaa:208,ABplapppaa,208,34887,9887,2835,3266,7414,24.1,626,429,34,210386
ABplapppaa:209,ABplapppaa,209,34603,9603,2887,3158,7960,23.2,631,427,34,206820
ABplapppaa:210,ABplapppaa,210,35503,10503,4082,4293,8881,24.0,639,432,34,226166
ABplapppaa:211,ABplapppaa,211,33363,8363,1761,1878,7542,23.2,644,431,34,216592
ABplapppaa:212,ABplapppaa,212,34684,9684,3036,3258,7425,24.0,640,424,34,220208
ABplapppaa:213,ABplapppaa,213,34265,9265,3050,3095,8585,23.1,650,424,34,210817
ABplapppaa:214,ABplapppaa,214,33910,8910,2166,2384,7106,24.0,650,419,34,217943
ABplapppaa:215,ABplapppaa,215,34406,9406,3307,3490,8279,24.1,654,417,34,216164
ABplapppaa:216,ABplapppaa,216,33497,8497,2051,2260,7173,23.1,652,420,34,226275
ABplapppaa:217,ABplapppaa,217,33386,8386,1404,1441,7319,23.1,654,413,31,164854
ABplapppaa:218,ABplapppaa,218,35865,10865,3709,3886,9691,24.0,657,411,34,230769
ABplapppaa:219,ABplapppaa,219,36652,11652,5153,5351,9896,23.2,658,406,34,224009
ABplapppaa:220,ABplapppaa,220,35737,10737,4417,4502,9608,23.3,661,409,34,227340
ABplapppaa:221,ABplapppaa,221,35322,10322,2932,3609,7299,24.0,658,409,34,242408
ABplapppaa:222,ABplapppaa,222,34429,9429,2515,2750,7682,23.2,661,404,34,245862
ABplapppaa:223,ABplapppaa,223,34622,9622,2908,3173,7023,23.2,661,402,34,243054
ABplapppaa:224,ABplapppaa,224,34051,9051,2729,2741,7803,22.2,665,403,34,215077
ABplapppaa:225,ABplapppaa,225,35363,10363,3615,4144,8065,23.0,665,403,34,243958
ABplapppaa:226,ABplapppaa,226,33958,8958,2418,2862,6633,23.0,666,400,34,249112
ABplapppaa:227,ABplapppaa,227,34649,9649,2784,3475,7002,23.1,669,402,34,253042
ABplapppaa:228,ABplapppaa,228,35205,10205,3436,3897,7797,23.1,672,403,34,260050
ABplapppaa:229,ABplapppaa,229,34847,9847,3026,3323,6772,23.1,672,399,31,197022
ABplapppaa:230,ABplapppaa,230,34815,9815,2492,3224,7157,23.0,678,400,34,258436
ABplapppaa:231,ABplapppaa,231,34077,9077,1444,2282,6225,23.0,676,407,34,274715
ABplapppaa:232,ABplapppaa,232,34472,9472,1454,2614,4869,23.0,679,403,34,277483
ABplapppaa:233,ABplapppaa,233,34072,9072,1891,2609,6738,22.1,679,402,34,247595
ABplapppaa:234,ABplapppaa,234,34411,9411,1851,2715,6962,23.0,677,406,34,279011
ABplapppaa:235,ABplapppaa,235,34959,9959,1967,2985,7128,23.0,677,406,34,279011
ABplapppaa:236,ABplapppaa,236,34683,9683,1592,2064,6363,23.1,671,408,34,286390
ABplapppaa:237,ABplapppaa,237,35442,10442,2590,3730,7311,23.1,671,405,34,295224
ABplapppaa:238,ABplapppaa,238,35938,10938,3099,3584,8666,23.0,676,400,34,310368
ABplapppaa:239,ABplapppaa,239,36880,11880,4013,4627,8221,23.1,676,406,34,301971
ABplapppaa:240,ABplapppaa,240,35820,10820,2945,3356,7183,23.1,682,401,34,300996
ABplapppaa:241,ABplapppaa,241,37061,12061,3851,4700,6944,23.1,681,401,31,241501
ABplapppaa:242,ABplapppaa,242,34938,9938,2304,2516,6924,22.3,689,397,34,296217
ABplapppaa:243,ABplapppaa,243,35579,10579,3021,3302,7450,22.2,689,395,34,284311
ABplapppaa:244,ABplapppaa,244,34684,9684,1994,2432,5867,22.3,693,401,34,288746
ABplapppaa:245,ABplapppaa,245,35638,10638,3111,3434,6496,22.1,687,394,31,245993
ABplapppaa:246,ABplapppaa,246,35051,10051,2925,3407,6247,21.2,691,399,34,309596
ABplapppap:176,ABplapppap,176,32041,7041,1084,1080,6559,25.0,650,401,31,132097
ABplapppap:177,ABplapppap,177,32480,7480,1043,1172,6691,25.1,649,407,33,132097
ABplapppap:178,ABplapppap,178,33529,8529,2110,2441,5390,25.2,647,413,35,166219
ABplapppap:179,ABplapppap,179,34691,9691,3777,3685,8397,25.1,645,411,34,157484
ABplapppap:180,ABplapppap,180,34281,9281,3016,3310,7684,26.0,656,410,34,150474
ABplapppap:181,ABplapppap,181,34256,9256,3445,3583,7850,26.0,656,414,34,162036
ABplapppap:182,ABplapppap,182,32819,7819,1807,1827,6595,25.1,659,416,34,144517
ABplapppap:183,ABplapppap,183,33908,8908,3136,3149,8448,26.0,655,415,34,157041
ABplapppap:184,ABplapppap,184,33640,8640,2369,2367,8015,26.0,644,410,34,159809
ABplapppap:185,ABplapppap,185,33967,8967,2665,2690,8097,25.1,650,413,34,171346
ABplapppap:186,ABplapppap,186,33662,8662,2316,2359,8160,25.1,655,408,34,131709
ABplapppap:187,ABplapppap,187,33097,8097,1665,1665,7511,25.1,655,411,31,115720
ABplapppap:188,ABplapppap,188,32899,7899,1252,1300,7105,25.1,655,412,34,138148
ABplapppap:189,ABplapppap,189,33996,8996,3054,3102,8386,26.1,648,414,34,160137
ABplapppap:190,ABplapppap,190,32402,7402,149,167,6787,26.2,642,409,31,112029
ABplapppap:191,ABplapppap,191,32680,7680,923,932,7333,26.1,638,399,34,141794
ABplapppap:192,ABplapppap,192,34221,9221,2638,3001,8026,26.0,630,408,34,152293
ABplapppap:193,ABplapppap,193,33596,8596,1873,2183,6708,26.1,626,401,34,153546
ABplapppap:194,ABplapppap,194,32937,7937,1519,1589,6006,25.1,635,402,34,149391
ABplapppap:195,ABplapppap,195,34332,9332,2711,2789,8178,26.0,637,405,31,118929
ABplapppap:196,ABplapppap,196,33033,8033,1600,1683,6620,25.0,640,405,34,155846
ABplapppap:197,ABplapppap,197,35819,10819,4076,4224,9844,25.1,642,411,34,163009
ABplapppap:198,ABplapppap,198,34884,9884,3636,3690,9214,25.1,645,412,34,161634
ABplapppap:199,ABplapppap,199,35836,10836,3626,3678,10136,26.0,646,411,34,171130
ABplapppap:200,ABplapppap,200,36204,11204,4454,4604,10276,26.0,644,413,34,172673
ABplapppap:201,ABplapppap,201,33947,8947,2135,2285,7768,24.3,644,411,31,122779
ABplapppap:202,ABplapppap,202,36255,11255,4554,4741,10479,25.1,652,414,34,173502
ABplapppap:203,ABplapppap,203,33884,8884,1291,1613,7655,25.1,650,409,34,170948
ABplapppap:204,ABplapppap,204,33666,8666,1868,2002,7877,25.1,654,412,34,165968
ABplapppap:205,ABplapppap,205,35832,10832,3637,3707,10155,27.0,644,417,34,180602
ABplapppap:206,ABplapppap,206,37027,12027,4760,4950,11290,26.1,649,416,34,185847
ABplapppap:207,ABplapppap,207,35299,10299,3737,3786,9859,26.1,654,414,34,172346
ABplapppap:208,ABplapppap,208,34249,9249,1389,1668,8156,26.1,651,408,34,183243
ABplapppap:209,ABplapppap,209,36240,11240,3509,3732,9315,26.0,645,412,34,182664
ABplapppap:210,ABplapppap,210,35050,10050,3251,3539,8903,26.0,656,405,34,188716
ABplapppap:211,ABplapppap,211,36380,11380,3767,3820,10518,26.1,657,403,34,197868
ABplapppap:212,ABplapppap,212,34240,9240,1948,2215,7125,25.1,654,405,34,184526
ABplapppap:213,ABplapppap,213,36201,11201,4070,4192,10129,26.1,660,394,34,191921
ABplapppap:214,ABplapppap,214,34078,9078,1576,1830,7002,25.1,657,396,34,184114
ABplapppap:215,ABplapppap,215,35143,10143,2761,3137,8574,26.0,659,388,34,193856
ABplapppap:216,ABplapppap,216,35690,10690,3024,3271,9367,25.2,659,390,34,178023
ABplapppap:217,ABplapppap,217,35012,10012,2060,2100,8741,26.1,663,385,31,149277
ABplapppap:218,ABplapppap,218,35544,10544,2855,3200,9161,26.1,662,381,34,201182
ABplapppap:219,ABplapppap,219,33490,8490,885,1236,5423,25.2,653,384,34,193539
ABplapppap:220,ABplapppap,220,34350,9350,1814,2149,7802,26.2,660,377,34,198418
ABplapppap:221,ABplapppap,221,35482,10482,2848,3471,8261,26.2,660,382,34,208602
ABplapppap:222,ABplapppap,222,35040,10040,2050,2085,8747,27.1,663,381,34,214585
ABplapppap:223,ABplapppap,223,34562,9562,1743,1939,6005,25.0,659,388,34,215274
ABplapppap:224,ABplapppap,224,36524,11524,3798,3952,9855,27.0,658,382,34,213824
ABplapppap:225,ABplapppap,225,34621,9621,1813,2344,7169,26.1,663,385,34,208195
ABplapppap:226,ABplapppap,226,35046,10046,2395,2729,7489,26.2,660,383,34,213363
ABplapppap:227,ABplapppap,227,35093,10093,1773,2317,7501,26.1,661,384,34,216602
ABplapppap:228,ABplapppap,228,35225,10225,3023,3296,9118,27.0,659,377,34,226673
ABplapppap:229,ABplapppap,229,35227,10227,1909,2174,7224,26.0,666,387,31,170740
ABplapppap:230,ABplapppap,230,34248,9248,1239,1822,5924,26.0,666,389,34,227465
ABplapppap:231,ABplapppap,231,35686,10686,2980,3358,8996,26.0,661,386,34,210119
ABplapppap:232,ABplapppap,232,35477,10477,2403,2545,7333,25.0,665,390,29,129683
ABplapppap:233,ABplapppap,233,33997,8997,833,1085,6332,26.1,665,384,34,212489
ABplapppap:234,ABplapppap,234,34195,9195,2014,2182,8074,26.2,664,380,34,216222
ABplapppap:235,ABplapppap,235,33645,8645,1456,1630,7473,26.2,664,377,34,228887
ABplapppap:236,ABplapppap,236,32710,7710,509,541,6665,25.9,664,379,34,228887
ABplapppap:237,ABplapppap,237,32740,7740,137,302,5248,25.5,664,381,33,228887
ABplapppap:238,ABplapppap,238,32945,7945,215,580,4597,25.2,664,383,32,228887
ABplapppap:239,ABplapppap,239,34339,9339,1440,2111,5584,24.9,664,385,31,228887
ABplapppap:240,ABplapppap,240,34038,9038,1699,2480,4350,24.5,664,387,30,228887
ABplapppap:241,ABplapppap,241,35036,10036,1913,2658,5370,24.2,665,390,29,156641
ABplapppap:242,ABplapppap,242,34844,9844,1677,2165,5853,24.1,669,390,29,152515
ABplapppap:243,ABplapppap,243,35291,10291,2777,3327,4377,24.1,674,389,29,162661
ABplapppap:244,ABplapppap,244,34752,9752,2232,3161,4906,24.0,679,390,34,278519
ABplapppap:245,ABplapppap,245,35627,10627,2443,3072,4023,23.8,680,391,34,278519
ABplapppap:246,ABplapppap,246,35835,10835,3232,3787,5624,23.5,682,393,33,278519
ABplapppap:247,ABplapppap,247,35244,10244,2345,2346,7999,23.3,683,394,32,278519
ABplapppap:248,ABplapppap,248,35777,10777,3177,3132,8174,23.0,685,396,31,259000
ABplapppap:249,ABplapppap,249,35932,10932,3980,3927,9063,22.1,689,398,34,345911
ABplapppap:250,ABplapppap,250,36265,11265,3516,3495,8961,21.9,694,398,31,263309
ABplapppp:126,ABplapppp,126,30507,5507,41,41,5344,18.1,609,423,27,42375
ABplapppp:127,ABplapppp,127,30779,5779,576,576,5754,19.0,628,420,29,59866
ABplapppp:128,ABplapppp,128,34989,9989,3367,3367,9981,19.0,629,425,27,45014
ABplapppp:129,ABplapppp,129,32681,7681,1236,1236,7670,19.2,633,429,27,45014
ABplapppp:130,ABplapppp,130,33711,8711,2278,2278,8704,19.4,637,434,27,45014
ABplapppp:131,ABplapppp,131,34640,9640,2805,2805,9625,19.6,642,438,28,45014
ABplapppp:132,ABplapppp,132,33731,8731,2130,2341,5982,19.8,646,443,28,45014
ABplapppp:133,ABplapppp,133,33530,8530,2270,2249,8472,20.0,651,448,29,58369
ABplapppp:134,ABplapppp,134,35050,10050,3455,3460,9995,21.0,625,451,29,57025
ABplapppp:135,ABplapppp,135,33369,8369,2753,2641,8275,22.0,624,452,38,141928
ABplapppp:136,ABplapppp,136,34599,9599,4182,4122,9538,23.0,620,450,39,142134
ABplapppp:137,ABplapppp,137,35186,10186,3199,3199,10146,22.0,620,441,29,59220
ABplapppp:138,ABplapppp,138,32819,7819,2138,2129,7761,22.2,627,448,40,163281
ABplapppp:139,ABplapppp,139,34016,9016,3283,3424,8930,23.1,630,443,42,191491
ABplapppp:140,ABplapppp,140,34051,9051,3431,3833,8904,22.0,627,444,45,203481
ABplapppp:141,ABplapppp,141,34696,9696,3783,4089,9578,22.0,630,444,43,191557
ABplapppp:142,ABplapppp,142,35248,10248,3933,3933,10226,21.9,633,446,31,83481
ABplapppp:143,ABplapppp,143,33818,8818,3153,3424,8729,22.0,627,448,45,215454
ABplapppp:144,ABplapppp,144,34068,9068,3346,3611,8948,22.0,623,449,46,253132
ABplapppp:145,ABplapppp,145,34248,9248,3647,3997,9006,21.1,626,452,46,269165
ABplapppp:146,ABplapppp,146,33917,8917,3276,3402,8791,21.1,634,449,46,274861
ABplapppp:147,ABplapppp,147,34844,9844,4029,4318,9646,22.0,638,445,46,268946
ABplapppp:148,ABplapppp,148,34441,9441,3987,4138,9177,22.1,642,447,46,283004
ABplapppp:149,ABplapppp,149,34540,9540,3890,4249,9456,23.0,638,444,47,285151
ABplapppp:150,ABplapppp,150,33851,8851,3138,3365,8480,22.9,635,438,47,307846
ABplapppp:151,ABplapppp,151,34902,9902,4117,4454,9503,22.0,647,442,47,311523
ABplapppp:152,ABplapppp,152,34296,9296,3342,3713,8765,22.2,650,436,49,344081
ABplapppp:153,ABplapppp,153,33847,8847,3202,3323,8696,23.9,650,437,47,309818
ABplapppp:154,ABplapppp,154,33315,8315,2438,2907,7786,24.1,650,433,50,404177
ABplapppp:155,ABplapppp,155,32957,7957,1907,2471,7557,24.3,653,429,52,425561
ABplapppp:156,ABplapppp,156,33919,8919,3096,3503,8588,25.1,657,425,48,324826
ABplapppp:157,ABplapppp,157,33758,8758,3024,3155,8591,25.0,667,422,47,270216
ABplapppp:158,ABplapppp,158,33722,8722,2937,3171,8313,25.0,665,419,46,274087
ABplapppp:159,ABplapppp,159,33940,8940,3397,3476,8879,25.0,670,420,45,234718
ABplapppp:160,ABplapppp,160,34095,9095,3348,3408,8999,24.9,671,422,45,228053
ABplapppp:161,ABplapppp,161,33906,8906,3313,3364,8754,25.0,676,412,45,238691
ABplapppp:162,ABplapppp,162,33586,8586,2860,2993,8095,25.1,671,410,46,291742
ABplapppp:163,ABplapppp,163,32444,7444,1627,1918,6875,24.1,676,417,46,288425
ABplapppp:164,ABplapppp,164,32792,7792,2270,2420,7711,25.1,672,421,45,237198
ABplapppp:165,ABplapppp,165,33722,8722,3009,3009,8450,26.0,677,416,41,208881
ABplapppp:166,ABplapppp,166,33525,8525,2708,2754,8352,26.0,680,411,44,252503
ABplapppp:167,ABplapppp,167,32436,7436,1331,1470,7206,26.2,673,408,43,255668
ABplapppp:168,ABplapppp,168,32783,7783,1713,1750,7630,26.2,680,411,40,231393
ABplapppp:169,ABplapppp,169,33824,8824,2710,2693,8747,26.2,681,405,39,214203
ABplapppp:170,ABplapppp,170,32469,7469,1199,1190,7388,25.2,686,402,38,223351
ABplapppp:171,ABplapppp,171,34049,9049,3048,3046,8971,26.1,689,402,37,219722
ABplapppp:172,ABplapppp,172,34573,9573,3305,3307,9423,26.1,685,405,36,221596
ABplapppp:173,ABplapppp,173,35098,10098,3707,3718,9805,26.1,685,399,36,215126
ABplapppp:174,ABplapppp,174,33262,8262,1948,1948,8206,26.1,682,403,36,231990
ABplapppp:175,ABplapppp,175,31405,6405,353,402,5842,26.1,679,391,36,245205
ABplapppp:176,ABplapppp,176,31496,6496,138,113,6259,26.1,694,390,35,200900
ABplappppa:177,ABplappppa,177,33299,8299,2312,2414,7695,25.9,684,405,31,140058
ABplappppa:178,ABplappppa,178,32797,7797,1683,1846,6883,25.1,682,410,35,187464
ABplappppa:179,ABplappppa,179,32799,7799,2249,2272,6816,25.2,684,410,34,167689
ABplappppa:180,ABplappppa,180,33803,8803,2764,2914,8151,27.1,691,399,34,180583
ABplappppa:181,ABplappppa,181,34681,9681,3321,3343,8590,27.2,696,391,34,158615
ABplappppa:182,ABplappppa,182,34390,9390,3138,3169,8832,27.2,691,393,34,157470
ABplappppa:183,ABplappppa,183,33227,8227,2319,2332,7761,28.0,687,386,34,160951
ABplappppa:184,ABplappppa,184,32588,7588,1593,1598,7252,28.0,683,388,34,165893
ABplappppa:185,ABplappppa,185,33324,8324,2179,2180,7787,27.2,689,384,34,151803
ABplappppa:186,ABplappppa,186,33016,8016,2247,2247,7699,28.0,691,379,34,143563
ABplappppa:187,ABplappppa,187,32872,7872,1262,1287,6561,28.1,683,384,31,109461
ABplappppa:188,ABplappppa,188,34550,9550,3075,3158,8689,27.2,683,379,32,118770
ABplappppa:189,ABplappppa,189,34009,9009,2462,2462,8681,28.9,675,377,30,102255
ABplappppa:190,ABplappppa,190,34486,9486,3210,3212,8817,28.2,677,375,31,108646
ABplappppa:191,ABplappppa,191,32417,7417,870,867,6983,29.0,678,367,34,145907
ABplappppa:192,ABplappppa,192,33341,8341,2030,2028,7802,29.0,669,379,30,115556
ABplappppa:193,ABplappppa,193,33720,8720,1960,2157,7633,28.1,672,379,34,148905
ABplappppa:194,ABplappppa,194,33871,8871,2301,2301,8491,29.0,667,384,34,145132
ABplappppa:195,ABplappppa,195,33096,8096,1622,1623,7242,28.2,671,378,31,113425
ABplappppa:196,ABplappppa,196,32842,7842,1210,1209,7152,28.1,669,378,34,144940
ABplappppa:197,ABplappppa,197,32160,7160,349,354,6280,28.0,673,382,34,155234
ABplappppa:198,ABplappppa,198,36138,11138,4122,4122,10406,28.0,678,383,29,97731
ABplappppa:199,ABplappppa,199,34958,9958,3323,3467,8754,27.2,684,376,34,170445
ABplappppa:200,ABplappppa,200,34276,9276,2296,2258,8204,27.2,683,377,33,170445
ABplappppa:201,ABplappppa,201,34150,9150,2770,2845,8380,27.1,681,379,31,130220
ABplappppa:202,ABplappppa,202,33896,8896,2304,2366,8252,28.0,686,379,34,165217
ABplappppa:203,ABplappppa,203,34359,9359,2434,2525,8443,28.1,684,378,34,165710
ABplappppa:204,ABplappppa,204,35164,10164,3120,3274,8814,27.1,687,383,34,178078
ABplappppa:205,ABplappppa,205,33386,8386,1496,1811,6602,27.0,691,382,34,176005
ABplappppa:206,ABplappppa,206,36644,11644,4771,4758,10719,27.1,686,381,34,185893
ABplappppa:207,ABplappppa,207,34438,9438,2417,2681,7869,27.0,694,381,34,193158
ABplappppa:208,ABplappppa,208,35792,10792,3679,3898,9485,26.2,697,385,34,200504
ABplappppa:209,ABplappppa,209,34624,9624,2127,2445,5565,26.1,699,389,34,220223
ABplappppa:210,ABplappppa,210,36265,11265,3755,4059,5156,26.1,705,387,34,218925
ABplappppa:211,ABplappppa,211,34356,9356,1263,1004,5865,26.0,707,391,29,133323
ABplappppa:212,ABplappppa,212,36766,11766,4650,4634,10793,26.0,701,397,34,221405
ABplappppa:213,ABplappppa,213,35812,10812,3368,3582,8577,25.2,707,394,34,210149
ABplappppa:214,ABplappppa,214,38263,13263,6263,6263,12633,26.0,712,394,34,238829
ABplappppa:215,ABplappppa,215,35939,10939,4145,4141,9779,25.1,708,400,34,224074
ABplappppa:216,ABplappppa,216,36228,11228,4024,3998,10898,25.0,702,399,34,229778
ABplappppa:217,ABplappppa,217,36606,11606,4210,4204,10832,25.2,703,399,31,171487
ABplappppa:218,ABplappppa,218,36530,11530,4206,4201,10475,25.2,705,399,34,230458
ABplappppa:219,ABplappppa,219,35428,10428,2993,3051,9720,25.1,697,403,34,222300
ABplappppa:220,ABplappppa,220,37748,12748,6172,6197,12154,26.1,698,406,34,247054
ABplappppa:221,ABplappppa,221,37119,12119,4691,4706,11012,25.0,698,410,34,252174
ABplappppa:222,ABplappppa,222,38320,13320,5807,5965,10615,24.2,695,418,34,237992
ABplappppa:223,ABplappppa,223,35756,10756,4014,4103,9820,25.1,700,407,34,252010
ABplappppa:224,ABplappppa,224,37235,12235,4849,4888,11295,25.1,694,414,34,261702
ABplappppa:225,ABplappppa,225,37414,12414,4738,5004,10286,25.0,694,417,34,257739
ABplappppa:226,ABplappppa,226,36598,11598,3623,3662,9298,25.1,694,418,34,246874
ABplappppa:227,ABplappppa,227,37328,12328,4867,5105,9492,25.1,692,415,34,256386
ABplappppa:228,ABplappppa,228,37224,12224,4591,4908,9019,25.0,691,419,34,267214
ABplappppa:229,ABplappppa,229,36227,11227,2756,2944,9329,25.2,690,419,31,202375
ABplappppa:230,ABplappppa,230,38173,13173,5365,5637,9710,25.0,690,421,34,287203
ABplappppa:231,ABplappppa,231,36753,11753,4087,4193,8210,25.1,691,421,34,282928
ABplappppa:232,ABplappppa,232,38503,13503,5359,5836,9255,24.1,687,422,34,279456
ABplappppa:233,ABplappppa,233,36831,11831,3335,3729,8154,24.0,681,427,34,266957
ABplappppa:234,ABplappppa,234,35286,10286,2121,2682,6006,24.1,681,431,34,288628
ABplappppa:235,ABplappppa,235,36801,11801,2998,3590,6532,24.0,674,426,34,276261
ABplappppa:236,ABplappppa,236,37539,12539,4394,4634,9781,25.1,672,428,34,277821
ABplappppa:237,ABplappppa,237,37848,12848,4534,5012,8262,25.1,672,428,34,277821
ABplappppa:238,ABplappppa,238,37835,12835,4434,4480,10397,24.2,670,433,34,285672
ABplappppa:239,ABplappppa,239,38341,13341,4629,5609,9144,25.0,671,427,34,293776
ABplappppa:240,ABplappppa,240,37027,12027,3781,4552,8303,24.2,667,433,34,269573
ABplappppa:241,ABplappppa,241,40231,15231,5619,6539,10202,25.0,674,422,31,232544
ABplappppa:242,ABplappppa,242,37202,12202,3836,4425,8976,25.1,671,425,34,278704
ABplappppa:243,ABplappppa,243,37734,12734,4725,5059,10102,25.1,669,426,34,280035
ABplappppa:244,ABplappppa,244,37854,12854,5909,6359,10927,25.0,667,432,34,270120
ABplappppa:245,ABplappppa,245,39823,14823,5601,5873,11729,24.1,669,431,31,228853
ABplappppa:246,ABplappppa,246,38926,13926,5307,5796,10283,24.0,670,434,34,293696
ABplappppa:247,ABplappppa,247,37830,12830,4879,5364,9394,24.0,670,435,34,283980
ABplappppa:248,ABplappppa,248,41351,16351,7556,7871,13318,24.0,661,436,31,220171
ABplappppa:249,ABplappppa,249,36198,11198,2773,2890,8456,23.1,669,438,34,267716
ABplappppa:250,ABplappppa,250,38057,13057,3699,4230,9404,24.2,661,430,31,213929
ABplappppp:177,ABplappppp,177,31326,6326,823,862,5800,26.2,708,354,33,144462
ABplappppp:178,ABplappppp,178,32364,7364,1840,1954,6737,26.9,708,348,31,140771
ABplappppp:179,ABplappppp,179,32474,7474,2095,2038,6679,26.2,714,350,34,167751
ABplappppp:180,ABplappppp,180,31711,6711,1338,1306,5946,26.2,708,333,34,129370
ABplappppp:181,ABplappppp,181,31443,6443,841,835,6210,26.2,716,337,34,142927
ABplappppp:182,ABplappppp,182,32111,7111,1332,1329,6796,26.2,716,332,34,146440
ABplappppp:183,ABplappppp,183,32048,7048,1587,1518,6783,26.1,724,335,34,155063
ABplappppp:184,ABplappppp,184,31687,6687,1422,1417,6538,26.2,724,340,34,159722
ABplappppp:185,ABplappppp,185,31695,6695,1052,1097,6431,26.2,730,332,34,157295
ABplappppp:186,ABplappppp,186,31390,6390,1222,1226,6313,27.1,728,332,34,138880
ABplappppp:187,ABplappppp,187,33339,8339,2590,2588,8103,27.2,719,324,31,105887
ABplappppp:188,ABplappppp,188,32293,7293,1735,1735,7161,27.1,715,332,32,112952
ABplappppp:189,ABplappppp,189,32849,7849,1969,1969,7620,28.0,705,330,30,104652
ABplappppp:190,ABplappppp,190,33459,8459,2397,2397,8193,29.0,701,335,31,120440
ABplappppp:191,ABplappppp,191,33743,8743,2867,2858,8349,27.3,707,330,34,133177
ABplappppp:192,ABplappppp,192,32404,7404,1583,1572,7117,27.2,703,337,34,144007
ABplappppp:193,ABplappppp,193,33495,8495,2838,2848,8261,28.0,701,341,34,167287
ABplappppp:194,ABplappppp,194,33060,8060,1883,1883,7925,28.1,704,344,34,159921
ABplappppp:195,ABplappppp,195,34151,9151,2872,2872,8975,28.1,707,340,31,122275
ABplappppp:196,ABplappppp,196,34127,9127,3435,3418,8892,28.0,707,332,34,153159
ABplappppp:197,ABplappppp,197,33801,8801,2919,2904,8613,28.1,710,335,34,158036
ABplappppp:198,ABplappppp,198,33725,8725,2641,2624,8529,28.2,712,335,34,159584
ABplappppp:199,ABplappppp,199,33450,8450,2567,2565,8109,28.2,707,326,34,155419
ABplappppp:200,ABplappppp,200,36322,11322,5350,5352,11103,29.1,705,327,34,171759
ABplappppp:201,ABplappppp,201,32568,7568,1130,1130,7405,28.2,705,333,31,134122
ABplappppp:202,ABplappppp,202,35116,10116,3905,3902,9937,28.2,711,333,34,162055
ABplappppp:203,ABplappppp,203,34067,9067,2694,2695,8905,28.1,708,334,34,173769
ABplappppp:204,ABplappppp,204,34262,9262,2757,2757,9109,28.3,708,336,34,169298
ABplappppp:205,ABplappppp,205,35325,10325,3773,3759,10169,29.0,701,334,34,193909
ABplappppp:206,ABplappppp,206,35978,10978,4322,4323,10739,29.0,703,335,34,193886
ABplappppp:207,ABplappppp,207,35238,10238,3423,3421,9833,28.2,707,335,34,173066
ABplappppp:208,ABplappppp,208,34853,9853,3001,3001,9701,28.2,706,337,34,181502
ABplappppp:209,ABplappppp,209,35694,10694,4277,4277,10537,28.1,713,341,34,182409
ABplappppp:210,ABplappppp,210,33947,8947,2811,2805,8736,28.3,707,339,34,172563
ABplappppp:211,ABplappppp,211,35217,10217,3630,3630,10079,28.1,707,341,34,172426
ABplappppp:212,ABplappppp,212,34519,9519,2543,2543,9353,28.0,714,345,34,186861
ABplappppp:213,ABplappppp,213,35992,10992,4162,4158,10823,28.2,708,342,34,183205
ABplappppp:214,ABplappppp,214,34823,9823,3586,3582,9624,27.3,716,341,34,182560
ABplappppp:215,ABplappppp,215,34937,9937,3122,3122,9649,27.2,720,348,34,186591
ABplappppp:216,ABplappppp,216,36064,11064,4552,4552,10590,28.0,713,344,34,201919
ABplappppp:217,ABplappppp,217,36704,11704,4623,4623,11533,28.0,716,346,31,156175
ABplappppp:218,ABplappppp,218,36517,11517,4813,4813,11077,27.1,718,343,34,203466
ABplappppp:219,ABplappppp,219,36913,11913,5178,5169,11516,27.2,720,347,34,202540
ABplappppp:220,ABplappppp,220,36113,11113,4648,4650,10673,27.1,722,345,34,210929
ABplappppp:221,ABplappppp,221,36197,11197,4460,4460,10441,27.1,722,355,34,215911
ABplappppp:222,ABplappppp,222,39086,14086,6859,6864,12615,26.1,723,360,34,216622
ABplappppp:223,ABplappppp,223,34538,9538,2664,3475,2612,23.8,729,365,34,235517
ABplappppp:224,ABplappppp,224,35006,10006,2775,3622,2058,23.8,729,365,34,235517
ABplappppp:225,ABplappppp,225,34528,9528,3215,3231,6322,22.1,731,371,34,295504
ABplappppp:226,ABplappppp,226,35485,10485,3397,4635,-2297,24.1,726,367,34,295504
ABplappppp:227,ABplappppp,227,36959,11959,4319,4653,-2560,26.0,721,362,34,232625
ABplappppp:228,ABplappppp,228,37991,12991,5367,5793,4891,26.0,720,367,34,241782
ABplappppp:229,ABplappppp,229,39475,14475,6490,6907,11165,27.0,718,362,31,180302
ABplappppp:230,ABplappppp,230,37424,12424,5083,5565,1420,26.1,718,366,34,238125
ABplappppp:231,ABplappppp,231,36547,11547,4413,4809,4627,26.0,722,362,34,230656
ABplappppp:232,ABplappppp,232,38376,13376,6516,6541,9582,27.0,718,365,34,224469
ABplappppp:233,ABplappppp,233,37990,12990,5183,5563,7159,26.1,717,366,34,230223
ABplappppp:234,ABplappppp,234,35091,10091,2958,3653,3159,23.9,720,376,34,247472
ABplp:20,ABplp,20,29657,4657,-414,-437,4657,16.0,387,416,92,0
ABplp:21,ABplp,21,29580,4580,-371,-377,4580,16.0,399,419,92,0
ABplp:22,ABplp,22,29638,4638,-342,-343,4638,16.0,411,423,92,0
ABplp:23,ABplp,23,29641,4641,-313,-313,4641,16.0,424,426,92,0
ABplp:24,ABplp,24,29575,4575,-288,-288,4575,16.0,436,430,92,0
ABplp:25,ABplp,25,29507,4507,-404,-404,4507,16.0,449,434,92,0
ABplp:26,ABplp,26,29502,4502,-368,-368,4502,16.3,462,434,92,0
ABplp:27,ABplp,27,29615,4615,-247,-247,4615,16.7,475,434,92,0
ABplp:28,ABplp,28,29333,4333,-493,-493,4333,17.0,488,434,92,0
ABplp:29,ABplp,29,29495,4495,-324,-324,4495,17.0,479,437,91,0
ABplp:30,ABplp,30,29458,4458,-360,-360,4458,17.0,469,441,90,0
ABplp:31,ABplp,31,29400,4400,-334,-334,4400,17.0,460,445,89,0
ABplp:32,ABplp,32,29465,4465,-234,-234,4465,17.0,450,449,88,0
ABplp:33,ABplp,33,29369,4369,-362,-362,4369,17.0,450,441,88,0
ABplp:34,ABplp,34,29210,4210,-588,-590,4210,17.0,449,433,88,0
ABplp:35,ABplp,35,29407,4407,-390,-389,4407,17.0,448,425,88,0
ABplpa:36,ABplpa,36,29647,4647,-183,-200,4647,20.0,427,423,86,0
ABplpa:37,ABplpa,37,29427,4427,-209,-224,4427,23.0,406,421,84,0
ABplpp:36,ABplpp,36,29619,4619,-154,-154,4619,18.0,490,425,86,0
ABplpp:37,ABplpp,37,29664,4664,-113,-115,4664,19.0,532,426,84,0
ABplpp:38,ABplpp,38,29580,4580,-212,-213,4580,19.1,533,428,84,0
ABplpp:39,ABplpp,39,29596,4596,-181,-181,4596,19.3,534,430,83,0
ABplpp:40,ABplpp,40,29556,4556,-292,-292,4556,19.4,535,432,83,0
ABplpp:41,ABplpp,41,29541,4541,-235,-235,4541,19.5,536,434,82,0
ABplpp:42,ABplpp,42,29613,4613,-209,-209,4613,19.6,537,436,82,0
ABplpp:43,ABplpp,43,29594,4594,-197,-197,4594,19.8,538,438,81,0
ABplpp:44,ABplpp,44,29508,4508,-294,-294,4508,19.9,539,440,81,0
ABplpp:45,ABplpp,45,29498,4498,-317,-317,4498,20.0,541,443,80,0
ABplpp:46,ABplpp,46,29754,4754,29,29,4754,19.8,541,442,80,0
ABplpp:47,ABplpp,47,29602,4602,-180,-180,4602,19.6,541,441,80,0
ABplpp:48,ABplpp,48,29514,4514,-313,-313,4514,19.4,541,440,80,0
ABplpp:49,ABplpp,49,29500,4500,-253,-253,4500,19.1,541,439,80,0
ABplpp:50,ABplpp,50,29760,4760,-20,-21,4760,18.9,540,437,80,0
ABplpp:51,ABplpp,51,29604,4604,-148,-147,4604,18.7,540,436,80,0
ABplpp:52,ABplpp,52,29633,4633,-130,-130,4633,18.5,540,435,80,0
ABplpp:53,ABplpp,53,29513,4513,-251,-254,4513,18.3,540,434,80,0
ABplpp:54,ABplpp,54,29505,4505,-258,-260,4505,18.1,540,433,80,0
ABplpp:55,ABplpp,55,29465,4465,-203,-215,4465,17.9,539,431,80,0
ABplpp:56,ABplpp,56,29293,4293,-426,-421,4293,17.6,539,430,80,0
ABplpp:57,ABplpp,57,29385,4385,-353,-354,4385,17.4,539,429,80,0
ABplpp:58,ABplpp,58,29419,4419,-222,-222,4419,17.2,539,428,80,0
ABplpp:59,ABplpp,59,29389,4389,-376,-376,4389,17.0,538,426,80,0
ABplppa:60,ABplppa,60,29248,4248,-523,-528,4247,14.0,515,440,68,0
ABplppa:61,ABplppa,61,29705,4705,69,80,4705,14.0,515,442,67,0
ABplppa:62,ABplppa,62,29627,4627,-30,-20,4627,14.0,514,444,66,0
ABplppa:63,ABplppa,63,29407,4407,-304,-304,4407,14.0,513,447,64,0
ABplppa:64,ABplppa,64,29595,4595,-52,-52,4595,14.0,512,447,64,0
ABplppa:65,ABplppa,65,29634,4634,39,39,4634,14.0,511,447,64,0
ABplppa:66,ABplppa,66,29158,4158,-511,-514,4158,14.0,510,447,64,0
ABplppa:67,ABplppa,67,29186,4186,-508,-512,4186,14.0,509,447,64,0
ABplppa:68,ABplppa,68,29535,4535,-190,-193,4535,14.0,508,447,64,0
ABplppa:69,ABplppa,69,29729,4729,1,1,4729,14.0,507,447,64,0
ABplppa:70,ABplppa,70,29643,4643,-138,-137,4643,14.0,506,446,64,0
ABplppa:71,ABplppa,71,29523,4523,-144,-142,4523,14.0,505,446,64,0
ABplppa:72,ABplppa,72,29546,4546,-193,-193,4546,14.0,504,446,64,0
ABplppa:73,ABplppa,73,29579,4579,-135,-133,4579,14.0,503,446,64,0
ABplppa:74,ABplppa,74,29539,4539,-176,-171,4539,14.0,502,446,64,0
ABplppa:75,ABplppa,75,29542,4542,-148,-148,4542,14.0,501,446,64,0
ABplppa:76,ABplppa,76,29757,4757,-19,-16,4757,14.0,499,445,64,0
ABplppa:77,ABplppa,77,29537,4537,-283,-282,4537,14.0,498,445,64,0
ABplppa:78,ABplppa,78,29419,4419,-347,-347,4419,14.0,497,445,64,0
ABplppa:79,ABplppa,79,29690,4690,-107,-107,4690,14.0,496,445,64,0
ABplppa:80,ABplppa,80,29681,4681,-50,-50,4681,14.0,495,445,64,0
ABplppa:81,ABplppa,81,29760,4760,74,74,4760,14.0,494,445,64,0
ABplppa:82,ABplppa,82,29643,4643,11,11,4643,14.0,493,444,64,0
ABplppa:83,ABplppa,83,29722,4722,-7,-7,4722,14.0,492,444,64,0
ABplppa:84,ABplppa,84,29605,4605,-18,-18,4605,14.0,491,444,64,0
ABplppa:85,ABplppa,85,29484,4484,-97,-97,4484,14.0,490,444,64,0
ABplppa:86,ABplppa,86,29381,4381,-237,-236,4381,14.0,489,444,64,0
ABplppa:87,ABplppa,87,29619,4619,5,16,4619,14.0,488,444,64,0
ABplppa:88,ABplppa,88,29348,4348,-274,-287,4348,14.0,486,443,64,0
ABplppaa:89,ABplppaa,89,29564,4564,-40,-2,4289,13.5,471,449,61,0
ABplppaa:90,ABplppaa,90,29713,4713,100,90,4713,13.0,455,455,58,0
ABplppaa:91,ABplppaa,91,29753,4753,283,312,4753,12.9,450,456,58,0
ABplppaa:92,ABplppaa,92,29658,4658,89,106,4657,12.8,444,457,58,0
ABplppaa:93,ABplppaa,93,29555,4555,18,0,4545,12.7,438,458,58,0
ABplppaa:94,ABplppaa,94,29981,4981,477,505,4961,12.6,433,459,58,0
ABplppaa:95,ABplppaa,95,29993,4993,551,571,4921,12.5,427,460,58,0
ABplppaa:96,ABplppaa,96,29962,4962,469,571,4837,12.5,421,461,58,0
ABplppaa:97,ABplppaa,97,29217,4217,-449,-459,4215,12.4,415,462,58,0
ABplppaa:98,ABplppaa,98,29561,4561,-91,-72,4559,12.3,410,463,58,0
ABplppaa:99,ABplppaa,99,29574,4574,-31,-7,4572,12.2,404,464,58,0
ABplppaa:100,ABplppaa,100,29197,4197,-355,-268,4181,12.1,398,465,58,0
ABplppaa:101,ABplppaa,101,29314,4314,-218,-96,4247,12.0,392,466,58,0
ABplppaa:102,ABplppaa,102,29358,4358,-341,-196,4229,12.6,390,466,58,0
ABplppaa:103,ABplppaa,103,29483,4483,-228,-132,4341,13.2,388,466,58,0
ABplppaa:104,ABplppaa,104,29336,4336,-403,-247,4022,13.8,386,465,58,0
ABplppaa:105,ABplppaa,105,29618,4618,-240,-84,4303,14.3,384,465,58,0
ABplppaa:106,ABplppaa,106,29540,4540,-371,-233,4261,14.9,382,465,58,0
ABplppaa:107,ABplppaa,107,29206,4206,-648,-605,4042,15.5,379,464,58,0
ABplppaa:108,ABplppaa,108,29353,4353,-440,-385,4339,16.1,377,464,58,0
ABplppaa:109,ABplppaa,109,29432,4432,-393,-340,4389,16.7,375,464,58,0
ABplppaa:110,ABplppaa,110,29598,4598,-330,-321,4582,17.3,373,463,58,0
ABplppaa:111,ABplppaa,111,29577,4577,-307,-315,4566,17.8,371,463,58,0
ABplppaa:112,ABplppaa,112,29455,4455,-436,-438,4454,18.4,369,463,58,0
ABplppaa:113,ABplppaa,113,29601,4601,-360,-357,4601,19.0,366,462,58,0
ABplppaa:114,ABplppaa,114,30303,5303,221,283,5302,19.3,369,461,56,0
ABplppaa:115,ABplppaa,115,29846,4846,62,134,4803,19.6,373,459,54,0
ABplppaa:116,ABplppaa,116,29823,4823,-54,-57,4796,20.0,377,457,51,0
ABplppaa:117,ABplppaa,117,29509,4509,-482,-463,4509,20.3,380,455,49,0
ABplppaa:118,ABplppaa,118,29505,4505,-332,-332,4505,20.6,384,454,47,0
ABplppaa:119,ABplppaa,119,29398,4398,-219,-219,3959,20.9,388,452,44,0
ABplppaa:120,ABplppaa,120,29508,4508,-77,-77,4045,21.3,391,450,42,0
ABplppaa:121,ABplppaa,121,29606,4606,-38,-38,4490,21.6,395,448,40,0
ABplppaa:122,ABplppaa,122,28842,3842,-538,-538,3765,21.9,399,446,37,129504
ABplppaa:123,ABplppaa,123,29076,4076,-285,-285,4076,22.0,406,435,36,132656
ABplppaa:124,ABplppaa,124,29584,4584,29,29,4584,22.0,409,438,39,152914
ABplppaa:125,ABplppaa,125,29075,4075,-495,-495,4010,21.1,417,438,38,164031
ABplppaa:126,ABplppaa,126,29696,4696,143,143,4493,21.0,418,445,37,142155
ABplppaa:127,ABplppaa,127,29383,4383,-349,-349,4328,21.0,415,444,37,156203
ABplppaaa:128,ABplppaaa,128,30016,5016,283,265,4736,21.1,376,465,33,108065
ABplppaaa:129,ABplppaaa,129,29479,4479,-324,-328,4338,21.0,378,460,34,114806
ABplppaaa:130,ABplppaaa,130,29253,4253,-429,-429,4117,21.0,375,455,33,98325
ABplppaaa:131,ABplppaaa,131,28738,3738,-1163,-1163,3645,21.9,382,455,34,105437
ABplppaaa:132,ABplppaaa,132,29226,4226,-239,-249,4034,22.0,383,456,34,116171
ABplppaaa:133,ABplppaaa,133,29518,4518,-32,-46,4392,22.0,386,462,37,141667
ABplppaaa:134,ABplppaaa,134,29268,4268,-198,-195,4206,22.0,382,459,37,136083
ABplppaaa:135,ABplppaaa,135,29189,4189,-375,-375,4109,21.9,388,461,38,150967
ABplppaaa:136,ABplppaaa,136,29519,4519,-27,22,4279,22.1,381,457,39,146060
ABplppaaa:137,ABplppaaa,137,29165,4165,-616,-587,4075,23.0,382,455,40,165244
ABplppaaa:138,ABplppaaa,138,29250,4250,-306,-281,4093,23.0,381,455,40,178078
ABplppaaa:139,ABplppaaa,139,29816,4816,196,170,4601,23.0,384,447,40,168423
ABplppaaa:140,ABplppaaa,140,29253,4253,-567,-539,3696,26.1,371,421,29,62573
ABplppaaa:141,ABplppaaa,141,29560,4560,430,441,4159,26.1,371,421,29,62573
ABplppaaa:142,ABplppaaa,142,29563,4563,-157,-219,4007,26.9,381,419,44,209078
ABplppaaa:143,ABplppaaa,143,29333,4333,37,37,4160,26.0,384,417,30,79765
ABplppaaa:144,ABplppaaa,144,29584,4584,-207,-207,4436,27.0,382,423,30,89963
ABplppaaa:145,ABplppaaa,145,30031,5031,214,225,4991,27.0,389,416,46,254511
ABplppaaa:146,ABplppaaa,146,30015,5015,423,415,4904,27.1,386,418,30,84465
ABplppaaa:147,ABplppaaa,147,29389,4389,-93,-130,4325,27.0,386,412,34,112235
ABplppaaa:148,ABplppaaa,148,29520,4520,-297,-261,4384,27.9,390,406,30,86666
ABplppaaa:149,ABplppaaa,149,29749,4749,97,83,4665,28.0,387,396,33,94127
ABplppaaa:150,ABplppaaa,150,29774,4774,171,155,4163,29.0,385,402,47,257249
ABplppaaa:151,ABplppaaa,151,29234,4234,-364,-409,3912,28.0,390,410,47,271163
ABplppaaa:152,ABplppaaa,152,29042,4042,-710,-703,3945,29.0,389,407,47,281143
ABplppaaa:153,ABplppaaa,153,29620,4620,-80,-26,4587,29.0,387,405,47,278472
ABplppaaa:154,ABplppaaa,154,29317,4317,-327,-335,4211,28.9,380,402,48,330015
ABplppaaa:155,ABplppaaa,155,29407,4407,-250,-214,4281,28.0,379,409,50,385766
ABplppaaa:156,ABplppaaa,156,29596,4596,-270,-277,4517,27.9,386,413,48,310473
ABplppaaa:157,ABplppaaa,157,29186,4186,-504,-486,3821,27.1,390,417,47,265660
ABplppaaa:158,ABplppaaa,158,29828,4828,239,233,4706,28.0,396,413,46,266671
ABplppaaa:159,ABplppaaa,159,29374,4374,-100,-138,4203,28.0,397,412,45,220554
ABplppaaa:160,ABplppaaa,160,29802,4802,186,162,4727,28.0,400,405,45,228869
ABplppaaa:161,ABplppaaa,161,29482,4482,-320,-355,4261,28.0,423,408,45,222265
ABplppaaa:162,ABplppaaa,162,29553,4553,155,137,4499,28.0,422,403,38,182272
ABplppaaa:163,ABplppaaa,163,29778,4778,1,-2,4725,28.0,428,394,40,182474
ABplppaaa:164,ABplppaaa,164,30084,5084,206,206,5063,29.0,431,391,39,182845
ABplppaaaa:165,ABplppaaaa,165,28999,3999,-624,-647,3664,28.9,393,392,27,56856
ABplppaaaa:166,ABplppaaaa,166,29617,4617,-123,-139,4070,29.1,402,387,29,68668
ABplppaaaa:167,ABplppaaaa,167,30457,5457,1176,1187,5328,27.0,391,397,37,169153
ABplppaaaa:168,ABplppaaaa,168,30085,5085,140,152,4944,26.0,397,397,29,75517
ABplppaaaa:169,ABplppaaaa,169,29162,4162,-494,-492,4070,27.0,400,399,35,137115
ABplppaaaa:170,ABplppaaaa,170,29872,4872,302,301,4799,27.0,403,402,36,168205
ABplppaaaa:171,ABplppaaaa,171,29090,4090,-696,-714,3956,27.0,409,388,33,123814
ABplppaaaa:172,ABplppaaaa,172,29614,4614,-210,-235,4392,27.1,413,385,34,135184
ABplppaaaa:173,ABplppaaaa,173,28970,3970,-548,-548,3775,27.1,407,380,32,122400
ABplppaaaa:174,ABplppaaaa,174,29218,4218,-259,-259,3850,27.0,433,399,32,124118
ABplppaaaa:175,ABplppaaaa,175,29895,4895,289,276,4579,27.0,425,403,32,139736
ABplppaaaa:176,ABplppaaaa,176,29565,4565,-114,-135,3961,26.2,425,408,33,127512
ABplppaaaa:177,ABplppaaaa,177,29962,4962,578,615,4447,27.0,421,411,35,155716
ABplppaaaa:178,ABplppaaaa,178,29424,4424,-382,-392,3672,26.2,419,416,35,156236
ABplppaaaa:179,ABplppaaaa,179,29384,4384,54,60,3236,26.1,418,430,34,165571
ABplppaaaa:180,ABplppaaaa,180,29431,4431,-569,-662,3074,26.1,418,430,34,165571
ABplppaaaa:181,ABplppaaaa,181,30199,5199,861,848,3938,27.1,420,423,34,166357
ABplppaaaa:182,ABplppaaaa,182,29882,4882,-1,5,3957,27.1,424,425,34,173968
ABplppaaaa:183,ABplppaaaa,183,29407,4407,-7,-4,3350,27.0,426,431,34,170888
ABplppaaaa:184,ABplppaaaa,184,29464,4464,-161,-165,3715,27.1,428,428,34,166646
ABplppaaaa:185,ABplppaaaa,185,29126,4126,-471,-434,2520,26.0,434,433,34,165486
ABplppaaaa:186,ABplppaaaa,186,30467,5467,965,959,4751,27.0,432,428,30,101215
ABplppaaaa:187,ABplppaaaa,187,30134,5134,375,375,4842,27.0,442,423,31,95670
ABplppaaaa:188,ABplppaaaa,188,29648,4648,6,18,3694,26.1,444,427,32,109906
ABplppaaaa:189,ABplppaaaa,189,29416,4416,19,27,3829,27.1,440,419,32,111135
ABplppaaaa:190,ABplppaaaa,190,29916,4916,-177,-182,4277,27.1,442,413,31,93418
ABplppaaaa:191,ABplppaaaa,191,30150,5150,697,699,4907,28.0,447,420,32,110552
ABplppaaaa:192,ABplppaaaa,192,29179,4179,-586,-628,3848,27.1,449,417,32,109137
ABplppaaaa:193,ABplppaaaa,193,29324,4324,-581,-609,3802,26.1,448,428,32,110698
ABplppaaaa:194,ABplppaaaa,194,29791,4791,50,46,4581,28.9,452,421,30,111986
ABplppaaaa:195,ABplppaaaa,195,29904,4904,268,308,4554,28.2,454,416,31,109477
ABplppaaaa:196,ABplppaaaa,196,29562,4562,82,62,4178,27.1,455,424,34,140948
ABplppaaaa:197,ABplppaaaa,197,29843,4843,315,327,4259,27.1,455,423,34,130919
ABplppaaaa:198,ABplppaaaa,198,30045,5045,57,40,4847,28.0,458,421,34,145570
ABplppaaaa:199,ABplppaaaa,199,29874,4874,177,103,4572,28.0,456,418,34,157379
ABplppaaaa:200,ABplppaaaa,200,29687,4687,24,-25,4388,27.2,454,419,32,120696
ABplppaaaa:201,ABplppaaaa,201,29581,4581,-80,-112,4189,28.0,456,421,31,120823
ABplppaaaa:202,ABplppaaaa,202,29724,4724,-311,-325,4431,29.0,458,410,34,154645
ABplppaaaa:203,ABplppaaaa,203,29408,4408,-365,-374,4028,28.1,451,412,34,150703
ABplppaaaa:204,ABplppaaaa,204,29986,4986,156,119,4583,28.2,454,409,34,149459
ABplppaaaa:205,ABplppaaaa,205,29553,4553,-683,-758,4178,29.1,458,406,34,160686
ABplppaaaa:206,ABplppaaaa,206,29657,4657,-281,-264,4414,28.1,448,418,34,156642
ABplppaaaa:207,ABplppaaaa,207,30266,5266,534,536,4932,28.1,457,419,34,159871
ABplppaaaa:208,ABplppaaaa,208,30296,5296,713,736,5095,29.0,457,414,34,162147
ABplppaaaa:209,ABplppaaaa,209,29646,4646,-320,-335,4434,28.0,460,418,34,153074
ABplppaaaa:210,ABplppaaaa,210,30039,5039,112,95,4821,27.1,460,420,34,165804
ABplppaaaa:211,ABplppaaaa,211,29042,4042,-737,-714,3667,27.1,449,421,34,155742
ABplppaaaa:212,ABplppaaaa,212,30081,5081,416,381,4720,26.1,448,421,34,153042
ABplppaaaa:213,ABplppaaaa,213,29456,4456,-323,-351,4120,27.2,453,419,34,165652
ABplppaaaa:214,ABplppaaaa,214,30216,5216,317,356,4937,27.0,449,421,34,164086
ABplppaaaa:215,ABplppaaaa,215,30040,5040,318,398,4706,27.1,452,419,34,167447
ABplppaaaa:216,ABplppaaaa,216,30087,5087,494,431,4803,27.1,453,419,34,171197
ABplppaaaa:217,ABplppaaaa,217,30254,5254,657,697,4881,27.0,455,423,31,136688
ABplppaaaa:218,ABplppaaaa,218,29636,4636,-89,-129,4300,26.1,456,429,34,185830
ABplppaaaa:219,ABplppaaaa,219,29295,4295,-466,-459,3791,26.1,452,427,34,186321
ABplppaaaa:220,ABplppaaaa,220,29451,4451,-344,-398,3302,25.2,448,434,34,198113
ABplppaaaa:221,ABplppaaaa,221,29422,4422,-149,-127,4111,26.1,451,431,34,192506
ABplppaaaa:222,ABplppaaaa,222,29362,4362,-372,-382,3879,26.1,454,424,34,186847
ABplppaaaa:223,ABplppaaaa,223,29860,4860,358,328,4467,26.1,455,420,34,194331
ABplppaaaa:224,ABplppaaaa,224,29584,4584,-169,-159,3846,26.1,458,419,34,206679
ABplppaaaa:225,ABplppaaaa,225,29411,4411,-303,-375,3426,25.1,459,424,34,187401
ABplppaaaa:226,ABplppaaaa,226,29671,4671,-32,-54,3424,25.1,458,420,34,185363
ABplppaaaa:227,ABplppaaaa,227,29184,4184,-486,-493,3249,25.1,458,418,34,182155
ABplppaaaa:228,ABplppaaaa,228,29583,4583,-236,-273,4080,25.0,458,421,34,186112
ABplppaaaa:229,ABplppaaaa,229,29805,4805,-311,-330,4069,25.1,459,423,31,158932
ABplppaaaa:230,ABplppaaaa,230,29222,4222,-428,-468,3669,25.1,457,425,34,196206
ABplppaaaa:231,ABplppaaaa,231,29412,4412,-317,-295,4084,24.1,448,421,34,207639
ABplppaaaa:232,ABplppaaaa,232,29676,4676,61,48,4033,24.0,439,420,34,203002
ABplppaaaa:233,ABplppaaaa,233,29546,4546,-8,-58,3711,24.0,443,414,34,215443
ABplppaaaa:234,ABplppaaaa,234,29039,4039,-543,-414,2893,24.1,441,416,34,218486
ABplppaaaa:235,ABplppaaaa,235,29848,4848,248,223,2827,24.0,447,408,34,228441
ABplppaaaa:236,ABplppaaaa,236,28999,3999,-822,-739,2720,23.2,443,409,34,215112
ABplppaaaa:237,ABplppaaaa,237,29227,4227,-442,-493,2144,23.1,444,411,34,236393
ABplppaaaa:238,ABplppaaaa,238,29259,4259,-231,-307,2922,22.2,436,418,34,213984
ABplppaaaa:239,ABplppaaaa,239,29720,4720,-108,4,3199,23.1,434,414,34,232925
ABplppaaaa:240,ABplppaaaa,240,28871,3871,-743,-632,2362,22.1,439,415,34,219926
ABplppaaaa:241,ABplppaaaa,241,29434,4434,158,77,3104,22.2,439,423,31,179097
ABplppaaaa:242,ABplppaaaa,242,29389,4389,-273,-354,3092,22.2,438,425,34,225874
ABplppaaaa:243,ABplppaaaa,243,29258,4258,-442,-470,2996,22.0,441,428,34,238662
ABplppaaaa:244,ABplppaaaa,244,30061,5061,359,278,3601,22.1,439,426,34,235332
ABplppaaaa:245,ABplppaaaa,245,29182,4182,-483,-404,2147,22.1,442,429,31,192027
ABplppaaaa:246,ABplppaaaa,246,29195,4195,-433,-496,2314,21.3,435,431,34,218643
ABplppaaaa:247,ABplppaaaa,247,30368,5368,574,656,4199,21.3,435,431,34,218643
ABplppaaaa:248,ABplppaaaa,248,30151,5151,780,764,4265,22.0,433,431,31,210190
ABplppaaaa:249,ABplppaaaa,249,29426,4426,33,94,2684,22.1,434,429,34,263745
ABplppaaaa:250,ABplppaaaa,250,29468,4468,-316,-317,3460,21.2,425,430,31,207909
ABplppaaap:165,ABplppaaap,165,29605,4605,-127,-128,4476,29.1,433,389,39,182845
ABplppaaap:166,ABplppaaap,166,30002,5002,247,263,4557,29.1,435,387,38,182845
ABplppaaap:167,ABplppaaap,167,29527,4527,-130,-157,4307,29.2,437,385,38,182845
ABplppaaap:168,ABplppaaap,168,29921,4921,307,307,4741,29.3,439,383,37,182845
ABplppaaap:169,ABplppaaap,169,29891,4891,207,226,4628,29.4,442,381,36,182845
ABplppaaap:170,ABplppaaap,170,29024,4024,-413,-417,3875,29.4,444,379,36,182845
ABplppaaap:171,ABplppaaap,171,29326,4326,-294,-305,4213,29.5,446,377,35,182845
ABplppaaap:172,ABplppaaap,172,29686,4686,-590,-571,4489,29.6,448,374,35,182845
ABplppaaap:173,ABplppaaap,173,29403,4403,-414,-415,4339,29.7,450,372,34,182845
ABplppaaap:174,ABplppaaap,174,29974,4974,353,364,4757,29.7,453,370,33,182845
ABplppaaap:175,ABplppaaap,175,29233,4233,-392,-392,4166,29.8,455,368,33,182845
ABplppaaap:176,ABplppaaap,176,30222,5222,226,257,5113,29.9,457,366,32,182845
ABplppaaap:177,ABplppaaap,177,29933,4933,303,314,4882,30.0,459,364,32,182845
ABplppaaap:178,ABplppaaap,178,29610,4610,-208,-206,4540,30.0,461,362,31,182845
ABplppaaap:179,ABplppaaap,179,30097,5097,510,509,5011,30.1,464,359,30,93278
ABplppaaap:180,ABplppaaap,180,29695,4695,-698,-686,4605,30.0,466,362,34,122939
ABplppaaap:181,ABplppaaap,181,29673,4673,-261,-270,4552,29.9,472,354,30,94386
ABplppaaap:182,ABplppaaap,182,29072,4072,-425,-425,4015,30.1,466,357,30,98471
ABplppaaap:183,ABplppaaap,183,29575,4575,65,65,4549,30.0,462,354,29,76411
ABplppaaap:184,ABplppaaap,184,29877,4877,-316,-313,4777,29.1,472,356,34,130833
ABplppaaap:185,ABplppaaap,185,29851,4851,-196,-200,4694,29.0,472,356,34,150401
ABplppaaap:186,ABplppaaap,186,30098,5098,22,27,4900,30.0,472,360,30,91117
ABplppaaap:187,ABplppaaap,187,29752,4752,-350,-354,4473,30.0,472,360,29,91117
ABplppaaap:188,ABplppaaap,188,30159,5159,-147,-147,4914,30.1,471,360,28,91117
ABplppaaap:189,ABplppaaap,189,29343,4343,-180,-180,4102,30.1,470,359,27,55803
ABplppaaap:190,ABplppaaap,190,29993,4993,285,279,4717,30.0,471,363,29,78222
ABplppaaap:191,ABplppaaap,191,29984,4984,-142,-151,4644,30.0,471,362,30,94863
ABplppaaap:192,ABplppaaap,192,30572,5572,1195,1195,5391,30.0,466,370,30,96484
ABplppaaap:193,ABplppaaap,193,30202,5202,-148,-50,4649,29.1,472,365,29,72401
ABplppaaap:194,ABplppaaap,194,29481,4481,-557,-557,4345,30.0,472,358,30,102021
ABplppaaap:195,ABplppaaap,195,30206,5206,338,359,4897,29.1,472,358,31,99132
ABplppaaap:196,ABplppaaap,196,29501,4501,-797,-753,3990,30.0,475,365,32,122144
ABplppaaap:197,ABplppaaap,197,30125,5125,-416,-364,4409,29.9,481,359,30,100127
ABplppaaap:198,ABplppaaap,198,29225,4225,-1248,-1208,3420,30.0,482,361,30,105369
ABplppaaap:199,ABplppaaap,199,29446,4446,-728,-694,3099,29.1,479,368,34,137924
ABplppaaap:200,ABplppaaap,200,29810,4810,-515,-548,3403,29.1,483,365,30,106050
ABplppaaap:201,ABplppaaap,201,29413,4413,-887,-887,3895,29.2,476,356,31,118551
ABplppaaap:202,ABplppaaap,202,29732,4732,-724,-723,3223,28.1,483,355,32,118206
ABplppaaap:203,ABplppaaap,203,29552,4552,-1369,-1006,3809,29.1,483,361,34,158882
ABplppaaap:204,ABplppaaap,204,30472,5472,-59,196,4780,29.1,477,357,34,154683
ABplppaaap:205,ABplppaaap,205,30525,5525,-207,71,4709,29.1,481,352,34,151273
ABplppaaap:206,ABplppaaap,206,29876,4876,-437,-289,3936,29.1,480,360,34,143166
ABplppaaap:207,ABplppaaap,207,29973,4973,56,96,4623,29.0,478,359,34,149429
ABplppaaap:208,ABplppaaap,208,29602,4602,-1229,-1020,4145,29.0,483,355,34,156364
ABplppaaap:209,ABplppaaap,209,29707,4707,-45,-5,4426,29.1,481,356,34,146407
ABplppaaap:210,ABplppaaap,210,29009,4009,-1138,-1001,3474,29.0,489,368,34,146553
ABplppaaap:211,ABplppaaap,211,30133,5133,-739,-427,4406,29.0,494,362,34,146643
ABplppaaap:212,ABplppaaap,212,29177,4177,-1827,-1512,3197,29.0,492,360,34,144570
ABplppaaap:213,ABplppaaap,213,29655,4655,-1348,-878,3662,29.0,497,355,34,147159
ABplppaaap:214,ABplppaaap,214,29762,4762,-629,-292,3087,29.0,495,352,34,161540
ABplppaaap:215,ABplppaaap,215,29349,4349,-944,-838,2053,28.1,493,349,34,163117
ABplppaaap:216,ABplppaaap,216,30151,5151,-274,306,3382,29.1,495,350,34,172026
ABplppaaap:217,ABplppaaap,217,30022,5022,-450,-67,1446,29.1,496,348,31,126072
ABplppaaap:218,ABplppaaap,218,29950,4950,-483,-287,2461,28.2,495,347,34,169558
ABplppaaap:219,ABplppaaap,219,29801,4801,-125,-143,3390,28.1,492,344,34,164690
ABplppaaap:220,ABplppaaap,220,29356,4356,-1093,-900,2717,29.0,496,343,34,161454
ABplppaaap:221,ABplppaaap,221,29812,4812,-203,-203,3389,29.0,492,337,34,170813
ABplppaaap:222,ABplppaaap,222,29262,4262,-709,-720,2483,28.1,486,344,34,162319
ABplppaaap:223,ABplppaaap,223,29538,4538,-254,-259,3452,29.1,478,346,34,165288
ABplppaaap:224,ABplppaaap,224,29527,4527,-38,-2,2660,29.1,478,346,34,165288
ABplppaaap:225,ABplppaaap,225,29546,4546,-591,-625,2591,28.2,489,343,34,182983
ABplppaaap:226,ABplppaaap,226,30047,5047,363,399,3139,28.0,482,342,34,196217
ABplppaaap:227,ABplppaaap,227,29531,4531,-460,-441,3254,28.0,484,349,34,190291
ABplppaaap:228,ABplppaaap,228,29575,4575,-258,-280,3244,28.1,484,346,34,204539
ABplppaaap:229,ABplppaaap,229,29198,4198,-421,-474,2638,28.1,478,343,31,163292
ABplppaaapa:230,ABplppaaapa,230,29576,4576,-75,-99,3519,28.0,476,366,34,165352
ABplppaaapa:231,ABplppaaapa,231,30366,5366,874,850,4626,28.0,476,366,34,165352
ABplppaaapa:232,ABplppaaapa,232,29897,4897,76,50,4173,29.0,475,377,29,107006
ABplppaaapa:233,ABplppaaapa,233,30029,5029,85,160,4210,29.0,471,375,34,166147
ABplppaaapa:234,ABplppaaapa,234,29484,4484,-86,-77,3981,29.0,470,373,34,161498
ABplppaaapa:235,ABplppaaapa,235,30255,5255,377,360,4462,29.0,473,369,30,136272
ABplppaaapa:236,ABplppaaapa,236,29513,4513,-475,-341,1587,29.0,473,369,30,136272
ABplppaaapa:237,ABplppaaapa,237,30291,5291,605,531,3823,28.1,468,386,34,177439
ABplppaaapa:238,ABplppaaapa,238,29186,4186,-417,-253,2757,27.1,472,374,29,95106
ABplppaaapa:239,ABplppaaapa,239,29585,4585,-294,-245,4039,27.1,472,372,34,164933
ABplppaaapa:240,ABplppaaapa,240,29330,4330,-131,-61,3765,27.0,475,383,34,179217
ABplppaaapa:241,ABplppaaapa,241,29765,4765,-95,-110,3996,27.0,473,380,31,134296
ABplppaaapa:242,ABplppaaapa,242,29259,4259,-515,-563,2920,27.1,473,383,34,182677
ABplppaaapa:243,ABplppaaapa,243,29749,4749,-118,-141,3038,27.1,468,385,34,189555
ABplppaaapa:244,ABplppaaapa,244,29428,4428,-267,-184,3230,26.2,475,378,34,170168
ABplppaaapa:245,ABplppaaapa,245,29389,4389,-372,-279,2446,26.0,464,379,31,150733
ABplppaaapa:246,ABplppaaapa,246,29509,4509,-189,-176,2991,26.1,462,379,34,190710
ABplppaaapaa:247,ABplppaaapaa,247,29657,4657,316,522,3037,26.0,448,402,34,214137
ABplppaaapaa:248,ABplppaaapaa,248,30275,5275,870,798,3715,25.0,445,409,31,179367
ABplppaaapaa:249,ABplppaaapaa,249,29378,4378,-46,8,2425,24.0,441,409,34,232176
ABplppaaapaa:250,ABplppaaapaa,250,29883,4883,10,-129,3304,25.1,442,397,31,166716
ABplppaaapap:247,ABplppaaapap,247,29583,4583,-62,-29,2845,26.3,463,377,34,203859
ABplppaaapap:248,ABplppaaapap,248,29242,4242,-155,-65,2427,27.0,459,385,31,171284
ABplppaaapap:249,ABplppaaapap,249,29243,4243,-508,-481,3299,26.2,459,378,34,201700
ABplppaaapap:250,ABplppaaapap,250,29376,4376,-480,-490,2848,26.2,459,377,31,149959
ABplppaaapp:230,ABplppaaapp,230,29839,4839,-792,-757,3669,28.2,499,328,34,152676
ABplppaaapp:231,ABplppaaapp,231,29473,4473,-1252,-1302,3537,29.1,498,321,32,133410
ABplppaaapp:232,ABplppaaapp,232,29604,4604,-1458,-860,3028,29.0,497,318,34,151516
ABplppaaapp:233,ABplppaaapp,233,30141,5141,-781,-277,4350,29.1,498,322,34,148468
ABplppaaapp:234,ABplppaaapp,234,29562,4562,-1483,-826,3633,29.1,501,321,34,155086
ABplppaaapp:235,ABplppaaapp,235,30813,5813,-7,285,5086,29.9,493,325,30,128205
ABplppaaapp:236,ABplppaaapp,236,30265,5265,-1536,-276,2437,29.1,493,332,34,141872
ABplppaaapp:237,ABplppaaapp,237,29950,4950,-409,-225,4013,29.0,494,323,34,143986
ABplppaaapp:238,ABplppaaapp,238,29673,4673,-583,-570,3839,29.1,489,328,34,161101
ABplppaaapp:239,ABplppaaapp,239,30548,5548,-267,71,4346,29.0,493,324,34,167751
ABplppaaapp:240,ABplppaaapp,240,29119,4119,-1059,-1218,2590,29.0,493,324,34,167751
ABplppaaapp:241,ABplppaaapp,241,29802,4802,-173,-289,2113,28.0,484,336,31,154240
ABplppaaapp:242,ABplppaaapp,242,30929,5929,1229,1112,4902,27.1,484,336,34,184960
ABplppaaapp:243,ABplppaaapp,243,30526,5526,164,52,3731,28.0,488,338,34,194326
ABplppaaapp:244,ABplppaaapp,244,29403,4403,-505,-490,3009,27.2,491,337,34,181188
ABplppaaapp:245,ABplppaaapp,245,29506,4506,-266,-394,3049,27.1,487,339,31,155382
ABplppaaapp:246,ABplppaaapp,246,29869,4869,-380,-280,3412,26.2,490,340,34,212476
ABplppaaapp:247,ABplppaaapp,247,29212,4212,-774,-697,2292,27.0,491,342,34,221412
ABplppaaapp:248,ABplppaaapp,248,29942,4942,-497,-348,2022,27.0,488,343,31,177483
ABplppaaapp:249,ABplppaaapp,249,30539,5539,472,573,4025,27.0,488,338,34,217335
ABplppaaapp:250,ABplppaaapp,250,29497,4497,-576,-448,3208,26.2,487,339,31,169025
ABplppaap:128,ABplppaap,128,29091,4091,-729,-729,3650,21.1,443,443,33,92911
ABplppaap:129,ABplppaap,129,29663,4663,-610,-610,4615,20.9,444,441,32,89214
ABplppaap:130,ABplppaap,130,29035,4035,-849,-849,3878,21.0,445,440,27,46825
ABplppaap:131,ABplppaap,131,29504,4504,-519,-519,4341,22.9,460,432,27,42305
ABplppaap:132,ABplppaap,132,30338,5338,752,752,5227,22.9,459,431,27,42305
ABplppaap:133,ABplppaap,133,29642,4642,-58,-58,4388,22.9,458,429,27,42305
ABplppaap:134,ABplppaap,134,30238,5238,303,303,4711,22.9,457,427,27,42305
ABplppaap:135,ABplppaap,135,29909,4909,224,224,4258,23.0,455,426,27,42305
ABplppaap:136,ABplppaap,136,30048,5048,-249,-249,4413,23.0,454,424,27,42305
ABplppaap:137,ABplppaap,137,28989,3989,-681,-681,3706,23.0,453,422,27,42305
ABplppaap:138,ABplppaap,138,29267,4267,-801,-801,3809,23.0,451,420,27,44293
ABplppaap:139,ABplppaap,139,29626,4626,143,143,4528,23.0,451,420,27,44293
ABplppaap:140,ABplppaap,140,29271,4271,-655,-637,4232,23.1,445,420,41,163284
ABplppaap:141,ABplppaap,141,29846,4846,150,145,4830,24.0,442,425,43,186687
ABplppaap:142,ABplppaap,142,29652,4652,-133,-123,4624,24.0,442,425,43,186687
ABplppaap:143,ABplppaap,143,29946,4946,168,168,4881,24.0,441,435,30,84220
ABplppaap:144,ABplppaap,144,28591,3591,-1064,-1064,3576,24.9,435,436,30,78945
ABplppaap:145,ABplppaap,145,29298,4298,-237,-240,4278,24.0,437,431,34,119190
ABplppaap:146,ABplppaap,146,29361,4361,-167,-167,4285,23.9,441,424,30,80052
ABplppaap:147,ABplppaap,147,28860,3860,-826,-826,3813,23.9,435,421,30,81166
ABplppaap:148,ABplppaap,148,29546,4546,25,15,4506,23.9,430,421,30,83162
ABplppaap:149,ABplppaap,149,29327,4327,-159,-154,4227,24.0,432,422,31,83404
ABplppaap:150,ABplppaap,150,29241,4241,-460,-487,4086,23.0,426,420,47,244098
ABplppaap:151,ABplppaap,151,29803,4803,344,345,3766,23.1,431,418,35,112599
ABplppaap:152,ABplppaap,152,29451,4451,-349,-358,3782,24.0,432,423,47,257818
ABplppaap:153,ABplppaap,153,29663,4663,103,104,4565,24.9,430,434,47,280778
ABplppaap:154,ABplppaap,154,29567,4567,-125,-146,4487,24.1,421,436,48,337907
ABplppaap:155,ABplppaap,155,29462,4462,-165,-165,4414,24.0,416,435,48,348904
ABplppaap:156,ABplppaap,156,29315,4315,-267,-303,4243,24.1,417,439,48,317559
ABplppaap:157,ABplppaap,157,29895,4895,248,156,4623,24.1,420,436,47,282015
ABplppaap:158,ABplppaap,158,29764,4764,157,200,4391,25.0,426,438,46,293202
ABplppaap:159,ABplppaap,159,29255,4255,-303,-344,3872,25.0,428,437,45,234668
ABplppaap:160,ABplppaap,160,29579,4579,4,0,4154,25.1,431,439,47,291231
ABplppaap:161,ABplppaap,161,29443,4443,-336,-418,3685,25.1,442,434,49,356106
ABplppaap:162,ABplppaap,162,29469,4469,-43,141,3861,25.2,431,441,31,106004
ABplppaap:163,ABplppaap,163,29283,4283,-335,-330,3368,24.8,435,438,35,106004
ABplppaap:164,ABplppaap,164,29352,4352,36,-22,3333,24.5,434,435,39,106004
ABplppaap:165,ABplppaap,165,29348,4348,-115,-139,3504,24.1,438,432,43,239091
ABplppaap:166,ABplppaap,166,29374,4374,-286,-227,4034,25.1,428,424,44,230413
ABplppaap:167,ABplppaap,167,29677,4677,221,193,4138,26.0,447,420,43,236201
ABplppaap:168,ABplppaap,168,29717,4717,99,66,3709,25.0,448,417,40,212709
ABplppaap:169,ABplppaap,169,29738,4738,301,389,3718,25.1,449,408,39,201350
ABplppaap:170,ABplppaap,170,28930,3930,-480,-299,2545,25.1,455,405,29,85330
ABplppaap:171,ABplppaap,171,29402,4402,-28,-48,2973,25.1,457,414,37,200033
ABplppaap:172,ABplppaap,172,29957,4957,207,196,4003,25.9,457,416,32,157322
ABplppaap:173,ABplppaap,173,29278,4278,-299,-145,1149,25.0,457,423,29,112670
ABplppaap:174,ABplppaap,174,28679,3679,-899,-919,532,23.0,463,431,32,186406
ABplppaap:175,ABplppaap,175,29194,4194,-744,-822,1117,22.1,462,431,36,192269
ABplppaap:176,ABplppaap,176,30273,5273,-36,141,3780,23.0,499,425,31,140197
ABplppaap:177,ABplppaap,177,30047,5047,-478,-442,3715,23.2,500,436,35,168876
ABplppaap:178,ABplppaap,178,30792,5792,767,898,3041,23.1,502,441,33,147343
ABplppaap:179,ABplppaap,179,30410,5410,-683,-412,3959,24.0,505,438,30,138484
ABplppaap:180,ABplppaap,180,30161,5161,-234,16,4314,24.1,496,446,34,168119
ABplppaap:181,ABplppaap,181,29263,4263,-510,-459,3602,24.2,491,453,34,155062
ABplppaap:182,ABplppaap,182,29378,4378,-763,-686,3559,25.0,493,454,34,163017
ABplppaap:183,ABplppaap,183,30083,5083,281,272,4545,24.1,493,454,32,127813
ABplppaap:184,ABplppaap,184,29344,4344,-619,-615,4120,25.0,489,454,34,153341
ABplppaap:185,ABplppaap,185,29896,4896,-85,-75,4517,24.1,491,451,34,145719
ABplppaap:186,ABplppaap,186,29720,4720,-77,-54,4450,24.1,495,451,34,145223
ABplppaap:187,ABplppaap,187,29885,4885,-279,-278,4495,24.0,493,455,31,116058
ABplppaap:188,ABplppaap,188,29730,4730,-517,-519,4526,25.0,495,455,34,141494
ABplppaap:189,ABplppaap,189,29280,4280,-804,-804,3958,24.1,495,446,34,130765
ABplppaap:190,ABplppaap,190,29634,4634,-297,-278,4234,26.0,494,442,31,108626
ABplppaap:191,ABplppaap,191,30551,5551,401,396,5340,24.1,493,446,32,111471
ABplppaap:192,ABplppaap,192,30579,5579,801,810,5341,24.3,491,446,32,111940
ABplppaap:193,ABplppaap,193,29453,4453,-508,-503,4130,24.2,487,449,34,139626
ABplppaap:194,ABplppaap,194,29641,4641,-243,-264,4061,24.2,487,449,34,157891
ABplppaap:195,ABplppaap,195,29832,4832,-26,-26,4595,25.0,478,445,31,120311
ABplppaap:196,ABplppaap,196,29363,4363,-493,-502,3958,24.0,482,449,34,157250
ABplppaap:197,ABplppaap,197,29572,4572,55,43,4097,24.1,477,449,34,176599
ABplppaap:198,ABplppaap,198,29694,4694,139,130,4232,24.1,481,456,34,185333
ABplppaap:199,ABplppaap,199,29758,4758,-233,-240,4443,24.0,482,454,34,179836
ABplppaap:200,ABplppaap,200,29980,4980,23,14,4703,24.1,484,454,34,181096
ABplppaap:201,ABplppaap,201,29698,4698,-642,-636,4396,24.0,483,458,31,147517
ABplppaap:202,ABplppaap,202,30508,5508,731,727,4971,24.2,482,454,34,175899
ABplppaap:203,ABplppaap,203,30012,5012,-127,-127,4819,25.0,484,451,34,184028
ABplppaap:204,ABplppaap,204,29725,4725,20,-26,4306,24.1,478,453,34,183642
ABplppaap:205,ABplppaap,205,29657,4657,82,60,3933,24.1,477,451,34,195897
ABplppaap:206,ABplppaap,206,29239,4239,-643,-602,3550,24.1,478,454,34,195082
ABplppaap:207,ABplppaap,207,29857,4857,114,100,4397,24.0,481,454,34,201821
ABplppaap:208,ABplppaap,208,30003,5003,692,695,4560,24.1,481,453,34,196569
ABplppaap:209,ABplppaap,209,29411,4411,-674,-753,3787,24.1,484,455,34,207169
ABplppaap:210,ABplppaap,210,29134,4134,-639,-563,3359,23.2,488,455,34,194252
ABplppaap:211,ABplppaap,211,30021,5021,93,81,4462,24.1,492,453,34,214167
ABplppaap:212,ABplppaap,212,29563,4563,-639,-675,4217,24.0,496,457,34,232524
ABplppaap:213,ABplppaap,213,30024,5024,118,116,4535,23.2,495,458,34,209257
ABplppaap:214,ABplppaap,214,29509,4509,-366,-369,4123,23.2,500,460,34,215446
ABplppaap:215,ABplppaap,215,30292,5292,458,394,4988,23.2,506,460,34,227329
ABplppaap:216,ABplppaap,216,29689,4689,-181,-163,4380,23.2,506,464,34,232966
ABplppaap:217,ABplppaap,217,29113,4113,-748,-778,3737,23.0,505,464,31,191482
ABplppaap:218,ABplppaap,218,29424,4424,-288,-269,4054,23.1,506,462,34,234528
ABplppaap:219,ABplppaap,219,30505,5505,552,551,5181,23.0,508,464,34,236261
ABplppaap:220,ABplppaap,220,29286,4286,-803,-779,3486,23.0,513,464,34,235497
ABplppaap:221,ABplppaap,221,29643,4643,-526,-533,3841,22.2,514,467,34,235100
ABplppaap:222,ABplppaap,222,29764,4764,-55,-31,3986,22.1,515,466,34,240608
ABplppaap:223,ABplppaap,223,30025,5025,76,76,4662,22.2,515,466,34,228580
ABplppaap:224,ABplppaap,224,30059,5059,325,325,4586,22.2,519,465,34,228804
ABplppaap:225,ABplppaap,225,29850,4850,-421,-432,4302,22.3,521,464,34,220192
ABplppaap:226,ABplppaap,226,30229,5229,667,667,4206,22.2,527,464,34,206019
ABplppaap:227,ABplppaap,227,29542,4542,-151,-151,3977,22.2,527,468,34,223142
ABplppaap:228,ABplppaap,228,29874,4874,-33,-33,4453,22.2,527,468,34,244025
ABplppaap:229,ABplppaap,229,29822,4822,-427,-427,4391,22.2,528,464,31,177520
ABplppaap:230,ABplppaap,230,29672,4672,-310,-305,4304,23.1,532,461,34,238581
ABplppaap:231,ABplppaap,231,30247,5247,211,216,4928,23.0,529,461,34,239988
ABplppaap:232,ABplppaap,232,29880,4880,-73,-76,4543,23.1,533,459,34,253564
ABplppaap:233,ABplppaap,233,29673,4673,-286,-295,3646,22.3,533,458,34,231900
ABplppaap:234,ABplppaap,234,29081,4081,-932,-871,3291,23.0,535,455,34,250886
ABplppaap:235,ABplppaap,235,30380,5380,63,6,4070,22.1,529,455,34,239630
ABplppaap:236,ABplppaap,236,29897,4897,-66,-60,3303,22.2,530,457,34,231114
ABplppaap:237,ABplppaap,237,29614,4614,-424,-463,3665,22.1,538,455,34,242427
ABplppaap:238,ABplppaap,238,30160,5160,404,403,4695,22.0,504,448,32,186871
ABplppaap:239,ABplppaap,239,30201,5201,-184,-57,4475,22.2,519,446,32,178332
ABplppaap:240,ABplppaap,240,29805,4805,-46,59,4188,22.1,522,451,30,168243
ABplppaap:241,ABplppaap,241,29782,4782,-124,-187,4199,22.0,523,452,31,162303
ABplppaap:242,ABplppaap,242,29838,4838,121,105,4495,22.1,518,462,32,163432
ABplppaap:243,ABplppaap,243,29598,4598,23,23,4352,22.8,520,462,30,166301
ABplppaap:244,ABplppaap,244,29441,4441,-313,-306,4047,23.0,526,461,30,162630
ABplppaap:245,ABplppaap,245,29559,4559,-110,-111,4288,22.1,520,462,29,129294
ABplppaap:246,ABplppaap,246,29518,4518,-217,-245,4229,22.0,518,459,30,157838
ABplppaap:247,ABplppaap,247,29797,4797,-311,-252,4579,22.0,517,457,30,170278
ABplppaap:248,ABplppaap,248,30078,5078,219,210,4705,22.0,518,458,31,169747
ABplppaap:249,ABplppaap,249,30563,5563,935,945,5276,22.1,519,457,30,173256
ABplppaap:250,ABplppaap,250,28795,3795,-1263,-1395,3184,21.3,511,450,31,172561
ABplppap:89,ABplppap,89,29725,4725,98,74,4403,15.0,504,443,61,0
ABplppap:90,ABplppap,90,29385,4385,-374,-311,4277,16.0,522,444,58,0
ABplppap:91,ABplppap,91,29273,4273,-405,-383,4160,16.1,518,444,58,0
ABplppap:92,ABplppap,92,29571,4571,109,138,4485,16.1,513,444,58,0
ABplppap:93,ABplppap,93,29794,4794,33,36,4697,16.2,509,444,58,0
ABplppap:94,ABplppap,94,29416,4416,-268,-169,4296,16.3,504,445,58,0
ABplppap:95,ABplppap,95,29431,4431,-344,-268,4342,16.3,500,445,58,0
ABplppap:96,ABplppap,96,29679,4679,-29,41,4544,16.4,495,445,58,0
ABplppap:97,ABplppap,97,29574,4574,-354,-352,4404,16.4,491,445,58,0
ABplppap:98,ABplppap,98,29901,4901,90,100,4762,16.5,486,446,58,0
ABplppap:99,ABplppap,99,29939,4939,172,198,4802,16.6,482,446,58,0
ABplppap:100,ABplppap,100,29650,4650,-240,-164,4556,16.6,477,446,58,0
ABplppap:101,ABplppap,101,30266,5266,353,359,5211,16.7,473,446,58,0
ABplppap:102,ABplppap,102,29787,4787,-123,-78,4784,16.8,468,462,58,0
ABplppap:103,ABplppap,103,29479,4479,-429,-307,4474,16.8,472,466,58,0
ABplppap:104,ABplppap,104,29104,4104,-1123,-1003,4086,16.9,459,447,58,0
ABplppap:105,ABplppap,105,29606,4606,-541,-497,4606,16.9,455,447,58,0
ABplppap:106,ABplppap,106,29727,4727,-593,-496,4710,17.0,450,448,58,0
ABplppap:107,ABplppap,107,30018,5018,-112,-61,5007,17.2,452,445,58,0
ABplppap:108,ABplppap,108,29993,4993,-313,-201,4977,17.5,454,441,58,0
ABplppap:109,ABplppap,109,30340,5340,29,168,5311,17.7,456,438,58,0
ABplppap:110,ABplppap,110,30279,5279,-159,-67,5249,17.9,458,434,58,0
ABplppap:111,ABplppap,111,30015,5015,-501,-349,4991,18.2,460,431,58,0
ABplppap:112,ABplppap,112,29958,4958,-639,-442,4944,18.4,462,427,58,0
ABplppap:113,ABplppap,113,29860,4860,-676,-454,4836,18.6,464,424,58,0
ABplppap:114,ABplppap,114,30089,5089,-296,-158,5078,18.8,466,420,58,0
ABplppap:115,ABplppap,115,30173,5173,-61,131,5166,19.1,468,417,58,0
ABplppap:116,ABplppap,116,30050,5050,-218,-47,5045,19.3,470,413,58,0
ABplppap:117,ABplppap,117,29831,4831,-515,-280,4816,19.5,472,410,58,0
ABplppap:118,ABplppap,118,29650,4650,-636,-354,4626,19.8,474,406,58,0
ABplppap:119,ABplppap,119,29713,4713,-440,-384,4703,20.0,476,402,58,0
ABplppap:120,ABplppap,120,29586,4586,-540,-502,4562,19.8,476,403,53,0
ABplppap:121,ABplppap,121,29555,4555,-406,-378,4538,19.5,475,404,48,0
ABplppap:122,ABplppap,122,29160,4160,-602,-602,4153,19.3,475,405,43,0
ABplppap:123,ABplppap,123,28803,3803,-848,-848,3797,19.0,474,407,38,148198
ABplppap:124,ABplppap,124,29215,4215,-336,-336,4203,18.1,479,410,39,152401
ABplppap:125,ABplppap,125,29109,4109,-752,-752,4072,18.9,491,404,36,159805
ABplppap:126,ABplppap,126,29123,4123,-517,-517,4106,18.0,492,403,33,95826
ABplppapa:127,ABplppapa,127,29705,4705,-83,-95,4599,17.0,454,398,27,41687
ABplppapa:128,ABplppapa,128,30167,5167,334,334,5049,16.0,455,401,27,43198
ABplppapa:129,ABplppapa,129,29559,4559,-175,-180,4391,16.0,463,401,32,89254
ABplppapa:130,ABplppapa,130,28886,3886,-1075,-1075,3827,15.9,461,405,33,91512
ABplppapa:131,ABplppapa,131,30022,5022,64,64,4982,15.9,461,405,33,91512
ABplppapa:132,ABplppapa,132,29131,4131,-493,-493,3888,16.0,464,412,27,41684
ABplppapa:133,ABplppapa,133,29511,4511,-721,-703,4429,16.1,460,416,39,135846
ABplppapa:134,ABplppapa,134,29439,4439,-598,-548,4294,17.1,456,420,37,120769
ABplppapa:135,ABplppapa,135,29907,4907,-363,-162,4529,17.2,460,427,40,158303
ABplppapa:136,ABplppapa,136,29435,4435,-1001,-892,4032,18.0,459,430,41,176006
ABplppapa:137,ABplppapa,137,29703,4703,-555,-386,4301,18.0,467,432,40,169114
ABplppapa:138,ABplppapa,138,30355,5355,-466,-378,5087,18.9,472,433,40,170242
ABplppapa:139,ABplppapa,139,29939,4939,-480,-404,4499,19.1,484,435,40,170070
ABplppapa:140,ABplppapa,140,30217,5217,-214,-113,4443,19.1,485,436,43,185475
ABplppapa:141,ABplppapa,141,30101,5101,-257,-124,4532,19.0,487,434,43,180494
ABplppapa:142,ABplppapa,142,29971,4971,-253,-228,4853,19.1,483,433,44,209272
ABplppapa:143,ABplppapa,143,29905,4905,-420,-414,4464,19.9,484,435,45,226860
ABplppapa:144,ABplppapa,144,30310,5310,-258,-47,3886,19.1,481,439,46,276362
ABplppapa:145,ABplppapa,145,30420,5420,-96,85,4453,19.1,481,443,46,280812
ABplppapa:146,ABplppapa,146,30190,5190,-423,-244,4315,20.0,483,444,48,330708
ABplppapa:147,ABplppapa,147,30470,5470,-20,258,4597,20.1,479,435,46,286030
ABplppapa:148,ABplppapa,148,30085,5085,-458,-41,4402,20.0,480,438,50,384197
ABplppapa:149,ABplppapa,149,31308,6308,672,951,5526,20.9,482,434,47,299395
ABplppapa:150,ABplppapa,150,30521,5521,-205,128,4462,21.0,478,439,47,298290
ABplppapa:151,ABplppapa,151,30123,5123,-369,-27,4420,21.0,485,437,47,300844
ABplppapa:152,ABplppapa,152,29764,4764,-612,-219,4366,21.2,484,441,51,382294
ABplppapa:153,ABplppapa,153,29874,4874,-684,-228,4126,21.9,480,441,47,323924
ABplppapa:154,ABplppapa,154,29776,4776,-514,-226,4145,21.9,470,443,48,380478
ABplppapa:155,ABplppapa,155,30066,5066,-351,-139,4916,22.1,468,437,48,338149
ABplppapa:156,ABplppapa,156,29432,4432,-534,-495,4390,21.1,464,447,36,145475
ABplppapa:157,ABplppapa,157,29603,4603,-569,-508,4280,22.1,459,441,47,267719
ABplppapa:158,ABplppapa,158,29292,4292,-664,-712,4046,23.0,458,445,46,275584
ABplppapa:159,ABplppapa,159,29451,4451,-226,-263,4224,23.1,459,446,47,260823
ABplppapa:160,ABplppapa,160,29641,4641,-240,-244,4260,23.0,459,451,34,120588
ABplppapa:161,ABplppapa,161,28891,3891,-951,-992,3132,23.0,459,451,34,120588
ABplppapa:162,ABplppapa,162,29518,4518,-287,-280,4074,23.0,459,444,48,364941
ABplppapa:163,ABplppapa,163,29438,4438,-64,-72,3676,24.0,459,440,36,328409
ABplppapa:164,ABplppapa,164,29624,4624,211,164,3829,24.0,457,437,37,284420
ABplppapa:165,ABplppapa,165,29302,4302,-492,-578,3558,23.6,463,434,35,284420
ABplppapa:166,ABplppapa,166,29456,4456,-364,-353,4342,23.1,469,431,44,255075
ABplppapa:167,ABplppapa,167,29126,4126,-721,-699,3743,23.1,472,425,43,249203
ABplppapa:168,ABplppapa,168,29317,4317,-714,-678,3251,22.2,463,422,40,225060
ABplppapa:169,ABplppapa,169,29923,4923,5,21,4298,22.1,463,423,39,217509
ABplppapa:170,ABplppapa,170,29715,4715,236,228,4007,23.1,461,423,38,234966
ABplppapa:171,ABplppapa,171,29056,4056,-918,-962,2959,23.0,465,424,37,210407
ABplppapa:172,ABplppapa,172,28895,3895,-1135,-1151,3322,22.1,464,425,36,215356
ABplppapa:173,ABplppapa,173,30424,5424,781,718,4663,23.0,463,426,32,169383
ABplppapa:174,ABplppapa,174,28903,3903,-699,-732,3098,22.6,463,428,34,169383
ABplppapaa:175,ABplppapaa,175,29257,4257,-564,-759,2916,22.8,450,431,33,169383
ABplppapaa:176,ABplppapaa,176,29553,4553,-130,-122,4199,23.0,436,435,31,134527
ABplppapaa:177,ABplppapaa,177,29136,4136,-685,-683,3930,23.2,433,439,35,153276
ABplppapaa:178,ABplppapaa,178,29567,4567,-95,-129,4063,22.2,434,444,35,143793
ABplppapaa:179,ABplppapaa,179,29919,4919,115,35,4403,23.0,438,447,34,142915
ABplppapaa:180,ABplppapaa,180,29277,4277,-605,-715,2959,24.0,429,444,34,171902
ABplppapaa:181,ABplppapaa,181,29126,4126,-522,-622,3021,24.1,426,436,34,157494
ABplppapaa:182,ABplppapaa,182,29576,4576,-69,-67,4028,24.0,435,442,34,170691
ABplppapaa:183,ABplppapaa,183,29646,4646,11,-25,4174,24.0,436,447,34,158767
ABplppapaa:184,ABplppapaa,184,29245,4245,-309,-400,3630,24.0,429,448,34,163593
ABplppapaa:185,ABplppapaa,185,29257,4257,-486,-501,3126,24.1,434,445,34,168140
ABplppapaa:186,ABplppapaa,186,29167,4167,-536,-520,3222,24.1,428,445,34,134313
ABplppapaa:187,ABplppapaa,187,29345,4345,-259,-207,3856,23.1,429,445,31,95608
ABplppapaa:188,ABplppapaa,188,29495,4495,-320,-330,3492,24.0,436,445,34,134487
ABplppapaa:189,ABplppapaa,189,29797,4797,320,318,4528,23.1,439,441,34,132096
ABplppapaa:190,ABplppapaa,190,30367,5367,763,782,5141,24.1,438,441,31,103442
ABplppapaa:191,ABplppapaa,191,29304,4304,-213,-213,4214,24.0,437,452,34,140968
ABplppapaa:192,ABplppapaa,192,29700,4700,-240,-248,4602,24.1,429,447,34,150668
ABplppapaa:193,ABplppapaa,193,29224,4224,-523,-532,3848,23.0,428,447,34,146831
ABplppapaa:194,ABplppapaa,194,29937,4937,115,115,4893,23.1,431,444,34,135155
ABplppapaa:195,ABplppapaa,195,29178,4178,-144,-144,4109,23.1,431,444,31,107392
ABplppapaa:196,ABplppapaa,196,29942,4942,123,137,4808,22.2,434,450,34,142190
ABplppapaa:197,ABplppapaa,197,29468,4468,-102,-101,4290,23.1,436,448,34,160178
ABplppapaa:198,ABplppapaa,198,29534,4534,-116,-91,4436,23.0,435,452,34,164363
ABplppapaa:199,ABplppapaa,199,30259,5259,649,652,5184,23.1,434,453,34,174683
ABplppapaa:200,ABplppapaa,200,29546,4546,-373,-373,4470,24.0,430,452,34,175602
ABplppapaa:201,ABplppapaa,201,29708,4708,-286,-286,4617,24.0,431,447,31,122761
ABplppapaa:202,ABplppapaa,202,29434,4434,-427,-438,4315,24.1,435,444,34,161654
ABplppapaa:203,ABplppapaa,203,30055,5055,115,126,4860,24.1,428,448,34,156241
ABplppapaa:204,ABplppapaa,204,29175,4175,-852,-838,3993,24.0,439,438,34,155481
ABplppapaa:205,ABplppapaa,205,29436,4436,-176,-179,4314,24.1,434,443,34,167530
ABplppapaa:206,ABplppapaa,206,29299,4299,-880,-883,4093,23.1,425,448,34,158929
ABplppapaa:207,ABplppapaa,207,29776,4776,202,198,4696,23.1,435,448,34,167070
ABplppapaa:208,ABplppapaa,208,29057,4057,-860,-866,3884,23.0,435,454,34,186052
ABplppapaa:209,ABplppapaa,209,29445,4445,-413,-406,4269,23.1,440,450,34,172726
ABplppapaa:210,ABplppapaa,210,29239,4239,-427,-425,3875,22.2,445,456,34,191024
ABplppapaa:211,ABplppapaa,211,29716,4716,254,254,4463,23.1,440,458,34,189064
ABplppapaa:212,ABplppapaa,212,29880,4880,193,183,4519,23.1,443,457,34,193394
ABplppapaa:213,ABplppapaa,213,30013,5013,348,364,4786,23.0,448,454,34,192575
ABplppapaa:214,ABplppapaa,214,30133,5133,457,446,4905,23.0,451,457,34,200852
ABplppapaa:215,ABplppapaa,215,30287,5287,495,495,4940,23.0,451,456,34,194340
ABplppapaa:216,ABplppapaa,216,30059,5059,525,525,4748,23.0,446,460,34,194677
ABplppapaa:217,ABplppapaa,217,29471,4471,-334,-334,3771,22.1,453,459,31,152417
ABplppapaa:218,ABplppapaa,218,28993,3993,-1105,-1089,3158,21.1,463,460,34,198824
ABplppapaa:219,ABplppapaa,219,29881,4881,281,281,4233,21.1,457,460,34,195917
ABplppapaa:220,ABplppapaa,220,29404,4404,-282,-336,2845,21.1,464,461,34,208787
ABplppapaa:221,ABplppapaa,221,29438,4438,-239,-310,1818,21.1,464,461,34,208787
ABplppapaa:222,ABplppapaa,222,29763,4763,-148,-177,3009,21.2,456,458,34,200646
ABplppapaa:223,ABplppapaa,223,30292,5292,828,775,4948,21.7,458,458,34,200646
ABplppapaa:224,ABplppapaa,224,30384,5384,708,722,3273,22.2,460,459,34,200646
ABplppapaa:225,ABplppapaa,225,29837,4837,210,183,3075,22.6,462,459,34,200646
ABplppapaa:226,ABplppapaa,226,29848,4848,253,243,4673,23.1,465,460,34,202459
ABplppapaa:227,ABplppapaa,227,29662,4662,-157,-170,4556,23.1,465,458,34,207549
ABplppapaa:228,ABplppapaa,228,29162,4162,-566,-579,4027,23.1,464,458,34,205034
ABplppapaa:229,ABplppapaa,229,29825,4825,184,155,4639,23.1,468,456,31,155179
ABplppapaa:230,ABplppapaa,230,29262,4262,-429,-503,3973,24.0,467,456,34,203946
ABplppapaa:231,ABplppapaa,231,29910,4910,320,307,4728,22.1,462,458,34,208984
ABplppapaa:232,ABplppapaa,232,29634,4634,3,7,4415,23.0,471,460,34,218544
ABplppapaa:233,ABplppapaa,233,29454,4454,-98,-98,4399,23.0,472,454,34,218966
ABplppapaa:234,ABplppapaa,234,29700,4700,23,23,4617,22.3,476,456,34,204461
ABplppapaa:235,ABplppapaa,235,29696,4696,192,192,4642,22.2,472,455,34,232159
ABplppapaa:236,ABplppapaa,236,29311,4311,-590,-590,4250,23.0,477,457,30,186110
ABplppapaa:237,ABplppapaa,237,29402,4402,-628,-628,4360,22.1,481,453,30,206547
ABplppapaa:238,ABplppapaa,238,30068,5068,429,386,4208,21.2,461,457,32,188812
ABplppapaa:239,ABplppapaa,239,30339,5339,635,653,4883,21.0,462,465,30,187159
ABplppapaa:240,ABplppapaa,240,29640,4640,-66,-66,4287,21.0,463,466,30,186469
ABplppapaa:241,ABplppapaa,241,29781,4781,47,29,4527,21.1,465,467,31,175330
ABplppapaa:242,ABplppapaa,242,29864,4864,402,429,4514,21.0,473,470,34,211432
ABplppapaa:243,ABplppapaa,243,29348,4348,-229,-280,3878,21.0,473,465,34,209655
ABplppapaa:244,ABplppapaa,244,29809,4809,0,-12,4380,21.3,475,463,34,195196
ABplppapaa:245,ABplppapaa,245,29373,4373,-217,-202,3863,21.9,475,460,31,167631
ABplppapaa:246,ABplppapaa,246,29364,4364,-157,-119,3628,21.2,473,462,34,190855
ABplppapaa:247,ABplppapaa,247,29106,4106,-486,-438,3725,22.0,476,464,34,205990
ABplppapaa:248,ABplppapaa,248,29486,4486,-269,-291,4057,21.2,477,463,31,145549
ABplppapaa:249,ABplppapaa,249,29235,4235,-234,-256,3764,22.0,476,458,34,191142
ABplppapaa:250,ABplppapaa,250,29527,4527,-262,-272,3882,23.0,467,451,31,145888
ABplppapap:175,ABplppapap,175,29425,4425,-251,-540,2434,20.3,469,438,34,169383
ABplppapap:176,ABplppapap,176,29587,4587,45,108,4159,18.0,476,449,35,177829
ABplppapap:177,ABplppapap,177,29761,4761,-231,-273,4045,17.1,474,450,35,174547
ABplppapap:178,ABplppapap,178,29397,4397,-440,-439,3481,17.0,481,455,35,181759
ABplppapap:179,ABplppapap,179,29447,4447,-506,-483,3929,17.1,477,459,34,183581
ABplppapap:180,ABplppapap,180,29596,4596,-338,-288,4107,18.0,480,457,34,195960
ABplppapap:181,ABplppapap,181,29579,4579,-397,-311,3584,17.2,484,461,34,183669
ABplppapap:182,ABplppapap,182,29812,4812,-76,-53,4267,17.3,480,461,34,175836
ABplppapap:183,ABplppapap,183,29568,4568,-350,-357,4101,17.3,485,461,34,180699
ABplppapap:184,ABplppapap,184,29840,4840,-499,-499,4683,18.1,485,463,34,203075
ABplppapap:185,ABplppapap,185,29820,4820,-119,-120,4395,18.1,488,466,34,198179
ABplppapap:186,ABplppapap,186,29971,4971,163,163,4518,18.2,490,468,34,168901
ABplppapap:187,ABplppapap,187,29003,4003,-1239,-1239,3543,18.2,484,464,31,140355
ABplppapap:188,ABplppapap,188,29715,4715,-601,-601,4559,18.1,483,465,34,174957
ABplppapap:189,ABplppapap,189,29483,4483,-735,-735,4298,18.1,486,468,34,194389
ABplppapap:190,ABplppapap,190,29162,4162,-1059,-1066,3642,18.2,487,464,31,130762
ABplppapap:191,ABplppapap,191,29516,4516,-589,-589,4037,18.1,478,463,34,185665
ABplppapap:192,ABplppapap,192,29529,4529,-184,-184,4335,18.1,481,467,34,184946
ABplppapap:193,ABplppapap,193,29087,4087,-1161,-1164,3869,18.1,484,466,34,184903
ABplppapap:194,ABplppapap,194,30068,5068,153,153,4821,19.1,479,464,34,190666
ABplppapap:195,ABplppapap,195,30198,5198,63,63,4795,18.1,478,468,31,148494
ABplppapap:196,ABplppapap,196,29962,4962,-68,-68,4683,18.1,479,464,34,203654
ABplppapap:197,ABplppapap,197,29469,4469,-262,-262,3960,18.1,475,464,34,199569
ABplppapap:198,ABplppapap,198,29763,4763,-105,-105,4501,18.0,480,467,34,213522
ABplppapap:199,ABplppapap,199,29231,4231,-561,-561,3998,18.1,477,467,34,211466
ABplppapap:200,ABplppapap,200,29908,4908,-118,-118,4773,18.0,473,470,34,215473
ABplppapap:201,ABplppapap,201,29589,4589,-468,-468,4343,18.1,472,469,31,169523
ABplppapap:202,ABplppapap,202,29927,4927,136,136,4687,19.0,473,467,34,218147
ABplppapap:203,ABplppapap,203,29896,4896,49,49,4805,19.1,479,468,34,210965
ABplppapap:204,ABplppapap,204,29713,4713,-185,-185,4327,18.1,479,467,34,217475
ABplppapap:205,ABplppapap,205,29745,4745,-317,-317,4549,19.1,475,464,34,224448
ABplppapap:206,ABplppapap,206,30143,5143,151,151,4893,18.2,472,463,34,206055
ABplppapap:207,ABplppapap,207,29493,4493,-452,-452,4161,18.2,471,464,34,206840
ABplppapap:208,ABplppapap,208,30009,5009,125,125,4649,18.1,474,466,34,221336
ABplppapap:209,ABplppapap,209,29118,4118,-587,-587,3763,19.0,472,466,34,230637
ABplppapap:210,ABplppapap,210,30004,5004,89,89,4565,18.1,472,463,34,231574
ABplppapap:211,ABplppapap,211,29653,4653,-377,-377,4327,19.0,470,462,34,226852
ABplppapap:212,ABplppapap,212,29784,4784,64,64,4297,18.1,465,465,34,222307
ABplppapap:213,ABplppapap,213,29643,4643,-285,-285,4154,18.1,471,467,34,232728
ABplppapap:214,ABplppapap,214,29637,4637,-382,-382,4343,18.1,469,465,34,226043
ABplppapap:215,ABplppapap,215,29341,4341,-294,-294,4047,18.1,465,466,34,246498
ABplppapap:216,ABplppapap,216,29474,4474,-461,-461,4219,18.0,466,468,34,247694
ABplppapap:217,ABplppapap,217,29982,4982,378,378,4366,17.2,462,466,31,185395
ABplppapap:218,ABplppapap,218,29476,4476,-446,-447,4106,16.1,469,463,34,247378
ABplppapap:219,ABplppapap,219,29804,4804,-287,-291,4250,16.2,467,466,34,250623
ABplppapap:220,ABplppapap,220,29964,4964,-217,-221,4568,16.0,468,466,34,251651
ABplppapap:221,ABplppapap,221,29361,4361,-686,-689,3983,16.0,466,462,34,267499
ABplppapap:222,ABplppapap,222,29213,4213,-744,-746,3973,16.0,468,467,34,264336
ABplppapap:223,ABplppapap,223,29154,4154,-681,-689,4036,15.3,472,468,34,248661
ABplppapap:224,ABplppapap,224,29062,4062,-461,-461,3893,16.0,470,472,34,258894
ABplppapap:225,ABplppapap,225,29543,4543,-437,-422,4321,15.2,475,472,34,253003
ABplppapap:226,ABplppapap,226,29125,4125,-551,-551,3817,16.0,468,473,34,261276
ABplppapap:227,ABplppapap,227,29792,4792,217,205,4461,15.2,473,471,34,262289
ABplppapap:228,ABplppapap,228,29360,4360,-390,-386,4100,15.1,472,472,34,266773
ABplppapap:229,ABplppapap,229,28788,3788,-1031,-1038,3616,15.0,476,469,31,207971
ABplppapap:230,ABplppapap,230,29995,4995,245,232,4792,15.1,472,470,34,275594
ABplppapap:231,ABplppapap,231,29168,4168,-585,-588,4033,15.1,473,471,34,266180
ABplppapap:232,ABplppapap,232,29718,4718,-45,-45,4570,16.0,469,467,34,281313
ABplppapap:233,ABplppapap,233,29838,4838,-5,5,4724,15.1,473,471,34,274112
ABplppapap:234,ABplppapap,234,29042,4042,-677,-618,3918,14.3,470,470,34,259347
ABplppapap:235,ABplppapap,235,29309,4309,-464,-472,4176,14.1,472,467,34,277173
ABplppapap:236,ABplppapap,236,29598,4598,-17,-52,4477,14.2,475,465,34,274974
ABplppapap:237,ABplppapap,237,29413,4413,-180,-209,4303,13.3,474,463,34,258779
ABplppapap:238,ABplppapap,238,29682,4682,-43,-78,4540,14.1,475,463,34,284462
ABplppapap:239,ABplppapap,239,29316,4316,-340,-333,4159,14.0,470,465,34,298873
ABplppapap:240,ABplppapap,240,29385,4385,-318,-332,4286,14.0,475,461,34,290162
ABplppapap:241,ABplppapap,241,29831,4831,286,285,4732,13.2,475,462,31,204892
ABplppapap:242,ABplppapap,242,29522,4522,-152,-147,4433,14.0,469,464,34,295045
ABplppapap:243,ABplppapap,243,30241,5241,581,580,5112,14.0,467,464,34,289461
ABplppapap:244,ABplppapap,244,29408,4408,-452,-485,4256,14.1,471,464,34,290215
ABplppapap:245,ABplppapap,245,30243,5243,539,569,5110,14.1,466,463,31,214221
ABplppapap:246,ABplppapap,246,30097,5097,320,274,4910,15.0,466,463,34,302619
ABplppapap:247,ABplppapap,247,29733,4733,167,122,4596,14.1,465,465,34,283513
ABplppapap:248,ABplppapap,248,29591,4591,18,-9,4430,14.1,463,465,31,229503
ABplppapap:249,ABplppapap,249,29687,4687,-53,-114,4417,14.1,461,465,34,290307
ABplppapap:250,ABplppapap,250,29420,4420,-203,-228,4235,14.0,462,466,31,222818
ABplppapp:127,ABplppapp,127,30001,5001,79,105,4836,18.2,495,403,33,95826
ABplppapp:128,ABplppapp,128,30461,5461,542,542,5320,18.3,498,404,33,95826
ABplppapp:129,ABplppapp,129,29714,4714,-353,-356,4558,18.5,502,405,33,95826
ABplppapp:130,ABplppapp,130,29074,4074,-648,-648,3864,18.6,505,406,32,95826
ABplppapp:131,ABplppapp,131,29504,4504,-316,-300,4244,18.8,509,407,32,95826
ABplppapp:132,ABplppapp,132,29485,4485,-251,-251,4361,18.9,512,408,32,95826
ABplppapp:133,ABplppapp,133,28734,3734,-1086,-1081,3354,19.1,516,409,31,95826
ABplppapp:134,ABplppapp,134,29550,4550,-466,-475,4344,19.3,519,409,31,95826
ABplppapp:135,ABplppapp,135,29333,4333,-432,-379,4124,19.4,522,410,31,95826
ABplppapp:136,ABplppapp,136,29896,4896,305,324,4690,19.6,526,411,31,95826
ABplppapp:137,ABplppapp,137,29484,4484,-269,-269,4331,19.7,529,412,30,95826
ABplppapp:138,ABplppapp,138,29988,4988,-11,-11,4863,19.9,533,413,30,95826
ABplppapp:139,ABplppapp,139,30293,5293,15,15,5160,20.0,536,414,30,95826
ABplppapp:140,ABplppapp,140,29587,4587,-603,-603,4310,20.2,540,415,29,57148
ABplppapp:141,ABplppapp,141,30071,5071,-249,-249,4907,20.2,540,415,29,57148
ABplppapp:142,ABplppapp,142,29488,4488,-941,-946,4181,22.0,535,413,29,61534
ABplppapp:143,ABplppapp,143,29955,4955,-635,-655,4672,21.9,535,414,30,80493
ABplppapp:144,ABplppapp,144,29766,4766,-176,-167,4511,21.2,527,417,32,90515
ABplppapp:145,ABplppapp,145,29742,4742,-532,-526,4612,21.1,536,415,34,112807
ABplppapp:146,ABplppapp,146,30592,5592,-289,169,5422,22.0,539,413,46,250815
ABplppapp:147,ABplppapp,147,30566,5566,-202,349,4903,22.0,541,417,46,252780
ABplppapp:148,ABplppapp,148,29995,4995,-636,-234,4796,22.0,539,414,46,270370
ABplppapp:149,ABplppapp,149,29762,4762,-827,-439,4632,22.0,538,415,47,271936
ABplppapp:150,ABplppapp,150,30079,5079,-518,-225,4963,22.0,535,415,47,266407
ABplppapp:151,ABplppapp,151,29585,4585,-1372,-635,4165,22.0,549,417,47,289145
ABplppapp:152,ABplppapp,152,29981,4981,-925,-461,4835,22.1,546,420,47,293776
ABplppapp:153,ABplppapp,153,30424,5424,-415,-168,5327,22.0,540,423,49,349421
ABplppapp:154,ABplppapp,154,29819,4819,-600,-430,4591,22.1,536,424,48,333462
ABplppapp:155,ABplppapp,155,30556,5556,-355,37,5212,23.0,536,424,48,334735
ABplppapp:156,ABplppapp,156,30216,5216,-840,-466,4837,23.1,533,428,48,296177
ABplppapp:157,ABplppapp,157,29848,4848,-1078,-592,4367,24.0,540,426,51,353053
ABplppapp:158,ABplppapp,158,29420,4420,-1222,-729,2735,23.1,540,427,34,127597
ABplppapp:159,ABplppapp,159,31232,6232,459,719,5039,23.1,540,421,47,278110
ABplppapp:160,ABplppapp,160,30558,5558,-420,-9,3817,23.2,538,419,47,282093
ABplppapp:161,ABplppapp,161,31664,6664,567,897,4700,24.1,541,419,49,367436
ABplppapp:162,ABplppapp,162,33695,8695,2323,2456,3924,25.0,533,426,48,384050
ABplppapp:163,ABplppapp,163,30612,5612,-452,324,3602,23.0,540,423,46,335849
ABplppapp:164,ABplppapp,164,30634,5634,-695,70,3751,23.0,536,420,45,288582
ABplppapp:165,ABplppapp,165,30439,5439,-294,178,4078,23.0,533,407,29,88155
ABplppapp:166,ABplppapp,166,30008,5008,-560,-310,3738,23.0,543,400,44,259572
ABplppapp:167,ABplppapp,167,30649,5649,575,664,4984,22.9,544,396,39,185232
ABplppapp:168,ABplppapp,168,29631,4631,-999,-784,3077,24.0,544,401,36,171725
ABplppapp:169,ABplppapp,169,29526,4526,-1069,-871,3668,24.0,545,402,39,211417
ABplppapp:170,ABplppapp,170,29698,4698,-914,-911,4211,24.0,547,401,38,226451
ABplppapp:171,ABplppapp,171,30489,5489,200,183,5142,24.0,552,403,37,184400
ABplppapp:172,ABplppapp,172,30054,5054,-69,-71,4867,23.1,542,404,36,178101
ABplppapp:173,ABplppapp,173,29560,4560,-343,-305,4260,23.1,534,413,36,179368
ABplppapp:174,ABplppapp,174,30308,5308,200,452,4613,23.2,536,422,36,191218
ABplppapp:175,ABplppapp,175,30233,5233,-424,67,3261,23.2,531,428,36,196084
ABplppapp:176,ABplppapp,176,29236,4236,-957,-689,2810,24.0,543,417,35,169934
ABplppapp:177,ABplppapp,177,29507,4507,-846,-554,2299,24.0,546,431,35,190677
ABplppapp:178,ABplppapp,178,30546,5546,392,393,4940,24.0,549,420,31,163759
ABplppapp:179,ABplppapp,179,29297,4297,-1107,-1065,3642,24.0,554,428,30,158849
ABplppappa:180,ABplppappa,180,30890,5890,-136,225,2960,24.0,524,430,34,190902
ABplppappa:181,ABplppappa,181,30174,5174,-180,-19,2746,24.0,524,442,30,153510
ABplppappa:182,ABplppappa,182,30705,5705,260,327,4024,23.2,527,449,34,163503
ABplppappa:183,ABplppappa,183,30454,5454,243,346,3314,24.0,529,447,34,182489
ABplppappa:184,ABplppappa,184,29794,4794,-511,-454,3248,24.1,534,452,34,184147
ABplppappa:185,ABplppappa,185,30759,5759,50,208,3381,24.1,538,448,34,182248
ABplppappa:186,ABplppappa,186,30969,5969,377,819,2965,24.1,539,441,34,153291
ABplppappa:187,ABplppappa,187,30886,5886,-134,201,2660,24.0,539,439,31,118106
ABplppappa:188,ABplppappa,188,30530,5530,38,196,4023,24.0,540,447,34,153010
ABplppappa:189,ABplppappa,189,30824,5824,513,669,3869,24.1,540,444,34,166934
ABplppappa:190,ABplppappa,190,30433,5433,-465,-178,4029,25.1,538,432,31,129322
ABplppappa:191,ABplppappa,191,30486,5486,-166,-148,4324,24.3,542,439,34,152855
ABplppappa:192,ABplppappa,192,30802,5802,-132,519,2333,25.1,540,434,34,171253
ABplppappa:193,ABplppappa,193,33313,8313,1780,2442,3746,26.0,533,433,34,186919
ABplppappa:194,ABplppappa,194,30330,5330,9,251,3738,24.1,530,437,34,176925
ABplppappa:195,ABplppappa,195,30402,5402,-700,113,1492,25.1,531,430,31,140815
ABplppappa:196,ABplppappa,196,31499,6499,329,1121,3133,25.0,533,439,34,192734
ABplppappa:197,ABplppappa,197,30842,5842,-40,562,2660,25.0,531,436,34,174621
ABplppappa:198,ABplppappa,198,30211,5211,-112,-2,4404,24.2,526,441,34,181672
ABplppappa:199,ABplppappa,199,29725,4725,-645,-654,3843,24.1,532,444,34,176704
ABplppappa:200,ABplppappa,200,29828,4828,-1025,-818,3378,24.1,532,442,34,186150
ABplppappa:201,ABplppappa,201,30629,5629,20,24,4479,24.1,530,449,31,156682
ABplppappa:202,ABplppappa,202,30114,5114,-389,-305,3562,24.1,532,449,34,201381
ABplppappa:203,ABplppappa,203,30056,5056,-110,-146,4110,23.2,536,449,34,181213
ABplppappa:204,ABplppappa,204,29909,4909,-243,-139,4055,24.1,527,449,34,200582
ABplppappa:205,ABplppappa,205,30483,5483,306,319,4681,23.2,526,444,34,185865
ABplppappa:206,ABplppappa,206,30100,5100,-398,-424,4193,24.1,513,441,34,192209
ABplppappa:207,ABplppappa,207,30018,5018,-157,-109,4536,23.2,521,441,34,167839
ABplppappa:208,ABplppappa,208,30516,5516,184,486,3857,25.0,518,437,34,187811
ABplppappa:209,ABplppappa,209,29843,4843,-289,-361,4221,24.1,517,434,34,186073
ABplppappa:210,ABplppappa,210,30164,5164,-120,-189,4339,24.2,518,437,34,184726
ABplppappa:211,ABplppappa,211,30691,5691,190,193,5091,24.2,521,429,34,180513
ABplppappa:212,ABplppappa,212,29785,4785,-409,-449,3935,25.1,519,431,34,196494
ABplppappa:213,ABplppappa,213,29657,4657,-391,-437,4025,26.0,516,437,34,198770
ABplppappa:214,ABplppappa,214,30109,5109,-99,32,4285,26.0,520,438,34,215354
ABplppappa:215,ABplppappa,215,29334,4334,-1255,-1230,3643,25.2,520,432,34,182962
ABplppappa:216,ABplppappa,216,30029,5029,-479,-435,4553,26.0,518,437,34,196538
ABplppappa:217,ABplppappa,217,29792,4792,-278,-318,4277,25.1,520,436,31,152632
ABplppappa:218,ABplppappa,218,30233,5233,114,137,4417,25.1,523,435,34,190168
ABplppappa:219,ABplppappa,219,30728,5728,553,548,5133,25.1,519,433,34,199131
ABplppappa:220,ABplppappa,220,30052,5052,-80,-172,4165,25.1,516,443,34,207397
ABplppappa:221,ABplppappa,221,30085,5085,-20,-49,4590,25.1,519,442,34,202776
ABplppappa:222,ABplppappa,222,29891,4891,59,100,4416,25.2,509,440,34,205135
ABplppappa:223,ABplppappa,223,29154,4154,-567,-522,3744,26.1,506,435,34,193014
ABplppappa:224,ABplppappa,224,29493,4493,-329,-334,4196,26.0,508,436,34,188259
ABplppappa:225,ABplppappa,225,29807,4807,-142,-149,4476,26.0,512,438,34,185323
ABplppappa:226,ABplppappa,226,29273,4273,-612,-646,4089,27.0,503,427,34,195082
ABplppappa:227,ABplppappa,227,29979,4979,178,168,4754,26.1,506,433,34,190766
ABplppappa:228,ABplppappa,228,28977,3977,-855,-891,3441,28.0,504,419,29,105108
ABplppappa:229,ABplppappa,229,29739,4739,297,271,3685,28.0,504,419,29,105108
ABplppappa:230,ABplppappa,230,29383,4383,-399,-455,3728,26.1,509,412,34,198597
ABplppappa:231,ABplppappa,231,30002,5002,245,215,4237,26.0,506,425,34,204258
ABplppappa:232,ABplppappa,232,29706,4706,-75,-64,4391,26.0,503,424,34,191584
ABplppappa:233,ABplppappa,233,30160,5160,129,143,4382,26.0,505,421,34,206385
ABplppappa:234,ABplppappa,234,29972,4972,468,442,4479,26.1,491,423,34,187735
ABplppappa:235,ABplppappa,235,29909,4909,112,169,3027,27.0,502,412,34,205601
ABplppappa:236,ABplppappa,236,29508,4508,-386,-371,3584,26.0,492,421,34,198446
ABplppappa:237,ABplppappa,237,29397,4397,-655,-748,3207,26.1,497,415,34,222385
ABplppappa:238,ABplppappa,238,29767,4767,109,87,3805,25.1,495,423,34,207768
ABplppappa:239,ABplppappa,239,29880,4880,227,216,4172,25.1,495,420,34,199027
ABplppappa:240,ABplppappa,240,30038,5038,417,360,4323,24.2,494,422,34,205391
ABplppappa:241,ABplppappa,241,29131,4131,-535,-584,3572,25.1,496,424,31,173158
ABplppappa:242,ABplppappa,242,29500,4500,95,143,4106,24.1,499,426,34,203012
ABplppappa:243,ABplppappa,243,29612,4612,-235,-221,4108,26.0,498,428,34,220027
ABplppappa:244,ABplppappa,244,29713,4713,-85,-96,4390,25.1,503,422,34,205235
ABplppappa:245,ABplppappa,245,29586,4586,-398,-434,4059,25.1,498,417,31,155434
ABplppappa:246,ABplppappa,246,28855,3855,-758,-755,3385,25.0,494,419,34,215916
ABplppappa:247,ABplppappa,247,29319,4319,-585,-597,3520,25.1,496,421,34,217721
ABplppappa:248,ABplppappa,248,29437,4437,-536,-600,3675,24.0,498,428,31,186532
ABplppappa:249,ABplppappa,249,29461,4461,-254,-188,3770,24.1,494,420,34,223060
ABplppappa:250,ABplppappa,250,29785,4785,-17,1,4026,24.1,494,421,31,186483
ABplppappp:180,ABplppappp,180,31569,6569,579,965,4078,25.0,586,420,30,151353
ABplppappp:181,ABplppappp,181,30448,5448,-295,-105,3004,25.0,590,422,34,186000
ABplppappp:182,ABplppappp,182,30382,5382,73,146,3590,24.2,586,423,29,103783
ABplppappp:183,ABplppappp,183,31204,6204,163,652,3213,25.2,587,415,34,160999
ABplppappp:184,ABplppappp,184,30763,5763,7,415,2340,25.2,588,413,34,163759
ABplppappp:185,ABplppappp,185,30014,5014,-524,-286,3315,26.0,594,428,34,177085
ABplppappp:186,ABplppappp,186,30521,5521,-355,-224,4506,26.0,590,421,34,153238
ABplppappp:187,ABplppappp,187,31328,6328,292,646,461,26.0,590,421,34,153238
ABplppappp:188,ABplppappp,188,29932,4932,-843,-633,1094,25.1,588,429,34,160723
ABplppappp:189,ABplppappp,189,30419,5419,-207,-88,3990,25.1,577,422,34,151713
ABplppappp:190,ABplppappp,190,30390,5390,-430,-444,2750,26.0,575,421,31,122841
ABplppappp:191,ABplppappp,191,30109,5109,-889,-764,3304,25.1,573,423,34,151629
ABplppappp:192,ABplppappp,192,30341,5341,-817,-311,3732,25.1,568,412,34,149782
ABplppappp:193,ABplppappp,193,30556,5556,-1161,-380,3277,26.1,569,412,34,167384
ABplppappp:194,ABplppappp,194,30641,5641,-566,-289,3672,25.0,560,411,34,157147
ABplppappp:195,ABplppappp,195,30478,5478,-529,-365,3999,25.2,565,414,31,118793
ABplppappp:196,ABplppappp,196,30109,5109,-611,-186,3747,25.2,564,419,29,99127
ABplppappp:197,ABplppappp,197,30701,5701,-91,139,3950,25.2,569,425,34,164847
ABplppappp:198,ABplppappp,198,30565,5565,-906,-360,2538,25.3,561,423,34,160574
ABplppappp:199,ABplppappp,199,30913,5913,93,330,4478,25.2,568,430,34,183916
ABplppappp:200,ABplppappp,200,29623,4623,-1136,-861,3516,25.1,569,433,34,176616
ABplppappp:201,ABplppappp,201,30772,5772,-293,-196,4661,25.1,571,433,31,142192
ABplppappp:202,ABplppappp,202,30497,5497,-427,-306,3580,24.2,567,432,34,172273
ABplppappp:203,ABplppappp,203,29328,4328,-1333,-1215,2549,24.2,571,435,34,188426
ABplppappp:204,ABplppappp,204,30633,5633,-426,95,3079,25.0,565,435,34,198524
ABplppappp:205,ABplppappp,205,30732,5732,175,277,3783,24.1,569,435,34,189735
ABplppappp:206,ABplppappp,206,30333,5333,-851,-306,3144,25.0,565,432,34,205134
ABplppappp:207,ABplppappp,207,29870,4870,-1312,-1038,3672,25.0,574,435,34,191413
ABplppappp:208,ABplppappp,208,30067,5067,-811,-442,3294,25.0,567,432,34,186752
ABplppappp:209,ABplppappp,209,29814,4814,-1016,-986,3950,24.1,570,435,34,183226
ABplppappp:210,ABplppappp,210,29813,4813,-1212,-951,3153,24.2,572,436,34,190057
ABplppappp:211,ABplppappp,211,29649,4649,-1165,-962,3065,25.0,570,442,34,207909
ABplppappp:212,ABplppappp,212,30137,5137,-618,-535,4371,25.1,569,440,34,202496
ABplppappp:213,ABplppappp,213,30736,5736,-437,-315,5277,25.2,575,439,34,197438
ABplppappp:214,ABplppappp,214,30792,5792,-246,-160,5240,25.2,577,436,34,182926
ABplppappp:215,ABplppappp,215,30651,5651,-608,-469,4972,26.0,571,435,34,193973
ABplppappp:216,ABplppappp,216,30824,5824,-183,-26,5215,25.1,570,437,34,173537
ABplppappp:217,ABplppappp,217,30499,5499,-127,-95,4956,26.0,566,440,31,148224
ABplppappp:218,ABplppappp,218,30600,5600,-46,81,4866,25.1,571,439,34,204708
ABplppappp:219,ABplppappp,219,32349,7349,1090,1530,5371,25.1,571,433,34,205161
ABplppappp:220,ABplppappp,220,30359,5359,-823,-488,4040,25.1,572,438,34,208506
ABplppappp:221,ABplppappp,221,30501,5501,-710,-285,3578,26.0,570,436,34,205493
ABplppappp:222,ABplppappp,222,31285,6285,78,829,4432,26.1,567,438,34,205007
ABplppappp:223,ABplppappp,223,31020,6020,-134,155,4782,25.1,568,435,34,196790
ABplppappp:224,ABplppappp,224,31599,6599,753,1053,5340,25.1,572,435,34,200847
ABplppappp:225,ABplppappp,225,30538,5538,-597,-20,2826,26.1,568,433,34,204447
ABplppappp:226,ABplppappp,226,30391,5391,-543,-238,3804,26.0,571,439,34,212444
ABplppappp:227,ABplppappp,227,30486,5486,-747,51,3257,26.1,571,439,34,215796
ABplppappp:228,ABplppappp,228,29659,4659,-1452,-1088,3339,26.0,567,438,34,208350
ABplppappp:229,ABplppappp,229,29554,4554,-1321,-1157,3231,26.0,567,437,34,208350
ABplppappp:230,ABplppappp,230,30170,5170,-416,-135,3891,26.0,566,436,34,208350
ABplppappp:231,ABplppappp,231,31818,6818,-370,586,-7323,26.0,566,435,34,208350
ABplppappp:232,ABplppappp,232,30859,5859,-472,501,4573,26.1,565,434,34,208350
ABplppappp:233,ABplppappp,233,30856,5856,-873,-49,929,26.1,565,433,34,208350
ABplppappp:234,ABplppappp,234,31754,6754,470,1896,31,26.1,564,432,34,208350
ABplppappp:235,ABplppappp,235,31685,6685,-226,690,710,26.1,563,430,34,214329
ABplppappp:236,ABplppappp,236,32239,7239,606,1691,2925,25.2,564,432,34,208343
ABplppappp:237,ABplppappp,237,32723,7723,756,1736,2712,26.1,565,431,34,232122
ABplppappp:238,ABplppappp,238,31575,6575,-544,249,1779,26.1,565,431,34,232122
ABplppappp:239,ABplppappp,239,35812,10812,3637,4332,5077,26.6,565,423,34,232122
ABplppappp:240,ABplppappp,240,38220,13220,4198,4822,7129,27.4,576,418,33,232122
ABplppp:60,ABplppp,60,29483,4483,-341,-366,4479,19.0,567,435,68,0
ABplppp:61,ABplppp,61,29733,4733,36,31,4733,19.0,577,436,67,0
ABplppp:62,ABplppp,62,29567,4567,-162,-150,4567,19.0,587,437,65,0
ABplppp:63,ABplppp,63,29657,4657,-97,-98,4657,19.0,597,439,63,0
ABplppp:64,ABplppp,64,29474,4474,-163,-161,4473,19.0,607,440,62,0
ABplppp:65,ABplppp,65,29521,4521,-453,-465,4519,19.0,617,441,60,0
ABplppp:66,ABplppp,66,29721,4721,-1,10,4719,19.0,627,443,58,0
ABplppp:67,ABplppp,67,29867,4867,35,64,4863,19.1,620,443,58,0
ABplppp:68,ABplppp,68,29365,4365,-484,-468,4362,19.3,612,443,58,0
ABplppp:69,ABplppp,69,29968,4968,257,255,4967,19.4,604,443,58,0
ABplppp:70,ABplppp,70,29996,4996,295,296,4996,19.5,596,443,58,0
ABplppp:71,ABplppp,71,29726,4726,94,110,4726,19.6,588,443,58,0
ABplppp:72,ABplppp,72,29634,4634,-281,-304,4634,19.8,580,443,58,0
ABplppp:73,ABplppp,73,29225,4225,-464,-495,4225,19.9,572,443,58,0
ABplppp:74,ABplppp,74,29357,4357,-566,-566,4357,20.0,564,442,58,0
ABplppp:75,ABplppp,75,29524,4524,-295,-315,4524,20.1,564,441,58,0
ABplppp:76,ABplppp,76,29570,4570,-492,-516,4570,20.2,564,440,58,0
ABplppp:77,ABplppp,77,29352,4352,-433,-431,4352,20.2,565,438,58,0
ABplppp:78,ABplppp,78,29474,4474,-318,-310,4474,20.3,565,437,58,0
ABplppp:79,ABplppp,79,29493,4493,-302,-307,4493,20.4,565,436,58,0
ABplppp:80,ABplppp,80,29343,4343,-541,-533,4343,20.5,566,434,58,0
ABplppp:81,ABplppp,81,29463,4463,-563,-547,4463,20.5,566,433,58,0
ABplppp:82,ABplppp,82,29371,4371,-423,-414,4371,20.6,567,431,58,0
ABplppp:83,ABplppp,83,29387,4387,-352,-363,4387,20.7,567,430,58,0
ABplppp:84,ABplppp,84,29566,4566,-305,-306,4566,20.8,567,429,58,0
ABplppp:85,ABplppp,85,29177,4177,-453,-463,4177,20.8,568,427,58,0
ABplppp:86,ABplppp,86,29455,4455,-153,-149,4455,20.9,568,426,58,0
ABplppp:87,ABplppp,87,29396,4396,-222,-227,4396,21.0,569,424,58,0
ABplpppa:88,ABplpppa,88,29875,4875,240,235,4646,21.0,554,430,58,0
ABplpppa:89,ABplpppa,89,29591,4591,-132,-136,4555,21.0,539,437,58,0
ABplpppa:90,ABplpppa,90,29986,4986,323,289,4729,21.0,538,437,58,0
ABplpppa:91,ABplpppa,91,29679,4679,-5,-30,4520,20.9,537,438,58,0
ABplpppa:92,ABplpppa,92,29646,4646,-58,-44,4367,20.9,536,439,58,0
ABplpppa:93,ABplpppa,93,29647,4647,6,41,4397,20.8,534,440,58,0
ABplpppa:94,ABplpppa,94,30133,5133,329,321,5022,20.8,533,441,58,0
ABplpppa:95,ABplpppa,95,29987,4987,243,246,4848,20.7,532,442,58,0
ABplpppa:96,ABplpppa,96,29666,4666,-127,-103,4558,20.7,530,443,58,0
ABplpppa:97,ABplpppa,97,29566,4566,-444,-492,4495,20.6,529,444,58,0
ABplpppa:98,ABplpppa,98,29583,4583,-200,-204,4528,20.6,528,445,58,0
ABplpppa:99,ABplpppa,99,29997,4997,68,140,4945,20.5,526,446,58,0
ABplpppa:100,ABplpppa,100,30106,5106,238,274,5089,20.5,525,446,58,0
ABplpppa:101,ABplpppa,101,30030,5030,24,140,5003,20.4,524,447,58,0
ABplpppa:102,ABplpppa,102,30060,5060,187,221,5038,20.4,523,448,58,0
ABplpppa:103,ABplpppa,103,30169,5169,22,186,5104,20.3,521,449,58,0
ABplpppa:104,ABplpppa,104,30456,5456,512,619,5389,20.3,520,450,58,0
ABplpppa:105,ABplpppa,105,30765,5765,790,889,5569,20.2,519,451,58,0
ABplpppa:106,ABplpppa,106,30913,5913,813,868,5834,20.2,517,452,58,0
ABplpppa:107,ABplpppa,107,30813,5813,761,785,5499,20.1,516,453,58,0
ABplpppa:108,ABplpppa,108,31202,6202,1071,1171,5811,20.1,515,454,58,0
ABplpppa:109,ABplpppa,109,31408,6408,1453,1620,6042,20.0,513,455,58,0
ABplpppa:110,ABplpppa,110,31424,6424,1294,1444,6142,20.3,513,454,57,0
ABplpppa:111,ABplpppa,111,31559,6559,1151,1225,6309,20.6,514,452,55,0
ABplpppa:112,ABplpppa,112,31697,6697,1066,1150,6222,20.9,514,451,53,0
ABplpppa:113,ABplpppa,113,31360,6360,512,757,5141,21.2,515,449,51,0
ABplpppa:114,ABplpppa,114,30947,5947,17,206,4029,21.5,516,448,49,0
ABplpppa:115,ABplpppa,115,31324,6324,311,357,5234,21.8,516,446,48,0
ABplpppa:116,ABplpppa,116,31179,6179,321,343,6029,22.1,517,445,46,0
ABplpppa:117,ABplpppa,117,32385,7385,1406,1329,7362,22.4,517,443,44,0
ABplpppa:118,ABplpppa,118,32188,7188,1358,1326,7176,22.7,518,442,42,0
ABplpppa:119,ABplpppa,119,32027,7027,1411,1408,7015,23.0,519,440,40,154497
ABplpppa:120,ABplpppa,120,30785,5785,87,70,5756,22.1,512,438,34,101526
ABplpppa:121,ABplpppa,121,31513,6513,565,563,6456,22.3,518,436,35,104736
ABplpppaa:122,ABplpppaa,122,30688,5688,42,35,5194,22.4,517,436,35,104736
ABplpppaa:123,ABplpppaa,123,31127,6127,667,661,5984,22.6,516,436,34,104736
ABplpppaa:124,ABplpppaa,124,30965,5965,517,508,5800,22.7,514,436,34,104736
ABplpppaa:125,ABplpppaa,125,30268,5268,-269,-275,5227,22.8,513,436,33,104736
ABplpppaa:126,ABplpppaa,126,31064,6064,-44,-23,6031,23.0,512,435,32,104736
ABplpppaa:127,ABplpppaa,127,31164,6164,218,220,6039,23.1,510,435,32,104736
ABplpppaa:128,ABplpppaa,128,32410,7410,1070,1068,7265,23.2,509,435,31,104736
ABplpppaa:129,ABplpppaa,129,31510,6510,409,407,6318,23.3,507,435,31,104736
ABplpppaa:130,ABplpppaa,130,34988,9988,3619,3618,9872,23.5,506,434,30,104736
ABplpppaa:131,ABplpppaa,131,32489,7489,705,707,7259,23.6,505,434,29,104736
ABplpppaa:132,ABplpppaa,132,31900,6900,91,91,6651,23.7,503,434,29,104736
ABplpppaa:133,ABplpppaa,133,32597,7597,705,705,7409,23.9,502,434,28,104736
ABplpppaa:134,ABplpppaa,134,34289,9289,1666,1666,9014,24.0,500,433,27,43488
ABplpppaa:135,ABplpppaa,135,35856,10856,3200,3200,10610,24.0,501,433,27,43488
ABplpppaa:136,ABplpppaa,136,34256,9256,2216,2216,9011,24.0,502,434,27,43488
ABplpppaa:137,ABplpppaa,137,33660,8660,1389,1389,8439,24.0,503,435,27,43488
ABplpppaa:138,ABplpppaa,138,34504,9504,1116,1116,9225,24.0,504,436,27,44705
ABplpppaa:139,ABplpppaa,139,35448,10448,2764,2764,10000,24.0,504,436,27,44705
ABplpppaa:140,ABplpppaa,140,33999,8999,2808,2845,8611,24.0,506,436,43,185916
ABplpppaa:141,ABplpppaa,141,34701,9701,2393,2393,9342,24.2,505,444,30,78114
ABplpppaa:142,ABplpppaa,142,33974,8974,3362,3428,8596,24.9,504,435,44,209632
ABplpppaa:143,ABplpppaa,143,34979,9979,3450,3450,9406,25.1,496,441,34,110226
ABplpppaa:144,ABplpppaa,144,33397,8397,1859,1705,7387,23.1,494,440,34,103082
ABplpppaa:145,ABplpppaa,145,35353,10353,4724,4717,10159,25.0,497,444,46,253143
ABplpppaa:146,ABplpppaa,146,34515,9515,3456,3483,8978,25.0,498,444,46,268022
ABplpppaa:147,ABplpppaa,147,35136,10136,4365,4427,9922,25.0,494,447,46,263632
ABplpppaa:148,ABplpppaa,148,35343,10343,4775,4765,9837,25.0,493,447,46,264869
ABplpppaa:149,ABplpppaa,149,34368,9368,3536,3615,8176,25.0,492,443,47,281055
ABplpppaa:150,ABplpppaa,150,34913,9913,2815,2737,9033,24.0,496,449,35,127182
ABplpppaa:151,ABplpppaa,151,33892,8892,3274,3128,8421,24.2,511,444,49,314947
ABplpppaa:152,ABplpppaa,152,34500,9500,3681,3579,9092,25.1,508,445,51,376292
ABplpppaa:153,ABplpppaa,153,34550,9550,3665,3513,8863,25.1,503,443,51,380987
ABplpppaa:154,ABplpppaa,154,33490,8490,2821,2603,7985,25.1,496,440,48,345914
ABplpppaa:155,ABplpppaa,155,35361,10361,4162,4205,9990,26.0,502,437,50,396788
ABplpppaa:156,ABplpppaa,156,34806,9806,3568,3571,9393,26.1,502,434,48,303785
ABplpppaa:157,ABplpppaa,157,34843,9843,3828,3760,9588,26.1,502,434,49,306515
ABplpppaa:158,ABplpppaa,158,34872,9872,3781,3869,9424,26.0,518,434,48,325279
ABplpppaa:159,ABplpppaa,159,35095,10095,2295,2263,8910,26.1,529,436,34,130990
ABplpppaa:160,ABplpppaa,160,35468,10468,3053,2788,9581,26.0,525,432,34,129524
ABplpppaa:161,ABplpppaa,161,34973,9973,3086,2974,8464,26.0,525,432,36,129524
ABplpppaa:162,ABplpppaa,162,35787,10787,3525,3240,7921,26.0,526,432,39,129524
ABplpppaa:163,ABplpppaa,163,37678,12678,6011,5839,11448,26.0,527,432,42,129524
ABplpppaa:164,ABplpppaa,164,36686,11686,5360,5271,10251,26.0,528,433,45,282410
ABplpppaa:165,ABplpppaa,165,35552,10552,4009,3961,9345,26.0,534,424,41,257995
ABplpppaa:166,ABplpppaa,166,33646,8646,1839,1837,7666,26.1,541,418,40,232623
ABplpppaaa:167,ABplpppaaa,167,33909,8909,2868,3018,7702,26.1,523,420,39,190222
ABplpppaaa:168,ABplpppaaa,168,34177,9177,2660,2556,8730,25.1,498,430,34,137837
ABplpppaaa:169,ABplpppaaa,169,37318,12318,6196,6202,11892,25.1,501,432,35,143377
ABplpppaaa:170,ABplpppaaa,170,36390,11390,5159,5158,11222,24.1,507,438,29,80302
ABplpppaaa:171,ABplpppaaa,171,35934,10934,4334,4289,9898,24.1,513,441,35,130248
ABplpppaaa:172,ABplpppaaa,172,36530,11530,5308,5308,10531,24.1,513,447,34,133870
ABplpppaaa:173,ABplpppaaa,173,36374,11374,4848,4834,10302,25.1,510,448,34,144390
ABplpppaaa:174,ABplpppaaa,174,36754,11754,5730,5707,10985,25.0,508,442,36,182946
ABplpppaaa:175,ABplpppaaa,175,36548,11548,5314,5036,10372,26.0,514,435,36,187850
ABplpppaaa:176,ABplpppaaa,176,36410,11410,5266,4941,10165,26.1,520,432,35,140867
ABplpppaaa:177,ABplpppaaa,177,33587,8587,2523,2229,7468,26.1,527,429,35,164720
ABplpppaaa:178,ABplpppaaa,178,35684,10684,4612,4374,9146,26.1,513,429,35,157201
ABplpppaaa:179,ABplpppaaa,179,36348,11348,4737,4630,10069,27.0,522,425,34,159817
ABplpppaaa:180,ABplpppaaa,180,36550,11550,4570,4506,9354,27.0,522,425,34,159817
ABplpppaaa:181,ABplpppaaa,181,33952,8952,2594,2353,7541,26.0,522,426,34,158847
ABplpppaaa:182,ABplpppaaa,182,34573,9573,2858,2588,8521,26.1,520,427,34,161474
ABplpppaaa:183,ABplpppaaa,183,34664,9664,2876,2777,8749,27.1,529,429,34,159445
ABplpppaaa:184,ABplpppaaa,184,37795,12795,6338,6254,12287,27.0,527,420,34,166704
ABplpppaaa:185,ABplpppaaa,185,36215,11215,4572,4529,10517,26.3,534,424,34,171801
ABplpppaaa:186,ABplpppaaa,186,35315,10315,3445,3333,9309,26.3,534,424,34,171801
ABplpppaaa:187,ABplpppaaa,187,36462,11462,4210,3998,10486,26.1,531,424,31,116965
ABplpppaaa:188,ABplpppaaa,188,40094,15094,7099,7189,14408,27.0,536,424,29,90422
ABplpppaaa:189,ABplpppaaa,189,37097,12097,5194,5120,11316,27.0,536,425,34,153920
ABplpppaaa:190,ABplpppaaa,190,40848,15848,7837,7800,15088,28.1,534,407,31,121524
ABplpppaaa:191,ABplpppaaa,191,38977,13977,6307,6240,13688,28.0,534,411,34,154175
ABplpppaaa:192,ABplpppaaa,192,38217,13217,6402,5883,11942,27.1,537,418,34,170980
ABplpppaaa:193,ABplpppaaa,193,41415,16415,7622,7406,14551,28.0,532,419,29,97601
ABplpppaaa:194,ABplpppaaa,194,37517,12517,5088,4793,11153,27.1,533,416,34,170361
ABplpppaaa:195,ABplpppaaa,195,36893,11893,4897,4499,10764,27.1,533,418,34,170361
ABplpppaaa:196,ABplpppaaa,196,38037,13037,5467,5043,11701,27.1,532,420,34,170361
ABplpppaaa:197,ABplpppaaa,197,35563,10563,2899,2452,9239,27.1,531,422,34,172682
ABplpppaaa:198,ABplpppaaa,198,42131,17131,9571,9550,16358,28.0,542,418,34,184593
ABplpppaaa:199,ABplpppaaa,199,40984,15984,8702,8542,15497,28.0,537,417,34,177898
ABplpppaaa:200,ABplpppaaa,200,39005,14005,6541,6231,13092,27.2,539,421,34,173818
ABplpppaaa:201,ABplpppaaa,201,40887,15887,7565,7494,15333,27.2,536,418,31,127724
ABplpppaaa:202,ABplpppaaa,202,41530,16530,8758,8542,15625,27.2,544,423,34,180642
ABplpppaaa:203,ABplpppaaa,203,38723,13723,5842,5719,13195,27.1,545,426,34,185231
ABplpppaaa:204,ABplpppaaa,204,40345,15345,7586,7414,14530,27.1,543,422,34,170031
ABplpppaaa:205,ABplpppaaa,205,41313,16313,8224,8040,15483,27.2,543,424,34,185608
ABplpppaaa:206,ABplpppaaa,206,39909,14909,7165,6853,14011,27.0,542,424,34,177086
ABplpppaaa:207,ABplpppaaa,207,38815,13815,5819,5596,13265,27.2,546,422,34,174579
ABplpppaaa:208,ABplpppaaa,208,37059,12059,4547,4087,11047,27.1,542,422,34,179171
ABplpppaaa:209,ABplpppaaa,209,40584,15584,7711,7611,15075,28.1,542,418,34,180878
ABplpppaaa:210,ABplpppaaa,210,37637,12637,4454,4249,11834,27.0,556,424,34,185765
ABplpppaaa:211,ABplpppaaa,211,40287,15287,7190,7126,14665,28.1,551,424,34,185359
ABplpppaaa:212,ABplpppaaa,212,39759,14759,6545,6443,14120,28.1,550,418,34,182018
ABplpppaaa:213,ABplpppaaa,213,39702,14702,6098,6054,14308,28.1,550,413,34,170099
ABplpppaaa:214,ABplpppaaa,214,40418,15418,7188,7082,14907,28.1,551,414,34,185890
ABplpppaaa:215,ABplpppaaa,215,40865,15865,7183,7132,15322,29.0,552,413,34,180282
ABplpppaaa:216,ABplpppaaa,216,38963,13963,5481,5364,13489,28.1,552,411,34,187635
ABplpppaaa:217,ABplpppaaa,217,41830,16830,7622,7580,16417,29.0,552,409,31,142767
ABplpppaaa:218,ABplpppaaa,218,41643,16643,7775,7684,16001,28.1,552,416,34,193223
ABplpppaaa:219,ABplpppaaa,219,40953,15953,7718,7815,14538,28.1,562,418,34,193360
ABplpppaaa:220,ABplpppaaa,220,40592,15592,7016,6924,14880,28.1,562,418,34,193360
ABplpppaaa:221,ABplpppaaa,221,38339,13339,4955,4850,12580,28.1,559,415,34,192341
ABplpppaaa:222,ABplpppaaa,222,39852,14852,6669,6570,13948,28.1,559,415,34,192341
ABplpppaaa:223,ABplpppaaa,223,39357,14357,6016,5897,13576,28.0,564,412,34,197729
ABplpppaaa:224,ABplpppaaa,224,41743,16743,7416,7343,16121,28.0,567,410,34,189098
ABplpppaaa:225,ABplpppaaa,225,40430,15430,6164,5786,14554,28.1,562,414,29,107220
ABplpppaaa:226,ABplpppaaa,226,38480,13480,5418,5328,12889,28.1,571,411,34,187013
ABplpppaaa:227,ABplpppaaa,227,40104,15104,7083,6757,14356,28.0,569,416,34,201669
ABplpppaaa:228,ABplpppaaa,228,38636,13636,5465,5167,13054,28.0,569,411,34,194933
ABplpppaaa:229,ABplpppaaa,229,36962,11962,3273,3074,11395,28.1,563,408,31,154150
ABplpppaaa:230,ABplpppaaa,230,40712,15712,7749,7501,14962,28.1,563,402,34,194245
ABplpppaaa:231,ABplpppaaa,231,41347,16347,6325,6438,10989,28.1,565,406,34,194245
ABplpppaaa:232,ABplpppaaa,232,38488,13488,4171,4365,5852,28.1,567,411,34,194245
ABplpppaaa:233,ABplpppaaa,233,38576,13576,4819,4833,3745,28.1,570,416,34,202725
ABplpppaaa:234,ABplpppaaa,234,41546,16546,7647,8149,11590,28.1,563,410,34,202286
ABplpppaaa:235,ABplpppaaa,235,40115,15115,6275,6604,8929,28.1,563,410,34,202286
ABplpppaaa:236,ABplpppaaa,236,39233,14233,4294,5028,8641,27.1,563,415,29,122441
ABplpppaaa:237,ABplpppaaa,237,36360,11360,2008,2744,5490,27.1,563,415,29,122441
ABplpppaaa:238,ABplpppaaa,238,40853,15853,6670,6070,13039,27.9,569,413,30,167915
ABplpppaaa:239,ABplpppaaa,239,39681,14681,4884,4423,11061,28.1,565,409,30,174553
ABplpppaaa:240,ABplpppaaa,240,39001,14001,5150,5204,9749,27.1,565,414,34,223877
ABplpppaaa:241,ABplpppaaa,241,37225,12225,4332,4223,10723,27.0,543,401,31,152195
ABplpppaaa:242,ABplpppaaa,242,36320,11320,3367,3401,10072,27.0,543,400,31,152195
ABplpppaaa:243,ABplpppaaa,243,34888,9888,2822,2733,8251,26.1,548,397,34,170979
ABplpppaaa:244,ABplpppaaa,244,32486,7486,532,481,6354,26.1,551,407,29,113103
ABplpppaaa:245,ABplpppaaa,245,34163,9163,2742,2796,7081,26.0,551,401,31,163138
ABplpppaaa:246,ABplpppaaa,246,34410,9410,2255,2221,7990,26.1,558,401,34,204812
ABplpppaaa:247,ABplpppaaa,247,34121,9121,2508,2621,7279,26.1,558,401,34,204812
ABplpppaaa:248,ABplpppaaa,248,37335,12335,4689,4357,10322,26.1,558,399,31,150109
ABplpppaaa:249,ABplpppaaa,249,30812,5812,-96,-286,3625,26.0,542,414,34,241287
ABplpppaaa:250,ABplpppaaa,250,37394,12394,4787,3933,10640,27.0,553,399,31,158392
ABplpppaap:167,ABplpppaap,167,35260,10260,3030,3092,9448,27.0,561,412,27,63251
ABplpppaap:168,ABplpppaap,168,36533,11533,4717,4651,10582,27.0,558,411,27,61179
ABplpppaap:169,ABplpppaap,169,34500,9500,3095,3074,8885,27.0,563,419,35,140348
ABplpppaap:170,ABplpppaap,170,37697,12697,5525,5417,12338,27.9,573,415,27,55415
ABplpppaap:171,ABplpppaap,171,37214,12214,5309,5321,11876,28.0,577,424,33,118576
ABplpppaap:172,ABplpppaap,172,35797,10797,3832,3758,10486,28.0,576,413,32,112319
ABplpppaap:173,ABplpppaap,173,35852,10852,4582,4607,10378,27.1,576,409,34,127680
ABplpppaap:174,ABplpppaap,174,34288,9288,2330,2323,9034,27.1,576,409,34,127680
ABplpppaap:175,ABplpppaap,175,35060,10060,2971,2993,9752,29.0,575,406,32,111211
ABplpppaap:176,ABplpppaap,176,35617,10617,3624,3623,10346,28.0,582,406,31,100925
ABplpppaap:177,ABplpppaap,177,36273,11273,3210,3210,10860,27.9,586,410,27,53889
ABplpppaap:178,ABplpppaap,178,35823,10823,4328,4328,10548,28.1,584,406,35,137714
ABplpppaap:179,ABplpppaap,179,35368,10368,3664,3669,10070,27.2,578,405,32,115963
ABplpppaap:180,ABplpppaap,180,34590,9590,2129,2128,8174,27.4,580,404,32,115963
ABplpppaap:181,ABplpppaap,181,34877,9877,2665,2542,8993,27.5,583,403,32,115963
ABplpppaap:182,ABplpppaap,182,36008,11008,4259,4250,10417,27.7,585,402,33,115963
ABplpppaap:183,ABplpppaap,183,37054,12054,5212,5141,12209,27.8,588,401,33,115963
ABplpppaap:184,ABplpppaap,184,34073,9073,1989,2075,2900,28.0,590,400,33,115963
ABplpppaap:185,ABplpppaap,185,36742,11742,4545,4427,11273,28.1,593,398,34,155214
ABplpppaap:186,ABplpppaap,186,37079,12079,3920,3943,11647,29.0,601,392,30,104639
ABplpppaap:187,ABplpppaap,187,34417,9417,2406,2209,8534,27.0,592,401,31,102135
ABplpppaap:188,ABplpppaap,188,38866,13866,6396,6420,13543,28.1,597,394,32,116292
ABplpppaap:189,ABplpppaap,189,38948,13948,5646,5646,13651,29.1,597,391,30,104567
ABplpppaap:190,ABplpppaap,190,41732,16732,8824,8824,16542,29.1,594,388,31,110790
ABplpppaap:191,ABplpppaap,191,39257,14257,5680,5687,13874,28.1,594,384,32,117770
ABplpppaap:192,ABplpppaap,192,38951,13951,6183,6128,13438,28.1,594,389,34,152339
ABplpppaap:193,ABplpppaap,193,40051,15051,7312,7182,14298,28.1,587,391,34,153562
ABplpppaap:194,ABplpppaap,194,38302,13302,5150,5130,12873,28.1,593,393,34,148726
ABplpppaap:195,ABplpppaap,195,39265,14265,6242,6240,13839,28.0,592,392,31,112842
ABplpppaap:196,ABplpppaap,196,39960,14960,6910,6942,14625,28.1,589,389,34,157105
ABplpppaap:197,ABplpppaap,197,37365,12365,4484,4567,11450,27.3,596,397,34,143171
ABplpppaap:198,ABplpppaap,198,40719,15719,7391,7407,15368,28.1,595,398,34,158262
ABplpppaap:199,ABplpppaap,199,39264,14264,6054,6134,13560,27.3,602,401,34,140273
ABplpppaap:200,ABplpppaap,200,39685,14685,7142,7155,14168,28.1,602,399,34,157843
ABplpppaap:201,ABplpppaap,201,40850,15850,6623,6623,15349,28.1,605,404,31,129245
ABplpppaap:202,ABplpppaap,202,39987,14987,6464,6578,13775,27.1,606,410,34,174441
ABplpppaap:203,ABplpppaap,203,39208,14208,5696,5931,12289,27.1,608,411,34,172112
ABplpppaap:204,ABplpppaap,204,39031,14031,5474,5577,12845,27.2,603,416,34,172198
ABplpppaap:205,ABplpppaap,205,41613,16613,8264,8270,16155,28.1,599,413,34,181732
ABplpppaap:206,ABplpppaap,206,41719,16719,8132,8117,16306,28.0,599,413,34,187773
ABplpppaap:207,ABplpppaap,207,42340,17340,9852,9883,17111,28.1,609,417,34,184513
ABplpppaap:208,ABplpppaap,208,41698,16698,7521,7585,15337,27.2,609,413,34,176891
ABplpppaap:209,ABplpppaap,209,39521,14521,6023,6051,13914,27.2,601,414,34,170545
ABplpppaap:210,ABplpppaap,210,41382,16382,7604,7678,15508,27.2,614,418,34,175644
ABplpppaap:211,ABplpppaap,211,43427,18427,10186,10192,18207,28.1,612,419,34,189250
ABplpppaap:212,ABplpppaap,212,43669,18669,10349,10349,18164,28.1,612,418,34,186145
ABplpppaap:213,ABplpppaap,213,41001,16001,7259,7255,15852,28.0,616,409,34,187982
ABplpppaap:214,ABplpppaap,214,41987,16987,8571,8576,16510,28.1,620,408,34,183841
ABplpppaap:215,ABplpppaap,215,39328,14328,5193,5248,13348,28.1,628,404,34,183565
ABplpppaap:216,ABplpppaap,216,39193,14193,5368,5356,13474,27.2,626,412,34,168931
ABplpppaap:217,ABplpppaap,217,37544,12544,3953,5019,7276,27.2,626,412,34,168931
ABplpppaap:218,ABplpppaap,218,41259,16259,7158,8202,10557,27.2,627,411,34,187996
ABplpppaap:219,ABplpppaap,219,42740,17740,8551,8809,16132,28.0,630,411,34,201624
ABplpppaap:220,ABplpppaap,220,39964,14964,4841,4641,12813,28.1,637,402,34,201123
ABplpppaap:221,ABplpppaap,221,38632,13632,3713,4099,10309,27.1,640,406,34,198250
ABplpppaap:222,ABplpppaap,222,38756,13756,4605,4641,12849,27.1,632,417,34,175733
ABplpppaap:223,ABplpppaap,223,41992,16992,7849,7956,16154,28.1,628,415,34,193583
ABplpppaap:224,ABplpppaap,224,40825,15825,6416,6697,14692,28.0,633,409,34,190677
ABplpppaap:225,ABplpppaap,225,40107,15107,6512,6583,14293,28.1,630,412,34,182074
ABplpppaap:226,ABplpppaap,226,38651,13651,4733,4723,12222,28.0,636,406,34,199938
ABplpppaap:227,ABplpppaap,227,39924,14924,6145,6093,13739,28.2,635,406,34,192055
ABplpppaap:228,ABplpppaap,228,39776,14776,6236,6333,14331,28.2,632,408,34,184178
ABplpppaap:229,ABplpppaap,229,41484,16484,6922,6929,15986,29.0,635,406,31,152662
ABplpppaap:230,ABplpppaap,230,37355,12355,3404,3407,11402,28.0,641,403,34,184443
ABplpppaap:231,ABplpppaap,231,38658,13658,5111,5119,12768,28.0,630,403,34,193828
ABplpppaap:232,ABplpppaap,232,39287,14287,5425,5394,12879,28.0,643,398,34,208464
ABplpppaap:233,ABplpppaap,233,38660,13660,4661,4717,12272,28.1,645,398,34,202994
ABplpppaap:234,ABplpppaap,234,39907,14907,6285,6283,14462,29.0,640,405,34,216443
ABplpppaap:235,ABplpppaap,235,38841,13841,4594,4501,13154,28.2,642,405,34,207213
ABplpppaap:236,ABplpppaap,236,38576,13576,4681,4661,13169,28.2,633,405,34,221127
ABplpppaap:237,ABplpppaap,237,39348,14348,5319,5316,13816,28.1,635,406,34,248261
ABplpppaap:238,ABplpppaap,238,40277,15277,6537,6631,14622,28.1,639,405,34,249173
ABplpppaapa:239,ABplpppaapa,239,35197,10197,2361,2105,7899,28.1,613,406,32,154471
ABplpppaapa:240,ABplpppaapa,240,38884,13884,5757,5758,12667,29.0,611,413,30,141610
ABplpppaapa:241,ABplpppaapa,241,36708,11708,2979,3332,9197,29.1,615,408,31,141329
ABplpppaapa:242,ABplpppaapa,242,39299,14299,6096,6410,12451,28.9,623,414,30,143485
ABplpppaapa:243,ABplpppaapa,243,38971,13971,5929,6264,12149,28.1,632,415,34,192220
ABplpppaapa:244,ABplpppaapa,244,37543,12543,4563,4809,10795,27.2,637,420,34,193771
ABplpppaapa:245,ABplpppaapa,245,40532,15532,7959,7979,14331,27.2,636,422,31,162915
ABplpppaapa:246,ABplpppaapa,246,39588,14588,5986,6194,13334,27.1,637,420,34,217421
ABplpppaapa:247,ABplpppaapa,247,39209,14209,6141,6401,12603,27.0,645,423,34,226936
ABplpppaapa:248,ABplpppaapa,248,40586,15586,6776,7071,13066,27.0,642,418,31,185804
ABplpppaapa:249,ABplpppaapa,249,41491,16491,7929,8149,15355,27.0,647,416,34,220715
ABplpppaapa:250,ABplpppaapa,250,39628,14628,5495,5899,12238,27.0,647,416,34,220715
ABplpppaapp:239,ABplpppaapp,239,37575,12575,3637,4203,7440,27.0,661,412,34,255447
ABplpppaapp:240,ABplpppaapp,240,40070,15070,6415,6920,12351,27.0,667,414,34,267394
ABplpppaapp:241,ABplpppaapp,241,38400,13400,4160,4731,6509,27.0,667,414,34,267394
ABplpppaapp:242,ABplpppaapp,242,39668,14668,4983,5532,10252,27.0,683,407,30,198288
ABplpppaapp:243,ABplpppaapp,243,40623,15623,6208,6607,11853,27.1,687,408,29,143659
ABplpppaapp:244,ABplpppaapp,244,37397,12397,3862,4214,7997,26.1,691,407,34,247941
ABplpppaapp:245,ABplpppaapp,245,38995,13995,4498,5174,9863,26.1,686,412,31,196138
ABplpppaapp:246,ABplpppaapp,246,39881,14881,5889,6410,11637,26.1,689,420,34,254514
ABplpppaapp:247,ABplpppaapp,247,38497,13497,4896,5144,10823,26.1,692,415,34,246336
ABplpppaapp:248,ABplpppaapp,248,39252,14252,4850,5315,10720,26.2,683,419,31,192395
ABplpppaapp:249,ABplpppaapp,249,39589,14589,5831,6207,13130,27.0,686,415,34,259801
ABplpppaapp:250,ABplpppaapp,250,40171,15171,5820,6102,12729,26.2,688,416,31,194840
ABplpppap:122,ABplpppap,122,32465,7465,1324,1312,5997,22.0,553,442,27,50631
ABplpppap:123,ABplpppap,123,33516,8516,2943,2959,8269,22.0,568,444,36,144003
ABplpppap:124,ABplpppap,124,33325,8325,2390,2375,7688,22.0,575,439,35,109203
ABplpppap:125,ABplpppap,125,34595,9595,3665,3682,8563,22.0,577,438,38,169016
ABplpppap:126,ABplpppap,126,31642,6642,492,489,6236,20.8,572,436,38,169016
ABplpppap:127,ABplpppap,127,32624,7624,1842,1888,6982,19.6,566,434,37,169016
ABplpppap:128,ABplpppap,128,32320,7320,1277,1267,6297,20.0,568,436,36,169016
ABplpppap:129,ABplpppap,129,33260,8260,2140,2190,7227,20.4,570,439,35,169016
ABplpppap:130,ABplpppap,130,33262,8262,1872,1872,8058,20.8,572,442,33,169016
ABplpppap:131,ABplpppap,131,32047,7047,770,781,6563,21.2,574,444,32,169016
ABplpppap:132,ABplpppap,132,35172,10172,3457,3457,9688,21.6,576,447,31,169016
ABplpppap:133,ABplpppap,133,36446,11446,3780,3780,11161,22.0,579,450,29,61083
ABplpppap:134,ABplpppap,134,35544,10544,4023,4023,10188,23.0,570,446,37,135007
ABplpppap:135,ABplpppap,135,35423,10423,4141,4168,9721,23.0,565,453,38,148156
ABplpppap:136,ABplpppap,136,35101,10101,3476,3776,7686,22.1,558,442,41,170407
ABplpppap:137,ABplpppap,137,35518,10518,4510,4512,9993,24.0,563,438,40,166635
ABplpppap:138,ABplpppap,138,33912,8912,2161,2162,8598,24.9,576,438,40,166947
ABplpppap:139,ABplpppap,139,36439,11439,4321,4572,9114,23.0,579,441,40,172440
ABplpppap:140,ABplpppap,140,35498,10498,3799,4119,8935,23.1,568,447,41,180522
ABplpppap:141,ABplpppap,141,35745,10745,4255,4462,8702,23.0,575,447,45,233629
ABplpppap:142,ABplpppap,142,36036,11036,4451,4817,8998,23.5,573,445,45,233629
ABplpppap:143,ABplpppap,143,35829,10829,4550,4706,9371,24.0,571,443,45,252061
ABplpppap:144,ABplpppap,144,36197,11197,4923,5222,9683,24.1,568,446,46,283666
ABplpppap:145,ABplpppap,145,35591,10591,4248,4521,9122,24.0,572,446,46,282877
ABplpppap:146,ABplpppap,146,35698,10698,4690,4870,9310,24.1,578,444,46,297612
ABplpppap:147,ABplpppap,147,36001,11001,4532,4926,8916,24.0,577,440,50,397529
ABplpppap:148,ABplpppap,148,35434,10434,4052,4367,7079,24.0,578,438,48,373855
ABplpppap:149,ABplpppap,149,35268,10268,4076,4489,7648,24.1,578,435,51,401489
ABplpppap:150,ABplpppap,150,34870,9870,3722,3979,9420,25.0,573,434,47,319582
ABplpppap:151,ABplpppap,151,35467,10467,4128,4471,8161,24.1,585,433,51,430585
ABplpppap:152,ABplpppap,152,35995,10995,4249,4727,9303,25.1,590,430,47,324356
ABplpppap:153,ABplpppap,153,35549,10549,4148,4555,9781,26.0,588,429,47,353454
ABplpppap:154,ABplpppap,154,35126,10126,3565,3984,8392,25.1,590,431,50,421142
ABplpppap:155,ABplpppap,155,35340,10340,3952,4361,8872,25.2,597,427,50,413624
ABplpppap:156,ABplpppap,156,35628,10628,4290,4796,9870,26.9,599,422,48,323739
ABplpppap:157,ABplpppap,157,34909,9909,3753,3928,9196,27.0,604,418,47,283810
ABplpppap:158,ABplpppap,158,34785,9785,3632,4070,8795,27.0,605,417,46,282740
ABplpppap:159,ABplpppap,159,33568,8568,2274,2523,7044,26.1,609,418,47,295192
ABplpppap:160,ABplpppap,160,34252,9252,2644,2969,7765,25.9,607,423,45,239886
ABplpppap:161,ABplpppap,161,34588,9588,3527,3748,8637,26.9,608,409,45,242138
ABplpppap:162,ABplpppap,162,34101,9101,2786,3107,7682,26.1,606,406,48,339044
ABplpppap:163,ABplpppap,163,34492,9492,3132,3542,8270,26.2,609,407,46,292895
ABplpppap:164,ABplpppap,164,34791,9791,3193,3370,9431,27.0,607,401,43,232224
ABplpppap:165,ABplpppap,165,33260,8260,1920,2066,7993,27.0,612,403,41,231822
ABplpppap:166,ABplpppap,166,33796,8796,2574,2574,8796,28.1,612,392,40,204474
ABplpppap:167,ABplpppap,167,32322,7322,1237,1238,7270,28.0,619,391,39,225908
ABplpppapa:168,ABplpppapa,168,31586,6586,127,103,6335,27.7,605,403,36,225908
ABplpppapa:169,ABplpppapa,169,33442,8442,2045,2066,8115,27.9,607,402,36,225908
ABplpppapa:170,ABplpppapa,170,33036,8036,953,1292,5584,28.1,609,400,36,225908
ABplpppapa:171,ABplpppapa,171,31627,6627,-341,-222,3135,28.3,612,398,35,225908
ABplpppapa:172,ABplpppapa,172,34161,9161,2018,2136,7091,28.5,614,396,34,225908
ABplpppapa:173,ABplpppapa,173,33172,8172,1217,1425,5403,28.8,617,394,33,225908
ABplpppapa:174,ABplpppapa,174,33910,8910,2050,2016,3642,29.0,620,392,33,225908
ABplpppapa:175,ABplpppapa,175,33817,8817,2240,2274,6670,29.2,622,390,32,225908
ABplpppapa:176,ABplpppapa,176,33347,8347,1302,1262,3448,29.4,625,388,31,225908
ABplpppapa:177,ABplpppapa,177,33818,8818,1876,1876,8623,29.7,628,386,30,59040
ABplpppapa:178,ABplpppapa,178,33501,8501,1153,1153,8378,30.1,629,382,31,94164
ABplpppapa:179,ABplpppapa,179,33261,8261,1106,1106,8161,30.0,628,379,29,75392
ABplpppapa:180,ABplpppapa,180,33343,8343,1174,1174,8173,29.2,625,382,29,73692
ABplpppapa:181,ABplpppapa,181,33831,8831,1911,1911,8731,30.0,627,368,29,75719
ABplpppapa:182,ABplpppapa,182,33200,8200,1977,1977,8151,29.1,629,366,34,132568
ABplpppapa:183,ABplpppapa,183,33777,8777,2315,2315,8735,30.1,633,362,34,132167
ABplpppapa:184,ABplpppapa,184,33365,8365,1982,1982,8256,29.2,637,362,34,138086
ABplpppapa:185,ABplpppapa,185,33848,8848,2385,2385,8776,29.1,639,359,32,113032
ABplpppapa:186,ABplpppapa,186,32757,7757,1060,1060,7641,29.2,638,357,32,113032
ABplpppapa:187,ABplpppapa,187,33112,8112,1849,1849,7960,29.3,637,355,32,113032
ABplpppapa:188,ABplpppapa,188,33914,8914,2601,2605,8722,29.4,636,353,32,113032
ABplpppapa:189,ABplpppapa,189,34712,9712,2375,2401,8998,29.6,635,350,31,113032
ABplpppapa:190,ABplpppapa,190,33260,8260,1229,1178,7562,29.7,634,348,31,113032
ABplpppapa:191,ABplpppapa,191,33067,8067,1260,1311,7427,29.8,633,346,31,113032
ABplpppapa:192,ABplpppapa,192,33065,8065,1264,1566,2676,29.9,632,344,31,113032
ABplpppapa:193,ABplpppapa,193,33462,8462,1392,1568,7744,30.0,631,341,30,94995
ABplpppapa:194,ABplpppapa,194,33897,8897,1815,1846,8484,30.0,634,347,27,56362
ABplpppapa:195,ABplpppapa,195,33028,8028,1448,1479,7432,30.0,635,343,31,99698
ABplpppapa:196,ABplpppapa,196,32410,7410,561,546,7142,30.0,625,344,30,94748
ABplpppapa:197,ABplpppapa,197,34019,9019,1636,1620,8664,30.1,632,348,27,57074
ABplpppapa:198,ABplpppapa,198,33274,8274,1133,1122,7648,30.0,639,343,30,97174
ABplpppapa:199,ABplpppapa,199,32768,7768,1237,1163,6970,30.0,639,343,30,97174
ABplpppapa:200,ABplpppapa,200,34982,9982,2563,2556,9090,29.9,639,343,30,97174
ABplpppapa:201,ABplpppapa,201,33183,8183,1466,1412,7625,29.9,639,344,30,97174
ABplpppapa:202,ABplpppapa,202,32383,7383,443,435,6824,29.8,639,344,30,97174
ABplpppapa:203,ABplpppapa,203,32752,7752,1065,1138,6853,29.8,639,345,31,97174
ABplpppapa:204,ABplpppapa,204,33254,8254,1414,1330,6853,29.7,639,345,31,97174
ABplpppapa:205,ABplpppapa,205,32879,7879,1901,1770,6345,29.7,638,346,31,97174
ABplpppapa:206,ABplpppapa,206,31545,6545,127,-59,5429,29.6,638,346,31,97174
ABplpppapa:207,ABplpppapa,207,32926,7926,1087,896,7046,29.6,638,347,32,97174
ABplpppapa:208,ABplpppapa,208,31332,6332,26,-74,4053,29.5,638,348,32,97174
ABplpppapa:209,ABplpppapa,209,32641,7641,462,359,5209,29.4,638,348,32,97174
ABplpppapa:210,ABplpppapa,210,32121,7121,544,468,4700,29.4,637,349,32,97174
ABplpppapa:211,ABplpppapa,211,31446,6446,81,-60,3786,29.3,637,349,33,97174
ABplpppapa:212,ABplpppapa,212,31802,6802,269,313,3682,29.3,637,350,33,97174
ABplpppapa:213,ABplpppapa,213,31967,6967,73,14,4325,29.2,637,350,33,97174
ABplpppapa:214,ABplpppapa,214,31304,6304,-125,-150,3447,29.2,637,351,33,97174
ABplpppapa:215,ABplpppapa,215,33502,8502,1751,1751,8154,29.1,636,352,34,222571
ABplpppapa:216,ABplpppapa,216,31357,6357,-301,-343,5600,28.0,642,342,34,233451
ABplpppapa:217,ABplpppapa,217,31751,6751,301,254,5098,28.0,653,334,31,193108
ABplpppapa:218,ABplpppapa,218,32863,7863,1771,1753,5937,27.1,656,331,34,251990
ABplpppapa:219,ABplpppapa,219,30856,5856,-682,-779,4037,27.2,660,331,34,239936
ABplpppapa:220,ABplpppapa,220,32044,7044,312,286,4464,28.1,666,332,34,247818
ABplpppapa:221,ABplpppapa,221,32451,7451,646,657,6165,28.1,653,337,34,238723
ABplpppapa:222,ABplpppapa,222,31778,6778,-1,294,5039,28.2,658,343,34,237165
ABplpppapa:223,ABplpppapa,223,31651,6651,-197,-154,5794,29.0,653,342,34,230683
ABplpppapa:224,ABplpppapa,224,30184,5184,-1265,-1264,3979,28.2,655,341,34,214419
ABplpppapa:225,ABplpppapa,225,32615,7615,227,313,6133,29.1,649,339,34,226970
ABplpppapa:226,ABplpppapa,226,31770,6770,-267,-44,5317,28.3,650,340,34,220846
ABplpppapa:227,ABplpppapa,227,31938,6938,-401,-237,4997,28.2,654,335,34,219724
ABplpppapa:228,ABplpppapa,228,31818,6818,-527,-116,5148,29.1,650,331,34,231235
ABplpppapa:229,ABplpppapa,229,30947,5947,-1481,-1426,4635,28.3,647,329,31,164827
ABplpppapa:230,ABplpppapa,230,32588,7588,203,366,5997,29.1,651,331,34,230653
ABplpppapa:231,ABplpppapa,231,30934,5934,-948,-871,4244,28.2,656,324,34,232275
ABplpppapa:232,ABplpppapa,232,31086,6086,-1343,-1334,5033,28.4,654,317,34,210648
ABplpppapa:233,ABplpppapa,233,30586,5586,-1108,-833,4385,28.3,656,318,34,216139
ABplpppapa:234,ABplpppapa,234,31460,6460,-759,-526,5589,28.3,653,321,32,199843
ABplpppapa:235,ABplpppapa,235,32014,7014,-101,-88,6249,29.0,660,324,34,233976
ABplpppapa:236,ABplpppapa,236,31867,6867,-113,-126,5901,28.3,655,318,34,219519
ABplpppapa:237,ABplpppapa,237,30681,5681,-1037,-1034,4690,28.3,657,318,34,220616
ABplpppapa:238,ABplpppapa,238,32293,7293,617,781,6476,28.2,660,322,34,230472
ABplpppapa:239,ABplpppapa,239,31340,6340,-750,-773,5503,29.1,664,320,34,247035
ABplpppapa:240,ABplpppapa,240,31113,6113,-226,-343,4297,28.1,670,320,34,228895
ABplpppapa:241,ABplpppapa,241,31925,6925,540,545,5893,28.2,668,319,31,193692
ABplpppapa:242,ABplpppapa,242,31936,6936,158,205,5432,28.1,672,323,34,241258
ABplpppapa:243,ABplpppapa,243,31067,6067,-1151,-1103,4756,28.2,672,325,34,220625
ABplpppapa:244,ABplpppapa,244,31026,6026,-967,-1018,5017,28.2,674,330,34,228954
ABplpppapa:245,ABplpppapa,245,32104,7104,479,529,5970,29.1,674,334,31,192269
ABplpppapa:246,ABplpppapa,246,32029,7029,2,-69,5810,29.0,674,335,32,237863
ABplpppapa:247,ABplpppapa,247,31843,6843,-292,-162,5232,29.2,678,335,34,271057
ABplpppapa:248,ABplpppapa,248,31539,6539,-1001,-881,4709,28.3,677,339,31,195169
ABplpppapa:249,ABplpppapa,249,31193,6193,-923,-634,3991,28.3,680,340,34,261113
ABplpppapa:250,ABplpppapa,250,31604,6604,-608,-461,4283,28.3,680,344,31,210788
ABplpppapp:168,ABplpppapp,168,32799,7799,1851,1834,7657,28.1,643,379,32,118659
ABplpppapp:169,ABplpppapp,169,31753,6753,1002,1042,6640,28.1,650,369,35,139983
ABplpppapp:170,ABplpppapp,170,31955,6955,923,924,6841,28.1,655,365,34,155445
ABplpppapp:171,ABplpppapp,171,32879,7879,1903,1917,7613,29.1,651,375,33,131052
ABplpppapp:172,ABplpppapp,172,32829,7829,1685,1768,7417,28.3,651,372,34,139641
ABplpppapp:173,ABplpppapp,173,32953,7953,1983,2009,7406,29.2,657,374,34,135869
ABplpppapp:174,ABplpppapp,174,33032,8032,1598,1673,7669,30.0,658,370,36,203547
ABplpppapp:175,ABplpppapp,175,32142,7142,1166,1171,6329,29.0,670,367,36,205172
ABplpppapp:176,ABplpppapp,176,32929,7929,2251,2329,7515,30.0,674,349,35,167707
ABplpppapp:177,ABplpppapp,177,32558,7558,1689,1664,6898,29.3,677,352,33,149803
ABplpppapp:178,ABplpppapp,178,32544,7544,1652,1714,6686,28.2,675,360,35,154614
ABplpppapp:179,ABplpppapp,179,32617,7617,1780,1766,7130,29.1,675,355,34,169769
ABplpppapp:180,ABplpppapp,180,32049,7049,1067,1070,6526,29.1,674,349,34,159521
ABplpppapp:181,ABplpppapp,181,32788,7788,1741,1740,7334,29.2,674,339,34,155722
ABplpppapp:182,ABplpppapp,182,33508,8508,2690,2678,8102,29.1,676,332,34,158028
ABplpppapp:183,ABplpppapp,183,33087,8087,2290,2320,7196,28.1,675,332,34,175506
ABplpppapp:184,ABplpppapp,184,32215,7215,1335,1445,6333,28.1,674,327,34,184907
ABplpppapp:185,ABplpppapp,185,33538,8538,2685,2693,8020,28.1,675,320,34,178483
ABplpppapp:186,ABplpppapp,186,34014,9014,3220,3320,8317,28.1,670,314,34,160096
ABplpppapp:187,ABplpppapp,187,33834,8834,3075,3077,8014,28.2,665,319,31,135526
ABplpppapp:188,ABplpppapp,188,32097,7097,1479,1507,6553,28.1,657,316,32,144341
ABplpppapp:189,ABplpppapp,189,33510,8510,2232,2279,7548,28.1,649,320,30,140709
ABplpppapp:190,ABplpppapp,190,33410,8410,1602,1717,7488,28.2,649,319,31,156511
ABplpppapp:191,ABplpppapp,191,32811,7811,1201,1170,6803,28.7,650,317,31,156511
ABplpppapp:192,ABplpppapp,192,33966,8966,2565,3221,321,29.3,652,315,31,156511
ABplpppapp:193,ABplpppapp,193,37441,12441,6567,6676,11555,29.8,654,313,30,172519
ABplpppapp:194,ABplpppapp,194,35004,10004,3559,3672,9022,29.8,656,315,30,176767
ABplpppapp:195,ABplpppapp,195,33752,8752,2466,2499,7314,29.2,655,315,31,179665
ABplpppapp:196,ABplpppapp,196,35089,10089,3665,3672,8854,29.8,658,316,30,176826
ABplpppapp:197,ABplpppapp,197,34701,9701,3337,3362,7954,29.1,660,321,30,189571
ABplpppapp:198,ABplpppapp,198,34041,9041,2601,2691,6307,28.4,663,321,32,188129
ABplpppapp:199,ABplpppapp,199,32787,7787,1453,1484,5048,28.1,651,319,30,185256
ABplpppapp:200,ABplpppapp,200,33699,8699,2340,2671,5354,28.2,653,320,30,185256
ABplpppapp:201,ABplpppapp,201,31413,6413,124,221,2947,28.2,655,322,31,174805
ABplpppapp:202,ABplpppapp,202,30563,5563,-435,-468,2392,27.3,658,329,34,179454
ABplpppapp:203,ABplpppapp,203,31801,6801,1079,1067,3911,28.1,658,329,34,179510
ABplpppapp:204,ABplpppapp,204,31017,6017,-233,84,2343,28.1,652,342,34,190799
ABplpppapp:205,ABplpppapp,205,31332,6332,365,572,3271,28.2,654,344,34,185790
ABplpppapp:206,ABplpppapp,206,30532,5532,-266,-153,2381,28.2,654,339,34,185946
ABplpppapp:207,ABplpppapp,207,30667,5667,-457,-337,2219,28.2,654,337,34,188559
ABplpppapp:208,ABplpppapp,208,31052,6052,556,638,3156,28.2,647,343,32,150936
ABplpppapp:209,ABplpppapp,209,32030,7030,402,348,3543,29.1,649,348,34,201322
ABplpppapp:210,ABplpppapp,210,31354,6354,-42,82,3382,29.1,648,354,30,169730
ABplpppapp:211,ABplpppapp,211,31003,6003,-278,-191,2979,29.1,646,352,34,206680
ABplpppapp:212,ABplpppapp,212,31858,6858,607,732,4251,29.0,646,355,34,212273
ABplpppapp:213,ABplpppapp,213,31463,6463,114,127,3746,27.3,643,347,34,194857
ABplpppapp:214,ABplpppapp,214,31057,6057,-164,-104,3449,28.0,643,350,34,221292
ABplpppp:88,ABplpppp,88,29783,4783,91,71,4534,21.0,591,425,58,0
ABplpppp:89,ABplpppp,89,29671,4671,85,92,4498,21.0,614,427,58,0
ABplpppp:90,ABplpppp,90,29788,4788,186,213,4762,21.1,611,428,58,0
ABplpppp:91,ABplpppp,91,29840,4840,88,69,4813,21.1,608,429,58,0
ABplpppp:92,ABplpppp,92,30020,5020,174,200,4908,21.2,605,431,58,0
ABplpppp:93,ABplpppp,93,29547,4547,-120,-134,4317,21.2,602,432,58,0
ABplpppp:94,ABplpppp,94,29865,4865,133,140,4526,21.3,599,433,58,0
ABplpppp:95,ABplpppp,95,29855,4855,252,254,4412,21.3,596,435,58,0
ABplpppp:96,ABplpppp,96,29689,4689,-3,-12,3911,21.4,592,436,58,0
ABplpppp:97,ABplpppp,97,29707,4707,-258,-262,3859,21.4,589,437,58,0
ABplpppp:98,ABplpppp,98,29908,4908,48,68,4219,21.5,586,439,58,0
ABplpppp:99,ABplpppp,99,30284,5284,434,461,4745,21.5,583,440,58,0
ABplpppp:100,ABplpppp,100,30102,5102,281,283,4640,21.6,580,441,58,0
ABplpppp:101,ABplpppp,101,30546,5546,652,621,5229,21.6,577,443,58,0
ABplpppp:102,ABplpppp,102,29985,4985,221,234,4790,21.7,574,444,58,0
ABplpppp:103,ABplpppp,103,31004,6004,1191,1152,5908,21.7,570,445,58,0
ABplpppp:104,ABplpppp,104,30557,5557,841,833,5460,21.8,567,447,58,0
ABplpppp:105,ABplpppp,105,30717,5717,935,1019,5639,21.8,564,448,58,0
ABplpppp:106,ABplpppp,106,30577,5577,723,832,5477,21.9,561,449,58,0
ABplpppp:107,ABplpppp,107,30568,5568,684,725,5423,21.9,558,451,58,0
ABplpppp:108,ABplpppp,108,30945,5945,793,876,5703,22.0,555,452,58,0
ABplpppp:109,ABplpppp,109,30808,5808,848,934,5403,22.0,551,454,58,0
ABplpppp:110,ABplpppp,110,31213,6213,1135,1273,5857,22.4,553,450,58,0
ABplpppp:111,ABplpppp,111,31273,6273,967,1045,5779,22.7,555,446,58,0
ABplpppp:112,ABplpppp,112,31503,6503,1499,1580,6420,23.1,558,442,58,0
ABplpppp:113,ABplpppp,113,31575,6575,1459,1530,6503,23.5,560,438,58,0
ABplpppp:114,ABplpppp,114,31177,6177,1129,1165,6143,23.8,562,434,58,0
ABplpppp:115,ABplpppp,115,31381,6381,1390,1381,6344,24.2,565,429,58,0
ABplpppp:116,ABplpppp,116,31097,6097,1035,1085,6070,24.5,567,425,58,0
ABplpppp:117,ABplpppp,117,30635,5635,423,423,5580,24.9,569,421,58,0
ABplpppp:118,ABplpppp,118,31503,6503,1208,1242,6488,25.3,572,417,58,0
ABplpppp:119,ABplpppp,119,30654,5654,340,354,5654,25.6,574,413,58,0
ABplpppp:120,ABplpppp,120,30527,5527,323,312,5527,26.0,577,408,58,0
ABplppppa:121,ABplppppa,121,30484,5484,230,265,5429,26.3,551,408,49,0
ABplppppa:122,ABplppppa,122,30917,5917,677,635,5700,26.7,555,408,56,0
ABplppppa:123,ABplppppa,123,31457,6457,1319,1360,6363,27.0,544,407,54,0
ABplppppa:124,ABplppppa,124,30841,5841,627,630,5756,27.0,543,407,54,0
ABplppppa:125,ABplppppa,125,31435,6435,1080,1107,6363,27.0,542,406,53,0
ABplppppa:126,ABplppppa,126,31113,6113,819,827,6032,27.0,540,406,52,0
ABplppppa:127,ABplppppa,127,30793,5793,419,423,5731,27.0,539,405,51,0
ABplppppa:128,ABplppppa,128,31435,6435,1080,1079,6356,27.0,537,404,50,0
ABplppppa:129,ABplppppa,129,31198,6198,832,835,6132,27.0,536,404,49,0
ABplppppa:130,ABplppppa,130,31571,6571,1122,1131,6448,27.0,534,403,48,0
ABplppppa:131,ABplppppa,131,31594,6594,1200,1230,6499,27.0,533,403,48,0
ABplppppa:132,ABplppppa,132,31376,6376,692,704,6298,27.0,532,402,47,0
ABplppppa:133,ABplppppa,133,31867,6867,1269,1280,6735,27.0,530,401,46,0
ABplppppa:134,ABplppppa,134,32295,7295,1524,1553,7112,27.0,529,401,45,0
ABplppppa:135,ABplppppa,135,31712,6712,914,949,6466,27.0,527,400,44,0
ABplppppa:136,ABplppppa,136,32522,7522,1760,1770,7259,27.0,526,400,43,0
ABplppppa:137,ABplppppa,137,33323,8323,2223,2231,8076,27.0,524,399,42,0
ABplppppa:138,ABplppppa,138,33357,8357,1827,1831,8133,27.0,523,398,41,0
ABplppppa:139,ABplppppa,139,33680,8680,2385,2392,8450,27.0,522,398,41,0
ABplppppa:140,ABplppppa,140,32565,7565,1165,1263,7408,27.0,520,397,40,0
ABplppppa:141,ABplppppa,141,32485,7485,1238,1238,7461,27.0,519,397,39,0
ABplppppa:142,ABplppppa,142,32664,7664,1271,1324,7258,27.0,517,396,38,0
ABplppppa:143,ABplppppa,143,33513,8513,2069,2070,8270,27.0,516,395,37,0
ABplppppa:144,ABplppppa,144,32693,7693,1246,1246,7578,27.0,514,395,36,0
ABplppppa:145,ABplppppa,145,33320,8320,2227,2214,8216,27.0,513,394,35,0
ABplppppa:146,ABplppppa,146,33741,8741,2266,2307,8612,27.0,511,393,34,105317
ABplppppa:147,ABplppppa,147,31652,6652,160,-50,5779,25.0,523,403,32,93104
ABplppppa:148,ABplppppa,148,32552,7552,934,940,7289,26.0,515,396,30,79971
ABplppppa:149,ABplppppa,149,32527,7527,421,415,7462,27.0,502,391,31,86624
ABplppppa:150,ABplppppa,150,33274,8274,1581,1465,7541,27.0,502,391,31,86624
ABplppppa:151,ABplppppa,151,33673,8673,1829,1829,8671,28.0,511,378,33,98320
ABplppppa:152,ABplppppa,152,34838,9838,2473,2473,9836,29.1,512,384,33,97385
ABplppppa:153,ABplppppa,153,34612,9612,1928,1928,9603,29.0,505,388,31,83490
ABplppppa:154,ABplppppa,154,33459,8459,1488,1488,8459,29.0,496,379,32,92698
ABplppppa:155,ABplppppa,155,34471,9471,1723,1784,9429,28.0,498,386,36,141004
ABplppppa:156,ABplppppa,156,34676,9676,2859,2875,9619,28.0,499,386,36,141004
ABplppppa:157,ABplppppa,157,35632,10632,3488,3533,10593,28.0,501,385,36,141004
ABplppppa:158,ABplppppa,158,35698,10698,3613,3662,10663,28.0,502,385,36,141004
ABplppppa:159,ABplppppa,159,34097,9097,1910,1910,9084,28.0,504,384,35,141004
ABplppppa:160,ABplppppa,160,35278,10278,2720,2720,10246,28.0,506,383,35,141004
ABplppppa:161,ABplppppa,161,34846,9846,2605,2605,9817,28.0,507,383,35,141004
ABplppppa:162,ABplppppa,162,34751,9751,2953,2969,9713,28.0,509,382,35,141004
ABplppppa:163,ABplppppa,163,35834,10834,3258,3257,10796,28.0,511,381,34,114782
ABplppppa:164,ABplppppa,164,35987,10987,3757,3754,10962,28.0,508,380,37,150464
ABplppppaa:165,ABplppppaa,165,33498,8498,1809,1794,8352,28.0,496,395,35,150464
ABplppppaa:166,ABplppppaa,166,36698,11698,4283,4436,10765,29.0,495,394,27,50159
ABplppppaa:167,ABplppppaa,167,33748,8748,1669,2001,7987,28.8,497,394,27,50159
ABplppppaa:168,ABplppppaa,168,35925,10925,3073,3743,10113,28.7,499,395,27,50159
ABplppppaa:169,ABplppppaa,169,36400,11400,3130,3501,10678,28.5,502,396,27,50159
ABplppppaa:170,ABplppppaa,170,40405,15405,6563,6586,15132,28.3,504,397,27,50159
ABplppppaa:171,ABplppppaa,171,38542,13542,5215,5178,13313,28.2,506,398,27,50159
ABplppppaa:172,ABplppppaa,172,37439,12439,4594,4589,12243,28.0,509,399,27,55891
ABplppppaa:173,ABplppppaa,173,40318,15318,7315,7315,15228,27.9,501,400,27,55786
ABplppppaa:174,ABplppppaa,174,34901,9901,1569,1422,9371,28.1,503,397,28,55786
ABplppppaa:175,ABplppppaa,175,33922,8922,1863,1421,8165,28.3,505,393,29,55786
ABplppppaa:176,ABplppppaa,176,34830,9830,1653,1621,9479,28.5,507,389,30,55786
ABplppppaa:177,ABplppppaa,177,36848,11848,4231,4201,11566,28.6,509,386,31,55786
ABplppppaa:178,ABplppppaa,178,38052,13052,5170,5147,12855,28.8,511,382,32,55786
ABplppppaa:179,ABplppppaa,179,39464,14464,6734,6733,14163,29.0,514,378,34,134069
ABplppppaa:180,ABplppppaa,180,37266,12266,4072,4016,11711,29.0,509,387,32,112839
ABplppppaa:181,ABplppppaa,181,39473,14473,5874,5872,14325,28.9,517,379,30,99461
ABplppppaa:182,ABplppppaa,182,39449,14449,6357,6366,14339,29.0,517,378,31,99461
ABplppppaa:183,ABplppppaa,183,39970,14970,7025,7016,14776,29.0,518,376,32,99461
ABplppppaa:184,ABplppppaa,184,38490,13490,5454,5441,13228,29.1,518,374,33,99461
ABplppppaa:185,ABplppppaa,185,39929,14929,7380,7355,14809,29.1,519,372,34,132923
ABplppppaa:186,ABplppppaa,186,39265,14265,6650,6634,14117,28.9,518,369,34,132923
ABplppppaa:187,ABplppppaa,187,40057,15057,7650,7641,14920,28.8,517,366,34,132923
ABplppppaa:188,ABplppppaa,188,38247,13247,6062,6072,13086,28.6,516,363,34,132923
ABplppppaa:189,ABplppppaa,189,38791,13791,5933,5933,13649,28.4,515,360,34,132923
ABplppppaa:190,ABplppppaa,190,38380,13380,6218,6225,13195,28.3,514,357,34,132923
ABplppppaa:191,ABplppppaa,191,38409,13409,6181,6168,13263,28.1,512,354,34,123119
ABplppppaa:192,ABplppppaa,192,41976,16976,8419,8419,16821,28.9,511,353,30,97127
ABplppppaa:193,ABplppppaa,193,40382,15382,6821,6791,15080,29.0,510,355,30,100613
ABplppppaa:194,ABplppppaa,194,45349,20349,10515,10515,20092,29.0,522,360,30,96015
ABplppppaa:195,ABplppppaa,195,41215,16215,7485,7511,16057,28.0,517,357,31,95180
ABplppppaa:196,ABplppppaa,196,41331,16331,8487,8531,14671,28.1,514,352,34,138232
ABplppppaa:197,ABplppppaa,197,41582,16582,8128,7976,15026,28.0,521,353,32,116729
ABplppppaa:198,ABplppppaa,198,41919,16919,8539,8519,8687,28.0,520,353,31,116729
ABplppppaa:199,ABplppppaa,199,41565,16565,7061,7025,16152,27.9,518,354,29,86331
ABplppppaa:200,ABplppppaa,200,40139,15139,7605,7418,14804,27.2,519,356,32,112514
ABplppppaa:201,ABplppppaa,201,42716,17716,8877,8883,17194,28.0,523,361,31,109166
ABplppppaa:202,ABplppppaa,202,45033,20033,10159,10117,19466,29.0,526,361,30,117938
ABplppppaa:203,ABplppppaa,203,43506,18506,9729,9820,17922,28.1,525,365,34,134511
ABplppppaa:204,ABplppppaa,204,47589,22589,12731,12730,21977,29.0,522,363,34,145873
ABplppppaa:205,ABplppppaa,205,45330,20330,10530,10523,19625,28.3,524,359,32,119081
ABplppppaa:206,ABplppppaa,206,44274,19274,10054,10036,17890,28.1,524,364,34,146769
ABplppppaa:207,ABplppppaa,207,48428,23428,14558,14513,22316,29.0,526,366,34,154152
ABplppppaa:208,ABplppppaa,208,43288,18288,8944,8725,17100,28.1,527,359,34,160027
ABplppppaa:209,ABplppppaa,209,42034,17034,7886,7953,16602,28.1,529,362,34,153098
ABplppppaa:210,ABplppppaa,210,44578,19578,9888,10007,17420,28.1,534,364,34,167886
ABplppppaa:211,ABplppppaa,211,43059,18059,7602,7320,15908,28.1,535,368,34,160202
ABplppppaa:212,ABplppppaa,212,45637,20637,9694,9325,19327,28.2,534,365,34,155764
ABplppppaa:213,ABplppppaa,213,44209,19209,8173,8422,16808,28.1,537,365,34,157966
ABplppppaa:214,ABplppppaa,214,46663,21663,11110,11041,19817,29.0,538,364,34,168546
ABplppppaa:215,ABplppppaa,215,45623,20623,10627,10652,18774,29.1,537,361,34,167325
ABplppppaa:216,ABplppppaa,216,45487,20487,10799,10432,19578,29.1,534,352,34,152434
ABplppppaa:217,ABplppppaa,217,49057,24057,12572,12236,22928,29.1,533,353,31,128191
ABplppppaa:218,ABplppppaa,218,46434,21434,10859,10749,19872,29.1,536,363,34,159595
ABplppppaa:219,ABplppppaa,219,46421,21421,11463,11384,20005,29.1,541,353,34,162317
ABplppppaa:220,ABplppppaa,220,47776,22776,12457,12249,21180,30.0,537,363,34,163476
ABplppppaa:221,ABplppppaa,221,44455,19455,9871,9836,18899,29.1,537,353,34,174202
ABplppppaa:222,ABplppppaa,222,45110,20110,10429,10421,19850,29.1,537,350,34,173429
ABplppppaa:223,ABplppppaa,223,44031,19031,8590,8600,18661,29.0,539,351,34,166503
ABplppppaa:224,ABplppppaa,224,46838,21838,11162,11142,21533,29.0,542,345,34,174535
ABplppppaa:225,ABplppppaa,225,40998,15998,5620,5645,15801,28.1,542,346,34,170979
ABplppppaa:226,ABplppppaa,226,41940,16940,6960,6920,16734,28.1,544,346,34,164458
ABplppppaa:227,ABplppppaa,227,41104,16104,5829,5828,15856,28.0,543,349,34,174232
ABplppppaa:228,ABplppppaa,228,49620,24620,13940,13860,24395,29.0,540,345,34,197814
ABplppppaa:229,ABplppppaa,229,46909,21909,10708,10709,21762,29.1,531,339,31,139616
ABplppppaa:230,ABplppppaa,230,45307,20307,9422,9328,20020,29.1,540,345,34,186286
ABplppppaa:231,ABplppppaa,231,47774,22774,12337,12346,22629,29.0,538,349,34,203752
ABplppppaaa:232,ABplppppaaa,232,43315,18315,10033,9724,17850,29.3,513,351,32,142046
ABplppppaaa:233,ABplppppaaa,233,38762,13762,6622,6371,13234,29.1,512,359,34,158803
ABplppppaaa:234,ABplppppaaa,234,42387,17387,10113,9906,16945,29.0,514,358,34,165680
ABplppppaaa:235,ABplppppaaa,235,44713,19713,12154,12003,19164,29.1,515,359,34,163586
ABplppppaaa:236,ABplppppaaa,236,46805,21805,12784,12819,20237,28.9,510,357,30,128281
ABplppppaaa:237,ABplppppaaa,237,47775,22775,14257,14943,21318,28.0,516,362,34,174559
ABplppppaaa:238,ABplppppaaa,238,43936,18936,10372,10966,17118,28.2,519,366,34,165930
ABplppppaaa:239,ABplppppaaa,239,48555,23555,14123,14802,21741,29.0,520,357,34,178918
ABplppppaaa:240,ABplppppaaa,240,44782,19782,9150,10355,17115,28.2,523,359,34,169095
ABplppppaaa:241,ABplppppaaa,241,51313,26313,14115,14992,24295,29.0,528,353,31,146905
ABplppppaaa:242,ABplppppaaa,242,46038,21038,10351,11706,19047,28.3,532,347,34,154636
ABplppppaaa:243,ABplppppaaa,243,48824,23824,13112,13946,22022,29.1,531,348,34,161787
ABplppppaaa:244,ABplppppaaa,244,45764,20764,10552,11010,19078,28.2,535,341,34,150169
ABplppppaaa:245,ABplppppaaa,245,49007,24007,14266,14845,22867,28.1,534,342,31,133212
ABplppppaaa:246,ABplppppaaa,246,46487,21487,11903,12466,19984,27.3,534,345,34,154276
ABplppppaaa:247,ABplppppaaa,247,50480,25480,16012,16966,23858,28.0,536,345,34,163464
ABplppppaaa:248,ABplppppaaa,248,52599,27599,16471,16366,26025,28.0,531,348,31,140706
ABplppppaaa:249,ABplppppaaa,249,48128,23128,13212,13599,21860,27.2,534,347,34,173822
ABplppppaaa:250,ABplppppaaa,250,53170,28170,15771,17577,24936,28.1,538,350,31,145282
ABplppppaap:232,ABplppppaap,232,44476,19476,9648,9600,18227,29.1,563,335,30,133281
ABplppppaap:233,ABplppppaap,233,45688,20688,11006,11056,19826,30.0,566,336,30,127712
ABplppppaap:234,ABplppppaap,234,42153,17153,8573,8614,16363,29.1,562,340,34,151981
ABplppppaap:235,ABplppppaap,235,44424,19424,9774,9870,18515,29.1,561,339,34,151086
ABplppppaap:236,ABplppppaap,236,43192,18192,7229,7926,16684,29.1,545,348,34,162570
ABplppppaap:237,ABplppppaap,237,45174,20174,8810,9881,17978,29.1,547,349,34,159027
ABplppppaap:238,ABplppppaap,238,44983,19983,8363,9697,17898,29.1,550,355,34,159027
ABplppppaap:239,ABplppppaap,239,45581,20581,7678,9208,15598,29.1,553,361,34,158225
ABplppppaap:240,ABplppppaap,240,49901,24901,11047,11298,22032,29.1,552,364,34,163568
ABplppppaap:241,ABplppppaap,241,48407,23407,9674,10868,18992,29.0,559,364,31,117617
ABplppppaap:242,ABplppppaap,242,49823,24823,10705,11603,21491,28.8,561,362,31,117617
ABplppppaap:243,ABplppppaap,243,47886,22886,10037,10630,19343,28.5,563,359,31,117617
ABplppppaap:244,ABplppppaap,244,47012,22012,8796,8585,24012,28.3,565,357,31,117617
ABplppppaap:245,ABplppppaap,245,43708,18708,6959,7045,15704,28.0,568,354,31,126290
ABplppppaap:246,ABplppppaap,246,50436,25436,12716,12701,22868,28.0,567,360,34,170730
ABplppppaap:247,ABplppppaap,247,50622,25622,13189,14126,22887,28.1,571,358,34,180198
ABplppppaap:248,ABplppppaap,248,49704,24704,11017,11496,21719,27.1,566,359,31,134744
ABplppppaap:249,ABplppppaap,249,47416,22416,9737,10123,18473,27.1,570,359,34,165591
ABplppppaap:250,ABplppppaap,250,54532,29532,15026,16569,26016,28.0,568,353,31,132666
ABplppppap:165,ABplppppap,165,33780,8780,2445,2439,8711,28.1,546,369,37,150464
ABplppppap:166,ABplppppap,166,32163,7163,272,595,5393,28.2,517,378,38,150464
ABplppppap:167,ABplppppap,167,30877,5877,-674,-415,4823,28.3,522,377,38,150464
ABplppppap:168,ABplppppap,168,32643,7643,848,1132,6600,28.4,527,376,39,150464
ABplppppap:169,ABplppppap,169,31718,6718,-520,-255,6016,28.5,532,375,39,150464
ABplppppap:170,ABplppppap,170,30224,5224,-1947,-1586,4665,28.6,537,374,40,150464
ABplppppap:171,ABplppppap,171,31423,6423,-700,-539,6023,28.7,542,373,40,150464
ABplppppap:172,ABplppppap,172,33529,8529,1604,1722,8256,28.8,547,372,41,150464
ABplppppap:173,ABplppppap,173,35611,10611,4207,4299,10449,28.9,552,371,41,150464
ABplppppap:174,ABplppppap,174,35294,10294,3787,3804,10147,29.0,557,369,42,0
ABplppppap:175,ABplppppap,175,35971,10971,4049,4121,10739,29.2,557,367,39,0
ABplppppap:176,ABplppppap,176,35230,10230,3205,3204,10109,29.4,557,365,36,0
ABplppppap:177,ABplppppap,177,37461,12461,4852,4852,12382,29.6,557,363,33,0
ABplppppap:178,ABplppppap,178,40100,15100,6894,6894,14987,29.8,557,361,30,0
ABplppppap:179,ABplppppap,179,42386,17386,7847,7847,17205,30.0,558,359,27,54536
ABplppppap:180,ABplppppap,180,40248,15248,6930,6930,15089,30.1,562,365,32,109270
ABplppppap:181,ABplppppap,181,40433,15433,7912,7912,15280,30.0,570,359,34,128552
ABplppppap:182,ABplppppap,182,38254,13254,4214,4214,13194,30.0,565,346,30,95701
ABplppppap:183,ABplppppap,183,36945,11945,3239,3239,11764,30.0,558,351,30,96023
ABplppppap:184,ABplppppap,184,41591,16591,8504,8504,16514,30.0,567,353,34,120682
ABplppppap:185,ABplppppap,185,40212,15212,7068,7068,15095,30.0,567,352,33,120682
ABplppppap:186,ABplppppap,186,39727,14727,5922,5922,14606,30.0,567,350,32,120682
ABplppppap:187,ABplppppap,187,41009,16009,6504,6504,15923,29.9,566,349,30,120682
ABplppppap:188,ABplppppap,188,39934,14934,4537,4537,14523,29.9,566,347,29,120682
ABplppppap:189,ABplppppap,189,40305,15305,4274,4274,14973,29.9,565,345,27,52323
ABplppppap:190,ABplppppap,190,39646,14646,3651,3651,14472,29.7,565,346,27,52323
ABplppppap:191,ABplppppap,191,40512,15512,4184,4184,15273,29.5,566,347,28,52323
ABplppppap:192,ABplppppap,192,38392,13392,3231,3231,13082,29.6,566,347,28,52323
ABplppppap:193,ABplppppap,193,40728,15728,4238,4238,15421,29.6,566,348,29,52323
ABplppppap:194,ABplppppap,194,40814,15814,4711,4711,15459,29.7,567,349,30,52323
ABplppppap:195,ABplppppap,195,43059,18059,7558,7556,17895,29.7,567,349,31,52323
ABplppppap:196,ABplppppap,196,39631,14631,4708,4819,14317,29.8,568,350,32,52323
ABplppppap:197,ABplppppap,197,40616,15616,5717,5740,15434,29.8,568,351,33,52323
ABplppppap:198,ABplppppap,198,41883,16883,6615,6615,16719,29.9,569,351,34,52323
ABplppppap:199,ABplppppap,199,40403,15403,5441,5435,15296,29.9,569,352,35,52323
ABplppppap:200,ABplppppap,200,42982,17982,8577,8577,17855,30.0,570,353,36,0
ABplppppap:201,ABplppppap,201,42385,17385,8072,8075,17133,29.5,569,353,35,0
ABplppppap:202,ABplppppap,202,43636,18636,8162,8168,18101,29.1,567,353,33,0
ABplppppap:203,ABplppppap,203,46367,21367,10578,10735,20820,28.6,565,353,32,0
ABplppppap:204,ABplppppap,204,42732,17732,6959,6909,17228,28.1,563,354,30,106744
ABplppppap:205,ABplppppap,205,43825,18825,8800,8952,18298,28.0,565,361,34,136464
ABplppppap:206,ABplppppap,206,43678,18678,8724,8806,17744,29.1,568,360,34,145101
ABplppppap:207,ABplppppap,207,46580,21580,12196,12196,21126,29.1,580,366,34,146577
ABplppppap:208,ABplppppap,208,43707,18707,7953,7953,18531,29.1,577,365,32,121966
ABplppppap:209,ABplppppap,209,45621,20621,9008,9007,19485,29.0,573,361,30,108228
ABplppppap:210,ABplppppap,210,42655,17655,6813,7328,16175,28.1,573,362,34,135298
ABplppppap:211,ABplppppap,211,44661,19661,8369,8708,18736,29.0,575,364,34,144208
ABplppppap:212,ABplppppap,212,43020,18020,6830,7346,16568,28.0,573,361,34,152187
ABplppppap:213,ABplppppap,213,44681,19681,9109,9522,17757,28.0,576,361,34,157954
ABplppppap:214,ABplppppap,214,42644,17644,6943,7223,16586,28.0,580,365,34,146352
ABplppppap:215,ABplppppap,215,42413,17413,7465,7508,15954,28.1,580,358,34,139561
ABplppppap:216,ABplppppap,216,38999,13999,5212,5073,12551,27.1,586,358,34,136504
ABplppppap:217,ABplppppap,217,43687,18687,8386,8370,17205,29.0,586,351,31,120841
ABplppppap:218,ABplppppap,218,41857,16857,6165,6268,15065,29.0,582,357,34,163619
ABplppppap:219,ABplppppap,219,43483,18483,8031,8012,16332,29.0,590,358,34,149254
ABplppppap:220,ABplppppap,220,42933,17933,7205,7154,16844,28.1,586,360,32,129976
ABplppppap:221,ABplppppap,221,42654,17654,7262,7502,16667,29.1,584,351,34,148382
ABplppppap:222,ABplppppap,222,44487,19487,9307,9427,18649,30.0,589,351,34,169461
ABplppppap:223,ABplppppap,223,40649,15649,4685,4887,14522,29.2,586,344,32,131882
ABplppppap:224,ABplppppap,224,41186,16186,5871,6170,14591,29.2,588,345,34,158907
ABplppppap:225,ABplppppap,225,40656,15656,4493,4775,13968,29.1,590,349,34,152077
ABplppppap:226,ABplppppap,226,43266,18266,7092,7774,15846,30.2,596,341,34,166695
ABplppppap:227,ABplppppap,227,41894,16894,5600,5903,15886,30.0,590,342,34,186730
ABplppppap:228,ABplppppap,228,39287,14287,3697,3962,13421,29.1,590,347,34,165460
ABplppppap:229,ABplppppap,229,38572,13572,2997,3179,12368,29.1,588,347,31,137597
ABplppppap:230,ABplppppap,230,41269,16269,5372,5535,14504,29.0,594,348,34,194045
ABplppppapa:231,ABplppppapa,231,35459,10459,-9,773,6943,28.2,576,383,34,154615
ABplppppapa:232,ABplppppapa,232,40967,15967,5332,5742,13371,29.0,577,388,29,99933
ABplppppapa:233,ABplppppapa,233,37970,12970,3581,4158,10671,28.2,580,386,29,87552
ABplppppapa:234,ABplppppapa,234,38267,13267,1707,2565,11200,29.1,575,381,34,149073
ABplppppapa:235,ABplppppapa,235,40282,15282,3874,4740,12498,29.0,577,388,29,85076
ABplppppapa:236,ABplppppapa,236,40664,15664,5204,5926,13694,29.1,571,385,34,163655
ABplppppapa:237,ABplppppapa,237,38427,13427,3172,3385,12015,29.0,579,375,32,127697
ABplppppapa:238,ABplppppapa,238,39302,14302,3530,4013,12497,29.2,585,374,34,149580
ABplppppapa:239,ABplppppapa,239,39527,14527,2446,3172,12024,30.0,584,372,34,155840
ABplppppapa:240,ABplppppapa,240,40968,15968,3613,4802,11608,29.0,591,363,34,157012
ABplppppapa:241,ABplppppapa,241,41365,16365,3840,4893,11886,29.2,591,364,31,128313
ABplppppapa:242,ABplppppapa,242,39173,14173,2057,3445,9493,28.1,594,365,34,159501
ABplppppapa:243,ABplppppapa,243,41289,16289,4735,5561,12461,29.0,598,371,34,170605
ABplppppapa:244,ABplppppapa,244,41420,16420,5165,5919,13870,29.1,595,375,34,167061
ABplppppapa:245,ABplppppapa,245,39949,14949,3396,3845,12268,29.0,605,371,31,129317
ABplppppapa:246,ABplppppapa,246,39342,14342,2517,3654,10020,28.2,603,374,34,162668
ABplppppapa:247,ABplppppapa,247,41303,16303,5490,6007,14358,29.0,602,382,34,170657
ABplppppapa:248,ABplppppapa,248,39686,14686,4064,4479,9874,27.1,602,378,31,125501
ABplppppapa:249,ABplppppapa,249,41314,16314,5147,5976,12966,28.2,602,376,34,178126
ABplppppapa:250,ABplppppapa,250,40173,15173,5116,5117,11556,27.2,606,381,31,137760
ABplppppapp:231,ABplppppapp,231,40352,15352,4911,5745,10301,29.3,596,331,34,194045
ABplppppapp:232,ABplppppapp,232,42297,17297,5088,6715,9569,29.6,595,325,34,194045
ABplppppapp:233,ABplppppapp,233,40752,15752,4411,5741,7870,29.9,600,322,34,194045
ABplppppapp:234,ABplppppapp,234,42010,17010,5578,7085,9561,30.1,602,326,34,194045
ABplppppapp:235,ABplppppapp,235,40294,15294,2606,4359,7943,30.4,596,330,34,194045
ABplppppapp:236,ABplppppapp,236,40242,15242,3686,4956,6056,30.4,598,332,34,194045
ABplppppapp:237,ABplppppapp,237,39285,14285,3541,4894,5580,30.3,600,334,33,194045
ABplppppapp:238,ABplppppapp,238,40200,15200,3429,4289,3813,30.3,602,336,33,194045
ABplppppapp:239,ABplppppapp,239,40705,15705,3734,4263,6485,30.3,604,338,32,194045
ABplppppapp:240,ABplppppapp,240,40885,15885,2861,3535,6211,30.2,606,340,31,194045
ABplppppapp:241,ABplppppapp,241,42354,17354,4283,4355,8238,30.2,608,342,31,194045
ABplppppapp:242,ABplppppapp,242,42361,17361,4747,4565,2324,30.1,610,344,30,194045
ABplppppapp:243,ABplppppapp,243,42075,17075,4037,3882,7309,30.1,612,347,29,103686
ABplppppapp:244,ABplppppapp,244,41535,16535,4431,4566,9896,30.1,619,349,34,177332
ABplppppapp:245,ABplppppapp,245,40559,15559,3405,3816,8628,30.1,624,343,31,132567
ABplppppapp:246,ABplppppapp,246,42353,17353,6220,6499,10880,30.1,626,353,34,179874
ABplppppapp:247,ABplppppapp,247,44377,19377,6704,7175,11560,30.1,627,355,29,115776
ABplppppapp:248,ABplppppapp,248,42472,17472,4381,4293,12302,30.1,618,358,31,152199
ABplppppapp:249,ABplppppapp,249,40493,15493,3195,3976,7305,29.1,621,350,34,187322
ABplppppapp:250,ABplppppapp,250,40676,15676,3086,3332,9738,29.3,613,356,31,133251
ABplppppp:121,ABplppppp,121,30330,5330,373,346,5256,26.3,615,406,49,0
ABplppppp:122,ABplppppp,122,30850,5850,670,768,5761,26.7,601,404,56,0
ABplppppp:123,ABplppppp,123,31180,6180,1180,1190,6141,27.0,614,401,54,0
ABplppppp:124,ABplppppp,124,31411,6411,1232,1158,6391,27.1,613,401,53,0
ABplppppp:125,ABplppppp,125,31786,6786,1744,1718,6767,27.1,612,401,51,0
ABplppppp:126,ABplppppp,126,31418,6418,1280,1270,6411,27.2,611,401,49,0
ABplppppp:127,ABplppppp,127,31126,6126,778,755,6121,27.2,610,401,47,0
ABplppppp:128,ABplppppp,128,31007,6007,492,503,6002,27.3,609,401,45,0
ABplppppp:129,ABplppppp,129,31302,6302,1011,1001,6299,27.4,608,401,44,0
ABplppppp:130,ABplppppp,130,31386,6386,775,775,6384,27.4,607,401,42,0
ABplppppp:131,ABplppppp,131,31179,6179,252,252,6176,27.5,605,401,40,0
ABplppppp:132,ABplppppp,132,32621,7621,2119,2119,7619,27.5,604,401,38,0
ABplppppp:133,ABplppppp,133,31588,6588,659,659,6584,27.6,603,401,36,0
ABplppppp:134,ABplppppp,134,32673,7673,1375,1375,7666,27.7,602,401,35,0
ABplppppp:135,ABplppppp,135,33188,8188,1480,1480,8186,27.7,601,401,33,0
ABplppppp:136,ABplppppp,136,33001,8001,1570,1570,7993,27.8,600,401,31,0
ABplppppp:137,ABplppppp,137,32658,7658,743,1064,4620,27.8,599,401,29,0
ABplppppp:138,ABplppppp,138,32370,7370,-542,-542,7257,27.9,597,400,27,43232
ABplppppp:139,ABplppppp,139,34791,9791,1782,1782,9733,27.9,592,402,27,43232
ABplppppp:140,ABplppppp,140,33265,8265,1274,1274,8251,28.0,587,405,27,43232
ABplppppp:141,ABplppppp,141,35601,10601,3275,3275,10541,28.0,581,407,28,43232
ABplppppp:142,ABplppppp,142,35089,10089,2237,2237,9915,28.1,576,410,28,43232
ABplppppp:143,ABplppppp,143,34719,9719,1990,2005,9250,28.1,570,413,29,59728
ABplppppp:144,ABplppppp,144,37114,12114,5132,5132,12062,29.0,566,401,34,105566
ABplppppp:145,ABplppppp,145,34651,9651,2761,2761,9619,29.0,570,397,34,105566
ABplppppp:146,ABplppppp,146,35450,10450,3352,3342,10416,29.0,574,393,34,112321
ABplppppp:147,ABplppppp,147,36690,11690,4146,4146,11642,28.9,572,397,30,85479
ABplppppp:148,ABplppppp,148,34353,9353,3096,3023,9275,29.0,572,397,46,254077
ABplppppp:149,ABplppppp,149,34094,9094,2655,2638,9044,29.0,572,392,47,253615
ABplppppp:150,ABplppppp,150,34097,9097,2907,2920,8981,29.0,572,392,47,253615
ABplppppp:151,ABplppppp,151,34194,9194,1896,1778,9087,29.1,578,393,35,116237
ABplppppp:152,ABplppppp,152,34368,9368,2874,2932,9232,29.0,576,389,47,275180
ABplppppp:153,ABplppppp,153,34191,9191,2947,3071,9053,29.0,570,388,47,255985
ABplppppp:154,ABplppppp,154,34629,9629,2789,2785,9612,30.0,564,381,36,132762
ABplppppp:155,ABplppppp,155,33640,8640,1737,1681,8483,30.0,570,370,32,87479
ABplppppp:156,ABplppppp,156,34949,9949,2996,2907,9701,30.0,572,365,32,87479
ABplppppp:157,ABplppppp,157,34080,9080,2543,2532,8609,30.0,575,360,33,87479
ABplppppp:158,ABplppppp,158,32465,7465,1701,1747,6868,30.0,577,355,34,87479
ABplppppp:159,ABplppppp,159,32887,7887,1752,1719,7060,30.0,580,350,34,87479
ABplppppp:160,ABplppppp,160,32413,7413,1525,1394,6108,30.0,583,345,35,87479
ABplppppp:161,ABplppppp,161,33286,8286,2400,2450,6706,30.0,585,340,36,87479
ABplppppp:162,ABplppppp,162,33473,8473,2642,2721,6826,30.0,588,335,37,87479
ABplppppp:163,ABplppppp,163,32649,7649,1790,2011,6053,30.0,591,330,37,87479
ABplppppp:164,ABplppppp,164,32216,7216,1211,1271,5939,30.0,593,325,38,87479
ABplppppp:165,ABplppppp,165,32816,7816,2083,2091,6856,30.0,596,320,39,87479
ABplppppp:166,ABplppppp,166,33984,8984,3054,3011,8294,30.0,599,315,40,192438
ABplppppp:167,ABplppppp,167,33650,8650,3347,3385,8078,30.0,599,311,37,158142
ABplppppp:168,ABplppppp,168,32948,7948,1993,2073,7471,29.9,608,319,36,161351
ABplpppppa:169,ABplpppppa,169,31295,6295,666,650,4390,30.0,587,323,27,54426
ABplpppppa:170,ABplpppppa,170,31469,6469,453,423,4939,30.0,588,323,27,54426
ABplpppppa:171,ABplpppppa,171,32324,7324,1492,1441,5886,30.0,590,323,27,54426
ABplpppppa:172,ABplpppppa,172,31115,6115,-514,-648,4806,30.0,592,323,27,54426
ABplpppppa:173,ABplpppppa,173,31750,6750,984,871,5588,30.0,593,323,27,54426
ABplpppppa:174,ABplpppppa,174,31111,6111,341,199,4941,30.1,595,323,27,54426
ABplpppppa:175,ABplpppppa,175,32809,7809,1243,1163,6918,30.1,597,323,27,54426
ABplpppppa:176,ABplpppppa,176,31369,6369,353,299,5521,30.1,598,323,27,54426
ABplpppppa:177,ABplpppppa,177,31666,6666,1389,1342,6015,30.1,600,323,27,54426
ABplpppppa:178,ABplpppppa,178,31869,6869,996,945,6329,30.1,602,324,27,52552
ABplpppppa:179,ABplpppppa,179,33066,8066,2482,2447,7684,30.1,607,321,30,95015
ABplpppppa:180,ABplpppppa,180,33604,8604,2771,2769,8523,30.2,603,329,34,126827
ABplpppppa:181,ABplpppppa,181,35207,10207,4768,4749,10093,30.1,607,317,34,132523
ABplpppppa:182,ABplpppppa,182,32443,7443,1187,1184,7306,29.2,603,313,32,113092
ABplpppppa:183,ABplpppppa,183,33701,8701,2009,2000,8552,29.2,607,307,32,128351
ABplpppppa:184,ABplpppppa,184,33397,8397,2302,2343,8230,29.1,605,307,34,143884
ABplpppppa:185,ABplpppppa,185,34675,9675,2756,2679,9397,30.0,602,307,34,138890
ABplpppppa:186,ABplpppppa,186,33431,8431,1898,1841,8130,30.0,594,304,32,115380
ABplpppppa:187,ABplpppppa,187,36032,11032,4190,4102,10750,29.0,589,298,29,74504
ABplpppppa:188,ABplpppppa,188,34455,9455,2851,2852,9265,29.0,585,302,30,100041
ABplpppppa:189,ABplpppppa,189,34060,9060,2070,2037,8604,28.9,584,301,30,100041
ABplpppppa:190,ABplpppppa,190,35450,10450,3848,3820,10170,28.7,582,299,31,100041
ABplpppppa:191,ABplpppppa,191,34145,9145,2496,2496,9024,28.6,580,298,32,100041
ABplpppppa:192,ABplpppppa,192,35313,10313,3616,3592,9426,28.4,578,296,32,100041
ABplpppppa:193,ABplpppppa,193,35344,10344,3947,3938,9562,28.3,576,295,33,100041
ABplpppppa:194,ABplpppppa,194,34888,9888,3999,3888,9079,28.1,574,293,34,134532
ABplpppppa:195,ABplpppppa,195,34026,9026,2649,2763,7869,28.0,573,298,29,75513
ABplpppppa:196,ABplpppppa,196,34127,9127,2499,2476,8772,28.0,575,297,34,139253
ABplpppppa:197,ABplpppppa,197,35138,10138,3524,3423,9659,28.1,581,296,34,145524
ABplpppppa:198,ABplpppppa,198,36430,11430,4526,4503,11032,28.0,589,303,34,146859
ABplpppppa:199,ABplpppppa,199,35857,10857,4055,4030,10278,28.2,578,303,34,148536
ABplpppppa:200,ABplpppppa,200,36014,11014,4079,4080,10725,28.2,587,304,32,122230
ABplpppppa:201,ABplpppppa,201,36684,11684,4584,4584,11505,28.1,584,303,31,122638
ABplpppppa:202,ABplpppppa,202,36218,11218,4470,4532,10868,28.0,591,308,34,149237
ABplpppppa:203,ABplpppppa,203,34720,9720,2803,2869,9339,28.0,589,310,34,147773
ABplpppppa:204,ABplpppppa,204,35935,10935,3774,3789,10658,27.2,590,309,34,149186
ABplpppppa:205,ABplpppppa,205,36224,11224,3972,4001,10967,27.1,587,311,34,147505
ABplpppppa:206,ABplpppppa,206,35819,10819,3113,3126,10469,28.1,591,312,34,150294
ABplpppppa:207,ABplpppppa,207,37452,12452,5620,5586,12119,28.1,587,309,34,161033
ABplpppppa:208,ABplpppppa,208,36871,11871,4670,4699,11560,28.0,589,307,34,159426
ABplpppppa:209,ABplpppppa,209,37593,12593,5031,5055,12320,28.1,600,309,34,155878
ABplpppppa:210,ABplpppppa,210,40176,15176,7486,7549,14708,27.1,604,313,34,159499
ABplpppppa:211,ABplpppppa,211,36562,11562,3477,3465,11217,27.2,607,303,34,150132
ABplpppppa:212,ABplpppppa,212,40175,15175,7214,7222,14935,27.1,606,306,34,165121
ABplpppppa:213,ABplpppppa,213,38254,13254,4887,4875,12892,27.0,613,306,34,173746
ABplpppppa:214,ABplpppppa,214,38984,13984,5503,5527,13596,27.0,609,298,34,162148
ABplpppppa:215,ABplpppppa,215,40855,15855,7314,7314,15633,27.0,611,299,34,175923
ABplpppppa:216,ABplpppppa,216,39311,14311,6017,5965,14074,28.0,606,303,34,169920
ABplpppppa:217,ABplpppppa,217,39645,14645,5354,5354,14440,27.1,605,299,31,129893
ABplpppppa:218,ABplpppppa,218,40814,15814,7329,7318,15678,27.1,603,305,34,184465
ABplpppppa:219,ABplpppppa,219,40632,15632,7309,7275,15218,27.1,596,312,34,173048
ABplpppppa:220,ABplpppppa,220,38826,13826,4789,4888,13179,27.1,603,318,34,171779
ABplpppppa:221,ABplpppppa,221,41031,16031,6733,6827,15525,28.1,605,313,34,179959
ABplpppppa:222,ABplpppppa,222,39871,14871,5870,5891,14228,28.1,597,313,34,166730
ABplpppppa:223,ABplpppppa,223,39637,14637,4855,5151,13542,28.1,598,310,34,177392
ABplpppppa:224,ABplpppppa,224,41827,16827,6451,6755,15675,28.0,602,313,34,180269
ABplpppppa:225,ABplpppppa,225,41834,16834,7081,7240,15557,27.1,607,319,34,184008
ABplpppppa:226,ABplpppppa,226,41714,16714,6446,6848,14030,28.0,613,322,34,177307
ABplpppppa:227,ABplpppppa,227,40465,15465,5375,5490,13590,27.1,613,325,34,185771
ABplpppppa:228,ABplpppppa,228,42111,17111,6744,6788,15541,28.0,615,317,34,187462
ABplpppppa:229,ABplpppppa,229,44271,19271,7467,7506,18061,27.1,606,316,31,144951
ABplpppppa:230,ABplpppppa,230,44447,19447,7869,8012,17293,27.0,610,320,34,187571
ABplpppppa:231,ABplpppppa,231,44356,19356,7823,8210,14889,27.0,610,322,34,196170
ABplpppppa:232,ABplpppppa,232,46002,21002,8527,9188,16981,27.1,609,321,34,217423
ABplpppppa:233,ABplpppppa,233,43718,18718,6380,6883,14660,27.1,607,327,34,201838
ABplpppppa:234,ABplpppppa,234,46126,21126,9429,9672,16419,27.0,611,329,34,203227
ABplpppppa:235,ABplpppppa,235,44891,19891,8176,8667,15936,27.0,606,334,34,208734
ABplpppppa:236,ABplpppppa,236,46141,21141,9730,10205,18254,27.1,601,337,34,236534
ABplpppppa:237,ABplpppppa,237,43884,18884,8802,9420,15909,27.1,603,339,34,210180
ABplpppppa:238,ABplpppppa,238,46342,21342,9939,10296,18658,27.0,608,342,34,222446
ABplpppppa:239,ABplpppppa,239,45020,20020,8513,8986,16732,27.1,613,341,34,225730
ABplpppppa:240,ABplpppppa,240,46385,21385,9945,10485,18423,26.2,610,344,34,228920
ABplpppppa:241,ABplpppppa,241,46028,21028,8969,9048,17618,26.1,613,344,31,181639
ABplpppppa:242,ABplpppppa,242,45644,20644,8972,9660,16784,26.1,614,342,34,237454
ABplpppppa:243,ABplpppppa,243,45659,20659,9682,9714,17588,26.1,620,349,34,245504
ABplpppppa:244,ABplpppppa,244,40009,15009,3757,4047,11999,26.1,623,348,34,219867
ABplpppppa:245,ABplpppppa,245,42819,17819,5965,6231,13941,26.3,617,346,31,175716
ABplpppppa:246,ABplpppppa,246,42933,17933,7153,7343,14453,26.0,620,356,34,250430
ABplpppppaa:247,ABplpppppaa,247,39751,14751,5185,6446,11559,25.1,611,354,34,200146
ABplpppppaa:248,ABplpppppaa,248,41478,16478,7809,7824,14319,24.0,598,358,31,167076
ABplpppppaa:249,ABplpppppaa,249,40675,15675,8156,8313,14527,23.1,596,360,34,214189
ABplpppppaa:250,ABplpppppaa,250,39912,14912,5776,5809,13999,23.1,596,360,31,158992
ABplpppppap:247,ABplpppppap,247,41622,16622,5105,6645,9243,27.1,632,349,34,210918
ABplpppppap:248,ABplpppppap,248,42101,17101,6103,6080,14107,27.2,636,345,31,173652
ABplpppppap:249,ABplpppppap,249,42223,17223,5844,6371,12053,27.8,634,341,30,178974
ABplpppppap:250,ABplpppppap,250,41254,16254,5384,5567,12836,27.1,633,343,31,166244
ABplpppppp:169,ABplpppppp,169,32374,7374,1825,1826,7207,29.9,629,318,35,161351
ABplpppppp:170,ABplpppppp,170,32979,7979,2618,2617,7929,29.9,650,317,34,128510
ABplpppppp:171,ABplpppppp,171,32956,7956,2408,2408,7933,29.9,650,317,34,128510
ABplpppppp:172,ABplpppppp,172,35418,10418,4687,4691,10358,30.0,654,324,34,128813
ABplpppppp:173,ABplpppppp,173,33884,8884,2751,2751,8857,30.1,652,318,32,111859
ABplpppppp:174,ABplpppppp,174,36136,11136,5032,5028,11080,30.0,653,319,32,119331
ABplpppppp:175,ABplpppppp,175,33874,8874,2839,2854,8819,29.2,657,317,36,169687
ABplpppppp:176,ABplpppppp,176,35675,10675,4647,4698,10580,29.1,660,304,35,140453
ABplpppppp:177,ABplpppppp,177,34136,9136,3326,3326,9110,29.2,659,298,35,145878
ABplpppppp:178,ABplpppppp,178,34444,9444,3558,3558,9418,29.1,662,302,35,155844
ABplpppppp:179,ABplpppppp,179,35008,10008,3920,3924,9953,29.0,667,304,34,148319
ABplpppppp:180,ABplpppppp,180,34577,9577,3121,3121,9519,28.3,655,302,32,118143
ABplpppppp:181,ABplpppppp,181,34683,9683,3716,3721,9517,28.1,659,292,34,145594
ABplpppppp:182,ABplpppppp,182,34299,9299,3294,3283,9085,28.1,654,296,34,148528
ABplpppppp:183,ABplpppppp,183,34139,9139,2799,2770,8946,28.1,656,291,34,153948
ABplpppppp:184,ABplpppppp,184,34005,9005,2371,2325,8735,28.0,651,291,34,151007
ABplpppppp:185,ABplpppppp,185,33981,8981,2721,2695,8664,27.2,641,291,34,141538
ABplpppppp:186,ABplpppppp,186,35060,10060,4020,4024,9600,27.1,638,285,34,140372
ABplpppppp:187,ABplpppppp,187,34846,9846,2661,2671,9520,26.2,641,282,31,112215
ABplpppppp:188,ABplpppppp,188,34812,9812,3220,3292,9259,26.2,637,281,34,135838
ABplpppppp:189,ABplpppppp,189,35218,10218,3450,3450,9957,26.2,622,283,32,112177
ABplpppppp:190,ABplpppppp,190,37147,12147,5047,5098,11533,26.1,627,276,31,117778
ABplpppppp:191,ABplpppppp,191,36816,11816,4901,4918,11499,26.1,626,278,34,134935
ABplpppppp:192,ABplpppppp,192,36895,11895,5448,5585,11434,27.1,632,278,34,151316
ABplpppppp:193,ABplpppppp,193,35810,10810,3710,3724,10361,27.0,626,280,34,158215
ABplpppppp:194,ABplpppppp,194,35212,10212,3493,3483,9648,27.0,625,281,34,165484
ABplpppppp:195,ABplpppppp,195,36694,11694,4880,4854,11254,26.1,624,281,31,113717
ABplpppppp:196,ABplpppppp,196,35431,10431,3514,3593,10042,27.2,627,290,34,152567
ABplpppppp:197,ABplpppppp,197,36757,11757,4347,4318,11360,28.1,628,291,34,171464
ABplpppppp:198,ABplpppppp,198,34677,9677,2384,2581,9057,27.2,631,289,34,151561
ABplpppppp:199,ABplpppppp,199,37185,12185,5396,5459,11744,27.2,625,282,34,159859
ABplpppppp:200,ABplpppppp,200,35812,10812,3622,3640,10179,27.2,629,284,34,152802
ABplpppppp:201,ABplpppppp,201,35170,10170,2439,2385,9508,28.0,634,285,31,121494
ABplpppppp:202,ABplpppppp,202,36460,11460,3988,4075,10911,28.1,630,287,34,158855
ABplpppppp:203,ABplpppppp,203,36170,11170,4037,4138,10500,28.0,631,290,34,172574
ABplpppppp:204,ABplpppppp,204,35255,10255,2359,2377,9344,28.1,633,294,34,182740
ABplpppppp:205,ABplpppppp,205,35560,10560,2901,3066,9878,28.2,631,296,34,170839
ABplpppppp:206,ABplpppppp,206,34310,9310,1531,1557,8522,29.1,629,297,34,171112
ABplpppppp:207,ABplpppppp,207,33733,8733,991,1279,8153,28.2,628,293,34,154674
ABplpppppp:208,ABplpppppp,208,34936,9936,2538,2557,9385,28.2,635,294,34,163845
ABplpppppp:209,ABplpppppp,209,35813,10813,3037,3137,9760,28.2,641,298,34,171799
ABplpppppp:210,ABplpppppp,210,36510,11510,3441,3461,10504,28.1,641,297,34,193125
ABplpppppp:211,ABplpppppp,211,34849,9849,2131,2155,9292,28.2,646,295,34,171064
ABplpppppp:212,ABplpppppp,212,35563,10563,3299,3360,9801,28.0,654,299,34,188596
ABplpppppp:213,ABplpppppp,213,36163,11163,3538,3663,10234,28.2,657,301,34,203921
ABplpppppp:214,ABplpppppp,214,36071,11071,4186,4223,10213,28.2,656,297,34,179831
ABplpppppp:215,ABplpppppp,215,36237,11237,4072,4138,10733,29.0,660,297,34,203604
ABplpppppp:216,ABplpppppp,216,36734,11734,4372,4431,11319,28.2,663,299,34,205195
ABplpppppp:217,ABplpppppp,217,35817,10817,3416,3416,10284,28.1,675,294,31,163870
ABplpppppp:218,ABplpppppp,218,35367,10367,3032,3155,9436,28.1,675,295,34,220853
ABplpppppp:219,ABplpppppp,219,35043,10043,3040,2964,9056,28.1,681,296,34,226194
ABplpppppp:220,ABplpppppp,220,35078,10078,2569,2546,9003,29.0,685,300,34,245889
ABplpppppp:221,ABplpppppp,221,35255,10255,3265,3154,9089,28.2,682,307,34,224355
ABplpppppp:222,ABplpppppp,222,36077,11077,4158,4205,9843,29.2,688,317,34,236492
ABplpppppp:223,ABplpppppp,223,35985,10985,4335,4270,10022,29.1,687,313,34,243141
ABplpppppp:224,ABplpppppp,224,35357,10357,3529,3487,9576,29.1,692,314,34,250469
ABplpppppp:225,ABplpppppp,225,36753,11753,4842,4770,10837,29.2,692,319,34,230130
ABplpppppp:226,ABplpppppp,226,35152,10152,3270,3257,9149,29.2,692,314,34,227533
ABplpppppp:227,ABplpppppp,227,34770,9770,3009,2962,8928,30.0,688,310,34,241858
ABplpppppp:228,ABplpppppp,228,34286,9286,2297,2308,8135,29.2,693,312,34,227827
ABplpppppp:229,ABplpppppp,229,37270,12270,5006,5020,11240,29.2,689,307,31,178013
ABplpppppp:230,ABplpppppp,230,34972,9972,3161,3048,9078,29.2,693,309,34,236898
ABplpppppp:231,ABplpppppp,231,35988,10988,4145,3994,9931,29.2,693,303,34,245876
ABplpppppp:232,ABplpppppp,232,33652,8652,1657,1535,7785,29.2,692,304,34,247178
ABplpppppp:233,ABplpppppp,233,35410,10410,3879,3737,9267,29.2,690,302,34,232941
ABplpppppp:234,ABplpppppp,234,33506,8506,1142,882,6899,28.2,698,300,32,210382
ABplpppppp:235,ABplpppppp,235,33610,8610,1773,1734,8275,29.1,700,301,34,248079
ABplppppppa:236,ABplppppppa,236,33886,8886,1445,1839,7055,30.0,683,296,34,222152
ABplppppppa:237,ABplppppppa,237,32949,7949,940,948,7318,30.1,678,298,30,172882
ABplppppppa:238,ABplppppppa,238,33516,8516,1664,1917,7737,30.2,680,291,32,198179
ABplppppppa:239,ABplppppppa,239,34280,9280,2562,2655,8347,30.2,688,294,34,218889
ABplppppppa:240,ABplppppppa,240,32160,7160,845,735,5718,30.2,686,304,32,213273
ABplppppppa:241,ABplppppppa,241,32844,7844,1685,1636,6685,30.2,694,302,31,176600
ABplppppppa:242,ABplppppppa,242,32974,7974,1059,1084,6658,30.2,695,302,34,232873
ABplppppppa:243,ABplppppppa,243,32597,7597,591,885,4878,30.2,699,305,34,212042
ABplppppppa:244,ABplppppppa,244,32120,7120,169,401,5062,30.1,700,302,34,217242
ABplppppppa:245,ABplppppppa,245,32830,7830,1287,1501,5451,30.2,701,312,31,169182
ABplppppppa:246,ABplppppppa,246,34214,9214,2418,2844,7118,30.2,705,313,34,226560
ABplppppppa:247,ABplppppppa,247,33949,8949,2148,2478,6380,30.1,710,309,34,253024
ABplppppppa:248,ABplppppppa,248,35590,10590,3287,3331,8481,30.1,711,311,31,195684
ABplppppppa:249,ABplppppppa,249,34184,9184,1981,2168,6168,30.1,712,309,34,258472
ABplppppppa:250,ABplppppppa,250,32915,7915,485,932,4303,29.1,714,309,31,203971
ABplppppppp:236,ABplppppppp,236,34556,9556,3042,3212,8423,29.0,709,304,32,213031
ABplppppppp:237,ABplppppppp,237,33217,8217,1899,1926,6584,28.2,724,317,34,227206
ABplppppppp:238,ABplppppppp,238,34293,9293,2897,2755,7947,28.2,733,313,34,225130
ABplppppppp:239,ABplppppppp,239,34049,9049,3105,3080,7831,28.0,740,314,34,233164
ABplppppppp:240,ABplppppppp,240,33791,8791,2400,2266,7756,27.2,734,320,34,214538
ABplppppppp:241,ABplppppppp,241,33968,8968,2924,2939,6825,26.1,740,321,31,167797
ABplppppppp:242,ABplppppppp,242,33715,8715,2514,2396,7145,26.2,740,322,34,213815
ABplppppppp:243,ABplppppppp,243,33398,8398,2259,2141,6600,27.1,738,323,34,226397
ABplppppppp:244,ABplppppppp,244,34945,9945,3229,3037,8774,27.2,741,329,34,227793
ABplppppppp:245,ABplppppppp,245,34751,9751,3293,3331,8553,27.2,736,331,31,172422
ABplppppppp:246,ABplppppppp,246,34527,9527,3131,3088,7973,27.2,734,341,34,221187
ABplppppppp:247,ABplppppppp,247,35520,10520,3913,3778,9010,27.2,737,343,34,222471
ABplppppppp:248,ABplppppppp,248,34242,9242,2387,2288,8369,27.2,734,349,31,183564
ABplppppppp:249,ABplppppppp,249,34188,9188,2709,2589,7869,27.1,736,344,32,214318
ABplppppppp:250,ABplppppppp,250,35096,10096,3422,3060,8492,26.1,744,341,31,188087
ABpr:5,ABpr,5,29573,4573,-281,-318,4573,13.0,462,167,98,0
ABpr:6,ABpr,6,29467,4467,-389,-415,4467,14.0,479,161,92,0
ABpr:7,ABpr,7,29432,4432,-405,-405,4432,15.0,496,155,86,0
ABpr:8,ABpr,8,29468,4468,-391,-391,4468,16.0,513,148,80,0
ABpr:9,ABpr,9,29531,4531,-248,-248,4531,16.4,520,150,80,0
ABpr:10,ABpr,10,29844,4844,-69,-69,4844,16.9,527,153,80,0
ABpr:11,ABpr,11,29797,4797,-75,-75,4797,17.3,534,156,80,0
ABpr:12,ABpr,12,29698,4698,-275,-275,4698,17.8,541,159,80,0
ABpr:13,ABpr,13,29676,4676,-254,-254,4676,18.2,549,162,80,0
ABpr:14,ABpr,14,29617,4617,-380,-380,4617,18.7,556,165,80,0
ABpr:15,ABpr,15,29456,4456,-488,-488,4456,19.1,563,168,80,0
ABpr:16,ABpr,16,29371,4371,-395,-395,4371,19.6,570,171,80,0
ABpr:17,ABpr,17,29358,4358,-487,-487,4358,20.0,578,174,80,0
ABpr:18,ABpr,18,29484,4484,-361,-361,4484,20.0,574,175,80,0
ABpr:19,ABpr,19,29591,4591,-316,-316,4591,20.0,569,177,80,0
ABpr:20,ABpr,20,29703,4703,-252,-252,4703,20.0,564,179,80,0
ABpra:21,ABpra,21,29469,4469,-405,-427,4469,18.5,534,149,80,0
ABpra:22,ABpra,22,29478,4478,-382,-382,4478,17.0,504,118,80,0
ABpra:23,ABpra,23,29530,4530,-241,-241,4530,16.9,503,119,80,0
ABpra:24,ABpra,24,29740,4740,-12,-12,4740,16.8,502,120,79,0
ABpra:25,ABpra,25,29665,4665,-96,-96,4665,16.8,501,121,79,0
ABpra:26,ABpra,26,29809,4809,52,52,4809,16.7,500,122,78,0
ABpra:27,ABpra,27,29690,4690,-60,-60,4690,16.6,499,123,77,0
ABpra:28,ABpra,28,29520,4520,-205,-205,4520,16.5,498,124,77,0
ABpra:29,ABpra,29,29345,4345,-296,-296,4345,16.5,496,125,76,0
ABpra:30,ABpra,30,29299,4299,-401,-401,4299,16.4,495,126,76,0
ABpra:31,ABpra,31,29268,4268,-439,-439,4268,16.3,494,127,75,0
ABpra:32,ABpra,32,29331,4331,-351,-351,4331,16.2,493,128,74,0
ABpra:33,ABpra,33,29212,4212,-445,-445,4212,16.2,492,129,74,0
ABpra:34,ABpra,34,29331,4331,-451,-451,4331,16.1,491,130,73,0
ABpra:35,ABpra,35,29391,4391,-450,-450,4391,16.0,489,131,72,0
ABpra:36,ABpra,36,29448,4448,-344,-344,4448,15.0,509,137,70,0
ABpraa:37,ABpraa,37,29635,4635,-49,-46,4599,15.0,484,125,67,0
ABpraa:38,ABpraa,38,29357,4357,-297,-297,4357,15.0,458,112,64,0
ABprap:37,ABprap,37,29689,4689,-144,-157,4659,14.0,529,144,67,0
ABprap:38,ABprap,38,29345,4345,-490,-490,4345,13.0,550,151,64,0
ABprap:39,ABprap,39,29302,4302,-608,-608,4302,12.9,550,151,64,0
ABprap:40,ABprap,40,29265,4265,-702,-702,4265,12.8,551,151,64,0
ABprap:41,ABprap,41,29374,4374,-431,-431,4374,12.7,552,151,64,0
ABprap:42,ABprap,42,29157,4157,-777,-777,4157,12.6,553,151,64,0
ABprap:43,ABprap,43,29073,4073,-714,-714,4073,12.5,554,152,64,0
ABprap:44,ABprap,44,29080,4080,-817,-817,4080,12.4,555,152,64,0
ABprap:45,ABprap,45,29410,4410,-427,-427,4410,12.3,556,152,64,0
ABprap:46,ABprap,46,28925,3925,-868,-868,3925,12.2,557,152,64,0
ABprap:47,ABprap,47,29087,4087,-764,-764,4087,12.1,558,152,64,0
ABprap:48,ABprap,48,29072,4072,-641,-641,4072,12.0,559,153,64,0
ABprap:49,ABprap,49,29018,4018,-753,-753,4018,11.9,559,153,64,0
ABprap:50,ABprap,50,29356,4356,-482,-482,4356,11.8,560,153,64,0
ABprap:51,ABprap,51,28899,3899,-862,-862,3899,11.7,561,153,64,0
ABprap:52,ABprap,52,29089,4089,-641,-641,4089,11.6,562,153,64,0
ABprap:53,ABprap,53,29362,4362,-370,-370,4362,11.5,563,154,64,0
ABprap:54,ABprap,54,29193,4193,-472,-472,4193,11.4,564,154,64,0
ABprap:55,ABprap,55,29202,4202,-418,-418,4202,11.3,565,154,64,0
ABprap:56,ABprap,56,29422,4422,-237,-237,4422,11.2,566,154,64,0
ABprap:57,ABprap,57,29240,4240,-415,-415,4240,11.1,567,154,64,0
ABprap:58,ABprap,58,29417,4417,-270,-270,4417,11.0,568,155,64,0
ABprapa:59,ABprapa,59,29393,4393,-242,-254,4385,11.0,537,137,64,0
ABprapa:60,ABprapa,60,29610,4610,37,37,4610,11.0,506,118,64,0
ABprapa:61,ABprapa,61,29769,4769,101,101,4769,10.8,506,120,64,0
ABprapa:62,ABprapa,62,29954,4954,571,571,4954,10.7,507,122,64,0
ABprapa:63,ABprapa,63,30013,5013,575,575,5013,10.5,507,124,64,0
ABprapa:64,ABprapa,64,29937,4937,451,451,4937,10.4,508,127,64,0
ABprapa:65,ABprapa,65,29873,4873,171,172,4873,10.2,508,129,64,0
ABprapa:66,ABprapa,66,29981,4981,311,312,4981,10.1,509,131,64,0
ABprapa:67,ABprapa,67,30231,5231,708,711,5231,9.9,509,133,64,0
ABprapa:68,ABprapa,68,29615,4615,1,2,4615,9.8,510,136,64,0
ABprapa:69,ABprapa,69,29799,4799,190,190,4799,9.6,510,138,64,0
ABprapa:70,ABprapa,70,29648,4648,22,25,4648,9.5,511,140,64,0
ABprapa:71,ABprapa,71,29757,4757,84,95,4757,9.3,511,142,64,0
ABprapa:72,ABprapa,72,29620,4620,-63,-51,4620,9.2,512,145,64,0
ABprapa:73,ABprapa,73,29469,4469,-181,-179,4469,9.0,513,147,64,0
ABprapa:74,ABprapa,74,29720,4720,-54,-47,4720,8.8,513,149,64,0
ABprapa:75,ABprapa,75,29766,4766,-5,-10,4766,8.7,514,152,64,0
ABprapa:76,ABprapa,76,29499,4499,-261,-266,4499,8.5,514,154,64,0
ABprapa:77,ABprapa,77,29627,4627,-164,-166,4627,8.4,515,156,64,0
ABprapa:78,ABprapa,78,29814,4814,31,27,4814,8.2,515,158,64,0
ABprapa:79,ABprapa,79,29670,4670,-253,-245,4670,8.1,516,161,64,0
ABprapa:80,ABprapa,80,29565,4565,-238,-243,4565,7.9,516,163,64,0
ABprapa:81,ABprapa,81,29310,4310,-622,-628,4310,7.8,517,165,64,0
ABprapa:82,ABprapa,82,29310,4310,-657,-653,4310,7.6,517,167,64,0
ABprapa:83,ABprapa,83,29436,4436,-566,-569,4436,7.5,518,170,64,0
ABprapa:84,ABprapa,84,29247,4247,-850,-850,4247,7.3,518,172,64,0
ABprapa:85,ABprapa,85,29417,4417,-757,-757,4417,7.2,519,174,64,0
ABprapa:86,ABprapa,86,29581,4581,-510,-509,4581,7.0,520,177,64,0
ABprapaa:87,ABprapaa,87,29706,4706,25,24,4706,7.0,467,142,60,0
ABprapaa:88,ABprapaa,88,29515,4515,-304,-305,4515,6.9,468,144,60,0
ABprapaa:89,ABprapaa,89,29572,4572,-255,-254,4572,6.8,470,147,60,0
ABprapaa:90,ABprapaa,90,29385,4385,-584,-590,4385,6.7,472,150,60,0
ABprapaa:91,ABprapaa,91,29499,4499,-422,-423,4499,6.6,474,153,59,0
ABprapaa:92,ABprapaa,92,29415,4415,-684,-683,4415,6.5,476,155,59,0
ABprapaa:93,ABprapaa,93,29397,4397,-660,-660,4397,6.4,477,158,59,0
ABprapaa:94,ABprapaa,94,29506,4506,-708,-713,4506,6.3,479,161,59,0
ABprapaa:95,ABprapaa,95,29457,4457,-795,-795,4457,6.2,481,164,58,0
ABprapaa:96,ABprapaa,96,29345,4345,-919,-921,4345,6.1,483,166,58,0
ABprapaa:97,ABprapaa,97,29533,4533,-742,-746,4533,6.0,485,169,58,0
ABprapaa:98,ABprapaa,98,29857,4857,-558,-563,4857,5.9,487,172,58,0
ABprapaa:99,ABprapaa,99,29827,4827,-674,-676,4827,5.8,488,175,57,0
ABprapaa:100,ABprapaa,100,30075,5075,-504,-507,5075,5.7,490,177,57,0
ABprapaa:101,ABprapaa,101,29605,4605,-965,-967,4605,5.7,492,180,57,0
ABprapaa:102,ABprapaa,102,30108,5108,-326,-328,5108,5.6,494,183,57,0
ABprapaa:103,ABprapaa,103,29693,4693,-798,-796,4693,5.5,496,186,56,0
ABprapaa:104,ABprapaa,104,29655,4655,-1002,-1001,4655,5.4,497,188,56,0
ABprapaa:105,ABprapaa,105,29830,4830,-803,-802,4830,5.3,499,191,56,0
ABprapaa:106,ABprapaa,106,29977,4977,-837,-838,4977,5.2,501,194,56,0
ABprapaa:107,ABprapaa,107,30015,5015,-697,-697,5015,5.1,503,197,55,0
ABprapaa:108,ABprapaa,108,29756,4756,-1000,-1000,4756,5.0,505,199,55,0
ABprapaa:109,ABprapaa,109,29956,4956,-932,-932,4956,4.9,507,202,55,0
ABprapaa:110,ABprapaa,110,29987,4987,-783,-783,4987,4.8,508,205,55,0
ABprapaa:111,ABprapaa,111,29793,4793,-1042,-1042,4793,4.7,510,208,54,0
ABprapaa:112,ABprapaa,112,29743,4743,-1162,-1162,4743,4.6,512,210,54,0
ABprapaa:113,ABprapaa,113,29777,4777,-1223,-1223,4777,4.5,514,213,54,0
ABprapaa:114,ABprapaa,114,29816,4816,-1041,-1045,4815,4.4,516,216,54,0
ABprapaa:115,ABprapaa,115,29781,4781,-1299,-1328,4781,4.3,518,219,53,283438
ABprapaa:116,ABprapaa,116,29827,4827,-1019,-1045,4825,4.4,519,217,53,292153
ABprapaa:117,ABprapaa,117,29694,4694,-1179,-1198,4690,4.9,520,219,53,311968
ABprapaa:118,ABprapaa,118,29507,4507,-1456,-1496,4493,4.8,513,218,53,326340
ABprapaa:119,ABprapaa,119,29612,4612,-1663,-1663,4607,4.2,507,229,36,135960
ABprapaaa:120,ABprapaaa,120,30075,5075,-1116,-1165,4933,4.2,486,214,34,97495
ABprapaaa:121,ABprapaaa,121,29904,4904,-1151,-1151,4887,4.2,475,207,33,102088
ABprapaaa:122,ABprapaaa,122,30266,5266,-1176,-1176,5236,4.0,478,210,37,131239
ABprapaaa:123,ABprapaaa,123,29770,4770,-1249,-1249,4725,4.1,481,217,36,125437
ABprapaaa:124,ABprapaaa,124,29896,4896,-1589,-1589,4879,4.1,477,210,39,141701
ABprapaaa:125,ABprapaaa,125,29736,4736,-1550,-1550,4722,4.1,478,216,40,154667
ABprapaaa:126,ABprapaaa,126,29413,4413,-1733,-1733,4391,4.0,467,211,27,38803
ABprapaaa:127,ABprapaaa,127,29808,4808,-1751,-1751,4788,4.1,470,208,33,74722
ABprapaaa:128,ABprapaaa,128,30433,5433,-1315,-1315,5398,3.9,471,204,33,75429
ABprapaaa:129,ABprapaaa,129,30674,5674,-648,-648,5663,4.1,475,198,32,77936
ABprapaaa:130,ABprapaaa,130,30176,5176,-1138,-1138,5172,4.0,479,199,33,76878
ABprapaaa:131,ABprapaaa,131,29946,4946,-1527,-1527,4941,4.0,476,200,34,91759
ABprapaaa:132,ABprapaaa,132,30546,5546,-1012,-1037,5496,4.1,483,201,38,132357
ABprapaaa:133,ABprapaaa,133,30039,5039,-1049,-1067,5027,4.1,477,203,39,132473
ABprapaaa:134,ABprapaaa,134,30532,5532,-1160,-1178,5491,4.0,478,197,41,142999
ABprapaaa:135,ABprapaaa,135,29674,4674,-1536,-1572,4641,4.0,481,188,40,150117
ABprapaaa:136,ABprapaaa,136,30428,5428,-764,-853,5399,4.1,488,183,43,175365
ABprapaaa:137,ABprapaaa,137,30664,5664,-850,-867,5634,4.1,489,184,40,157831
ABprapaaa:138,ABprapaaa,138,29927,4927,-1281,-1344,4897,4.1,490,181,44,195997
ABprapaaa:139,ABprapaaa,139,30519,5519,-824,-826,5516,4.2,487,178,42,174917
ABprapaaa:140,ABprapaaa,140,29582,4582,-1226,-1251,4574,5.2,483,168,45,207697
ABprapaaa:141,ABprapaaa,141,29493,4493,-677,-712,4477,6.0,483,167,45,218936
ABprapaaa:142,ABprapaaa,142,29322,4322,-809,-862,4301,6.1,480,167,44,227693
ABprapaaa:143,ABprapaaa,143,29358,4358,-743,-737,4354,6.0,490,159,45,222425
ABprapaaa:144,ABprapaaa,144,29024,4024,-971,-982,4009,6.9,487,156,46,279340
ABprapaaa:145,ABprapaaa,145,29101,4101,-758,-801,4089,6.9,483,158,46,284718
ABprapaaa:146,ABprapaaa,146,29423,4423,-929,-975,4423,6.1,480,157,50,352610
ABprapaaa:147,ABprapaaa,147,29071,4071,-889,-900,4067,6.9,483,153,46,291360
ABprapaaa:148,ABprapaaa,148,29268,4268,-765,-798,4245,7.0,486,149,46,303758
ABprapaaa:149,ABprapaaa,149,29226,4226,-556,-528,4221,7.0,486,151,51,370149
ABprapaaa:150,ABprapaaa,150,29612,4612,-240,-290,4600,6.9,486,157,47,309052
ABprapaaa:151,ABprapaaa,151,28925,3925,-682,-707,3912,7.1,485,152,47,317760
ABprapaaa:152,ABprapaaa,152,29610,4610,-491,-538,4601,6.4,481,162,49,341675
ABprapaaa:153,ABprapaaa,153,29579,4579,-126,-131,4556,7.9,488,156,47,321836
ABprapaaa:154,ABprapaaa,154,29621,4621,-288,-311,4606,7.2,492,156,50,403305
ABprapaaa:155,ABprapaaa,155,29462,4462,-426,-422,4455,6.5,494,153,50,356050
ABprapaaa:156,ABprapaaa,156,29400,4400,-362,-399,4390,7.1,502,157,48,319793
ABprapaaa:157,ABprapaaa,157,29452,4452,-318,-322,4446,7.3,498,157,49,297132
ABprapaaa:158,ABprapaaa,158,29227,4227,-519,-531,4218,8.1,497,156,46,298482
ABprapaaa:159,ABprapaaa,159,29230,4230,-703,-664,4224,7.2,501,158,49,321668
ABprapaaa:160,ABprapaaa,160,29283,4283,-482,-494,4280,7.3,500,161,47,293213
ABprapaaa:161,ABprapaaa,161,29385,4385,-301,-305,4368,7.3,500,160,49,340747
ABprapaaa:162,ABprapaaa,162,29308,4308,-312,-315,4304,8.0,495,158,44,273964
ABprapaaa:163,ABprapaaa,163,29068,4068,-506,-509,4062,9.0,497,160,44,294078
ABprapaaa:164,ABprapaaa,164,29306,4306,-168,-168,4306,9.1,493,162,43,267027
ABprapaaa:165,ABprapaaa,165,29323,4323,-311,-318,4304,9.0,493,153,37,205903
ABprapaaa:166,ABprapaaa,166,29442,4442,168,163,4420,8.4,502,141,42,263570
ABprapaaaa:167,ABprapaaaa,167,29125,4125,-233,-224,3964,8.2,463,131,35,148989
ABprapaaaa:168,ABprapaaaa,168,29675,4675,206,203,4595,8.2,471,126,34,145231
ABprapaaaa:169,ABprapaaaa,169,29057,4057,-324,-325,3990,8.1,462,123,35,159605
ABprapaaaa:170,ABprapaaaa,170,29251,4251,-336,-353,4034,8.9,456,116,34,160099
ABprapaaaa:171,ABprapaaaa,171,29213,4213,-18,-30,4065,8.3,455,112,37,171614
ABprapaaaa:172,ABprapaaaa,172,29079,4079,-265,-272,3872,9.3,449,108,36,183994
ABprapaaaa:173,ABprapaaaa,173,29101,4101,-96,-95,3751,9.3,456,104,36,193304
ABprapaaaa:174,ABprapaaaa,174,28895,3895,-490,-439,3428,9.1,442,103,36,212106
ABprapaaaa:175,ABprapaaaa,175,28848,3848,-328,-319,3643,8.4,443,107,36,189232
ABprapaaaa:176,ABprapaaaa,176,28588,3588,-1072,-1067,3384,9.0,447,108,35,175330
ABprapaaaa:177,ABprapaaaa,177,29202,4202,-333,-360,3898,9.0,444,112,35,168248
ABprapaaaa:178,ABprapaaaa,178,29418,4418,-127,-139,4263,9.1,442,117,35,171557
ABprapaaaa:179,ABprapaaaa,179,29291,4291,-408,-403,4064,9.0,446,117,34,178235
ABprapaaaa:180,ABprapaaaa,180,29571,4571,-98,-105,4205,10.0,450,113,34,184033
ABprapaaaa:181,ABprapaaaa,181,29178,4178,-196,-203,3970,9.3,454,118,34,179980
ABprapaaaa:182,ABprapaaaa,182,29482,4482,-352,-348,4283,9.2,449,122,34,188604
ABprapaaaa:183,ABprapaaaa,183,29871,4871,383,417,4592,10.0,457,128,34,198903
ABprapaaaa:184,ABprapaaaa,184,29692,4692,-59,-65,4440,10.1,456,130,34,193358
ABprapaaaa:185,ABprapaaaa,185,29616,4616,141,121,4354,10.2,460,133,34,195912
ABprapaaaa:186,ABprapaaaa,186,29157,4157,-305,-310,3594,10.2,461,138,34,162871
ABprapaaaa:187,ABprapaaaa,187,28938,3938,-595,-602,3540,11.1,457,130,31,142738
ABprapaaaa:188,ABprapaaaa,188,29900,4900,438,450,4636,10.2,456,123,34,174079
ABprapaaaa:189,ABprapaaaa,189,29337,4337,-133,-163,3838,10.3,457,126,34,186034
ABprapaaaa:190,ABprapaaaa,190,28782,3782,-798,-804,3394,10.3,456,126,31,136824
ABprapaaaa:191,ABprapaaaa,191,29129,4129,-366,-411,3615,10.2,457,125,34,181460
ABprapaaaa:192,ABprapaaaa,192,29835,4835,415,416,4229,11.0,462,121,34,197193
ABprapaaaa:193,ABprapaaaa,193,28883,3883,-878,-929,3533,10.3,456,121,34,181563
ABprapaaaa:194,ABprapaaaa,194,29464,4464,-261,-330,4124,10.2,456,121,34,202216
ABprapaaaa:195,ABprapaaaa,195,29494,4494,-42,-66,4031,10.2,449,124,31,155932
ABprapaaaa:196,ABprapaaaa,196,29085,4085,-428,-371,3526,10.1,451,124,34,213221
ABprapaaaa:197,ABprapaaaa,197,29585,4585,151,102,3866,9.3,449,131,34,192190
ABprapaaaa:198,ABprapaaaa,198,29123,4123,-440,-345,3776,9.3,448,128,34,192752
ABprapaaaa:199,ABprapaaaa,199,29849,4849,215,152,4285,9.3,451,125,34,204748
ABprapaaaa:200,ABprapaaaa,200,29237,4237,-341,-365,3738,9.1,457,125,34,203794
ABprapaaaa:201,ABprapaaaa,201,29312,4312,-30,-32,3947,9.2,447,126,31,164712
ABprapaaaa:202,ABprapaaaa,202,28947,3947,-603,-633,3507,9.2,445,127,34,222904
ABprapaaaa:203,ABprapaaaa,203,29485,4485,78,113,4002,9.3,445,127,34,213349
ABprapaaaa:204,ABprapaaaa,204,29570,4570,-54,-35,4017,9.3,450,130,34,212985
ABprapaaaa:205,ABprapaaaa,205,29038,4038,-480,-499,2995,9.2,449,138,34,215873
ABprapaaaa:206,ABprapaaaa,206,29543,4543,-211,-264,3747,10.0,447,139,34,231822
ABprapaaaa:207,ABprapaaaa,207,29150,4150,-507,-505,3223,9.2,448,146,34,218233
ABprapaaaa:208,ABprapaaaa,208,30175,5175,609,621,4399,10.1,443,152,34,235829
ABprapaaaa:209,ABprapaaaa,209,29483,4483,-314,-347,2929,9.2,444,156,34,231520
ABprapaaaa:210,ABprapaaaa,210,29801,4801,275,234,3510,9.1,443,153,34,223383
ABprapaaaa:211,ABprapaaaa,211,29257,4257,-264,-264,2746,8.3,445,156,34,216910
ABprapaaaa:212,ABprapaaaa,212,29646,4646,260,208,3280,8.2,450,159,34,232758
ABprapaaaa:213,ABprapaaaa,213,29274,4274,-507,-611,2889,8.2,448,164,34,242097
ABprapaaaa:214,ABprapaaaa,214,29328,4328,-325,-445,3319,8.2,446,163,34,232766
ABprapaaaa:215,ABprapaaaa,215,29073,4073,-518,-657,3164,8.1,445,164,34,248264
ABprapaaaa:216,ABprapaaaa,216,28855,3855,-670,-805,2964,8.1,440,164,34,244076
ABprapaaaa:217,ABprapaaaa,217,29712,4712,268,257,3813,8.1,432,169,31,197222
ABprapaaaa:218,ABprapaaaa,218,29389,4389,-324,-389,3463,8.1,430,168,34,248012
ABprapaaaa:219,ABprapaaaa,219,28992,3992,-543,-640,3068,8.2,430,169,34,248100
ABprapaaaa:220,ABprapaaaa,220,29295,4295,-236,-274,3231,8.2,431,172,34,256253
ABprapaaaa:221,ABprapaaaa,221,29092,4092,-821,-830,3254,8.0,433,174,34,254407
ABprapaaaa:222,ABprapaaaa,222,28817,3817,-903,-935,2788,8.1,429,174,34,250594
ABprapaaaa:223,ABprapaaaa,223,29537,4537,114,62,3631,7.4,428,174,34,222666
ABprapaaaa:224,ABprapaaaa,224,29519,4519,40,17,3467,7.4,426,175,34,228944
ABprapaaaa:225,ABprapaaaa,225,29477,4477,-197,-242,3586,8.0,426,173,34,254451
ABprapaaaa:226,ABprapaaaa,226,28963,3963,-618,-646,3045,7.3,426,180,32,217033
ABprapaaaa:227,ABprapaaaa,227,29183,4183,-315,-368,3305,7.4,420,179,34,239761
ABprapaaaa:228,ABprapaaaa,228,29035,4035,-691,-718,2909,7.3,419,177,34,247561
ABprapaaaa:229,ABprapaaaa,229,29090,4090,-443,-487,3167,7.3,419,177,31,197744
ABprapaaaa:230,ABprapaaaa,230,29671,4671,214,216,3771,7.3,416,178,34,249814
ABprapaaaa:231,ABprapaaaa,231,29132,4132,-487,-555,3388,7.4,414,177,34,254446
ABprapaaaa:232,ABprapaaaa,232,29633,4633,-170,-237,3519,8.0,414,177,34,273891
ABprapaaaa:233,ABprapaaaa,233,29287,4287,-547,-613,2902,7.3,407,177,34,246569
ABprapaaaa:234,ABprapaaaa,234,29097,4097,-575,-586,3216,8.2,406,174,34,274513
ABprapaaaa:235,ABprapaaaa,235,29607,4607,39,-29,3858,9.0,408,169,34,272857
ABprapaaaa:236,ABprapaaaa,236,29184,4184,-651,-556,3253,8.2,405,168,34,266552
ABprapaaaa:237,ABprapaaaa,237,29015,4015,-647,-599,3003,8.2,405,167,34,275661
ABprapaaaa:238,ABprapaaaa,238,29722,4722,107,89,4085,8.3,401,167,34,262921
ABprapaaaa:239,ABprapaaaa,239,28969,3969,-318,-364,3174,8.3,402,165,34,268131
ABprapaaaa:240,ABprapaaaa,240,28986,3986,-414,-529,2897,8.1,402,171,34,288372
ABprapaaaa:241,ABprapaaaa,241,29426,4426,70,59,3510,8.2,399,173,31,205127
ABprapaaaa:242,ABprapaaaa,242,29694,4694,307,301,3812,8.2,394,173,34,268564
ABprapaaaa:243,ABprapaaaa,243,29240,4240,-182,-235,3480,8.2,392,167,32,229062
ABprapaaaa:244,ABprapaaaa,244,29466,4466,-220,-298,2792,10.3,390,157,34,248571
ABprapaaaa:245,ABprapaaaa,245,29562,4562,12,-26,3218,10.4,386,160,31,191881
ABprapaaaa:246,ABprapaaaa,246,29030,4030,-311,-521,1904,11.2,386,155,32,239147
ABprapaaaa:247,ABprapaaaa,247,29221,4221,-442,-519,2136,11.1,384,149,30,211111
ABprapaaaa:248,ABprapaaaa,248,29504,4504,84,51,3531,11.0,382,144,31,225828
ABprapaaaa:249,ABprapaaaa,249,29254,4254,-479,-501,3881,10.3,371,139,34,265604
ABprapaaaa:250,ABprapaaaa,250,29801,4801,406,397,4300,10.3,369,138,31,229248
ABprapaaap:167,ABprapaaap,167,28934,3934,-276,-291,3745,8.0,529,134,37,182720
ABprapaaap:168,ABprapaaap,168,29313,4313,-145,-125,4206,8.3,534,133,34,138209
ABprapaaap:169,ABprapaaap,169,28909,3909,-544,-542,3850,9.0,527,120,35,160155
ABprapaaap:170,ABprapaaap,170,28688,3688,-505,-505,3663,8.3,516,111,36,158560
ABprapaaap:171,ABprapaaap,171,29208,4208,150,126,3889,9.1,513,112,37,183367
ABprapaaap:172,ABprapaaap,172,29342,4342,7,-79,3884,9.3,513,111,37,183367
ABprapaaap:173,ABprapaaap,173,29589,4589,361,347,3989,9.6,512,110,37,183367
ABprapaaap:174,ABprapaaap,174,28804,3804,-389,-424,3226,9.8,511,109,37,183367
ABprapaaap:175,ABprapaaap,175,29297,4297,120,79,3519,10.0,510,107,36,195539
ABprapaaap:176,ABprapaaap,176,28621,3621,-744,-762,3061,9.1,503,107,35,159580
ABprapaaap:177,ABprapaaap,177,29449,4449,178,147,4114,8.3,502,110,35,138455
ABprapaaap:178,ABprapaaap,178,28951,3951,-247,-272,3574,9.1,502,108,35,171062
ABprapaaap:179,ABprapaaap,179,28707,3707,-485,-509,3457,8.2,496,117,34,150642
ABprapaaap:180,ABprapaaap,180,29734,4734,317,243,4379,9.2,497,114,34,170142
ABprapaaap:181,ABprapaaap,181,29086,4086,-343,-348,3841,9.2,499,117,34,170366
ABprapaaap:182,ABprapaaap,182,28851,3851,-574,-610,3472,9.1,495,123,34,182157
ABprapaaap:183,ABprapaaap,183,29296,4296,-9,17,4070,8.2,499,116,34,172370
ABprapaaap:184,ABprapaaap,184,29253,4253,-124,-122,4008,8.2,495,122,34,162596
ABprapaaap:185,ABprapaaap,185,29176,4176,-83,-88,3770,8.3,499,131,34,164830
ABprapaaap:186,ABprapaaap,186,28791,3791,-399,-360,3406,8.2,497,133,34,148908
ABprapaaap:187,ABprapaaap,187,29233,4233,-89,-82,3821,9.1,495,130,31,136984
ABprapaaap:188,ABprapaaap,188,28942,3942,-334,-314,3631,8.3,494,127,34,150497
ABprapaaap:189,ABprapaaap,189,29086,4086,-399,-431,3522,9.1,493,131,34,174988
ABprapaaap:190,ABprapaaap,190,29307,4307,-292,-326,3894,9.1,492,130,31,138604
ABprapaaap:191,ABprapaaap,191,28915,3915,-408,-368,3438,9.1,491,127,34,184767
ABprapaaap:192,ABprapaaap,192,29305,4305,90,102,3977,9.0,496,133,34,174889
ABprapaaap:193,ABprapaaap,193,29627,4627,300,306,4335,8.3,492,134,34,161270
ABprapaaap:194,ABprapaaap,194,28989,3989,-610,-587,3572,9.0,489,140,34,184131
ABprapaaap:195,ABprapaaap,195,28797,3797,-650,-706,3354,9.1,484,134,31,145362
ABprapaaap:196,ABprapaaap,196,29892,4892,655,654,4612,9.1,488,132,34,188865
ABprapaaap:197,ABprapaaap,197,29860,4860,587,556,4289,9.2,483,139,34,189022
ABprapaaap:198,ABprapaaap,198,29633,4633,276,261,4332,9.3,486,132,34,200492
ABprapaaap:199,ABprapaaap,199,29457,4457,128,32,4074,9.1,489,132,34,197295
ABprapaaap:200,ABprapaaap,200,29393,4393,-306,-344,3948,9.3,491,137,34,202115
ABprapaaap:201,ABprapaaap,201,29310,4310,-4,27,3952,9.2,486,138,31,160142
ABprapaaap:202,ABprapaaap,202,29253,4253,-246,-249,3907,9.2,483,129,34,205020
ABprapaaap:203,ABprapaaap,203,29915,4915,683,689,4499,9.2,480,133,34,212090
ABprapaaap:204,ABprapaaap,204,29333,4333,-106,-107,3872,9.2,486,132,34,210230
ABprapaaap:205,ABprapaaap,205,29190,4190,-339,-405,3824,9.2,483,134,34,217859
ABprapaaap:206,ABprapaaap,206,28943,3943,-723,-724,3403,9.2,480,130,34,210538
ABprapaaap:207,ABprapaaap,207,29358,4358,28,11,3963,10.0,480,129,34,221130
ABprapaaap:208,ABprapaaap,208,29358,4358,-111,-68,4024,9.2,476,127,32,184437
ABprapaaap:209,ABprapaaap,209,29588,4588,37,-55,4341,9.2,476,133,34,211948
ABprapaaap:210,ABprapaaap,210,29164,4164,-503,-442,3751,10.1,472,130,34,234685
ABprapaaap:211,ABprapaaap,211,29601,4601,33,25,4147,10.0,468,135,34,237318
ABprapaaap:212,ABprapaaap,212,29085,4085,-440,-449,3567,9.2,469,135,34,222517
ABprapaaap:213,ABprapaaap,213,29694,4694,167,113,4268,9.3,466,137,34,218197
ABprapaaap:214,ABprapaaap,214,29255,4255,27,120,3779,10.0,457,133,34,241291
ABprapaaap:215,ABprapaaap,215,28819,3819,-511,-533,3247,9.2,460,137,34,215955
ABprapaaap:216,ABprapaaap,216,28907,3907,-279,-314,3580,9.2,454,130,34,218607
ABprapaaap:217,ABprapaaap,217,28937,3937,-596,-590,3535,10.0,449,134,31,182358
ABprapaaap:218,ABprapaaap,218,29585,4585,55,128,4107,9.2,447,135,34,221297
ABprapaaap:219,ABprapaaap,219,29028,4028,-598,-634,3531,9.3,446,138,34,226631
ABprapaaap:220,ABprapaaap,220,29569,4569,80,105,3999,10.0,447,135,34,245841
ABprapaaap:221,ABprapaaap,221,29205,4205,-499,-531,3661,10.0,449,133,34,241556
ABprapaaap:222,ABprapaaap,222,28987,3987,-539,-590,3589,10.1,448,128,34,248440
ABprapaaap:223,ABprapaaap,223,29077,4077,-404,-443,3768,10.1,448,129,34,234023
ABprapaaap:224,ABprapaaap,224,28958,3958,-607,-666,3519,10.2,450,127,34,238525
ABprapaaap:225,ABprapaaap,225,29009,4009,-284,-270,3499,10.3,445,123,34,237356
ABprapaaap:226,ABprapaaap,226,29040,4040,-322,-378,3305,10.2,443,125,34,251551
ABprapaaap:227,ABprapaaap,227,30080,5080,727,716,4722,11.1,441,132,34,254638
ABprapaaap:228,ABprapaaap,228,29711,4711,149,136,4247,11.1,439,128,34,245574
ABprapaaap:229,ABprapaaap,229,29010,4010,-391,-412,3605,11.1,445,128,31,185967
ABprapaaap:230,ABprapaaap,230,28950,3950,-703,-786,3575,12.0,441,130,34,269216
ABprapaaap:231,ABprapaaap,231,29144,4144,-402,-421,3793,11.2,439,133,34,254854
ABprapaaap:232,ABprapaaap,232,30068,5068,554,481,4621,12.0,441,127,34,255704
ABprapaaap:233,ABprapaaap,233,28752,3752,-867,-851,3457,11.3,433,127,32,226462
ABprapaaap:234,ABprapaaap,234,29077,4077,-354,-328,3715,11.9,433,127,30,229387
ABprapaaapa:235,ABprapaaapa,235,29125,4125,-528,-685,3243,13.0,413,137,30,186077
ABprapaaapa:236,ABprapaaapa,236,29220,4220,-530,-451,3561,13.9,411,133,30,186843
ABprapaaapa:237,ABprapaaapa,237,29083,4083,-675,-703,3391,13.8,409,132,30,180713
ABprapaaapa:238,ABprapaaapa,238,29008,4008,-526,-552,3649,13.1,409,139,32,195114
ABprapaaapa:239,ABprapaaapa,239,29906,4906,485,468,4341,13.2,410,140,34,207401
ABprapaaapa:240,ABprapaaapa,240,29014,4014,-671,-730,3362,13.2,405,133,34,196302
ABprapaaapa:241,ABprapaaapa,241,29189,4189,-495,-475,3490,13.0,405,135,31,169146
ABprapaaapa:242,ABprapaaapa,242,29426,4426,-407,-499,3855,13.0,409,136,34,214349
ABprapaaapa:243,ABprapaaapa,243,29630,4630,-158,-120,3861,13.1,407,141,34,211505
ABprapaaapa:244,ABprapaaapa,244,29456,4456,-435,-518,3447,13.1,412,138,34,215584
ABprapaaapa:245,ABprapaaapa,245,29924,4924,104,71,3719,13.1,410,136,31,165094
ABprapaaapa:246,ABprapaaapa,246,29693,4693,207,146,3472,13.2,407,137,29,116744
ABprapaaapa:247,ABprapaaapa,247,30584,5584,917,806,4492,13.1,408,135,29,117359
ABprapaaapa:248,ABprapaaapa,248,29272,4272,-458,-535,3229,13.1,408,135,31,167481
ABprapaaapa:249,ABprapaaapa,249,29384,4384,-319,-384,3508,13.2,411,134,34,208794
ABprapaaapa:250,ABprapaaapa,250,29932,4932,195,204,3900,13.1,405,137,31,172215
ABprapaaapp:235,ABprapaaapp,235,29754,4754,-20,-46,4312,11.2,452,120,32,198103
ABprapaaapp:236,ABprapaaapp,236,29132,4132,-644,-626,3720,10.5,459,117,32,181739
ABprapaaapp:237,ABprapaaapp,237,29357,4357,-437,-465,3632,11.1,461,116,32,206649
ABprapaaapp:238,ABprapaaapp,238,28867,3867,-870,-876,2972,11.9,459,110,30,196537
ABprapaaapp:239,ABprapaaapp,239,29387,4387,-409,-423,3650,11.4,458,113,34,214306
ABprapaaapp:240,ABprapaaapp,240,29182,4182,-499,-542,3284,12.1,457,110,34,232680
ABprapaaapp:241,ABprapaaapp,241,29161,4161,-450,-463,3284,12.1,457,109,31,178561
ABprapaaapp:242,ABprapaaapp,242,29494,4494,-152,-207,3718,12.2,458,112,34,237760
ABprapaaapp:243,ABprapaaapp,243,29427,4427,-267,-277,3664,12.2,449,112,34,236236
ABprapaaapp:244,ABprapaaapp,244,29507,4507,-234,-219,3766,12.3,449,112,34,225979
ABprapaaapp:245,ABprapaaapp,245,29969,4969,219,238,4278,12.2,440,112,31,186446
ABprapaaapp:246,ABprapaaapp,246,29596,4596,-665,-669,3987,13.0,442,115,34,232472
ABprapaaapp:247,ABprapaaapp,247,29305,4305,-428,-424,3589,12.3,445,117,34,228242
ABprapaaapp:248,ABprapaaapp,248,29118,4118,-717,-721,3643,13.1,448,118,31,192143
ABprapaaapp:249,ABprapaaapp,249,29962,4962,19,-40,4032,13.3,446,115,32,203398
ABprapaaapp:250,ABprapaaapp,250,29295,4295,-456,-447,3542,13.3,446,117,31,190521
ABprapaap:120,ABprapaap,120,29905,4905,-795,-832,4702,4.1,522,231,33,91707
ABprapaap:121,ABprapaap,121,30875,5875,-241,-241,5869,3.3,539,225,35,92210
ABprapaap:122,ABprapaap,122,30594,5594,-839,-839,5585,3.3,546,217,31,73626
ABprapaap:123,ABprapaap,123,29693,4693,-1457,-1459,4602,4.2,548,216,36,128388
ABprapaap:124,ABprapaap,124,29675,4675,-1015,-1015,4580,4.2,549,218,37,121322
ABprapaap:125,ABprapaap,125,29777,4777,-485,-548,4674,5.1,554,209,40,160178
ABprapaap:126,ABprapaap,126,29783,4783,-584,-595,4715,5.1,554,209,40,160178
ABprapaap:127,ABprapaap,127,29636,4636,-624,-625,4553,5.0,548,202,37,112742
ABprapaap:128,ABprapaap,128,29493,4493,-1891,-1891,4439,4.0,550,202,33,80319
ABprapaap:129,ABprapaap,129,29748,4748,-198,-198,4642,4.9,546,201,27,40835
ABprapaap:130,ABprapaap,130,29749,4749,-1488,-1488,4685,4.0,546,203,33,87369
ABprapaap:131,ABprapaap,131,29230,4230,-845,-830,4171,5.1,544,199,38,139562
ABprapaap:132,ABprapaap,132,29353,4353,-878,-881,4318,5.0,541,196,38,145702
ABprapaap:133,ABprapaap,133,29930,4930,-635,-635,4902,5.2,537,195,39,138838
ABprapaap:134,ABprapaap,134,29126,4126,-769,-757,4104,6.0,538,195,41,160071
ABprapaap:135,ABprapaap,135,29387,4387,-461,-484,4356,7.0,541,192,42,186350
ABprapaap:136,ABprapaap,136,29246,4246,-615,-604,4240,6.1,548,186,43,177152
ABprapaap:137,ABprapaap,137,30086,5086,-466,-526,5046,5.2,545,187,44,184963
ABprapaap:138,ABprapaap,138,29876,4876,-445,-452,4861,5.3,549,186,42,173851
ABprapaap:139,ABprapaap,139,29706,4706,-610,-626,4692,5.3,547,185,42,182848
ABprapaap:140,ABprapaap,140,29392,4392,-413,-437,4382,6.1,551,186,45,215392
ABprapaap:141,ABprapaap,141,29353,4353,-680,-684,4342,7.1,552,181,47,260437
ABprapaap:142,ABprapaap,142,29152,4152,-562,-539,4130,7.1,544,175,46,271437
ABprapaap:143,ABprapaap,143,29681,4681,-186,-201,4678,7.1,549,171,49,326141
ABprapaap:144,ABprapaap,144,29632,4632,-220,-226,4621,7.0,545,161,46,291121
ABprapaap:145,ABprapaap,145,29369,4369,-123,-177,4320,7.8,540,156,46,295308
ABprapaap:146,ABprapaap,146,29330,4330,-391,-392,4314,7.2,541,151,46,291639
ABprapaap:147,ABprapaap,147,29445,4445,-72,-104,4411,7.8,544,148,46,305196
ABprapaap:148,ABprapaap,148,29481,4481,-164,-161,4464,7.8,544,152,46,297976
ABprapaap:149,ABprapaap,149,29179,4179,-415,-458,4169,7.9,545,155,47,314265
ABprapaap:150,ABprapaap,150,29525,4525,-341,-308,4518,8.0,545,155,47,314429
ABprapaap:151,ABprapaap,151,29398,4398,-105,-110,4382,8.0,539,146,47,321569
ABprapaap:152,ABprapaap,152,29096,4096,-640,-621,4079,7.9,535,144,47,339091
ABprapaap:153,ABprapaap,153,29578,4578,-34,-56,4565,8.0,543,148,47,344705
ABprapaap:154,ABprapaap,154,29297,4297,-441,-438,4277,9.0,545,149,48,414128
ABprapaap:155,ABprapaap,155,29422,4422,-326,-263,4393,9.3,545,145,50,426648
ABprapaap:156,ABprapaap,156,29047,4047,-794,-652,3978,10.1,553,139,50,389300
ABprapaap:157,ABprapaap,157,29375,4375,-252,-196,4291,10.1,551,139,47,312001
ABprapaap:158,ABprapaap,158,29581,4581,-109,-82,4493,10.1,549,139,50,404658
ABprapaap:159,ABprapaap,159,30027,5027,445,479,4936,10.1,551,135,49,373525
ABprapaap:160,ABprapaap,160,29149,4149,-506,-380,4021,10.1,556,135,47,325803
ABprapaap:161,ABprapaap,161,28938,3938,-620,-583,3838,10.2,563,136,47,320037
ABprapaap:162,ABprapaap,162,28885,3885,-629,-583,3554,10.9,568,138,44,293628
ABprapaap:163,ABprapaap,163,29016,4016,-620,-661,3816,10.1,576,136,46,339239
ABprapaap:164,ABprapaap,164,29224,4224,-225,-238,4008,10.0,573,140,45,301712
ABprapaap:165,ABprapaap,165,29094,4094,-378,-365,3866,10.1,568,136,45,303563
ABprapaap:166,ABprapaap,166,29137,4137,-332,-318,4064,11.0,573,135,44,313878
ABprapaap:167,ABprapaap,167,29277,4277,-117,-118,3942,11.1,565,129,43,296143
ABprapaap:168,ABprapaap,168,28765,3765,-833,-873,3448,12.1,567,128,40,272499
ABprapaap:169,ABprapaap,169,28903,3903,-574,-579,3629,12.9,561,127,35,206108
ABprapaap:170,ABprapaap,170,29204,4204,-354,-354,4097,12.0,555,120,34,214613
ABprapaapa:171,ABprapaapa,171,29299,4299,-409,-499,3184,12.0,535,111,33,168293
ABprapaapa:172,ABprapaapa,172,29106,4106,-361,-449,1996,12.1,526,107,32,182567
ABprapaapa:173,ABprapaapa,173,29326,4326,78,164,2187,12.0,527,110,34,205565
ABprapaapa:174,ABprapaapa,174,29041,4041,-259,-285,2556,12.0,531,106,36,239362
ABprapaapa:175,ABprapaapa,175,29039,4039,-450,-463,2484,12.1,527,105,36,238059
ABprapaapa:176,ABprapaapa,176,29395,4395,-42,-126,3838,11.2,530,104,35,183649
ABprapaapa:177,ABprapaapa,177,28587,3587,-633,-660,2817,11.1,525,105,35,193651
ABprapaapa:178,ABprapaapa,178,28933,3933,-143,-181,3122,11.1,528,102,35,201526
ABprapaapa:179,ABprapaapa,179,28946,3946,-181,-184,3727,10.3,533,107,34,179188
ABprapaapa:180,ABprapaapa,180,29465,4465,48,66,4167,10.3,533,107,34,171777
ABprapaapa:181,ABprapaapa,181,29323,4323,-280,-347,4006,10.2,538,118,34,186756
ABprapaapa:182,ABprapaapa,182,29193,4193,-16,-13,4046,9.3,539,115,34,177056
ABprapaapa:183,ABprapaapa,183,29349,4349,-120,-167,4152,9.1,539,115,34,195861
ABprapaapa:184,ABprapaapa,184,29515,4515,141,139,4379,9.3,545,109,34,206994
ABprapaapa:185,ABprapaapa,185,29624,4624,246,258,4452,10.1,541,108,32,199131
ABprapaapa:186,ABprapaapa,186,29175,4175,-92,-95,4122,10.0,538,107,34,197156
ABprapaapa:187,ABprapaapa,187,29046,4046,-264,-264,3919,10.2,543,108,31,146418
ABprapaapa:188,ABprapaapa,188,29116,4116,-169,-167,3945,11.0,538,108,34,195717
ABprapaapa:189,ABprapaapa,189,29076,4076,-506,-542,3889,10.2,534,107,34,180739
ABprapaapa:190,ABprapaapa,190,29870,4870,389,378,4629,10.2,528,106,31,157536
ABprapaapa:191,ABprapaapa,191,28924,3924,-398,-436,3630,11.1,529,107,34,207363
ABprapaapa:192,ABprapaapa,192,29418,4418,183,240,3995,11.0,538,107,34,210366
ABprapaapa:193,ABprapaapa,193,29265,4265,-504,-505,4109,11.1,537,104,34,215830
ABprapaapa:194,ABprapaapa,194,28699,3699,-586,-514,3295,11.2,532,107,34,220636
ABprapaapa:195,ABprapaapa,195,29178,4178,-420,-414,3896,11.2,522,101,31,172426
ABprapaapa:196,ABprapaapa,196,28789,3789,-618,-613,3332,11.2,525,106,32,191958
ABprapaapa:197,ABprapaapa,197,29003,4003,-339,-356,3482,10.4,525,109,34,189270
ABprapaapa:198,ABprapaapa,198,29646,4646,-6,-31,4127,10.3,526,109,34,221165
ABprapaapa:199,ABprapaapa,199,28939,3939,-459,-441,3624,10.2,526,107,34,222483
ABprapaapa:200,ABprapaapa,200,29133,4133,-178,-209,3746,10.3,528,110,34,224737
ABprapaapa:201,ABprapaapa,201,29205,4205,42,34,3840,10.3,522,107,31,177083
ABprapaapa:202,ABprapaapa,202,29264,4264,-163,-145,4040,10.1,518,104,34,229515
ABprapaapa:203,ABprapaapa,203,29043,4043,-207,-201,3675,10.2,520,104,34,229692
ABprapaapa:204,ABprapaapa,204,29052,4052,-352,-354,3764,10.3,520,103,34,223286
ABprapaapa:205,ABprapaapa,205,29366,4366,165,142,3942,10.2,520,106,34,234587
ABprapaapa:206,ABprapaapa,206,29753,4753,247,238,4467,10.3,511,105,32,213973
ABprapaapa:207,ABprapaapa,207,29196,4196,-246,-280,3911,10.3,513,107,32,206176
ABprapaapa:208,ABprapaapa,208,29290,4290,-178,-155,3828,10.1,506,106,34,256850
ABprapaapa:209,ABprapaapa,209,29543,4543,109,119,4182,10.1,510,109,34,250826
ABprapaapa:210,ABprapaapa,210,29126,4126,-25,-54,3784,10.1,503,103,34,252260
ABprapaapa:211,ABprapaapa,211,29156,4156,-7,3,3898,9.3,500,106,34,231072
ABprapaapa:212,ABprapaapa,212,29314,4314,-82,-75,4024,9.3,500,104,34,230195
ABprapaapa:213,ABprapaapa,213,28799,3799,-632,-651,3453,10.0,493,108,34,275232
ABprapaapa:214,ABprapaapa,214,29570,4570,298,343,4348,9.3,486,106,34,244094
ABprapaapa:215,ABprapaapa,215,29349,4349,-157,-217,4060,9.3,486,107,32,238937
ABprapaapa:216,ABprapaapa,216,29889,4889,719,722,4499,10.0,486,105,34,283741
ABprapaapa:217,ABprapaapa,217,29322,4322,-326,-375,4012,9.3,478,109,31,216286
ABprapaapa:218,ABprapaapa,218,29469,4469,-91,-76,4194,9.2,475,109,34,268808
ABprapaapa:219,ABprapaapa,219,29162,4162,-204,-236,3933,9.4,474,110,32,223668
ABprapaapa:220,ABprapaapa,220,29979,4979,476,429,4586,10.2,472,108,34,284981
ABprapaapa:221,ABprapaapa,221,29161,4161,-157,-225,3512,10.1,474,109,34,282278
ABprapaapa:222,ABprapaapa,222,28979,3979,-474,-554,3507,10.3,475,107,34,282529
ABprapaapa:223,ABprapaapa,223,28910,3910,-509,-527,3459,11.1,472,103,34,308146
ABprapaapa:224,ABprapaapa,224,29316,4316,-173,-159,3733,10.5,470,102,32,226580
ABprapaapa:225,ABprapaapa,225,29409,4409,148,161,3804,11.2,468,99,32,266734
ABprapaapa:226,ABprapaapa,226,29278,4278,-131,-205,3668,10.4,464,104,32,243414
ABprapaapa:227,ABprapaapa,227,29132,4132,-220,-169,3516,11.1,462,103,34,301250
ABprapaapa:228,ABprapaapa,228,29455,4455,-222,-250,3799,11.3,463,100,34,281692
ABprapaapa:229,ABprapaapa,229,29550,4550,73,106,3712,12.0,462,98,31,256014
ABprapaapa:230,ABprapaapa,230,28968,3968,-419,-430,3419,12.2,463,101,34,306964
ABprapaapa:231,ABprapaapa,231,29476,4476,215,176,3905,12.3,460,101,34,291019
ABprapaapa:232,ABprapaapa,232,28695,3695,-703,-588,2712,13.1,459,100,34,296481
ABprapaapa:233,ABprapaapa,233,29453,4453,-94,-141,3874,14.1,456,100,34,304216
ABprapaapa:234,ABprapaapa,234,29719,4719,441,351,4210,14.1,457,96,34,307404
ABprapaapa:235,ABprapaapa,235,28989,3989,-554,-605,3028,14.0,456,95,34,313468
ABprapaapa:236,ABprapaapa,236,29518,4518,230,246,3562,14.1,454,96,34,317234
ABprapaapa:237,ABprapaapa,237,29789,4789,381,430,3792,14.2,453,96,34,300285
ABprapaapa:238,ABprapaapa,238,29219,4219,-11,34,2933,15.1,452,97,34,323431
ABprapaapa:239,ABprapaapa,239,29669,4669,127,174,3332,15.2,451,99,34,309543
ABprapaapa:240,ABprapaapa,240,29600,4600,301,359,3152,15.3,449,99,34,307730
ABprapaapa:241,ABprapaapa,241,29243,4243,-185,-81,2829,15.3,445,99,31,244001
ABprapaapa:242,ABprapaapa,242,29085,4085,-557,-674,2872,16.0,448,99,34,326772
ABprapaapa:243,ABprapaapa,243,29652,4652,131,166,3144,16.0,444,99,34,327295
ABprapaapa:244,ABprapaapa,244,29645,4645,64,102,3593,16.2,440,98,34,327469
ABprapaapa:245,ABprapaapa,245,29243,4243,-392,-379,2749,16.1,438,97,31,259163
ABprapaapa:246,ABprapaapa,246,29263,4263,-431,-448,2712,17.1,440,99,34,323198
ABprapaapa:247,ABprapaapa,247,29698,4698,38,-28,4050,18.0,442,99,34,330161
ABprapaapa:248,ABprapaapa,248,29447,4447,-48,-24,3445,18.1,443,99,31,260507
ABprapaapa:249,ABprapaapa,249,29493,4493,-159,-254,3235,18.2,445,100,34,321300
ABprapaapa:250,ABprapaapa,250,28982,3982,-620,-732,2914,19.0,446,100,31,259364
ABprapaapp:171,ABprapaapp,171,29149,4149,-688,-710,3886,12.3,574,124,35,162030
ABprapaapp:172,ABprapaapp,172,29824,4824,340,337,4569,13.0,581,128,32,157829
ABprapaapp:173,ABprapaapp,173,29218,4218,-637,-636,4080,13.0,586,126,32,149843
ABprapaapp:174,ABprapaapp,174,29233,4233,-577,-580,4020,13.1,590,127,34,165951
ABprapaapp:175,ABprapaapp,175,29381,4381,3,-6,4134,13.2,587,127,36,187720
ABprapaapp:176,ABprapaapp,176,29215,4215,-309,-300,3938,13.2,581,125,35,144464
ABprapaapp:177,ABprapaapp,177,29343,4343,-370,-341,4147,12.3,582,123,33,115776
ABprapaapp:178,ABprapaapp,178,29381,4381,-370,-333,4097,13.1,575,114,35,158763
ABprapaapp:179,ABprapaapp,179,29288,4288,-288,-242,3637,13.1,577,113,34,164068
ABprapaapp:180,ABprapaapp,180,29271,4271,-516,-399,3484,13.2,573,111,34,166314
ABprapaapp:181,ABprapaapp,181,29982,4982,265,234,4416,13.2,570,118,34,167386
ABprapaapp:182,ABprapaapp,182,29741,4741,265,310,4110,13.1,571,122,34,186441
ABprapaapp:183,ABprapaapp,183,29837,4837,257,266,4199,13.1,570,117,34,187483
ABprapaapp:184,ABprapaapp,184,29345,4345,-647,-602,3533,13.1,573,116,34,190454
ABprapaapp:185,ABprapaapp,185,29349,4349,-341,-341,3419,13.1,575,117,34,190522
ABprapaapp:186,ABprapaapp,186,29806,4806,-375,-230,2760,15.0,576,117,34,177948
ABprapaapp:187,ABprapaapp,187,29499,4499,-411,-413,3991,13.2,578,121,31,122212
ABprapaapp:188,ABprapaapp,188,29118,4118,-332,-308,3727,13.1,581,115,34,166215
ABprapaapp:189,ABprapaapp,189,29870,4870,124,153,4211,13.1,575,114,34,163175
ABprapaapp:190,ABprapaapp,190,29555,4555,161,161,4286,13.2,567,116,31,126042
ABprapaapp:191,ABprapaapp,191,29855,4855,-216,-252,4181,14.1,565,113,34,184103
ABprapaapp:192,ABprapaapp,192,29950,4950,283,231,4379,13.3,567,118,34,156249
ABprapaapp:193,ABprapaapp,193,29317,4317,-781,-791,3697,14.0,568,117,34,175782
ABprapaapp:194,ABprapaapp,194,29790,4790,-167,-136,4228,14.1,561,114,34,188124
ABprapaapp:195,ABprapaapp,195,29957,4957,148,148,4577,14.1,558,107,31,146942
ABprapaapp:196,ABprapaapp,196,29756,4756,-38,-57,4098,14.0,557,107,34,192979
ABprapaapp:197,ABprapaapp,197,29120,4120,-631,-577,3325,14.0,547,109,34,184415
ABprapaapp:198,ABprapaapp,198,29226,4226,-521,-536,3590,13.2,556,110,34,179189
ABprapaapp:199,ABprapaapp,199,28949,3949,-644,-635,3559,13.1,561,107,34,187694
ABprapaapp:200,ABprapaapp,200,29186,4186,-603,-627,3827,13.1,563,106,34,192661
ABprapaapp:201,ABprapaapp,201,29264,4264,-407,-403,3781,13.1,553,103,31,155711
ABprapaapp:202,ABprapaapp,202,28976,3976,-962,-968,3576,13.2,554,104,34,185193
ABprapaapp:203,ABprapaapp,203,29613,4613,-42,-51,4140,13.1,547,101,34,197198
ABprapaapp:204,ABprapaapp,204,29367,4367,-701,-626,3748,14.0,554,105,34,206416
ABprapaapp:205,ABprapaapp,205,29401,4401,-288,-281,3814,13.1,546,104,34,204453
ABprapaapp:206,ABprapaapp,206,29380,4380,-246,-200,3818,14.0,555,109,34,214312
ABprapaapp:207,ABprapaapp,207,30100,5100,237,289,4715,13.2,556,108,34,192826
ABprapaapp:208,ABprapaapp,208,29636,4636,-397,-381,4422,13.1,547,105,34,214605
ABprapaapp:209,ABprapaapp,209,29986,4986,457,448,4764,12.3,552,106,34,197206
ABprapaapp:210,ABprapaapp,210,29428,4428,-381,-365,4120,13.1,547,102,34,222882
ABprapaapp:211,ABprapaapp,211,29209,4209,-274,-275,4053,13.0,548,102,34,218583
ABprapaapp:212,ABprapaapp,212,29549,4549,-446,-447,4413,13.1,549,102,34,219978
ABprapaapp:213,ABprapaapp,213,29563,4563,-147,-113,4298,13.2,549,103,34,206538
ABprapaapp:214,ABprapaapp,214,29750,4750,130,130,4593,13.1,538,108,34,221605
ABprapaapp:215,ABprapaapp,215,29525,4525,-348,-353,4285,13.2,539,101,34,219429
ABprapaapp:216,ABprapaapp,216,29253,4253,-557,-558,4129,13.2,546,103,34,211177
ABprapaapp:217,ABprapaapp,217,29261,4261,-202,-202,4123,12.1,545,103,31,166923
ABprapaapp:218,ABprapaapp,218,29422,4422,-101,-95,4022,13.0,540,101,34,237041
ABprapaapp:219,ABprapaapp,219,29525,4525,50,44,4294,12.3,540,101,34,202486
ABprapaapp:220,ABprapaapp,220,29262,4262,-192,-182,4031,12.2,538,100,34,226327
ABprapaapp:221,ABprapaapp,221,29966,4966,349,339,4509,12.1,539,102,34,231298
ABprapaapp:222,ABprapaapp,222,29935,4935,250,245,4579,12.1,546,101,34,234369
ABprapaapp:223,ABprapaapp,223,29713,4713,3,20,4253,12.1,542,103,34,230753
ABprapaapp:224,ABprapaapp,224,29750,4750,219,226,4421,12.1,548,104,34,242485
ABprapaapp:225,ABprapaapp,225,29220,4220,-299,-307,3875,12.1,544,104,34,251053
ABprapaapp:226,ABprapaapp,226,29726,4726,136,109,4405,11.3,539,108,34,233739
ABprapaapp:227,ABprapaapp,227,29998,4998,349,344,4680,12.1,539,106,34,254446
ABprapaapp:228,ABprapaapp,228,29223,4223,-279,-223,3759,12.2,537,103,34,251318
ABprapaapp:229,ABprapaapp,229,29544,4544,105,171,3716,13.0,536,100,31,199246
ABprapaapp:230,ABprapaapp,230,29077,4077,-609,-540,3282,12.2,534,103,34,243721
ABprapaapp:231,ABprapaapp,231,28727,3727,-598,-595,3293,12.1,533,103,34,255616
ABprapaapp:232,ABprapaapp,232,29294,4294,-571,-558,3773,13.0,536,104,34,259465
ABprapaapp:233,ABprapaapp,233,30274,5274,572,588,4792,12.2,531,103,34,258826
ABprapaapp:234,ABprapaapp,234,29387,4387,-191,-175,3880,12.3,535,102,34,248068
ABprapaapp:235,ABprapaapp,235,29023,4023,-663,-660,2911,13.1,538,102,34,282071
ABprapaapp:236,ABprapaapp,236,29413,4413,-280,-254,3752,12.3,541,102,34,243153
ABprapaapp:237,ABprapaapp,237,29353,4353,-422,-372,3835,13.0,537,105,34,284585
ABprapaapp:238,ABprapaapp,238,29311,4311,-175,-202,3831,13.1,534,103,34,281891
ABprapaapp:239,ABprapaapp,239,29119,4119,-901,-824,3604,13.2,534,102,34,271366
ABprapaapp:240,ABprapaapp,240,29276,4276,-447,-417,3841,13.1,531,100,34,274290
ABprapaapp:241,ABprapaapp,241,30122,5122,842,828,4551,13.3,530,99,31,199079
ABprapaapp:242,ABprapaapp,242,29772,4772,121,163,4009,14.0,528,101,34,290792
ABprapaapp:243,ABprapaapp,243,29216,4216,-518,-388,3629,14.1,524,98,34,281261
ABprapaapp:244,ABprapaapp,244,29059,4059,-814,-708,3761,14.2,519,96,34,271157
ABprapaapp:245,ABprapaapp,245,28869,3869,-653,-689,3479,14.2,516,99,31,217747
ABprapaapp:246,ABprapaapp,246,29682,4682,259,231,4059,15.0,521,101,34,293540
ABprapaapp:247,ABprapaapp,247,29369,4369,-439,-467,3702,15.1,517,99,34,285599
ABprapaapp:248,ABprapaapp,248,29436,4436,-357,-388,3747,15.1,517,99,31,217892
ABprapaapp:249,ABprapaapp,249,29895,4895,188,179,4578,15.0,515,98,34,291812
ABprapaapp:250,ABprapaapp,250,29848,4848,362,348,4612,15.1,517,96,31,207628
ABprapap:87,ABprapap,87,29654,4654,-453,-436,4654,7.0,546,188,60,0
ABprapap:88,ABprapap,88,29325,4325,-810,-812,4325,7.0,547,188,60,0
ABprapap:89,ABprapap,89,29432,4432,-633,-631,4432,6.9,549,189,59,0
ABprapap:90,ABprapap,90,29547,4547,-485,-493,4547,6.9,551,190,58,0
ABprapap:91,ABprapap,91,29622,4622,-482,-460,4622,6.9,553,191,57,0
ABprapap:92,ABprapap,92,29550,4550,-404,-422,4550,6.9,555,192,56,0
ABprapap:93,ABprapap,93,29476,4476,-590,-603,4476,6.8,557,193,55,0
ABprapap:94,ABprapap,94,29504,4504,-464,-479,4504,6.8,558,194,54,0
ABprapap:95,ABprapap,95,29623,4623,-380,-388,4623,6.8,560,195,54,0
ABprapap:96,ABprapap,96,29716,4716,-239,-250,4716,6.7,562,196,53,0
ABprapap:97,ABprapap,97,29596,4596,-483,-479,4596,6.7,564,197,52,0
ABprapap:98,ABprapap,98,29371,4371,-600,-608,4371,6.7,566,198,51,0
ABprapap:99,ABprapap,99,29828,4828,-229,-210,4828,6.6,568,199,50,0
ABprapap:100,ABprapap,100,29654,4654,-412,-408,4654,6.6,569,200,49,0
ABprapap:101,ABprapap,101,29469,4469,-367,-375,4469,6.6,571,201,48,0
ABprapap:102,ABprapap,102,29377,4377,-710,-723,4377,6.6,573,202,47,0
ABprapap:103,ABprapap,103,29796,4796,-105,-122,4796,6.5,575,202,47,0
ABprapap:104,ABprapap,104,29691,4691,-514,-537,4691,6.5,577,203,46,0
ABprapap:105,ABprapap,105,29422,4422,-608,-617,4416,6.5,579,204,45,0
ABprapap:106,ABprapap,106,29441,4441,-483,-487,4437,6.4,580,205,44,0
ABprapap:107,ABprapap,107,29357,4357,-604,-607,4354,6.4,582,206,43,0
ABprapap:108,ABprapap,108,29779,4779,-377,-375,4775,6.4,584,207,42,0
ABprapap:109,ABprapap,109,29351,4351,-526,-526,4348,6.3,586,208,41,0
ABprapap:110,ABprapap,110,29944,4944,-19,-19,4942,6.3,588,209,41,0
ABprapap:111,ABprapap,111,29404,4404,-545,-545,4402,6.3,590,210,40,0
ABprapap:112,ABprapap,112,29726,4726,-252,-252,4725,6.3,591,211,39,0
ABprapap:113,ABprapap,113,29309,4309,-717,-717,4308,6.2,593,212,38,0
ABprapap:114,ABprapap,114,29086,4086,-664,-664,4085,6.2,595,213,37,0
ABprapap:115,ABprapap,115,29942,4942,222,222,4941,6.2,597,214,36,0
ABprapap:116,ABprapap,116,29625,4625,14,14,4624,6.1,599,215,35,0
ABprapap:117,ABprapap,117,28959,3959,-643,-643,3959,6.1,601,216,34,103243
ABprapapa:118,ABprapapa,118,29323,4323,-911,-914,4309,5.2,586,207,39,116194
ABprapapa:119,ABprapapa,119,30918,5918,-266,-266,5915,4.4,576,208,38,111791
ABprapapa:120,ABprapapa,120,29202,4202,-884,-884,4185,4.9,577,205,33,87575
ABprapapa:121,ABprapapa,121,29791,4791,-805,-806,4782,5.0,590,197,41,151505
ABprapapa:122,ABprapapa,122,29519,4519,-747,-748,4504,5.1,598,201,41,146645
ABprapapa:123,ABprapapa,123,29544,4544,-497,-497,4527,5.3,596,187,38,129849
ABprapapa:124,ABprapapa,124,29963,4963,348,348,4953,6.0,598,179,39,141925
ABprapapa:125,ABprapapa,125,29774,4774,-2,-18,4745,6.1,595,178,40,150502
ABprapapa:126,ABprapapa,126,29747,4747,-118,-123,4691,7.0,592,172,37,113659
ABprapapa:127,ABprapapa,127,29398,4398,-128,-128,4353,7.0,586,170,33,82092
ABprapapa:128,ABprapapa,128,30224,5224,482,482,5156,7.0,586,176,29,51859
ABprapapa:129,ABprapapa,129,30249,5249,506,506,5186,7.0,587,176,36,116285
ABprapapa:130,ABprapapa,130,30344,5344,201,201,5325,6.1,595,179,35,92864
ABprapapa:131,ABprapapa,131,30072,5072,386,373,5049,6.1,592,184,34,91318
ABprapapa:132,ABprapapa,132,30439,5439,260,237,5422,6.1,592,184,38,131541
ABprapapa:133,ABprapapa,133,30526,5526,508,516,5516,6.1,592,179,39,137289
ABprapapa:134,ABprapapa,134,30788,5788,910,909,5764,6.9,593,173,37,122156
ABprapapa:135,ABprapapa,135,30540,5540,815,807,5529,7.0,597,174,42,177058
ABprapapa:136,ABprapapa,136,30426,5426,658,661,5402,7.1,608,177,43,180111
ABprapapa:137,ABprapapa,137,30652,5652,724,759,5577,7.0,611,176,44,200162
ABprapapa:138,ABprapapa,138,30843,5843,916,916,5816,7.1,612,177,44,206803
ABprapapa:139,ABprapapa,139,30673,5673,842,850,5648,7.2,613,175,42,166512
ABprapapa:140,ABprapapa,140,30798,5798,871,882,5718,7.2,613,170,43,183495
ABprapapa:141,ABprapapa,141,31361,6361,1578,1549,6345,7.2,611,175,45,196971
ABprapapa:142,ABprapapa,142,31349,6349,1316,1319,6316,7.1,602,170,46,250248
ABprapapa:143,ABprapapa,143,31582,6582,1544,1589,6555,7.3,615,172,47,259808
ABprapapa:144,ABprapapa,144,31474,6474,1606,1609,6450,8.0,618,170,48,317057
ABprapapa:145,ABprapapa,145,31245,6245,1307,1324,6227,8.1,610,160,48,329942
ABprapapa:146,ABprapapa,146,31810,6810,2026,2055,6785,8.3,617,160,48,323733
ABprapapa:147,ABprapapa,147,31584,6584,1786,1800,6564,8.1,614,165,50,367916
ABprapapa:148,ABprapapa,148,31519,6519,1651,1648,6503,8.2,618,169,50,359377
ABprapapa:149,ABprapapa,149,31719,6719,1959,1994,6711,8.1,617,165,51,371126
ABprapapa:150,ABprapapa,150,31564,6564,1684,1691,6562,7.3,619,170,51,374144
ABprapapa:151,ABprapapa,151,31402,6402,1490,1490,6398,7.5,621,165,51,370613
ABprapapa:152,ABprapapa,152,32357,7357,2413,2459,7331,8.1,625,165,49,374068
ABprapapa:153,ABprapapa,153,31600,6600,1742,1799,6553,8.3,631,169,51,413115
ABprapapa:154,ABprapapa,154,31798,6798,1971,2011,6729,9.0,637,172,52,480484
ABprapapa:155,ABprapapa,155,31689,6689,1991,2007,6656,8.4,639,175,50,424839
ABprapapa:156,ABprapapa,156,31797,6797,2037,2044,6787,8.2,637,170,50,364961
ABprapapa:157,ABprapapa,157,32324,7324,2483,2559,7284,9.1,635,166,51,388827
ABprapapa:158,ABprapapa,158,31518,6518,1565,1649,6472,9.1,635,168,50,403676
ABprapapa:159,ABprapapa,159,32203,7203,2399,2480,7128,9.1,640,171,49,367895
ABprapapa:160,ABprapapa,160,32145,7145,2371,2384,7015,9.2,649,179,49,368602
ABprapapa:161,ABprapapa,161,32082,7082,2370,2359,6926,9.3,648,183,49,364681
ABprapapa:162,ABprapapa,162,32114,7114,2162,2141,6986,10.0,652,185,46,353890
ABprapapa:163,ABprapapa,163,31858,6858,1992,2015,6773,9.2,653,186,46,341684
ABprapapa:164,ABprapapa,164,30876,5876,376,293,5805,9.1,643,192,41,263958
ABprapapa:165,ABprapapa,165,30786,5786,392,409,5717,10.1,644,182,41,278954
ABprapapaa:166,ABprapapaa,166,30430,5430,421,423,5408,8.1,618,167,34,150488
ABprapapaa:167,ABprapapaa,167,30834,5834,955,936,5800,8.1,614,164,37,182418
ABprapapaa:168,ABprapapaa,168,32390,7390,2568,2568,7256,9.0,616,163,36,178439
ABprapapaa:169,ABprapapaa,169,31655,6655,1925,1925,6574,8.3,609,161,37,174403
ABprapapaa:170,ABprapapaa,170,31777,6777,1733,1733,6720,8.3,609,162,36,177086
ABprapapaa:171,ABprapapaa,171,31956,6956,2100,2083,6628,9.1,613,163,37,179144
ABprapapaa:172,ABprapapaa,172,32803,7803,2776,2823,7345,9.1,616,159,36,188302
ABprapapaa:173,ABprapapaa,173,32521,7521,2679,2679,7289,9.2,616,151,36,186081
ABprapapaa:174,ABprapapaa,174,32718,7718,2678,2675,7440,9.3,623,149,36,188244
ABprapapaa:175,ABprapapaa,175,31958,6958,2157,2151,6711,10.2,630,156,36,182720
ABprapapaa:176,ABprapapaa,176,31110,6110,847,850,5569,11.0,630,164,35,161508
ABprapapaa:177,ABprapapaa,177,31838,6838,1748,1767,6522,10.3,629,164,35,149165
ABprapapaa:178,ABprapapaa,178,32195,7195,2218,2207,6908,10.2,628,171,35,155249
ABprapapaa:179,ABprapapaa,179,31301,6301,1090,1103,6049,10.3,625,168,34,162634
ABprapapaa:180,ABprapapaa,180,32116,7116,1751,1775,7017,11.1,632,168,34,178286
ABprapapaa:181,ABprapapaa,181,32722,7722,2339,2336,7582,10.1,637,168,34,176256
ABprapapaa:182,ABprapapaa,182,32475,7475,2295,2289,7308,10.1,637,167,34,183200
ABprapapaa:183,ABprapapaa,183,32115,7115,2149,2147,7039,9.3,643,175,34,150274
ABprapapaa:184,ABprapapaa,184,32547,7547,2600,2600,7454,10.2,648,170,34,173407
ABprapapaa:185,ABprapapaa,185,33266,8266,2863,2858,8087,11.0,649,171,34,201788
ABprapapaa:186,ABprapapaa,186,33456,8456,3559,3556,8290,11.0,651,170,34,160544
ABprapapaa:187,ABprapapaa,187,32844,7844,2156,2155,7605,11.1,653,171,31,126582
ABprapapaa:188,ABprapapaa,188,32011,7011,1872,1867,6798,11.3,655,180,34,149090
ABprapapaa:189,ABprapapaa,189,31838,6838,1840,1842,6544,11.1,647,168,34,170991
ABprapapaa:190,ABprapapaa,190,31329,6329,1150,1129,5918,10.4,654,170,31,112937
ABprapapaa:191,ABprapapaa,191,32022,7022,1909,1937,6712,11.3,652,170,34,166622
ABprapapaa:192,ABprapapaa,192,32077,7077,1930,1937,6639,11.3,655,177,34,161055
ABprapapaa:193,ABprapapaa,193,31520,6520,1226,1210,5939,11.3,658,173,34,169483
ABprapapaa:194,ABprapapaa,194,32321,7321,2011,1997,7016,11.1,661,175,34,194908
ABprapapaa:195,ABprapapaa,195,32316,7316,1810,1810,7013,11.2,664,173,31,151129
ABprapapaa:196,ABprapapaa,196,32379,7379,2054,2043,7038,11.3,667,172,34,172162
ABprapapaa:197,ABprapapaa,197,31553,6553,1144,1157,6113,11.2,668,173,34,183128
ABprapapaa:198,ABprapapaa,198,33433,8433,2833,2869,7718,12.0,672,176,34,193004
ABprapapaa:199,ABprapapaa,199,33792,8792,3694,3691,8163,12.0,678,173,34,202236
ABprapapaa:200,ABprapapaa,200,32666,7666,2391,2388,7322,12.2,677,173,34,198329
ABprapapaa:201,ABprapapaa,201,32259,7259,1900,1900,7016,11.4,676,175,31,130972
ABprapapaa:202,ABprapapaa,202,32163,7163,1967,1941,6634,12.0,674,177,34,196793
ABprapapaa:203,ABprapapaa,203,32948,7948,2298,2305,7674,12.2,680,177,34,189983
ABprapapaa:204,ABprapapaa,204,32587,7587,2272,2283,7239,12.2,684,176,34,207961
ABprapapaa:205,ABprapapaa,205,32240,7240,1858,1918,6584,13.0,682,171,34,222122
ABprapapaa:206,ABprapapaa,206,32587,7587,2188,2188,7407,12.2,686,172,34,200473
ABprapapaa:207,ABprapapaa,207,32865,7865,2547,2543,7411,13.1,697,178,34,208615
ABprapapaa:208,ABprapapaa,208,33079,8079,2742,2795,7036,13.0,691,175,34,224121
ABprapapaa:209,ABprapapaa,209,32415,7415,2296,2323,6898,12.2,690,173,34,205083
ABprapapaa:210,ABprapapaa,210,32264,7264,1970,1973,6965,12.2,689,174,34,205721
ABprapapaa:211,ABprapapaa,211,33509,8509,3254,3243,8135,12.2,687,171,34,213971
ABprapapaa:212,ABprapapaa,212,32743,7743,2552,2560,7255,13.1,689,171,34,224249
ABprapapaa:213,ABprapapaa,213,31130,6130,1259,1257,5967,12.2,690,172,34,215261
ABprapapaa:214,ABprapapaa,214,31534,6534,1225,1225,6289,12.1,688,170,34,226056
ABprapapaa:215,ABprapapaa,215,32846,7846,2436,2401,7352,13.0,688,178,34,237346
ABprapapaa:216,ABprapapaa,216,32007,7007,1896,1895,6710,12.3,691,176,34,208959
ABprapapaa:217,ABprapapaa,217,31286,6286,915,915,6139,12.2,691,173,31,174098
ABprapapaa:218,ABprapapaa,218,32573,7573,2661,2662,7245,12.2,686,171,34,225102
ABprapapaa:219,ABprapapaa,219,32864,7864,2656,2656,7623,12.1,693,177,34,226371
ABprapapaa:220,ABprapapaa,220,32388,7388,2259,2258,7222,12.1,692,172,34,232027
ABprapapaa:221,ABprapapaa,221,32061,7061,2236,2236,6704,13.0,690,173,34,239829
ABprapapaa:222,ABprapapaa,222,32562,7562,2537,2537,7514,12.2,691,172,34,222958
ABprapapaa:223,ABprapapaa,223,32617,7617,2684,2692,7340,13.0,695,176,34,236127
ABprapapaa:224,ABprapapaa,224,31327,6327,1175,1172,6135,12.3,694,174,34,224080
ABprapapaa:225,ABprapapaa,225,32071,7071,2199,2189,6942,12.3,696,175,34,220467
ABprapapaa:226,ABprapapaa,226,33574,8574,3406,3402,8302,13.2,698,175,34,248080
ABprapapaa:227,ABprapapaa,227,31905,6905,1745,1743,6668,13.2,703,176,34,236581
ABprapapaa:228,ABprapapaa,228,31934,6934,1862,1859,6734,13.1,703,177,34,248454
ABprapapaa:229,ABprapapaa,229,32859,7859,2696,2739,7530,13.1,698,174,31,196916
ABprapapaa:230,ABprapapaa,230,32168,7168,2069,2057,6925,13.2,697,176,34,257809
ABprapapaa:231,ABprapapaa,231,32699,7699,2619,2616,7450,13.1,693,175,34,260433
ABprapapaa:232,ABprapapaa,232,32354,7354,2087,2066,7145,13.1,698,178,34,258734
ABprapapaa:233,ABprapapaa,233,30674,5674,793,777,5480,12.1,692,175,34,264151
ABprapapaa:234,ABprapapaa,234,32957,7957,2888,2892,7738,12.0,697,178,34,248609
ABprapapaa:235,ABprapapaa,235,32189,7189,2392,2382,6939,12.1,696,186,34,246486
ABprapapaa:236,ABprapapaa,236,32102,7102,2495,2489,6955,12.1,696,183,34,253253
ABprapapaa:237,ABprapapaa,237,31822,6822,2090,2073,6679,12.2,699,183,34,244061
ABprapapaa:238,ABprapapaa,238,32834,7834,2859,2855,7634,13.0,697,178,34,263603
ABprapapaa:239,ABprapapaa,239,31915,6915,1786,1779,6720,13.0,688,173,34,263328
ABprapapaa:240,ABprapapaa,240,31620,6620,1299,1310,6508,12.1,689,176,34,257924
ABprapapaa:241,ABprapapaa,241,31156,6156,1247,1243,6012,12.3,695,174,31,196188
ABprapapaa:242,ABprapapaa,242,31650,6650,1859,1847,6519,12.2,688,175,34,255078
ABprapapaa:243,ABprapapaa,243,32344,7344,2397,2389,7223,12.1,684,173,34,254880
ABprapapaa:244,ABprapapaa,244,31612,6612,1880,1860,6434,12.1,683,172,34,252108
ABprapapaa:245,ABprapapaa,245,30834,5834,1066,1066,5715,12.0,683,170,31,191800
ABprapapaa:246,ABprapapaa,246,31493,6493,1401,1407,6382,11.3,687,174,34,221918
ABprapapaa:247,ABprapapaa,247,31423,6423,1803,1798,6306,12.1,679,167,34,248364
ABprapapaa:248,ABprapapaa,248,31593,6593,1575,1575,6534,12.1,683,164,31,195398
ABprapapaa:249,ABprapapaa,249,31339,6339,1710,1710,6301,12.2,689,173,34,230439
ABprapapaa:250,ABprapapaa,250,31846,6846,1888,1888,6787,12.3,680,170,31,181551
ABprapapap:166,ABprapapap,166,30517,5517,521,699,5145,11.0,671,183,40,227802
ABprapapap:167,ABprapapap,167,30708,5708,860,1009,5539,11.1,676,183,39,218611
ABprapapap:168,ABprapapap,168,32061,7061,2075,2226,6754,11.8,686,191,36,183147
ABprapapap:169,ABprapapap,169,33098,8098,2925,3142,7765,11.9,682,189,35,156833
ABprapapap:170,ABprapapap,170,31609,6609,1810,1951,6288,11.1,684,186,36,193449
ABprapapap:171,ABprapapap,171,31701,6701,1374,1609,6370,12.0,686,182,37,198265
ABprapapap:172,ABprapapap,172,31794,6794,1632,1773,6489,12.2,692,181,36,199480
ABprapapap:173,ABprapapap,173,31910,6910,1402,1544,6289,13.0,690,179,36,203633
ABprapapap:174,ABprapapap,174,31761,6761,1700,1727,5874,12.3,692,177,36,182582
ABprapapap:175,ABprapapap,175,31674,6674,1504,1553,5512,14.0,691,175,36,210798
ABprapapap:176,ABprapapap,176,32075,7075,1715,1845,6161,14.0,690,170,35,183932
ABprapapap:177,ABprapapap,177,32689,7689,2672,2766,7188,13.1,692,168,35,183009
ABprapapap:178,ABprapapap,178,31110,6110,852,1007,4972,13.1,692,172,35,196576
ABprapapap:179,ABprapapap,179,31829,6829,1449,1558,6111,13.0,693,176,34,187003
ABprapapap:180,ABprapapap,180,33389,8389,2528,2854,7641,13.1,694,169,34,189576
ABprapapap:181,ABprapapap,181,32637,7637,2099,2256,7038,13.1,693,171,34,186651
ABprapapap:182,ABprapapap,182,31236,6236,704,889,5675,13.1,689,175,34,196921
ABprapapap:183,ABprapapap,183,31639,6639,1013,1304,5842,13.1,691,181,34,181503
ABprapapap:184,ABprapapap,184,32440,7440,1333,1729,6502,13.2,692,180,34,189734
ABprapapap:185,ABprapapap,185,31994,6994,1127,1324,6505,13.2,698,175,34,173090
ABprapapap:186,ABprapapap,186,33508,8508,3036,3177,7819,14.1,694,178,34,186323
ABprapapap:187,ABprapapap,187,32835,7835,2474,2478,7431,14.2,697,178,31,131877
ABprapapap:188,ABprapapap,188,32866,7866,2399,2478,7510,14.1,701,181,34,182231
ABprapapap:189,ABprapapap,189,31930,6930,1491,1530,6557,13.2,693,175,34,181271
ABprapapap:190,ABprapapap,190,33658,8658,3268,3268,8367,13.2,693,173,31,136731
ABprapapap:191,ABprapapap,191,32319,7319,2059,2074,6968,14.0,691,168,34,185347
ABprapapap:192,ABprapapap,192,32343,7343,1807,1824,7081,14.1,696,171,34,184176
ABprapapap:193,ABprapapap,193,32756,7756,1951,1968,7359,14.1,695,170,34,181759
ABprapapap:194,ABprapapap,194,32454,7454,2050,2028,6951,15.0,695,170,34,199493
ABprapapap:195,ABprapapap,195,33374,8374,2856,2865,8015,15.1,698,167,31,161403
ABprapapap:196,ABprapapap,196,32641,7641,2316,2307,7252,15.2,701,170,34,197653
ABprapapap:197,ABprapapap,197,33428,8428,2436,2454,7692,15.0,694,172,34,200844
ABprapapap:198,ABprapapap,198,32705,7705,2212,2265,6880,15.1,700,171,34,198800
ABprapapap:199,ABprapapap,199,31814,6814,1268,1399,5554,15.2,703,176,34,199899
ABprapapap:200,ABprapapap,200,33090,8090,2409,2365,7292,16.1,705,173,34,201237
ABprapapap:201,ABprapapap,201,32884,7884,2200,2200,7452,16.1,702,172,31,162141
ABprapapap:202,ABprapapap,202,31557,6557,1330,1354,5826,15.3,707,174,34,195884
ABprapapap:203,ABprapapap,203,32067,7067,1163,1261,6283,16.1,706,171,34,222995
ABprapapap:204,ABprapapap,204,32382,7382,1429,1492,6378,16.1,709,172,34,205526
ABprapapap:205,ABprapapap,205,32614,7614,1855,1886,6208,16.1,703,171,34,209357
ABprapapap:206,ABprapapap,206,30987,5987,199,308,4848,17.0,703,170,34,227973
ABprapapap:207,ABprapapap,207,32325,7325,1396,1571,5256,17.1,712,174,34,232232
ABprapapap:208,ABprapapap,208,32735,7735,1893,2008,5412,16.1,706,170,34,204604
ABprapapap:209,ABprapapap,209,31774,6774,987,1044,5117,16.2,705,167,34,220670
ABprapapap:210,ABprapapap,210,31991,6991,1127,1221,5830,17.0,699,161,34,229460
ABprapapap:211,ABprapapap,211,32119,7119,1636,1638,5545,17.1,696,162,34,225598
ABprapapap:212,ABprapapap,212,31495,6495,912,923,4233,17.1,694,161,34,224550
ABprapapap:213,ABprapapap,213,31786,6786,1253,1375,5732,18.1,689,160,34,222219
ABprapapap:214,ABprapapap,214,30695,5695,-241,-263,4763,17.2,681,153,34,213620
ABprapapap:215,ABprapapap,215,32088,7088,1518,1518,6077,17.2,685,154,34,216979
ABprapapap:216,ABprapapap,216,30889,5889,527,543,5365,18.1,681,153,34,235859
ABprapapap:217,ABprapapap,217,32048,7048,1428,1396,6375,17.2,678,155,31,172606
ABprapapap:218,ABprapapap,218,32221,7221,1794,1784,6311,17.2,678,154,34,225667
ABprapapap:219,ABprapapap,219,32367,7367,1652,1660,6541,17.2,679,156,34,226055
ABprapapap:220,ABprapapap,220,31780,6780,842,918,5955,17.1,678,156,34,227544
ABprapapap:221,ABprapapap,221,32243,7243,1970,2007,6445,17.3,674,153,34,206699
ABprapapap:222,ABprapapap,222,32232,7232,1865,1978,6801,18.1,674,149,34,233580
ABprapapap:223,ABprapapap,223,31525,6525,893,931,6066,17.1,673,151,34,224268
ABprapapap:224,ABprapapap,224,31939,6939,1038,1303,5838,18.0,678,151,34,248647
ABprapapap:225,ABprapapap,225,30931,5931,325,516,5537,18.2,668,147,34,234871
ABprapapap:226,ABprapapap,226,32760,7760,2109,2390,6873,18.2,670,148,34,231479
ABprapapap:227,ABprapapap,227,31418,6418,574,813,5380,18.1,666,146,34,245366
ABprapapap:228,ABprapapap,228,31478,6478,1159,1186,6169,17.2,663,142,34,221099
ABprapapap:229,ABprapapap,229,32311,7311,2055,2060,7038,17.3,664,141,31,168350
ABprapapap:230,ABprapapap,230,31632,6632,1036,1175,6209,18.0,664,142,34,243162
ABprapapap:231,ABprapapap,231,31820,6820,1440,1441,6629,17.3,659,141,34,229563
ABprapapap:232,ABprapapap,232,31467,6467,1181,1139,6259,17.2,664,143,34,245955
ABprapapap:233,ABprapapap,233,31335,6335,831,932,5597,17.1,666,145,34,253414
ABprapapap:234,ABprapapap,234,31946,6946,1536,1492,6670,17.3,664,144,34,240662
ABprapapap:235,ABprapapap,235,30453,5453,-53,27,4841,17.2,666,144,34,238029
ABprapapap:236,ABprapapap,236,31348,6348,1057,1366,4912,17.2,666,143,34,259105
ABprapapap:237,ABprapapap,237,31555,6555,495,615,5207,18.1,667,141,29,161440
ABprapapap:238,ABprapapap,238,31598,6598,1125,1601,4790,18.1,669,144,34,267102
ABprapapap:239,ABprapapap,239,30960,5960,400,528,5248,17.3,666,144,34,234206
ABprapapap:240,ABprapapap,240,30963,5963,218,416,5098,18.2,666,141,34,256386
ABprapapap:241,ABprapapap,241,32001,7001,1382,1375,6023,18.2,658,137,31,192214
ABprapapap:242,ABprapapap,242,31140,6140,812,952,5403,18.2,657,136,34,260092
ABprapapap:243,ABprapapap,243,30904,5904,409,620,4874,18.1,659,138,34,270835
ABprapapap:244,ABprapapap,244,31166,6166,549,860,4981,18.1,661,140,34,271371
ABprapapap:245,ABprapapap,245,30564,5564,328,351,5033,17.3,662,137,31,193737
ABprapapap:246,ABprapapap,246,31613,6613,1456,1534,6264,18.1,662,139,34,262856
ABprapapap:247,ABprapapap,247,32145,7145,1971,2045,6587,19.1,659,139,34,272378
ABprapapap:248,ABprapapap,248,31050,6050,1007,989,5709,19.1,655,138,31,204420
ABprapapap:249,ABprapapap,249,31989,6989,1925,1933,6573,19.1,658,138,34,255091
ABprapapap:250,ABprapapap,250,31109,6109,503,474,5814,19.2,655,142,31,196880
ABprapapp:118,ABprapapp,118,29428,4428,-371,-379,4410,7.1,630,231,37,103818
ABprapapp:119,ABprapapp,119,29522,4522,-357,-357,4522,7.3,636,228,34,92515
ABprapapp:120,ABprapapp,120,29712,4712,-106,-106,4711,8.1,642,232,38,128917
ABprapapp:121,ABprapapp,121,29689,4689,-27,-27,4685,9.0,653,240,41,152508
ABprapapp:122,ABprapapp,122,29697,4697,-152,-146,4651,10.0,662,242,37,121402
ABprapapp:123,ABprapapp,123,29527,4527,-271,-275,4432,9.0,674,246,38,141111
ABprapapp:124,ABprapapp,124,29646,4646,-238,-202,4237,9.0,678,239,37,122732
ABprapapp:125,ABprapapp,125,29224,4224,-593,-490,3788,9.1,680,231,40,164323
ABprapapp:126,ABprapapp,126,29240,4240,-793,-729,3622,10.0,687,230,27,38466
ABprapapp:127,ABprapapp,127,29574,4574,102,96,4029,10.0,687,230,27,38466
ABprapapp:128,ABprapapp,128,30533,5533,864,864,5500,10.1,688,228,29,54886
ABprapapp:129,ABprapapp,129,30242,5242,701,700,4957,11.0,684,224,32,82002
ABprapapp:130,ABprapapp,130,29744,4744,-482,-481,4605,12.0,688,224,33,80724
ABprapapp:131,ABprapapp,131,30852,5852,1037,1037,5790,11.1,687,221,36,123300
ABprapapp:132,ABprapapp,132,29116,4116,-658,-658,4109,10.0,685,225,29,51355
ABprapapp:133,ABprapapp,133,30708,5708,904,904,5702,11.1,690,224,39,146425
ABprapapp:134,ABprapapp,134,30166,5166,349,349,5150,11.0,694,230,37,117137
ABprapapp:135,ABprapapp,135,30742,5742,1099,1099,5732,11.1,694,229,38,139979
ABprapapp:136,ABprapapp,136,30378,5378,480,479,5326,12.0,698,231,39,146206
ABprapapp:137,ABprapapp,137,30903,5903,1042,1037,5884,12.0,703,234,40,166775
ABprapapp:138,ABprapapp,138,30553,5553,601,627,5509,11.9,698,227,40,171066
ABprapapp:139,ABprapapp,139,31061,6061,1003,1011,6007,11.9,700,221,40,172140
ABprapapp:140,ABprapapp,140,30560,5560,811,821,5529,11.1,699,226,43,176496
ABprapapp:141,ABprapapp,141,30868,5868,1069,1112,5845,11.0,693,226,47,242665
ABprapapp:142,ABprapapp,142,31249,6249,1211,1248,6246,11.9,694,226,44,213767
ABprapapp:143,ABprapapp,143,30893,5893,1109,1175,5880,11.2,701,223,47,233103
ABprapapp:144,ABprapapp,144,31516,6516,1742,1758,6514,12.2,705,226,46,256876
ABprapapp:145,ABprapapp,145,31409,6409,1691,1721,6407,12.1,700,215,46,270406
ABprapapp:146,ABprapapp,146,31639,6639,1860,1911,6637,12.9,707,212,46,285935
ABprapapp:147,ABprapapp,147,31566,6566,1634,1670,6553,13.0,704,215,46,291135
ABprapapp:148,ABprapapp,148,31857,6857,1994,1998,6857,13.0,706,214,46,304181
ABprapapp:149,ABprapapp,149,32091,7091,2266,2293,7086,13.1,704,212,51,371818
ABprapapp:150,ABprapapp,150,31814,6814,1885,1891,6809,13.0,704,210,49,347296
ABprapapp:151,ABprapapp,151,32315,7315,2333,2332,7315,13.0,708,212,47,335990
ABprapapp:152,ABprapapp,152,33721,8721,3719,3758,8638,14.0,709,205,47,334411
ABprapapp:153,ABprapapp,153,33754,8754,3832,3837,8744,14.1,708,207,47,336488
ABprapapp:154,ABprapapp,154,33699,8699,3658,3676,8689,15.0,710,206,48,384615
ABprapapp:155,ABprapapp,155,33535,8535,3571,3572,8521,14.2,707,203,50,432256
ABprapapp:156,ABprapapp,156,33163,8163,3205,3229,8150,14.3,710,208,50,333843
ABprapapp:157,ABprapapp,157,33285,8285,3283,3281,8285,14.1,711,211,49,350138
ABprapapp:158,ABprapapp,158,32989,7989,2964,2980,7989,14.0,706,203,46,319111
ABprapapp:159,ABprapapp,159,33358,8358,3369,3384,8351,14.1,708,206,49,359334
ABprapapp:160,ABprapapp,160,32017,7017,1925,1931,7017,14.2,708,209,49,371585
ABprapapp:161,ABprapapp,161,31930,6930,1381,1375,6930,14.1,702,214,45,279040
ABprapapp:162,ABprapapp,162,32478,7478,1981,1981,7476,14.0,703,217,40,246911
ABprapappa:163,ABprapappa,163,31644,6644,986,1064,6383,12.9,691,208,42,220388
ABprapappa:164,ABprapappa,164,32173,7173,1826,1822,7126,12.1,690,208,39,196372
ABprapappa:165,ABprapappa,165,33718,8718,3653,3653,8684,12.0,699,206,41,201119
ABprapappa:166,ABprapappa,166,33093,8093,3040,3070,7805,12.9,699,205,40,193372
ABprapappa:167,ABprapappa,167,34820,9820,4789,4777,9468,12.9,710,209,39,190956
ABprapappa:168,ABprapappa,168,34609,9609,4493,4534,9359,12.9,716,220,36,165399
ABprapappa:169,ABprapappa,169,36155,11155,6219,6279,10966,12.1,716,216,37,166376
ABprapappa:170,ABprapappa,170,34879,9879,4503,4550,9707,11.2,715,212,36,156683
ABprapappa:171,ABprapappa,171,35277,10277,5023,5104,10122,12.0,715,212,37,187701
ABprapappa:172,ABprapappa,172,34889,9889,4568,4601,9735,12.2,718,214,36,176654
ABprapappa:173,ABprapappa,173,35761,10761,5368,5438,10639,12.2,716,213,36,173840
ABprapappa:174,ABprapappa,174,36020,11020,5179,5214,10903,12.1,717,215,32,137682
ABprapappa:175,ABprapappa,175,37050,12050,6613,6647,11940,12.2,721,214,36,186214
ABprapappa:176,ABprapappa,176,35708,10708,5250,5250,10594,13.0,725,212,35,171839
ABprapappa:177,ABprapappa,177,35611,10611,5243,5253,10522,13.2,724,211,35,167929
ABprapappa:178,ABprapappa,178,35845,10845,5238,5267,10719,13.2,717,215,35,170743
ABprapappa:179,ABprapappa,179,36522,11522,5786,5805,11359,12.3,716,211,34,159576
ABprapappa:180,ABprapappa,180,37526,12526,6348,6451,12206,13.2,712,205,34,179275
ABprapappa:181,ABprapappa,181,36822,11822,6173,6236,11463,13.0,714,208,34,185297
ABprapappa:182,ABprapappa,182,35847,10847,4794,4775,10630,12.2,715,209,34,181703
ABprapappa:183,ABprapappa,183,38204,13204,7616,7625,12773,13.2,722,205,34,200160
ABprapappa:184,ABprapappa,184,38694,13694,7703,7831,13137,13.0,721,203,34,202815
ABprapappa:185,ABprapappa,185,38701,13701,7346,7339,12917,13.1,727,206,34,210208
ABprapappa:186,ABprapappa,186,37917,12917,6724,6758,12471,13.1,727,207,34,180971
ABprapappa:187,ABprapappa,187,37708,12708,6443,6411,12155,13.3,729,212,31,128113
ABprapappa:188,ABprapappa,188,37266,12266,6363,6358,11834,14.2,735,212,34,174013
ABprapappa:189,ABprapappa,189,37814,12814,7091,7080,12167,14.0,727,209,34,183585
ABprapappa:190,ABprapappa,190,39467,14467,8020,8020,14014,14.2,730,203,31,151346
ABprapappa:191,ABprapappa,191,38202,13202,7271,7267,12964,15.2,731,198,34,180117
ABprapappa:192,ABprapappa,192,37561,12561,6413,6432,12015,16.1,741,199,34,191491
ABprapappa:193,ABprapappa,193,36200,11200,4685,4690,10748,16.2,734,196,34,184249
ABprapappa:194,ABprapappa,194,35835,10835,4740,4832,9868,16.2,740,200,34,186119
ABprapappa:195,ABprapappa,195,38964,13964,7017,7017,13294,17.0,742,199,31,163058
ABprapappa:196,ABprapappa,196,38968,13968,7669,7867,13023,17.1,743,201,34,203537
ABprapappa:197,ABprapappa,197,37298,12298,5757,5748,11654,16.3,736,197,34,183085
ABprapappa:198,ABprapappa,198,37355,12355,5908,5971,11380,17.0,739,201,34,210960
ABprapappa:199,ABprapappa,199,37254,12254,6019,6153,11509,17.1,740,199,34,204873
ABprapappa:200,ABprapappa,200,36215,11215,5177,5243,10534,17.2,742,201,34,199755
ABprapappa:201,ABprapappa,201,38919,13919,7411,7437,13367,18.1,742,199,31,167352
ABprapappa:202,ABprapappa,202,37548,12548,6227,6338,11653,18.1,738,193,34,214813
ABprapappa:203,ABprapappa,203,38187,13187,6884,6975,12381,18.1,737,193,34,210214
ABprapappa:204,ABprapappa,204,36670,11670,5258,5291,11055,18.2,741,194,34,199451
ABprapappa:205,ABprapappa,205,34647,9647,3026,3086,8965,18.2,740,192,34,215763
ABprapappa:206,ABprapappa,206,36581,11581,5026,5035,10982,19.2,733,192,34,216598
ABprapappa:207,ABprapappa,207,36589,11589,4803,5128,10015,19.1,735,197,34,224284
ABprapappa:208,ABprapappa,208,36040,11040,4575,4735,9858,19.2,734,189,34,219911
ABprapappa:209,ABprapappa,209,34937,9937,3823,3908,9021,18.2,734,189,34,220285
ABprapappa:210,ABprapappa,210,36119,11119,4608,4596,10730,18.2,730,186,34,211187
ABprapappa:211,ABprapappa,211,34407,9407,3176,3201,8561,18.2,733,189,34,217763
ABprapappa:212,ABprapappa,212,35074,10074,3884,3863,9620,19.0,731,184,34,232210
ABprapappa:213,ABprapappa,213,35362,10362,4101,4148,9288,19.1,731,183,34,226788
ABprapappa:214,ABprapappa,214,35222,10222,4075,4070,9754,19.1,721,176,34,237835
ABprapappa:215,ABprapappa,215,36589,11589,5505,5663,10679,19.2,723,179,34,238789
ABprapappa:216,ABprapappa,216,36005,11005,5025,5032,10439,19.2,723,178,34,236052
ABprapappa:217,ABprapappa,217,36252,11252,4491,4491,9908,19.1,720,178,31,199182
ABprapappa:218,ABprapappa,218,35603,10603,3952,4631,7597,20.0,713,172,34,266794
ABprapappa:219,ABprapappa,219,37602,12602,5444,6258,9437,20.0,711,171,34,266794
ABprapappa:220,ABprapappa,220,35128,10128,2908,3842,4600,20.1,709,170,34,266794
ABprapappa:221,ABprapappa,221,34378,9378,2628,3348,5778,20.1,707,169,34,266794
ABprapappa:222,ABprapappa,222,35185,10185,3223,3831,6849,20.1,704,168,34,266794
ABprapappa:223,ABprapappa,223,34199,9199,2187,3082,5108,20.1,702,167,34,266794
ABprapappa:224,ABprapappa,224,34882,9882,2829,3307,7154,20.2,700,166,34,266794
ABprapappa:225,ABprapappa,225,34942,9942,3332,3531,7986,20.2,698,165,34,266794
ABprapappa:226,ABprapappa,226,37097,12097,5178,5685,9869,20.2,695,163,34,253439
ABprapappa:227,ABprapappa,227,33941,8941,2426,2810,6543,20.2,688,157,34,248636
ABprapappa:228,ABprapappa,228,33991,8991,2158,2692,5105,20.4,689,157,34,248636
ABprapappa:229,ABprapappa,229,35124,10124,2558,3336,5856,20.5,690,158,34,248636
ABprapappa:230,ABprapappa,230,36732,11732,4987,5420,8648,20.7,692,158,34,248636
ABprapappa:231,ABprapappa,231,35488,10488,2952,3481,5177,20.8,693,159,34,248636
ABprapappa:232,ABprapappa,232,34798,9798,2440,3141,4868,21.0,695,160,34,296485
ABprapappa:233,ABprapappa,233,37082,12082,4552,5407,8161,20.2,692,158,34,300481
ABprapappa:234,ABprapappa,234,34810,9810,2072,2931,4569,21.0,694,159,34,299894
ABprapappa:235,ABprapappa,235,35360,10360,3275,3871,7333,20.0,693,157,34,285813
ABprapappa:236,ABprapappa,236,34487,9487,3202,3688,6926,19.1,686,153,34,283846
ABprapappa:237,ABprapappa,237,34427,9427,2504,2976,6911,20.1,685,153,34,299712
ABprapappa:238,ABprapappa,238,34810,9810,3532,3851,7287,20.1,685,152,34,274495
ABprapappa:239,ABprapappa,239,34490,9490,3219,3767,7613,20.1,692,156,34,288030
ABprapappa:240,ABprapappa,240,34879,9879,3121,3830,7193,21.0,686,153,34,293526
ABprapappa:241,ABprapappa,241,33126,8126,1426,1605,6264,20.3,681,149,31,210935
ABprapappa:242,ABprapappa,242,35053,10053,3713,3932,8288,21.0,680,149,34,301321
ABprapappa:243,ABprapappa,243,34545,9545,3046,3607,6713,20.2,682,150,34,281256
ABprapappa:244,ABprapappa,244,33942,8942,1906,2277,6685,20.2,681,150,34,290258
ABprapappa:245,ABprapappa,245,35768,10768,4307,4538,8621,20.3,685,152,31,227799
ABprapappa:246,ABprapappa,246,33437,8437,2268,2768,6663,21.1,687,154,34,298513
ABprapappa:247,ABprapappa,247,34153,9153,2784,3102,7390,21.2,685,156,34,294385
ABprapappa:248,ABprapappa,248,35525,10525,4346,4542,9055,22.0,685,157,31,225538
ABprapappa:249,ABprapappa,249,33335,8335,2107,2248,7314,21.2,689,159,34,279873
ABprapappa:250,ABprapappa,250,33819,8819,2454,2450,8059,21.3,691,160,31,203660
ABprapappp:163,ABprapappp,163,31637,6637,1022,1106,6198,16.0,719,221,42,225997
ABprapappp:164,ABprapappp,164,32243,7243,2026,2032,7117,16.2,732,215,39,194079
ABprapappp:165,ABprapappp,165,33619,8619,3651,3644,8537,17.1,734,225,41,203655
ABprapappp:166,ABprapappp,166,33623,8623,3280,3280,8546,17.1,737,225,40,187493
ABprapappp:167,ABprapappp,167,33305,8305,3068,3086,7691,17.1,736,216,39,189407
ABprapappp:168,ABprapappp,168,33593,8593,3293,3385,8069,18.1,741,209,38,184161
ABprapappp:169,ABprapappp,169,34377,9377,3828,4017,8289,18.0,736,202,39,209604
ABprapappp:170,ABprapappp,170,34573,9573,4101,4337,8586,18.1,735,195,38,220539
ABprapappp:171,ABprapappp,171,35295,10295,4786,4830,9847,18.1,737,193,37,192834
ABprapappp:172,ABprapappp,172,34873,9873,4379,4361,9698,19.0,740,198,36,189643
ABprapappp:173,ABprapappp,173,34122,9122,3648,3653,8696,18.3,739,201,36,171854
ABprapappp:174,ABprapappp,174,34382,9382,3637,3641,9113,18.2,747,214,36,193298
ABprapappp:175,ABprapappp,175,35323,10323,4584,4573,10162,19.1,749,220,34,163229
ABprapappp:176,ABprapappp,176,33808,8808,3363,3363,8552,18.3,754,218,35,156117
ABprapappp:177,ABprapappp,177,33693,8693,2436,2575,8074,18.1,753,219,35,171041
ABprapappp:178,ABprapappp,178,35861,10861,5212,5199,10674,18.2,756,219,35,161858
ABprapappp:179,ABprapappp,179,35170,10170,4481,4520,9954,19.1,750,223,34,177118
ABprapappp:180,ABprapappp,180,35515,10515,4361,4430,9961,18.1,744,214,34,166274
ABprapappp:181,ABprapappp,181,35221,10221,3917,4064,9450,18.1,741,210,34,193844
ABprapappp:182,ABprapappp,182,35002,10002,3771,3836,9371,18.0,741,207,34,187855
ABprapappp:183,ABprapappp,183,35387,10387,3771,3860,8923,18.1,741,212,34,182360
ABprapappp:184,ABprapappp,184,35778,10778,4744,4735,10129,18.2,747,211,34,173234
ABprapappp:185,ABprapappp,185,35382,10382,3986,3986,8238,17.3,743,208,34,171766
ABprapappp:186,ABprapappp,186,35933,10933,4225,4230,9952,18.0,744,208,34,163937
ABprapappp:187,ABprapappp,187,37268,12268,5273,5273,11346,18.2,746,212,31,128047
ABprapappp:188,ABprapappp,188,35437,10437,4078,4078,9696,19.1,753,216,34,186137
ABprapappp:189,ABprapappp,189,35122,10122,3817,3817,9052,18.2,751,215,34,161788
ABprapappp:190,ABprapappp,190,37341,12341,6187,6187,11643,19.1,750,218,31,134162
ABprapappp:191,ABprapappp,191,35899,10899,4443,4449,10232,20.0,750,217,34,186331
ABprapappp:192,ABprapappp,192,36018,11018,4375,4416,9403,20.1,749,220,34,189366
ABprapappp:193,ABprapappp,193,35006,10006,2913,2945,9143,20.2,752,220,34,192114
ABprapappp:194,ABprapappp,194,36984,11984,5344,5368,9987,20.1,748,214,34,195427
ABprapappp:195,ABprapappp,195,37891,12891,5307,5265,9946,21.0,745,216,31,161619
ABprapappp:196,ABprapappp,196,34766,9766,2626,2970,6940,20.2,750,220,32,172905
ABprapappp:197,ABprapappp,197,34969,9969,3179,3220,9163,20.2,749,221,34,188083
ABprapappp:198,ABprapappp,198,35857,10857,4292,4372,9642,20.1,751,226,34,200130
ABprapappp:199,ABprapappp,199,35024,10024,3334,3461,8646,20.1,753,223,34,202236
ABprapappp:200,ABprapappp,200,35456,10456,3733,3848,9368,20.2,754,228,34,189330
ABprapappp:201,ABprapappp,201,35291,10291,3522,3545,9375,21.0,756,228,31,161824
ABprapappp:202,ABprapappp,202,35162,10162,3398,3656,8925,20.1,748,222,34,200247
ABprapappp:203,ABprapappp,203,34954,9954,3380,3544,9089,20.1,747,227,34,198887
ABprapappp:204,ABprapappp,204,34691,9691,3310,3326,9193,21.0,751,230,34,208077
ABprapappp:205,ABprapappp,205,35329,10329,3781,3927,9562,20.2,753,224,34,196079
ABprapappp:206,ABprapappp,206,34422,9422,3006,3178,9002,21.1,752,228,34,201749
ABprapappp:207,ABprapappp,207,35222,10222,3155,3426,9034,21.1,750,226,34,203628
ABprapappp:208,ABprapappp,208,34207,9207,2820,2841,8704,20.2,750,231,34,213728
ABprapappp:209,ABprapappp,209,35082,10082,3842,3952,9406,20.3,745,227,34,204677
ABprapappp:210,ABprapappp,210,35231,10231,3972,4047,9745,21.1,747,224,34,223583
ABprapappp:211,ABprapappp,211,35223,10223,3902,4088,9302,20.3,744,222,34,191861
ABprapappp:212,ABprapappp,212,33891,8891,2648,2710,8207,20.3,746,223,34,222068
ABprapappp:213,ABprapappp,213,34475,9475,2962,3123,8676,20.2,741,221,34,208945
ABprapappp:214,ABprapappp,214,35363,10363,3344,3359,9415,21.1,734,218,34,237286
ABprapappp:215,ABprapappp,215,35878,10878,4370,4545,9638,20.2,736,219,34,219444
ABprapappp:216,ABprapappp,216,35900,10900,4801,4792,10138,21.0,737,228,34,247407
ABprapappp:217,ABprapappp,217,36086,11086,4246,4247,10474,19.2,742,228,31,182867
ABprapappp:218,ABprapappp,218,35076,10076,3406,3405,9459,20.1,741,224,34,264210
ABprapappp:219,ABprapappp,219,34559,9559,3314,3314,8710,20.2,741,225,34,263460
ABprapappp:220,ABprapappp,220,33790,8790,2661,2666,8118,20.1,742,219,34,264447
ABprapappp:221,ABprapappp,221,33992,8992,2933,2934,8325,20.2,737,225,34,253078
ABprapappp:222,ABprapappp,222,34252,9252,2714,2838,7279,20.2,735,224,34,259290
ABprapappp:223,ABprapappp,223,34268,9268,2738,2981,6585,20.2,731,221,34,259861
ABprapappp:224,ABprapappp,224,35450,10450,3695,3890,7633,21.0,731,219,34,273689
ABprapappp:225,ABprapappp,225,35845,10845,4458,4533,9455,21.0,736,219,34,276847
ABprapappp:226,ABprapappp,226,33952,8952,2574,2668,7442,21.0,734,218,34,268981
ABprapappp:227,ABprapappp,227,34048,9048,2610,2735,7500,21.2,734,217,34,244043
ABprapappp:228,ABprapappp,228,33385,8385,2183,2308,7136,21.2,731,215,34,257857
ABprapappp:229,ABprapappp,229,34634,9634,2616,2616,7597,21.2,729,212,31,202766
ABprapappp:230,ABprapappp,230,35122,10122,3641,3724,8375,21.0,733,215,34,289600
ABprapappp:231,ABprapappp,231,34307,9307,2584,2707,7937,21.1,733,217,34,296537
ABprapappp:232,ABprapappp,232,34921,9921,3626,3894,7940,20.2,732,214,34,272845
ABprapappp:233,ABprapappp,233,33466,8466,2437,2672,6521,20.1,728,210,34,290242
ABprapappp:234,ABprapappp,234,34070,9070,2310,2352,7399,20.2,728,214,34,285981
ABprapappp:235,ABprapappp,235,33618,8618,2218,2229,7318,20.2,726,214,34,284654
ABprapappp:236,ABprapappp,236,35019,10019,3325,3917,6005,21.0,719,214,34,315518
ABprapappp:237,ABprapappp,237,33445,8445,2147,2183,6745,21.1,718,217,34,304128
ABprapappp:238,ABprapappp,238,33943,8943,2576,2863,6637,21.1,716,218,34,302738
ABprapappp:239,ABprapappp,239,33779,8779,2030,2021,7210,21.1,720,221,34,290820
ABprapappp:240,ABprapappp,240,31607,6607,449,506,5258,21.2,715,216,34,283521
ABprapappp:241,ABprapappp,241,31567,6567,-29,-29,5680,20.3,718,215,31,218260
ABprapappp:242,ABprapappp,242,31623,6623,876,855,5903,20.2,715,213,34,279072
ABprapappp:243,ABprapappp,243,31317,6317,134,137,5623,20.2,719,212,34,291234
ABprapappp:244,ABprapappp,244,32099,7099,940,1008,6003,21.1,715,213,34,338038
ABprapappp:245,ABprapappp,245,31232,6232,496,547,5538,20.3,699,215,31,206053
ABprapappp:246,ABprapappp,246,31291,6291,273,561,4312,20.9,700,221,30,224254
ABprapappp:247,ABprapappp,247,31912,6912,910,973,5174,20.9,705,224,30,237974
ABprapappp:248,ABprapappp,248,31259,6259,939,1085,5213,20.3,708,225,31,219338
ABprapappp:249,ABprapappp,249,31776,6776,751,970,5517,20.2,708,223,32,263509
ABprapappp:250,ABprapappp,250,30697,5697,-512,-140,4018,20.1,710,226,31,244179
ABprapp:59,ABprapp,59,29802,4802,168,142,4794,11.0,587,165,64,0
ABprapp:60,ABprapp,60,29362,4362,-196,-196,4362,11.0,606,176,64,0
ABprapp:61,ABprapp,61,29417,4417,-166,-166,4417,11.0,606,176,64,0
ABprapp:62,ABprapp,62,29512,4512,-114,-114,4512,11.0,607,176,64,0
ABprapp:63,ABprapp,63,29382,4382,-284,-293,4382,11.0,608,177,64,0
ABprapp:64,ABprapp,64,29097,4097,-740,-747,4097,11.0,609,177,64,0
ABprapp:65,ABprapp,65,29304,4304,-486,-500,4304,11.0,609,177,64,0
ABprapp:66,ABprapp,66,29272,4272,-573,-592,4271,11.0,610,178,63,0
ABprapp:67,ABprapp,67,29452,4452,-344,-360,4451,11.0,611,178,63,0
ABprapp:68,ABprapp,68,29361,4361,-460,-472,4360,11.0,612,178,63,0
ABprapp:69,ABprapp,69,29515,4515,-279,-260,4515,11.0,613,179,63,0
ABprapp:70,ABprapp,70,29284,4284,-418,-400,4284,11.0,613,179,63,0
ABprapp:71,ABprapp,71,29518,4518,-191,-189,4518,11.0,614,179,63,0
ABprapp:72,ABprapp,72,29496,4496,-367,-370,4496,11.0,615,180,62,0
ABprapp:73,ABprapp,73,29246,4246,-475,-491,4246,11.0,616,180,62,0
ABprapp:74,ABprapp,74,29330,4330,-391,-389,4330,11.0,617,180,62,0
ABprapp:75,ABprapp,75,29749,4749,93,74,4749,11.0,617,181,62,0
ABprapp:76,ABprapp,76,29647,4647,-6,18,4647,11.0,618,181,62,0
ABprapp:77,ABprapp,77,29398,4398,-356,-388,4398,11.0,619,181,62,0
ABprapp:78,ABprapp,78,29255,4255,-404,-405,4255,11.0,620,182,61,0
ABprapp:79,ABprapp,79,29305,4305,-419,-420,4305,11.0,621,182,61,0
ABprapp:80,ABprapp,80,29442,4442,-348,-358,4442,11.0,621,182,61,0
ABprapp:81,ABprapp,81,29376,4376,-313,-328,4376,11.0,622,183,61,0
ABprapp:82,ABprapp,82,29304,4304,-348,-360,4304,11.0,623,183,61,0
ABprapp:83,ABprapp,83,29114,4114,-541,-539,4114,11.0,624,183,61,0
ABprapp:84,ABprapp,84,29363,4363,-408,-409,4363,11.0,625,184,60,0
ABprappa:85,ABprappa,85,29433,4433,-291,-305,4421,10.5,615,170,57,0
ABprappa:86,ABprappa,86,29573,4573,-39,-20,4570,10.0,604,155,54,0
ABprappa:87,ABprappa,87,29384,4384,-150,-144,4384,9.9,606,157,54,0
ABprappa:88,ABprappa,88,29870,4870,205,216,4870,9.9,608,159,54,0
ABprappa:89,ABprappa,89,29830,4830,255,240,4830,9.8,610,161,54,0
ABprappa:90,ABprappa,90,29311,4311,-296,-317,4310,9.8,612,163,54,0
ABprappa:91,ABprappa,91,29986,4986,396,386,4981,9.7,614,165,54,0
ABprappa:92,ABprappa,92,29648,4648,-2,-11,4644,9.6,616,167,54,0
ABprappa:93,ABprappa,93,29999,4999,440,427,4998,9.6,618,169,54,0
ABprappa:94,ABprappa,94,29492,4492,-236,-253,4491,9.5,620,171,54,0
ABprappa:95,ABprappa,95,29875,4875,277,262,4875,9.5,622,173,54,0
ABprappa:96,ABprappa,96,30095,5095,425,502,5087,9.4,624,175,54,0
ABprappa:97,ABprappa,97,30570,5570,888,943,5542,9.4,626,177,54,0
ABprappa:98,ABprappa,98,30331,5331,556,584,5272,9.3,628,179,54,0
ABprappa:99,ABprappa,99,30382,5382,590,676,5240,9.2,630,181,54,0
ABprappa:100,ABprappa,100,30400,5400,478,468,5400,9.2,632,183,54,0
ABprappa:101,ABprappa,101,31144,6144,1294,1296,6143,9.1,634,185,54,0
ABprappa:102,ABprappa,102,30695,5695,816,807,5693,9.1,636,187,54,0
ABprappa:103,ABprappa,103,30699,5699,893,894,5697,9.0,638,189,54,0
ABprappa:104,ABprappa,104,31372,6372,1401,1387,6369,9.3,637,188,54,0
ABprappa:105,ABprappa,105,31732,6732,1795,1796,6727,9.6,636,186,54,0
ABprappa:106,ABprappa,106,31087,6087,1108,1123,6086,9.9,635,184,54,0
ABprappa:107,ABprappa,107,31364,6364,1305,1310,6363,10.2,634,182,54,0
ABprappa:108,ABprappa,108,31718,6718,1625,1630,6713,10.4,633,181,54,0
ABprappa:109,ABprappa,109,32391,7391,2458,2444,7387,10.7,632,179,54,0
ABprappa:110,ABprappa,110,32182,7182,2109,2109,7176,11.0,631,177,54,0
ABprappa:111,ABprappa,111,32214,7214,1940,1955,7198,11.3,629,175,54,0
ABprappa:112,ABprappa,112,32508,7508,2325,2310,7477,11.2,628,172,54,0
ABprappa:113,ABprappa,113,33041,8041,2905,2912,8006,11.2,627,169,54,0
ABprappa:114,ABprappa,114,33001,8001,2781,2801,7937,11.1,625,165,53,302541
ABprappa:115,ABprappa,115,32635,7635,2553,2552,7554,11.2,625,164,53,301240
ABprappa:116,ABprappa,116,32308,7308,2092,2101,7170,11.3,623,163,53,314802
ABprappa:117,ABprappa,117,32745,7745,2632,2663,7485,12.1,611,162,53,339363
ABprappa:118,ABprappa,118,31564,6564,1618,1612,6432,11.2,612,164,60,474069
ABprappa:119,ABprappa,119,30567,5567,454,454,5566,10.1,605,161,36,159784
ABprappa:120,ABprappa,120,30066,5066,-59,-59,4971,11.0,613,166,36,161580
ABprappaa:121,ABprappaa,121,29885,4885,-316,-316,4882,10.3,594,143,33,95073
ABprappaa:122,ABprappaa,122,32460,7460,2236,2236,7457,11.0,589,138,37,141691
ABprappaa:123,ABprappaa,123,32209,7209,1933,1933,7203,10.1,585,138,36,131327
ABprappaa:124,ABprappaa,124,32375,7375,2139,2139,7367,11.0,580,133,39,139542
ABprappaa:125,ABprappaa,125,32415,7415,2284,2284,7397,11.1,585,130,40,156786
ABprappaa:126,ABprappaa,126,32963,7963,2642,2642,7898,11.3,586,129,38,156786
ABprappaa:127,ABprappaa,127,32529,7529,2284,2284,7449,11.6,587,128,36,156786
ABprappaa:128,ABprappaa,128,32198,7198,1345,1345,7145,11.8,588,127,34,156786
ABprappaa:129,ABprappaa,129,32616,7616,1780,1780,7579,12.0,589,126,32,84272
ABprappaa:130,ABprappaa,130,33028,8028,2095,2095,7988,12.0,590,133,33,80714
ABprappaa:131,ABprappaa,131,33188,8188,2789,2789,8172,11.1,584,127,34,99746
ABprappaa:132,ABprappaa,132,33235,8235,2808,2808,8207,11.1,584,124,34,95742
ABprappaa:133,ABprappaa,133,32614,7614,2049,2049,7592,11.1,584,128,37,133608
ABprappaa:134,ABprappaa,134,31809,6809,1795,1795,6716,11.0,585,127,41,160572
ABprappaa:135,ABprappaa,135,31957,6957,1504,1441,6675,12.0,588,131,38,154605
ABprappaa:136,ABprappaa,136,32647,7647,2744,2771,7531,11.1,593,131,43,184141
ABprappaa:137,ABprappaa,137,31772,6772,1738,1758,6694,11.1,604,137,44,210997
ABprappaa:138,ABprappaa,138,32624,7624,2516,2522,7594,11.1,596,133,44,211223
ABprappaa:139,ABprappaa,139,31977,6977,1977,2023,6925,11.1,598,134,44,222641
ABprappaa:140,ABprappaa,140,31787,6787,1779,1826,6661,11.1,601,137,45,220464
ABprappaa:141,ABprappaa,141,32197,7197,2128,2126,7138,12.0,598,136,47,282412
ABprappaa:142,ABprappaa,142,31846,6846,1894,1918,6787,12.0,600,134,48,314789
ABprappaa:143,ABprappaa,143,32125,7125,2116,2120,7064,12.1,605,134,49,333947
ABprappaa:144,ABprappaa,144,31847,6847,1690,1735,6755,12.3,601,133,50,337735
ABprappaa:145,ABprappaa,145,31802,6802,1727,1759,6702,13.1,593,127,50,378110
ABprappaa:146,ABprappaa,146,31759,6759,1737,1769,6701,13.2,590,133,50,392810
ABprappaa:147,ABprappaa,147,32101,7101,1925,1964,6927,13.1,595,134,46,310880
ABprappaa:148,ABprappaa,148,32322,7322,2400,2427,7233,13.0,593,130,50,412095
ABprappaa:149,ABprappaa,149,32247,7247,2419,2482,7170,13.1,589,126,51,423288
ABprappaa:150,ABprappaa,150,31468,6468,1518,1548,6405,14.1,588,123,51,423507
ABprappaa:151,ABprappaa,151,31776,6776,1793,1807,6712,14.2,588,125,51,416302
ABprappaa:152,ABprappaa,152,31785,6785,1647,1704,6665,14.3,579,125,51,426117
ABprappaa:153,ABprappaa,153,31654,6654,1682,1740,6444,14.2,577,122,51,432813
ABprappaa:154,ABprappaa,154,31561,6561,1804,1811,6434,14.1,581,120,52,486327
ABprappaa:155,ABprappaa,155,32131,7131,2503,2486,7060,13.3,583,120,52,494023
ABprappaa:156,ABprappaa,156,31816,6816,1946,1906,6682,14.1,584,121,52,449812
ABprappaa:157,ABprappaa,157,31590,6590,1876,1854,6469,14.2,584,122,51,397859
ABprappaa:158,ABprappaa,158,31386,6386,1629,1678,6169,14.3,578,118,50,396989
ABprappaa:159,ABprappaa,159,31651,6651,1874,1893,6048,14.2,582,119,49,368757
ABprappaa:160,ABprappaa,160,31733,6733,2010,2006,6353,14.1,583,121,49,379986
ABprappaa:161,ABprappaa,161,31657,6657,1646,1677,6672,15.1,586,123,49,390642
ABprappaa:162,ABprappaa,162,31242,6242,1177,1221,5227,15.2,582,122,48,405123
ABprappaa:163,ABprappaa,163,31135,6135,1021,1094,5601,17.0,587,128,46,351751
ABprappaa:164,ABprappaa,164,31422,6422,1154,1158,6033,17.0,587,128,46,351751
ABprappaa:165,ABprappaa,165,31331,6331,910,979,5739,17.1,590,127,45,295209
ABprappaa:166,ABprappaa,166,31079,6079,783,852,5240,17.2,588,126,44,284044
ABprappaa:167,ABprappaa,167,32117,7117,1974,1963,6922,17.1,594,123,43,274036
ABprappaa:168,ABprappaa,168,31110,6110,697,701,5637,18.1,595,127,40,267916
ABprappaa:169,ABprappaa,169,30405,5405,269,253,4396,17.2,594,125,39,236134
ABprappaa:170,ABprappaa,170,31020,6020,721,760,4979,18.0,591,133,34,199414
ABprappaa:171,ABprappaa,171,30382,5382,-213,-213,5072,18.0,595,131,33,189367
ABprappaaa:172,ABprappaaa,172,30023,5023,-304,-299,4072,18.0,579,123,33,189367
ABprappaaa:173,ABprappaaa,173,30770,5770,654,653,5371,17.9,563,114,32,152009
ABprappaaa:174,ABprappaaa,174,30839,5839,492,485,5584,17.0,563,115,32,148922
ABprappaaa:175,ABprappaaa,175,30761,5761,695,688,5430,17.1,564,112,36,172316
ABprappaaa:176,ABprappaaa,176,30655,5655,638,691,5232,17.2,561,106,35,140424
ABprappaaa:177,ABprappaaa,177,31023,6023,1052,1047,5835,17.1,558,106,35,154563
ABprappaaa:178,ABprappaaa,178,30493,5493,398,396,4810,18.0,566,107,35,161306
ABprappaaa:179,ABprappaaa,179,31288,6288,914,908,5444,17.0,563,112,34,156533
ABprappaaa:180,ABprappaaa,180,30966,5966,975,965,4904,17.0,564,105,34,166767
ABprappaaa:181,ABprappaaa,181,32462,7462,2107,2106,6734,18.0,565,104,29,103985
ABprappaaa:182,ABprappaaa,182,31595,6595,1588,1588,5850,17.1,561,106,34,174728
ABprappaaa:183,ABprappaaa,183,30299,5299,136,136,3896,17.0,569,107,34,184398
ABprappaaa:184,ABprappaaa,184,31160,6160,1058,1064,4668,17.1,570,114,34,188433
ABprappaaa:185,ABprappaaa,185,30969,5969,918,907,4550,17.2,573,115,34,183160
ABprappaaa:186,ABprappaaa,186,30969,5969,946,911,3929,17.2,573,115,34,183160
ABprappaaa:187,ABprappaaa,187,30946,5946,587,587,5293,18.1,580,114,31,130049
ABprappaaa:188,ABprappaaa,188,30810,5810,415,415,5080,18.0,576,112,34,165797
ABprappaaa:189,ABprappaaa,189,31603,6603,1281,1285,5111,17.1,582,118,34,165128
ABprappaaa:190,ABprappaaa,190,30701,5701,406,374,4934,18.1,578,129,31,130033
ABprappaaa:191,ABprappaaa,191,31386,6386,1251,1234,5253,18.0,574,122,34,167529
ABprappaaa:192,ABprappaaa,192,30524,5524,301,299,4897,18.0,579,129,34,169574
ABprappaaa:193,ABprappaaa,193,31461,6461,1502,1485,5611,18.0,582,119,34,181824
ABprappaaa:194,ABprappaaa,194,31403,6403,986,963,5251,18.0,576,123,34,187856
ABprappaaa:195,ABprappaaa,195,31918,6918,1806,1806,6347,18.1,578,117,31,146892
ABprappaaa:196,ABprappaaa,196,31379,6379,574,556,5884,17.2,579,125,34,160123
ABprappaaa:197,ABprappaaa,197,30554,5554,179,175,5285,17.2,575,128,34,179464
ABprappaaa:198,ABprappaaa,198,31529,6529,1299,1277,6203,17.2,580,126,34,191568
ABprappaaa:199,ABprappaaa,199,31117,6117,941,943,5641,17.0,580,122,34,187191
ABprappaaa:200,ABprappaaa,200,30500,5500,32,43,4922,17.1,580,119,34,191922
ABprappaaa:201,ABprappaaa,201,30342,5342,280,280,4921,17.2,572,118,31,136872
ABprappaaa:202,ABprappaaa,202,30584,5584,248,245,5164,17.2,574,119,34,190021
ABprappaaa:203,ABprappaaa,203,30925,5925,588,598,5600,17.1,571,116,34,183625
ABprappaaa:204,ABprappaaa,204,31194,6194,1225,1210,5676,17.1,576,119,34,195620
ABprappaaa:205,ABprappaaa,205,31572,6572,1194,1241,6213,17.2,577,119,34,205148
ABprappaaa:206,ABprappaaa,206,30662,5662,280,218,4923,17.1,575,119,34,194634
ABprappaaa:207,ABprappaaa,207,32386,7386,1691,1744,6642,17.1,572,125,34,205183
ABprappaaa:208,ABprappaaa,208,30948,5948,618,646,5410,17.1,578,117,34,205988
ABprappaaa:209,ABprappaaa,209,31950,6950,1651,1784,6370,17.1,576,117,34,202430
ABprappaaa:210,ABprappaaa,210,31102,6102,754,731,5667,17.2,571,116,34,210262
ABprappaaa:211,ABprappaaa,211,31195,6195,923,924,5269,17.1,574,117,34,221166
ABprappaaa:212,ABprappaaa,212,30975,5975,872,1027,5388,17.0,578,113,34,222349
ABprappaaa:213,ABprappaaa,213,30766,5766,833,922,4990,17.1,572,109,34,215254
ABprappaaa:214,ABprappaaa,214,30064,5064,232,270,4434,17.1,568,109,34,218464
ABprappaaa:215,ABprappaaa,215,31368,6368,1277,1392,5834,17.0,565,111,34,229980
ABprappaaa:216,ABprappaaa,216,29922,4922,-70,-64,4032,17.1,573,113,34,226993
ABprappaaa:217,ABprappaaa,217,30708,5708,807,864,4831,17.0,570,110,31,169367
ABprappaaa:218,ABprappaaa,218,30652,5652,692,699,4955,16.1,569,107,34,218749
ABprappaaa:219,ABprappaaa,219,30141,5141,241,275,4678,16.1,568,107,34,218982
ABprappaaa:220,ABprappaaa,220,31448,6448,1304,1404,6120,16.1,567,104,34,228347
ABprappaaa:221,ABprappaaa,221,31342,6342,1120,1154,5170,15.2,568,106,34,223887
ABprappaaa:222,ABprappaaa,222,30237,5237,385,491,4227,15.2,573,109,34,226633
ABprappaaa:223,ABprappaaa,223,30801,5801,570,613,5067,15.2,566,105,34,236543
ABprappaaa:224,ABprappaaa,224,31418,6418,1391,1476,5320,16.1,565,103,34,246882
ABprappaaa:225,ABprappaaa,225,30866,5866,733,755,5302,16.0,563,110,34,251294
ABprappaaa:226,ABprappaaa,226,30212,5212,212,177,4417,15.1,561,109,34,244743
ABprappaaa:227,ABprappaaa,227,31090,6090,1125,1199,5301,16.0,561,105,34,248500
ABprappaaa:228,ABprappaaa,228,30249,5249,287,323,4420,16.0,553,107,34,246383
ABprappaaa:229,ABprappaaa,229,31224,6224,1370,1402,5409,15.1,560,108,31,181491
ABprappaaa:230,ABprappaaa,230,30918,5918,1224,1143,5213,14.2,558,106,34,237444
ABprappaaa:231,ABprappaaa,231,30531,5531,579,509,4974,15.1,558,109,34,264109
ABprappaaa:232,ABprappaaa,232,30715,5715,905,853,4970,16.0,558,108,34,258235
ABprappaaa:233,ABprappaaa,233,30882,5882,629,608,5345,15.1,558,107,34,259675
ABprappaaa:234,ABprappaaa,234,30614,5614,600,641,5013,15.1,560,105,34,252121
ABprappaaa:235,ABprappaaa,235,29986,4986,-160,-302,4104,15.2,556,109,34,255789
ABprappaaa:236,ABprappaaa,236,30055,5055,138,76,4230,15.2,558,108,34,241201
ABprappaaa:237,ABprappaaa,237,30870,5870,996,920,5057,16.0,559,107,34,259031
ABprappaaa:238,ABprappaaa,238,29874,4874,66,51,3996,16.0,555,108,34,267668
ABprappaaa:239,ABprappaaa,239,30739,5739,707,682,4981,16.1,555,108,34,278467
ABprappaaa:240,ABprappaaa,240,30923,5923,1102,1070,5326,16.0,556,107,34,266436
ABprappaaa:241,ABprappaaa,241,29739,4739,290,321,3869,16.1,549,105,31,217410
ABprappaaa:242,ABprappaaa,242,30659,5659,1041,1022,4691,16.1,551,106,34,274908
ABprappaaa:243,ABprappaaa,243,30724,5724,709,666,5138,16.1,551,104,34,271617
ABprappaaa:244,ABprappaaa,244,30711,5711,586,564,5311,16.1,553,106,34,264977
ABprappaaa:245,ABprappaaa,245,29973,4973,288,294,4575,16.2,547,101,31,193907
ABprappaaa:246,ABprappaaa,246,29649,4649,-124,-119,3858,17.1,545,103,34,262972
ABprappaaa:247,ABprappaaa,247,30339,5339,422,364,4899,17.2,545,106,34,264679
ABprappaaa:248,ABprappaaa,248,30357,5357,149,168,4873,17.2,544,107,31,193076
ABprappaaa:249,ABprappaaa,249,30250,5250,404,384,4869,18.0,544,107,34,273273
ABprappaaa:250,ABprappaaa,250,30084,5084,367,361,4629,18.1,544,106,31,205707
ABprappaap:172,ABprappaap,172,31254,6254,1220,1196,5625,18.2,622,135,34,147570
ABprappaap:173,ABprappaap,173,30144,5144,-143,2,2465,18.4,624,135,34,147570
ABprappaap:174,ABprappaap,174,29784,4784,-923,-542,1542,18.6,627,135,33,147570
ABprappaap:175,ABprappaap,175,31149,6149,580,1000,2393,18.8,630,135,33,147570
ABprappaap:176,ABprappaap,176,30327,5327,96,153,2510,19.0,632,135,32,147570
ABprappaap:177,ABprappaap,177,30869,5869,444,684,3594,19.2,635,136,32,147570
ABprappaap:178,ABprappaap,178,31383,6383,592,853,4674,19.4,638,136,31,147570
ABprappaap:179,ABprappaap,179,31558,6558,732,1098,4434,19.6,640,136,31,147570
ABprappaap:180,ABprappaap,180,32558,7558,1889,1999,5883,19.8,643,136,30,147570
ABprappaap:181,ABprappaap,181,32368,7368,1321,1776,4164,20.0,646,137,29,108058
ABprappaap:182,ABprappaap,182,30860,5860,-692,52,2510,20.2,646,137,29,108058
ABprappaap:183,ABprappaap,183,30377,5377,-525,-22,1562,20.3,645,138,30,108058
ABprappaap:184,ABprappaap,184,31975,6975,1000,1134,5930,20.5,644,139,31,108058
ABprappaap:185,ABprappaap,185,31419,6419,390,762,3344,20.7,643,139,32,108058
ABprappaap:186,ABprappaap,186,32267,7267,1485,1843,4276,20.8,642,140,33,108058
ABprappaap:187,ABprappaap,187,31361,6361,598,971,2240,21.0,641,141,34,170175
ABprappaap:188,ABprappaap,188,31415,6415,885,1197,4097,20.1,639,142,34,167958
ABprappaap:189,ABprappaap,189,32698,7698,1929,2395,5277,20.1,639,142,34,167958
ABprappaap:190,ABprappaap,190,30595,5595,80,272,1738,19.1,644,140,31,145972
ABprappaap:191,ABprappaap,191,31686,6686,1106,1289,3870,19.1,644,140,31,145972
ABprappaap:192,ABprappaap,192,31480,6480,620,859,4750,20.0,636,141,34,171887
ABprappaap:193,ABprappaap,193,31265,6265,687,799,4642,19.1,633,142,34,162010
ABprappaap:194,ABprappaap,194,32240,7240,1097,1619,4398,20.0,634,138,34,179257
ABprappaap:195,ABprappaap,195,31440,6440,402,541,5570,20.0,634,138,34,179257
ABprappaap:196,ABprappaap,196,30936,5936,177,186,5127,19.2,619,132,34,171266
ABprappaap:197,ABprappaap,197,31908,6908,1202,1234,5998,19.2,620,133,34,175108
ABprappaap:198,ABprappaap,198,30610,5610,99,167,4961,19.1,620,132,34,173474
ABprappaap:199,ABprappaap,199,30844,5844,540,511,5209,18.2,626,134,34,168773
ABprappaap:200,ABprappaap,200,30590,5590,509,568,5086,18.2,619,135,34,173223
ABprappaap:201,ABprappaap,201,31450,6450,1000,1000,6004,19.1,617,137,31,137977
ABprappaap:202,ABprappaap,202,30732,5732,306,378,5306,19.1,620,133,34,184081
ABprappaap:203,ABprappaap,203,31261,6261,1102,1118,5808,19.1,614,128,34,182070
ABprappaap:204,ABprappaap,204,30483,5483,120,141,4948,19.1,618,132,34,189749
ABprappaap:205,ABprappaap,205,30443,5443,189,261,4742,19.1,610,127,34,195231
ABprappaap:206,ABprappaap,206,30701,5701,504,649,5339,18.1,616,126,34,172798
ABprappaap:207,ABprappaap,207,31068,6068,593,826,5624,18.2,611,127,34,189350
ABprappaap:208,ABprappaap,208,30813,5813,614,722,5150,18.2,611,124,34,184673
ABprappaap:209,ABprappaap,209,31637,6637,1405,1572,5981,18.3,609,124,34,186228
ABprappaap:210,ABprappaap,210,31052,6052,1060,1108,5704,18.2,609,124,34,196780
ABprappaap:211,ABprappaap,211,30414,5414,12,215,4529,18.2,601,124,34,196411
ABprappaap:212,ABprappaap,212,30806,5806,605,707,5102,18.2,609,124,34,196241
ABprappaap:213,ABprappaap,213,31234,6234,1196,1255,5743,18.0,605,119,34,207735
ABprappaap:214,ABprappaap,214,31192,6192,1179,1240,5742,17.3,603,119,34,190171
ABprappaap:215,ABprappaap,215,31368,6368,901,950,5975,17.3,602,122,34,197626
ABprappaap:216,ABprappaap,216,30413,5413,181,219,4817,18.2,601,121,34,207016
ABprappaap:217,ABprappaap,217,31419,6419,1016,1038,5967,17.1,606,118,31,161514
ABprappaap:218,ABprappaap,218,30848,5848,983,1057,5320,17.2,601,120,34,227823
ABprappaap:219,ABprappaap,219,30902,5902,1131,1158,5562,17.1,604,116,34,233428
ABprappaap:220,ABprappaap,220,30605,5605,467,551,5210,17.1,603,116,34,224883
ABprappaap:221,ABprappaap,221,30380,5380,63,176,4369,16.3,593,114,34,209185
ABprappaap:222,ABprappaap,222,30597,5597,444,596,4732,17.0,598,118,34,239263
ABprappaap:223,ABprappaap,223,31038,6038,913,968,5413,15.3,605,119,34,228290
ABprappaap:224,ABprappaap,224,30920,5920,835,856,5366,15.2,602,115,34,208193
ABprappaap:225,ABprappaap,225,30694,5694,611,649,4674,16.1,605,116,34,241518
ABprappaap:226,ABprappaap,226,30532,5532,390,601,4471,15.2,599,116,32,200018
ABprappaap:227,ABprappaap,227,30441,5441,346,394,4814,15.2,599,115,34,229668
ABprappaap:228,ABprappaap,228,30554,5554,416,424,4607,16.0,596,117,34,251550
ABprappaap:229,ABprappaap,229,32127,7127,2177,2140,6505,15.2,599,117,31,191831
ABprappaap:230,ABprappaap,230,29854,4854,-179,-137,3423,15.1,601,118,34,241198
ABprappaap:231,ABprappaap,231,30601,5601,612,551,4574,15.1,597,119,34,250663
ABprappaap:232,ABprappaap,232,30528,5528,700,718,5000,14.3,599,117,34,228687
ABprappaap:233,ABprappaap,233,30305,5305,216,275,4539,14.2,596,118,34,252533
ABprappaap:234,ABprappaap,234,30753,5753,639,690,5041,15.0,600,118,34,270271
ABprappaap:235,ABprappaap,235,30614,5614,697,775,5105,15.1,602,118,34,266956
ABprappaap:236,ABprappaap,236,30823,5823,970,1071,5363,14.3,602,120,34,249506
ABprappaap:237,ABprappaap,237,30612,5612,668,645,5081,16.0,598,120,34,251298
ABprappaap:238,ABprappaap,238,31067,6067,1261,1267,5645,15.1,597,116,34,256134
ABprappaap:239,ABprappaap,239,30701,5701,1047,1105,5203,14.2,602,120,34,243579
ABprappaap:240,ABprappaap,240,31278,6278,1519,1627,5901,15.0,597,116,34,272106
ABprappaap:241,ABprappaap,241,30450,5450,806,796,4800,15.1,595,114,31,202108
ABprappaap:242,ABprappaap,242,30636,5636,856,1046,4888,15.1,593,113,34,270553
ABprappaap:243,ABprappaap,243,30751,5751,695,627,5087,15.0,595,117,34,264903
ABprappaap:244,ABprappaap,244,30764,5764,1077,1043,5117,15.1,591,113,34,268143
ABprappaap:245,ABprappaap,245,30035,5035,178,140,4384,15.1,588,114,31,211650
ABprappaap:246,ABprappaap,246,30389,5389,677,652,5003,15.2,593,114,34,256923
ABprappaap:247,ABprappaap,247,29988,4988,55,189,4222,16.1,593,115,34,264474
ABprappaap:248,ABprappaap,248,30384,5384,514,524,4891,16.0,595,112,31,217120
ABprappaap:249,ABprappaap,249,30577,5577,760,716,5244,16.1,590,113,34,263442
ABprappaap:250,ABprappaap,250,30284,5284,676,663,4920,16.2,589,117,31,192370
ABprappap:121,ABprappap,121,30492,5492,149,149,5490,11.3,647,176,33,85432
ABprappap:122,ABprappap,122,31587,6587,1331,1331,6553,11.2,650,179,35,107334
ABprappap:123,ABprappap,123,34189,9189,3529,3529,9186,10.2,649,184,29,62729
ABprappap:124,ABprappap,124,31463,6463,959,959,6441,10.1,651,178,29,57821
ABprappap:125,ABprappap,125,31901,6901,1711,1709,6820,11.9,658,175,36,127094
ABprappap:126,ABprappap,126,32100,7100,1483,1483,6900,11.9,658,175,36,127094
ABprappap:127,ABprappap,127,33344,8344,2225,2225,8327,11.0,655,173,27,40245
ABprappap:128,ABprappap,128,33803,8803,2240,2240,8733,11.0,666,168,27,40555
ABprappap:129,ABprappap,129,33587,8587,1915,1915,8501,11.1,654,170,27,41433
ABprappap:130,ABprappap,130,31587,6587,560,560,6543,11.1,654,170,27,41433
ABprappap:131,ABprappap,131,33177,8177,2287,2278,8016,12.0,655,160,34,93248
ABprappap:132,ABprappap,132,32381,7381,2154,2220,7203,12.0,658,162,38,140193
ABprappap:133,ABprappap,133,32767,7767,1910,1910,7759,11.2,653,163,29,52876
ABprappap:134,ABprappap,134,32806,7806,2515,2616,7675,12.0,664,162,41,154451
ABprappap:135,ABprappap,135,31731,6731,1643,1658,6661,12.1,662,163,42,180134
ABprappap:136,ABprappap,136,32464,7464,2183,2215,7252,12.2,668,170,41,165172
ABprappap:137,ABprappap,137,31610,6610,1218,1296,6543,12.1,673,175,42,189961
ABprappap:138,ABprappap,138,32331,7331,2192,2250,7263,12.1,667,169,42,192532
ABprappap:139,ABprappap,139,32484,7484,2310,2446,7349,12.0,671,170,44,208884
ABprappap:140,ABprappap,140,31596,6596,1401,1477,6448,11.2,675,177,45,188983
ABprappap:141,ABprappap,141,31624,6624,1256,1481,6249,12.0,671,175,47,272904
ABprappap:142,ABprappap,142,31839,6839,1694,1829,6557,12.0,665,171,46,269426
ABprappap:143,ABprappap,143,32018,7018,1809,1971,6860,12.2,673,174,47,265802
ABprappap:144,ABprappap,144,31554,6554,1482,1600,6465,12.3,674,172,50,343017
ABprappap:145,ABprappap,145,31925,6925,1634,2034,6309,13.2,666,163,50,393053
ABprappap:146,ABprappap,146,31526,6526,1388,1500,6370,12.3,668,165,50,349051
ABprappap:147,ABprappap,147,32025,7025,1530,1962,6315,13.1,671,166,48,354952
ABprappap:148,ABprappap,148,32066,7066,1879,2062,6729,13.2,663,161,50,398128
ABprappap:149,ABprappap,149,32109,7109,1774,2121,6464,13.1,663,160,51,406269
ABprappap:150,ABprappap,150,32054,7054,1877,2193,6449,13.2,660,155,51,439778
ABprappap:151,ABprappap,151,32037,7037,1663,1933,6152,13.1,661,156,49,402495
ABprappap:152,ABprappap,152,32550,7550,2051,2417,6776,13.1,655,150,49,408980
ABprappap:153,ABprappap,153,32671,7671,1952,2389,6836,13.9,648,150,47,378568
ABprappap:154,ABprappap,154,32439,7439,1851,2374,5863,14.1,658,152,48,463650
ABprappap:155,ABprappap,155,32207,7207,1723,2116,4946,14.0,655,154,52,579600
ABprappap:156,ABprappap,156,32355,7355,1811,2324,6170,14.1,664,155,50,441293
ABprappap:157,ABprappap,157,32512,7512,1802,2096,7199,14.1,663,156,50,441293
ABprappap:158,ABprappap,158,31859,6859,1268,1791,5626,14.1,661,157,50,441293
ABprappap:159,ABprappap,159,32090,7090,1353,1834,5706,14.1,659,158,50,441293
ABprappap:160,ABprappap,160,32388,7388,1923,2279,6590,14.1,657,160,49,409908
ABprappap:161,ABprappap,161,31977,6977,1368,1718,6462,14.2,661,161,49,401941
ABprappap:162,ABprappap,162,31391,6391,658,1040,5735,14.2,651,153,46,369980
ABprappap:163,ABprappap,163,31512,6512,1053,1145,6225,14.1,653,155,46,370134
ABprappap:164,ABprappap,164,31495,6495,1172,1278,6201,14.2,650,152,45,322050
ABprappap:165,ABprappap,165,32056,7056,1518,1655,6348,15.0,649,154,45,345102
ABprappap:166,ABprappap,166,30410,5410,-127,-101,5059,15.0,640,165,40,274155
ABprappap:167,ABprappap,167,30021,5021,-423,-423,4823,14.0,638,159,31,163617
ABprappapa:168,ABprappapa,168,30460,5460,353,348,4413,14.1,622,153,36,196697
ABprappapa:169,ABprappapa,169,31095,6095,903,918,5368,14.0,615,151,35,187002
ABprappapa:170,ABprappapa,170,31303,6303,1358,1360,5699,14.0,607,142,34,168007
ABprappapa:171,ABprappapa,171,31147,6147,879,891,4864,13.1,617,147,37,200768
ABprappapa:172,ABprappapa,172,32128,7128,1977,2044,5113,13.1,625,152,36,184742
ABprappapa:173,ABprappapa,173,31173,6173,918,927,5010,14.0,629,148,36,203810
ABprappapa:174,ABprappapa,174,30675,5675,595,598,4410,14.1,631,144,36,214936
ABprappapa:175,ABprappapa,175,31528,6528,1288,1349,5554,15.0,635,139,36,206671
ABprappapa:176,ABprappapa,176,30798,5798,674,727,5184,14.1,628,135,35,166340
ABprappapa:177,ABprappapa,177,30458,5458,249,222,5013,14.0,621,132,35,178381
ABprappapa:178,ABprappapa,178,31082,6082,1250,1232,5918,13.1,618,130,35,179094
ABprappapa:179,ABprappapa,179,31246,6246,1348,1379,6032,12.2,616,128,34,160784
ABprappapa:180,ABprappapa,180,31669,6669,1518,1523,6448,13.0,609,132,34,176163
ABprappapa:181,ABprappapa,181,30499,5499,551,562,5319,12.2,614,131,34,169169
ABprappapa:182,ABprappapa,182,31068,6068,775,718,5827,12.1,609,133,34,172855
ABprappapa:183,ABprappapa,183,31413,6413,1733,1742,6375,12.1,616,133,34,179955
ABprappapa:184,ABprappapa,184,30913,5913,1039,1043,5824,12.1,616,133,34,177391
ABprappapa:185,ABprappapa,185,30751,5751,950,927,5611,12.2,615,135,34,164903
ABprappapa:186,ABprappapa,186,30302,5302,488,486,5141,12.2,613,138,34,159028
ABprappapa:187,ABprappapa,187,31417,6417,1421,1416,6159,12.2,619,140,31,120952
ABprappapa:188,ABprappapa,188,30522,5522,616,603,5372,13.0,621,139,34,165157
ABprappapa:189,ABprappapa,189,30694,5694,564,559,5308,13.0,616,141,34,174230
ABprappapa:190,ABprappapa,190,30068,5068,186,183,4753,12.1,614,146,31,128361
ABprappapa:191,ABprappapa,191,29994,4994,-175,-184,4318,13.1,612,146,34,179573
ABprappapa:192,ABprappapa,192,29896,4896,-182,-126,4491,12.2,621,148,34,160310
ABprappapa:193,ABprappapa,193,31316,6316,1233,1260,6074,13.0,621,146,34,180237
ABprappapa:194,ABprappapa,194,30323,5323,673,701,4781,12.3,622,146,34,165200
ABprappapa:195,ABprappapa,195,30828,5828,779,745,5399,12.2,618,142,31,142368
ABprappapa:196,ABprappapa,196,30153,5153,451,427,4811,12.2,627,144,34,174646
ABprappapa:197,ABprappapa,197,30284,5284,596,587,5055,12.1,626,141,34,185552
ABprappapa:198,ABprappapa,198,29790,4790,183,158,4439,12.0,624,148,34,196100
ABprappapa:199,ABprappapa,199,29885,4885,114,152,4687,12.0,631,149,34,187071
ABprappapa:200,ABprappapa,200,29897,4897,-147,-155,4766,12.1,631,146,34,199584
ABprappapa:201,ABprappapa,201,29915,4915,221,221,4647,12.0,628,146,31,147353
ABprappapa:202,ABprappapa,202,29737,4737,13,-2,4567,11.3,632,142,34,168351
ABprappapa:203,ABprappapa,203,30554,5554,858,856,5446,12.1,627,142,34,201512
ABprappapa:204,ABprappapa,204,30195,5195,445,438,5090,11.2,626,143,34,205641
ABprappapa:205,ABprappapa,205,29924,4924,235,201,4720,11.2,622,141,34,198736
ABprappapa:206,ABprappapa,206,30252,5252,614,571,5089,10.3,623,144,34,190845
ABprappapa:207,ABprappapa,207,29709,4709,-46,-67,4451,11.0,622,144,34,213634
ABprappapa:208,ABprappapa,208,29742,4742,157,137,4606,11.1,625,144,34,212908
ABprappapa:209,ABprappapa,209,30328,5328,723,666,5059,10.2,623,141,34,196973
ABprappapa:210,ABprappapa,210,29480,4480,-485,-429,4194,11.0,625,144,34,221740
ABprappapa:211,ABprappapa,211,29776,4776,69,66,4662,11.2,627,136,34,207898
ABprappapa:212,ABprappapa,212,29768,4768,11,10,4655,11.1,625,138,34,228549
ABprappapa:213,ABprappapa,213,29985,4985,272,260,4916,10.2,628,139,34,201573
ABprappapa:214,ABprappapa,214,29248,4248,-299,-313,3962,10.2,619,139,34,208683
ABprappapa:215,ABprappapa,215,30472,5472,649,650,5320,11.1,623,144,34,220790
ABprappapa:216,ABprappapa,216,30045,5045,266,259,4996,11.0,627,140,34,230453
ABprappapa:217,ABprappapa,217,31011,6011,1615,1615,5978,10.1,626,143,31,184371
ABprappapa:218,ABprappapa,218,29993,4993,422,421,4924,10.0,622,142,34,231771
ABprappapa:219,ABprappapa,219,29898,4898,350,339,4782,9.3,624,143,34,209773
ABprappapa:220,ABprappapa,220,29951,4951,541,512,4825,9.2,619,145,34,222049
ABprappapa:221,ABprappapa,221,29916,4916,350,362,4811,9.2,623,145,34,221986
ABprappapa:222,ABprappapa,222,29929,4929,253,249,4880,9.1,623,150,34,238297
ABprappapa:223,ABprappapa,223,29810,4810,279,276,4740,9.1,625,151,34,240757
ABprappapa:224,ABprappapa,224,29793,4793,447,434,4709,8.4,625,149,34,196067
ABprappapa:225,ABprappapa,225,29541,4541,123,121,4498,9.2,628,146,34,231117
ABprappapa:226,ABprappapa,226,30306,5306,714,712,5225,9.1,622,150,34,242969
ABprappapa:227,ABprappapa,227,29448,4448,-244,-242,4357,9.1,626,149,34,230826
ABprappapa:228,ABprappapa,228,29598,4598,199,201,4466,8.4,620,150,34,216588
ABprappapa:229,ABprappapa,229,29603,4603,262,262,4489,9.0,618,151,31,193104
ABprappapa:230,ABprappapa,230,29722,4722,505,504,4593,8.4,619,150,34,209160
ABprappapa:231,ABprappapa,231,29947,4947,403,384,4784,7.4,619,158,34,215764
ABprappapa:232,ABprappapa,232,29246,4246,-374,-359,4106,7.3,615,159,34,220958
ABprappapa:233,ABprappapa,233,29089,4089,-428,-435,3929,7.3,605,154,34,229564
ABprappapa:234,ABprappapa,234,30022,5022,594,586,4822,7.2,603,155,34,239092
ABprappapa:235,ABprappapa,235,29712,4712,163,164,4512,7.3,605,159,34,221456
ABprappapa:236,ABprappapa,236,29970,4970,393,387,4773,7.2,603,161,34,251044
ABprappapa:237,ABprappapa,237,30036,5036,382,382,4871,7.1,605,161,34,261833
ABprappapa:238,ABprappapa,238,29763,4763,226,225,4658,7.2,605,161,34,234631
ABprappapa:239,ABprappapa,239,29610,4610,106,104,4483,7.2,606,157,34,240876
ABprappapa:240,ABprappapa,240,29399,4399,-342,-383,4170,7.2,614,160,34,253746
ABprappapa:241,ABprappapa,241,29795,4795,212,212,4679,7.3,607,152,31,179566
ABprappapa:242,ABprappapa,242,30234,5234,548,544,5034,7.1,605,153,34,249645
ABprappapa:243,ABprappapa,243,29308,4308,-292,-293,4154,7.1,599,156,34,252752
ABprappapa:244,ABprappapa,244,29404,4404,-330,-335,4173,7.1,593,150,34,263586
ABprappapa:245,ABprappapa,245,29086,4086,-618,-618,3880,7.1,594,151,31,195927
ABprappapa:246,ABprappapa,246,29117,4117,-389,-385,3728,7.2,593,148,34,239550
ABprappapa:247,ABprappapa,247,29263,4263,-165,-170,4031,7.3,592,151,34,223703
ABprappapa:248,ABprappapa,248,29309,4309,-129,-145,3916,8.1,591,142,31,197431
ABprappapa:249,ABprappapa,249,29520,4520,-36,-35,4376,8.0,586,141,34,267885
ABprappapa:250,ABprappapa,250,29116,4116,-186,-186,3929,7.3,582,140,31,181043
ABprappapp:168,ABprappapp,168,30667,5667,137,349,4468,15.1,673,158,36,202482
ABprappapp:169,ABprappapp,169,30385,5385,-147,-17,3781,15.9,678,163,35,174634
ABprappapp:170,ABprappapp,170,30877,5877,712,712,5751,16.0,676,158,34,170820
ABprappapp:171,ABprappapp,171,30840,5840,535,531,5396,17.1,675,156,33,148958
ABprappapp:172,ABprappapp,172,30578,5578,535,535,4727,17.2,681,159,36,186785
ABprappapp:173,ABprappapp,173,31654,6654,1638,1646,4892,17.2,683,171,36,183540
ABprappapp:174,ABprappapp,174,31188,6188,977,1087,4309,16.1,690,170,36,180755
ABprappapp:175,ABprappapp,175,30684,5684,371,539,2796,16.4,687,167,36,180755
ABprappapp:176,ABprappapp,176,30525,5525,149,313,2711,16.7,684,164,36,180755
ABprappapp:177,ABprappapp,177,31585,6585,1364,1362,4862,17.0,680,161,35,174381
ABprappapp:178,ABprappapp,178,30705,5705,85,214,3638,15.1,681,162,35,175467
ABprappapp:179,ABprappapp,179,31478,6478,704,729,5742,16.1,676,155,34,186257
ABprappapp:180,ABprappapp,180,31179,6179,462,474,4717,16.2,676,153,34,189163
ABprappapp:181,ABprappapp,181,31097,6097,670,703,4801,16.1,675,153,34,190973
ABprappapp:182,ABprappapp,182,31075,6075,483,512,5225,15.3,667,152,34,178373
ABprappapp:183,ABprappapp,183,31466,6466,1158,1170,5713,16.0,671,151,34,198964
ABprappapp:184,ABprappapp,184,31254,6254,1073,1104,5651,16.1,673,150,34,191664
ABprappapp:185,ABprappapp,185,31482,6482,1339,1374,5843,16.1,671,149,34,189091
ABprappapp:186,ABprappapp,186,31067,6067,176,298,4971,16.3,675,151,34,151812
ABprappapp:187,ABprappapp,187,30285,5285,-508,-508,4522,17.1,672,152,31,131423
ABprappapp:188,ABprappapp,188,31313,6313,949,980,5689,17.0,669,154,34,175084
ABprappapp:189,ABprappapp,189,31331,6331,625,667,5493,16.1,669,152,34,175309
ABprappapp:190,ABprappapp,190,31521,6521,1155,1197,6088,16.1,663,147,31,138080
ABprappapp:191,ABprappapp,191,30546,5546,16,117,4315,16.3,662,149,34,156271
ABprappapp:192,ABprappapp,192,30889,5889,519,559,5460,16.1,663,149,34,179045
ABprappapp:193,ABprappapp,193,31525,6525,884,894,5746,16.0,662,146,34,186804
ABprappapp:194,ABprappapp,194,30557,5557,132,203,4975,16.1,664,146,34,186857
ABprappapp:195,ABprappapp,195,30742,5742,403,369,4998,16.2,662,147,31,152799
ABprappapp:196,ABprappapp,196,31597,6597,1398,1384,5999,16.2,662,147,34,175072
ABprappapp:197,ABprappapp,197,30710,5710,422,439,5174,16.1,658,147,34,187066
ABprappapp:198,ABprappapp,198,30670,5670,478,510,5055,16.2,662,149,34,190461
ABprappapp:199,ABprappapp,199,30631,5631,218,206,4717,16.1,663,149,34,192118
ABprappapp:200,ABprappapp,200,31545,6545,1093,1119,5864,17.1,663,151,34,204415
ABprappapp:201,ABprappapp,201,31075,6075,549,549,5463,16.3,657,149,31,149334
ABprappapp:202,ABprappapp,202,30953,5953,924,922,5417,16.2,662,150,34,204507
ABprappapp:203,ABprappapp,203,30375,5375,41,125,4329,17.0,662,148,34,218882
ABprappapp:204,ABprappapp,204,30624,5624,388,388,5184,16.2,661,148,34,203135
ABprappapp:205,ABprappapp,205,30679,5679,305,306,5252,17.0,654,142,34,208519
ABprappapp:206,ABprappapp,206,30733,5733,638,641,5336,16.1,656,141,34,197099
ABprappapp:207,ABprappapp,207,30749,5749,577,587,4997,17.0,659,142,34,214758
ABprappapp:208,ABprappapp,208,30656,5656,732,735,5194,17.1,657,141,34,208492
ABprappapp:209,ABprappapp,209,30579,5579,668,668,5386,16.2,654,138,34,196726
ABprappapp:210,ABprappapp,210,30191,5191,206,206,4972,16.0,654,136,34,215343
ABprappapp:211,ABprappapp,211,30759,5759,733,731,5505,17.0,652,137,34,220665
ABprappapp:212,ABprappapp,212,29745,4745,-332,-320,4421,16.2,651,137,34,202946
ABprappapp:213,ABprappapp,213,30717,5717,784,777,5441,17.0,648,135,34,222495
ABprappapp:214,ABprappapp,214,29980,4980,-111,-60,4674,17.1,642,134,34,222324
ABprappapp:215,ABprappapp,215,30144,5144,-2,74,4750,17.0,644,135,34,219588
ABprappapp:216,ABprappapp,216,31453,6453,1473,1476,6049,17.1,647,134,34,230438
ABprappapp:217,ABprappapp,217,30142,5142,11,26,4584,16.2,642,134,31,176436
ABprappapp:218,ABprappapp,218,29937,4937,102,134,4586,17.0,640,132,34,230182
ABprappapp:219,ABprappapp,219,30023,5023,152,206,4701,17.0,645,134,34,222620
ABprappapp:220,ABprappapp,220,30247,5247,342,412,4990,17.1,643,132,34,228992
ABprappapp:221,ABprappapp,221,30791,5791,759,832,5549,17.1,639,132,34,227197
ABprappapp:222,ABprappapp,222,30481,5481,278,359,5172,17.2,634,133,34,214417
ABprappapp:223,ABprappapp,223,30747,5747,852,917,4990,18.0,628,129,34,234544
ABprappapp:224,ABprappapp,224,31229,6229,1078,1145,5698,17.3,627,132,34,203116
ABprappapp:225,ABprappapp,225,30988,5988,1044,1089,4585,18.1,621,127,34,242831
ABprappapp:226,ABprappapp,226,31744,6744,1373,1380,5976,17.2,623,126,34,222599
ABprappapp:227,ABprappapp,227,30201,5201,197,210,4415,18.0,620,125,34,249710
ABprappapp:228,ABprappapp,228,30476,5476,212,336,4473,17.2,620,125,34,230242
ABprappapp:229,ABprappapp,229,29492,4492,-445,-402,3103,18.1,616,122,31,197680
ABprappapp:230,ABprappapp,230,30668,5668,684,758,4238,17.2,615,122,34,251575
ABprappapp:231,ABprappapp,231,29615,4615,-404,-318,3146,17.2,615,123,34,253769
ABprappapp:232,ABprappapp,232,30353,5353,322,403,4588,17.0,623,125,34,259686
ABprappapp:233,ABprappapp,233,30188,5188,171,191,4473,16.3,622,124,34,248804
ABprappapp:234,ABprappapp,234,30317,5317,378,475,4512,17.1,627,125,34,251019
ABprappapp:235,ABprappapp,235,30704,5704,703,693,4946,17.1,630,124,34,264263
ABprappapp:236,ABprappapp,236,30447,5447,307,477,4599,16.1,631,128,34,259798
ABprappapp:237,ABprappapp,237,30191,5191,151,212,4546,17.1,630,127,34,263986
ABprappapp:238,ABprappapp,238,30203,5203,323,456,4548,17.1,626,126,34,269561
ABprappapp:239,ABprappapp,239,30079,5079,-73,-57,4183,17.1,626,126,34,270776
ABprappapp:240,ABprappapp,240,30037,5037,-114,-25,4356,17.2,627,126,34,263569
ABprappapp:241,ABprappapp,241,30209,5209,382,384,4205,17.2,619,124,31,202849
ABprappapp:242,ABprappapp,242,30509,5509,263,323,4478,17.2,616,122,34,266217
ABprappapp:243,ABprappapp,243,29826,4826,55,96,3599,17.2,617,120,34,269472
ABprappapp:244,ABprappapp,244,29596,4596,-95,-5,3991,17.2,620,120,34,272566
ABprappapp:245,ABprappapp,245,30012,5012,-51,-109,4371,17.2,616,119,31,213021
ABprappapp:246,ABprappapp,246,30305,5305,285,255,4694,18.1,619,120,34,280969
ABprappapp:247,ABprappapp,247,30674,5674,897,957,4500,18.3,616,122,34,251763
ABprappapp:248,ABprappapp,248,30184,5184,324,331,4011,19.0,615,121,31,220709
ABprappapp:249,ABprappapp,249,29570,4570,-506,-339,3818,18.4,619,122,34,247265
ABprappapp:250,ABprappapp,250,30876,5876,760,749,5279,19.2,619,121,31,219380
ABprappp:85,ABprappp,85,29508,4508,-106,-163,4486,12.0,639,218,57,0
ABprappp:86,ABprappp,86,29773,4773,66,110,4626,13.0,654,253,54,0
ABprappp:87,ABprappp,87,29266,4266,-484,-448,4078,12.9,653,250,54,0
ABprappp:88,ABprappp,88,29550,4550,-90,-83,4390,12.9,652,247,54,0
ABprappp:89,ABprappp,89,29564,4564,-90,-57,4395,12.9,653,246,54,0
ABprappp:90,ABprappp,90,29877,4877,219,245,4703,12.9,654,245,54,0
ABprappp:91,ABprappp,91,29808,4808,70,90,4602,12.9,656,244,54,0
ABprappp:92,ABprappp,92,29775,4775,-137,-207,4582,12.9,657,243,54,0
ABprappp:93,ABprappp,93,29858,4858,44,43,4737,12.9,658,242,54,0
ABprappp:94,ABprappp,94,29764,4764,-193,-200,4646,12.9,660,241,54,0
ABprappp:95,ABprappp,95,29537,4537,-550,-576,4417,12.9,661,240,54,0
ABprappp:96,ABprappp,96,29661,4661,-216,-51,3602,12.9,663,239,53,0
ABprappp:97,ABprappp,97,29851,4851,15,101,4050,12.9,664,238,53,0
ABprappp:98,ABprappp,98,29489,4489,-433,-470,3933,12.9,665,237,53,0
ABprappp:99,ABprappp,99,29831,4831,-81,-54,4392,12.9,667,235,53,0
ABprappp:100,ABprappp,100,29639,4639,-485,-523,4578,13.0,668,234,53,0
ABprappp:101,ABprappp,101,29768,4768,-285,-287,4713,13.0,669,233,53,0
ABprappp:102,ABprappp,102,29943,4943,-212,-143,4888,13.0,671,232,53,0
ABprappp:103,ABprappp,103,29977,4977,-70,-31,4927,13.0,672,231,53,0
ABprappp:104,ABprappp,104,29926,4926,-219,-201,4896,13.0,674,230,52,0
ABprappp:105,ABprappp,105,29887,4887,-362,-294,4863,13.0,675,229,52,0
ABprappp:106,ABprappp,106,29963,4963,-364,-304,4954,13.0,676,228,52,0
ABprappp:107,ABprappp,107,30145,5145,-146,-79,5142,13.0,678,227,52,0
ABprappp:108,ABprappp,108,29831,4831,-564,-441,4829,13.0,679,226,52,0
ABprappp:109,ABprappp,109,30083,5083,-85,-21,5083,13.0,680,225,52,0
ABprappp:110,ABprappp,110,30342,5342,122,126,5342,13.0,682,223,52,0
ABprappp:111,ABprappp,111,30704,5704,319,345,5704,13.0,683,222,52,0
ABprappp:112,ABprappp,112,30967,5967,674,695,5967,13.0,685,221,51,0
ABprappp:113,ABprappp,113,31163,6163,1096,1086,6163,13.0,686,220,51,0
ABprappp:114,ABprappp,114,31482,6482,1208,1208,6482,13.1,687,219,51,0
ABprappp:115,ABprappp,115,31792,6792,1446,1435,6792,13.1,689,218,51,0
ABprappp:116,ABprappp,116,31697,6697,1310,1310,6697,13.1,690,217,51,0
ABprappp:117,ABprappp,117,32388,7388,2124,2131,7386,13.1,691,216,51,0
ABprappp:118,ABprappp,118,31878,6878,1597,1600,6874,13.1,693,215,51,0
ABprappp:119,ABprappp,119,32629,7629,2408,2455,7614,13.1,694,214,51,0
ABprappp:120,ABprappp,120,31929,6929,1918,1919,6920,13.1,696,212,50,330985
ABprappp:121,ABprappp,121,30670,5670,23,21,5661,14.0,700,221,41,203252
ABprappp:122,ABprappp,122,31349,6349,851,847,6316,13.3,706,228,39,162940
ABprapppa:123,ABprapppa,123,31134,6134,1039,1031,5909,13.1,695,223,37,162940
ABprapppa:124,ABprapppa,124,34473,9473,3795,3795,8943,12.9,684,218,35,132313
ABprapppa:125,ABprapppa,125,34507,9507,4142,4134,8933,13.1,692,216,36,163517
ABprapppa:126,ABprapppa,126,34372,9372,4116,4107,8862,13.0,702,210,37,122965
ABprapppa:127,ABprapppa,127,33065,8065,2816,2815,7648,13.2,697,205,35,99975
ABprapppa:128,ABprapppa,128,34855,9855,4086,4086,9574,14.1,705,189,33,83834
ABprapppa:129,ABprapppa,129,35149,10149,4369,4374,9789,14.1,695,191,34,105502
ABprapppa:130,ABprapppa,130,35422,10422,4465,4469,10256,14.1,701,183,33,93597
ABprapppa:131,ABprapppa,131,35283,10283,4624,4621,10092,14.2,697,174,36,130508
ABprapppa:132,ABprapppa,132,34976,9976,4288,4364,9796,14.1,699,170,38,149026
ABprapppa:133,ABprapppa,133,35470,10470,4664,4664,10097,15.1,702,173,37,137445
ABprapppa:134,ABprapppa,134,34560,9560,3956,4025,9164,14.3,703,174,39,138387
ABprapppa:135,ABprapppa,135,34900,9900,4631,4675,9528,15.1,705,172,42,196391
ABprapppa:136,ABprapppa,136,34141,9141,3341,3611,8208,15.3,706,176,43,192644
ABprapppa:137,ABprapppa,137,34949,9949,4265,4534,8778,16.0,711,184,44,227658
ABprapppa:138,ABprapppa,138,33199,8199,2586,2842,7639,15.2,706,182,44,227711
ABprapppa:139,ABprapppa,139,35610,10610,4611,5060,9236,16.0,702,177,44,250963
ABprapppa:140,ABprapppa,140,35590,10590,4491,4868,9365,16.1,699,176,43,244917
ABprapppa:141,ABprapppa,141,36057,11057,4732,5194,9752,16.1,696,171,43,263187
ABprapppa:142,ABprapppa,142,34873,9873,3785,4613,8546,16.2,691,167,48,356521
ABprapppa:143,ABprapppa,143,35394,10394,4193,5041,9181,17.0,698,170,45,292982
ABprapppa:144,ABprapppa,144,34864,9864,3972,4721,9074,17.2,703,172,50,404141
ABprapppa:145,ABprapppa,145,35568,10568,4630,5245,7789,17.2,685,164,50,433597
ABprapppa:146,ABprapppa,146,36448,11448,5345,5862,10214,17.9,685,164,46,366524
ABprapppa:147,ABprapppa,147,34549,9549,3744,4301,7363,17.1,680,163,48,393248
ABprapppa:148,ABprapppa,148,35866,10866,4785,5515,9335,18.0,679,161,48,420245
ABprapppa:149,ABprapppa,149,34877,9877,4045,4684,8443,17.2,681,161,49,407712
ABprapppa:150,ABprapppa,150,34895,9895,3934,4456,8762,17.1,677,160,49,432193
ABprapppa:151,ABprapppa,151,34506,9506,3517,4121,7123,17.2,669,155,49,430198
ABprapppa:152,ABprapppa,152,34840,9840,3632,4377,7735,17.2,668,153,49,439638
ABprapppa:153,ABprapppa,153,35032,10032,3929,4831,8087,17.2,665,163,49,459717
ABprapppa:154,ABprapppa,154,34661,9661,3646,4222,7249,17.2,662,163,50,526839
ABprapppa:155,ABprapppa,155,36673,11673,4638,6083,7439,17.1,661,158,36,251790
ABprapppa:156,ABprapppa,156,35272,10272,3993,4726,7256,18.0,663,157,48,422164
ABprapppa:157,ABprapppa,157,35131,10131,3672,4603,6406,19.9,658,154,51,430527
ABprapppa:158,ABprapppa,158,35342,10342,4449,5180,7733,18.0,657,152,48,435327
ABprapppa:159,ABprapppa,159,35158,10158,4107,4767,7512,18.0,658,151,47,362410
ABprapppa:160,ABprapppa,160,35449,10449,3990,4841,7087,19.0,656,150,45,308091
ABprapppa:161,ABprapppa,161,35762,10762,4493,5157,8192,19.1,651,154,47,369006
ABprapppa:162,ABprapppa,162,35572,10572,4384,5209,8316,19.1,655,150,48,440973
ABprapppa:163,ABprapppa,163,36295,11295,4614,4798,9907,20.0,661,151,44,328222
ABprapppa:164,ABprapppa,164,34922,9922,3862,4389,8442,19.1,664,152,45,305264
ABprapppa:165,ABprapppa,165,35334,10334,4402,4794,9031,19.1,668,151,45,314956
ABprapppa:166,ABprapppa,166,35212,10212,4171,4624,9165,19.1,664,147,44,306449
ABprapppa:167,ABprapppa,167,35531,10531,4564,4629,10279,20.0,661,146,43,301296
ABprapppa:168,ABprapppa,168,34619,9619,3169,3187,7979,19.1,669,155,40,265746
ABprapppa:169,ABprapppa,169,33334,8334,2174,2188,7594,19.2,660,156,39,229846
ABprapppa:170,ABprapppa,170,34520,9520,3024,3011,8194,20.9,650,153,34,196223
ABprapppa:171,ABprapppa,171,32979,7979,1926,1937,7611,22.0,647,155,37,240584
ABprapppa:172,ABprapppa,172,33998,8998,2515,2734,7279,22.1,650,160,34,207502
ABprapppaa:173,ABprapppaa,173,31831,6831,1310,1254,5404,21.0,626,143,32,180651
ABprapppaa:174,ABprapppaa,174,32926,7926,1562,1602,4926,23.0,625,148,32,164809
ABprapppaa:175,ABprapppaa,175,34768,9768,3285,3653,5692,23.1,628,153,32,160416
ABprapppaa:176,ABprapppaa,176,32061,7061,1011,1181,3535,23.0,633,146,31,133769
ABprapppaa:177,ABprapppaa,177,34690,9690,3174,3726,5336,23.0,632,151,35,181375
ABprapppaa:178,ABprapppaa,178,34249,9249,2952,3229,5881,22.6,637,147,35,181375
ABprapppaa:179,ABprapppaa,179,35648,10648,4472,4830,6170,23.1,635,147,35,181375
ABprapppaa:180,ABprapppaa,180,34635,9635,3340,3783,3979,23.6,632,148,35,181375
ABprapppaa:181,ABprapppaa,181,35037,10037,2506,4041,1940,24.1,630,148,35,181375
ABprapppaa:182,ABprapppaa,182,37695,12695,4594,6073,883,24.6,627,149,35,181375
ABprapppaa:183,ABprapppaa,183,38047,13047,4866,5803,-212,25.1,624,150,34,175777
ABprapppaa:184,ABprapppaa,184,34446,9446,2274,2505,4172,24.1,632,146,34,175777
ABprapppaa:185,ABprapppaa,185,34022,9022,2725,2840,5845,23.1,641,141,34,204422
ABprapppaa:186,ABprapppaa,186,34403,9403,3073,3251,5961,23.1,642,146,34,171905
ABprapppaa:187,ABprapppaa,187,34322,9322,3364,3287,7031,23.1,641,142,31,138836
ABprapppaa:188,ABprapppaa,188,34661,9661,3533,3524,6321,23.1,642,143,34,176031
ABprapppaa:189,ABprapppaa,189,33817,8817,2694,2948,5040,22.1,649,139,34,181445
ABprapppaa:190,ABprapppaa,190,35752,10752,4088,4070,9271,22.1,644,136,29,113282
ABprapppaa:191,ABprapppaa,191,33668,8668,2716,2773,5701,22.1,644,139,34,182984
ABprapppaa:192,ABprapppaa,192,35321,10321,3839,3914,7651,23.0,648,143,34,184570
ABprapppaa:193,ABprapppaa,193,33612,8612,2396,2565,6779,22.2,653,141,34,179115
ABprapppaa:194,ABprapppaa,194,36184,11184,4962,5528,7455,22.2,646,143,34,199979
ABprapppaa:195,ABprapppaa,195,35034,10034,2440,3091,4780,23.0,641,152,31,150236
ABprapppaa:196,ABprapppaa,196,35348,10348,3351,3453,8434,22.2,646,154,34,191924
ABprapppaa:197,ABprapppaa,197,35165,10165,3309,3551,7494,22.0,642,153,34,195898
ABprapppaa:198,ABprapppaa,198,34754,9754,2891,2994,7693,22.1,642,156,34,198117
ABprapppaa:199,ABprapppaa,199,36865,11865,3942,4193,9370,22.1,647,155,32,189723
ABprapppaa:200,ABprapppaa,200,34611,9611,2696,2932,7373,22.1,648,155,34,208754
ABprapppaa:201,ABprapppaa,201,37213,12213,5457,5453,10079,22.0,651,153,31,157463
ABprapppaa:202,ABprapppaa,202,35380,10380,3668,3832,7853,22.0,650,152,34,217409
ABprapppaa:203,ABprapppaa,203,34677,9677,3154,3368,7312,21.2,657,154,34,198245
ABprapppaa:204,ABprapppaa,204,34610,9610,2607,2901,7799,22.0,659,154,34,212897
ABprapppaa:205,ABprapppaa,205,35430,10430,3970,4289,8559,22.1,660,155,34,216226
ABprapppaa:206,ABprapppaa,206,34181,9181,2970,3116,8255,21.2,664,159,34,198520
ABprapppaa:207,ABprapppaa,207,35214,10214,3908,3976,8805,21.1,669,154,34,216204
ABprapppaa:208,ABprapppaa,208,34942,9942,3313,3567,8355,21.2,667,163,34,212672
ABprapppaa:209,ABprapppaa,209,35698,10698,4390,4615,9656,21.1,671,169,34,216824
ABprapppaa:210,ABprapppaa,210,35084,10084,3629,3755,9285,22.0,671,166,34,234829
ABprapppaa:211,ABprapppaa,211,34903,9903,3172,3172,9029,21.2,672,168,34,218715
ABprapppaa:212,ABprapppaa,212,34381,9381,2964,2964,8667,21.1,672,173,34,229929
ABprapppaa:213,ABprapppaa,213,34147,9147,2770,3075,7165,21.1,669,176,34,223935
ABprapppaa:214,ABprapppaa,214,33736,8736,2126,2351,6752,21.0,670,179,34,225757
ABprapppaa:215,ABprapppaa,215,34851,9851,3010,3183,8295,21.1,674,181,34,216038
ABprapppaa:216,ABprapppaa,216,35017,10017,3270,3690,9138,22.1,675,195,34,211434
ABprapppaa:217,ABprapppaa,217,35129,10129,3206,3631,7324,21.0,678,192,31,180743
ABprapppaa:218,ABprapppaa,218,34589,9589,2672,3395,5603,21.2,679,190,34,222241
ABprapppaa:219,ABprapppaa,219,33300,8300,1572,2395,5453,21.1,680,192,34,234931
ABprapppaa:220,ABprapppaa,220,34522,9522,2596,3442,6514,21.1,680,192,34,234931
ABprapppaa:221,ABprapppaa,221,34082,9082,2542,3060,6333,21.1,683,193,34,233339
ABprapppaa:222,ABprapppaa,222,33369,8369,1730,2028,6343,21.1,683,196,34,233241
ABprapppaa:223,ABprapppaa,223,34431,9431,2469,2800,7541,22.0,679,198,34,234609
ABprapppaa:224,ABprapppaa,224,33455,8455,1851,2245,7050,21.2,681,194,34,228834
ABprapppaa:225,ABprapppaa,225,32832,7832,1498,1559,6678,21.2,685,201,34,225560
ABprapppaa:226,ABprapppaa,226,33570,8570,1742,2032,7133,21.2,684,197,34,226731
ABprapppaa:227,ABprapppaa,227,32980,7980,1446,1666,6476,21.1,690,201,34,237835
ABprapppaa:228,ABprapppaa,228,33817,8817,2317,2470,7621,21.1,683,195,34,242992
ABprapppaa:229,ABprapppaa,229,33475,8475,1633,1612,6568,21.2,682,194,31,202306
ABprapppaa:230,ABprapppaa,230,33392,8392,1070,1236,7098,21.2,682,196,34,244435
ABprapppaa:231,ABprapppaa,231,34213,9213,2187,2780,6845,22.0,679,192,34,269166
ABprapppaa:232,ABprapppaa,232,34218,9218,2437,2763,7137,21.0,685,190,34,280553
ABprapppaa:233,ABprapppaa,233,34176,9176,2198,2618,7253,21.1,676,188,34,265441
ABprapppaa:234,ABprapppaa,234,35327,10327,3411,4015,7656,21.0,679,187,34,278362
ABprapppaa:235,ABprapppaa,235,33544,8544,1093,1566,6711,20.2,681,185,34,266251
ABprapppaa:236,ABprapppaa,236,36018,11018,3867,4441,8735,21.0,678,181,34,290074
ABprapppaa:237,ABprapppaa,237,34312,9312,1948,2416,6877,21.1,680,183,34,287253
ABprapppaa:238,ABprapppaa,238,32812,7812,1110,1472,5637,21.2,678,185,34,253667
ABprapppaa:239,ABprapppaa,239,34179,9179,2360,2444,6923,21.1,680,187,34,268937
ABprapppaa:240,ABprapppaa,240,34116,9116,1934,2652,6922,21.1,682,184,34,270397
ABprapppaa:241,ABprapppaa,241,34561,9561,1716,1807,7220,21.2,682,181,29,142829
ABprapppaa:242,ABprapppaa,242,33804,8804,1541,2317,6312,22.1,675,185,34,284471
ABprapppaa:243,ABprapppaa,243,33335,8335,874,1389,5970,21.1,677,184,34,262648
ABprapppaa:244,ABprapppaa,244,34655,9655,1913,2518,6293,22.0,674,184,34,278525
ABprapppaa:245,ABprapppaa,245,33101,8101,304,1273,4199,22.0,674,184,34,278525
ABprapppaa:246,ABprapppaa,246,32606,7606,946,1480,3673,21.2,689,200,34,286414
ABprapppaa:247,ABprapppaa,247,33762,8762,1667,2246,4303,22.0,688,202,34,306103
ABprapppaa:248,ABprapppaa,248,32505,7505,1046,1317,4320,22.1,692,203,31,231121
ABprapppaa:249,ABprapppaa,249,33228,8228,1289,1565,5139,22.1,692,203,31,231121
ABprapppaa:250,ABprapppaa,250,34306,9306,2116,2409,5378,22.0,699,207,31,244837
ABprapppap:173,ABprapppap,173,32535,7535,1674,1736,6758,23.0,673,177,32,155704
ABprapppap:174,ABprapppap,174,33311,8311,1745,1957,6440,24.0,690,177,32,146813
ABprapppap:175,ABprapppap,175,33977,8977,3006,3120,8215,22.3,689,172,34,143057
ABprapppap:176,ABprapppap,176,33919,8919,2706,2792,7614,23.0,689,164,35,151400
ABprapppap:177,ABprapppap,177,34684,9684,3808,3812,8899,22.0,692,162,35,155303
ABprapppap:178,ABprapppap,178,35099,10099,4059,4057,9763,22.0,693,168,35,170895
ABprapppap:179,ABprapppap,179,36562,11562,5676,5687,11249,22.0,693,162,34,164683
ABprapppap:180,ABprapppap,180,35376,10376,4583,4610,9768,21.1,691,158,34,169641
ABprapppap:181,ABprapppap,181,34840,9840,3858,3919,8857,21.0,686,159,34,178843
ABprapppap:182,ABprapppap,182,34447,9447,3339,3368,8769,20.2,683,156,34,164993
ABprapppap:183,ABprapppap,183,33018,8018,1854,1849,6477,20.2,682,151,34,178225
ABprapppap:184,ABprapppap,184,34723,9723,4246,4251,8740,21.1,685,155,34,174624
ABprapppap:185,ABprapppap,185,34492,9492,3171,3254,8148,21.1,678,156,34,199200
ABprapppap:186,ABprapppap,186,34992,9992,3595,3595,8794,21.1,681,163,34,158648
ABprapppap:187,ABprapppap,187,37806,12806,6290,6255,11813,22.0,685,162,31,121066
ABprapppap:188,ABprapppap,188,34935,9935,3592,3787,8833,21.2,686,165,34,148930
ABprapppap:189,ABprapppap,189,35913,10913,4875,4912,10099,21.1,687,163,34,166540
ABprapppap:190,ABprapppap,190,35363,10363,3691,3755,9702,22.0,689,165,31,133489
ABprapppap:191,ABprapppap,191,35130,10130,3980,3989,9509,22.1,687,167,34,158791
ABprapppap:192,ABprapppap,192,35784,10784,4146,4191,10394,23.0,687,169,34,174207
ABprapppap:193,ABprapppap,193,37157,12157,5523,5551,11670,23.1,686,170,34,175722
ABprapppap:194,ABprapppap,194,35516,10516,3227,3639,9577,23.1,675,168,34,171593
ABprapppap:195,ABprapppap,195,34751,9751,3311,3328,8780,23.1,680,172,31,137685
ABprapppap:196,ABprapppap,196,34740,9740,2664,2870,8495,22.2,678,167,34,180735
ABprapppap:197,ABprapppap,197,36660,11660,5054,5342,10581,23.1,676,168,34,177575
ABprapppap:198,ABprapppap,198,35241,10241,3820,3898,9866,23.1,681,166,34,183888
ABprapppap:199,ABprapppap,199,36825,11825,4666,4917,10770,23.1,679,171,34,189987
ABprapppap:200,ABprapppap,200,35408,10408,3791,3986,9467,23.0,681,173,34,186293
ABprapppap:201,ABprapppap,201,35029,10029,2622,2721,9182,23.4,682,173,31,141977
ABprapppap:202,ABprapppap,202,35137,10137,2438,2596,9043,24.1,677,174,34,200564
ABprapppap:203,ABprapppap,203,36252,11252,4100,4267,9478,23.2,673,176,34,191303
ABprapppap:204,ABprapppap,204,36371,11371,4045,4264,10309,23.2,679,180,34,187758
ABprapppap:205,ABprapppap,205,36737,11737,4271,4455,10706,24.0,683,180,34,200724
ABprapppap:206,ABprapppap,206,34068,9068,2031,2234,7589,23.2,681,186,34,166509
ABprapppap:207,ABprapppap,207,34306,9306,2291,2396,8329,24.0,681,181,34,192110
ABprapppap:208,ABprapppap,208,35318,10318,2590,2913,8166,24.1,675,182,34,186924
ABprapppap:209,ABprapppap,209,35757,10757,2870,3068,8510,24.1,678,189,34,195708
ABprapppap:210,ABprapppap,210,36573,11573,4414,4592,10044,25.0,678,194,34,217221
ABprapppap:211,ABprapppap,211,34986,9986,2253,2531,6625,25.1,671,200,34,174605
ABprapppap:212,ABprapppap,212,34895,9895,2360,2588,7459,25.1,671,200,34,174605
ABprapppap:213,ABprapppap,213,37040,12040,4680,4918,9379,24.1,668,195,34,204631
ABprapppap:214,ABprapppap,214,33593,8593,1654,2035,5906,23.1,670,198,34,198220
ABprapppap:215,ABprapppap,215,35698,10698,3062,3343,7864,24.0,673,197,34,229173
ABprapppap:216,ABprapppap,216,34040,9040,1672,1975,579,23.5,676,198,33,229173
ABprapppap:217,ABprapppap,217,35328,10328,2062,2476,4973,23.0,679,199,31,179950
ABprapppap:218,ABprapppap,218,35587,10587,3135,3433,6876,23.0,679,199,31,179950
ABprapppap:219,ABprapppap,219,35171,10171,2605,2779,6822,24.0,681,198,34,238764
ABprapppap:220,ABprapppap,220,36886,11886,4668,4989,8834,24.0,676,201,34,239461
ABprapppap:221,ABprapppap,221,35392,10392,2556,2812,7126,24.0,676,201,34,223299
ABprapppap:222,ABprapppap,222,36766,11766,4312,4299,10049,25.0,675,210,34,227245
ABprapppap:223,ABprapppap,223,34768,9768,2489,2413,6446,25.0,671,208,34,232789
ABprapppap:224,ABprapppap,224,36068,11068,4119,4194,9706,26.0,677,208,34,231828
ABprapppap:225,ABprapppap,225,36061,11061,3885,3892,10249,26.1,671,209,34,229857
ABprapppap:226,ABprapppap,226,34779,9779,2904,2901,8768,26.1,672,207,34,234942
ABprapppap:227,ABprapppap,227,34314,9314,2175,2257,8305,26.0,669,204,34,224470
ABprapppap:228,ABprapppap,228,34710,9710,2566,2717,8062,26.1,670,201,34,232237
ABprapppap:229,ABprapppap,229,35793,10793,2959,2938,8697,25.1,671,200,31,169658
ABprapppap:230,ABprapppap,230,34992,9992,2414,2458,8447,26.1,675,203,34,241108
ABprapppap:231,ABprapppap,231,35013,10013,2542,2730,6757,25.1,672,202,34,245709
ABprapppap:232,ABprapppap,232,36807,11807,3888,3821,9289,25.1,676,202,34,242399
ABprapppap:233,ABprapppap,233,34808,9808,1990,2268,6541,25.0,670,201,34,256099
ABprapppap:234,ABprapppap,234,36417,11417,3677,3869,8559,24.1,671,200,34,259575
ABprapppap:235,ABprapppap,235,34227,9227,932,1150,7352,25.1,670,198,34,278482
ABprapppap:236,ABprapppap,236,34192,9192,977,1433,6520,25.0,671,195,34,248704
ABprapppap:237,ABprapppap,237,33268,8268,649,692,6755,25.1,679,204,34,235115
ABprapppap:238,ABprapppap,238,33600,8600,1785,1669,7539,25.3,676,216,34,221905
ABprapppap:239,ABprapppap,239,34242,9242,2201,2219,8235,25.2,677,215,34,254852
ABprapppap:240,ABprapppap,240,32034,7034,302,347,5697,27.1,684,223,34,214095
ABprapppap:241,ABprapppap,241,34398,9398,2312,2323,8211,27.1,689,223,31,154875
ABprapppap:242,ABprapppap,242,30631,5631,-1369,-1060,581,27.0,674,251,29,95270
ABprapppp:123,ABprapppp,123,31178,6178,686,683,6095,16.1,736,235,34,118361
ABprapppp:124,ABprapppp,124,32574,7574,2135,2135,7564,16.9,734,242,35,127813
ABprapppp:125,ABprapppp,125,32397,7397,2353,2353,7386,16.2,741,252,38,154430
ABprapppp:126,ABprapppp,126,33862,8862,2648,2648,8839,16.9,739,252,27,40610
ABprapppp:127,ABprapppp,127,34973,9973,4249,4249,9957,17.0,741,246,33,84903
ABprapppp:128,ABprapppp,128,35015,10015,4185,4185,10001,17.0,742,241,27,40740
ABprapppp:129,ABprapppp,129,33692,8692,3405,3405,8692,17.0,754,240,36,122725
ABprapppp:130,ABprapppp,130,33243,8243,2583,2583,8235,17.1,749,235,33,87111
ABprapppp:131,ABprapppp,131,34816,9816,4182,4182,9808,16.1,745,227,34,99085
ABprapppp:132,ABprapppp,132,34980,9980,4543,4543,9970,16.1,738,230,36,121702
ABprapppp:133,ABprapppp,133,33912,8912,3281,3281,8907,17.0,743,234,35,109557
ABprapppp:134,ABprapppp,134,34740,9740,4515,4515,9728,17.0,738,233,39,147031
ABprapppp:135,ABprapppp,135,35054,10054,4833,4833,10040,17.1,740,226,38,154252
ABprapppp:136,ABprapppp,136,33509,8509,2882,2882,8449,17.1,736,230,39,148065
ABprapppp:137,ABprapppp,137,34339,9339,3901,3886,9300,17.9,743,229,40,172359
ABprapppp:138,ABprapppp,138,34123,9123,3770,3785,9080,18.0,736,226,40,178321
ABprapppp:139,ABprapppp,139,34654,9654,4700,4780,9580,17.1,740,215,42,203994
ABprapppp:140,ABprapppp,140,34952,9952,4587,4713,9865,17.1,733,217,43,201514
ABprapppp:141,ABprapppp,141,35145,10145,4652,4820,10088,18.0,729,211,45,230210
ABprapppp:142,ABprapppp,142,35388,10388,4930,5182,10314,18.0,726,204,44,239929
ABprapppp:143,ABprapppp,143,35354,10354,4914,5120,10271,19.0,729,207,45,248230
ABprapppp:144,ABprapppp,144,34994,9994,4218,4754,9681,20.0,720,204,46,297766
ABprapppp:145,ABprapppp,145,34093,9093,3581,3928,8967,19.9,715,199,46,292645
ABprapppp:146,ABprapppp,146,33346,8346,2553,2992,8085,20.1,717,193,46,289919
ABprapppp:147,ABprapppp,147,34023,9023,3406,3734,8922,20.9,713,191,46,287704
ABprapppp:148,ABprapppp,148,33697,8697,3156,3411,8608,21.1,715,190,46,292060
ABprapppp:149,ABprapppp,149,33801,8801,3416,3685,8703,21.0,713,187,47,310903
ABprapppp:150,ABprapppp,150,33973,8973,3348,3737,8855,20.9,711,184,47,308215
ABprapppp:151,ABprapppp,151,34401,9401,3646,4066,9328,19.9,711,179,47,328307
ABprapppp:152,ABprapppp,152,33774,8774,3101,3531,8439,19.3,709,178,49,348075
ABprapppp:153,ABprapppp,153,34969,9969,3983,4468,9757,20.1,707,174,47,351162
ABprapppp:154,ABprapppp,154,33694,8694,3097,3445,8571,20.9,704,171,48,411623
ABprapppp:155,ABprapppp,155,35128,10128,4672,4932,10008,20.1,710,170,48,395539
ABprapppp:156,ABprapppp,156,34009,9009,3359,3700,8937,20.1,711,171,48,357497
ABprapppp:157,ABprapppp,157,34297,9297,4003,4207,9225,20.2,713,174,49,349851
ABprapppp:158,ABprapppp,158,34325,9325,3982,4303,9168,20.1,709,169,46,321086
ABprapppp:159,ABprapppp,159,33794,8794,3486,3836,8684,20.1,711,171,49,366755
ABprapppp:160,ABprapppp,160,33800,8800,3301,3566,8756,21.0,710,172,49,375911
ABprapppp:161,ABprapppp,161,35824,10824,5415,5626,10791,20.9,710,170,45,290873
ABprapppp:162,ABprapppp,162,34387,9387,4180,4313,9357,20.0,711,172,44,283370
ABprapppp:163,ABprapppp,163,35071,10071,4563,4636,10002,20.1,715,173,44,285067
ABprapppp:164,ABprapppp,164,35502,10502,5008,5061,10363,20.2,722,178,43,246335
ABprapppp:165,ABprapppp,165,34039,9039,3767,3944,8900,21.0,722,183,45,296357
ABprapppp:166,ABprapppp,166,34196,9196,3775,3830,9138,21.1,719,181,44,306071
ABprapppp:167,ABprapppp,167,32828,7828,2479,2481,7739,21.2,715,181,43,266346
ABprapppp:168,ABprapppp,168,32026,7026,1139,1285,6505,21.2,718,188,40,256743
ABprapppp:169,ABprapppp,169,32190,7190,980,1117,5535,21.1,720,191,39,229007
ABprapppp:170,ABprapppp,170,32980,7980,1652,1868,6021,21.2,718,187,38,274212
ABprappppa:171,ABprappppa,171,31916,6916,1090,1198,6295,20.2,711,167,35,152830
ABprappppa:172,ABprappppa,172,31564,6564,1246,1300,5749,20.2,704,164,36,174641
ABprappppa:173,ABprappppa,173,32632,7632,1949,2055,6982,21.1,711,179,36,185047
ABprappppa:174,ABprappppa,174,33234,8234,2683,2749,7864,20.2,726,177,34,134441
ABprappppa:175,ABprappppa,175,32781,7781,2315,2416,7138,21.0,726,180,36,200383
ABprappppa:176,ABprappppa,176,33152,8152,2825,2863,7758,20.2,725,175,35,145014
ABprappppa:177,ABprappppa,177,33172,8172,1936,2157,7115,20.2,735,186,35,164016
ABprappppa:178,ABprappppa,178,33324,8324,2174,2363,7826,20.1,733,181,35,179226
ABprappppa:179,ABprappppa,179,33888,8888,3121,3219,8327,20.0,733,182,34,169801
ABprappppa:180,ABprappppa,180,33742,8742,2514,2584,7802,20.1,729,180,34,166957
ABprappppa:181,ABprappppa,181,34015,9015,3064,3334,8004,20.1,727,176,34,171675
ABprappppa:182,ABprappppa,182,34482,9482,3401,3559,8706,20.2,726,177,34,163738
ABprappppa:183,ABprappppa,183,33492,8492,2208,2257,8011,20.2,724,177,34,176523
ABprappppa:184,ABprappppa,184,34084,9084,3255,3252,8752,21.1,726,179,32,172626
ABprappppa:185,ABprappppa,185,34428,9428,3581,3698,9119,21.1,718,173,34,191745
ABprappppa:186,ABprappppa,186,32968,7968,1543,1716,7189,20.3,718,177,34,150020
ABprappppa:187,ABprappppa,187,33715,8715,1961,2156,8068,21.1,721,176,31,127514
ABprappppa:188,ABprappppa,188,34405,9405,3668,3835,8958,21.2,725,176,34,166787
ABprappppa:189,ABprappppa,189,34106,9106,2534,2760,8193,21.1,722,182,34,173147
ABprappppa:190,ABprappppa,190,34159,9159,2856,3034,8215,21.2,722,180,31,134211
ABprappppa:191,ABprappppa,191,34749,9749,2909,3112,8475,22.2,724,186,34,178049
ABprappppa:192,ABprappppa,192,33890,8890,2270,2481,7519,22.1,725,188,34,187193
ABprappppa:193,ABprappppa,193,34723,9723,2779,2840,8362,22.1,729,190,34,179719
ABprappppa:194,ABprappppa,194,34957,9957,3464,3605,9033,22.1,719,184,34,179275
ABprappppa:195,ABprappppa,195,34912,9912,3510,3532,9069,23.1,721,183,31,146191
ABprappppa:196,ABprappppa,196,34610,9610,3657,3734,9060,23.1,722,184,34,185525
ABprappppa:197,ABprappppa,197,34671,9671,2794,2823,8483,22.2,717,190,32,157007
ABprappppa:198,ABprappppa,198,35001,10001,3255,3272,9080,23.1,723,192,34,201551
ABprappppa:199,ABprappppa,199,35979,10979,4360,4412,9997,23.1,725,193,34,197389
ABprappppa:200,ABprappppa,200,35734,10734,4090,4133,10105,23.1,724,196,34,207039
ABprappppa:201,ABprappppa,201,36660,11660,4619,4625,10857,24.0,726,195,31,158792
ABprappppa:202,ABprappppa,202,35660,10660,4023,4037,9719,24.0,724,194,34,214341
ABprappppa:203,ABprappppa,203,35380,10380,3532,3517,8684,23.1,721,192,34,197014
ABprappppa:204,ABprappppa,204,34776,9776,2988,3014,8340,23.2,723,195,34,205748
ABprappppa:205,ABprappppa,205,34967,9967,3166,3251,8986,24.1,729,202,34,220193
ABprappppa:206,ABprappppa,206,35228,10228,2933,2930,8719,24.1,722,203,34,227459
ABprappppa:207,ABprappppa,207,35054,10054,3197,3272,7150,23.2,723,199,34,213227
ABprappppa:208,ABprappppa,208,34981,9981,2681,2717,6911,23.1,728,197,34,228834
ABprappppa:209,ABprappppa,209,35399,10399,3216,3213,8604,23.1,726,199,34,216546
ABprappppa:210,ABprappppa,210,35901,10901,4435,4523,9508,24.0,724,197,34,235548
ABprappppa:211,ABprappppa,211,35436,10436,3531,3658,8640,23.1,723,197,34,222061
ABprappppa:212,ABprappppa,212,33968,8968,1965,2239,7165,24.1,723,200,34,232696
ABprappppa:213,ABprappppa,213,34354,9354,2043,2077,7233,23.2,718,193,34,218719
ABprappppa:214,ABprappppa,214,36012,11012,4123,4359,9502,24.0,720,192,34,244187
ABprappppa:215,ABprappppa,215,35668,10668,3272,3374,7378,23.2,724,194,34,229230
ABprappppa:216,ABprappppa,216,36835,11835,5337,5513,9894,24.0,714,186,34,253660
ABprappppa:217,ABprappppa,217,37199,12199,4543,4565,8775,23.0,720,184,31,199061
ABprappppa:218,ABprappppa,218,36321,11321,3545,3955,5623,22.0,714,178,34,259493
ABprappppa:219,ABprappppa,219,36971,11971,4282,5090,5065,22.1,714,175,34,279657
ABprappppa:220,ABprappppa,220,38205,13205,6102,6574,9790,22.1,714,175,34,279657
ABprappppa:221,ABprappppa,221,36389,11389,3993,4455,7873,22.1,715,178,34,269178
ABprappppa:222,ABprappppa,222,36296,11296,3483,3986,7375,22.0,711,179,34,265461
ABprappppa:223,ABprappppa,223,37648,12648,5158,5449,9737,22.1,711,175,34,275676
ABprappppa:224,ABprappppa,224,35500,10500,2651,3037,7936,22.1,717,181,34,267856
ABprappppa:225,ABprappppa,225,37938,12938,5484,5892,10459,23.0,715,178,34,266582
ABprappppa:226,ABprappppa,226,35108,10108,2565,3057,7314,23.0,712,178,34,270194
ABprappppa:227,ABprappppa,227,36234,11234,3810,3895,8823,22.1,705,175,34,257344
ABprappppa:228,ABprappppa,228,36583,11583,4061,4386,8323,22.0,699,166,34,297112
ABprappppa:229,ABprappppa,229,36795,11795,4198,4657,7916,22.0,699,166,34,297112
ABprappppa:230,ABprappppa,230,35796,10796,3022,3577,5534,22.1,700,168,34,277957
ABprappppa:231,ABprappppa,231,36550,11550,4184,4693,7496,22.0,700,164,34,292333
ABprappppa:232,ABprappppa,232,35931,10931,3308,3818,6341,22.0,701,164,33,292333
ABprappppa:233,ABprappppa,233,37775,12775,4605,5283,8036,22.0,702,165,32,292333
ABprappppa:234,ABprappppa,234,36754,11754,4058,4557,8035,22.0,703,165,31,292333
ABprappppa:235,ABprappppa,235,36160,11160,2939,3544,7419,22.0,705,166,29,171933
ABprappppa:236,ABprappppa,236,36450,11450,3822,4497,9500,22.1,707,167,34,288672
ABprappppa:237,ABprappppa,237,37492,12492,5123,5521,11016,22.2,712,173,34,280921
ABprappppa:238,ABprappppa,238,37622,12622,5388,5665,11490,22.1,713,174,34,282360
ABprappppa:239,ABprappppa,239,35580,10580,3280,3515,8703,22.1,713,173,34,286300
ABprappppa:240,ABprappppa,240,36135,11135,3341,3697,7999,23.1,701,172,34,298041
ABprappppa:241,ABprappppa,241,35652,10652,2398,2482,7927,23.2,700,173,31,226920
ABprappppa:242,ABprappppa,242,37719,12719,5002,5101,9848,24.0,691,169,34,320262
ABprappppa:243,ABprappppa,243,38107,13107,4915,5197,9508,23.1,684,165,34,309676
ABprappppa:244,ABprappppa,244,38669,13669,6163,6432,11094,24.0,687,168,34,312638
ABprappppa:245,ABprappppa,245,37124,12124,3219,3215,9421,23.1,693,170,31,236964
ABprappppa:246,ABprappppa,246,38245,13245,5507,5459,11334,23.1,703,176,34,290492
ABprappppa:247,ABprappppa,247,38615,13615,5208,5502,11568,24.0,697,177,34,299501
ABprappppa:248,ABprappppa,248,37386,12386,4407,4498,10500,24.1,704,180,31,230077
ABprappppa:249,ABprappppa,249,37587,12587,4467,4491,11012,24.1,707,181,34,303653
ABprappppa:250,ABprappppa,250,39985,14985,6223,6270,12888,24.2,710,189,31,232412
ABprappppp:171,ABprappppp,171,31600,6600,859,899,5616,24.0,721,207,37,186710
ABprappppp:172,ABprappppp,172,32373,7373,1700,1700,6730,24.1,716,208,36,166860
ABprappppp:173,ABprappppp,173,33582,8582,2626,2634,8192,25.1,722,217,36,182957
ABprappppp:174,ABprappppp,174,32570,7570,2037,2131,7220,24.1,724,228,36,193061
ABprappppp:175,ABprappppp,175,33282,8282,2461,2493,7333,24.2,730,231,36,184730
ABprappppp:176,ABprappppp,176,33660,8660,2248,2356,8008,24.1,734,215,35,156893
ABprappppp:177,ABprappppp,177,34069,9069,2883,3033,7162,24.0,729,202,35,174820
ABprappppp:178,ABprappppp,178,32539,7539,856,1539,3564,24.0,729,202,35,174820
ABprappppp:179,ABprappppp,179,35092,10092,3756,4119,5813,24.0,725,202,34,189149
ABprappppp:180,ABprappppp,180,33396,8396,1830,2026,5069,24.0,725,202,34,189149
ABprappppp:181,ABprappppp,181,31100,6100,-506,-342,3366,23.0,725,197,29,79105
ABprappppp:182,ABprappppp,182,35322,10322,4072,4273,8940,25.0,723,209,34,178914
ABprappppp:183,ABprappppp,183,33325,8325,2026,2251,6179,25.0,723,209,34,184530
ABprappppp:184,ABprappppp,184,33056,8056,1644,1887,6715,25.2,728,216,34,179667
ABprappppp:185,ABprappppp,185,33214,8214,1994,2203,7134,25.0,734,217,34,176696
ABprappppp:186,ABprappppp,186,33513,8513,2554,2635,7226,24.1,733,216,34,147367
ABprappppp:187,ABprappppp,187,33958,8958,2521,2550,7510,25.0,735,217,31,121043
ABprappppp:188,ABprappppp,188,33248,8248,1366,1366,7706,25.0,737,218,30,115460
ABprappppp:189,ABprappppp,189,34444,9444,2982,3016,8177,24.1,730,209,34,149247
ABprappppp:190,ABprappppp,190,34656,9656,3097,3097,9159,25.0,732,214,31,124988
ABprappppp:191,ABprappppp,191,34630,9630,2508,2609,7869,25.0,734,214,29,92717
ABprappppp:192,ABprappppp,192,33268,8268,1638,1774,6726,25.0,732,214,34,163207
ABprappppp:193,ABprappppp,193,33983,8983,1721,1828,7625,25.1,728,224,34,167572
ABprappppp:194,ABprappppp,194,35470,10470,3495,3689,8420,24.1,726,217,34,160895
ABprappppp:195,ABprappppp,195,33421,8421,1249,1411,6352,24.2,725,226,31,121977
ABprappppp:196,ABprappppp,196,34175,9175,2101,2244,8061,25.0,729,229,34,180628
ABprappppp:197,ABprappppp,197,35231,10231,2870,2945,8946,25.1,725,223,34,180149
ABprappppp:198,ABprappppp,198,34267,9267,2442,2551,8404,26.0,723,228,34,171799
ABprappppp:199,ABprappppp,199,34251,9251,2838,2834,8857,26.0,727,233,34,180607
ABprappppp:200,ABprappppp,200,35229,10229,3608,3671,9277,25.0,730,238,34,173185
ABprappppp:201,ABprappppp,201,35269,10269,3663,3671,9389,26.0,722,237,31,157218
ABprappppp:202,ABprappppp,202,36172,11172,4109,4062,10666,26.0,722,237,31,157218
ABprappppp:203,ABprappppp,203,35330,10330,3570,3584,9926,26.0,720,234,34,194262
ABprappppp:204,ABprappppp,204,35156,10156,3436,3449,9495,26.1,723,237,34,193888
ABprappppp:205,ABprappppp,205,35880,10880,4523,4576,10313,26.0,723,244,34,190905
ABprappppp:206,ABprappppp,206,37707,12707,5879,5783,12009,26.2,713,248,34,197071
ABprappppp:207,ABprappppp,207,34899,9899,3061,2989,9478,26.2,713,240,34,207115
ABprappppp:208,ABprappppp,208,35343,10343,3511,3470,9864,26.1,720,240,34,207099
ABprappppp:209,ABprappppp,209,38279,13279,6121,6080,12988,26.1,718,239,34,203359
ABprappppp:210,ABprappppp,210,35983,10983,4442,4380,10192,26.1,713,241,34,218051
ABprappppp:211,ABprappppp,211,34871,9871,2951,2884,8909,25.2,716,240,34,182555
ABprappppp:212,ABprappppp,212,36427,11427,4131,4089,10355,26.1,712,229,34,203483
ABprappppp:213,ABprappppp,213,36416,11416,4020,4004,10859,26.0,717,233,34,201636
ABprappppp:214,ABprappppp,214,37560,12560,5057,5190,11266,26.0,718,231,34,210211
ABprappppp:215,ABprappppp,215,37797,12797,5191,5307,11972,26.1,720,234,34,212858
ABprappppp:216,ABprappppp,216,37295,12295,4844,4854,11023,26.0,721,234,34,211214
ABprappppp:217,ABprappppp,217,38028,13028,5123,5123,12012,24.1,725,231,31,170841
ABprappppp:218,ABprappppp,218,37283,12283,5059,4984,10855,25.1,726,224,34,217870
ABprappppp:219,ABprappppp,219,37452,12452,5001,4989,11747,25.1,723,222,34,221366
ABprappppp:220,ABprappppp,220,35806,10806,3011,3109,9744,25.1,718,217,34,213466
ABprappppp:221,ABprappppp,221,37806,12806,5200,5203,11927,25.1,721,217,34,230394
ABprappppp:222,ABprappppp,222,37820,12820,3925,3896,10683,24.0,726,224,29,137654
ABprappppp:223,ABprappppp,223,39704,14704,5832,5848,12319,24.4,726,221,30,137654
ABprappppp:224,ABprappppp,224,39408,14408,5561,5676,11011,24.7,726,217,32,137654
ABprappppp:225,ABprappppp,225,38436,13436,4936,5058,10457,25.1,727,213,34,233330
ABprappppp:226,ABprappppp,226,36633,11633,3588,3693,9158,25.1,727,213,34,238226
ABprappppp:227,ABprappppp,227,38578,13578,5604,5671,11579,25.0,724,207,34,233227
ABprappppp:228,ABprappppp,228,38012,13012,4968,4948,11436,25.1,720,204,34,234339
ABprappppp:229,ABprappppp,229,39934,14934,5602,5602,12064,25.0,725,210,31,190764
ABprappppp:230,ABprappppp,230,41641,16641,8264,8264,14168,25.0,725,210,31,190764
ABprappppp:231,ABprappppp,231,41256,16256,8261,8366,14142,25.1,724,208,34,246837
ABprappppp:232,ABprappppp,232,38557,13557,5307,5371,9984,24.0,731,213,34,248814
ABprappppp:233,ABprappppp,233,37656,12656,4667,4655,10464,24.3,729,214,34,248814
ABprappppp:234,ABprappppp,234,39364,14364,6544,6503,11829,24.7,727,215,34,248814
ABprappppp:235,ABprappppp,235,40002,15002,7142,7132,13031,25.0,725,216,34,253294
ABprappppp:236,ABprappppp,236,36027,11027,3456,3761,6686,22.9,723,217,34,265044
ABprappppp:237,ABprappppp,237,39111,14111,5787,5742,12049,25.1,727,222,34,239038
ABprappppp:238,ABprappppp,238,36814,11814,2760,2802,9222,24.0,728,221,29,134166
ABprappppp:239,ABprappppp,239,39153,14153,6633,6648,12270,25.1,733,221,34,246241
ABprappppp:240,ABprappppp,240,37351,12351,4986,4999,11179,25.1,728,222,34,236496
ABprappppp:241,ABprappppp,241,41801,16801,8274,8266,15858,25.1,730,222,31,194364
ABprappppp:242,ABprappppp,242,40477,15477,7780,7778,15098,25.1,733,221,34,246684
ABprappppp:243,ABprappppp,243,39444,14444,6689,6681,13979,25.1,734,223,34,237702
ABprappppp:244,ABprappppp,244,39383,14383,6429,6375,13529,25.0,732,218,34,252202
ABprappppp:245,ABprappppp,245,34259,9259,2078,2078,9115,23.1,740,217,31,189256
ABprappppp:246,ABprappppp,246,32700,7700,2172,2314,6421,21.3,753,222,32,174472
ABprappppp:247,ABprappppp,247,33116,8116,1830,1975,6625,21.3,753,222,32,174472
ABprappppp:248,ABprappppp,248,33214,8214,1417,1855,5516,22.2,756,228,29,131713
ABprappppp:249,ABprappppp,249,34240,9240,2962,3703,3903,22.0,756,233,34,253428
ABprappppp:250,ABprappppp,250,34135,9135,2460,2996,5605,22.0,753,234,34,253428
ABprp:21,ABprp,21,29552,4552,-292,-329,4552,20.0,581,196,80,0
ABprp:22,ABprp,22,29391,4391,-544,-544,4391,20.0,598,214,80,0
ABprp:23,ABprp,23,29494,4494,-321,-321,4494,20.1,602,213,80,0
ABprp:24,ABprp,24,29488,4488,-481,-481,4488,20.2,607,212,80,0
ABprp:25,ABprp,25,29780,4780,-150,-150,4780,20.3,612,211,80,0
ABprp:26,ABprp,26,29824,4824,12,12,4824,20.3,617,210,80,0
ABprp:27,ABprp,27,29764,4764,-53,-53,4764,20.4,622,209,80,0
ABprp:28,ABprp,28,29412,4412,-328,-328,4412,20.5,627,208,80,0
ABprp:29,ABprp,29,29421,4421,-423,-423,4421,20.6,631,207,80,0
ABprp:30,ABprp,30,29471,4471,-372,-372,4471,20.7,636,206,80,0
ABprp:31,ABprp,31,29514,4514,-323,-323,4514,20.8,641,205,80,0
ABprp:32,ABprp,32,29345,4345,-404,-404,4345,20.8,646,204,80,0
ABprp:33,ABprp,33,29419,4419,-440,-440,4419,20.9,651,203,80,0
ABprp:34,ABprp,34,29394,4394,-322,-322,4394,21.0,656,202,80,0
ABprp:35,ABprp,35,29587,4587,-258,-258,4587,21.0,652,203,80,0
ABprp:36,ABprp,36,29566,4566,-240,-240,4566,21.0,647,205,80,0
ABprpa:37,ABprpa,37,29666,4666,-55,-52,4666,22.0,604,185,77,0
ABprpa:38,ABprpa,38,29897,4897,8,8,4897,23.0,561,165,74,0
ABprpa:39,ABprpa,39,29720,4720,-164,-164,4720,22.9,561,163,74,0
ABprpa:40,ABprpa,40,29471,4471,-391,-391,4471,22.7,560,160,74,0
ABprpa:41,ABprpa,41,29510,4510,-226,-226,4510,22.6,559,157,74,0
ABprpa:42,ABprpa,42,29815,4815,119,121,4815,22.4,558,155,74,0
ABprpa:43,ABprpa,43,29582,4582,-182,-182,4582,22.3,557,152,74,0
ABprpa:44,ABprpa,44,29351,4351,-509,-509,4351,22.1,556,149,74,0
ABprpa:45,ABprpa,45,29357,4357,-519,-519,4357,22.0,555,146,74,0
ABprpaa:46,ABprpaa,46,29298,4298,-486,-511,4298,21.5,566,136,71,0
ABprpaa:47,ABprpaa,47,29240,4240,-427,-427,4240,21.0,577,126,68,0
ABprpaa:48,ABprpaa,48,29531,4531,-114,-114,4531,21.3,577,129,68,0
ABprpaa:49,ABprpaa,49,29467,4467,-230,-230,4467,21.5,577,133,68,0
ABprpaa:50,ABprpaa,50,29428,4428,-333,-333,4428,21.8,577,136,68,0
ABprpaa:51,ABprpaa,51,29614,4614,-69,-69,4614,22.0,578,140,68,0
ABprpaa:52,ABprpaa,52,29354,4354,-374,-374,4354,22.3,578,144,68,0
ABprpaa:53,ABprpaa,53,29546,4546,-188,-188,4546,22.5,578,147,68,0
ABprpaa:54,ABprpaa,54,29564,4564,-334,-334,4564,22.8,578,151,68,0
ABprpaa:55,ABprpaa,55,29455,4455,-366,-366,4455,23.0,579,155,68,0
ABprpaa:56,ABprpaa,56,29381,4381,-426,-426,4381,22.6,582,155,68,0
ABprpaa:57,ABprpaa,57,29498,4498,-137,-137,4498,22.2,585,155,68,0
ABprpaa:58,ABprpaa,58,29425,4425,-283,-283,4425,21.8,588,155,68,0
ABprpaa:59,ABprpaa,59,29374,4374,-216,-216,4374,21.4,591,155,68,0
ABprpaa:60,ABprpaa,60,29317,4317,-367,-367,4317,21.0,595,156,68,0
ABprpaaa:61,ABprpaaa,61,29776,4776,15,11,4761,20.0,578,136,66,0
ABprpaaa:62,ABprpaaa,62,29721,4721,167,167,4721,19.0,561,115,64,0
ABprpaaa:63,ABprpaaa,63,29577,4577,20,20,4577,18.6,561,115,64,0
ABprpaaa:64,ABprpaaa,64,29704,4704,49,49,4704,18.3,561,115,64,0
ABprpaaa:65,ABprpaaa,65,29741,4741,81,81,4741,17.9,561,114,64,0
ABprpaaa:66,ABprpaaa,66,29828,4828,16,15,4828,17.5,561,114,64,0
ABprpaaa:67,ABprpaaa,67,29590,4590,-14,-14,4590,17.2,561,113,64,0
ABprpaaa:68,ABprpaaa,68,29758,4758,61,60,4758,16.8,562,113,64,0
ABprpaaa:69,ABprpaaa,69,29174,4174,-408,-392,4174,16.5,562,112,64,0
ABprpaaa:70,ABprpaaa,70,29461,4461,-189,-191,4461,16.1,562,112,64,0
ABprpaaa:71,ABprpaaa,71,29721,4721,85,97,4721,15.7,562,111,64,0
ABprpaaa:72,ABprpaaa,72,29499,4499,-106,-99,4499,15.4,562,111,64,0
ABprpaaa:73,ABprpaaa,73,29420,4420,-188,-190,4420,15.0,563,110,64,0
ABprpaaa:74,ABprpaaa,74,29632,4632,-47,-54,4632,15.1,563,111,64,0
ABprpaaa:75,ABprpaaa,75,29393,4393,-211,-213,4393,15.1,564,113,64,0
ABprpaaa:76,ABprpaaa,76,29512,4512,-175,-175,4512,15.2,565,115,64,0
ABprpaaa:77,ABprpaaa,77,29541,4541,-190,-190,4541,15.3,565,117,64,0
ABprpaaa:78,ABprpaaa,78,29562,4562,-178,-180,4562,15.4,566,119,64,0
ABprpaaa:79,ABprpaaa,79,29405,4405,-250,-246,4405,15.4,567,121,64,0
ABprpaaa:80,ABprpaaa,80,29648,4648,-148,-143,4648,15.5,568,123,64,0
ABprpaaa:81,ABprpaaa,81,29645,4645,-63,-64,4645,15.6,568,124,64,0
ABprpaaa:82,ABprpaaa,82,29319,4319,-437,-439,4319,15.6,569,126,64,0
ABprpaaa:83,ABprpaaa,83,29564,4564,-105,-110,4564,15.7,570,128,64,0
ABprpaaa:84,ABprpaaa,84,29183,4183,-579,-582,4183,15.8,570,130,64,0
ABprpaaa:85,ABprpaaa,85,29149,4149,-585,-588,4148,15.9,571,132,64,0
ABprpaaa:86,ABprpaaa,86,29156,4156,-547,-549,4156,15.9,572,134,64,0
ABprpaaa:87,ABprpaaa,87,29248,4248,-387,-387,4230,16.0,573,136,64,0
ABprpaaa:88,ABprpaaa,88,29270,4270,-354,-351,4270,17.0,550,128,64,0
ABprpaaaa:89,ABprpaaaa,89,29475,4475,-123,-83,3647,16.3,538,122,62,0
ABprpaaaa:90,ABprpaaaa,90,29976,4976,456,453,4952,15.7,526,115,59,0
ABprpaaaa:91,ABprpaaaa,91,29440,4440,-171,-151,4440,15.0,514,108,56,0
ABprpaaaa:92,ABprpaaaa,92,29379,4379,-165,-168,4379,15.0,510,107,56,0
ABprpaaaa:93,ABprpaaaa,93,29607,4607,98,106,4607,15.0,506,106,56,0
ABprpaaaa:94,ABprpaaaa,94,29415,4415,-184,-190,4415,15.0,501,104,56,0
ABprpaaaa:95,ABprpaaaa,95,29449,4449,-127,-132,4449,15.0,497,103,56,0
ABprpaaaa:96,ABprpaaaa,96,29620,4620,20,24,4620,15.0,492,101,56,0
ABprpaaaa:97,ABprpaaaa,97,29840,4840,171,178,4840,15.0,488,100,56,0
ABprpaaaa:98,ABprpaaaa,98,29664,4664,-3,-2,4664,15.0,483,99,56,0
ABprpaaaa:99,ABprpaaaa,99,29619,4619,-25,-25,4619,15.0,479,97,56,0
ABprpaaaa:100,ABprpaaaa,100,29706,4706,99,99,4706,15.0,474,96,56,0
ABprpaaaa:101,ABprpaaaa,101,29409,4409,-82,-82,4409,15.0,470,94,56,0
ABprpaaaa:102,ABprpaaaa,102,29291,4291,-411,-411,4291,15.0,465,93,56,0
ABprpaaaa:103,ABprpaaaa,103,29521,4521,-120,-120,4521,15.0,461,92,56,0
ABprpaaaa:104,ABprpaaaa,104,29395,4395,-293,-293,4395,15.0,456,90,56,0
ABprpaaaa:105,ABprpaaaa,105,29460,4460,-170,-170,4460,15.0,452,89,56,0
ABprpaaaa:106,ABprpaaaa,106,29573,4573,61,61,4573,15.0,447,87,56,0
ABprpaaaa:107,ABprpaaaa,107,29543,4543,-167,-167,4543,14.8,447,88,56,0
ABprpaaaa:108,ABprpaaaa,108,29246,4246,-240,-240,4246,14.6,447,90,56,0
ABprpaaaa:109,ABprpaaaa,109,29366,4366,-255,-255,4366,14.4,447,91,55,0
ABprpaaaa:110,ABprpaaaa,110,29215,4215,-370,-370,4215,14.2,447,93,55,0
ABprpaaaa:111,ABprpaaaa,111,29833,4833,232,232,4829,13.9,447,94,55,0
ABprpaaaa:112,ABprpaaaa,112,29308,4308,-248,-226,4295,13.7,447,96,54,0
ABprpaaaa:113,ABprpaaaa,113,29527,4527,-99,-114,4502,13.5,447,97,54,0
ABprpaaaa:114,ABprpaaaa,114,29054,4054,-541,-546,3981,13.3,446,99,53,310061
ABprpaaaa:115,ABprpaaaa,115,29203,4203,-381,-419,4114,13.2,442,97,53,318129
ABprpaaaa:116,ABprpaaaa,116,29275,4275,-359,-390,4022,13.1,435,98,53,321024
ABprpaaaa:117,ABprpaaaa,117,29448,4448,-10,-30,4362,14.0,428,98,62,521541
ABprpaaaa:118,ABprpaaaa,118,29438,4438,-2,-88,4247,14.1,423,94,53,344307
ABprpaaaa:119,ABprpaaaa,119,28868,3868,-765,-769,3866,14.1,415,93,56,432875
ABprpaaaa:120,ABprpaaaa,120,29064,4064,-355,-352,4063,14.0,409,95,50,357953
ABprpaaaa:121,ABprpaaaa,121,29337,4337,-245,-245,4292,15.0,399,101,45,226854
ABprpaaaaa:122,ABprpaaaaa,122,29016,4016,-251,-251,3949,14.0,393,112,35,147000
ABprpaaaaaa:123,ABprpaaaaaa,123,29396,4396,-123,-122,4327,13.1,360,117,34,120504
ABprpaaaaaa:124,ABprpaaaaaa,124,28905,3905,-620,-620,3847,13.9,344,118,35,124717
ABprpaaaaaa:125,ABprpaaaaaa,125,29416,4416,-28,-28,4386,13.2,342,110,34,111948
ABprpaaaaaa:126,ABprpaaaaaa,126,29822,4822,466,466,4810,14.9,345,105,37,123694
ABprpaaaaaa:127,ABprpaaaaaa,127,29389,4389,-505,-505,4367,15.0,337,106,35,99544
ABprpaaaaaa:128,ABprpaaaaaa,128,29465,4465,-65,-76,4189,15.0,336,111,27,44291
ABprpaaaaaa:129,ABprpaaaaaa,129,29393,4393,-236,-237,4290,15.1,325,102,34,98318
ABprpaaaaaa:130,ABprpaaaaaa,130,29787,4787,414,414,4672,16.0,320,99,33,83394
ABprpaaaaaa:131,ABprpaaaaaa,131,29283,4283,-227,-227,4225,15.2,316,107,29,53064
ABprpaaaaaa:132,ABprpaaaaaa,132,29577,4577,-66,-62,4228,16.1,316,110,36,127261
ABprpaaaaaa:133,ABprpaaaaaa,133,29110,4110,-253,-247,4032,16.2,310,106,37,121705
ABprpaaaaaa:134,ABprpaaaaaa,134,29132,4132,-460,-485,3750,17.1,324,109,39,153929
ABprpaaaaaa:135,ABprpaaaaaa,135,29483,4483,-53,-36,4148,17.1,325,106,42,202855
ABprpaaaaaa:136,ABprpaaaaaa,136,29157,4157,-407,-409,3959,17.1,326,102,43,186878
ABprpaaaaaa:137,ABprpaaaaaa,137,28999,3999,-768,-768,3840,18.1,323,102,40,180404
ABprpaaaaaa:138,ABprpaaaaaa,138,28933,3933,-777,-776,3749,18.1,323,103,42,203304
ABprpaaaaaa:139,ABprpaaaaaa,139,29170,4170,-463,-537,3975,18.1,320,100,44,221577
ABprpaaaaaa:140,ABprpaaaaaa,140,29129,4129,-510,-576,3774,18.1,319,103,45,218853
ABprpaaaaaa:141,ABprpaaaaaa,141,29158,4158,-294,-254,3461,19.0,326,102,30,95001
ABprpaaaaaa:142,ABprpaaaaaa,142,29234,4234,-479,-546,3853,18.1,325,101,48,329513
ABprpaaaaaa:143,ABprpaaaaaa,143,29073,4073,-627,-649,3707,18.0,331,106,34,133014
ABprpaaaaaa:144,ABprpaaaaaa,144,29014,4014,-583,-687,3866,18.2,324,102,48,314832
ABprpaaaaaa:145,ABprpaaaaaa,145,28943,3943,-642,-676,3688,18.3,315,103,48,313557
ABprpaaaaaa:146,ABprpaaaaaa,146,29326,4326,-347,-469,3850,18.2,317,107,48,366594
ABprpaaaaaa:147,ABprpaaaaaa,147,29559,4559,-111,-131,4194,19.1,323,106,50,430489
ABprpaaaaaa:148,ABprpaaaaaa,148,29620,4620,147,127,3864,19.1,315,112,48,412866
ABprpaaaaaa:149,ABprpaaaaaa,149,29348,4348,-137,-225,3530,18.1,316,108,35,166862
ABprpaaaaaa:150,ABprpaaaaaa,150,29224,4224,-435,-477,3125,18.1,316,108,35,166862
ABprpaaaaaa:151,ABprpaaaaaa,151,29465,4465,-113,-150,3820,18.1,318,104,51,460596
ABprpaaaaaa:152,ABprpaaaaaa,152,28966,3966,-572,-546,3585,18.2,320,104,51,456014
ABprpaaaaaa:153,ABprpaaaaaa,153,29080,4080,-772,-892,3732,18.3,319,108,51,471596
ABprpaaaaaa:154,ABprpaaaaaa,154,29552,4552,-14,-111,3922,19.1,319,105,50,487966
ABprpaaaaaa:155,ABprpaaaaaa,155,29232,4232,-630,-593,3201,19.1,318,108,52,527422
ABprpaaaaaa:156,ABprpaaaaaa,156,29190,4190,-542,-594,3826,19.2,321,109,50,410337
ABprpaaaaaa:157,ABprpaaaaaa,157,29772,4772,209,208,4328,20.0,312,109,51,441679
ABprpaaaaaa:158,ABprpaaaaaa,158,29403,4403,-261,-304,4116,20.1,319,108,50,426159
ABprpaaaaaa:159,ABprpaaaaaa,159,29290,4290,-238,-299,3961,20.0,328,112,49,396029
ABprpaaaaaa:160,ABprpaaaaaa,160,29083,4083,-428,-495,3687,20.0,323,114,49,409130
ABprpaaaaaa:161,ABprpaaaaaa,161,29280,4280,-654,-723,3876,19.2,327,113,49,390305
ABprpaaaaaa:162,ABprpaaaaaa,162,29099,4099,-715,-803,3753,19.9,323,118,44,332144
ABprpaaaaaa:163,ABprpaaaaaa,163,29477,4477,41,41,4356,21.0,331,111,42,292472
ABprpaaaaaa:164,ABprpaaaaaa,164,29503,4503,-59,-65,4357,21.1,334,114,39,266586
ABprpaaaaaaa:165,ABprpaaaaaaa,165,29692,4692,43,-58,4067,21.2,304,124,39,207409
ABprpaaaaaaa:166,ABprpaaaaaaa,166,29530,4530,-31,-113,3896,21.9,300,132,40,231555
ABprpaaaaaaa:167,ABprpaaaaaaa,167,29374,4374,-362,-422,3784,21.9,294,134,39,225272
ABprpaaaaaaa:168,ABprpaaaaaaa,168,28681,3681,-913,-966,2305,21.2,285,144,40,244837
ABprpaaaaaaa:169,ABprpaaaaaaa,169,29894,4894,378,407,4089,21.2,285,148,39,217066
ABprpaaaaaaa:170,ABprpaaaaaaa,170,29445,4445,35,6,3498,22.1,281,147,38,232577
ABprpaaaaaaa:171,ABprpaaaaaaa,171,29596,4596,411,432,3240,23.0,278,154,29,99990
ABprpaaaaaaa:172,ABprpaaaaaaa,172,29344,4344,-421,-447,3529,23.1,285,149,36,204775
ABprpaaaaaaa:173,ABprpaaaaaaa,173,29871,4871,110,61,4050,23.0,288,154,36,227080
ABprpaaaaaaa:174,ABprpaaaaaaa,174,29384,4384,-413,-433,3259,23.0,288,154,35,227080
ABprpaaaaaaa:175,ABprpaaaaaaa,175,29330,4330,-476,-612,2922,23.0,287,153,34,227080
ABprpaaaaaaa:176,ABprpaaaaaaa,176,29459,4459,-79,-60,2794,23.0,286,152,33,227080
ABprpaaaaaaa:177,ABprpaaaaaaa,177,30325,5325,865,850,4211,23.1,286,152,32,227080
ABprpaaaaaaa:178,ABprpaaaaaaa,178,30135,5135,33,79,3992,23.1,285,151,31,227080
ABprpaaaaaaa:179,ABprpaaaaaaa,179,29546,4546,-30,10,3789,23.1,284,150,30,227080
ABprpaaaaaaa:180,ABprpaaaaaaa,180,29520,4520,-339,-310,3384,23.1,283,149,29,133044
ABprpaaaaaaa:181,ABprpaaaaaaa,181,29971,4971,299,345,3718,23.1,282,147,34,215080
ABprpaaaaaaa:182,ABprpaaaaaaa,182,29769,4769,155,74,3655,23.0,285,147,34,216578
ABprpaaaaaaa:183,ABprpaaaaaaa,183,29774,4774,47,-6,3897,22.3,285,149,34,208486
ABprpaaaaaaa:184,ABprpaaaaaaa,184,29164,4164,-666,-701,3393,22.2,293,147,34,202528
ABprpaaaaaaa:185,ABprpaaaaaaa,185,29540,4540,-67,-81,3700,22.0,291,148,34,219999
ABprpaaaaaaa:186,ABprpaaaaaaa,186,29738,4738,-211,-279,3790,22.0,296,142,34,185559
ABprpaaaaaaa:187,ABprpaaaaaaa,187,30080,5080,-62,-100,4498,22.1,296,144,31,137214
ABprpaaaaaaa:188,ABprpaaaaaaa,188,29386,4386,-291,-376,3678,22.1,301,144,34,189521
ABprpaaaaaaa:189,ABprpaaaaaaa,189,29156,4156,-199,-221,3424,23.0,303,143,34,193380
ABprpaaaaaaa:190,ABprpaaaaaaa,190,29834,4834,112,130,3779,22.1,308,132,31,150348
ABprpaaaaaaa:191,ABprpaaaaaaa,191,29787,4787,347,310,3125,21.1,314,131,32,173371
ABprpaaaaaaa:192,ABprpaaaaaaa,192,29590,4590,32,-19,3240,22.1,310,139,34,199478
ABprpaaaaaaa:193,ABprpaaaaaaa,193,28903,3903,-731,-752,2852,22.1,312,140,34,198582
ABprpaaaaaaa:194,ABprpaaaaaaa,194,29678,4678,17,57,3660,23.0,312,142,34,205130
ABprpaaaaaaa:195,ABprpaaaaaaa,195,29407,4407,48,60,3439,23.0,311,139,31,155581
ABprpaaaaaaa:196,ABprpaaaaaaa,196,29511,4511,-309,-318,3660,23.2,309,145,34,200168
ABprpaaaaaaa:197,ABprpaaaaaaa,197,29775,4775,-172,-164,4165,23.1,309,139,34,210953
ABprpaaaaaaa:198,ABprpaaaaaaa,198,29808,4808,147,179,3499,23.1,314,135,34,226258
ABprpaaaaaaa:199,ABprpaaaaaaa,199,29628,4628,-132,-132,3894,23.1,317,138,34,206284
ABprpaaaaaaa:200,ABprpaaaaaaa,200,29105,4105,-652,-616,3290,23.1,314,141,34,225211
ABprpaaaaaaa:201,ABprpaaaaaaa,201,28993,3993,-586,-571,2529,23.1,314,141,34,225211
ABprpaaaaaaa:202,ABprpaaaaaaa,202,30047,5047,448,516,2813,22.1,318,136,34,231790
ABprpaaaaaaa:203,ABprpaaaaaaa,203,29580,4580,180,147,3353,23.0,316,135,34,239222
ABprpaaaaaaa:204,ABprpaaaaaaa,204,29439,4439,125,112,3009,22.1,338,171,34,155640
ABprpaaaaaaa:205,ABprpaaaaaaa,205,29692,4692,-10,112,2365,23.1,319,140,34,243407
ABprpaaaaaaa:206,ABprpaaaaaaa,206,30604,5604,978,994,3277,22.2,345,171,32,144380
ABprpaaaaaaa:207,ABprpaaaaaaa,207,29165,4165,-616,-709,2687,23.1,348,174,32,137672
ABprpaaaaaaa:208,ABprpaaaaaaa,208,29440,4440,-590,-588,2741,23.0,345,181,34,163534
ABprpaaaaaaa:209,ABprpaaaaaaa,209,29387,4387,-44,64,2992,23.0,345,181,34,163534
ABprpaaaaaaa:210,ABprpaaaaaaa,210,29976,4976,544,594,3739,23.0,344,186,34,163534
ABprpaaaaaaa:211,ABprpaaaaaaa,211,29801,4801,269,230,3328,23.0,343,191,34,163534
ABprpaaaaaaa:212,ABprpaaaaaaa,212,29709,4709,60,70,3325,23.0,342,196,34,154955
ABprpaaaaaaa:213,ABprpaaaaaaa,213,29699,4699,162,127,3080,23.0,342,192,34,154897
ABprpaaaaaaa:214,ABprpaaaaaaa,214,28841,3841,-573,-619,2719,23.1,342,202,34,178509
ABprpaaaaaaa:215,ABprpaaaaaaa,215,29095,4095,-407,-375,1903,21.0,338,192,34,141650
ABprpaaaaaaa:216,ABprpaaaaaaa,216,30426,5426,1073,1124,2461,21.0,344,188,34,138835
ABprpaaaaaap:165,ABprpaaaaaap,165,29418,4418,-11,-49,3170,22.9,361,118,41,231569
ABprpaaaaaap:166,ABprpaaaaaap,166,29392,4392,-174,-172,3864,22.9,361,113,40,218076
ABprpaaaaaap:167,ABprpaaaaaap,167,29088,4088,-267,-150,2919,22.1,359,109,29,79491
ABprpaaaaaap:168,ABprpaaaaaap,168,30364,5364,812,633,2508,21.2,346,124,29,79512
ABprpaaaaaap:169,ABprpaaaaaap,169,29789,4789,279,230,3601,22.0,352,121,39,212574
ABprpaaaaaap:170,ABprpaaaaaap,170,29376,4376,27,-48,2763,22.1,337,118,38,224951
ABprpaaaaaap:171,ABprpaaaaaap,171,29371,4371,156,147,1764,22.0,327,116,29,105934
ABprpaaaaaap:172,ABprpaaaaaap,172,28770,3770,-667,-763,2132,22.1,335,118,36,212947
ABprpaaaaaap:173,ABprpaaaaaap,173,29373,4373,12,-54,2309,21.9,332,119,36,212947
ABprpaaaaaap:174,ABprpaaaaaap,174,29143,4143,-619,-733,2334,21.8,329,121,36,212947
ABprpaaaaaap:175,ABprpaaaaaap,175,29266,4266,-59,-208,2505,21.6,326,123,36,212947
ABprpaaaaaap:176,ABprpaaaaaap,176,29448,4448,-20,-45,2146,21.4,323,124,36,212947
ABprpaaaaaap:177,ABprpaaaaaap,177,29907,4907,161,78,2783,21.3,320,126,36,212947
ABprpaaaaaap:178,ABprpaaaaaap,178,29355,4355,-548,-564,2368,21.1,316,128,35,217962
ABprpaaaaaap:179,ABprpaaaaaap,179,29707,4707,67,-44,2385,21.0,318,131,34,207221
ABprpaaaaaap:180,ABprpaaaaaap,180,29591,4591,-19,10,1752,22.0,322,129,34,206746
ABprpaaaaaap:181,ABprpaaaaaap,181,29329,4329,-342,-358,1632,22.1,320,129,34,224199
ABprpaaaaaap:182,ABprpaaaaaap,182,29720,4720,41,-79,2802,21.0,319,128,29,123582
ABprpaaaaaap:183,ABprpaaaaaap,183,28907,3907,-620,-766,953,21.0,319,128,29,123582
ABprpaaaaaap:184,ABprpaaaaaap,184,28766,3766,-837,-887,1535,23.0,330,126,34,230495
ABprpaaaaaap:185,ABprpaaaaaap,185,29177,4177,-558,-664,2392,23.0,328,128,29,135956
ABprpaaaaaap:186,ABprpaaaaaap,186,29337,4337,-325,-289,2260,22.0,331,127,34,200106
ABprpaaaaaap:187,ABprpaaaaaap,187,29341,4341,-370,-440,1251,22.0,331,127,34,200106
ABprpaaaaaap:188,ABprpaaaaaap,188,29495,4495,-146,-279,1741,23.0,337,127,34,201897
ABprpaaaaaap:189,ABprpaaaaaap,189,29237,4237,-336,-445,1699,23.0,345,124,34,218057
ABprpaaaaap:123,ABprpaaaaap,123,28888,3888,-558,-577,3703,14.9,405,107,36,161705
ABprpaaaaap:124,ABprpaaaaap,124,29087,4087,-492,-499,4012,14.9,411,97,35,136337
ABprpaaaaap:125,ABprpaaaaap,125,29388,4388,-225,-199,4206,15.1,413,97,36,156051
ABprpaaaaap:126,ABprpaaaaap,126,29032,4032,-438,-470,3924,15.0,414,91,37,125395
ABprpaaaaap:127,ABprpaaaaap,127,29568,4568,80,79,4249,15.0,419,95,33,92028
ABprpaaaaap:128,ABprpaaaaap,128,29007,4007,-469,-470,3840,15.1,415,91,37,131092
ABprpaaaaap:129,ABprpaaaaap,129,29347,4347,94,76,4047,15.0,415,87,36,129112
ABprpaaaaap:130,ABprpaaaaap,130,29264,4264,-313,-355,3857,16.0,420,85,37,134601
ABprpaaaaap:131,ABprpaaaaap,131,29582,4582,320,306,3849,16.0,414,87,36,136687
ABprpaaaaap:132,ABprpaaaaap,132,29540,4540,220,230,3999,16.1,405,89,34,110534
ABprpaaaaap:133,ABprpaaaaap,133,29159,4159,-215,-217,3996,16.1,398,85,39,148491
ABprpaaaaap:134,ABprpaaaaap,134,29113,4113,-307,-294,3841,16.2,397,81,41,169410
ABprpaaaaap:135,ABprpaaaaap,135,29080,4080,-374,-384,3739,17.0,397,84,40,179699
ABprpaaaaap:136,ABprpaaaaap,136,29409,4409,-97,-111,4029,17.1,396,83,43,206303
ABprpaaaaap:137,ABprpaaaaap,137,29103,4103,-402,-458,3635,17.1,398,89,44,220548
ABprpaaaaap:138,ABprpaaaaap,138,29248,4248,-481,-538,3826,17.2,394,88,44,225298
ABprpaaaaap:139,ABprpaaaaap,139,29458,4458,-3,-82,4044,17.3,390,87,42,201857
ABprpaaaaap:140,ABprpaaaaap,140,29858,4858,189,157,4104,18.0,390,90,43,230824
ABprpaaaaap:141,ABprpaaaaap,141,29296,4296,-223,-237,3872,17.2,394,88,45,236509
ABprpaaaaap:142,ABprpaaaaap,142,29204,4204,-463,-531,3576,17.9,397,88,44,270646
ABprpaaaaap:143,ABprpaaaaap,143,29036,4036,-472,-475,3634,17.1,396,88,47,305320
ABprpaaaaap:144,ABprpaaaaap,144,29492,4492,-93,-35,3939,18.0,392,88,48,380643
ABprpaaaaap:145,ABprpaaaaap,145,29272,4272,-349,-347,3386,18.0,382,93,46,352149
ABprpaaaaap:146,ABprpaaaaap,146,29515,4515,108,55,3741,17.9,387,91,46,341658
ABprpaaaaap:147,ABprpaaaaap,147,29252,4252,-413,-454,2947,17.1,391,95,46,359895
ABprpaaaaap:148,ABprpaaaaap,148,29361,4361,-75,-115,2997,17.0,387,93,50,464513
ABprpaaaaap:149,ABprpaaaaap,149,29305,4305,-219,-156,3375,17.9,394,87,47,360241
ABprpaaaaap:150,ABprpaaaaap,150,29281,4281,-172,-227,3517,17.9,395,88,47,373139
ABprpaaaaap:151,ABprpaaaaap,151,29495,4495,-86,-86,3625,17.2,392,90,51,483009
ABprpaaaaap:152,ABprpaaaaap,152,29018,4018,-395,-456,3554,18.0,396,86,47,392229
ABprpaaaaap:153,ABprpaaaaap,153,29170,4170,-469,-497,3466,18.8,395,88,47,396586
ABprpaaaaap:154,ABprpaaaaap,154,29293,4293,-262,-215,3656,18.9,399,86,48,448082
ABprpaaaaap:155,ABprpaaaaap,155,29330,4330,-14,-49,3149,18.2,392,90,52,589979
ABprpaaaaap:156,ABprpaaaaap,156,29461,4461,-22,-37,3966,19.1,402,87,50,442137
ABprpaaaaap:157,ABprpaaaaap,157,28866,3866,-600,-547,3435,19.1,395,86,51,432100
ABprpaaaaap:158,ABprpaaaaap,158,29252,4252,-259,-316,3693,19.3,403,91,50,435031
ABprpaaaaap:159,ABprpaaaaap,159,29214,4214,-277,-238,4003,19.9,407,90,45,304465
ABprpaaaaap:160,ABprpaaaaap,160,29424,4424,-108,-98,4186,20.0,410,92,49,412125
ABprpaaaaap:161,ABprpaaaaap,161,29486,4486,-49,-28,3957,20.1,408,95,49,411491
ABprpaaaaap:162,ABprpaaaaap,162,29016,4016,-506,-548,3540,20.3,400,102,48,391652
ABprpaaaaap:163,ABprpaaaaap,163,29095,4095,-299,-296,2431,20.2,400,105,46,362388
ABprpaaaaap:164,ABprpaaaaap,164,29228,4228,-228,-256,3182,21.1,403,105,45,327080
ABprpaaaaap:165,ABprpaaaaap,165,29440,4440,-423,-488,3575,20.2,406,110,43,318009
ABprpaaaaap:166,ABprpaaaaap,166,28795,3795,-596,-657,2725,21.1,407,105,40,293905
ABprpaaaaapa:167,ABprpaaaaapa,167,29523,4523,153,86,3342,21.1,384,106,39,217352
ABprpaaaaapa:168,ABprpaaaaapa,168,29780,4780,521,524,3719,21.0,370,102,36,198118
ABprpaaaaapa:169,ABprpaaaaapa,169,29088,4088,-596,-402,2323,20.2,365,104,29,102565
ABprpaaaaapa:170,ABprpaaaaapa,170,29155,4155,-89,-129,2863,20.3,359,108,36,201658
ABprpaaaaapa:171,ABprpaaaaapa,171,29624,4624,520,602,3047,20.0,351,107,37,234360
ABprpaaaaapa:172,ABprpaaaaapa,172,28924,3924,-360,-370,2445,20.1,348,107,36,224601
ABprpaaaaapa:173,ABprpaaaaapa,173,29463,4463,243,289,3257,20.1,347,106,36,224596
ABprpaaaaapa:174,ABprpaaaaapa,174,29485,4485,213,323,2775,20.1,351,97,36,230144
ABprpaaaaapa:175,ABprpaaaaapa,175,29064,4064,-340,-375,2745,20.2,344,109,36,221111
ABprpaaaaapa:176,ABprpaaaaapa,176,29093,4093,-226,-262,2854,20.1,340,101,35,197856
ABprpaaaaapa:177,ABprpaaaaapa,177,29573,4573,124,181,3534,21.1,341,106,35,202606
ABprpaaaaapa:178,ABprpaaaaapa,178,29414,4414,-63,-57,3650,20.2,341,108,35,207453
ABprpaaaaapa:179,ABprpaaaaapa,179,29037,4037,-561,-485,2970,20.2,339,114,34,201036
ABprpaaaaapa:180,ABprpaaaaapa,180,29184,4184,-437,-423,2930,21.0,343,113,34,212542
ABprpaaaaapa:181,ABprpaaaaapa,181,29397,4397,-392,-358,3312,21.1,340,112,34,225130
ABprpaaaaapa:182,ABprpaaaaapa,182,29202,4202,-398,-326,2864,20.2,339,118,34,215157
ABprpaaaaapa:183,ABprpaaaaapa,183,29503,4503,-12,-79,3505,21.0,337,115,34,232937
ABprpaaaaapa:184,ABprpaaaaapa,184,29694,4694,-61,-136,3368,20.2,343,118,34,215649
ABprpaaaaapa:185,ABprpaaaaapa,185,28706,3706,-1093,-1175,2595,20.2,343,121,34,237745
ABprpaaaaapa:186,ABprpaaaaapa,186,29391,4391,-152,-217,2996,20.1,342,123,34,207354
ABprpaaaaapa:187,ABprpaaaaapa,187,30078,5078,771,640,3986,21.1,345,122,31,158532
ABprpaaaaapa:188,ABprpaaaaapa,188,29926,4926,421,434,3689,21.0,351,124,34,213924
ABprpaaaaapa:189,ABprpaaaaapa,189,29037,4037,-510,-669,2709,21.0,356,119,34,219120
ABprpaaaaapa:190,ABprpaaaaapa,190,30123,5123,668,677,4586,21.1,356,120,31,163966
ABprpaaaaapa:191,ABprpaaaaapa,191,29378,4378,-320,-338,3796,21.1,355,120,34,222276
ABprpaaaaapa:192,ABprpaaaaapa,192,29751,4751,142,170,4189,21.2,355,119,34,229285
ABprpaaaaapa:193,ABprpaaaaapa,193,29118,4118,-524,-549,3688,21.2,356,119,34,220721
ABprpaaaaapa:194,ABprpaaaaapa,194,29573,4573,11,16,3933,21.2,356,120,34,227507
ABprpaaaaapa:195,ABprpaaaaapa,195,29192,4192,-386,-415,3432,21.1,352,117,31,187090
ABprpaaaaapa:196,ABprpaaaaapa,196,29579,4579,-196,-167,4307,22.0,357,124,34,237195
ABprpaaaaapa:197,ABprpaaaaapa,197,29852,4852,304,261,3955,21.1,352,117,34,236117
ABprpaaaaapa:198,ABprpaaaaapa,198,29257,4257,-251,-226,2715,21.1,352,115,34,235920
ABprpaaaaapa:199,ABprpaaaaapa,199,29666,4666,234,177,3238,21.1,361,112,34,227811
ABprpaaaaapa:200,ABprpaaaaapa,200,29076,4076,-409,-493,2360,21.0,357,113,34,236089
ABprpaaaaapa:201,ABprpaaaaapa,201,29691,4691,-195,-240,4015,21.1,360,115,31,186561
ABprpaaaaapa:202,ABprpaaaaapa,202,29391,4391,-164,-179,3855,21.1,360,116,34,238490
ABprpaaaaapa:203,ABprpaaaaapa,203,29520,4520,4,-19,4227,23.1,367,112,34,243376
ABprpaaaaapaa:204,ABprpaaaaapaa,204,29482,4482,-138,-209,3507,21.1,357,115,34,233534
ABprpaaaaapaa:205,ABprpaaaaapaa,205,29385,4385,-221,-225,3626,21.1,350,109,34,234494
ABprpaaaaapaa:206,ABprpaaaaapaa,206,29373,4373,-191,-144,3865,22.0,350,108,34,235434
ABprpaaaaapaa:207,ABprpaaaaapaa,207,29837,4837,147,212,4235,22.0,352,112,34,241030
ABprpaaaaapaa:208,ABprpaaaaapaa,208,29637,4637,50,65,4130,22.2,348,112,32,206550
ABprpaaaaapaa:209,ABprpaaaaapaa,209,29242,4242,-449,-429,3880,22.1,345,110,34,234748
ABprpaaaaapaa:210,ABprpaaaaapaa,210,29653,4653,-63,-67,4309,23.0,344,116,34,239721
ABprpaaaaapaa:211,ABprpaaaaapaa,211,29526,4526,48,40,4229,22.2,344,120,34,246484
ABprpaaaaapaa:212,ABprpaaaaapaa,212,29225,4225,-296,-304,3838,22.3,346,121,34,239852
ABprpaaaaapaa:213,ABprpaaaaapaa,213,29541,4541,13,75,4213,22.1,340,119,34,241781
ABprpaaaaapaa:214,ABprpaaaaapaa,214,29236,4236,-398,-380,3891,22.2,338,119,34,249914
ABprpaaaaapaa:215,ABprpaaaaapaa,215,28839,3839,-486,-418,3584,22.1,338,117,34,255394
ABprpaaaaapaa:216,ABprpaaaaapaa,216,29974,4974,282,257,4603,22.2,341,124,34,245961
ABprpaaaaapaa:217,ABprpaaaaapaa,217,29882,4882,518,476,4507,22.1,345,113,31,193374
ABprpaaaaapaa:218,ABprpaaaaapaa,218,29619,4619,139,141,4362,23.0,339,118,34,262978
ABprpaaaaapaa:219,ABprpaaaaapaa,219,29707,4707,122,99,4247,22.2,337,117,34,252245
ABprpaaaaapaa:220,ABprpaaaaapaa,220,29590,4590,159,127,4204,23.1,337,111,34,274205
ABprpaaaaapaa:221,ABprpaaaaapaa,221,29058,4058,-23,3,3336,22.1,335,118,34,263814
ABprpaaaaapaa:222,ABprpaaaaapaa,222,29218,4218,-155,-154,3854,22.2,330,123,34,269939
ABprpaaaaapaa:223,ABprpaaaaapaa,223,29080,4080,-621,-596,3430,22.0,330,117,34,277505
ABprpaaaaapaa:224,ABprpaaaaapaa,224,29236,4236,-356,-276,3628,22.1,331,113,34,286854
ABprpaaaaapaa:225,ABprpaaaaapaa,225,29168,4168,-265,-283,3622,22.2,328,122,34,278389
ABprpaaaaapaa:226,ABprpaaaaapaa,226,28943,3943,-833,-781,3150,22.2,325,120,34,277717
ABprpaaaaapaa:227,ABprpaaaaapaa,227,30049,5049,647,651,3943,22.2,322,121,34,261653
ABprpaaaaapaa:228,ABprpaaaaapaa,228,29588,4588,-3,-3,3501,22.2,322,119,34,283560
ABprpaaaaapaa:229,ABprpaaaaapaa,229,29089,4089,-358,-405,3454,22.0,325,118,31,214217
ABprpaaaaapaa:230,ABprpaaaaapaa,230,29692,4692,192,246,3583,22.1,326,120,34,290554
ABprpaaaaapaa:231,ABprpaaaaapaa,231,28996,3996,-358,-408,2523,22.1,323,118,34,287367
ABprpaaaaapaa:232,ABprpaaaaapaa,232,29217,4217,-338,-253,2820,23.0,314,117,34,302164
ABprpaaaaapaaa:233,ABprpaaaaapaaa,233,29113,4113,-616,-943,429,24.0,305,127,29,153389
ABprpaaaaapaaa:234,ABprpaaaaapaaa,234,29124,4124,-291,-133,222,24.0,305,127,29,153389
ABprpaaaaapaaa:235,ABprpaaaaapaaa,235,29029,4029,-348,-259,1951,22.1,309,122,34,304171
ABprpaaaaapaaa:236,ABprpaaaaapaaa,236,29839,4839,454,573,2972,23.1,306,122,34,313487
ABprpaaaaapaaa:237,ABprpaaaaapaaa,237,29460,4460,120,159,2538,23.0,307,123,34,309286
ABprpaaaaapaaa:238,ABprpaaaaapaaa,238,30139,5139,525,662,3349,23.0,311,118,34,312540
ABprpaaaaapaaa:239,ABprpaaaaapaaa,239,29349,4349,-214,-116,2961,23.1,309,122,34,298180
ABprpaaaaapaaa:240,ABprpaaaaapaaa,240,29450,4450,-97,-80,2716,23.1,310,127,34,307430
ABprpaaaaapaaa:241,ABprpaaaaapaaa,241,29083,4083,-241,-290,2349,23.1,302,127,31,241334
ABprpaaaaapaaa:242,ABprpaaaaapaaa,242,29343,4343,82,131,1934,23.0,305,126,34,319723
ABprpaaaaapaaa:243,ABprpaaaaapaaa,243,30300,5300,843,821,3629,23.0,298,129,34,329208
ABprpaaaaapaaa:244,ABprpaaaaapaaa,244,29923,4923,251,245,3058,23.1,299,132,34,311165
ABprpaaaaapaaa:245,ABprpaaaaapaaa,245,29370,4370,-297,-345,3037,23.1,293,131,31,230789
ABprpaaaaapaaa:246,ABprpaaaaapaaa,246,29223,4223,-434,-493,2360,23.1,299,131,34,301661
ABprpaaaaapaaa:247,ABprpaaaaapaaa,247,29561,4561,-217,-189,2536,23.1,297,136,34,296383
ABprpaaaaapaaa:248,ABprpaaaaapaaa,248,29151,4151,-478,-498,1622,24.1,299,135,31,232338
ABprpaaaaapaaa:249,ABprpaaaaapaaa,249,29563,4563,28,222,2639,23.1,300,142,34,286046
ABprpaaaaapaaa:250,ABprpaaaaapaaa,250,30216,5216,573,524,4116,24.1,300,142,31,230804
ABprpaaaaapaap:233,ABprpaaaaapaap,233,29768,4768,366,274,3406,22.2,312,119,34,286806
ABprpaaaaapaap:234,ABprpaaaaapaap,234,29246,4246,-160,-233,2960,22.2,313,119,34,299259
ABprpaaaaapaap:235,ABprpaaaaapaap,235,30126,5126,838,878,3435,21.0,324,103,34,242151
ABprpaaaaapaap:236,ABprpaaaaapaap,236,29863,4863,177,478,2027,22.0,345,116,29,137352
ABprpaaaaapaap:237,ABprpaaaaapaap,237,29234,4234,-514,-497,545,21.8,344,116,30,137352
ABprpaaaaapaap:238,ABprpaaaaapaap,238,29640,4640,-146,-350,1122,21.6,343,117,31,137352
ABprpaaaaapaap:239,ABprpaaaaapaap,239,29426,4426,-322,-91,-1069,21.4,342,118,32,137352
ABprpaaaaapaap:240,ABprpaaaaapaap,240,29328,4328,-138,-221,564,21.2,340,119,34,288067
ABprpaaaaapaap:241,ABprpaaaaapaap,241,29701,4701,288,238,1384,21.2,339,120,31,227512
ABprpaaaaapaap:242,ABprpaaaaapaap,242,28894,3894,-533,-585,-1001,20.0,338,110,29,178903
ABprpaaaaapaap:243,ABprpaaaaapaap,243,29247,4247,-419,-404,1650,21.1,336,117,34,308286
ABprpaaaaapaap:244,ABprpaaaaapaap,244,29853,4853,-27,77,1896,21.2,332,120,34,295884
ABprpaaaaapaap:245,ABprpaaaaapaap,245,29500,4500,4,-133,1607,21.2,327,119,31,246029
ABprpaaaaapaap:246,ABprpaaaaapaap,246,29262,4262,-434,-446,859,21.1,329,117,34,322548
ABprpaaaaapaap:247,ABprpaaaaapaap,247,29053,4053,-725,-789,2219,22.0,332,128,34,288405
ABprpaaaaapaap:248,ABprpaaaaapaap,248,29393,4393,-307,-452,2463,22.2,331,129,31,215034
ABprpaaaaapaap:249,ABprpaaaaapaap,249,29937,4937,385,470,3104,22.2,327,127,34,283794
ABprpaaaaapaap:250,ABprpaaaaapaap,250,29723,4723,230,241,2866,22.1,329,130,29,176394
ABprpaaaaapap:204,ABprpaaaaapap,204,28966,3966,-641,-702,2257,23.2,379,117,34,222481
ABprpaaaaapap:205,ABprpaaaaapap,205,29441,4441,7,-103,3074,23.2,384,116,34,233304
ABprpaaaaapap:206,ABprpaaaaapap,206,29529,4529,5,-12,2977,23.1,388,114,34,250428
ABprpaaaaapap:207,ABprpaaaaapap,207,29795,4795,270,315,3541,23.0,386,112,34,241819
ABprpaaaaapap:208,ABprpaaaaapap,208,29633,4633,13,0,3601,24.0,389,118,34,244533
ABprpaaaaapap:209,ABprpaaaaapap,209,29696,4696,251,319,3015,23.7,388,118,34,244533
ABprpaaaaapap:210,ABprpaaaaapap,210,29623,4623,-211,-203,2438,23.3,387,117,34,244533
ABprpaaaaapap:211,ABprpaaaaapap,211,29598,4598,-68,-157,2680,23.0,385,116,34,246343
ABprpaaaaapap:212,ABprpaaaaapap,212,29134,4134,-415,-346,1139,23.0,385,116,34,246343
ABprpaaaaapap:213,ABprpaaaaapap,213,29865,4865,332,387,2257,23.0,382,113,34,249452
ABprpaaaaapap:214,ABprpaaaaapap,214,29708,4708,-185,-279,2813,23.0,382,113,34,249452
ABprpaaaaapap:215,ABprpaaaaapap,215,29742,4742,464,491,3027,23.1,390,114,34,243900
ABprpaaaaapap:216,ABprpaaaaapap,216,29378,4378,-109,-169,3044,24.0,387,114,34,252443
ABprpaaaaapap:217,ABprpaaaaapap,217,30196,5196,1012,1018,3852,24.0,387,114,34,252443
ABprpaaaaapap:218,ABprpaaaaapap,218,29639,4639,201,270,2608,24.0,387,115,34,252443
ABprpaaaaapap:219,ABprpaaaaapap,219,29728,4728,86,104,3519,24.0,387,116,34,252534
ABprpaaaaapap:220,ABprpaaaaapap,220,29997,4997,332,287,3971,24.0,388,113,34,245218
ABprpaaaaapap:221,ABprpaaaaapap,221,29129,4129,-429,-400,3311,24.1,390,112,34,233270
ABprpaaaaapap:222,ABprpaaaaapap,222,30259,5259,679,674,5072,25.0,390,115,34,242068
ABprpaaaaapap:223,ABprpaaaaapap,223,29013,4013,-542,-552,3201,25.1,400,118,34,261635
ABprpaaaaapap:224,ABprpaaaaapap,224,28908,3908,-579,-571,3065,25.1,400,121,34,254439
ABprpaaaaapap:225,ABprpaaaaapap,225,29243,4243,-232,-291,3549,25.1,398,120,34,260694
ABprpaaaaapapa:226,ABprpaaaaapapa,226,29949,4949,81,74,3319,25.2,382,124,34,204969
ABprpaaaaapapa:227,ABprpaaaaapapa,227,29448,4448,-134,-220,3312,26.1,372,130,34,226946
ABprpaaaaapapa:228,ABprpaaaaapapa,228,29778,4778,54,-13,3381,25.0,369,129,34,230346
ABprpaaaaapapa:229,ABprpaaaaapapa,229,29680,4680,224,103,3091,24.0,370,125,29,162932
ABprpaaaaapapa:230,ABprpaaaaapapa,230,29708,4708,174,149,3715,26.2,386,124,29,113670
ABprpaaaaapapa:231,ABprpaaaaapapa,231,29140,4140,-610,-564,1702,24.0,390,124,34,213794
ABprpaaaaapapa:232,ABprpaaaaapapa,232,29481,4481,-190,-84,3298,26.1,388,119,34,209335
ABprpaaaaapapa:233,ABprpaaaaapapa,233,29280,4280,-363,-228,2849,26.0,387,114,34,213274
ABprpaaaaapapa:234,ABprpaaaaapapa,234,30236,5236,580,662,3633,25.2,386,115,34,205175
ABprpaaaaapapa:235,ABprpaaaaapapa,235,29249,4249,-257,-287,2699,25.0,388,114,34,223812
ABprpaaaaapapa:236,ABprpaaaaapapa,236,29311,4311,-250,-207,3249,26.1,381,117,34,231165
ABprpaaaaapapa:237,ABprpaaaaapapa,237,29581,4581,-205,-176,3272,25.1,386,116,34,203085
ABprpaaaaapapa:238,ABprpaaaaapapa,238,29618,4618,-246,-337,3477,26.1,392,130,34,203552
ABprpaaaaapapa:239,ABprpaaaaapapa,239,30436,5436,839,852,4468,26.0,395,135,34,214049
ABprpaaaaapapa:240,ABprpaaaaapapa,240,29214,4214,-311,-379,2655,26.1,396,145,34,217136
ABprpaaaaapapa:241,ABprpaaaaapapa,241,30207,5207,239,168,3204,26.1,398,145,31,154079
ABprpaaaaapapa:242,ABprpaaaaapapa,242,29818,4818,340,171,3227,27.1,399,145,29,129461
ABprpaaaaapapa:243,ABprpaaaaapapa,243,29475,4475,-432,-439,3107,28.0,403,145,29,126676
ABprpaaaaapapa:244,ABprpaaaaapapa,244,30294,5294,343,592,4214,28.0,400,142,29,135437
ABprpaaaaapapp:226,ABprpaaaaapapp,226,29761,4761,5,189,2449,25.0,413,119,34,210181
ABprpaaaaapapp:227,ABprpaaaaapapp,227,29080,4080,-520,-460,2136,25.0,413,119,34,210181
ABprpaaaaapapp:228,ABprpaaaaapapp,228,29453,4453,-5,-3,2788,24.1,428,111,34,217143
ABprpaaaaapapp:229,ABprpaaaaapapp,229,30720,5720,1354,1308,5157,24.0,433,110,31,170403
ABprpaaaaapapp:230,ABprpaaaaapapp,230,29173,4173,-243,-240,3631,24.1,434,109,34,202750
ABprpaaaaapapp:231,ABprpaaaaapapp,231,29376,4376,-239,-196,4050,23.2,438,99,34,188152
ABprpaaaaapapp:232,ABprpaaaaapapp,232,29232,4232,-34,-19,3966,23.0,433,88,34,177661
ABprpaaaaapapp:233,ABprpaaaaapapp,233,29185,4185,-112,-102,3043,22.1,419,92,34,198824
ABprpaaaaapapp:234,ABprpaaaaapapp,234,29861,4861,267,340,3856,23.0,417,93,29,133088
ABprpaaaaapapp:235,ABprpaaaaapapp,235,28901,3901,-507,-549,3075,23.2,418,94,34,211712
ABprpaaaaapapp:236,ABprpaaaaapapp,236,29228,4228,-155,-115,3343,23.1,411,98,34,215533
ABprpaaaaapapp:237,ABprpaaaaapapp,237,29887,4887,702,789,4004,24.0,415,100,34,222353
ABprpaaaaapapp:238,ABprpaaaaapapp,238,30200,5200,746,748,3991,24.1,417,106,34,209348
ABprpaaaaapapp:239,ABprpaaaaapapp,239,28849,3849,-661,-615,3077,25.0,424,110,34,206330
ABprpaaaaapapp:240,ABprpaaaaapapp,240,29173,4173,-296,-318,3291,26.1,426,117,29,124870
ABprpaaaaapapp:241,ABprpaaaaapapp,241,29222,4222,-424,-423,3349,26.1,431,119,29,117912
ABprpaaaaapapp:242,ABprpaaaaapapp,242,29549,4549,-235,-278,4032,25.1,431,121,34,210564
ABprpaaaaapapp:243,ABprpaaaaapapp,243,29587,4587,164,238,3912,26.1,440,127,34,194472
ABprpaaaaapapp:244,ABprpaaaaapapp,244,29099,4099,-353,-356,3392,26.1,439,131,34,193310
ABprpaaaaapapp:245,ABprpaaaaapapp,245,29946,4946,230,201,3580,25.0,429,135,31,162275
ABprpaaaaapapp:246,ABprpaaaaapapp,246,29323,4323,-247,-260,3861,27.0,436,137,34,205844
ABprpaaaaapapp:247,ABprpaaaaapapp,247,29215,4215,-561,-577,3113,27.0,439,139,34,210054
ABprpaaaaapapp:248,ABprpaaaaapapp,248,29444,4444,-197,-232,4016,28.0,445,141,31,153509
ABprpaaaaapapp:249,ABprpaaaaapapp,249,30021,5021,373,403,3718,28.1,452,140,29,125888
ABprpaaaaapapp:250,ABprpaaaaapapp,250,29692,4692,-94,-125,3738,28.1,452,140,29,125888
ABprpaaaaapp:167,ABprpaaaaapp,167,29187,4187,-20,-127,3151,20.1,421,100,39,213857
ABprpaaaaapp:168,ABprpaaaaapp,168,29899,4899,409,364,3668,20.1,428,100,36,194279
ABprpaaaaapp:169,ABprpaaaaapp,169,29586,4586,468,559,3446,20.9,426,104,35,169452
ABprpaaaaapp:170,ABprpaaaaapp,170,29684,4684,367,317,3533,21.1,418,100,38,218001
ABprpaaaaapp:171,ABprpaaaaapp,171,29049,4049,-305,-368,2415,20.2,413,97,37,204629
ABprpaaaaapp:172,ABprpaaaaapp,172,29095,4095,-447,-338,2304,20.0,413,98,36,210485
ABprpaaaaapp:173,ABprpaaaaapp,173,29688,4688,414,373,3261,19.1,407,97,36,204268
ABprpaaaaapp:174,ABprpaaaaapp,174,29566,4566,177,147,3649,20.1,405,91,36,206869
ABprpaaaaapp:175,ABprpaaaaapp,175,29069,4069,-146,-119,3249,20.1,392,87,36,205409
ABprpaaaaapp:176,ABprpaaaaapp,176,29871,4871,403,376,3853,20.1,388,92,35,181701
ABprpaaaaapp:177,ABprpaaaaapp,177,30423,5423,980,1015,4285,20.0,387,91,35,178851
ABprpaaaaapp:178,ABprpaaaaapp,178,29702,4702,184,189,3649,19.1,390,88,35,169592
ABprpaaaaapp:179,ABprpaaaaapp,179,29635,4635,126,109,3543,20.1,385,90,34,191398
ABprpaaaaapp:180,ABprpaaaaapp,180,29053,4053,-352,-356,2885,20.1,384,95,34,191865
ABprpaaaaapp:181,ABprpaaaaapp,181,29383,4383,31,93,3246,20.1,382,94,34,192237
ABprpaaaaapp:182,ABprpaaaaapp,182,29321,4321,-226,-260,2745,20.0,383,98,34,204589
ABprpaaaaapp:183,ABprpaaaaapp,183,29674,4674,156,109,3290,20.0,383,97,34,208832
ABprpaaaaapp:184,ABprpaaaaapp,184,29863,4863,141,117,3638,20.0,379,95,34,203744
ABprpaaaaapp:185,ABprpaaaaapp,185,29234,4234,-272,-238,2175,20.0,381,94,34,204219
ABprpaaaaapp:186,ABprpaaaaapp,186,29497,4497,68,107,3379,20.2,378,92,34,181488
ABprpaaaaapp:187,ABprpaaaaapp,187,29346,4346,-263,-99,3076,21.0,382,97,31,147888
ABprpaaaaapp:188,ABprpaaaaapp,188,29600,4600,195,167,3034,21.0,386,95,34,196826
ABprpaaaaapp:189,ABprpaaaaapp,189,29442,4442,60,17,2936,20.2,390,101,34,177358
ABprpaaaaapp:190,ABprpaaaaapp,190,29360,4360,6,51,3260,20.3,394,95,31,135099
ABprpaaaaapp:191,ABprpaaaaapp,191,29515,4515,-155,-166,2942,21.0,386,93,34,199538
ABprpaaaaapp:192,ABprpaaaaapp,192,29502,4502,37,22,3349,21.1,389,90,34,206087
ABprpaaaaapp:193,ABprpaaaaapp,193,29314,4314,-289,-275,3450,21.0,392,91,34,200421
ABprpaaaaapp:194,ABprpaaaaapp,194,29225,4225,-296,-321,1886,20.1,380,94,34,202352
ABprpaaaaapp:195,ABprpaaaaapp,195,29334,4334,-98,-130,3208,21.0,387,96,31,163482
ABprpaaaaapp:196,ABprpaaaaapp,196,29841,4841,362,362,3998,21.0,389,92,34,199199
ABprpaaaaapp:197,ABprpaaaaapp,197,29251,4251,-399,-330,2985,20.1,384,91,34,205244
ABprpaaaaapp:198,ABprpaaaaapp,198,29545,4545,105,80,3659,21.0,386,94,34,208795
ABprpaaaaapp:199,ABprpaaaaapp,199,29028,4028,-444,-335,2885,20.2,394,94,34,193937
ABprpaaaaapp:200,ABprpaaaaapp,200,29403,4403,-49,-91,3253,20.0,393,101,34,209497
ABprpaaaaapp:201,ABprpaaaaapp,201,29559,4559,-98,-165,3410,21.0,390,96,31,175270
ABprpaaaaapp:202,ABprpaaaaapp,202,28962,3962,-633,-772,2811,20.2,388,98,34,202544
ABprpaaaaapp:203,ABprpaaaaapp,203,29056,4056,-268,-341,2505,20.2,393,100,34,214017
ABprpaaaaapp:204,ABprpaaaaapp,204,29451,4451,-100,-245,2834,20.3,394,101,34,216227
ABprpaaaaapp:205,ABprpaaaaapp,205,29457,4457,43,210,2329,20.1,398,98,34,240723
ABprpaaaaapp:206,ABprpaaaaapp,206,29826,4826,288,204,2614,20.1,398,98,34,240723
ABprpaaaaapp:207,ABprpaaaaapp,207,29556,4556,38,-7,2667,19.1,398,94,34,249114
ABprpaaaaapp:208,ABprpaaaaapp,208,29314,4314,-166,-191,2701,21.0,388,98,34,241595
ABprpaaaaapp:209,ABprpaaaaapp,209,29394,4394,24,-70,2200,21.1,385,107,34,258039
ABprpaaaaapp:210,ABprpaaaaapp,210,29620,4620,-56,-88,2567,22.0,379,109,34,252662
ABprpaaaaapp:211,ABprpaaaaapp,211,29327,4327,-219,-302,1821,21.1,379,109,34,249506
ABprpaaaaapp:212,ABprpaaaaapp,212,29378,4378,-94,-65,2625,22.0,384,112,34,256297
ABprpaaaaapp:213,ABprpaaaaapp,213,29854,4854,8,69,2649,21.1,379,111,34,242446
ABprpaaaaapp:214,ABprpaaaaapp,214,29392,4392,-512,-614,1434,21.2,375,118,34,262326
ABprpaaaaapp:215,ABprpaaaaapp,215,29343,4343,-155,-155,2277,21.1,374,110,34,255785
ABprpaaaaapp:216,ABprpaaaaapp,216,29689,4689,-71,3,1638,21.1,378,115,34,257060
ABprpaaaaapp:217,ABprpaaaaapp,217,29132,4132,-548,-650,1498,21.0,380,113,31,200821
ABprpaaaaapp:218,ABprpaaaaapp,218,29861,4861,156,186,3059,22.0,376,115,34,274279
ABprpaaaaapp:219,ABprpaaaaapp,219,29204,4204,-373,-538,2150,21.1,375,120,34,260591
ABprpaaaaapp:220,ABprpaaaaapp,220,29308,4308,-508,-445,2366,21.2,372,125,34,241574
ABprpaaaaapp:221,ABprpaaaaapp,221,29567,4567,136,142,3764,21.1,369,107,34,269765
ABprpaaaaapp:222,ABprpaaaaapp,222,29324,4324,59,51,3456,20.1,367,101,34,268260
ABprpaaaaappa:223,ABprpaaaaappa,223,29584,4584,124,73,3349,22.1,367,121,34,251667
ABprpaaaaappa:224,ABprpaaaaappa,224,29413,4413,-136,-117,2746,21.1,371,116,34,261557
ABprpaaaaappa:225,ABprpaaaaappa,225,29293,4293,-316,-384,3549,23.0,362,121,34,244735
ABprpaaaaappa:226,ABprpaaaaappa,226,30137,5137,626,696,4073,23.1,361,125,34,246617
ABprpaaaaappa:227,ABprpaaaaappa,227,29288,4288,-363,-341,3189,23.0,357,126,34,245099
ABprpaaaaappa:228,ABprpaaaaappa,228,29351,4351,-219,-118,2738,22.2,362,126,34,244686
ABprpaaaaappa:229,ABprpaaaaappa,229,29351,4351,6,-9,2234,22.2,362,126,34,244686
ABprpaaaaappa:230,ABprpaaaaappa,230,29488,4488,-167,-216,3507,23.1,367,124,34,260455
ABprpaaaaappa:231,ABprpaaaaappa,231,29141,4141,-120,-173,3055,23.1,353,131,34,228843
ABprpaaaaappa:232,ABprpaaaaappa,232,29499,4499,-128,-152,3613,23.1,346,131,34,231365
ABprpaaaaappa:233,ABprpaaaaappa,233,29181,4181,-690,-743,2714,24.1,352,136,34,223313
ABprpaaaaappa:234,ABprpaaaaappa,234,29761,4761,101,149,3483,24.2,349,131,32,212157
ABprpaaaaappa:235,ABprpaaaaappa,235,29447,4447,-64,59,3442,24.0,342,127,34,241708
ABprpaaaaappa:236,ABprpaaaaappa,236,29945,4945,366,489,2761,24.2,344,132,34,235694
ABprpaaaaappa:237,ABprpaaaaappa,237,29186,4186,-567,-685,2770,25.1,348,129,34,247081
ABprpaaaaappa:238,ABprpaaaaappa,238,29344,4344,-454,-422,2159,24.0,346,123,34,230445
ABprpaaaaappa:239,ABprpaaaaappa,239,30475,5475,867,890,4063,24.0,346,123,34,230445
ABprpaaaaappa:240,ABprpaaaaappa,240,29124,4124,-226,-222,2518,23.8,351,123,34,230445
ABprpaaaaappa:241,ABprpaaaaappa,241,29354,4354,61,51,2554,23.6,356,124,34,230445
ABprpaaaaappa:242,ABprpaaaaappa,242,30182,5182,674,805,2250,23.4,361,124,34,230445
ABprpaaaaappa:243,ABprpaaaaappa,243,29166,4166,-624,-704,2941,23.2,367,125,34,270348
ABprpaaaaappa:244,ABprpaaaaappa,244,29574,4574,-112,-163,4082,23.2,368,130,34,265920
ABprpaaaaappa:245,ABprpaaaaappa,245,29340,4340,-218,-226,3889,24.0,359,135,31,212144
ABprpaaaaappa:246,ABprpaaaaappa,246,29326,4326,-217,-249,3773,23.1,359,140,34,257014
ABprpaaaaappa:247,ABprpaaaaappa,247,30100,5100,592,570,4225,23.1,361,147,34,251450
ABprpaaaaappa:248,ABprpaaaaappa,248,29773,4773,286,186,4015,24.0,360,144,31,209700
ABprpaaaaappa:249,ABprpaaaaappa,249,30125,5125,541,405,3489,23.0,364,133,29,137999
ABprpaaaaappp:223,ABprpaaaaappp,223,28981,3981,-426,-370,2859,20.1,369,97,34,281157
ABprpaaaaappp:224,ABprpaaaaappp,224,29558,4558,65,140,2787,19.3,374,102,34,276326
ABprpaaaaappp:225,ABprpaaaaappp,225,29964,4964,605,606,4060,19.2,379,98,34,272780
ABprpaaaaappp:226,ABprpaaaaappp,226,29076,4076,-323,-329,3313,20.0,380,101,30,235083
ABprpaaaaappp:227,ABprpaaaaappp,227,29232,4232,18,90,2197,19.1,352,101,30,217307
ABprpaaaaappp:228,ABprpaaaaappp,228,29552,4552,219,263,2413,19.0,348,97,34,288196
ABprpaaaaappp:229,ABprpaaaaappp,229,28870,3870,-418,-421,1461,19.0,345,99,31,247802
ABprpaaaaappp:230,ABprpaaaaappp,230,29278,4278,18,-61,1946,19.1,340,99,31,247802
ABprpaaaaappp:231,ABprpaaaaappp,231,29288,4288,145,82,2720,19.1,335,100,32,247802
ABprpaaaaappp:232,ABprpaaaaappp,232,30636,5636,1127,1150,3624,19.2,330,100,33,247802
ABprpaaaaappp:233,ABprpaaaaappp,233,29108,4108,-477,-525,2278,19.2,325,101,34,264276
ABprpaaaaappp:234,ABprpaaaaappp,234,29511,4511,-407,-402,3015,20.1,348,98,29,171088
ABprpaaaaappp:235,ABprpaaaaappp,235,29503,4503,-169,-158,2914,20.2,350,100,34,254559
ABprpaaaaappp:236,ABprpaaaaappp,236,29957,4957,520,560,2792,20.1,346,105,34,252793
ABprpaaaaappp:237,ABprpaaaaappp,237,29847,4847,233,243,3646,21.1,345,108,34,290537
ABprpaaaaappp:238,ABprpaaaaappp,238,29760,4760,69,-13,2184,21.1,344,111,34,290537
ABprpaaaaappp:239,ABprpaaaaappp,239,29535,4535,-79,156,2886,21.2,342,115,34,290537
ABprpaaaaappp:240,ABprpaaaaappp,240,29322,4322,-125,-158,1884,21.2,340,115,34,290537
ABprpaaaaappp:241,ABprpaaaaappp,241,29489,4489,19,-44,1351,21.2,338,114,33,290537
ABprpaaaaappp:242,ABprpaaaaappp,242,28963,3963,-396,-394,2856,21.1,336,114,33,290537
ABprpaaaaappp:243,ABprpaaaaappp,243,29258,4258,-326,-359,1134,21.1,334,113,32,290537
ABprpaaaaappp:244,ABprpaaaaappp,244,30113,5113,304,361,1441,21.1,332,113,32,290537
ABprpaaaaappp:245,ABprpaaaaappp,245,29758,4758,114,-155,1197,21.1,330,112,31,290537
ABprpaaaaappp:246,ABprpaaaaappp,246,29596,4596,14,77,1395,21.1,328,112,31,290537
ABprpaaaaappp:247,ABprpaaaaappp,247,29184,4184,-611,-449,617,21.1,326,111,30,290537
ABprpaaaaappp:248,ABprpaaaaappp,248,29683,4683,-3,80,1124,21.1,324,110,29,178024
ABprpaaaaappp:249,ABprpaaaaappp,249,29085,4085,-214,-230,866,21.1,333,99,34,359457
ABprpaaaap:122,ABprpaaaap,122,29323,4323,-204,-204,4299,19.2,441,98,35,105572
ABprpaaaap:123,ABprpaaaap,123,29334,4334,-489,-489,4266,19.1,442,96,36,143909
ABprpaaaap:124,ABprpaaaap,124,28861,3861,-614,-614,3784,20.0,445,91,35,108476
ABprpaaaap:125,ABprpaaaap,125,29924,4924,568,568,4806,20.0,445,95,36,134151
ABprpaaaap:126,ABprpaaaap,126,28907,3907,-445,-445,3758,19.7,445,92,34,134151
ABprpaaaap:127,ABprpaaaap,127,29531,4531,34,34,4262,19.3,445,89,32,134151
ABprpaaaap:128,ABprpaaaap,128,29486,4486,19,19,4389,19.0,444,85,29,56740
ABprpaaaap:129,ABprpaaaap,129,29372,4372,66,66,3971,19.1,439,81,32,91125
ABprpaaaap:130,ABprpaaaap,130,28964,3964,-401,-381,3399,20.0,440,84,35,103612
ABprpaaaap:131,ABprpaaaap,131,29792,4792,115,101,4331,20.0,442,84,34,109292
ABprpaaaap:132,ABprpaaaap,132,29821,4821,305,259,4326,20.1,439,90,36,131405
ABprpaaaap:133,ABprpaaaap,133,29645,4645,307,289,4554,21.1,444,85,39,173513
ABprpaaaap:134,ABprpaaaap,134,29691,4691,283,227,4461,20.2,451,85,39,155551
ABprpaaaap:135,ABprpaaaap,135,29210,4210,-348,-368,4051,21.0,449,90,42,200391
ABprpaaaap:136,ABprpaaaap,136,29302,4302,-292,-271,4176,20.3,451,86,43,178816
ABprpaaaap:137,ABprpaaaap,137,29277,4277,-251,-246,4070,20.2,454,94,42,188636
ABprpaaaapa:138,ABprpaaaapa,138,30120,5120,703,695,5058,21.0,449,92,44,230042
ABprpaaaapa:139,ABprpaaaapa,139,29245,4245,-168,-144,4101,21.1,443,95,42,206061
ABprpaaaapa:140,ABprpaaaapa,140,29520,4520,-182,-186,4350,22.0,443,96,45,236962
ABprpaaaapa:141,ABprpaaaapa,141,29745,4745,356,371,4638,23.0,443,99,47,290350
ABprpaaaapa:142,ABprpaaaapa,142,29565,4565,39,-19,4214,23.1,443,106,46,295931
ABprpaaaapa:143,ABprpaaaapa,143,29387,4387,-228,-306,4186,23.1,433,108,49,352662
ABprpaaaapa:144,ABprpaaaapa,144,29975,4975,207,232,4790,24.1,424,114,50,407216
ABprpaaaapa:145,ABprpaaaapa,145,29203,4203,-631,-654,4086,24.1,425,115,48,385191
ABprpaaaapa:146,ABprpaaaapa,146,30058,5058,485,473,4893,24.1,420,122,50,424704
ABprpaaaapa:147,ABprpaaaapa,147,29494,4494,-362,-426,4352,24.2,422,123,50,424694
ABprpaaaapa:148,ABprpaaaapa,148,29693,4693,-222,-290,4598,24.1,419,121,50,436797
ABprpaaaapa:149,ABprpaaaapa,149,29734,4734,20,5,4632,24.2,415,127,51,441561
ABprpaaaapa:150,ABprpaaaapa,150,29847,4847,71,76,4762,24.1,410,132,47,358376
ABprpaaaapa:151,ABprpaaaapa,151,29660,4660,-136,-191,4547,24.2,413,139,49,387205
ABprpaaaapa:152,ABprpaaaapa,152,29540,4540,-327,-420,4466,24.2,410,139,49,410458
ABprpaaaapa:153,ABprpaaaapa,153,29362,4362,-505,-479,4292,24.1,418,136,47,372615
ABprpaaaapa:154,ABprpaaaapa,154,29380,4380,-247,-167,4056,24.1,414,139,36,214807
ABprpaaaapa:155,ABprpaaaapa,155,29901,4901,184,124,4590,24.2,419,136,50,471738
ABprpaaaapa:156,ABprpaaaapa,156,29544,4544,-189,-251,4409,23.9,422,137,48,380900
ABprpaaaapa:157,ABprpaaaapa,157,29813,4813,143,95,4676,24.0,413,131,51,429290
ABprpaaaapa:158,ABprpaaaapa,158,29414,4414,-294,-346,4274,23.3,417,138,48,342175
ABprpaaaapa:159,ABprpaaaapa,159,29555,4555,-149,-152,4425,23.1,425,127,49,387990
ABprpaaaapa:160,ABprpaaaapa,160,29392,4392,-296,-228,4271,23.2,426,133,49,399446
ABprpaaaapa:161,ABprpaaaapa,161,29963,4963,208,167,4864,24.1,429,136,47,354159
ABprpaaaapa:162,ABprpaaaapa,162,29842,4842,331,325,4494,25.0,429,146,48,400104
ABprpaaaapa:163,ABprpaaaapa,163,29832,4832,341,305,4562,24.1,437,147,46,321488
ABprpaaaapa:164,ABprpaaaapa,164,29144,4144,-495,-546,3603,24.0,448,156,45,272549
ABprpaaaapa:165,ABprpaaaapa,165,29213,4213,-294,-352,3257,24.1,455,165,43,240016
ABprpaaaapa:166,ABprpaaaapa,166,29642,4642,109,100,4550,25.9,455,154,40,237716
ABprpaaaapaa:167,ABprpaaaapaa,167,29838,4838,223,181,4233,25.0,447,154,39,246516
ABprpaaaapaaa:168,ABprpaaaapaaa,168,29607,4607,-176,-181,4471,25.0,419,175,34,133246
ABprpaaaapaaa:169,ABprpaaaapaaa,169,29841,4841,228,219,4615,26.0,414,171,35,131228
ABprpaaaapaaa:170,ABprpaaaapaaa,170,30228,5228,447,415,4815,26.0,410,175,34,136575
ABprpaaaapaaa:171,ABprpaaaapaaa,171,28801,3801,-1047,-1056,3515,26.1,409,166,33,129845
ABprpaaaapaaa:172,ABprpaaaapaaa,172,30094,5094,700,676,4877,26.1,406,160,36,183323
ABprpaaaapaaa:173,ABprpaaaapaaa,173,29323,4323,-225,-323,3739,26.1,408,154,36,197332
ABprpaaaapaaa:174,ABprpaaaapaaa,174,29431,4431,-398,-311,4062,26.1,406,151,36,203746
ABprpaaaapaaa:175,ABprpaaaapaaa,175,29784,4784,107,73,4270,25.1,403,160,36,194811
ABprpaaaapaaa:176,ABprpaaaapaaa,176,29808,4808,197,110,4169,25.1,398,163,35,157207
ABprpaaaapaaa:177,ABprpaaaapaaa,177,29678,4678,361,439,3601,26.0,402,164,35,160665
ABprpaaaapaaa:178,ABprpaaaapaaa,178,28797,3797,-615,-648,3261,25.1,400,165,35,158154
ABprpaaaapaaa:179,ABprpaaaapaaa,179,29849,4849,180,169,4042,26.0,401,164,34,162788
ABprpaaaapaaa:180,ABprpaaaapaaa,180,30206,5206,731,703,4384,25.2,396,167,34,159403
ABprpaaaapaaa:181,ABprpaaaapaaa,181,29679,4679,-194,-148,3857,25.2,397,167,34,167003
ABprpaaaapaaa:182,ABprpaaaapaaa,182,30318,5318,546,522,4464,25.1,400,170,34,165653
ABprpaaaapaaa:183,ABprpaaaapaaa,183,29651,4651,-71,-102,4016,24.1,400,173,34,156605
ABprpaaaapaaa:184,ABprpaaaapaaa,184,29537,4537,79,67,3659,25.1,402,176,34,167610
ABprpaaaapaaa:185,ABprpaaaapaaa,185,29396,4396,-281,-334,3692,25.1,402,170,34,178037
ABprpaaaapaaa:186,ABprpaaaapaaa,186,29459,4459,-171,-177,3419,25.0,400,177,34,147081
ABprpaaaapaaa:187,ABprpaaaapaaa,187,29289,4289,-313,-373,3585,26.0,396,178,31,118751
ABprpaaaapaaa:188,ABprpaaaapaaa,188,31084,6084,1771,1758,5317,26.0,396,178,31,118751
ABprpaaaapaaa:189,ABprpaaaapaaa,189,29197,4197,-253,-311,3611,26.0,399,179,34,148543
ABprpaaaapaaa:190,ABprpaaaapaaa,190,29238,4238,-529,-528,3610,25.2,402,181,31,106379
ABprpaaaapaap:168,ABprpaaaapaap,168,29584,4584,-263,-263,4375,24.1,485,164,34,128723
ABprpaaaapaap:169,ABprpaaaapaap,169,29518,4518,97,97,4221,25.0,481,173,35,135028
ABprpaaaapaap:170,ABprpaaaapaap,170,29647,4647,-219,-226,3922,25.9,480,170,34,128810
ABprpaaaapaap:171,ABprpaaaapaap,171,29413,4413,-239,-249,4020,26.0,475,178,27,55644
ABprpaaaapaap:172,ABprpaaaapaap,172,28956,3956,-894,-894,3466,25.7,475,179,29,55644
ABprpaaaapaap:173,ABprpaaaapaap,173,29311,4311,-512,-512,3890,25.4,475,181,31,55644
ABprpaaaapaap:174,ABprpaaaapaap,174,29166,4166,-687,-704,3877,25.1,475,183,34,125137
ABprpaaaapaap:175,ABprpaaaapaap,175,29758,4758,-57,-74,4416,26.0,471,186,32,111347
ABprpaaaapaap:176,ABprpaaaapaap,176,29547,4547,-224,-224,4359,26.0,462,186,31,97190
ABprpaaaapaap:177,ABprpaaaapaap,177,29516,4516,-293,-306,4191,26.0,461,188,31,105798
ABprpaaaapaap:178,ABprpaaaapaap,178,29481,4481,-415,-413,3745,25.9,455,179,31,98727
ABprpaaaapaap:179,ABprpaaaapaap,179,29261,4261,-701,-701,3739,25.1,453,181,34,142045
ABprpaaaapaap:180,ABprpaaaapaap,180,29892,4892,407,407,3256,25.1,448,180,34,134130
ABprpaaaapaap:181,ABprpaaaapaap,181,29041,4041,-551,-548,2800,25.0,450,174,34,148923
ABprpaaaapaap:182,ABprpaaaapaap,182,29772,4772,259,373,2806,25.2,450,181,34,140330
ABprpaaaapaap:183,ABprpaaaapaap,183,29816,4816,12,57,2119,27.0,447,170,34,157576
ABprpaaaapaap:184,ABprpaaaapaap,184,29840,4840,276,286,1615,26.1,443,168,34,172635
ABprpaaaapaap:185,ABprpaaaapaap,185,29035,4035,-782,-843,1099,25.9,443,169,34,172635
ABprpaaaapaap:186,ABprpaaaapaap,186,29846,4846,149,18,2533,25.8,444,170,33,172635
ABprpaaaapaap:187,ABprpaaaapaap,187,29539,4539,-131,-97,909,25.6,445,171,33,172635
ABprpaaaapaap:188,ABprpaaaapaap,188,29552,4552,-91,-75,2441,25.4,446,172,32,172635
ABprpaaaapaap:189,ABprpaaaapaap,189,29889,4889,-60,-91,3521,25.3,447,173,32,172635
ABprpaaaapap:167,ABprpaaaapap,167,29649,4649,-123,-87,3803,28.1,468,153,29,82076
ABprpaaaapap:168,ABprpaaaapap,168,29594,4594,-181,-177,3828,29.0,479,155,29,76985
ABprpaaaapap:169,ABprpaaaapap,169,30251,5251,126,126,4489,29.0,479,155,29,76985
ABprpaaaapap:170,ABprpaaaapap,170,29824,4824,206,171,3772,29.0,474,154,29,77425
ABprpaaaapap:171,ABprpaaaapap,171,29464,4464,-499,-466,3697,29.1,460,157,35,135473
ABprpaaaapap:172,ABprpaaaapap,172,30928,5928,1058,1046,5111,30.0,468,161,29,82808
ABprpaaaapap:173,ABprpaaaapap,173,31018,6018,1216,1249,5457,29.0,472,157,27,57695
ABprpaaaapap:174,ABprpaaaapap,174,29648,4648,-305,-435,3884,29.1,467,158,34,137696
ABprpaaaapap:175,ABprpaaaapap,175,29848,4848,189,209,4008,29.1,466,158,32,120028
ABprpaaaapap:176,ABprpaaaapap,176,29866,4866,422,424,4207,30.0,469,163,31,98632
ABprpaaaapap:177,ABprpaaaapap,177,29421,4421,-372,-342,3955,29.1,466,158,35,139876
ABprpaaaapap:178,ABprpaaaapap,178,29466,4466,-473,-553,3649,29.0,466,157,35,150006
ABprpaaaapap:179,ABprpaaaapap,179,29223,4223,-790,-834,3794,29.1,469,160,34,143256
ABprpaaaapap:180,ABprpaaaapap,180,29630,4630,-10,6,4277,29.1,472,162,32,124546
ABprpaaaapap:181,ABprpaaaapap,181,30166,5166,351,398,4682,29.1,472,162,34,143023
ABprpaaaapap:182,ABprpaaaapap,182,29751,4751,-69,-105,4350,28.1,472,163,34,138839
ABprpaaaapap:183,ABprpaaaapap,183,29536,4536,-210,-284,3885,28.1,476,173,34,140064
ABprpaaaapap:184,ABprpaaaapap,184,30604,5604,687,621,4740,28.1,468,163,34,145474
ABprpaaaapap:185,ABprpaaaapap,185,29726,4726,-76,-94,4310,29.0,471,170,32,136840
ABprpaaaapap:186,ABprpaaaapap,186,29663,4663,-290,-190,4239,29.1,474,173,30,105147
ABprpaaaapap:187,ABprpaaaapap,187,30512,5512,612,658,5095,28.2,476,172,31,97597
ABprpaaaapap:188,ABprpaaaapap,188,29791,4791,-146,-162,4135,28.0,475,164,34,144662
ABprpaaaapap:189,ABprpaaaapap,189,29607,4607,-32,-69,4252,28.1,482,175,34,135551
ABprpaaaapap:190,ABprpaaaapap,190,29689,4689,34,101,4243,28.0,474,172,31,113272
ABprpaaaapap:191,ABprpaaaapap,191,29432,4432,-357,-324,3965,27.2,482,180,34,135149
ABprpaaaapap:192,ABprpaaaapap,192,29190,4190,-327,-287,3798,28.0,471,179,29,86409
ABprpaaaapap:193,ABprpaaaapap,193,29419,4419,-180,-196,4077,27.1,480,187,34,127386
ABprpaaaapap:194,ABprpaaaapap,194,30544,5544,715,745,4958,28.0,484,186,34,142045
ABprpaaaapap:195,ABprpaaaapap,195,30452,5452,592,651,4996,28.0,475,181,29,81271
ABprpaaaapap:196,ABprpaaaapap,196,29722,4722,91,89,4485,28.0,483,191,34,149111
ABprpaaaapap:197,ABprpaaaapap,197,29425,4425,-629,-641,4216,27.2,487,190,34,129194
ABprpaaaapap:198,ABprpaaaapap,198,29195,4195,-719,-738,3960,28.0,486,192,34,151208
ABprpaaaapap:199,ABprpaaaapap,199,29744,4744,293,309,4540,28.0,482,188,34,144851
ABprpaaaapap:200,ABprpaaaapap,200,29760,4760,262,257,4465,28.1,480,189,34,140455
ABprpaaaapap:201,ABprpaaaapap,201,29353,4353,-184,-172,4103,28.1,483,190,31,115891
ABprpaaaapap:202,ABprpaaaapap,202,30185,5185,276,294,4915,29.0,489,194,34,152949
ABprpaaaapap:203,ABprpaaaapap,203,29496,4496,-70,-72,4370,28.1,480,201,34,144006
ABprpaaaapap:204,ABprpaaaapap,204,29705,4705,-162,-115,4276,28.1,479,205,34,149578
ABprpaaaapap:205,ABprpaaaapap,205,29819,4819,88,94,4400,28.0,483,204,34,151551
ABprpaaaapap:206,ABprpaaaapap,206,29326,4326,-263,-262,3987,28.1,480,202,34,154833
ABprpaaaapap:207,ABprpaaaapap,207,28944,3944,-675,-726,3390,28.0,486,200,34,152542
ABprpaaaapap:208,ABprpaaaapap,208,29944,4944,277,310,4352,28.1,487,199,34,159240
ABprpaaaapap:209,ABprpaaaapap,209,30847,5847,1162,1184,4991,27.1,478,193,32,119777
ABprpaaaapap:210,ABprpaaaapap,210,29599,4599,-279,-285,4176,28.1,475,199,34,158658
ABprpaaaapap:211,ABprpaaaapap,211,29652,4652,-301,-324,4097,28.1,472,192,34,159397
ABprpaaaapap:212,ABprpaaaapap,212,29195,4195,-728,-614,3939,29.0,471,197,34,168585
ABprpaaaapap:213,ABprpaaaapap,213,29912,4912,181,175,4241,28.1,466,190,34,166388
ABprpaaaapap:214,ABprpaaaapap,214,29940,4940,97,89,4842,28.1,461,193,34,160502
ABprpaaaapap:215,ABprpaaaapap,215,29503,4503,-366,-355,4329,28.1,461,188,34,171050
ABprpaaaapap:216,ABprpaaaapap,216,29881,4881,294,301,4680,28.1,465,180,34,169431
ABprpaaaapap:217,ABprpaaaapap,217,29451,4451,-259,-259,4367,28.1,467,185,31,135325
ABprpaaaapap:218,ABprpaaaapap,218,30204,5204,490,487,5031,27.2,463,184,34,169993
ABprpaaaapap:219,ABprpaaaapap,219,29142,4142,-488,-451,3976,27.1,467,186,34,166789
ABprpaaaapap:220,ABprpaaaapap,220,29334,4334,-146,-168,3993,28.0,467,178,34,173190
ABprpaaaapap:221,ABprpaaaapap,221,29493,4493,-28,5,4329,27.1,462,185,34,161798
ABprpaaaapap:222,ABprpaaaapap,222,28930,3930,-882,-897,3763,27.1,465,186,34,175409
ABprpaaaapap:223,ABprpaaaapap,223,29989,4989,708,706,4878,28.1,463,190,30,154796
ABprpaaaapap:224,ABprpaaaapap,224,29747,4747,-333,-335,4608,27.1,468,190,32,173786
ABprpaaaapap:225,ABprpaaaapap,225,29338,4338,-621,-621,4240,27.9,469,184,30,170445
ABprpaaaapapa:226,ABprpaaaapapa,226,29691,4691,-343,-336,4257,27.1,442,187,29,103258
ABprpaaaapapa:227,ABprpaaaapapa,227,30317,5317,601,597,5052,27.0,436,189,34,178244
ABprpaaaapapa:228,ABprpaaaapapa,228,29748,4748,152,188,4119,27.1,436,190,34,178140
ABprpaaaapapa:229,ABprpaaaapapa,229,29507,4507,-50,-129,3886,27.1,436,190,34,178140
ABprpaaaapapa:230,ABprpaaaapapa,230,29324,4324,-469,-464,3627,28.0,443,188,29,107962
ABprpaaaapapa:231,ABprpaaaapapa,231,30172,5172,418,257,4490,28.0,437,187,34,177659
ABprpaaaapapa:232,ABprpaaaapapa,232,29392,4392,-531,-541,3726,28.0,443,190,34,172835
ABprpaaaapapa:233,ABprpaaaapapa,233,30119,5119,335,383,4615,27.1,440,187,34,177820
ABprpaaaapapa:234,ABprpaaaapapa,234,29557,4557,-128,-231,3742,27.1,436,189,34,169642
ABprpaaaapapa:235,ABprpaaaapapa,235,29418,4418,-251,-135,2548,26.1,409,199,32,166677
ABprpaaaapapa:236,ABprpaaaapapa,236,30337,5337,692,650,3191,27.1,407,206,32,172661
ABprpaaaapapa:237,ABprpaaaapapa,237,29433,4433,-367,-355,3201,27.1,407,208,32,175651
ABprpaaaapapa:238,ABprpaaaapapa,238,29651,4651,-88,-99,3389,27.1,436,198,34,170463
ABprpaaaapapa:239,ABprpaaaapapa,239,29726,4726,-131,-150,3819,28.0,437,196,34,176210
ABprpaaaapapa:240,ABprpaaaapapa,240,29392,4392,-182,-243,3208,28.0,436,189,34,188778
ABprpaaaapapa:241,ABprpaaaapapa,241,30238,5238,511,441,4287,28.0,439,197,31,150605
ABprpaaaapapa:242,ABprpaaaapapa,242,29750,4750,173,66,3755,28.1,439,197,31,150605
ABprpaaaapapa:243,ABprpaaaapapa,243,29099,4099,-671,-719,2961,28.3,438,197,31,150605
ABprpaaaapapa:244,ABprpaaaapapa,244,29149,4149,-638,-701,2479,28.4,437,198,31,150605
ABprpaaaapapa:245,ABprpaaaapapa,245,30415,5415,706,593,4069,28.6,436,198,31,150605
ABprpaaaapapa:246,ABprpaaaapapa,246,29964,4964,7,163,3258,28.7,435,199,31,150605
ABprpaaaapapa:247,ABprpaaaapapa,247,29204,4204,-901,-839,2137,28.9,434,199,31,150605
ABprpaaaapapa:248,ABprpaaaapapa,248,29609,4609,227,215,3396,29.0,433,200,31,144180
ABprpaaaapapa:249,ABprpaaaapapa,249,30074,5074,140,217,3563,28.2,433,203,34,198733
ABprpaaaapapa:250,ABprpaaaapapa,250,29787,4787,77,294,3272,29.0,429,206,31,162304
ABprpaaaapapp:226,ABprpaaaapapp,226,29707,4707,51,139,3949,28.0,492,187,34,162197
ABprpaaaapapp:227,ABprpaaaapapp,227,29539,4539,-348,-384,3403,27.1,489,181,32,149071
ABprpaaaapapp:228,ABprpaaaapapp,228,29226,4226,-736,-801,2615,28.0,489,182,30,131299
ABprpaaaapapp:229,ABprpaaaapapp,229,29671,4671,193,160,4063,26.2,493,185,31,124071
ABprpaaaapapp:230,ABprpaaaapapp,230,29953,4953,319,327,3757,26.2,490,178,34,157053
ABprpaaaapapp:231,ABprpaaaapapp,231,29617,4617,-60,-48,3509,26.2,490,180,34,169957
ABprpaaaapapp:232,ABprpaaaapapp,232,29492,4492,-450,-416,3517,26.1,489,180,34,175995
ABprpaaaapapp:233,ABprpaaaapapp,233,29344,4344,-449,-496,2890,26.1,486,188,34,172690
ABprpaaaapapp:234,ABprpaaaapapp,234,29929,4929,96,117,3864,26.1,483,186,34,183599
ABprpaaaapapp:235,ABprpaaaapapp,235,29800,4800,236,306,3581,26.1,479,183,34,178741
ABprpaaaapapp:236,ABprpaaaapapp,236,29194,4194,-502,-479,3140,26.1,476,179,34,182950
ABprpaaaapapp:237,ABprpaaaapapp,237,30187,5187,428,346,3391,27.0,474,180,29,115416
ABprpaaaapapp:238,ABprpaaaapapp,238,29719,4719,153,192,2408,26.2,468,179,34,186881
ABprpaaaapapp:239,ABprpaaaapapp,239,29185,4185,-340,-417,2333,27.1,476,185,29,118453
ABprpaaaapapp:240,ABprpaaaapapp,240,29836,4836,154,60,4032,26.2,478,186,34,194260
ABprpaaaapapp:241,ABprpaaaapapp,241,29073,4073,-554,-478,3256,26.2,477,187,31,148748
ABprpaaaapappa:242,ABprpaaaapappa,242,29703,4703,-36,-150,3862,25.1,459,167,34,212042
ABprpaaaapappa:243,ABprpaaaapappa,243,29657,4657,46,173,3756,25.1,454,165,34,191927
ABprpaaaapappa:244,ABprpaaaapappa,244,29662,4662,225,47,3251,26.1,452,175,34,203567
ABprpaaaapappa:245,ABprpaaaapappa,245,28983,3983,-511,-440,2985,25.1,443,165,31,162625
ABprpaaaapappa:246,ABprpaaaapappa,246,29627,4627,-106,-197,3340,26.1,446,173,34,224540
ABprpaaaapappa:247,ABprpaaaapappa,247,29353,4353,-426,-501,2685,26.1,441,166,34,212624
ABprpaaaapappa:248,ABprpaaaapappa,248,28803,3803,-841,-845,2003,25.2,445,166,31,153429
ABprpaaaapappa:249,ABprpaaaapappa,249,29521,4521,-560,-374,1594,26.9,447,155,30,155684
ABprpaaaapappa:250,ABprpaaaapappa,250,29189,4189,-431,-503,3016,26.1,448,164,31,163227
ABprpaaaapappp:242,ABprpaaaapappp,242,29495,4495,-328,-320,2909,26.2,478,193,34,197395
ABprpaaaapappp:243,ABprpaaaapappp,243,29621,4621,-54,-113,3305,26.2,480,195,34,194132
ABprpaaaapappp:244,ABprpaaaapappp,244,29372,4372,-390,-364,3803,24.1,486,178,34,150649
ABprpaaaapappp:245,ABprpaaaapappp,245,29421,4421,-167,-195,3531,26.2,471,193,31,155062
ABprpaaaapappp:246,ABprpaaaapappp,246,29515,4515,-219,-234,2894,26.1,471,195,34,184621
ABprpaaaapappp:247,ABprpaaaapappp,247,29342,4342,-85,1,2933,26.2,474,201,34,182784
ABprpaaaapappp:248,ABprpaaaapappp,248,29847,4847,195,221,3895,27.0,471,202,31,154181
ABprpaaaapappp:249,ABprpaaaapappp,249,29851,4851,253,327,3373,26.2,469,202,34,203927
ABprpaaaapappp:250,ABprpaaaapappp,250,28689,3689,-910,-902,2492,26.2,468,203,31,163206
ABprpaaaapp:138,ABprpaaaapp,138,28792,3792,-930,-932,3540,22.0,495,107,40,169903
ABprpaaaapp:139,ABprpaaaapp,139,29365,4365,-222,-270,3799,22.1,487,111,42,187988
ABprpaaaapp:140,ABprpaaaapp,140,29420,4420,-358,-395,4079,23.0,483,114,43,195810
ABprpaaaapp:141,ABprpaaaapp,141,29580,4580,-137,-158,4284,22.0,480,125,45,223766
ABprpaaaapp:142,ABprpaaaapp,142,29655,4655,-249,-312,4178,21.9,473,124,44,226777
ABprpaaaapp:143,ABprpaaaapp,143,29466,4466,-255,-248,4186,22.0,473,124,45,233449
ABprpaaaapp:144,ABprpaaaapp,144,29414,4414,-337,-306,4259,22.9,472,119,46,292976
ABprpaaaapp:145,ABprpaaaapp,145,29775,4775,-30,-95,4380,22.2,468,117,48,341040
ABprpaaaapp:146,ABprpaaaapp,146,29042,4042,-733,-679,3859,23.0,464,118,46,299997
ABprpaaaapp:147,ABprpaaaapp,147,29679,4679,-251,-276,4455,23.0,465,118,46,332138
ABprpaaaapp:148,ABprpaaaapp,148,29489,4489,-271,-201,4043,23.1,466,119,46,334366
ABprpaaaapp:149,ABprpaaaapp,149,29696,4696,-171,-217,4358,24.0,464,121,51,429903
ABprpaaaapp:150,ABprpaaaapp,150,29716,4716,85,33,4502,25.0,463,125,51,422122
ABprpaaaapp:151,ABprpaaaapp,151,29576,4576,-241,-280,4350,25.2,456,128,51,418074
ABprpaaaapp:152,ABprpaaaapp,152,29492,4492,-393,-465,4371,26.1,461,129,51,450039
ABprpaaaapp:153,ABprpaaaapp,153,29674,4674,-9,1,4592,26.1,470,131,51,425422
ABprpaaaapp:154,ABprpaaaapp,154,30077,5077,124,105,4961,26.3,469,135,52,465692
ABprpaaaapp:155,ABprpaaaapp,155,30048,5048,381,393,4915,27.0,478,136,50,430529
ABprpaaaapp:156,ABprpaaaapp,156,29902,4902,64,58,4787,27.1,474,138,48,333929
ABprpaaaapp:157,ABprpaaaapp,157,29362,4362,-262,-216,4265,27.0,474,135,47,292310
ABprpaaaapp:158,ABprpaaaapp,158,29370,4370,-452,-492,4297,27.9,466,139,46,298516
ABprpaaaapp:159,ABprpaaaapp,159,29393,4393,-381,-402,4237,27.1,468,135,49,355008
ABprpaaaapp:160,ABprpaaaapp,160,29805,4805,249,235,4709,27.1,473,134,49,369883
ABprpaaaapp:161,ABprpaaaapp,161,29858,4858,-29,-39,4738,27.2,482,138,49,358991
ABprpaaaapp:162,ABprpaaaapp,162,29828,4828,186,202,4734,27.2,484,142,48,359817
ABprpaaaapp:163,ABprpaaaapp,163,29934,4934,22,22,4810,27.1,492,147,38,234043
ABprpaaaapp:164,ABprpaaaapp,164,29463,4463,-1082,-1082,4446,28.0,499,155,35,175576
ABprpaaaapp:165,ABprpaaaapp,165,29717,4717,20,9,4384,28.1,476,153,27,66666
ABprpaaaapp:166,ABprpaaaapp,166,31763,6763,410,645,6242,29.9,529,175,40,186455
ABprpaaaapp:167,ABprpaaaapp,167,30135,5135,-1241,-1116,4329,30.1,528,184,29,78414
ABprpaaap:89,ABprpaaap,89,29585,4585,-89,-81,3788,16.3,559,135,62,0
ABprpaaap:90,ABprpaaap,90,29690,4690,-21,47,4665,15.7,568,142,59,0
ABprpaaap:91,ABprpaaap,91,29354,4354,-324,-354,4325,15.0,577,149,56,0
ABprpaaap:92,ABprpaaap,92,29560,4560,-122,-129,4548,15.1,575,148,56,0
ABprpaaap:93,ABprpaaap,93,29627,4627,-49,-37,4623,15.1,572,147,56,0
ABprpaaap:94,ABprpaaap,94,29715,4715,-1,3,4714,15.2,570,145,56,0
ABprpaaap:95,ABprpaaap,95,29495,4495,-303,-300,4495,15.2,567,144,56,0
ABprpaaap:96,ABprpaaap,96,30066,5066,393,398,5066,15.3,564,142,56,0
ABprpaaap:97,ABprpaaap,97,29647,4647,-85,-88,4647,15.3,562,141,56,0
ABprpaaap:98,ABprpaaap,98,29855,4855,149,149,4855,15.4,559,139,56,0
ABprpaaap:99,ABprpaaap,99,29635,4635,-43,-43,4635,15.4,557,138,56,0
ABprpaaap:100,ABprpaaap,100,29735,4735,27,27,4735,15.5,554,136,56,0
ABprpaaap:101,ABprpaaap,101,29414,4414,-216,-216,4414,15.6,551,135,56,0
ABprpaaap:102,ABprpaaap,102,29827,4827,154,154,4827,15.6,549,134,56,0
ABprpaaap:103,ABprpaaap,103,29405,4405,-270,-270,4405,15.7,546,132,56,0
ABprpaaap:104,ABprpaaap,104,29308,4308,-446,-447,4308,15.7,544,131,56,0
ABprpaaap:105,ABprpaaap,105,29518,4518,-223,-224,4518,15.8,541,129,56,0
ABprpaaap:106,ABprpaaap,106,29227,4227,-478,-480,4227,15.8,538,128,56,0
ABprpaaap:107,ABprpaaap,107,29228,4228,-557,-563,4228,15.9,536,126,56,0
ABprpaaap:108,ABprpaaap,108,29619,4619,-116,-112,4619,15.9,533,125,56,0
ABprpaaap:109,ABprpaaap,109,29893,4893,209,211,4893,16.0,530,123,56,0
ABprpaaap:110,ABprpaaap,110,29582,4582,-245,-248,4582,15.8,526,123,56,0
ABprpaaap:111,ABprpaaap,111,29795,4795,44,50,4795,15.7,522,123,56,0
ABprpaaap:112,ABprpaaap,112,29653,4653,-61,-64,4652,15.5,518,123,56,0
ABprpaaap:113,ABprpaaap,113,29445,4445,-263,-268,4445,15.3,514,124,56,0
ABprpaaap:114,ABprpaaap,114,29659,4659,-63,-97,4646,15.2,510,124,55,0
ABprpaaap:115,ABprpaaap,115,29551,4551,-105,-142,4543,15.0,506,124,55,0
ABprpaaap:116,ABprpaaap,116,29397,4397,-290,-342,4391,14.8,502,125,55,0
ABprpaaap:117,ABprpaaap,117,29499,4499,-225,-220,4490,14.6,498,125,55,0
ABprpaaap:118,ABprpaaap,118,29455,4455,-127,-144,4452,14.5,494,125,55,0
ABprpaaap:119,ABprpaaap,119,29237,4237,-538,-543,4233,14.3,490,126,54,355511
ABprpaaap:120,ABprpaaap,120,28876,3876,-848,-848,3870,14.0,480,121,38,176575
ABprpaaap:121,ABprpaaap,121,29099,4099,-458,-458,4028,14.1,474,133,35,138196
ABprpaaapa:122,ABprpaaapa,122,29309,4309,-187,-187,4095,13.2,448,143,35,101407
ABprpaaapa:123,ABprpaaapa,123,29288,4288,-211,-209,4047,13.0,442,136,36,142283
ABprpaaapa:124,ABprpaaapa,124,29055,4055,-593,-585,3268,13.1,443,129,35,116562
ABprpaaapa:125,ABprpaaapa,125,29266,4266,-183,-207,3481,13.0,438,127,36,146303
ABprpaaapa:126,ABprpaaapa,126,28903,3903,-851,-893,3056,13.1,442,120,37,120639
ABprpaaapa:127,ABprpaaapa,127,29230,4230,-446,-470,3736,13.0,442,130,37,119041
ABprpaaapa:128,ABprpaaapa,128,28985,3985,-671,-691,3540,13.0,444,123,35,98056
ABprpaaapa:129,ABprpaaapa,129,28874,3874,-470,-496,3174,13.1,441,114,36,127506
ABprpaaapa:130,ABprpaaapa,130,29199,4199,-397,-422,3513,13.0,441,109,37,129696
ABprpaaapa:131,ABprpaaapa,131,29537,4537,-3,-28,3827,14.1,434,104,38,148642
ABprpaaapa:132,ABprpaaapa,132,29805,4805,-198,-282,4281,14.1,432,103,38,163590
ABprpaaapa:133,ABprpaaapa,133,29292,4292,-306,-350,3306,13.2,428,103,37,127254
ABprpaaapa:134,ABprpaaapa,134,29491,4491,-198,-251,4058,14.2,429,96,41,174646
ABprpaaapa:135,ABprpaaapa,135,29367,4367,-292,-290,3792,15.1,427,101,42,198852
ABprpaaapa:136,ABprpaaapa,136,29146,4146,-471,-534,3526,14.1,414,104,43,194279
ABprpaaapa:137,ABprpaaapa,137,29364,4364,-355,-452,3672,14.9,417,110,40,183096
ABprpaaapa:138,ABprpaaapa,138,29423,4423,-212,-271,3803,14.2,415,106,44,227588
ABprpaaapa:139,ABprpaaapa,139,29363,4363,-372,-363,4010,15.1,409,111,44,233307
ABprpaaapa:140,ABprpaaapa,140,29271,4271,-444,-487,3989,14.2,404,109,45,215169
ABprpaaapa:141,ABprpaaapa,141,29368,4368,-470,-503,4180,14.3,410,114,45,209929
ABprpaaapa:142,ABprpaaapa,142,28978,3978,-818,-830,3769,14.3,407,112,46,291614
ABprpaaapa:143,ABprpaaapa,143,29193,4193,-560,-719,3993,14.2,406,117,49,336617
ABprpaaapa:144,ABprpaaapa,144,29176,4176,-568,-627,3903,14.2,402,108,48,348852
ABprpaaapa:145,ABprpaaapa,145,29286,4286,-521,-609,3990,15.0,393,114,50,432131
ABprpaaapa:146,ABprpaaapa,146,29651,4651,-16,-29,4350,14.3,390,114,50,416974
ABprpaaapa:147,ABprpaaapa,147,28977,3977,-613,-699,3358,14.1,388,107,34,158036
ABprpaaapa:148,ABprpaaapa,148,28967,3967,-505,-528,3225,14.2,385,104,34,164024
ABprpaaapa:149,ABprpaaapa,149,29627,4627,27,-1,4333,14.2,390,107,51,446270
ABprpaaapa:150,ABprpaaapa,150,29084,4084,-512,-539,3725,14.3,385,104,51,450837
ABprpaaapa:151,ABprpaaapa,151,29589,4589,-140,-230,4179,14.4,379,107,49,406906
ABprpaaapa:152,ABprpaaapa,152,29295,4295,-301,-347,3981,15.3,377,106,35,171491
ABprpaaapa:153,ABprpaaapa,153,29300,4300,-393,-452,4043,15.2,384,106,35,172153
ABprpaaapa:154,ABprpaaapa,154,29485,4485,-103,-90,4157,16.0,382,103,52,544777
ABprpaaapa:155,ABprpaaapa,155,29250,4250,-341,-425,3361,16.0,382,103,52,544777
ABprpaaapa:156,ABprpaaapa,156,29661,4661,43,-136,4425,16.1,383,108,36,189598
ABprpaaapa:157,ABprpaaapa,157,29313,4313,-361,-503,4094,17.1,372,107,47,342483
ABprpaaapa:158,ABprpaaapa,158,29489,4489,-236,-321,4278,16.9,374,102,46,341177
ABprpaaapa:159,ABprpaaapa,159,29358,4358,-327,-388,4190,16.2,375,107,49,390692
ABprpaaapa:160,ABprpaaapa,160,29010,4010,-599,-682,3648,16.2,377,105,47,316718
ABprpaaapa:161,ABprpaaapa,161,29684,4684,-42,-155,4296,17.1,381,109,47,361305
ABprpaaapa:162,ABprpaaapa,162,29420,4420,-190,-273,3940,17.1,373,108,46,357714
ABprpaaapa:163,ABprpaaapa,163,29457,4457,-81,-136,4139,17.0,373,113,42,278943
ABprpaaapa:164,ABprpaaapa,164,28984,3984,-623,-640,3810,17.1,370,111,41,288395
ABprpaaapa:165,ABprpaaapa,165,29506,4506,-64,-86,4045,19.0,352,121,41,237394
ABprpaaapa:166,ABprpaaapa,166,29624,4624,-299,-387,4214,19.1,346,131,40,236510
ABprpaaapa:167,ABprpaaapa,167,29523,4523,172,153,4034,19.9,347,136,39,188324
ABprpaaapa:168,ABprpaaapa,168,30573,5573,1026,1100,4333,19.2,347,139,38,188458
ABprpaaapa:169,ABprpaaapa,169,29306,4306,-411,-394,3679,19.2,335,145,39,195005
ABprpaaapa:170,ABprpaaapa,170,29026,4026,-503,-568,3531,19.2,337,149,38,198089
ABprpaaapa:171,ABprpaaapa,171,29478,4478,-317,-339,3933,19.1,329,147,37,197879
ABprpaaapa:172,ABprpaaapa,172,29366,4366,-67,-81,3890,19.1,327,150,36,209847
ABprpaaapa:173,ABprpaaapa,173,29549,4549,-72,-53,3949,19.1,329,143,36,217812
ABprpaaapa:174,ABprpaaapa,174,28777,3777,-768,-787,2618,20.0,329,135,36,218950
ABprpaaapa:175,ABprpaaapa,175,29617,4617,137,73,3633,18.3,320,142,36,197373
ABprpaaapa:176,ABprpaaapa,176,29375,4375,-82,-77,3123,19.1,323,136,35,195418
ABprpaaapa:177,ABprpaaapa,177,29254,4254,-218,-191,2257,19.1,317,133,35,207501
ABprpaaapa:178,ABprpaaapa,178,29520,4520,167,142,2559,18.0,316,134,35,204892
ABprpaaapa:179,ABprpaaapa,179,29323,4323,15,49,1739,19.0,320,135,34,206709
ABprpaaapa:180,ABprpaaapa,180,29388,4388,-319,-338,2934,19.1,324,130,34,209264
ABprpaaapa:181,ABprpaaapa,181,29660,4660,-213,-184,3152,19.1,315,130,34,223414
ABprpaaapa:182,ABprpaaapa,182,29263,4263,-233,-210,1712,18.1,313,135,34,217881
ABprpaaapa:183,ABprpaaapa,183,29756,4756,-15,-162,2905,18.1,319,133,34,216935
ABprpaaapa:184,ABprpaaapa,184,30131,5131,517,518,2829,18.1,319,133,34,216935
ABprpaaapa:185,ABprpaaapa,185,30371,5371,633,503,3384,18.1,314,130,34,234561
ABprpaaapa:186,ABprpaaapa,186,29022,4022,-548,-525,1753,18.2,307,130,34,194792
ABprpaaapa:187,ABprpaaapa,187,29427,4427,-71,-29,1829,19.0,315,121,31,157496
ABprpaaapa:188,ABprpaaapa,188,29371,4371,-256,-217,2751,19.0,318,126,34,207468
ABprpaaapa:189,ABprpaaapa,189,30185,5185,589,573,3579,18.2,320,127,34,192131
ABprpaaapa:190,ABprpaaapa,190,29361,4361,-400,-338,2303,19.2,323,127,31,159944
ABprpaaapa:191,ABprpaaapa,191,29470,4470,-33,-108,2029,19.1,320,124,34,211381
ABprpaaapa:192,ABprpaaapa,192,29110,4110,-317,-208,2225,19.1,319,128,34,218492
ABprpaaapa:193,ABprpaaapa,193,29312,4312,-290,-298,1998,19.1,321,127,34,224227
ABprpaaapa:194,ABprpaaapa,194,29298,4298,-334,-409,2549,19.0,322,125,34,223956
ABprpaaapa:195,ABprpaaapa,195,29199,4199,-378,-380,2249,19.1,319,125,31,177119
ABprpaaapa:196,ABprpaaapa,196,29091,4091,-312,-312,2062,19.1,319,127,34,225983
ABprpaaapa:197,ABprpaaapa,197,29459,4459,-205,-192,2005,19.1,314,120,34,232824
ABprpaaapa:198,ABprpaaapa,198,29971,4971,575,625,3041,20.0,316,121,34,237968
ABprpaaapa:199,ABprpaaapa,199,29595,4595,89,81,1905,19.1,315,121,34,236873
ABprpaaapa:200,ABprpaaapa,200,30096,5096,718,736,2046,19.1,315,121,34,236873
ABprpaaapa:201,ABprpaaapa,201,29451,4451,-58,-105,2607,20.1,316,128,31,176641
ABprpaaapa:202,ABprpaaapa,202,30344,5344,971,1047,3076,20.1,316,127,34,240007
ABprpaaapa:203,ABprpaaapa,203,28786,3786,-839,-870,1923,20.1,313,130,34,241958
ABprpaaapa:204,ABprpaaapa,204,29109,4109,-569,-580,3373,21.0,315,135,34,252291
ABprpaaapa:205,ABprpaaapa,205,29656,4656,-50,-131,2807,21.0,315,136,34,249294
ABprpaaapa:206,ABprpaaapa,206,29651,4651,-151,-108,3432,23.1,320,142,34,244114
ABprpaaapa:207,ABprpaaapa,207,29080,4080,-530,-578,2511,23.0,321,144,34,247734
ABprpaaapa:208,ABprpaaapa,208,29634,4634,-103,-105,2964,23.3,321,147,33,247734
ABprpaaapa:209,ABprpaaapa,209,30084,5084,379,441,2650,23.7,321,150,31,247734
ABprpaaapa:210,ABprpaaapa,210,29819,4819,447,453,2649,24.0,320,154,29,134670
ABprpaaapa:211,ABprpaaapa,211,28978,3978,-600,-642,2376,23.2,317,159,34,242478
ABprpaaapa:212,ABprpaaapa,212,29505,4505,-6,4,2457,23.2,317,159,34,242478
ABprpaaapa:213,ABprpaaapa,213,29479,4479,-4,-69,2162,23.1,313,160,29,152425
ABprpaaapaa:214,ABprpaaapaa,214,29586,4586,-262,-477,508,22.0,310,149,34,264068
ABprpaaapap:214,ABprpaaapap,214,29469,4469,-161,-298,2592,24.0,314,159,34,281463
ABprpaaapap:215,ABprpaaapap,215,29373,4373,-181,-287,2740,22.0,310,157,34,271533
ABprpaaapap:216,ABprpaaapap,216,29280,4280,-270,-303,1664,22.1,314,154,34,253011
ABprpaaapp:122,ABprpaaapp,122,29570,4570,143,143,4515,15.0,508,130,35,105212
ABprpaaapp:123,ABprpaaapp,123,28923,3923,-784,-784,3874,15.2,513,127,34,105190
ABprpaaapp:124,ABprpaaapp,124,29144,4144,-394,-394,4062,15.0,517,128,35,101116
ABprpaaapp:125,ABprpaaapp,125,29217,4217,-390,-390,4191,16.0,513,135,36,119145
ABprpaaapp:126,ABprpaaapp,126,29054,4054,-449,-449,4020,15.9,513,133,36,119145
ABprpaaapp:127,ABprpaaapp,127,29685,4685,206,200,4593,15.7,512,131,36,119145
ABprpaaapp:128,ABprpaaapp,128,29214,4214,-326,-342,3992,15.6,511,129,36,119145
ABprpaaapp:129,ABprpaaapp,129,29206,4206,-364,-372,4024,15.4,510,126,35,119145
ABprpaaapp:130,ABprpaaapp,130,28867,3867,-915,-930,3693,15.3,509,124,35,119145
ABprpaaapp:131,ABprpaaapp,131,29264,4264,-478,-484,4060,15.1,508,122,35,119145
ABprpaaapp:132,ABprpaaapp,132,29493,4493,5,-14,3961,15.0,507,119,34,98084
ABprpaaapp:133,ABprpaaapp,133,29077,4077,-490,-490,3784,15.1,504,112,29,57746
ABprpaaapp:134,ABprpaaapp,134,29487,4487,-288,-292,4336,15.1,497,115,39,150164
ABprpaaapp:135,ABprpaaapp,135,29853,4853,165,141,4578,15.1,496,112,40,156063
ABprpaaapp:136,ABprpaaapp,136,29289,4289,-283,-296,4214,16.0,485,115,39,143177
ABprpaaapp:137,ABprpaaapp,137,29837,4837,24,24,4791,15.1,487,114,40,157123
ABprpaaapp:138,ABprpaaapp,138,29314,4314,-347,-349,4276,15.2,487,112,42,169693
ABprpaaapp:139,ABprpaaapp,139,29548,4548,-168,-141,4481,16.0,482,104,42,193502
ABprpaaapp:140,ABprpaaapp,140,29376,4376,-210,-201,4325,16.0,474,105,45,224516
ABprpaaapp:141,ABprpaaapp,141,29117,4117,-409,-449,4013,16.0,477,105,45,227237
ABprpaaapp:142,ABprpaaapp,142,29381,4381,-135,-177,4295,16.0,470,104,48,317260
ABprpaaapp:143,ABprpaaapp,143,29786,4786,159,140,4714,16.0,467,102,47,279240
ABprpaaapp:144,ABprpaaapp,144,29112,4112,-371,-347,3990,16.0,460,94,46,287142
ABprpaaapp:145,ABprpaaapp,145,29491,4491,-7,-45,4364,16.1,460,96,46,311274
ABprpaaapp:146,ABprpaaapp,146,29590,4590,-64,-56,4484,16.0,457,95,48,354207
ABprpaaapp:147,ABprpaaapp,147,29462,4462,-249,-236,4242,15.9,456,97,46,308212
ABprpaaapp:148,ABprpaaapp,148,29802,4802,203,182,4560,15.2,454,93,48,360660
ABprpaaapp:149,ABprpaaapp,149,29427,4427,-135,-108,4024,15.4,454,91,51,392780
ABprpaaapp:150,ABprpaaapp,150,29287,4287,-299,-273,3853,15.3,454,92,49,379710
ABprpaaapp:151,ABprpaaapp,151,29452,4452,21,-12,4018,16.0,447,91,51,439792
ABprpaaapp:152,ABprpaaapp,152,28883,3883,-636,-670,3399,16.1,444,94,51,455378
ABprpaaapp:153,ABprpaaapp,153,29374,4374,-377,-438,4000,16.1,440,91,51,473898
ABprpaaapp:154,ABprpaaapp,154,29536,4536,31,-59,4220,15.3,442,93,50,451877
ABprpaaapp:155,ABprpaaapp,155,29012,4012,-553,-595,3700,16.2,444,94,52,505819
ABprpaaapp:156,ABprpaaapp,156,29347,4347,-143,-82,3967,16.1,442,93,52,447731
ABprpaaapp:157,ABprpaaapp,157,29787,4787,230,114,4511,16.2,436,95,51,416758
ABprpaaapp:158,ABprpaaapp,158,29145,4145,-323,-229,3802,16.2,435,95,48,362543
ABprpaaapp:159,ABprpaaapp,159,29241,4241,-165,-206,3660,16.1,435,99,49,392985
ABprpaaapp:160,ABprpaaapp,160,29531,4531,25,8,4084,16.2,443,100,49,384948
ABprpaaapp:161,ABprpaaapp,161,29305,4305,-351,-357,3658,16.9,439,98,45,313699
ABprpaaapp:162,ABprpaaapp,162,28779,3779,-825,-806,3308,17.0,436,100,38,244844
ABprpaaapp:163,ABprpaaapp,163,29680,4680,257,289,3717,17.0,412,106,30,134067
ABprpaaapp:164,ABprpaaapp,164,29002,4002,-303,-351,3032,17.0,411,100,41,233391
ABprpaaapp:165,ABprpaaapp,165,29333,4333,-43,-22,3320,17.0,401,92,45,290788
ABprpaaapp:166,ABprpaaapp,166,29460,4460,-75,-104,3842,17.0,392,93,40,246338
ABprpaaapp:167,ABprpaaapp,167,28710,3710,-552,-610,3091,16.1,383,92,39,201444
ABprpaaapp:168,ABprpaaapp,168,29156,4156,-143,-178,3650,17.0,379,88,36,197706
ABprpaaapp:169,ABprpaaapp,169,29265,4265,76,59,3254,17.1,374,90,39,211333
ABprpaaapp:170,ABprpaaapp,170,29083,4083,-89,-39,2952,17.0,367,90,34,167132
ABprpaaapp:171,ABprpaaapp,171,29052,4052,-150,-115,3348,17.1,365,91,37,203060
ABprpaaapp:172,ABprpaaapp,172,29215,4215,-121,-164,3722,17.1,363,94,36,210701
ABprpaaapp:173,ABprpaaapp,173,29018,4018,-108,-112,3300,16.3,364,98,36,197186
ABprpaaapp:174,ABprpaaapp,174,29293,4293,-10,-49,3462,17.1,361,97,36,202645
ABprpaaapp:175,ABprpaaapp,175,29815,4815,460,421,4168,16.3,358,96,36,193339
ABprpaaapp:176,ABprpaaapp,176,29500,4500,-97,-165,3883,16.3,356,98,35,167119
ABprpaaapp:177,ABprpaaapp,177,29215,4215,-40,-85,3645,17.1,362,94,35,189405
ABprpaaapp:178,ABprpaaapp,178,29131,4131,-506,-428,3673,16.2,363,93,35,185779
ABprpaaapp:179,ABprpaaapp,179,29416,4416,57,91,3832,17.1,364,91,34,189545
ABprpaaapp:180,ABprpaaapp,180,29214,4214,-16,-36,3749,16.3,369,92,34,183074
ABprpaaapp:181,ABprpaaapp,181,29566,4566,151,157,3990,17.0,360,96,34,203008
ABprpaaapp:182,ABprpaaapp,182,29814,4814,439,423,4465,17.0,357,92,34,200707
ABprpaaapp:183,ABprpaaapp,183,29736,4736,92,154,4274,17.1,357,98,34,207508
ABprpaaapp:184,ABprpaaapp,184,29288,4288,-407,-352,3414,16.3,355,100,34,192254
ABprpaaapp:185,ABprpaaapp,185,29316,4316,-6,-7,3898,16.3,359,98,34,199707
ABprpaaapp:186,ABprpaaapp,186,28829,3829,-638,-649,3131,17.0,354,97,34,189197
ABprpaaapp:187,ABprpaaapp,187,28992,3992,-566,-569,3426,17.2,357,98,31,130551
ABprpaaapp:188,ABprpaaapp,188,29681,4681,25,5,4065,18.0,366,97,34,197542
ABprpaaapp:189,ABprpaaapp,189,29510,4510,91,99,3743,17.3,367,103,34,168563
ABprpaaapp:190,ABprpaaapp,190,28976,3976,-741,-793,3259,17.3,371,97,31,128275
ABprpaaapp:191,ABprpaaapp,191,29166,4166,-678,-795,3233,18.1,375,90,34,190084
ABprpaaapp:192,ABprpaaapp,192,29650,4650,322,324,3859,18.1,369,93,34,196712
ABprpaaapp:193,ABprpaaapp,193,29056,4056,-568,-499,3566,17.3,363,92,34,167897
ABprpaaapp:194,ABprpaaapp,194,29240,4240,-181,-114,3228,18.1,371,92,34,216298
ABprpaaapp:195,ABprpaaapp,195,28920,3920,-460,-483,3276,18.1,367,95,31,160107
ABprpaaapp:196,ABprpaaapp,196,29055,4055,-400,-384,3548,18.1,363,95,34,205100
ABprpaaapp:197,ABprpaaapp,197,29442,4442,-32,-5,3520,18.1,362,98,34,201029
ABprpaaapp:198,ABprpaaapp,198,29922,4922,427,335,4108,18.1,362,102,34,212045
ABprpaaapp:199,ABprpaaapp,199,29493,4493,-44,-85,3622,18.0,361,99,34,216008
ABprpaaapp:200,ABprpaaapp,200,28986,3986,-358,-449,2841,19.0,358,101,29,129305
ABprpaaapp:201,ABprpaaapp,201,29566,4566,93,93,4106,17.4,357,90,31,149916
ABprpaaapp:202,ABprpaaapp,202,28757,3757,-649,-654,3394,17.2,355,89,34,213183
ABprpaaapp:203,ABprpaaapp,203,29387,4387,-81,-93,3918,17.2,350,91,34,210261
ABprpaaapp:204,ABprpaaapp,204,29031,4031,-419,-461,3407,18.1,351,88,34,221917
ABprpaaapp:205,ABprpaaapp,205,29372,4372,-107,-123,3541,17.1,345,88,34,222622
ABprpaaapp:206,ABprpaaapp,206,28929,3929,-463,-466,3009,17.0,349,86,34,232544
ABprpaaapp:207,ABprpaaapp,207,29416,4416,-263,-262,3624,17.0,351,88,34,235494
ABprpaaapp:208,ABprpaaapp,208,29239,4239,-240,-247,3004,17.1,350,89,34,226504
ABprpaaapp:209,ABprpaaapp,209,29559,4559,-113,-228,2701,16.1,342,89,29,149216
ABprpaap:61,ABprpaap,61,29688,4688,-156,-135,4670,21.5,616,171,66,0
ABprpaap:62,ABprpaap,62,29561,4561,-352,-343,4560,22.0,637,186,64,0
ABprpap:46,ABprpap,46,29677,4677,-68,-118,4677,23.0,511,167,71,0
ABprpap:47,ABprpap,47,29676,4676,-15,-15,4676,24.0,466,189,68,0
ABprpp:37,ABprpp,37,29601,4601,-111,-88,4601,21.0,660,209,77,0
ABprpp:38,ABprpp,38,29549,4549,-200,-200,4549,21.0,674,213,74,0
ABprpp:39,ABprpp,39,29338,4338,-470,-470,4338,20.9,675,212,74,0
ABprpp:40,ABprpp,40,29542,4542,-208,-208,4542,20.8,676,211,73,0
ABprpp:41,ABprpp,41,29425,4425,-213,-213,4425,20.6,678,210,73,0
ABprpp:42,ABprpp,42,29399,4399,-432,-432,4399,20.5,679,209,72,0
ABprpp:43,ABprpp,43,29567,4567,-236,-236,4567,20.4,681,208,72,0
ABprpp:44,ABprpp,44,29426,4426,-380,-380,4426,20.3,682,207,71,0
ABprpp:45,ABprpp,45,29491,4491,-332,-332,4491,20.2,684,206,70,0
ABprpp:46,ABprpp,46,29499,4499,-304,-304,4499,20.1,685,205,70,0
ABprpp:47,ABprpp,47,29390,4390,-428,-428,4390,19.9,687,203,69,0
ABprpp:48,ABprpp,48,29281,4281,-411,-411,4281,19.8,688,202,69,0
ABprpp:49,ABprpp,49,29393,4393,-341,-341,4393,19.7,690,201,68,0
ABprpp:50,ABprpp,50,29367,4367,-488,-488,4367,19.6,691,200,67,0
ABprpp:51,ABprpp,51,29507,4507,-283,-283,4507,19.5,693,199,67,0
ABprpp:52,ABprpp,52,29294,4294,-603,-603,4294,19.4,694,198,66,0
ABprpp:53,ABprpp,53,29478,4478,-319,-319,4478,19.2,696,197,66,0
ABprpp:54,ABprpp,54,29801,4801,-16,-16,4801,19.1,697,196,65,0
ABprpp:55,ABprpp,55,29420,4420,-281,-281,4420,19.0,699,194,64,0
ABprpp:56,ABprpp,56,29360,4360,-311,-311,4360,18.8,700,197,64,0
ABprpp:57,ABprpp,57,29327,4327,-325,-325,4327,18.7,701,201,64,0
ABprpp:58,ABprpp,58,29255,4255,-435,-435,4255,18.5,703,205,64,0
ABprpp:59,ABprpp,59,29614,4614,-76,-76,4614,18.3,704,208,64,0
ABprpp:60,ABprpp,60,29343,4343,-434,-434,4343,18.2,705,212,64,0
ABprpp:61,ABprpp,61,29491,4491,-300,-300,4491,18.0,707,216,64,0
ABprppa:62,ABprppa,62,29893,4893,162,143,4866,16.5,693,197,64,0
ABprppa:63,ABprppa,63,29543,4543,-138,-150,4543,15.0,678,177,64,0
ABprppa:64,ABprppa,64,29475,4475,-246,-270,4475,14.8,679,177,64,0
ABprppa:65,ABprppa,65,29490,4490,-343,-363,4490,14.6,680,178,64,0
ABprppa:66,ABprppa,66,29619,4619,20,-23,4619,14.5,681,179,63,0
ABprppa:67,ABprppa,67,29572,4572,-30,-36,4572,14.3,683,179,63,0
ABprppa:68,ABprppa,68,29630,4630,173,145,4630,14.1,684,180,63,0
ABprppa:69,ABprppa,69,29831,4831,233,223,4831,13.9,685,181,62,0
ABprppa:70,ABprppa,70,29545,4545,-7,-36,4545,13.8,687,181,62,0
ABprppa:71,ABprppa,71,29465,4465,-154,-170,4465,13.6,688,182,62,0
ABprppa:72,ABprppa,72,29660,4660,74,82,4660,13.4,689,183,61,0
ABprppa:73,ABprppa,73,29441,4441,-131,-139,4441,13.2,690,184,61,0
ABprppa:74,ABprppa,74,29433,4433,-131,-143,4433,13.1,692,184,61,0
ABprppa:75,ABprppa,75,29418,4418,-161,-167,4418,12.9,693,185,60,0
ABprppa:76,ABprppa,76,29372,4372,-181,-195,4372,12.7,694,186,60,0
ABprppa:77,ABprppa,77,29283,4283,-298,-296,4283,12.5,696,186,60,0
ABprppa:78,ABprppa,78,29269,4269,-231,-239,4269,12.4,697,187,59,0
ABprppa:79,ABprppa,79,29232,4232,-349,-353,4232,12.2,698,188,59,0
ABprppa:80,ABprppa,80,29131,4131,-459,-453,4131,12.0,700,189,58,0
ABprppa:81,ABprppa,81,29522,4522,-20,-5,4522,12.3,700,189,58,0
ABprppa:82,ABprppa,82,29521,4521,-68,-67,4521,12.6,699,189,58,0
ABprppa:83,ABprppa,83,29428,4428,16,1,4428,12.9,698,189,58,0
ABprppa:84,ABprppa,84,29584,4584,109,106,4584,13.2,697,190,58,0
ABprppa:85,ABprppa,85,29526,4526,72,94,4526,13.5,696,190,58,0
ABprppa:86,ABprppa,86,29136,4136,-333,-322,4136,13.8,695,190,58,0
ABprppa:87,ABprppa,87,29567,4567,98,80,4567,14.1,694,191,58,0
ABprppa:88,ABprppa,88,29401,4401,-195,-218,4401,14.4,693,191,58,0
ABprppa:89,ABprppa,89,29116,4116,-476,-454,4116,14.7,692,191,58,0
ABprppa:90,ABprppa,90,29234,4234,-354,-351,4234,15.0,691,192,58,0
ABprppaa:91,ABprppaa,91,29456,4456,29,29,4456,15.0,684,154,54,0
ABprppaa:92,ABprppaa,92,29376,4376,55,56,4376,15.1,680,153,54,0
ABprppaa:93,ABprppaa,93,29385,4385,35,34,4385,15.1,676,151,53,0
ABprppaa:94,ABprppaa,94,29439,4439,-41,-56,4438,15.2,671,149,53,0
ABprppaa:95,ABprppaa,95,29123,4123,-417,-424,4120,15.3,667,148,52,0
ABprppaa:96,ABprppaa,96,29224,4224,-175,-173,4224,15.4,662,146,52,0
ABprppaa:97,ABprppaa,97,29071,4071,-535,-550,4062,15.4,658,144,51,0
ABprppaa:98,ABprppaa,98,29477,4477,-144,-142,4466,15.5,653,143,51,0
ABprppaa:99,ABprppaa,99,29592,4592,46,59,4583,15.6,649,141,50,0
ABprppaa:100,ABprppaa,100,29169,4169,-367,-370,4164,15.6,644,139,50,0
ABprppaa:101,ABprppaa,101,29302,4302,-335,-330,4301,15.7,640,138,49,0
ABprppaa:102,ABprppaa,102,29368,4368,-400,-388,4366,15.8,635,136,49,0
ABprppaa:103,ABprppaa,103,29120,4120,-436,-432,4120,15.9,631,134,48,0
ABprppaa:104,ABprppaa,104,29315,4315,-299,-297,4315,15.9,626,133,48,0
ABprppaa:105,ABprppaa,105,29445,4445,-119,-122,4444,16.0,622,131,47,0
ABprppaa:106,ABprppaa,106,29361,4361,-217,-211,4360,16.1,618,129,47,0
ABprppaa:107,ABprppaa,107,29303,4303,-362,-365,4303,16.1,613,128,46,0
ABprppaa:108,ABprppaa,108,29080,4080,-492,-488,4080,16.2,609,126,46,0
ABprppaa:109,ABprppaa,109,29408,4408,-83,-80,4408,16.3,604,124,45,0
ABprppaa:110,ABprppaa,110,29533,4533,-155,-151,4533,16.4,600,123,45,0
ABprppaa:111,ABprppaa,111,29417,4417,-180,-180,4417,16.4,595,121,44,0
ABprppaa:112,ABprppaa,112,29609,4609,-24,-26,4609,16.5,591,119,44,0
ABprppaa:113,ABprppaa,113,28899,3899,-762,-765,3899,16.6,586,118,43,0
ABprppaa:114,ABprppaa,114,29246,4246,-188,-189,4246,16.6,582,116,43,0
ABprppaa:115,ABprppaa,115,29120,4120,-340,-340,4120,16.7,577,114,42,0
ABprppaa:116,ABprppaa,116,29432,4432,-41,-41,4432,16.8,573,113,42,0
ABprppaa:117,ABprppaa,117,29551,4551,58,58,4551,16.9,568,111,41,0
ABprppaa:118,ABprppaa,118,29337,4337,-126,-126,4337,16.9,564,109,41,0
ABprppaa:119,ABprppaa,119,29137,4137,-351,-351,4137,17.0,559,107,40,149435
ABprppaa:120,ABprppaa,120,28984,3984,-340,-340,3984,17.0,555,104,35,104040
ABprppaa:121,ABprppaa,121,29112,4112,-464,-464,4111,17.0,560,104,27,41737
ABprppaa:122,ABprppaa,122,29571,4571,102,102,4560,19.0,560,105,37,129331
ABprppaa:123,ABprppaa,123,29155,4155,-426,-426,4142,19.1,557,103,38,152567
ABprppaa:124,ABprppaa,124,28808,3808,-655,-654,3742,20.0,551,104,39,159824
ABprppaa:125,ABprppaa,125,29396,4396,-35,-44,4321,19.2,545,101,40,179074
ABprppaa:126,ABprppaa,126,28825,3825,-581,-592,3610,20.1,538,102,37,131848
ABprppaa:127,ABprppaa,127,28992,3992,-285,-268,3627,19.0,542,114,33,98853
ABprppaa:128,ABprppaa,128,28967,3967,-283,-290,3181,19.0,517,107,29,59294
ABprppaaa:129,ABprppaaa,129,29449,4449,-128,-126,3937,19.1,502,101,32,91891
ABprppaaa:130,ABprppaaa,130,28990,3990,-373,-371,3598,18.9,504,98,33,102639
ABprppaaa:131,ABprppaaa,131,29860,4860,505,506,4281,19.0,509,100,34,104056
ABprppaaa:132,ABprppaaa,132,29102,4102,-401,-411,2974,18.1,506,103,27,43741
ABprppaaa:133,ABprppaaa,133,29908,4908,620,626,4452,19.0,517,99,35,106263
ABprppaaa:134,ABprppaaa,134,29743,4743,-1,-20,3974,19.1,517,104,37,128730
ABprppaaa:135,ABprppaaa,135,29260,4260,119,106,3567,18.1,518,102,29,56164
ABprppaaa:136,ABprppaaa,136,29106,4106,-134,-148,3984,18.2,520,95,29,61471
ABprppaaa:137,ABprppaaa,137,29039,4039,-102,-102,3982,18.0,527,93,27,46527
ABprppaaa:138,ABprppaaa,138,28827,3827,-808,-808,3725,18.2,529,97,29,56429
ABprppaaa:139,ABprppaaa,139,29467,4467,31,53,4241,19.0,519,94,40,160274
ABprppaaa:140,ABprppaaa,140,29454,4454,-26,-28,4315,18.9,513,95,41,168947
ABprppaaa:141,ABprppaaa,141,29597,4597,65,108,4476,18.9,514,98,43,174111
ABprppaaa:142,ABprppaaa,142,29721,4721,219,213,4607,18.1,511,95,44,216607
ABprppaaa:143,ABprppaaa,143,29314,4314,-267,-239,4191,18.1,508,92,45,208293
ABprppaaa:144,ABprppaaa,144,29323,4323,-56,-57,4262,19.0,506,90,46,247577
ABprppaaa:145,ABprppaaa,145,29566,4566,64,92,4385,19.1,498,89,46,262324
ABprppaaa:146,ABprppaaa,146,29169,4169,-205,-156,4098,19.0,501,87,46,248816
ABprppaaa:147,ABprppaaa,147,29398,4398,-73,-74,4225,19.0,493,89,48,322200
ABprppaaa:148,ABprppaaa,148,29499,4499,152,155,4136,19.0,480,88,46,306896
ABprppaaa:149,ABprppaaa,149,29756,4756,424,402,4104,19.1,476,93,47,329576
ABprppaaa:150,ABprppaaa,150,29305,4305,-348,-401,3835,19.9,473,97,47,344965
ABprppaaa:151,ABprppaaa,151,29382,4382,-334,-383,3877,20.1,469,97,47,347885
ABprppaaa:152,ABprppaaa,152,29561,4561,-20,-9,4154,20.0,467,95,49,392052
ABprppaaa:153,ABprppaaa,153,29621,4621,-12,-3,4273,19.3,469,92,51,415596
ABprppaaa:154,ABprppaaa,154,29626,4626,297,323,4308,19.0,470,88,48,402238
ABprppaaa:155,ABprppaaa,155,29920,4920,314,352,4549,19.9,475,91,48,391680
ABprppaaa:156,ABprppaaa,156,29284,4284,-185,-202,3986,19.1,473,88,50,371527
ABprppaaa:157,ABprppaaa,157,29677,4677,-79,-43,4369,19.2,474,93,49,335619
ABprppaaa:158,ABprppaaa,158,29706,4706,174,70,4459,20.1,472,95,48,343368
ABprppaaa:159,ABprppaaa,159,29410,4410,-115,-105,4191,19.3,480,96,47,293435
ABprppaaa:160,ABprppaaa,160,29450,4450,-174,-102,4179,19.2,478,95,49,352730
ABprppaaa:161,ABprppaaa,161,29384,4384,-121,-163,4216,19.1,483,91,45,264324
ABprppaaa:162,ABprppaaa,162,29663,4663,198,186,4272,20.0,482,97,46,321267
ABprppaaa:163,ABprppaaa,163,29188,4188,-156,-165,4071,19.1,478,95,44,268920
ABprppaaa:164,ABprppaaa,164,29231,4231,-102,-56,4153,20.1,475,94,43,263703
ABprppaaa:165,ABprppaaa,165,29107,4107,-364,-361,3923,19.0,483,96,41,203299
ABprppaaa:166,ABprppaaa,166,28891,3891,-635,-647,3332,18.2,478,94,29,77423
ABprppaaa:167,ABprppaaa,167,28656,3656,-637,-679,3010,18.2,478,94,29,77423
ABprppaaa:168,ABprppaaa,168,29874,4874,544,569,4242,19.1,476,90,38,194563
ABprppaaa:169,ABprppaaa,169,29171,4171,90,89,3581,18.2,465,86,39,191602
ABprppaaa:170,ABprppaaa,170,29163,4163,-130,-160,3799,18.2,455,82,36,173549
ABprppaaa:171,ABprppaaa,171,29803,4803,247,256,4192,18.2,455,81,37,169223
ABprppaaa:172,ABprppaaa,172,29760,4760,524,518,4092,19.1,454,84,36,201676
ABprppaaa:173,ABprppaaa,173,29313,4313,-143,-259,3604,19.0,448,87,36,192443
ABprppaaa:174,ABprppaaa,174,29293,4293,60,106,3450,18.1,445,93,36,210927
ABprppaaa:175,ABprppaaa,175,29694,4694,292,274,3752,18.2,440,89,36,193141
ABprppaaa:176,ABprppaaa,176,29297,4297,-124,-110,3162,18.3,442,87,36,193141
ABprppaaa:177,ABprppaaa,177,29508,4508,134,113,3486,18.3,445,84,35,176172
ABprppaaa:178,ABprppaaa,178,29299,4299,-179,-170,3460,19.2,446,87,35,183727
ABprppaaa:179,ABprppaaa,179,29773,4773,8,11,4015,20.0,444,95,34,185126
ABprppaaa:180,ABprppaaa,180,29309,4309,-144,-206,3125,20.0,445,95,34,185126
ABprppaaa:181,ABprppaaa,181,28632,3632,-918,-904,2373,20.0,446,96,33,185126
ABprppaaa:182,ABprppaaa,182,29950,4950,334,382,2843,20.0,447,96,33,185126
ABprppaaa:183,ABprppaaa,183,29250,4250,-338,-414,3127,20.0,449,97,32,185126
ABprppaaa:184,ABprppaaa,184,29289,4289,-174,-203,2859,20.0,450,98,31,185126
ABprppaaa:185,ABprppaaa,185,29242,4242,-174,-179,2425,20.0,451,98,31,185126
ABprppaaa:186,ABprppaaa,186,29091,4091,-653,-671,2269,20.0,452,99,30,185126
ABprppaaa:187,ABprppaaa,187,29205,4205,-128,-278,3017,20.0,454,100,29,119866
ABprppaaa:188,ABprppaaa,188,29557,4557,235,177,2959,19.1,458,97,29,98756
ABprppaaa:189,ABprppaaa,189,29749,4749,316,244,3657,20.1,454,95,34,187214
ABprppaaa:190,ABprppaaa,190,30025,5025,441,449,3647,21.0,457,97,29,111320
ABprppaaa:191,ABprppaaa,191,30124,5124,727,773,3768,21.0,456,95,34,183248
ABprppaaa:192,ABprppaaa,192,30110,5110,442,438,3478,20.8,454,94,34,183248
ABprppaaa:193,ABprppaaa,193,29164,4164,-547,-492,1910,20.6,451,93,34,183248
ABprppaaa:194,ABprppaaa,194,30467,5467,804,844,4135,20.3,448,92,34,183248
ABprppaaa:195,ABprppaaa,195,29582,4582,163,185,4344,20.1,445,91,34,183248
ABprppaaa:196,ABprppaaa,196,29595,4595,80,54,1926,19.9,442,90,34,183248
ABprppaaa:197,ABprppaaa,197,29315,4315,-177,-160,2304,19.7,439,89,34,183248
ABprppaaa:198,ABprppaaa,198,28726,3726,-618,-651,1786,19.4,436,88,34,227519
ABprppaaa:199,ABprppaaa,199,29261,4261,-65,-63,2528,19.1,434,87,34,227519
ABprppaaa:200,ABprppaaa,200,29526,4526,29,121,3355,18.8,431,87,34,227519
ABprppaaa:201,ABprppaaa,201,29003,4003,-506,-495,2394,18.4,429,86,34,227519
ABprppaaa:202,ABprppaaa,202,29032,4032,-513,-519,3283,18.1,426,85,34,224242
ABprppaaa:203,ABprppaaa,203,29303,4303,-189,-212,3410,18.1,424,85,34,216703
ABprppaaa:204,ABprppaaa,204,29482,4482,23,31,3714,17.2,421,85,34,205804
ABprppaaa:205,ABprppaaa,205,29563,4563,-21,10,2828,17.2,412,90,34,227578
ABprppaaa:206,ABprppaaa,206,29426,4426,-273,-343,2527,18.0,412,90,34,250740
ABprppaaa:207,ABprppaaa,207,29408,4408,-171,-174,1465,18.0,412,90,34,250740
ABprppaaa:208,ABprppaaa,208,29085,4085,-377,-378,2505,18.2,401,91,34,241125
ABprppaaa:209,ABprppaaa,209,29171,4171,-192,-181,2859,18.2,393,92,34,237679
ABprppaaa:210,ABprppaaa,210,29791,4791,13,38,3660,19.1,396,92,34,249569
ABprppaaa:211,ABprppaaa,211,29624,4624,45,13,3463,19.0,392,93,34,246329
ABprppaaa:212,ABprppaaa,212,29124,4124,-521,-546,3190,18.3,395,96,34,243471
ABprppaaa:213,ABprppaaa,213,29570,4570,73,114,3070,18.2,391,91,34,242688
ABprppaaa:214,ABprppaaa,214,29194,4194,-404,-415,2747,19.1,382,103,34,240600
ABprppaaa:215,ABprppaaa,215,29315,4315,-77,-64,2848,19.1,384,93,34,255718
ABprppaaa:216,ABprppaaa,216,29971,4971,117,96,3471,19.2,379,101,34,262044
ABprppaaa:217,ABprppaaa,217,29234,4234,-468,-548,2895,19.0,384,96,31,213450
ABprppaaa:218,ABprppaaa,218,30137,5137,194,149,3915,18.2,381,94,34,248210
ABprppaaa:219,ABprppaaa,219,29203,4203,-214,-227,3226,19.0,381,96,34,266057
ABprppaaa:220,ABprppaaa,220,29415,4415,-3,-30,3304,19.2,381,97,34,251546
ABprppaap:129,ABprppaap,129,29775,4775,-14,-14,4317,20.9,567,123,32,93864
ABprppaap:130,ABprppaap,130,28802,3802,-786,-786,3527,21.0,568,116,27,42613
ABprppaap:131,ABprppaap,131,29076,4076,-656,-617,3741,20.0,571,115,29,55577
ABprppaap:132,ABprppaap,132,29741,4741,-183,-183,4439,21.0,576,118,34,98510
ABprppaap:133,ABprppaap,133,29447,4447,-10,-10,4174,21.0,584,121,31,98510
ABprppaap:134,ABprppaap,134,28907,3907,-727,-727,3587,21.0,593,125,27,42501
ABprppaap:135,ABprppaap,135,29373,4373,-533,-533,3664,21.0,582,127,27,44966
ABprppaap:136,ABprppaap,136,28836,3836,-1414,-1435,2540,19.9,581,125,29,61743
ABprppaap:137,ABprppaap,137,30016,5016,545,545,4222,22.0,581,121,29,63007
ABprppaap:138,ABprppaap,138,30227,5227,632,623,3856,21.0,576,123,40,159409
ABprppaap:139,ABprppaap,139,28994,3994,-869,-881,3298,22.0,569,123,40,159884
ABprppaap:140,ABprppaap,140,29483,4483,-26,-31,3902,22.0,556,121,27,46389
ABprppaap:141,ABprppaap,141,29436,4436,-481,-373,3260,21.0,562,118,43,191056
ABprppaap:142,ABprppaap,142,29480,4480,-269,-241,3718,22.0,552,120,44,202679
ABprppaap:143,ABprppaap,143,29343,4343,-312,-308,4251,22.1,547,115,45,212158
ABprppaap:144,ABprppaap,144,29175,4175,-297,-328,3800,23.0,545,118,46,257879
ABprppaap:145,ABprppaap,145,29610,4610,-94,-33,4130,22.1,536,120,46,264084
ABprppaap:146,ABprppaap,146,29785,4785,15,-35,4623,23.0,532,124,46,275073
ABprppaap:147,ABprppaap,147,29465,4465,-226,-257,4296,22.1,525,118,46,286413
ABprppaap:148,ABprppaap,148,29436,4436,-208,-234,3978,22.1,524,113,48,326752
ABprppaap:149,ABprppaap,149,29335,4335,-423,-402,3553,22.1,522,118,51,400886
ABprppaap:150,ABprppaap,150,28906,3906,-683,-723,3388,22.9,517,115,47,314198
ABprppaap:151,ABprppaap,151,29623,4623,47,50,4436,23.0,508,119,47,313870
ABprppaap:152,ABprppaap,152,29481,4481,-316,-346,4182,23.0,500,117,49,382219
ABprppaap:153,ABprppaap,153,29563,4563,-146,-47,3997,22.2,503,116,51,393718
ABprppaap:154,ABprppaap,154,29913,4913,226,210,4478,22.2,498,113,52,477846
ABprppaap:155,ABprppaap,155,30094,5094,265,300,4389,22.2,501,116,52,472106
ABprppaap:156,ABprppaap,156,29429,4429,-310,-312,4073,23.0,503,117,48,335484
ABprppaap:157,ABprppaap,157,29956,4956,282,226,4503,22.2,496,117,49,327251
ABprppaap:158,ABprppaap,158,29289,4289,-528,-559,3729,23.1,496,116,48,335583
ABprppaap:159,ABprppaap,159,29685,4685,-37,23,4211,23.2,505,119,49,350359
ABprppaap:160,ABprppaap,160,29681,4681,8,53,4435,23.1,506,114,49,371810
ABprppaap:161,ABprppaap,161,29521,4521,-330,-288,3897,23.1,504,111,49,380243
ABprppaap:162,ABprppaap,162,29738,4738,276,260,3749,23.1,505,112,48,374587
ABprppaap:163,ABprppaap,163,29765,4765,264,246,4173,23.1,502,113,46,326135
ABprppaap:164,ABprppaap,164,29486,4486,230,189,3652,23.1,507,111,45,260751
ABprppaap:165,ABprppaap,165,29330,4330,-283,-315,3214,25.0,516,118,41,211419
ABprppaap:166,ABprppaap,166,29493,4493,-334,-344,4016,25.0,518,118,44,257466
ABprppaap:167,ABprppaap,167,29711,4711,-89,-143,3011,24.0,519,120,41,217445
ABprppaap:168,ABprppaap,168,29665,4665,-2,-48,3426,26.0,520,125,38,208041
ABprppaap:169,ABprppaap,169,29196,4196,-382,-387,3971,26.0,517,132,39,202025
ABprppaap:170,ABprppaap,170,29444,4444,-181,-184,4136,25.1,513,126,38,215638
ABprppaap:171,ABprppaap,171,30073,5073,308,308,4835,25.1,511,131,37,183840
ABprppaap:172,ABprppaap,172,29307,4307,-440,-440,4042,25.1,510,140,36,197359
ABprppaap:173,ABprppaap,173,29429,4429,-269,-265,4109,24.9,508,142,32,140439
ABprppaapa:174,ABprppaapa,174,29224,4224,-66,-60,3876,24.1,487,141,32,114630
ABprppaapa:175,ABprppaapa,175,29378,4378,-492,-528,4054,24.1,464,137,34,140050
ABprppaapa:176,ABprppaapa,176,29934,4934,541,550,4569,25.0,461,134,31,115112
ABprppaapa:177,ABprppaapa,177,29226,4226,-260,-280,3662,24.2,463,131,35,135272
ABprppaapa:178,ABprppaapa,178,29424,4424,-14,14,3334,24.2,464,126,35,156457
ABprppaapa:179,ABprppaapa,179,29469,4469,45,10,3199,24.2,464,126,35,156457
ABprppaapa:180,ABprppaapa,180,29705,4705,167,191,4200,24.3,458,128,34,148613
ABprppaapa:181,ABprppaapa,181,29818,4818,284,200,3617,24.1,462,124,34,148010
ABprppaapa:182,ABprppaapa,182,29148,4148,-269,-345,2954,24.2,473,130,34,157433
ABprppaapa:183,ABprppaapa,183,29566,4566,-288,-353,3795,25.0,475,130,34,168930
ABprppaapa:184,ABprppaapa,184,29782,4782,189,213,4102,25.1,482,132,34,174929
ABprppaapa:185,ABprppaapa,185,29652,4652,129,115,3974,25.1,482,128,34,174791
ABprppaapa:186,ABprppaapa,186,30027,5027,557,601,4097,26.1,490,132,34,148102
ABprppaapa:187,ABprppaapa,187,28936,3936,-877,-938,2883,26.1,490,131,31,110055
ABprppaapa:188,ABprppaapa,188,29630,4630,-160,-193,3512,26.1,494,136,34,146310
ABprppaapa:189,ABprppaapa,189,29608,4608,-253,-281,3699,26.1,500,137,34,147606
ABprppaapa:190,ABprppaapa,190,29805,4805,-289,-319,4304,26.1,499,140,31,115954
ABprppaapa:191,ABprppaapa,191,29907,4907,486,488,4488,27.0,499,148,30,107465
ABprppaapa:192,ABprppaapa,192,29711,4711,109,74,4143,26.1,502,150,34,136174
ABprppaapa:193,ABprppaapa,193,29618,4618,-376,-454,4144,26.1,503,153,34,131067
ABprppaapa:194,ABprppaapa,194,30483,5483,976,1072,5064,27.0,501,156,30,98180
ABprppaapa:195,ABprppaapa,195,29462,4462,-415,-379,4122,27.0,502,151,31,111718
ABprppaapa:196,ABprppaapa,196,30069,5069,531,487,4787,26.1,497,154,34,142520
ABprppaapa:197,ABprppaapa,197,29920,4920,256,242,4535,26.1,498,152,34,134520
ABprppaapa:198,ABprppaapa,198,29794,4794,188,237,4488,26.1,503,149,34,141331
ABprppaapa:199,ABprppaapa,199,30393,5393,889,879,5166,27.0,497,145,34,139643
ABprppaapa:200,ABprppaapa,200,30022,5022,265,295,4703,26.1,498,150,34,144833
ABprppaapa:201,ABprppaapa,201,29732,4732,32,43,4543,26.1,499,153,31,109251
ABprppaapa:202,ABprppaapa,202,29689,4689,-209,-196,4486,26.0,500,151,34,154948
ABprppaapa:203,ABprppaapa,203,29249,4249,-566,-633,3817,26.1,492,150,32,130720
ABprppaapa:204,ABprppaapa,204,30154,5154,319,321,4864,27.0,501,149,34,151013
ABprppaapa:205,ABprppaapa,205,30164,5164,595,595,4944,27.0,502,149,34,143659
ABprppaapa:206,ABprppaapa,206,29765,4765,-151,-155,4534,27.0,496,148,34,155379
ABprppaapa:207,ABprppaapa,207,29625,4625,-54,-67,4190,26.1,498,150,34,150118
ABprppaapa:208,ABprppaapa,208,29937,4937,265,236,4511,26.0,501,151,34,154756
ABprppaapa:209,ABprppaapa,209,29589,4589,-261,-260,4249,26.2,503,150,34,156965
ABprppaapa:210,ABprppaapa,210,30176,5176,451,433,4814,26.2,500,152,34,141950
ABprppaapa:211,ABprppaapa,211,29067,4067,-890,-884,3876,27.0,503,146,34,155862
ABprppaapa:212,ABprppaapa,212,29618,4618,32,28,4375,26.1,496,142,34,156027
ABprppaapa:213,ABprppaapa,213,28973,3973,-992,-986,3771,26.0,491,146,34,160710
ABprppaapa:214,ABprppaapa,214,29659,4659,-17,-17,4547,26.1,486,145,34,162348
ABprppaapa:215,ABprppaapa,215,30116,5116,555,548,4935,26.1,484,145,34,177879
ABprppaapa:216,ABprppaapa,216,29773,4773,81,86,4562,26.1,489,149,34,172826
ABprppaapa:217,ABprppaapa,217,29332,4332,-196,-192,4024,25.2,487,144,31,124827
ABprppaapa:218,ABprppaapa,218,29426,4426,-291,-248,4160,26.0,488,149,34,178575
ABprppaapa:219,ABprppaapa,219,30251,5251,749,772,5095,26.0,487,147,34,177817
ABprppaapa:220,ABprppaapa,220,29171,4171,-414,-456,4002,26.0,485,147,34,175805
ABprppaapa:221,ABprppaapa,221,29358,4358,-512,-509,4174,26.1,483,146,34,182126
ABprppaapa:222,ABprppaapa,222,29862,4862,335,327,4689,26.1,483,146,34,178351
ABprppaapa:223,ABprppaapa,223,28997,3997,-533,-533,3870,26.0,476,142,34,178787
ABprppaapa:224,ABprppaapa,224,29670,4670,-92,-92,4370,25.1,471,141,34,186785
ABprppaapa:225,ABprppaapa,225,29832,4832,138,124,4441,25.1,472,141,34,187770
ABprppaapa:226,ABprppaapa,226,29522,4522,79,60,4069,25.1,473,147,34,181930
ABprppaapa:227,ABprppaapa,227,29483,4483,50,26,3975,26.0,474,149,34,172633
ABprppaapa:228,ABprppaapa,228,29909,4909,135,115,4187,26.1,469,154,34,187737
ABprppaapa:229,ABprppaapa,229,29087,4087,-350,-380,3647,26.0,466,158,31,142574
ABprppaapa:230,ABprppaapa,230,29580,4580,-205,-184,3707,26.0,467,160,34,188421
ABprppaapa:231,ABprppaapa,231,29682,4682,287,245,4160,25.2,464,159,34,183242
ABprppaapa:232,ABprppaapa,232,29926,4926,242,271,4266,26.1,464,152,34,198573
ABprppaapa:233,ABprppaapa,233,29738,4738,301,300,4246,26.1,464,152,34,198573
ABprppaapa:234,ABprppaapa,234,30339,5339,813,844,4035,26.0,455,155,34,209460
ABprppaapa:235,ABprppaapa,235,29359,4359,-190,-55,3287,25.1,449,164,34,178194
ABprppaapa:236,ABprppaapa,236,29484,4484,-245,-357,3371,25.1,449,164,34,178194
ABprppaapa:237,ABprppaapa,237,29382,4382,-280,-271,2807,26.0,461,166,34,200703
ABprppaapa:238,ABprppaapa,238,29768,4768,166,178,2977,26.0,461,166,34,200703
ABprppaapa:239,ABprppaapa,239,30077,5077,575,550,4534,27.1,466,159,34,248130
ABprppaapa:240,ABprppaapa,240,29367,4367,-99,-87,3492,27.1,469,160,34,253291
ABprppaapa:241,ABprppaapa,241,29550,4550,-16,-1,4130,28.0,474,158,31,185761
ABprppaapa:242,ABprppaapa,242,29658,4658,31,-19,3432,28.1,475,157,34,236995
ABprppaapa:243,ABprppaapa,243,29575,4575,-159,-121,3574,28.0,480,163,34,223812
ABprppaapa:244,ABprppaapa,244,29264,4264,-519,-530,3383,28.0,477,162,34,228989
ABprppaapa:245,ABprppaapa,245,29704,4704,417,408,4203,28.0,474,159,31,177855
ABprppaapa:246,ABprppaapa,246,29818,4818,4,9,4275,28.1,477,157,34,229204
ABprppaapa:247,ABprppaapa,247,29756,4756,47,14,4113,28.2,485,165,34,214961
ABprppaapa:248,ABprppaapa,248,28906,3906,-692,-672,3279,29.1,485,168,31,173397
ABprppaapa:249,ABprppaapa,249,29491,4491,-366,-254,2658,28.1,487,171,34,199292
ABprppaapa:250,ABprppaapa,250,29668,4668,-335,-262,2535,29.0,487,177,31,159660
ABprppaapp:174,ABprppaapp,174,29822,4822,-144,-160,2899,24.0,524,141,32,128547
ABprppaapp:175,ABprppaapp,175,29395,4395,-874,-763,3140,25.0,529,127,32,135876
ABprppaapp:176,ABprppaapp,176,29907,4907,-864,-960,2870,25.1,528,132,33,127006
ABprppaapp:177,ABprppaapp,177,30250,5250,-709,-244,3441,25.1,526,132,35,146749
ABprppaapp:178,ABprppaapp,178,30811,5811,-171,-5,3064,24.1,531,130,35,149433
ABprppaapp:179,ABprppaapp,179,29775,4775,-1319,-616,2094,25.0,531,134,34,152894
ABprppaapp:180,ABprppaapp,180,30432,5432,50,349,3817,25.1,525,125,34,152567
ABprppaapp:181,ABprppaapp,181,29828,4828,-742,-208,3344,25.1,525,122,34,160874
ABprppaapp:182,ABprppaapp,182,30233,5233,-220,373,3960,25.1,521,125,34,149201
ABprppaapp:183,ABprppaapp,183,30053,5053,-587,-466,4152,25.1,522,124,34,159696
ABprppaapp:184,ABprppaapp,184,29690,4690,-664,-512,3580,25.1,527,123,34,167889
ABprppaapp:185,ABprppaapp,185,29382,4382,-739,-594,3736,25.0,528,125,34,177523
ABprppaapp:186,ABprppaapp,186,29739,4739,-210,-216,3790,25.0,526,127,34,153556
ABprppaapp:187,ABprppaapp,187,29196,4196,-881,-882,1891,25.1,530,133,31,116203
ABprppaapp:188,ABprppaapp,188,29669,4669,-614,-718,3454,24.0,529,138,34,145737
ABprppaapp:189,ABprppaapp,189,30257,5257,82,60,4393,24.1,531,141,34,134192
ABprppaapp:190,ABprppaapp,190,30227,5227,-233,-198,4497,24.2,536,142,31,108380
ABprppaapp:191,ABprppaapp,191,29332,4332,-1486,-1098,2727,25.0,540,150,34,139500
ABprppaapp:192,ABprppaapp,192,30497,5497,-120,-21,4498,25.1,537,157,34,145611
ABprppaapp:193,ABprppaapp,193,29937,4937,-911,-718,3683,25.1,539,150,34,141955
ABprppaapp:194,ABprppaapp,194,29936,4936,-911,-712,3855,25.0,544,147,34,143911
ABprppaapp:195,ABprppaapp,195,30091,5091,-165,-235,4367,25.1,538,149,31,115918
ABprppaapp:196,ABprppaapp,196,29939,4939,-722,-689,3885,25.1,538,148,34,165124
ABprppaapp:197,ABprppaapp,197,30629,5629,62,45,4296,24.2,540,147,34,151527
ABprppaapp:198,ABprppaapp,198,29873,4873,-524,-454,3590,25.1,540,148,34,157268
ABprppaapp:199,ABprppaapp,199,29288,4288,-2158,-1774,3616,26.0,541,150,34,150937
ABprppaapp:200,ABprppaapp,200,30028,5028,-528,-684,4398,25.1,540,156,34,146021
ABprppaapp:201,ABprppaapp,201,29438,4438,-911,-815,3054,25.1,542,151,31,121377
ABprppaapp:202,ABprppaapp,202,29728,4728,-1752,-1728,4108,26.0,542,156,34,158792
ABprppaapp:203,ABprppaapp,203,29439,4439,-883,-953,3846,26.0,537,155,34,160589
ABprppaapp:204,ABprppaapp,204,29804,4804,-1144,-953,3197,26.0,545,156,34,173786
ABprppaapp:205,ABprppaapp,205,30698,5698,-431,-447,4971,26.1,544,165,34,159895
ABprppaapp:206,ABprppaapp,206,30185,5185,-784,-643,4078,26.0,541,168,34,153119
ABprppaapp:207,ABprppaapp,207,30281,5281,35,100,4519,25.1,538,163,34,147469
ABprppaapp:208,ABprppaapp,208,30047,5047,-1092,-1144,4359,26.1,544,163,34,165512
ABprppaapp:209,ABprppaapp,209,30271,5271,-928,-679,4794,27.0,542,167,34,157580
ABprppaapp:210,ABprppaapp,210,30017,5017,-1415,-1145,4449,27.1,545,168,34,146968
ABprppaapp:211,ABprppaapp,211,30863,5863,-106,181,5164,27.1,547,166,34,158272
ABprppaapp:212,ABprppaapp,212,30373,5373,8,4,4856,27.0,541,167,34,167811
ABprppaapp:213,ABprppaapp,213,30090,5090,-460,-351,4618,27.1,534,172,34,153790
ABprppaapp:214,ABprppaapp,214,30354,5354,194,198,5145,28.0,529,172,34,155307
ABprppaapp:215,ABprppaapp,215,29679,4679,-409,-423,4521,27.2,528,164,34,146465
ABprppaapp:216,ABprppaapp,216,30367,5367,-78,-86,5230,28.0,537,171,34,152147
ABprppaapp:217,ABprppaapp,217,30755,5755,410,410,5463,27.1,538,167,31,131889
ABprppaapp:218,ABprppaapp,218,29815,4815,-349,-359,4643,27.2,532,168,34,154534
ABprppaapp:219,ABprppaapp,219,30145,5145,-355,-316,4651,28.0,532,172,34,159593
ABprppaapp:220,ABprppaapp,220,30003,5003,-443,-440,4817,28.1,530,175,34,162509
ABprppaapp:221,ABprppaapp,221,30749,5749,150,150,5596,28.0,530,171,34,162627
ABprppaapp:222,ABprppaapp,222,30233,5233,-91,-91,5068,28.1,530,172,34,150448
ABprppaapp:223,ABprppaapp,223,30540,5540,-57,-94,5165,27.1,524,182,34,155317
ABprppaapp:224,ABprppaapp,224,30032,5032,-724,-707,4059,27.2,529,178,32,121454
ABprppaapp:225,ABprppaapp,225,30003,5003,-507,-488,4677,27.1,530,180,34,137712
ABprppaapp:226,ABprppaapp,226,31107,6107,637,633,4652,27.1,529,181,34,154908
ABprppaapp:227,ABprppaapp,227,29644,4644,-1049,-928,3055,27.2,528,184,34,143372
ABprppaapp:228,ABprppaapp,228,29782,4782,-711,-873,3717,27.2,528,187,34,138663
ABprppaapp:229,ABprppaapp,229,30132,5132,-208,-300,3362,28.1,531,186,31,119431
ABprppaapp:230,ABprppaapp,230,30399,5399,-259,-298,3253,27.1,531,192,34,149290
ABprppaapp:231,ABprppaapp,231,29691,4691,-1633,-1507,2669,28.0,533,189,34,165922
ABprppaapp:232,ABprppaapp,232,29757,4757,-1489,-1454,3849,29.0,532,189,34,155657
ABprppaapp:233,ABprppaapp,233,29676,4676,-838,-990,3051,27.1,521,189,34,150841
ABprppaapp:234,ABprppaapp,234,29955,4955,2,-79,4642,29.0,520,181,34,170916
ABprppaapp:235,ABprppaapp,235,29752,4752,-431,-510,4153,28.2,518,184,34,164294
ABprppaapp:236,ABprppaapp,236,29862,4862,-278,-319,3971,28.0,516,190,34,148945
ABprppaapp:237,ABprppaapp,237,30537,5537,494,507,4414,29.0,513,186,34,168550
ABprppaapp:238,ABprppaapp,238,30192,5192,402,440,4160,28.1,515,191,34,167735
ABprppaapp:239,ABprppaapp,239,30210,5210,212,203,4584,28.1,519,190,34,163498
ABprppaapp:240,ABprppaapp,240,29595,4595,-632,-662,3834,28.2,521,191,34,170489
ABprppaapp:241,ABprppaapp,241,30673,5673,-286,-258,4896,29.0,528,192,31,142694
ABprppaapp:242,ABprppaapp,242,29787,4787,-1271,-615,3519,28.1,520,197,34,180577
ABprppaapp:243,ABprppaapp,243,30191,5191,-514,-408,3419,28.0,524,198,30,146140
ABprppaapp:244,ABprppaapp,244,30807,5807,-1653,-517,3159,28.0,539,200,30,123076
ABprppaapp:245,ABprppaapp,245,31408,6408,-1318,-587,2511,28.0,539,204,30,123076
ABprppaapp:246,ABprppaapp,246,31396,6396,-1614,-316,2707,28.1,539,209,30,123076
ABprppaapp:247,ABprppaapp,247,30836,5836,-1989,-392,1147,28.1,539,213,30,123076
ABprppaapp:248,ABprppaapp,248,29851,4851,-1379,-993,1997,28.1,539,218,30,123076
ABprppaapp:249,ABprppaapp,249,30818,5818,-1728,-140,1829,28.2,539,222,30,123076
ABprppaapp:250,ABprppaapp,250,30699,5699,-2492,-1008,2057,28.2,538,227,31,115437
ABprppap:91,ABprppap,91,29746,4746,57,52,4712,15.0,701,227,54,0
ABprppap:92,ABprppap,92,29511,4511,-169,-220,4470,15.1,700,224,54,0
ABprppap:93,ABprppap,93,29784,4784,-108,-103,4727,15.2,698,221,54,0
ABprppap:94,ABprppap,94,29720,4720,-39,-54,4649,15.3,696,217,54,0
ABprppap:95,ABprppap,95,29822,4822,38,33,4746,15.4,694,214,53,0
ABprppap:96,ABprppap,96,29951,4951,278,225,4874,15.5,693,210,53,0
ABprppap:97,ABprppap,97,29654,4654,-224,-232,4571,15.6,691,207,53,0
ABprppap:98,ABprppap,98,29575,4575,-293,-348,4492,15.7,689,204,52,0
ABprppap:99,ABprppap,99,29679,4679,-125,-85,4585,15.8,687,200,52,0
ABprppap:100,ABprppap,100,29953,4953,132,72,4870,15.9,685,197,52,0
ABprppap:101,ABprppap,101,29846,4846,84,80,4773,16.1,684,193,51,0
ABprppap:102,ABprppap,102,30305,5305,593,583,5232,16.2,682,190,51,0
ABprppap:103,ABprppap,103,29880,4880,208,256,4822,16.3,680,186,51,0
ABprppap:104,ABprppap,104,29463,4463,-507,-509,4412,16.4,678,183,50,0
ABprppap:105,ABprppap,105,29495,4495,-531,-574,4459,16.5,676,180,50,0
ABprppap:106,ABprppap,106,29543,4543,-225,-233,4499,16.6,675,176,50,0
ABprppap:107,ABprppap,107,29631,4631,-243,-310,4584,16.7,673,173,49,0
ABprppap:108,ABprppap,108,29837,4837,59,57,4797,16.8,671,169,49,0
ABprppap:109,ABprppap,109,29730,4730,-21,-74,4672,16.9,669,166,49,0
ABprppap:110,ABprppap,110,29914,4914,84,102,4886,17.0,667,162,48,0
ABprppap:111,ABprppap,111,30010,5010,6,44,4919,16.9,661,162,48,0
ABprppap:112,ABprppap,112,30044,5044,-3,48,4974,16.9,655,161,47,0
ABprppap:113,ABprppap,113,29960,4960,-76,-26,4663,16.8,649,161,46,0
ABprppap:114,ABprppap,114,30232,5232,292,315,4919,16.7,643,160,45,0
ABprppap:115,ABprppap,115,29870,4870,-296,-145,4072,16.7,636,159,44,0
ABprppap:116,ABprppap,116,30009,5009,-360,-233,4002,16.6,630,159,44,0
ABprppap:117,ABprppap,117,30510,5510,396,652,4209,16.5,624,158,43,0
ABprppap:118,ABprppap,118,29547,4547,-398,-323,3637,16.4,618,158,42,0
ABprppap:119,ABprppap,119,29455,4455,-686,-696,4064,16.4,612,157,41,0
ABprppap:120,ABprppap,120,29687,4687,-192,-192,4134,16.3,605,156,40,146326
ABprppap:121,ABprppap,121,29574,4574,-84,-84,4505,17.0,602,166,41,161648
ABprppap:122,ABprppap,122,29629,4629,67,67,4478,15.2,613,184,29,55005
ABprppap:123,ABprppap,123,29166,4166,-357,-357,4157,18.0,609,172,34,126059
ABprppap:124,ABprppap,124,29527,4527,-131,-131,4503,17.9,611,157,35,143708
ABprppapa:125,ABprppapa,125,29204,4204,-635,-635,3995,17.1,572,151,34,106898
ABprppapa:126,ABprppapa,126,29984,4984,40,40,4621,17.0,572,145,27,42252
ABprppapa:127,ABprppapa,127,30777,5777,1091,1091,5407,17.0,571,145,28,42252
ABprppapa:128,ABprppapa,128,30022,5022,575,575,4703,17.0,570,144,29,42252
ABprppapa:129,ABprppapa,129,29216,4216,-652,-652,3687,17.0,569,144,31,42252
ABprppapa:130,ABprppapa,130,29319,4319,-382,-382,3821,17.0,567,143,32,42252
ABprppapa:131,ABprppapa,131,29026,4026,-885,-845,3660,17.0,566,143,34,42252
ABprppapa:132,ABprppapa,132,29377,4377,-460,-482,2037,17.0,565,142,35,42252
ABprppapa:133,ABprppapa,133,29786,4786,-76,-78,4557,17.0,563,141,37,131530
ABprppapa:134,ABprppapa,134,29793,4793,-148,-133,4232,16.0,568,137,37,120398
ABprppapa:135,ABprppapa,135,29721,4721,-375,-275,2797,16.0,578,133,38,142689
ABprppapa:136,ABprppapa,136,29690,4690,-740,-730,3884,16.0,576,126,41,153969
ABprppapa:137,ABprppapa,137,29061,4061,-952,-952,3697,17.0,584,126,42,181029
ABprppapa:138,ABprppapa,138,29381,4381,-652,-671,3131,17.9,583,127,40,162881
ABprppapa:139,ABprppapa,139,29315,4315,-463,-459,3961,17.1,579,122,40,169050
ABprppapa:140,ABprppapa,140,29460,4460,-685,-632,4164,17.9,575,123,41,178516
ABprppapa:141,ABprppapa,141,29490,4490,-426,-425,3735,17.9,575,124,43,194265
ABprppapa:142,ABprppapa,142,30009,5009,-37,48,4584,18.9,574,124,44,207634
ABprppapa:143,ABprppapa,143,29714,4714,-674,-668,4391,17.2,577,132,34,107615
ABprppapa:144,ABprppapa,144,29319,4319,-946,-899,4190,18.1,567,123,48,309965
ABprppapa:145,ABprppapa,145,29873,4873,-407,-329,4404,18.9,562,127,46,268867
ABprppapa:146,ABprppapa,146,29391,4391,-692,-620,4109,18.3,559,129,48,287264
ABprppapa:147,ABprppapa,147,29632,4632,-415,-382,4441,18.3,553,127,48,299534
ABprppapa:148,ABprppapa,148,29939,4939,30,27,4714,18.3,546,123,48,307297
ABprppapa:149,ABprppapa,149,29715,4715,-324,-286,4321,19.1,543,125,51,375183
ABprppapa:150,ABprppapa,150,29689,4689,-387,-353,4470,19.2,539,124,51,392881
ABprppapa:151,ABprppapa,151,29591,4591,-518,-399,4372,19.3,537,125,51,366359
ABprppapa:152,ABprppapa,152,29747,4747,-593,-414,4640,19.2,533,123,49,326759
ABprppapa:153,ABprppapa,153,30085,5085,-301,56,4694,20.1,532,126,51,404954
ABprppapa:154,ABprppapa,154,29582,4582,-656,-499,4310,19.9,531,124,48,370932
ABprppapa:155,ABprppapa,155,30028,5028,-80,137,4509,20.1,530,122,52,447472
ABprppapa:156,ABprppapa,156,29739,4739,-406,-298,4555,20.1,535,123,48,307824
ABprppapa:157,ABprppapa,157,29672,4672,-606,-433,4401,20.0,534,120,47,261977
ABprppapa:158,ABprppapa,158,29916,4916,-75,76,4785,20.1,529,116,50,356630
ABprppapa:159,ABprppapa,159,29804,4804,-138,-79,4464,20.1,534,116,49,326728
ABprppapa:160,ABprppapa,160,29567,4567,-160,-131,4411,19.2,535,114,49,318987
ABprppapa:161,ABprppapa,161,29688,4688,-318,-336,4513,19.2,529,113,47,269240
ABprppapa:162,ABprppapa,162,29306,4306,-417,-485,3735,19.2,525,113,46,287036
ABprppapa:163,ABprppapa,163,29285,4285,-442,-482,3897,19.1,526,119,46,284229
ABprppapa:164,ABprppapa,164,29174,4174,-520,-558,3610,20.0,525,121,45,254595
ABprppapa:165,ABprppapa,165,29311,4311,-304,-333,3880,21.0,525,120,41,217513
ABprppapa:166,ABprppapa,166,29526,4526,-163,-201,3753,20.1,525,124,44,257434
ABprppapa:167,ABprppapa,167,29339,4339,-492,-483,3325,21.1,524,120,39,223789
ABprppapa:168,ABprppapa,168,29260,4260,-571,-580,3849,22.0,525,120,36,221819
ABprppapaa:169,ABprppapaa,169,28738,3738,-633,-623,2885,21.0,483,113,35,147214
ABprppapaa:170,ABprppapaa,170,28906,3906,-553,-593,3499,21.1,480,113,36,170280
ABprppapaa:171,ABprppapaa,171,29444,4444,-361,-399,4049,21.0,477,109,33,126447
ABprppapaa:172,ABprppapaa,172,29681,4681,-60,-67,4382,22.0,479,108,32,115014
ABprppapaa:173,ABprppapaa,173,29601,4601,119,115,4273,21.2,478,105,34,131231
ABprppapaa:174,ABprppapaa,174,28930,3930,-463,-470,3614,21.0,477,103,36,164266
ABprppapaa:175,ABprppapaa,175,29727,4727,218,224,4478,22.0,476,101,36,174584
ABprppapaa:176,ABprppapaa,176,28999,3999,-473,-474,3681,21.9,472,104,31,102746
ABprppapaa:177,ABprppapaa,177,28654,3654,-648,-631,3058,22.1,472,105,35,142201
ABprppapaa:178,ABprppapaa,178,29876,4876,195,158,4400,21.2,485,102,33,116290
ABprppapaa:179,ABprppapaa,179,29450,4450,-135,-122,3662,22.1,480,101,34,138960
ABprppapaa:180,ABprppapaa,180,29517,4517,-383,-464,3972,22.2,480,102,34,136785
ABprppapaa:181,ABprppapaa,181,29483,4483,351,411,3481,22.0,478,101,29,90184
ABprppapaa:182,ABprppapaa,182,29208,4208,-312,-150,2813,22.0,472,114,34,146446
ABprppapaa:183,ABprppapaa,183,29263,4263,-510,-588,3421,22.0,479,107,34,152870
ABprppapaa:184,ABprppapaa,184,29440,4440,-58,-105,3720,22.1,480,106,34,158763
ABprppapaa:185,ABprppapaa,185,29225,4225,-152,-181,3375,22.0,481,106,32,157981
ABprppapaa:186,ABprppapaa,186,29527,4527,-153,-199,3466,23.0,480,115,34,142966
ABprppapaa:187,ABprppapaa,187,29875,4875,322,245,4021,23.0,481,115,31,106885
ABprppapaa:188,ABprppapaa,188,29640,4640,-126,-157,3815,23.1,482,118,34,144639
ABprppapaa:189,ABprppapaa,189,29049,4049,-638,-633,3337,23.0,482,120,34,138155
ABprppapaa:190,ABprppapaa,190,29353,4353,-412,-383,3354,23.0,483,115,31,113090
ABprppapaa:191,ABprppapaa,191,29004,4004,-584,-590,3549,23.1,483,124,34,136154
ABprppapaa:192,ABprppapaa,192,29346,4346,-364,-368,3929,23.1,484,122,34,141131
ABprppapaa:193,ABprppapaa,193,29267,4267,-349,-287,3906,24.0,482,121,34,144416
ABprppapaa:194,ABprppapaa,194,29168,4168,-629,-635,3970,23.2,479,118,34,138318
ABprppapaa:195,ABprppapaa,195,29853,4853,643,641,4754,23.1,481,117,31,112864
ABprppapaa:196,ABprppapaa,196,29288,4288,-147,-148,4147,23.1,474,121,34,151111
ABprppapaa:197,ABprppapaa,197,30176,5176,510,505,5015,23.0,473,122,34,160582
ABprppapaa:198,ABprppapaa,198,29366,4366,-28,-32,4221,23.2,474,119,34,159969
ABprppapaa:199,ABprppapaa,199,28760,3760,-625,-625,3578,23.2,473,119,34,157247
ABprppapaa:200,ABprppapaa,200,29498,4498,-404,-416,4373,23.1,475,120,34,162502
ABprppapaa:201,ABprppapaa,201,30270,5270,611,611,5109,23.2,478,120,31,112071
ABprppapaa:202,ABprppapaa,202,29689,4689,209,214,4226,23.1,477,114,34,166487
ABprppapaa:203,ABprppapaa,203,29165,4165,-387,-413,3671,23.2,478,126,34,150551
ABprppapaa:204,ABprppapaa,204,29674,4674,118,110,4448,23.2,479,124,34,150925
ABprppapaa:205,ABprppapaa,205,29850,4850,91,88,4591,23.3,473,116,34,158652
ABprppapaa:206,ABprppapaa,206,29397,4397,-282,-282,4253,23.2,471,120,34,159900
ABprppapaa:207,ABprppapaa,207,29220,4220,-690,-675,4012,23.1,475,113,34,169594
ABprppapaa:208,ABprppapaa,208,29012,4012,-497,-500,3892,23.2,477,121,34,156877
ABprppapaa:209,ABprppapaa,209,29207,4207,-664,-660,4090,22.2,484,112,34,164381
ABprppapaa:210,ABprppapaa,210,29659,4659,-163,-166,4559,23.0,477,115,34,168232
ABprppapaa:211,ABprppapaa,211,29099,4099,-641,-641,4010,23.0,482,108,34,167131
ABprppapaa:212,ABprppapaa,212,29255,4255,-228,-231,4102,23.0,483,109,34,184593
ABprppapaa:213,ABprppapaa,213,29913,4913,486,478,4815,23.1,483,109,34,179473
ABprppapaa:214,ABprppapaa,214,29871,4871,304,302,4708,22.2,478,110,34,164678
ABprppapaa:215,ABprppapaa,215,29524,4524,-168,-168,4375,22.2,482,110,34,175980
ABprppapaa:216,ABprppapaa,216,29223,4223,-168,-172,4070,23.0,493,111,34,172690
ABprppapaa:217,ABprppapaa,217,29558,4558,-73,-41,4335,23.0,489,110,31,139304
ABprppapaa:218,ABprppapaa,218,29193,4193,-69,-69,4094,23.0,485,111,34,177119
ABprppapaa:219,ABprppapaa,219,29147,4147,-483,-483,4004,22.1,484,110,34,171933
ABprppapaa:220,ABprppapaa,220,29328,4328,-239,-202,4179,22.1,489,108,34,183404
ABprppapaa:221,ABprppapaa,221,29984,4984,64,64,4920,22.1,490,109,34,178986
ABprppapaa:222,ABprppapaa,222,29486,4486,-88,-85,4383,22.1,492,109,34,186289
ABprppapaa:223,ABprppapaa,223,30219,5219,647,644,5011,22.0,491,105,34,185717
ABprppapaa:224,ABprppapaa,224,29834,4834,-91,-91,4751,22.2,492,103,34,193441
ABprppapaa:225,ABprppapaa,225,29199,4199,-737,-710,4121,22.1,491,101,34,192530
ABprppapaa:226,ABprppapaa,226,29700,4700,-80,-80,4657,21.3,484,102,34,166503
ABprppapaa:227,ABprppapaa,227,29198,4198,-461,-462,4052,22.1,484,110,34,178797
ABprppapaa:228,ABprppapaa,228,29171,4171,-427,-427,4124,22.2,487,105,34,181460
ABprppapaa:229,ABprppapaa,229,29779,4779,117,117,4669,22.1,481,105,31,135722
ABprppapaa:230,ABprppapaa,230,29828,4828,320,319,4774,22.2,481,112,34,206403
ABprppapaa:231,ABprppapaa,231,29068,4068,-794,-809,3968,22.1,482,110,34,215576
ABprppapaa:232,ABprppapaa,232,29424,4424,-309,-309,4319,22.0,492,108,30,183750
ABprppapaaa:233,ABprppapaaa,233,29914,4914,561,539,4578,21.9,471,101,30,145602
ABprppapaaa:234,ABprppapaaa,234,29018,4018,-584,-607,3744,21.1,471,95,30,144324
ABprppapaaa:235,ABprppapaaa,235,29704,4704,334,343,4429,21.1,471,94,30,149379
ABprppapaaa:236,ABprppapaaa,236,29372,4372,-73,-74,4195,21.1,470,88,32,166802
ABprppapaaa:237,ABprppapaaa,237,29834,4834,405,407,4645,21.2,467,94,34,168013
ABprppapaaa:238,ABprppapaaa,238,29564,4564,-43,-43,4479,22.1,471,97,34,166279
ABprppapaaa:239,ABprppapaaa,239,29498,4498,-407,-407,4319,22.1,472,103,34,180643
ABprppapaaa:240,ABprppapaaa,240,29475,4475,187,187,4414,23.0,481,112,34,176457
ABprppapaaa:241,ABprppapaaa,241,29022,4022,-693,-693,3932,23.1,481,113,31,132835
ABprppapaaa:242,ABprppapaaa,242,29989,4989,399,399,4811,22.3,480,113,34,160122
ABprppapaaa:243,ABprppapaaa,243,29392,4392,-295,-250,4212,23.0,487,111,34,179806
ABprppapaaa:244,ABprppapaaa,244,29546,4546,-3,5,4389,23.1,482,117,34,172022
ABprppapaaa:245,ABprppapaaa,245,29874,4874,186,170,4779,23.2,483,116,31,133132
ABprppapaaa:246,ABprppapaaa,246,29754,4754,-63,-48,4572,23.2,486,124,34,170601
ABprppapaaa:247,ABprppapaaa,247,29475,4475,-457,-458,4353,23.1,485,124,34,169411
ABprppapaaa:248,ABprppapaaa,248,29144,4144,-307,-309,4031,24.0,484,129,31,133445
ABprppapaaa:249,ABprppapaaa,249,29551,4551,-509,-420,3917,24.0,484,129,31,133445
ABprppapaaa:250,ABprppapaaa,250,29808,4808,-219,-219,4589,23.2,485,132,31,116252
ABprppapaap:233,ABprppapaap,233,30022,5022,262,258,4880,21.1,522,104,30,162093
ABprppapaap:234,ABprppapaap,234,29486,4486,-443,-478,4351,21.8,531,102,30,160017
ABprppapaap:235,ABprppapaap,235,30044,5044,333,333,4870,21.1,535,99,30,166749
ABprppapaap:236,ABprppapaap,236,29533,4533,-5,-5,4414,21.8,532,103,30,158202
ABprppapaap:237,ABprppapaap,237,29618,4618,-534,-546,4476,21.8,531,107,30,148416
ABprppapaap:238,ABprppapaap,238,30594,5594,852,874,5183,21.2,535,106,34,188077
ABprppapaap:239,ABprppapaap,239,29892,4892,48,44,4586,21.0,536,103,32,171802
ABprppapaap:240,ABprppapaap,240,29689,4689,-62,-72,4279,21.2,536,102,34,185988
ABprppapaap:241,ABprppapaap,241,28826,3826,-1024,-1024,3309,21.2,533,105,31,142499
ABprppapaap:242,ABprppapaap,242,30022,5022,96,90,4542,21.3,528,108,32,154820
ABprppapaap:243,ABprppapaap,243,29884,4884,68,81,4558,22.0,528,106,34,206809
ABprppapaap:244,ABprppapaap,244,30429,5429,824,814,5143,22.2,529,113,34,167714
ABprppapaap:245,ABprppapaap,245,29511,4511,-334,-334,4255,23.1,527,121,31,136612
ABprppapaap:246,ABprppapaap,246,30420,5420,414,371,5090,23.2,526,132,34,163492
ABprppapaap:247,ABprppapaap,247,29765,4765,-9,-15,4354,24.1,524,139,34,160171
ABprppapaap:248,ABprppapaap,248,29863,4863,300,340,4410,26.0,524,139,31,128715
ABprppapaap:249,ABprppapaap,249,29803,4803,79,87,4499,25.2,527,138,34,160315
ABprppapaap:250,ABprppapaap,250,29351,4351,-525,-422,3773,25.2,525,149,31,126548
ABprppapap:169,ABprppapap,169,29846,4846,129,95,4578,21.2,548,130,37,167694
ABprppapap:170,ABprppapap,170,29199,4199,-514,-480,3916,21.9,546,120,34,149807
ABprppapap:171,ABprppapap,171,29815,4815,-30,-33,4279,21.1,540,110,33,127109
ABprppapap:172,ABprppapap,172,29910,4910,417,425,4694,22.1,542,107,34,152019
ABprppapap:173,ABprppapap,173,30021,5021,-39,-37,4501,22.0,541,104,34,134922
ABprppapap:174,ABprppapap,174,29711,4711,120,104,4116,22.1,541,103,36,182758
ABprppapap:175,ABprppapap,175,29393,4393,-312,-326,3765,22.0,542,103,36,168596
ABprppapap:176,ABprppapap,176,29157,4157,-626,-638,3543,22.0,538,103,35,134963
ABprppapap:177,ABprppapap,177,29343,4343,-703,-617,3431,22.0,534,103,35,141494
ABprppapap:178,ABprppapap,178,29653,4653,-483,-438,3639,22.0,532,103,35,143943
ABprppapap:179,ABprppapap,179,29629,4629,-117,-89,3907,22.2,532,104,34,140476
ABprppapap:180,ABprppapap,180,29100,4100,-984,-984,2916,22.0,528,104,34,161158
ABprppapap:181,ABprppapap,181,29053,4053,-437,-314,3056,21.0,531,100,34,158935
ABprppapap:182,ABprppapap,182,29524,4524,-20,-19,3813,21.0,524,100,34,165443
ABprppapap:183,ABprppapap,183,30496,5496,567,549,4208,20.2,525,100,34,153142
ABprppapap:184,ABprppapap,184,30035,5035,322,354,3769,21.0,527,102,34,164441
ABprppapap:185,ABprppapap,185,29872,4872,294,291,3903,20.1,522,102,34,159114
ABprppapap:186,ABprppapap,186,29402,4402,-152,-188,2760,20.0,521,109,34,145016
ABprppapap:187,ABprppapap,187,29452,4452,-317,-530,3136,21.0,525,108,31,115876
ABprppapap:188,ABprppapap,188,29416,4416,-259,-243,3482,21.0,523,110,34,157783
ABprppapap:189,ABprppapap,189,29696,4696,-6,-35,3830,21.0,527,108,34,161046
ABprppapap:190,ABprppapap,190,29929,4929,165,188,3873,21.0,526,109,31,128336
ABprppapap:191,ABprppapap,191,29411,4411,-439,-540,2785,20.0,528,111,34,151776
ABprppapap:192,ABprppapap,192,29741,4741,-163,-141,4208,21.1,531,113,34,151291
ABprppapap:193,ABprppapap,193,29294,4294,-373,-390,3913,22.0,528,112,34,170810
ABprppapap:194,ABprppapap,194,29383,4383,-487,-500,4102,22.0,529,113,34,172787
ABprppapap:195,ABprppapap,195,29967,4967,411,411,4635,21.2,529,108,31,121523
ABprppapap:196,ABprppapap,196,29876,4876,76,44,4441,21.1,525,113,34,173324
ABprppapap:197,ABprppapap,197,30118,5118,514,513,4326,20.1,525,110,34,169630
ABprppapap:198,ABprppapap,198,29790,4790,300,297,4419,21.0,526,108,34,165464
ABprppapap:199,ABprppapap,199,29532,4532,-118,-132,4186,22.1,525,110,34,177240
ABprppapap:200,ABprppapap,200,29784,4784,289,335,4443,22.2,524,112,34,182915
ABprppapap:201,ABprppapap,201,29912,4912,351,329,4429,22.0,524,109,31,143598
ABprppapap:202,ABprppapap,202,29911,4911,156,190,4391,21.2,525,107,34,166608
ABprppapap:203,ABprppapap,203,29308,4308,-99,-96,3705,22.1,522,106,34,183304
ABprppapap:204,ABprppapap,204,29778,4778,-29,-52,4309,23.1,530,114,34,186890
ABprppapap:205,ABprppapap,205,29850,4850,84,70,4529,22.2,529,111,34,164972
ABprppapap:206,ABprppapap,206,29395,4395,-390,-350,4082,22.2,527,107,34,170786
ABprppapap:207,ABprppapap,207,30630,5630,848,806,5284,22.2,522,106,34,189042
ABprppapap:208,ABprppapap,208,29891,4891,199,247,4596,22.2,528,106,34,176065
ABprppapap:209,ABprppapap,209,29205,4205,-699,-651,3748,22.0,528,107,34,201902
ABprppapap:210,ABprppapap,210,29567,4567,-143,-196,4281,22.1,527,108,34,187737
ABprppapap:211,ABprppapap,211,30092,5092,511,473,4857,22.0,529,105,34,221948
ABprppapap:212,ABprppapap,212,29664,4664,108,88,4388,21.1,533,102,34,196473
ABprppapap:213,ABprppapap,213,29796,4796,6,5,4528,22.0,533,101,34,208967
ABprppapap:214,ABprppapap,214,30065,5065,423,450,4614,21.3,532,102,34,190346
ABprppapap:215,ABprppapap,215,29510,4510,-574,-680,3758,21.2,536,103,34,200123
ABprppapap:216,ABprppapap,216,30255,5255,468,436,4646,21.2,543,106,34,212333
ABprppapap:217,ABprppapap,217,30408,5408,304,281,4538,20.2,548,104,31,147485
ABprppapap:218,ABprppapap,218,29436,4436,-509,-531,3775,21.2,547,103,34,203550
ABprppapap:219,ABprppapap,219,29962,4962,82,82,4514,21.1,549,103,34,208796
ABprppapap:220,ABprppapap,220,29585,4585,-501,-438,3597,21.1,548,111,34,212674
ABprppapap:221,ABprppapap,221,29453,4453,-535,-550,3781,21.1,554,110,34,208955
ABprppapap:222,ABprppapap,222,30190,5190,226,203,4851,22.0,560,112,34,212842
ABprppapap:223,ABprppapap,223,30452,5452,347,347,4965,21.2,561,113,34,205619
ABprppapap:224,ABprppapap,224,30582,5582,669,669,4738,21.2,558,111,34,207614
ABprppapap:225,ABprppapap,225,29998,4998,45,45,4039,21.1,557,113,34,206155
ABprppapap:226,ABprppapap,226,29613,4613,-431,-431,4272,21.0,553,112,34,219884
ABprppapap:227,ABprppapap,227,29641,4641,-417,-417,3885,21.2,556,115,34,202597
ABprppapap:228,ABprppapap,228,29316,4316,-1011,-1011,3643,21.2,557,116,34,219000
ABprppapap:229,ABprppapap,229,30110,5110,177,177,4666,21.3,553,114,31,159663
ABprppapap:230,ABprppapap,230,29948,4948,-81,-81,4851,22.1,555,113,34,207995
ABprppapap:231,ABprppapap,231,30224,5224,-61,-61,4751,21.2,561,117,34,187937
ABprppapap:232,ABprppapap,232,30511,5511,175,153,5156,22.1,562,124,34,207986
ABprppapap:233,ABprppapap,233,29245,4245,-1166,-1168,3941,22.0,564,122,34,224249
ABprppapap:234,ABprppapap,234,29452,4452,-670,-674,3996,22.0,563,128,34,205194
ABprppapap:235,ABprppapap,235,30231,5231,-214,-117,4537,22.2,572,132,34,202040
ABprppapap:236,ABprppapap,236,29881,4881,-74,84,4238,23.0,571,128,34,222363
ABprppapap:237,ABprppapap,237,29652,4652,-371,-444,3706,22.1,566,130,34,213960
ABprppapap:238,ABprppapap,238,30402,5402,610,639,4853,23.1,567,128,34,228602
ABprppapap:239,ABprppapap,239,29654,4654,-43,-51,4116,23.0,574,125,34,233168
ABprppapap:240,ABprppapap,240,29836,4836,15,23,3846,23.0,574,125,34,233168
ABprppapap:241,ABprppapap,241,29977,4977,7,-128,4399,23.0,573,126,33,233168
ABprppapap:242,ABprppapap,242,30245,5245,343,184,4268,23.1,572,127,32,233168
ABprppapap:243,ABprppapap,243,30018,5018,283,367,3476,23.1,571,127,31,233168
ABprppapap:244,ABprppapap,244,30062,5062,471,417,4338,23.1,570,128,30,233168
ABprppapap:245,ABprppapap,245,29751,4751,107,74,4055,23.1,569,129,29,133509
ABprppapap:246,ABprppapap,246,29867,4867,29,-24,4041,23.3,575,143,34,215726
ABprppapap:247,ABprppapap,247,29842,4842,-257,-299,3739,24.2,571,152,34,212061
ABprppapap:248,ABprppapap,248,30013,5013,470,556,4509,24.1,565,142,31,163359
ABprppapap:249,ABprppapap,249,29175,4175,-660,-735,3739,24.0,569,137,34,216781
ABprppapap:250,ABprppapap,250,29699,4699,33,65,4283,24.1,566,140,31,169612
ABprppapp:125,ABprppapp,125,29755,4755,-165,-166,4405,17.0,632,183,36,129967
ABprppapp:126,ABprppapp,126,29080,4080,-747,-747,3475,17.1,635,182,27,41865
ABprppapp:127,ABprppapp,127,28801,3801,-712,-712,3320,17.1,635,182,27,41865
ABprppapp:128,ABprppapp,128,30295,5295,15,74,4804,17.1,640,177,33,86343
ABprppapp:129,ABprppapp,129,29483,4483,-708,-691,4080,17.0,640,182,32,85073
ABprppapp:130,ABprppapp,130,29838,4838,-221,-60,3968,17.1,637,177,33,86107
ABprppapp:131,ABprppapp,131,29835,4835,-104,-73,4042,17.3,637,176,32,86107
ABprppapp:132,ABprppapp,132,30239,5239,206,220,4690,17.6,636,174,30,86107
ABprppapp:133,ABprppapp,133,30168,5168,130,140,4823,17.8,635,173,29,86107
ABprppapp:134,ABprppapp,134,29520,4520,-137,-137,4183,18.0,634,171,27,45253
ABprppapp:135,ABprppapp,135,29556,4556,-177,-203,4018,18.0,634,171,27,45253
ABprppapp:136,ABprppapp,136,29174,4174,-909,-788,3644,18.1,642,170,27,48648
ABprppapp:137,ABprppapp,137,29579,4579,-870,-694,3906,18.1,639,165,29,62587
ABprppapp:138,ABprppapp,138,31485,6485,247,1446,3036,19.0,640,150,29,58441
ABprppapp:139,ABprppapp,139,31472,6472,757,1610,3784,19.0,634,154,27,44880
ABprppapp:140,ABprppapp,140,29774,4774,-758,-294,3905,18.0,629,153,41,170884
ABprppapp:141,ABprppapp,141,29027,4027,-1357,-1283,3393,18.0,626,157,30,85586
ABprppapp:142,ABprppapp,142,29702,4702,-837,-562,4040,18.0,621,150,46,251034
ABprppapp:143,ABprppapp,143,29770,4770,-848,-564,3586,18.1,620,154,45,211103
ABprppapp:144,ABprppapp,144,30016,5016,-673,-370,4271,18.0,620,152,46,242028
ABprppapp:145,ABprppapp,145,30000,5000,-896,-550,4681,18.1,617,155,46,249249
ABprppapp:146,ABprppapp,146,29901,4901,-839,-543,4371,18.0,619,142,46,274084
ABprppapp:147,ABprppapp,147,30377,5377,-478,-187,4578,18.0,613,147,46,273672
ABprppapp:148,ABprppapp,148,30256,5256,-472,53,4060,18.0,605,144,46,288833
ABprppapp:149,ABprppapp,149,30899,5899,-110,589,4265,18.2,605,141,49,320790
ABprppapp:150,ABprppapp,150,30059,5059,-741,-229,3699,19.0,602,141,47,312967
ABprppapp:151,ABprppapp,151,30244,5244,-643,85,3869,19.1,604,141,51,399001
ABprppapp:152,ABprppapp,152,31233,6233,179,1005,3345,19.1,593,132,35,142706
ABprppapp:153,ABprppapp,153,30312,5312,-565,-48,4048,18.1,595,132,49,337121
ABprppapp:154,ABprppapp,154,30513,5513,-511,164,4199,19.0,592,132,50,425777
ABprppapp:155,ABprppapp,155,30649,5649,-281,345,4315,19.1,592,133,52,454915
ABprppapp:156,ABprppapp,156,30634,5634,-596,170,3344,20.0,593,131,50,374049
ABprppapp:157,ABprppapp,157,31309,6309,104,897,3181,20.0,593,131,50,374049
ABprppapp:158,ABprppapp,158,30426,5426,-415,339,2706,19.1,585,126,50,383881
ABprppapp:159,ABprppapp,159,30951,5951,465,705,3455,18.1,584,124,34,131498
ABprppapp:160,ABprppapp,160,30054,5054,-332,-6,1741,18.1,588,125,47,283871
ABprppapp:161,ABprppapp,161,30523,5523,-255,192,-780,18.1,588,125,47,283871
ABprppapp:162,ABprppapp,162,32866,7866,1833,2458,3777,19.0,584,124,31,126494
ABprppapp:163,ABprppapp,163,31599,6599,382,1204,1156,20.0,586,131,30,121621
ABprppapp:164,ABprppapp,164,30568,5568,-118,119,496,19.0,586,131,45,298442
ABprppapp:165,ABprppapp,165,30760,5760,-132,204,2349,20.1,588,136,45,294178
ABprppapp:166,ABprppapp,166,30506,5506,-194,-37,3421,20.1,585,139,44,289350
ABprppapp:167,ABprppapp,167,29641,4641,-1169,-689,3055,21.0,579,141,43,262546
ABprppapp:168,ABprppapp,168,31472,6472,403,835,4836,22.0,583,141,40,254018
ABprppapp:169,ABprppapp,169,30062,5062,-504,-551,3411,20.1,589,138,39,239500
ABprppapp:170,ABprppapp,170,29952,4952,-738,-598,3180,22.1,578,149,38,222020
ABprppapp:171,ABprppapp,171,30087,5087,-382,-251,3593,22.2,569,148,37,231749
ABprppapp:172,ABprppapp,172,30136,5136,-210,-227,4621,22.9,563,147,32,151417
ABprppapp:173,ABprppapp,173,29868,4868,-476,-438,4174,22.1,570,147,36,213830
ABprppappa:174,ABprppappa,174,29747,4747,-507,-492,3710,21.1,537,140,34,145414
ABprppappa:175,ABprppappa,175,29336,4336,-978,-974,3740,21.2,539,143,34,138358
ABprppappa:176,ABprppappa,176,29927,4927,-294,-369,4194,22.0,535,143,33,127702
ABprppappa:177,ABprppappa,177,29452,4452,-632,-647,3536,21.1,537,134,35,147215
ABprppappa:178,ABprppappa,178,30042,5042,-411,-420,3719,21.2,537,136,35,142622
ABprppappa:179,ABprppappa,179,30103,5103,-65,-75,4098,21.1,538,137,34,146741
ABprppappa:180,ABprppappa,180,29827,4827,-799,-961,2712,22.1,542,128,34,157898
ABprppappa:181,ABprppappa,181,30354,5354,112,34,4218,21.1,546,132,34,157644
ABprppappa:182,ABprppappa,182,29890,4890,-363,-233,3086,21.1,545,129,34,170026
ABprppappa:183,ABprppappa,183,30490,5490,-144,-111,4586,21.1,551,129,32,152794
ABprppappa:184,ABprppappa,184,30114,5114,-258,-272,3999,21.1,553,129,34,161800
ABprppappa:185,ABprppappa,185,29664,4664,-745,-717,3486,21.2,557,131,34,162365
ABprppappa:186,ABprppappa,186,29677,4677,-517,-590,3740,22.1,554,127,34,144010
ABprppappa:187,ABprppappa,187,30018,5018,-417,-579,3381,22.0,551,137,31,110294
ABprppappa:188,ABprppappa,188,29997,4997,-705,-769,3020,22.0,555,134,34,154724
ABprppappa:189,ABprppappa,189,30366,5366,-139,-196,3946,21.1,565,130,34,143996
ABprppappa:190,ABprppappa,190,29733,4733,-796,-751,2529,21.0,563,129,31,115308
ABprppappa:191,ABprppappa,191,30061,5061,-529,-582,3346,22.2,559,138,34,153857
ABprppappa:192,ABprppappa,192,29975,4975,-752,-731,3559,22.1,563,141,34,149607
ABprppappa:193,ABprppappa,193,30768,5768,-308,19,2798,23.0,563,142,34,154463
ABprppappa:194,ABprppappa,194,30386,5386,-142,-143,3829,21.1,564,137,34,144585
ABprppappa:195,ABprppappa,195,29815,4815,-1071,-999,2745,23.0,563,138,31,134307
ABprppappa:196,ABprppappa,196,29574,4574,-985,-1001,3254,22.1,560,137,34,162841
ABprppappa:197,ABprppappa,197,30342,5342,-715,-655,3447,23.0,558,137,34,171273
ABprppappa:198,ABprppappa,198,30454,5454,-99,-152,3877,23.0,562,136,34,172528
ABprppappa:199,ABprppappa,199,30043,5043,-451,-437,3764,22.1,565,135,34,155728
ABprppappa:200,ABprppappa,200,29805,4805,-809,-826,3891,23.0,560,134,34,178811
ABprppappa:201,ABprppappa,201,29528,4528,-623,-738,3445,22.2,553,133,31,128282
ABprppappa:202,ABprppappa,202,30180,5180,251,251,4457,22.2,555,131,34,159319
ABprppappa:203,ABprppappa,203,30101,5101,103,93,4481,23.1,551,132,34,184168
ABprppappa:204,ABprppappa,204,29770,4770,-297,-284,3715,23.2,551,140,34,173613
ABprppappa:205,ABprppappa,205,29453,4453,-744,-694,3582,23.1,554,138,34,178522
ABprppappa:206,ABprppappa,206,30286,5286,-88,-119,4622,23.2,559,133,34,170121
ABprppappa:207,ABprppappa,207,30512,5512,347,330,4407,23.2,551,134,34,182084
ABprppappa:208,ABprppappa,208,30207,5207,170,105,4621,23.2,552,134,34,187568
ABprppappa:209,ABprppappa,209,29986,4986,-143,-154,4488,23.2,553,130,34,172832
ABprppappa:210,ABprppappa,210,29726,4726,-359,-354,4142,24.0,553,130,34,180164
ABprppappa:211,ABprppappa,211,29903,4903,-192,-199,4466,23.2,555,135,34,172489
ABprppappa:212,ABprppappa,212,29677,4677,152,137,4303,23.2,548,137,34,178422
ABprppappa:213,ABprppappa,213,29686,4686,-51,-71,4203,24.1,546,130,34,194920
ABprppappa:214,ABprppappa,214,29633,4633,-72,-110,3984,24.1,544,124,34,185641
ABprppappa:215,ABprppappa,215,29010,4010,-911,-1021,2943,23.3,543,123,34,173375
ABprppappa:216,ABprppappa,216,30087,5087,210,261,4128,24.1,546,127,34,190685
ABprppappa:217,ABprppappa,217,29173,4173,-595,-595,3595,24.0,542,130,31,146444
ABprppappa:218,ABprppappa,218,29403,4403,-587,-590,3677,24.1,539,124,34,197780
ABprppappa:219,ABprppappa,219,29744,4744,-96,-93,4485,25.0,535,134,34,178559
ABprppappa:220,ABprppappa,220,29764,4764,14,-66,3773,24.1,540,126,34,204904
ABprppappa:221,ABprppappa,221,29650,4650,-235,-274,3838,24.1,539,123,34,201461
ABprppappa:222,ABprppappa,222,30121,5121,167,185,4699,25.0,532,126,34,192929
ABprppappa:223,ABprppappa,223,29071,4071,-640,-631,3869,25.0,526,124,34,194575
ABprppappa:224,ABprppappa,224,29563,4563,-108,-107,4347,25.1,527,126,34,193695
ABprppappa:225,ABprppappa,225,29156,4156,-762,-778,3954,25.1,518,129,34,187750
ABprppappa:226,ABprppappa,226,29662,4662,5,-10,4497,25.1,516,126,34,197839
ABprppappa:227,ABprppappa,227,30502,5502,628,650,5322,25.2,518,131,34,177096
ABprppappa:228,ABprppappa,228,30070,5070,222,222,4938,25.3,518,131,34,164688
ABprppappa:229,ABprppappa,229,30008,5008,297,297,4956,25.2,520,134,31,131133
ABprppappa:230,ABprppappa,230,29936,4936,54,86,4801,26.1,515,138,34,196633
ABprppappa:231,ABprppappa,231,30658,5658,876,876,5606,26.0,519,134,34,180112
ABprppappa:232,ABprppappa,232,30062,5062,270,263,4947,26.1,517,140,34,189973
ABprppappa:233,ABprppappa,233,29147,4147,-652,-653,4013,26.0,514,136,34,196320
ABprppappa:234,ABprppappa,234,29106,4106,-883,-883,4000,25.1,509,136,34,185553
ABprppappa:235,ABprppappa,235,29611,4611,67,67,4559,25.2,509,138,34,170179
ABprppappa:236,ABprppappa,236,29382,4382,-344,-340,4320,26.0,507,135,34,193816
ABprppappa:237,ABprppappa,237,29744,4744,138,161,4667,26.0,502,137,34,195851
ABprppappa:238,ABprppappa,238,29902,4902,-30,-30,4824,25.2,506,137,34,170289
ABprppappa:239,ABprppappa,239,29266,4266,-565,-574,4126,26.1,509,147,34,170363
ABprppappa:240,ABprppappa,240,29630,4630,207,219,4403,26.1,508,149,34,203363
ABprppappa:241,ABprppappa,241,30165,5165,579,577,4971,25.2,510,144,31,155139
ABprppappa:242,ABprppappa,242,30019,5019,-138,-148,4847,25.1,510,148,34,188135
ABprppappa:243,ABprppappa,243,30160,5160,668,715,4846,26.1,511,146,30,178036
ABprppappa:244,ABprppappa,244,29904,4904,-55,-23,4519,26.1,534,152,34,163663
ABprppappa:245,ABprppappa,245,29715,4715,-32,-29,3986,26.1,539,157,31,128814
ABprppappa:246,ABprppappa,246,30030,5030,-209,-227,3819,26.1,535,164,32,145270
ABprppappa:247,ABprppappa,247,29711,4711,-473,-505,3554,27.1,528,165,30,137392
ABprppappa:248,ABprppappa,248,30355,5355,292,325,3932,27.0,529,174,31,125792
ABprppappa:249,ABprppappa,249,29541,4541,-530,-584,3271,27.1,530,181,34,148673
ABprppappa:250,ABprppappa,250,30464,5464,619,556,3994,27.2,531,179,31,124717
ABprppappp:174,ABprppappp,174,30624,5624,173,279,4706,22.0,596,142,32,129848
ABprppappp:175,ABprppappp,175,30893,5893,-46,614,3335,23.0,604,146,29,87416
ABprppappp:176,ABprppappp,176,31066,6066,648,922,3844,23.9,599,147,31,101218
ABprppappp:177,ABprppappp,177,29862,4862,-606,-497,3921,23.1,595,137,33,116740
ABprppappp:178,ABprppappp,178,30094,5094,-1037,-208,3181,23.1,605,145,35,135606
ABprppappp:179,ABprppappp,179,29945,4945,-1074,-743,2914,23.1,601,142,34,138873
ABprppappp:180,ABprppappp,180,29705,4705,-813,-280,3229,23.1,599,140,34,148594
ABprppappp:181,ABprppappp,181,30169,5169,-995,-537,3923,23.2,604,135,34,152441
ABprppappp:182,ABprppappp,182,30453,5453,-754,-200,4329,23.1,595,130,34,157450
ABprppappp:183,ABprppappp,183,29949,4949,-744,-507,3507,22.2,599,137,34,158892
ABprppappp:184,ABprppappp,184,29469,4469,-1465,-1221,3217,23.1,601,131,34,159752
ABprppappp:185,ABprppappp,185,30565,5565,-583,-497,4450,23.2,603,135,34,169840
ABprppappp:186,ABprppappp,186,30383,5383,-734,-386,3640,24.0,603,137,34,144082
ABprppappp:187,ABprppappp,187,31387,6387,288,548,4707,24.1,599,135,31,115244
ABprppappp:188,ABprppappp,188,29844,4844,-1057,-802,3101,23.1,599,143,34,139664
ABprppappp:189,ABprppappp,189,31166,6166,-39,330,4322,23.0,605,139,34,151753
ABprppappp:190,ABprppappp,190,29851,4851,-1774,-1496,2705,24.0,608,134,31,124061
ABprppappp:191,ABprppappp,191,31131,6131,-337,-106,4642,23.2,604,137,34,154147
ABprppappp:192,ABprppappp,192,31470,6470,-680,-216,4774,24.0,606,140,34,165484
ABprppappp:193,ABprppappp,193,31438,6438,56,308,3879,23.1,610,137,34,168522
ABprppappp:194,ABprppappp,194,31001,6001,-914,48,3451,24.1,605,137,34,165396
ABprppappp:195,ABprppappp,195,31009,6009,-1273,-23,-462,24.0,605,140,31,140995
ABprppappp:196,ABprppappp,196,30830,5830,-1073,-796,2998,23.1,612,142,34,168371
ABprppappp:197,ABprppappp,197,31078,6078,-1141,-474,1652,23.0,609,139,34,178501
ABprppappp:198,ABprppappp,198,31072,6072,-549,-59,2634,23.1,609,147,34,179545
ABprppappp:199,ABprppappp,199,31085,6085,-887,-510,2946,23.1,604,146,34,182810
ABprppappp:200,ABprppappp,200,31661,6661,-783,499,-230,23.1,606,148,34,185173
ABprppappp:201,ABprppappp,201,34761,9761,1447,2858,2504,24.1,594,145,31,145108
ABprppappp:202,ABprppappp,202,31882,6882,506,1182,1600,23.1,605,143,34,178881
ABprppappp:203,ABprppappp,203,30417,5417,-942,-813,2787,23.2,606,138,34,195845
ABprppappp:204,ABprppappp,204,30693,5693,-352,-328,3557,23.1,611,140,34,181839
ABprppappp:205,ABprppappp,205,30862,5862,-274,20,2854,23.2,615,138,34,192405
ABprppappp:206,ABprppappp,206,30768,5768,-23,-23,4362,23.1,614,137,34,194145
ABprppappp:207,ABprppappp,207,31056,6056,35,200,3381,23.1,611,138,34,200730
ABprppappp:208,ABprppappp,208,31533,6533,143,198,4835,23.1,611,138,34,195771
ABprppappp:209,ABprppappp,209,30109,5109,-871,-871,4373,23.2,614,142,34,187823
ABprppappp:210,ABprppappp,210,31292,6292,257,423,5163,24.1,616,140,34,201999
ABprppappp:211,ABprppappp,211,30534,5534,-963,-661,4025,24.0,612,139,34,215090
ABprppappp:212,ABprppappp,212,30719,5719,-479,-449,4496,23.2,615,137,34,188050
ABprppappp:213,ABprppappp,213,29746,4746,-756,-748,4030,24.0,610,133,34,206907
ABprppappp:214,ABprppappp,214,30470,5470,-352,-352,4805,23.2,605,136,34,178831
ABprppappp:215,ABprppappp,215,29664,4664,-1718,-1569,3601,24.0,613,140,34,208402
ABprppappp:216,ABprppappp,216,30921,5921,-75,30,4567,24.2,616,144,34,190424
ABprppappp:217,ABprppappp,217,31082,6082,-118,-118,5034,23.3,620,143,31,144872
ABprppappp:218,ABprppappp,218,30662,5662,-495,-495,4652,23.2,617,143,34,188601
ABprppappp:219,ABprppappp,219,30808,5808,-563,-424,4977,24.1,615,141,34,207213
ABprppappp:220,ABprppappp,220,30588,5588,-685,-536,3725,24.0,621,139,32,186828
ABprppappp:221,ABprppappp,221,30785,5785,114,285,4687,24.1,619,140,34,223247
ABprppappp:222,ABprppappp,222,31094,6094,103,103,5461,24.2,617,142,34,207328
ABprppappp:223,ABprppappp,223,30897,5897,7,222,4695,24.1,609,139,34,219758
ABprppappp:224,ABprppappp,224,29777,4777,-1428,-675,876,24.2,607,139,34,215304
ABprppappp:225,ABprppappp,225,31018,6018,-482,-356,4717,24.0,609,137,34,233655
ABprppappp:226,ABprppappp,226,29941,4941,-1465,-1442,1139,24.0,609,137,34,233655
ABprppappp:227,ABprppappp,227,30724,5724,8,191,4767,24.2,603,137,34,206563
ABprppappp:228,ABprppappp,228,30303,5303,-827,-485,2434,24.2,598,138,34,215327
ABprppappp:229,ABprppappp,229,31199,6199,109,417,2861,24.1,597,141,31,172498
ABprppappp:230,ABprppappp,230,30891,5891,-190,510,3877,25.1,589,138,34,220504
ABprppappp:231,ABprppappp,231,31395,6395,-605,407,3151,25.1,590,144,34,217095
ABprppappp:232,ABprppappp,232,29863,4863,-1514,-809,2166,25.1,591,144,34,213551
ABprppappp:233,ABprppappp,233,31292,6292,154,878,3601,25.0,589,141,34,224780
ABprppappp:234,ABprppappp,234,31879,6879,-88,865,3023,25.2,582,145,34,219831
ABprppappp:235,ABprppappp,235,33414,8414,1424,2248,1572,25.1,586,142,34,234534
ABprppappp:236,ABprppappp,236,32019,7019,285,960,982,25.1,578,142,34,236878
ABprppappp:237,ABprppappp,237,31983,6983,527,1072,4083,25.2,577,146,34,230252
ABprppappp:238,ABprppappp,238,32925,7925,687,1630,4721,26.0,580,150,34,242221
ABprppappp:239,ABprppappp,239,30137,5137,-1183,-765,2613,25.2,584,145,34,227382
ABprppappp:240,ABprppappp,240,29582,4582,-799,-795,2157,24.1,573,143,34,229611
ABprppappp:241,ABprppappp,241,29382,4382,-1064,-1155,2867,25.0,572,147,31,186771
ABprppappp:242,ABprppappp,242,29504,4504,-579,-528,1767,24.0,566,136,34,236330
ABprppappp:243,ABprppappp,243,29978,4978,96,111,2705,24.0,568,137,34,245650
ABprppappp:244,ABprppappp,244,29909,4909,-277,-296,3425,25.1,573,150,34,221069
ABprppappp:245,ABprppappp,245,29565,4565,-387,-421,2956,25.1,576,148,31,193578
ABprppappp:246,ABprppappp,246,29813,4813,-350,-405,2772,26.0,577,154,34,228885
ABprppappp:247,ABprppappp,247,29929,4929,-570,-452,2555,26.1,570,166,29,131879
ABprppappp:248,ABprppappp,248,29796,4796,-266,-279,4019,27.0,572,168,31,166869
ABprppappp:249,ABprppappp,249,29899,4899,-337,-383,4189,26.2,577,169,34,212382
ABprppappp:250,ABprppappp,250,29669,4669,-340,-330,3958,27.1,573,172,31,167731
ABprppp:62,ABprppp,62,29537,4537,-141,-108,4482,19.5,725,228,64,0
ABprppp:63,ABprppp,63,29638,4638,1,1,4638,21.0,744,240,64,0
ABprppp:64,ABprppp,64,29729,4729,-48,-48,4729,20.8,744,240,64,0
ABprppp:65,ABprppp,65,29557,4557,-249,-249,4557,20.6,744,240,64,0
ABprppp:66,ABprppp,66,29691,4691,-53,-53,4691,20.5,744,240,64,0
ABprppp:67,ABprppp,67,29486,4486,-285,-285,4486,20.3,744,239,64,0
ABprppp:68,ABprppp,68,29923,4923,227,227,4923,20.1,744,239,64,0
ABprppp:69,ABprppp,69,29948,4948,242,242,4948,19.9,745,239,64,0
ABprppp:70,ABprppp,70,29908,4908,150,150,4908,19.7,745,239,64,0
ABprppp:71,ABprppp,71,29794,4794,-8,-8,4794,19.5,745,238,64,0
ABprppp:72,ABprppp,72,29716,4716,-55,-55,4716,19.4,745,238,64,0
ABprppp:73,ABprppp,73,29658,4658,-31,-31,4658,19.2,745,238,64,0
ABprppp:74,ABprppp,74,29239,4239,-461,-462,4239,19.0,746,237,64,0
ABprppp:75,ABprppp,75,29593,4593,-99,-99,4593,19.1,746,237,64,0
ABprppp:76,ABprppp,76,29585,4585,10,10,4585,19.2,747,238,64,0
ABprppp:77,ABprppp,77,29773,4773,144,144,4773,19.3,747,239,64,0
ABprppp:78,ABprppp,78,29567,4567,-190,-190,4567,19.4,748,240,64,0
ABprppp:79,ABprppp,79,29411,4411,-242,-242,4411,19.5,748,241,64,0
ABprppp:80,ABprppp,80,29339,4339,-472,-472,4339,19.5,749,242,64,0
ABprppp:81,ABprppp,81,29296,4296,-361,-361,4296,19.6,749,243,64,0
ABprppp:82,ABprppp,82,29213,4213,-436,-436,4213,19.7,750,244,64,0
ABprppp:83,ABprppp,83,29032,4032,-642,-642,4032,19.8,750,245,64,0
ABprppp:84,ABprppp,84,29474,4474,-89,-89,4474,19.9,751,246,64,0
ABprppp:85,ABprppp,85,29576,4576,-39,-39,4576,20.0,752,247,64,0
ABprppp:86,ABprppp,86,29326,4326,-293,-293,4326,20.3,745,246,64,0
ABprppp:87,ABprppp,87,29248,4248,-439,-439,4248,20.5,738,244,64,0
ABprppp:88,ABprppp,88,29456,4456,-78,-79,4456,20.8,731,243,64,0
ABprppp:89,ABprppp,89,29481,4481,-135,-151,3719,21.0,724,241,64,0
ABprpppa:90,ABprpppa,90,29655,4655,48,49,3936,21.3,729,232,62,0
ABprpppa:91,ABprpppa,91,29478,4478,-72,-45,4438,21.7,734,223,60,0
ABprpppa:92,ABprpppa,92,29928,4928,378,375,4921,22.0,739,213,58,0
ABprpppa:93,ABprpppa,93,29761,4761,169,167,4752,21.9,738,212,58,0
ABprpppa:94,ABprpppa,94,30221,5221,569,560,5209,21.8,736,210,58,0
ABprpppa:95,ABprpppa,95,29755,4755,366,366,4741,21.6,734,209,58,0
ABprpppa:96,ABprpppa,96,29570,4570,-50,-33,4570,21.5,732,207,58,0
ABprpppa:97,ABprpppa,97,30060,5060,539,524,5040,21.4,731,205,58,0
ABprpppa:98,ABprpppa,98,29980,4980,295,336,4957,21.3,729,204,58,0
ABprpppa:99,ABprpppa,99,29803,4803,215,216,4776,21.2,727,202,58,0
ABprpppa:100,ABprpppa,100,29933,4933,233,294,4901,21.0,725,201,58,0
ABprpppa:101,ABprpppa,101,29893,4893,207,261,4859,20.9,724,199,58,0
ABprpppa:102,ABprpppa,102,29804,4804,112,121,4754,20.8,722,197,58,0
ABprpppa:103,ABprpppa,103,29880,4880,273,337,4830,20.7,720,196,58,0
ABprpppa:104,ABprpppa,104,30265,5265,455,452,5214,20.6,718,194,58,0
ABprpppa:105,ABprpppa,105,30099,5099,155,211,5055,20.4,717,193,58,0
ABprpppa:106,ABprpppa,106,30123,5123,157,222,5044,20.3,715,191,58,0
ABprpppa:107,ABprpppa,107,29560,4560,-318,-217,4481,20.2,713,189,58,0
ABprpppa:108,ABprpppa,108,30109,5109,-4,64,5032,20.1,711,188,58,0
ABprpppa:109,ABprpppa,109,30094,5094,27,156,5026,20.0,710,186,58,0
ABprpppa:110,ABprpppa,110,30591,5591,534,629,5544,19.8,708,185,58,0
ABprpppa:111,ABprpppa,111,31388,6388,1246,1379,6362,19.7,706,183,58,0
ABprpppa:112,ABprpppa,112,30906,5906,722,859,5865,19.6,704,181,58,0
ABprpppa:113,ABprpppa,113,31359,6359,1114,1265,6280,19.5,703,180,58,0
ABprpppa:114,ABprpppa,114,31626,6626,1256,1423,6546,19.4,701,178,58,0
ABprpppa:115,ABprpppa,115,31444,6444,1040,1203,6358,19.2,699,177,58,0
ABprpppa:116,ABprpppa,116,32370,7370,1906,2067,7286,19.1,697,175,58,0
ABprpppa:117,ABprpppa,117,32633,7633,1940,2135,7551,19.0,695,173,58,0
ABprpppa:118,ABprpppa,118,32744,7744,1677,1796,7666,18.8,693,171,54,0
ABprpppa:119,ABprpppa,119,33482,8482,2263,2940,4324,18.6,690,169,50,0
ABprpppa:120,ABprpppa,120,33639,8639,2451,2629,7876,18.4,688,167,46,0
ABprpppa:121,ABprpppa,121,33348,8348,1803,1922,7804,18.2,685,165,42,0
ABprpppa:122,ABprpppa,122,32649,7649,1273,1417,6901,18.0,682,162,37,184455
ABprpppa:123,ABprpppa,123,32136,7136,1118,1093,6511,18.0,683,163,36,182927
ABprpppaa:124,ABprpppaa,124,32612,7612,2009,2010,7466,18.0,666,151,35,118910
ABprpppaa:125,ABprpppaa,125,32506,7506,1873,1850,6946,18.0,669,152,34,131928
ABprpppaa:126,ABprpppaa,126,37977,12977,6755,6755,12619,17.1,667,149,29,57543
ABprpppaa:127,ABprpppaa,127,35829,10829,4800,4796,10657,18.0,656,142,33,88345
ABprpppaa:128,ABprpppaa,128,34974,9974,2459,2478,9810,17.9,645,137,27,41724
ABprpppaa:129,ABprpppaa,129,34690,9690,2866,2828,9448,17.1,650,141,29,57650
ABprpppaa:130,ABprpppaa,130,36729,11729,4927,4817,11290,18.9,646,144,33,87137
ABprpppaa:131,ABprpppaa,131,35920,10920,4480,4429,10431,19.0,644,140,33,87137
ABprpppaa:132,ABprpppaa,132,35144,10144,3664,3638,9917,19.1,641,135,34,87137
ABprpppaa:133,ABprpppaa,133,34183,9183,2981,2967,9033,19.2,638,130,35,99648
ABprpppaa:134,ABprpppaa,134,36930,11930,4427,4427,11769,19.1,643,130,29,57940
ABprpppaa:135,ABprpppaa,135,35533,10533,4291,4274,9976,20.1,637,138,38,140070
ABprpppaa:136,ABprpppaa,136,36421,11421,4951,4914,10976,20.0,636,134,39,148428
ABprpppaa:137,ABprpppaa,137,34897,9897,4029,4009,9375,20.1,639,135,40,167798
ABprpppaa:138,ABprpppaa,138,36553,11553,5521,5755,9469,21.1,635,141,40,168871
ABprpppaa:139,ABprpppaa,139,35924,10924,4885,4867,9660,21.1,629,137,40,164139
ABprpppaa:140,ABprpppaa,140,35339,10339,4973,4948,9622,21.0,625,131,45,217345
ABprpppaa:141,ABprpppaa,141,36285,11285,5569,5482,10856,21.0,620,130,43,199660
ABprpppaa:142,ABprpppaa,142,35855,10855,5149,5074,10185,22.0,617,131,44,218940
ABprpppaa:143,ABprpppaa,143,35185,10185,4371,4278,9397,21.1,618,134,45,208043
ABprpppaa:144,ABprpppaa,144,35973,10973,5205,5203,10537,21.9,613,134,46,251869
ABprpppaa:145,ABprpppaa,145,36238,11238,5603,5566,10862,22.1,605,129,46,271240
ABprpppaa:146,ABprpppaa,146,35151,10151,4741,4681,9677,22.0,602,125,46,274982
ABprpppaa:147,ABprpppaa,147,36454,11454,5771,5907,10926,22.0,601,126,46,285090
ABprpppaa:148,ABprpppaa,148,36918,11918,6336,6431,11312,21.9,597,125,46,297728
ABprpppaa:149,ABprpppaa,149,35841,10841,4972,4953,9796,21.2,596,125,49,334591
ABprpppaa:150,ABprpppaa,150,36486,11486,5756,5778,10840,22.1,593,121,47,306856
ABprpppaa:151,ABprpppaa,151,35754,10754,4959,5116,9770,22.1,591,125,51,398636
ABprpppaa:152,ABprpppaa,152,35321,10321,4256,4501,8705,22.0,586,127,49,367683
ABprpppaa:153,ABprpppaa,153,36044,11044,5158,5143,10504,22.2,575,122,51,403853
ABprpppaa:154,ABprpppaa,154,36930,11930,5851,6094,10872,23.0,579,126,48,372881
ABprpppaa:155,ABprpppaa,155,37247,12247,5980,6489,11247,23.0,583,123,48,388632
ABprpppaa:156,ABprpppaa,156,36646,11646,5524,5650,10394,23.0,583,123,48,388632
ABprpppaa:157,ABprpppaa,157,34786,9786,3671,3497,8191,22.1,581,125,51,380767
ABprpppaa:158,ABprpppaa,158,37366,12366,6335,6220,11302,23.0,582,126,46,302506
ABprpppaa:159,ABprpppaa,159,36964,11964,6059,6409,11150,23.0,588,126,49,364827
ABprpppaa:160,ABprpppaa,160,34771,9771,3482,3677,8957,22.1,588,126,49,323251
ABprpppaa:161,ABprpppaa,161,32826,7826,1174,975,7478,21.0,588,123,45,266765
ABprpppaa:162,ABprpppaa,162,35141,10141,3567,3880,7993,22.0,590,127,48,382296
ABprpppaa:163,ABprpppaa,163,37926,12926,6265,6328,12031,23.0,598,129,46,312511
ABprpppaa:164,ABprpppaa,164,36515,11515,4730,4670,11220,23.1,607,133,45,245029
ABprpppaa:165,ABprpppaa,165,36249,11249,4502,4634,10603,24.0,602,135,45,256537
ABprpppaa:166,ABprpppaa,166,38729,13729,6939,6996,13473,25.0,602,136,44,262485
ABprpppaa:167,ABprpppaa,167,36919,11919,4828,4637,11372,24.1,604,136,41,207717
ABprpppaa:168,ABprpppaa,168,39482,14482,6755,6681,13658,25.0,607,143,40,226033
ABprpppaa:169,ABprpppaa,169,37158,12158,4838,4838,12096,26.0,607,143,39,200585
ABprpppaa:170,ABprpppaa,170,38331,13331,5316,5272,12676,26.0,590,142,34,130770
ABprpppaa:171,ABprpppaa,171,32482,7482,421,203,6281,25.0,579,158,37,184917
ABprpppaa:172,ABprpppaa,172,36719,11719,3966,3964,11359,27.0,588,158,36,188309
ABprpppaa:173,ABprpppaa,173,38476,13476,5550,5558,12886,26.1,588,160,34,180675
ABprpppaaa:174,ABprpppaaa,174,36814,11814,4815,4815,11356,26.0,563,139,32,122172
ABprpppaaa:175,ABprpppaaa,175,38644,13644,6618,6547,13190,26.0,565,142,32,116292
ABprpppaaa:176,ABprpppaaa,176,39497,14497,7150,7089,13971,27.0,566,143,31,96138
ABprpppaaa:177,ABprpppaaa,177,39064,14064,6991,6879,13362,26.1,563,138,35,146585
ABprpppaaa:178,ABprpppaaa,178,38219,13219,6209,6202,12788,26.0,564,134,35,144209
ABprpppaaa:179,ABprpppaaa,179,40228,15228,8631,8351,14596,25.1,566,133,34,140278
ABprpppaaa:180,ABprpppaaa,180,37496,12496,5439,5256,11742,25.2,565,132,32,115187
ABprpppaaa:181,ABprpppaaa,181,42041,17041,10052,10051,16226,26.0,561,133,34,145132
ABprpppaaa:182,ABprpppaaa,182,40966,15966,8402,8251,14809,25.1,559,133,34,153639
ABprpppaaa:183,ABprpppaaa,183,43848,18848,11342,11295,17809,26.1,564,136,34,162849
ABprpppaaa:184,ABprpppaaa,184,42510,17510,9594,9645,16504,26.1,568,139,34,158817
ABprpppaaa:185,ABprpppaaa,185,43346,18346,10214,10136,17639,26.1,570,141,34,161047
ABprpppaaa:186,ABprpppaaa,186,43558,18558,9725,9701,17740,27.0,570,139,30,105265
ABprpppaaa:187,ABprpppaaa,187,41677,16677,8570,8330,15387,26.0,567,139,31,106784
ABprpppaaa:188,ABprpppaaa,188,43109,18109,10368,10321,17146,26.1,574,139,34,140324
ABprpppaaa:189,ABprpppaaa,189,42836,17836,9431,9380,16801,26.0,573,140,34,144430
ABprpppaaa:190,ABprpppaaa,190,41816,16816,7979,7862,16101,26.2,578,142,31,114637
ABprpppaaa:191,ABprpppaaa,191,41853,16853,8191,7833,15693,26.2,576,147,34,147256
ABprpppaaa:192,ABprpppaaa,192,41864,16864,9056,9016,15779,27.0,576,146,34,152002
ABprpppaaa:193,ABprpppaaa,193,42757,17757,9287,9014,16522,26.0,580,145,34,157754
ABprpppaaa:194,ABprpppaaa,194,42698,17698,9163,9137,16729,27.0,583,150,34,166211
ABprpppaaa:195,ABprpppaaa,195,44180,19180,9343,9038,18520,26.1,590,151,31,130285
ABprpppaaa:196,ABprpppaaa,196,45018,20018,10810,10719,19118,26.1,581,151,34,162658
ABprpppaaa:197,ABprpppaaa,197,46237,21237,11173,11202,20243,26.1,587,147,34,174692
ABprpppaaa:198,ABprpppaaa,198,47571,22571,13253,13218,21599,27.0,583,148,32,159617
ABprpppaaa:199,ABprpppaaa,199,45296,20296,10911,10626,19035,26.1,585,147,34,184160
ABprpppaaa:200,ABprpppaaa,200,39524,14524,4939,4702,13869,25.0,597,149,34,186285
ABprpppaaa:201,ABprpppaaa,201,45652,20652,10650,10486,18977,26.2,582,148,31,148094
ABprpppaaa:202,ABprpppaaa,202,36044,11044,2392,2234,9499,25.0,597,147,34,189383
ABprpppaaa:203,ABprpppaaa,203,46313,21313,12253,12259,20663,27.0,589,149,34,183906
ABprpppaaa:204,ABprpppaaa,204,45295,20295,10880,10777,19828,27.0,589,154,34,173987
ABprpppaaa:205,ABprpppaaa,205,42904,17904,9129,9016,17126,26.2,593,145,34,178510
ABprpppaaa:206,ABprpppaaa,206,45525,20525,11106,11133,19712,27.1,586,150,34,174405
ABprpppaaa:207,ABprpppaaa,207,44248,19248,10446,10374,18678,26.2,583,145,34,170230
ABprpppaaa:208,ABprpppaaa,208,45275,20275,11151,11138,19574,27.0,591,149,34,179714
ABprpppaaa:209,ABprpppaaa,209,45321,20321,11385,11350,19941,28.0,587,157,34,171085
ABprpppaaa:210,ABprpppaaa,210,41623,16623,8329,8237,16003,27.1,588,158,34,166695
ABprpppaaa:211,ABprpppaaa,211,45018,20018,9852,9690,19364,27.1,591,161,34,174222
ABprpppaaa:212,ABprpppaaa,212,45754,20754,10481,10501,20080,27.0,589,159,34,189963
ABprpppaaa:213,ABprpppaaa,213,44165,19165,9186,9362,18526,27.1,580,164,34,163697
ABprpppaaa:214,ABprpppaaa,214,43100,18100,8563,8596,17651,27.1,583,158,34,170049
ABprpppaaa:215,ABprpppaaa,215,41570,16570,6866,6806,16163,27.1,584,154,34,175989
ABprpppaaa:216,ABprpppaaa,216,40884,15884,6612,6542,15398,27.1,591,157,34,173519
ABprpppaaa:217,ABprpppaaa,217,47547,22547,11458,11458,22046,27.1,592,151,31,146654
ABprpppaaa:218,ABprpppaaa,218,46388,21388,11581,11581,21034,27.1,589,151,34,195494
ABprpppaaa:219,ABprpppaaa,219,42971,17971,7917,8002,17278,27.1,590,160,34,177200
ABprpppaaa:220,ABprpppaaa,220,44041,19041,9647,9577,18532,27.1,595,153,34,176581
ABprpppaaa:221,ABprpppaaa,221,42238,17238,7969,7957,16824,27.1,587,160,34,174804
ABprpppaaa:222,ABprpppaaa,222,44261,19261,10305,10305,18855,28.0,591,160,34,171063
ABprpppaaa:223,ABprpppaaa,223,40454,15454,6084,5994,14567,27.1,592,159,34,180957
ABprpppaaa:224,ABprpppaaa,224,37318,12318,3856,3313,11727,26.1,598,150,34,195143
ABprpppaaa:225,ABprpppaaa,225,44480,19480,10468,10409,18949,27.0,580,151,34,190083
ABprpppaaa:226,ABprpppaaa,226,30751,5751,-733,-842,4777,24.1,601,134,34,234777
ABprpppaaa:227,ABprpppaaa,227,43283,18283,9007,8924,17650,27.1,580,157,34,177533
ABprpppaaa:228,ABprpppaaa,228,40362,15362,6977,6839,14583,27.0,585,148,34,207023
ABprpppaaa:229,ABprpppaaa,229,41708,16708,7968,7815,15619,27.0,588,151,31,159719
ABprpppaaa:230,ABprpppaaa,230,39211,14211,5164,4907,13197,27.1,579,160,34,195390
ABprpppaaa:231,ABprpppaaa,231,41781,16781,8090,7927,15852,27.1,579,160,34,195390
ABprpppaaa:232,ABprpppaaa,232,38025,13025,4301,3918,12172,27.1,583,162,34,195297
ABprpppaaa:233,ABprpppaaa,233,40657,15657,6644,6398,14672,27.1,583,162,34,195297
ABprpppaaa:234,ABprpppaaa,234,41010,16010,6762,6747,13745,27.1,584,163,34,200356
ABprpppaaa:235,ABprpppaaa,235,42814,17814,6347,6197,15560,27.1,580,151,29,134354
ABprpppaaa:236,ABprpppaaa,236,40641,15641,5124,4718,13912,27.0,579,156,29,121995
ABprpppaaa:237,ABprpppaaa,237,40007,15007,4850,5198,12583,28.0,582,163,34,202999
ABprpppaaa:238,ABprpppaaa,238,41642,16642,5981,6704,13690,28.0,585,169,34,202228
ABprpppaaa:239,ABprpppaaa,239,42452,17452,7541,8038,15717,28.0,585,169,34,202228
ABprpppaaa:240,ABprpppaaa,240,36032,11032,2449,2287,10010,27.1,586,165,34,194371
ABprpppaaa:241,ABprpppaaa,241,38274,13274,3587,3617,11871,28.1,585,180,31,157196
ABprpppaaa:242,ABprpppaaa,242,41422,16422,7831,7881,15263,28.1,578,184,34,204463
ABprpppaaa:243,ABprpppaaa,243,41399,16399,6039,6039,15626,28.0,584,186,30,158301
ABprpppaaa:244,ABprpppaaa,244,39348,14348,5533,5450,13739,28.1,580,188,34,203664
ABprpppaaaa:245,ABprpppaaaa,245,39041,14041,6184,6141,13283,28.1,568,190,31,140403
ABprpppaaaa:246,ABprpppaaaa,246,36923,11923,4634,4593,11079,28.1,567,196,34,169960
ABprpppaaaa:247,ABprpppaaaa,247,36466,11466,4079,3939,10076,28.1,570,200,34,166500
ABprpppaaaa:248,ABprpppaaaa,248,33778,8778,745,207,6437,28.0,562,219,31,123061
ABprpppaaaa:249,ABprpppaaaa,249,37553,12553,4873,4839,10735,29.1,567,207,34,166872
ABprpppaaaa:250,ABprpppaaaa,250,39599,14599,5702,6103,11799,29.1,571,216,31,128772
ABprpppaaap:245,ABprpppaaap,245,36783,11783,2330,2453,10179,28.0,619,182,31,148254
ABprpppaaap:246,ABprpppaaap,246,37565,12565,4045,4396,11208,28.1,627,187,32,155390
ABprpppaaap:247,ABprpppaaap,247,38396,13396,3918,4148,10909,28.1,625,180,29,108354
ABprpppaaap:248,ABprpppaaap,248,42476,17476,8652,9135,15095,30.0,618,188,31,145006
ABprpppaaap:249,ABprpppaaap,249,38112,13112,3315,3909,10135,28.2,620,189,29,96999
ABprpppaaap:250,ABprpppaaap,250,38295,13295,2966,3246,9312,28.2,625,190,31,134705
ABprpppaap:174,ABprpppaap,174,37727,12727,4758,4796,11077,26.9,616,166,32,135174
ABprpppaap:175,ABprpppaap,175,38058,13058,5123,5303,10036,26.1,619,164,32,155872
ABprpppaap:176,ABprpppaap,176,38173,13173,5490,5491,11469,26.1,618,165,33,126725
ABprpppaap:177,ABprpppaap,177,35897,10897,2970,3251,7879,25.0,622,162,35,161291
ABprpppaap:178,ABprpppaap,178,38190,13190,5711,5862,11432,26.0,621,161,35,163411
ABprpppaap:179,ABprpppaap,179,38162,13162,5465,5458,11594,26.2,617,162,34,148715
ABprpppaap:180,ABprpppaap,180,38075,13075,5354,5332,11303,26.0,621,161,34,159205
ABprpppaap:181,ABprpppaap,181,40953,15953,8196,8390,14386,26.1,620,161,34,155201
ABprpppaap:182,ABprpppaap,182,41692,16692,8133,8622,14757,26.0,620,156,34,167422
ABprpppaap:183,ABprpppaap,183,39896,14896,7052,7254,13709,25.6,622,153,34,167422
ABprpppaap:184,ABprpppaap,184,34818,9818,2005,1890,6159,25.1,624,150,34,175777
ABprpppaap:185,ABprpppaap,185,40259,15259,6571,6559,14407,27.1,625,160,34,162930
ABprpppaap:186,ABprpppaap,186,40302,15302,6902,6878,14228,27.1,623,159,34,153836
ABprpppaap:187,ABprpppaap,187,42092,17092,7890,7873,16382,27.1,617,162,31,108919
ABprpppaap:188,ABprpppaap,188,42816,17816,10103,10117,16670,27.0,627,157,34,144022
ABprpppaap:189,ABprpppaap,189,40878,15878,7570,7571,14731,26.0,628,153,34,145182
ABprpppaap:190,ABprpppaap,190,45699,20699,11365,11370,20094,27.0,626,159,31,118861
ABprpppaap:191,ABprpppaap,191,44471,19471,11255,11272,18992,27.0,626,157,34,160204
ABprpppaap:192,ABprpppaap,192,44152,19152,10631,10718,18000,27.1,628,162,34,156659
ABprpppaap:193,ABprpppaap,193,43425,18425,9312,9294,17562,26.2,629,160,34,149047
ABprpppaap:194,ABprpppaap,194,45177,20177,10558,11216,16500,27.0,628,163,34,165363
ABprpppaap:195,ABprpppaap,195,46649,21649,11460,11582,19805,26.1,631,165,31,130507
ABprpppaap:196,ABprpppaap,196,46343,21343,12134,12206,20533,27.0,630,165,34,180465
ABprpppaap:197,ABprpppaap,197,47283,22283,12811,12872,20212,26.1,628,163,34,177728
ABprpppaap:198,ABprpppaap,198,43541,18541,9563,9500,16627,26.0,627,164,34,179084
ABprpppaap:199,ABprpppaap,199,47480,22480,12564,12518,20059,26.0,635,165,34,189817
ABprpppaap:200,ABprpppaap,200,45774,20774,10510,10546,18855,26.1,634,166,34,180649
ABprpppaap:201,ABprpppaap,201,49011,24011,13455,13436,22052,26.0,633,161,31,138499
ABprpppaap:202,ABprpppaap,202,47079,22079,12362,12247,20273,26.1,636,166,34,176415
ABprpppaap:203,ABprpppaap,203,47722,22722,12630,12630,21613,26.2,637,168,34,174495
ABprpppaap:204,ABprpppaap,204,42056,17056,7024,7014,16063,26.2,639,173,34,175047
ABprpppaap:205,ABprpppaap,205,45332,20332,10818,10789,19308,26.2,636,167,34,169188
ABprpppaap:206,ABprpppaap,206,45402,20402,10210,10408,19464,27.1,629,165,34,191099
ABprpppaap:207,ABprpppaap,207,42957,17957,8808,8795,17462,26.3,637,163,34,169884
ABprpppaap:208,ABprpppaap,208,44904,19904,10191,10235,19377,26.1,638,166,34,184639
ABprpppaap:209,ABprpppaap,209,46433,21433,11939,11939,20919,27.1,642,166,34,178162
ABprpppaap:210,ABprpppaap,210,44097,19097,9588,9524,18469,27.0,638,167,34,190999
ABprpppaap:211,ABprpppaap,211,43999,18999,8890,8809,18362,26.2,641,163,34,177599
ABprpppaap:212,ABprpppaap,212,44502,19502,10446,10443,18869,26.2,641,165,34,177950
ABprpppaap:213,ABprpppaap,213,43812,18812,10406,10389,18475,27.0,635,164,34,182382
ABprpppaap:214,ABprpppaap,214,46060,21060,11386,11330,20644,26.2,640,167,34,170919
ABprpppaap:215,ABprpppaap,215,45065,20065,11128,11102,19691,27.0,641,165,34,188184
ABprpppaap:216,ABprpppaap,216,46963,21963,12725,12791,21586,27.1,645,170,34,189105
ABprpppaap:217,ABprpppaap,217,45646,20646,9622,9620,20274,26.1,652,168,31,161592
ABprpppaap:218,ABprpppaap,218,49539,24539,15095,15067,24230,27.1,644,168,34,212748
ABprpppaap:219,ABprpppaap,219,43930,18930,9673,9645,18563,27.0,646,169,34,202141
ABprpppaap:220,ABprpppaap,220,43936,18936,9774,9767,18457,27.1,641,168,34,188373
ABprpppaap:221,ABprpppaap,221,42096,17096,7652,7599,16300,26.2,644,167,34,177829
ABprpppaap:222,ABprpppaap,222,42249,17249,7770,7622,16103,27.2,648,174,34,180939
ABprpppaap:223,ABprpppaap,223,44926,19926,11048,10812,19034,27.0,646,169,34,196818
ABprpppaap:224,ABprpppaap,224,45053,20053,10772,10739,19567,27.0,647,168,34,197096
ABprpppaap:225,ABprpppaap,225,44228,19228,10009,10047,18612,27.2,636,165,34,188301
ABprpppaap:226,ABprpppaap,226,42556,17556,8500,8578,16516,27.0,642,165,34,196560
ABprpppaap:227,ABprpppaap,227,42911,17911,8707,8671,17218,27.2,639,168,34,202602
ABprpppaap:228,ABprpppaap,228,44996,19996,10761,10729,18960,27.0,636,164,34,196884
ABprpppaap:229,ABprpppaap,229,43836,18836,9214,9154,17899,27.1,638,166,31,154007
ABprpppaap:230,ABprpppaap,230,42920,17920,8287,7950,16537,27.1,641,172,34,206307
ABprpppaap:231,ABprpppaap,231,44240,19240,10203,10096,18339,27.0,639,167,34,207204
ABprpppaap:232,ABprpppaap,232,46483,21483,12195,12209,20561,27.1,644,171,34,227870
ABprpppaap:233,ABprpppaap,233,43383,18383,8437,8188,17339,27.0,648,172,34,219214
ABprpppaap:234,ABprpppaap,234,41323,16323,6805,6793,15532,27.1,645,172,34,213385
ABprpppaap:235,ABprpppaap,235,44524,19524,9813,9690,18526,27.1,647,174,34,215092
ABprpppaap:236,ABprpppaap,236,42034,17034,8409,8453,16396,27.1,643,172,34,203602
ABprpppaap:237,ABprpppaap,237,43566,18566,9372,9357,17855,27.1,649,176,34,223870
ABprpppaap:238,ABprpppaap,238,42687,17687,8379,8279,16898,27.1,650,180,34,214355
ABprpppaap:239,ABprpppaap,239,41613,16613,7590,7453,15467,27.1,650,181,34,210696
ABprpppaap:240,ABprpppaap,240,41899,16899,7471,7289,16121,27.2,652,187,34,209445
ABprpppaap:241,ABprpppaap,241,42749,17749,7643,7572,17157,27.0,658,186,31,171491
ABprpppaap:242,ABprpppaap,242,35775,10775,1796,1516,9473,26.2,652,193,34,211496
ABprpppaap:243,ABprpppaap,243,38216,13216,3904,3860,12584,27.1,652,192,34,223915
ABprpppaap:244,ABprpppaap,244,39058,14058,4888,4713,12142,27.1,650,189,34,244319
ABprpppaap:245,ABprpppaap,245,40611,15611,5545,5406,13495,27.0,659,195,31,196317
ABprpppaap:246,ABprpppaap,246,39103,14103,4430,4438,11815,27.0,664,201,34,250913
ABprpppaap:247,ABprpppaap,247,35814,10814,259,966,8063,28.2,644,197,34,192286
ABprpppaap:248,ABprpppaap,248,36712,11712,2135,2898,8575,28.2,639,199,31,147147
ABprpppaap:249,ABprpppaap,249,36383,11383,2517,3089,8873,28.2,645,194,34,179020
ABprpppaap:250,ABprpppaap,250,37035,12035,2821,3378,8395,27.2,642,197,29,99315
ABprpppap:124,ABprpppap,124,31539,6539,559,564,6376,18.1,702,186,35,106240
ABprpppap:125,ABprpppap,125,32979,7979,2032,2032,7759,19.0,721,203,36,137804
ABprpppap:126,ABprpppap,126,35330,10330,4358,4358,9907,19.2,720,201,35,137804
ABprpppap:127,ABprpppap,127,33048,8048,2062,2062,7686,19.4,719,198,34,137804
ABprpppap:128,ABprpppap,128,33085,8085,1620,1620,7108,19.6,718,195,33,137804
ABprpppap:129,ABprpppap,129,34238,9238,2917,2917,8713,19.7,717,192,32,137804
ABprpppap:130,ABprpppap,130,33966,8966,2723,2983,5559,19.9,716,189,31,137804
ABprpppap:131,ABprpppap,131,35431,10431,3264,3264,9949,20.1,715,186,29,55448
ABprpppap:132,ABprpppap,132,35997,10997,3747,3747,10537,20.1,715,186,29,55448
ABprpppap:133,ABprpppap,133,35763,10763,3943,3962,9399,19.9,709,185,35,108078
ABprpppap:134,ABprpppap,134,38071,13071,6462,6462,12151,20.0,707,181,37,126060
ABprpppap:135,ABprpppap,135,36112,11112,4860,5006,9558,20.1,702,182,40,160998
ABprpppap:136,ABprpppap,136,36823,11823,4909,5132,9943,19.9,705,182,39,152847
ABprpppap:137,ABprpppap,137,36610,11610,4850,5343,9096,20.0,703,180,39,152847
ABprpppap:138,ABprpppap,138,36647,11647,4957,5087,10575,20.2,700,177,40,152847
ABprpppap:139,ABprpppap,139,37232,12232,5579,5996,9583,20.3,697,175,41,152847
ABprpppap:140,ABprpppap,140,36346,11346,4829,5230,8878,20.5,694,172,42,152847
ABprpppap:141,ABprpppap,141,36291,11291,4440,4875,8783,20.6,691,169,43,152847
ABprpppap:142,ABprpppap,142,37198,12198,5622,6110,9718,20.7,688,167,44,152847
ABprpppap:143,ABprpppap,143,36625,11625,5381,5834,9803,20.9,685,164,45,152847
ABprpppap:144,ABprpppap,144,36898,11898,5849,6292,10995,21.0,682,161,46,290077
ABprpppap:145,ABprpppap,145,36567,11567,3249,3869,8511,20.0,672,163,34,126983
ABprpppap:146,ABprpppap,146,37060,12060,5813,6413,10446,22.0,669,157,46,289200
ABprpppap:147,ABprpppap,147,37701,12701,6454,6783,11660,22.0,670,156,46,287093
ABprpppap:148,ABprpppap,148,37261,12261,5885,6404,9983,22.0,668,156,46,301013
ABprpppap:149,ABprpppap,149,35492,10492,4375,4728,9341,21.2,663,153,49,335828
ABprpppap:150,ABprpppap,150,37386,12386,6025,6318,11710,22.0,661,155,47,329177
ABprpppap:151,ABprpppap,151,37472,12472,5990,6299,11315,22.0,661,155,47,329177
ABprpppap:152,ABprpppap,152,37544,12544,6463,6874,11462,22.0,659,150,51,418025
ABprpppap:153,ABprpppap,153,36008,11008,4517,5029,9226,21.1,657,151,51,447079
ABprpppap:154,ABprpppap,154,36439,11439,5244,5548,11127,22.1,649,149,50,420033
ABprpppap:155,ABprpppap,155,35633,10633,4282,4673,6470,19.9,659,152,52,524413
ABprpppap:156,ABprpppap,156,38625,13625,7718,8066,12368,22.9,662,151,48,347997
ABprpppap:157,ABprpppap,157,37946,12946,6933,7466,9590,22.7,662,151,48,347997
ABprpppap:158,ABprpppap,158,38513,13513,7217,7685,11622,22.6,662,152,48,347997
ABprpppap:159,ABprpppap,159,37855,12855,6394,6762,10733,22.4,662,153,48,347997
ABprpppap:160,ABprpppap,160,37269,12269,5461,6003,9267,22.3,662,154,48,347997
ABprpppap:161,ABprpppap,161,36479,11479,4751,5476,7982,22.1,661,155,49,395478
ABprpppap:162,ABprpppap,162,37338,12338,5727,6204,10419,23.0,663,155,48,375851
ABprpppap:163,ABprpppap,163,40490,15490,6051,6220,13281,24.0,669,162,30,118373
ABprpppap:164,ABprpppap,164,36957,11957,5202,5468,10002,23.1,671,163,45,282502
ABprpppap:165,ABprpppap,165,35431,10431,3747,4065,8992,23.1,675,168,45,268750
ABprpppap:166,ABprpppap,166,38495,13495,6779,7135,11573,23.1,668,161,44,277859
ABprpppap:167,ABprpppap,167,35747,10747,3753,3858,10019,25.0,665,167,43,273464
ABprpppap:168,ABprpppap,168,35589,10589,3287,3287,10337,25.0,667,172,36,218081
ABprpppap:169,ABprpppap,169,35173,10173,2953,2967,9661,24.9,669,174,35,169599
ABprpppapa:170,ABprpppapa,170,34794,9794,2670,2823,8228,24.1,645,172,29,88166
ABprpppapa:171,ABprpppapa,171,33456,8456,1629,1629,7572,26.0,637,175,33,137789
ABprpppapa:172,ABprpppapa,172,33982,8982,1576,1714,7051,24.0,637,174,34,142446
ABprpppapa:173,ABprpppapa,173,36931,11931,4596,4598,11416,27.0,635,185,32,116447
ABprpppapa:174,ABprpppapa,174,34561,9561,2374,2352,8924,28.0,652,183,32,113497
ABprpppapa:175,ABprpppapa,175,36607,11607,4234,4549,10788,27.0,653,178,32,117268
ABprpppapa:176,ABprpppapa,176,38189,13189,5675,5630,12465,27.0,653,180,27,54693
ABprpppapa:177,ABprpppapa,177,36524,11524,4710,4932,11056,26.1,656,183,35,134849
ABprpppapa:178,ABprpppapa,178,38545,13545,5682,5755,13111,27.0,660,182,29,80383
ABprpppapa:179,ABprpppapa,179,36143,11143,4253,4253,10885,27.0,662,185,32,119391
ABprpppapa:180,ABprpppapa,180,36822,11822,5240,5293,11643,27.0,662,184,34,134273
ABprpppapa:181,ABprpppapa,181,37081,12081,4913,4954,11723,27.1,660,184,34,143677
ABprpppapa:182,ABprpppapa,182,34228,9228,1867,2172,8639,26.2,655,177,34,131862
ABprpppapa:183,ABprpppapa,183,34063,9063,2366,2364,8902,26.2,662,184,32,117408
ABprpppapa:184,ABprpppapa,184,36803,11803,5069,5068,11619,26.2,663,190,34,145070
ABprpppapa:185,ABprpppapa,185,36850,11850,4343,4340,11548,27.1,665,186,34,145748
ABprpppapa:186,ABprpppapa,186,39760,14760,6723,6723,14594,26.9,664,192,30,102915
ABprpppapa:187,ABprpppapa,187,35718,10718,3244,3244,10138,26.0,669,189,31,96743
ABprpppapa:188,ABprpppapa,188,36069,11069,3600,3636,10637,26.9,662,188,30,99718
ABprpppapa:189,ABprpppapa,189,34679,9679,2755,2710,9407,27.0,665,190,34,141406
ABprpppapa:190,ABprpppapa,190,35354,10354,2865,2846,10017,27.1,666,194,31,105820
ABprpppapa:191,ABprpppapa,191,35343,10343,3294,3304,9839,26.3,672,192,34,126919
ABprpppapa:192,ABprpppapa,192,34934,9934,3360,3369,9544,27.0,664,198,34,141682
ABprpppapa:193,ABprpppapa,193,36279,11279,3788,3786,10759,27.1,669,198,34,144250
ABprpppapa:194,ABprpppapa,194,36646,11646,4851,4840,11006,27.1,668,198,34,149739
ABprpppapa:195,ABprpppapa,195,37366,12366,4752,4747,11681,27.2,673,200,31,109044
ABprpppapa:196,ABprpppapa,196,35960,10960,3532,3562,10391,27.1,666,196,34,153583
ABprpppapa:197,ABprpppapa,197,34377,9377,1797,1961,7681,26.1,665,192,34,136866
ABprpppapa:198,ABprpppapa,198,35533,10533,2929,3058,10029,28.1,658,200,34,153638
ABprpppapa:199,ABprpppapa,199,35778,10778,2115,2445,9488,28.1,660,196,34,155456
ABprpppapa:200,ABprpppapa,200,34403,9403,849,1227,8064,27.2,671,203,34,152516
ABprpppapa:201,ABprpppapa,201,35432,10432,2204,2203,9674,28.0,665,199,31,134659
ABprpppapa:202,ABprpppapa,202,34776,9776,1994,2121,8664,27.1,663,205,34,153864
ABprpppapa:203,ABprpppapa,203,37224,12224,4511,4805,11065,28.1,662,208,34,161239
ABprpppapa:204,ABprpppapa,204,35109,10109,1842,2012,8794,28.0,662,210,34,170400
ABprpppapa:205,ABprpppapa,205,36541,11541,2536,2466,10273,28.1,672,211,29,105873
ABprpppapa:206,ABprpppapa,206,33723,8723,623,785,7198,27.1,666,204,34,159537
ABprpppapa:207,ABprpppapa,207,34726,9726,2124,2059,8627,27.2,661,206,34,157673
ABprpppapa:208,ABprpppapa,208,35315,10315,2712,2597,9522,28.1,667,213,34,173001
ABprpppapa:209,ABprpppapa,209,36077,11077,3182,3112,9768,28.0,659,215,29,98858
ABprpppapa:210,ABprpppapa,210,34342,9342,1863,1661,7618,28.0,659,214,34,171495
ABprpppapa:211,ABprpppapa,211,35312,10312,1046,1454,5376,27.0,664,199,29,89349
ABprpppapa:212,ABprpppapa,212,34001,9001,289,1085,1994,27.0,664,199,29,89349
ABprpppapa:213,ABprpppapa,213,35024,10024,2327,2519,6905,27.1,657,209,34,183715
ABprpppapa:214,ABprpppapa,214,36230,11230,3182,3109,8440,27.1,657,209,34,183715
ABprpppapa:215,ABprpppapa,215,33879,8879,960,820,6715,27.1,650,211,34,170551
ABprpppapa:216,ABprpppapa,216,35175,10175,1901,2381,7608,27.1,650,211,34,170551
ABprpppapa:217,ABprpppapa,217,33061,8061,635,724,6225,27.0,661,214,31,160986
ABprpppapa:218,ABprpppapa,218,35194,10194,2852,3049,8731,27.2,650,215,34,196795
ABprpppapa:219,ABprpppapa,219,34505,9505,1495,1612,7318,27.1,656,217,34,206404
ABprpppapa:220,ABprpppapa,220,34421,9421,2159,2186,7556,27.2,652,225,34,221726
ABprpppapa:221,ABprpppapa,221,33233,8233,-1725,-924,5488,27.2,641,201,34,169916
ABprpppapa:222,ABprpppapa,222,33599,8599,-559,726,4043,27.2,643,200,34,176809
ABprpppapa:223,ABprpppapa,223,32620,7620,-1540,-434,4105,27.1,636,202,34,171747
ABprpppapa:224,ABprpppapa,224,32979,7979,-2627,-663,4038,27.2,633,204,34,172696
ABprpppapa:225,ABprpppapa,225,34138,9138,-1985,314,3617,28.1,629,201,34,169877
ABprpppapa:226,ABprpppapa,226,36128,11128,17,2120,7597,28.0,628,198,34,174100
ABprpppapa:227,ABprpppapa,227,34032,9032,-1505,-66,5573,28.0,634,203,34,184690
ABprpppapa:228,ABprpppapa,228,34809,9809,583,1779,6539,28.1,640,202,34,189438
ABprpppapa:229,ABprpppapa,229,34387,9387,-190,158,7255,28.1,639,205,31,141394
ABprpppapa:230,ABprpppapa,230,33894,8894,-1589,-738,5781,28.1,642,203,34,189374
ABprpppapa:231,ABprpppapa,231,34956,9956,-545,384,7258,28.1,644,204,34,183226
ABprpppapa:232,ABprpppapa,232,35052,10052,-557,-241,7402,28.2,652,208,34,196071
ABprpppapa:233,ABprpppapa,233,34367,9367,145,394,6610,28.1,656,210,34,196605
ABprpppapa:234,ABprpppapa,234,33483,8483,-327,-151,7056,28.1,653,215,34,203141
ABprpppapa:235,ABprpppapa,235,35410,10410,517,867,8657,28.1,644,214,34,192420
ABprpppapa:236,ABprpppapa,236,34094,9094,-122,55,7987,28.2,638,220,34,191476
ABprpppapa:237,ABprpppapa,237,35438,10438,-437,-28,8894,28.1,635,225,34,193172
ABprpppapa:238,ABprpppapa,238,35455,10455,-1001,-92,7565,28.2,637,226,34,194787
ABprpppapa:239,ABprpppapa,239,37388,12388,817,2055,7544,29.1,642,226,34,207951
ABprpppapa:240,ABprpppapa,240,40112,15112,173,2445,6577,28.2,634,236,34,221450
ABprpppapa:241,ABprpppapa,241,42134,17134,433,2620,3477,28.1,635,239,31,162921
ABprpppapa:242,ABprpppapa,242,39850,14850,272,1806,8234,28.2,642,239,34,217919
ABprpppapp:170,ABprpppapp,170,33326,8326,1429,1656,7463,25.1,688,188,36,202056
ABprpppapp:171,ABprpppapp,171,33107,8107,1545,1815,7111,27.1,693,197,33,127539
ABprpppapp:172,ABprpppapp,172,33060,8060,1881,1879,7644,28.0,688,193,32,129303
ABprpppapp:173,ABprpppapp,173,32237,7237,1339,1346,6754,27.9,689,195,32,129651
ABprpppapp:174,ABprpppapp,174,33525,8525,2540,2647,6377,26.2,699,193,36,200729
ABprpppapp:175,ABprpppapp,175,34517,9517,3124,3119,8682,26.2,707,198,32,132315
ABprpppapp:176,ABprpppapp,176,33843,8843,2115,2450,7293,25.2,703,188,33,129399
ABprpppapp:177,ABprpppapp,177,34639,9639,3090,3374,7797,27.0,710,195,35,162637
ABprpppapp:178,ABprpppapp,178,35085,10085,3304,3480,7875,26.0,718,202,35,196643
ABprpppapp:179,ABprpppapp,179,35273,10273,3742,4212,6275,26.1,719,204,34,190225
ABprpppapp:180,ABprpppapp,180,33881,8881,2171,2389,6122,26.0,720,212,34,178854
ABprpppapp:181,ABprpppapp,181,34392,9392,2800,2845,8713,27.0,714,211,34,188695
ABprpppapp:182,ABprpppapp,182,33108,8108,707,1175,5617,27.1,703,211,34,173515
ABprpppapp:183,ABprpppapp,183,33827,8827,2590,2802,5734,27.0,712,215,34,186555
ABprpppapp:184,ABprpppapp,184,35190,10190,3789,4020,8409,27.2,703,222,34,166079
ABprpppapp:185,ABprpppapp,185,33927,8927,2284,2416,7905,27.2,707,222,34,181657
ABprpppapp:186,ABprpppapp,186,33320,8320,1654,1747,7259,27.2,710,225,34,149626
ABprpppapp:187,ABprpppapp,187,34086,9086,2045,2259,7831,27.1,708,223,31,113589
ABprpppapp:188,ABprpppapp,188,33417,8417,2194,2271,7965,27.2,694,224,34,143552
ABprpppapp:189,ABprpppapp,189,33085,8085,1433,1511,7448,27.3,694,222,34,146487
ABprpppapp:190,ABprpppapp,190,34439,9439,2660,2722,8837,28.1,693,228,31,125806
ABprpppapp:191,ABprpppapp,191,33910,8910,2233,2442,8213,27.3,701,233,34,140226
ABprpppapp:192,ABprpppapp,192,33888,8888,2020,2201,8239,27.2,704,237,34,163625
ABprpppapp:193,ABprpppapp,193,34435,9435,2404,2737,8386,27.2,702,239,34,167289
ABprpppapp:194,ABprpppapp,194,35365,10365,2989,3206,9803,27.2,694,238,32,167162
ABprpppapp:195,ABprpppapp,195,35535,10535,3815,3890,9790,27.2,695,241,31,150120
ABprpppapp:196,ABprpppapp,196,34569,9569,2628,2914,8640,27.1,699,233,34,194023
ABprpppapp:197,ABprpppapp,197,34509,9509,2219,2466,8480,27.2,692,227,34,192516
ABprpppapp:198,ABprpppapp,198,34386,9386,2590,2734,8415,27.2,688,227,32,178090
ABprpppapp:199,ABprpppapp,199,36288,11288,3838,3949,10431,27.9,686,223,30,180093
ABprpppapp:200,ABprpppapp,200,37108,12108,4939,5077,10943,27.1,691,230,34,227235
ABprpppapp:201,ABprpppapp,201,35608,10608,3284,3626,9423,27.3,684,233,31,183015
ABprpppapp:202,ABprpppapp,202,33861,8861,1750,2049,7609,27.2,681,238,34,225888
ABprpppapp:203,ABprpppapp,203,37814,12814,5538,5947,11263,28.0,679,238,30,186678
ABprpppapp:204,ABprpppapp,204,35383,10383,2875,3376,9017,27.3,681,236,34,227623
ABprpppapp:205,ABprpppapp,205,34341,9341,1422,2246,6648,27.1,683,238,34,233902
ABprpppapp:206,ABprpppapp,206,34777,9777,2477,2734,8497,27.3,670,237,32,202490
ABprpppapp:207,ABprpppapp,207,31735,6735,-94,243,5038,27.2,668,237,32,185125
ABprpppapp:208,ABprpppapp,208,31257,6257,-728,-442,4046,27.1,682,241,34,179117
ABprpppapp:209,ABprpppapp,209,31827,6827,-324,203,4215,27.1,675,236,34,169626
ABprpppapp:210,ABprpppapp,210,31293,6293,-1029,-238,3817,27.2,674,238,34,162580
ABprpppapp:211,ABprpppapp,211,31107,6107,-1153,-913,4277,27.0,673,233,34,177903
ABprpppapp:212,ABprpppapp,212,32166,7166,-390,11,5050,28.0,662,237,34,179521
ABprpppapp:213,ABprpppapp,213,31444,6444,-431,8,5087,28.2,658,239,34,188576
ABprpppapp:214,ABprpppapp,214,32730,7730,24,610,4550,28.1,659,229,34,191166
ABprpppapp:215,ABprpppapp,215,30843,5843,-1002,-618,4326,28.2,658,238,34,174376
ABprpppapp:216,ABprpppapp,216,32970,7970,-9,524,5252,28.1,656,230,34,194022
ABprpppapp:217,ABprpppapp,217,32311,7311,-390,-386,6160,29.1,650,237,31,152424
ABprpppapp:218,ABprpppapp,218,31816,6816,-473,-70,5245,29.2,652,241,34,183130
ABprpppapp:219,ABprpppapp,219,33978,8978,1533,1682,6701,29.1,660,236,34,205733
ABprpppapp:220,ABprpppapp,220,32376,7376,-376,33,3732,29.1,660,236,34,205733
ABprpppapp:221,ABprpppapp,221,33957,8957,1789,1789,8846,29.1,654,251,34,204298
ABprpppapp:222,ABprpppapp,222,33007,8007,1531,1531,7896,29.1,652,263,34,203294
ABprpppapp:223,ABprpppapp,223,32964,7964,630,630,7947,30.0,651,265,34,219759
ABprpppapp:224,ABprpppapp,224,32620,7620,305,305,7535,30.1,653,273,34,225048
ABprpppapp:225,ABprpppapp,225,34468,9468,1686,1686,9162,30.1,647,266,34,212358
ABprpppapp:226,ABprpppapp,226,33635,8635,1270,1270,8385,30.1,646,266,34,205816
ABprpppapp:227,ABprpppapp,227,33657,8657,90,90,7851,30.2,642,253,34,227031
ABprpppapp:228,ABprpppapp,228,33515,8515,-795,-795,7873,30.0,641,253,34,224337
ABprpppapp:229,ABprpppapp,229,37408,12408,1208,1208,9244,30.0,637,253,31,175416
ABprpppapp:230,ABprpppapp,230,37802,12802,1667,2521,8280,29.2,639,252,34,212555
ABprpppapp:231,ABprpppapp,231,35308,10308,121,153,8341,30.1,645,251,34,224928
ABprpppapp:232,ABprpppapp,232,35558,10558,41,22,7682,30.1,649,253,34,226850
ABprpppapp:233,ABprpppapp,233,34894,9894,133,107,7553,30.0,651,255,34,232934
ABprpppapp:234,ABprpppapp,234,35023,10023,-1231,-1228,8127,30.1,645,256,34,217361
ABprpppapp:235,ABprpppapp,235,36191,11191,-2257,-2296,8611,30.1,648,259,34,239788
ABprpppapp:236,ABprpppapp,236,35985,10985,-2165,-2124,8971,30.0,644,263,34,236246
ABprpppapp:237,ABprpppapp,237,34625,9625,-2277,-2203,8053,30.0,646,259,34,232984
ABprpppapp:238,ABprpppapp,238,35388,10388,-1062,-1229,8952,30.1,650,264,34,267104
ABprpppapp:239,ABprpppapp,239,34715,9715,-1912,-1627,7161,30.0,656,261,34,264837
ABprpppapp:240,ABprpppapp,240,34013,9013,-2569,-2196,7321,30.1,653,264,34,246878
ABprpppapp:241,ABprpppapp,241,33380,8380,-1688,-1395,7389,29.2,658,266,31,189935
ABprpppapp:242,ABprpppapp,242,34010,9010,-2928,-2844,6708,29.2,656,266,34,238633
ABprpppapp:243,ABprpppapp,243,34413,9413,-2653,-1074,4488,29.3,655,267,34,244445
ABprpppapp:244,ABprpppapp,244,34580,9580,-1835,-1696,7301,29.2,659,265,34,248302
ABprpppapp:245,ABprpppapp,245,34497,9497,89,-8,8427,29.4,665,269,31,196468
ABprpppapp:246,ABprpppapp,246,33636,8636,-2664,-2714,6626,29.2,661,274,34,246141
ABprpppapp:247,ABprpppapp,247,33132,8132,-1584,-1583,6740,29.2,672,273,34,251969
ABprpppapp:248,ABprpppapp,248,33398,8398,-2466,-2505,6802,29.1,665,277,31,204623
ABprpppapp:249,ABprpppapp,249,33890,8890,-1725,-1643,7219,29.1,666,284,34,256026
ABprpppapp:250,ABprpppapp,250,36204,11204,-1602,-467,726,29.2,666,289,31,205093
ABprpppp:90,ABprpppp,90,29859,4859,216,191,4183,21.3,728,259,62,0
ABprpppp:91,ABprpppp,91,29592,4592,-65,-130,4578,21.7,732,277,60,0
ABprpppp:92,ABprpppp,92,29657,4657,-205,-200,4657,22.0,736,295,58,0
ABprpppp:93,ABprpppp,93,29991,4991,210,198,4991,22.1,736,291,58,0
ABprpppp:94,ABprpppp,94,30002,5002,94,89,5002,22.2,736,287,58,0
ABprpppp:95,ABprpppp,95,29596,4596,-158,-160,4596,22.3,735,283,58,0
ABprpppp:96,ABprpppp,96,29617,4617,-333,-335,4617,22.4,735,279,58,0
ABprpppp:97,ABprpppp,97,29956,4956,147,187,4956,22.5,734,275,58,0
ABprpppp:98,ABprpppp,98,30117,5117,248,260,5117,22.6,734,271,58,0
ABprpppp:99,ABprpppp,99,30283,5283,403,428,5283,22.7,734,267,58,0
ABprpppp:100,ABprpppp,100,29897,4897,12,46,4897,22.8,733,263,58,0
ABprpppp:101,ABprpppp,101,30152,5152,227,250,5152,22.9,733,259,58,0
ABprpppp:102,ABprpppp,102,30012,5012,95,98,5007,23.0,732,254,58,0
ABprpppp:103,ABprpppp,103,30208,5208,356,360,5199,23.1,732,250,58,0
ABprpppp:104,ABprpppp,104,30828,5828,865,936,5817,23.2,732,246,58,0
ABprpppp:105,ABprpppp,105,30877,5877,1003,1043,5862,23.3,731,242,58,0
ABprpppp:106,ABprpppp,106,31368,6368,1180,1184,6352,23.4,731,238,58,0
ABprpppp:107,ABprpppp,107,31045,6045,1006,1002,6026,23.5,730,234,58,0
ABprpppp:108,ABprpppp,108,31148,6148,1130,1188,6119,23.6,730,230,58,0
ABprpppp:109,ABprpppp,109,31334,6334,1384,1463,6301,23.7,730,226,58,0
ABprpppp:110,ABprpppp,110,31176,6176,1071,1151,6130,23.8,729,222,58,0
ABprpppp:111,ABprpppp,111,31640,6640,1467,1561,6582,23.9,729,218,58,0
ABprpppp:112,ABprpppp,112,32324,7324,2300,2389,7266,24.0,728,213,58,0
ABprpppp:113,ABprpppp,113,32660,7660,2465,2587,7591,23.9,725,211,57,0
ABprpppp:114,ABprpppp,114,32663,7663,2350,2411,7577,23.8,722,209,55,0
ABprpppp:115,ABprpppp,115,32229,7229,1977,2088,7103,23.6,718,207,53,0
ABprpppp:116,ABprpppp,116,31794,6794,1453,1609,6636,23.5,715,205,51,0
ABprpppp:117,ABprpppp,117,31748,6748,937,1137,6557,23.4,711,203,49,0
ABprpppp:118,ABprpppp,118,31684,6684,876,1011,6490,23.3,708,201,47,0
ABprpppp:119,ABprpppp,119,31655,6655,713,1029,5291,23.1,704,199,45,0
ABprpppp:120,ABprpppp,120,32478,7478,1258,1493,6005,23.0,701,197,43,0
ABprpppp:121,ABprpppp,121,31548,6548,354,537,5331,22.9,697,195,41,162218
ABprpppp:122,ABprpppp,122,31691,6691,925,997,6312,23.0,703,204,37,160558
ABprppppa:123,ABprppppa,123,30682,5682,-445,-414,4049,23.0,684,190,36,160558
ABprppppa:124,ABprppppa,124,34135,9135,3222,3222,8748,23.0,665,176,35,109714
ABprppppa:125,ABprppppa,125,35450,10450,3686,3686,9806,22.1,666,177,29,56035
ABprppppa:126,ABprppppa,126,33861,8861,2105,2105,8378,22.3,663,176,29,56035
ABprppppa:127,ABprppppa,127,33278,8278,1563,1563,7893,22.6,660,174,30,56035
ABprppppa:128,ABprppppa,128,33839,8839,2027,2027,8562,22.8,656,172,31,56035
ABprppppa:129,ABprppppa,129,32305,7305,420,420,7119,23.1,653,170,32,56035
ABprppppa:130,ABprppppa,130,32343,7343,149,149,6313,23.3,649,168,33,56035
ABprppppa:131,ABprppppa,131,34228,9228,2228,2228,8483,23.6,646,166,34,56035
ABprppppa:132,ABprppppa,132,34067,9067,1821,1821,8440,23.8,643,165,35,56035
ABprppppa:133,ABprppppa,133,33764,8764,2099,2099,8267,24.0,639,163,36,56035
ABprppppa:134,ABprppppa,134,34005,9005,2489,2489,8465,24.3,636,161,37,56035
ABprppppa:135,ABprppppa,135,34687,9687,3441,3501,8532,24.5,632,159,38,56035
ABprppppa:136,ABprppppa,136,36557,11557,5128,5154,6936,24.8,629,157,39,56035
ABprppppa:137,ABprppppa,137,35756,10756,4307,4320,10275,25.0,625,155,40,161835
ABprppppa:138,ABprppppa,138,35971,10971,4209,4462,9600,25.0,622,157,40,163860
ABprppppa:139,ABprppppa,139,35045,10045,1417,1417,9821,26.0,602,156,27,45187
ABprppppa:140,ABprppppa,140,36539,11539,3210,3210,11352,26.0,602,156,27,45187
ABprppppa:141,ABprppppa,141,36294,11294,2554,2554,11176,26.1,595,159,28,63819
ABprppppa:142,ABprppppa,142,36448,11448,3325,3325,11298,26.0,596,166,31,83510
ABprppppa:143,ABprppppa,143,35342,10342,2808,2806,10239,25.1,585,165,34,104920
ABprppppa:144,ABprppppa,144,37502,12502,4713,4713,12393,26.0,585,167,30,82534
ABprppppa:145,ABprppppa,145,37107,12107,4575,4594,12062,25.0,577,168,34,110175
ABprppppa:146,ABprppppa,146,37814,12814,4681,4681,12784,26.0,573,165,32,97523
ABprppppa:147,ABprppppa,147,36091,11091,4819,4986,10890,25.1,576,163,46,256146
ABprppppa:148,ABprppppa,148,35820,10820,4765,4939,10740,25.1,572,167,46,248955
ABprppppa:149,ABprppppa,149,35724,10724,4316,4584,10652,25.1,574,165,47,257120
ABprppppa:150,ABprppppa,150,36369,11369,4664,4903,11230,26.0,574,167,47,256381
ABprppppa:151,ABprppppa,151,34882,9882,3035,3437,9559,25.1,575,161,47,251521
ABprppppa:152,ABprppppa,152,36310,11310,4367,4623,10951,25.0,573,163,47,272284
ABprppppa:153,ABprppppa,153,36355,11355,4888,5121,11187,25.9,564,170,47,265225
ABprppppa:154,ABprppppa,154,36201,11201,3076,3346,10925,25.1,561,165,36,142829
ABprppppa:155,ABprppppa,155,38318,13318,6119,6837,12593,25.9,573,167,48,334431
ABprppppa:156,ABprppppa,156,38108,13108,5382,6008,11532,25.9,566,166,42,334431
ABprppppa:157,ABprppppa,157,40009,15009,6181,6174,14857,26.0,558,164,36,334431
ABprppppa:158,ABprppppa,158,39341,14341,4396,4382,14166,26.0,550,162,30,84566
ABprppppa:159,ABprppppa,159,36539,11539,4539,4899,11357,25.1,556,158,47,267415
ABprppppa:160,ABprppppa,160,38157,13157,5647,5905,12967,25.1,561,158,47,284051
ABprppppa:161,ABprppppa,161,39306,14306,6390,6520,14159,26.0,562,153,47,278147
ABprppppa:162,ABprppppa,162,38985,13985,6200,6345,13764,25.0,565,157,44,225815
ABprppppa:163,ABprppppa,163,39824,14824,7156,7267,14741,26.0,563,162,42,207372
ABprppppa:164,ABprppppa,164,39556,14556,7619,7694,14523,25.0,562,165,45,234634
ABprppppa:165,ABprppppa,165,37374,12374,5202,5374,12319,25.0,562,165,45,234634
ABprppppa:166,ABprppppa,166,36682,11682,4408,4411,11561,26.1,560,179,42,209623
ABprppppa:167,ABprppppa,167,37961,12961,4997,4987,12824,26.9,557,174,39,191208
ABprppppa:168,ABprppppa,168,40397,15397,7197,7197,15392,27.0,567,191,36,176765
ABprppppaa:169,ABprppppaa,169,36570,11570,3889,3910,11227,26.9,540,180,27,55023
ABprppppaa:170,ABprppppaa,170,37861,12861,4794,4794,12830,27.9,528,183,27,59756
ABprppppaa:171,ABprppppaa,171,39355,14355,6160,6160,14297,28.0,525,175,27,62632
ABprppppaa:172,ABprppppaa,172,39885,14885,6740,6740,14789,28.0,526,177,27,57209
ABprppppaa:173,ABprppppaa,173,40292,15292,7652,7652,15196,27.0,528,179,29,71820
ABprppppaa:174,ABprppppaa,174,38852,13852,4009,4009,13743,28.0,531,178,27,56270
ABprppppaa:175,ABprppppaa,175,43704,18704,8926,8926,18596,28.0,531,177,27,56270
ABprppppaa:176,ABprppppaa,176,40171,15171,5335,5335,14941,28.0,532,176,28,56270
ABprppppaa:177,ABprppppaa,177,41674,16674,7045,7045,16537,28.0,533,175,29,56270
ABprppppaa:178,ABprppppaa,178,39708,14708,5850,5850,14613,28.0,534,174,30,56270
ABprppppaa:179,ABprppppaa,179,41502,16502,7220,7220,16393,28.0,534,173,30,56270
ABprppppaa:180,ABprppppaa,180,43374,18374,9973,9973,18304,28.0,535,172,31,56270
ABprppppaa:181,ABprppppaa,181,44430,19430,10380,10378,19196,28.0,536,171,32,56270
ABprppppaa:182,ABprppppaa,182,41949,16949,7640,7640,16714,28.0,537,170,33,56270
ABprppppaa:183,ABprppppaa,183,46878,21878,12511,12515,21235,28.0,538,168,34,138595
ABprppppaa:184,ABprppppaa,184,44836,19836,9443,9419,19208,28.1,544,170,34,135030
ABprppppaa:185,ABprppppaa,185,46295,21295,11389,11389,21050,29.0,540,174,34,147334
ABprppppaa:186,ABprppppaa,186,46713,21713,10038,10038,21394,29.1,540,175,30,102865
ABprppppaa:187,ABprppppaa,187,42372,17372,6702,6702,17096,29.1,540,175,30,102865
ABprppppaa:188,ABprppppaa,188,48144,23144,10382,10378,22535,29.1,547,177,30,101182
ABprppppaa:189,ABprppppaa,189,46206,21206,9070,9101,20343,29.0,551,178,30,101281
ABprppppaa:190,ABprppppaa,190,46415,21415,9467,9468,20946,29.0,550,181,29,76157
ABprppppaa:191,ABprppppaa,191,48030,23030,10693,10843,22537,30.0,555,190,30,102957
ABprppppaa:192,ABprppppaa,192,49151,24151,11056,11134,23284,29.0,555,189,30,103741
ABprppppaa:193,ABprppppaa,193,47424,22424,10386,11030,21538,29.0,554,187,34,137208
ABprppppaa:194,ABprppppaa,194,44740,19740,9026,8928,19242,28.2,551,193,32,112071
ABprppppaa:195,ABprppppaa,195,48345,23345,10321,10154,22559,28.0,549,196,29,76303
ABprppppaa:196,ABprppppaa,196,47988,22988,11265,11449,22023,27.1,547,198,32,119562
ABprppppaa:197,ABprppppaa,197,49552,24552,11631,11185,23678,28.0,549,195,30,105625
ABprppppaa:198,ABprppppaa,198,48513,23513,12037,12865,22123,27.1,552,196,34,142733
ABprppppaa:199,ABprppppaa,199,49919,24919,14444,14438,24357,27.0,547,204,34,141541
ABprppppaa:200,ABprppppaa,200,52526,27526,15454,15635,26517,28.0,556,200,34,153053
ABprppppaa:201,ABprppppaa,201,52243,27243,15453,15418,26538,27.1,554,197,31,113690
ABprppppaa:202,ABprppppaa,202,48451,23451,12861,12904,22926,27.1,552,202,34,136537
ABprppppaa:203,ABprppppaa,203,47742,22742,11192,10901,21832,28.0,555,203,34,154536
ABprppppaa:204,ABprppppaa,204,50109,25109,13955,13431,24402,28.2,552,200,34,145379
ABprppppaa:205,ABprppppaa,205,50030,25030,13650,13391,23957,28.1,558,207,34,156911
ABprppppaa:206,ABprppppaa,206,46341,21341,7481,7412,20401,28.2,560,201,32,120104
ABprppppaa:207,ABprppppaa,207,50181,25181,13059,12932,24334,28.1,554,208,34,158152
ABprppppaa:208,ABprppppaa,208,51670,26670,14563,14404,25888,28.1,559,209,34,155041
ABprppppaa:209,ABprppppaa,209,51626,26626,15585,15019,25781,28.1,553,216,34,163875
ABprppppaa:210,ABprppppaa,210,55996,30996,19694,19372,29770,28.0,552,218,34,171405
ABprppppaa:211,ABprppppaa,211,52412,27412,16468,16316,26607,28.1,555,215,34,169959
ABprppppaa:212,ABprppppaa,212,55753,30753,17495,17415,29783,28.1,557,219,34,169370
ABprppppaa:213,ABprppppaa,213,53578,28578,15730,15495,27390,28.1,553,220,34,158106
ABprppppaa:214,ABprppppaa,214,55627,30627,18775,18518,29281,28.0,549,223,34,173360
ABprppppaa:215,ABprppppaa,215,54289,29289,17645,17511,28437,28.1,546,218,34,166262
ABprppppaa:216,ABprppppaa,216,55165,30165,18003,17913,29013,28.0,551,228,34,165138
ABprppppaa:217,ABprppppaa,217,57844,32844,18277,18109,32155,28.1,551,218,31,133070
ABprppppaa:218,ABprppppaa,218,55305,30305,18022,17557,29377,29.0,547,220,34,167291
ABprppppaa:219,ABprppppaa,219,52067,27067,13991,13735,26170,28.2,552,216,34,157656
ABprppppaa:220,ABprppppaa,220,51193,26193,13544,13493,24533,28.2,553,221,32,130507
ABprppppaa:221,ABprppppaa,221,52448,27448,13873,13922,26474,29.1,552,219,34,160775
ABprppppaa:222,ABprppppaa,222,54286,29286,16629,16429,28347,29.1,546,225,34,172488
ABprppppaa:223,ABprppppaa,223,59853,34853,20733,20672,33895,29.1,552,225,34,191981
ABprppppaa:224,ABprppppaa,224,57912,32912,20342,20129,32250,29.0,546,224,34,179334
ABprppppaa:225,ABprppppaa,225,54312,29312,15455,14813,28324,28.1,551,232,34,165408
ABprppppaa:226,ABprppppaa,226,54082,29082,15314,14666,28449,28.2,544,225,34,162522
ABprppppaa:227,ABprppppaa,227,63297,38297,24260,24015,37610,29.0,545,229,34,185101
ABprppppaa:228,ABprppppaa,228,61666,36666,22523,22363,36053,29.1,548,233,34,188278
ABprppppaa:229,ABprppppaa,229,61044,36044,19620,19353,34800,29.1,546,236,31,145443
ABprppppaa:230,ABprppppaa,230,57112,32112,16926,16381,30996,29.2,559,237,34,175072
ABprppppaa:231,ABprppppaa,231,58909,33909,19444,19013,33336,29.1,557,228,34,168543
ABprppppaa:232,ABprppppaa,232,59468,34468,18742,18182,33712,29.2,558,232,34,173887
ABprppppaa:233,ABprppppaa,233,61312,36312,21707,20930,35613,29.1,554,229,34,184023
ABprppppaa:234,ABprppppaa,234,64215,39215,25071,24440,38820,30.0,554,229,34,192064
ABprppppaa:235,ABprppppaa,235,47832,22832,6353,5893,19548,28.2,563,232,34,191785
ABprppppaa:236,ABprppppaa,236,57526,32526,16543,16183,30543,29.2,557,232,34,194623
ABprppppaa:237,ABprppppaa,237,58196,33196,17718,17650,31298,29.1,558,237,34,217666
ABprppppaa:238,ABprppppaa,238,55934,30934,14765,13772,28286,28.1,556,243,34,228187
ABprppppaa:239,ABprppppaa,239,59233,34233,16246,15607,30732,29.1,560,239,32,214277
ABprppppaa:240,ABprppppaa,240,60801,35801,18438,17939,33344,28.3,561,243,32,192638
ABprppppaa:241,ABprppppaa,241,53365,28365,12449,12481,27021,28.2,581,253,31,157366
ABprppppaa:242,ABprppppaa,242,55299,30299,13832,13952,28404,29.1,585,255,30,165982
ABprppppaa:243,ABprppppaa,243,53819,28819,13987,14497,27404,29.1,584,261,34,194223
ABprppppaa:244,ABprppppaa,244,44895,19895,7704,9446,11005,27.1,581,262,34,177404
ABprppppaa:245,ABprppppaa,245,42945,17945,6402,7457,9897,27.1,585,266,31,127362
ABprppppaa:246,ABprppppaa,246,42273,17273,5458,6925,6949,27.1,586,269,34,165819
ABprppppaa:247,ABprppppaa,247,39386,14386,2764,3866,8376,27.1,586,269,34,165819
ABprppppaa:248,ABprppppaa,248,41033,16033,4858,5487,9224,27.0,583,282,29,94481
ABprppppaa:249,ABprppppaa,249,44541,19541,6749,8938,10689,28.0,584,278,34,177615
ABprppppap:169,ABprppppap,169,32597,7597,-731,-703,7149,28.0,576,196,33,176765
ABprppppap:170,ABprppppap,170,33321,8321,611,611,8259,29.0,585,201,30,176765
ABprppppap:171,ABprppppap,171,43102,18102,8843,8884,17889,30.0,594,206,27,51359
ABprppppap:172,ABprppppap,172,40897,15897,6148,6183,15605,30.0,594,206,27,51359
ABprppppap:173,ABprppppap,173,40489,15489,7386,7355,14983,29.9,600,203,32,111047
ABprppppap:174,ABprppppap,174,42258,17258,7772,7723,16344,30.0,604,201,32,107288
ABprppppap:175,ABprppppap,175,42360,17360,7683,7615,16747,29.9,602,205,27,52713
ABprppppap:176,ABprppppap,176,40344,15344,5110,5099,15015,30.0,598,200,27,51916
ABprppppap:177,ABprppppap,177,42542,17542,6810,6810,17383,30.0,598,200,27,51916
ABprppppap:178,ABprppppap,178,41339,16339,6512,6512,16232,28.9,588,195,31,98244
ABprppppap:179,ABprppppap,179,40533,15533,5350,5350,15331,28.9,588,195,31,98244
ABprppppap:180,ABprppppap,180,46579,21579,10436,10433,21372,29.0,586,202,27,55008
ABprppppap:181,ABprppppap,181,43054,18054,7739,7706,17707,29.1,591,196,30,96920
ABprppppap:182,ABprppppap,182,44575,19575,8309,8307,19287,28.2,590,195,30,97770
ABprppppap:183,ABprppppap,183,44951,19951,9239,9254,19781,28.2,577,198,32,112286
ABprppppap:184,ABprppppap,184,42551,17551,7434,7460,17336,28.0,586,203,32,115177
ABprppppap:185,ABprppppap,185,44852,19852,9948,9956,19674,28.1,584,208,32,118987
ABprppppap:186,ABprppppap,186,49075,24075,10076,10076,23848,29.0,587,202,27,55372
ABprppppap:187,ABprppppap,187,44950,19950,5456,5456,19687,29.0,587,202,27,55372
ABprppppap:188,ABprppppap,188,44757,19757,9182,9183,19357,27.2,582,200,32,109874
ABprppppap:189,ABprppppap,189,51575,26575,13584,13568,26042,28.0,589,197,30,94118
ABprppppap:190,ABprppppap,190,46176,21176,9002,9015,20528,27.1,593,193,31,94510
ABprppppap:191,ABprppppap,191,50806,25806,13771,13849,24978,28.1,594,198,34,136975
ABprppppap:192,ABprppppap,192,52390,27390,15611,15750,26535,28.0,596,198,34,140216
ABprppppap:193,ABprppppap,193,52654,27654,14475,14632,26833,29.0,594,194,34,142615
ABprppppap:194,ABprppppap,194,51400,26400,14161,14030,25700,28.0,598,201,34,143735
ABprppppap:195,ABprppppap,195,52194,27194,14047,14003,26361,28.0,590,199,31,111473
ABprppppap:196,ABprppppap,196,54501,29501,16567,16672,28627,28.1,590,196,34,160842
ABprppppap:197,ABprppppap,197,50637,25637,13224,13337,24890,27.1,595,198,34,140948
ABprppppap:198,ABprppppap,198,56608,31608,18036,18230,30518,28.0,593,198,34,153486
ABprppppap:199,ABprppppap,199,54429,29429,16262,16294,28917,28.1,597,196,34,162807
ABprppppap:200,ABprppppap,200,53880,28880,13842,13861,27880,28.1,599,194,34,168352
ABprppppap:201,ABprppppap,201,54169,29169,14640,14724,28336,27.2,601,194,31,119745
ABprppppap:202,ABprppppap,202,50439,25439,11560,11670,24840,28.1,603,193,34,152179
ABprppppap:203,ABprppppap,203,50717,25717,12713,12767,25107,28.1,601,199,34,151664
ABprppppap:204,ABprppppap,204,53503,28503,14425,14409,28120,29.0,605,206,34,152341
ABprppppap:205,ABprppppap,205,54071,29071,14791,14896,28534,29.0,603,204,34,164446
ABprppppap:206,ABprppppap,206,51109,26109,11882,11850,25249,28.2,604,203,34,144800
ABprppppap:207,ABprppppap,207,53547,28547,14720,14730,27939,28.1,602,204,34,152017
ABprppppap:208,ABprppppap,208,52480,27480,13070,13168,26885,29.0,606,204,34,161225
ABprppppap:209,ABprppppap,209,49861,24861,11021,10965,24289,29.0,608,202,34,153061
ABprppppap:210,ABprppppap,210,49680,24680,10565,10576,23263,28.1,600,211,34,161184
ABprppppap:211,ABprppppap,211,50526,25526,11549,11887,24226,28.1,603,208,34,157332
ABprppppap:212,ABprppppap,212,54082,29082,14365,14399,27829,28.1,603,203,34,161066
ABprppppap:213,ABprppppap,213,53470,28470,13594,13601,27018,28.0,597,205,34,171150
ABprppppap:214,ABprppppap,214,53719,28719,13444,13648,27696,28.1,594,206,34,165275
ABprppppap:215,ABprppppap,215,47210,22210,8884,8996,21065,27.2,596,204,34,157817
ABprppppap:216,ABprppppap,216,50514,25514,10995,11173,24494,28.1,596,208,34,168343
ABprppppap:217,ABprppppap,217,55535,30535,12242,12242,29925,29.1,601,194,31,138898
ABprppppap:218,ABprppppap,218,56466,31466,16395,16390,30956,29.0,596,199,34,180405
ABprppppap:219,ABprppppap,219,54034,29034,14270,14225,27645,28.1,600,205,34,185462
ABprppppap:220,ABprppppap,220,47938,22938,8822,9000,21619,28.1,597,210,34,173721
ABprppppap:221,ABprppppap,221,51853,26853,12560,12613,25610,28.1,597,209,34,178938
ABprppppap:222,ABprppppap,222,53257,28257,11681,12577,24219,28.1,602,225,34,199472
ABprppppap:223,ABprppppap,223,54475,29475,14434,14477,27370,28.1,598,214,34,187273
ABprppppap:224,ABprppppap,224,51981,26981,11274,11520,23557,28.1,603,217,34,186992
ABprppppap:225,ABprppppap,225,52015,27015,13155,12602,25679,29.1,602,209,34,190940
ABprppppap:226,ABprppppap,226,47064,22064,7761,7887,20284,28.1,598,208,34,171172
ABprppppap:227,ABprppppap,227,51694,26694,10686,10537,24449,29.0,603,220,34,194727
ABprppppap:228,ABprppppap,228,51278,26278,11658,11269,25098,29.1,606,211,34,168480
ABprppppap:229,ABprppppap,229,54747,29747,14715,14575,28926,29.0,599,210,31,145102
ABprppppap:230,ABprppppap,230,50857,25857,9781,9859,24496,29.1,600,218,34,183306
ABprppppap:231,ABprppppap,231,50027,25027,8365,8196,22444,29.0,608,219,34,207322
ABprppppap:232,ABprppppap,232,49870,24870,8933,9519,23087,28.1,602,220,34,205758
ABprppppap:233,ABprppppap,233,50629,25629,11024,11456,24386,28.1,603,217,34,211618
ABprppppap:234,ABprppppap,234,44812,19812,6605,6994,18274,29.0,595,194,34,175368
ABprppppap:235,ABprppppap,235,44344,19344,7187,7396,17828,28.2,588,187,34,170944
ABprppppap:236,ABprppppap,236,45841,20841,9011,9174,19117,28.1,586,194,32,157031
ABprppppap:237,ABprppppap,237,45194,20194,8514,8960,18660,28.1,595,197,34,171026
ABprppppap:238,ABprppppap,238,46773,21773,9268,9894,20318,29.0,592,201,34,176157
ABprppppap:239,ABprppppap,239,43065,18065,5212,5623,16769,28.3,597,204,34,152222
ABprppppap:240,ABprppppap,240,47368,22368,9172,9366,21302,29.1,604,212,34,184407
ABprppppap:241,ABprppppap,241,49346,24346,9429,9572,21820,29.2,607,218,31,141835
ABprppppap:242,ABprppppap,242,48445,23445,8735,9621,20473,29.1,605,223,34,198309
ABprppppap:243,ABprppppap,243,50766,25766,9721,11126,22428,29.1,609,227,34,177016
ABprppppap:244,ABprppppap,244,48487,23487,8056,8586,21410,29.1,611,224,34,187511
ABprppppap:245,ABprppppap,245,50373,25373,8182,8843,21950,29.0,611,224,31,147770
ABprppppap:246,ABprppppap,246,47322,22322,9658,9832,21345,29.1,611,223,34,168416
ABprppppap:247,ABprppppap,247,46677,21677,8904,9026,20282,29.2,612,224,34,174946
ABprppppap:248,ABprppppap,248,51111,26111,11998,11996,24664,29.3,610,232,31,130664
ABprppppap:249,ABprppppap,249,46896,21896,8444,8550,20613,29.2,614,230,34,183515
ABprppppap:250,ABprppppap,250,48929,23929,8610,9304,14554,29.1,616,232,31,157150
ABprppppp:123,ABprppppp,123,32914,7914,1877,1877,7828,23.0,723,224,29,65310
ABprppppp:124,ABprppppp,124,32543,7543,1703,1703,7407,24.0,726,225,35,103911
ABprppppp:125,ABprppppp,125,33062,8062,1812,1812,7512,24.1,723,223,35,103911
ABprppppp:126,ABprppppp,126,32682,7682,1610,1610,6951,24.3,720,221,34,103911
ABprppppp:127,ABprppppp,127,34365,9365,2840,2840,8824,24.4,717,219,34,103911
ABprppppp:128,ABprppppp,128,33214,8214,1581,1581,7756,24.6,714,217,33,103911
ABprppppp:129,ABprppppp,129,34784,9784,3185,3185,9396,24.7,711,215,32,103911
ABprppppp:130,ABprppppp,130,32667,7667,603,603,7232,24.9,708,213,32,103911
ABprppppp:131,ABprppppp,131,35384,10384,3717,3717,10122,25.0,704,210,31,103911
ABprppppp:132,ABprppppp,132,34715,9715,3052,3052,9253,25.2,701,208,31,103911
ABprppppp:133,ABprppppp,133,35801,10801,3881,3881,10401,25.3,698,206,30,103911
ABprppppp:134,ABprppppp,134,36289,11289,3041,3041,10926,25.5,695,204,29,103911
ABprppppp:135,ABprppppp,135,35205,10205,2881,2881,9768,25.6,692,202,29,103911
ABprppppp:136,ABprppppp,136,35018,10018,2366,2366,9775,25.8,689,200,28,103911
ABprppppp:137,ABprppppp,137,36044,11044,2446,2446,10855,25.9,685,197,27,43343
ABprppppp:138,ABprppppp,138,37492,12492,4801,4801,12230,25.9,685,197,27,43343
ABprppppp:139,ABprppppp,139,35680,10680,2515,2515,10589,26.1,670,195,29,57285
ABprppppp:140,ABprppppp,140,36880,11880,3948,3948,11839,26.0,658,191,27,45785
ABprppppp:141,ABprppppp,141,34518,9518,1673,1673,9499,26.0,658,191,27,45785
ABprppppp:142,ABprppppp,142,36353,11353,3115,3115,11224,25.9,650,172,29,59183
ABprppppp:143,ABprppppp,143,36956,11956,4066,4066,11920,27.0,642,173,30,77180
ABprppppp:144,ABprppppp,144,35925,10925,2577,2577,10853,27.0,642,173,30,77180
ABprppppp:145,ABprppppp,145,36838,11838,4168,4168,11801,27.0,640,175,34,111479
ABprppppp:146,ABprppppp,146,35599,10599,4420,4438,10493,27.0,635,175,46,255181
ABprppppp:147,ABprppppp,147,35759,10759,1804,1764,10625,27.1,622,173,32,96599
ABprppppp:148,ABprppppp,148,36100,11100,4278,4533,11010,27.1,622,166,46,251207
ABprppppp:149,ABprppppp,149,35467,10467,3465,3643,10396,27.1,624,170,47,280535
ABprppppp:150,ABprppppp,150,35892,10892,4229,4510,10720,27.1,622,170,49,312129
ABprppppp:151,ABprppppp,151,36070,11070,4184,4370,10934,28.0,618,169,47,270455
ABprppppp:152,ABprppppp,152,36731,11731,4764,5055,11595,27.1,622,167,47,283199
ABprppppp:153,ABprppppp,153,35874,10874,3847,4170,10806,27.3,615,163,51,352662
ABprppppp:154,ABprppppp,154,37255,12255,5259,5364,12184,28.0,607,172,50,395342
ABprppppp:155,ABprppppp,155,36795,11795,4593,5352,10774,28.0,604,174,50,401274
ABprppppp:156,ABprppppp,156,37839,12839,3326,3875,11115,28.0,592,172,36,144548
ABprppppp:157,ABprppppp,157,36006,11006,2470,2470,10945,28.1,607,176,35,117951
ABprppppp:158,ABprppppp,158,37739,12739,5281,5281,12716,28.4,605,176,38,117951
ABprppppp:159,ABprppppp,159,36606,11606,4049,4076,11574,28.7,603,177,41,117951
ABprppppp:160,ABprppppp,160,35907,10907,3989,4073,10818,29.0,600,178,45,218563
ABprppppp:161,ABprppppp,161,36168,11168,3833,4205,11002,28.0,602,177,45,232008
ABprppppp:162,ABprppppp,162,37515,12515,5437,5459,12501,27.9,614,184,44,232675
ABprppppp:163,ABprppppp,163,36175,11175,4262,4263,11150,27.0,621,189,42,207360
ABprppppp:164,ABprppppp,164,37194,12194,5337,5337,12184,27.0,626,193,43,221991
ABprppppp:165,ABprppppp,165,35893,10893,4038,4038,10886,27.0,626,193,43,221991
ABprppppp:166,ABprppppp,166,35364,10364,3610,3610,10364,27.0,637,211,40,205381
ABprppppp:167,ABprppppp,167,35551,10551,3637,3655,10526,27.1,623,216,37,184175
ABprppppp:168,ABprppppp,168,37344,12344,5089,5089,12325,27.1,633,226,30,119366
ABprpppppa:169,ABprpppppa,169,36056,11056,3090,3090,10921,30.0,617,217,27,58665
ABprpppppa:170,ABprpppppa,170,36238,11238,4022,4022,11156,29.9,633,215,34,133787
ABprpppppa:171,ABprpppppa,171,32718,7718,1043,1238,7149,29.9,633,217,34,133787
ABprpppppa:172,ABprpppppa,172,34154,9154,1306,1454,8732,30.0,633,219,33,133787
ABprpppppa:173,ABprpppppa,173,32277,7277,-307,362,6090,30.0,633,221,33,133787
ABprpppppa:174,ABprpppppa,174,34106,9106,393,971,7996,30.0,633,223,32,133787
ABprpppppa:175,ABprpppppa,175,34948,9948,2442,2633,8991,30.1,633,225,32,133787
ABprpppppa:176,ABprpppppa,176,34484,9484,2529,2538,9147,30.1,633,227,31,92203
ABprpppppa:177,ABprpppppa,177,33878,8878,1944,1944,8528,29.1,637,224,29,73972
ABprpppppa:178,ABprpppppa,178,35004,10004,2332,2345,9842,30.0,631,221,35,130028
ABprpppppa:179,ABprpppppa,179,36390,11390,4057,4057,11211,30.1,633,220,34,130289
ABprpppppa:180,ABprpppppa,180,34827,9827,2195,2208,9438,29.1,626,223,32,113028
ABprpppppa:181,ABprpppppa,181,35163,10163,2537,2609,9595,30.0,628,215,30,97441
ABprpppppa:182,ABprpppppa,182,33960,8960,2024,2066,8326,29.0,620,222,30,101383
ABprpppppa:183,ABprpppppa,183,34028,9028,1763,1763,8880,29.0,628,216,30,102767
ABprpppppa:184,ABprpppppa,184,34518,9518,1507,1621,9131,29.1,628,220,34,137738
ABprpppppa:185,ABprpppppa,185,33936,8936,2355,2400,8614,27.2,626,226,32,116114
ABprpppppa:186,ABprpppppa,186,34137,9137,2092,2086,8749,27.0,619,233,34,132242
ABprpppppa:187,ABprpppppa,187,36355,11355,2863,2847,10990,28.0,626,228,29,73198
ABprpppppa:188,ABprpppppa,188,34176,9176,2741,2752,8815,26.2,620,231,32,108145
ABprpppppa:189,ABprpppppa,189,34022,9022,1830,1838,8577,26.1,619,230,34,133898
ABprpppppa:190,ABprpppppa,190,36298,11298,4090,4144,10681,26.2,617,233,31,100465
ABprpppppa:191,ABprpppppa,191,37300,12300,4424,4667,11483,27.2,622,231,34,147563
ABprpppppa:192,ABprpppppa,192,34938,9938,2072,2310,8687,27.0,622,234,34,149720
ABprpppppa:193,ABprpppppa,193,35911,10911,3080,3154,9784,27.1,614,234,34,156922
ABprpppppa:194,ABprpppppa,194,34804,9804,2575,2704,8400,26.2,622,234,34,141569
ABprpppppa:195,ABprpppppa,195,35900,10900,3229,3250,9844,27.1,622,236,31,111258
ABprpppppa:196,ABprpppppa,196,35422,10422,2837,2836,9407,27.3,619,236,32,123657
ABprpppppa:197,ABprpppppa,197,36755,11755,4191,4269,11310,28.0,622,238,34,159862
ABprpppppa:198,ABprpppppa,198,39777,14777,6665,7152,14035,28.0,618,234,34,155623
ABprpppppa:199,ABprpppppa,199,39334,14334,6590,6871,13609,28.0,619,236,34,171713
ABprpppppa:200,ABprpppppa,200,36900,11900,4141,4300,11557,27.1,618,243,34,153610
ABprpppppa:201,ABprpppppa,201,38408,13408,5614,5609,13082,27.1,615,243,31,127863
ABprpppppa:202,ABprpppppa,202,37210,12210,5314,5340,11918,26.4,616,244,34,149623
ABprpppppa:203,ABprpppppa,203,40068,15068,7308,7290,14709,27.1,614,249,34,178625
ABprpppppa:204,ABprpppppa,204,40436,15436,6872,6975,14998,27.1,615,251,34,184673
ABprpppppa:205,ABprpppppa,205,40339,15339,7133,7132,14926,27.1,615,249,34,183915
ABprpppppa:206,ABprpppppa,206,38746,13746,5310,5401,13425,27.3,613,250,34,169842
ABprpppppa:207,ABprpppppa,207,40086,15086,7104,7558,14444,27.2,613,245,34,185705
ABprpppppa:208,ABprpppppa,208,40861,15861,6641,7074,15211,27.1,617,242,34,191452
ABprpppppa:209,ABprpppppa,209,39336,14336,5082,5207,13208,27.1,614,243,34,181725
ABprpppppa:210,ABprpppppa,210,40773,15773,6182,6821,13608,27.1,606,247,34,186508
ABprpppppa:211,ABprpppppa,211,43080,18080,8094,8242,15853,27.1,610,246,30,155357
ABprpppppa:212,ABprpppppa,212,44670,19670,9729,9602,18212,27.0,607,247,34,194935
ABprpppppa:213,ABprpppppa,213,42231,17231,7347,7106,15847,26.2,601,246,34,180542
ABprpppppa:214,ABprpppppa,214,45709,20709,11117,11192,19292,27.0,603,249,34,201343
ABprpppppa:215,ABprpppppa,215,44745,19745,9876,10053,18369,27.0,599,246,34,214322
ABprpppppa:216,ABprpppppa,216,43502,18502,8107,8091,16999,26.2,601,246,34,194905
ABprpppppa:217,ABprpppppa,217,45430,20430,8964,8851,19536,26.2,602,242,31,165270
ABprpppppa:218,ABprpppppa,218,45730,20730,10088,9877,19652,26.1,598,243,34,198125
ABprpppppa:219,ABprpppppa,219,47939,22939,12607,12498,21996,26.1,599,250,34,211699
ABprpppppa:220,ABprpppppa,220,45729,20729,10609,10667,20031,26.1,600,254,34,203844
ABprpppppa:221,ABprpppppa,221,42971,17971,7603,7604,17334,26.2,599,252,34,198331
ABprpppppa:222,ABprpppppa,222,48845,23845,11887,13201,20480,26.1,604,250,34,200968
ABprpppppa:223,ABprpppppa,223,47947,22947,10645,10784,21746,26.1,604,251,34,208931
ABprpppppa:224,ABprpppppa,224,47241,22241,9939,10570,19477,26.2,611,243,34,212088
ABprpppppa:225,ABprpppppa,225,49084,24084,12271,12294,23561,26.1,611,249,34,215450
ABprpppppa:226,ABprpppppa,226,49421,24421,12528,12639,23683,26.1,609,246,34,215053
ABprpppppa:227,ABprpppppa,227,50355,25355,13174,13457,23380,26.2,607,248,34,214317
ABprpppppa:228,ABprpppppa,228,48618,23618,11287,11230,22507,26.2,606,248,34,211403
ABprpppppa:229,ABprpppppa,229,51937,26937,13255,13255,25777,26.2,615,254,31,153438
ABprpppppa:230,ABprpppppa,230,50228,25228,12278,12510,23430,26.2,618,250,34,220800
ABprpppppa:231,ABprpppppa,231,54205,29205,15500,15623,27443,26.1,617,248,34,234606
ABprpppppa:232,ABprpppppa,232,54657,29657,15531,15854,27966,26.0,626,249,34,243225
ABprpppppa:233,ABprpppppa,233,58907,33907,19593,19592,32155,26.0,624,251,34,250347
ABprpppppa:234,ABprpppppa,234,54065,29065,14840,14771,27703,25.2,623,253,34,223910
ABprpppppa:235,ABprpppppa,235,55598,30598,15482,15412,29227,26.1,623,252,34,238461
ABprpppppa:236,ABprpppppa,236,56262,31262,16011,15940,29197,26.2,618,257,34,254250
ABprpppppa:237,ABprpppppa,237,55577,30577,15644,15605,28209,26.1,618,260,34,236844
ABprpppppa:238,ABprpppppa,238,52870,27870,12643,12182,26213,26.1,619,251,34,235326
ABprpppppa:239,ABprpppppa,239,57697,32697,17152,16996,31118,27.0,627,249,34,238972
ABprpppppa:240,ABprpppppa,240,53868,28868,12690,12596,25973,27.0,620,252,34,253045
ABprpppppa:241,ABprpppppa,241,58865,33865,17170,17427,31209,26.1,622,249,31,196405
ABprpppppa:242,ABprpppppa,242,55487,30487,13754,14003,27281,26.0,623,253,34,262451
ABprpppppa:243,ABprpppppa,243,54690,29690,14329,14718,26788,26.1,629,249,34,266487
ABprpppppa:244,ABprpppppa,244,53678,28678,13363,13334,27300,26.2,631,252,34,253135
ABprpppppa:245,ABprpppppa,245,51730,26730,9388,9464,25145,26.1,632,248,31,228059
ABprpppppa:246,ABprpppppa,246,49976,24976,9879,9827,24154,26.2,639,251,34,251087
ABprpppppa:247,ABprpppppa,247,56556,31556,15906,15905,30803,26.1,637,257,32,245662
ABprpppppa:248,ABprpppppa,248,51516,26516,9594,9577,25264,26.1,632,261,31,213237
ABprpppppa:249,ABprpppppa,249,52008,27008,11776,11776,26173,26.1,637,261,34,285427
ABprpppppaa:250,ABprpppppaa,250,50174,25174,12868,13138,21897,26.1,622,241,31,196531
ABprpppppap:250,ABprpppppap,250,49180,24180,11212,11292,23466,27.1,655,279,29,163073
ABprpppppp:169,ABprpppppp,169,35177,10177,3600,3657,9994,27.1,668,217,35,135958
ABprpppppp:170,ABprpppppp,170,35878,10878,3960,4051,10507,26.9,684,224,34,144163
ABprpppppp:171,ABprpppppp,171,35189,10189,3591,3742,9640,27.0,685,232,33,144163
ABprpppppp:172,ABprpppppp,172,35547,10547,4188,4184,10382,27.0,687,240,32,120502
ABprpppppp:173,ABprpppppp,173,36576,11576,5013,5013,11489,27.8,686,247,32,119574
ABprpppppp:174,ABprpppppp,174,34902,9902,3135,3127,9648,27.1,695,251,32,120625
ABprpppppp:175,ABprpppppp,175,35935,10935,4520,4528,10861,27.1,696,251,36,172165
ABprpppppp:176,ABprpppppp,176,36210,11210,4542,4542,11197,28.0,694,242,35,151392
ABprpppppp:177,ABprpppppp,177,37517,12517,6034,6134,12276,28.1,699,235,35,147318
ABprpppppp:178,ABprpppppp,178,34983,9983,3372,3373,9841,28.1,701,242,35,144226
ABprpppppp:179,ABprpppppp,179,34857,9857,2876,2876,9827,28.2,696,249,34,150864
ABprpppppp:180,ABprpppppp,180,36571,11571,4723,4723,11538,28.1,688,252,34,145811
ABprpppppp:181,ABprpppppp,181,36795,11795,5147,5174,11666,28.1,685,250,34,148307
ABprpppppp:182,ABprpppppp,182,35720,10720,3817,3776,10582,28.0,672,244,34,152311
ABprpppppp:183,ABprpppppp,183,33732,8732,1873,1872,8626,26.1,675,243,29,75088
ABprpppppp:184,ABprpppppp,184,34154,9154,2351,2417,8519,26.1,675,243,29,75088
ABprpppppp:185,ABprpppppp,185,34466,9466,2777,2794,9297,26.3,673,256,34,131955
ABprpppppp:186,ABprpppppp,186,37754,12754,5387,5477,12471,27.0,672,257,32,116617
ABprpppppp:187,ABprpppppp,187,37993,12993,5283,5250,12651,27.1,673,250,31,103606
ABprpppppp:188,ABprpppppp,188,35701,10701,3684,3808,10017,27.1,662,252,32,123624
ABprpppppp:189,ABprpppppp,189,37673,12673,5097,5075,12407,28.0,662,250,30,108266
ABprpppppp:190,ABprpppppp,190,36051,11051,3954,4046,10535,27.1,664,258,31,95688
ABprpppppp:191,ABprpppppp,191,37937,12937,5903,5909,12610,28.0,671,259,34,160422
ABprpppppp:192,ABprpppppp,192,36127,11127,4087,4258,10682,27.2,675,265,34,150436
ABprpppppp:193,ABprpppppp,193,38048,13048,5556,5549,12635,28.0,667,261,34,160085
ABprpppppp:194,ABprpppppp,194,36082,11082,3975,4040,10521,27.2,664,269,34,159570
ABprpppppp:195,ABprpppppp,195,35787,10787,3409,3391,10173,27.2,665,271,31,124277
ABprpppppp:196,ABprpppppp,196,37522,12522,5217,5262,12133,28.0,664,266,34,174204
ABprpppppp:197,ABprpppppp,197,36542,11542,4097,4111,11247,27.2,669,264,34,168381
ABprpppppp:198,ABprpppppp,198,37794,12794,5689,5780,12407,28.1,667,268,34,176815
ABprpppppp:199,ABprpppppp,199,37927,12927,5110,5158,12621,28.1,669,268,34,170234
ABprpppppp:200,ABprpppppp,200,37965,12965,5624,5736,12570,28.1,674,270,34,176218
ABprpppppp:201,ABprpppppp,201,35886,10886,2778,2832,10116,28.0,670,268,31,131021
ABprpppppp:202,ABprpppppp,202,36249,11249,3643,3703,10611,28.0,676,274,34,174346
ABprpppppp:203,ABprpppppp,203,35731,10731,3134,3241,10111,28.1,676,277,34,184956
ABprpppppp:204,ABprpppppp,204,36260,11260,3425,3428,10679,28.0,673,274,34,197016
ABprpppppp:205,ABprpppppp,205,37811,12811,5104,5274,11720,28.0,671,272,34,198226
ABprpppppp:206,ABprpppppp,206,35909,10909,3502,3488,9878,28.1,668,280,34,183683
ABprpppppp:207,ABprpppppp,207,34889,9889,2551,2521,8950,28.2,668,275,34,181983
ABprpppppp:208,ABprpppppp,208,36926,11926,4396,4489,11159,28.2,679,281,34,192965
ABprpppppp:209,ABprpppppp,209,36545,11545,4085,4111,10980,28.2,678,283,34,188275
ABprpppppp:210,ABprpppppp,210,36061,11061,3365,3544,10345,28.1,678,277,34,202500
ABprpppppp:211,ABprpppppp,211,36036,11036,3230,3162,10440,28.1,688,270,34,216046
ABprpppppp:212,ABprpppppp,212,36671,11671,4058,3978,10885,28.1,686,268,34,198606
ABprpppppp:213,ABprpppppp,213,38480,13480,5894,5888,12798,28.0,690,269,34,214479
ABprpppppp:214,ABprpppppp,214,39141,14141,6222,6195,13312,28.1,690,266,34,214554
ABprpppppp:215,ABprpppppp,215,38144,13144,5477,5424,12295,28.1,693,264,34,211159
ABprpppppp:216,ABprpppppp,216,37587,12587,4483,4496,11789,29.0,696,264,34,214948
ABprpppppp:217,ABprpppppp,217,36804,11804,3498,3493,10928,28.0,701,258,31,184508
ABprpppppp:218,ABprpppppp,218,37512,12512,4311,4266,11727,28.0,698,262,34,233190
ABprpppppp:219,ABprpppppp,219,38313,13313,4713,4648,12656,28.0,703,260,34,238139
ABprpppppp:220,ABprpppppp,220,36574,11574,3397,3360,10844,28.1,703,250,34,247070
ABprpppppp:221,ABprpppppp,221,37449,12449,4337,4312,12006,28.0,705,259,34,239777
ABprpppppp:222,ABprpppppp,222,37156,12156,4127,4093,11674,28.1,708,260,34,245523
ABprpppppp:223,ABprpppppp,223,38193,13193,5084,5002,12598,28.1,710,254,34,243935
ABprpppppp:224,ABprpppppp,224,38687,13687,5503,5476,13059,28.1,706,247,34,250372
ABprpppppp:225,ABprpppppp,225,35927,10927,3087,3028,10396,27.2,703,254,34,228676
ABprpppppp:226,ABprpppppp,226,35891,10891,3356,3358,10413,27.1,705,251,34,231347
ABprpppppp:227,ABprpppppp,227,35939,10939,3222,3182,10482,27.1,702,255,34,239086
ABprpppppp:228,ABprpppppp,228,36194,11194,4119,4071,10596,27.1,708,248,34,261586
ABprpppppp:229,ABprpppppp,229,35634,10634,3144,3057,10036,27.2,700,254,31,197674
ABprpppppp:230,ABprpppppp,230,35162,10162,3058,3027,9757,28.1,705,254,34,270369
ABprpppppp:231,ABprpppppp,231,35893,10893,2859,2854,10302,27.1,711,246,34,270833
ABprpppppp:232,ABprpppppp,232,34788,9788,2081,2092,9433,27.2,710,253,32,252498
ABprpppppp:233,ABprpppppp,233,36139,11139,3305,3268,10441,27.3,708,252,34,283611
ABprpppppp:234,ABprpppppp,234,35462,10462,2877,2862,9604,27.2,710,256,34,282562
ABprpppppp:235,ABprpppppp,235,35294,10294,2359,2359,9200,28.1,692,239,30,191741
ABprpppppp:236,ABprpppppp,236,36417,11417,3751,3751,10757,28.2,685,240,30,205341
ABprpppppp:237,ABprpppppp,237,36973,11973,4927,4927,10775,28.9,692,245,30,202922
ABprpppppp:238,ABprpppppp,238,35170,10170,3017,3004,8548,28.2,692,246,32,221477
ABprpppppp:239,ABprpppppp,239,35996,10996,3849,3849,10613,29.0,704,243,34,269547
ABprpppppp:240,ABprpppppp,240,35857,10857,3688,3654,9811,29.0,700,256,34,264704
ABprpppppp:241,ABprpppppp,241,35867,10867,3453,3448,9695,29.1,704,259,31,214289
ABprpppppp:242,ABprpppppp,242,34912,9912,2686,2604,9104,29.3,708,259,34,280432
ABprpppppp:243,ABprpppppp,243,35360,10360,2977,2934,9389,29.0,709,262,34,279166
ABprpppppp:244,ABprpppppp,244,36059,11059,3979,3972,10530,29.0,712,263,34,266766
ABprpppppp:245,ABprpppppp,245,35378,10378,3201,3154,9441,29.0,712,267,31,216340
ABprpppppp:246,ABprpppppp,246,34162,9162,2122,2274,7763,29.0,711,274,34,270127
ABprpppppp:247,ABprpppppp,247,34617,9617,2292,2489,7853,28.1,723,277,34,278074
ABprpppppp:248,ABprpppppp,248,36262,11262,3939,3919,9084,28.2,720,280,31,229032
ABprpppppp:249,ABprpppppp,249,35611,10611,3445,3587,8775,28.1,719,273,34,289356
ABprpppppp:250,ABprpppppp,250,35591,10591,3068,3099,8490,28.1,719,277,31,226374
EMS:1,EMS,1,29510,4510,-395,-395,4510,15.0,494,433,106,0
EMS:2,EMS,2,29276,4276,-686,-686,4276,15.7,500,429,104,0
EMS:3,EMS,3,29400,4400,-529,-529,4400,16.3,507,425,102,0
EMS:4,EMS,4,29073,4073,-910,-910,4073,17.0,514,420,100,0
EMS:5,EMS,5,30318,5318,199,199,5318,18.3,505,409,100,0
EMS:6,EMS,6,30327,5327,147,147,5327,19.5,496,397,100,0
EMS:7,EMS,7,29988,4988,-188,-188,4988,20.8,487,385,100,0
EMS:8,EMS,8,29961,4961,-178,-178,4961,22.0,477,373,100,0
MS:9,MS,9,29798,4798,-149,-139,4798,24.0,433,373,97,0
MS:10,MS,10,29697,4697,-309,-309,4697,26.0,389,372,94,0
E:9,E,9,29856,4856,-204,-222,4856,23.0,528,371,97,0
E:10,E,10,29852,4852,-202,-202,4852,24.0,580,369,94,0
E:11,E,11,29700,4700,-358,-358,4700,23.9,583,369,94,0
E:12,E,12,29711,4711,-432,-434,4711,23.7,586,369,94,0
E:13,E,13,29941,4941,-275,-275,4941,23.6,589,369,94,0
E:14,E,14,29988,4988,-221,-221,4988,23.4,592,369,94,0
E:15,E,15,29919,4919,-221,-221,4919,23.3,595,368,94,0
E:16,E,16,29614,4614,-518,-518,4614,23.1,598,368,94,0
E:17,E,17,29614,4614,-530,-530,4614,23.0,601,368,94,0
E:18,E,18,29654,4654,-429,-429,4654,22.9,604,368,94,0
E:19,E,19,29748,4748,-241,-241,4748,22.7,607,368,94,0
E:20,E,20,29780,4780,-210,-210,4780,22.6,610,367,94,0
E:21,E,21,29556,4556,-518,-518,4556,22.4,613,367,94,0
E:22,E,22,29543,4543,-534,-534,4543,22.3,616,367,94,0
E:23,E,23,29495,4495,-543,-543,4495,22.1,619,367,94,0
E:24,E,24,29579,4579,-537,-537,4579,22.0,622,366,94,0
Ea:25,Ea,25,29615,4615,-438,-477,4263,23.0,604,361,90,0
Ea:26,Ea,26,29960,4960,-28,-43,4960,24.0,585,356,86,0
Ea:27,Ea,27,29834,4834,-84,-85,4834,25.0,566,351,82,0
Ea:28,Ea,28,29741,4741,-128,-125,4741,25.2,563,348,81,0
Ea:29,Ea,29,29545,4545,-373,-376,4545,25.4,559,345,80,0
Ea:30,Ea,30,29713,4713,-320,-319,4713,25.6,556,342,79,0
Ea:31,Ea,31,29887,4887,-53,-54,4887,25.8,552,339,78,0
Ea:32,Ea,32,29658,4658,-225,-225,4658,26.0,548,336,77,0
Ea:33,Ea,33,29708,4708,-119,-119,4708,26.2,545,333,76,0
Ea:34,Ea,34,29822,4822,-45,-45,4822,26.4,541,330,75,0
Ea:35,Ea,35,29688,4688,-146,-146,4688,26.6,538,327,74,0
Ea:36,Ea,36,29960,4960,63,63,4960,26.8,534,324,73,0
Ea:37,Ea,37,29658,4658,-248,-248,4658,27.0,530,321,72,0
Ea:38,Ea,38,29559,4559,-476,-476,4559,26.6,530,319,72,0
Ea:39,Ea,39,29525,4525,-365,-365,4525,26.1,530,317,72,0
Ea:40,Ea,40,29642,4642,-250,-250,4642,25.7,531,314,72,0
Ea:41,Ea,41,29355,4355,-609,-609,4355,25.3,531,312,72,0
Ea:42,Ea,42,29511,4511,-380,-380,4511,24.9,532,309,72,0
Ea:43,Ea,43,29464,4464,-511,-511,4464,24.4,532,307,72,0
Ea:44,Ea,44,29348,4348,-483,-483,4348,24.0,533,304,72,0
Ea:45,Ea,45,29569,4569,-434,-434,4569,23.7,531,303,72,0
Ea:46,Ea,46,29495,4495,-301,-301,4495,23.4,529,301,72,0
Ea:47,Ea,47,29675,4675,-122,-122,4675,23.1,527,299,72,0
Ea:48,Ea,48,29551,4551,-306,-306,4551,22.8,525,297,72,0
Ea:49,Ea,49,29668,4668,-212,-212,4668,22.5,523,295,72,0
Ea:50,Ea,50,29544,4544,-235,-235,4544,22.2,521,293,72,0
Ea:51,Ea,51,29431,4431,-339,-339,4431,21.9,519,291,72,0
Ea:52,Ea,52,29559,4559,-287,-287,4559,21.6,517,289,72,0
Ea:53,Ea,53,29739,4739,-14,-14,4739,21.4,514,288,72,0
Ea:54,Ea,54,29871,4871,-91,-91,4871,21.1,512,286,72,0
Ea:55,Ea,55,29475,4475,-268,-268,4475,20.8,510,284,72,0
Ea:56,Ea,56,29643,4643,-151,-151,4643,20.5,508,282,72,0
Ea:57,Ea,57,29312,4312,-544,-544,4312,20.2,506,280,72,0
Ea:58,Ea,58,29311,4311,-385,-385,4311,19.9,504,278,72,0
Ea:59,Ea,59,29129,4129,-582,-582,4129,19.6,502,276,72,0
Ea:60,Ea,60,29407,4407,-471,-471,4407,19.3,500,274,72,0
Ea:61,Ea,61,29331,4331,-545,-545,4331,19.0,497,272,72,0
Eal:62,Eal,62,29698,4698,-183,-161,4698,19.5,481,306,72,0
Eal:63,Eal,63,29700,4700,-28,-27,4700,20.0,465,341,72,0
Eal:64,Eal,64,29645,4645,-99,-97,4645,20.0,465,340,72,0
Eal:65,Eal,65,29805,4805,13,12,4805,20.1,465,338,72,0
Eal:66,Eal,66,29482,4482,-328,-330,4482,20.1,464,337,72,0
Eal:67,Eal,67,29722,4722,-176,-169,4722,20.1,464,335,72,0
Eal:68,Eal,68,29727,4727,55,53,4727,20.2,463,333,72,0
Eal:69,Eal,69,29886,4886,58,59,4886,20.2,463,332,72,0
Eal:70,Eal,70,29634,4634,-153,-155,4634,20.2,463,330,72,0
Eal:71,Eal,71,29629,4629,-249,-250,4629,20.3,462,329,72,0
Eal:72,Eal,72,29746,4746,-95,-96,4746,20.3,462,327,72,0
Eal:73,Eal,73,29509,4509,-211,-212,4509,20.3,461,325,72,0
Eal:74,Eal,74,29535,4535,-355,-355,4535,20.4,461,324,72,0
Eal:75,Eal,75,29760,4760,43,41,4760,20.4,461,322,72,0
Eal:76,Eal,76,29485,4485,-361,-362,4485,20.4,460,320,72,0
Eal:77,Eal,77,29656,4656,-31,-30,4656,20.5,460,319,72,0
Eal:78,Eal,78,29554,4554,-154,-155,4554,20.5,459,317,72,0
Eal:79,Eal,79,29493,4493,-287,-287,4493,20.6,459,316,72,0
Eal:80,Eal,80,29608,4608,-180,-180,4608,20.6,458,314,72,0
Eal:81,Eal,81,29690,4690,-139,-139,4690,20.6,458,312,72,0
Eal:82,Eal,82,29583,4583,-176,-176,4583,20.7,458,311,72,0
Eal:83,Eal,83,29556,4556,-215,-216,4556,20.7,457,309,72,0
Eal:84,Eal,84,29655,4655,-110,-110,4655,20.7,457,307,72,0
Eal:85,Eal,85,29552,4552,-268,-268,4552,20.8,456,306,72,0
Eal:86,Eal,86,29519,4519,-254,-254,4519,20.8,456,304,72,0
Eal:87,Eal,87,29576,4576,-127,-127,4576,20.8,456,303,72,0
Eal:88,Eal,88,29428,4428,-149,-149,4428,20.9,455,301,72,0
Eal:89,Eal,89,29630,4630,-182,-182,4630,20.9,455,299,72,0
Eal:90,Eal,90,29687,4687,-66,-66,4687,20.9,454,298,72,0
Eal:91,Eal,91,29602,4602,-118,-118,4602,21.0,454,296,72,0
Eal:92,Eal,92,29713,4713,-69,-69,4713,21.0,453,294,72,0
Eal:93,Eal,93,29487,4487,-271,-271,4487,20.3,451,297,72,0
Eal:94,Eal,94,29441,4441,-352,-352,4441,19.5,449,300,72,0
Eal:95,Eal,95,29638,4638,-135,-135,4638,18.8,447,303,72,0
Eal:96,Eal,96,29503,4503,-354,-354,4503,18.0,445,306,72,0
Eal:97,Eal,97,29566,4566,-144,-144,4566,18.1,444,308,72,0
Eal:98,Eal,98,29275,4275,-545,-545,4275,18.3,443,310,72,0
Eal:99,Eal,99,29493,4493,-271,-271,4493,18.4,441,312,72,0
Eal:100,Eal,100,29273,4273,-441,-440,4273,18.6,440,315,72,0
Eal:101,Eal,101,29525,4525,-182,-182,4525,18.7,438,317,72,0
Eal:102,Eal,102,29074,4074,-684,-684,4074,18.9,437,319,72,0
Eal:103,Eal,103,29381,4381,-295,-295,4381,19.0,435,322,72,0
Eal:104,Eal,104,29450,4450,-290,-290,4450,19.0,433,318,71,0
Eal:105,Eal,105,29188,4188,-622,-622,4188,19.0,431,314,69,0
Eal:106,Eal,106,29287,4287,-409,-409,4287,19.0,428,310,68,0
Eal:107,Eal,107,29321,4321,-349,-349,4321,19.0,426,306,66,0
Eal:108,Eal,108,29630,4630,-91,-91,4630,19.0,423,302,64,0
Eala:109,Eala,109,29361,4361,-449,-453,4361,19.0,382,293,52,0
Eala:110,Eala,110,29510,4510,-215,-219,4510,19.0,367,287,64,0
Eala:111,Eala,111,29779,4779,-113,-117,4779,18.8,367,288,64,0
Eala:112,Eala,112,29742,4742,-32,-25,4742,18.6,367,290,63,0
Eala:113,Eala,113,29561,4561,-432,-437,4561,18.4,367,291,63,0
Eala:114,Eala,114,29552,4552,-326,-335,4529,18.2,367,293,62,0
Eala:115,Eala,115,29641,4641,-331,-364,4626,18.0,366,294,61,0
Eala:116,Eala,116,29593,4593,-35,-55,4593,17.8,366,296,61,0
Eala:117,Eala,117,29572,4572,-190,-211,4514,17.6,366,297,60,0
Eala:118,Eala,118,29385,4385,-398,-408,4263,17.3,366,299,60,0
Eala:119,Eala,119,29411,4411,-384,-385,4255,17.1,365,300,59,0
Eala:120,Eala,120,29219,4219,-507,-509,4097,16.9,365,302,58,0
Eala:121,Eala,121,30008,5008,227,217,4716,16.7,365,304,58,0
Eala:122,Eala,122,29598,4598,-223,-231,4355,16.5,365,305,57,0
Eala:123,Eala,123,29362,4362,-588,-602,3963,16.3,364,307,56,0
Eala:124,Eala,124,29213,4213,-511,-519,4092,16.1,364,308,56,0
Eala:125,Eala,125,29279,4279,-529,-544,4144,15.9,364,310,55,0
Eala:126,Eala,126,29381,4381,-518,-528,4377,15.7,364,311,55,0
Eala:127,Eala,127,29487,4487,-367,-377,4460,15.5,363,313,54,0
Eala:128,Eala,128,29828,4828,-113,-116,4803,15.3,363,314,53,0
Eala:129,Eala,129,29681,4681,-350,-353,4673,15.1,363,316,53,0
Eala:130,Eala,130,29707,4707,-183,-185,4707,14.9,363,318,52,0
Eala:131,Eala,131,29427,4427,-517,-517,4424,14.7,362,319,51,0
Eala:132,Eala,132,29549,4549,-268,-268,4545,14.4,362,321,51,0
Eala:133,Eala,133,29683,4683,-387,-387,4682,14.2,362,322,50,0
Eala:134,Eala,134,29401,4401,-537,-537,4401,14.0,362,324,50,0
Eala:135,Eala,135,29539,4539,-336,-336,4539,13.8,361,325,49,0
Eala:136,Eala,136,29648,4648,-191,-191,4648,13.6,361,327,48,0
Eala:137,Eala,137,29455,4455,-379,-379,4455,13.4,361,328,48,0
Eala:138,Eala,138,29784,4784,-46,-46,4784,13.2,361,330,47,0
Eala:139,Eala,139,29069,4069,-868,-868,4068,13.0,360,332,46,0
Eala:140,Eala,140,29328,4328,-609,-609,4328,12.9,360,332,46,0
Eala:141,Eala,141,29324,4324,-664,-664,4321,12.9,361,332,46,0
Eala:142,Eala,142,29781,4781,-60,-60,4777,12.8,362,332,45,0
Eala:143,Eala,143,29077,4077,-633,-633,4075,12.8,362,333,45,0
Eala:144,Eala,144,29183,4183,-787,-787,4169,12.7,363,333,44,0
Eala:145,Eala,145,29330,4330,-519,-519,4329,12.7,364,333,44,0
Eala:146,Eala,146,29440,4440,-309,-309,4439,12.6,364,334,43,0
Eala:147,Eala,147,29160,4160,-764,-764,4159,12.6,365,334,43,0
Eala:148,Eala,148,28958,3958,-1013,-1013,3952,12.5,366,334,42,0
Eala:149,Eala,149,29361,4361,-339,-340,4344,12.5,366,335,42,0
Eala:150,Eala,150,29344,4344,-381,-384,4331,12.4,367,335,41,0
Eala:151,Eala,151,29639,4639,-116,-120,4627,12.4,368,335,41,0
Eala:152,Eala,152,29475,4475,-404,-404,4467,12.3,368,336,40,0
Eala:153,Eala,153,28763,3763,-1080,-1080,3755,12.3,369,336,40,0
Eala:154,Eala,154,29231,4231,-925,-925,4228,12.2,370,336,40,0
Eala:155,Eala,155,29485,4485,-565,-565,4482,12.2,370,337,39,0
Eala:156,Eala,156,29563,4563,-231,-231,4556,12.1,371,337,39,0
Eala:157,Eala,157,29225,4225,-577,-577,4175,12.1,372,337,38,0
Eala:158,Eala,158,29308,4308,-366,-366,4263,12.0,372,338,38,0
Eala:159,Eala,159,29057,4057,-673,-673,3941,12.0,373,338,37,0
Eala:160,Eala,160,29499,4499,-117,-117,4440,11.9,374,338,37,0
Eala:161,Eala,161,29264,4264,-233,-233,4203,11.9,375,338,36,0
Eala:162,Eala,162,29541,4541,26,26,4465,11.8,375,339,36,0
Eala:163,Eala,163,28900,3900,-421,-421,3824,11.8,376,339,35,0
Eala:164,Eala,164,29978,4978,277,277,4856,11.7,377,339,35,0
Eala:165,Eala,165,29448,4448,33,33,4333,11.7,377,340,34,0
Eala:166,Eala,166,29402,4402,-133,-133,4338,11.6,378,340,34,0
Eala:167,Eala,167,29183,4183,-654,-654,4100,11.6,379,340,34,0
Eala:168,Eala,168,29084,4084,-599,-599,4012,11.5,379,341,33,0
Eala:169,Eala,169,29308,4308,-253,-253,4202,11.5,380,341,33,0
Eala:170,Eala,170,29208,4208,-518,-518,4075,11.4,381,341,32,0
Eala:171,Eala,171,30006,5006,208,208,4838,11.4,381,342,32,0
Eala:172,Eala,172,28985,3985,-571,-571,3840,11.3,382,342,31,0
Eala:173,Eala,173,28847,3847,-814,-814,3638,11.3,383,342,31,0
Eala:174,Eala,174,28914,3914,-545,-545,3735,11.2,383,343,30,0
Eala:175,Eala,175,29366,4366,-93,-93,4174,11.2,384,343,30,0
Eala:176,Eala,176,29022,4022,-284,-284,3832,11.1,385,343,29,0
Eala:177,Eala,177,28706,3706,-442,-442,3416,11.1,385,344,29,0
Eala:178,Eala,178,29634,4634,473,473,4333,11.0,386,344,28,0
Eala:179,Eala,179,28703,3703,-602,-602,3579,11.0,387,344,28,0
Eala:180,Eala,180,29520,4520,14,14,4303,10.9,388,345,27,47327
Eala:181,Eala,181,28710,3710,-801,-801,3704,12.1,388,342,27,48616
Ealaa:182,Ealaa,182,29086,4086,-616,-598,3788,12.1,349,334,33,48616
Ealaa:183,Ealaa,183,29264,4264,-691,-691,4128,11.0,335,334,30,82082
Ealaa:184,Ealaa,184,29718,4718,-22,-22,4465,10.9,323,325,27,46687
Ealaa:185,Ealaa,185,29295,4295,-264,-264,4062,10.9,325,325,27,46687
Ealaa:186,Ealaa,186,30238,5238,172,172,5052,10.8,327,325,28,46687
Ealaa:187,Ealaa,187,29405,4405,-750,-750,4086,10.8,329,324,29,46687
Ealaa:188,Ealaa,188,29052,4052,-540,-540,3921,10.8,332,324,29,46687
Ealaa:189,Ealaa,189,29314,4314,-905,-905,4180,10.7,334,323,30,46687
Ealaa:190,Ealaa,190,28969,3969,-1080,-1080,3805,10.7,336,323,31,46687
Ealaa:191,Ealaa,191,29654,4654,-351,-351,4455,10.7,339,322,31,46687
Ealaa:192,Ealaa,192,29892,4892,-335,-335,4663,10.6,341,322,32,46687
Ealaa:193,Ealaa,193,29589,4589,-582,-582,4464,10.6,343,321,33,46687
Ealaa:194,Ealaa,194,29018,4018,-1129,-1129,3903,10.6,345,321,34,46687
Ealaa:195,Ealaa,195,28944,3944,-954,-954,3783,10.5,348,321,34,46687
Ealaa:196,Ealaa,196,29414,4414,-820,-820,4225,10.5,350,320,35,46687
Ealaa:197,Ealaa,197,29422,4422,-694,-694,4219,10.5,352,320,36,46687
Ealaa:198,Ealaa,198,29357,4357,-668,-668,4145,10.4,355,319,36,46687
Ealaa:199,Ealaa,199,29170,4170,-786,-784,3818,10.4,357,319,37,46687
Ealaa:200,Ealaa,200,29347,4347,-895,-910,4005,10.4,359,318,38,46687
Ealaa:201,Ealaa,201,29705,4705,-414,-404,4410,10.3,362,318,38,46687
Ealaa:202,Ealaa,202,30296,5296,103,99,5061,10.3,364,317,39,46687
Ealaa:203,Ealaa,203,30334,5334,340,331,5132,10.3,366,317,40,46687
Ealaa:204,Ealaa,204,30311,5311,217,209,5194,10.2,368,317,41,46687
Ealaa:205,Ealaa,205,29691,4691,-520,-523,4349,10.2,371,316,41,46687
Ealaa:206,Ealaa,206,29252,4252,-945,-931,3852,10.2,373,316,42,46687
Ealaa:207,Ealaa,207,30112,5112,75,70,4999,10.1,375,315,43,46687
Ealaa:208,Ealaa,208,29649,4649,-626,-642,4436,10.1,378,315,43,46687
Ealaa:209,Ealaa,209,29631,4631,-635,-665,4485,10.1,380,314,44,46687
Ealaa:210,Ealaa,210,29515,4515,-569,-608,4291,10.0,382,314,45,46687
Ealaa:211,Ealaa,211,29978,4978,-218,-256,4713,10.0,385,313,46,0
Ealaa:212,Ealaa,212,30010,5010,2,-45,4498,10.1,386,313,46,0
Ealaa:213,Ealaa,213,29894,4894,-223,-255,4550,10.1,388,313,46,0
Ealaa:214,Ealaa,214,29639,4639,-655,-701,4386,10.2,389,314,46,0
Ealaa:215,Ealaa,215,29739,4739,-465,-497,4481,10.2,391,314,46,0
Ealaa:216,Ealaa,216,29815,4815,-274,-321,4603,10.3,392,314,46,0
Ealaa:217,Ealaa,217,29319,4319,-760,-774,4064,10.4,394,315,46,0
Ealaa:218,Ealaa,218,30039,5039,-150,-178,4818,10.4,395,315,46,0
Ealaa:219,Ealaa,219,29721,4721,-363,-428,4416,10.5,397,315,46,0
Ealaa:220,Ealaa,220,29674,4674,-366,-435,4425,10.5,398,316,46,0
Ealaa:221,Ealaa,221,29972,4972,-99,-156,4704,10.6,400,316,46,0
Ealaa:222,Ealaa,222,29813,4813,-170,-201,4374,10.7,402,316,46,0
Ealaa:223,Ealaa,223,29913,4913,-43,-75,4279,10.7,403,317,46,0
Ealaa:224,Ealaa,224,29809,4809,-302,-361,4361,10.8,405,317,46,0
Ealaa:225,Ealaa,225,29689,4689,-307,-370,4410,10.8,406,317,46,0
Ealaa:226,Ealaa,226,29826,4826,-185,-183,4312,10.9,408,318,46,0
Ealaa:227,Ealaa,227,29759,4759,-198,-258,4379,11.0,409,318,46,0
Ealaa:228,Ealaa,228,29876,4876,-165,-169,4639,11.0,411,318,46,0
Ealaa:229,Ealaa,229,29563,4563,-424,-448,4199,11.1,412,319,46,0
Ealaa:230,Ealaa,230,29520,4520,-483,-506,4413,11.2,414,319,46,0
Ealaa:231,Ealaa,231,29525,4525,-373,-379,4397,11.2,415,319,46,0
Ealaa:232,Ealaa,232,29441,4441,-573,-632,4318,11.3,417,320,46,0
Ealaa:233,Ealaa,233,29693,4693,-385,-408,4599,11.3,419,320,46,0
Ealaa:234,Ealaa,234,29626,4626,-471,-522,4486,11.4,420,320,46,0
Ealaa:235,Ealaa,235,29617,4617,-479,-519,4293,11.5,422,321,46,0
Ealaa:236,Ealaa,236,29447,4447,-743,-741,3840,11.5,423,321,46,0
Ealaa:237,Ealaa,237,29382,4382,-942,-991,3925,11.6,425,321,46,0
Ealaa:238,Ealaa,238,29841,4841,-263,-349,4530,11.6,426,322,46,0
Ealaa:239,Ealaa,239,29471,4471,-829,-911,4108,11.7,428,322,46,0
Ealaa:240,Ealaa,240,29726,4726,-600,-609,4417,11.8,429,322,46,0
Ealaa:241,Ealaa,241,30237,5237,103,26,4933,11.8,431,323,46,0
Ealaa:242,Ealaa,242,29282,4282,-734,-763,3966,11.9,432,323,46,0
Ealaa:243,Ealaa,243,29796,4796,-176,-202,4430,11.9,434,323,46,0
Ealaa:244,Ealaa,244,29381,4381,-820,-890,3992,12.0,436,324,46,0
Ealap:182,Ealap,182,29324,4324,-473,-514,4283,11.8,414,331,39,48616
Ealap:183,Ealap,183,30248,5248,103,103,5189,11.6,398,335,31,48616
Ealap:184,Ealap,184,30116,5116,-29,-29,5080,11.3,404,331,34,48616
Ealap:185,Ealap,185,30151,5151,130,130,5082,11.1,409,327,36,48616
Ealap:186,Ealap,186,29706,4706,-357,-357,4664,10.8,414,324,38,48616
Ealap:187,Ealap,187,29525,4525,-448,-467,4371,10.5,420,320,41,48616
Ealap:188,Ealap,188,29517,4517,-728,-718,4423,10.3,425,316,43,48616
Ealap:189,Ealap,189,30126,5126,-53,-66,5093,10.0,431,312,46,0
Ealap:190,Ealap,190,29877,4877,-98,-102,4809,10.1,432,312,46,0
Ealap:191,Ealap,191,30186,5186,-11,-25,5135,10.1,433,312,46,0
Ealap:192,Ealap,192,29379,4379,-851,-871,4335,10.2,434,312,46,0
Ealap:193,Ealap,193,29873,4873,-372,-382,4786,10.3,435,312,46,0
Ealap:194,Ealap,194,29740,4740,-388,-400,4673,10.3,437,312,46,0
Ealap:195,Ealap,195,29844,4844,-469,-484,4731,10.4,438,312,46,0
Ealap:196,Ealap,196,29368,4368,-870,-880,4278,10.5,439,312,46,0
Ealap:197,Ealap,197,29527,4527,-645,-645,4444,10.5,440,312,46,0
Ealap:198,Ealap,198,29703,4703,-401,-418,4606,10.6,442,312,46,0
Ealap:199,Ealap,199,29817,4817,-252,-257,4727,10.7,443,312,46,0
Ealap:200,Ealap,200,29738,4738,-476,-508,4640,10.7,444,312,46,0
Ealap:201,Ealap,201,29628,4628,-520,-515,4524,10.8,445,312,46,0
Ealap:202,Ealap,202,29163,4163,-1039,-1062,4061,10.8,447,312,46,0
Ealap:203,Ealap,203,29397,4397,-723,-731,4259,10.9,448,312,46,0
Ealap:204,Ealap,204,29558,4558,-614,-611,4430,11.0,449,312,46,0
Ealap:205,Ealap,205,29532,4532,-545,-564,4416,11.0,450,311,46,0
Ealap:206,Ealap,206,29659,4659,-355,-382,4489,11.1,452,311,46,0
Ealap:207,Ealap,207,29288,4288,-781,-830,4167,11.2,453,311,46,0
Ealap:208,Ealap,208,29543,4543,-671,-723,4432,11.2,454,311,46,0
Ealap:209,Ealap,209,29594,4594,-369,-386,4482,11.3,455,311,46,0
Ealap:210,Ealap,210,29534,4534,-573,-590,4419,11.4,457,311,46,0
Ealap:211,Ealap,211,29770,4770,-169,-156,4606,11.4,458,311,46,0
Ealap:212,Ealap,212,30251,5251,127,94,5103,11.5,459,311,46,0
Ealap:213,Ealap,213,29408,4408,-648,-730,4256,11.6,460,311,46,0
Ealap:214,Ealap,214,29964,4964,43,37,4817,11.6,461,311,46,0
Ealap:215,Ealap,215,29831,4831,-281,-322,4554,11.7,463,311,46,0
Ealap:216,Ealap,216,29715,4715,-333,-334,4549,11.8,464,311,46,0
Ealap:217,Ealap,217,29637,4637,-404,-367,4475,11.8,465,311,46,0
Ealap:218,Ealap,218,29759,4759,-258,-236,4589,11.9,466,311,46,0
Ealap:219,Ealap,219,29585,4585,-583,-578,4365,12.0,468,311,46,0
Ealap:220,Ealap,220,30128,5128,126,109,4959,12.0,469,310,46,0
Ealap:221,Ealap,221,29171,4171,-772,-815,3976,12.1,470,310,46,0
Ealap:222,Ealap,222,29823,4823,-287,-288,4675,12.2,471,310,46,0
Ealap:223,Ealap,223,29488,4488,-519,-584,4329,12.2,473,310,46,0
Ealap:224,Ealap,224,29649,4649,-256,-302,4484,12.3,474,310,46,0
Ealap:225,Ealap,225,29339,4339,-519,-576,4187,12.3,475,310,46,0
Ealap:226,Ealap,226,29342,4342,-410,-366,4180,12.4,476,310,46,0
Ealap:227,Ealap,227,29549,4549,-330,-300,4392,12.5,478,310,46,0
Ealap:228,Ealap,228,29745,4745,-140,-144,4633,12.5,479,310,46,0
Ealap:229,Ealap,229,29746,4746,-135,-142,4634,12.6,480,310,46,0
Ealap:230,Ealap,230,29963,4963,180,155,4847,12.7,481,310,46,0
Ealap:231,Ealap,231,29485,4485,-425,-395,4364,12.7,483,310,46,0
Ealap:232,Ealap,232,29528,4528,-304,-349,4416,12.8,484,310,46,0
Ealap:233,Ealap,233,29308,4308,-573,-574,4197,12.9,485,310,46,0
Ealap:234,Ealap,234,29575,4575,-250,-248,4473,12.9,486,310,46,0
Ealap:235,Ealap,235,30125,5125,244,182,5019,13.0,488,309,46,0
Ealap:236,Ealap,236,29911,4911,-1,-39,4807,13.0,488,309,46,0
Ealap:237,Ealap,237,29591,4591,-315,-322,4497,13.0,489,309,46,0
Ealap:238,Ealap,238,29906,4906,-289,-183,4812,13.0,489,309,46,0
Ealap:239,Ealap,239,29456,4456,-464,-478,4373,13.0,490,309,46,0
Ealap:240,Ealap,240,29288,4288,-621,-647,4242,13.0,490,309,46,0
Ealap:241,Ealap,241,29388,4388,-577,-632,4343,13.0,491,309,46,0
Ealap:242,Ealap,242,29762,4762,-262,-307,4734,13.0,491,308,46,0
Ealap:243,Ealap,243,29962,4962,-27,-47,4937,13.0,492,308,46,0
Ealap:244,Ealap,244,29614,4614,-450,-456,4602,13.0,492,308,46,0
Ealap:245,Ealap,245,29809,4809,-191,-181,4804,13.0,493,308,46,0
Ealap:246,Ealap,246,29990,4990,-64,-86,4986,13.0,493,308,46,0
Ealap:247,Ealap,247,29900,4900,-13,-26,4896,13.0,494,308,46,0
Ealap:248,Ealap,248,29331,4331,-502,-513,4327,13.0,494,308,46,0
Ealap:249,Ealap,249,29594,4594,-219,-226,4593,13.0,495,307,46,0
Ealp:109,Ealp,109,29271,4271,-339,-369,4271,19.0,458,309,54,0
Ealp:110,Ealp,110,29523,4523,-187,-199,4523,19.0,452,307,64,0
Ealp:111,Ealp,111,29743,4743,-49,-70,4743,19.0,452,308,63,0
Ealp:112,Ealp,112,29498,4498,-298,-266,4498,19.1,452,310,62,0
Ealp:113,Ealp,113,29609,4609,-134,-124,4609,19.1,452,312,61,0
Ealp:114,Ealp,114,29828,4828,-8,-34,4828,19.1,452,314,60,0
Ealp:115,Ealp,115,29430,4430,-385,-398,4430,19.2,452,315,59,0
Ealp:116,Ealp,116,30058,5058,248,217,5058,19.2,452,317,58,0
Ealp:117,Ealp,117,29823,4823,-88,-122,4823,19.0,453,316,57,0
Ealp:118,Ealp,118,29652,4652,-151,-174,2732,18.8,455,315,56,0
Ealp:119,Ealp,119,29468,4468,-374,-411,2611,18.5,456,314,55,0
Ealp:120,Ealp,120,29420,4420,-550,-620,3229,18.3,458,312,54,0
Ealp:121,Ealp,121,29676,4676,-208,-243,3442,18.1,460,311,52,0
Ealp:122,Ealp,122,29562,4562,-228,-283,3762,17.9,461,310,51,0
Ealp:123,Ealp,123,29387,4387,-303,-349,3798,17.7,463,308,50,0
Ealp:124,Ealp,124,30064,5064,165,245,4630,17.4,464,307,49,0
Ealp:125,Ealp,125,29451,4451,-364,-307,4198,17.2,466,306,48,0
Ealp:126,Ealp,126,29080,4080,-620,-652,3920,17.0,468,304,46,0
Ealp:127,Ealp,127,29815,4815,51,125,4668,17.0,468,304,46,0
Ealp:128,Ealp,128,29652,4652,-170,-120,4511,17.0,468,305,46,0
Ealp:129,Ealp,129,29108,4108,-678,-662,3975,17.0,467,306,46,0
Ealp:130,Ealp,130,29653,4653,-402,-446,4543,17.0,467,307,46,0
Ealp:131,Ealp,131,29430,4430,-315,-356,4326,17.0,466,308,46,0
Ealp:132,Ealp,132,29293,4293,-470,-471,4248,17.0,466,308,46,0
Ealp:133,Ealp,133,29587,4587,-204,-174,4537,17.0,465,309,46,0
Ealp:134,Ealp,134,29272,4272,-502,-492,4227,17.0,465,310,46,0
Ealp:135,Ealp,135,30307,5307,490,499,5264,17.0,464,311,46,0
Ealp:136,Ealp,136,29938,4938,162,259,4902,17.0,464,312,46,0
Ealp:137,Ealp,137,29115,4115,-726,-698,4079,17.0,463,312,46,0
Ealp:138,Ealp,138,29971,4971,202,232,4943,17.0,463,313,46,0
Ealp:139,Ealp,139,29573,4573,-401,-361,4546,17.0,462,314,46,0
Ealp:140,Ealp,140,29668,4668,-220,-167,4649,17.0,462,315,46,0
Ealp:141,Ealp,141,29815,4815,14,55,4800,17.0,461,316,46,0
Ealp:142,Ealp,142,29708,4708,-116,-76,4698,17.0,461,316,46,0
Ealp:143,Ealp,143,29608,4608,-301,-257,4579,17.0,461,317,46,0
Ealp:144,Ealp,144,29328,4328,-562,-517,4319,17.0,460,318,46,0
Ealp:145,Ealp,145,29357,4357,-546,-541,4344,17.0,460,319,46,0
Ealp:146,Ealp,146,29720,4720,-131,-107,4720,17.0,459,320,46,0
Ealp:147,Ealp,147,29835,4835,-57,-54,4835,17.0,459,320,46,0
Ealp:148,Ealp,148,29347,4347,-456,-457,4347,17.0,458,321,46,0
Ealp:149,Ealp,149,29463,4463,-423,-424,4463,17.0,458,322,46,0
Ealp:150,Ealp,150,29734,4734,-230,-222,4734,17.0,457,323,46,0
Ealp:151,Ealp,151,30173,5173,324,335,5170,17.0,457,324,46,0
Ealp:152,Ealp,152,29510,4510,-460,-461,4510,17.0,456,324,46,0
Ealp:153,Ealp,153,29354,4354,-446,-446,4350,17.0,456,325,46,0
Ealp:154,Ealp,154,29738,4738,-52,-52,4734,17.0,455,326,46,0
Ealp:155,Ealp,155,29868,4868,-7,-6,4852,17.0,455,327,46,0
Ealp:156,Ealp,156,30169,5169,272,271,5142,17.0,454,328,46,0
Ealp:157,Ealp,157,29620,4620,-210,-211,4595,16.9,454,328,46,0
Ealp:158,Ealp,158,29309,4309,-453,-455,4282,16.9,454,329,46,0
Ealp:159,Ealp,159,29623,4623,-128,-131,4594,16.8,454,329,46,0
Ealp:160,Ealp,160,29762,4762,-124,-125,4732,16.7,454,330,46,0
Ealp:161,Ealp,161,29906,4906,12,10,4878,16.7,454,330,46,0
Ealp:162,Ealp,162,29430,4430,-306,-322,4372,16.6,454,331,46,0
Ealp:163,Ealp,163,29608,4608,-182,-195,4541,16.5,454,331,46,0
Ealp:164,Ealp,164,29421,4421,-412,-423,4331,16.5,454,332,46,0
Ealp:165,Ealp,165,29411,4411,-196,-196,4388,16.4,454,333,46,0
Ealp:166,Ealp,166,29777,4777,94,74,4759,16.3,454,333,46,0
Ealp:167,Ealp,167,30013,5013,214,213,5007,16.3,454,334,46,0
Ealp:168,Ealp,168,29781,4781,-68,-68,4770,16.2,454,334,46,0
Ealp:169,Ealp,169,29600,4600,21,20,4586,16.1,454,335,46,0
Ealp:170,Ealp,170,29159,4159,-692,-692,4143,16.1,454,335,46,0
Ealp:171,Ealp,171,29836,4836,-221,-221,4813,16.0,454,336,46,0
Ealp:172,Ealp,172,29444,4444,-406,-403,4398,15.9,454,337,46,0
Ealp:173,Ealp,173,30056,5056,108,108,5051,15.9,454,337,46,0
Ealp:174,Ealp,174,29536,4536,-280,-280,4531,15.8,454,338,46,0
Ealp:175,Ealp,175,29557,4557,-504,-502,4553,15.7,454,338,46,0
Ealp:176,Ealp,176,29154,4154,-822,-823,4150,15.7,454,339,46,0
Ealp:177,Ealp,177,29952,4952,-16,-17,4949,15.6,454,339,46,0
Ealp:178,Ealp,178,29479,4479,-190,-190,4479,15.5,454,340,46,0
Ealp:179,Ealp,179,29413,4413,-254,-254,4413,15.5,454,341,46,0
Ealp:180,Ealp,180,29316,4316,-458,-458,4316,15.4,454,341,46,0
Ealp:181,Ealp,181,29187,4187,-625,-625,4187,15.3,454,342,46,0
Ealp:182,Ealp,182,29154,4154,-672,-675,4097,15.3,454,342,46,0
Ealp:183,Ealp,183,29408,4408,-306,-306,4405,15.2,454,343,46,0
Ealp:184,Ealp,184,29495,4495,-190,-190,4485,15.1,454,343,46,0
Ealp:185,Ealp,185,29351,4351,-585,-586,4331,15.1,454,344,46,0
Ealp:186,Ealp,186,29400,4400,-418,-419,4372,15.0,454,345,46,0
Ealpa:187,Ealpa,187,29670,4670,-284,-256,4277,15.0,432,344,46,0
Ealpa:188,Ealpa,188,29799,4799,-337,-314,4669,15.0,409,343,46,0
Ealpa:189,Ealpa,189,29649,4649,-325,-330,4567,15.1,410,342,46,0
Ealpa:190,Ealpa,190,30050,5050,189,186,4958,15.1,412,341,46,0
Ealpa:191,Ealpa,191,29750,4750,-166,-167,4644,15.2,414,340,46,0
Ealpa:192,Ealpa,192,30188,5188,149,138,5089,15.3,416,339,46,0
Ealpa:193,Ealpa,193,29845,4845,-278,-279,4717,15.3,418,338,46,0
Ealpa:194,Ealpa,194,29971,4971,94,99,4842,15.4,420,337,46,0
Ealpa:195,Ealpa,195,29901,4901,-364,-374,4755,15.5,422,336,46,0
Ealpa:196,Ealpa,196,29622,4622,-303,-309,4460,15.5,424,335,46,0
Ealpa:197,Ealpa,197,30016,5016,-53,-65,4815,15.6,426,334,46,0
Ealpa:198,Ealpa,198,29848,4848,-149,-160,4627,15.7,428,333,46,0
Ealpa:199,Ealpa,199,29776,4776,-264,-287,4506,15.7,430,332,46,0
Ealpa:200,Ealpa,200,29876,4876,-335,-348,4589,15.8,432,331,46,0
Ealpa:201,Ealpa,201,29702,4702,-171,-190,4386,15.9,434,330,46,0
Ealpa:202,Ealpa,202,29670,4670,-218,-222,4375,15.9,436,329,46,0
Ealpa:203,Ealpa,203,29650,4650,-457,-478,4299,16.0,438,328,46,0
Ealpa:204,Ealpa,204,29759,4759,-104,-123,4349,16.1,440,327,46,0
Ealpa:205,Ealpa,205,29766,4766,-303,-329,4319,16.1,442,326,46,0
Ealpa:206,Ealpa,206,29998,4998,128,101,4518,16.2,444,325,46,0
Ealpa:207,Ealpa,207,29601,4601,-422,-482,4092,16.3,446,324,46,0
Ealpa:208,Ealpa,208,29403,4403,-649,-715,3771,16.3,448,323,46,0
Ealpa:209,Ealpa,209,29488,4488,-482,-523,3810,16.4,450,322,46,0
Ealpa:210,Ealpa,210,29649,4649,-187,-169,3944,16.5,452,321,46,0
Ealpa:211,Ealpa,211,29676,4676,-144,-166,3988,16.5,454,320,46,0
Ealpa:212,Ealpa,212,29441,4441,-490,-499,3609,16.6,456,319,46,0
Ealpa:213,Ealpa,213,29375,4375,-559,-597,3636,16.7,458,318,46,0
Ealpa:214,Ealpa,214,29365,4365,-617,-681,3490,16.7,460,317,46,0
Ealpa:215,Ealpa,215,29465,4465,-265,-291,3569,16.8,462,316,46,0
Ealpa:216,Ealpa,216,29487,4487,-330,-325,3546,16.9,464,315,46,0
Ealpa:217,Ealpa,217,29250,4250,-471,-452,3299,16.9,466,314,46,0
Ealpa:218,Ealpa,218,29577,4577,-68,-96,3505,17.0,468,312,46,0
Ealpa:219,Ealpa,219,30093,5093,328,277,4016,17.1,468,312,46,0
Ealpa:220,Ealpa,220,29427,4427,-291,-321,3300,17.2,469,313,46,0
Ealpa:221,Ealpa,221,29670,4670,-1,2,3823,17.2,470,314,46,0
Ealpa:222,Ealpa,222,29344,4344,-221,-234,3426,17.3,471,315,46,0
Ealpa:223,Ealpa,223,29464,4464,-306,-368,3629,17.4,472,316,46,0
Ealpa:224,Ealpa,224,29664,4664,-126,-184,3836,17.5,473,316,46,0
Ealpa:225,Ealpa,225,29390,4390,-320,-352,3490,17.6,473,317,46,0
Ealpa:226,Ealpa,226,29696,4696,144,108,4007,17.6,474,318,46,0
Ealpa:227,Ealpa,227,29389,4389,-185,-194,3653,17.7,475,319,46,0
Ealpa:228,Ealpa,228,29313,4313,-268,-292,3562,17.8,476,320,46,0
Ealpa:229,Ealpa,229,29219,4219,-521,-572,3545,17.9,477,320,46,0
Ealpa:230,Ealpa,230,29501,4501,-223,-307,3781,18.0,478,321,46,0
Ealpa:231,Ealpa,231,29771,4771,66,73,4235,18.0,478,322,46,0
Ealpa:232,Ealpa,232,29537,4537,-177,-196,3877,18.1,479,323,46,0
Ealpa:233,Ealpa,233,29688,4688,-260,-252,3990,18.2,480,324,46,0
Ealpa:234,Ealpa,234,29348,4348,-237,-202,3732,18.3,481,324,46,0
Ealpa:235,Ealpa,235,29569,4569,-114,-109,3827,18.4,482,325,46,0
Ealpa:236,Ealpa,236,29482,4482,-215,-251,4163,18.4,483,326,46,0
Ealpa:237,Ealpa,237,29438,4438,-275,-285,4155,18.5,483,327,46,0
Ealpa:238,Ealpa,238,29929,4929,164,112,4665,18.6,484,328,46,0
Ealpa:239,Ealpa,239,29618,4618,-277,-301,4487,18.7,485,328,46,0
Ealpa:240,Ealpa,240,29348,4348,-568,-560,4033,18.8,486,329,46,0
Ealpa:241,Ealpa,241,29724,4724,-115,-145,4436,18.8,487,330,46,0
Ealpa:242,Ealpa,242,29279,4279,-703,-707,4055,18.9,488,331,46,0
Ealpa:243,Ealpa,243,29935,4935,22,20,4697,19.0,489,332,46,0
Ealpp:187,Ealpp,187,30113,5113,331,340,4939,15.0,471,342,46,0
Ealpp:188,Ealpp,188,29839,4839,-42,-16,4691,15.0,488,339,46,0
Ealpp:189,Ealpp,189,29542,4542,-242,-224,4373,15.0,489,339,46,0
Ealpp:190,Ealpp,190,29828,4828,7,24,4617,15.0,490,339,46,0
Ealpp:191,Ealpp,191,29399,4399,-415,-400,4142,15.1,491,338,46,0
Ealpp:192,Ealpp,192,30176,5176,271,299,4889,15.1,492,338,46,0
Ealpp:193,Ealpp,193,29762,4762,-312,-309,4393,15.1,493,337,46,0
Ealpp:194,Ealpp,194,29499,4499,-502,-509,4124,15.1,494,337,46,0
Ealpp:195,Ealpp,195,29795,4795,-243,-278,4396,15.1,495,336,46,0
Ealpp:196,Ealpp,196,29594,4594,-341,-351,4082,15.1,497,336,46,0
Ealpp:197,Ealpp,197,29063,4063,-1008,-969,3506,15.2,498,335,46,0
Ealpp:198,Ealpp,198,29549,4549,-492,-493,3952,15.2,499,335,46,0
Ealpp:199,Ealpp,199,29997,4997,42,66,4352,15.2,500,335,46,0
Ealpp:200,Ealpp,200,29728,4728,-660,-620,3954,15.2,501,334,46,0
Ealpp:201,Ealpp,201,29880,4880,-230,-159,4157,15.2,502,334,46,0
Ealpp:202,Ealpp,202,29824,4824,-459,-448,4068,15.3,503,333,46,0
Ealpp:203,Ealpp,203,29895,4895,-56,-14,4063,15.3,504,333,46,0
Ealpp:204,Ealpp,204,29636,4636,-432,-326,3780,15.3,506,332,46,0
Ealpp:205,Ealpp,205,29867,4867,-202,-132,4042,15.3,507,332,46,0
Ealpp:206,Ealpp,206,30028,5028,19,66,4096,15.3,508,331,46,0
Ealpp:207,Ealpp,207,29717,4717,-610,-546,3931,15.3,509,331,46,0
Ealpp:208,Ealpp,208,29972,4972,-285,-240,4052,15.4,510,331,46,0
Ealpp:209,Ealpp,209,29764,4764,-305,-238,3770,15.4,511,330,46,0
Ealpp:210,Ealpp,210,29840,4840,-374,-211,3796,15.4,512,330,46,0
Ealpp:211,Ealpp,211,29921,4921,-214,-75,3858,15.4,513,329,46,0
Ealpp:212,Ealpp,212,29766,4766,-344,-239,3526,15.4,515,329,46,0
Ealpp:213,Ealpp,213,29805,4805,-452,-391,3569,15.4,516,328,46,0
Ealpp:214,Ealpp,214,29888,4888,-422,-200,3482,15.5,517,328,46,0
Ealpp:215,Ealpp,215,30090,5090,2,128,3567,15.5,518,327,46,0
Ealpp:216,Ealpp,216,30227,5227,123,155,3731,15.5,519,327,46,0
Ealpp:217,Ealpp,217,30201,5201,175,339,3690,15.5,520,327,46,0
Ealpp:218,Ealpp,218,29906,4906,-155,-8,3268,15.5,521,326,46,0
Ealpp:219,Ealpp,219,29880,4880,-12,49,3338,15.6,522,326,46,0
Ealpp:220,Ealpp,220,30075,5075,-111,-25,3304,15.6,524,325,46,0
Ealpp:221,Ealpp,221,30480,5480,255,361,3673,15.6,525,325,46,0
Ealpp:222,Ealpp,222,30172,5172,-11,222,3395,15.6,526,324,46,0
Ealpp:223,Ealpp,223,29872,4872,-231,-41,3094,15.6,527,324,46,0
Ealpp:224,Ealpp,224,30043,5043,-174,-35,3302,15.6,528,323,46,0
Ealpp:225,Ealpp,225,30345,5345,71,252,3410,15.7,529,323,46,0
Ealpp:226,Ealpp,226,30009,5009,-142,58,3191,15.7,530,323,46,0
Ealpp:227,Ealpp,227,29602,4602,-647,-532,2532,15.7,531,322,46,0
Ealpp:228,Ealpp,228,30036,5036,116,305,3074,15.7,533,322,46,0
Ealpp:229,Ealpp,229,30289,5289,186,340,3258,15.7,534,321,46,0
Ealpp:230,Ealpp,230,30010,5010,-410,-150,3015,15.8,535,321,46,0
Ealpp:231,Ealpp,231,30661,5661,575,817,3884,15.8,536,320,46,0
Ealpp:232,Ealpp,232,29924,4924,-432,-239,3029,15.8,537,320,46,0
Ealpp:233,Ealpp,233,29981,4981,-613,-392,2765,15.8,538,319,46,0
Ealpp:234,Ealpp,234,29708,4708,-824,-636,2723,15.8,539,319,46,0
Ealpp:235,Ealpp,235,29767,4767,-718,-525,2579,15.8,540,319,46,0
Ealpp:236,Ealpp,236,30137,5137,-465,-222,2988,15.9,542,318,46,0
Ealpp:237,Ealpp,237,29894,4894,-521,-334,2734,15.9,543,318,46,0
Ealpp:238,Ealpp,238,29667,4667,-1023,-772,2476,15.9,544,317,46,0
Ealpp:239,Ealpp,239,29692,4692,-847,-619,2235,15.9,545,317,46,0
Ealpp:240,Ealpp,240,29563,4563,-1051,-965,2247,15.9,546,316,46,0
Ealpp:241,Ealpp,241,30074,5074,-493,-397,3073,15.9,547,316,46,0
Ealpp:242,Ealpp,242,29999,4999,-655,-663,4997,16.0,548,315,46,0
Ealpp:243,Ealpp,243,29633,4633,-1135,-1152,4631,16.0,549,315,46,0
Ealpp:244,Ealpp,244,29737,4737,-1125,-1117,4735,16.0,551,314,46,0
Ear:62,Ear,62,29945,4945,93,93,4945,17.5,491,244,72,0
Ear:63,Ear,63,29727,4727,-163,-163,4727,16.0,485,218,72,0
Ear:64,Ear,64,29607,4607,-280,-280,4607,15.9,486,218,72,0
Ear:65,Ear,65,29706,4706,-261,-261,4706,15.9,487,217,71,0
Ear:66,Ear,66,29517,4517,-362,-362,4517,15.8,488,217,71,0
Ear:67,Ear,67,29696,4696,-320,-319,4696,15.7,490,216,70,0
Ear:68,Ear,68,29816,4816,-95,-95,4816,15.7,491,216,70,0
Ear:69,Ear,69,29522,4522,-354,-354,4522,15.6,492,215,69,0
Ear:70,Ear,70,29512,4512,-537,-539,4512,15.5,493,215,69,0
Ear:71,Ear,71,29634,4634,-259,-259,4634,15.5,495,214,68,0
Ear:72,Ear,72,29716,4716,-245,-245,4716,15.4,496,214,68,0
Ear:73,Ear,73,29324,4324,-641,-639,4324,15.3,497,213,67,0
Ear:74,Ear,74,29421,4421,-615,-620,4421,15.3,498,213,67,0
Ear:75,Ear,75,29492,4492,-560,-560,4492,15.2,500,212,66,0
Ear:76,Ear,76,29498,4498,-401,-405,4498,15.1,501,212,66,0
Ear:77,Ear,77,29257,4257,-781,-783,4257,15.1,502,211,65,0
Ear:78,Ear,78,29683,4683,-101,-105,4682,15.0,504,210,64,0
Ear:79,Ear,79,29466,4466,-397,-399,4465,15.1,504,210,64,0
Ear:80,Ear,80,29408,4408,-403,-404,4407,15.1,504,210,64,0
Ear:81,Ear,81,29570,4570,-278,-278,4569,15.2,504,210,64,0
Ear:82,Ear,82,29663,4663,-113,-117,4662,15.3,505,210,64,0
Ear:83,Ear,83,29878,4878,32,32,4876,15.3,505,210,64,0
Ear:84,Ear,84,29764,4764,14,14,4764,15.4,505,210,64,0
Ear:85,Ear,85,29798,4798,25,25,4798,15.5,505,210,64,0
Ear:86,Ear,86,29495,4495,-275,-276,4495,15.5,506,210,64,0
Ear:87,Ear,87,29574,4574,-144,-144,4574,15.6,506,210,64,0
Ear:88,Ear,88,29290,4290,-482,-487,4290,15.7,506,210,64,0
Ear:89,Ear,89,29443,4443,-202,-199,4443,15.7,506,210,64,0
Ear:90,Ear,90,29409,4409,-350,-353,4409,15.8,507,210,64,0
Ear:91,Ear,91,29453,4453,-334,-334,4453,15.9,507,210,64,0
Ear:92,Ear,92,29523,4523,-134,-133,4523,15.9,507,210,64,0
Ear:93,Ear,93,29225,4225,-642,-639,4225,16.0,508,211,64,0
Ear:94,Ear,94,29382,4382,-500,-500,4382,16.0,508,212,64,0
Ear:95,Ear,95,29425,4425,-571,-566,4425,16.0,507,213,64,0
Ear:96,Ear,96,29265,4265,-690,-689,4265,16.0,507,215,64,0
Ear:97,Ear,97,29571,4571,-337,-338,4571,16.0,506,216,64,0
Ear:98,Ear,98,29372,4372,-614,-614,4372,16.0,505,218,64,0
Ear:99,Ear,99,29178,4178,-674,-674,4178,16.0,505,219,64,0
Ear:100,Ear,100,29302,4302,-583,-583,4302,16.0,504,220,64,0
Ear:101,Ear,101,29517,4517,-268,-268,4517,16.0,504,222,64,0
Ear:102,Ear,102,29294,4294,-629,-629,4294,16.0,503,223,64,0
Ear:103,Ear,103,29363,4363,-420,-420,4363,16.0,502,225,64,0
Eara:104,Eara,104,29346,4346,-400,-445,4320,16.0,480,214,48,0
Eara:105,Eara,105,29711,4711,-123,-97,4702,16.0,469,213,60,0
Eara:106,Eara,106,29878,4878,63,62,4878,16.0,452,206,58,0
Eara:107,Eara,107,29732,4732,-126,-128,4732,15.9,450,207,58,0
Eara:108,Eara,108,29646,4646,-255,-251,4646,15.8,447,209,58,0
Eara:109,Eara,109,29955,4955,143,142,4955,15.7,445,211,58,0
Eara:110,Eara,110,29608,4608,-175,-176,4608,15.6,442,213,58,0
Eara:111,Eara,111,29668,4668,-156,-156,4668,15.5,439,215,58,0
Eara:112,Eara,112,29722,4722,-90,-90,4722,15.4,437,217,58,0
Eara:113,Eara,113,29587,4587,-207,-207,4587,15.3,434,219,58,0
Eara:114,Eara,114,29517,4517,-420,-420,4517,15.2,432,221,58,0
Eara:115,Eara,115,29700,4700,-157,-164,4668,15.1,429,223,58,0
Eara:116,Eara,116,29487,4487,-490,-493,4466,15.0,426,225,58,0
Eara:117,Eara,117,29658,4658,-213,-249,4639,14.9,424,226,58,0
Eara:118,Eara,118,29767,4767,-18,-37,4724,14.8,421,228,58,0
Eara:119,Eara,119,29371,4371,-421,-413,4277,14.7,419,230,58,0
Eara:120,Eara,120,30104,5104,355,355,4964,14.6,416,232,58,0
Eara:121,Eara,121,29379,4379,-462,-461,4212,14.5,413,234,58,0
Eara:122,Eara,122,29504,4504,-350,-347,4504,14.4,411,236,58,0
Eara:123,Eara,123,29580,4580,-367,-366,4425,14.3,408,238,58,0
Eara:124,Eara,124,29560,4560,-299,-302,4452,14.2,406,240,58,0
Eara:125,Eara,125,29508,4508,-363,-369,4411,14.1,403,242,58,0
Eara:126,Eara,126,29428,4428,-412,-422,4387,14.0,400,244,58,0
Eara:127,Eara,127,29287,4287,-603,-603,4198,13.9,400,244,58,0
Eara:128,Eara,128,29395,4395,-505,-487,4254,13.8,400,244,58,0
Eara:129,Eara,129,29543,4543,-376,-397,4395,13.7,400,244,58,0
Eara:130,Eara,130,29615,4615,-281,-289,4452,13.6,400,244,58,0
Eara:131,Eara,131,29694,4694,-280,-281,4550,13.5,400,244,58,0
Eara:132,Eara,132,29673,4673,-296,-294,4482,13.4,400,245,58,0
Eara:133,Eara,133,29490,4490,-538,-543,4370,13.3,400,245,58,0
Eara:134,Eara,134,29485,4485,-527,-529,4433,13.2,400,245,58,0
Eara:135,Eara,135,29589,4589,-504,-505,4574,13.1,400,245,58,0
Eara:136,Eara,136,29387,4387,-572,-586,4317,13.0,400,245,58,0
Eara:137,Eara,137,29282,4282,-809,-820,4275,13.0,401,246,58,0
Eara:138,Eara,138,29449,4449,-464,-477,4426,12.9,401,246,58,0
Eara:139,Eara,139,29345,4345,-766,-771,4318,12.8,401,246,58,0
Eara:140,Eara,140,29413,4413,-711,-714,4391,12.7,401,246,58,0
Eara:141,Eara,141,29094,4094,-1007,-1016,4047,12.6,401,246,58,0
Eara:142,Eara,142,29620,4620,-349,-346,4571,12.5,401,247,58,0
Eara:143,Eara,143,29605,4605,-471,-506,4515,12.4,401,247,58,0
Eara:144,Eara,144,29213,4213,-980,-1022,4187,12.3,401,247,58,0
Eara:145,Eara,145,29537,4537,-490,-519,4508,12.2,401,247,58,0
Eara:146,Eara,146,29609,4609,-487,-515,4571,12.1,401,247,58,0
Eara:147,Eara,147,29620,4620,-598,-637,4609,12.0,402,248,58,0
Eara:148,Eara,148,29304,4304,-884,-905,4285,11.9,402,248,58,0
Eara:149,Eara,149,29431,4431,-626,-633,4414,11.8,402,248,58,0
Eara:150,Eara,150,29605,4605,-522,-548,4587,11.7,402,248,58,0
Eara:151,Eara,151,29477,4477,-682,-708,4468,11.6,402,248,58,0
Eara:152,Eara,152,29432,4432,-779,-778,4385,11.5,402,248,58,0
Eara:153,Eara,153,29437,4437,-681,-703,4374,11.4,402,249,58,0
Eara:154,Eara,154,29491,4491,-679,-700,4436,11.3,402,249,58,0
Eara:155,Eara,155,29543,4543,-593,-626,4484,11.2,402,249,58,0
Eara:156,Eara,156,29465,4465,-614,-643,4400,11.1,402,249,58,0
Eara:157,Eara,157,29513,4513,-544,-524,4451,11.0,402,249,58,0
Eara:158,Eara,158,29189,4189,-985,-986,4120,11.0,403,250,58,0
Eara:159,Eara,159,29185,4185,-871,-863,4022,10.9,403,250,58,0
Eara:160,Eara,160,29409,4409,-576,-558,4091,10.8,403,250,58,0
Eara:161,Eara,161,29299,4299,-802,-832,4043,10.7,403,250,58,0
Eara:162,Eara,162,29518,4518,-403,-473,4247,10.6,403,250,58,0
Eara:163,Eara,163,29269,4269,-671,-740,4031,10.5,403,251,58,0
Eara:164,Eara,164,29598,4598,-403,-414,4517,10.4,403,251,58,0
Eara:165,Eara,165,29170,4170,-590,-636,4039,10.3,403,251,58,0
Eara:166,Eara,166,29528,4528,-503,-629,4272,10.2,403,266,52,0
Eara:167,Eara,167,29140,4140,-663,-722,3834,10.1,403,251,58,0
Eara:168,Eara,168,28914,3914,-1070,-1119,3741,10.0,404,252,58,0
Eara:169,Eara,169,29377,4377,-471,-524,4091,10.0,405,252,58,0
Eara:170,Eara,170,29315,4315,-683,-732,4111,10.0,407,252,58,0
Eara:171,Eara,171,29217,4217,-734,-743,4046,10.0,409,252,58,0
Eara:172,Eara,172,29073,4073,-874,-892,3811,10.0,411,252,58,0
Eara:173,Eara,173,29397,4397,-523,-523,4083,10.0,413,252,58,0
Eara:174,Eara,174,29508,4508,-363,-365,4356,10.0,414,253,58,0
Eara:175,Eara,175,29282,4282,-645,-675,4109,10.0,416,253,58,0
Eara:176,Eara,176,29323,4323,-620,-638,4158,10.0,418,253,58,0
Eara:177,Eara,177,29327,4327,-720,-763,4071,10.0,420,253,58,0
Eara:178,Eara,178,29400,4400,-709,-726,6796,10.0,422,253,58,0
Eara:179,Eara,179,29669,4669,-345,-364,4446,10.0,424,254,58,0
Earaa:180,Earaa,180,29553,4553,-518,-548,3270,10.0,383,250,44,0
Earaa:181,Earaa,181,29983,4983,21,37,4701,10.0,395,245,53,0
Earaa:182,Earaa,182,29679,4679,-232,-248,4260,10.0,380,240,51,0
Earaa:183,Earaa,183,29570,4570,-337,-347,4241,10.0,365,235,48,0
Earaa:184,Earaa,184,29591,4591,-216,-245,4120,10.1,366,235,48,0
Earaa:185,Earaa,185,29701,4701,-95,-116,4322,10.2,368,236,48,0
Earaa:186,Earaa,186,29405,4405,-672,-680,3810,10.2,369,237,48,0
Earaa:187,Earaa,187,29565,4565,-502,-545,3870,10.3,371,238,48,0
Earaa:188,Earaa,188,29849,4849,-106,-129,4224,10.4,373,239,48,0
Earaa:189,Earaa,189,29360,4360,-580,-563,3821,10.5,374,240,48,0
Earaa:190,Earaa,190,29192,4192,-753,-791,3831,10.5,376,241,48,0
Earaa:191,Earaa,191,29621,4621,-409,-413,4254,10.6,378,242,48,0
Earaa:192,Earaa,192,30204,5204,243,200,4899,10.7,379,243,48,0
Earaa:193,Earaa,193,29807,4807,-195,-219,4525,10.8,381,244,48,0
Earaa:194,Earaa,194,29829,4829,-329,-361,4589,10.8,383,245,48,0
Earaa:195,Earaa,195,30114,5114,-54,-101,4757,10.9,384,246,48,0
Earaa:196,Earaa,196,29942,4942,-152,-170,4365,11.0,386,247,48,0
Earaa:197,Earaa,197,30330,5330,413,416,4988,11.1,388,247,48,0
Earaa:198,Earaa,198,29943,4943,2,-33,4492,11.2,389,248,48,0
Earaa:199,Earaa,199,29644,4644,-318,-341,4245,11.2,391,249,48,0
Earaa:200,Earaa,200,29878,4878,-122,-136,4321,11.3,393,250,48,0
Earaa:201,Earaa,201,30519,5519,373,361,4537,11.4,394,251,48,0
Earaa:202,Earaa,202,29563,4563,-348,-357,3723,11.5,396,252,48,0
Earaa:203,Earaa,203,29768,4768,-465,-478,3691,11.5,398,253,48,0
Earaa:204,Earaa,204,29966,4966,-162,-154,4073,11.6,399,254,48,0
Earaa:205,Earaa,205,29738,4738,-372,-400,3598,11.7,401,255,48,0
Earaa:206,Earaa,206,29805,4805,-250,-241,3741,11.8,403,256,48,0
Earaa:207,Earaa,207,29855,4855,-257,-276,3713,11.8,404,257,48,0
Earaa:208,Earaa,208,29600,4600,-369,-373,4127,11.9,406,258,48,0
Earaa:209,Earaa,209,29784,4784,-205,-212,4161,12.0,408,259,48,0
Earaa:210,Earaa,210,29540,4540,-439,-449,4166,12.1,409,259,48,0
Earaa:211,Earaa,211,29657,4657,-144,-159,3688,12.1,410,259,48,0
Earaa:212,Earaa,212,29409,4409,-532,-525,3786,12.2,411,259,48,0
Earaa:213,Earaa,213,29419,4419,-496,-501,4010,12.2,412,259,48,0
Earaa:214,Earaa,214,29660,4660,-51,-42,4042,12.3,414,260,48,0
Earaa:215,Earaa,215,29970,4970,21,3,4504,12.3,415,260,48,0
Earaa:216,Earaa,216,29506,4506,-258,-290,4091,12.4,416,260,48,0
Earaa:217,Earaa,217,29456,4456,-442,-452,3974,12.5,417,260,48,0
Earaa:218,Earaa,218,30029,5029,122,128,4610,12.5,418,260,47,0
Earaa:219,Earaa,219,29519,4519,-405,-421,4184,12.6,420,261,47,0
Earaa:220,Earaa,220,29927,4927,-45,-56,4680,12.6,421,261,47,0
Earaa:221,Earaa,221,29505,4505,-489,-506,4296,12.7,422,261,47,0
Earaa:222,Earaa,222,29684,4684,-218,-242,4448,12.7,423,261,47,0
Earaa:223,Earaa,223,29491,4491,-263,-287,4404,12.8,424,261,47,0
Earaa:224,Earaa,224,29548,4548,-248,-268,4514,12.9,426,262,47,0
Earaa:225,Earaa,225,29460,4460,-356,-368,4350,12.9,427,262,47,0
Earaa:226,Earaa,226,29508,4508,-375,-381,4368,13.0,428,262,47,0
Earaa:227,Earaa,227,29390,4390,-417,-408,4218,13.0,429,262,46,0
Earaa:228,Earaa,228,29347,4347,-526,-527,4080,13.1,430,262,46,0
Earaa:229,Earaa,229,29487,4487,-376,-379,4209,13.1,432,263,46,0
Earaa:230,Earaa,230,29521,4521,-285,-350,4400,13.2,433,263,46,0
Earaa:231,Earaa,231,29648,4648,-210,-225,3716,13.3,434,263,46,0
Earaa:232,Earaa,232,29233,4233,-844,-871,3000,13.3,435,263,46,0
Earaa:233,Earaa,233,30111,5111,160,121,3976,13.4,436,263,46,0
Earaa:234,Earaa,234,29639,4639,-75,-102,3353,13.4,438,264,46,0
Earaa:235,Earaa,235,29458,4458,-433,-448,3619,13.5,439,264,46,0
Earaa:236,Earaa,236,29291,4291,-550,-578,2826,13.5,440,264,45,0
Earaa:237,Earaa,237,29373,4373,-370,-362,3273,13.6,441,264,45,0
Earaa:238,Earaa,238,29653,4653,-287,-302,2909,13.7,442,264,45,0
Earaa:239,Earaa,239,29753,4753,2,-46,3519,13.7,444,265,45,0
Earaa:240,Earaa,240,29117,4117,-717,-722,3074,13.8,445,265,45,0
Earaa:241,Earaa,241,29467,4467,-352,-399,3642,13.8,446,265,45,0
Earaa:242,Earaa,242,29793,4793,-203,-279,4269,13.9,447,265,45,0
Earaa:243,Earaa,243,30122,5122,177,122,4840,13.9,448,265,45,0
Earaa:244,Earaa,244,29310,4310,-533,-547,3943,14.0,450,266,44,0
Earaa:245,Earaa,245,29512,4512,-464,-471,4394,13.9,450,266,43,0
Earaa:246,Earaa,246,29267,4267,-715,-691,3940,13.8,450,265,42,0
Earaa:247,Earaa,247,29204,4204,-456,-462,3951,13.7,450,265,41,0
Earaa:248,Earaa,248,29596,4596,-72,-77,4330,13.6,450,264,40,0
Earaa:249,Earaa,249,29852,4852,410,414,4646,13.5,449,264,39,0
Earaa:250,Earaa,250,29897,4897,189,211,1501,13.4,449,263,38,0
Earap:180,Earap,180,29682,4682,-387,-387,4636,10.0,458,259,44,0
Earap:181,Earap,181,30388,5388,538,533,5000,10.0,440,253,53,0
Earap:182,Earap,182,30101,5101,218,224,4822,10.0,448,253,51,0
Earap:183,Earap,183,29518,4518,-545,-540,4240,10.0,457,252,48,0
Earap:184,Earap,184,29595,4595,-468,-462,4357,10.1,457,252,48,0
Earap:185,Earap,185,30009,5009,-107,-109,4816,10.1,458,252,48,0
Earap:186,Earap,186,29620,4620,-400,-403,4514,10.2,459,252,48,0
Earap:187,Earap,187,29466,4466,-660,-647,4404,10.2,460,252,48,0
Earap:188,Earap,188,29598,4598,-407,-358,4564,10.3,461,252,48,0
Earap:189,Earap,189,29846,4846,-258,-252,4776,10.4,462,252,48,0
Earap:190,Earap,190,29732,4732,-449,-472,4673,10.4,463,252,48,0
Earap:191,Earap,191,29674,4674,-610,-618,4627,10.5,464,252,48,0
Earap:192,Earap,192,29597,4597,-808,-770,4533,10.5,465,252,47,0
Earap:193,Earap,193,29720,4720,-645,-608,4639,10.6,466,252,47,0
Earap:194,Earap,194,29839,4839,-371,-293,4728,10.6,467,252,47,0
Earap:195,Earap,195,29681,4681,-499,-447,4592,10.7,467,252,47,0
Earap:196,Earap,196,29895,4895,-493,-445,4789,10.8,468,252,47,0
Earap:197,Earap,197,29783,4783,-475,-414,4673,10.8,469,252,47,0
Earap:198,Earap,198,29671,4671,-687,-619,4537,10.9,470,252,47,0
Earap:199,Earap,199,29609,4609,-683,-616,4460,10.9,471,252,47,0
Earap:200,Earap,200,30038,5038,-175,-157,4914,11.0,472,253,46,0
Earap:201,Earap,201,30123,5123,-198,-112,4990,11.1,473,253,46,0
Earap:202,Earap,202,29730,4730,-667,-608,4613,11.1,474,253,46,0
Earap:203,Earap,203,29670,4670,-856,-785,4561,11.2,475,253,46,0
Earap:204,Earap,204,29911,4911,-573,-483,4800,11.2,476,253,46,0
Earap:205,Earap,205,29615,4615,-528,-515,4541,11.3,477,253,46,0
Earap:206,Earap,206,29358,4358,-703,-714,4288,11.4,477,253,46,0
Earap:207,Earap,207,29895,4895,-250,-249,4834,11.4,478,253,46,0
Earap:208,Earap,208,29849,4849,-360,-336,4749,11.5,479,253,46,0
Earap:209,Earap,209,29889,4889,-70,-49,4806,11.5,480,253,45,0
Earap:210,Earap,210,30144,5144,60,118,5092,11.6,481,253,45,0
Earap:211,Earap,211,29137,4137,-1040,-970,4087,11.6,482,253,45,0
Earap:212,Earap,212,29993,4993,-70,-51,4948,11.7,483,253,45,0
Earap:213,Earap,213,29719,4719,-487,-450,4684,11.8,484,253,45,0
Earap:214,Earap,214,29471,4471,-562,-520,4436,11.8,485,253,45,0
Earap:215,Earap,215,29602,4602,-579,-561,4564,11.9,486,253,45,0
Earap:216,Earap,216,29577,4577,-355,-301,4527,11.9,487,253,45,0
Earap:217,Earap,217,29331,4331,-761,-821,4067,12.0,488,254,44,0
Earap:218,Earap,218,29807,4807,5,-129,4140,12.1,488,254,44,0
Earap:219,Earap,219,29607,4607,-257,-370,3835,12.2,489,254,44,0
Earap:220,Earap,220,29452,4452,-436,-508,3714,12.3,489,254,44,0
Earap:221,Earap,221,29477,4477,-520,-609,3504,12.4,490,254,44,0
Earap:222,Earap,222,29523,4523,-446,-540,3641,12.5,490,253,44,0
Earap:223,Earap,223,29872,4872,-224,-292,4162,12.6,491,253,44,0
Earap:224,Earap,224,30047,5047,302,283,4384,12.7,491,253,44,0
Earap:225,Earap,225,29752,4752,-97,-255,4136,12.8,492,253,44,0
Earap:226,Earap,226,29707,4707,-345,-414,3824,12.9,492,252,44,0
Earap:227,Earap,227,29838,4838,-186,-207,3933,13.0,493,252,44,0
Earap:228,Earap,228,29583,4583,-291,-298,3627,13.1,494,252,44,0
Earap:229,Earap,229,29843,4843,-347,-404,4107,13.2,494,252,44,0
Earap:230,Earap,230,29385,4385,-482,-483,3599,13.3,495,252,44,0
Earap:231,Earap,231,29601,4601,-420,-521,3861,13.4,495,251,44,0
Earap:232,Earap,232,29217,4217,-728,-868,3623,13.5,496,251,44,0
Earap:233,Earap,233,29631,4631,-263,-427,4073,13.5,496,251,44,0
Earap:234,Earap,234,29696,4696,-232,-340,4216,13.6,497,251,44,0
Earap:235,Earap,235,29660,4660,-464,-642,4227,13.7,497,250,44,0
Earap:236,Earap,236,29547,4547,-442,-528,4021,13.8,498,250,44,0
Earap:237,Earap,237,30130,5130,158,47,4721,13.9,498,250,44,0
Earap:238,Earap,238,30240,5240,-20,-178,4877,14.0,499,250,44,0
Earap:239,Earap,239,29924,4924,-63,-156,4582,14.1,500,250,44,0
Earap:240,Earap,240,29740,4740,-174,-263,4511,14.2,500,249,44,0
Earap:241,Earap,241,29581,4581,-513,-641,4335,14.3,501,249,44,0
Earap:242,Earap,242,29686,4686,-150,-240,4430,14.4,501,249,44,0
Earap:243,Earap,243,29849,4849,-177,-244,4655,14.5,502,249,44,0
Earap:244,Earap,244,29701,4701,-252,-362,4495,14.6,502,248,44,0
Earap:245,Earap,245,29960,4960,-53,-78,4761,14.7,503,248,44,0
Earap:246,Earap,246,30100,5100,135,64,4919,14.8,503,248,44,0
Earap:247,Earap,247,29151,4151,-566,-620,4012,14.9,504,248,44,0
Earap:248,Earap,248,29306,4306,-813,-838,4187,15.0,505,247,44,0
Earp:104,Earp,104,29428,4428,-339,-341,4403,16.0,524,237,46,0
Earp:105,Earp,105,29984,4984,164,176,4975,16.0,522,234,60,0
Earp:106,Earp,106,30001,5001,244,240,5001,16.0,532,239,58,0
Earp:107,Earp,107,29940,4940,79,80,4940,15.9,531,239,58,0
Earp:108,Earp,108,29965,4965,144,132,4965,15.8,530,239,58,0
Earp:109,Earp,109,29821,4821,112,111,4821,15.7,529,240,58,0
Earp:110,Earp,110,29918,4918,138,151,4918,15.6,528,240,58,0
Earp:111,Earp,111,29846,4846,-32,-34,4846,15.5,527,241,58,0
Earp:112,Earp,112,29805,4805,-36,-37,4805,15.5,525,241,58,0
Earp:113,Earp,113,29837,4837,1,1,4837,15.4,524,242,58,0
Earp:114,Earp,114,29550,4550,-339,-337,4550,15.3,523,242,58,0
Earp:115,Earp,115,29441,4441,-301,-298,4441,15.2,522,243,58,0
Earp:116,Earp,116,29697,4697,-262,-273,4697,15.1,521,243,58,0
Earp:117,Earp,117,29367,4367,-548,-546,4367,15.0,519,244,58,0
Earp:118,Earp,118,29455,4455,-268,-274,4455,14.9,518,244,58,0
Earp:119,Earp,119,29495,4495,-380,-380,4471,14.9,517,244,58,0
Earp:120,Earp,120,29905,4905,-89,-67,4904,14.8,516,244,58,0
Earp:121,Earp,121,29706,4706,-121,-110,4703,14.8,515,243,58,0
Earp:122,Earp,122,29515,4515,-246,-229,4510,14.7,514,243,58,0
Earp:123,Earp,123,29559,4559,-270,-264,4552,14.7,513,243,58,0
Earp:124,Earp,124,29735,4735,-135,-141,4733,14.6,512,242,58,0
Earp:125,Earp,125,29768,4768,-94,-101,4764,14.6,511,242,58,0
Earp:126,Earp,126,29735,4735,-145,-161,4735,14.5,510,242,58,0
Earp:127,Earp,127,29482,4482,-387,-380,4482,14.5,509,241,58,0
Earp:128,Earp,128,29737,4737,-169,-154,4737,14.4,508,241,58,0
Earp:129,Earp,129,29775,4775,-287,-238,4774,14.4,507,241,58,0
Earp:130,Earp,130,29422,4422,-676,-607,4422,14.3,506,240,58,0
Earp:131,Earp,131,29796,4796,-123,-85,4796,14.3,505,240,58,0
Earp:132,Earp,132,29545,4545,-524,-456,4545,14.2,504,240,58,0
Earp:133,Earp,133,29909,4909,-137,-43,4909,14.2,503,239,58,0
Earp:134,Earp,134,29582,4582,-629,-558,4582,14.1,502,239,58,0
Earp:135,Earp,135,29846,4846,-293,-195,4846,14.1,501,239,58,0
Earp:136,Earp,136,29581,4581,-395,-309,4581,14.0,500,238,58,0
Earp:137,Earp,137,29476,4476,-619,-610,4467,14.0,499,238,58,0
Earp:138,Earp,138,29635,4635,-371,-343,4635,14.0,497,239,58,0
Earp:139,Earp,139,29407,4407,-751,-728,4407,14.0,496,239,58,0
Earp:140,Earp,140,29278,4278,-640,-633,4278,14.0,494,240,58,0
Earp:141,Earp,141,29336,4336,-801,-751,4336,14.0,492,240,58,0
Earp:142,Earp,142,29664,4664,-296,-240,4664,14.0,491,241,58,0
Earp:143,Earp,143,29863,4863,-253,-181,4863,14.0,489,241,58,0
Earp:144,Earp,144,30147,5147,-194,-156,5147,14.0,488,242,58,0
Earp:145,Earp,145,30052,5052,-260,-242,5052,14.0,486,242,58,0
Earp:146,Earp,146,30306,5306,28,81,5306,14.0,484,243,58,0
Earp:147,Earp,147,29976,4976,-344,-301,4976,14.0,483,243,58,0
Earp:148,Earp,148,30065,5065,-124,-102,5065,14.0,481,244,58,0
Earp:149,Earp,149,30185,5185,-4,12,5185,14.0,479,245,58,0
Earp:150,Earp,150,29980,4980,-247,-236,4980,14.0,478,245,58,0
Earp:151,Earp,151,30472,5472,247,231,5472,14.0,476,246,58,0
Earp:152,Earp,152,29983,4983,-133,-122,4983,14.0,475,246,58,0
Earp:153,Earp,153,30002,5002,-7,-25,5002,14.0,473,247,58,0
Earp:154,Earp,154,30251,5251,80,82,5251,14.0,471,247,58,0
Earp:155,Earp,155,29947,4947,-207,-215,4947,14.0,470,248,58,0
Earp:156,Earp,156,29780,4780,-262,-291,4780,14.0,468,248,58,0
Earp:157,Earp,157,29753,4753,-307,-347,4753,14.0,467,249,58,0
Earp:158,Earp,158,30005,5005,97,75,5005,14.0,465,249,58,0
Earp:159,Earp,159,29930,4930,19,-20,4930,14.0,463,250,58,0
Earp:160,Earp,160,29850,4850,-179,-212,4849,14.0,462,250,58,0
Earp:161,Earp,161,29732,4732,-277,-300,4729,14.0,460,251,58,0
Earp:162,Earp,162,29682,4682,-405,-460,4669,14.0,458,252,58,0
Earp:163,Earp,163,29615,4615,-303,-319,4608,14.2,458,252,58,0
Earp:164,Earp,164,29599,4599,-322,-352,4596,14.3,458,253,58,0
Earp:165,Earp,165,29720,4720,-302,-338,4716,14.5,458,253,58,0
Earp:166,Earp,166,29598,4598,-222,-233,4596,14.6,458,254,58,0
Earp:167,Earp,167,29558,4558,-283,-307,4556,14.8,458,254,58,0
Earp:168,Earp,168,29655,4655,-227,-251,4653,14.9,458,255,58,0
Earp:169,Earp,169,29439,4439,-414,-422,4436,15.1,458,256,58,0
Earp:170,Earp,170,29558,4558,-292,-307,4554,15.3,458,256,58,0
Earp:171,Earp,171,29668,4668,-194,-221,4667,15.4,458,257,58,0
Earp:172,Earp,172,29490,4490,-226,-224,4489,15.6,459,257,58,0
Earp:173,Earp,173,29506,4506,-405,-406,4503,15.7,459,258,58,0
Earp:174,Earp,174,29695,4695,-105,-116,4691,15.9,459,258,58,0
Earp:175,Earp,175,29532,4532,-233,-242,4522,16.1,459,259,58,0
Earp:176,Earp,176,29462,4462,-410,-423,4451,16.2,459,260,58,0
Earp:177,Earp,177,29703,4703,-112,-118,4699,16.4,459,260,58,0
Earp:178,Earp,178,29808,4808,-16,-22,4813,16.5,459,261,58,0
Earp:179,Earp,179,30001,5001,63,57,4989,16.7,459,261,58,0
Earp:180,Earp,180,29603,4603,-303,-297,4359,16.8,459,262,58,0
Earp:181,Earp,181,29318,4318,-525,-530,4239,17.0,460,263,58,0
Earp:182,Earp,182,29679,4679,-86,-86,4602,17.0,459,264,43,0
Earp:183,Earp,183,29628,4628,-86,-86,4509,16.9,457,265,27,48852
Earp:184,Earp,184,29726,4726,156,156,4546,16.9,463,261,30,92799
Earpa:185,Earpa,185,30259,5259,27,-5,4212,17.1,456,260,32,92799
Earpa:186,Earpa,186,30040,5040,15,49,4858,17.3,449,259,35,92799
Earpa:187,Earpa,187,29902,4902,94,94,4838,17.5,442,258,38,92799
Earpa:188,Earpa,188,29352,4352,-561,-561,4322,17.6,435,257,40,92799
Earpa:189,Earpa,189,29748,4748,-93,-93,4730,17.8,428,256,43,92799
Earpa:190,Earpa,190,29826,4826,-8,-8,4815,18.0,420,254,46,0
Earpa:191,Earpa,191,29124,4124,-690,-691,4055,18.0,415,253,44,0
Earpa:192,Earpa,192,29585,4585,-120,-120,4515,18.0,409,252,42,0
Earpa:193,Earpa,193,29228,4228,-341,-341,4084,18.0,403,251,39,0
Earpa:194,Earpa,194,29630,4630,-95,-88,4410,18.0,397,249,37,0
Earpa:195,Earpa,195,29702,4702,-17,-19,4330,17.9,391,248,34,0
Earpa:196,Earpa,196,29394,4394,-417,-459,3934,17.9,385,247,32,0
Earpa:197,Earpa,197,29197,4197,-525,-508,3702,17.9,379,245,29,63238
Earpa:198,Earpa,198,29543,4543,135,89,4046,17.9,381,245,29,63238
Earpa:199,Earpa,199,29751,4751,395,365,4374,17.9,382,245,29,63238
Earpa:200,Earpa,200,29727,4727,-177,-242,4203,18.0,384,245,29,63238
Earpa:201,Earpa,201,29050,4050,-685,-704,3553,18.0,385,245,29,63238
Earpa:202,Earpa,202,29587,4587,-130,-137,4174,18.0,387,245,29,63238
Earpa:203,Earpa,203,29538,4538,-420,-345,4183,18.0,388,245,29,63238
Earpa:204,Earpa,204,29563,4563,100,100,4273,18.0,390,245,29,62072
Earpa:205,Earpa,205,29366,4366,-537,-499,4095,18.0,390,245,29,62072
Earpa:206,Earpa,206,29697,4697,65,65,4353,18.0,401,249,34,110229
Earpa:207,Earpa,207,29429,4429,-107,-108,4085,18.0,401,249,34,110229
Earpa:208,Earpa,208,29141,4141,-904,-904,3772,18.0,397,254,27,47170
Earpa:209,Earpa,209,29661,4661,-224,-204,4289,17.1,398,240,34,121695
Earpa:210,Earpa,210,29447,4447,-177,-179,4151,18.1,404,242,34,124738
Earpa:211,Earpa,211,29116,4116,-461,-461,3650,17.3,404,246,32,100576
Earpa:212,Earpa,212,30108,5108,453,453,4942,19.0,408,246,32,116708
Earpa:213,Earpa,213,29215,4215,-461,-520,4004,19.1,392,240,30,91292
Earpa:214,Earpa,214,30111,5111,348,351,4825,18.3,412,241,33,91292
Earpa:215,Earpa,215,29638,4638,-61,-1,3233,17.5,432,242,36,91292
Earpa:216,Earpa,216,29388,4388,-35,-44,2975,16.6,452,244,39,91292
Earpa:217,Earpa,217,29160,4160,-352,-384,3261,15.8,472,245,42,91292
Earpa:218,Earpa,218,29399,4399,-339,-368,2539,15.0,493,247,46,0
Earpa:219,Earpa,219,29666,4666,-21,-28,2893,15.1,493,247,46,0
Earpa:220,Earpa,220,29489,4489,-159,-246,2770,15.3,492,248,46,0
Earpa:221,Earpa,221,30025,5025,257,244,3209,15.4,492,248,46,0
Earpa:222,Earpa,222,29873,4873,132,78,2851,15.5,491,249,46,0
Earpa:223,Earpa,223,29523,4523,-401,-373,2250,15.7,491,249,46,0
Earpa:224,Earpa,224,29505,4505,-173,-125,2088,15.8,490,250,46,0
Earpa:225,Earpa,225,29158,4158,-615,-622,1969,16.0,490,250,46,0
Earpa:226,Earpa,226,29782,4782,180,157,2731,16.1,489,251,46,0
Earpa:227,Earpa,227,29936,4936,121,56,2958,16.2,489,251,46,0
Earpa:228,Earpa,228,29883,4883,194,158,3227,16.4,488,252,46,0
Earpa:229,Earpa,229,29684,4684,-113,-189,2851,16.5,488,252,46,0
Earpa:230,Earpa,230,29755,4755,123,45,3372,16.6,487,253,46,0
Earpa:231,Earpa,231,29635,4635,-141,-192,3177,16.8,487,253,46,0
Earpa:232,Earpa,232,29555,4555,-123,-148,3264,16.9,486,254,46,0
Earpa:233,Earpa,233,29511,4511,-191,-216,2977,17.0,486,254,46,0
Earpa:234,Earpa,234,29290,4290,-414,-448,3027,17.2,485,255,46,0
Earpa:235,Earpa,235,29091,4091,-541,-606,2896,17.3,485,255,46,0
Earpa:236,Earpa,236,30192,5192,473,430,4232,17.5,484,256,46,0
Earpa:237,Earpa,237,29548,4548,-232,-234,3442,17.6,484,256,46,0
Earpa:238,Earpa,238,29444,4444,-296,-296,3511,17.7,483,257,46,0
Earpa:239,Earpa,239,29467,4467,-298,-329,3550,17.9,483,257,46,0
Earpa:240,Earpa,240,29339,4339,-420,-487,3218,18.0,482,258,46,0
Earpa:241,Earpa,241,29505,4505,-307,-401,3727,18.1,482,259,45,0
Earpa:242,Earpa,242,29540,4540,-192,-247,3744,18.2,482,260,43,0
Earpa:243,Earpa,243,29169,4169,-404,-421,3383,18.3,482,261,41,0
Earpa:244,Earpa,244,29434,4434,-372,-489,3648,18.4,482,262,39,0
Earpa:245,Earpa,245,29417,4417,-97,-110,3779,18.6,482,264,38,0
Earpa:246,Earpa,246,29293,4293,-398,-409,3484,18.7,482,265,36,0
Earpa:247,Earpa,247,29513,4513,-72,-99,3814,18.8,482,266,34,0
Earpa:248,Earpa,248,29601,4601,192,173,4073,18.9,482,267,32,0
Earpa:249,Earpa,249,29823,4823,251,294,4486,19.0,481,269,30,83177
Earpp:185,Earpp,185,30178,5178,226,284,4064,16.6,480,261,37,92799
Earpp:186,Earpp,186,30514,5514,463,475,4901,16.3,497,260,44,92799
Earpp:187,Earpp,187,30031,5031,24,30,3986,16.0,514,259,52,0
Earpp:188,Earpp,188,29908,4908,-78,-11,3802,16.0,514,259,52,0
Earpp:189,Earpp,189,29763,4763,-304,-299,3904,16.0,515,259,52,0
Earpp:190,Earpp,190,29654,4654,-183,-172,3759,16.0,515,258,52,0
Earpp:191,Earpp,191,29811,4811,-334,-338,3963,16.0,516,258,52,0
Earpp:192,Earpp,192,29483,4483,-560,-532,3636,16.0,517,257,52,0
Earpp:193,Earpp,193,30062,5062,-9,13,4279,16.0,517,257,51,0
Earpp:194,Earpp,194,30277,5277,123,176,4457,16.0,518,256,51,0
Earpp:195,Earpp,195,29794,4794,-360,-339,4128,16.0,519,256,51,0
Earpp:196,Earpp,196,29673,4673,-545,-481,4035,16.0,519,255,51,0
Earpp:197,Earpp,197,29592,4592,-626,-581,4121,16.0,520,255,51,0
Earpp:198,Earpp,198,30012,5012,-35,-2,4588,16.0,521,254,51,0
Earpp:199,Earpp,199,29922,4922,-230,-217,4460,16.0,521,254,50,0
Earpp:200,Earpp,200,29661,4661,-619,-590,4154,16.0,522,253,50,0
Earpp:201,Earpp,201,29927,4927,-279,-262,4367,16.0,522,253,50,0
Earpp:202,Earpp,202,29934,4934,-90,-74,4358,16.0,523,252,50,0
Earpp:203,Earpp,203,29972,4972,-135,-98,4376,16.0,524,252,50,0
Earpp:204,Earpp,204,30468,5468,325,404,4789,16.0,524,251,50,0
Earpp:205,Earpp,205,29906,4906,-340,-317,4293,16.0,525,251,49,0
Earpp:206,Earpp,206,30004,5004,-84,-64,4371,16.0,526,251,49,0
Earpp:207,Earpp,207,29760,4760,-433,-371,4193,16.0,526,250,49,0
Earpp:208,Earpp,208,29968,4968,-272,-221,4331,16.0,527,250,49,0
Earpp:209,Earpp,209,30005,5005,-187,-172,4359,16.0,528,249,49,0
Earpp:210,Earpp,210,30166,5166,-131,-81,4559,16.0,528,249,49,0
Earpp:211,Earpp,211,30041,5041,-283,-252,4445,16.0,529,248,48,0
Earpp:212,Earpp,212,29642,4642,-580,-557,4113,16.0,529,248,48,0
Earpp:213,Earpp,213,30035,5035,-235,-238,4576,16.0,530,247,48,0
Earpp:214,Earpp,214,29718,4718,-397,-343,4224,16.0,531,247,48,0
Earpp:215,Earpp,215,29779,4779,-291,-260,4349,16.0,531,246,48,0
Earpp:216,Earpp,216,29910,4910,-338,-279,4520,16.0,532,246,48,0
Earpp:217,Earpp,217,29689,4689,-277,-229,4386,16.0,533,245,47,0
Earpp:218,Earpp,218,29407,4407,-521,-556,4167,16.0,533,245,47,0
Earpp:219,Earpp,219,29570,4570,-345,-274,4305,16.0,534,244,47,0
Earpp:220,Earpp,220,29389,4389,-672,-654,4089,16.0,535,244,47,0
Earpp:221,Earpp,221,29544,4544,-518,-487,4267,16.0,535,243,47,0
Earpp:222,Earpp,222,29625,4625,-609,-672,4308,16.0,536,243,47,0
Earpp:223,Earpp,223,29649,4649,-466,-438,4357,16.0,537,242,46,0
Earpp:224,Earpp,224,29791,4791,-328,-277,4497,16.0,538,242,46,0
Earpp:225,Earpp,225,29934,4934,-147,-153,4580,15.9,539,242,46,0
Earpp:226,Earpp,226,29688,4688,-289,-231,4313,15.9,540,242,46,0
Earpp:227,Earpp,227,29656,4656,-511,-420,4265,15.9,541,242,46,0
Earpp:228,Earpp,228,29663,4663,-406,-351,4251,15.9,542,242,46,0
Earpp:229,Earpp,229,29680,4680,-422,-331,4226,15.8,543,241,46,0
Earpp:230,Earpp,230,29528,4528,-696,-568,4016,15.8,544,241,46,0
Earpp:231,Earpp,231,29602,4602,-449,-345,4116,15.8,545,241,46,0
Earpp:232,Earpp,232,30083,5083,-27,87,4567,15.7,547,241,46,0
Earpp:233,Earpp,233,29769,4769,-414,-303,4238,15.7,548,241,46,0
Earpp:234,Earpp,234,29545,4545,-680,-504,4020,15.7,549,241,46,0
Earpp:235,Earpp,235,29669,4669,-584,-445,4191,15.6,550,240,46,0
Earpp:236,Earpp,236,29906,4906,-454,-246,4769,15.6,551,240,46,0
Earpp:237,Earpp,237,29446,4446,-935,-602,4276,15.6,552,240,46,0
Earpp:238,Earpp,238,29773,4773,-559,-313,4611,15.6,553,240,46,0
Earpp:239,Earpp,239,29944,4944,-524,-286,4782,15.5,554,240,46,0
Earpp:240,Earpp,240,29664,4664,-611,-229,4466,15.5,556,239,46,0
Earpp:241,Earpp,241,30011,5011,-487,-189,4827,15.5,557,239,46,0
Earpp:242,Earpp,242,29974,4974,-338,-109,4796,15.4,558,239,46,0
Earpp:243,Earpp,243,29719,4719,-793,-623,4543,15.4,559,239,46,0
Earpp:244,Earpp,244,29769,4769,-861,-393,4542,15.4,560,239,46,0
Earpp:245,Earpp,245,29798,4798,-812,-601,4583,15.4,561,239,46,0
Earpp:246,Earpp,246,29554,4554,-815,-614,4378,15.3,562,238,46,0
Earpp:247,Earpp,247,29860,4860,-628,-253,4657,15.3,563,238,46,0
Earpp:248,Earpp,248,30013,5013,-699,-328,4831,15.3,564,238,46,0
Earpp:249,Earpp,249,29943,4943,-612,-200,4755,15.2,566,238,46,0
Earpp:250,Earpp,250,29652,4652,-981,-555,4468,15.2,567,238,46,0
Ep:25,Ep,25,29652,4652,-355,-379,4355,21.7,637,359,90,0
Ep:26,Ep,26,29787,4787,-236,-243,4787,21.3,652,352,86,0
Ep:27,Ep,27,29627,4627,-358,-357,4627,21.0,667,345,82,0
Ep:28,Ep,28,29601,4601,-382,-385,4601,21.2,667,349,82,0
Ep:29,Ep,29,30000,5000,-141,-151,5000,21.4,666,354,82,0
Ep:30,Ep,30,29798,4798,-249,-250,4798,21.7,666,359,82,0
Ep:31,Ep,31,29786,4786,-202,-204,4786,21.9,665,363,82,0
Ep:32,Ep,32,29742,4742,-168,-168,4742,22.1,665,368,82,0
Ep:33,Ep,33,29562,4562,-439,-439,4562,22.3,664,373,82,0
Ep:34,Ep,34,29658,4658,-381,-381,4658,22.6,664,377,82,0
Ep:35,Ep,35,29583,4583,-308,-308,4583,22.8,663,382,82,0
Ep:36,Ep,36,29603,4603,-341,-341,4603,23.0,662,387,82,0
Ep:37,Ep,37,29547,4547,-411,-411,4547,22.8,660,384,82,0
Ep:38,Ep,38,29536,4536,-350,-350,4536,22.6,658,380,82,0
Ep:39,Ep,39,29626,4626,-212,-212,4626,22.4,656,376,82,0
Ep:40,Ep,40,29707,4707,-257,-257,4707,22.1,654,373,81,0
Ep:41,Ep,41,29742,4742,-184,-184,4742,21.9,652,369,81,0
Ep:42,Ep,42,29906,4906,17,17,4906,21.7,650,365,81,0
Ep:43,Ep,43,29794,4794,-80,-80,4794,21.5,647,361,80,0
Ep:44,Ep,44,29576,4576,-386,-386,4576,21.3,645,358,80,0
Ep:45,Ep,45,29689,4689,-240,-240,4689,21.1,643,354,80,0
Ep:46,Ep,46,29769,4769,-68,-68,4769,20.9,641,350,80,0
Ep:47,Ep,47,29606,4606,-245,-245,4606,20.6,639,347,79,0
Ep:48,Ep,48,29989,4989,114,114,4989,20.4,637,343,79,0
Ep:49,Ep,49,29675,4675,-193,-193,4675,20.2,635,339,79,0
Ep:50,Ep,50,29818,4818,-41,-41,4818,20.0,632,335,78,0
Ep:51,Ep,51,29781,4781,-119,-119,4781,19.8,632,334,78,0
Ep:52,Ep,52,29754,4754,-21,-21,4754,19.7,632,333,78,0
Ep:53,Ep,53,29837,4837,-41,-41,4837,19.5,631,331,78,0
Ep:54,Ep,54,29841,4841,-101,-101,4841,19.3,631,330,78,0
Ep:55,Ep,55,29734,4734,-3,-9,4733,19.2,631,329,78,0
Ep:56,Ep,56,29768,4768,21,21,4767,19.0,630,327,78,0
Ep:57,Ep,57,29570,4570,-276,-285,4570,18.8,630,326,78,0
Ep:58,Ep,58,29460,4460,-394,-402,4460,18.7,630,325,78,0
Ep:59,Ep,59,29316,4316,-479,-477,4316,18.5,629,323,78,0
Ep:60,Ep,60,29356,4356,-521,-522,4356,18.3,629,322,78,0
Ep:61,Ep,61,29300,4300,-694,-688,4300,18.2,629,321,78,0
Ep:62,Ep,62,29389,4389,-566,-555,4389,18.0,628,319,78,0
Ep:63,Ep,63,29521,4521,-361,-359,4521,18.5,617,313,78,0
Ep:64,Ep,64,29699,4699,-199,-199,4699,19.0,606,306,78,0
Epl:65,Epl,65,29547,4547,-321,-317,4547,18.0,586,339,78,0
Epl:66,Epl,66,29561,4561,-240,-225,4561,17.0,565,373,78,0
Epl:67,Epl,67,29839,4839,19,29,4839,17.1,565,372,78,0
Epl:68,Epl,68,29774,4774,-42,-56,4774,17.1,565,370,78,0
Epl:69,Epl,69,29856,4856,121,102,4856,17.2,565,369,78,0
Epl:70,Epl,70,29576,4576,-217,-210,4576,17.2,565,367,78,0
Epl:71,Epl,71,29950,4950,176,163,4950,17.3,565,366,78,0
Epl:72,Epl,72,29747,4747,-132,-138,4747,17.4,565,364,78,0
Epl:73,Epl,73,29811,4811,-44,-49,4811,17.4,565,362,78,0
Epl:74,Epl,74,29800,4800,12,18,4800,17.5,565,361,78,0
Epl:75,Epl,75,29724,4724,-57,-76,4724,17.5,565,359,78,0
Epl:76,Epl,76,29847,4847,-71,-84,4847,17.6,565,358,78,0
Epl:77,Epl,77,29864,4864,100,91,4864,17.6,565,356,78,0
Epl:78,Epl,78,29811,4811,-10,-7,4811,17.7,565,354,78,0
Epl:79,Epl,79,30017,5017,184,173,5017,17.8,565,353,78,0
Epl:80,Epl,80,29879,4879,-7,-18,4879,17.8,565,351,78,0
Epl:81,Epl,81,29761,4761,-305,-298,4761,17.9,565,350,78,0
Epl:82,Epl,82,29743,4743,-155,-184,4743,17.9,565,348,78,0
Epl:83,Epl,83,29783,4783,-93,-84,4783,18.0,564,346,78,0
Epl:84,Epl,84,29822,4822,-19,-29,4822,18.0,564,346,78,0
Epl:85,Epl,85,29813,4813,102,93,4813,17.9,564,346,78,0
Epl:86,Epl,86,29803,4803,30,11,4737,17.9,564,346,78,0
Epl:87,Epl,87,29800,4800,114,96,4744,17.8,564,346,78,0
Epl:88,Epl,88,29828,4828,8,-14,4748,17.8,564,346,78,0
Epl:89,Epl,89,29849,4849,123,107,4798,17.8,564,346,78,0
Epl:90,Epl,90,29888,4888,61,80,4847,17.7,564,346,78,0
Epl:91,Epl,91,29833,4833,2,-9,4792,17.7,563,346,78,0
Epl:92,Epl,92,29883,4883,86,85,4883,17.6,563,346,78,0
Epl:93,Epl,93,30030,5030,157,158,5030,17.6,563,346,78,0
Epl:94,Epl,94,29885,4885,35,32,4885,17.5,563,346,78,0
Epl:95,Epl,95,29845,4845,-4,-13,4845,17.5,563,346,78,0
Epl:96,Epl,96,29786,4786,-133,-138,4786,17.5,563,346,78,0
Epl:97,Epl,97,30127,5127,280,273,5127,17.4,563,346,78,0
Epl:98,Epl,98,30225,5225,305,308,5225,17.4,563,346,78,0
Epl:99,Epl,99,30170,5170,281,283,5170,17.3,562,346,78,0
Epl:100,Epl,100,30331,5331,559,562,5331,17.3,562,346,78,0
Epl:101,Epl,101,30086,5086,192,183,5086,17.3,562,346,78,0
Epl:102,Epl,102,30327,5327,535,532,5327,17.2,562,346,78,0
Epl:103,Epl,103,30331,5331,477,471,5331,17.2,562,346,78,0
Epl:104,Epl,104,30180,5180,328,333,5180,17.1,562,346,78,0
Epl:105,Epl,105,30321,5321,496,497,5321,17.1,562,346,78,0
Epl:106,Epl,106,29931,4931,101,101,4931,17.0,562,346,78,0
Epl:107,Epl,107,29886,4886,35,29,4886,17.0,561,347,78,0
Epla:108,Epla,108,30059,5059,358,371,5059,18.0,534,322,66,0
Epla:109,Epla,109,30069,5069,326,315,5069,17.8,532,324,66,0
Epla:110,Epla,110,30168,5168,450,443,5168,17.7,529,326,66,0
Epla:111,Epla,111,30555,5555,693,657,5555,17.5,527,329,66,0
Epla:112,Epla,112,30732,5732,854,842,5732,17.3,524,331,66,0
Epla:113,Epla,113,31011,6011,1298,1271,6011,17.2,522,333,66,0
Epla:114,Epla,114,31043,6043,1156,1135,6043,17.0,519,336,66,0
Epla:115,Epla,115,30589,5589,730,710,5589,16.9,519,336,66,0
Epla:116,Epla,116,30667,5667,700,721,5665,16.8,519,335,66,0
Epla:117,Epla,117,30129,5129,187,169,5128,16.7,520,335,66,0
Epla:118,Epla,118,30455,5455,617,581,5454,16.6,520,334,66,0
Epla:119,Epla,119,30281,5281,253,171,5271,16.5,520,333,66,0
Epla:120,Epla,120,30159,5159,319,261,5140,16.4,521,333,65,0
Epla:121,Epla,121,30486,5486,673,669,5479,16.3,521,332,65,0
Epla:122,Epla,122,30208,5208,375,364,5205,16.2,522,332,65,0
Epla:123,Epla,123,30608,5608,811,787,5602,16.1,522,331,65,0
Epla:124,Epla,124,30621,5621,779,743,5542,16.0,522,330,65,0
Epla:125,Epla,125,30724,5724,791,739,5579,16.0,523,330,64,0
Epla:126,Epla,126,30472,5472,541,512,5411,15.9,523,329,64,0
Epla:127,Epla,127,30547,5547,521,488,5535,15.8,523,328,64,0
Epla:128,Epla,128,31125,6125,1058,1039,6125,15.7,524,328,64,0
Epla:129,Epla,129,31355,6355,1252,1225,6354,15.6,524,327,64,0
Epla:130,Epla,130,31528,6528,1465,1435,6528,15.5,525,327,63,0
Epla:131,Epla,131,31408,6408,1269,1240,6408,15.4,525,326,63,0
Epla:132,Epla,132,31927,6927,1870,1836,6927,15.3,525,325,63,0
Epla:133,Epla,133,32084,7084,2031,2009,7084,15.2,526,325,63,0
Epla:134,Epla,134,31973,6973,1903,1868,6973,15.1,526,324,63,0
Epla:135,Epla,135,31759,6759,1687,1675,6759,15.0,527,323,62,0
Epla:136,Epla,136,32353,7353,2272,2260,7353,14.9,527,323,62,0
Epla:137,Epla,137,32005,7005,1949,1927,7005,14.9,527,324,62,0
Epla:138,Epla,138,31606,6606,1576,1579,6605,14.8,527,325,62,0
Epla:139,Epla,139,32095,7095,2024,2020,7094,14.8,527,325,62,0
Epla:140,Epla,140,30990,5990,825,839,5985,14.7,527,326,62,0
Epla:141,Epla,141,31758,6758,1439,1437,6754,14.6,527,327,62,0
Epla:142,Epla,142,31918,6918,1730,1721,6913,14.6,528,328,62,0
Epla:143,Epla,143,32446,7446,2388,2387,7437,14.5,528,328,62,0
Epla:144,Epla,144,31220,6220,888,902,6213,14.4,528,329,62,0
Epla:145,Epla,145,31402,6402,969,967,6396,14.4,528,330,62,0
Epla:146,Epla,146,31246,6246,997,974,6238,14.3,528,330,62,0
Epla:147,Epla,147,31346,6346,871,868,6339,14.3,528,331,62,0
Epla:148,Epla,148,30909,5909,455,455,5895,14.2,529,332,62,0
Epla:149,Epla,149,31324,6324,907,886,6312,14.1,529,333,62,0
Epla:150,Epla,150,31378,6378,1081,1069,6367,14.1,529,333,62,0
Epla:151,Epla,151,31137,6137,869,854,6127,14.0,529,334,62,0
Epla:152,Epla,152,31288,6288,1131,1090,6258,13.9,529,335,62,0
Epla:153,Epla,153,31495,6495,1245,1227,6474,13.9,529,335,62,0
Epla:154,Epla,154,31540,6540,1373,1326,6524,13.8,529,336,62,0
Epla:155,Epla,155,32339,7339,2239,2202,7327,13.8,530,337,62,0
Epla:156,Epla,156,31002,6002,819,775,5990,13.7,530,338,62,0
Epla:157,Epla,157,32069,7069,1853,1828,7061,13.6,530,338,62,0
Epla:158,Epla,158,31337,6337,1074,1022,6322,13.6,530,339,62,0
Epla:159,Epla,159,31767,6767,1692,1668,6664,13.5,530,340,62,0
Epla:160,Epla,160,31956,6956,1822,1810,6951,13.4,530,340,62,0
Epla:161,Epla,161,31653,6653,1355,1351,6647,13.4,531,341,62,0
Epla:162,Epla,162,31494,6494,1326,1329,6488,13.3,531,342,62,0
Epla:163,Epla,163,31599,6599,1336,1333,6595,13.3,531,343,62,0
Epla:164,Epla,164,31854,6854,1847,1844,6854,13.2,531,343,62,0
Epla:165,Epla,165,31621,6621,1588,1581,6608,13.1,531,344,62,0
Epla:166,Epla,166,31304,6304,1109,1105,6293,13.1,531,345,62,0
Epla:167,Epla,167,31683,6683,1600,1600,6643,13.0,532,346,62,0
Epla:168,Epla,168,31276,6276,1201,1193,6189,12.9,533,345,61,0
Epla:169,Epla,169,31509,6509,1371,1371,6427,12.8,534,344,60,0
Epla:170,Epla,170,31462,6462,1317,1317,6424,12.8,535,343,59,0
Epla:171,Epla,171,31249,6249,871,868,6192,12.7,536,342,58,0
Epla:172,Epla,172,31169,6169,1029,1026,6119,12.6,537,341,57,0
Epla:173,Epla,173,31369,6369,1175,1175,6307,12.5,538,339,56,0
Epla:174,Epla,174,31504,6504,1400,1399,6428,12.4,539,338,55,0
Epla:175,Epla,175,31645,6645,1555,1555,6576,12.3,540,337,54,0
Epla:176,Epla,176,31324,6324,1181,1181,6250,12.3,541,336,53,0
Epla:177,Epla,177,30795,5795,567,567,5753,12.2,542,335,52,0
Epla:178,Epla,178,30503,5503,249,249,5483,12.1,543,334,51,0
Epla:179,Epla,179,29926,4926,-259,-259,4891,12.0,545,332,50,0
Eplaa:180,Eplaa,180,30008,5008,-173,-168,4883,10.0,518,326,50,0
Eplaa:181,Eplaa,181,30773,5773,706,708,5718,10.0,518,326,50,0
Eplaa:182,Eplaa,182,31043,6043,884,873,5995,10.0,518,326,50,0
Eplaa:183,Eplaa,183,30917,5917,884,867,5840,10.0,518,326,50,0
Eplaa:184,Eplaa,184,31187,6187,1110,1123,6119,10.0,517,327,50,0
Eplaa:185,Eplaa,185,30961,5961,662,672,5886,10.0,517,327,50,0
Eplaa:186,Eplaa,186,30708,5708,688,694,5551,10.0,517,327,50,0
Eplaa:187,Eplaa,187,30810,5810,686,686,5744,10.0,516,327,50,0
Eplaa:188,Eplaa,188,30669,5669,659,686,5484,10.0,516,328,50,0
Eplaa:189,Eplaa,189,30633,5633,451,425,5444,10.0,516,328,50,0
Eplaa:190,Eplaa,190,30577,5577,442,411,5411,10.0,515,328,50,0
Eplaa:191,Eplaa,191,30709,5709,513,538,5503,10.0,515,329,50,0
Eplaa:192,Eplaa,192,30904,5904,789,787,5687,10.0,515,329,50,0
Eplaa:193,Eplaa,193,31184,6184,1110,1078,6068,10.0,514,329,50,0
Eplaa:194,Eplaa,194,30919,5919,907,907,5803,10.0,514,329,50,0
Eplaa:195,Eplaa,195,31138,6138,1165,1155,5933,10.0,514,330,50,0
Eplaa:196,Eplaa,196,30933,5933,758,808,5764,10.0,513,330,50,0
Eplaa:197,Eplaa,197,30860,5860,750,750,5704,10.0,513,330,50,0
Eplaa:198,Eplaa,198,30954,5954,891,844,5737,10.0,513,330,50,0
Eplaa:199,Eplaa,199,30675,5675,499,437,5351,10.0,512,331,50,0
Eplaa:200,Eplaa,200,31328,6328,1163,1154,5994,10.0,512,331,50,0
Eplaa:201,Eplaa,201,30671,5671,766,768,5330,10.0,512,331,50,0
Eplaa:202,Eplaa,202,30683,5683,492,448,5247,10.0,511,332,50,0
Eplaa:203,Eplaa,203,30654,5654,577,589,5211,10.1,511,332,50,0
Eplaa:204,Eplaa,204,30551,5551,371,361,4863,10.2,512,331,50,0
Eplaa:205,Eplaa,205,30039,5039,118,113,4506,10.2,513,331,50,0
Eplaa:206,Eplaa,206,30295,5295,177,158,4895,10.3,514,330,50,0
Eplaa:207,Eplaa,207,30307,5307,245,281,4857,10.4,515,330,49,0
Eplaa:208,Eplaa,208,30556,5556,244,276,5039,10.5,515,329,49,0
Eplaa:209,Eplaa,209,30445,5445,316,336,5020,10.5,516,329,49,0
Eplaa:210,Eplaa,210,30585,5585,378,370,5111,10.6,517,328,49,0
Eplaa:211,Eplaa,211,30363,5363,252,266,4929,10.7,518,327,49,0
Eplaa:212,Eplaa,212,30635,5635,416,360,5171,10.8,519,327,48,0
Eplaa:213,Eplaa,213,30366,5366,126,133,4938,10.8,520,326,48,0
Eplaa:214,Eplaa,214,30473,5473,334,362,5122,10.9,520,326,48,0
Eplaa:215,Eplaa,215,30767,5767,491,530,5348,11.0,521,325,48,0
Eplaa:216,Eplaa,216,30475,5475,283,270,5055,11.1,522,325,48,0
Eplaa:217,Eplaa,217,30499,5499,500,543,5089,11.2,523,324,47,0
Eplaa:218,Eplaa,218,30709,5709,498,520,5325,11.2,524,323,47,0
Eplaa:219,Eplaa,219,30112,5112,-69,-91,4697,11.3,524,323,47,0
Eplaa:220,Eplaa,220,30541,5541,470,459,5123,11.4,525,322,47,0
Eplaa:221,Eplaa,221,30549,5549,295,321,5064,11.5,526,322,47,0
Eplaa:222,Eplaa,222,30303,5303,-58,106,4833,11.5,527,321,46,0
Eplaa:223,Eplaa,223,30151,5151,61,73,4692,11.6,528,321,46,0
Eplaa:224,Eplaa,224,30218,5218,20,14,4746,11.7,529,320,46,0
Eplaa:225,Eplaa,225,30579,5579,497,520,5051,11.8,529,320,46,0
Eplaa:226,Eplaa,226,30384,5384,221,255,4865,11.8,530,319,46,0
Eplaa:227,Eplaa,227,30804,5804,568,552,5356,11.9,531,318,45,0
Eplaa:228,Eplaa,228,30501,5501,240,286,4929,12.0,532,318,45,0
Eplaa:229,Eplaa,229,30575,5575,620,714,4929,12.1,533,317,45,0
Eplaa:230,Eplaa,230,30420,5420,198,183,4791,12.2,533,317,45,0
Eplaa:231,Eplaa,231,29955,4955,-271,-240,4107,12.2,534,316,45,0
Eplaa:232,Eplaa,232,29980,4980,-272,-239,4275,12.3,535,316,44,0
Eplaa:233,Eplaa,233,30557,5557,499,510,4878,12.4,536,315,44,0
Eplaa:234,Eplaa,234,30122,5122,-103,-144,4436,12.5,537,314,44,0
Eplaa:235,Eplaa,235,30442,5442,206,172,4751,12.5,538,314,44,0
Eplaa:236,Eplaa,236,30555,5555,272,323,4766,12.6,538,313,44,0
Eplaa:237,Eplaa,237,30416,5416,342,366,4659,12.7,539,313,43,0
Eplaa:238,Eplaa,238,30321,5321,-154,-175,4603,12.8,540,312,43,0
Eplaa:239,Eplaa,239,30710,5710,635,649,5032,12.8,541,312,43,0
Eplaa:240,Eplaa,240,30320,5320,240,102,4612,12.9,542,311,43,0
Eplaa:241,Eplaa,241,30384,5384,345,291,4556,13.0,543,310,42,0
Eplap:180,Eplap,180,30493,5493,181,215,5467,13.0,574,314,50,0
Eplap:181,Eplap,181,30589,5589,361,430,5553,13.1,573,315,50,0
Eplap:182,Eplap,182,31220,6220,967,932,6208,13.2,571,316,50,0
Eplap:183,Eplap,183,30610,5610,422,442,5596,13.3,569,317,50,0
Eplap:184,Eplap,184,30390,5390,354,403,5376,13.4,568,319,50,0
Eplap:185,Eplap,185,30854,5854,424,476,5847,13.5,566,320,50,0
Eplap:186,Eplap,186,30223,5223,-42,-4,5202,13.5,564,321,50,0
Eplap:187,Eplap,187,30524,5524,201,306,5466,13.6,562,322,50,0
Eplap:188,Eplap,188,30387,5387,29,192,5306,13.7,561,324,50,0
Eplap:189,Eplap,189,30538,5538,99,198,5450,13.8,559,325,50,0
Eplap:190,Eplap,190,31279,6279,962,1191,6189,13.9,557,326,50,0
Eplap:191,Eplap,191,31450,6450,760,1069,6358,14.0,555,328,50,0
Eplap:192,Eplap,192,30860,5860,210,473,5764,14.0,555,328,50,0
Eplap:193,Eplap,193,30728,5728,215,395,5632,14.1,556,328,50,0
Eplap:194,Eplap,194,30477,5477,-50,273,5381,14.1,557,328,50,0
Eplap:195,Eplap,195,30895,5895,386,608,5802,14.1,558,327,50,0
Eplap:196,Eplap,196,31205,6205,478,786,6119,14.1,559,327,50,0
Eplap:197,Eplap,197,30833,5833,416,573,5758,14.2,559,327,50,0
Eplap:198,Eplap,198,30845,5845,-81,188,5769,14.2,560,326,50,0
Eplap:199,Eplap,199,30825,5825,-148,184,5719,14.2,561,326,50,0
Eplap:200,Eplap,200,31147,6147,85,438,6026,14.3,562,326,49,0
Eplap:201,Eplap,201,30783,5783,-327,140,5616,14.3,563,326,49,0
Eplap:202,Eplap,202,30694,5694,-420,103,5504,14.3,564,325,49,0
Eplap:203,Eplap,203,31452,6452,542,850,6287,14.4,564,325,49,0
Eplap:204,Eplap,204,30736,5736,-326,196,5503,14.4,565,325,49,0
Eplap:205,Eplap,205,31010,6010,65,562,5788,14.4,566,324,49,0
Eplap:206,Eplap,206,31673,6673,263,771,6475,14.4,567,324,49,0
Eplap:207,Eplap,207,31102,6102,35,580,5850,14.5,568,324,49,0
Eplap:208,Eplap,208,31220,6220,-40,441,5872,14.5,569,323,48,0
Eplap:209,Eplap,209,31436,6436,273,837,6090,14.5,569,323,48,0
Eplap:210,Eplap,210,31248,6248,42,412,5881,14.6,570,323,48,0
Eplap:211,Eplap,211,31871,6871,478,1205,6358,14.6,571,323,48,0
Eplap:212,Eplap,212,31818,6818,303,1038,6317,14.6,572,322,48,0
Eplap:213,Eplap,213,31487,6487,372,1005,5838,14.6,573,322,48,0
Eplap:214,Eplap,214,32187,7187,1362,1810,6685,14.7,573,322,48,0
Eplap:215,Eplap,215,31387,6387,316,684,5864,14.7,574,321,48,0
Eplap:216,Eplap,216,32182,7182,1116,1513,6676,14.7,575,321,48,0
Eplap:217,Eplap,217,32672,7672,1324,1755,7139,14.8,576,321,47,0
Eplap:218,Eplap,218,32786,7786,1501,1867,7303,14.8,577,321,47,0
Eplap:219,Eplap,219,32676,7676,1594,2033,7153,14.8,578,320,47,0
Eplap:220,Eplap,220,32828,7828,1736,1897,7374,14.9,578,320,47,0
Eplap:221,Eplap,221,33654,8654,2431,2707,8207,14.9,579,320,47,0
Eplap:222,Eplap,222,33778,8778,2212,2517,8280,14.9,580,319,47,0
Eplap:223,Eplap,223,34358,9358,3209,3501,8818,14.9,581,319,47,0
Eplap:224,Eplap,224,34327,9327,2840,3156,8770,15.0,582,319,47,0
Eplap:225,Eplap,225,35065,10065,3496,3632,9594,15.0,583,318,46,0
Eplap:226,Eplap,226,34957,9957,3678,3941,9349,14.9,584,318,46,0
Eplap:227,Eplap,227,34723,9723,3333,3653,9106,14.9,585,317,46,0
Eplap:228,Eplap,228,34775,9775,3468,3792,9196,14.8,586,317,46,0
Eplap:229,Eplap,229,36246,11246,4589,4882,10767,14.8,587,316,45,0
Eplap:230,Eplap,230,34792,9792,3299,3563,9288,14.7,588,316,45,0
Eplap:231,Eplap,231,36660,11660,5027,5444,11177,14.6,589,315,45,0
Eplap:232,Eplap,232,35309,10309,3454,3797,9733,14.6,590,315,45,0
Eplap:233,Eplap,233,34454,9454,2509,2859,8895,14.5,591,314,44,0
Eplap:234,Eplap,234,34932,9932,3116,3401,9464,14.4,592,313,44,0
Eplap:235,Eplap,235,35209,10209,3450,3718,9838,14.4,593,313,44,0
Eplap:236,Eplap,236,36150,11150,4298,4558,10758,14.3,594,312,44,0
Eplap:237,Eplap,237,36836,11836,5069,5313,11479,14.3,595,312,43,0
Eplap:238,Eplap,238,36172,11172,4322,4494,10891,14.2,596,311,43,0
Eplap:239,Eplap,239,36851,11851,5071,5240,11536,14.1,597,311,43,0
Eplap:240,Eplap,240,37530,12530,5464,5717,12238,14.1,598,310,43,0
Eplap:241,Eplap,241,35357,10357,3537,3700,10106,14.0,599,309,42,0
Eplp:108,Eplp,108,30071,5071,190,217,5071,17.5,586,367,72,0
Eplp:109,Eplp,109,30454,5454,572,519,5393,18.0,612,387,66,0
Eplp:110,Eplp,110,30699,5699,819,782,5657,18.0,612,385,66,0
Eplp:111,Eplp,111,31038,6038,1056,1002,6016,18.0,612,383,65,0
Eplp:112,Eplp,112,30651,5651,730,715,5641,18.0,612,381,65,0
Eplp:113,Eplp,113,31200,6200,1369,1353,6194,18.0,612,378,64,0
Eplp:114,Eplp,114,31035,6035,1018,1006,6031,18.0,611,376,63,0
Eplp:115,Eplp,115,31298,6298,1432,1437,6296,18.0,611,374,63,0
Eplp:116,Eplp,116,31736,6736,1827,1831,6736,18.0,611,372,62,0
Eplp:117,Eplp,117,31131,6131,1107,1109,6131,18.0,611,369,61,0
Eplp:118,Eplp,118,30809,5809,635,635,5809,18.0,610,367,61,0
Eplp:119,Eplp,119,31073,6073,981,979,6073,18.0,610,365,60,0
Eplp:120,Eplp,120,30767,5767,574,573,5767,18.0,610,362,59,0
Eplp:121,Eplp,121,30935,5935,775,782,5907,18.0,610,360,59,0
Eplp:122,Eplp,122,30971,5971,831,832,5923,18.0,610,358,58,0
Eplp:123,Eplp,123,30826,5826,749,759,5798,18.0,609,356,58,0
Eplp:124,Eplp,124,31257,6257,1111,1109,6245,18.0,609,353,57,0
Eplp:125,Eplp,125,31159,6159,1012,1016,6153,18.0,609,351,56,0
Eplp:126,Eplp,126,31061,6061,823,825,6056,17.8,609,351,56,0
Eplp:127,Eplp,127,31654,6654,1374,1372,6652,17.7,609,350,56,0
Eplp:128,Eplp,128,31627,6627,1408,1412,6624,17.5,609,349,56,0
Eplp:129,Eplp,129,31385,6385,1140,1142,6382,17.3,610,349,55,0
Eplp:130,Eplp,130,31100,6100,1007,1009,6098,17.2,610,348,55,0
Eplp:131,Eplp,131,31061,6061,846,845,6054,17.0,610,347,55,0
Eplp:132,Eplp,132,31298,6298,1055,1061,6289,16.8,611,347,55,0
Eplp:133,Eplp,133,31488,6488,1367,1365,6476,16.7,611,346,54,0
Eplp:134,Eplp,134,31545,6545,1124,1125,6539,16.5,611,345,54,0
Eplp:135,Eplp,135,31691,6691,1292,1290,6687,16.3,612,344,54,0
Eplp:136,Eplp,136,32133,7133,1561,1562,7130,16.2,612,344,54,0
Eplp:137,Eplp,137,31854,6854,1436,1436,6852,16.0,612,343,53,0
Eplp:138,Eplp,138,31729,6729,1093,1091,6729,15.8,612,342,53,0
Eplp:139,Eplp,139,32034,7034,1556,1555,7033,15.7,613,342,53,0
Eplp:140,Eplp,140,31814,6814,1394,1393,6813,15.5,613,341,52,0
Eplp:141,Eplp,141,32090,7090,1572,1571,7090,15.3,613,340,52,0
Eplp:142,Eplp,142,32628,7628,1876,1864,7626,15.2,614,340,52,0
Eplp:143,Eplp,143,32014,7014,1436,1420,7007,15.0,614,339,52,0
Eplp:144,Eplp,144,32561,7561,1943,2028,7089,14.8,614,338,51,0
Eplp:145,Eplp,145,32161,7161,1610,1632,6909,14.7,615,337,51,0
Eplp:146,Eplp,146,32260,7260,1656,1686,7062,14.5,615,337,51,0
Eplp:147,Eplp,147,32290,7290,1673,1774,7120,14.3,615,336,51,0
Eplp:148,Eplp,148,31662,6662,834,860,6527,14.2,615,335,50,0
Eplp:149,Eplp,149,32349,7349,1475,1459,7251,14.0,616,335,50,0
Eplp:150,Eplp,150,32219,7219,1546,1450,7160,13.8,616,334,50,0
Eplp:151,Eplp,151,32684,7684,1781,1692,7640,13.7,616,333,50,0
Eplp:152,Eplp,152,33950,8950,3093,3036,8902,13.5,617,333,49,0
Eplp:153,Eplp,153,33675,8675,2850,2823,8632,13.3,617,332,49,0
Eplp:154,Eplp,154,34045,9045,3142,3123,9011,13.2,617,331,49,0
Eplp:155,Eplp,155,34041,9041,2925,2903,9025,13.0,618,330,48,0
Eplp:156,Eplp,156,34357,9357,3523,3511,9354,13.0,618,330,48,0
Eplp:157,Eplp,157,34167,9167,3113,3126,9154,13.1,618,330,48,0
Eplp:158,Eplp,158,33550,8550,2470,2449,8536,13.1,619,330,48,0
Eplp:159,Eplp,159,34891,9891,3959,3957,9880,13.1,619,329,48,0
Eplp:160,Eplp,160,34532,9532,3358,3347,9526,13.2,620,329,48,0
Eplp:161,Eplp,161,33973,8973,2668,2695,8967,13.2,620,329,48,0
Eplp:162,Eplp,162,33422,8422,2061,2084,8419,13.2,621,329,48,0
Eplp:163,Eplp,163,32810,7810,1226,1257,7794,13.3,621,328,48,0
Eplp:164,Eplp,164,34573,9573,3076,3106,9554,13.3,622,328,48,0
Eplp:165,Eplp,165,34323,9323,2833,2855,9306,13.3,622,328,48,0
Eplp:166,Eplp,166,34106,9106,2675,2696,9093,13.4,623,328,48,0
Eplp:167,Eplp,167,34483,9483,2848,2886,9464,13.4,623,327,48,0
Eplp:168,Eplp,168,34769,9769,2962,3033,9765,13.4,624,327,48,0
Eplp:169,Eplp,169,34474,9474,2803,2847,9445,13.5,624,327,48,0
Eplp:170,Eplp,170,34054,9054,2400,2440,8983,13.5,625,327,48,0
Eplp:171,Eplp,171,33802,8802,1972,2017,8783,13.5,625,326,48,0
Eplp:172,Eplp,172,34134,9134,2488,2499,9095,13.5,626,326,48,0
Eplp:173,Eplp,173,34478,9478,3036,3034,9433,13.6,626,326,48,0
Eplp:174,Eplp,174,33153,8153,1593,1616,8100,13.6,627,326,48,0
Eplp:175,Eplp,175,34436,9436,2801,2800,9370,13.6,627,325,48,0
Eplp:176,Eplp,176,34849,9849,3442,3453,9833,13.7,628,325,48,0
Eplp:177,Eplp,177,34736,9736,3020,3023,9675,13.7,628,325,48,0
Eplp:178,Eplp,178,34837,9837,3253,3254,9815,13.7,629,325,48,0
Eplp:179,Eplp,179,37072,12072,5463,5463,12067,13.8,629,324,48,0
Eplp:180,Eplp,180,36906,11906,5261,5182,11875,13.8,630,324,48,0
Eplp:181,Eplp,181,36274,11274,4468,4374,11244,13.8,630,324,48,0
Eplp:182,Eplp,182,35564,10564,3753,3691,10553,13.9,631,324,48,0
Eplp:183,Eplp,183,35160,10160,3174,3182,10160,13.9,631,323,48,0
Eplp:184,Eplp,184,34430,9430,2924,2855,9425,13.9,632,323,48,0
Eplp:185,Eplp,185,32700,7700,1079,1070,7692,14.0,632,323,48,0
Eplp:186,Eplp,186,34309,9309,2717,2724,9309,14.0,633,322,48,0
Eplpa:187,Eplpa,187,32817,7817,1921,1891,7700,12.0,611,337,42,0
Eplpa:188,Eplpa,188,37499,12499,5937,5926,12386,12.2,611,337,42,0
Eplpa:189,Eplpa,189,38029,13029,6357,6294,12927,12.4,611,337,42,0
Eplpa:190,Eplpa,190,39941,14941,8763,8795,14819,12.6,611,336,42,0
Eplpa:191,Eplpa,191,38421,13421,7072,7089,13242,12.8,611,336,42,0
Eplpa:192,Eplpa,192,38407,13407,6946,6920,13169,13.0,611,335,42,0
Eplpa:193,Eplpa,193,39654,14654,8183,8272,14371,13.2,611,335,42,0
Eplpa:194,Eplpa,194,39016,14016,7590,7658,13660,13.4,610,335,42,0
Eplpa:195,Eplpa,195,38214,13214,6286,6361,12828,13.6,610,334,42,0
Eplpa:196,Eplpa,196,38402,13402,6460,6448,12985,13.8,610,334,42,0
Eplpa:197,Eplpa,197,36019,11019,3936,3965,10507,14.0,610,333,42,0
Eplpa:198,Eplpa,198,36927,11927,5022,4997,11399,14.2,610,333,42,0
Eplpa:199,Eplpa,199,36531,11531,4347,4381,10930,14.4,610,333,42,0
Eplpa:200,Eplpa,200,36547,11547,4193,4479,10638,14.6,610,332,42,0
Eplpa:201,Eplpa,201,37668,12668,5545,5848,11691,14.8,609,332,42,0
Eplpa:202,Eplpa,202,38473,13473,6223,6463,12458,15.0,609,331,42,0
Eplpa:203,Eplpa,203,37580,12580,5519,5824,11404,15.2,609,331,42,0
Eplpa:204,Eplpa,204,38814,13814,6565,6882,12448,15.4,609,331,42,0
Eplpa:205,Eplpa,205,38245,13245,5979,6611,11819,15.6,609,330,42,0
Eplpa:206,Eplpa,206,36891,11891,4055,4512,10348,15.8,609,330,42,0
Eplpa:207,Eplpa,207,38900,13900,6711,7250,12239,16.0,608,329,42,0
Eplpa:208,Eplpa,208,37912,12912,5464,6109,11065,16.1,608,329,42,0
Eplpa:209,Eplpa,209,38589,13589,6062,6353,11895,16.2,608,329,42,0
Eplpa:210,Eplpa,210,37986,12986,5523,5904,11337,16.3,608,328,42,0
Eplpa:211,Eplpa,211,41420,16420,8828,9504,14824,16.4,608,328,42,0
Eplpa:212,Eplpa,212,40722,15722,7904,8634,13703,16.6,608,328,42,0
Eplpa:213,Eplpa,213,39375,14375,6117,6599,12526,16.7,608,327,42,0
Eplpa:214,Eplpa,214,37153,12153,3740,4176,10038,16.8,608,327,42,0
Eplpa:215,Eplpa,215,37695,12695,3900,4389,10487,16.9,608,327,42,0
Eplpa:216,Eplpa,216,37366,12366,3738,4355,9969,17.0,608,326,42,0
Eplpa:217,Eplpa,217,37497,12497,4273,4688,10486,17.1,608,326,42,0
Eplpa:218,Eplpa,218,36763,11763,3315,3551,9295,17.2,608,325,42,0
Eplpa:219,Eplpa,219,37760,12760,3898,4707,10177,17.3,608,325,42,0
Eplpa:220,Eplpa,220,36664,11664,2828,3456,9140,17.4,608,325,42,0
Eplpa:221,Eplpa,221,37032,12032,3271,4134,9371,17.6,609,324,42,0
Eplpa:222,Eplpa,222,35501,10501,1375,2249,7976,17.7,609,324,42,0
Eplpa:223,Eplpa,223,36482,11482,2612,3464,8702,17.8,609,324,42,0
Eplpa:224,Eplpa,224,36448,11448,2840,3530,8716,17.9,609,323,42,0
Eplpa:225,Eplpa,225,35703,10703,1786,2586,7382,18.0,609,323,42,0
Eplpa:226,Eplpa,226,35495,10495,1535,2295,7472,18.1,609,322,42,0
Eplpa:227,Eplpa,227,36160,11160,2885,3553,8384,18.2,609,322,42,0
Eplpa:228,Eplpa,228,36703,11703,3362,4400,8720,18.3,609,322,42,0
Eplpa:229,Eplpa,229,35896,10896,2531,3599,7943,18.4,609,321,42,0
Eplpa:230,Eplpa,230,37430,12430,3968,4895,9580,18.6,609,321,42,0
Eplpa:231,Eplpa,231,38658,13658,4632,6014,10147,18.7,609,321,42,0
Eplpa:232,Eplpa,232,36181,11181,2799,3716,8312,18.8,609,320,42,0
Eplpa:233,Eplpa,233,37245,12245,3616,4508,9306,18.9,609,320,42,0
Eplpa:234,Eplpa,234,37432,12432,4467,5231,9476,19.0,610,319,42,0
Eplpa:235,Eplpa,235,35756,10756,2810,3672,7622,19.0,610,319,42,0
Eplpa:236,Eplpa,236,36564,11564,3427,4300,9021,19.0,611,319,42,0
Eplpa:237,Eplpa,237,36696,11696,3962,4731,9135,19.0,612,320,42,0
Eplpa:238,Eplpa,238,36251,11251,3107,4078,7895,19.0,613,320,42,0
Eplpa:239,Eplpa,239,38013,13013,4797,5591,10044,19.0,613,320,42,0
Eplpa:240,Eplpa,240,35849,10849,2720,3469,7928,19.0,614,321,42,0
Eplpa:241,Eplpa,241,36103,11103,3136,3854,7953,19.0,615,321,42,0
Eplpa:242,Eplpa,242,37235,12235,4042,4733,9898,19.0,616,321,42,0
Eplpa:243,Eplpa,243,35077,10077,1964,2555,7695,19.0,616,322,42,0
Eplpa:244,Eplpa,244,36242,11242,3125,3789,9087,19.0,617,322,42,0
Eplpa:245,Eplpa,245,35747,10747,2531,3013,8857,19.0,618,322,42,0
Eplpa:246,Eplpa,246,36834,11834,3580,4130,9878,19.0,619,323,42,0
Eplpp:187,Eplpp,187,32533,7533,823,827,7327,16.0,647,335,42,0
Eplpp:188,Eplpp,188,31774,6774,208,220,6509,16.2,646,335,42,0
Eplpp:189,Eplpp,189,31227,6227,-736,-702,5882,16.4,645,335,42,0
Eplpp:190,Eplpp,190,31681,6681,-497,-315,6116,16.5,643,335,42,0
Eplpp:191,Eplpp,191,34010,9010,2125,2201,8426,16.7,642,335,42,0
Eplpp:192,Eplpp,192,33441,8441,1181,1374,8124,16.9,640,335,42,0
Eplpp:193,Eplpp,193,33792,8792,1340,1825,8244,17.1,639,335,42,0
Eplpp:194,Eplpp,194,34430,9430,1724,2070,8711,17.2,637,335,42,0
Eplpp:195,Eplpp,195,35068,10068,2042,2429,9208,17.4,636,335,42,0
Eplpp:196,Eplpp,196,34545,9545,1447,1815,8321,17.6,634,335,42,0
Eplpp:197,Eplpp,197,35754,10754,2685,3075,9621,17.8,633,335,42,0
Eplpp:198,Eplpp,198,35059,10059,1856,2378,8508,17.9,631,335,42,0
Eplpp:199,Eplpp,199,35916,10916,2937,3478,9282,18.1,630,335,42,0
Eplpp:200,Eplpp,200,36044,11044,2923,3391,9563,18.3,628,335,42,0
Eplpp:201,Eplpp,201,36384,11384,3390,3843,9711,18.5,627,335,42,0
Eplpp:202,Eplpp,202,36132,11132,2743,3268,8849,18.6,625,335,42,0
Eplpp:203,Eplpp,203,37075,12075,3536,4199,9703,18.8,624,335,42,0
Eplpp:204,Eplpp,204,38399,13399,4917,5716,10204,19.0,622,334,42,0
Eplpp:205,Eplpp,205,37917,12917,4910,5579,9792,19.1,622,334,42,0
Eplpp:206,Eplpp,206,37536,12536,4219,4769,9604,19.2,622,333,42,0
Eplpp:207,Eplpp,207,38283,13283,4816,5589,9975,19.3,622,333,42,0
Eplpp:208,Eplpp,208,39307,14307,6147,6778,11164,19.4,622,332,42,0
Eplpp:209,Eplpp,209,38457,13457,5264,6062,10163,19.5,622,332,42,0
Eplpp:210,Eplpp,210,37906,12906,4756,5284,9552,19.6,622,331,42,0
Eplpp:211,Eplpp,211,37992,12992,4438,5312,8820,19.8,622,331,42,0
Eplpp:212,Eplpp,212,40290,15290,6811,7585,11226,19.9,622,330,42,0
Eplpp:213,Eplpp,213,38392,13392,4891,5403,9764,20.0,622,330,42,0
Eplpp:214,Eplpp,214,39136,14136,6025,6676,11139,20.1,622,329,42,0
Eplpp:215,Eplpp,215,39993,14993,6649,7228,11862,20.2,622,329,42,0
Eplpp:216,Eplpp,216,40355,15355,7077,7846,12458,20.3,622,328,42,0
Eplpp:217,Eplpp,217,37575,12575,3971,4681,9556,20.4,622,328,42,0
Eplpp:218,Eplpp,218,39757,14757,6553,7251,12059,20.5,622,327,42,0
Eplpp:219,Eplpp,219,40581,15581,7276,7901,12639,20.6,622,327,42,0
Eplpp:220,Eplpp,220,39853,14853,5860,6416,12170,20.7,622,326,42,0
Eplpp:221,Eplpp,221,40149,15149,6267,6726,12209,20.8,622,326,42,0
Eplpp:222,Eplpp,222,40088,15088,6584,6985,12540,20.9,622,325,42,0
Eplpp:223,Eplpp,223,40997,15997,7927,8409,13226,21.0,622,325,42,0
Eplpp:224,Eplpp,224,39920,14920,6479,6926,12148,21.1,622,324,42,0
Eplpp:225,Eplpp,225,40635,15635,7132,7625,13133,21.3,622,324,42,0
Eplpp:226,Eplpp,226,38673,13673,4701,5087,11273,21.4,622,323,42,0
Eplpp:227,Eplpp,227,38005,13005,3959,4298,10039,21.5,622,323,42,0
Eplpp:228,Eplpp,228,38924,13924,4575,5077,11137,21.6,622,322,42,0
Eplpp:229,Eplpp,229,37616,12616,3489,3873,9748,21.7,622,322,42,0
Eplpp:230,Eplpp,230,38661,13661,4042,4454,10137,21.8,622,321,42,0
Eplpp:231,Eplpp,231,41220,16220,7195,7739,12532,21.9,622,321,42,0
Eplpp:232,Eplpp,232,38384,13384,4097,4304,10042,22.0,621,320,42,0
Eplpp:233,Eplpp,233,39706,14706,5411,5850,11014,22.0,621,320,42,0
Eplpp:234,Eplpp,234,40141,15141,6427,6733,11035,22.1,621,320,42,0
Eplpp:235,Eplpp,235,39915,14915,6270,6612,11749,22.1,621,320,42,0
Eplpp:236,Eplpp,236,37686,12686,3535,3831,9144,22.2,622,320,42,0
Eplpp:237,Eplpp,237,38504,13504,5096,5458,9776,22.2,622,320,42,0
Eplpp:238,Eplpp,238,40334,15334,6536,6815,11949,22.3,622,320,42,0
Eplpp:239,Eplpp,239,39346,14346,5292,5688,10253,22.3,622,320,42,0
Eplpp:240,Eplpp,240,40019,15019,5745,6144,11538,22.3,623,319,42,0
Eplpp:241,Eplpp,241,39907,14907,5929,6468,11087,22.4,623,319,42,0
Eplpp:242,Eplpp,242,41119,16119,6641,7454,11040,22.4,623,319,42,0
Eplpp:243,Eplpp,243,40547,15547,6267,6553,11816,22.5,623,319,42,0
Eplpp:244,Eplpp,244,40313,15313,5773,6221,11137,22.5,624,319,42,0
Eplpp:245,Eplpp,245,39250,14250,5263,5661,9954,22.6,624,319,42,0
Eplpp:246,Eplpp,246,40070,15070,5316,5785,10687,22.6,624,319,42,0
Eplpp:247,Eplpp,247,40969,15969,6754,6963,14884,22.7,624,319,42,0
Eplpp:248,Eplpp,248,41047,16047,6691,6753,14943,22.7,625,318,42,0
Eplpp:249,Eplpp,249,40453,15453,5688,5847,14505,22.7,625,318,42,0
Eplpp:250,Eplpp,250,40758,15758,6646,6693,15002,22.8,625,318,42,0
Epr:65,Epr,65,29884,4884,10,-22,4884,18.0,613,262,78,0
Epr:66,Epr,66,29680,4680,-221,-238,4666,17.0,621,217,78,0
Epr:67,Epr,67,29622,4622,-252,-273,4610,17.0,621,220,76,0
Epr:68,Epr,68,29623,4623,-205,-214,4616,17.0,621,224,74,0
Epr:69,Epr,69,29923,4923,36,36,4919,17.0,622,227,72,0
Epr:70,Epr,70,30094,5094,272,262,5092,17.0,622,231,70,0
Epr:71,Epr,71,29672,4672,-234,-245,4671,17.0,622,234,67,0
Epr:72,Epr,72,29857,4857,-144,-147,4856,17.0,623,238,65,0
Epr:73,Epr,73,29646,4646,-313,-323,4646,17.0,623,241,63,0
Epr:74,Epr,74,29566,4566,-331,-328,4566,17.0,623,245,61,0
Epr:75,Epr,75,29756,4756,-155,-155,4756,17.0,624,249,58,0
Epr:76,Epr,76,29622,4622,-324,-324,4622,17.0,624,249,58,0
Epr:77,Epr,77,30134,5134,190,190,5134,17.0,625,250,58,0
Epr:78,Epr,78,29647,4647,-235,-235,4647,17.0,625,251,58,0
Epr:79,Epr,79,29563,4563,-393,-393,4563,17.0,626,252,58,0
Epr:80,Epr,80,30001,5001,144,144,5001,17.0,627,252,58,0
Epr:81,Epr,81,30116,5116,199,199,5116,17.0,627,253,58,0
Epr:82,Epr,82,29695,4695,-60,-60,4695,17.0,628,254,58,0
Epr:83,Epr,83,29795,4795,-73,-61,3668,17.0,628,255,58,0
Epr:84,Epr,84,29679,4679,-73,-73,4679,17.0,629,255,58,0
Epr:85,Epr,85,29906,4906,-30,-6,4866,17.0,630,256,58,0
Epr:86,Epr,86,29974,4974,47,8,4536,17.0,630,257,58,0
Epr:87,Epr,87,30147,5147,232,171,4744,17.0,631,258,58,0
Epr:88,Epr,88,29628,4628,-152,-163,4189,17.0,632,258,58,0
Epr:89,Epr,89,30000,5000,57,8,4628,17.0,632,259,58,0
Epr:90,Epr,90,30208,5208,361,326,4852,17.0,633,260,58,0
Epr:91,Epr,91,30074,5074,103,98,4833,17.0,633,261,58,0
Epr:92,Epr,92,29758,4758,-94,-96,4539,17.0,634,261,58,0
Epr:93,Epr,93,30063,5063,70,30,4858,17.0,635,262,58,0
Epr:94,Epr,94,29990,4990,184,219,4834,17.0,635,263,58,0
Epr:95,Epr,95,30089,5089,56,40,4961,17.0,636,264,58,0
Epr:96,Epr,96,29963,4963,123,128,4848,17.0,637,264,58,0
Epr:97,Epr,97,29920,4920,-81,-32,4842,17.0,637,265,58,0
Epr:98,Epr,98,30596,5596,594,542,5543,17.0,638,266,58,0
Epr:99,Epr,99,30174,5174,172,138,5134,17.0,638,267,58,0
Epr:100,Epr,100,30209,5209,247,240,5173,17.0,639,267,58,0
Epr:101,Epr,101,30251,5251,263,240,5221,17.0,640,268,58,0
Epr:102,Epr,102,30335,5335,275,248,5317,17.0,640,269,58,0
Epr:103,Epr,103,30616,5616,583,579,5605,17.0,641,270,58,0
Epr:104,Epr,104,30508,5508,420,431,5500,17.0,642,271,58,0
Epr:105,Epr,105,30942,5942,787,769,5936,16.7,641,271,58,0
Epr:106,Epr,106,30765,5765,606,574,5761,16.4,639,271,58,0
Epr:107,Epr,107,30847,5847,678,669,5847,16.1,637,271,58,0
Epr:108,Epr,108,30552,5552,398,395,5552,15.9,636,271,58,0
Epr:109,Epr,109,30279,5279,245,228,5279,15.6,634,271,58,0
Epr:110,Epr,110,30128,5128,150,160,5128,15.3,632,271,58,0
Epr:111,Epr,111,29938,4938,-239,-241,4938,15.0,630,272,58,0
Epra:112,Epra,112,30046,5046,-84,-85,5046,15.0,611,246,52,0
Epra:113,Epra,113,30683,5683,591,591,5683,14.9,610,246,52,0
Epra:114,Epra,114,30593,5593,372,371,5593,14.8,608,246,52,0
Epra:115,Epra,115,30460,5460,335,333,5460,14.8,606,245,52,0
Epra:116,Epra,116,30610,5610,343,341,5610,14.7,604,245,52,0
Epra:117,Epra,117,30311,5311,233,227,5311,14.6,602,244,52,0
Epra:118,Epra,118,30366,5366,129,117,5351,14.5,600,244,52,0
Epra:119,Epra,119,30752,5752,729,709,5746,14.4,598,243,52,0
Epra:120,Epra,120,30566,5566,375,340,5557,14.3,596,243,52,0
Epra:121,Epra,121,30517,5517,471,458,5493,14.3,594,242,52,0
Epra:122,Epra,122,30620,5620,632,618,5591,14.2,592,242,52,0
Epra:123,Epra,123,30317,5317,244,243,5303,14.1,590,241,52,0
Epra:124,Epra,124,30397,5397,185,186,5380,14.0,588,241,51,0
Epra:125,Epra,125,30539,5539,260,240,5521,13.9,586,241,51,0
Epra:126,Epra,126,31427,6427,1213,1217,6422,13.8,584,240,51,0
Epra:127,Epra,127,31508,6508,1327,1309,6508,13.8,582,240,51,0
Epra:128,Epra,128,31612,6612,1463,1443,6605,13.7,580,239,51,0
Epra:129,Epra,129,31369,6369,1083,1078,6317,13.6,578,239,51,0
Epra:130,Epra,130,32267,7267,2063,2023,7252,13.5,576,238,51,0
Epra:131,Epra,131,32660,7660,2301,2260,7641,13.4,574,238,51,0
Epra:132,Epra,132,32625,7625,2273,2253,7607,13.3,572,237,51,0
Epra:133,Epra,133,32625,7625,2252,2208,7625,13.3,570,237,51,0
Epra:134,Epra,134,32422,7422,1992,1954,7386,13.2,568,236,51,0
Epra:135,Epra,135,32709,7709,2353,2320,7699,13.1,566,236,51,0
Epra:136,Epra,136,33143,8143,2783,2746,8115,13.0,564,235,50,0
Epra:137,Epra,137,32353,7353,1801,1718,7293,12.9,563,235,50,0
Epra:138,Epra,138,32341,7341,2013,1952,7187,12.8,562,236,50,0
Epra:139,Epra,139,32832,7832,2333,2300,7744,12.8,561,236,50,0
Epra:140,Epra,140,32161,7161,1849,1792,7004,12.7,560,237,50,0
Epra:141,Epra,141,32927,7927,2369,2360,7816,12.6,559,238,50,0
Epra:142,Epra,142,33061,8061,2526,2556,8061,12.5,558,238,50,0
Epra:143,Epra,143,32844,7844,2392,2362,7670,12.4,557,239,50,0
Epra:144,Epra,144,32595,7595,1844,1856,7491,12.3,556,240,50,0
Epra:145,Epra,145,31533,6533,1019,1007,6505,12.3,555,240,50,0
Epra:146,Epra,146,31976,6976,1419,1431,6973,12.2,554,241,50,0
Epra:147,Epra,147,32142,7142,1350,1342,7119,12.1,553,241,50,0
Epra:148,Epra,148,32042,7042,1210,1179,7034,12.0,552,242,50,0
Epra:149,Epra,149,31915,6915,1143,1138,6914,11.9,551,243,50,0
Epra:150,Epra,150,31877,6877,1130,1116,6868,11.8,550,243,50,0
Epra:151,Epra,151,31526,6526,965,957,6525,11.8,549,244,50,0
Epra:152,Epra,152,31633,6633,1050,1040,6623,11.7,548,245,50,0
Epra:153,Epra,153,32243,7243,1672,1665,7239,11.6,547,245,50,0
Epra:154,Epra,154,32006,7006,1349,1343,7002,11.5,546,246,50,0
Epra:155,Epra,155,32096,7096,1645,1645,7079,11.4,545,246,50,0
Epra:156,Epra,156,32683,7683,2202,2199,7683,11.3,544,247,50,0
Epra:157,Epra,157,32336,7336,1805,1804,7323,11.3,543,248,50,0
Epra:158,Epra,158,32713,7713,2267,2269,7713,11.2,542,248,50,0
Epra:159,Epra,159,32441,7441,2228,2228,7410,11.1,541,249,50,0
Epra:160,Epra,160,32849,7849,2395,2394,7799,11.0,539,250,50,0
Epra:161,Epra,161,32883,7883,2573,2560,7663,11.1,539,249,50,0
Epra:162,Epra,162,31898,6898,1468,1468,6847,11.2,540,248,50,0
Epra:163,Epra,163,32189,7189,1844,1844,7050,11.3,540,246,49,0
Epra:164,Epra,164,31272,6272,983,983,6147,11.4,541,245,49,0
Epra:165,Epra,165,32306,7306,1902,1902,7306,11.5,541,243,48,0
Epra:166,Epra,166,31867,6867,1441,1441,6698,11.6,542,242,48,0
Epra:167,Epra,167,31840,6840,1444,1444,6784,11.7,542,240,48,0
Epra:168,Epra,168,31762,6762,1430,1430,6715,11.8,543,239,47,0
Epra:169,Epra,169,31863,6863,1599,1599,6822,11.9,543,237,47,0
Epra:170,Epra,170,31728,6728,1497,1497,6695,12.0,544,236,46,0
Epra:171,Epra,171,32059,7059,1656,1656,7039,12.1,544,235,46,0
Epra:172,Epra,172,31766,6766,1157,1157,6745,12.2,545,233,46,0
Epra:173,Epra,173,31035,6035,707,707,6029,12.3,545,232,45,0
Epra:174,Epra,174,31436,6436,892,892,6419,12.4,546,230,45,0
Epra:175,Epra,175,32174,7174,1749,1749,7165,12.5,546,229,44,0
Epra:176,Epra,176,31704,6704,1208,1208,6694,12.6,547,227,44,0
Epra:177,Epra,177,31989,6989,1552,1552,6974,12.7,547,226,44,0
Epra:178,Epra,178,31302,6302,882,882,6261,12.8,548,224,43,0
Epra:179,Epra,179,30328,5328,107,107,5278,12.9,548,223,43,0
Epra:180,Epra,180,31003,6003,745,745,5953,13.0,549,221,42,0
Epraa:181,Epraa,181,30008,5008,5,-9,5000,13.0,513,245,42,0
Epraa:182,Epraa,182,30720,5720,396,396,5718,12.8,513,245,42,0
Epraa:183,Epraa,183,31220,6220,780,776,6210,12.6,513,245,42,0
Epraa:184,Epraa,184,31083,6083,758,765,6072,12.5,513,245,42,0
Epraa:185,Epraa,185,30210,5210,-78,-65,5158,12.3,513,245,42,0
Epraa:186,Epraa,186,30485,5485,192,233,5290,12.1,513,245,42,0
Epraa:187,Epraa,187,30367,5367,-80,-92,5024,11.9,513,245,42,0
Epraa:188,Epraa,188,31176,6176,897,768,5886,11.8,513,245,42,0
Epraa:189,Epraa,189,30415,5415,301,200,5157,11.6,513,245,42,0
Epraa:190,Epraa,190,30359,5359,351,223,5138,11.4,513,246,42,0
Epraa:191,Epraa,191,30802,5802,597,446,5606,11.2,513,246,42,0
Epraa:192,Epraa,192,31190,6190,1240,1207,6034,11.1,513,246,42,0
Epraa:193,Epraa,193,31017,6017,807,754,5809,10.9,513,246,42,0
Epraa:194,Epraa,194,31704,6704,1638,1560,6535,10.7,513,246,42,0
Epraa:195,Epraa,195,31310,6310,1113,1019,6162,10.5,513,246,42,0
Epraa:196,Epraa,196,31426,6426,1063,979,6288,10.4,513,246,42,0
Epraa:197,Epraa,197,30776,5776,718,702,5652,10.2,513,246,42,0
Epraa:198,Epraa,198,30822,5822,512,460,5580,10.0,512,247,42,0
Epraa:199,Epraa,199,31026,6026,668,559,5822,10.0,513,247,42,0
Epraa:200,Epraa,200,30948,5948,518,546,5711,10.0,515,248,42,0
Epraa:201,Epraa,201,31218,6218,919,892,5978,10.0,516,249,42,0
Epraa:202,Epraa,202,30990,5990,785,795,5740,10.0,518,249,42,0
Epraa:203,Epraa,203,31171,6171,769,757,5811,10.0,519,250,42,0
Epraa:204,Epraa,204,31423,6423,929,879,6004,10.0,521,251,42,0
Epraa:205,Epraa,205,30538,5538,343,309,5184,10.0,523,251,42,0
Epraa:206,Epraa,206,30609,5609,396,356,5420,10.0,524,252,42,0
Epraa:207,Epraa,207,30159,5159,-234,-263,4945,10.0,526,253,42,0
Epraa:208,Epraa,208,30749,5749,512,469,5542,10.0,527,253,42,0
Epraa:209,Epraa,209,31212,6212,948,972,6115,10.0,529,254,42,0
Epraa:210,Epraa,210,31102,6102,639,594,5962,10.0,530,255,42,0
Epraa:211,Epraa,211,31318,6318,1310,1253,6234,10.0,532,255,42,0
Epraa:212,Epraa,212,31026,6026,682,697,5923,10.0,534,256,42,0
Epraa:213,Epraa,213,30666,5666,191,184,5571,10.0,535,257,42,0
Epraa:214,Epraa,214,31149,6149,958,975,6058,10.0,537,257,42,0
Epraa:215,Epraa,215,30852,5852,474,491,5753,10.0,538,258,42,0
Epraa:216,Epraa,216,31026,6026,716,723,5815,10.0,540,259,42,0
Epraa:217,Epraa,217,30402,5402,24,35,5195,10.0,542,260,42,0
Epraa:218,Epraa,218,31053,6053,761,843,5847,10.1,542,260,42,0
Epraa:219,Epraa,219,31208,6208,928,963,6016,10.1,542,260,42,0
Epraa:220,Epraa,220,31349,6349,1228,1234,6166,10.2,542,260,42,0
Epraa:221,Epraa,221,31112,6112,869,900,6004,10.2,542,260,42,0
Epraa:222,Epraa,222,31535,6535,1341,1346,6422,10.3,542,260,42,0
Epraa:223,Epraa,223,31022,6022,711,771,5906,10.3,542,260,42,0
Epraa:224,Epraa,224,30251,5251,11,36,5127,10.4,542,260,42,0
Epraa:225,Epraa,225,30395,5395,200,237,5262,10.4,542,260,42,0
Epraa:226,Epraa,226,30998,5998,779,788,5851,10.5,542,261,42,0
Epraa:227,Epraa,227,30724,5724,657,664,5554,10.6,542,261,42,0
Epraa:228,Epraa,228,30456,5456,309,259,5287,10.6,542,261,42,0
Epraa:229,Epraa,229,30620,5620,302,286,5487,10.7,542,261,42,0
Epraa:230,Epraa,230,30708,5708,684,641,5569,10.7,542,261,42,0
Epraa:231,Epraa,231,30244,5244,129,93,5110,10.8,542,261,42,0
Epraa:232,Epraa,232,30457,5457,398,373,5314,10.8,542,261,42,0
Epraa:233,Epraa,233,30275,5275,194,197,5126,10.9,542,261,42,0
Epraa:234,Epraa,234,29991,4991,-206,-197,4837,10.9,542,261,42,0
Epraa:235,Epraa,235,30475,5475,378,359,5330,11.0,541,262,42,0
Eprap:181,Eprap,181,30788,5788,562,575,5747,13.0,580,230,42,0
Eprap:182,Eprap,182,32318,7318,2115,2116,7270,13.0,580,230,42,0
Eprap:183,Eprap,183,31907,6907,1583,1583,6877,13.0,580,231,42,0
Eprap:184,Eprap,184,30968,5968,708,706,5943,13.0,580,232,42,0
Eprap:185,Eprap,185,31235,6235,751,766,6218,13.0,580,233,42,0
Eprap:186,Eprap,186,30426,5426,213,213,5411,13.0,580,234,42,0
Eprap:187,Eprap,187,30567,5567,276,276,5556,13.0,580,235,42,0
Eprap:188,Eprap,188,30280,5280,-65,-63,5225,13.0,580,235,42,0
Eprap:189,Eprap,189,30660,5660,365,316,5554,13.0,580,236,42,0
Eprap:190,Eprap,190,30997,5997,872,863,5898,13.0,580,237,42,0
Eprap:191,Eprap,191,30985,5985,819,789,5915,13.0,580,238,42,0
Eprap:192,Eprap,192,31025,6025,881,856,5970,13.0,580,239,42,0
Eprap:193,Eprap,193,31017,6017,635,609,5964,13.0,580,240,42,0
Eprap:194,Eprap,194,31593,6593,1368,1372,6532,13.0,580,241,42,0
Eprap:195,Eprap,195,30809,5809,394,383,5758,13.0,580,241,42,0
Eprap:196,Eprap,196,30429,5429,-219,-216,5401,13.0,580,242,42,0
Eprap:197,Eprap,197,30824,5824,-357,-358,5777,13.0,580,243,42,0
Eprap:198,Eprap,198,30525,5525,-970,-854,5479,13.0,579,244,42,0
Eprap:199,Eprap,199,31548,6548,-431,-209,6455,13.0,579,245,42,0
Eprap:200,Eprap,200,31148,6148,-658,-474,6005,13.0,579,246,42,0
Eprap:201,Eprap,201,30510,5510,-996,-757,5323,13.0,579,247,42,0
Eprap:202,Eprap,202,31325,6325,177,466,6082,13.0,579,247,42,0
Eprap:203,Eprap,203,31442,6442,284,600,6168,13.0,579,248,42,0
Eprap:204,Eprap,204,30744,5744,-346,-35,5413,13.0,579,249,42,0
Eprap:205,Eprap,205,30428,5428,-831,-343,5016,13.0,579,250,42,0
Eprap:206,Eprap,206,30529,5529,-773,-221,4629,13.0,579,251,42,0
Eprap:207,Eprap,207,30948,5948,-240,217,5078,13.0,579,252,42,0
Eprap:208,Eprap,208,31260,6260,206,586,5349,13.0,579,253,42,0
Eprap:209,Eprap,209,30935,5935,-280,238,5239,13.0,579,253,42,0
Eprap:210,Eprap,210,31536,6536,433,849,5976,13.0,579,254,42,0
Eprap:211,Eprap,211,30991,5991,-291,211,5418,13.0,579,255,42,0
Eprap:212,Eprap,212,31263,6263,85,354,5761,13.0,579,256,42,0
Eprap:213,Eprap,213,30902,5902,-61,323,5446,13.0,579,257,42,0
Eprap:214,Eprap,214,31965,6965,1202,1525,6499,13.0,579,258,42,0
Eprap:215,Eprap,215,31962,6962,1068,1359,6560,13.0,578,259,42,0
Eprap:216,Eprap,216,32409,7409,1535,1841,6922,13.1,578,259,42,0
Eprap:217,Eprap,217,32761,7761,1907,2120,7249,13.2,579,259,42,0
Eprap:218,Eprap,218,32992,7992,1917,2053,7516,13.3,580,259,42,0
Eprap:219,Eprap,219,32317,7317,1250,1651,6831,13.3,580,259,42,0
Eprap:220,Eprap,220,32290,7290,1128,1366,6842,13.4,581,259,42,0
Eprap:221,Eprap,221,33035,8035,2210,2483,7571,13.5,582,259,42,0
Eprap:222,Eprap,222,33427,8427,2137,2497,7906,13.6,583,259,42,0
Eprap:223,Eprap,223,33050,8050,1824,2173,7597,13.7,583,259,42,0
Eprap:224,Eprap,224,33184,8184,1831,2204,7645,13.8,584,260,42,0
Eprap:225,Eprap,225,33739,8739,2144,2437,8154,13.9,585,260,42,0
Eprap:226,Eprap,226,34508,9508,3164,3491,9227,13.9,585,260,42,0
Eprap:227,Eprap,227,35065,10065,3801,4019,9778,14.0,586,260,42,0
Eprap:228,Eprap,228,34372,9372,3123,3239,9091,14.1,587,260,42,0
Eprap:229,Eprap,229,34634,9634,2773,3197,9345,14.2,588,260,42,0
Eprap:230,Eprap,230,36607,11607,5274,5416,11326,14.3,588,260,42,0
Eprap:231,Eprap,231,35363,10363,3875,4104,10100,14.4,589,260,42,0
Eprap:232,Eprap,232,34592,9592,2920,3111,9069,14.5,590,260,42,0
Eprap:233,Eprap,233,34353,9353,3006,3205,8816,14.5,590,261,42,0
Eprap:234,Eprap,234,34782,9782,3100,3267,9282,14.6,591,261,42,0
Eprap:235,Eprap,235,35519,10519,3681,3843,10047,14.7,592,261,42,0
Eprap:236,Eprap,236,35529,10529,3612,3895,10055,14.8,593,261,42,0
Eprap:237,Eprap,237,36424,11424,4546,4626,10968,14.9,593,261,42,0
Eprap:238,Eprap,238,36072,11072,4124,4408,10555,15.0,594,261,42,0
Eprap:239,Eprap,239,36068,11068,4273,4534,10573,15.1,595,261,42,0
Eprap:240,Eprap,240,36551,11551,4633,4831,11081,15.1,595,261,42,0
Eprap:241,Eprap,241,35749,10749,3864,4041,10242,15.2,596,261,42,0
Eprap:242,Eprap,242,36124,11124,4080,4245,10664,15.3,597,262,42,0
Eprap:243,Eprap,243,35938,10938,3814,3811,10537,15.4,598,262,42,0
Eprap:244,Eprap,244,36940,11940,4939,4935,11546,15.5,598,262,42,0
Eprap:245,Eprap,245,36598,11598,4605,4463,11228,15.6,599,262,42,0
Eprap:246,Eprap,246,35502,10502,3220,3224,10114,15.7,600,262,42,0
Eprap:247,Eprap,247,36338,11338,4591,4629,10946,15.7,600,262,42,0
Eprap:248,Eprap,248,35742,10742,3783,3682,10072,15.8,601,262,42,0
Eprap:249,Eprap,249,35030,10030,2685,2490,9931,15.9,602,262,42,0
Eprap:250,Eprap,250,35704,10704,3584,3393,10615,16.0,603,263,42,0
Eprp:112,Eprp,112,30218,5218,66,66,5218,15.0,677,288,52,0
Eprp:113,Eprp,113,30699,5699,518,528,5699,15.0,677,288,52,0
Eprp:114,Eprp,114,30870,5870,673,689,5870,14.9,676,288,52,0
Eprp:115,Eprp,115,30406,5406,-76,-55,5406,14.9,676,287,52,0
Eprp:116,Eprp,116,30495,5495,225,233,5495,14.9,675,287,52,0
Eprp:117,Eprp,117,30503,5503,273,287,5503,14.8,675,287,52,0
Eprp:118,Eprp,118,30317,5317,33,35,5317,14.8,674,286,51,0
Eprp:119,Eprp,119,30338,5338,196,204,5338,14.8,674,286,51,0
Eprp:120,Eprp,120,30493,5493,243,243,5493,14.7,673,285,51,0
Eprp:121,Eprp,121,29793,4793,-407,-406,4793,14.7,673,285,51,0
Eprp:122,Eprp,122,30570,5570,461,465,5549,14.7,672,285,51,0
Eprp:123,Eprp,123,30019,5019,-131,-125,5009,14.6,672,284,50,0
Eprp:124,Eprp,124,30176,5176,-4,-4,5169,14.6,671,284,50,0
Eprp:125,Eprp,125,29874,4874,-328,-333,4862,14.6,671,283,50,0
Eprp:126,Eprp,126,30189,5189,-74,-77,5171,14.5,670,283,50,0
Eprp:127,Eprp,127,30249,5249,-32,-56,5230,14.5,670,283,50,0
Eprp:128,Eprp,128,30925,5925,687,686,5922,14.5,669,282,49,0
Eprp:129,Eprp,129,30941,5941,544,543,5939,14.5,669,282,49,0
Eprp:130,Eprp,130,31502,6502,791,762,6227,14.4,668,282,49,0
Eprp:131,Eprp,131,31997,6997,1574,1552,6793,14.4,668,281,49,0
Eprp:132,Eprp,132,31819,6819,1429,1410,6583,14.4,667,281,49,0
Eprp:133,Eprp,133,31511,6511,1027,1010,6467,14.3,667,280,48,0
Eprp:134,Eprp,134,31249,6249,712,705,6158,14.3,666,280,48,0
Eprp:135,Eprp,135,31989,6989,1550,1547,6951,14.3,666,280,48,0
Eprp:136,Eprp,136,31418,6418,776,777,6363,14.2,665,279,48,0
Eprp:137,Eprp,137,32045,7045,1470,1452,6988,14.2,665,279,48,0
Eprp:138,Eprp,138,31885,6885,1057,1033,6841,14.2,664,278,47,0
Eprp:139,Eprp,139,33225,8225,2565,2561,8198,14.1,664,278,47,0
Eprp:140,Eprp,140,32842,7842,2098,2096,7820,14.1,663,278,47,0
Eprp:141,Eprp,141,33100,8100,2491,2501,8072,14.1,663,277,47,0
Eprp:142,Eprp,142,32597,7597,1885,1877,7584,14.0,662,277,47,0
Eprp:143,Eprp,143,33066,8066,2280,2280,8032,14.0,661,276,46,0
Eprp:144,Eprp,144,32506,7506,1741,1731,7437,14.0,660,276,46,0
Eprp:145,Eprp,145,33224,8224,2365,2365,8224,14.1,659,276,46,0
Eprp:146,Eprp,146,33339,8339,2409,2408,8288,14.1,658,275,46,0
Eprp:147,Eprp,147,33611,8611,2692,2691,8547,14.1,657,275,46,0
Eprp:148,Eprp,148,33662,8662,2744,2743,8634,14.2,656,274,46,0
Eprp:149,Eprp,149,33389,8389,2480,2488,8359,14.2,654,274,46,0
Eprp:150,Eprp,150,33843,8843,2681,2681,8843,14.3,653,273,46,0
Eprp:151,Eprp,151,33809,8809,2427,2454,8803,14.3,652,273,46,0
Eprp:152,Eprp,152,33277,8277,1971,1983,8274,14.3,651,272,46,0
Eprp:153,Eprp,153,33574,8574,2230,2255,8566,14.4,650,272,46,0
Eprp:154,Eprp,154,33844,8844,2605,2646,8838,14.4,648,271,46,0
Eprp:155,Eprp,155,33260,8260,1848,1862,8260,14.4,647,271,46,0
Eprp:156,Eprp,156,33382,8382,1849,1870,8373,14.5,646,270,46,0
Eprp:157,Eprp,157,34090,9090,2869,2868,9089,14.5,645,270,46,0
Eprp:158,Eprp,158,33816,8816,2712,2752,8814,14.6,644,269,46,0
Eprp:159,Eprp,159,33633,8633,2443,2494,8629,14.6,643,269,46,0
Eprp:160,Eprp,160,33390,8390,1979,2002,8389,14.6,641,268,46,0
Eprp:161,Eprp,161,34123,9123,2982,2982,9121,14.7,640,268,46,0
Eprp:162,Eprp,162,33307,8307,2085,2071,8305,14.7,639,267,46,0
Eprp:163,Eprp,163,33395,8395,2224,2220,8388,14.7,638,267,46,0
Eprp:164,Eprp,164,34096,9096,2806,2799,9084,14.8,637,266,46,0
Eprp:165,Eprp,165,34069,9069,2725,2737,9068,14.8,635,266,46,0
Eprp:166,Eprp,166,34314,9314,3229,3228,9312,14.9,634,265,46,0
Eprp:167,Eprp,167,33718,8718,2369,2382,8717,14.9,633,265,46,0
Eprp:168,Eprp,168,35023,10023,3612,3608,10023,14.9,632,264,46,0
Eprp:169,Eprp,169,34535,9535,3480,3495,9535,15.0,631,264,46,0
Eprp:170,Eprp,170,34998,9998,4060,4059,9997,15.0,629,263,46,0
Eprp:171,Eprp,171,34965,9965,3566,3560,9964,15.1,628,262,46,0
Eprp:172,Eprp,172,34986,9986,3512,3512,9985,15.2,627,261,46,0
Eprp:173,Eprp,173,33946,8946,2781,2777,8945,15.3,626,260,46,0
Eprp:174,Eprp,174,33630,8630,2409,2404,8629,15.4,625,259,46,0
Eprp:175,Eprp,175,34198,9198,3070,3072,9198,15.6,624,258,46,0
Eprp:176,Eprp,176,35238,10238,3949,3948,10238,15.7,623,257,46,0
Eprp:177,Eprp,177,35396,10396,3663,3662,10396,15.8,622,256,46,0
Eprp:178,Eprp,178,35225,10225,3867,3867,10225,15.9,621,255,46,0
Eprp:179,Eprp,179,33755,8755,2249,2249,8755,16.0,619,254,46,0
Eprp:180,Eprp,180,33108,8108,1547,1547,8108,16.1,619,254,46,0
Eprp:181,Eprp,181,32175,7175,781,799,7141,16.3,620,255,46,0
Eprp:182,Eprp,182,33107,8107,1325,1342,8085,16.4,621,256,46,0
Eprp:183,Eprp,183,33380,8380,1582,1605,8373,16.5,622,257,45,0
Eprp:184,Eprp,184,34525,9525,2398,2391,9511,16.6,623,258,45,0
Eprp:185,Eprp,185,34665,9665,2355,2350,9652,16.8,624,259,45,0
Eprp:186,Eprp,186,35184,10184,3138,3140,10175,16.9,625,260,45,0
Eprp:187,Eprp,187,37390,12390,5017,5017,12381,17.0,626,261,44,0
Eprp:188,Eprp,188,38036,13036,6051,6050,13027,17.1,627,262,44,0
Eprp:189,Eprp,189,38889,13889,6841,6841,13884,17.3,628,263,44,0
Eprp:190,Eprp,190,37943,12943,5664,5664,12939,17.4,629,264,44,0
Eprp:191,Eprp,191,37132,12132,4435,4435,12130,17.5,630,265,43,0
Eprp:192,Eprp,192,37266,12266,4730,4730,12251,17.6,631,266,43,0
Eprp:193,Eprp,193,33894,8894,1575,1575,8881,17.8,632,267,43,0
Eprp:194,Eprp,194,32124,7124,158,158,7121,17.9,633,268,43,0
Eprp:195,Eprp,195,33089,8089,1094,1094,8080,18.0,634,269,42,0
Eprpa:196,Eprpa,196,32208,7208,630,679,7109,17.0,610,275,42,0
Eprpa:197,Eprpa,197,32979,7979,1263,1306,7845,16.9,610,274,42,0
Eprpa:198,Eprpa,198,33055,8055,1212,1220,7921,16.8,610,272,42,0
Eprpa:199,Eprpa,199,34036,9036,1730,1926,8946,16.8,610,270,42,0
Eprpa:200,Eprpa,200,35669,10669,3614,3714,10500,16.7,610,268,42,0
Eprpa:201,Eprpa,201,35844,10844,4227,4189,10620,16.6,609,266,42,0
Eprpa:202,Eprpa,202,37191,12191,5525,5631,11897,16.5,609,264,42,0
Eprpa:203,Eprpa,203,37159,12159,5609,5525,11831,16.5,609,263,42,0
Eprpa:204,Eprpa,204,37746,12746,6123,6076,12403,16.4,609,261,42,0
Eprpa:205,Eprpa,205,38798,13798,7024,7000,13422,16.3,608,259,42,0
Eprpa:206,Eprpa,206,39774,14774,8190,8234,14413,16.2,608,257,42,0
Eprpa:207,Eprpa,207,38152,13152,6732,6841,12711,16.2,608,255,42,0
Eprpa:208,Eprpa,208,37845,12845,6260,6246,12354,16.1,608,253,42,0
Eprpa:209,Eprpa,209,39182,14182,7636,7647,13605,16.0,607,251,42,0
Eprpa:210,Eprpa,210,38042,13042,6412,6398,12473,16.0,608,251,42,0
Eprpa:211,Eprpa,211,39886,14886,8175,8171,14326,16.0,609,252,42,0
Eprpa:212,Eprpa,212,38661,13661,6714,6797,13066,16.0,610,252,42,0
Eprpa:213,Eprpa,213,38091,13091,6203,6145,12518,16.0,611,253,42,0
Eprpa:214,Eprpa,214,38786,13786,6893,6982,13174,16.0,612,254,42,0
Eprpa:215,Eprpa,215,38610,13610,6682,6878,13044,16.0,613,254,42,0
Eprpa:216,Eprpa,216,40007,15007,8193,8551,14236,16.0,614,255,42,0
Eprpa:217,Eprpa,217,39572,14572,7449,7728,13769,16.0,615,255,42,0
Eprpa:218,Eprpa,218,37723,12723,5474,5980,11722,16.0,616,256,42,0
Eprpa:219,Eprpa,219,39184,14184,6863,7531,13262,16.0,618,257,42,0
Eprpa:220,Eprpa,220,37685,12685,5285,5760,11820,16.0,619,257,42,0
Eprpa:221,Eprpa,221,37867,12867,5440,6087,11569,16.0,620,258,42,0
Eprpa:222,Eprpa,222,38725,13725,6081,6695,12495,16.0,621,258,42,0
Eprpa:223,Eprpa,223,37034,12034,4376,4789,10567,16.0,622,259,42,0
Eprpa:224,Eprpa,224,38666,13666,6258,6691,12386,16.0,623,260,42,0
Eprpa:225,Eprpa,225,39047,14047,6504,7084,12703,16.0,624,260,42,0
Eprpa:226,Eprpa,226,37912,12912,5007,5679,11088,16.0,625,261,42,0
Eprpa:227,Eprpa,227,37868,12868,5198,5762,11331,16.0,626,261,42,0
Eprpa:228,Eprpa,228,37451,12451,4857,5518,10933,16.0,627,262,42,0
Eprpa:229,Eprpa,229,37845,12845,5163,5876,11175,16.0,629,263,42,0
Eprpa:230,Eprpa,230,37398,12398,4813,5382,10865,16.2,629,263,42,0
Eprpa:231,Eprpa,231,35553,10553,2764,3641,8439,16.3,629,262,42,0
Eprpa:232,Eprpa,232,36759,11759,4145,4744,10066,16.5,629,261,42,0
Eprpa:233,Eprpa,233,37236,12236,4613,5349,10995,16.6,629,261,42,0
Eprpa:234,Eprpa,234,35982,10982,3629,4230,9875,16.8,629,260,42,0
Eprpa:235,Eprpa,235,35892,10892,3338,4094,9562,16.9,629,259,42,0
Eprpa:236,Eprpa,236,35538,10538,2999,3578,9309,17.1,629,259,42,0
Eprpa:237,Eprpa,237,35185,10185,2928,3456,9206,17.3,629,258,42,0
Eprpa:238,Eprpa,238,36358,11358,3788,4419,10467,17.4,629,257,42,0
Eprpa:239,Eprpa,239,35555,10555,3223,3739,9528,17.6,629,257,42,0
Eprpa:240,Eprpa,240,34493,9493,2447,3063,8519,17.7,629,256,42,0
Eprpa:241,Eprpa,241,34873,9873,2740,3131,9159,17.9,629,255,42,0
Eprpa:242,Eprpa,242,36052,11052,3755,4126,10278,18.1,629,255,42,0
Eprpa:243,Eprpa,243,34534,9534,2120,2567,8742,18.2,629,254,42,0
Eprpa:244,Eprpa,244,35045,10045,2896,3266,9255,18.4,629,253,42,0
Eprpa:245,Eprpa,245,34118,9118,1630,1972,8373,18.5,629,253,42,0
Eprpa:246,Eprpa,246,34642,9642,2227,2490,8935,18.7,629,252,42,0
Eprpa:247,Eprpa,247,34843,9843,2466,2663,9145,18.8,629,251,42,0
Eprpa:248,Eprpa,248,34565,9565,2119,2415,8904,19.0,628,250,42,0
Eprpp:196,Eprpp,196,32808,7808,1259,1224,7730,19.0,657,277,42,0
Eprpp:197,Eprpp,197,33725,8725,2144,2083,8649,19.0,657,277,42,0
Eprpp:198,Eprpp,198,32725,7725,1127,1061,7641,19.1,656,277,42,0
Eprpp:199,Eprpp,199,33918,8918,2389,2379,8817,19.1,655,277,42,0
Eprpp:200,Eprpp,200,35070,10070,3329,3328,9938,19.1,654,276,42,0
Eprpp:201,Eprpp,201,34184,9184,2234,2232,9069,19.1,653,276,42,0
Eprpp:202,Eprpp,202,35293,10293,3563,3534,10161,19.2,652,276,42,0
Eprpp:203,Eprpp,203,33978,8978,2308,2357,8831,19.2,651,275,42,0
Eprpp:204,Eprpp,204,34557,9557,1775,1824,9403,19.2,650,275,42,0
Eprpp:205,Eprpp,205,35186,10186,3096,3119,9995,19.3,649,275,42,0
Eprpp:206,Eprpp,206,35491,10491,2885,3079,10282,19.3,648,274,42,0
Eprpp:207,Eprpp,207,35778,10778,3481,3643,10580,19.3,647,274,42,0
Eprpp:208,Eprpp,208,35270,10270,2836,2915,10073,19.3,646,274,42,0
Eprpp:209,Eprpp,209,37165,12165,4529,4656,12007,19.4,645,273,42,0
Eprpp:210,Eprpp,210,37188,12188,4308,4427,12012,19.4,644,273,42,0
Eprpp:211,Eprpp,211,36360,11360,3619,3800,11206,19.4,643,273,42,0
Eprpp:212,Eprpp,212,37669,12669,5170,5353,12406,19.5,642,272,42,0
Eprpp:213,Eprpp,213,37862,12862,4417,4708,12472,19.5,641,272,42,0
Eprpp:214,Eprpp,214,37876,12876,4874,5125,12359,19.5,641,272,42,0
Eprpp:215,Eprpp,215,38301,13301,5271,5598,12661,19.5,640,272,42,0
Eprpp:216,Eprpp,216,39294,14294,6139,6645,13680,19.6,639,271,42,0
Eprpp:217,Eprpp,217,38693,13693,4931,5379,12885,19.6,638,271,42,0
Eprpp:218,Eprpp,218,41068,16068,7375,7941,15059,19.6,637,271,42,0
Eprpp:219,Eprpp,219,39904,14904,6547,7086,13201,19.7,636,270,42,0
Eprpp:220,Eprpp,220,38151,13151,4456,5042,11399,19.7,635,270,42,0
Eprpp:221,Eprpp,221,39272,14272,5556,6100,12701,19.7,634,270,42,0
Eprpp:222,Eprpp,222,37966,12966,4102,4655,10759,19.7,633,269,42,0
Eprpp:223,Eprpp,223,40178,15178,6726,7233,12869,19.8,632,269,42,0
Eprpp:224,Eprpp,224,38361,13361,4161,4765,10148,19.8,631,269,42,0
Eprpp:225,Eprpp,225,38671,13671,4746,5343,9885,19.8,630,268,42,0
Eprpp:226,Eprpp,226,40471,15471,6726,7236,12454,19.9,629,268,42,0
Eprpp:227,Eprpp,227,38410,13410,4186,4637,10184,19.9,628,268,42,0
Eprpp:228,Eprpp,228,38281,13281,3795,4263,9661,19.9,627,267,42,0
Eprpp:229,Eprpp,229,39932,14932,6174,6611,11340,19.9,626,267,42,0
Eprpp:230,Eprpp,230,37268,12268,3289,3783,8587,20.0,625,267,42,0
Eprpp:231,Eprpp,231,39058,14058,5330,5611,11043,20.0,624,266,42,0
Eprpp:232,Eprpp,232,37678,12678,3256,3874,9409,20.2,622,266,42,0
Eprpp:233,Eprpp,233,37190,12190,2873,3419,8275,20.4,620,266,42,0
Eprpp:234,Eprpp,234,36525,11525,2569,3106,7812,20.6,618,267,42,0
Eprpp:235,Eprpp,235,39018,14018,4701,5107,11515,20.8,615,267,42,0
Eprpp:236,Eprpp,236,38943,13943,4583,5004,11814,21.0,613,268,42,0
Eprpp:237,Eprpp,237,38358,13358,4463,4775,10791,21.2,611,268,42,0
Eprpp:238,Eprpp,238,37524,12524,3038,3544,10545,21.4,609,269,42,0
Eprpp:239,Eprpp,239,38639,13639,4675,4885,12081,21.6,606,269,42,0
Eprpp:240,Eprpp,240,38365,13365,4527,4693,11970,21.8,604,270,42,0
Eprpp:241,Eprpp,241,37780,12780,3368,3693,10862,22.0,602,270,42,0
Eprpp:242,Eprpp,242,37926,12926,2704,3152,11429,22.2,600,271,42,0
Eprpp:243,Eprpp,243,37667,12667,3301,3436,11704,22.4,597,271,42,0
Eprpp:244,Eprpp,244,37930,12930,3583,3942,11678,22.6,595,272,42,0
Eprpp:245,Eprpp,245,37271,12271,3261,3548,10936,22.8,593,272,42,0
Eprpp:246,Eprpp,246,35932,10932,2125,2406,9728,23.0,590,273,42,0
P2:1,P2,1,29330,4330,-396,-396,4330,15.0,737,272,110,0
P2:2,P2,2,29516,4516,-235,-235,4516,15.0,732,274,108,0
P2:3,P2,3,29496,4496,-318,-318,4496,15.0,726,277,106,0
P2:4,P2,4,29487,4487,-379,-379,4487,15.0,720,279,103,0
P2:5,P2,5,29537,4537,-306,-306,4537,15.0,714,282,101,0
P2:6,P2,6,29412,4412,-525,-525,4412,15.0,708,285,98,0
P2:7,P2,7,29780,4780,-260,-260,4780,15.0,703,287,96,0
P2:8,P2,8,29545,4545,-422,-422,4545,15.0,697,290,94,0
P2:9,P2,9,29126,4126,-624,-624,4126,15.0,691,292,91,0
P2:10,P2,10,29330,4330,-551,-551,4330,15.0,685,295,89,0
P2:11,P2,11,29194,4194,-668,-668,4194,15.0,679,298,86,0
C:12,C,12,29689,4689,-269,-305,4687,13.5,664,289,86,0
C:13,C,13,29468,4468,-598,-598,4468,12.0,649,280,86,0
C:14,C,14,29434,4434,-501,-501,4434,11.8,644,281,86,0
C:15,C,15,29791,4791,-50,-50,4791,11.6,638,282,86,0
C:16,C,16,29835,4835,-154,-154,4835,11.4,633,283,86,0
C:17,C,17,29923,4923,4,4,4923,11.2,627,284,86,0
C:18,C,18,29960,4960,59,59,4960,11.0,621,286,86,0
C:19,C,19,29960,4960,95,95,4960,10.8,616,287,86,0
C:20,C,20,29928,4928,76,76,4928,10.6,610,288,86,0
C:21,C,21,29896,4896,37,37,4896,10.4,605,289,86,0
C:22,C,22,29764,4764,-131,-131,4764,10.2,599,290,86,0
C:23,C,23,29915,4915,-29,-29,4915,10.0,593,292,86,0
C:24,C,24,29635,4635,-214,-214,4635,9.8,588,293,86,0
C:25,C,25,29355,4355,-617,-617,4355,9.6,582,294,86,0
C:26,C,26,29266,4266,-617,-617,4266,9.4,577,295,86,0
C:27,C,27,29157,4157,-823,-823,4157,9.2,571,296,86,0
C:28,C,28,29232,4232,-715,-715,4232,9.0,565,298,86,0
C:29,C,29,29313,4313,-684,-684,4313,9.0,568,297,86,0
C:30,C,30,29491,4491,-504,-504,4491,9.0,572,296,86,0
Ca:31,Ca,31,29482,4482,-447,-485,4482,10.0,534,315,83,0
Ca:32,Ca,32,29345,4345,-540,-540,4345,11.0,495,335,80,0
Ca:33,Ca,33,29373,4373,-528,-528,4373,10.9,498,337,80,0
Ca:34,Ca,34,29220,4220,-691,-691,4220,10.7,502,340,80,0
Ca:35,Ca,35,29696,4696,-176,-180,4696,10.6,506,343,80,0
Ca:36,Ca,36,29450,4450,-390,-391,4450,10.4,509,345,79,0
Ca:37,Ca,37,29487,4487,-250,-250,4487,10.3,513,348,79,0
Ca:38,Ca,38,29411,4411,-474,-474,4411,10.1,517,351,79,0
Ca:39,Ca,39,29259,4259,-563,-563,4259,10.0,521,354,78,0
Ca:40,Ca,40,29543,4543,-304,-304,4543,9.9,524,356,78,0
Ca:41,Ca,41,29373,4373,-400,-400,4373,9.7,528,359,78,0
Ca:42,Ca,42,29352,4352,-506,-506,4352,9.6,532,362,78,0
Ca:43,Ca,43,29383,4383,-372,-372,4383,9.4,535,364,77,0
Ca:44,Ca,44,29584,4584,-262,-262,4584,9.3,539,367,77,0
Cp:31,Cp,31,29555,4555,-520,-595,4555,8.5,595,293,83,0
Cp:32,Cp,32,29605,4605,-520,-520,4605,8.0,618,290,80,0
P3:12,P3,12,29611,4611,-454,-489,4609,18.0,703,330,86,0
P3:13,P3,13,29724,4724,-225,-225,4724,21.0,727,363,86,0
