cellTime,cell,time,none,global,local,blot,cross,z,x,y,size,gweight
AB:1,AB,1,27894,2894,-676,-680,2894,15.7,271,203,80,1757185
ABa:2,ABa,2,27874,2874,-732,-840,2850,14.9,262,187,73,1079637
ABa:3,ABa,3,27713,2713,-679,-694,2713,16.1,252,204,64,793236
ABa:4,ABa,4,27355,2355,-886,-886,2355,16.1,255,195,63,749097
ABa:5,ABa,5,27657,2657,-610,-636,2616,17.1,250,196,62,801557
ABa:6,ABa,6,27481,2481,-968,-968,2481,15.1,217,177,63,898553
ABa:7,ABa,7,27290,2290,-1171,-1171,2290,16.0,210,177,63,1049057
ABa:8,ABa,8,27404,2404,-987,-988,2404,16.1,207,182,63,1112206
ABa:9,ABa,9,28631,3631,-308,-321,3628,16.1,237,199,80,249572
ABa:10,ABa,10,28675,3675,-72,-101,3583,17.1,222,190,58,968888
ABal:11,ABal,11,28017,3017,-629,-647,3017,13.4,226,153,53,631532
ABal:12,ABal,12,27495,2495,-1750,-1782,2495,14.3,216,145,59,701720
ABal:13,ABal,13,27255,2255,-1689,-1764,2255,14.1,207,152,60,764225
ABal:14,ABal,14,27395,2395,-1735,-1735,2395,12.3,194,163,61,835455
ABal:15,ABal,15,27242,2242,-1849,-1845,2242,12.2,165,166,61,990812
ABal:16,ABal,16,27362,2362,-1879,-1879,2362,12.2,172,141,61,1152509
ABal:17,ABal,17,27755,2755,-1522,-1522,2755,14.5,156,155,62,1396064
ABal:18,ABal,18,27487,2487,-1630,-1630,2487,16.1,153,156,63,1517001
ABal:19,ABal,19,27282,2282,-1652,-1652,2282,17.1,144,168,65,1860140
ABal:20,ABal,20,28142,3142,-962,-962,3142,19.1,150,176,67,1431526
ABal:21,ABal,21,28066,3066,-1450,-1450,3066,19.4,165,148,63,1116201
ABala:22,ABala,22,28390,3390,-880,-903,3389,17.4,163,118,63,1035235
ABala:23,ABala,23,28247,3247,-1132,-1151,3247,19.8,165,122,63,943819
ABala:24,ABala,24,27952,2952,-988,-988,2952,20.6,152,119,65,1114847
ABala:25,ABala,25,27846,2846,-1067,-1067,2846,22.8,147,122,66,1429035
ABala:26,ABala,26,28006,3006,-1255,-1255,3006,20.1,144,118,67,1600437
ABala:27,ABala,27,27981,2981,-1378,-1378,2981,19.5,152,114,67,1714861
ABala:28,ABala,28,27561,2561,-1731,-1731,2561,18.7,156,108,66,1797719
ABala:29,ABala,29,27659,2659,-1577,-1577,2659,18.5,149,110,69,2051212
ABala:30,ABala,30,27827,2827,-1341,-1341,2827,19.7,155,109,69,1946568
ABala:31,ABala,31,27698,2698,-1494,-1494,2698,20.0,169,105,70,2291396
ABala:32,ABala,32,28169,3169,-1169,-1169,3169,19.8,187,95,69,1500352
ABala:33,ABala,33,28909,3909,-471,-471,3909,20.9,165,108,65,1394800
ABalaa:34,ABalaa,34,28929,3929,-311,-334,3910,20.3,155,96,56,909723
ABalaa:35,ABalaa,35,28683,3683,-206,-204,3683,21.7,156,97,59,936583
ABalaa:36,ABalaa,36,28346,3346,-254,-278,3344,22.7,154,97,60,1058021
ABalaa:37,ABalaa,37,27867,2867,-1125,-1125,2867,22.0,149,98,61,1187292
ABalaa:38,ABalaa,38,27993,2993,-1213,-1216,2993,23.8,148,109,61,1198013
ABalaa:39,ABalaa,39,28406,3406,-747,-752,3406,24.0,146,119,62,1336520
ABalaa:40,ABalaa,40,28006,3006,-1035,-1039,3006,24.8,156,116,62,1329904
ABalaa:41,ABalaa,41,28070,3070,-1005,-1025,3070,23.7,154,109,62,1343610
ABalaa:42,ABalaa,42,28168,3168,-1104,-1127,3168,22.8,149,106,60,1334061
ABalaa:43,ABalaa,43,28141,3141,-1044,-1054,3141,21.9,156,99,61,1376924
ABalaa:44,ABalaa,44,28481,3481,-700,-724,3481,22.0,152,108,62,1467555
ABalaa:45,ABalaa,45,27909,2909,-1242,-1267,2909,22.0,149,109,62,1525129
ABalaa:46,ABalaa,46,28059,3059,-736,-741,3059,22.7,147,106,62,1460642
ABalaa:47,ABalaa,47,27380,2380,-1539,-1537,2380,22.9,146,106,61,1458036
ABalaa:48,ABalaa,48,28188,3188,-681,-679,3188,22.8,146,109,61,1446301
ABalaa:49,ABalaa,49,28629,3629,-316,-310,3629,22.8,149,109,62,1272270
ABalaa:50,ABalaa,50,27906,2906,-1169,-1140,2906,23.1,141,121,59,1104067
ABalaaa:51,ABalaaa,51,28604,3604,-196,-209,3603,21.0,130,112,51,692229
ABalaaa:52,ABalaaa,52,28855,3855,-266,-244,3848,21.4,130,114,54,789566
ABalaaa:53,ABalaaa,53,28742,3742,-213,-177,3739,23.1,131,119,55,789014
ABalaaa:54,ABalaaa,54,28684,3684,-33,54,3683,22.2,126,119,55,820739
ABalaaa:55,ABalaaa,55,29795,4795,695,680,4793,21.8,136,111,55,887860
ABalaaa:56,ABalaaa,56,29912,4912,863,868,4912,21.9,136,107,55,917983
ABalaaa:57,ABalaaa,57,29749,4749,765,802,4746,21.0,133,108,55,935557
ABalaaa:58,ABalaaa,58,30262,5262,1313,1313,5254,19.9,132,112,55,942313
ABalaaa:59,ABalaaa,59,30524,5524,1218,1220,5514,20.0,134,110,54,967923
ABalaaa:60,ABalaaa,60,31627,6627,2545,2533,6595,20.2,137,104,53,891597
ABalaaa:61,ABalaaa,61,31303,6303,2022,2014,6292,20.9,144,100,53,891467
ABalaaa:62,ABalaaa,62,32741,7741,2951,2959,7700,20.1,140,103,53,899077
ABalaaa:63,ABalaaa,63,33032,8032,3468,3454,8012,20.1,138,103,53,741388
ABalaaa:64,ABalaaa,64,33118,8118,3703,3774,8114,20.8,138,104,54,772266
ABalaaa:65,ABalaaa,65,34112,9112,4796,4902,9107,20.9,142,97,54,788881
ABalaaa:66,ABalaaa,66,33580,8580,4068,4116,8553,20.1,130,111,54,823215
ABalaaa:67,ABalaaa,67,33731,8731,3926,4084,8687,20.1,131,119,53,765886
ABalaaa:68,ABalaaa,68,33983,8983,4325,4522,8960,21.9,131,121,52,767188
ABalaaa:69,ABalaaa,69,31291,6291,1068,1070,6255,22.1,137,120,50,672874
ABalaaa:70,ABalaaa,70,30243,5243,-431,-438,5242,22.0,143,114,45,510902
ABalaaaa:71,ABalaaaa,71,33770,8770,3818,3801,8650,23.4,129,125,42,294315
ABalaaaa:72,ABalaaaa,72,35849,10849,6646,6660,10800,23.0,123,122,44,337598
ABalaaaa:73,ABalaaaa,73,34775,9775,5443,5413,9705,22.1,130,111,44,346162
ABalaaaa:74,ABalaaaa,74,35459,10459,6099,6118,10413,22.0,128,112,44,368383
ABalaaaa:75,ABalaaaa,75,36571,11571,6869,6963,11395,22.0,127,112,44,389180
ABalaaaa:76,ABalaaaa,76,35804,10804,6205,6258,10667,21.0,130,108,44,389005
ABalaaaa:77,ABalaaaa,77,38266,13266,8844,8825,13164,22.1,137,102,44,393212
ABalaaaa:78,ABalaaaa,78,35957,10957,6186,6175,10587,21.1,140,100,44,382893
ABalaaaa:79,ABalaaaa,79,37677,12677,8065,8112,12238,21.1,144,98,44,405945
ABalaaaa:80,ABalaaaa,80,35890,10890,5931,5873,10600,21.0,143,97,44,404833
ABalaaaa:81,ABalaaaa,81,39232,14232,9227,9179,13950,20.1,147,96,44,434208
ABalaaaa:82,ABalaaaa,82,38534,13534,8513,8669,13157,19.1,147,106,44,437658
ABalaaaa:83,ABalaaaa,83,37537,12537,7312,7418,12448,19.1,153,96,46,510054
ABalaaaa:84,ABalaaaa,84,37024,12024,7068,7116,11398,18.1,156,91,44,442201
ABalaaaa:85,ABalaaaa,85,38780,13780,8597,8614,12688,18.0,161,91,44,467102
ABalaaaa:86,ABalaaaa,86,38956,13956,8602,8570,13776,17.9,159,95,44,464546
ABalaaaa:87,ABalaaaa,87,41447,16447,11298,11514,16192,17.1,158,93,45,469338
ABalaaaa:88,ABalaaaa,88,40174,15174,9635,9971,14687,17.0,150,99,45,492239
ABalaaaa:89,ABalaaaa,89,39889,14889,9152,9707,14285,17.1,149,104,45,503055
ABalaaaa:90,ABalaaaa,90,39716,14716,9230,9712,14392,17.1,143,102,44,419689
ABalaaaa:91,ABalaaaa,91,41673,16673,10992,11004,16492,18.0,132,109,42,371910
ABalaaaa:92,ABalaaaa,92,41079,16079,10236,10306,15699,17.1,131,120,44,436998
ABalaaaa:93,ABalaaaa,93,40535,15535,9238,9673,12630,17.2,140,104,43,407887
ABalaaaa:94,ABalaaaa,94,33133,8133,-55,258,2722,18.1,150,112,42,442569
ABalaaaal:95,ABalaaaal,95,32399,7399,-2999,-2175,377,17.1,146,138,37,271093
ABalaaaal:96,ABalaaaal,96,35792,10792,1291,3046,2891,17.0,128,154,36,281812
ABalaaaal:97,ABalaaaal,97,41149,16149,7555,9149,7369,17.1,127,166,36,282676
ABalaaaal:98,ABalaaaal,98,39353,14353,4018,7049,6009,17.1,129,175,38,323023
ABalaaaal:99,ABalaaaal,99,39275,14275,6816,7573,10753,17.9,122,178,36,285331
ABalaaaal:100,ABalaaaal,100,40022,15022,6747,7861,7050,18.1,129,173,36,294836
ABalaaaal:101,ABalaaaal,101,43354,18354,9617,11121,11512,18.1,129,171,36,311350
ABalaaaal:102,ABalaaaal,102,43800,18800,9895,11201,10980,18.1,121,156,36,322139
ABalaaaal:103,ABalaaaal,103,40306,15306,5301,6873,7129,18.1,130,160,38,323891
ABalaaaal:104,ABalaaaal,104,39074,14074,5955,6956,7812,19.0,127,158,38,361813
ABalaaaal:105,ABalaaaal,105,40825,15825,7127,8246,5469,19.1,120,155,38,355626
ABalaaaal:106,ABalaaaal,106,39961,14961,6606,7972,8406,19.1,119,146,38,361039
ABalaaaal:107,ABalaaaal,107,37565,12565,4302,5646,6897,19.1,111,147,36,343918
ABalaaaal:108,ABalaaaal,108,39571,14571,7625,8314,11894,20.0,108,149,36,321071
ABalaaaal:109,ABalaaaal,109,37975,12975,6261,6483,10493,19.1,110,145,38,355304
ABalaaaal:110,ABalaaaal,110,40431,15431,7303,7715,12363,18.9,111,140,36,217954
ABalaaaal:111,ABalaaaal,111,41023,16023,7761,8606,11977,19.1,114,146,37,214710
ABalaaaal:112,ABalaaaal,112,38301,13301,5192,5948,10950,18.3,110,152,37,201250
ABalaaaal:113,ABalaaaal,113,37953,12953,5986,6208,11776,20.1,107,156,39,244893
ABalaaaal:114,ABalaaaal,114,38876,13876,6968,7255,12687,20.2,110,157,39,239751
ABalaaaal:115,ABalaaaal,115,38036,13036,6698,6733,12333,21.2,116,159,37,219393
ABalaaaal:116,ABalaaaal,116,38785,13785,7823,8057,12827,22.1,117,164,37,229762
ABalaaaal:117,ABalaaaal,117,37513,12513,6268,6471,11428,22.1,119,163,34,190752
ABalaaaal:118,ABalaaaal,118,37754,12754,5667,5825,11432,22.0,111,176,34,210816
ABalaaaal:119,ABalaaaal,119,40319,15319,8201,8646,12869,20.1,102,177,36,249247
ABalaaaal:120,ABalaaaal,120,38456,13456,5727,6475,9022,19.2,105,177,38,281826
ABalaaaal:121,ABalaaaal,121,40452,15452,8306,8709,13507,20.1,104,182,35,225263
ABalaaaal:122,ABalaaaal,122,40264,15264,8521,8701,13564,19.0,106,185,36,279822
ABalaaaal:123,ABalaaaal,123,36739,11739,4962,5288,11072,19.2,104,186,36,257076
ABalaaaal:124,ABalaaaal,124,34926,9926,3961,4035,9132,20.2,102,191,36,246221
ABalaaaal:125,ABalaaaal,125,33088,8088,1393,1486,5818,20.2,115,188,36,248228
ABalaaaal:126,ABalaaaal,126,33923,8923,1871,2020,6209,20.1,123,187,36,266116
ABalaaaala:127,ABalaaaala,127,34440,9440,977,1300,870,19.0,121,161,32,0
ABalaaaala:128,ABalaaaala,128,34123,9123,1522,2420,543,19.0,121,169,32,0
ABalaaaala:129,ABalaaaala,129,35450,10450,2945,4308,547,19.0,120,177,32,220305
ABalaaaalp:127,ABalaaaalp,127,31665,6665,777,706,3857,20.0,114,204,32,176945
ABalaaaalp:128,ABalaaaalp,128,33271,8271,2535,2661,4412,20.5,114,213,34,176945
ABalaaaalp:129,ABalaaaalp,129,34736,9736,4792,4906,8061,21.0,114,223,36,0
ABalaaaar:95,ABalaaaar,95,32643,7643,-63,-164,6811,20.9,149,122,37,286567
ABalaaaar:96,ABalaaaar,96,36663,11663,4489,4294,8109,21.2,133,123,29,145845
ABalaaaar:97,ABalaaaar,97,38487,13487,7222,7440,11465,21.9,125,126,36,278981
ABalaaaar:98,ABalaaaar,98,40208,15208,9794,10055,13584,22.0,121,124,38,298781
ABalaaaar:99,ABalaaaar,99,37670,12670,7780,7660,11506,22.1,120,122,36,252720
ABalaaaar:100,ABalaaaar,100,39202,14202,8871,8861,12146,22.0,120,119,38,303708
ABalaaaar:101,ABalaaaar,101,40590,15590,9920,10162,11243,22.0,123,122,36,293274
ABalaaaar:102,ABalaaaar,102,36303,11303,5607,5825,8360,22.1,122,113,38,311273
ABalaaaar:103,ABalaaaar,103,39699,14699,8989,9049,12577,21.9,118,117,36,300944
ABalaaaar:104,ABalaaaar,104,37974,12974,7092,7243,10819,22.1,125,113,36,300439
ABalaaaar:105,ABalaaaar,105,39023,14023,7830,7636,12057,21.9,127,117,36,305018
ABalaaaar:106,ABalaaaar,106,39103,14103,7752,7695,11708,22.0,131,106,36,320019
ABalaaaar:107,ABalaaaar,107,41188,16188,9682,9799,14697,22.1,122,115,36,317988
ABalaaaar:108,ABalaaaar,108,38099,13099,6672,7513,9470,21.2,130,109,40,378445
ABalaaaar:109,ABalaaaar,109,38262,13262,7356,7109,11610,21.9,124,109,36,342750
ABalaaaar:110,ABalaaaar,110,40910,15910,8855,9588,13352,21.0,121,111,36,224294
ABalaaaar:111,ABalaaaar,111,36551,11551,4758,5468,9668,21.1,125,111,39,234538
ABalaaaar:112,ABalaaaar,112,38081,13081,5732,6077,11262,21.2,121,115,37,224002
ABalaaaar:113,ABalaaaar,113,37646,12646,5966,6836,8598,21.2,120,111,39,239599
ABalaaaar:114,ABalaaaar,114,40857,15857,8099,8965,10681,21.1,122,114,37,245123
ABalaaaar:115,ABalaaaar,115,40636,15636,9105,9493,11662,22.1,128,113,37,259472
ABalaaaar:116,ABalaaaar,116,38041,13041,5772,6665,7084,21.2,126,120,37,251947
ABalaaaar:117,ABalaaaar,117,38919,13919,7029,8074,8309,22.0,127,120,38,299398
ABalaaaar:118,ABalaaaar,118,39450,14450,7253,8214,8644,21.1,117,131,36,265737
ABalaaaar:119,ABalaaaar,119,39572,14572,7814,8451,11540,20.2,115,137,38,290572
ABalaaaar:120,ABalaaaar,120,38351,13351,6339,6628,10496,20.2,114,134,38,303697
ABalaaaar:121,ABalaaaar,121,40451,15451,8079,8696,12364,20.1,114,138,37,295295
ABalaaaar:122,ABalaaaar,122,39249,14249,6530,6961,11709,21.0,112,150,36,311046
ABalaaaar:123,ABalaaaar,123,38706,13706,6247,6373,12056,21.1,112,147,36,312041
ABalaaaar:124,ABalaaaar,124,39149,14149,7744,7668,13537,22.1,116,148,36,315012
ABalaaaar:125,ABalaaaar,125,33192,8192,898,709,5878,22.3,126,148,36,300912
ABalaaaar:126,ABalaaaar,126,32318,7318,19,74,5184,22.1,122,142,36,302316
ABalaaaarl:127,ABalaaaarl,127,32232,7232,6,194,4448,21.1,117,151,32,205148
ABalaaaarl:128,ABalaaaarl,128,33498,8498,2067,2334,6795,21.0,113,153,32,188859
ABalaaaarl:129,ABalaaaarl,129,37352,12352,5701,6225,10579,21.1,111,165,32,192104
ABalaaaarr:127,ABalaaaarr,127,33394,8394,2085,1982,5682,22.0,138,120,32,199978
ABalaaaarr:128,ABalaaaarr,128,32424,7424,1333,1060,3317,21.2,145,112,34,224221
ABalaaaarr:129,ABalaaaarr,129,37128,12128,5027,4547,8885,21.3,141,114,29,139517
ABalaaap:71,ABalaaap,71,31546,6546,533,569,5949,18.2,162,122,40,291295
ABalaaap:72,ABalaaap,72,34149,9149,3378,3565,7834,18.0,165,131,44,324832
ABalaaap:73,ABalaaap,73,34115,9115,2919,3566,7351,17.0,171,134,44,330084
ABalaaap:74,ABalaaap,74,34193,9193,3158,3692,8005,17.0,185,131,44,338760
ABalaaap:75,ABalaaap,75,34127,9127,3172,3880,7660,17.2,193,132,46,390185
ABalaaap:76,ABalaaap,76,35152,10152,3486,4135,8656,17.1,190,135,46,406137
ABalaaap:77,ABalaaap,77,35590,10590,4532,4952,8548,17.0,188,139,44,375886
ABalaaap:78,ABalaaap,78,36253,11253,4601,5378,9403,17.0,185,139,44,397691
ABalaaap:79,ABalaaap,79,36514,11514,4740,5410,9642,16.2,180,145,46,452875
ABalaaap:80,ABalaaap,80,35722,10722,4438,5067,8674,17.0,181,139,44,396890
ABalaaap:81,ABalaaap,81,36720,11720,4806,5352,9693,17.0,185,136,44,413191
ABalaaap:82,ABalaaap,82,37494,12494,5297,6100,10764,17.0,193,119,44,416848
ABalaaap:83,ABalaaap,83,38219,13219,6476,6623,12535,16.9,205,103,44,429114
ABalaaap:84,ABalaaap,84,39109,14109,7434,7945,13067,16.1,211,87,44,450291
ABalaaap:85,ABalaaap,85,40270,15270,9256,9495,13571,15.9,221,80,44,448378
ABalaaap:86,ABalaaap,86,38562,13562,7533,8055,12980,15.2,216,73,46,515490
ABalaaap:87,ABalaaap,87,40910,15910,9407,10609,15043,14.9,206,79,45,465518
ABalaaap:88,ABalaaap,88,40913,15913,9212,10177,14913,14.9,196,82,45,475559
ABalaaap:89,ABalaaap,89,41792,16792,9891,10707,16340,16.0,193,81,45,501630
ABalaaap:90,ABalaaap,90,41832,16832,10280,10872,16669,15.9,188,80,44,394156
ABalaaap:91,ABalaaap,91,38109,13109,6860,7172,12621,15.2,182,80,44,391134
ABalaaap:92,ABalaaap,92,42086,17086,11134,11340,16929,15.0,184,84,40,366480
ABalaaap:93,ABalaaap,93,32363,7363,-794,-570,7117,14.8,190,88,39,358733
ABalaaapa:94,ABalaaapa,94,33646,8646,1306,1300,8172,15.3,176,81,34,199257
ABalaaapa:95,ABalaaapa,95,37800,12800,6010,6067,12237,16.2,159,89,35,207190
ABalaaapa:96,ABalaaapa,96,39969,14969,6926,7498,11897,17.0,139,112,36,273573
ABalaaapa:97,ABalaaapa,97,39646,14646,5599,7176,8363,18.0,139,128,36,284610
ABalaaapa:98,ABalaaapa,98,40027,15027,6256,8112,9198,17.3,131,132,38,289991
ABalaaapa:99,ABalaaapa,99,38755,13755,6166,7318,10330,17.2,135,126,38,296007
ABalaaapa:100,ABalaaapa,100,40394,15394,8336,9003,12820,17.0,131,120,36,266465
ABalaaapa:101,ABalaaapa,101,39762,14762,7812,8520,11919,17.9,127,120,36,275545
ABalaaapa:102,ABalaaapa,102,40057,15057,8237,8584,13165,17.9,134,106,36,283032
ABalaaapa:103,ABalaaapa,103,38806,13806,7026,7559,11584,17.9,133,106,36,278791
ABalaaapa:104,ABalaaapa,104,37621,12621,6311,6947,10531,17.9,135,99,36,300196
ABalaaapa:105,ABalaaapa,105,39238,14238,7760,8423,12171,17.9,139,100,36,297411
ABalaaapa:106,ABalaaapa,106,38706,13706,7173,7774,11885,17.2,140,100,36,312993
ABalaaapa:107,ABalaaapa,107,39794,14794,7922,8490,11626,17.1,133,100,36,317040
ABalaaapa:108,ABalaaapa,108,38481,13481,6676,8123,10033,17.4,132,100,38,329126
ABalaaapa:109,ABalaaapa,109,39895,14895,7751,8509,12695,17.0,134,97,36,337980
ABalaaapa:110,ABalaaapa,110,38780,13780,6870,7474,11927,17.0,137,92,36,218809
ABalaaapa:111,ABalaaapa,111,40795,15795,8398,9439,14137,17.2,142,91,37,219838
ABalaaapa:112,ABalaaapa,112,37133,12133,4339,6110,9517,17.2,135,95,37,214602
ABalaaapa:113,ABalaaapa,113,39662,14662,6824,8469,10282,18.1,129,98,37,240289
ABalaaapa:114,ABalaaapa,114,40649,15649,7623,8915,12115,18.0,129,101,35,203985
ABalaaapa:115,ABalaaapa,115,39715,14715,7242,8345,11246,18.1,132,102,37,249888
ABalaaapa:116,ABalaaapa,116,40955,15955,7992,9215,10245,18.1,130,114,39,279459
ABalaaapa:117,ABalaaapa,117,40513,15513,7583,8888,11497,19.0,131,109,36,258718
ABalaaapa:118,ABalaaapa,118,42373,17373,9536,10644,12950,18.1,125,119,38,291347
ABalaaapa:119,ABalaaapa,119,37857,12857,4923,6654,9211,16.3,123,125,38,262498
ABalaaapa:120,ABalaaapa,120,38292,13292,5011,6267,9122,16.3,129,115,38,262212
ABalaaapa:121,ABalaaapa,121,38138,13138,5084,5845,10689,17.3,131,121,37,254378
ABalaaapa:122,ABalaaapa,122,40130,15130,6245,7429,6982,17.1,125,133,36,299322
ABalaaapa:123,ABalaaapa,123,38798,13798,5340,6390,4525,17.0,121,138,36,297934
ABalaaapa:124,ABalaaapa,124,36302,11302,2492,3357,542,17.2,121,138,36,294907
ABalaaapal:125,ABalaaapal,125,35042,10042,726,850,-1232,17.1,120,152,29,127409
ABalaaapal:126,ABalaaapal,126,34523,9523,118,2176,1922,16.1,122,158,32,177049
ABalaaapal:127,ABalaaapal,127,36778,11778,3386,4268,7097,17.0,125,162,34,214864
ABalaaapal:128,ABalaaapal,128,37656,12656,4606,5238,7163,17.0,127,165,32,208678
ABalaaapal:129,ABalaaapal,129,37796,12796,4861,6212,5133,17.0,123,173,32,0
ABalaaapar:125,ABalaaapar,125,34297,9297,1784,2163,7245,19.0,114,137,32,185158
ABalaaapar:126,ABalaaapar,126,34384,9384,2507,3054,6191,20.1,118,120,29,142556
ABalaaapar:127,ABalaaapar,127,35326,10326,3524,4393,5869,18.2,125,110,36,235186
ABalaaapar:128,ABalaaapar,128,35205,10205,3421,3939,8351,18.1,120,111,32,177341
ABalaaapar:129,ABalaaapar,129,35356,10356,3807,4318,7820,19.0,114,119,32,188792
ABalaaapp:94,ABalaaapp,94,32973,7973,350,1181,6148,12.3,212,88,34,190817
ABalaaapp:95,ABalaaapp,95,36511,11511,2904,4440,8975,12.3,206,82,35,197613
ABalaaapp:96,ABalaaapp,96,37907,12907,6237,6921,11279,13.0,191,90,36,251517
ABalaaapp:97,ABalaaapp,97,40765,15765,9281,9790,13912,13.9,190,90,36,258420
ABalaaapp:98,ABalaaapp,98,40330,15330,9144,9724,12392,13.9,184,89,36,260365
ABalaaapp:99,ABalaaapp,99,39320,14320,7244,8360,7704,14.0,196,88,38,308999
ABalaaapp:100,ABalaaapp,100,39284,14284,7114,7278,10738,14.1,190,89,36,275617
ABalaaapp:101,ABalaaapp,101,38127,13127,6119,6511,10365,15.1,182,91,36,282447
ABalaaapp:102,ABalaaapp,102,39581,14581,7699,8223,12103,16.0,187,91,36,276640
ABalaaapp:103,ABalaaapp,103,38890,13890,7579,7687,11584,15.3,183,89,38,290329
ABalaaapp:104,ABalaaapp,104,38907,13907,7625,7659,12375,15.1,184,86,36,290255
ABalaaapp:105,ABalaaapp,105,41714,16714,10535,10612,14985,14.9,189,85,36,288121
ABalaaapp:106,ABalaaapp,106,38099,13099,7762,7878,11672,14.2,195,82,38,330088
ABalaaapp:107,ABalaaapp,107,39247,14247,9296,9334,13327,14.4,186,75,38,315346
ABalaaapp:108,ABalaaapp,108,37127,12127,5077,5676,8918,15.9,180,85,36,317538
ABalaaapp:109,ABalaaapp,109,38922,13922,7705,8510,11291,15.9,179,77,36,325918
ABalaaapp:110,ABalaaapp,110,38757,13757,6410,7330,10656,16.9,185,75,36,209224
ABalaaapp:111,ABalaaapp,111,39232,14232,6495,7446,10922,17.0,188,76,35,176238
ABalaaapp:112,ABalaaapp,112,36765,11765,5073,5455,10246,17.0,185,77,37,202456
ABalaaapp:113,ABalaaapp,113,39969,14969,8381,8717,13818,16.4,181,79,37,185007
ABalaaapp:114,ABalaaapp,114,35740,10740,4164,4759,9287,16.2,178,81,39,238211
ABalaaapp:115,ABalaaapp,115,41768,16768,9517,9875,14843,16.9,176,86,35,184775
ABalaaapp:116,ABalaaapp,116,39205,14205,6552,7174,12643,17.0,168,86,37,239483
ABalaaapp:117,ABalaaapp,117,37163,12163,5584,6019,10837,17.1,175,79,36,240947
ABalaaapp:118,ABalaaapp,118,36033,11033,4829,5256,10306,16.3,166,87,36,221366
ABalaaapp:119,ABalaaapp,119,36398,11398,4640,5159,10523,15.3,160,90,38,243103
ABalaaapp:120,ABalaaapp,120,36293,11293,4864,5159,10424,15.3,164,85,36,227075
ABalaaapp:121,ABalaaapp,121,36167,11167,5159,5702,9770,14.4,163,83,37,215382
ABalaaapp:122,ABalaaapp,122,37723,12723,5922,6261,10590,15.2,156,85,36,252641
ABalaaapp:123,ABalaaapp,123,37312,12312,6221,6323,11375,16.1,156,89,36,288212
ABalaaapp:124,ABalaaapp,124,32374,7374,-242,-295,6639,16.9,152,97,32,207938
ABalaaappl:125,ABalaaappl,125,31532,6532,-857,-653,2041,17.8,133,114,32,174406
ABalaaappl:126,ABalaaappl,126,33982,8982,2112,2656,4054,18.0,131,105,32,190908
ABalaaappl:127,ABalaaappl,127,37256,12256,5303,6834,6305,17.1,141,95,32,190497
ABalaaappl:128,ABalaaappl,128,37047,12047,5686,6823,5681,17.0,141,91,32,192822
ABalaaappl:129,ABalaaappl,129,37945,12945,6158,7038,6394,17.1,138,96,34,219784
ABalaaappr:125,ABalaaappr,125,32897,7897,-2052,-1005,1345,16.0,166,95,29,128053
ABalaaappr:126,ABalaaappr,126,36364,11364,3043,4130,6065,16.0,171,85,27,94556
ABalaaappr:127,ABalaaappr,127,34690,9690,2834,3644,7178,14.9,181,81,32,169021
ABalaaappr:128,ABalaaappr,128,36167,11167,4951,6369,9215,14.0,187,79,32,173434
ABalaaappr:129,ABalaaappr,129,36484,11484,4302,5895,8773,14.8,178,81,32,169667
ABalaap:51,ABalaap,51,28898,3898,-209,-167,3895,25.7,148,162,59,784820
ABalaap:52,ABalaap,52,29170,4170,47,55,4170,25.9,153,158,56,752201
ABalaap:53,ABalaap,53,29283,4283,316,328,4278,27.0,155,166,55,680725
ABalaap:54,ABalaap,54,29171,4171,-32,-40,4171,26.1,157,169,55,716662
ABalaap:55,ABalaap,55,29390,4390,-15,-34,4387,26.2,158,162,55,760925
ABalaap:56,ABalaap,56,29974,4974,441,469,4974,25.9,155,166,55,745741
ABalaap:57,ABalaap,57,29447,4447,223,240,4440,25.1,150,158,55,779539
ABalaap:58,ABalaap,58,30381,5381,1195,1218,5375,26.9,153,150,55,845497
ABalaap:59,ABalaap,59,29996,4996,583,619,4986,26.2,139,154,54,838684
ABalaap:60,ABalaap,60,30279,5279,638,628,5279,26.1,143,152,53,782045
ABalaap:61,ABalaap,61,30239,5239,586,556,5235,26.1,148,159,53,768439
ABalaap:62,ABalaap,62,31071,6071,1328,1258,6060,25.9,148,156,53,769183
ABalaap:63,ABalaap,63,31159,6159,1381,1350,6151,25.2,156,152,55,658686
ABalaap:64,ABalaap,64,31531,6531,1825,1728,6477,24.9,162,148,54,677921
ABalaap:65,ABalaap,65,31146,6146,1346,1385,6115,23.9,170,145,54,686570
ABalaap:66,ABalaap,66,31099,6099,1364,1273,6057,25.9,155,143,54,722344
ABalaap:67,ABalaap,67,31034,6034,1242,1214,5991,24.9,164,152,53,675183
ABalaap:68,ABalaap,68,32325,7325,2425,2531,7306,23.1,176,159,52,664821
ABalaap:69,ABalaap,69,29549,4549,-344,-349,4540,22.9,189,162,50,523226
ABalaap:70,ABalaap,70,30714,5714,831,830,5645,22.1,190,160,41,344636
ABalaapa:71,ABalaapa,71,29702,4702,-818,-811,4628,24.2,167,167,38,238282
ABalaapa:72,ABalaapa,72,31814,6814,2137,2142,6727,25.0,167,160,44,291620
ABalaapa:73,ABalaapa,73,33097,8097,3505,3508,7961,24.0,174,154,44,288185
ABalaapa:74,ABalaapa,74,33481,8481,3748,3763,8362,24.0,174,151,44,297883
ABalaapa:75,ABalaapa,75,33306,8306,3309,3379,8244,23.9,165,151,44,320091
ABalaapa:76,ABalaapa,76,32975,7975,2656,2809,7485,22.0,170,147,44,327372
ABalaapa:77,ABalaapa,77,34270,9270,3485,3938,6158,20.1,182,149,48,469429
ABalaapa:78,ABalaapa,78,34888,9888,4276,4917,6184,20.1,182,149,48,469429
ABalaapa:79,ABalaapa,79,35387,10387,4211,4804,8989,20.0,191,159,46,432464
ABalaapa:80,ABalaapa,80,35267,10267,4633,4965,9003,20.1,198,158,44,354531
ABalaapa:81,ABalaapa,81,35480,10480,4048,4513,8767,20.0,202,153,44,390928
ABalaapa:82,ABalaapa,82,35050,10050,3691,4315,8666,19.1,206,153,44,362902
ABalaapa:83,ABalaapa,83,34587,9587,3404,3737,8850,18.9,203,151,44,374336
ABalaapa:84,ABalaapa,84,36013,11013,4269,4634,10495,18.0,207,140,44,394136
ABalaapa:85,ABalaapa,85,36855,11855,4812,5307,11119,17.9,216,128,44,422431
ABalaapa:86,ABalaapa,86,37481,12481,5507,6238,11595,17.9,218,115,44,433927
ABalaapa:87,ABalaapa,87,38829,13829,6240,7301,12371,17.0,222,110,45,459903
ABalaapa:88,ABalaapa,88,38272,13272,5313,7000,11440,17.1,218,106,45,460447
ABalaapa:89,ABalaapa,89,38196,13196,6401,6869,12538,17.0,243,79,45,483923
ABalaapa:90,ABalaapa,90,40514,15514,9448,9658,15340,16.1,245,70,44,392791
ABalaapa:91,ABalaapa,91,42006,17006,11128,11215,16707,16.1,237,64,42,387645
ABalaapa:92,ABalaapa,92,42661,17661,12005,12054,16832,16.2,238,65,42,373863
ABalaapa:93,ABalaapa,93,42112,17112,10568,10621,15860,16.2,243,69,41,364164
ABalaapa:94,ABalaapa,94,37284,12284,5912,5918,11457,17.0,237,73,40,373004
ABalaapa:95,ABalaapa,95,33796,8796,1382,1346,7488,18.1,212,86,35,261164
ABalaapaa:96,ABalaapaa,96,31828,6828,-234,-213,6196,19.9,172,95,36,270130
ABalaapaa:97,ABalaapaa,97,37721,12721,6270,6442,11853,19.9,170,101,36,270208
ABalaapaa:98,ABalaapaa,98,39306,14306,8240,8311,13224,18.9,165,99,36,273517
ABalaapaa:99,ABalaapaa,99,38641,13641,8155,8301,13128,19.0,166,93,36,286233
ABalaapaa:100,ABalaapaa,100,38382,13382,8046,8290,12753,18.8,160,88,36,287336
ABalaapaa:101,ABalaapaa,101,39038,14038,7967,8221,12425,18.9,161,88,36,309414
ABalaapaa:102,ABalaapaa,102,39717,14717,8413,8830,13180,19.1,165,75,36,294611
ABalaapaa:103,ABalaapaa,103,40498,15498,9597,9743,14390,19.9,167,78,36,296181
ABalaapaa:104,ABalaapaa,104,39228,14228,8105,8207,12628,19.9,173,75,36,292212
ABalaapaa:105,ABalaapaa,105,39189,14189,7726,8181,10603,19.0,177,78,36,308256
ABalaapaa:106,ABalaapaa,106,40203,15203,9173,9256,13398,18.9,184,71,36,312529
ABalaapaa:107,ABalaapaa,107,36730,11730,5222,5496,8270,18.9,181,79,36,324056
ABalaapaa:108,ABalaapaa,108,40439,15439,8768,9300,11083,19.0,185,81,36,336634
ABalaapaa:109,ABalaapaa,109,39456,14456,8040,8865,8379,19.0,183,77,36,355918
ABalaapaa:110,ABalaapaa,110,39977,14977,8115,9076,10390,20.0,192,69,36,233301
ABalaapaa:111,ABalaapaa,111,40310,15310,8614,9336,10572,20.1,192,68,37,224929
ABalaapaa:112,ABalaapaa,112,39070,14070,7825,8003,10793,21.0,194,76,37,224301
ABalaapaa:113,ABalaapaa,113,37795,12795,6459,6818,10489,21.2,195,78,39,248190
ABalaapaa:114,ABalaapaa,114,38083,13083,6324,6717,11366,20.1,194,76,37,220295
ABalaapaa:115,ABalaapaa,115,36965,11965,5352,5838,7679,20.1,195,76,37,249027
ABalaapaa:116,ABalaapaa,116,38524,13524,6604,7320,10322,20.2,194,75,39,266422
ABalaapaa:117,ABalaapaa,117,38246,13246,7107,7290,10585,21.1,195,70,36,257704
ABalaapaa:118,ABalaapaa,118,36409,11409,5557,5808,10336,22.1,187,75,38,280378
ABalaapaa:119,ABalaapaa,119,38208,13208,7430,7348,11003,21.0,182,75,34,212122
ABalaapaa:120,ABalaapaa,120,37206,12206,6515,6588,11140,21.0,187,72,36,248586
ABalaapaa:121,ABalaapaa,121,38507,13507,7554,8022,11769,19.3,182,70,37,264767
ABalaapaa:122,ABalaapaa,122,37363,12363,5803,5801,11066,19.3,180,70,36,270885
ABalaapaa:123,ABalaapaa,123,36997,11997,5549,5813,9924,19.1,189,66,36,292257
ABalaapaa:124,ABalaapaa,124,40511,15511,9151,9481,13886,20.1,183,69,36,299373
ABalaapaa:125,ABalaapaa,125,36011,11011,4516,4681,8126,20.2,183,75,36,268507
ABalaapaa:126,ABalaapaa,126,35012,10012,4025,4015,7017,21.3,188,73,36,258509
ABalaapaa:127,ABalaapaa,127,34600,9600,3740,3786,7771,21.2,193,72,36,301382
ABalaapaa:128,ABalaapaa,128,32015,7015,1338,1365,6037,22.0,194,79,32,222112
ABalaapaaa:129,ABalaapaaa,129,31779,6779,1676,1597,5832,22.9,178,92,32,186855
ABalaapaap:129,ABalaapaap,129,34510,9510,1724,2207,4383,20.0,209,73,29,125244
ABalaapap:96,ABalaapap,96,31410,6410,-1622,-1323,3566,18.0,214,95,34,231618
ABalaapap:97,ABalaapap,97,36343,11343,4782,5039,8284,17.9,215,88,36,270395
ABalaapap:98,ABalaapap,98,38257,13257,5386,5845,8584,17.1,212,93,36,275469
ABalaapap:99,ABalaapap,99,37603,12603,5086,5643,8973,17.0,224,98,36,266220
ABalaapap:100,ABalaapap,100,36384,11384,4317,4600,9973,16.9,226,107,36,243563
ABalaapap:101,ABalaapap,101,38326,13326,5829,6407,10589,17.2,221,98,36,270940
ABalaapap:102,ABalaapap,102,37429,12429,5264,6208,9627,18.1,218,83,38,323464
ABalaapap:103,ABalaapap,103,36392,11392,4530,4931,9056,18.9,217,80,36,301741
ABalaapap:104,ABalaapap,104,38279,13279,6144,6828,10965,18.1,219,76,38,323643
ABalaapap:105,ABalaapap,105,37177,12177,5077,5887,10267,18.0,221,71,36,300316
ABalaapap:106,ABalaapap,106,37009,12009,5315,6179,10227,17.1,224,65,36,308697
ABalaapap:107,ABalaapap,107,35440,10440,4462,4812,9389,18.1,223,65,36,303315
ABalaapap:108,ABalaapap,108,37120,12120,5931,6266,6776,19.1,237,70,36,311767
ABalaapap:109,ABalaapap,109,38599,13599,7940,8057,10336,20.0,242,67,36,328016
ABalaapap:110,ABalaapap,110,36608,11608,5776,6098,9004,19.2,243,66,36,208173
ABalaapap:111,ABalaapap,111,38320,13320,6368,6923,9358,19.1,241,73,35,185220
ABalaapap:112,ABalaapap,112,37938,12938,6347,6928,8843,19.2,240,71,37,211366
ABalaapap:113,ABalaapap,113,38256,13256,7020,7094,11026,19.1,237,70,37,231090
ABalaapap:114,ABalaapap,114,35242,10242,3861,4367,7069,18.1,234,69,39,238784
ABalaapap:115,ABalaapap,115,35967,10967,5059,5361,9767,21.3,234,70,37,206649
ABalaapap:116,ABalaapap,116,38101,13101,6780,6938,12077,21.3,235,68,37,213246
ABalaapap:117,ABalaapap,117,36180,11180,4654,4955,10192,22.1,235,71,36,232674
ABalaapap:118,ABalaapap,118,36552,11552,5166,5542,10364,21.2,225,71,36,233948
ABalaapap:119,ABalaapap,119,35730,10730,3918,4378,9043,21.0,222,71,36,258409
ABalaapap:120,ABalaapap,120,35825,10825,4863,4988,9169,21.0,228,70,36,248775
ABalaapap:121,ABalaapap,121,37094,12094,5494,5971,10203,20.2,217,68,37,263508
ABalaapap:122,ABalaapap,122,36503,11503,5337,5410,10545,22.1,216,68,36,285929
ABalaapap:123,ABalaapap,123,38698,13698,6901,7223,11328,22.1,211,74,36,293009
ABalaapap:124,ABalaapap,124,36930,11930,5310,5858,9560,22.1,211,73,36,282779
ABalaapap:125,ABalaapap,125,35865,10865,5002,5138,9469,23.1,221,73,36,304333
ABalaapap:126,ABalaapap,126,34107,9107,3450,3356,7270,23.0,228,71,36,301494
ABalaapap:127,ABalaapap,127,34640,9640,3126,2938,7211,22.2,234,81,36,280745
ABalaapap:128,ABalaapap,128,35179,10179,4540,4390,8623,23.0,238,85,36,329650
ABalaapap:129,ABalaapap,129,31580,6580,261,103,5644,23.0,240,89,32,237350
ABalaapp:71,ABalaapp,71,29684,4684,-58,28,4250,20.2,208,184,42,246642
ABalaapp:72,ABalaapp,72,32011,7011,2002,2103,6471,21.0,215,182,44,283814
ABalaapp:73,ABalaapp,73,32325,7325,2497,2818,7127,21.0,227,174,44,267515
ABalaapp:74,ABalaapp,74,31265,6265,1636,1816,6133,20.1,237,175,44,268729
ABalaapp:75,ABalaapp,75,32671,7671,2960,2995,7606,19.9,238,182,44,278274
ABalaapp:76,ABalaapp,76,33374,8374,3618,3618,8316,19.9,236,185,44,292696
ABalaapp:77,ABalaapp,77,33976,8976,3662,3662,8849,19.0,248,184,44,289593
ABalaapp:78,ABalaapp,78,32652,7652,2866,2866,7537,18.9,245,192,44,292803
ABalaapp:79,ABalaapp,79,33102,8102,3060,3096,7847,19.1,243,192,46,359537
ABalaapp:80,ABalaapp,80,34490,9490,3977,4077,8926,18.9,253,190,44,302552
ABalaapp:81,ABalaapp,81,34902,9902,4433,4455,9526,19.0,255,187,44,311794
ABalaapp:82,ABalaapp,82,34440,9440,3309,3603,8423,18.0,252,181,44,337274
ABalaapp:83,ABalaapp,83,35359,10359,2888,3859,8242,17.0,256,163,44,350956
ABalaapp:84,ABalaapp,84,35833,10833,3576,4242,9791,17.1,265,146,46,455743
ABalaapp:85,ABalaapp,85,36248,11248,4509,4646,10767,17.9,270,138,44,383743
ABalaapp:86,ABalaapp,86,38604,13604,5607,6828,10958,16.2,278,119,46,477917
ABalaapp:87,ABalaapp,87,39750,14750,7854,8309,12438,16.0,284,112,45,449030
ABalaapp:88,ABalaapp,88,39053,14053,7088,7411,10110,16.0,285,111,45,441326
ABalaapp:89,ABalaapp,89,39781,14781,8173,8476,12757,16.9,295,103,45,454607
ABalaapp:90,ABalaapp,90,38139,13139,6445,6447,12156,16.9,291,104,44,389196
ABalaapp:91,ABalaapp,91,39521,14521,7678,7413,13673,15.9,288,102,42,342004
ABalaapp:92,ABalaapp,92,37974,12974,5463,5528,10485,15.1,279,113,42,347537
ABalaapp:93,ABalaapp,93,33404,8404,1096,1021,5412,15.1,277,117,41,337380
ABalaapp:94,ABalaapp,94,33578,8578,140,155,6627,15.2,270,119,38,323944
ABalaappa:95,ABalaappa,95,31330,6330,62,-138,5341,17.8,250,102,37,236967
ABalaappa:96,ABalaappa,96,37315,12315,5706,5681,9328,16.1,240,92,36,248547
ABalaappa:97,ABalaappa,97,40516,15516,9581,10042,12067,15.0,242,85,36,265645
ABalaappa:98,ABalaappa,98,38539,13539,7836,8022,10639,15.0,239,81,36,258750
ABalaappa:99,ABalaappa,99,38385,13385,7524,7885,11311,15.0,247,80,36,264797
ABalaappa:100,ABalaappa,100,38203,13203,8143,8608,12194,15.1,243,75,38,285633
ABalaappa:101,ABalaappa,101,37678,12678,6973,7607,11438,15.8,241,73,36,253826
ABalaappa:102,ABalaappa,102,36839,11839,6776,7257,10213,15.3,239,71,38,297050
ABalaappa:103,ABalaappa,103,37272,12272,7539,7877,10753,15.2,233,75,40,336063
ABalaappa:104,ABalaappa,104,35710,10710,5012,5751,8894,15.3,238,76,38,301043
ABalaappa:105,ABalaappa,105,37307,12307,6352,6777,11518,15.0,249,78,36,274398
ABalaappa:106,ABalaappa,106,37811,12811,6591,7488,11391,14.8,254,74,36,288754
ABalaappa:107,ABalaappa,107,36733,11733,5780,6696,10756,15.1,253,72,36,287075
ABalaappa:108,ABalaappa,108,37170,12170,5815,7054,9701,15.9,240,71,36,307055
ABalaappa:109,ABalaappa,109,36992,11992,5444,6392,9746,15.9,235,68,36,332706
ABalaappa:110,ABalaappa,110,36524,11524,4351,5089,9377,15.9,230,75,36,207914
ABalaappa:111,ABalaappa,111,39650,14650,6723,7427,11251,16.0,231,84,37,220781
ABalaappa:112,ABalaappa,112,38373,13373,6279,7083,10767,16.0,229,76,35,186038
ABalaappa:113,ABalaappa,113,35880,10880,4384,5264,9044,15.1,220,76,37,216054
ABalaappa:114,ABalaappa,114,35919,10919,5088,5909,9319,14.3,222,74,37,213177
ABalaappa:115,ABalaappa,115,36819,11819,5315,6134,10254,16.1,215,68,37,221067
ABalaappa:116,ABalaappa,116,37381,12381,5929,6786,10813,16.0,208,68,37,234972
ABalaappa:117,ABalaappa,117,37645,12645,4360,5263,10633,15.9,210,75,34,199555
ABalaappa:118,ABalaappa,118,36573,11573,4654,5748,9633,15.2,201,74,38,257048
ABalaappa:119,ABalaappa,119,37923,12923,5956,6601,11483,15.9,193,72,34,212531
ABalaappa:120,ABalaappa,120,35613,10613,3934,4975,9249,14.3,198,70,36,242906
ABalaappa:121,ABalaappa,121,36070,11070,4195,5157,9550,13.2,198,77,37,249399
ABalaappa:122,ABalaappa,122,36926,11926,4866,6352,9530,13.3,196,74,36,244185
ABalaappa:123,ABalaappa,123,36915,11915,4621,5681,8662,13.1,196,76,34,224991
ABalaappa:124,ABalaappa,124,38635,13635,6308,7274,8374,14.2,188,75,36,287055
ABalaappa:125,ABalaappa,125,37718,12718,5332,6423,5526,16.0,188,77,34,247422
ABalaappa:126,ABalaappa,126,36093,11093,4100,4650,8458,17.0,197,74,32,215058
ABalaappa:127,ABalaappa,127,32970,7970,633,988,5184,17.0,207,73,34,260060
ABalaappa:128,ABalaappa,128,31936,6936,-34,381,3569,16.9,208,75,32,214533
ABalaappa:129,ABalaappa,129,32908,7908,1698,1905,4498,17.0,207,75,32,232004
ABalaappp:95,ABalaappp,95,33751,8751,119,339,2405,13.2,277,129,35,193751
ABalaappp:96,ABalaappp,96,41083,16083,8145,8496,12427,13.1,271,127,36,236162
ABalaappp:97,ABalaappp,97,38219,13219,5041,5805,10378,13.1,276,134,40,285039
ABalaappp:98,ABalaappp,98,38534,13534,5300,5652,10521,12.3,278,133,38,250600
ABalaappp:99,ABalaappp,99,40892,15892,8549,8542,14431,13.9,286,130,36,223131
ABalaappp:100,ABalaappp,100,39595,14595,6336,6840,10981,13.3,276,126,38,238248
ABalaappp:101,ABalaappp,101,38405,13405,6072,6161,10803,14.2,270,120,38,255601
ABalaappp:102,ABalaappp,102,38109,13109,5756,5616,10804,15.1,261,118,38,272623
ABalaappp:103,ABalaappp,103,37153,12153,4379,4640,8749,16.0,240,124,38,270619
ABalaappp:104,ABalaappp,104,38874,13874,5203,6429,7114,15.1,232,122,38,290287
ABalaappp:105,ABalaappp,105,41390,16390,7212,8538,13207,15.1,233,121,40,332078
ABalaappp:106,ABalaappp,106,40774,15774,7967,8187,14027,15.0,243,112,36,275161
ABalaappp:107,ABalaappp,107,41429,16429,7865,8049,14918,15.0,245,110,36,290473
ABalaappp:108,ABalaappp,108,39839,14839,6637,7055,12404,15.1,245,109,40,349662
ABalaappp:109,ABalaappp,109,39424,14424,6679,6832,12979,14.9,256,97,36,302172
ABalaappp:110,ABalaappp,110,39877,14877,8248,8231,12957,14.2,270,91,38,206637
ABalaappp:111,ABalaappp,111,40648,15648,9223,9500,14672,14.1,268,84,37,198195
ABalaappp:112,ABalaappp,112,40751,15751,9633,9689,15069,14.3,271,84,39,216342
ABalaappp:113,ABalaappp,113,38370,13370,7019,7065,12750,14.1,261,83,37,212852
ABalaappp:114,ABalaappp,114,39340,14340,8565,8941,13509,14.1,263,78,39,241935
ABalaappp:115,ABalaappp,115,38981,13981,7883,8071,12978,14.1,251,77,39,238150
ABalaappp:116,ABalaappp,116,38064,13064,7891,8139,12522,14.2,246,67,39,234653
ABalaappp:117,ABalaappp,117,40980,15980,9923,10068,15487,15.0,247,64,36,231115
ABalaappp:118,ABalaappp,118,40182,15182,9271,9649,13997,14.1,234,68,36,234540
ABalaappp:119,ABalaappp,119,37864,12864,7157,7396,12398,15.1,233,69,36,234854
ABalaappp:120,ABalaappp,120,37933,12933,6702,7198,11951,15.1,232,68,38,273249
ABalaappp:121,ABalaappp,121,38658,13658,7418,7784,12827,14.2,232,72,37,249612
ABalaappp:122,ABalaappp,122,37757,12757,6335,6747,11922,15.0,229,72,36,259651
ABalaappp:123,ABalaappp,123,33643,8643,1826,1955,7573,15.9,225,69,32,209154
ABalaappp:124,ABalaappp,124,31312,6312,-421,-104,5197,15.1,227,72,32,197469
ABalaapppa:125,ABalaapppa,125,32267,7267,-48,834,4568,17.8,210,69,32,167771
ABalaapppa:126,ABalaapppa,126,32999,7999,2227,2741,4904,19.0,218,64,32,180712
ABalaapppa:127,ABalaapppa,127,34577,9577,3930,4566,6868,19.1,231,63,34,203718
ABalaapppa:128,ABalaapppa,128,35570,10570,4933,4880,9307,19.0,229,61,32,187009
ABalaapppa:129,ABalaapppa,129,34465,9465,3628,4478,6544,19.0,225,60,32,0
ABalaapppp:125,ABalaapppp,125,32988,7988,1360,1339,6502,15.0,249,80,32,174111
ABalaapppp:126,ABalaapppp,126,34520,9520,4171,3987,9680,15.0,249,79,32,175968
ABalaapppp:127,ABalaapppp,127,36379,11379,5162,4864,10322,15.2,257,74,36,213844
ABalaapppp:128,ABalaapppp,128,36227,11227,5664,5534,9995,15.3,261,77,36,216476
ABalaapppp:129,ABalaapppp,129,35433,10433,4740,4709,8554,16.2,254,77,36,236426
ABalap:34,ABalap,34,28885,3885,-986,-1019,3881,15.1,196,106,50,683539
ABalap:35,ABalap,35,28029,3029,-1648,-1668,3025,15.9,195,100,59,880765
ABalap:36,ABalap,36,27765,2765,-2132,-2117,2765,15.9,190,105,60,1018540
ABalap:37,ABalap,37,27897,2897,-2324,-2327,2897,13.8,187,119,61,1031207
ABalap:38,ABalap,38,28195,3195,-1567,-1575,3195,13.7,192,113,61,1091420
ABalap:39,ABalap,39,27704,2704,-1843,-1883,2704,13.8,192,103,62,1267651
ABalap:40,ABalap,40,27897,2897,-1655,-1653,2897,14.0,191,104,62,1329130
ABalap:41,ABalap,41,27741,2741,-1917,-1917,2741,12.9,189,103,62,1333968
ABalap:42,ABalap,42,27957,2957,-1814,-1817,2957,12.2,190,106,62,1314780
ABalap:43,ABalap,43,28176,3176,-1908,-1922,3176,12.7,187,121,61,1217580
ABalap:44,ABalap,44,27657,2657,-2446,-2454,2657,13.8,180,127,62,1372373
ABalap:45,ABalap,45,27322,2322,-2684,-2689,2322,13.9,184,111,62,1379983
ABalap:46,ABalap,46,27931,2931,-1714,-1714,2931,14.0,181,105,62,1443163
ABalap:47,ABalap,47,28099,3099,-1660,-1671,3099,13.4,183,119,63,1368278
ABalap:48,ABalap,48,27745,2745,-2185,-2196,2745,14.0,187,120,61,1393563
ABalap:49,ABalap,49,28686,3686,-1088,-1089,3686,14.9,187,118,62,1010178
ABalap:50,ABalap,50,28479,3479,-1080,-1080,3478,14.8,181,123,61,927191
ABalapa:51,ABalapa,51,29030,4030,-818,-807,4028,13.1,175,116,49,539505
ABalapa:52,ABalapa,52,29145,4145,-115,-122,4145,13.1,169,109,56,774332
ABalapa:53,ABalapa,53,29027,4027,-329,-335,4024,13.2,168,106,55,726489
ABalapa:54,ABalapa,54,29365,4365,439,439,4365,13.9,163,99,55,794618
ABalapa:55,ABalapa,55,29840,4840,372,372,4838,13.1,176,101,55,837927
ABalapa:56,ABalapa,56,30752,5752,1145,1142,5752,13.9,173,106,55,855487
ABalapa:57,ABalapa,57,30196,5196,620,623,5194,13.0,175,101,55,864107
ABalapa:58,ABalapa,58,30950,5950,1049,1036,5949,13.1,174,112,55,867536
ABalapa:59,ABalapa,59,31528,6528,1652,1648,6528,13.1,169,114,54,908500
ABalapa:60,ABalapa,60,32266,7266,2268,2254,7266,13.0,166,119,53,838113
ABalapa:61,ABalapa,61,32737,7737,2550,2559,7737,13.1,177,108,53,800551
ABalapa:62,ABalapa,62,34355,9355,4100,4128,9355,14.0,178,109,53,848106
ABalapa:63,ABalapa,63,34306,9306,4251,4302,9306,13.3,178,102,55,738923
ABalapa:64,ABalapa,64,34628,9628,4830,4878,9628,13.0,176,99,54,778102
ABalapa:65,ABalapa,65,35377,10377,5308,5338,10377,12.9,179,97,54,800974
ABalapa:66,ABalapa,66,36274,11274,5989,5984,11269,14.0,174,106,54,826592
ABalapa:67,ABalapa,67,37684,12684,7377,7339,12674,14.9,174,103,53,760587
ABalapa:68,ABalapa,68,31400,6400,495,495,6400,15.8,169,96,52,682435
ABalapaa:69,ABalapaa,69,31942,6942,788,778,6869,16.0,155,87,34,244159
ABalapaa:70,ABalapaa,70,39252,14252,9295,9370,14156,14.0,168,82,41,322667
ABalapaa:71,ABalapaa,71,39454,14454,9438,9531,14367,14.9,171,82,44,350156
ABalapaa:72,ABalapaa,72,41789,16789,12461,12554,16729,15.0,164,83,44,351317
ABalapaa:73,ABalapaa,73,41023,16023,11177,11241,15928,15.9,161,84,44,359855
ABalapaa:74,ABalapaa,74,42328,17328,12687,12707,17273,16.0,160,82,44,390476
ABalapaa:75,ABalapaa,75,41886,16886,11760,11819,16692,16.0,154,90,44,376230
ABalapaa:76,ABalapaa,76,44012,19012,14064,14120,18982,15.9,163,84,44,390907
ABalapaa:77,ABalapaa,77,41731,16731,11503,11609,16508,15.1,166,83,44,391617
ABalapaa:78,ABalapaa,78,45023,20023,14361,14469,20004,15.0,165,88,44,401804
ABalapaa:79,ABalapaa,79,43904,18904,13363,13556,18838,14.1,161,94,44,386409
ABalapaa:80,ABalapaa,80,45397,20397,15158,15320,20313,14.0,167,94,44,419405
ABalapaa:81,ABalapaa,81,43398,18398,13254,13445,18345,13.1,171,95,46,469421
ABalapaa:82,ABalapaa,82,47196,22196,16175,16579,22037,13.0,176,93,44,419161
ABalapaa:83,ABalapaa,83,45117,20117,14449,14624,20020,12.2,172,101,44,411402
ABalapaa:84,ABalapaa,84,46382,21382,15424,15534,21214,12.0,178,100,44,413050
ABalapaa:85,ABalapaa,85,49774,24774,18766,18855,24702,12.0,177,102,44,441720
ABalapaa:86,ABalapaa,86,46825,21825,16290,16337,21817,11.1,176,104,46,496696
ABalapaa:87,ABalapaa,87,47878,22878,16353,16764,22806,10.9,183,116,45,420412
ABalapaa:88,ABalapaa,88,48438,23438,17286,17475,23385,10.9,172,116,45,450457
ABalapaa:89,ABalapaa,89,49338,24338,18122,18216,24266,10.9,172,115,45,464505
ABalapaa:90,ABalapaa,90,47985,22985,16210,16467,22871,11.0,168,123,44,394155
ABalapaa:91,ABalapaa,91,45969,20969,14119,14265,20686,11.2,152,125,44,392580
ABalapaa:92,ABalapaa,92,36328,11328,1736,2103,9869,12.0,149,142,40,363121
ABalapaaa:93,ABalapaaa,93,36187,11187,3394,4684,7560,14.8,138,118,39,270352
ABalapaaa:94,ABalapaaa,94,45374,20374,13493,13671,19758,13.7,147,117,38,258411
ABalapaaa:95,ABalapaaa,95,49205,24205,17591,18098,23562,13.1,137,125,37,244949
ABalapaaa:96,ABalapaaa,96,48379,23379,15847,16851,21935,13.9,123,141,36,243191
ABalapaaa:97,ABalapaaa,97,48612,23612,16269,17983,20898,14.0,120,155,38,287237
ABalapaaa:98,ABalapaaa,98,49510,24510,15305,17707,20763,13.9,120,162,36,266840
ABalapaaa:99,ABalapaaa,99,49013,24013,17283,18271,21470,14.2,118,160,38,291284
ABalapaaa:100,ABalapaaa,100,49733,24733,15432,16856,21400,14.9,123,162,36,278075
ABalapaaa:101,ABalapaaa,101,45361,20361,12081,13680,16204,15.0,121,162,36,278075
ABalapaaa:102,ABalapaaa,102,46962,21962,12534,14719,13700,15.0,119,162,37,278075
ABalapaaa:103,ABalapaaa,103,46943,21943,12615,15906,16670,15.1,116,161,38,329021
ABalapaaa:104,ABalapaaa,104,46569,21569,13160,15015,18118,15.9,110,158,36,304320
ABalapaaa:105,ABalapaaa,105,50021,25021,13166,14370,21739,16.1,114,163,29,153210
ABalapaaa:106,ABalapaaa,106,45162,20162,10177,12329,12380,16.9,117,162,36,325012
ABalapaaa:107,ABalapaaa,107,49929,24929,15644,17742,16170,16.1,118,162,38,376684
ABalapaaa:108,ABalapaaa,108,47501,22501,12670,14513,13904,17.0,123,176,38,372781
ABalapaaa:109,ABalapaaa,109,44624,19624,10269,12303,14723,16.3,129,184,40,372462
ABalapaaa:110,ABalapaaa,110,48540,23540,13019,14262,19277,16.9,131,179,36,212499
ABalapaaa:111,ABalapaaa,111,47416,22416,11988,14283,16511,16.1,136,188,39,242763
ABalapaaa:112,ABalapaaa,112,45029,20029,8811,11543,13100,15.3,142,193,37,211252
ABalapaaa:113,ABalapaaa,113,45756,20756,9594,12474,14124,15.2,139,189,39,249195
ABalapaaa:114,ABalapaaa,114,47425,22425,11606,13301,12568,15.2,145,180,37,223356
ABalapaaa:115,ABalapaaa,115,44329,19329,9155,10871,15763,15.3,137,178,39,239736
ABalapaaa:116,ABalapaaa,116,45866,20866,11840,12762,18383,16.1,136,181,35,188348
ABalapaaa:117,ABalapaaa,117,45143,20143,9775,11376,18118,16.1,135,176,36,222422
ABalapaaa:118,ABalapaaa,118,47038,22038,12992,14298,19816,16.2,120,189,36,238502
ABalapaaa:119,ABalapaaa,119,46218,21218,12409,13610,18620,16.1,115,199,36,243072
ABalapaaa:120,ABalapaaa,120,42250,17250,8456,10182,14535,16.1,117,192,38,271130
ABalapaaa:121,ABalapaaa,121,43922,18922,10077,11376,17518,15.2,123,192,37,248426
ABalapaaa:122,ABalapaaa,122,37228,12228,2182,3045,10961,14.2,127,186,34,196513
ABalapaaaa:123,ABalapaaaa,123,34039,9039,29,1804,6736,13.0,121,174,32,154310
ABalapaaaa:124,ABalapaaaa,124,36637,11637,2709,5074,8803,14.0,117,174,29,130662
ABalapaaaa:125,ABalapaaaa,125,39591,14591,6865,7708,11886,14.9,122,182,32,173292
ABalapaaaa:126,ABalapaaaa,126,37794,12794,4925,6936,9837,13.8,127,173,32,161461
ABalapaaaa:127,ABalapaaaa,127,39594,14594,8928,9992,12088,11.8,126,170,32,171389
ABalapaaaa:128,ABalapaaaa,128,42661,17661,11202,12172,14510,12.1,127,170,32,181890
ABalapaaaa:129,ABalapaaaa,129,39343,14343,7864,9079,9944,12.9,122,175,32,180879
ABalapaaap:123,ABalapaaap,123,36245,11245,1986,1689,9778,14.6,140,205,32,196513
ABalapaaap:124,ABalapaaap,124,40656,15656,6977,6816,13817,14.0,151,203,29,113164
ABalapaaap:125,ABalapaaap,125,43623,18623,9651,9490,15619,14.2,159,201,36,205679
ABalapaaap:126,ABalapaaap,126,48380,23380,12633,13787,16041,13.2,160,196,34,181269
ABalapaaap:127,ABalapaaap,127,47881,22881,12299,13416,14438,13.3,156,195,36,204673
ABalapaaap:128,ABalapaaap,128,43175,18175,9159,9271,13583,14.3,150,197,36,211183
ABalapaaap:129,ABalapaaap,129,40533,15533,6368,6305,10926,14.3,152,197,36,217012
ABalapaap:93,ABalapaap,93,35939,10939,-104,1225,8679,10.0,155,156,35,213247
ABalapaap:94,ABalapaap,94,44402,19402,8914,11415,15732,10.0,152,163,38,256523
ABalapaap:95,ABalapaap,95,48568,23568,14108,16715,18399,9.9,148,166,37,252533
ABalapaap:96,ABalapaap,96,49447,24447,14971,16890,19154,9.9,151,185,36,238160
ABalapaap:97,ABalapaap,97,48914,23914,14761,16094,21086,9.9,144,184,36,250453
ABalapaap:98,ABalapaap,98,46592,21592,11521,13027,18703,9.9,145,186,36,248563
ABalapaap:99,ABalapaap,99,48457,23457,14469,15113,21075,10.1,145,184,36,262936
ABalapaap:100,ABalapaap,100,47953,22953,14936,14997,21745,10.1,139,183,36,254775
ABalapaap:101,ABalapaap,101,44915,19915,12463,12819,18194,10.3,141,174,38,279839
ABalapaap:102,ABalapaap,102,49926,24926,17194,17920,21343,11.9,136,169,36,272409
ABalapaap:103,ABalapaap,103,48596,23596,15119,16660,19417,12.8,132,179,36,278035
ABalapaap:104,ABalapaap,104,48993,23993,14834,16578,21618,13.9,127,186,36,297446
ABalapaap:105,ABalapaap,105,46637,21637,11729,13801,17097,14.1,130,189,38,337824
ABalapaap:106,ABalapaap,106,45794,20794,11482,13273,18018,13.9,123,179,36,311537
ABalapaap:107,ABalapaap,107,48575,23575,14884,17166,19741,13.0,125,171,36,328410
ABalapaap:108,ABalapaap,108,48891,23891,14352,16693,19443,13.9,121,167,36,308515
ABalapaap:109,ABalapaap,109,49619,24619,17427,18720,22172,14.0,116,163,36,331256
ABalapaap:110,ABalapaap,110,47013,22013,13978,15441,19697,14.1,115,160,38,220371
ABalapaap:111,ABalapaap,111,48905,23905,15263,17004,21373,16.0,108,168,35,178523
ABalapaap:112,ABalapaap,112,45615,20615,12522,14275,18480,15.1,111,179,37,207850
ABalapaap:113,ABalapaap,113,46804,21804,13875,15638,20276,15.3,106,188,37,198964
ABalapaap:114,ABalapaap,114,42374,17374,9673,10990,15953,16.2,114,192,39,239424
ABalapaap:115,ABalapaap,115,43864,18864,11069,12011,17985,17.0,117,209,37,227581
ABalapaap:116,ABalapaap,116,42180,17180,10150,10572,16081,17.0,125,217,37,225012
ABalapaap:117,ABalapaap,117,46340,21340,14077,14839,19994,17.1,122,210,38,248915
ABalapaap:118,ABalapaap,118,43089,18089,10548,11894,15447,15.0,122,219,38,285215
ABalapaap:119,ABalapaap,119,45590,20590,13700,14763,17886,15.3,121,231,36,285215
ABalapaap:120,ABalapaap,120,41371,16371,9598,10308,14402,15.5,124,230,38,285215
ABalapaap:121,ABalapaap,121,41821,16821,9841,10200,15573,15.8,122,233,37,285215
ABalapaap:122,ABalapaap,122,41998,16998,10230,10313,15682,16.0,118,227,37,285215
ABalapaap:123,ABalapaap,123,34865,9865,3073,3451,8103,16.3,117,230,36,272403
ABalapaap:124,ABalapaap,124,35083,10083,1875,2077,8094,16.1,122,214,36,264353
ABalapaapa:125,ABalapaapa,125,32668,7668,-514,172,2055,17.0,125,201,32,160103
ABalapaapa:126,ABalapaapa,126,35603,10603,2713,3244,6292,16.3,126,193,34,186130
ABalapaapa:127,ABalapaapa,127,36914,11914,5222,5792,9128,16.0,117,190,32,179225
ABalapaapa:128,ABalapaapa,128,37862,12862,6311,7420,9936,16.2,113,192,32,180357
ABalapaapa:129,ABalapaapa,129,37922,12922,5780,7273,8806,16.1,115,197,32,185071
ABalapaapp:125,ABalapaapp,125,31972,6972,-269,-135,4739,14.0,128,229,32,172207
ABalapaapp:126,ABalapaapp,126,34592,9592,3820,3666,7819,13.0,135,231,32,180519
ABalapaapp:127,ABalapaapp,127,39873,14873,8752,8962,13362,13.0,134,229,32,180519
ABalapaapp:128,ABalapaapp,128,39433,14433,8839,8873,12387,13.0,132,227,32,180519
ABalapaapp:129,ABalapaapp,129,41141,16141,10659,10582,14170,13.0,130,225,32,0
ABalapap:69,ABalapap,69,31952,6952,38,27,6880,14.2,191,116,36,250380
ABalapap:70,ABalapap,70,39516,14516,8349,8318,14237,13.2,188,127,34,195516
ABalapap:71,ABalapap,71,39558,14558,8652,8735,14400,11.9,184,131,44,328447
ABalapap:72,ABalapap,72,39310,14310,9005,8964,14157,11.9,174,134,44,324691
ABalapap:73,ABalapap,73,39974,14974,9360,9313,14819,10.8,176,125,44,347390
ABalapap:74,ABalapap,74,40331,15331,9815,9847,15262,10.2,181,120,46,376968
ABalapap:75,ABalapap,75,43816,18816,12695,12685,18638,10.9,183,115,44,361659
ABalapap:76,ABalapap,76,42169,17169,10937,10821,17069,11.0,179,120,44,363829
ABalapap:77,ABalapap,77,44026,19026,12798,12828,18773,11.0,186,117,44,378979
ABalapap:78,ABalapap,78,43075,18075,11188,11328,17839,10.1,199,121,44,368900
ABalapap:79,ABalapap,79,44794,19794,13089,13327,19263,10.8,195,133,44,384197
ABalapap:80,ABalapap,80,44324,19324,12717,12819,19110,11.0,196,137,44,391716
ABalapap:81,ABalapap,81,45040,20040,13244,13608,19737,11.0,193,149,44,388224
ABalapap:82,ABalapap,82,46939,21939,15272,15279,21728,11.0,188,152,44,393993
ABalapap:83,ABalapap,83,42795,17795,10953,10932,17645,10.3,191,157,46,432985
ABalapap:84,ABalapap,84,46263,21263,14036,14658,20957,10.9,192,161,44,405826
ABalapap:85,ABalapap,85,46594,21594,13957,14589,21384,10.1,195,159,48,545773
ABalapap:86,ABalapap,86,46328,21328,14989,14767,21253,10.1,193,167,44,408830
ABalapap:87,ABalapap,87,44177,19177,12401,12958,19092,11.2,192,174,49,547639
ABalapap:88,ABalapap,88,45795,20795,14166,14220,20727,11.9,188,182,45,451705
ABalapap:89,ABalapap,89,37204,12204,4784,4625,11988,12.9,197,178,45,444941
ABalapap:90,ABalapap,90,34551,9551,-112,-116,9458,12.0,193,179,36,285581
ABalapapa:91,ABalapapa,91,34533,9533,-147,193,8546,14.3,157,160,36,211475
ABalapapa:92,ABalapapa,92,43950,18950,10904,11079,17721,15.3,159,166,36,220884
ABalapapa:93,ABalapapa,93,44471,19471,11590,11626,18207,16.0,161,160,39,264379
ABalapapa:94,ABalapapa,94,44069,19069,11103,11099,17288,15.8,160,161,38,256500
ABalapapa:95,ABalapapa,95,46461,21461,13923,13861,19723,15.9,161,169,37,236771
ABalapapa:96,ABalapapa,96,46513,21513,13575,13547,18672,15.0,162,176,36,253500
ABalapapa:97,ABalapapa,97,46501,21501,13444,13686,18205,15.0,159,183,36,252455
ABalapapa:98,ABalapapa,98,45699,20699,12584,12964,17235,15.0,157,194,36,256225
ABalapapa:99,ABalapapa,99,47645,22645,14523,14661,19169,15.1,159,191,36,252226
ABalapapa:100,ABalapapa,100,47400,22400,13914,14015,20094,15.1,165,191,36,266834
ABalapapa:101,ABalapapa,101,44801,19801,10240,11255,15400,14.4,163,193,38,273546
ABalapapa:102,ABalapapa,102,46163,21163,11492,11983,17068,15.2,160,185,36,279374
ABalapapa:103,ABalapapa,103,47953,22953,14235,14403,20355,15.9,158,192,36,275943
ABalapapa:104,ABalapapa,104,48722,23722,13109,15518,13772,15.1,161,197,38,326464
ABalapapa:105,ABalapapa,105,48537,23537,13216,14749,16519,15.9,161,198,36,300077
ABalapapa:106,ABalapapa,106,48875,23875,14332,15374,18932,15.2,160,193,38,332668
ABalapapa:107,ABalapapa,107,50149,25149,14323,16699,15220,14.8,158,195,36,324624
ABalapapa:108,ABalapapa,108,53991,28991,17124,19920,17938,14.1,158,194,36,330536
ABalapapa:109,ABalapapa,109,50413,25413,13850,16756,15517,13.2,159,191,38,366351
ABalapapa:110,ABalapapa,110,49098,24098,14120,15997,21005,13.2,157,183,38,208690
ABalapapa:111,ABalapapa,111,50234,25234,14800,15963,21665,13.0,154,180,35,183007
ABalapapa:112,ABalapapa,112,49496,24496,14958,16437,21347,12.3,154,180,37,220928
ABalapapa:113,ABalapapa,113,53141,28141,18984,19958,24968,12.0,151,174,37,229747
ABalapapa:114,ABalapapa,114,52728,27728,17121,18806,24042,12.1,155,173,35,204562
ABalapapa:115,ABalapapa,115,51343,26343,17621,18179,24092,12.0,162,172,39,270782
ABalapapa:116,ABalapapa,116,52733,27733,18359,18937,24728,12.3,164,169,37,242727
ABalapapa:117,ABalapapa,117,50741,25741,15427,17206,21047,12.2,162,167,38,274365
ABalapapa:118,ABalapapa,118,53422,28422,17642,18545,25255,12.0,173,180,36,266915
ABalapapa:119,ABalapapa,119,50567,25567,14613,15807,22699,11.3,170,177,38,263088
ABalapapa:120,ABalapapa,120,49485,24485,14012,15072,22418,11.1,165,173,38,302314
ABalapapa:121,ABalapapa,121,48307,23307,13002,14190,20223,10.3,163,171,37,249762
ABalapapa:122,ABalapapa,122,38416,13416,1707,1776,11425,11.1,167,165,32,202444
ABalapapa:123,ABalapapa,123,37928,12928,2192,2292,12144,10.1,169,171,36,248125
ABalapapaa:124,ABalapapaa,124,39886,14886,3010,3232,11988,11.0,158,160,32,172043
ABalapapaa:125,ABalapapaa,125,36117,11117,2124,2586,8868,10.1,153,156,30,155353
ABalapapaa:126,ABalapapaa,126,38828,13828,3816,5264,8468,11.1,156,158,28,133125
ABalapapaa:127,ABalapapaa,127,37278,12278,1611,4553,5672,11.1,154,157,32,175437
ABalapapaa:128,ABalapapaa,128,38545,13545,3312,6357,7527,10.8,149,155,32,198781
ABalapapaa:129,ABalapapaa,129,40238,15238,7470,9965,10704,11.1,136,154,32,196694
ABalapapap:124,ABalapapap,124,37338,12338,909,1416,8391,10.1,171,182,32,165273
ABalapapap:125,ABalapapap,125,43414,18414,5670,6672,11331,9.9,175,192,32,168557
ABalapapap:126,ABalapapap,126,52566,27566,17025,19016,20998,10.0,173,186,34,193635
ABalapapap:127,ABalapapap,127,57440,32440,22433,23530,31937,10.1,171,185,32,175861
ABalapapap:128,ABalapapap,128,51986,26986,17176,17471,25192,10.2,170,181,34,192421
ABalapapap:129,ABalapapap,129,47747,22747,14037,13697,26828,10.1,166,179,32,176095
ABalapapp:91,ABalapapp,91,34088,9088,-34,-33,8821,12.2,206,195,30,152868
ABalapapp:92,ABalapapp,92,44339,19339,12241,12195,18495,13.1,207,200,40,245023
ABalapapp:93,ABalapapp,93,46339,21339,14319,14318,19984,13.2,207,202,39,232351
ABalapapp:94,ABalapapp,94,43965,18965,10992,11115,17066,13.1,204,211,40,244633
ABalapapp:95,ABalapapp,95,46611,21611,14927,14894,21059,13.1,203,209,41,261454
ABalapapp:96,ABalapapp,96,48174,23174,16040,16038,22504,12.2,198,211,38,236339
ABalapapp:97,ABalapapp,97,46573,21573,13129,13158,19985,11.4,194,212,38,239226
ABalapapp:98,ABalapapp,98,49943,24943,17238,17233,24170,12.0,189,220,38,254595
ABalapapp:99,ABalapapp,99,56428,31428,23053,23072,29897,11.9,186,219,36,259526
ABalapapp:100,ABalapapp,100,53896,28896,19885,19574,27097,11.1,180,220,38,281228
ABalapapp:101,ABalapapp,101,56001,31001,21859,22507,27931,11.1,178,215,40,310082
ABalapapp:102,ABalapapp,102,54506,29506,19737,20075,26199,11.1,172,206,38,292164
ABalapapp:103,ABalapapp,103,55445,30445,18862,20724,24565,11.0,174,203,40,316257
ABalapapp:104,ABalapapp,104,59748,34748,22375,24437,27990,11.1,167,202,38,308381
ABalapapp:105,ABalapapp,105,56077,31077,20391,20965,27968,11.2,155,201,38,319905
ABalapapp:106,ABalapapp,106,55089,30089,20173,20495,28051,10.3,161,200,38,298417
ABalapapp:107,ABalapapp,107,58342,33342,23595,24569,30565,11.1,163,204,40,361161
ABalapapp:108,ABalapapp,108,57185,32185,20885,22642,26705,11.1,163,204,40,361161
ABalapapp:109,ABalapapp,109,59283,34283,21669,24176,29548,10.2,172,198,38,344534
ABalapapp:110,ABalapapp,110,57553,32553,21688,22838,30805,11.1,186,201,40,247222
ABalapapp:111,ABalapapp,111,57149,32149,22371,22706,30816,11.0,186,208,39,216794
ABalapapp:112,ABalapapp,112,58943,33943,23535,23776,32651,11.1,187,210,39,220433
ABalapapp:113,ABalapapp,113,55567,30567,20229,20643,28844,11.0,191,212,39,208621
ABalapapp:114,ABalapapp,114,53942,28942,17869,18181,27553,11.2,193,211,39,221247
ABalapapp:115,ABalapapp,115,53678,28678,19393,19270,27482,11.2,194,227,39,245856
ABalapapp:116,ABalapapp,116,51871,26871,17600,17241,25834,11.1,194,227,37,229389
ABalapapp:117,ABalapapp,117,40030,15030,3764,3866,13026,12.0,196,222,34,193227
ABalapapp:118,ABalapapp,118,39578,14578,3293,3259,13040,11.3,205,234,36,218472
ABalapappa:119,ABalapappa,119,38392,13392,2513,3724,11142,12.0,182,212,34,169600
ABalapappa:120,ABalapappa,120,50247,25247,16058,17058,23101,11.9,179,208,34,155090
ABalapappa:121,ABalapappa,121,46865,21865,12858,13490,20228,11.2,185,209,35,156883
ABalapappa:122,ABalapappa,122,47811,22811,12972,13523,20194,11.1,189,205,34,162273
ABalapappa:123,ABalapappa,123,46997,21997,12990,13345,20699,11.0,192,205,36,217121
ABalapappa:124,ABalapappa,124,49144,24144,15226,15381,22283,12.0,195,203,34,186456
ABalapappa:125,ABalapappa,125,50443,25443,15777,16710,21965,11.1,194,208,36,196082
ABalapappa:126,ABalapappa,126,48847,23847,14095,16313,20664,10.4,189,214,36,186057
ABalapappa:127,ABalapappa,127,57727,32727,22834,23926,29706,11.1,189,217,32,165538
ABalapappa:128,ABalapappa,128,53821,28821,18813,20081,26265,11.0,188,212,34,182275
ABalapappa:129,ABalapappa,129,49241,24241,14019,14826,22730,10.3,194,212,34,170745
ABalapappp:119,ABalapappp,119,37386,12386,3171,3039,11342,11.0,228,246,34,160704
ABalapappp:120,ABalapappp,120,46808,21808,14212,13955,20872,10.9,226,243,34,170093
ABalapappp:121,ABalapappp,121,47100,22100,13842,13418,20914,10.3,227,250,35,154989
ABalapappp:122,ABalapappp,122,50850,25850,18624,18441,24677,10.2,227,254,32,151391
ABalapappp:123,ABalapappp,123,50711,25711,18563,18262,26015,10.2,227,254,32,151391
ABalapappp:124,ABalapappp,124,49975,24975,18022,17842,24523,11.1,223,253,32,159469
ABalapappp:125,ABalapappp,125,44511,19511,12409,12271,17921,10.4,223,248,34,158525
ABalapappp:126,ABalapappp,126,48790,23790,16159,15927,22772,10.0,225,245,32,181073
ABalapappp:127,ABalapappp,127,49787,24787,17602,17800,25615,10.0,231,242,32,172646
ABalapappp:128,ABalapappp,128,48020,23020,16594,16474,22273,9.5,229,235,34,172646
ABalapappp:129,ABalapappp,129,45692,20692,12753,13731,19032,9.0,227,228,36,0
ABalapp:51,ABalapp,51,29307,4307,-306,-279,4256,16.1,200,169,55,637546
ABalapp:52,ABalapp,52,28845,3845,-786,-788,3845,16.9,196,169,56,735146
ABalapp:53,ABalapp,53,28717,3717,-504,-504,3717,17.9,198,179,55,652908
ABalapp:54,ABalapp,54,28583,3583,-874,-874,3583,17.1,200,183,55,660448
ABalapp:55,ABalapp,55,29817,4817,141,143,4817,16.9,203,176,55,711111
ABalapp:56,ABalapp,56,29147,4147,-393,-395,4147,16.9,200,181,55,762067
ABalapp:57,ABalapp,57,29645,4645,15,14,4645,16.0,199,177,55,760253
ABalapp:58,ABalapp,58,29770,4770,116,134,4740,16.0,200,180,55,783455
ABalapp:59,ABalapp,59,30558,5558,821,835,5558,16.1,202,176,54,820853
ABalapp:60,ABalapp,60,31510,6510,1661,1665,6510,16.0,203,179,53,749771
ABalapp:61,ABalapp,61,31421,6421,1706,1711,6378,15.9,198,171,53,733148
ABalapp:62,ABalapp,62,31586,6586,1721,1751,6566,15.1,209,172,53,702525
ABalapp:63,ABalapp,63,33055,8055,3017,3066,8055,15.0,215,161,53,625590
ABalapp:64,ABalapp,64,33307,8307,3426,3414,8295,15.0,212,156,54,681176
ABalapp:65,ABalapp,65,33041,8041,2781,2780,8040,16.0,223,154,54,693561
ABalapp:66,ABalapp,66,33562,8562,3483,3507,8560,15.2,228,159,54,675334
ABalapp:67,ABalapp,67,33835,8835,3424,3387,8733,14.1,241,163,53,657507
ABalapp:68,ABalapp,68,31832,6832,1175,1171,6673,14.9,237,162,52,602838
ABalapp:69,ABalapp,69,30535,5535,-330,-372,5417,15.0,228,165,50,610812
ABalappa:70,ABalappa,70,30743,5743,-976,-832,5122,16.1,217,146,37,242273
ABalappa:71,ABalappa,71,35824,10824,5329,5478,10290,15.9,210,154,44,305093
ABalappa:72,ABalappa,72,35819,10819,5291,5461,10405,16.0,199,162,44,316561
ABalappa:73,ABalappa,73,37271,12271,6677,6984,11688,15.0,203,150,44,350526
ABalappa:74,ABalappa,74,37863,12863,6702,6996,12411,14.0,219,139,44,350075
ABalappa:75,ABalappa,75,40148,15148,8728,9194,14538,14.0,223,137,44,347267
ABalappa:76,ABalappa,76,37632,12632,6300,6599,12190,14.0,222,142,44,356120
ABalappa:77,ABalappa,77,40658,15658,9069,9336,15265,14.0,231,138,44,349732
ABalappa:78,ABalappa,78,41114,16114,8511,9086,15453,14.0,224,144,44,372091
ABalappa:79,ABalappa,79,39525,14525,7844,8495,14094,13.9,226,158,44,372646
ABalappa:80,ABalappa,80,40684,15684,9269,9698,15290,14.1,229,163,44,359244
ABalappa:81,ABalappa,81,42802,17802,10486,10964,17279,14.0,229,164,44,384987
ABalappa:82,ABalappa,82,43772,18772,11061,11877,17799,13.9,229,161,44,384010
ABalappa:83,ABalappa,83,43333,18333,10078,10775,17268,13.9,231,155,44,390020
ABalappa:84,ABalappa,84,45803,20803,12385,13264,19974,13.1,233,151,44,418318
ABalappa:85,ABalappa,85,46738,21738,12788,13572,20582,13.0,236,151,44,428292
ABalappa:86,ABalappa,86,45030,20030,12090,12473,19683,13.8,236,144,44,420020
ABalappa:87,ABalappa,87,45402,20402,11997,12933,19729,13.0,237,143,45,426136
ABalappa:88,ABalappa,88,46451,21451,12954,13511,20800,13.9,230,140,45,429700
ABalappa:89,ABalappa,89,44662,19662,11524,11868,19200,14.9,226,128,45,454827
ABalappa:90,ABalappa,90,47377,22377,14459,14737,21524,14.9,215,126,44,387844
ABalappa:91,ABalappa,91,47934,22934,14733,14845,21457,15.1,214,124,42,359899
ABalappa:92,ABalappa,92,46165,21165,12289,12429,19525,14.0,210,129,42,376779
ABalappa:93,ABalappa,93,48469,23469,13935,13817,21291,13.2,207,133,41,356380
ABalappa:94,ABalappa,94,35725,10725,355,380,9253,14.0,204,139,38,326637
ABalappaa:95,ABalappaa,95,36003,11003,592,768,7365,14.1,178,126,33,192274
ABalappaa:96,ABalappaa,96,39616,14616,4732,5895,5910,14.2,156,127,34,234442
ABalappaa:97,ABalappaa,97,47530,22530,12495,14620,12416,15.0,152,136,36,286479
ABalappaa:98,ABalappaa,98,50095,25095,14242,17012,17094,14.9,147,148,36,279735
ABalappaa:99,ABalappaa,99,45820,20820,11589,13370,14542,14.8,154,145,36,274114
ABalappaa:100,ABalappaa,100,48494,23494,13461,15110,15422,15.0,157,144,36,280754
ABalappaa:101,ABalappaa,101,44519,19519,10523,11146,16727,15.8,156,144,36,284115
ABalappaa:102,ABalappaa,102,47613,22613,12493,13429,17603,15.0,154,133,36,302181
ABalappaa:103,ABalappaa,103,48290,23290,13599,14638,17102,14.9,145,133,36,303713
ABalappaa:104,ABalappaa,104,46779,21779,12880,13834,17126,15.1,140,130,36,315581
ABalappaa:105,ABalappaa,105,47187,22187,13530,14295,17914,15.1,139,131,36,323283
ABalappaa:106,ABalappaa,106,47859,22859,13791,14634,18281,14.9,139,134,36,315895
ABalappaa:107,ABalappaa,107,48895,23895,15382,16651,21019,14.1,137,125,36,328300
ABalappaa:108,ABalappaa,108,47105,22105,13777,14850,19791,15.0,134,128,36,338612
ABalappaa:109,ABalappaa,109,48352,23352,13665,15266,19444,14.8,144,125,36,340166
ABalappaa:110,ABalappaa,110,48135,23135,13220,14588,19423,14.8,147,124,36,211962
ABalappaa:111,ABalappaa,111,46116,21116,11285,13636,15341,14.3,143,122,39,237760
ABalappaa:112,ABalappaa,112,48181,23181,13875,15636,17879,15.2,140,124,37,233662
ABalappaa:113,ABalappaa,113,46686,21686,11954,14333,17119,15.1,131,123,39,253325
ABalappaa:114,ABalappaa,114,47369,22369,13805,15166,19978,15.1,129,129,35,193083
ABalappaa:115,ABalappaa,115,46130,21130,12459,13499,18668,15.9,128,131,35,203431
ABalappaa:116,ABalappaa,116,48566,23566,15022,16038,21526,15.1,128,139,35,210902
ABalappaa:117,ABalappaa,117,45547,20547,12046,13582,17840,15.3,129,132,36,238997
ABalappaa:118,ABalappaa,118,48602,23602,14221,16319,20442,15.0,119,144,36,278492
ABalappaa:119,ABalappaa,119,45524,20524,11880,13684,18909,14.2,116,159,36,255147
ABalappaa:120,ABalappaa,120,50063,25063,16565,17431,23050,14.9,115,152,34,212841
ABalappaa:121,ABalappaa,121,48871,23871,13824,16442,19615,14.3,117,153,37,276142
ABalappaa:122,ABalappaa,122,49290,24290,14701,16981,21455,14.0,121,146,36,288901
ABalappaa:123,ABalappaa,123,47211,22211,13746,15022,19778,13.2,122,141,36,288151
ABalappaa:124,ABalappaa,124,47475,22475,14017,15099,20637,14.1,118,144,36,296240
ABalappaa:125,ABalappaa,125,46543,21543,14365,14996,20178,13.1,121,149,36,289130
ABalappaa:126,ABalappaa,126,45507,20507,12906,13266,19312,14.0,126,133,34,255001
ABalappaa:127,ABalappaa,127,43592,18592,11019,11625,16346,14.2,132,133,36,283287
ABalappaa:128,ABalappaa,128,35595,10595,382,476,7003,14.8,136,137,32,225403
ABalappaa:129,ABalappaa,129,36801,11801,3780,4215,8270,14.6,126,138,36,308405
ABalappap:95,ABalappap,95,34529,9529,-566,36,6711,14.1,218,150,39,226253
ABalappap:96,ABalappap,96,38768,13768,4206,4833,9183,13.9,218,147,36,234385
ABalappap:97,ABalappap,97,44557,19557,11066,12347,16069,14.0,213,147,36,218277
ABalappap:98,ABalappap,98,44792,19792,11029,12169,16274,13.2,209,150,38,229055
ABalappap:99,ABalappap,99,46487,21487,12422,13481,17749,13.0,211,143,36,237382
ABalappap:100,ABalappap,100,50970,25970,15542,16859,20116,12.0,205,151,36,245539
ABalappap:101,ABalappap,101,47557,22557,13184,14344,17298,12.2,197,144,36,249978
ABalappap:102,ABalappap,102,50048,25048,14804,16403,20624,13.0,193,135,36,259241
ABalappap:103,ABalappap,103,51100,26100,15796,16956,22047,13.1,189,138,36,269704
ABalappap:104,ABalappap,104,49141,24141,14234,15343,21023,13.1,180,142,38,308446
ABalappap:105,ABalappap,105,51351,26351,16521,16979,24317,13.9,181,144,36,284113
ABalappap:106,ABalappap,106,46889,21889,11366,13065,17294,13.2,180,141,38,316067
ABalappap:107,ABalappap,107,47456,22456,11862,13149,18262,13.4,178,134,38,303749
ABalappap:108,ABalappap,108,47781,22781,12480,13610,17178,13.3,174,138,38,324814
ABalappap:109,ABalappap,109,48198,23198,12311,14494,15682,13.0,174,133,38,356488
ABalappap:110,ABalappap,110,53958,28958,18256,19358,25517,13.0,178,119,36,211180
ABalappap:111,ABalappap,111,51114,26114,15558,17705,20259,12.1,164,124,39,237173
ABalappap:112,ABalappap,112,50468,25468,15055,17151,22532,12.3,161,118,37,213718
ABalappap:113,ABalappap,113,53091,28091,18379,20257,24579,13.1,157,116,39,251453
ABalappap:114,ABalappap,114,50567,25567,15705,16682,23017,13.3,162,118,37,222994
ABalappap:115,ABalappap,115,52919,27919,18386,19126,25046,13.2,161,117,37,225102
ABalappap:116,ABalappap,116,52104,27104,17357,18098,25394,13.2,161,115,37,228746
ABalappap:117,ABalappap,117,50421,25421,15618,17362,21410,13.3,161,123,38,253365
ABalappap:118,ABalappap,118,50599,25599,15113,16074,22249,13.1,151,140,36,237929
ABalappap:119,ABalappap,119,49771,24771,14271,15521,21653,13.2,150,139,38,273266
ABalappap:120,ABalappap,120,52593,27593,18058,18855,24995,13.0,147,132,36,242202
ABalappap:121,ABalappap,121,48035,23035,13195,14904,19537,12.3,139,139,37,235693
ABalappap:122,ABalappap,122,48471,23471,13583,14418,21184,12.2,151,128,36,246699
ABalappap:123,ABalappap,123,40942,15942,5041,6297,14106,12.2,152,124,36,255695
ABalappap:124,ABalappap,124,38097,13097,1661,2175,11188,12.1,150,126,32,199934
ABalappapa:125,ABalappapa,125,36466,11466,2369,2702,10054,13.9,140,113,32,175463
ABalappapa:126,ABalappapa,126,39843,14843,5523,7093,10711,14.8,152,99,32,181647
ABalappapa:127,ABalappapa,127,42498,17498,9348,10822,13726,13.9,155,99,32,183740
ABalappapa:128,ABalappapa,128,44347,19347,11498,12890,16432,13.8,155,95,32,179797
ABalappapa:129,ABalappapa,129,42550,17550,10215,11993,14215,14.0,150,93,34,208604
ABalappapp:125,ABalappapp,125,35433,10433,-502,-412,7559,11.0,168,133,32,161242
ABalappapp:126,ABalappapp,126,43446,18446,7259,7589,13584,11.1,165,131,29,118943
ABalappapp:127,ABalappapp,127,51581,26581,16322,18231,20558,10.8,170,128,32,171636
ABalappapp:128,ABalappapp,128,46617,21617,12377,14528,16890,10.3,167,130,34,165832
ABalappapp:129,ABalappapp,129,46287,21287,12145,14396,15915,11.1,157,130,34,190245
ABalappp:70,ABalappp,70,32244,7244,614,614,7044,13.1,257,181,35,207777
ABalappp:71,ABalappp,71,37921,12921,8056,8055,12858,13.1,257,191,44,297486
ABalappp:72,ABalappp,72,37878,12878,7572,7520,12852,13.0,256,199,44,302265
ABalappp:73,ABalappp,73,39661,14661,9633,9618,14627,12.9,257,202,44,299431
ABalappp:74,ABalappp,74,40154,15154,9985,9995,15095,12.9,266,195,44,316724
ABalappp:75,ABalappp,75,39668,14668,9028,9018,14646,12.9,270,193,44,332310
ABalappp:76,ABalappp,76,40037,15037,9524,9524,15028,12.9,272,192,44,334827
ABalappp:77,ABalappp,77,40784,15784,10042,10032,15772,12.1,277,194,44,332272
ABalappp:78,ABalappp,78,42127,17127,11213,11209,17122,12.0,276,193,44,338892
ABalappp:79,ABalappp,79,42430,17430,11766,11754,17422,12.8,275,202,44,347875
ABalappp:80,ABalappp,80,42477,17477,11086,11122,17418,13.0,273,203,44,349526
ABalappp:81,ABalappp,81,44698,19698,13816,13953,19645,12.1,271,208,44,347649
ABalappp:82,ABalappp,82,44837,19837,13681,13810,19774,12.1,272,206,44,353808
ABalappp:83,ABalappp,83,44717,19717,12743,12844,19591,12.1,274,200,44,370563
ABalappp:84,ABalappp,84,45112,20112,13333,13311,19979,13.0,277,196,44,393003
ABalappp:85,ABalappp,85,44725,19725,11656,12016,19383,12.2,275,195,46,438164
ABalappp:86,ABalappp,86,46765,21765,13384,14199,19812,13.0,270,193,44,401040
ABalappp:87,ABalappp,87,47006,22006,13560,14859,17645,13.0,278,191,45,413064
ABalappp:88,ABalappp,88,47180,22180,14447,15324,21374,12.9,282,193,45,419418
ABalappp:89,ABalappp,89,45069,20069,12897,12985,19775,13.9,283,178,45,418128
ABalappp:90,ABalappp,90,34499,9499,163,149,9226,14.0,275,174,44,350288
ABalappp:91,ABalappp,91,33141,8141,-1258,-1258,6821,14.1,260,178,40,318049
ABalapppa:92,ABalapppa,92,33964,8964,561,743,8326,16.1,236,166,36,195296
ABalapppa:93,ABalapppa,93,39672,14672,7517,7869,14063,16.1,233,168,39,211658
ABalapppa:94,ABalapppa,94,42612,17612,9904,10094,17296,16.0,231,169,38,220787
ABalapppa:95,ABalapppa,95,41036,16036,8364,8599,14545,16.0,231,169,38,220787
ABalapppa:96,ABalapppa,96,48276,23276,13507,13922,21219,16.0,232,165,29,95254
ABalapppa:97,ABalapppa,97,42968,17968,9794,10978,15289,15.0,234,165,40,259915
ABalapppa:98,ABalapppa,98,42813,17813,8977,10433,14434,14.2,234,165,40,253537
ABalapppa:99,ABalapppa,99,47151,22151,13190,14056,20198,14.8,240,155,36,231918
ABalapppa:100,ABalapppa,100,48408,23408,13024,14570,19151,13.0,236,153,38,262053
ABalapppa:101,ABalapppa,101,48514,23514,12594,14471,19273,12.0,232,145,36,257528
ABalapppa:102,ABalapppa,102,50123,25123,14958,16222,20098,11.9,227,137,36,271913
ABalapppa:103,ABalapppa,103,48993,23993,13378,14500,20122,11.8,225,133,36,262387
ABalapppa:104,ABalapppa,104,51476,26476,15214,16524,22464,12.0,217,127,36,284247
ABalapppa:105,ABalapppa,105,48041,23041,11616,13912,16266,11.4,215,126,40,326946
ABalapppa:106,ABalapppa,106,50140,25140,14967,16848,19326,11.2,216,131,40,353555
ABalapppa:107,ABalapppa,107,50092,25092,14504,16336,15448,11.2,213,122,38,324297
ABalapppa:108,ABalapppa,108,52713,27713,17054,18373,19509,12.1,213,119,36,307560
ABalapppa:109,ABalapppa,109,51840,26840,16973,18602,20787,12.1,216,118,38,352141
ABalapppa:110,ABalapppa,110,47279,22279,11380,12807,17048,12.1,221,119,38,229699
ABalapppa:111,ABalapppa,111,51085,26085,15547,15898,23154,12.9,212,120,35,171763
ABalapppa:112,ABalapppa,112,51697,26697,16435,17490,24463,12.1,202,115,39,228774
ABalapppa:113,ABalapppa,113,50514,25514,16083,16930,23742,12.1,200,118,39,244985
ABalapppa:114,ABalapppa,114,47264,22264,12311,13474,16006,11.2,204,125,39,233487
ABalapppa:115,ABalapppa,115,49295,24295,14852,15721,22335,12.1,202,123,39,256531
ABalapppa:116,ABalapppa,116,47069,22069,12538,13284,20178,12.1,204,114,39,259482
ABalapppa:117,ABalapppa,117,47554,22554,13275,13451,21178,13.0,207,113,38,257948
ABalapppa:118,ABalapppa,118,42725,17725,8461,8582,16153,12.2,196,121,36,243426
ABalapppa:119,ABalapppa,119,36773,11773,1576,1674,10875,13.0,195,122,34,211562
ABalapppaa:120,ABalapppaa,120,35397,10397,-1470,555,6271,12.8,176,123,34,163299
ABalapppaa:121,ABalapppaa,121,36979,11979,3175,3735,10450,11.3,169,116,31,125836
ABalapppaa:122,ABalapppaa,122,43814,18814,9896,11136,16317,11.9,179,101,32,155997
ABalapppaa:123,ABalapppaa,123,40723,15723,7993,8701,13837,11.3,186,98,34,159923
ABalapppaa:124,ABalapppaa,124,45174,20174,11846,12503,17084,12.1,181,93,32,173333
ABalapppaa:125,ABalapppaa,125,44827,19827,12126,12574,17453,13.0,184,92,34,192934
ABalapppaa:126,ABalapppaa,126,44427,19427,9781,10660,14008,14.1,179,112,34,191854
ABalapppaa:127,ABalapppaa,127,44577,19577,8739,10352,5793,13.2,180,124,34,192517
ABalapppaa:128,ABalapppaa,128,44655,19655,8692,10547,11550,13.1,181,119,36,244884
ABalapppaa:129,ABalapppaa,129,44579,19579,8774,10006,10881,13.2,172,118,32,188694
ABalapppap:120,ABalapppap,120,37772,12772,851,1214,8556,11.9,215,128,34,169505
ABalapppap:121,ABalapppap,121,38621,13621,2457,2259,10348,11.3,227,135,37,221424
ABalapppap:122,ABalapppap,122,47349,22349,10898,10972,17589,11.0,219,136,29,110569
ABalapppap:123,ABalapppap,123,50754,25754,15893,16798,21197,12.0,224,133,32,157815
ABalapppap:124,ABalapppap,124,46021,21021,11998,12469,16973,12.1,216,125,32,155945
ABalapppap:125,ABalapppap,125,46241,21241,11994,12708,17530,12.8,216,116,32,147580
ABalapppap:126,ABalapppap,126,45839,20839,11498,12126,13711,12.1,217,108,32,152352
ABalapppap:127,ABalapppap,127,43749,18749,9667,11442,10097,12.1,219,107,34,181876
ABalapppap:128,ABalapppap,128,42853,17853,7253,9376,10132,12.2,221,115,36,226286
ABalapppap:129,ABalapppap,129,44561,19561,9677,10652,12054,13.1,217,113,34,187452
ABalapppp:92,ABalapppp,92,35142,10142,342,491,5852,12.1,281,196,34,187601
ABalapppp:93,ABalapppp,93,44666,19666,11935,11993,17088,12.9,284,199,39,233691
ABalapppp:94,ABalapppp,94,46148,21148,13440,13470,20261,13.0,286,199,38,247065
ABalapppp:95,ABalapppp,95,44585,19585,11602,11621,18745,12.2,287,197,39,214290
ABalapppp:96,ABalapppp,96,49784,24784,16693,16709,23783,11.9,283,181,36,210399
ABalapppp:97,ABalapppp,97,45912,20912,12436,12749,18535,10.3,275,186,38,217111
ABalapppp:98,ABalapppp,98,46636,21636,13987,14031,20142,11.2,276,186,36,214052
ABalapppp:99,ABalapppp,99,50140,25140,16921,16952,23589,11.0,269,182,38,267644
ABalapppp:100,ABalapppp,100,52957,27957,19054,19311,26486,11.0,272,174,36,239437
ABalapppp:101,ABalapppp,101,52140,27140,18339,18829,25330,11.0,273,162,38,282969
ABalapppp:102,ABalapppp,102,51333,26333,15789,16236,24056,11.0,268,156,36,262751
ABalapppp:103,ABalapppp,103,48699,23699,14854,14923,22698,11.9,265,158,36,262242
ABalapppp:104,ABalapppp,104,47359,22359,13612,13883,19731,11.3,257,162,38,281719
ABalapppp:105,ABalapppp,105,49524,24524,15227,15246,22780,11.8,258,161,36,268273
ABalapppp:106,ABalapppp,106,48484,23484,15195,15292,22246,11.9,259,159,36,282846
ABalapppp:107,ABalapppp,107,48887,23887,14632,14954,20574,11.2,254,163,38,313616
ABalapppp:108,ABalapppp,108,47977,22977,13908,14333,19942,11.1,250,162,38,320495
ABalapppp:109,ABalapppp,109,50700,25700,16423,17549,19425,11.1,253,149,38,331555
ABalapppp:110,ABalapppp,110,47196,22196,11735,12919,17176,11.1,258,145,38,204692
ABalapppp:111,ABalapppp,111,48853,23853,13192,14181,18112,11.0,254,146,37,203984
ABalapppp:112,ABalapppp,112,48738,23738,12178,13855,16103,11.0,250,135,37,204974
ABalapppp:113,ABalapppp,113,51234,26234,15813,17004,18191,11.2,254,133,37,212273
ABalapppp:114,ABalapppp,114,51526,26526,16827,17894,20143,11.1,259,130,39,245748
ABalapppp:115,ABalapppp,115,50141,25141,15135,16986,18857,11.1,258,131,39,250085
ABalapppp:116,ABalapppp,116,49890,24890,12892,14823,18011,10.3,258,126,37,207310
ABalapppp:117,ABalapppp,117,47252,22252,10744,12140,14481,10.3,262,130,38,231042
ABalapppp:118,ABalapppp,118,49341,24341,13294,14358,19327,11.1,257,131,36,234614
ABalapppp:119,ABalapppp,119,46457,21457,11245,11960,17001,11.3,254,129,38,258490
ABalapppp:120,ABalapppp,120,36739,11739,1245,1077,5678,12.0,254,138,34,200003
ABalapppp:121,ABalapppp,121,34200,9200,-1124,-1112,4364,11.1,280,147,29,115741
ABalappppa:122,ABalappppa,122,39079,14079,3667,4965,8646,13.0,242,137,32,160849
ABalappppa:123,ABalappppa,123,43849,18849,8443,10227,12409,13.0,249,130,32,154464
ABalappppa:124,ABalappppa,124,45925,20925,11683,12633,17635,12.9,249,123,32,156083
ABalappppa:125,ABalappppa,125,43194,18194,9107,9839,13482,12.3,254,119,34,156282
ABalappppa:126,ABalappppa,126,43065,18065,9038,9746,13703,12.3,253,121,34,159994
ABalappppa:127,ABalappppa,127,41634,16634,7232,8768,11482,12.2,249,116,36,198222
ABalappppa:128,ABalappppa,128,46677,21677,12068,12811,18538,12.8,251,114,32,157733
ABalappppa:129,ABalappppa,129,45905,20905,11434,12396,16495,12.8,250,111,32,161715
ABalappppp:122,ABalappppp,122,41757,16757,7421,7510,13347,12.0,292,138,30,144312
ABalappppp:123,ABalappppp,123,45966,20966,11825,11909,17741,11.9,300,135,32,162806
ABalappppp:124,ABalappppp,124,45105,20105,10455,11358,14293,11.2,296,133,34,173272
ABalappppp:125,ABalappppp,125,46148,21148,12259,12289,16730,12.0,302,129,34,185055
ABalappppp:126,ABalappppp,126,42616,17616,9305,8832,14820,12.2,301,122,34,178872
ABalappppp:127,ABalappppp,127,43469,18469,10618,10699,15000,12.2,298,123,34,187830
ABalappppp:128,ABalappppp,128,43817,18817,10096,9924,14882,12.0,302,120,34,190510
ABalappppp:129,ABalappppp,129,45378,20378,12311,12354,15724,11.9,301,114,32,177716
ABalp:22,ABalp,22,28276,3276,-936,-948,3275,22.5,153,174,63,900691
ABalp:23,ABalp,23,28052,3052,-1095,-1108,3052,21.3,149,203,65,914108
ABalp:24,ABalp,24,28231,3231,-766,-766,3231,22.1,146,222,69,1117134
ABalp:25,ABalp,25,27763,2763,-1075,-1075,2763,21.9,160,254,66,1252488
ABalp:26,ABalp,26,27635,2635,-1437,-1437,2635,18.6,151,246,69,1575952
ABalp:27,ABalp,27,28012,3012,-1399,-1403,3006,17.3,148,239,69,1775402
ABalp:28,ABalp,28,27812,2812,-1604,-1622,2810,16.2,157,253,70,2019577
ABalp:29,ABalp,29,27864,2864,-1250,-1264,2864,16.3,153,260,71,2116889
ABalp:30,ABalp,30,27749,2749,-1294,-1297,2748,17.9,146,255,69,1995525
ABalp:31,ABalp,31,28037,3037,-805,-805,3037,20.1,143,252,74,2524026
ABalp:32,ABalp,32,27635,2635,-1486,-1486,2635,20.9,150,238,69,1505108
ABalpa:33,ABalpa,33,28283,3283,-963,-962,3237,22.7,144,228,65,1027376
ABalpa:34,ABalpa,34,28751,3751,-238,-232,3751,21.7,135,215,64,960779
ABalpa:35,ABalpa,35,28142,3142,-900,-896,3140,21.9,143,214,59,852162
ABalpa:36,ABalpa,36,28051,3051,-1107,-1107,3051,22.9,133,210,60,970482
ABalpa:37,ABalpa,37,28182,3182,-951,-951,3182,23.7,129,220,61,1052051
ABalpa:38,ABalpa,38,28282,3282,-761,-761,3282,22.7,126,219,61,1178866
ABalpa:39,ABalpa,39,27856,2856,-1302,-1302,2856,21.9,124,217,62,1298551
ABalpa:40,ABalpa,40,28429,3429,-696,-696,3429,21.0,124,212,62,1400559
ABalpa:41,ABalpa,41,28016,3016,-1201,-1201,3016,19.9,121,206,62,1372649
ABalpa:42,ABalpa,42,27766,2766,-1513,-1513,2766,19.2,120,205,64,1542798
ABalpa:43,ABalpa,43,27990,2990,-1398,-1398,2990,20.0,126,199,63,1421309
ABalpa:44,ABalpa,44,28704,3704,-913,-913,3704,20.8,128,207,62,1385536
ABalpa:45,ABalpa,45,28339,3339,-882,-882,3339,20.8,121,210,62,1407041
ABalpa:46,ABalpa,46,27911,2911,-1262,-1262,2911,20.8,126,211,62,1407223
ABalpa:47,ABalpa,47,28030,3030,-1478,-1478,3030,20.0,134,211,63,1452596
ABalpa:48,ABalpa,48,28124,3124,-1274,-1274,3124,19.3,138,208,63,1365494
ABalpa:49,ABalpa,49,28034,3034,-1221,-1221,3034,19.9,137,206,62,1231725
ABalpaa:50,ABalpaa,50,29179,4179,400,448,4073,17.2,118,200,59,827560
ABalpaa:51,ABalpaa,51,28005,3005,-1158,-1158,2849,16.0,118,200,43,443331
ABalpaa:52,ABalpaa,52,28114,3114,-1170,-1170,2936,16.0,118,200,43,443331
ABalpaa:53,ABalpaa,53,28352,3352,-174,-153,3194,16.1,111,197,55,816564
ABalpaa:54,ABalpaa,54,28073,3073,-562,-575,2999,16.0,111,191,55,858930
ABalpaa:55,ABalpaa,55,28416,3416,-603,-614,3390,16.1,117,185,55,854195
ABalpaa:56,ABalpaa,56,28062,3062,-504,-503,3002,16.0,114,188,55,874532
ABalpaa:57,ABalpaa,57,28510,3510,-296,-281,3510,16.0,111,183,55,907704
ABalpaa:58,ABalpaa,58,28568,3568,-249,-254,3524,16.9,113,192,55,923095
ABalpaa:59,ABalpaa,59,28698,3698,-119,-131,3616,17.1,113,198,54,958395
ABalpaa:60,ABalpaa,60,28763,3763,-404,-404,3763,18.0,114,198,55,911442
ABalpaa:61,ABalpaa,61,28449,3449,-671,-671,3449,18.0,115,195,55,919763
ABalpaa:62,ABalpaa,62,27820,2820,-1189,-1186,2773,17.1,115,195,53,849840
ABalpaa:63,ABalpaa,63,28271,3271,-643,-643,3262,18.1,124,193,53,666808
ABalpaa:64,ABalpaa,64,27978,2978,-1049,-1050,2978,18.9,119,189,54,748046
ABalpaa:65,ABalpaa,65,28955,3955,-163,-160,3955,19.0,120,189,54,774310
ABalpaa:66,ABalpaa,66,27706,2706,-1482,-1480,2702,19.0,121,194,54,776415
ABalpaa:67,ABalpaa,67,27589,2589,-1831,-1832,2572,18.2,123,201,53,734079
ABalpaa:68,ABalpaa,68,27778,2778,-1244,-1243,2778,19.2,116,192,50,634355
ABalpaaa:69,ABalpaaa,69,27928,2928,-1071,-1005,2846,22.0,107,183,38,300669
ABalpaaa:70,ABalpaaa,70,27702,2702,-890,-884,2662,23.1,107,174,43,312232
ABalpaaa:71,ABalpaaa,71,28134,3134,-314,-293,3086,21.1,104,179,44,338035
ABalpaaa:72,ABalpaaa,72,28349,3349,-164,-112,3289,21.9,103,178,44,337113
ABalpaaa:73,ABalpaaa,73,27914,2914,-776,-726,2778,21.0,109,168,44,373124
ABalpaaa:74,ABalpaaa,74,27865,2865,-678,-577,2806,21.1,105,167,44,370901
ABalpaaa:75,ABalpaaa,75,28470,3470,68,267,3430,22.0,106,164,44,367100
ABalpaaa:76,ABalpaaa,76,28298,3298,-96,-18,3248,21.0,108,163,44,398992
ABalpaaa:77,ABalpaaa,77,28975,3975,267,399,3880,21.0,111,150,44,399045
ABalpaaa:78,ABalpaaa,78,28120,3120,-380,-338,3100,20.9,107,150,44,396226
ABalpaaa:79,ABalpaaa,79,28499,3499,-130,37,3473,21.0,108,145,44,432290
ABalpaaa:80,ABalpaaa,80,28412,3412,-573,-301,3365,22.0,115,141,44,438492
ABalpaaa:81,ABalpaaa,81,27431,2431,-2017,-1664,2344,22.0,117,136,44,402128
ABalpaaa:82,ABalpaaa,82,29048,4048,-591,-39,3835,22.0,117,135,44,441977
ABalpaaa:83,ABalpaaa,83,28457,3457,-553,-40,3392,21.0,118,133,44,438573
ABalpaaa:84,ABalpaaa,84,28379,3379,-776,-615,3306,21.9,124,126,44,423096
ABalpaaa:85,ABalpaaa,85,28425,3425,-856,-599,3134,22.0,131,113,44,455502
ABalpaaa:86,ABalpaaa,86,28443,3443,-859,-828,3010,22.9,135,112,44,445857
ABalpaaa:87,ABalpaaa,87,28297,3297,-831,-800,3274,23.9,139,116,45,469886
ABalpaaa:88,ABalpaaa,88,29647,4647,815,701,4460,23.9,138,119,45,478055
ABalpaaa:89,ABalpaaa,89,28835,3835,-154,-194,3456,24.1,142,121,47,571627
ABalpaaa:90,ABalpaaa,90,28660,3660,-581,-572,3615,25.0,136,126,44,417134
ABalpaaa:91,ABalpaaa,91,28710,3710,-945,-924,3184,24.0,130,134,44,421953
ABalpaaa:92,ABalpaaa,92,29240,4240,-695,-721,2932,23.1,125,131,42,414798
ABalpaaa:93,ABalpaaa,93,28778,3778,-1101,-1246,3383,23.3,131,128,41,366907
ABalpaaa:94,ABalpaaa,94,29233,4233,-852,-1071,4029,24.9,145,144,38,358401
ABalpaaaa:95,ABalpaaaa,95,29088,4088,-578,-451,3458,25.9,136,138,37,271653
ABalpaaaa:96,ABalpaaaa,96,29929,4929,-246,-221,4135,26.0,141,144,36,256389
ABalpaaaa:97,ABalpaaaa,97,29917,4917,-183,-261,4282,27.0,153,140,38,281508
ABalpaaaa:98,ABalpaaaa,98,28629,3629,-702,-804,2875,26.2,156,128,40,337507
ABalpaaaa:99,ABalpaaaa,99,28176,3176,-1234,-1362,2275,26.2,152,127,38,299383
ABalpaaaa:100,ABalpaaaa,100,30046,5046,-107,-206,4329,26.2,150,127,38,309168
ABalpaaaa:101,ABalpaaaa,101,30173,5173,264,296,3711,26.1,137,137,36,288265
ABalpaaaa:102,ABalpaaaa,102,28799,3799,-1641,-1554,2806,26.2,139,131,38,297965
ABalpaaaa:103,ABalpaaaa,103,30126,5126,321,317,4317,26.2,136,138,40,344036
ABalpaaaa:104,ABalpaaaa,104,30402,5402,528,661,3816,26.1,140,127,40,347342
ABalpaaaa:105,ABalpaaaa,105,29476,4476,-665,-676,3936,27.0,150,134,38,338428
ABalpaaaa:106,ABalpaaaa,106,29112,4112,-1109,-1138,3426,27.1,159,132,40,344412
ABalpaaaa:107,ABalpaaaa,107,28615,3615,-1009,-1034,3096,27.2,153,136,38,345358
ABalpaaaa:108,ABalpaaaa,108,28427,3427,-1747,-1713,2963,28.0,160,137,40,366964
ABalpaaaa:109,ABalpaaaa,109,29221,4221,-650,-755,3838,27.2,157,135,40,376618
ABalpaaaa:110,ABalpaaaa,110,29806,4806,74,42,4259,27.2,161,133,40,253039
ABalpaaaa:111,ABalpaaaa,111,29716,4716,-92,-77,4259,28.1,161,141,39,249393
ABalpaaaa:112,ABalpaaaa,112,29700,4700,-86,-65,4257,28.0,165,147,39,253082
ABalpaaaa:113,ABalpaaaa,113,28693,3693,-1463,-1439,3347,28.1,167,152,39,240679
ABalpaaaa:114,ABalpaaaa,114,28358,3358,-1265,-1302,3043,28.0,167,155,37,214023
ABalpaaaa:115,ABalpaaaa,115,29139,4139,-539,-542,3865,28.0,174,159,39,237036
ABalpaaaa:116,ABalpaaaa,116,29789,4789,-736,-803,4167,28.1,173,160,35,186443
ABalpaaaa:117,ABalpaaaa,117,29309,4309,-469,-491,3625,28.0,172,155,38,255763
ABalpaaaa:118,ABalpaaaa,118,28584,3584,-1412,-1414,3036,28.1,166,161,38,258074
ABalpaaaa:119,ABalpaaaa,119,29738,4738,-413,-364,4123,28.1,153,165,38,277207
ABalpaaaa:120,ABalpaaaa,120,29707,4707,-520,-504,4332,28.1,160,167,38,269331
ABalpaaaa:121,ABalpaaaa,121,29102,4102,-897,-974,3649,28.2,163,168,37,243590
ABalpaaaa:122,ABalpaaaa,122,29039,4039,-713,-669,3679,28.1,162,173,36,246078
ABalpaaaa:123,ABalpaaaa,123,29295,4295,-568,-568,3185,28.1,161,173,36,266295
ABalpaaaa:124,ABalpaaaa,124,30074,5074,-64,82,4308,28.2,162,170,36,288560
ABalpaaaa:125,ABalpaaaa,125,28421,3421,-1270,-1424,2778,28.0,169,180,34,250663
ABalpaaaa:126,ABalpaaaa,126,28964,3964,-825,-879,3350,28.1,171,179,36,275022
ABalpaaaaa:127,ABalpaaaaa,127,28859,3859,-1213,-898,1352,26.3,155,155,29,132255
ABalpaaaaa:128,ABalpaaaaa,128,29504,4504,-765,-804,2859,27.0,149,154,36,265035
ABalpaaaaa:129,ABalpaaaaa,129,30114,5114,390,228,3566,27.0,147,161,34,239409
ABalpaaaap:127,ABalpaaaap,127,29957,4957,504,549,4360,28.9,172,201,32,172947
ABalpaaaap:128,ABalpaaaap,128,29245,4245,-617,-881,2221,28.0,171,205,36,238407
ABalpaaaap:129,ABalpaaaap,129,30682,5682,1074,619,4679,28.1,169,212,36,245315
ABalpaaap:95,ABalpaaap,95,28324,3324,-1472,-1498,2835,24.1,145,192,37,255484
ABalpaaap:96,ABalpaaap,96,28591,3591,-806,-943,2726,24.0,152,200,36,257348
ABalpaaap:97,ABalpaaap,97,28757,3757,-169,-344,2992,25.0,163,205,36,251935
ABalpaaap:98,ABalpaaap,98,28704,3704,-516,-545,2781,24.1,161,211,40,315474
ABalpaaap:99,ABalpaaap,99,28307,3307,-1485,-1485,2261,24.0,162,199,38,296108
ABalpaaap:100,ABalpaaap,100,28609,3609,-760,-897,2677,24.1,165,196,38,282847
ABalpaaap:101,ABalpaaap,101,29153,4153,-517,-837,3406,24.1,163,196,38,273220
ABalpaaap:102,ABalpaaap,102,29199,4199,-507,-611,3439,25.0,156,185,36,256429
ABalpaaap:103,ABalpaaap,103,30031,5031,429,324,4332,24.1,160,192,38,267701
ABalpaaap:104,ABalpaaap,104,28694,3694,-865,-981,3117,25.0,164,186,38,277636
ABalpaaap:105,ABalpaaap,105,29415,4415,-30,143,3519,25.0,157,188,40,334640
ABalpaaap:106,ABalpaaap,106,28992,3992,-377,-590,2545,25.1,160,177,29,142496
ABalpaaap:107,ABalpaaap,107,29732,4732,-149,5,4005,25.1,160,177,29,142496
ABalpaaap:108,ABalpaaap,108,29372,4372,-571,-787,3174,25.2,152,185,38,343048
ABalpaaap:109,ABalpaaap,109,28075,3075,-1362,-1302,951,26.1,150,182,29,159455
ABalpaaap:110,ABalpaaap,110,29539,4539,-391,-226,3100,26.0,157,176,40,254801
ABalpaaap:111,ABalpaaap,111,29479,4479,-157,-114,3553,26.1,164,176,39,234840
ABalpaaap:112,ABalpaaap,112,30368,5368,781,778,4585,26.2,172,189,39,211185
ABalpaaap:113,ABalpaaap,113,29902,4902,347,248,4118,26.1,176,198,39,215209
ABalpaaap:114,ABalpaaap,114,28770,3770,-262,-261,2998,26.2,184,197,39,215723
ABalpaaap:115,ABalpaaap,115,28977,3977,-833,-924,3229,27.0,195,196,37,199491
ABalpaaap:116,ABalpaaap,116,30004,5004,237,71,3609,27.0,188,198,35,166659
ABalpaaap:117,ABalpaaap,117,28449,3449,-667,-746,2557,26.1,190,197,38,215043
ABalpaaap:118,ABalpaaap,118,29487,4487,99,22,3530,25.3,183,210,36,207375
ABalpaaap:119,ABalpaaap,119,29674,4674,-72,-243,3561,25.2,187,208,38,240329
ABalpaaap:120,ABalpaaap,120,28934,3934,-627,-712,1863,25.1,184,210,38,260544
ABalpaaap:121,ABalpaaap,121,29493,4493,138,-7,2662,25.1,184,210,38,260544
ABalpaaap:122,ABalpaaap,122,28462,3462,-882,-874,1531,24.1,191,207,36,244528
ABalpaaap:123,ABalpaaap,123,28947,3947,-652,-656,2549,24.2,204,216,36,220336
ABalpaaap:124,ABalpaaap,124,29362,4362,-263,-378,3443,24.1,200,226,36,239512
ABalpaaap:125,ABalpaaap,125,29305,4305,-284,-642,3444,25.0,192,228,36,262690
ABalpaaap:126,ABalpaaap,126,29685,4685,303,103,3530,24.2,195,227,36,268384
ABalpaaap:127,ABalpaaap,127,28975,3975,-1073,-1218,1815,24.0,190,222,32,210683
ABalpaaapa:128,ABalpaaapa,128,29188,4188,-898,-1054,1702,25.9,176,205,32,192608
ABalpaaapa:129,ABalpaaapa,129,28844,3844,-1270,-1239,454,26.0,175,214,34,201334
ABalpaaapp:128,ABalpaaapp,128,31189,6189,1420,1223,4475,25.1,196,246,36,250807
ABalpaaapp:129,ABalpaaapp,129,30099,5099,-600,-683,3745,23.0,200,251,32,187051
ABalpaap:69,ABalpaap,69,28603,3603,-510,-525,3521,18.0,133,209,50,495320
ABalpaap:70,ABalpaap,70,28880,3880,-189,-153,3754,18.1,133,202,45,330671
ABalpaap:71,ABalpaap,71,28648,3648,-452,-453,3583,18.9,146,207,44,309132
ABalpaap:72,ABalpaap,72,28056,3056,-967,-1006,2968,19.0,151,210,44,324452
ABalpaap:73,ABalpaap,73,28047,3047,-923,-894,2927,18.1,154,209,48,459582
ABalpaap:74,ABalpaap,74,28775,3775,-567,-554,3704,17.9,154,200,44,361033
ABalpaap:75,ABalpaap,75,27971,2971,-1274,-1306,2902,17.3,145,196,46,431516
ABalpaap:76,ABalpaap,76,28321,3321,-1153,-1111,3221,17.3,141,200,48,505494
ABalpaap:77,ABalpaap,77,28048,3048,-1390,-1447,2888,17.2,142,196,46,450875
ABalpaap:78,ABalpaap,78,28314,3314,-827,-828,3272,18.0,135,194,44,409597
ABalpaap:79,ABalpaap,79,27896,2896,-1571,-1574,2826,19.0,123,197,44,406790
ABalpaap:80,ABalpaap,80,29503,4503,484,430,4398,18.2,126,188,46,457177
ABalpaap:81,ABalpaap,81,28433,3433,-926,-1009,3308,20.0,123,184,44,423818
ABalpaap:82,ABalpaap,82,28455,3455,-719,-747,3409,18.2,119,183,46,468356
ABalpaap:83,ABalpaap,83,29441,4441,330,439,4397,19.1,113,185,44,415767
ABalpaap:84,ABalpaap,84,28304,3304,-1038,-1143,3198,19.9,117,176,44,414326
ABalpaap:85,ABalpaap,85,27880,2880,-1198,-1226,2803,18.2,113,165,46,494695
ABalpaap:86,ABalpaap,86,27950,2950,-929,-957,2937,19.2,118,165,46,506321
ABalpaap:87,ABalpaap,87,28330,3330,-743,-740,3302,20.0,119,161,45,480649
ABalpaap:88,ABalpaap,88,28110,3110,-961,-977,3076,20.1,123,164,45,461768
ABalpaapa:89,ABalpaapa,89,28689,3689,-880,-795,3478,19.1,123,149,39,275987
ABalpaapa:90,ABalpaapa,90,28563,3563,-594,-585,3522,17.1,115,152,38,219493
ABalpaapa:91,ABalpaapa,91,28365,3365,-1127,-1068,3252,17.4,111,163,40,220384
ABalpaapa:92,ABalpaapa,92,28520,3520,-424,-346,3419,17.9,106,176,40,249426
ABalpaapa:93,ABalpaapa,93,28211,3211,-973,-961,3132,17.9,106,168,39,237175
ABalpaapa:94,ABalpaapa,94,28608,3608,-967,-963,3484,18.9,107,158,38,255347
ABalpaapa:95,ABalpaapa,95,28705,3705,-608,-608,3595,19.9,105,169,37,228339
ABalpaapa:96,ABalpaapa,96,28551,3551,-1343,-1324,3239,20.9,109,176,36,245574
ABalpaapa:97,ABalpaapa,97,29752,4752,-620,-537,3739,22.1,117,177,40,308396
ABalpaapa:98,ABalpaapa,98,30632,5632,646,750,4772,23.1,122,176,40,299296
ABalpaapa:99,ABalpaapa,99,30361,5361,334,275,3156,23.1,123,173,38,289391
ABalpaapa:100,ABalpaapa,100,30270,5270,46,-68,3892,23.0,122,175,40,337858
ABalpaapa:101,ABalpaapa,101,30483,5483,-229,-201,4446,23.0,122,186,40,330764
ABalpaapa:102,ABalpaapa,102,30629,5629,-441,-188,3818,22.1,115,176,40,334919
ABalpaapa:103,ABalpaapa,103,29282,4282,-952,-1081,3744,23.0,119,183,38,293166
ABalpaapa:104,ABalpaapa,104,29582,4582,-594,-500,3773,23.1,118,183,40,327676
ABalpaapa:105,ABalpaapa,105,31167,6167,1171,1168,5547,23.1,114,187,40,325919
ABalpaapa:106,ABalpaapa,106,30005,5005,-522,-357,3807,23.1,122,177,40,341451
ABalpaapa:107,ABalpaapa,107,30152,5152,-106,4,4243,23.1,114,176,40,347971
ABalpaapa:108,ABalpaapa,108,32107,7107,884,1426,3717,23.1,115,167,40,365163
ABalpaapa:109,ABalpaapa,109,30769,5769,-3,306,4200,23.1,115,165,40,381714
ABalpaapa:110,ABalpaapa,110,30232,5232,-262,-360,4210,24.0,123,168,40,233318
ABalpaapa:111,ABalpaapa,111,31247,6247,-86,10,4353,23.2,124,167,39,224319
ABalpaapa:112,ABalpaapa,112,30688,5688,-266,-246,5069,23.2,128,168,37,194441
ABalpaapa:113,ABalpaapa,113,32793,7793,1418,1807,6147,24.0,122,164,39,238384
ABalpaapaa:114,ABalpaapaa,114,31015,6015,-1225,-860,4662,24.1,134,142,35,165964
ABalpaapaa:115,ABalpaapaa,115,30688,5688,-1147,-592,4098,25.0,141,137,35,178666
ABalpaapaa:116,ABalpaapaa,116,30295,5295,-1430,-833,3787,24.1,146,140,37,204347
ABalpaapaa:117,ABalpaapaa,117,29613,4613,-1680,-1373,2800,24.8,150,133,34,184284
ABalpaapaa:118,ABalpaapaa,118,30660,5660,-445,-478,4165,25.2,138,140,36,214530
ABalpaapaa:119,ABalpaapaa,119,30716,5716,214,190,4101,25.2,132,140,38,252382
ABalpaapaa:120,ABalpaapaa,120,30403,5403,-115,-214,4258,25.3,133,137,36,236429
ABalpaapaa:121,ABalpaapaa,121,30233,5233,447,533,4042,26.0,131,138,33,191901
ABalpaapaa:122,ABalpaapaa,122,30749,5749,242,113,3785,26.0,129,142,32,185867
ABalpaapaa:123,ABalpaapaa,123,30568,5568,-34,27,3353,26.1,128,147,34,222613
ABalpaapaa:124,ABalpaapaa,124,31011,6011,709,835,1974,26.1,127,148,36,263250
ABalpaapaa:125,ABalpaapaa,125,30411,5411,536,553,3046,26.1,136,152,36,257606
ABalpaapaa:126,ABalpaapaa,126,30543,5543,143,-6,4115,26.1,140,146,36,281551
ABalpaapaa:127,ABalpaapaa,127,31444,6444,1294,1027,4214,25.2,140,139,36,261991
ABalpaapaa:128,ABalpaapaa,128,30567,5567,-146,-311,3583,25.0,139,133,34,241599
ABalpaapaa:129,ABalpaapaa,129,29869,4869,-802,-844,2614,25.0,135,144,36,305166
ABalpaapap:114,ABalpaapap,114,29700,4700,-554,-596,4415,25.3,136,194,37,139195
ABalpaapap:115,ABalpaapap,115,30139,5139,-216,-147,4907,26.1,143,200,37,163983
ABalpaapap:116,ABalpaapap,116,29487,4487,-299,-450,4147,26.3,140,197,37,167057
ABalpaapap:117,ABalpaapap,117,29804,4804,-384,-477,4367,26.2,147,194,36,172175
ABalpaapap:118,ABalpaapap,118,30807,5807,785,663,5443,26.1,137,203,38,189949
ABalpaapap:119,ABalpaapap,119,30903,5903,941,941,5535,25.2,129,200,38,186421
ABalpaapap:120,ABalpaapap,120,30320,5320,106,-59,4451,26.0,127,191,38,239735
ABalpaapap:121,ABalpaapap,121,29703,4703,-953,-1084,3228,26.0,130,190,37,210231
ABalpaapap:122,ABalpaapap,122,29401,4401,-998,-895,2100,25.1,132,198,36,239009
ABalpaapap:123,ABalpaapap,123,31499,6499,890,722,5825,25.0,143,191,36,215574
ABalpaapap:124,ABalpaapap,124,30207,5207,251,120,4317,24.1,150,194,36,212265
ABalpaapap:125,ABalpaapap,125,30470,5470,-318,-530,4337,24.2,149,200,36,215948
ABalpaapap:126,ABalpaapap,126,30048,5048,-619,-661,3944,24.1,153,200,36,218732
ABalpaapap:127,ABalpaapap,127,29715,4715,-729,-855,3572,24.1,142,188,36,229017
ABalpaapap:128,ABalpaapap,128,30873,5873,33,-45,4844,24.1,143,185,36,244983
ABalpaapap:129,ABalpaapap,129,29410,4410,-1111,-1162,3271,24.2,147,193,36,233842
ABalpaapp:89,ABalpaapp,89,28902,3902,-360,-492,3665,19.1,132,187,43,315083
ABalpaapp:90,ABalpaapp,90,29258,4258,592,532,4136,19.1,139,200,42,262725
ABalpaapp:91,ABalpaapp,91,28575,3575,-740,-731,3474,19.1,142,206,42,279849
ABalpaapp:92,ABalpaapp,92,29806,4806,650,443,4250,19.0,135,213,40,288350
ABalpaapp:93,ABalpaapp,93,28656,3656,-992,-1065,3126,19.2,140,201,41,265850
ABalpaapp:94,ABalpaapp,94,29387,4387,-468,-690,3834,19.2,144,201,42,297606
ABalpaapp:95,ABalpaapp,95,28321,3321,-1283,-1431,2319,19.2,145,213,41,292552
ABalpaapp:96,ABalpaapp,96,28788,3788,-567,-780,2768,19.2,149,215,40,301005
ABalpaapp:97,ABalpaapp,97,30448,5448,986,785,4595,20.1,154,219,40,302266
ABalpaapp:98,ABalpaapp,98,28788,3788,-1084,-978,2604,21.0,147,221,38,311788
ABalpaapp:99,ABalpaapp,99,29780,4780,13,-301,3879,21.0,149,215,36,277061
ABalpaapp:100,ABalpaapp,100,29656,4656,-315,-506,3849,21.0,154,215,40,323881
ABalpaapp:101,ABalpaapp,101,30502,5502,443,311,4402,20.2,161,215,38,278735
ABalpaapp:102,ABalpaapp,102,29680,4680,-369,-418,3951,21.1,154,208,38,303363
ABalpaapp:103,ABalpaapp,103,29415,4415,-387,-509,2971,21.1,161,216,40,321993
ABalpaapp:104,ABalpaapp,104,29229,4229,-803,-996,2979,21.1,154,210,36,277997
ABalpaapp:105,ABalpaapp,105,29930,4930,37,-391,2931,21.1,150,210,40,337394
ABalpaapp:106,ABalpaapp,106,30293,5293,436,299,4010,22.0,152,202,40,346395
ABalpaapp:107,ABalpaapp,107,29412,4412,97,-69,3507,21.1,148,209,40,358143
ABalpaapp:108,ABalpaapp,108,30055,5055,-26,-376,4006,21.1,150,210,38,327443
ABalpaapp:109,ABalpaapp,109,30233,5233,36,-386,4942,21.2,148,206,40,366164
ABalpaapp:110,ABalpaapp,110,29103,4103,-1316,-1625,3122,21.1,153,207,40,228813
ABalpaapp:111,ABalpaapp,111,30067,5067,-626,-991,4031,21.2,151,211,39,205247
ABalpaapp:112,ABalpaapp,112,29701,4701,-388,-576,3999,22.1,151,216,37,212053
ABalpaapp:113,ABalpaapp,113,30060,5060,172,-70,4267,21.3,152,214,37,208696
ABalpaapp:114,ABalpaapp,114,29162,4162,-634,-714,3143,22.1,155,224,39,248546
ABalpaapp:115,ABalpaapp,115,28198,3198,-1748,-1930,2093,23.2,155,229,39,248883
ABalpaapp:116,ABalpaapp,116,28786,3786,-1061,-1130,2766,23.1,151,231,39,252692
ABalpaapp:117,ABalpaapp,117,29997,4997,213,135,4027,23.2,149,229,38,267382
ABalpaapp:118,ABalpaapp,118,28329,3329,-951,-964,2302,23.3,149,238,36,251975
ABalpaapp:119,ABalpaapp,119,28823,3823,-655,-711,3118,23.1,143,236,38,284819
ABalpaappa:120,ABalpaappa,120,29306,4306,-883,-974,3077,24.0,130,213,34,179748
ABalpaappa:121,ABalpaappa,121,31265,6265,324,547,4903,23.0,121,206,33,174316
ABalpaappa:122,ABalpaappa,122,30929,5929,456,433,4487,23.0,124,209,32,192411
ABalpaappa:123,ABalpaappa,123,29791,4791,-526,-516,4056,24.1,120,222,32,192206
ABalpaappa:124,ABalpaappa,124,29919,4919,717,703,4219,25.0,116,227,34,193119
ABalpaappa:125,ABalpaappa,125,29952,4952,565,498,4088,24.1,116,226,32,185469
ABalpaappa:126,ABalpaappa,126,29364,4364,240,242,3518,24.1,116,223,32,193617
ABalpaappa:127,ABalpaappa,127,30485,5485,363,578,3523,24.0,115,209,32,204057
ABalpaappa:128,ABalpaappa,128,31355,6355,871,1073,3584,24.1,115,207,32,219007
ABalpaappa:129,ABalpaappa,129,31148,6148,804,803,4029,24.9,115,208,32,212781
ABalpaappp:120,ABalpaappp,120,29835,4835,310,373,3632,22.6,143,242,36,284819
ABalpaappp:121,ABalpaappp,121,28766,3766,-771,-676,1792,22.0,144,248,33,181901
ABalpaappp:122,ABalpaappp,122,29665,4665,105,77,3342,22.9,144,248,32,185615
ABalpaappp:123,ABalpaappp,123,30598,5598,1117,916,4074,23.1,149,251,34,205795
ABalpaappp:124,ABalpaappp,124,29647,4647,230,-9,2792,23.1,151,251,36,244362
ABalpaappp:125,ABalpaappp,125,29334,4334,-406,-430,3031,22.2,155,251,36,249827
ABalpaappp:126,ABalpaappp,126,29332,4332,-534,-576,3053,22.3,152,244,36,245807
ABalpaappp:127,ABalpaappp,127,30195,5195,69,-41,4094,22.9,145,234,32,208897
ABalpaappp:128,ABalpaappp,128,29852,4852,-105,39,3125,22.1,143,235,36,279170
ABalpaappp:129,ABalpaappp,129,30696,5696,332,113,3534,23.0,143,241,36,289832
ABalpap:50,ABalpap,50,29059,4059,-664,-597,4019,21.2,136,238,51,566856
ABalpap:51,ABalpap,51,29486,4486,574,572,4482,22.6,133,241,59,747973
ABalpap:52,ABalpap,52,28713,3713,-471,-461,3709,22.1,132,245,56,771791
ABalpap:53,ABalpap,53,27935,2935,-872,-872,2904,22.1,139,261,57,763141
ABalpap:54,ABalpap,54,28889,3889,-110,-114,3889,22.0,142,267,55,754384
ABalpap:55,ABalpap,55,28483,3483,-549,-556,3483,24.0,148,262,55,800557
ABalpap:56,ABalpap,56,28288,3288,-627,-627,3288,22.9,143,260,55,858689
ABalpap:57,ABalpap,57,28359,3359,-923,-923,3359,23.0,138,261,55,849381
ABalpap:58,ABalpap,58,28670,3670,-274,-286,3670,24.1,148,261,55,843750
ABalpap:59,ABalpap,59,29117,4117,-236,-235,4049,22.2,154,255,54,836050
ABalpap:60,ABalpap,60,28331,3331,-1016,-1028,3285,23.0,162,258,57,891095
ABalpap:61,ABalpap,61,28194,3194,-965,-967,3188,24.1,167,260,57,894442
ABalpap:62,ABalpap,62,28524,3524,-751,-753,3495,24.1,160,258,57,900677
ABalpap:63,ABalpap,63,28618,3618,-503,-508,3618,24.1,153,253,57,708826
ABalpap:64,ABalpap,64,28196,3196,-806,-806,3196,25.0,152,256,54,673551
ABalpap:65,ABalpap,65,28827,3827,-101,-104,3785,24.0,149,249,54,708389
ABalpap:66,ABalpap,66,28246,3246,-1022,-1013,3173,23.2,153,258,54,765329
ABalpap:67,ABalpap,67,27689,2689,-1300,-1301,2629,23.0,151,262,55,781142
ABalpap:68,ABalpap,68,28071,3071,-1153,-1153,3022,22.1,154,256,48,521645
ABalpapa:69,ABalpapa,69,28432,3432,-944,-944,3350,23.1,131,241,34,232703
ABalpapa:70,ABalpapa,70,28271,3271,-663,-650,3092,23.1,125,235,43,313810
ABalpapa:71,ABalpapa,71,29050,4050,509,506,3964,24.0,125,234,44,330682
ABalpapa:72,ABalpapa,72,27948,2948,-556,-542,2907,25.0,123,229,44,331275
ABalpapa:73,ABalpapa,73,28430,3430,-373,-382,3385,24.0,121,223,44,332563
ABalpapa:74,ABalpapa,74,28756,3756,48,30,3738,24.0,116,214,44,356346
ABalpapa:75,ABalpapa,75,28534,3534,-318,-349,3498,24.1,117,213,44,382923
ABalpapa:76,ABalpapa,76,29694,4694,1014,1012,4661,24.0,114,220,44,405471
ABalpapa:77,ABalpapa,77,28809,3809,113,113,3733,24.0,116,218,44,395108
ABalpapa:78,ABalpapa,78,28041,3041,-630,-639,2913,24.0,117,212,44,404349
ABalpapa:79,ABalpapa,79,28528,3528,-392,-382,3280,25.0,117,207,44,394549
ABalpapa:80,ABalpapa,80,28212,3212,-936,-935,3089,25.0,116,206,44,406335
ABalpapa:81,ABalpapa,81,28934,3934,248,248,3628,25.1,119,201,48,536013
ABalpapa:82,ABalpapa,82,28432,3432,-509,-462,3394,25.9,124,200,44,413077
ABalpapa:83,ABalpapa,83,28756,3756,-393,-407,3711,26.0,124,199,44,420680
ABalpapa:84,ABalpapa,84,28531,3531,-1058,-1079,3238,25.2,128,188,46,489681
ABalpapa:85,ABalpapa,85,28483,3483,-848,-819,3427,25.9,125,169,44,423474
ABalpapa:86,ABalpapa,86,29298,4298,154,108,4243,26.1,134,169,48,605463
ABalpapa:87,ABalpapa,87,28711,3711,-374,-356,3492,26.0,129,171,47,512136
ABalpapa:88,ABalpapa,88,28316,3316,-964,-953,3073,26.1,129,174,47,530336
ABalpapa:89,ABalpapa,89,28658,3658,-322,-346,3511,26.0,129,179,49,613724
ABalpapa:90,ABalpapa,90,29265,4265,146,129,4088,25.0,124,184,44,379499
ABalpapa:91,ABalpapa,91,29587,4587,195,206,4362,24.1,134,180,44,360918
ABalpapaa:92,ABalpapaa,92,29485,4485,-249,-322,4163,24.1,122,168,29,136570
ABalpapaa:93,ABalpapaa,93,28722,3722,-999,-982,3393,24.1,116,167,35,197424
ABalpapaa:94,ABalpapaa,94,28845,3845,-412,-387,3667,25.1,116,180,38,263533
ABalpapaa:95,ABalpapaa,95,28912,3912,99,89,3694,25.9,113,206,37,263569
ABalpapaa:96,ABalpapaa,96,29957,4957,993,1084,4581,25.2,113,202,40,284001
ABalpapaa:97,ABalpapaa,97,28542,3542,-1094,-1148,3130,27.0,127,197,36,257884
ABalpapaa:98,ABalpapaa,98,29235,4235,-219,-286,3200,27.1,134,186,38,282989
ABalpapaa:99,ABalpapaa,99,29020,4020,-810,-816,3226,27.1,134,184,38,277151
ABalpapaa:100,ABalpapaa,100,28669,3669,-950,-1040,2733,27.1,132,185,40,318786
ABalpapaa:101,ABalpapaa,101,28909,3909,-607,-658,3416,27.9,132,205,36,256026
ABalpapaa:102,ABalpapaa,102,28972,3972,-455,-491,3379,27.1,126,196,36,279643
ABalpapaa:103,ABalpapaa,103,29258,4258,251,144,3758,28.0,132,203,36,277824
ABalpapaa:104,ABalpapaa,104,27965,2965,-1401,-1599,2231,28.1,141,194,38,314575
ABalpapaa:105,ABalpapaa,105,28940,3940,-609,-859,2467,28.0,144,190,36,298896
ABalpapaa:106,ABalpapaa,106,29272,4272,-233,-388,2992,28.0,149,181,40,378215
ABalpapaa:107,ABalpapaa,107,29417,4417,15,0,3477,27.9,143,191,36,327239
ABalpapaa:108,ABalpapaa,108,29117,4117,-132,-80,2710,27.1,142,199,40,396274
ABalpapaa:109,ABalpapaa,109,29648,4648,498,347,3907,28.0,147,190,40,431420
ABalpapaa:110,ABalpapaa,110,29635,4635,-211,-332,3391,28.1,153,194,40,246525
ABalpapaa:111,ABalpapaa,111,29930,4930,510,386,4174,28.1,154,202,39,228404
ABalpapaa:112,ABalpapaa,112,29002,4002,-1011,-1067,3153,28.2,155,217,39,231481
ABalpapaa:113,ABalpapaa,113,29601,4601,-60,147,3843,28.0,153,216,39,228248
ABalpapaa:114,ABalpapaa,114,28769,3769,-639,-610,3101,28.1,163,223,39,236368
ABalpapaa:115,ABalpapaa,115,29774,4774,115,65,4206,28.1,178,224,39,227405
ABalpapaa:116,ABalpapaa,116,29122,4122,-652,-537,3342,28.1,176,225,39,233238
ABalpapaa:117,ABalpapaa,117,28685,3685,-705,-787,3136,28.1,175,226,38,248797
ABalpapaa:118,ABalpapaa,118,28850,3850,-778,-765,2660,28.1,173,228,38,269687
ABalpapaa:119,ABalpapaa,119,28930,3930,-648,-718,3277,28.0,164,223,38,277931
ABalpapaa:120,ABalpapaa,120,30212,5212,829,816,4278,27.2,167,224,38,266455
ABalpapaa:121,ABalpapaa,121,29700,4700,56,-277,3540,27.2,165,218,37,270200
ABalpapaa:122,ABalpapaa,122,29292,4292,-278,-400,3606,27.1,170,217,36,264210
ABalpapaa:123,ABalpapaa,123,28968,3968,-950,-1014,3392,28.0,168,219,32,202135
ABalpapaaa:124,ABalpapaaa,124,30904,5904,982,992,4728,27.9,151,208,32,177968
ABalpapaaa:125,ABalpapaaa,125,29772,4772,-695,-779,3460,27.1,149,218,34,192001
ABalpapaaa:126,ABalpapaaa,126,29603,4603,-277,-247,3346,27.2,149,219,36,223450
ABalpapaaa:127,ABalpapaaa,127,30060,5060,793,809,3513,27.0,145,214,36,243986
ABalpapaaa:128,ABalpapaaa,128,30377,5377,700,830,3912,27.1,137,217,36,260067
ABalpapaaa:129,ABalpapaaa,129,29016,4016,-1097,-913,2112,27.1,137,224,36,261108
ABalpapaap:124,ABalpapaap,124,28593,3593,-602,-663,1414,27.1,190,236,36,212907
ABalpapaap:125,ABalpapaap,125,28706,3706,-1091,-1506,-392,27.0,198,238,36,241339
ABalpapaap:126,ABalpapaap,126,28878,3878,-817,-947,2505,28.0,189,249,36,247143
ABalpapaap:127,ABalpapaap,127,29502,4502,-306,-308,2308,28.1,179,247,36,256639
ABalpapaap:128,ABalpapaap,128,29163,4163,-777,-867,2582,29.0,178,245,36,239885
ABalpapaap:129,ABalpapaap,129,29374,4374,-667,-976,3214,28.2,173,248,36,252223
ABalpapap:92,ABalpapap,92,28057,3057,-1139,-1096,2390,26.9,154,199,40,250878
ABalpapap:93,ABalpapap,93,29020,4020,-272,-294,3540,26.9,158,199,39,239942
ABalpapap:94,ABalpapap,94,28549,3549,-677,-668,2730,27.1,152,212,42,297832
ABalpapap:95,ABalpapap,95,29238,4238,1,-38,3655,27.2,164,222,39,229285
ABalpapap:96,ABalpapap,96,29098,4098,57,-52,3470,27.0,160,220,40,257618
ABalpapap:97,ABalpapap,97,29047,4047,-19,-140,3225,28.0,173,226,36,219488
ABalpapap:98,ABalpapap,98,28549,3549,-698,-947,2763,28.0,168,232,40,281424
ABalpapap:99,ABalpapap,99,29103,4103,-236,-285,3386,28.0,165,225,40,302867
ABalpapap:100,ABalpapap,100,28381,3381,-459,-593,2484,27.1,171,223,40,299967
ABalpapap:101,ABalpapap,101,28569,3569,-585,-671,2845,27.1,176,221,40,280887
ABalpapap:102,ABalpapap,102,28962,3962,-240,-350,3528,28.0,176,211,40,308245
ABalpapap:103,ABalpapap,103,28828,3828,-161,-192,3321,28.1,178,215,40,296350
ABalpapap:104,ABalpapap,104,29290,4290,286,-12,3913,28.1,182,213,40,295572
ABalpapap:105,ABalpapap,105,28085,3085,-646,-663,2779,28.0,179,220,40,297247
ABalpapap:106,ABalpapap,106,28712,3712,-273,-200,3075,27.2,175,213,40,302916
ABalpapap:107,ABalpapap,107,29644,4644,570,527,4342,28.0,178,217,40,328037
ABalpapap:108,ABalpapap,108,28630,3630,-814,-766,3151,28.2,182,214,40,311979
ABalpapap:109,ABalpapap,109,28564,3564,-311,-208,3130,28.1,181,218,40,353541
ABalpapap:110,ABalpapap,110,28996,3996,-257,-347,3482,27.1,181,219,40,215955
ABalpapap:111,ABalpapap,111,29361,4361,-188,-328,3977,27.2,178,231,39,197522
ABalpapap:112,ABalpapap,112,29060,4060,-332,-507,3689,27.2,188,244,39,187846
ABalpapap:113,ABalpapap,113,29448,4448,179,-11,4236,28.0,182,246,39,201431
ABalpapap:114,ABalpapap,114,29552,4552,297,189,4180,28.1,193,252,39,200075
ABalpapap:115,ABalpapap,115,29077,4077,58,52,3823,29.0,207,262,39,193991
ABalpapap:116,ABalpapap,116,29844,4844,894,929,4675,28.1,215,259,37,164029
ABalpapap:117,ABalpapap,117,28665,3665,-353,-332,3369,28.0,217,253,38,180699
ABalpapap:118,ABalpapap,118,29612,4612,473,479,4288,27.0,213,254,38,205080
ABalpapap:119,ABalpapap,119,29000,4000,-307,-357,3574,27.1,207,250,38,205980
ABalpapap:120,ABalpapap,120,29313,4313,-273,-272,3881,26.2,206,258,36,199814
ABalpapap:121,ABalpapap,121,30222,5222,685,688,4854,26.9,201,261,33,155917
ABalpapapa:122,ABalpapapa,122,29485,4485,229,202,3547,26.0,182,253,32,142822
ABalpapapa:123,ABalpapapa,123,28721,3721,-864,-958,2877,26.0,176,254,32,156094
ABalpapapa:124,ABalpapapa,124,29088,4088,-102,-292,2729,26.1,171,265,34,175551
ABalpapapa:125,ABalpapapa,125,28851,3851,-170,-350,2893,26.1,162,274,36,243048
ABalpapapa:126,ABalpapapa,126,28595,3595,-640,-590,1941,26.0,160,274,36,243607
ABalpapapa:127,ABalpapapa,127,29386,4386,446,343,2475,25.5,160,271,36,243607
ABalpapapa:128,ABalpapapa,128,28568,3568,-679,-935,1898,25.0,159,268,36,289641
ABalpapapa:129,ABalpapapa,129,29041,4041,-561,-723,2352,26.1,163,277,36,288916
ABalpapapp:122,ABalpapapp,122,29790,4790,-673,-750,4426,26.1,214,269,30,99130
ABalpapapp:123,ABalpapapp,123,28772,3772,-1182,-1355,2509,27.0,223,283,32,138595
ABalpapapp:124,ABalpapapp,124,28876,3876,-391,-350,2895,28.0,219,293,32,144309
ABalpapapp:125,ABalpapapp,125,28553,3553,-613,-558,2711,27.9,216,301,32,166994
ABalpapapp:126,ABalpapapp,126,29497,4497,236,225,3368,28.0,214,305,36,214323
ABalpapapp:127,ABalpapapp,127,28121,3121,-975,-907,1537,27.2,204,308,36,225334
ABalpapapp:128,ABalpapapp,128,29426,4426,11,-23,3162,27.1,209,307,36,222622
ABalpapapp:129,ABalpapapp,129,29411,4411,262,359,2982,27.2,215,314,36,237949
ABalpapp:69,ABalpapp,69,29004,4004,199,199,3768,23.1,181,270,36,210738
ABalpapp:70,ABalpapp,70,28380,3380,-396,-374,3174,22.2,175,279,43,251376
ABalpapp:71,ABalpapp,71,28733,3733,287,254,3552,23.0,174,295,46,345752
ABalpapp:72,ABalpapp,72,28913,3913,162,194,3654,23.2,182,299,48,371927
ABalpapp:73,ABalpapp,73,28976,3976,-50,-55,3868,24.2,182,288,48,412250
ABalpapp:74,ABalpapp,74,28016,3016,-1235,-1248,2875,24.0,176,286,44,337575
ABalpapp:75,ABalpapp,75,28355,3355,-746,-747,3216,24.1,170,288,46,396169
ABalpapp:76,ABalpapp,76,28200,3200,-1240,-1243,3104,24.1,176,286,48,454597
ABalpapp:77,ABalpapp,77,28536,3536,-296,-305,3422,24.0,163,283,46,425917
ABalpapp:78,ABalpapp,78,28613,3613,-222,-246,3481,25.1,168,278,46,410796
ABalpapp:79,ABalpapp,79,28712,3712,-651,-640,3660,26.1,173,262,46,401753
ABalpapp:80,ABalpapp,80,27894,2894,-1379,-1376,2844,27.0,180,257,44,344970
ABalpapp:81,ABalpapp,81,28691,3691,-557,-540,3571,26.3,176,245,48,449277
ABalpapp:82,ABalpapp,82,27975,2975,-961,-978,2894,26.2,172,243,46,421142
ABalpapp:83,ABalpapp,83,28176,3176,-994,-1017,3071,26.2,174,241,48,449600
ABalpapp:84,ABalpapp,84,28592,3592,-400,-433,3490,27.1,173,233,48,486146
ABalpapp:85,ABalpapp,85,28324,3324,-696,-680,3196,27.1,166,220,48,465402
ABalpapp:86,ABalpapp,86,28176,3176,-1142,-1186,3150,27.2,175,213,48,488266
ABalpapp:87,ABalpapp,87,28354,3354,-467,-524,3297,27.1,179,217,47,434034
ABalpapp:88,ABalpapp,88,28140,3140,-1326,-1327,3111,28.0,179,218,45,379104
ABalpappa:89,ABalpappa,89,28322,3322,-860,-774,3193,28.0,169,202,37,245027
ABalpappa:90,ABalpappa,90,28099,3099,-1222,-1259,3031,28.0,162,202,40,226213
ABalpappa:91,ABalpappa,91,28562,3562,-594,-686,3506,28.0,166,200,42,241634
ABalpappa:92,ABalpappa,92,29020,4020,10,71,3470,29.0,174,209,29,85633
ABalpappa:93,ABalpappa,93,27660,2660,-844,-731,1656,28.1,177,211,29,82055
ABalpappa:94,ABalpappa,94,28958,3958,-12,-130,3296,27.1,175,227,29,84219
ABalpappa:95,ABalpappa,95,28739,3739,-77,-12,3224,28.1,186,243,41,237718
ABalpappa:96,ABalpappa,96,28812,3812,-39,-55,3637,27.2,195,249,40,209758
ABalpappa:97,ABalpappa,97,28678,3678,-346,-343,3366,28.0,202,243,40,211642
ABalpappa:98,ABalpappa,98,28521,3521,-322,-253,3125,28.2,198,241,40,223847
ABalpappa:99,ABalpappa,99,28330,3330,-344,-226,2860,29.1,195,227,29,100295
ABalpappa:100,ABalpappa,100,28147,3147,-403,-605,2939,29.1,206,230,40,248251
ABalpappa:101,ABalpappa,101,29571,4571,1046,1031,4459,28.0,216,227,38,214930
ABalpappa:102,ABalpappa,102,28796,3796,100,135,3591,27.1,216,223,40,215169
ABalpappa:103,ABalpappa,103,28974,3974,235,321,3466,27.0,224,222,40,212382
ABalpappa:104,ABalpappa,104,27867,2867,-927,-909,2568,28.1,226,221,40,232009
ABalpappa:105,ABalpappa,105,29456,4456,522,459,4233,28.1,231,214,40,229193
ABalpappa:106,ABalpappa,106,28737,3737,-148,-160,3612,28.0,228,213,38,228664
ABalpappa:107,ABalpappa,107,28626,3626,-521,-314,3149,28.1,221,210,38,257285
ABalpappa:108,ABalpappa,108,29423,4423,-21,11,4099,28.0,228,212,38,245722
ABalpappa:109,ABalpappa,109,28475,3475,-479,-375,3140,27.1,221,207,40,266390
ABalpappa:110,ABalpappa,110,28616,3616,-575,-641,3312,28.1,217,212,38,167062
ABalpappa:111,ABalpappa,111,28916,3916,-348,-377,3593,28.1,219,214,39,163433
ABalpappa:112,ABalpappa,112,29966,4966,709,574,4716,28.0,223,217,39,180068
ABalpappa:113,ABalpappa,113,28660,3660,-574,-530,3330,28.1,218,218,39,177311
ABalpappa:114,ABalpappa,114,28845,3845,-362,-345,3574,28.0,222,224,35,148993
ABalpappa:115,ABalpappa,115,28755,3755,-34,-74,2880,27.1,233,225,35,159446
ABalpappaa:116,ABalpappaa,116,29693,4693,436,512,3922,27.1,216,212,29,74702
ABalpappaa:117,ABalpappaa,117,28595,3595,-304,-226,2827,27.3,215,214,29,70779
ABalpappaa:118,ABalpappaa,118,29272,4272,329,301,3244,28.0,208,216,29,92000
ABalpappaa:119,ABalpappaa,119,28820,3820,-241,-177,2395,28.1,203,214,29,90029
ABalpappaa:120,ABalpappaa,120,29191,4191,-222,-358,3069,28.9,204,218,34,160557
ABalpappaa:121,ABalpappaa,121,28874,3874,-641,-772,2749,29.0,206,217,37,192182
ABalpappaa:122,ABalpappaa,122,29020,4020,-129,-140,3049,28.0,210,218,34,162040
ABalpappaa:123,ABalpappaa,123,29978,4978,911,1065,3640,28.0,210,223,34,162040
ABalpappaa:124,ABalpappaa,124,29864,4864,775,589,3465,29.0,213,242,36,0
ABalpappaa:125,ABalpappaa,125,29350,4350,-117,-174,2523,28.1,206,247,36,0
ABalpappaa:126,ABalpappaa,126,28299,3299,-1121,-1230,689,27.1,199,252,36,0
ABalpappaa:127,ABalpappaa,127,30411,5411,682,484,3558,26.2,192,258,36,221575
ABalpappaa:128,ABalpappaa,128,30469,5469,538,397,1843,26.6,194,258,36,221575
ABalpappaa:129,ABalpappaa,129,28473,3473,-1281,-1703,673,27.0,196,258,36,0
ABalpappap:116,ABalpappap,116,27750,2750,-1658,-1759,1584,26.0,260,231,35,119152
ABalpappap:117,ABalpappap,117,29467,4467,-151,-237,3762,27.0,260,237,27,51410
ABalpappap:118,ABalpappap,118,28537,3537,-1085,-1105,2157,27.0,257,230,34,116670
ABalpappap:119,ABalpappap,119,28695,3695,-842,-904,2813,27.0,258,238,34,105495
ABalpappap:120,ABalpappap,120,29457,4457,-175,-197,3871,27.9,259,239,34,112794
ABalpappap:121,ABalpappap,121,28575,3575,-1091,-1037,3069,27.9,251,241,33,94477
ABalpappap:122,ABalpappap,122,28918,3918,-766,-779,2331,26.0,252,241,34,115601
ABalpappap:123,ABalpappap,123,30111,5111,329,-5,3919,27.1,248,246,36,161559
ABalpappap:124,ABalpappap,124,28720,3720,-1085,-1300,2471,27.0,246,260,36,168098
ABalpappap:125,ABalpappap,125,30284,5284,635,513,3974,26.2,247,265,36,163054
ABalpappap:126,ABalpappap,126,29574,4574,-65,-239,3083,26.1,239,264,36,177965
ABalpappap:127,ABalpappap,127,30530,5530,886,945,4300,27.1,232,268,36,186231
ABalpappap:128,ABalpappap,128,28981,3981,-856,-836,2551,27.0,231,267,29,96372
ABalpappap:129,ABalpappap,129,29817,4817,134,64,3456,27.0,228,275,36,200218
ABalpappp:89,ABalpappp,89,28593,3593,-331,-350,3484,27.0,197,233,43,253616
ABalpappp:90,ABalpappp,90,28919,3919,-85,-148,3796,26.2,210,237,40,172954
ABalpappp:91,ABalpappp,91,29034,4034,14,10,3959,28.0,212,239,42,195696
ABalpappp:92,ABalpappp,92,28108,3108,-803,-772,2357,27.0,217,254,44,228936
ABalpappp:93,ABalpappp,93,28815,3815,-35,-80,3434,27.1,228,249,41,172167
ABalpappp:94,ABalpappp,94,28626,3626,-159,-210,3302,27.1,236,249,42,203098
ABalpappp:95,ABalpappp,95,28080,3080,-698,-712,2981,28.0,238,251,41,182597
ABalpappp:96,ABalpappp,96,28470,3470,-216,-170,3356,27.0,245,246,40,185295
ABalpappp:97,ABalpappp,97,28528,3528,-487,-495,3362,26.2,254,240,38,166018
ABalpappp:98,ABalpappp,98,28861,3861,-15,-78,3239,26.2,251,229,40,187352
ABalpappp:99,ABalpappp,99,28626,3626,-287,-299,2893,27.2,250,228,40,200733
ABalpappp:100,ABalpappp,100,28959,3959,36,-7,3472,28.0,266,245,40,206743
ABalpappp:101,ABalpappp,101,28876,3876,70,34,3728,27.2,276,254,38,156222
ABalpappp:102,ABalpappp,102,28816,3816,-292,-284,3729,28.0,276,253,40,198879
ABalpappp:103,ABalpappp,103,27747,2747,-1043,-1128,2599,28.0,287,248,40,193957
ABalpappp:104,ABalpappp,104,28926,3926,229,225,3714,28.0,281,246,40,198981
ABalpappp:105,ABalpappp,105,28225,3225,-543,-515,3076,27.0,272,241,40,218842
ABalpappp:106,ABalpappp,106,29259,4259,601,597,4096,27.1,271,236,40,227581
ABalpappp:107,ABalpappp,107,29531,4531,255,200,4075,26.2,259,241,40,213224
ABalpappp:108,ABalpappp,108,28167,3167,-791,-806,2829,27.0,263,242,40,231843
ABalpappp:109,ABalpappp,109,29593,4593,681,643,4129,27.0,260,242,40,253299
ABalpappp:110,ABalpappp,110,28027,3027,-1491,-1493,2544,27.0,262,232,29,61835
ABalpappp:111,ABalpappp,111,29844,4844,144,38,4208,26.1,256,236,37,136262
ABalpappp:112,ABalpappp,112,28762,3762,-441,-491,3367,25.0,256,236,35,115196
ABalpappp:113,ABalpappp,113,29457,4457,374,374,4245,25.0,258,230,37,148673
ABalpappp:114,ABalpappp,114,28235,3235,-1234,-1246,3077,25.0,262,229,35,121644
ABalpapppa:115,ABalpapppa,115,28736,3736,-275,-325,2957,24.0,249,218,37,141724
ABalpapppa:116,ABalpapppa,116,28607,3607,-636,-817,2860,23.0,258,214,35,112117
ABalpapppa:117,ABalpapppa,117,28606,3606,-757,-1073,2526,24.1,254,219,34,120398
ABalpapppa:118,ABalpapppa,118,28760,3760,-223,-324,2868,25.0,247,217,34,122366
ABalpapppa:119,ABalpapppa,119,28550,3550,-889,-927,2520,25.0,236,220,34,134089
ABalpapppa:120,ABalpapppa,120,29358,4358,-238,-288,3076,25.9,227,225,34,145093
ABalpapppa:121,ABalpapppa,121,29306,4306,-182,-189,3408,25.1,221,219,35,140457
ABalpapppa:122,ABalpapppa,122,29847,4847,194,114,3838,24.2,227,224,34,138663
ABalpapppa:123,ABalpapppa,123,29981,4981,87,-102,3720,24.2,231,233,36,172700
ABalpapppa:124,ABalpapppa,124,29735,4735,216,-61,2132,25.1,230,242,34,168191
ABalpapppa:125,ABalpapppa,125,29228,4228,-691,-1156,2209,26.0,220,250,36,230972
ABalpapppa:126,ABalpapppa,126,28765,3765,-1179,-1467,2121,24.2,224,250,36,207736
ABalpapppa:127,ABalpapppa,127,30011,5011,-259,-141,2417,25.0,216,253,32,165775
ABalpapppa:128,ABalpapppa,128,29610,4610,-1016,-956,1848,24.7,220,253,34,165775
ABalpapppa:129,ABalpapppa,129,30573,5573,534,790,2666,24.3,224,253,36,227439
ABalpapppp:115,ABalpapppp,115,30051,5051,603,670,4855,23.0,289,246,35,108717
ABalpapppp:116,ABalpapppp,116,29763,4763,239,234,4586,22.1,300,245,29,65550
ABalpapppp:117,ABalpapppp,117,29611,4611,-44,-91,4326,23.0,310,242,34,102861
ABalpapppp:118,ABalpapppp,118,29224,4224,13,3,3941,23.0,310,244,34,105112
ABalpapppp:119,ABalpapppp,119,29368,4368,-181,-188,3935,23.1,299,243,36,138747
ABalpapppp:120,ABalpapppp,120,29423,4423,-501,-511,4005,23.9,291,245,34,108241
ABalpapppp:121,ABalpapppp,121,30350,5350,912,887,4612,24.0,285,248,33,94881
ABalpapppp:122,ABalpapppp,122,29623,4623,-85,-275,3496,24.0,278,251,34,110608
ABalpapppp:123,ABalpapppp,123,30043,5043,529,378,3803,24.0,283,264,36,146710
ABalpapppp:124,ABalpapppp,124,29550,4550,-576,-586,3381,23.2,284,270,36,147849
ABalpapppp:125,ABalpapppp,125,28952,3952,-1749,-1963,2879,24.1,276,275,36,167207
ABalpapppp:126,ABalpapppp,126,28924,3924,-1229,-1272,2497,24.1,274,279,36,167939
ABalpapppp:127,ABalpapppp,127,30025,5025,5,-103,4193,25.1,269,281,36,173733
ABalpapppp:128,ABalpapppp,128,29156,4156,-1124,-1168,3749,25.0,266,281,36,179835
ABalpapppp:129,ABalpapppp,129,30392,5392,423,129,4372,25.0,261,287,36,182628
ABalpp:33,ABalpp,33,28772,3772,-389,-427,3764,17.7,165,259,65,1012088
ABalpp:34,ABalpp,34,28563,3563,-794,-796,3563,15.2,177,261,62,891925
ABalpp:35,ABalpp,35,27768,2768,-1543,-1556,2768,15.9,170,255,59,838454
ABalpp:36,ABalpp,36,27772,2772,-1684,-1684,2772,15.9,178,267,60,926544
ABalpp:37,ABalpp,37,27978,2978,-1518,-1517,2978,14.9,188,285,61,1019393
ABalpp:38,ABalpp,38,28079,3079,-1347,-1352,3079,13.9,187,287,61,1114127
ABalpp:39,ABalpp,39,28299,3299,-866,-845,3299,13.0,185,287,62,1256432
ABalpp:40,ABalpp,40,28238,3238,-1229,-1222,3238,12.7,189,284,62,1229442
ABalpp:41,ABalpp,41,28337,3337,-1250,-1260,3337,13.7,192,292,62,1248110
ABalpp:42,ABalpp,42,27800,2800,-1734,-1759,2800,15.0,194,295,60,1284296
ABalpp:43,ABalpp,43,27941,2941,-1256,-1246,2941,15.3,183,297,63,1340468
ABalpp:44,ABalpp,44,28249,3249,-960,-960,3249,15.8,184,293,62,1336876
ABalpp:45,ABalpp,45,27736,2736,-1317,-1307,2736,16.0,181,299,62,1374239
ABalpp:46,ABalpp,46,27933,2933,-1139,-1139,2933,16.8,182,298,62,1373360
ABalpp:47,ABalpp,47,27957,2957,-1296,-1294,2957,16.8,190,293,61,1308907
ABalpp:48,ABalpp,48,27730,2730,-1482,-1482,2730,17.8,192,291,61,1286034
ABalpp:49,ABalpp,49,27643,2643,-1313,-1311,2643,16.9,191,289,62,1110591
ABalpp:50,ABalpp,50,28718,3718,-428,-425,3718,15.9,190,290,61,926156
ABalppa:51,ABalppa,51,28211,3211,-751,-766,3209,14.1,164,289,47,519555
ABalppa:52,ABalppa,52,28159,3159,-581,-594,3158,13.4,154,286,52,644884
ABalppa:53,ABalppa,53,28611,3611,-10,2,3611,14.9,149,285,55,782202
ABalppa:54,ABalppa,54,28260,3260,-138,-143,3260,13.9,151,283,55,802944
ABalppa:55,ABalppa,55,28194,3194,-545,-549,3194,14.2,146,280,55,838511
ABalppa:56,ABalppa,56,28560,3560,-77,-79,3560,14.8,148,278,55,865075
ABalppa:57,ABalppa,57,28259,3259,-670,-691,3259,14.0,153,282,55,907960
ABalppa:58,ABalppa,58,28443,3443,-247,-233,3441,15.2,151,285,55,918238
ABalppa:59,ABalppa,59,28897,3897,96,86,3897,16.0,147,281,54,928781
ABalppa:60,ABalppa,60,28852,3852,-275,-259,3852,16.9,145,284,53,840781
ABalppa:61,ABalppa,61,28415,3415,-546,-564,3414,16.2,143,281,53,848240
ABalppa:62,ABalppa,62,28395,3395,-682,-690,3395,17.0,142,278,53,833072
ABalppa:63,ABalppa,63,28187,3187,-600,-601,3186,16.1,138,275,53,697496
ABalppa:64,ABalppa,64,28460,3460,-317,-318,3458,16.9,133,268,54,777184
ABalppa:65,ABalppa,65,28124,3124,-508,-505,3124,16.9,133,265,54,790664
ABalppa:66,ABalppa,66,27845,2845,-897,-876,2845,16.8,138,274,54,816030
ABalppa:67,ABalppa,67,27606,2606,-1187,-1195,2606,16.0,145,278,53,756958
ABalppa:68,ABalppa,68,27853,2853,-1019,-1016,2853,15.1,150,276,52,709670
ABalppa:69,ABalppa,69,28064,3064,-597,-597,3055,15.1,149,273,36,294843
ABalppaa:70,ABalppaa,70,29565,4565,686,665,4335,16.0,120,249,35,244523
ABalppaa:71,ABalppaa,71,28134,3134,-142,-111,3095,17.1,116,257,40,287719
ABalppaa:72,ABalppaa,72,28251,3251,111,115,3184,17.1,111,259,44,347925
ABalppaa:73,ABalppaa,73,27524,2524,-658,-652,2488,17.9,109,251,44,379210
ABalppaa:74,ABalppaa,74,28171,3171,-42,-38,3051,17.1,113,252,44,387665
ABalppaa:75,ABalppaa,75,28458,3458,137,129,3404,18.2,112,249,44,370510
ABalppaa:76,ABalppaa,76,29090,4090,607,582,4005,18.1,115,248,44,398546
ABalppaa:77,ABalppaa,77,27645,2645,-761,-744,2560,18.0,112,243,44,409869
ABalppaa:78,ABalppaa,78,28565,3565,252,254,3541,19.0,114,249,44,393251
ABalppaa:79,ABalppaa,79,29163,4163,517,483,4143,20.9,109,248,44,393745
ABalppaa:80,ABalppaa,80,27744,2744,-551,-510,2715,20.0,111,243,44,408530
ABalppaa:81,ABalppaa,81,27435,2435,-1058,-1045,2409,19.9,108,242,44,440702
ABalppaa:82,ABalppaa,82,27971,2971,-49,-25,2953,19.1,109,240,44,431197
ABalppaa:83,ABalppaa,83,28650,3650,435,492,3554,19.0,107,233,44,434955
ABalppaa:84,ABalppaa,84,27689,2689,-1018,-1033,2653,21.0,112,227,44,425621
ABalppaa:85,ABalppaa,85,28567,3567,-170,-180,3542,21.9,106,217,44,438898
ABalppaa:86,ABalppaa,86,28570,3570,-336,-239,3529,22.9,112,217,44,433130
ABalppaa:87,ABalppaa,87,27892,2892,-675,-640,2832,21.9,110,220,45,459257
ABalppaa:88,ABalppaa,88,28153,3153,71,93,3074,23.0,110,221,45,480776
ABalppaa:89,ABalppaa,89,27554,2554,-778,-867,2476,23.0,113,228,45,457272
ABalppaa:90,ABalppaa,90,28175,3175,186,271,3110,22.0,108,233,44,369798
ABalppaa:91,ABalppaa,91,27812,2812,-254,-309,2772,22.9,111,236,42,342497
ABalppaa:92,ABalppaa,92,28075,3075,-90,3,2730,24.1,116,235,42,387997
ABalppaa:93,ABalppaa,93,27728,2728,-791,-756,2436,24.1,122,230,43,413972
ABalppaa:94,ABalppaa,94,28335,3335,20,73,3100,24.0,119,240,42,434899
ABalppaa:95,ABalppaa,95,27908,2908,-643,-653,2721,23.9,131,255,37,339326
ABalppaaa:96,ABalppaaa,96,28153,3153,-134,-105,2496,23.0,118,241,34,233187
ABalppaaa:97,ABalppaaa,97,28187,3187,-123,-124,2881,23.9,124,243,36,265050
ABalppaaa:98,ABalppaaa,98,28067,3067,-641,-635,2909,24.0,119,246,36,253885
ABalppaaa:99,ABalppaaa,99,27988,2988,-371,-318,2414,22.9,126,244,36,275696
ABalppaaa:100,ABalppaaa,100,27742,2742,-365,-380,2423,23.0,119,246,36,259479
ABalppaaa:101,ABalppaaa,101,27937,2937,-536,-527,2749,22.0,121,242,36,265676
ABalppaaa:102,ABalppaaa,102,28650,3650,245,222,3530,22.0,116,238,36,263944
ABalppaaa:103,ABalppaaa,103,27998,2998,-542,-523,2836,21.9,125,240,36,263251
ABalppaaa:104,ABalppaaa,104,29562,4562,1010,1032,4402,22.0,119,235,36,279755
ABalppaaa:105,ABalppaaa,105,27561,2561,-648,-583,2414,22.0,119,240,36,289520
ABalppaaa:106,ABalppaaa,106,29040,4040,490,570,3697,22.1,130,239,36,309027
ABalppaaa:107,ABalppaaa,107,28801,3801,274,465,3357,21.9,132,244,36,308103
ABalppaaa:108,ABalppaaa,108,29382,4382,850,960,3810,22.2,134,243,38,343141
ABalppaaa:109,ABalppaaa,109,27550,2550,-949,-766,1884,21.8,131,239,36,330910
ABalppaaa:110,ABalppaaa,110,28566,3566,-131,-57,2969,21.1,132,233,36,201370
ABalppaaa:111,ABalppaaa,111,29016,4016,55,73,3038,21.1,131,239,39,224968
ABalppaaa:112,ABalppaaa,112,27868,2868,-1039,-995,2346,21.1,128,239,37,207922
ABalppaaa:113,ABalppaaa,113,28733,3733,-71,-53,3023,22.1,125,241,39,232052
ABalppaaa:114,ABalppaaa,114,29096,4096,220,168,3348,22.1,120,246,37,222762
ABalppaaa:115,ABalppaaa,115,28915,3915,435,404,2314,22.0,131,255,37,242242
ABalppaaa:116,ABalppaaa,116,29101,4101,256,152,2704,20.1,122,259,29,135703
ABalppaaa:117,ABalppaaa,117,28834,3834,245,225,2453,21.0,121,255,36,265010
ABalppaaa:118,ABalppaaa,118,28221,3221,-238,-259,1819,20.1,127,263,36,252570
ABalppaaa:119,ABalppaaa,119,28326,3326,-967,-923,2251,20.0,121,258,34,211962
ABalppaaa:120,ABalppaaa,120,30398,5398,477,1016,2378,19.1,123,248,38,300046
ABalppaaa:121,ABalppaaa,121,31179,6179,926,1951,339,18.3,118,247,37,266626
ABalppaaa:122,ABalppaaa,122,32240,7240,1412,2583,1518,18.3,119,243,36,273342
ABalppaaa:123,ABalppaaa,123,31400,6400,712,1090,3003,19.1,116,242,36,300779
ABalppaaa:124,ABalppaaa,124,29926,4926,-330,-505,3910,20.1,120,241,36,298798
ABalppaaa:125,ABalppaaa,125,30061,5061,-68,182,2856,19.1,123,240,36,296529
ABalppaaa:126,ABalppaaa,126,28757,3757,-1578,-1461,1891,19.0,126,233,36,302356
ABalppaaa:127,ABalppaaa,127,28739,3739,-943,-710,1405,18.0,118,232,34,274017
ABalppaaaa:128,ABalppaaaa,128,31859,6859,1712,2562,3118,19.2,102,214,34,231544
ABalppaaaa:129,ABalppaaaa,129,30020,5020,-496,211,1446,18.3,103,224,29,143050
ABalppaaap:128,ABalppaaap,128,29202,4202,242,247,1579,17.1,123,246,34,207637
ABalppaaap:129,ABalppaaap,129,29011,4011,-377,-626,938,17.0,118,245,32,196512
ABalppaap:96,ABalppaap,96,28442,3442,50,6,3184,25.0,152,279,36,240097
ABalppaap:97,ABalppaap,97,28135,3135,-354,-392,2955,26.1,164,277,34,209271
ABalppaap:98,ABalppaap,98,27980,2980,-1049,-982,2647,27.0,170,279,38,256813
ABalppaap:99,ABalppaap,99,27801,2801,-1075,-1010,2513,28.1,176,275,36,227399
ABalppaap:100,ABalppaap,100,28739,3739,-125,-170,3560,28.1,173,275,38,266938
ABalppaap:101,ABalppaap,101,27892,2892,-780,-744,2359,27.2,167,274,38,294114
ABalppaap:102,ABalppaap,102,28452,3452,-605,-590,2869,27.1,157,267,36,273036
ABalppaap:103,ABalppaap,103,29119,4119,318,366,3772,27.0,155,262,38,313663
ABalppaap:104,ABalppaap,104,28394,3394,269,247,3037,27.9,158,265,36,302753
ABalppaap:105,ABalppaap,105,28631,3631,245,231,2927,26.3,151,265,38,312265
ABalppaap:106,ABalppaap,106,27427,2427,-874,-877,1921,26.1,143,266,36,313989
ABalppaap:107,ABalppaap,107,27621,2621,-363,-490,2188,26.1,142,267,36,326414
ABalppaap:108,ABalppaap,108,28460,3460,-11,35,2751,26.1,141,263,36,324758
ABalppaap:109,ABalppaap,109,27916,2916,50,-56,2358,25.2,135,264,36,324722
ABalppaap:110,ABalppaap,110,28455,3455,5,-31,2682,24.1,134,272,36,213315
ABalppaap:111,ABalppaap,111,28732,3732,359,402,2939,23.2,134,279,39,240432
ABalppaap:112,ABalppaap,112,28633,3633,158,335,2790,23.0,134,280,39,245033
ABalppaap:113,ABalppaap,113,28058,3058,-322,-317,1879,22.1,124,275,37,236625
ABalppaap:114,ABalppaap,114,28803,3803,350,371,2990,21.3,134,281,39,237638
ABalppaap:115,ABalppaap,115,28588,3588,109,-35,2649,22.1,143,290,37,241961
ABalppaap:116,ABalppaap,116,28647,3647,31,120,3075,22.2,139,287,37,232526
ABalppaap:117,ABalppaap,117,28155,3155,-232,-166,2654,22.1,138,288,36,238677
ABalppaap:118,ABalppaap,118,28661,3661,422,449,3302,21.1,137,293,38,270578
ABalppaap:119,ABalppaap,119,28931,3931,450,421,2827,21.0,137,289,36,279737
ABalppaap:120,ABalppaap,120,28646,3646,188,341,2606,20.3,131,281,36,252279
ABalppaap:121,ABalppaap,121,28587,3587,-13,212,1982,20.0,128,281,37,279763
ABalppaap:122,ABalppaap,122,28168,3168,-409,-274,2213,19.2,127,281,36,286195
ABalppaap:123,ABalppaap,123,29239,4239,629,832,3397,20.1,128,281,34,234961
ABalppaap:124,ABalppaap,124,28107,3107,-418,-451,2089,20.2,131,280,36,289237
ABalppaap:125,ABalppaap,125,30211,5211,1377,1542,4241,20.0,129,279,36,294235
ABalppaap:126,ABalppaap,126,29575,4575,979,1161,3218,19.2,127,272,36,313964
ABalppaap:127,ABalppaap,127,29027,4027,656,686,3063,20.0,125,272,32,232916
ABalppaap:128,ABalppaap,128,27685,2685,-1161,-1189,1526,19.9,132,273,32,238942
ABalppaapa:129,ABalppaapa,129,29233,4233,620,609,2854,20.0,121,266,32,212435
ABalppaapp:129,ABalppaapp,129,28976,3976,53,153,2091,17.0,144,292,36,0
ABalppap:70,ABalppap,70,28652,3652,-111,-109,3425,15.2,165,282,39,261541
ABalppap:71,ABalppap,71,28992,3992,165,164,3932,16.0,166,292,40,288901
ABalppap:72,ABalppap,72,28332,3332,-682,-678,3161,17.9,165,300,44,324919
ABalppap:73,ABalppap,73,28820,3820,-130,-130,3691,17.9,166,303,44,341827
ABalppap:74,ABalppap,74,28649,3649,-225,-228,3601,17.9,168,305,44,364147
ABalppap:75,ABalppap,75,28689,3689,-98,-97,3663,18.0,166,307,44,362811
ABalppap:76,ABalppap,76,28133,3133,-681,-678,3029,18.0,164,306,44,390855
ABalppap:77,ABalppap,77,28288,3288,-629,-635,3274,17.9,163,304,44,398137
ABalppap:78,ABalppap,78,27916,2916,-824,-822,2867,19.9,162,302,44,380993
ABalppap:79,ABalppap,79,27714,2714,-1363,-1366,2575,20.1,158,294,44,386998
ABalppap:80,ABalppap,80,27720,2720,-961,-987,2559,21.1,156,282,46,446953
ABalppap:81,ABalppap,81,27222,2222,-1932,-1893,2037,21.0,159,268,44,386904
ABalppap:82,ABalppap,82,28063,3063,-1175,-1263,2804,20.1,155,271,44,413902
ABalppap:83,ABalppap,83,27921,2921,-1232,-1251,2753,21.0,161,266,44,398154
ABalppap:84,ABalppap,84,27935,2935,-982,-984,2830,22.1,160,258,48,522822
ABalppap:85,ABalppap,85,29111,4111,-101,-57,4025,22.1,153,246,46,475441
ABalppap:86,ABalppap,86,28934,3934,-66,-140,3834,22.1,155,248,48,540377
ABalppap:87,ABalppap,87,28353,3353,-552,-622,3282,22.2,160,245,49,551024
ABalppap:88,ABalppap,88,28348,3348,-296,-303,3266,22.1,161,246,49,578315
ABalppap:89,ABalppap,89,28490,3490,-68,-114,3357,21.0,158,247,45,465804
ABalppap:90,ABalppap,90,28128,3128,-751,-682,2728,22.0,162,247,44,375392
ABalppap:91,ABalppap,91,27750,2750,-645,-673,2614,23.0,162,246,38,309827
ABalppapa:92,ABalppapa,92,28449,3449,-321,-325,2444,21.9,147,232,40,281291
ABalppapa:93,ABalppapa,93,27951,2951,-1075,-1155,2513,22.0,154,229,39,241400
ABalppapa:94,ABalppapa,94,27856,2856,-1030,-1085,2244,22.0,157,230,38,262643
ABalppapa:95,ABalppapa,95,28488,3488,-445,-496,3063,21.1,168,239,39,243429
ABalppapa:96,ABalppapa,96,28139,3139,-506,-542,2388,20.1,169,246,38,238319
ABalppapa:97,ABalppapa,97,27678,2678,-1154,-1110,2223,21.2,176,252,38,234292
ABalppapa:98,ABalppapa,98,28153,3153,-641,-696,2806,22.2,174,254,38,253793
ABalppapa:99,ABalppapa,99,29521,4521,574,544,4203,23.1,172,249,38,262104
ABalppapa:100,ABalppapa,100,28839,3839,476,544,3195,23.1,173,246,40,276975
ABalppapa:101,ABalppapa,101,28463,3463,243,199,2966,24.0,171,252,38,291099
ABalppapa:102,ABalppapa,102,28706,3706,248,244,3255,24.1,167,245,36,269029
ABalppapa:103,ABalppapa,103,27895,2895,-725,-814,2192,24.1,175,246,40,322061
ABalppapa:104,ABalppapa,104,27613,2613,-1166,-1165,1531,25.0,172,246,40,331215
ABalppapa:105,ABalppapa,105,28330,3330,-217,-335,2234,24.3,167,248,40,341538
ABalppapa:106,ABalppapa,106,28529,3529,-138,-146,2257,24.2,173,240,38,296364
ABalppapa:107,ABalppapa,107,27408,2408,-988,-1313,1172,24.2,171,241,40,322330
ABalppapa:108,ABalppapa,108,29051,4051,603,578,3081,25.9,172,243,36,291645
ABalppapa:109,ABalppapa,109,28526,3526,5,-54,2578,25.1,171,244,40,350566
ABalppapa:110,ABalppapa,110,27759,2759,-1401,-1402,1836,25.1,163,250,40,251078
ABalppapa:111,ABalppapa,111,28137,3137,-907,-1060,2402,25.1,162,265,39,233355
ABalppapa:112,ABalppapa,112,28941,3941,-215,-285,3103,25.1,155,268,39,235650
ABalppapa:113,ABalppapa,113,29085,4085,239,127,3488,25.1,148,267,39,258115
ABalppapa:114,ABalppapa,114,28993,3993,-133,-147,3570,25.1,162,268,39,249820
ABalppapa:115,ABalppapa,115,28755,3755,-403,-558,3372,26.0,173,270,39,255130
ABalppapa:116,ABalppapa,116,28868,3868,-470,-700,3323,25.2,172,265,39,233084
ABalppapa:117,ABalppapa,117,28578,3578,-253,-232,3285,26.0,166,267,38,263114
ABalppapa:118,ABalppapa,118,27815,2815,-977,-1001,2534,26.1,167,269,38,276474
ABalppapa:119,ABalppapa,119,28044,3044,-860,-816,2369,25.9,165,268,34,231996
ABalppapa:120,ABalppapa,120,28808,3808,146,30,3013,26.0,159,269,36,275554
ABalppapaa:121,ABalppapaa,121,29940,4940,592,665,3521,25.1,144,245,37,228244
ABalppapaa:122,ABalppapaa,122,29096,4096,218,253,2100,26.1,140,247,32,185051
ABalppapaa:123,ABalppapaa,123,29165,4165,-363,-231,1461,25.1,137,251,36,250863
ABalppapaa:124,ABalppapaa,124,28657,3657,-316,-244,1644,26.0,139,251,32,176432
ABalppapaa:125,ABalppapaa,125,28913,3913,-100,50,2686,25.1,128,254,32,188788
ABalppapaa:126,ABalppapaa,126,28949,3949,312,174,2772,25.1,129,253,34,210428
ABalppapaa:127,ABalppapaa,127,28247,3247,-665,-529,2038,25.0,125,252,34,232590
ABalppapaa:128,ABalppapaa,128,28855,3855,96,312,2819,25.0,126,252,36,269075
ABalppapaa:129,ABalppapaa,129,29069,4069,-111,28,1847,24.0,126,260,29,146807
ABalppapap:121,ABalppapap,121,29242,4242,373,500,2556,25.2,169,285,35,169426
ABalppapap:122,ABalppapap,122,28240,3240,-459,-388,1905,24.1,156,283,32,166576
ABalppapap:123,ABalppapap,123,28130,3130,-709,-641,1635,24.1,162,286,34,202961
ABalppapap:124,ABalppapap,124,29382,4382,222,274,2955,24.0,155,284,36,265367
ABalppapap:125,ABalppapap,125,27967,2967,-514,-430,836,23.1,153,289,36,255877
ABalppapap:126,ABalppapap,126,29281,4281,518,539,2761,23.1,152,282,36,273171
ABalppapap:127,ABalppapap,127,29146,4146,58,73,2112,23.2,149,274,34,245839
ABalppapap:128,ABalppapap,128,28476,3476,-567,-702,1282,23.1,151,268,36,310323
ABalppapap:129,ABalppapap,129,29051,4051,-66,-171,2165,23.0,153,271,36,305212
ABalppapp:92,ABalppapp,92,29191,4191,480,329,3907,24.0,195,259,40,213004
ABalppapp:93,ABalppapp,93,28411,3411,-117,-78,3058,24.1,201,261,39,203724
ABalppapp:94,ABalppapp,94,28707,3707,269,302,3497,24.9,193,273,38,199400
ABalppapp:95,ABalppapp,95,28214,3214,-661,-653,2990,24.1,201,281,37,175647
ABalppapp:96,ABalppapp,96,28049,3049,-436,-546,2763,23.2,208,284,40,218358
ABalppapp:97,ABalppapp,97,27877,2877,-584,-643,2533,23.1,216,287,40,231755
ABalppapp:98,ABalppapp,98,28761,3761,117,85,3388,23.2,219,288,38,225003
ABalppapp:99,ABalppapp,99,28347,3347,-586,-638,2871,23.1,213,293,38,236289
ABalppapp:100,ABalppapp,100,28031,3031,-453,-504,2674,23.2,208,291,40,250906
ABalppapp:101,ABalppapp,101,27868,2868,-1006,-1065,2099,24.0,213,293,38,251900
ABalppapp:102,ABalppapp,102,27714,2714,-1405,-1400,2005,24.3,202,280,38,240748
ABalppapp:103,ABalppapp,103,28540,3540,-9,98,2787,25.0,211,282,40,302953
ABalppapp:104,ABalppapp,104,28954,3954,114,139,2950,24.0,211,281,40,283719
ABalppapp:105,ABalppapp,105,27990,2990,-525,-582,2060,25.1,202,277,40,303483
ABalppapp:106,ABalppapp,106,28406,3406,113,62,2531,25.1,200,272,40,330492
ABalppapp:107,ABalppapp,107,28859,3859,470,635,3462,26.0,193,277,38,289366
ABalppapp:108,ABalppapp,108,27786,2786,-1181,-1230,2245,26.1,190,280,40,344118
ABalppapp:109,ABalppapp,109,28137,3137,-887,-1031,2468,26.0,191,277,40,369572
ABalppapp:110,ABalppapp,110,28973,3973,-15,-118,3401,26.0,189,280,38,203694
ABalppapp:111,ABalppapp,111,28279,3279,-1051,-926,2598,26.0,196,286,39,211826
ABalppapp:112,ABalppapp,112,28855,3855,-532,-703,3302,26.1,198,290,39,217064
ABalppapp:113,ABalppapp,113,28688,3688,-672,-740,2412,25.0,186,291,39,216782
ABalppapp:114,ABalppapp,114,28933,3933,-638,-917,3071,25.2,200,297,39,221764
ABalppapp:115,ABalppapp,115,29082,4082,-396,-441,3230,25.1,205,300,39,214556
ABalppapp:116,ABalppapp,116,28413,3413,-1092,-1236,2680,25.1,202,296,39,224147
ABalppapp:117,ABalppapp,117,29642,4642,274,200,4251,26.0,208,293,38,223228
ABalppapp:118,ABalppapp,118,28827,3827,-329,-359,3576,26.0,208,302,36,201029
ABalppappa:119,ABalppappa,119,29525,4525,789,730,3665,27.0,188,288,34,156291
ABalppappa:120,ABalppappa,120,28439,3439,-962,-990,2898,26.0,183,296,34,151392
ABalppappa:121,ABalppappa,121,29762,4762,584,342,3040,26.2,182,303,29,95192
ABalppappa:122,ABalppappa,122,28498,3498,-422,-440,2779,26.0,175,306,32,156634
ABalppappa:123,ABalppappa,123,28002,3002,-1090,-971,1962,26.1,182,299,36,210021
ABalppappa:124,ABalppappa,124,29649,4649,695,758,3633,26.0,179,306,36,235249
ABalppappa:125,ABalppappa,125,28928,3928,434,428,3122,24.9,175,309,32,182864
ABalppappa:126,ABalppappa,126,28703,3703,-84,-76,2928,24.1,176,308,34,203011
ABalppappa:127,ABalppappa,127,28580,3580,-156,-98,2665,24.2,168,305,36,255372
ABalppappa:128,ABalppappa,128,27066,2066,-1785,-1903,1593,25.0,166,306,32,188139
ABalppappa:129,ABalppappa,129,28880,3880,-615,-844,2605,24.1,170,303,32,201953
ABalppappp:119,ABalppappp,119,29487,4487,734,919,3509,26.0,225,318,34,143941
ABalppappp:120,ABalppappp,120,29661,4661,-194,-167,4093,26.0,229,312,34,142379
ABalppappp:121,ABalppappp,121,30492,5492,378,439,4601,26.2,218,306,33,126731
ABalppappp:122,ABalppappp,122,29054,4054,-767,-919,2883,26.0,210,310,32,151981
ABalppappp:123,ABalppappp,123,30316,5316,1665,1943,3664,25.0,207,319,29,106705
ABalppappp:124,ABalppappp,124,29669,4669,521,456,3027,25.1,207,320,32,181043
ABalppappp:125,ABalppappp,125,28371,3371,-866,-668,1266,24.1,208,320,36,246671
ABalppappp:126,ABalppappp,126,28518,3518,-180,-67,1790,24.0,204,325,34,208957
ABalppappp:127,ABalppappp,127,28787,3787,-613,-824,2205,24.0,198,327,36,264220
ABalppappp:128,ABalppappp,128,28410,3410,-367,-392,2045,24.2,198,327,36,248857
ABalppappp:129,ABalppappp,129,28761,3761,-260,-191,2139,24.1,202,330,36,264122
ABalppp:51,ABalppp,51,27736,2736,-1188,-1200,2721,19.7,194,318,59,795031
ABalppp:52,ABalppp,52,28412,3412,-509,-529,3387,18.1,200,321,56,779992
ABalppp:53,ABalppp,53,28047,3047,-805,-805,3001,18.1,206,330,55,737172
ABalppp:54,ABalppp,54,27971,2971,-828,-825,2971,19.0,209,336,55,794390
ABalppp:55,ABalppp,55,28304,3304,-407,-428,3304,20.9,211,332,55,769339
ABalppp:56,ABalppp,56,27831,2831,-1150,-1156,2831,20.1,211,335,55,822520
ABalppp:57,ABalppp,57,28064,3064,-441,-441,3064,20.1,207,333,55,871023
ABalppp:58,ABalppp,58,27995,2995,-715,-720,2995,20.9,208,332,55,842005
ABalppp:59,ABalppp,59,27709,2709,-1205,-1205,2709,20.1,204,328,54,869589
ABalppp:60,ABalppp,60,28309,3309,-491,-478,3307,20.0,205,331,53,793284
ABalppp:61,ABalppp,61,28144,3144,-1169,-1149,3089,19.1,205,324,55,873425
ABalppp:62,ABalppp,62,28186,3186,-1497,-1536,3123,18.1,208,309,55,881083
ABalppp:63,ABalppp,63,28807,3807,-594,-641,3585,17.1,212,306,55,737772
ABalppp:64,ABalppp,64,28550,3550,-1189,-1188,3492,18.0,204,298,54,731574
ABalppp:65,ABalppp,65,27965,2965,-1220,-1269,2930,18.8,207,295,54,718074
ABalppp:66,ABalppp,66,27949,2949,-1083,-1081,2867,17.9,216,295,54,744454
ABalppp:67,ABalppp,67,28230,3230,-863,-860,3204,17.8,222,288,53,612724
ABalppp:68,ABalppp,68,28304,3304,-724,-745,3127,17.1,216,292,46,460759
ABalpppa:69,ABalpppa,69,29578,4578,956,956,4507,18.1,204,260,34,202074
ABalpppa:70,ABalpppa,70,28751,3751,-45,-127,3671,18.1,203,256,45,275087
ABalpppa:71,ABalpppa,71,28094,3094,-605,-593,3068,19.9,202,259,44,279437
ABalpppa:72,ABalpppa,72,28054,3054,-834,-845,3047,19.9,197,246,44,292351
ABalpppa:73,ABalpppa,73,28404,3404,-473,-496,3399,19.1,202,241,46,352045
ABalpppa:74,ABalpppa,74,28362,3362,-604,-590,3359,19.0,194,245,44,325453
ABalpppa:75,ABalpppa,75,28385,3385,-477,-484,3380,19.0,189,242,46,397391
ABalpppa:76,ABalpppa,76,27673,2673,-1647,-1638,2668,19.0,189,243,44,360627
ABalpppa:77,ABalpppa,77,27786,2786,-1050,-1032,2780,18.9,187,234,44,340317
ABalpppa:78,ABalpppa,78,28534,3534,-401,-423,3507,19.1,181,228,44,330175
ABalpppa:79,ABalpppa,79,28282,3282,-1233,-1230,3270,20.1,179,228,44,359203
ABalpppa:80,ABalpppa,80,27723,2723,-1164,-1169,2720,21.0,179,226,44,352318
ABalpppa:81,ABalpppa,81,28599,3599,-831,-874,3560,20.9,180,217,44,365452
ABalpppa:82,ABalpppa,82,28131,3131,-1040,-1062,3128,20.1,173,215,44,374290
ABalpppa:83,ABalpppa,83,28394,3394,-546,-577,3353,19.1,169,213,44,395678
ABalpppa:84,ABalpppa,84,28858,3858,-414,-417,3840,18.0,165,203,44,415046
ABalpppa:85,ABalpppa,85,28141,3141,-1084,-1202,3108,17.9,154,202,44,441878
ABalpppa:86,ABalpppa,86,27776,2776,-1291,-1274,2693,17.0,145,207,44,485465
ABalpppa:87,ABalpppa,87,28789,3789,-483,-490,3655,16.3,142,213,47,545611
ABalpppa:88,ABalpppa,88,27481,2481,-1350,-1369,2342,16.9,133,224,45,514019
ABalpppa:89,ABalpppa,89,27414,2414,-1071,-1091,2135,16.0,134,233,45,542608
ABalpppa:90,ABalpppa,90,28518,3518,-706,-822,3082,16.9,148,242,44,434341
ABalpppa:91,ABalpppa,91,28113,3113,-755,-755,2912,15.2,165,242,34,244500
ABalpppaa:92,ABalpppaa,92,28731,3731,493,484,3066,15.1,127,238,40,306897
ABalpppaa:93,ABalpppaa,93,27977,2977,-240,-160,2372,16.2,117,236,37,244574
ABalpppaa:94,ABalpppaa,94,28162,3162,-80,-43,2734,17.1,118,237,38,271169
ABalpppaa:95,ABalpppaa,95,28393,3393,-42,-93,3152,17.1,119,247,37,266681
ABalpppaa:96,ABalpppaa,96,28085,3085,-179,-248,2643,18.0,119,250,36,280721
ABalpppaa:97,ABalpppaa,97,28415,3415,-499,-469,2951,19.0,128,259,36,292612
ABalpppaa:98,ABalpppaa,98,27159,2159,-1188,-1179,1562,19.1,130,269,36,297942
ABalpppaa:99,ABalpppaa,99,29263,4263,635,622,3771,18.9,133,268,36,306772
ABalpppaa:100,ABalpppaa,100,28524,3524,-464,-459,2933,18.9,133,266,36,312270
ABalpppaa:101,ABalpppaa,101,28547,3547,152,130,2927,19.0,144,268,36,302839
ABalpppaa:102,ABalpppaa,102,29032,4032,-192,-221,3377,18.3,144,262,38,316123
ABalpppaa:103,ABalpppaa,103,27692,2692,-1351,-1299,2175,19.1,150,267,38,337380
ABalpppaa:104,ABalpppaa,104,29797,4797,779,774,4119,20.0,149,265,36,316207
ABalpppaa:105,ABalpppaa,105,28461,3461,-197,-294,2974,19.2,152,268,38,354834
ABalpppaa:106,ABalpppaa,106,28235,3235,-681,-661,2754,19.9,145,269,36,346643
ABalpppaa:107,ABalpppaa,107,28880,3880,128,145,3471,19.1,136,279,38,385345
ABalpppaa:108,ABalpppaa,108,28061,3061,-329,-351,2654,19.3,140,282,38,370457
ABalpppaa:109,ABalpppaa,109,28697,3697,347,348,3470,19.1,137,273,38,390454
ABalpppaa:110,ABalpppaa,110,28930,3930,308,403,3339,18.9,138,268,36,238090
ABalpppaa:111,ABalpppaa,111,29694,4694,1202,1225,4019,18.1,134,265,39,273314
ABalpppaa:112,ABalpppaa,112,29232,4232,622,596,3516,17.2,134,267,39,243837
ABalpppaa:113,ABalpppaa,113,28044,3044,-538,-578,2378,18.1,127,265,35,211288
ABalpppaa:114,ABalpppaa,114,28467,3467,-120,-173,2525,18.1,129,259,39,271853
ABalpppaa:115,ABalpppaa,115,28309,3309,-115,18,2316,19.0,128,261,39,280234
ABalpppaa:116,ABalpppaa,116,28002,3002,-812,-500,1345,18.1,123,265,37,254968
ABalpppaa:117,ABalpppaa,117,28258,3258,-359,-167,2539,17.3,122,260,36,246967
ABalpppaa:118,ABalpppaa,118,28206,3206,-880,-551,2487,16.0,128,265,34,230449
ABalpppaa:119,ABalpppaa,119,28537,3537,-1177,-434,2664,15.0,138,268,34,233566
ABalpppaa:120,ABalpppaa,120,28929,3929,-150,104,3333,15.1,143,270,34,243489
ABalpppaa:121,ABalpppaa,121,28395,3395,-1228,-735,2480,15.1,147,269,37,295323
ABalpppaa:122,ABalpppaa,122,28715,3715,-812,-583,3071,14.3,148,263,34,237920
ABalpppaa:123,ABalpppaa,123,27771,2771,-1488,-1382,1973,15.3,145,267,36,286769
ABalpppaa:124,ABalpppaa,124,27871,2871,-1568,-1672,2230,15.9,141,265,32,243654
ABalpppaaa:125,ABalpppaaa,125,29946,4946,108,319,3058,17.0,127,256,32,191840
ABalpppaaa:126,ABalpppaaa,126,29366,4366,253,131,2442,16.9,131,256,32,200302
ABalpppaaa:127,ABalpppaaa,127,28090,3090,-820,-559,1601,16.0,126,261,34,229102
ABalpppaaa:128,ABalpppaaa,128,28478,3478,360,616,2555,14.9,121,269,32,199429
ABalpppaaa:129,ABalpppaaa,129,28490,3490,199,401,2535,14.9,119,268,32,195048
ABalpppaap:125,ABalpppaap,125,28618,3618,297,364,2572,13.1,157,279,32,184218
ABalpppaap:126,ABalpppaap,126,28100,3100,-726,-579,2123,13.0,156,279,32,193618
ABalpppaap:127,ABalpppaap,127,28315,3315,-369,-195,2569,12.8,154,277,32,196439
ABalpppaap:128,ABalpppaap,128,28449,3449,1,203,2571,11.8,150,275,32,184343
ABalpppaap:129,ABalpppaap,129,28619,3619,212,364,3033,11.0,144,270,32,203892
ABalpppap:92,ABalpppap,92,28315,3315,-213,-195,3117,15.1,178,262,34,178862
ABalpppap:93,ABalpppap,93,29046,4046,71,110,3840,16.2,170,261,37,208743
ABalpppap:94,ABalpppap,94,28496,3496,-712,-640,3259,17.0,170,267,38,251569
ABalpppap:95,ABalpppap,95,28786,3786,-967,-1001,3671,15.9,187,278,37,225235
ABalpppap:96,ABalpppap,96,29308,4308,339,399,3929,16.1,185,282,38,254982
ABalpppap:97,ABalpppap,97,27985,2985,-1123,-1181,2653,16.2,183,288,38,264351
ABalpppap:98,ABalpppap,98,28740,3740,32,-92,3376,16.1,181,297,40,305804
ABalpppap:99,ABalpppap,99,28707,3707,-146,-278,3307,16.1,177,301,38,287650
ABalpppap:100,ABalpppap,100,28814,3814,-326,-382,3456,16.3,173,301,40,307552
ABalpppap:101,ABalpppap,101,28185,3185,-627,-773,2902,16.2,172,305,40,341212
ABalpppap:102,ABalpppap,102,28476,3476,-745,-722,3273,16.3,168,294,38,296302
ABalpppap:103,ABalpppap,103,28205,3205,-503,-594,2900,17.0,174,302,38,334802
ABalpppap:104,ABalpppap,104,28135,3135,-740,-826,2729,17.8,175,298,36,316631
ABalpppap:105,ABalpppap,105,28250,3250,-473,-694,2794,17.3,183,300,40,370103
ABalpppap:106,ABalpppap,106,28185,3185,-866,-953,2600,17.3,174,299,38,343454
ABalpppap:107,ABalpppap,107,27976,2976,-1016,-1094,2338,17.2,170,303,40,403726
ABalpppap:108,ABalpppap,108,28383,3383,-638,-632,2554,17.2,169,303,40,419329
ABalpppap:109,ABalpppap,109,28005,3005,-453,-532,2603,17.3,163,303,40,403427
ABalpppap:110,ABalpppap,110,28731,3731,-400,-371,3126,18.0,163,297,40,269513
ABalpppap:111,ABalpppap,111,28693,3693,-82,-97,3404,18.0,153,301,35,191385
ABalpppap:112,ABalpppap,112,28811,3811,-273,-309,3390,18.1,154,299,39,252381
ABalpppap:113,ABalpppap,113,28699,3699,10,-189,3004,18.1,154,297,39,259582
ABalpppap:114,ABalpppap,114,28411,3411,-191,-153,2993,17.1,152,302,39,265635
ABalpppap:115,ABalpppap,115,28314,3314,-447,-452,2848,18.0,153,300,39,276324
ABalpppap:116,ABalpppap,116,28175,3175,-599,-542,2790,17.2,156,301,39,254651
ABalpppap:117,ABalpppap,117,27464,2464,-1272,-1224,2136,17.1,155,292,34,205306
ABalpppap:118,ABalpppap,118,27916,2916,-883,-883,2527,16.3,164,297,38,235756
ABalpppapa:119,ABalpppapa,119,29485,4485,777,786,3923,17.2,145,301,29,107985
ABalpppapa:120,ABalpppapa,120,28761,3761,170,228,3100,18.0,151,304,34,167048
ABalpppapa:121,ABalpppapa,121,29230,4230,952,959,3364,17.1,138,295,35,171438
ABalpppapa:122,ABalpppapa,122,28963,3963,660,822,3396,16.0,140,299,32,172489
ABalpppapa:123,ABalpppapa,123,27853,2853,-332,-94,2042,17.1,141,302,34,186145
ABalpppapa:124,ABalpppapa,124,28489,3489,151,343,2869,17.3,139,304,34,185400
ABalpppapa:125,ABalpppapa,125,28372,3372,145,286,2592,16.1,145,303,32,179601
ABalpppapa:126,ABalpppapa,126,28975,3975,819,963,3104,16.0,142,297,32,192254
ABalpppapa:127,ABalpppapa,127,28444,3444,193,307,2668,16.0,136,296,32,194312
ABalpppapa:128,ABalpppapa,128,28081,3081,-101,-25,1961,15.2,138,295,34,208994
ABalpppapa:129,ABalpppapa,129,28660,3660,-18,-7,1559,14.2,146,291,34,230459
ABalpppapp:119,ABalpppapp,119,28645,3645,48,-14,3055,14.2,182,305,34,161666
ABalpppapp:120,ABalpppapp,120,28596,3596,-519,-532,2643,14.1,186,296,34,181715
ABalpppapp:121,ABalpppapp,121,29257,4257,279,332,3004,14.1,183,298,33,168975
ABalpppapp:122,ABalpppapp,122,29340,4340,452,545,2900,12.2,180,297,34,165527
ABalpppapp:123,ABalpppapp,123,28146,3146,-233,-144,1857,13.0,168,293,34,184503
ABalpppapp:124,ABalpppapp,124,28587,3587,198,376,2450,13.1,163,294,36,218183
ABalpppapp:125,ABalpppapp,125,29217,4217,917,1005,2982,12.2,170,303,29,113714
ABalpppapp:126,ABalpppapp,126,27706,2706,-833,-678,1611,12.2,169,302,29,119317
ABalpppapp:127,ABalpppapp,127,28230,3230,-419,-431,2370,13.1,165,304,34,195611
ABalpppapp:128,ABalpppapp,128,29154,4154,523,443,3342,12.9,165,304,32,188068
ABalpppapp:129,ABalpppapp,129,28636,3636,-86,-19,2778,12.0,167,301,32,186320
ABalpppp:69,ABalpppp,69,27583,2583,-1297,-1297,2526,17.2,245,298,34,197791
ABalpppp:70,ABalpppp,70,27755,2755,-1138,-1175,2692,17.8,238,303,45,283602
ABalpppp:71,ABalpppp,71,28202,3202,-774,-854,3027,17.0,240,302,44,290938
ABalpppp:72,ABalpppp,72,28562,3562,-784,-792,3435,16.2,242,310,46,345158
ABalpppp:73,ABalpppp,73,28156,3156,-1074,-1105,3022,16.1,247,303,48,408756
ABalpppp:74,ABalpppp,74,28227,3227,-1084,-1047,3133,16.0,253,302,46,382045
ABalpppp:75,ABalpppp,75,28681,3681,-665,-647,3580,15.3,250,297,46,369793
ABalpppp:76,ABalpppp,76,28707,3707,-316,-289,3622,15.2,248,291,46,365382
ABalpppp:77,ABalpppp,77,28270,3270,-791,-791,3237,16.9,244,279,44,336638
ABalpppp:78,ABalpppp,78,28003,3003,-1087,-1096,2757,17.1,242,272,46,360476
ABalpppp:79,ABalpppp,79,28416,3416,-1015,-1015,3167,17.2,235,266,46,383650
ABalpppp:80,ABalpppp,80,28048,3048,-1122,-1107,2918,19.0,236,261,44,336907
ABalpppp:81,ABalpppp,81,28007,3007,-1319,-1323,2928,18.1,231,254,46,379144
ABalpppp:82,ABalpppp,82,27998,2998,-1200,-1182,2959,18.1,225,245,46,380462
ABalpppp:83,ABalpppp,83,27780,2780,-1292,-1313,2766,17.3,224,238,48,456251
ABalpppp:84,ABalpppp,84,28815,3815,-602,-621,3801,17.0,221,220,46,450745
ABalpppp:85,ABalpppp,85,28631,3631,-1539,-1599,3608,16.0,211,211,46,459579
ABalpppp:86,ABalpppp,86,28960,3960,-184,-184,3880,16.0,206,211,44,407955
ABalpppp:87,ABalpppp,87,28381,3381,-1199,-1166,3191,16.0,208,215,45,407043
ABalpppp:88,ABalpppp,88,29266,4266,-854,-617,3722,16.1,211,209,45,386197
ABalppppa:89,ABalppppa,89,30032,5032,64,446,2417,17.1,190,188,37,246557
ABalppppa:90,ABalppppa,90,30078,5078,-205,-219,4420,18.0,190,192,42,233602
ABalppppa:91,ABalppppa,91,29488,4488,-752,-925,3992,18.9,195,193,42,240362
ABalppppa:92,ABalppppa,92,29701,4701,-904,-692,2951,18.0,191,200,40,245339
ABalppppa:93,ABalppppa,93,29446,4446,-1060,-943,2883,18.1,185,201,39,240785
ABalppppa:94,ABalppppa,94,28499,3499,-2069,-1890,2354,17.2,175,214,40,267029
ABalppppa:95,ABalppppa,95,29385,4385,-949,-300,3148,16.2,167,218,39,251638
ABalppppa:96,ABalppppa,96,28638,3638,-1257,-1469,2945,16.1,163,230,40,297475
ABalppppa:97,ABalppppa,97,28684,3684,-1429,-1400,3033,16.2,162,235,38,283736
ABalppppa:98,ABalppppa,98,28238,3238,-1310,-1227,2446,17.0,157,239,36,279716
ABalppppa:99,ABalppppa,99,29456,4456,-1010,-746,3059,16.2,159,238,38,281704
ABalppppa:100,ABalppppa,100,30610,5610,410,400,4251,16.1,160,240,38,301755
ABalppppa:101,ABalppppa,101,29077,4077,-1505,-1523,3325,16.0,166,241,38,303448
ABalppppa:102,ABalppppa,102,29309,4309,-917,-915,3374,16.0,169,238,36,282028
ABalppppa:103,ABalppppa,103,29204,4204,-426,-362,3793,15.3,175,253,38,308390
ABalppppa:104,ABalppppa,104,28573,3573,-869,-957,2990,15.3,168,258,40,352021
ABalppppa:105,ABalppppa,105,27774,2774,-1300,-1330,2128,15.9,178,261,36,311261
ABalppppa:106,ABalppppa,106,28893,3893,-350,-501,3583,16.1,181,260,38,334083
ABalppppa:107,ABalppppa,107,27901,2901,-1738,-1822,2522,15.3,179,266,40,365146
ABalppppa:108,ABalppppa,108,28798,3798,-910,-943,3242,15.1,180,270,36,334498
ABalppppa:109,ABalppppa,109,27616,2616,-1499,-1585,1632,14.3,171,267,40,392079
ABalppppa:110,ABalppppa,110,28654,3654,-955,-1127,2215,14.1,161,262,38,244843
ABalppppa:111,ABalppppa,111,28722,3722,-1168,-1356,2576,14.2,158,264,37,243619
ABalppppa:112,ABalppppa,112,28718,3718,-612,-697,2217,14.2,155,267,37,249315
ABalppppa:113,ABalppppa,113,28740,3740,-851,-981,2807,14.2,150,260,37,245781
ABalppppa:114,ABalppppa,114,28807,3807,-499,-630,2981,15.0,153,250,39,290456
ABalppppa:115,ABalppppa,115,28838,3838,-797,-867,3210,15.2,153,252,39,277450
ABalppppa:116,ABalppppa,116,28611,3611,-1247,-1200,2513,15.1,154,248,37,260759
ABalppppaa:117,ABalppppaa,117,29564,4564,-2105,-1011,2475,16.9,154,230,34,177806
ABalppppaa:118,ABalppppaa,118,31196,6196,-1103,385,3688,17.2,148,227,34,186031
ABalppppaa:119,ABalppppaa,119,30141,5141,-3086,-1151,1759,16.2,149,228,34,175182
ABalppppaa:120,ABalppppaa,120,30321,5321,-1440,-270,2253,16.1,154,226,34,192921
ABalppppaa:121,ABalppppaa,121,29054,4054,-1966,-1431,2252,15.8,160,228,33,173701
ABalppppaa:122,ABalppppaa,122,29128,4128,-2293,-2344,2391,15.1,165,228,32,184973
ABalppppaa:123,ABalppppaa,123,29639,4639,-1927,-1939,2605,15.1,162,231,34,207544
ABalppppaa:124,ABalppppaa,124,30131,5131,-1393,-534,1953,14.1,159,231,32,187669
ABalppppaa:125,ABalppppaa,125,29175,4175,-1680,-1178,2099,14.1,163,240,34,217194
ABalppppaa:126,ABalppppaa,126,29326,4326,-2951,-2786,1547,14.3,167,239,36,257789
ABalppppaa:127,ABalppppaa,127,28787,3787,-3069,-2869,-275,14.3,165,241,36,254394
ABalppppaa:128,ABalppppaa,128,29489,4489,-1148,-670,1920,14.3,159,243,36,262757
ABalppppaa:129,ABalppppaa,129,28335,3335,-2417,-1508,631,14.2,157,242,36,269789
ABalppppap:117,ABalppppap,117,29221,4221,-1479,-1828,2568,14.1,161,251,36,217983
ABalppppap:118,ABalppppap,118,29079,4079,-1066,-1537,2704,13.0,166,262,36,243484
ABalppppap:119,ABalppppap,119,28592,3592,-2310,-2711,1796,13.1,181,258,36,232481
ABalppppap:120,ABalppppap,120,28973,3973,-1033,-1123,2222,13.0,184,255,34,175897
ABalppppap:121,ABalppppap,121,28971,3971,-1047,-1239,2245,12.2,182,263,35,190618
ABalppppap:122,ABalppppap,122,28312,3312,-1621,-1707,1538,12.2,183,259,32,166512
ABalppppap:123,ABalppppap,123,28981,3981,-438,-665,2436,12.2,172,258,34,197273
ABalppppap:124,ABalppppap,124,28971,3971,-465,-683,1980,12.2,173,259,34,202131
ABalppppap:125,ABalppppap,125,28666,3666,-562,-614,1629,11.2,179,258,34,206938
ABalppppap:126,ABalppppap,126,29952,4952,-436,-336,2182,11.9,180,258,32,200753
ABalppppap:127,ABalppppap,127,27535,2535,-2685,-2727,-90,11.1,181,262,36,273625
ABalppppap:128,ABalppppap,128,29078,4078,-1073,-601,1375,11.2,177,252,34,231355
ABalppppap:129,ABalppppap,129,29302,4302,-1574,-1662,1360,11.3,176,252,34,231433
ABalppppp:89,ABalppppp,89,28344,3344,-1439,-1320,3090,15.2,230,234,37,229771
ABalppppp:90,ABalppppp,90,29063,4063,-67,23,3894,16.1,228,243,40,230426
ABalppppp:91,ABalppppp,91,29002,4002,-901,-901,3879,16.0,228,241,42,249086
ABalppppp:92,ABalppppp,92,28479,3479,-925,-642,3020,15.9,233,249,40,228378
ABalppppp:93,ABalppppp,93,27755,2755,-1400,-1242,2344,15.0,227,255,41,225748
ABalppppp:94,ABalppppp,94,28788,3788,-533,-468,3565,15.1,226,266,40,239783
ABalppppp:95,ABalppppp,95,27482,2482,-2233,-2296,2123,14.3,235,267,39,220891
ABalppppp:96,ABalppppp,96,28928,3928,-347,-391,3666,14.1,226,273,40,273265
ABalppppp:97,ABalppppp,97,28964,3964,-1493,-1427,3723,13.3,233,281,40,267017
ABalppppp:98,ABalppppp,98,28843,3843,-872,-862,3632,14.1,231,286,38,258581
ABalppppp:99,ABalppppp,99,27647,2647,-1891,-1833,2450,14.9,223,285,36,252982
ABalppppp:100,ABalppppp,100,28140,3140,-1363,-1337,2936,14.3,218,281,40,281644
ABalppppp:101,ABalppppp,101,28679,3679,-667,-523,3322,14.2,219,283,40,313754
ABalppppp:102,ABalppppp,102,28763,3763,-498,-420,3321,14.1,210,282,40,327839
ABalppppp:103,ABalppppp,103,28109,3109,-1167,-1230,2075,13.3,210,293,38,295273
ABalppppp:104,ABalppppp,104,28331,3331,-850,-1127,2291,13.2,207,302,38,331244
ABalppppp:105,ABalppppp,105,28466,3466,-934,-1222,1822,13.2,205,306,38,348525
ABalppppp:106,ABalppppp,106,28179,3179,-1067,-1166,2210,13.3,203,308,40,379641
ABalppppp:107,ABalppppp,107,28746,3746,-179,-302,3182,14.1,199,316,40,400028
ABalppppp:108,ABalppppp,108,28191,3191,-885,-922,2571,14.1,197,315,40,417296
ABalppppp:109,ABalppppp,109,28814,3814,-425,-414,2808,14.2,201,309,40,398945
ABalppppp:110,ABalppppp,110,28406,3406,-1508,-1516,2734,14.3,198,305,40,237967
ABalppppp:111,ABalppppp,111,28658,3658,-896,-844,3161,15.3,193,301,39,246956
ABalppppp:112,ABalppppp,112,28706,3706,-838,-790,2728,14.1,198,299,35,197467
ABalpppppa:113,ABalpppppa,113,28923,3923,-298,-516,3021,15.0,172,284,35,166735
ABalpppppa:114,ABalpppppa,114,28634,3634,-944,-926,2546,15.1,175,280,35,172090
ABalpppppa:115,ABalpppppa,115,28450,3450,-1518,-1282,2489,14.9,182,286,35,163786
ABalpppppa:116,ABalpppppa,116,29689,4689,-474,-360,3862,14.0,183,287,35,163781
ABalpppppa:117,ABalpppppa,117,28988,3988,-1071,-930,3278,13.8,185,277,34,163538
ABalpppppa:118,ABalpppppa,118,29214,4214,-461,-529,2726,13.8,196,288,34,177794
ABalpppppa:119,ABalpppppa,119,28715,3715,-1409,-1780,2102,13.0,204,278,34,178438
ABalpppppa:120,ABalpppppa,120,28939,3939,-1446,-1632,1650,13.0,206,277,34,186821
ABalpppppa:121,ABalpppppa,121,29574,4574,-1026,-1226,1959,12.9,210,282,33,175134
ABalpppppa:122,ABalpppppa,122,29595,4595,-1711,-1824,206,12.8,212,278,32,176230
ABalpppppa:123,ABalpppppa,123,30154,5154,-510,-1224,985,12.9,199,282,32,176457
ABalpppppa:124,ABalpppppa,124,29328,4328,-2024,-2588,680,12.4,195,284,36,223921
ABalpppppa:125,ABalpppppa,125,28885,3885,-3209,-3817,877,12.2,201,281,34,193730
ABalpppppa:126,ABalpppppa,126,29466,4466,-2906,-2549,-2096,12.2,201,281,36,246827
ABalpppppa:127,ABalpppppa,127,29188,4188,-2366,-1405,-3567,12.2,198,281,34,228606
ABalpppppa:128,ABalpppppa,128,29052,4052,-2958,-2769,247,13.0,192,277,32,202270
ABalpppppa:129,ABalpppppa,129,30126,5126,-1804,-2098,268,12.3,195,279,34,222388
ABalpppppp:113,ABalpppppp,113,30839,5839,161,494,3731,13.8,215,314,35,155577
ABalpppppp:114,ABalpppppp,114,28980,3980,-1442,-1065,1481,13.1,218,319,35,159079
ABalpppppp:115,ABalpppppp,115,29071,4071,-1069,-876,1588,12.9,222,324,35,162467
ABalpppppp:116,ABalpppppp,116,28768,3768,-1900,-1414,634,13.1,220,322,35,156416
ABalpppppp:117,ABalpppppp,117,29474,4474,-1504,-593,-96,13.9,213,310,34,166641
ABalpppppp:118,ABalpppppp,118,30617,5617,-732,382,-786,14.2,221,311,36,187600
ABalpppppp:119,ABalpppppp,119,30112,5112,-3630,-1033,-3435,15.0,234,310,38,222323
ABalpppppp:120,ABalpppppp,120,30309,5309,-3276,-1071,532,15.1,235,312,36,195569
ABalpppppp:121,ABalpppppp,121,30455,5455,-1330,-643,2048,14.2,230,313,35,160687
ABalpppppp:122,ABalpppppp,122,29104,4104,-2448,-2108,391,14.2,217,311,36,208531
ABalpppppp:123,ABalpppppp,123,29673,4673,-4543,-1735,651,14.1,217,312,36,213510
ABalpppppp:124,ABalpppppp,124,29107,4107,-3491,-2028,461,13.3,216,310,34,158582
ABalpppppp:125,ABalpppppp,125,29791,4791,-4972,-1927,-1051,14.0,220,310,36,225107
ABalpppppp:126,ABalpppppp,126,28690,3690,-3906,-1523,-1251,13.1,219,311,36,226731
ABalpppppp:127,ABalpppppp,127,29350,4350,-3200,-1740,-319,12.2,218,309,36,223821
ABalpppppp:128,ABalpppppp,128,28760,3760,-2041,-1467,1458,12.3,210,308,36,237427
ABalpppppp:129,ABalpppppp,129,28833,3833,-2709,-1686,955,12.2,212,311,36,251363
ABar:11,ABar,11,27636,2636,-715,-745,2406,19.9,227,156,53,586538
ABar:12,ABar,12,27415,2415,-1282,-1308,2394,21.3,230,164,59,665587
ABar:13,ABar,13,27269,2269,-1512,-1558,2197,20.2,229,151,60,720170
ABar:14,ABar,14,27659,2659,-1271,-1271,2659,21.4,243,119,61,803548
ABar:15,ABar,15,27606,2606,-1155,-1157,2606,23.5,249,99,61,951342
ABar:16,ABar,16,27562,2562,-1114,-1114,2562,23.2,268,99,61,1027733
ABar:17,ABar,17,27708,2708,-776,-767,2708,23.1,294,107,62,1139545
ABar:18,ABar,18,27589,2589,-1009,-1002,2589,23.3,309,107,63,1207695
ABar:19,ABar,19,27404,2404,-894,-894,2402,24.0,326,102,65,1516128
ABar:20,ABar,20,27659,2659,-1242,-1208,2388,20.3,331,127,65,1202562
ABar:21,ABar,21,28166,3166,-1302,-1390,2715,18.3,334,138,63,964001
ABara:22,ABara,22,28053,3053,-1276,-1310,3044,21.3,331,136,63,822026
ABara:23,ABara,23,28056,3056,-1024,-1023,3055,22.1,314,127,65,904463
ABara:24,ABara,24,27645,2645,-1391,-1391,2645,22.3,308,122,67,995747
ABara:25,ABara,25,27509,2509,-1645,-1645,2509,23.9,294,127,66,1082917
ABara:26,ABara,26,28044,3044,-1184,-1184,3044,25.2,280,133,67,1195006
ABara:27,ABara,27,27979,2979,-1012,-1012,2979,25.2,270,140,71,1416307
ABara:28,ABara,28,27701,2701,-1491,-1491,2701,26.2,250,145,72,1620546
ABara:29,ABara,29,27946,2946,-1117,-1117,2946,26.3,263,135,73,1704788
ABara:30,ABara,30,28288,3288,-852,-852,3288,25.7,274,139,73,1765532
ABara:31,ABara,31,27934,2934,-1160,-1160,2934,25.1,287,143,70,1810241
ABara:32,ABara,32,28076,3076,-989,-989,3076,25.1,285,141,59,911325
ABaraa:33,ABaraa,33,27903,2903,-875,-1134,2794,25.1,261,140,39,306088
ABaraa:34,ABaraa,34,28762,3762,-285,-300,3762,25.2,250,129,58,627251
ABaraa:35,ABaraa,35,28112,3112,-775,-800,3111,26.8,256,134,59,633821
ABaraa:36,ABaraa,36,28506,3506,-385,-405,3505,27.0,261,124,64,934404
ABaraa:37,ABaraa,37,28527,3527,-498,-500,3527,27.9,240,116,61,885719
ABaraa:38,ABaraa,38,28293,3293,-1016,-1022,3293,26.9,235,111,61,1020880
ABaraa:39,ABaraa,39,28589,3589,-578,-573,3589,26.8,234,112,62,1085348
ABaraa:40,ABaraa,40,28250,3250,-628,-653,3250,26.9,236,118,62,1078327
ABaraa:41,ABaraa,41,28011,3011,-1138,-1149,3011,25.8,231,110,62,1175235
ABaraa:42,ABaraa,42,28368,3368,-809,-784,3368,25.8,222,113,60,1112530
ABaraa:43,ABaraa,43,27346,2346,-1879,-1838,2346,25.8,227,113,61,1127979
ABaraa:44,ABaraa,44,27937,2937,-1454,-1519,2937,24.9,226,111,62,1294393
ABaraa:45,ABaraa,45,28190,3190,-940,-948,3190,24.1,232,98,64,1461309
ABaraa:46,ABaraa,46,27830,2830,-1365,-1384,2830,25.0,230,101,62,1354368
ABaraa:47,ABaraa,47,27957,2957,-1284,-1313,2957,23.9,225,102,61,1310589
ABaraa:48,ABaraa,48,27880,2880,-1371,-1391,2880,23.2,224,103,63,1352943
ABaraa:49,ABaraa,49,28510,3510,-743,-676,3510,23.8,225,103,62,1099963
ABaraaa:50,ABaraaa,50,29219,4219,-3,-35,4022,23.8,216,97,61,843211
ABaraaa:51,ABaraaa,51,28616,3616,-305,-274,3614,22.6,205,83,59,803821
ABaraaa:52,ABaraaa,52,28953,3953,-533,-516,3952,21.1,206,81,56,824551
ABaraaa:53,ABaraaa,53,29320,4320,376,365,4320,21.1,205,76,55,784895
ABaraaa:54,ABaraaa,54,28189,3189,-536,-536,3184,21.0,194,69,55,858113
ABaraaa:55,ABaraaa,55,28195,3195,-766,-753,3192,21.0,201,68,55,902629
ABaraaa:56,ABaraaa,56,28036,3036,-885,-879,3036,21.9,210,71,55,957948
ABaraaa:57,ABaraaa,57,28881,3881,-237,-248,3881,21.1,209,69,55,962098
ABaraaa:58,ABaraaa,58,28376,3376,-615,-615,3376,20.9,209,72,55,951196
ABaraaa:59,ABaraaa,59,28154,3154,-874,-852,3153,20.1,203,69,54,964995
ABaraaa:60,ABaraaa,60,28591,3591,-825,-822,3591,21.0,208,76,53,906382
ABaraaa:61,ABaraaa,61,28373,3373,-1217,-1194,3373,21.9,214,77,53,885693
ABaraaa:62,ABaraaa,62,28563,3563,-864,-860,3562,21.9,210,74,53,930264
ABaraaa:63,ABaraaa,63,28744,3744,-743,-746,3744,21.9,215,81,53,740979
ABaraaa:64,ABaraaa,64,28499,3499,-508,-511,3499,22.0,218,74,54,817827
ABaraaa:65,ABaraaa,65,28097,3097,-955,-955,3097,21.8,224,72,54,857854
ABaraaa:66,ABaraaa,66,28493,3493,-598,-601,3493,22.2,217,78,54,820087
ABaraaa:67,ABaraaa,67,28414,3414,-1125,-1126,3414,23.0,214,86,53,791310
ABaraaa:68,ABaraaa,68,28983,3983,-210,-211,3983,24.1,217,86,52,701186
ABaraaaa:69,ABaraaaa,69,29470,4470,328,329,4189,26.0,207,93,46,370098
ABaraaaa:70,ABaraaaa,70,28524,3524,-855,-866,3449,27.0,192,98,45,309477
ABaraaaa:71,ABaraaaa,71,29092,4092,205,246,4065,26.9,183,101,44,307445
ABaraaaa:72,ABaraaaa,72,28680,3680,216,219,3665,26.0,179,94,44,343265
ABaraaaa:73,ABaraaaa,73,28077,3077,-512,-445,3052,25.1,180,88,46,417151
ABaraaaa:74,ABaraaaa,74,27836,2836,-756,-753,2801,25.0,180,84,44,371728
ABaraaaa:75,ABaraaaa,75,28340,3340,-520,-466,3317,25.1,179,90,44,383090
ABaraaaa:76,ABaraaaa,76,28561,3561,-261,-325,3522,25.0,179,88,44,414982
ABaraaaa:77,ABaraaaa,77,28819,3819,-726,-392,3688,25.0,180,90,44,415299
ABaraaaa:78,ABaraaaa,78,28519,3519,-968,-735,3410,24.1,183,85,44,395664
ABaraaaa:79,ABaraaaa,79,28279,3279,-1399,-1102,3213,23.0,190,83,44,419580
ABaraaaa:80,ABaraaaa,80,28239,3239,-801,-649,3153,24.0,187,80,44,415306
ABaraaaa:81,ABaraaaa,81,28820,3820,-483,-208,3701,23.0,190,81,44,402737
ABaraaaa:82,ABaraaaa,82,28648,3648,-183,-112,3583,23.0,187,80,44,434351
ABaraaaa:83,ABaraaaa,83,28496,3496,-911,-724,3290,22.9,188,78,44,432265
ABaraaaa:84,ABaraaaa,84,28565,3565,-625,-608,3251,22.9,194,74,44,471326
ABaraaaa:85,ABaraaaa,85,29008,4008,-895,-674,3505,22.1,193,75,44,481648
ABaraaaa:86,ABaraaaa,86,28850,3850,-280,-274,3637,23.0,193,76,44,492821
ABaraaaa:87,ABaraaaa,87,29376,4376,59,47,4271,23.0,191,80,45,499011
ABaraaaa:88,ABaraaaa,88,29134,4134,-69,-18,4036,23.1,189,81,47,600478
ABaraaaa:89,ABaraaaa,89,29291,4291,260,275,4271,24.0,186,82,45,511941
ABaraaaa:90,ABaraaaa,90,29495,4495,214,272,4474,24.2,183,88,46,480541
ABaraaaa:91,ABaraaaa,91,28441,3441,-555,-621,3207,24.1,170,92,44,430969
ABaraaaa:92,ABaraaaa,92,29370,4370,-581,-530,3934,22.1,164,97,42,419569
ABaraaaa:93,ABaraaaa,93,28715,3715,-1417,-1420,3249,22.2,173,98,43,406227
ABaraaaa:94,ABaraaaa,94,28734,3734,-1247,-1420,3337,24.0,175,107,38,399422
ABaraaaa:95,ABaraaaa,95,29492,4492,-311,-331,3685,25.0,170,110,37,367799
ABaraaaaa:96,ABaraaaaa,96,30283,5283,-505,-255,2509,24.0,146,111,36,303231
ABaraaaaa:97,ABaraaaaa,97,30025,5025,-1088,-568,1978,24.0,149,111,38,320739
ABaraaaaa:98,ABaraaaaa,98,29116,4116,-1138,-573,1418,23.9,149,106,36,282885
ABaraaaaa:99,ABaraaaaa,99,30263,5263,-122,207,2397,23.0,149,100,36,292924
ABaraaaaa:100,ABaraaaaa,100,29745,4745,-1312,100,95,22.3,152,97,38,305328
ABaraaaaa:101,ABaraaaaa,101,29074,4074,-2065,-1183,1290,23.2,150,104,40,335415
ABaraaaaa:102,ABaraaaaa,102,29188,4188,-1094,-889,2600,24.0,154,100,38,321776
ABaraaaaa:103,ABaraaaaa,103,29067,4067,-1364,-816,1794,24.0,151,105,38,342702
ABaraaaaa:104,ABaraaaaa,104,29133,4133,-908,-774,2037,23.9,159,99,36,304558
ABaraaaaa:105,ABaraaaaa,105,29373,4373,-1755,-1387,2322,23.3,160,99,38,302843
ABaraaaaa:106,ABaraaaaa,106,30937,5937,763,845,3771,23.1,171,88,36,314946
ABaraaaaa:107,ABaraaaaa,107,29228,4228,-716,-626,3259,23.9,160,95,36,320080
ABaraaaaa:108,ABaraaaaa,108,28854,3854,-1269,-1101,2809,24.1,162,96,38,348924
ABaraaaaa:109,ABaraaaaa,109,28807,3807,-1605,-1123,2432,23.3,158,95,38,357542
ABaraaaaa:110,ABaraaaaa,110,29824,4824,-649,-239,3710,23.2,158,104,38,234648
ABaraaaaa:111,ABaraaaaa,111,30338,5338,-303,-61,4004,24.1,156,106,39,253741
ABaraaaaa:112,ABaraaaaa,112,29334,4334,-1544,-1344,3344,24.0,157,113,39,255061
ABaraaaaa:113,ABaraaaaa,113,29704,4704,-1772,-1210,3213,23.3,150,114,39,249437
ABaraaaaa:114,ABaraaaaa,114,29629,4629,-1393,-1242,3596,24.1,157,107,39,239574
ABaraaaaa:115,ABaraaaaa,115,29740,4740,-773,-689,4182,25.1,169,100,39,270142
ABaraaaaa:116,ABaraaaaa,116,28869,3869,-1771,-1760,2509,24.2,165,98,37,249356
ABaraaaaa:117,ABaraaaaa,117,29839,4839,-1115,-953,3285,23.2,165,96,38,269970
ABaraaaaa:118,ABaraaaaa,118,29291,4291,-1250,-1131,3019,23.2,151,106,36,262271
ABaraaaaa:119,ABaraaaaa,119,29176,4176,-1376,-779,2892,22.1,143,110,38,293683
ABaraaaaa:120,ABaraaaaa,120,30554,5554,-20,111,4626,22.2,143,103,38,287994
ABaraaaaa:121,ABaraaaaa,121,29801,4801,-527,-694,3456,22.2,143,103,37,282733
ABaraaaaa:122,ABaraaaaa,122,29951,4951,-61,-174,4279,22.1,141,106,36,289388
ABaraaaaa:123,ABaraaaaa,123,29392,4392,-256,-457,3698,23.0,143,106,36,293901
ABaraaaaa:124,ABaraaaaa,124,29629,4629,-164,-230,3428,23.2,147,107,36,294205
ABaraaaaa:125,ABaraaaaa,125,29883,4883,391,192,2870,24.2,154,114,36,294523
ABaraaaaa:126,ABaraaaaa,126,29885,4885,-238,-559,3559,24.0,159,112,36,296729
ABaraaaaa:127,ABaraaaaa,127,28252,3252,-1752,-1615,1542,23.9,165,106,32,233824
ABaraaaaaa:128,ABaraaaaaa,128,30631,5631,80,341,2674,23.2,155,107,29,141496
ABaraaaaaa:129,ABaraaaaaa,129,33376,8376,2390,2911,712,23.0,146,113,36,286584
ABaraaaaap:128,ABaraaaaap,128,28495,3495,-1288,-1279,1505,25.9,194,95,32,187963
ABaraaaaap:129,ABaraaaaap,129,30178,5178,142,159,3144,25.3,198,103,29,115966
ABaraaaap:96,ABaraaaap,96,28131,3131,-739,-888,2195,27.0,195,125,36,242507
ABaraaaap:97,ABaraaaap,97,29533,4533,773,700,3612,26.9,199,126,36,247215
ABaraaaap:98,ABaraaaap,98,28411,3411,-677,-814,2627,25.9,205,125,36,227610
ABaraaaap:99,ABaraaaap,99,28417,3417,-655,-686,2568,25.9,206,120,36,260080
ABaraaaap:100,ABaraaaap,100,28687,3687,-348,-576,2493,26.0,202,117,38,296454
ABaraaaap:101,ABaraaaap,101,29273,4273,-543,-709,3663,26.1,193,113,36,279875
ABaraaaap:102,ABaraaaap,102,29325,4325,177,-36,3878,26.9,193,105,36,275621
ABaraaaap:103,ABaraaaap,103,28047,3047,-1275,-1331,2514,26.9,194,108,36,268989
ABaraaaap:104,ABaraaaap,104,29062,4062,-227,-381,3416,26.0,194,104,36,286997
ABaraaaap:105,ABaraaaap,105,28464,3464,-984,-928,2467,26.1,200,106,36,282359
ABaraaaap:106,ABaraaaap,106,29133,4133,-183,-376,3208,25.9,203,104,36,304084
ABaraaaap:107,ABaraaaap,107,29407,4407,150,109,3214,25.1,194,109,36,299259
ABaraaaap:108,ABaraaaap,108,28721,3721,-573,-554,2671,25.0,199,115,36,311225
ABaraaaap:109,ABaraaaap,109,31164,6164,1640,1232,5196,24.0,201,113,38,363778
ABaraaaap:110,ABaraaaap,110,30630,5630,690,559,4330,25.0,207,107,40,234401
ABaraaaap:111,ABaraaaap,111,29908,4908,126,125,3789,24.1,196,125,37,216110
ABaraaaap:112,ABaraaaap,112,29370,4370,-237,-374,3386,23.2,196,129,39,229647
ABaraaaap:113,ABaraaaap,113,28488,3488,-1675,-1801,2685,22.9,198,132,35,178588
ABaraaaap:114,ABaraaaap,114,29093,4093,-1273,-1171,3105,22.2,198,129,39,229104
ABaraaaap:115,ABaraaaap,115,29144,4144,-956,-959,3574,22.1,195,127,35,199783
ABaraaaap:116,ABaraaaap,116,28876,3876,-1633,-1627,3082,22.0,194,129,37,241433
ABaraaaap:117,ABaraaaap,117,29286,4286,-902,-1071,3663,22.2,198,124,36,236959
ABaraaaap:118,ABaraaaap,118,29210,4210,-921,-974,3417,22.1,181,123,36,257079
ABaraaaap:119,ABaraaaap,119,29882,4882,42,-94,3699,21.3,171,125,36,256211
ABaraaaap:120,ABaraaaap,120,29220,4220,-1117,-1251,2623,22.1,170,116,36,283178
ABaraaaap:121,ABaraaaap,121,28358,3358,-2641,-2435,1536,21.3,175,110,37,270882
ABaraaaap:122,ABaraaaap,122,29131,4131,-1299,-1415,2906,22.1,175,117,36,272509
ABaraaaap:123,ABaraaaap,123,28157,3157,-1730,-1751,1935,23.0,171,125,36,287310
ABaraaaap:124,ABaraaaap,124,29219,4219,-461,-523,2587,23.0,174,126,32,227391
ABaraaaap:125,ABaraaaap,125,29125,4125,-790,-862,2910,23.0,182,130,36,300669
ABaraaaap:126,ABaraaaap,126,28996,3996,-1185,-1162,2613,21.9,182,130,32,220053
ABaraaaap:127,ABaraaaap,127,30026,5026,-327,-515,4028,20.3,182,133,36,275163
ABaraaaap:128,ABaraaaap,128,29977,4977,-345,-611,3740,20.3,184,134,36,270702
ABaraaaap:129,ABaraaaap,129,29094,4094,-1386,-1689,2905,21.1,178,137,36,280979
ABaraaap:69,ABaraaap,69,28747,3747,-1340,-1366,3574,21.1,228,93,38,302719
ABaraaap:70,ABaraaap,70,29666,4666,-164,-168,4590,21.9,228,94,45,339808
ABaraaap:71,ABaraaap,71,28900,3900,-1154,-977,3789,21.0,223,105,44,331873
ABaraaap:72,ABaraaap,72,29504,4504,-931,-684,4253,20.0,227,107,44,309397
ABaraaap:73,ABaraaap,73,29078,4078,-1771,-1281,3155,19.0,231,93,44,341391
ABaraaap:74,ABaraaap,74,28439,3439,-2530,-1729,2270,19.2,230,86,46,417814
ABaraaap:75,ABaraaap,75,29245,4245,-1451,-908,2689,20.0,234,87,46,448027
ABaraaap:76,ABaraaap,76,29479,4479,-1407,-1158,3223,20.1,236,89,46,458591
ABaraaap:77,ABaraaap,77,29495,4495,-1617,-995,3175,20.1,246,87,46,466866
ABaraaap:78,ABaraaap,78,29016,4016,-2611,-2021,2409,19.2,244,91,48,536775
ABaraaap:79,ABaraaap,79,28657,3657,-2334,-2270,2728,19.2,237,97,46,458752
ABaraaap:80,ABaraaap,80,28635,3635,-1744,-1574,2845,19.2,236,100,48,513099
ABaraaap:81,ABaraaap,81,29851,4851,-650,-552,3999,19.2,241,96,48,537459
ABaraaap:82,ABaraaap,82,28473,3473,-1494,-1531,3264,20.1,246,98,48,543858
ABaraaap:83,ABaraaap,83,29074,4074,-1178,-1316,3750,21.0,250,94,44,411870
ABaraaap:84,ABaraaap,84,28628,3628,-1172,-1192,3425,20.9,254,87,44,416955
ABaraaap:85,ABaraaap,85,29102,4102,-510,-480,3969,21.2,264,76,46,484230
ABaraaap:86,ABaraaap,86,27789,2789,-1958,-1981,2730,21.9,262,75,44,419654
ABaraaap:87,ABaraaap,87,28606,3606,-1366,-1384,3378,21.9,250,81,45,453425
ABaraaap:88,ABaraaap,88,29206,4206,-543,-556,4138,22.0,252,85,45,460164
ABaraaap:89,ABaraaap,89,28825,3825,-1371,-1370,3129,23.1,253,92,45,489674
ABaraaap:90,ABaraaap,90,30585,5585,341,399,4936,22.1,243,90,48,432427
ABaraaapa:91,ABaraaapa,91,29234,4234,-1435,-1327,3950,22.1,210,79,32,193652
ABaraaapa:92,ABaraaapa,92,28587,3587,-1942,-2097,2912,21.9,206,78,40,299208
ABaraaapa:93,ABaraaapa,93,29049,4049,-752,-802,3722,21.2,205,66,43,304457
ABaraaapa:94,ABaraaapa,94,30140,5140,415,379,4840,22.0,203,73,38,270335
ABaraaapa:95,ABaraaapa,95,29460,4460,-424,-416,3455,23.0,204,76,37,243447
ABaraaapa:96,ABaraaapa,96,29301,4301,-852,-873,3639,24.0,201,90,40,283155
ABaraaapa:97,ABaraaapa,97,29536,4536,-325,-397,3523,24.1,202,92,40,300889
ABaraaapa:98,ABaraaapa,98,28922,3922,176,80,3214,24.1,209,90,36,240064
ABaraaapa:99,ABaraaapa,99,28657,3657,-573,-634,3305,24.1,209,81,40,278965
ABaraaapa:100,ABaraaapa,100,28515,3515,-630,-679,3309,24.1,207,81,40,283385
ABaraaapa:101,ABaraaapa,101,28865,3865,-930,-820,3645,24.0,210,75,40,289941
ABaraaapa:102,ABaraaapa,102,29389,4389,-367,-386,3286,24.1,217,76,40,303455
ABaraaapa:103,ABaraaapa,103,29798,4798,273,260,3529,25.0,217,79,40,315070
ABaraaapa:104,ABaraaapa,104,30152,5152,591,519,4528,25.1,228,81,40,305278
ABaraaapa:105,ABaraaapa,105,29209,4209,442,317,3462,25.1,225,80,40,317276
ABaraaapa:106,ABaraaapa,106,28958,3958,-797,-876,3188,24.1,232,75,38,292676
ABaraaapa:107,ABaraaapa,107,29472,4472,-153,-269,3579,24.2,223,80,40,298698
ABaraaapa:108,ABaraaapa,108,28799,3799,-431,-417,3430,26.0,225,86,40,356648
ABaraaapa:109,ABaraaapa,109,28737,3737,-900,-882,2155,26.1,214,96,40,365496
ABaraaapa:110,ABaraaapa,110,29893,4893,-33,111,1897,27.0,210,101,29,89671
ABaraaapa:111,ABaraaapa,111,29048,4048,-977,-977,2907,26.2,207,105,39,209318
ABaraaapa:112,ABaraaapa,112,29187,4187,-418,-372,3602,27.1,194,110,39,212327
ABaraaapa:113,ABaraaapa,113,29097,4097,-681,-758,3599,27.0,191,114,39,233139
ABaraaapa:114,ABaraaapa,114,29598,4598,-318,-467,3508,26.1,195,123,39,232674
ABaraaapa:115,ABaraaapa,115,29972,4972,-56,-88,4611,27.0,209,116,35,183058
ABaraaapaa:116,ABaraaapaa,116,30491,5491,518,439,4617,26.1,187,112,37,194997
ABaraaapaa:117,ABaraaapaa,117,29555,4555,-66,-174,3343,26.1,182,107,34,183026
ABaraaapaa:118,ABaraaapaa,118,29154,4154,-361,-370,3456,27.0,176,106,34,187346
ABaraaapaa:119,ABaraaapaa,119,29221,4221,-387,-438,3450,26.0,162,104,34,205394
ABaraaapaa:120,ABaraaapaa,120,28477,3477,-1094,-1205,2225,26.1,168,104,38,262578
ABaraaapaa:121,ABaraaapaa,121,29118,4118,-355,-403,3268,26.1,164,103,37,262144
ABaraaapaa:122,ABaraaapaa,122,28504,3504,-826,-780,2355,26.1,161,105,36,268860
ABaraaapaa:123,ABaraaapaa,123,28506,3506,-829,-852,2471,26.3,164,107,34,208143
ABaraaapaa:124,ABaraaapaa,124,30713,5713,1508,1605,4785,27.0,169,104,32,187531
ABaraaapaa:125,ABaraaapaa,125,28761,3761,-509,-554,2409,27.2,175,117,36,249093
ABaraaapaa:126,ABaraaapaa,126,28078,3078,-1550,-1594,1509,27.1,173,122,36,255403
ABaraaapaa:127,ABaraaapaa,127,28906,3906,-416,-493,2996,27.1,181,122,34,223483
ABaraaapaa:128,ABaraaapaa,128,29565,4565,-11,183,3663,27.3,176,123,36,237401
ABaraaapaa:129,ABaraaapaa,129,28602,3602,-983,-1055,2942,28.0,172,127,36,263924
ABaraaapap:116,ABaraaapap,116,29898,4898,216,156,4606,28.0,232,130,35,137986
ABaraaapap:117,ABaraaapap,117,28903,3903,-1079,-1138,3410,28.1,239,121,34,139828
ABaraaapap:118,ABaraaapap,118,30076,5076,116,158,4851,28.9,221,126,34,130573
ABaraaapap:119,ABaraaapap,119,29775,4775,-179,-257,4081,28.0,207,125,38,181351
ABaraaapap:120,ABaraaapap,120,29015,4015,-745,-851,3293,28.1,205,130,38,171647
ABaraaapap:121,ABaraaapap,121,29884,4884,468,333,3408,27.2,202,128,37,165888
ABaraaapap:122,ABaraaapap,122,30246,5246,795,752,4237,27.1,196,134,36,176628
ABaraaapap:123,ABaraaapap,123,29746,4746,-26,-186,4110,28.0,205,133,36,184058
ABaraaapap:124,ABaraaapap,124,29720,4720,195,41,3689,27.0,201,129,36,202070
ABaraaapap:125,ABaraaapap,125,29357,4357,-294,-417,3105,27.0,210,139,36,195735
ABaraaapap:126,ABaraaapap,126,29638,4638,-562,-737,2492,26.1,208,139,36,203425
ABaraaapap:127,ABaraaapap,127,29061,4061,-606,-823,2539,26.1,206,147,36,193869
ABaraaapap:128,ABaraaapap,128,29570,4570,-95,-172,3379,27.0,201,151,36,208903
ABaraaapap:129,ABaraaapap,129,29784,4784,205,164,3483,27.1,201,158,36,215681
ABaraaapp:91,ABaraaapp,91,28779,3779,-486,-611,2660,23.0,277,89,42,272452
ABaraaapp:92,ABaraaapp,92,28758,3758,-117,-151,3301,23.0,279,84,40,247482
ABaraaapp:93,ABaraaapp,93,28274,3274,-656,-740,2898,23.9,276,80,39,246773
ABaraaapp:94,ABaraaapp,94,29316,4316,446,438,3416,23.1,282,81,42,326527
ABaraaapp:95,ABaraaapp,95,29462,4462,136,120,3457,25.0,265,84,37,250815
ABaraaapp:96,ABaraaapp,96,28287,3287,-255,-175,1692,24.2,267,84,40,291771
ABaraaapp:97,ABaraaapp,97,28327,3327,-422,-447,2528,24.2,264,85,40,284132
ABaraaapp:98,ABaraaapp,98,27997,2997,-930,-835,2346,24.9,268,81,36,242160
ABaraaapp:99,ABaraaapp,99,29360,4360,624,679,3963,24.0,280,91,40,315187
ABaraaapp:100,ABaraaapp,100,29203,4203,280,317,3546,23.1,269,97,38,274029
ABaraaapp:101,ABaraaapp,101,28720,3720,-164,-169,3187,24.0,263,91,36,267094
ABaraaapp:102,ABaraaapp,102,28054,3054,-1380,-1363,2513,24.1,265,90,38,272726
ABaraaapp:103,ABaraaapp,103,28265,3265,-706,-731,3083,26.0,269,83,36,246724
ABaraaapp:104,ABaraaapp,104,28844,3844,-172,-44,3491,26.1,270,88,38,267748
ABaraaapp:105,ABaraaapp,105,28620,3620,34,111,3277,26.1,267,85,38,272948
ABaraaapp:106,ABaraaapp,106,28550,3550,-71,-152,3081,26.2,266,88,38,271371
ABaraaapp:107,ABaraaapp,107,27898,2898,-912,-855,2497,27.1,262,96,38,300307
ABaraaapp:108,ABaraaapp,108,28769,3769,-244,-336,3483,27.2,263,103,38,288887
ABaraaapp:109,ABaraaapp,109,28566,3566,-505,-415,2781,27.2,262,100,38,297614
ABaraaapp:110,ABaraaapp,110,28102,3102,-1407,-1458,2405,26.2,262,90,38,180360
ABaraaapp:111,ABaraaapp,111,30056,5056,334,297,4701,26.2,256,91,39,204514
ABaraaapp:112,ABaraaapp,112,29533,4533,-25,-14,4206,27.1,251,96,39,212429
ABaraaapp:113,ABaraaapp,113,28849,3849,-352,-336,3526,28.0,249,103,39,213704
ABaraaapp:114,ABaraaapp,114,29383,4383,-121,-144,3502,27.2,254,108,37,172259
ABaraaapp:115,ABaraaapp,115,28682,3682,-446,-466,3421,28.2,257,109,37,211442
ABaraaapp:116,ABaraaapp,116,29519,4519,274,176,4128,27.2,266,103,37,196017
ABaraaapp:117,ABaraaapp,117,29237,4237,30,28,2895,27.1,273,108,38,234594
ABaraaapp:118,ABaraaapp,118,29028,4028,-567,-665,2877,27.2,260,104,36,217426
ABaraaapp:119,ABaraaapp,119,29818,4818,323,260,4178,27.0,246,108,36,220695
ABaraaapp:120,ABaraaapp,120,29389,4389,12,-21,3556,27.2,246,114,36,231219
ABaraaapp:121,ABaraaapp,121,29576,4576,103,-137,3408,27.0,236,112,33,174282
ABaraaappa:122,ABaraaappa,122,29377,4377,-56,-50,2889,27.1,217,103,32,159968
ABaraaappa:123,ABaraaappa,123,30456,5456,-133,-45,3343,26.1,221,92,32,182709
ABaraaappa:124,ABaraaappa,124,30761,5761,471,400,4624,26.9,222,92,32,173595
ABaraaappa:125,ABaraaappa,125,29536,4536,-1038,-910,2916,27.0,218,93,32,182197
ABaraaappa:126,ABaraaappa,126,30404,5404,-134,-158,4230,26.3,214,94,36,213596
ABaraaappa:127,ABaraaappa,127,30597,5597,-153,-335,4540,26.2,214,99,34,197876
ABaraaappa:128,ABaraaappa,128,30262,5262,39,-38,3856,27.2,220,102,36,248100
ABaraaappa:129,ABaraaappa,129,29668,4668,-210,-216,3081,27.3,217,112,36,252505
ABaraaappp:122,ABaraaappp,122,28815,3815,-365,-488,2006,27.1,256,123,34,190574
ABaraaappp:123,ABaraaappp,123,29430,4430,29,-65,3301,27.9,259,121,32,154024
ABaraaappp:124,ABaraaappp,124,29780,4780,239,61,4113,28.1,260,124,32,151786
ABaraaappp:125,ABaraaappp,125,29316,4316,-327,-415,3262,27.1,258,132,36,187943
ABaraaappp:126,ABaraaappp,126,29631,4631,215,10,3463,28.1,249,127,32,160619
ABaraaappp:127,ABaraaappp,127,29494,4494,20,-28,3395,28.0,243,124,32,164723
ABaraaappp:128,ABaraaappp,128,29844,4844,-258,-290,3498,28.0,242,130,34,174602
ABaraaappp:129,ABaraaappp,129,29417,4417,125,369,2719,27.2,235,135,29,101066
ABaraap:50,ABaraap,50,28639,3639,-61,-10,3412,25.0,231,130,40,338746
ABaraap:51,ABaraap,51,28699,3699,-225,-183,3694,26.7,233,129,59,681095
ABaraap:52,ABaraap,52,28320,3320,-790,-808,3315,26.1,235,122,56,643017
ABaraap:53,ABaraap,53,28505,3505,-365,-369,3505,26.1,245,126,55,611760
ABaraap:54,ABaraap,54,28246,3246,-544,-545,3246,27.0,241,141,57,662650
ABaraap:55,ABaraap,55,28360,3360,-709,-709,3360,27.1,248,135,57,707026
ABaraap:56,ABaraap,56,28115,3115,-849,-849,3115,27.1,250,131,57,734748
ABaraap:57,ABaraap,57,28858,3858,-491,-491,3858,26.9,250,132,55,691811
ABaraap:58,ABaraap,58,28770,3770,-135,-135,3770,27.0,245,127,55,693327
ABaraap:59,ABaraap,59,28268,3268,-846,-846,3268,27.1,240,123,54,740575
ABaraap:60,ABaraap,60,28315,3315,-837,-837,3315,27.1,251,124,55,727170
ABaraap:61,ABaraap,61,28380,3380,-990,-997,3380,26.1,257,122,53,710592
ABaraap:62,ABaraap,62,28620,3620,-451,-473,3620,27.0,251,117,57,871037
ABaraap:63,ABaraap,63,27880,2880,-1393,-1396,2880,27.0,261,120,53,560523
ABaraap:64,ABaraap,64,28273,3273,-694,-709,3273,26.2,259,123,56,600042
ABaraap:65,ABaraap,65,28821,3821,-183,-182,3821,27.1,268,122,54,587601
ABaraap:66,ABaraap,66,27868,2868,-1282,-1282,2868,26.9,261,125,54,639252
ABaraap:67,ABaraap,67,28422,3422,-882,-882,3422,27.0,264,134,53,524347
ABaraap:68,ABaraap,68,28565,3565,-608,-601,3060,26.9,262,147,52,559634
ABaraapa:69,ABaraapa,69,28701,3701,-539,-458,3577,27.0,247,122,48,355571
ABaraapa:70,ABaraapa,70,28637,3637,-579,-552,3569,27.9,234,133,45,251438
ABaraapa:71,ABaraapa,71,28963,3963,-58,-107,3746,27.1,229,130,48,350095
ABaraapa:72,ABaraapa,72,28967,3967,-158,-209,3815,27.1,225,121,46,318008
ABaraapa:73,ABaraapa,73,28736,3736,-301,-366,3719,28.0,225,112,48,394524
ABaraapa:74,ABaraapa,74,28925,3925,-271,-308,3909,27.3,219,115,48,377613
ABaraapa:75,ABaraapa,75,28717,3717,-595,-598,3698,28.0,225,113,44,314722
ABaraapa:76,ABaraapa,76,28423,3423,-799,-874,3375,28.0,216,113,48,415132
ABaraapa:77,ABaraapa,77,28413,3413,-1064,-1115,3396,28.0,221,118,44,337603
ABaraapa:78,ABaraapa,78,28783,3783,-492,-524,3768,28.1,219,120,46,398990
ABaraapa:79,ABaraapa,79,28387,3387,-674,-704,3353,28.0,216,117,46,417300
ABaraapa:80,ABaraapa,80,28960,3960,-567,-641,3920,27.2,227,116,46,382823
ABaraapa:81,ABaraapa,81,28427,3427,-1092,-1071,3393,28.0,221,113,44,363527
ABaraapa:82,ABaraapa,82,28704,3704,-485,-506,3660,28.0,211,110,44,360689
ABaraapa:83,ABaraapa,83,28821,3821,-670,-714,3786,27.2,211,116,46,413218
ABaraapa:84,ABaraapa,84,28411,3411,-973,-926,3383,28.1,209,117,46,442965
ABaraapa:85,ABaraapa,85,29331,4331,-161,-181,4275,28.1,203,118,46,471879
ABaraapa:86,ABaraapa,86,28677,3677,-952,-946,3654,28.1,199,121,48,542804
ABaraapa:87,ABaraapa,87,27925,2925,-1460,-1532,2783,28.0,201,124,45,416623
ABaraapa:88,ABaraapa,88,28878,3878,-596,-588,3391,28.1,198,133,49,568330
ABaraapa:89,ABaraapa,89,28732,3732,-760,-859,3470,28.0,202,142,47,475115
ABaraapa:90,ABaraapa,90,28164,3164,-898,-879,2949,27.9,196,143,44,309838
ABaraapaa:91,ABaraapaa,91,28506,3506,-804,-1017,3300,27.0,184,122,42,286657
ABaraapaa:92,ABaraapaa,92,30172,5172,1260,1207,4923,26.2,177,126,38,254414
ABaraapaa:93,ABaraapaa,93,28890,3890,-440,-489,3650,27.0,184,121,39,276391
ABaraapaa:94,ABaraapaa,94,28163,3163,-1184,-1275,2655,27.1,183,132,40,282110
ABaraapaa:95,ABaraapaa,95,28649,3649,-956,-928,3495,28.2,176,149,41,251186
ABaraapaa:96,ABaraapaa,96,29016,4016,-210,-325,3839,28.2,178,161,38,224862
ABaraapaa:97,ABaraapaa,97,29457,4457,128,146,3951,28.0,185,160,38,225654
ABaraapaa:98,ABaraapaa,98,28686,3686,-749,-973,3077,27.1,190,156,38,225361
ABaraapaa:99,ABaraapaa,99,29076,4076,-89,-239,3577,28.1,187,149,40,270474
ABaraapaa:100,ABaraapaa,100,29050,4050,-404,-613,3479,28.1,191,144,38,260499
ABaraapaa:101,ABaraapaa,101,29127,4127,-390,-550,3484,28.0,189,146,36,243233
ABaraapaa:102,ABaraapaa,102,28270,3270,-908,-890,2734,28.0,188,138,38,274578
ABaraapaa:103,ABaraapaa,103,29175,4175,-50,-247,3863,28.0,184,142,40,307260
ABaraapaa:104,ABaraapaa,104,28813,3813,-366,-586,3483,26.9,188,142,36,262612
ABaraapaa:105,ABaraapaa,105,28846,3846,-658,-494,3442,25.1,187,147,38,301405
ABaraapaa:106,ABaraapaa,106,29508,4508,-38,-142,3868,24.1,185,139,40,331796
ABaraapaa:107,ABaraapaa,107,28976,3976,-1213,-1239,3546,24.1,184,145,36,291332
ABaraapaa:108,ABaraapaa,108,30433,5433,871,617,4987,24.3,183,149,38,299204
ABaraapaa:109,ABaraapaa,109,28129,3129,-1543,-1574,2680,23.1,178,146,40,368183
ABaraapaa:110,ABaraapaa,110,28769,3769,-1552,-1578,3358,22.0,177,145,38,239752
ABaraapaa:111,ABaraapaa,111,29751,4751,-842,-785,4334,21.4,175,155,39,198481
ABaraapaa:112,ABaraapaa,112,29086,4086,-1363,-1528,3628,22.2,176,166,39,228291
ABaraapaa:113,ABaraapaa,113,29649,4649,-758,-949,4291,22.1,179,170,39,215145
ABaraapaa:114,ABaraapaa,114,29592,4592,-70,-170,4173,22.1,183,173,39,217479
ABaraapaa:115,ABaraapaa,115,28591,3591,-1267,-1364,3202,22.2,181,176,39,219892
ABaraapaa:116,ABaraapaa,116,29850,4850,-21,-92,4325,23.1,188,173,39,222651
ABaraapaa:117,ABaraapaa,117,30233,5233,21,-154,4752,23.1,186,163,38,238979
ABaraapaa:118,ABaraapaa,118,29473,4473,-810,-951,4078,22.2,173,163,38,237107
ABaraapaa:119,ABaraapaa,119,29535,4535,-377,-570,4132,22.1,168,164,38,262701
ABaraapaa:120,ABaraapaa,120,29342,4342,-545,-659,3886,21.3,166,162,36,211634
ABaraapaaa:121,ABaraapaaa,121,29992,4992,-706,-772,3330,23.2,149,143,35,193825
ABaraapaaa:122,ABaraapaaa,122,29702,4702,-1221,-1271,2892,23.9,147,147,32,186234
ABaraapaaa:123,ABaraapaaa,123,30624,5624,74,-78,4105,23.1,149,153,34,192015
ABaraapaaa:124,ABaraapaaa,124,29656,4656,-1385,-587,2355,23.2,147,154,36,232581
ABaraapaaa:125,ABaraapaaa,125,29235,4235,-640,-455,2440,24.2,159,156,34,184148
ABaraapaaa:126,ABaraapaaa,126,29064,4064,-1581,-1637,3062,23.2,163,156,32,168547
ABaraapaaa:127,ABaraapaaa,127,29712,4712,-948,-1123,3307,22.0,160,157,32,183349
ABaraapaaa:128,ABaraapaaa,128,30637,5637,-148,-17,3785,21.3,155,151,34,210996
ABaraapaaa:129,ABaraapaaa,129,29589,4589,-1145,-1351,2581,22.0,154,157,32,200453
ABaraapaap:121,ABaraapaap,121,29630,4630,-638,-712,4162,21.8,181,169,33,139241
ABaraapaap:122,ABaraapaap,122,29269,4269,-683,-686,3997,21.0,190,165,32,145121
ABaraapaap:123,ABaraapaap,123,28640,3640,-1775,-1801,3328,20.1,197,164,34,151906
ABaraapaap:124,ABaraapaap,124,30136,5136,-385,-455,4762,20.1,199,161,34,160719
ABaraapaap:125,ABaraapaap,125,30220,5220,-88,-169,4796,19.9,205,162,32,137637
ABaraapaap:126,ABaraapaap,126,29858,4858,-506,-557,4315,20.2,207,167,36,181319
ABaraapaap:127,ABaraapaap,127,29348,4348,-833,-1024,3634,21.0,203,167,34,163987
ABaraapaap:128,ABaraapaap,128,29527,4527,-248,-594,3538,22.1,194,165,36,214491
ABaraapaap:129,ABaraapaap,129,30832,5832,826,857,4904,23.0,182,173,32,156793
ABaraapap:91,ABaraapap,91,29507,4507,476,499,4400,27.9,210,167,42,203055
ABaraapap:92,ABaraapap,92,29158,4158,367,290,3991,27.0,217,177,40,197134
ABaraapap:93,ABaraapap,93,29132,4132,187,106,4025,27.1,210,180,41,196288
ABaraapap:94,ABaraapap,94,28469,3469,-739,-748,3289,26.2,218,196,40,173626
ABaraapap:95,ABaraapap,95,29017,4017,-5,52,3928,27.1,218,198,41,192800
ABaraapap:96,ABaraapap,96,28815,3815,-39,-101,3725,27.1,215,196,40,198976
ABaraapap:97,ABaraapap,97,29217,4217,565,553,4034,26.2,220,190,40,183639
ABaraapap:98,ABaraapap,98,28440,3440,-627,-600,3296,26.1,219,191,40,209743
ABaraapap:99,ABaraapap,99,29122,4122,238,189,4018,25.9,214,183,36,165820
ABaraapap:100,ABaraapap,100,28903,3903,-60,-125,3759,25.1,216,186,40,206242
ABaraapap:101,ABaraapap,101,28329,3329,-567,-586,2823,26.0,221,177,36,188112
ABaraapap:102,ABaraapap,102,28391,3391,-558,-584,3092,27.0,217,170,38,211639
ABaraapap:103,ABaraapap,103,28420,3420,-1200,-1163,2800,26.1,213,174,38,207631
ABaraapap:104,ABaraapap,104,28301,3301,-570,-636,2909,26.9,214,176,36,204644
ABaraapap:105,ABaraapap,105,29001,4001,-138,-180,3189,26.1,212,177,40,244524
ABaraapap:106,ABaraapap,106,28327,3327,-982,-972,2696,25.1,220,173,38,220453
ABaraapap:107,ABaraapap,107,29326,4326,-47,-76,3327,24.1,213,185,38,246571
ABaraapap:108,ABaraapap,108,29180,4180,-1066,-1057,3412,23.9,212,187,36,233392
ABaraapap:109,ABaraapap,109,27840,2840,-2024,-2105,2250,23.0,210,183,40,313427
ABaraapap:110,ABaraapap,110,28660,3660,-743,-779,3247,22.1,210,179,40,195482
ABaraapap:111,ABaraapap,111,29327,4327,-196,-211,3938,22.0,215,193,39,176528
ABaraapap:112,ABaraapap,112,28418,3418,-1328,-1388,2430,21.2,213,195,39,169035
ABaraapap:113,ABaraapap,113,29170,4170,-1071,-1181,3822,22.1,215,197,39,187780
ABaraapap:114,ABaraapap,114,29482,4482,-404,-445,4072,21.0,218,200,39,194271
ABaraapap:115,ABaraapap,115,29306,4306,-447,-618,3571,21.1,218,199,37,173909
ABaraapap:116,ABaraapap,116,29237,4237,-574,-572,3767,20.2,229,200,37,147231
ABaraapap:117,ABaraapap,117,28112,3112,-1693,-1724,2803,22.0,227,197,38,200852
ABaraapap:118,ABaraapap,118,28781,3781,-808,-800,3087,21.1,213,202,38,217676
ABaraapap:119,ABaraapap,119,29237,4237,-709,-697,3540,21.0,209,204,34,169663
ABaraapapa:120,ABaraapapa,120,28811,3811,-702,-795,3110,21.9,185,195,34,145719
ABaraapapa:121,ABaraapapa,121,29442,4442,-381,-407,3791,20.2,185,205,29,94969
ABaraapapa:122,ABaraapapa,122,29869,4869,-321,-264,4054,20.2,185,205,29,94969
ABaraapapa:123,ABaraapapa,123,29390,4390,-763,-844,3979,20.1,183,201,34,157761
ABaraapapa:124,ABaraapapa,124,29379,4379,-738,-962,3934,21.2,186,201,36,180703
ABaraapapa:125,ABaraapapa,125,29578,4578,172,40,3184,22.0,184,202,36,190841
ABaraapapa:126,ABaraapapa,126,28799,3799,-681,-792,1592,21.2,187,214,29,94272
ABaraapapa:127,ABaraapapa,127,29196,4196,-760,-923,3049,22.1,184,213,36,228814
ABaraapapa:128,ABaraapapa,128,29894,4894,-663,-801,3952,21.0,178,203,32,174227
ABaraapapa:129,ABaraapapa,129,29280,4280,-737,-837,2902,20.1,183,208,36,224451
ABaraapapp:120,ABaraapapp,120,28969,3969,-650,-615,3449,21.9,228,207,34,142462
ABaraapapp:121,ABaraapapp,121,29467,4467,109,63,3380,21.1,242,209,33,122016
ABaraapapp:122,ABaraapapp,122,28849,3849,-1025,-1062,3059,21.0,244,205,32,127159
ABaraapapp:123,ABaraapapp,123,28795,3795,-562,-598,3027,20.9,244,202,32,129798
ABaraapapp:124,ABaraapapp,124,28978,3978,-907,-1063,3167,20.2,244,200,36,165643
ABaraapapp:125,ABaraapapp,125,28716,3716,-1190,-1332,1902,19.0,246,213,32,130272
ABaraapapp:126,ABaraapapp,126,29603,4603,-640,-600,3857,19.0,240,224,32,140121
ABaraapapp:127,ABaraapapp,127,30553,5553,-1276,-1034,4712,18.1,238,226,36,177983
ABaraapapp:128,ABaraapapp,128,29808,4808,-2591,-2124,2199,18.1,236,225,36,192333
ABaraapapp:129,ABaraapapp,129,30600,5600,-278,-350,4554,18.9,231,221,32,159936
ABaraapp:69,ABaraapp,69,29560,4560,312,323,4227,25.3,286,163,48,328628
ABaraapp:70,ABaraapp,70,30100,5100,1170,1263,4866,26.0,281,173,45,222277
ABaraapp:71,ABaraapp,71,28893,3893,-97,-126,3848,26.2,277,180,48,293745
ABaraapp:72,ABaraapp,72,27454,2454,-1057,-1003,2438,27.0,278,187,44,215306
ABaraapp:73,ABaraapp,73,28048,3048,-443,-473,3038,27.9,277,179,44,234885
ABaraapp:74,ABaraapp,74,28676,3676,-397,-374,3623,27.2,268,171,48,301073
ABaraapp:75,ABaraapp,75,28655,3655,-322,-333,3651,28.0,261,169,48,323691
ABaraapp:76,ABaraapp,76,27930,2930,-1171,-1178,2930,28.1,257,165,46,281516
ABaraapp:77,ABaraapp,77,28740,3740,-61,-61,3680,28.1,266,165,48,338026
ABaraapp:78,ABaraapp,78,28894,3894,-204,-257,3629,27.2,272,168,48,332425
ABaraapp:79,ABaraapp,79,28225,3225,-1153,-1183,2998,28.0,281,163,44,273178
ABaraapp:80,ABaraapp,80,28548,3548,-733,-718,3188,28.0,289,158,46,337079
ABaraapp:81,ABaraapp,81,28843,3843,8,1,3639,28.0,288,158,44,287647
ABaraapp:82,ABaraapp,82,29454,4454,457,502,4171,27.2,289,164,48,357716
ABaraapp:83,ABaraapp,83,28789,3789,16,16,3760,29.1,282,173,48,338948
ABaraapp:84,ABaraapp,84,28575,3575,-534,-519,3483,28.1,281,175,48,357416
ABaraapp:85,ABaraapp,85,28533,3533,-543,-538,3493,28.1,280,181,48,371221
ABaraapp:86,ABaraapp,86,28600,3600,-240,-206,3526,28.1,287,180,46,334463
ABaraapp:87,ABaraapp,87,28799,3799,-133,-151,3709,28.0,292,182,49,418601
ABaraapp:88,ABaraapp,88,28429,3429,-652,-645,3410,27.0,288,187,45,330633
ABaraapp:89,ABaraapp,89,28815,3815,-172,-172,3800,27.0,286,192,45,327309
ABaraappa:90,ABaraappa,90,28260,3260,-332,-328,3118,27.0,262,178,34,128585
ABaraappa:91,ABaraappa,91,29284,4284,252,278,4111,27.1,255,174,40,164226
ABaraappa:92,ABaraappa,92,27922,2922,-924,-1021,2498,26.9,257,189,40,172373
ABaraappa:93,ABaraappa,93,28080,3080,-908,-1002,2893,26.9,256,186,39,166676
ABaraappa:94,ABaraappa,94,28670,3670,-162,-180,3429,27.0,262,190,42,212412
ABaraappa:95,ABaraappa,95,29221,4221,511,402,3970,27.0,264,197,39,180062
ABaraappa:96,ABaraappa,96,27398,2398,-1283,-1276,2126,27.0,263,197,36,158347
ABaraappa:97,ABaraappa,97,28580,3580,-248,-443,3280,26.2,266,190,38,168435
ABaraappa:98,ABaraappa,98,28248,3248,-605,-682,2576,26.0,268,184,40,188350
ABaraappa:99,ABaraappa,99,27623,2623,-1127,-1148,2035,26.1,261,184,40,216642
ABaraappa:100,ABaraappa,100,28500,3500,-389,-393,3141,26.0,260,186,38,191172
ABaraappa:101,ABaraappa,101,27874,2874,-719,-919,2546,26.1,268,189,40,192724
ABaraappa:102,ABaraappa,102,27961,2961,-731,-723,2711,25.0,265,182,38,202150
ABaraappa:103,ABaraappa,103,28992,3992,129,113,3442,25.1,267,176,40,235861
ABaraappa:104,ABaraappa,104,28651,3651,-130,-118,3003,24.9,268,172,36,213241
ABaraappa:105,ABaraappa,105,28416,3416,-836,-825,3041,24.0,267,170,36,223343
ABaraappa:106,ABaraappa,106,27486,2486,-1848,-2043,738,24.0,265,153,29,122973
ABaraappa:107,ABaraappa,107,28727,3727,-504,-630,3101,23.2,254,159,40,262857
ABaraappa:108,ABaraappa,108,29734,4734,244,299,4238,23.2,252,159,38,243268
ABaraappa:109,ABaraappa,109,28555,3555,-1139,-1145,3238,24.0,246,156,36,265908
ABaraappa:110,ABaraappa,110,29116,4116,-422,-409,3747,23.1,245,147,38,171630
ABaraappa:111,ABaraappa,111,28482,3482,-1525,-1594,3198,22.3,240,153,39,169452
ABaraappa:112,ABaraappa,112,29799,4799,-212,-522,3953,23.0,241,156,37,165591
ABaraappa:113,ABaraappa,113,30016,5016,346,293,4696,22.1,237,153,39,182242
ABaraappa:114,ABaraappa,114,29430,4430,-412,-476,4096,22.1,239,152,37,169244
ABaraappa:115,ABaraappa,115,29446,4446,-444,-409,4030,22.0,234,154,39,204207
ABaraappa:116,ABaraappa,116,29241,4241,-1032,-1087,3945,22.1,235,148,39,210959
ABaraappa:117,ABaraappa,117,29210,4210,-904,-995,3919,23.0,235,143,36,201567
ABaraappa:118,ABaraappa,118,29795,4795,120,11,4523,23.0,221,143,34,169401
ABaraappaa:119,ABaraappaa,119,29151,4151,-673,-703,3119,23.1,199,123,29,114468
ABaraappaa:120,ABaraappaa,120,28993,3993,-1452,-1623,2982,23.0,204,115,29,109729
ABaraappaa:121,ABaraappaa,121,30502,5502,449,119,4673,23.0,204,115,33,157533
ABaraappaa:122,ABaraappaa,122,30313,5313,645,429,4068,23.0,211,115,32,153822
ABaraappaa:123,ABaraappaa,123,29739,4739,-336,-374,3451,23.1,211,118,34,162095
ABaraappaa:124,ABaraappaa,124,28116,3116,-1873,-1937,980,23.9,210,118,32,165044
ABaraappaa:125,ABaraappaa,125,28791,3791,-1018,-1078,2351,23.9,215,124,32,163836
ABaraappaa:126,ABaraappaa,126,30569,5569,118,-98,4029,23.1,214,130,32,163910
ABaraappaa:127,ABaraappaa,127,28877,3877,-1162,-1431,2089,23.1,213,134,36,215430
ABaraappaa:128,ABaraappaa,128,28620,3620,-1325,-1505,2246,23.0,214,136,32,166842
ABaraappaa:129,ABaraappaa,129,29354,4354,-752,-650,2997,22.3,212,140,34,162979
ABaraappap:119,ABaraappap,119,28708,3708,-1487,-1685,2699,21.0,239,153,34,137201
ABaraappap:120,ABaraappap,120,28725,3725,-1165,-1120,2514,21.1,240,156,36,170688
ABaraappap:121,ABaraappap,121,29294,4294,-326,-351,2782,21.1,236,160,35,155722
ABaraappap:122,ABaraappap,122,28856,3856,-1131,-1313,2582,21.1,239,164,36,186403
ABaraappap:123,ABaraappap,123,29077,4077,-389,-645,3369,21.1,240,163,34,157172
ABaraappap:124,ABaraappap,124,28974,3974,-707,-763,2817,22.2,237,165,34,151013
ABaraappap:125,ABaraappap,125,28401,3401,-1066,-1247,2505,22.2,240,167,36,175700
ABaraappap:126,ABaraappap,126,28511,3511,-1097,-1058,2533,22.0,241,169,32,135760
ABaraappap:127,ABaraappap,127,28709,3709,-692,-994,2653,22.0,237,173,36,184007
ABaraappap:128,ABaraappap,128,29532,4532,263,16,3781,22.1,232,172,36,195709
ABaraappap:129,ABaraappap,129,29484,4484,-308,-287,3277,22.0,227,174,36,203735
ABaraappp:90,ABaraappp,90,28910,3910,515,474,3489,27.1,315,215,38,155150
ABaraappp:91,ABaraappp,91,28636,3636,117,101,3192,27.0,304,219,42,177993
ABaraappp:92,ABaraappp,92,27889,2889,-535,-583,2289,27.0,311,228,40,158100
ABaraappp:93,ABaraappp,93,28761,3761,118,158,3288,28.0,317,225,39,149039
ABaraappp:94,ABaraappp,94,27871,2871,-684,-717,2758,28.0,322,222,38,149016
ABaraappp:95,ABaraappp,95,27972,2972,-476,-457,2428,27.0,314,221,39,152270
ABaraappp:96,ABaraappp,96,27980,2980,-732,-744,2760,27.1,309,213,36,141805
ABaraappp:97,ABaraappp,97,28514,3514,-355,-397,3391,28.1,303,203,40,169784
ABaraappp:98,ABaraappp,98,28350,3350,-512,-508,2928,27.1,295,196,40,195481
ABaraappp:99,ABaraappp,99,28642,3642,-53,-21,3424,27.0,296,206,40,194616
ABaraappp:100,ABaraappp,100,28069,3069,-519,-637,2782,26.9,290,204,36,163181
ABaraappp:101,ABaraappp,101,27826,2826,-1171,-1328,2380,26.1,295,207,40,190954
ABaraappp:102,ABaraappp,102,28664,3664,22,-45,3240,27.0,291,202,40,201127
ABaraappp:103,ABaraappp,103,28737,3737,-87,11,3084,26.2,296,199,40,212685
ABaraappp:104,ABaraappp,104,28465,3465,-258,-284,3060,26.0,294,199,40,221241
ABaraappp:105,ABaraappp,105,28636,3636,92,106,3152,25.1,295,193,40,227338
ABaraappp:106,ABaraappp,106,27810,2810,-1011,-1098,2604,25.0,292,193,36,199040
ABaraappp:107,ABaraappp,107,28703,3703,-177,-83,3285,24.0,286,196,36,209301
ABaraappp:108,ABaraappp,108,29094,4094,-68,-114,3544,23.1,291,191,40,264517
ABaraappp:109,ABaraappp,109,29451,4451,229,252,4002,23.1,287,186,40,262930
ABaraappp:110,ABaraappp,110,28489,3489,-529,-445,2875,24.0,282,178,36,135875
ABaraappp:111,ABaraappp,111,28847,3847,-1331,-1360,2811,23.0,283,186,39,173885
ABaraappp:112,ABaraappp,112,29427,4427,-257,-342,3353,22.1,278,180,39,166542
ABaraappp:113,ABaraappp,113,29702,4702,-235,-229,3842,21.2,280,180,39,160273
ABaraappp:114,ABaraappp,114,29121,4121,-731,-802,3410,21.1,287,181,39,179597
ABaraappp:115,ABaraappp,115,29406,4406,-446,-418,3242,20.2,284,181,39,198955
ABaraappp:116,ABaraappp,116,28926,3926,-1270,-1124,2176,20.1,290,173,39,206540
ABaraappp:117,ABaraappp,117,28604,3604,-1082,-999,3109,21.0,290,177,34,150210
ABaraapppa:118,ABaraapppa,118,28449,3449,-721,-770,2876,23.0,256,162,34,130053
ABaraapppa:119,ABaraapppa,119,29465,4465,55,-22,3077,23.0,258,163,38,165524
ABaraapppa:120,ABaraapppa,120,29763,4763,52,-7,3277,23.0,257,164,35,165524
ABaraapppa:121,ABaraapppa,121,30110,5110,1092,1114,3632,23.0,255,165,32,165524
ABaraapppa:122,ABaraapppa,122,29190,4190,-69,-56,2606,23.0,253,167,29,87575
ABaraapppa:123,ABaraapppa,123,28662,3662,-309,-355,2418,23.1,259,175,36,163460
ABaraapppa:124,ABaraapppa,124,28747,3747,-518,-604,1689,23.1,259,180,36,172731
ABaraapppa:125,ABaraapppa,125,28415,3415,-802,-1060,1817,23.1,254,189,29,79700
ABaraapppa:126,ABaraapppa,126,29572,4572,39,-99,3561,23.0,257,193,36,161963
ABaraapppa:127,ABaraapppa,127,28206,3206,-754,-769,1724,23.0,257,193,36,161963
ABaraapppa:128,ABaraapppa,128,29042,4042,-689,-758,2505,23.1,243,204,36,180692
ABaraapppa:129,ABaraapppa,129,28627,3627,-825,-711,1595,23.1,241,207,36,181490
ABaraapppp:118,ABaraapppp,118,29066,4066,-923,-938,2251,20.9,298,185,34,118014
ABaraapppp:119,ABaraapppp,119,29257,4257,-378,-522,2643,19.1,300,179,29,85215
ABaraapppp:120,ABaraapppp,120,30226,5226,-549,-726,3560,20.0,295,179,36,169461
ABaraapppp:121,ABaraapppp,121,29714,4714,-3095,-2099,1049,19.1,296,169,37,177801
ABaraapppp:122,ABaraapppp,122,29758,4758,-2829,-1817,2632,20.0,304,170,36,189387
ABaraapppp:123,ABaraapppp,123,28948,3948,-2547,-1707,978,20.3,303,175,35,189387
ABaraapppp:124,ABaraapppp,124,28944,3944,-1413,-1498,1568,20.5,302,180,34,189387
ABaraapppp:125,ABaraapppp,125,28195,3195,-1891,-1762,571,20.8,301,185,33,189387
ABaraapppp:126,ABaraapppp,126,28965,3965,-360,-359,2193,21.0,300,190,32,137826
ABaraapppp:127,ABaraapppp,127,29246,4246,-529,-509,2208,20.1,297,192,36,181856
ABaraapppp:128,ABaraapppp,128,29091,4091,-517,-573,2909,21.1,292,195,36,183556
ABaraapppp:129,ABaraapppp,129,29155,4155,-973,-1000,2590,21.1,293,199,32,150579
ABarap:33,ABarap,33,27942,2942,-1119,-1147,2852,24.1,299,148,69,924753
ABarap:34,ABarap,34,28346,3346,-546,-550,3346,24.1,312,140,54,578603
ABarap:35,ABarap,35,28076,3076,-778,-831,3075,22.9,312,137,59,698687
ABarap:36,ABarap,36,28464,3464,-631,-664,3462,22.8,318,135,60,870951
ABarap:37,ABarap,37,28570,3570,-386,-384,3570,23.0,317,127,61,996707
ABarap:38,ABarap,38,27883,2883,-1266,-1292,2883,23.9,312,122,61,1057385
ABarap:39,ABarap,39,28011,3011,-1045,-1036,3011,23.8,320,116,62,1204499
ABarap:40,ABarap,40,27811,2811,-1193,-1200,2811,23.9,323,119,62,1210078
ABarap:41,ABarap,41,28148,3148,-788,-788,3148,23.8,327,106,62,1237639
ABarap:42,ABarap,42,27941,2941,-1208,-1217,2941,24.0,306,106,60,1110189
ABarap:43,ABarap,43,27847,2847,-1221,-1248,2847,23.9,306,104,61,1136627
ABarap:44,ABarap,44,27892,2892,-1140,-1153,2892,23.9,306,103,62,1283983
ABarap:45,ABarap,45,28289,3289,-758,-754,3289,23.9,313,99,62,1278496
ABarap:46,ABarap,46,27761,2761,-1130,-1161,2761,24.0,309,115,62,1300969
ABarap:47,ABarap,47,28332,3332,-602,-614,3332,23.1,307,116,63,1266118
ABarap:48,ABarap,48,27978,2978,-1044,-1066,2978,23.9,309,112,61,1175861
ABarap:49,ABarap,49,28111,3111,-934,-951,3111,22.9,312,118,62,1130817
ABarapa:50,ABarapa,50,28666,3666,-336,-276,3654,21.2,309,88,53,653531
ABarapa:51,ABarapa,51,28139,3139,-751,-739,3134,21.0,295,83,59,818997
ABarapa:52,ABarapa,52,28411,3411,-1176,-1159,3376,20.0,285,89,56,813120
ABarapa:53,ABarapa,53,28331,3331,-616,-615,3308,19.8,282,78,55,790095
ABarapa:54,ABarapa,54,28342,3342,-568,-569,3342,20.2,280,73,55,806938
ABarapa:55,ABarapa,55,29123,4123,74,74,4119,18.9,289,71,55,911881
ABarapa:56,ABarapa,56,28244,3244,-641,-640,3244,18.9,291,71,55,912816
ABarapa:57,ABarapa,57,28143,3143,-795,-789,3143,18.9,287,71,55,926028
ABarapa:58,ABarapa,58,28509,3509,-524,-524,3507,18.1,291,73,55,948098
ABarapa:59,ABarapa,59,28363,3363,-800,-800,3357,18.0,289,71,54,951823
ABarapa:60,ABarapa,60,28108,3108,-1773,-1773,3104,18.0,286,77,53,876212
ABarapa:61,ABarapa,61,28034,3034,-1139,-1132,3034,19.0,290,77,53,892988
ABarapa:62,ABarapa,62,28630,3630,-797,-792,3630,19.2,292,76,55,967163
ABarapa:63,ABarapa,63,28298,3298,-1306,-1301,3298,19.2,296,79,53,727836
ABarapa:64,ABarapa,64,28364,3364,-854,-851,3364,20.0,302,79,54,814551
ABarapa:65,ABarapa,65,28420,3420,-746,-737,3420,20.1,308,83,54,833850
ABarapa:66,ABarapa,66,28286,3286,-948,-891,3286,20.2,309,85,54,787293
ABarapa:67,ABarapa,67,28342,3342,-1266,-1258,3342,21.9,309,91,53,661212
ABarapa:68,ABarapa,68,28559,3559,-579,-538,3559,21.1,305,90,48,533433
ABarapaa:69,ABarapaa,69,28321,3321,-643,-643,3279,22.2,291,77,36,227512
ABarapaa:70,ABarapaa,70,28153,3153,-312,-343,3134,24.9,281,83,45,291629
ABarapaa:71,ABarapaa,71,28163,3163,-320,-292,3131,25.1,269,86,44,310345
ABarapaa:72,ABarapaa,72,27576,2576,-975,-933,2557,25.0,266,81,44,319614
ABarapaa:73,ABarapaa,73,28275,3275,-328,-333,3261,26.0,271,82,44,313688
ABarapaa:74,ABarapaa,74,28675,3675,-303,-265,3647,26.0,272,86,44,352963
ABarapaa:75,ABarapaa,75,28586,3586,-507,-468,3571,25.9,272,87,44,348429
ABarapaa:76,ABarapaa,76,28534,3534,31,23,3502,25.9,269,82,44,359503
ABarapaa:77,ABarapaa,77,28273,3273,-613,-620,3043,25.2,266,84,46,406372
ABarapaa:78,ABarapaa,78,28542,3542,-612,-622,3485,25.9,259,83,44,378390
ABarapaa:79,ABarapaa,79,29770,4770,693,700,4654,25.0,257,89,44,380572
ABarapaa:80,ABarapaa,80,28080,3080,-633,-602,3012,24.9,259,83,44,384447
ABarapaa:81,ABarapaa,81,28659,3659,-271,-276,3476,24.9,261,86,44,381917
ABarapaa:82,ABarapaa,82,28149,3149,-748,-778,2804,25.0,257,88,44,430566
ABarapaa:83,ABarapaa,83,28785,3785,-257,-143,2828,25.0,261,91,44,409027
ABarapaa:84,ABarapaa,84,28965,3965,-231,-368,3441,26.0,263,89,44,399585
ABarapaa:85,ABarapaa,85,28747,3747,-559,-578,3611,26.1,254,93,44,400694
ABarapaa:86,ABarapaa,86,28595,3595,-804,-808,3470,27.0,254,100,46,464809
ABarapaa:87,ABarapaa,87,28603,3603,-785,-837,3264,26.2,249,103,49,521977
ABarapaa:88,ABarapaa,88,28642,3642,-501,-510,3403,27.0,248,109,49,548705
ABarapaa:89,ABarapaa,89,28484,3484,-770,-712,3326,27.1,250,123,47,477754
ABarapaa:90,ABarapaa,90,28912,3912,-389,-423,3852,26.9,247,127,44,330900
ABarapaa:91,ABarapaa,91,29262,4262,-124,-140,4133,26.1,248,117,40,323045
ABarapaaa:92,ABarapaaa,92,29175,4175,-485,-537,3898,25.2,222,100,38,240345
ABarapaaa:93,ABarapaaa,93,28976,3976,-343,-337,3886,26.1,224,97,39,241232
ABarapaaa:94,ABarapaaa,94,28695,3695,-186,-196,3535,27.1,219,103,40,266120
ABarapaaa:95,ABarapaaa,95,28559,3559,-908,-938,3415,28.0,210,110,37,225321
ABarapaaa:96,ABarapaaa,96,28831,3831,-472,-607,3257,28.2,218,114,40,260710
ABarapaaa:97,ABarapaaa,97,28557,3557,-529,-454,2830,28.1,223,112,40,272392
ABarapaaa:98,ABarapaaa,98,28377,3377,-623,-750,2642,28.1,225,106,40,277518
ABarapaaa:99,ABarapaaa,99,28453,3453,-219,-260,2396,27.2,227,107,40,291152
ABarapaaa:100,ABarapaaa,100,28374,3374,-687,-873,2731,28.1,227,107,38,268378
ABarapaaa:101,ABarapaaa,101,29037,4037,-421,-517,3589,28.1,229,104,38,276828
ABarapaaa:102,ABarapaaa,102,28536,3536,-972,-931,3107,28.1,235,106,36,243214
ABarapaaa:103,ABarapaaa,103,29647,4647,437,394,4303,29.0,234,115,36,234564
ABarapaaa:104,ABarapaaa,104,28670,3670,-331,-268,3339,29.1,228,116,40,307090
ABarapaaa:105,ABarapaaa,105,29000,4000,-193,-125,3558,28.2,225,122,40,314904
ABarapaaa:106,ABarapaaa,106,28217,3217,-990,-1024,2684,28.1,222,124,40,345513
ABarapaaa:107,ABarapaaa,107,28866,3866,142,132,3669,29.0,212,132,40,353527
ABarapaaa:108,ABarapaaa,108,27621,2621,-1941,-1977,2337,28.2,219,147,40,327272
ABarapaaa:109,ABarapaaa,109,27955,2955,-1947,-1958,2636,28.2,215,145,38,319182
ABarapaaa:110,ABarapaaa,110,28643,3643,-496,-556,3345,28.1,214,149,38,196838
ABarapaaa:111,ABarapaaa,111,29135,4135,-282,-386,3758,28.1,213,154,39,204749
ABarapaaa:112,ABarapaaa,112,28921,3921,-468,-405,3597,28.1,215,163,39,197576
ABarapaaa:113,ABarapaaa,113,28604,3604,-954,-1042,3243,28.1,216,166,39,206916
ABarapaaa:114,ABarapaaa,114,28977,3977,-508,-675,3546,28.1,223,165,39,210787
ABarapaaa:115,ABarapaaa,115,28933,3933,-394,-417,3398,29.0,234,171,39,198969
ABarapaaa:116,ABarapaaa,116,29526,4526,270,291,3911,28.2,226,175,39,193603
ABarapaaa:117,ABarapaaa,117,29271,4271,-110,-189,3908,29.1,221,173,38,215539
ABarapaaa:118,ABarapaaa,118,29408,4408,525,461,4039,28.1,212,176,38,209276
ABarapaaa:119,ABarapaaa,119,29062,4062,-769,-754,3548,28.1,198,172,38,228825
ABarapaaa:120,ABarapaaa,120,29047,4047,-356,-353,3188,27.2,207,181,38,224048
ABarapaaa:121,ABarapaaa,121,28287,3287,-930,-876,2441,27.1,207,180,37,215872
ABarapaaa:122,ABarapaaa,122,29319,4319,388,441,3872,28.1,214,177,36,214851
ABarapaaa:123,ABarapaaa,123,29135,4135,-202,-170,3741,27.3,209,183,36,207689
ABarapaaaa:124,ABarapaaaa,124,29207,4207,-522,-570,3609,28.0,203,165,32,134337
ABarapaaaa:125,ABarapaaaa,125,29473,4473,427,265,4079,28.0,211,176,36,173392
ABarapaaaa:126,ABarapaaaa,126,28996,3996,-406,-361,3521,28.0,212,180,32,128793
ABarapaaaa:127,ABarapaaaa,127,29300,4300,12,-90,3723,28.1,208,182,36,193961
ABarapaaaa:128,ABarapaaaa,128,28514,3514,-830,-867,2853,29.0,198,184,36,203613
ABarapaaaa:129,ABarapaaaa,129,28535,3535,-1214,-970,2724,28.2,203,194,36,189753
ABarapaaap:124,ABarapaaap,124,28936,3936,20,-130,2632,28.0,216,214,34,0
ABarapaaap:125,ABarapaaap,125,28821,3821,-372,-226,2662,28.3,213,221,33,0
ABarapaaap:126,ABarapaaap,126,29288,4288,348,231,3039,28.7,209,228,31,0
ABarapaaap:127,ABarapaaap,127,29909,4909,300,505,3506,29.0,205,236,29,116482
ABarapaaap:128,ABarapaaap,128,30416,5416,734,657,3950,29.0,206,233,32,163944
ABarapaaap:129,ABarapaaap,129,28536,3536,-1181,-1396,2225,28.2,204,237,34,177566
ABarapaap:92,ABarapaap,92,27839,2839,-1129,-1184,2365,27.0,264,140,36,163003
ABarapaap:93,ABarapaap,93,29356,4356,640,703,3963,27.0,266,138,39,194658
ABarapaap:94,ABarapaap,94,28042,3042,-951,-780,2838,27.0,271,150,38,188701
ABarapaap:95,ABarapaap,95,28668,3668,-577,-622,3426,27.1,269,154,41,204395
ABarapaap:96,ABarapaap,96,28598,3598,-307,-416,3488,27.1,268,156,40,204439
ABarapaap:97,ABarapaap,97,29042,4042,-440,-447,3927,28.0,272,149,40,210723
ABarapaap:98,ABarapaap,98,28994,3994,21,-164,3814,27.2,274,146,40,209997
ABarapaap:99,ABarapaap,99,28614,3614,-158,-206,3462,28.0,274,149,40,232258
ABarapaap:100,ABarapaap,100,28897,3897,211,152,3783,28.0,271,142,38,216972
ABarapaap:101,ABarapaap,101,28347,3347,-322,-389,3228,27.2,263,144,40,223172
ABarapaap:102,ABarapaap,102,29226,4226,599,590,4054,28.0,266,143,40,239093
ABarapaap:103,ABarapaap,103,28698,3698,-62,-106,3232,27.2,269,144,38,226928
ABarapaap:104,ABarapaap,104,28733,3733,33,-104,3285,28.1,265,146,36,223223
ABarapaap:105,ABarapaap,105,28477,3477,-219,-216,3063,28.1,267,147,38,236931
ABarapaap:106,ABarapaap,106,28574,3574,-507,-651,2898,25.9,263,155,40,281390
ABarapaap:107,ABarapaap,107,29124,4124,476,425,3286,27.1,262,155,40,278760
ABarapaap:108,ABarapaap,108,29051,4051,84,-74,3218,27.0,268,162,40,291638
ABarapaap:109,ABarapaap,109,29166,4166,358,303,3524,28.0,263,165,40,289365
ABarapaap:110,ABarapaap,110,28306,3306,-970,-1130,2585,28.0,257,154,40,195823
ABarapaap:111,ABarapaap,111,28159,3159,-1308,-1483,2564,28.1,248,162,39,182615
ABarapaap:112,ABarapaap,112,29247,4247,-157,-175,1500,25.0,245,162,37,148547
ABarapaap:113,ABarapaap,113,28911,3911,-215,-227,2993,26.0,255,165,39,170770
ABarapaap:114,ABarapaap,114,28342,3342,-1148,-1274,2250,26.1,253,160,39,187479
ABarapaap:115,ABarapaap,115,29489,4489,511,462,3781,25.2,257,167,39,171455
ABarapaap:116,ABarapaap,116,28654,3654,-683,-592,3158,26.1,260,173,39,179844
ABarapaap:117,ABarapaap,117,28193,3193,-1097,-1198,2784,26.1,256,180,38,181291
ABarapaap:118,ABarapaap,118,28065,3065,-801,-730,2249,27.0,253,176,34,149693
ABarapaapa:119,ABarapaapa,119,29278,4278,23,82,3424,27.0,231,158,34,125932
ABarapaapa:120,ABarapaapa,120,28901,3901,-739,-806,2935,26.9,223,157,34,130477
ABarapaapa:121,ABarapaapa,121,28749,3749,-412,-347,2591,26.1,220,154,33,139112
ABarapaapa:122,ABarapaapa,122,29631,4631,518,512,3371,25.2,227,147,34,145316
ABarapaapa:123,ABarapaapa,123,28094,3094,-1250,-1317,1689,26.1,231,142,32,130597
ABarapaapa:124,ABarapaapa,124,29056,4056,-466,-400,2576,26.1,236,155,34,149610
ABarapaapa:125,ABarapaapa,125,27470,2470,-2074,-1723,502,26.2,238,163,34,145360
ABarapaapa:126,ABarapaapa,126,29629,4629,-246,-140,3173,27.0,242,160,29,88440
ABarapaapa:127,ABarapaapa,127,28703,3703,-453,-325,2533,27.9,241,164,32,138091
ABarapaapa:128,ABarapaapa,128,30188,5188,682,828,4034,28.1,238,168,36,187340
ABarapaapa:129,ABarapaapa,129,29661,4661,407,544,3372,27.2,236,176,36,186386
ABarapaapp:119,ABarapaapp,119,28997,3997,193,382,2965,26.0,258,189,34,0
ABarapaapp:120,ABarapaapp,120,28627,3627,-585,-504,2595,26.1,256,195,29,73521
ABarapaapp:121,ABarapaapp,121,29092,4092,-153,-178,2819,26.1,265,194,35,118859
ABarapaapp:122,ABarapaapp,122,28047,3047,-1177,-1281,1202,26.1,265,200,36,143404
ABarapaapp:123,ABarapaapp,123,28812,3812,-370,-497,2505,27.1,257,200,36,151803
ABarapaapp:124,ABarapaapp,124,30315,5315,1346,1203,3772,25.1,255,199,29,69829
ABarapaapp:125,ABarapaapp,125,28679,3679,-282,-441,1950,25.1,255,199,29,69829
ABarapaapp:126,ABarapaapp,126,29024,4024,-263,-417,2767,27.0,251,215,36,167444
ABarapaapp:127,ABarapaapp,127,29271,4271,17,-261,3445,26.0,244,211,36,184331
ABarapaapp:128,ABarapaapp,128,30235,5235,825,914,3424,26.0,245,213,36,184880
ABarapaapp:129,ABarapaapp,129,28984,3984,-272,-495,2024,25.1,243,217,36,180733
ABarapap:69,ABarapap,69,28704,3704,-642,-642,3678,19.0,329,99,32,207366
ABarapap:70,ABarapap,70,28471,3471,-832,-798,3263,20.0,322,100,45,304131
ABarapap:71,ABarapap,71,28972,3972,-807,-815,3177,20.0,314,101,44,321061
ABarapap:72,ABarapap,72,29556,4556,-101,-93,3973,20.1,319,103,48,435665
ABarapap:73,ABarapap,73,28044,3044,-1710,-1750,2386,19.1,325,93,44,351496
ABarapap:74,ABarapap,74,28562,3562,-794,-781,2001,20.0,325,88,46,428147
ABarapap:75,ABarapap,75,28091,3091,-1184,-1216,2536,20.1,322,93,46,406827
ABarapap:76,ABarapap,76,27819,2819,-1290,-1363,2799,21.0,325,92,44,358387
ABarapap:77,ABarapap,77,28272,3272,-731,-775,3258,21.1,326,88,44,353052
ABarapap:78,ABarapap,78,29173,4173,389,353,4141,22.0,326,87,44,358466
ABarapap:79,ABarapap,79,28521,3521,-471,-514,3500,22.0,315,89,44,375920
ABarapap:80,ABarapap,80,28174,3174,-755,-823,3072,22.1,312,85,44,388434
ABarapap:81,ABarapap,81,27345,2345,-1448,-1471,2312,23.0,313,86,44,387456
ABarapap:82,ABarapap,82,29104,4104,426,386,4077,24.0,312,93,48,526892
ABarapap:83,ABarapap,83,29140,4140,641,618,4081,25.1,318,97,48,508423
ABarapap:84,ABarapap,84,28710,3710,-182,-161,3692,26.0,320,103,48,496595
ABarapap:85,ABarapap,85,28837,3837,-382,-462,3800,26.2,316,110,46,422708
ABarapap:86,ABarapap,86,29072,4072,-200,-206,3999,25.3,316,114,48,465737
ABarapap:87,ABarapap,87,28802,3802,-215,-223,3741,25.3,311,116,49,504110
ABarapap:88,ABarapap,88,28265,3265,-904,-935,3233,26.0,310,121,45,418865
ABarapap:89,ABarapap,89,28499,3499,-490,-479,3435,25.2,317,124,43,339494
ABarapapa:90,ABarapapa,90,28447,3447,-641,-619,3357,25.1,292,100,34,183986
ABarapapa:91,ABarapapa,91,28746,3746,-523,-821,2747,25.1,291,99,30,140558
ABarapapa:92,ABarapapa,92,28980,3980,-31,-82,3089,26.0,286,100,40,246417
ABarapapa:93,ABarapapa,93,28104,3104,-637,-624,2420,26.9,283,100,39,243866
ABarapapa:94,ABarapapa,94,28824,3824,-172,-152,3230,27.0,281,97,38,267671
ABarapapa:95,ABarapapa,95,28998,3998,-124,-76,2911,27.0,281,97,38,267671
ABarapapa:96,ABarapapa,96,28375,3375,-883,-980,2896,27.1,280,105,40,268004
ABarapapa:97,ABarapapa,97,29254,4254,424,253,3683,27.2,282,100,40,288315
ABarapapa:98,ABarapapa,98,28735,3735,60,33,3298,27.2,291,103,40,269915
ABarapapa:99,ABarapapa,99,29414,4414,344,251,3700,28.0,290,107,36,241717
ABarapapa:100,ABarapapa,100,27933,2933,-740,-721,2384,27.1,289,100,40,298825
ABarapapa:101,ABarapapa,101,28080,3080,-367,-248,2663,28.0,289,106,40,302503
ABarapapa:102,ABarapapa,102,28610,3610,-422,-343,3351,28.0,296,108,40,289934
ABarapapa:103,ABarapapa,103,28510,3510,-297,-374,2915,27.2,297,118,40,256640
ABarapapa:104,ABarapapa,104,28019,3019,-681,-689,2339,28.0,301,120,40,301848
ABarapapa:105,ABarapapa,105,28238,3238,-764,-656,2772,28.1,305,126,38,273497
ABarapapa:106,ABarapapa,106,28499,3499,-479,-547,3373,28.1,305,136,40,297964
ABarapapa:107,ABarapapa,107,27867,2867,-793,-906,2666,28.1,304,149,40,281723
ABarapapa:108,ABarapapa,108,28980,3980,-414,-538,3692,28.0,310,166,36,238788
ABarapapa:109,ABarapapa,109,28210,3210,-960,-802,2836,28.1,304,165,40,288553
ABarapapa:110,ABarapapa,110,28472,3472,-590,-685,3105,28.9,295,159,36,151389
ABarapapa:111,ABarapapa,111,29765,4765,498,442,4356,28.1,292,167,39,162525
ABarapapa:112,ABarapapa,112,28366,3366,-832,-790,3166,29.1,286,170,37,138721
ABarapapa:113,ABarapapa,113,28587,3587,-52,-71,2921,27.1,288,178,37,138622
ABarapapa:114,ABarapapa,114,28461,3461,-707,-858,2948,28.0,290,176,39,149657
ABarapapa:115,ABarapapa,115,28595,3595,-729,-728,3247,28.1,285,203,37,137454
ABarapapa:116,ABarapapa,116,29126,4126,305,284,3608,28.1,289,210,39,176914
ABarapapa:117,ABarapapa,117,29030,4030,247,192,2963,28.0,297,212,34,141490
ABarapapa:118,ABarapapa,118,28752,3752,-280,-253,3323,27.1,298,212,34,128286
ABarapapaa:119,ABarapapaa,119,28075,3075,-1033,-997,1034,27.1,282,193,36,149899
ABarapapaa:120,ABarapapaa,120,29697,4697,677,633,3619,28.1,281,202,36,148471
ABarapapaa:121,ABarapapaa,121,28253,3253,-786,-903,1906,28.1,278,211,29,73054
ABarapapaa:122,ABarapapaa,122,29434,4434,220,100,3529,28.2,273,218,34,120431
ABarapapaa:123,ABarapapaa,123,28878,3878,-114,-113,2564,28.1,270,224,36,156560
ABarapapaa:124,ABarapapaa,124,28149,3149,-1283,-1437,977,27.0,272,220,36,162705
ABarapapaa:125,ABarapapaa,125,28637,3637,-508,-636,1883,26.1,275,224,34,148215
ABarapapaa:126,ABarapapaa,126,28648,3648,-643,-542,1761,28.1,269,233,36,174352
ABarapapaa:127,ABarapapaa,127,28349,3349,-826,-984,1701,28.0,267,231,36,175326
ABarapapaa:128,ABarapapaa,128,29262,4262,-310,-425,2656,28.2,260,234,36,190292
ABarapapaa:129,ABarapapaa,129,29417,4417,550,462,3172,28.1,259,234,36,203971
ABarapapap:119,ABarapapap,119,29444,4444,253,348,3491,27.0,317,231,34,104567
ABarapapap:120,ABarapapap,120,28931,3931,-1,28,2926,27.9,329,233,34,108356
ABarapapap:121,ABarapapap,121,28114,3114,-1223,-1342,2432,27.0,321,236,33,102446
ABarapapap:122,ABarapapap,122,27997,2997,-1251,-1317,2402,27.0,313,243,32,98906
ABarapapap:123,ABarapapap,123,29201,4201,-221,-336,3294,27.1,312,248,34,104510
ABarapapap:124,ABarapapap,124,28883,3883,30,-97,3261,27.0,319,246,36,160938
ABarapapap:125,ABarapapap,125,28449,3449,-613,-558,3100,28.0,307,255,32,102398
ABarapapap:126,ABarapapap,126,29744,4744,221,398,3931,28.0,305,258,36,158108
ABarapapap:127,ABarapapap,127,29146,4146,-14,-103,3099,28.0,295,260,36,153480
ABarapapap:128,ABarapapap,128,28183,3183,-1120,-1171,2216,28.1,294,260,36,160964
ABarapapap:129,ABarapapap,129,28865,3865,-379,-397,3020,28.0,289,260,36,169574
ABarapapp:90,ABarapapp,90,27522,2522,-1422,-1434,2465,26.1,327,150,38,182356
ABarapapp:91,ABarapapp,91,28184,3184,-821,-834,3104,27.0,320,149,42,209652
ABarapapp:92,ABarapapp,92,27486,2486,-1088,-1015,2078,27.1,318,154,29,83676
ABarapapp:93,ABarapapp,93,28152,3152,-630,-660,3011,28.0,315,157,39,192527
ABarapapp:94,ABarapapp,94,28228,3228,-574,-518,3043,27.0,325,165,42,213121
ABarapapp:95,ABarapapp,95,28652,3652,-289,-292,3318,27.1,322,162,39,176833
ABarapapp:96,ABarapapp,96,28753,3753,124,56,3251,27.0,325,163,40,202749
ABarapapp:97,ABarapapp,97,28780,3780,46,20,3649,27.1,338,160,40,209142
ABarapapp:98,ABarapapp,98,28002,3002,-924,-933,2836,27.1,339,160,40,210023
ABarapapp:99,ABarapapp,99,28036,3036,-629,-560,2829,27.0,331,167,40,207704
ABarapapp:100,ABarapapp,100,27936,2936,-734,-832,2751,27.1,325,167,40,221012
ABarapapp:101,ABarapapp,101,28049,3049,-570,-556,2859,27.1,324,166,40,236406
ABarapapp:102,ABarapapp,102,28313,3313,-660,-677,3126,27.0,327,165,40,230684
ABarapapp:103,ABarapapp,103,28243,3243,-492,-522,2992,27.2,338,171,40,211227
ABarapapp:104,ABarapapp,104,28024,3024,-1160,-1348,2812,27.0,329,175,40,252776
ABarapapp:105,ABarapapp,105,28454,3454,-487,-604,3194,27.0,330,183,40,253949
ABarapapp:106,ABarapapp,106,28469,3469,-580,-621,3305,28.0,335,187,40,243641
ABarapapp:107,ABarapapp,107,27556,2556,-925,-942,2306,27.2,327,201,40,232780
ABarapapp:108,ABarapapp,108,29375,4375,545,556,4169,28.0,333,206,40,240808
ABarapapp:109,ABarapapp,109,28333,3333,-477,-508,3153,28.0,332,206,40,248367
ABarapapp:110,ABarapapp,110,29047,4047,-565,-566,3815,27.1,318,194,29,59368
ABarapapp:111,ABarapapp,111,30186,5186,670,610,4545,26.2,314,199,37,126901
ABarapapp:112,ABarapapp,112,28165,3165,-724,-732,2517,26.1,312,202,37,134734
ABarapapp:113,ABarapapp,113,29048,4048,-350,-441,3177,25.1,312,204,37,149544
ABarapapp:114,ABarapapp,114,28349,3349,-1141,-1221,2799,25.0,309,196,39,178371
ABarapapp:115,ABarapapp,115,29879,4879,1026,1024,4397,25.0,318,203,35,124086
ABarapappa:116,ABarapappa,116,29205,4205,-142,-84,3657,24.9,304,186,35,115927
ABarapappa:117,ABarapappa,117,28743,3743,-121,-22,2459,26.0,301,195,34,121419
ABarapappa:118,ABarapappa,118,28971,3971,-351,-298,1776,23.0,296,186,36,136231
ABarapappa:119,ABarapappa,119,29387,4387,-10,-79,3324,24.0,293,187,36,148215
ABarapappa:120,ABarapappa,120,28455,3455,-1166,-1186,1807,24.1,292,189,36,166401
ABarapappa:121,ABarapappa,121,28984,3984,-689,-680,3187,24.1,293,193,35,132963
ABarapappa:122,ABarapappa,122,28205,3205,-1272,-1249,2056,24.1,290,197,36,157059
ABarapappa:123,ABarapappa,123,28748,3748,-472,-582,2775,25.1,285,202,36,157768
ABarapappa:124,ABarapappa,124,28806,3806,-45,-185,2842,25.0,282,214,36,159307
ABarapappa:125,ABarapappa,125,28715,3715,-512,-586,2345,25.0,282,214,36,159307
ABarapappa:126,ABarapappa,126,29627,4627,501,597,3710,26.0,284,222,36,171485
ABarapappa:127,ABarapappa,127,29029,4029,126,-209,3148,26.1,280,221,36,177439
ABarapappa:128,ABarapappa,128,28983,3983,-327,-148,2619,26.0,274,223,36,191268
ABarapappa:129,ABarapappa,129,28504,3504,-596,-735,2444,25.1,275,227,34,149597
ABarapappp:116,ABarapappp,116,29113,4113,-435,-435,3897,26.0,341,226,27,47595
ABarapappp:117,ABarapappp,117,29155,4155,-822,-822,3865,26.1,348,226,27,50153
ABarapappp:118,ABarapappp,118,28647,3647,-393,-388,3329,25.1,347,227,34,105636
ABarapappp:119,ABarapappp,119,29954,4954,862,943,4305,25.1,347,227,34,105636
ABarapappp:120,ABarapappp,120,29764,4764,823,748,3718,26.0,351,231,34,107210
ABarapappp:121,ABarapappp,121,28360,3360,-1071,-1321,2551,26.0,351,234,33,92985
ABarapappp:122,ABarapappp,122,27611,2611,-1979,-1880,1628,24.2,341,240,29,59213
ABarapappp:123,ABarapappp,123,29541,4541,308,387,3689,24.1,336,239,34,123351
ABarapappp:124,ABarapappp,124,28028,3028,-1131,-1177,1515,24.1,336,239,34,123351
ABarapappp:125,ABarapappp,125,28583,3583,-330,-420,2236,24.1,333,245,36,144197
ABarapappp:126,ABarapappp,126,29243,4243,11,-42,3028,25.1,324,258,36,146338
ABarapappp:127,ABarapappp,127,28344,3344,-994,-846,2325,26.0,318,259,36,164095
ABarapappp:128,ABarapappp,128,28633,3633,-725,-924,2453,25.2,313,257,36,159709
ABarapappp:129,ABarapappp,129,29275,4275,-256,-302,3411,24.2,314,261,36,156469
ABarapp:50,ABarapp,50,28307,3307,-222,-166,3300,25.0,311,139,55,604746
ABarapp:51,ABarapp,51,29005,4005,355,269,3994,25.9,317,121,59,725294
ABarapp:52,ABarapp,52,28224,3224,-737,-735,3219,26.2,325,112,56,697039
ABarapp:53,ABarapp,53,28273,3273,-258,-258,3273,26.9,339,117,55,648826
ABarapp:54,ABarapp,54,28689,3689,-105,-107,3689,25.3,341,117,57,687777
ABarapp:55,ABarapp,55,28777,3777,-88,-88,3777,26.1,342,118,55,727918
ABarapp:56,ABarapp,56,28377,3377,-566,-566,3377,26.1,339,118,55,739873
ABarapp:57,ABarapp,57,28154,3154,-818,-818,3154,25.8,334,110,55,788313
ABarapp:58,ABarapp,58,28150,3150,-996,-999,3150,25.0,347,113,55,815484
ABarapp:59,ABarapp,59,28757,3757,-199,-199,3757,24.9,342,107,54,829655
ABarapp:60,ABarapp,60,28739,3739,-133,-146,3739,24.3,338,110,55,803156
ABarapp:61,ABarapp,61,28316,3316,-561,-566,3316,25.1,341,111,55,835368
ABarapp:62,ABarapp,62,27938,2938,-988,-1010,2938,25.1,345,118,53,739706
ABarapp:63,ABarapp,63,27977,2977,-966,-985,2977,25.0,353,123,53,605624
ABarapp:64,ABarapp,64,28776,3776,83,69,3776,25.0,364,129,56,687479
ABarapp:65,ABarapp,65,28064,3064,-873,-872,3064,25.0,377,137,54,685356
ABarapp:66,ABarapp,66,28173,3173,-923,-896,3173,25.1,377,149,54,655140
ABarapp:67,ABarapp,67,27771,2771,-1099,-1093,2767,25.1,371,153,53,562769
ABarapp:68,ABarapp,68,28181,3181,-662,-674,3178,25.1,361,159,52,532586
ABarappa:69,ABarappa,69,28417,3417,-379,-360,3338,24.3,357,128,48,372283
ABarappa:70,ABarappa,70,28190,3190,-611,-600,3138,25.0,340,132,41,235390
ABarappa:71,ABarappa,71,28473,3473,-186,-182,3448,26.1,332,134,44,249415
ABarappa:72,ABarappa,72,28533,3533,-148,-146,3513,27.1,333,136,46,312098
ABarappa:73,ABarappa,73,28280,3280,-358,-391,3253,27.0,333,129,44,279817
ABarappa:74,ABarappa,74,29415,4415,685,643,4388,27.1,331,132,44,279415
ABarappa:75,ABarappa,75,28640,3640,-228,-232,3625,27.2,337,132,46,331710
ABarappa:76,ABarappa,76,28091,3091,-998,-997,3054,27.0,344,125,44,308584
ABarappa:77,ABarappa,77,28017,3017,-947,-947,2986,26.9,353,125,44,332955
ABarappa:78,ABarappa,78,28716,3716,-78,-78,3690,26.0,354,133,44,323853
ABarappa:79,ABarappa,79,28908,3908,452,452,3858,26.0,353,128,44,333490
ABarappa:80,ABarappa,80,27452,2452,-1458,-1451,2430,25.9,360,118,44,362798
ABarappa:81,ABarappa,81,28450,3450,-364,-394,3383,25.0,366,117,44,371265
ABarappa:82,ABarappa,82,28257,3257,-625,-602,3193,25.0,367,128,44,365596
ABarappa:83,ABarappa,83,28167,3167,-700,-680,3149,26.0,370,137,44,334729
ABarappa:84,ABarappa,84,28812,3812,-255,-359,3696,25.1,368,137,44,357274
ABarappa:85,ABarappa,85,27912,2912,-1250,-1310,2848,25.0,363,131,44,380848
ABarappa:86,ABarappa,86,28305,3305,-360,-380,3049,25.1,370,142,46,449753
ABarappa:87,ABarappa,87,28261,3261,-947,-928,3160,26.9,365,146,45,382057
ABarappa:88,ABarappa,88,28419,3419,-498,-454,3246,27.0,364,158,49,512418
ABarappa:89,ABarappa,89,28408,3408,-319,-415,3032,26.2,372,162,47,425773
ABarappa:90,ABarappa,90,29218,4218,652,655,4150,26.9,377,169,44,326174
ABarappa:91,ABarappa,91,27792,2792,-920,-1005,2743,26.9,369,159,42,292979
ABarappa:92,ABarappa,92,28841,3841,452,417,3601,26.0,348,148,40,297331
ABarappaa:93,ABarappaa,93,28574,3574,19,-172,3171,25.2,337,128,37,193089
ABarappaa:94,ABarappaa,94,29020,4020,606,580,3726,25.1,329,116,36,217758
ABarappaa:95,ABarappaa,95,29735,4735,593,664,4412,26.0,321,107,37,235650
ABarappaa:96,ABarappaa,96,29629,4629,889,842,4205,26.0,324,106,38,268050
ABarappaa:97,ABarappaa,97,28309,3309,-494,-449,2973,26.0,329,101,40,308047
ABarappaa:98,ABarappaa,98,28326,3326,-226,-276,2727,25.1,332,98,36,264521
ABarappaa:99,ABarappaa,99,28875,3875,-136,-117,2941,25.2,334,105,38,278767
ABarappaa:100,ABarappaa,100,28293,3293,-357,-449,2611,25.2,334,105,38,278767
ABarappaa:101,ABarappaa,101,30402,5402,1990,1891,4541,26.0,325,98,29,134179
ABarappaa:102,ABarappaa,102,28757,3757,62,106,2983,25.0,330,94,40,336467
ABarappaa:103,ABarappaa,103,28881,3881,517,477,3562,25.2,323,94,38,303212
ABarappaa:104,ABarappaa,104,27764,2764,-1175,-1096,2378,26.1,320,98,38,325667
ABarappaa:105,ABarappaa,105,29073,4073,350,276,3669,26.1,321,100,40,377482
ABarappaa:106,ABarappaa,106,28146,3146,-511,-438,2054,26.2,325,102,40,361406
ABarappaa:107,ABarappaa,107,27988,2988,-570,-470,2220,26.9,324,115,36,315354
ABarappaa:108,ABarappaa,108,28562,3562,-413,-513,3138,27.1,325,126,38,312954
ABarappaa:109,ABarappaa,109,29313,4313,490,344,3792,27.1,319,125,40,357152
ABarappaa:110,ABarappaa,110,28980,3980,-427,-485,3081,27.0,321,118,36,194656
ABarappaa:111,ABarappaa,111,29182,4182,18,36,3639,28.0,308,124,39,211720
ABarappaa:112,ABarappaa,112,29702,4702,448,384,4183,27.2,316,134,37,173192
ABarappaa:113,ABarappaa,113,29248,4248,41,37,3912,27.2,316,137,37,169736
ABarappaa:114,ABarappaa,114,28927,3927,-565,-684,3595,28.1,318,137,39,218883
ABarappaa:115,ABarappaa,115,28856,3856,-307,-354,3562,28.2,314,146,37,174049
ABarappaa:116,ABarappaa,116,29730,4730,638,581,4430,29.0,318,159,39,186282
ABarappaa:117,ABarappaa,117,29552,4552,-43,-90,4264,27.3,327,171,36,146586
ABarappaa:118,ABarappaa,118,29743,4743,865,847,4411,27.2,318,171,36,151183
ABarappaa:119,ABarappaa,119,29921,4921,961,928,4543,28.1,309,165,38,191964
ABarappaa:120,ABarappaa,120,29399,4399,-54,83,3749,28.1,305,174,36,183648
ABarappaa:121,ABarappaa,121,28308,3308,-853,-974,2086,28.1,293,178,37,174639
ABarappaa:122,ABarappaa,122,28812,3812,-221,-458,2716,27.1,298,184,36,171214
ABarappaa:123,ABarappaa,123,28632,3632,-233,-228,2625,28.2,299,190,36,188995
ABarappaa:124,ABarappaa,124,29379,4379,264,103,3956,28.0,302,187,32,133056
ABarappaaa:125,ABarappaaa,125,28585,3585,-562,-689,2408,28.0,289,181,29,85754
ABarappaaa:126,ABarappaaa,126,29093,4093,-82,-123,3445,28.9,279,182,32,121100
ABarappaaa:127,ABarappaaa,127,28433,3433,-683,-755,2573,28.1,281,182,32,136983
ABarappaaa:128,ABarappaaa,128,30022,5022,995,961,4159,29.0,277,185,36,167943
ABarappaaa:129,ABarappaaa,129,29818,4818,401,454,3815,28.1,271,191,34,149666
ABarappaap:125,ABarappaap,125,29153,4153,72,68,3841,27.9,319,203,32,101648
ABarappaap:126,ABarappaap,126,28530,3530,-176,-64,3200,27.9,324,207,32,106160
ABarappaap:127,ABarappaap,127,29298,4298,248,233,3970,28.0,322,212,32,105004
ABarappaap:128,ABarappaap,128,29999,4999,670,657,4591,27.9,316,219,32,111673
ABarappaap:129,ABarappaap,129,28662,3662,-448,-455,2966,27.1,314,223,34,129772
ABarappap:93,ABarappap,93,27663,2663,-945,-960,2364,26.1,367,152,39,194336
ABarappap:94,ABarappap,94,27869,2869,-936,-1065,2527,25.9,375,158,38,212458
ABarappap:95,ABarappap,95,29297,4297,462,469,3955,26.9,365,155,37,196904
ABarappap:96,ABarappap,96,28029,3029,-402,-406,2478,26.1,371,157,40,233924
ABarappap:97,ABarappap,97,27353,2353,-1377,-1533,1383,25.1,374,155,40,246754
ABarappap:98,ABarappap,98,28535,3535,-317,-415,3029,26.0,379,163,40,243991
ABarappap:99,ABarappap,99,29216,4216,658,572,3715,26.1,376,164,40,240134
ABarappap:100,ABarappap,100,28777,3777,164,32,3213,26.0,373,162,38,235364
ABarappap:101,ABarappap,101,29151,4151,509,349,3887,26.1,373,166,40,254601
ABarappap:102,ABarappap,102,28329,3329,-82,-117,2873,26.1,375,160,36,218818
ABarappap:103,ABarappap,103,28074,3074,-846,-940,2569,26.0,375,157,38,265700
ABarappap:104,ABarappap,104,27431,2431,-1492,-1614,1966,25.0,367,162,40,286199
ABarappap:105,ABarappap,105,28802,3802,-680,-972,3240,25.1,365,163,40,303498
ABarappap:106,ABarappap,106,27472,2472,-1556,-1632,2178,26.2,363,160,40,295765
ABarappap:107,ABarappap,107,29359,4359,533,545,3915,27.0,366,157,40,310742
ABarappap:108,ABarappap,108,28396,3396,-496,-545,3050,27.0,370,157,40,314041
ABarappap:109,ABarappap,109,28122,3122,-1156,-1167,2814,27.9,369,157,36,275781
ABarappap:110,ABarappap,110,28243,3243,-1391,-1429,2981,27.1,367,159,40,202206
ABarappap:111,ABarappap,111,28688,3688,-953,-995,3163,27.1,366,162,39,184525
ABarappap:112,ABarappap,112,29283,4283,99,-20,3803,27.0,365,164,39,192530
ABarappap:113,ABarappap,113,28273,3273,-1389,-1350,2615,27.2,362,161,39,195135
ABarappap:114,ABarappap,114,28761,3761,-998,-1185,2959,27.1,363,159,39,213481
ABarappap:115,ABarappap,115,28851,3851,-789,-785,3646,28.0,363,162,39,207060
ABarappap:116,ABarappap,116,28774,3774,-632,-734,3240,27.1,361,163,39,206751
ABarappap:117,ABarappap,117,28663,3663,-794,-830,2969,28.1,377,160,38,216337
ABarappap:118,ABarappap,118,29646,4646,210,271,3855,27.2,364,156,38,192796
ABarappap:119,ABarappap,119,28426,3426,-629,-562,2491,28.0,354,154,38,228141
ABarappap:120,ABarappap,120,29182,4182,20,72,3679,28.0,341,155,36,208054
ABarappap:121,ABarappap,121,29282,4282,-10,79,3225,27.1,334,156,29,188926
ABarappapa:122,ABarappapa,122,29007,4007,-813,-970,2897,27.1,327,158,34,141316
ABarappapa:123,ABarappapa,123,30018,5018,819,578,4064,27.0,325,165,32,119959
ABarappapa:124,ABarappapa,124,29415,4415,-298,-460,2877,27.1,320,154,36,191533
ABarappapa:125,ABarappapa,125,30584,5584,566,790,3578,27.1,325,156,36,178394
ABarappapa:126,ABarappapa,126,29369,4369,-248,-37,2598,28.0,321,167,36,168681
ABarappapa:127,ABarappapa,127,28773,3773,-1099,-1019,1944,28.1,325,171,36,178585
ABarappapa:128,ABarappapa,128,29604,4604,-295,-284,2935,28.1,325,171,36,178585
ABarappapa:129,ABarappapa,129,27841,2841,-1684,-1686,2007,29.0,324,177,36,170103
ABarappapp:122,ABarappapp,122,29088,4088,-61,-55,3401,28.9,366,196,32,107531
ABarappapp:123,ABarappapp,123,29096,4096,-359,-385,3353,28.0,370,190,32,118267
ABarappapp:124,ABarappapp,124,29530,4530,-152,-166,3407,27.9,368,185,32,134309
ABarappapp:125,ABarappapp,125,29089,4089,-439,-335,2755,28.0,375,188,36,174783
ABarappapp:126,ABarappapp,126,29794,4794,554,620,3086,28.1,375,188,36,191548
ABarappapp:127,ABarappapp,127,30678,5678,1543,1223,4013,28.2,372,196,34,137809
ABarappapp:128,ABarappapp,128,28545,3545,-796,-839,582,27.8,375,190,34,137809
ABarappapp:129,ABarappapp,129,29170,4170,-356,-373,1205,27.4,378,184,33,137809
ABarappp:69,ABarappp,69,28281,3281,-564,-529,3230,23.2,376,170,48,324226
ABarappp:70,ABarappp,70,28388,3388,-354,-339,3375,23.0,365,181,45,258181
ABarappp:71,ABarappp,71,28456,3456,-780,-836,3400,23.0,360,187,44,289578
ABarappp:72,ABarappp,72,29550,4550,383,404,4440,22.0,362,190,44,278711
ABarappp:73,ABarappp,73,28692,3692,-811,-789,3635,21.1,375,184,46,352798
ABarappp:74,ABarappp,74,28585,3585,-473,-497,3568,22.0,377,175,44,312462
ABarappp:75,ABarappp,75,28016,3016,-1358,-1336,2987,22.1,382,172,44,312842
ABarappp:76,ABarappp,76,28473,3473,-487,-521,3455,22.0,380,162,44,324173
ABarappp:77,ABarappp,77,28200,3200,-1000,-1072,3177,21.0,384,158,44,326199
ABarappp:78,ABarappp,78,28696,3696,-791,-813,3647,20.2,378,159,48,420577
ABarappp:79,ABarappp,79,28403,3403,-1049,-1139,3351,20.1,376,156,44,365603
ABarappp:80,ABarappp,80,29010,4010,-392,-387,3948,21.0,374,152,44,366719
ABarappp:81,ABarappp,81,28052,3052,-1301,-1294,2964,20.0,376,148,44,390473
ABarappp:82,ABarappp,82,28307,3307,-1119,-1227,3177,20.1,382,151,44,399326
ABarappp:83,ABarappp,83,28559,3559,-476,-404,3502,20.1,383,162,44,386824
ABarappp:84,ABarappp,84,28722,3722,-813,-839,3662,19.0,387,153,44,389190
ABarappp:85,ABarappp,85,28690,3690,-843,-804,3620,19.1,382,150,48,530834
ABarappp:86,ABarappp,86,28976,3976,-858,-879,3880,19.2,384,147,46,463314
ABarappp:87,ABarappp,87,28122,3122,-1332,-1366,2999,20.0,386,146,45,458980
ABarappp:88,ABarappp,88,27867,2867,-1281,-1302,2761,21.0,379,145,45,465530
ABarappp:89,ABarappp,89,27938,2938,-1097,-1345,2750,21.9,385,145,45,483884
ABarappp:90,ABarappp,90,28174,3174,-800,-903,3090,21.0,372,150,44,361374
ABarapppa:91,ABarapppa,91,27552,2552,-1377,-1646,2388,22.0,346,127,28,122247
ABarapppa:92,ABarapppa,92,28362,3362,-225,-406,2638,20.3,331,125,29,106453
ABarapppa:93,ABarapppa,93,28132,3132,-1029,-1010,2917,19.9,319,131,39,229219
ABarapppa:94,ABarapppa,94,28429,3429,-926,-874,3000,19.2,313,135,40,229106
ABarapppa:95,ABarapppa,95,28365,3365,-737,-803,3026,21.1,305,120,39,260097
ABarapppa:96,ABarapppa,96,29474,4474,701,655,3752,21.1,300,106,36,256752
ABarapppa:97,ABarapppa,97,29559,4559,166,36,4240,21.1,306,99,36,252833
ABarapppa:98,ABarapppa,98,29111,4111,356,267,3772,21.1,310,104,40,317816
ABarapppa:99,ABarapppa,99,28441,3441,-680,-778,2728,22.0,320,109,36,286223
ABarapppa:100,ABarapppa,100,27335,2335,-1489,-1847,1158,22.0,328,107,36,288460
ABarapppa:101,ABarapppa,101,28139,3139,-780,-635,2058,23.0,334,106,36,297552
ABarapppa:102,ABarapppa,102,28417,3417,-953,-1043,2234,22.2,345,96,38,333026
ABarapppa:103,ABarapppa,103,27896,2896,-1069,-924,1024,22.1,351,93,38,318718
ABarapppa:104,ABarapppa,104,28014,3014,-1046,-1202,1685,23.1,351,95,36,317269
ABarapppa:105,ABarapppa,105,27857,2857,-837,-969,1495,23.1,349,97,38,367157
ABarapppa:106,ABarapppa,106,29086,4086,92,-43,3000,24.0,342,98,36,349514
ABarapppa:107,ABarapppa,107,28294,3294,-797,-838,2184,24.1,327,100,36,341843
ABarapppa:108,ABarapppa,108,28925,3925,-8,-163,3423,24.2,319,100,40,387772
ABarapppa:109,ABarapppa,109,27977,2977,-1321,-1438,2073,25.0,324,100,38,395422
ABarapppa:110,ABarapppa,110,29142,4142,-374,-435,2848,24.2,326,103,40,260084
ABarapppa:111,ABarapppa,111,28625,3625,-750,-797,2676,25.2,315,102,39,227017
ABarapppa:112,ABarapppa,112,28725,3725,-427,-418,3290,26.1,306,100,39,252108
ABarapppa:113,ABarapppa,113,29403,4403,206,203,4118,26.2,297,96,39,243222
ABarapppa:114,ABarapppa,114,28559,3559,-789,-826,3140,26.2,301,100,37,215168
ABarapppa:115,ABarapppa,115,29289,4289,359,378,3673,26.1,302,108,39,252688
ABarapppa:116,ABarapppa,116,27824,2824,-1410,-1448,2396,27.0,303,120,39,253190
ABarapppa:117,ABarapppa,117,29495,4495,56,116,4154,27.1,305,131,38,216463
ABarapppa:118,ABarapppa,118,29019,4019,-46,-79,3590,27.1,292,129,36,211706
ABarapppa:119,ABarapppa,119,28471,3471,-780,-697,2626,26.2,282,136,36,227398
ABarapppa:120,ABarapppa,120,28905,3905,-223,-372,2455,27.0,284,136,34,181051
ABarapppaa:121,ABarapppaa,121,29768,4768,245,341,4040,27.0,262,133,33,148041
ABarapppaa:122,ABarapppaa,122,28635,3635,-205,19,2606,28.0,267,138,34,148041
ABarapppaa:123,ABarapppaa,123,29161,4161,8,-105,3389,29.0,272,144,36,182322
ABarapppaa:124,ABarapppaa,124,28595,3595,-842,-842,2893,29.0,265,155,36,181821
ABarapppaa:125,ABarapppaa,125,29086,4086,-9,-38,3012,28.2,269,161,36,172460
ABarapppaa:126,ABarapppaa,126,28468,3468,-714,-691,1907,28.2,269,155,36,187430
ABarapppaa:127,ABarapppaa,127,29229,4229,-256,-319,3076,29.1,264,151,36,201745
ABarapppaa:128,ABarapppaa,128,29293,4293,-155,-223,2280,29.1,264,154,36,204080
ABarapppaa:129,ABarapppaa,129,29594,4594,31,22,3644,29.0,261,154,32,152924
ABarapppap:121,ABarapppap,121,29592,4592,-135,-380,3199,26.0,307,145,33,143182
ABarapppap:122,ABarapppap,122,28869,3869,-1643,-1713,1953,25.0,308,151,29,89108
ABarapppap:123,ABarapppap,123,29937,4937,-679,-166,2028,25.1,306,151,36,183213
ABarapppap:124,ABarapppap,124,32420,7420,846,1475,3391,24.1,299,145,36,214806
ABarapppap:125,ABarapppap,125,31004,6004,-265,-107,3817,25.1,306,152,36,206574
ABarapppap:126,ABarapppap,126,32064,7064,855,1319,4065,25.2,309,158,36,192918
ABarapppap:127,ABarapppap,127,30726,5726,256,129,3942,25.2,312,166,36,180757
ABarapppap:128,ABarapppap,128,29269,4269,-1120,-880,2343,26.0,311,171,36,201791
ABarapppap:129,ABarapppap,129,30298,5298,-236,-202,3421,25.2,302,175,36,190833
ABarapppp:91,ABarapppp,91,28046,3046,-766,-822,1924,19.2,383,173,40,219425
ABarapppp:92,ABarapppp,92,28482,3482,-560,-683,2503,19.0,375,176,40,246756
ABarapppp:93,ABarapppp,93,28262,3262,-664,-759,2210,19.0,377,160,39,240853
ABarapppp:94,ABarapppp,94,28315,3315,-556,-523,2633,20.0,380,159,38,245903
ABarapppp:95,ABarapppp,95,28273,3273,-821,-843,2691,21.0,374,148,37,214804
ABarapppp:96,ABarapppp,96,27934,2934,-1340,-1373,2558,21.1,372,147,38,240456
ABarapppp:97,ABarapppp,97,28759,3759,-364,-322,3351,21.2,371,142,40,273899
ABarapppp:98,ABarapppp,98,28094,3094,-1408,-1570,2748,21.2,373,141,40,261491
ABarapppp:99,ABarapppp,99,28443,3443,-481,-481,3090,22.2,374,143,40,246292
ABarapppp:100,ABarapppp,100,28536,3536,-603,-486,3171,23.0,374,138,36,244245
ABarapppp:101,ABarapppp,101,28264,3264,-617,-562,2887,23.2,379,131,38,269028
ABarapppp:102,ABarapppp,102,29646,4646,910,812,4107,24.0,386,124,40,335502
ABarapppp:103,ABarapppp,103,28395,3395,-684,-515,2909,23.0,386,127,40,331735
ABarapppp:104,ABarapppp,104,28003,3003,-1068,-1212,2525,24.0,386,131,40,350501
ABarapppp:105,ABarapppp,105,27935,2935,-1205,-1281,2166,23.2,386,129,40,341486
ABarapppp:106,ABarapppp,106,27831,2831,-1316,-1423,2200,23.0,385,124,40,349963
ABarapppp:107,ABarapppp,107,29032,4032,-417,-424,3499,23.1,373,130,40,371736
ABarapppp:108,ABarapppp,108,27353,2353,-1454,-1564,2018,24.0,372,122,40,410626
ABarapppp:109,ABarapppp,109,28184,3184,-1214,-1328,2749,24.1,376,121,40,400004
ABarapppp:110,ABarapppp,110,29588,4588,322,216,4191,24.2,376,122,40,241310
ABarapppp:111,ABarapppp,111,29604,4604,10,-155,4197,25.1,364,120,39,232777
ABarapppp:112,ABarapppp,112,28909,3909,-599,-604,3375,25.1,357,122,39,231233
ABarapppp:113,ABarapppp,113,29108,4108,-282,-369,3412,26.0,351,121,39,240034
ABarapppp:114,ABarapppp,114,28851,3851,-1032,-1138,3328,25.2,353,121,39,238919
ABarapppp:115,ABarapppp,115,28544,3544,-755,-852,3251,26.1,347,122,39,246629
ABarapppp:116,ABarapppp,116,28578,3578,-894,-1062,3141,26.0,347,124,39,245003
ABarapppp:117,ABarapppp,117,29188,4188,90,99,3850,26.0,348,125,34,197217
ABarapppp:118,ABarapppp,118,28430,3430,-876,-870,2954,26.1,334,125,34,207070
ABarappppa:119,ABarappppa,119,29345,4345,388,333,3684,27.9,304,116,34,164255
ABarappppa:120,ABarappppa,120,28907,3907,-220,-186,2821,27.0,308,107,36,191817
ABarappppa:121,ABarappppa,121,29354,4354,-73,-66,3058,27.1,307,108,37,193173
ABarappppa:122,ABarappppa,122,29539,4539,338,492,3479,27.3,307,117,36,177519
ABarappppa:123,ABarappppa,123,27911,2911,-1254,-1333,2045,28.1,301,112,36,211165
ABarappppa:124,ABarappppa,124,29120,4120,-274,-267,2923,28.1,298,121,36,204718
ABarappppa:125,ABarappppa,125,29144,4144,-515,-712,2516,28.1,305,127,36,196300
ABarappppa:126,ABarappppa,126,28974,3974,-851,-602,1842,28.1,304,138,36,189291
ABarappppa:127,ABarappppa,127,30312,5312,992,795,4406,29.0,302,136,36,219353
ABarappppa:128,ABarappppa,128,29091,4091,-463,-441,2609,29.0,299,140,36,225378
ABarappppa:129,ABarappppa,129,28646,3646,-1361,-1548,2741,29.0,298,145,36,214058
ABarappppp:119,ABarappppp,119,29598,4598,327,26,4031,25.1,349,132,36,188026
ABarappppp:120,ABarappppp,120,29349,4349,-587,-482,3629,25.1,351,127,34,171139
ABarappppp:121,ABarappppp,121,30319,5319,374,341,3637,24.2,351,137,37,189006
ABarappppp:122,ABarappppp,122,29361,4361,221,92,3103,26.1,363,131,34,169750
ABarappppp:123,ABarappppp,123,28417,3417,-1237,-1172,675,27.1,354,132,36,223021
ABarappppp:124,ABarappppp,124,28380,3380,-1656,-1645,713,26.0,347,121,36,220566
ABarappppp:125,ABarappppp,125,29545,4545,-15,-17,2505,27.0,348,128,36,238480
ABarappppp:126,ABarappppp,126,29967,4967,-261,-83,3213,27.1,348,131,36,229970
ABarappppp:127,ABarappppp,127,29076,4076,-642,-685,3454,27.2,353,136,36,216230
ABarappppp:128,ABarappppp,128,30032,5032,-75,-44,3884,27.3,347,136,36,214045
ABarappppp:129,ABarappppp,129,30420,5420,164,213,4076,27.2,336,139,36,230415
ABarp:22,ABarp,22,28242,3242,-1609,-1598,3042,14.4,365,136,63,866865
ABarp:23,ABarp,23,28126,3126,-1612,-1646,2977,14.4,356,140,63,846030
ABarp:24,ABarp,24,27968,2968,-1706,-1687,2957,13.3,355,135,65,973298
ABarp:25,ABarp,25,27834,2834,-1830,-1823,2823,12.9,352,127,66,1179970
ABarp:26,ABarp,26,27662,2662,-1980,-1980,2662,12.5,356,121,69,1449295
ABarp:27,ABarp,27,27694,2694,-1913,-1912,2694,13.1,358,123,71,1716116
ABarp:28,ABarp,28,27863,2863,-1934,-1930,2863,13.5,345,121,70,1814857
ABarp:29,ABarp,29,27677,2677,-1816,-1811,2677,13.7,335,108,67,1643534
ABarp:30,ABarp,30,27972,2972,-1383,-1379,2972,14.7,330,105,69,1875383
ABarp:31,ABarp,31,27675,2675,-1829,-1832,2675,13.0,326,113,74,2298537
ABarp:32,ABarp,32,27887,2887,-1484,-1484,2887,13.1,335,130,59,1017768
ABarpa:33,ABarpa,33,28736,3736,-1075,-1092,3736,14.7,306,108,65,909604
ABarpa:34,ABarpa,34,28552,3552,-898,-908,3552,15.6,312,106,64,892874
ABarpa:35,ABarpa,35,28303,3303,-1444,-1443,3303,14.0,307,107,59,765632
ABarpa:36,ABarpa,36,28132,3132,-2015,-2015,3132,13.7,296,105,60,900215
ABarpa:37,ABarpa,37,28045,3045,-1864,-1867,3045,12.9,279,100,61,1048612
ABarpa:38,ABarpa,38,28383,3383,-1552,-1552,3383,12.9,278,93,61,1159824
ABarpa:39,ABarpa,39,27673,2673,-2175,-2200,2673,13.1,278,92,62,1287925
ABarpa:40,ABarpa,40,27941,2941,-1791,-1798,2941,13.9,282,90,62,1360692
ABarpa:41,ABarpa,41,27759,2759,-2175,-2175,2759,13.8,288,97,62,1356060
ABarpa:42,ABarpa,42,28332,3332,-1735,-1736,3332,11.4,286,99,62,1361476
ABarpa:43,ABarpa,43,28065,3065,-2090,-2092,3065,11.2,280,103,65,1536118
ABarpa:44,ABarpa,44,28319,3319,-1683,-1683,3319,12.0,276,102,64,1551256
ABarpa:45,ABarpa,45,28027,3027,-2126,-2126,3027,11.9,281,108,62,1412261
ABarpa:46,ABarpa,46,28035,3035,-1910,-1910,3035,12.0,281,103,62,1472814
ABarpa:47,ABarpa,47,27884,2884,-2147,-2147,2884,12.8,281,107,61,1351315
ABarpa:48,ABarpa,48,28251,3251,-1765,-1765,3251,12.8,286,114,61,1362270
ABarpa:49,ABarpa,49,27950,2950,-2083,-2083,2950,11.9,285,119,62,1138527
ABarpa:50,ABarpa,50,28189,3189,-1454,-1454,3189,13.6,282,106,61,1092993
ABarpaa:51,ABarpaa,51,28876,3876,-776,-782,3874,11.4,258,99,47,458961
ABarpaa:52,ABarpaa,52,29469,4469,-523,-563,4468,12.2,265,97,52,658900
ABarpaa:53,ABarpaa,53,29745,4745,387,387,4745,11.8,264,90,55,711879
ABarpaa:54,ABarpaa,54,30412,5412,1057,1057,5412,11.8,259,83,55,730290
ABarpaa:55,ABarpaa,55,31122,6122,1536,1537,6122,11.2,256,86,55,825818
ABarpaa:56,ABarpaa,56,31860,6860,2159,2159,6860,10.8,256,93,55,827620
ABarpaa:57,ABarpaa,57,32474,7474,2211,2204,7474,10.2,265,98,55,838618
ABarpaa:58,ABarpaa,58,32174,7174,1847,1863,7174,10.2,257,100,55,877562
ABarpaa:59,ABarpaa,59,34870,9870,4659,4659,9870,10.1,258,98,54,899090
ABarpaa:60,ABarpaa,60,35176,10176,4822,4822,10176,10.3,249,101,55,889052
ABarpaa:61,ABarpaa,61,36738,11738,6542,6533,11738,10.4,253,103,55,840586
ABarpaa:62,ABarpaa,62,37340,12340,6989,6989,12340,11.0,258,103,53,851105
ABarpaa:63,ABarpaa,63,38679,13679,8439,8432,13679,11.2,259,100,55,775413
ABarpaa:64,ABarpaa,64,39599,14599,9400,9400,14599,11.9,269,90,54,816943
ABarpaa:65,ABarpaa,65,40090,15090,9812,9812,15090,11.9,273,96,54,840827
ABarpaa:66,ABarpaa,66,41375,16375,11056,11058,16375,12.1,261,92,54,819782
ABarpaa:67,ABarpaa,67,32374,7374,1313,1313,7374,13.2,256,81,53,648217
ABarpaaa:68,ABarpaaa,68,31959,6959,513,501,6726,15.4,242,62,38,286791
ABarpaaa:69,ABarpaaa,69,37074,12074,7361,7526,11994,14.9,238,60,50,483555
ABarpaaa:70,ABarpaaa,70,40382,15382,11012,11061,15246,14.9,239,60,45,339694
ABarpaaa:71,ABarpaaa,71,43008,18008,13792,13792,18003,14.9,242,62,44,349620
ABarpaaa:72,ABarpaaa,72,43799,18799,14246,14246,18794,14.9,247,68,44,377253
ABarpaaa:73,ABarpaaa,73,44162,19162,14524,14550,19112,15.0,242,65,44,383167
ABarpaaa:74,ABarpaaa,74,47148,22148,17551,17534,22073,15.0,246,63,44,401741
ABarpaaa:75,ABarpaaa,75,44567,19567,14729,14741,19518,15.1,238,67,44,406509
ABarpaaa:76,ABarpaaa,76,47023,22023,16969,16977,21981,15.0,241,66,44,403603
ABarpaaa:77,ABarpaaa,77,47281,22281,17244,17350,22231,15.0,245,63,44,423938
ABarpaaa:78,ABarpaaa,78,48404,23404,18594,18668,23350,14.1,243,69,44,413293
ABarpaaa:79,ABarpaaa,79,47538,22538,17049,17063,22538,13.1,234,76,44,395466
ABarpaaa:80,ABarpaaa,80,48317,23317,18023,18124,23290,12.9,235,77,44,407901
ABarpaaa:81,ABarpaaa,81,50768,25768,20150,20240,25741,12.1,236,82,44,393493
ABarpaaa:82,ABarpaaa,82,51865,26865,20979,20998,26848,11.1,246,83,44,408389
ABarpaaa:83,ABarpaaa,83,50180,25180,19069,19212,25130,11.9,243,82,44,426903
ABarpaaa:84,ABarpaaa,84,50387,25387,18803,18987,25281,11.0,245,88,44,425581
ABarpaaa:85,ABarpaaa,85,50763,25763,18935,19305,25519,10.9,240,92,44,416548
ABarpaaa:86,ABarpaaa,86,49274,24274,18167,18341,24203,10.0,242,94,46,497297
ABarpaaa:87,ABarpaaa,87,52658,27658,20411,20646,27567,9.0,245,102,45,429481
ABarpaaa:88,ABarpaaa,88,46984,21984,14838,14987,21888,9.0,235,104,47,504399
ABarpaaa:89,ABarpaaa,89,50602,25602,18489,18678,25507,10.0,231,94,45,446881
ABarpaaa:90,ABarpaaa,90,52829,27829,19593,19798,27524,10.0,220,100,44,377736
ABarpaaa:91,ABarpaaa,91,52753,27753,19729,20027,27278,9.9,212,98,42,352545
ABarpaaa:92,ABarpaaa,92,50995,25995,17475,17796,25584,8.2,212,114,44,385316
ABarpaaa:93,ABarpaaa,93,39041,14041,3862,3893,13274,8.0,212,122,39,334486
ABarpaaa:94,ABarpaaa,94,36222,11222,450,450,10981,8.1,209,139,36,314610
ABarpaaaa:95,ABarpaaaa,95,37825,12825,3188,3188,12036,9.5,182,120,35,188843
ABarpaaaa:96,ABarpaaaa,96,52679,27679,20080,20300,27034,10.0,168,129,36,241143
ABarpaaaa:97,ABarpaaaa,97,54566,29566,21894,22098,28230,10.9,161,131,36,224658
ABarpaaaa:98,ABarpaaaa,98,50498,25498,18129,18342,24416,10.9,154,131,36,237953
ABarpaaaa:99,ABarpaaaa,99,50078,25078,18468,18625,24202,10.2,152,132,38,264284
ABarpaaaa:100,ABarpaaaa,100,54013,29013,21729,21911,27499,10.9,151,133,36,252248
ABarpaaaa:101,ABarpaaaa,101,51797,26797,20339,20418,26202,10.9,150,125,36,250163
ABarpaaaa:102,ABarpaaaa,102,51629,26629,20271,20351,25637,10.3,149,119,38,287515
ABarpaaaa:103,ABarpaaaa,103,50083,25083,17391,17591,23715,10.1,150,130,36,260016
ABarpaaaa:104,ABarpaaaa,104,48697,23697,16710,17013,22264,10.2,146,135,36,265722
ABarpaaaa:105,ABarpaaaa,105,49524,24524,16589,16819,23107,10.1,152,138,38,299500
ABarpaaaa:106,ABarpaaaa,106,52083,27083,19252,19475,25231,9.8,154,131,36,265127
ABarpaaaa:107,ABarpaaaa,107,48226,23226,15704,15983,21876,9.1,158,138,38,302242
ABarpaaaa:108,ABarpaaaa,108,52787,27787,19447,20090,25977,9.1,158,140,36,266893
ABarpaaaa:109,ABarpaaaa,109,51444,26444,17797,18610,24590,9.0,162,140,36,283772
ABarpaaaa:110,ABarpaaaa,110,49730,24730,16601,16728,24101,8.2,165,137,38,187582
ABarpaaaa:111,ABarpaaaa,111,49745,24745,15970,16742,23136,8.3,162,145,39,194295
ABarpaaaa:112,ABarpaaaa,112,48760,23760,14939,15629,22454,8.4,157,147,37,170628
ABarpaaaa:113,ABarpaaaa,113,50610,25610,16610,17651,24086,8.3,158,141,39,196373
ABarpaaaa:114,ABarpaaaa,114,47694,22694,13688,14490,21400,8.2,159,143,39,199996
ABarpaaaa:115,ABarpaaaa,115,49460,24460,14823,16038,22589,8.2,168,139,37,197208
ABarpaaaa:116,ABarpaaaa,116,45440,20440,11488,12897,18637,8.3,161,147,39,207526
ABarpaaaa:117,ABarpaaaa,117,51741,26741,16473,18487,22637,9.0,165,144,36,205238
ABarpaaaa:118,ABarpaaaa,118,48407,23407,13289,14730,21188,8.1,163,157,36,203629
ABarpaaaa:119,ABarpaaaa,119,49081,24081,13314,14669,21753,8.1,167,147,38,231984
ABarpaaaa:120,ABarpaaaa,120,45817,20817,9534,10734,19172,7.3,178,147,36,199486
ABarpaaaa:121,ABarpaaaa,121,47385,22385,11057,12896,19820,7.2,181,152,35,165398
ABarpaaaa:122,ABarpaaaa,122,46559,21559,9955,11013,20035,7.2,187,142,36,202205
ABarpaaaa:123,ABarpaaaa,123,45732,20732,10122,11192,19502,7.2,195,141,36,214970
ABarpaaaa:124,ABarpaaaa,124,36948,11948,731,1388,7793,8.9,197,138,32,169175
ABarpaaaa:125,ABarpaaaa,125,37302,12302,322,810,9388,9.0,198,146,32,187245
ABarpaaaaa:126,ABarpaaaaa,126,35560,10560,220,912,6925,9.1,184,127,29,116350
ABarpaaaaa:127,ABarpaaaaa,127,41957,16957,6825,9310,9708,8.9,188,127,32,150710
ABarpaaaaa:128,ABarpaaaaa,128,43351,18351,9303,10905,12411,9.0,194,122,32,162899
ABarpaaaaa:129,ABarpaaaaa,129,43218,18218,8935,10369,13115,9.2,188,118,32,145928
ABarpaaaap:126,ABarpaaaap,126,34333,9333,-2836,-1377,4997,8.8,210,167,32,141376
ABarpaaaap:127,ABarpaaaap,127,44218,19218,9379,10120,16227,8.1,207,175,32,135216
ABarpaaaap:128,ABarpaaaap,128,44529,19529,10182,10533,16140,8.0,206,174,32,145094
ABarpaaaap:129,ABarpaaaap,129,41357,16357,6330,7135,12922,8.9,204,168,32,138924
ABarpaaap:95,ABarpaaap,95,35186,10186,184,120,9891,7.2,222,153,29,129925
ABarpaaap:96,ABarpaaap,96,46591,21591,13163,13185,21256,7.1,215,146,36,224327
ABarpaaap:97,ABarpaaap,97,49516,24516,17037,17360,23803,7.1,214,146,36,209789
ABarpaaap:98,ABarpaaap,98,49655,24655,16270,17388,23317,6.9,215,153,36,217926
ABarpaaap:99,ABarpaaap,99,46393,21393,11682,12963,19647,7.0,213,147,36,226107
ABarpaaap:100,ABarpaaap,100,48810,23810,14208,15197,21668,6.9,211,147,36,224380
ABarpaaap:101,ABarpaaap,101,49617,24617,15451,16081,22752,7.0,206,144,36,244959
ABarpaaap:102,ABarpaaap,102,48094,23094,14441,15337,21869,7.1,197,137,36,243029
ABarpaaap:103,ABarpaaap,103,50087,25087,15786,16627,23934,7.0,197,140,36,246309
ABarpaaap:104,ABarpaaap,104,50490,25490,14946,16573,23686,7.2,194,149,36,247046
ABarpaaap:105,ABarpaaap,105,45358,20358,10023,12199,18552,7.1,192,152,38,270980
ABarpaaap:106,ABarpaaap,106,51165,26165,16048,17623,24267,7.2,192,150,36,255621
ABarpaaap:107,ABarpaaap,107,48421,23421,14010,15844,20615,7.8,200,148,36,250463
ABarpaaap:108,ABarpaaap,108,49083,24083,13887,15569,21798,7.8,199,148,36,253748
ABarpaaap:109,ABarpaaap,109,50286,25286,15590,16983,22762,7.8,204,144,36,264853
ABarpaaap:110,ABarpaaap,110,47643,22643,12289,13918,20375,7.8,214,143,36,175508
ABarpaaap:111,ABarpaaap,111,49079,24079,13207,14859,21990,7.9,207,145,35,154165
ABarpaaap:112,ABarpaaap,112,51922,26922,16157,18068,25023,7.2,201,143,37,181723
ABarpaaap:113,ABarpaaap,113,52465,27465,16513,18816,25130,7.2,199,146,37,174782
ABarpaaap:114,ABarpaaap,114,53207,28207,16278,18285,25011,7.9,202,145,35,153140
ABarpaaap:115,ABarpaaap,115,51761,26761,16480,18302,24641,7.2,205,150,37,193957
ABarpaaap:116,ABarpaaap,116,51892,26892,16075,17942,25159,7.1,201,149,37,198462
ABarpaaap:117,ABarpaaap,117,52479,27479,15999,18320,25184,7.2,199,147,38,217126
ABarpaaap:118,ABarpaaap,118,59617,34617,23691,24382,33616,7.2,203,152,36,198597
ABarpaaap:119,ABarpaaap,119,58636,33636,22226,22855,32128,7.1,206,154,36,203924
ABarpaaap:120,ABarpaaap,120,58547,33547,22104,22539,31127,7.1,217,160,36,223764
ABarpaaap:121,ABarpaaap,121,59081,34081,23352,24569,31440,7.2,220,167,37,210342
ABarpaaap:122,ABarpaaap,122,63015,38015,26343,27685,33933,7.1,222,163,36,223050
ABarpaaap:123,ABarpaaap,123,60840,35840,24013,26305,31004,7.2,229,164,36,213967
ABarpaaap:124,ABarpaaap,124,64179,39179,26358,27317,34028,7.1,224,159,32,164163
ABarpaaap:125,ABarpaaap,125,62129,37129,23835,24328,33069,7.1,232,156,32,174295
ABarpaaap:126,ABarpaaap,126,44196,19196,4106,4939,13696,7.8,241,158,32,180926
ABarpaaap:127,ABarpaaap,127,45011,20011,4632,5517,14631,8.9,236,161,32,178378
ABarpaaapa:128,ABarpaaapa,128,44133,19133,5357,5918,15131,8.1,221,147,28,113264
ABarpaaapa:129,ABarpaaapa,129,56608,31608,17746,17383,28872,8.2,217,134,30,135828
ABarpaaapp:128,ABarpaaapp,128,42142,17142,1601,2941,10950,8.1,251,157,28,104431
ABarpaaapp:129,ABarpaaapp,129,42692,17692,5139,7938,3552,7.7,255,160,32,142057
ABarpaap:68,ABarpaap,68,31721,6721,-539,-581,6560,12.1,259,93,36,283074
ABarpaap:69,ABarpaap,69,43494,18494,12212,12253,18410,10.4,256,95,48,397747
ABarpaap:70,ABarpaap,70,46388,21388,15173,15181,21362,10.1,258,97,45,333568
ABarpaap:71,ABarpaap,71,48929,23929,17382,17382,23926,10.0,267,112,44,323836
ABarpaap:72,ABarpaap,72,52287,27287,20523,20520,27282,9.1,261,115,44,321884
ABarpaap:73,ABarpaap,73,49255,24255,17631,17628,24254,9.1,259,121,46,394099
ABarpaap:74,ABarpaap,74,50876,25876,18615,18614,25866,9.0,260,120,44,345483
ABarpaap:75,ABarpaap,75,52221,27221,20060,20058,27203,9.0,261,122,44,354684
ABarpaap:76,ABarpaap,76,50298,25298,17324,17324,25294,8.1,260,120,46,388590
ABarpaap:77,ABarpaap,77,53048,28048,19638,19636,27986,8.9,262,115,44,356415
ABarpaap:78,ABarpaap,78,52408,27408,18995,18995,27404,8.2,270,126,46,403445
ABarpaap:79,ABarpaap,79,52539,27539,20142,20142,27536,8.0,267,134,48,470294
ABarpaap:80,ABarpaap,80,50819,25819,17523,17523,25819,7.3,265,142,46,392031
ABarpaap:81,ABarpaap,81,55382,30382,22261,22277,30367,8.1,258,139,46,425283
ABarpaap:82,ABarpaap,82,55649,30649,22394,22392,30620,8.0,256,146,44,356202
ABarpaap:83,ABarpaap,83,55486,30486,22776,22782,30368,8.0,259,153,46,418410
ABarpaap:84,ABarpaap,84,55282,30282,22469,22525,30167,7.4,261,158,48,457398
ABarpaap:85,ABarpaap,85,54943,29943,21649,21731,29743,7.3,258,164,46,423849
ABarpaap:86,ABarpaap,86,55641,30641,22204,22968,30209,8.2,264,171,48,514476
ABarpaap:87,ABarpaap,87,55915,30915,21667,22547,29977,9.0,264,178,45,418835
ABarpaap:88,ABarpaap,88,54037,29037,20292,20945,28725,9.0,255,172,47,497083
ABarpaap:89,ABarpaap,89,39389,14389,3953,4156,14186,9.0,258,165,45,419597
ABarpaap:90,ABarpaap,90,35246,10246,-1041,-1041,10198,8.3,237,164,36,261853
ABarpaapa:91,ABarpaapa,91,41286,16286,5293,5353,16073,9.0,202,147,32,167844
ABarpaapa:92,ABarpaapa,92,51516,26516,16637,16715,26319,8.2,192,161,36,171174
ABarpaapa:93,ABarpaapa,93,57914,32914,23558,23727,32044,8.9,188,169,39,210512
ABarpaapa:94,ABarpaapa,94,58042,33042,22801,23831,31539,9.0,177,181,38,222502
ABarpaapa:95,ABarpaapa,95,55128,30128,20710,22012,27631,8.0,167,182,41,244145
ABarpaapa:96,ABarpaapa,96,58005,33005,22750,23790,30927,7.2,175,184,38,224189
ABarpaapa:97,ABarpaapa,97,60940,35940,26218,26836,34808,7.2,177,186,38,225312
ABarpaapa:98,ABarpaapa,98,62057,37057,26995,27296,36116,7.2,178,187,38,216973
ABarpaapa:99,ABarpaapa,99,64249,39249,29362,29652,38345,7.1,181,187,38,228791
ABarpaapa:100,ABarpaapa,100,68656,43656,33505,33697,42822,7.1,183,185,38,232811
ABarpaapa:101,ABarpaapa,101,67625,42625,32810,33461,41742,7.1,182,184,40,263286
ABarpaapa:102,ABarpaapa,102,67821,42821,32819,33340,41501,7.1,186,181,38,239715
ABarpaapa:103,ABarpaapa,103,67628,42628,32309,33611,41014,7.2,187,186,40,271205
ABarpaapa:104,ABarpaapa,104,71851,46851,35354,36504,44859,7.3,186,190,38,242803
ABarpaapa:105,ABarpaapa,105,69451,44451,33195,33709,43685,7.2,191,192,38,248320
ABarpaapa:106,ABarpaapa,106,71629,46629,35940,36860,45341,7.2,199,192,40,269619
ABarpaapa:107,ABarpaapa,107,79974,54974,43435,43905,54249,8.1,205,192,38,276624
ABarpaapa:108,ABarpaapa,108,84075,59075,46450,46722,58035,7.9,198,193,36,247970
ABarpaapa:109,ABarpaapa,109,84175,59175,45979,46559,57625,7.9,208,189,36,258452
ABarpaapa:110,ABarpaapa,110,76836,51836,40253,40838,51034,7.2,220,186,40,192867
ABarpaapa:111,ABarpaapa,111,77856,52856,41209,41773,51899,7.3,217,187,39,178397
ABarpaapa:112,ABarpaapa,112,76613,51613,39187,39878,50663,7.3,214,184,39,167326
ABarpaapa:113,ABarpaapa,113,85114,60114,47237,48224,59087,8.0,217,182,39,194954
ABarpaapa:114,ABarpaapa,114,75766,50766,37934,38577,49936,7.3,217,185,39,172637
ABarpaapa:115,ABarpaapa,115,84601,59601,47684,48037,58952,8.0,221,191,39,196192
ABarpaapa:116,ABarpaapa,116,82666,57666,45182,45604,57064,8.1,224,186,39,212862
ABarpaapa:117,ABarpaapa,117,79752,54752,41543,42094,54103,8.2,223,182,38,207850
ABarpaapa:118,ABarpaapa,118,44810,19810,640,695,18973,9.0,225,187,32,157523
ABarpaapaa:119,ABarpaapaa,119,47589,22589,6903,7114,19180,9.3,222,191,30,107177
ABarpaapaa:120,ABarpaapaa,120,43571,18571,5048,5794,13907,9.4,215,187,30,110841
ABarpaapaa:121,ABarpaapaa,121,50726,25726,13639,15752,18502,10.2,218,187,33,140057
ABarpaapaa:122,ABarpaapaa,122,58416,33416,21833,24107,24813,9.9,219,183,32,146761
ABarpaapaa:123,ABarpaapaa,123,59718,34718,23251,25365,27880,10.1,227,182,32,155845
ABarpaapaa:124,ABarpaapaa,124,63536,38536,26622,27719,32758,10.0,229,178,32,151996
ABarpaapaa:125,ABarpaapaa,125,59395,34395,23210,23902,28805,10.1,235,179,32,149336
ABarpaapaa:126,ABarpaapaa,126,60205,35205,24161,24663,32882,10.1,238,185,32,151847
ABarpaapaa:127,ABarpaapaa,127,55947,30947,20763,21545,28737,10.2,241,190,32,150132
ABarpaapaa:128,ABarpaapaa,128,61720,36720,26300,26702,34483,10.1,251,184,32,152949
ABarpaapaa:129,ABarpaapaa,129,60850,35850,26480,27869,51328,9.9,252,176,32,165653
ABarpaapap:119,ABarpaapap,119,44990,19990,1378,1899,16766,8.2,250,192,28,80743
ABarpaapap:120,ABarpaapap,120,60684,35684,17248,17248,35338,7.4,263,195,28,86173
ABarpaapap:121,ABarpaapap,121,89891,64891,50915,51078,63721,8.0,271,201,33,126521
ABarpaapap:122,ABarpaapap,122,88766,63766,49186,50128,60443,7.4,280,199,34,115177
ABarpaapap:123,ABarpaapap,123,91010,66010,50404,51562,61162,7.2,292,199,34,126463
ABarpaapap:124,ABarpaapap,124,88125,63125,45744,49881,57022,7.2,293,202,36,156555
ABarpaapap:125,ABarpaapap,125,91841,66841,50582,53964,62086,7.2,304,191,36,162801
ABarpaapap:126,ABarpaapap,126,99618,74618,58714,60316,70941,8.0,307,187,34,139985
ABarpaapap:127,ABarpaapap,127,89586,64586,46908,50296,59111,7.2,304,185,36,166883
ABarpaapap:128,ABarpaapap,128,90356,65356,48311,52731,58463,7.3,307,183,36,164157
ABarpaapap:129,ABarpaapap,129,91974,66974,51669,54365,62592,7.1,307,175,36,172483
ABarpaapp:91,ABarpaapp,91,42503,17503,7067,7103,17110,8.2,256,184,34,170622
ABarpaapp:92,ABarpaapp,92,59060,34060,25214,25648,33552,8.9,245,197,40,228934
ABarpaapp:93,ABarpaapp,93,61454,36454,27772,27832,35835,9.0,243,206,39,217043
ABarpaapp:94,ABarpaapp,94,62956,37956,29204,28883,37532,8.9,234,221,38,210033
ABarpaapp:95,ABarpaapp,95,66422,41422,32262,31848,41237,8.1,240,225,37,194897
ABarpaapp:96,ABarpaapp,96,56668,31668,23155,22995,31482,7.4,246,221,40,205123
ABarpaapp:97,ABarpaapp,97,59998,34998,25744,25657,34794,7.3,250,225,38,206330
ABarpaapp:98,ABarpaapp,98,65486,40486,31614,31494,40342,7.3,247,229,38,203228
ABarpaapp:99,ABarpaapp,99,63923,38923,29786,29710,38745,7.3,251,229,38,199072
ABarpaapp:100,ABarpaapp,100,68263,43263,34842,34789,43097,8.1,252,227,40,252159
ABarpaapp:101,ABarpaapp,101,70110,45110,34894,34825,44787,8.0,255,226,38,241369
ABarpaapp:102,ABarpaapp,102,68379,43379,33701,33754,43025,8.2,245,221,40,255511
ABarpaapp:103,ABarpaapp,103,72181,47181,38242,38166,46931,8.2,247,226,40,269048
ABarpaapp:104,ABarpaapp,104,71152,46152,36067,36161,45705,8.2,246,231,40,267818
ABarpaapp:105,ABarpaapp,105,72352,47352,36877,37253,46572,8.2,249,230,40,275239
ABarpaapp:106,ABarpaapp,106,77969,52969,41531,41795,52158,8.3,247,230,38,255935
ABarpaapp:107,ABarpaapp,107,78887,53887,42975,43435,52929,9.0,248,230,40,307756
ABarpaapp:108,ABarpaapp,108,84663,59663,49538,49869,59127,8.1,246,231,40,305690
ABarpaapp:109,ABarpaapp,109,82022,57022,45814,46048,56442,8.1,258,231,40,305319
ABarpaapp:110,ABarpaapp,110,82330,57330,45782,46328,56674,8.1,262,227,40,204636
ABarpaapp:111,ABarpaapp,111,90721,65721,53839,54226,65031,8.1,260,226,39,180290
ABarpaapp:112,ABarpaapp,112,93023,68023,56003,56222,67445,8.0,261,221,39,191442
ABarpaapp:113,ABarpaapp,113,85431,60431,47573,47910,59928,7.2,262,228,39,175909
ABarpaapp:114,ABarpaapp,114,87957,62957,50443,50685,62497,7.2,265,225,39,185059
ABarpaapp:115,ABarpaapp,115,94019,69019,56388,56637,68661,7.2,274,233,39,194278
ABarpaapp:116,ABarpaapp,116,86122,61122,47862,48053,60659,7.2,276,231,39,197394
ABarpaapp:117,ABarpaapp,117,89278,64278,50509,50594,63941,7.2,286,233,38,207029
ABarpaapp:118,ABarpaapp,118,91428,66428,51810,52058,65940,8.1,286,233,38,226558
ABarpaapp:119,ABarpaapp,119,53215,28215,8309,8370,27548,8.1,294,233,36,214657
ABarpaapp:120,ABarpaapp,120,51955,26955,5846,5891,26662,9.0,292,240,34,183723
ABarpaappa:121,ABarpaappa,121,49718,24718,5766,7208,20690,9.8,272,237,33,133420
ABarpaappa:122,ABarpaappa,122,84872,59872,42069,44645,55508,9.0,275,233,32,134858
ABarpaappa:123,ABarpaappa,123,98994,73994,56680,59079,69113,8.8,287,232,32,129231
ABarpaappa:124,ABarpaappa,124,109080,84080,65508,69134,79246,7.9,285,235,32,137299
ABarpaappa:125,ABarpaappa,125,88940,63940,46402,51347,59093,7.1,298,226,36,164884
ABarpaappa:126,ABarpaappa,126,97095,72095,56542,58741,69509,7.0,301,225,34,144269
ABarpaappa:127,ABarpaappa,127,88030,63030,46458,49964,59035,6.4,307,220,34,123732
ABarpaappa:128,ABarpaappa,128,91678,66678,46756,51679,61054,7.1,312,215,34,143371
ABarpaappa:129,ABarpaappa,129,101038,76038,59395,62035,73108,7.2,314,213,34,157152
ABarpaappp:121,ABarpaappp,121,49327,24327,7212,7492,23544,8.0,318,267,33,127443
ABarpaappp:122,ABarpaappp,122,81023,56023,40295,40366,55167,7.3,319,269,30,114254
ABarpaappp:123,ABarpaappp,123,90701,65701,51894,52310,64607,7.2,319,274,32,137857
ABarpaappp:124,ABarpaappp,124,95018,70018,56906,57403,68886,7.1,314,278,32,134079
ABarpaappp:125,ABarpaappp,125,82314,57314,45018,45151,56792,6.5,325,275,34,154038
ABarpaappp:126,ABarpaappp,126,98133,73133,58891,58914,72477,7.0,324,275,32,138421
ABarpaappp:127,ABarpaappp,127,100003,75003,60898,61124,73661,7.0,319,276,32,146523
ABarpaappp:128,ABarpaappp,128,91342,66342,54124,54414,65179,7.0,307,275,34,158531
ABarpaappp:129,ABarpaappp,129,90336,65336,53094,53318,64144,6.5,309,268,34,118569
ABarpap:51,ABarpap,51,28345,3345,-820,-830,3340,15.4,283,147,57,635702
ABarpap:52,ABarpap,52,29237,4237,-81,-116,4230,16.9,286,147,56,665272
ABarpap:53,ABarpap,53,29600,4600,221,221,4599,16.0,292,158,55,616396
ABarpap:54,ABarpap,54,29195,4195,67,68,4195,16.9,295,160,55,668713
ABarpap:55,ABarpap,55,29701,4701,389,388,4701,16.8,298,162,55,702655
ABarpap:56,ABarpap,56,30193,5193,341,341,5193,16.9,297,159,55,783077
ABarpap:57,ABarpap,57,30638,5638,1229,1229,5638,16.9,298,155,55,786600
ABarpap:58,ABarpap,58,30814,5814,1223,1203,5814,16.9,293,166,55,780866
ABarpap:59,ABarpap,59,31626,6626,1844,1843,6626,16.9,283,162,54,804671
ABarpap:60,ABarpap,60,32004,7004,2139,2141,6950,17.2,285,165,55,793455
ABarpap:61,ABarpap,61,31574,6574,1980,1937,6574,17.3,292,167,55,773292
ABarpap:62,ABarpap,62,33508,8508,3489,3486,8496,18.1,290,161,53,753618
ABarpap:63,ABarpap,63,34799,9799,4993,4970,9788,17.9,293,158,53,624592
ABarpap:64,ABarpap,64,34459,9459,4389,4369,9434,17.9,293,155,54,664879
ABarpap:65,ABarpap,65,34985,9985,5011,4973,9978,18.0,303,156,54,708622
ABarpap:66,ABarpap,66,35177,10177,4954,4936,10126,18.1,302,154,54,735445
ABarpap:67,ABarpap,67,31125,6125,407,436,6118,18.9,288,158,53,604650
ABarpapa:68,ABarpapa,68,30694,5694,504,424,5612,20.9,267,141,52,454851
ABarpapa:69,ABarpapa,69,34048,9048,3822,3840,8979,20.2,271,140,50,386418
ABarpapa:70,ABarpapa,70,34999,9999,5491,5481,9963,21.0,265,145,45,275528
ABarpapa:71,ABarpapa,71,35603,10603,5647,5555,10565,21.0,260,138,44,278558
ABarpapa:72,ABarpapa,72,35547,10547,5345,5364,10478,20.1,257,142,44,301566
ABarpapa:73,ABarpapa,73,37666,12666,7563,7509,12617,20.0,261,138,44,317139
ABarpapa:74,ABarpapa,74,38557,13557,7909,7802,13527,20.0,269,132,44,326175
ABarpapa:75,ABarpapa,75,38883,13883,8083,8034,13857,19.0,272,132,44,310724
ABarpapa:76,ABarpapa,76,38059,13059,7656,7602,13036,18.1,276,126,44,339470
ABarpapa:77,ABarpapa,77,39549,14549,8492,8510,14466,17.2,278,120,46,402789
ABarpapa:78,ABarpapa,78,38829,13829,6795,7151,12805,15.3,275,118,46,398289
ABarpapa:79,ABarpapa,79,43900,18900,12032,12124,18146,15.1,274,121,44,370598
ABarpapa:80,ABarpapa,80,45278,20278,13501,13737,19837,14.9,272,119,44,397691
ABarpapa:81,ABarpapa,81,46912,21912,15175,15242,21498,14.9,275,120,44,390887
ABarpapa:82,ABarpapa,82,44046,19046,12060,12076,18895,14.9,279,121,44,400645
ABarpapa:83,ABarpapa,83,44069,19069,11916,12453,18194,13.4,287,116,46,422112
ABarpapa:84,ABarpapa,84,47405,22405,15594,15864,22115,13.1,293,114,46,477802
ABarpapa:85,ABarpapa,85,48834,23834,16667,16709,23619,13.0,293,111,44,419722
ABarpapa:86,ABarpapa,86,48739,23739,16868,17429,23149,12.0,299,115,44,434766
ABarpapa:87,ABarpapa,87,50071,25071,18347,18679,24783,11.0,302,115,45,432772
ABarpapa:88,ABarpapa,88,49049,24049,17367,17682,23707,11.0,294,111,45,451149
ABarpapa:89,ABarpapa,89,46306,21306,14372,14506,21139,11.0,292,107,45,472450
ABarpapa:90,ABarpapa,90,35115,10115,1175,1176,9916,11.1,285,106,42,319652
ABarpapaa:91,ABarpapaa,91,34969,9969,1378,1622,9318,11.3,258,89,34,182090
ABarpapaa:92,ABarpapaa,92,44337,19337,12015,12310,18627,11.2,250,89,38,226315
ABarpapaa:93,ABarpapaa,93,50660,25660,18775,19004,25118,10.8,248,91,39,231660
ABarpapaa:94,ABarpapaa,94,50079,25079,18257,18312,24519,10.9,247,94,38,237403
ABarpapaa:95,ABarpapaa,95,54509,29509,22329,22547,28824,10.9,237,94,37,211707
ABarpapaa:96,ABarpapaa,96,47456,22456,16218,16554,21547,11.2,226,89,36,233298
ABarpapaa:97,ABarpapaa,97,48259,23259,17548,17995,22211,11.0,221,85,38,259642
ABarpapaa:98,ABarpapaa,98,51064,26064,19605,19837,25066,10.9,213,91,36,240672
ABarpapaa:99,ABarpapaa,99,50065,25065,17520,18204,23748,11.0,213,91,36,243418
ABarpapaa:100,ABarpapaa,100,51254,26254,19552,19659,25698,10.1,210,93,36,249724
ABarpapaa:101,ABarpapaa,101,50897,25897,19214,19234,25438,10.8,208,95,36,229721
ABarpapaa:102,ABarpapaa,102,47725,22725,15311,15311,22416,10.2,211,87,36,243277
ABarpapaa:103,ABarpapaa,103,51601,26601,19147,19374,25796,10.0,205,94,36,255507
ABarpapaa:104,ABarpapaa,104,50383,25383,16302,16659,23772,9.1,197,105,36,238457
ABarpapaa:105,ABarpapaa,105,49096,24096,15571,16574,21708,9.0,201,106,38,267432
ABarpapaa:106,ABarpapaa,106,49728,24728,15377,16517,22113,8.8,211,105,36,252521
ABarpapaa:107,ABarpapaa,107,50128,25128,14682,16598,20338,8.9,217,107,36,271770
ABarpapaa:108,ABarpapaa,108,51568,26568,16861,18399,22518,9.0,223,108,36,269984
ABarpapaa:109,ABarpapaa,109,51118,26118,17453,18571,23791,9.0,226,100,38,299328
ABarpapaa:110,ABarpapaa,110,47122,22122,13586,14219,20670,8.4,228,99,38,165260
ABarpapaa:111,ABarpapaa,111,49839,24839,16167,16669,23736,9.1,223,97,39,190145
ABarpapaa:112,ABarpapaa,112,50256,25256,16086,16388,24074,9.0,230,96,35,151637
ABarpapaa:113,ABarpapaa,113,46616,21616,11914,12964,20112,8.1,230,106,39,199340
ABarpapaa:114,ABarpapaa,114,48405,23405,14895,15273,22439,8.1,227,102,37,181273
ABarpapaa:115,ABarpapaa,115,47272,22272,13510,13910,21149,9.0,231,99,37,184378
ABarpapaa:116,ABarpapaa,116,48728,23728,15095,15724,22235,8.2,229,102,39,197788
ABarpapaa:117,ABarpapaa,117,45365,20365,11878,12043,19465,8.3,232,102,36,184136
ABarpapaa:118,ABarpapaa,118,48562,23562,15016,15146,22727,9.0,229,101,34,154977
ABarpapaa:119,ABarpapaa,119,43965,18965,9462,9900,18000,8.3,230,109,36,183525
ABarpapaa:120,ABarpapaa,120,45556,20556,11705,11910,19744,8.3,224,109,38,202583
ABarpapaa:121,ABarpapaa,121,34548,9548,-732,-462,7681,8.2,230,117,37,206177
ABarpapaa:122,ABarpapaa,122,34841,9841,49,231,8187,9.0,237,112,32,162292
ABarpapaa:123,ABarpapaa,123,36541,11541,1249,1424,8644,8.9,244,112,32,164101
ABarpapaaa:124,ABarpapaaa,124,33489,8489,872,1103,6801,9.3,213,95,30,120625
ABarpapaaa:125,ABarpapaaa,125,39342,14342,6999,6999,12605,9.2,214,96,28,100055
ABarpapaaa:126,ABarpapaaa,126,39948,14948,7222,8386,10861,9.1,216,103,34,150791
ABarpapaaa:127,ABarpapaaa,127,43024,18024,9554,10947,13888,8.9,213,108,32,137850
ABarpapaaa:128,ABarpapaaa,128,40891,15891,8321,9501,12566,9.0,221,101,32,146615
ABarpapaaa:129,ABarpapaaa,129,41652,16652,7961,9283,11539,9.8,218,99,32,142459
ABarpapaap:124,ABarpapaap,124,34738,9738,105,567,6894,8.8,262,111,32,124689
ABarpapaap:125,ABarpapaap,125,40105,15105,6931,7496,12251,8.8,267,105,32,120747
ABarpapaap:126,ABarpapaap,126,41125,16125,7137,7896,13229,8.3,267,107,34,126551
ABarpapaap:127,ABarpapaap,127,44507,19507,10863,12019,14693,9.0,268,107,34,137882
ABarpapaap:128,ABarpapaap,128,41844,16844,8579,9404,13167,9.2,276,100,34,140288
ABarpapaap:129,ABarpapaap,129,41419,16419,7964,9190,12380,9.3,272,97,36,158081
ABarpapap:91,ABarpapap,91,34664,9664,805,926,8908,10.2,290,122,34,171834
ABarpapap:92,ABarpapap,92,43259,18259,9929,10682,16868,10.1,282,126,36,213613
ABarpapap:93,ABarpapap,93,44965,19965,11872,13308,18838,9.9,276,128,39,220452
ABarpapap:94,ABarpapap,94,43400,18400,10268,11108,17419,9.8,275,138,38,219867
ABarpapap:95,ABarpapap,95,47434,22434,14255,14505,21563,9.1,268,133,37,212183
ABarpapap:96,ABarpapap,96,45921,20921,12711,12661,20002,8.0,260,124,36,215158
ABarpapap:97,ABarpapap,97,46372,21372,12974,13701,20044,8.3,254,127,38,222875
ABarpapap:98,ABarpapap,98,49018,24018,15348,16095,22473,8.1,248,130,36,216309
ABarpapap:99,ABarpapap,99,48971,23971,14227,15151,22040,8.0,251,130,36,218963
ABarpapap:100,ABarpapap,100,47050,22050,12963,14023,20376,7.3,257,129,38,226160
ABarpapap:101,ABarpapap,101,45024,20024,11416,12039,18466,7.3,253,127,38,226648
ABarpapap:102,ABarpapap,102,51495,26495,16535,17056,23881,7.8,249,125,36,223772
ABarpapap:103,ABarpapap,103,50188,25188,16529,16576,24068,7.1,250,125,36,230903
ABarpapap:104,ABarpapap,104,49187,24187,15109,15245,22760,7.1,245,132,36,228711
ABarpapap:105,ABarpapap,105,46054,21054,12137,12528,19370,7.8,244,130,36,235950
ABarpapap:106,ABarpapap,106,49895,24895,16785,16810,23652,7.1,247,134,36,240305
ABarpapap:107,ABarpapap,107,48891,23891,14776,15133,22359,7.1,250,139,36,241246
ABarpapap:108,ABarpapap,108,45568,20568,11340,11917,18952,7.1,254,139,36,249663
ABarpapap:109,ABarpapap,109,47414,22414,12635,14237,18406,7.8,258,137,36,249097
ABarpapap:110,ABarpapap,110,46248,21248,12002,13073,18357,7.3,264,133,38,177772
ABarpapap:111,ABarpapap,111,46384,21384,11344,12912,17918,7.2,255,135,39,178982
ABarpapap:112,ABarpapap,112,48072,23072,13818,15203,19320,7.2,255,135,39,178982
ABarpapap:113,ABarpapap,113,49468,24468,14815,16521,21391,7.2,255,139,37,168210
ABarpapap:114,ABarpapap,114,47237,22237,12702,14036,19582,7.1,257,140,39,195038
ABarpapap:115,ABarpapap,115,44513,19513,9400,11418,15712,7.1,257,139,39,193626
ABarpapap:116,ABarpapap,116,48231,23231,13574,15492,19456,7.2,258,143,39,193318
ABarpapap:117,ABarpapap,117,46099,21099,11562,13112,16597,7.1,259,138,38,202369
ABarpapap:118,ABarpapap,118,43736,18736,8135,8923,15456,7.2,258,140,38,203996
ABarpapap:119,ABarpapap,119,44166,19166,9004,10077,16072,7.2,265,140,36,184342
ABarpapap:120,ABarpapap,120,44273,19273,8416,8681,17558,8.0,262,144,36,196441
ABarpapap:121,ABarpapap,121,40697,15697,5871,6447,14057,7.3,268,153,37,192092
ABarpapap:122,ABarpapap,122,37292,12292,2246,2208,11024,8.0,269,148,32,150944
ABarpapapa:123,ABarpapapa,123,35270,10270,-717,56,7220,8.2,263,145,30,105883
ABarpapapa:124,ABarpapapa,124,37869,12869,990,2197,8609,8.1,254,142,28,95181
ABarpapapa:125,ABarpapapa,125,41449,16449,4552,6959,10973,8.1,257,137,32,129913
ABarpapapa:126,ABarpapapa,126,41828,16828,5910,7007,12831,7.2,261,134,32,121880
ABarpapapa:127,ABarpapapa,127,41504,16504,6021,6505,13597,7.1,268,130,32,129274
ABarpapapa:128,ABarpapapa,128,44561,19561,9288,10387,15538,8.0,274,129,32,133428
ABarpapapa:129,ABarpapapa,129,44711,19711,9250,10592,17021,8.0,267,127,32,136795
ABarpapapp:123,ABarpapapp,123,36002,11002,-774,899,5625,7.8,287,160,32,122237
ABarpapapp:124,ABarpapapp,124,36298,11298,-319,1709,6059,7.8,299,162,32,121410
ABarpapapp:125,ABarpapapp,125,39868,14868,2743,5667,8863,7.1,305,155,32,127577
ABarpapapp:126,ABarpapapp,126,42150,17150,3990,7915,10583,6.8,304,155,32,118214
ABarpapapp:127,ABarpapapp,127,41313,16313,2564,8495,8427,6.4,303,156,34,114074
ABarpapapp:128,ABarpapapp,128,42965,17965,2838,8841,10684,7.0,299,153,32,126824
ABarpapapp:129,ABarpapapp,129,41042,16042,4318,7275,10843,7.2,302,137,32,124383
ABarpapp:68,ABarpapp,68,30572,5572,116,112,5563,18.0,310,174,34,196320
ABarpapp:69,ABarpapp,69,34400,9400,4041,4015,9383,17.1,313,176,50,408834
ABarpapp:70,ABarpapp,70,36010,11010,5478,5478,10989,16.9,309,176,45,278970
ABarpapp:71,ABarpapp,71,37110,12110,6976,6976,12028,16.1,322,169,44,278660
ABarpapp:72,ABarpapp,72,38005,13005,7586,7583,12902,15.9,329,171,44,289213
ABarpapp:73,ABarpapp,73,40076,15076,9097,9097,14631,15.1,329,160,46,377756
ABarpapp:74,ABarpapp,74,39603,14603,8782,8780,13830,15.1,333,155,44,341434
ABarpapp:75,ABarpapp,75,40315,15315,9464,9614,14516,15.1,338,158,44,326213
ABarpapp:76,ABarpapp,76,43055,18055,11805,11826,17650,14.9,334,150,44,335482
ABarpapp:77,ABarpapp,77,43153,18153,11449,11497,18064,14.0,333,154,44,360607
ABarpapp:78,ABarpapp,78,42346,17346,11046,11113,17084,14.0,333,158,48,467269
ABarpapp:79,ABarpapp,79,42898,17898,10960,11086,17748,13.2,325,156,46,406957
ABarpapp:80,ABarpapp,80,46041,21041,14461,14502,20992,14.0,326,154,44,381397
ABarpapp:81,ABarpapp,81,45549,20549,13391,13524,20436,13.1,328,159,48,500190
ABarpapp:82,ABarpapp,82,47831,22831,14993,15438,22514,12.1,338,153,44,384689
ABarpapp:83,ABarpapp,83,48670,23670,16600,17238,23458,12.1,346,158,46,460458
ABarpapp:84,ABarpapp,84,48751,23751,15371,16146,23325,11.1,358,159,44,417548
ABarpapp:85,ABarpapp,85,52481,27481,19337,20204,27019,10.9,359,158,44,412324
ABarpapp:86,ABarpapp,86,52043,27043,19102,19916,26335,11.0,356,158,44,426080
ABarpapp:87,ABarpapp,87,51472,26472,18898,19955,26117,10.9,366,159,45,405087
ABarpapp:88,ABarpapp,88,51412,26412,18732,19278,26180,11.0,355,152,45,440964
ABarpapp:89,ABarpapp,89,50145,25145,17970,18245,25032,10.1,355,142,45,447783
ABarpapp:90,ABarpapp,90,37188,12188,2804,2804,12184,10.1,346,142,40,306934
ABarpappa:91,ABarpappa,91,34737,9737,185,98,8065,9.1,323,135,36,203271
ABarpappa:92,ABarpappa,92,38145,13145,5133,5847,11992,9.1,315,117,34,195644
ABarpappa:93,ABarpappa,93,46508,21508,14354,15278,20804,9.2,308,105,37,201683
ABarpappa:94,ABarpappa,94,46747,21747,15772,16103,21239,10.1,300,101,38,249851
ABarpappa:95,ABarpappa,95,48109,23109,17617,17712,22902,10.9,296,90,37,231573
ABarpappa:96,ABarpappa,96,47594,22594,16226,16200,21817,10.8,292,94,36,224419
ABarpappa:97,ABarpappa,97,46301,21301,15009,15471,20529,10.2,285,98,38,240068
ABarpappa:98,ABarpappa,98,47194,22194,15330,15839,21147,10.0,271,97,36,232594
ABarpappa:99,ABarpappa,99,48686,23686,15956,16796,22351,9.9,270,99,36,246868
ABarpappa:100,ABarpappa,100,48676,23676,15896,16949,21460,9.9,271,101,36,238595
ABarpappa:101,ABarpappa,101,48423,23423,15960,16449,22398,10.0,270,95,36,249828
ABarpappa:102,ABarpappa,102,48429,23429,16128,16577,22344,9.9,272,95,36,250838
ABarpappa:103,ABarpappa,103,49122,24122,17548,17684,23565,10.0,274,96,36,252223
ABarpappa:104,ABarpappa,104,44910,19910,12112,12584,19049,9.4,267,101,38,253311
ABarpappa:105,ABarpappa,105,47211,22211,14584,15199,21345,9.1,275,103,36,261841
ABarpappa:106,ABarpappa,106,45359,20359,13005,13078,19705,9.1,274,101,36,245208
ABarpappa:107,ABarpappa,107,47715,22715,15171,15306,22072,9.1,280,106,38,300213
ABarpappa:108,ABarpappa,108,47119,22119,15025,15055,21567,9.1,280,104,38,302139
ABarpappa:109,ABarpappa,109,47663,22663,14658,14838,22066,9.0,284,102,36,278076
ABarpappa:110,ABarpappa,110,47598,22598,14656,14932,21588,9.0,287,103,36,169639
ABarpappa:111,ABarpappa,111,46202,21202,11375,12661,19827,8.4,284,113,37,156936
ABarpappa:112,ABarpappa,112,42882,17882,8756,9974,16427,8.3,288,117,39,185154
ABarpappa:113,ABarpappa,113,45368,20368,11751,12601,19416,8.3,288,113,37,177931
ABarpappa:114,ABarpappa,114,46319,21319,12990,13533,20220,8.2,290,112,37,180140
ABarpappa:115,ABarpappa,115,47537,22537,13073,14339,21328,8.1,291,120,39,216692
ABarpappa:116,ABarpappa,116,47902,22902,13517,14728,21348,8.1,294,125,37,193238
ABarpappa:117,ABarpappa,117,46406,21406,12490,13109,20482,7.4,298,124,36,172864
ABarpappa:118,ABarpappa,118,45209,20209,11599,12205,18812,8.1,292,124,38,213490
ABarpappa:119,ABarpappa,119,45486,20486,11266,12047,18927,7.3,297,127,36,182234
ABarpappa:120,ABarpappa,120,43382,18382,8807,9473,17583,8.0,293,120,36,209216
ABarpappa:121,ABarpappa,121,48755,23755,15660,15871,23247,8.1,298,121,37,215525
ABarpappa:122,ABarpappa,122,46843,21843,13737,13798,21077,9.0,308,112,36,223251
ABarpappa:123,ABarpappa,123,44928,19928,11939,12138,18653,8.2,313,115,36,214039
ABarpappa:124,ABarpappa,124,43756,18756,10087,10839,15805,8.1,306,119,36,227917
ABarpappa:125,ABarpappa,125,41375,16375,7538,7796,13645,8.4,310,115,34,165690
ABarpappa:126,ABarpappa,126,34699,9699,164,700,6401,9.1,314,113,32,182575
ABarpappaa:127,ABarpappaa,127,34727,9727,833,2780,5491,10.0,301,102,32,154047
ABarpappaa:128,ABarpappaa,128,34304,9304,2733,4053,6041,10.0,309,95,32,163360
ABarpappaa:129,ABarpappaa,129,35831,10831,3754,5610,6849,9.5,302,92,29,95022
ABarpappap:127,ABarpappap,127,34449,9449,-1200,-29,5731,8.9,329,127,32,133051
ABarpappap:128,ABarpappap,128,40579,15579,5610,6242,13009,8.4,332,129,30,104439
ABarpappap:129,ABarpappap,129,45580,20580,11463,12243,17245,9.0,330,124,32,137392
ABarpappp:91,ABarpappp,91,38203,13203,2775,2671,12196,9.2,342,162,28,117753
ABarpappp:92,ABarpappp,92,45394,20394,9596,9749,19906,9.2,341,169,32,159011
ABarpappp:93,ABarpappp,93,53096,28096,20225,20267,27976,9.1,327,160,39,219307
ABarpappp:94,ABarpappp,94,53480,28480,20025,19998,27923,9.0,319,152,38,219084
ABarpappp:95,ABarpappp,95,52890,27890,18823,19103,27181,10.0,316,145,37,205165
ABarpappp:96,ABarpappp,96,49216,24216,15686,16126,23392,9.0,310,143,40,240314
ABarpappp:97,ABarpappp,97,52961,27961,19717,19830,27269,9.0,306,146,38,225399
ABarpappp:98,ABarpappp,98,52512,27512,18287,18607,26796,8.0,305,147,38,232679
ABarpappp:99,ABarpappp,99,51995,26995,17538,18178,25924,8.1,312,145,38,233040
ABarpappp:100,ABarpappp,100,53579,28579,19062,19257,28035,8.1,314,142,36,214809
ABarpappp:101,ABarpappp,101,54480,29480,20332,20621,28776,8.1,311,139,38,237149
ABarpappp:102,ABarpappp,102,53248,28248,18486,19002,27169,8.1,305,143,38,230747
ABarpappp:103,ABarpappp,103,53822,28822,18905,20037,26719,8.0,305,144,38,249250
ABarpappp:104,ABarpappp,104,50707,25707,16011,16963,23611,8.1,297,146,40,274990
ABarpappp:105,ABarpappp,105,52493,27493,17777,18356,26515,8.2,297,144,38,258385
ABarpappp:106,ABarpappp,106,52694,27694,18214,18900,26558,8.1,302,148,38,265586
ABarpappp:107,ABarpappp,107,48761,23761,14362,15360,22693,8.2,301,150,40,276361
ABarpappp:108,ABarpappp,108,49214,24214,14136,14788,22825,8.3,304,154,38,245311
ABarpappp:109,ABarpappp,109,47656,22656,12611,13463,20669,8.3,312,150,40,264783
ABarpappp:110,ABarpappp,110,49182,24182,14429,15246,22801,8.1,319,151,40,194848
ABarpappp:111,ABarpappp,111,49689,24689,14657,15016,23912,8.1,321,150,39,176352
ABarpappp:112,ABarpappp,112,51743,26743,16805,17451,25760,8.1,323,150,39,181853
ABarpappp:113,ABarpappp,113,48843,23843,14149,14522,23164,8.2,324,149,39,184269
ABarpappp:114,ABarpappp,114,51310,26310,17091,17295,25711,8.1,323,150,39,199646
ABarpappp:115,ABarpappp,115,51292,26292,16518,16568,25948,7.4,332,153,37,150810
ABarpappp:116,ABarpappp,116,50576,25576,16661,16813,25193,8.0,334,154,39,194923
ABarpappp:117,ABarpappp,117,51155,26155,17188,17268,25818,8.0,337,157,38,189202
ABarpappp:118,ABarpappp,118,50945,25945,16576,16552,25655,8.0,334,156,38,207582
ABarpappp:119,ABarpappp,119,49051,24051,14461,14761,23468,8.1,335,157,38,203451
ABarpappp:120,ABarpappp,120,37042,12042,2008,2093,11637,8.2,333,153,36,208275
ABarpappp:121,ABarpappp,121,36353,11353,1041,1040,11037,8.0,334,166,29,105719
ABarpapppa:122,ABarpapppa,122,34254,9254,-179,-40,7555,8.3,310,154,28,83798
ABarpapppa:123,ABarpapppa,123,42048,17048,7629,7712,14471,8.4,317,159,30,102773
ABarpapppa:124,ABarpapppa,124,44329,19329,9836,10791,15886,9.9,321,158,32,120115
ABarpapppa:125,ABarpapppa,125,44844,19844,10393,10676,17803,9.8,333,150,32,128667
ABarpapppa:126,ABarpapppa,126,43122,18122,8605,8683,16688,8.3,340,149,32,103062
ABarpapppa:127,ABarpapppa,127,46560,21560,12490,12451,19941,8.0,345,151,32,133692
ABarpapppa:128,ABarpapppa,128,43806,18806,8632,9220,16212,8.0,356,148,32,129924
ABarpapppa:129,ABarpapppa,129,47781,22781,12890,13744,19803,8.1,356,147,32,131962
ABarpapppp:122,ABarpapppp,122,34952,9952,-395,-243,8637,8.1,360,171,28,96797
ABarpapppp:123,ABarpapppp,123,45158,20158,9966,10485,18529,8.9,370,170,32,128478
ABarpapppp:124,ABarpapppp,124,45451,20451,11618,11980,19169,8.1,367,163,34,136275
ABarpapppp:125,ABarpapppp,125,45007,20007,11630,12194,18769,8.2,380,146,36,162670
ABarpapppp:126,ABarpapppp,126,43943,18943,10671,10769,18256,8.4,382,137,34,120708
ABarpapppp:127,ABarpapppp,127,44282,19282,11284,11650,17652,9.2,384,138,34,142061
ABarpapppp:128,ABarpapppp,128,44913,19913,12526,12988,17994,10.1,388,143,36,184722
ABarpapppp:129,ABarpapppp,129,47629,22629,14948,15587,20444,11.0,382,139,36,194110
ABarpp:33,ABarpp,33,28050,3050,-1471,-1476,3050,11.0,353,148,39,347664
ABarpp:34,ABarpp,34,28616,3616,-991,-966,3616,12.5,373,149,64,889636
ABarpp:35,ABarpp,35,28414,3414,-1521,-1516,3414,12.1,375,155,61,817399
ABarpp:36,ABarpp,36,27928,2928,-1814,-1804,2908,12.0,396,166,60,892441
ABarpp:37,ABarpp,37,28160,3160,-1735,-1718,3149,11.8,405,163,61,963437
ABarpp:38,ABarpp,38,27898,2898,-1897,-1880,2884,12.0,408,161,61,1102555
ABarpp:39,ABarpp,39,28214,3214,-1857,-1854,3214,11.6,403,161,62,1155332
ABarpp:40,ABarpp,40,27829,2829,-2222,-2216,2829,10.9,408,165,62,1272766
ABarpp:41,ABarpp,41,27473,2473,-2782,-2782,2473,11.0,404,162,62,1337359
ABarpp:42,ABarpp,42,27789,2789,-2176,-2176,2789,11.8,397,160,60,1213080
ABarpp:43,ABarpp,43,27816,2816,-2513,-2512,2816,11.0,391,155,63,1344752
ABarpp:44,ABarpp,44,28115,3115,-1997,-1994,3115,11.3,390,152,64,1446094
ABarpp:45,ABarpp,45,28429,3429,-1805,-1805,3429,12.1,389,155,64,1547332
ABarpp:46,ABarpp,46,28147,3147,-1808,-1808,3147,11.9,388,151,62,1357551
ABarpp:47,ABarpp,47,27694,2694,-2208,-2210,2694,12.1,393,147,63,1500911
ABarpp:48,ABarpp,48,28678,3678,-1312,-1324,3678,12.1,391,156,65,1606069
ABarpp:49,ABarpp,49,28549,3549,-1446,-1511,3549,11.8,390,168,62,1413653
ABarpp:50,ABarpp,50,28713,3713,-1353,-1357,3713,11.8,379,169,61,993458
ABarpp:51,ABarpp,51,28212,3212,-1752,-1752,3212,11.4,370,172,53,836799
ABarppa:52,ABarppa,52,29806,4806,-1212,-1205,4802,10.1,348,142,48,523624
ABarppa:53,ABarppa,53,30626,5626,-300,-319,5625,9.2,345,147,55,637783
ABarppa:54,ABarppa,54,30767,5767,-315,-315,5767,8.9,348,140,55,673285
ABarppa:55,ABarppa,55,32123,7123,1352,1352,7123,8.0,340,143,55,712378
ABarppa:56,ABarppa,56,32987,7987,2161,2161,7987,9.0,338,139,55,766455
ABarppa:57,ABarppa,57,32134,7134,1202,1204,7134,8.9,337,136,55,808340
ABarppa:58,ABarppa,58,33109,8109,2126,2121,8109,9.1,325,145,55,843357
ABarppa:59,ABarppa,59,34551,9551,3362,3362,9551,8.9,329,155,54,856855
ABarppa:60,ABarppa,60,34840,9840,4014,4001,9840,10.0,315,165,53,779952
ABarppa:61,ABarppa,61,35150,10150,3868,3864,10150,9.1,322,161,53,801978
ABarppa:62,ABarppa,62,35386,10386,4621,4619,10386,10.9,331,154,53,799845
ABarppa:63,ABarppa,63,37902,12902,7073,7073,12902,10.2,333,154,55,734972
ABarppa:64,ABarppa,64,38291,13291,7593,7593,13291,11.1,333,149,54,769411
ABarppa:65,ABarppa,65,39100,14100,8127,8127,14100,10.1,343,144,54,768372
ABarppa:66,ABarppa,66,38739,13739,7921,7921,13739,11.1,335,141,54,804766
ABarppa:67,ABarppa,67,37707,12707,6793,6793,12707,12.0,331,140,53,753877
ABarppa:68,ABarppa,68,31784,6784,436,436,6784,11.8,332,126,52,660474
ABarppa:69,ABarppa,69,31220,6220,-405,-405,6220,11.0,330,131,50,452744
ABarppaa:70,ABarppaa,70,37885,12885,7953,7969,12808,12.3,330,97,43,291799
ABarppaa:71,ABarppaa,71,40623,15623,11127,11127,15603,13.9,322,87,44,335526
ABarppaa:72,ABarppaa,72,41541,16541,12072,12072,16531,14.0,325,84,44,356186
ABarppaa:73,ABarppaa,73,42184,17184,12616,12616,17176,13.1,308,81,44,367633
ABarppaa:74,ABarppaa,74,42362,17362,12919,12919,17362,13.9,320,84,44,392291
ABarppaa:75,ABarppaa,75,42799,17799,13011,13011,17799,13.1,312,85,44,389405
ABarppaa:76,ABarppaa,76,43444,18444,13174,13174,18444,12.1,315,87,44,397085
ABarppaa:77,ABarppaa,77,43901,18901,13246,13257,18898,12.1,322,94,44,397781
ABarppaa:78,ABarppaa,78,44135,19135,13593,13633,19118,12.1,323,97,44,410653
ABarppaa:79,ABarppaa,79,44836,19836,14354,14415,19786,11.9,318,97,44,412130
ABarppaa:80,ABarppaa,80,46714,21714,15796,16005,21613,11.0,310,102,44,407976
ABarppaa:81,ABarppaa,81,46744,21744,15465,15666,21610,9.9,317,112,44,404225
ABarppaa:82,ABarppaa,82,45997,20997,13413,13721,20795,9.0,317,117,44,410913
ABarppaa:83,ABarppaa,83,48884,23884,16482,16779,23557,8.9,318,121,44,416889
ABarppaa:84,ABarppaa,84,46730,21730,13838,14218,21465,7.9,323,137,44,412959
ABarppaa:85,ABarppaa,85,48724,23724,14961,15697,23475,7.9,320,144,44,403982
ABarppaa:86,ABarppaa,86,46526,21526,12357,13587,20713,7.9,319,153,44,404918
ABarppaa:87,ABarppaa,87,46055,21055,12672,13430,20819,7.9,322,166,45,406501
ABarppaa:88,ABarppaa,88,48700,23700,16097,16543,23592,7.1,316,173,45,409366
ABarppaa:89,ABarppaa,89,46893,21893,13753,14140,21735,7.1,318,174,45,418732
ABarppaa:90,ABarppaa,90,45525,20525,11813,11812,20525,7.9,302,189,44,370860
ABarppaa:91,ABarppaa,91,49566,24566,15699,15905,24300,7.9,301,197,42,346594
ABarppaa:92,ABarppaa,92,48021,23021,14363,14829,22530,7.2,293,194,44,363340
ABarppaa:93,ABarppaa,93,37885,12885,3163,4184,11249,8.0,283,194,39,332874
ABarppaa:94,ABarppaa,94,36126,11126,1538,1512,10650,7.1,274,195,34,233159
ABarppaaa:95,ABarppaaa,95,34259,9259,134,141,8474,7.3,259,173,33,177832
ABarppaaa:96,ABarppaaa,96,42020,17020,9147,9387,16171,7.1,257,173,36,222442
ABarppaaa:97,ABarppaaa,97,45572,20572,13060,13412,18523,7.0,253,171,36,219452
ABarppaaa:98,ABarppaaa,98,46798,21798,13154,13993,19831,7.8,247,175,36,233153
ABarppaaa:99,ABarppaaa,99,47050,22050,12982,14418,20118,7.0,243,170,36,232698
ABarppaaa:100,ABarppaaa,100,46416,21416,12701,14101,19433,6.9,243,171,36,240970
ABarppaaa:101,ABarppaaa,101,47089,22089,13644,14130,20779,6.9,244,172,36,252339
ABarppaaa:102,ABarppaaa,102,46531,21531,12749,13538,20070,7.1,246,173,36,248442
ABarppaaa:103,ABarppaaa,103,44792,19792,11990,12171,19136,7.0,243,176,36,260822
ABarppaaa:104,ABarppaaa,104,47453,22453,14017,14797,20963,7.1,244,185,36,258328
ABarppaaa:105,ABarppaaa,105,46924,21924,11813,13674,20570,7.1,249,190,36,268867
ABarppaaa:106,ABarppaaa,106,44219,19219,9022,11592,16135,7.2,250,192,36,272021
ABarppaaa:107,ABarppaaa,107,44491,19491,8697,11370,16898,8.0,260,193,36,292083
ABarppaaa:108,ABarppaaa,108,44636,19636,8023,10782,16839,7.8,256,191,36,280364
ABarppaaa:109,ABarppaaa,109,46782,21782,10808,13314,19980,7.8,262,190,36,274222
ABarppaaa:110,ABarppaaa,110,43996,18996,8479,11010,17178,7.9,273,187,36,197239
ABarppaaa:111,ABarppaaa,111,45086,20086,9569,11801,18288,7.9,276,186,35,160572
ABarppaaa:112,ABarppaaa,112,42381,17381,7907,9899,15973,7.3,280,181,39,217943
ABarppaaa:113,ABarppaaa,113,44284,19284,9535,11541,17881,7.2,280,188,37,199831
ABarppaaa:114,ABarppaaa,114,45606,20606,9558,12131,18921,7.4,283,186,37,193620
ABarppaaa:115,ABarppaaa,115,44219,19219,9586,11543,17748,7.3,286,189,37,211504
ABarppaaa:116,ABarppaaa,116,42723,17723,6077,9580,15773,7.3,293,194,39,225166
ABarppaaa:117,ABarppaaa,117,45006,20006,9332,10944,18473,7.8,299,191,34,181329
ABarppaaa:118,ABarppaaa,118,45158,20158,8809,11398,18500,7.5,303,195,36,202713
ABarppaaa:119,ABarppaaa,119,45477,20477,8953,10154,18783,7.1,307,196,36,225314
ABarppaaa:120,ABarppaaa,120,41486,16486,5979,6014,16042,7.2,315,197,38,251871
ABarppaaa:121,ABarppaaa,121,45438,20438,11814,11885,20141,7.2,325,217,37,229096
ABarppaaa:122,ABarppaaa,122,42295,17295,9171,9513,16532,7.0,327,213,36,232996
ABarppaaa:123,ABarppaaa,123,42055,17055,6505,7937,15342,7.1,333,215,36,239553
ABarppaaa:124,ABarppaaa,124,46525,21525,11740,12062,20497,7.0,337,217,32,190036
ABarppaaa:125,ABarppaaa,125,45906,20906,10674,11905,19418,7.1,345,212,36,245566
ABarppaaa:126,ABarppaaa,126,44112,19112,8369,10203,16543,7.1,347,199,36,263120
ABarppaaa:127,ABarppaaa,127,44426,19426,10337,10902,17269,7.2,350,199,34,223346
ABarppaaa:128,ABarppaaa,128,42492,17492,8854,9540,15522,7.1,356,194,36,262616
ABarppaaa:129,ABarppaaa,129,42658,17658,8862,9432,16201,7.2,357,188,36,273532
ABarppaap:95,ABarppaap,95,35581,10581,1376,1346,9747,7.5,304,206,33,203250
ABarppaap:96,ABarppaap,96,44648,19648,11793,11925,19175,7.9,305,211,36,240810
ABarppaap:97,ABarppaap,97,45046,20046,12927,13197,19599,7.4,309,217,38,230504
ABarppaap:98,ABarppaap,98,45719,20719,13183,13357,20398,7.2,311,220,38,250017
ABarppaap:99,ABarppaap,99,47409,22409,15191,15548,21950,7.3,303,225,38,242296
ABarppaap:100,ABarppaap,100,46328,21328,13884,13925,21106,7.1,307,227,36,234954
ABarppaap:101,ABarppaap,101,46621,21621,14339,14455,21169,7.1,311,229,36,237524
ABarppaap:102,ABarppaap,102,46868,21868,14212,14595,21522,7.2,308,228,38,262381
ABarppaap:103,ABarppaap,103,45172,20172,13119,13274,19908,7.2,307,227,38,261069
ABarppaap:104,ABarppaap,104,45865,20865,13434,13534,20494,7.9,302,233,36,250875
ABarppaap:105,ABarppaap,105,49063,24063,16941,17214,23563,7.9,302,235,36,261751
ABarppaap:106,ABarppaap,106,47324,22324,14960,14981,22156,7.9,306,240,36,267309
ABarppaap:107,ABarppaap,107,44991,19991,12116,12353,19741,7.4,308,240,38,277980
ABarppaap:108,ABarppaap,108,44539,19539,11627,11776,19230,7.8,313,240,36,270224
ABarppaap:109,ABarppaap,109,45230,20230,12883,13067,20002,7.2,322,238,38,312400
ABarppaap:110,ABarppaap,110,45741,20741,13556,13608,20658,7.2,325,239,38,201802
ABarppaap:111,ABarppaap,111,45784,20784,13635,13632,20732,7.0,323,241,39,199318
ABarppaap:112,ABarppaap,112,46201,21201,14309,14318,21155,7.2,327,245,39,213354
ABarppaap:113,ABarppaap,113,45624,20624,13599,13609,20559,7.1,327,248,39,219572
ABarppaap:114,ABarppaap,114,45166,20166,12097,12097,20141,6.4,328,248,37,165097
ABarppaap:115,ABarppaap,115,49492,24492,17157,17164,24459,7.1,339,256,39,226968
ABarppaap:116,ABarppaap,116,50723,25723,17994,18003,25690,7.1,341,256,39,223825
ABarppaap:117,ABarppaap,117,51465,26465,19118,19114,26366,7.2,345,261,38,221346
ABarppaap:118,ABarppaap,118,53980,28980,20949,20891,28845,7.2,346,261,38,227357
ABarppaap:119,ABarppaap,119,57489,32489,22475,22470,32414,7.1,350,261,34,182332
ABarppaap:120,ABarppaap,120,53310,28310,20012,20045,28031,7.1,348,266,38,253513
ABarppaap:121,ABarppaap,121,60351,35351,25068,25569,34518,7.1,360,281,37,224595
ABarppaap:122,ABarppaap,122,61513,36513,25686,26273,34675,7.2,362,273,36,234559
ABarppaap:123,ABarppaap,123,66530,41530,29265,30333,39253,7.1,361,280,34,194059
ABarppaap:124,ABarppaap,124,65222,40222,27314,28607,38148,7.2,357,283,36,242136
ABarppaap:125,ABarppaap,125,48244,23244,7705,7817,20975,7.9,367,280,32,206841
ABarppaap:126,ABarppaap,126,43844,18844,2661,3015,16528,7.2,364,276,28,116832
ABarppaapa:127,ABarppaapa,127,45367,20367,-633,4277,11398,7.3,349,271,28,110313
ABarppaapa:128,ABarppaapa,128,63261,38261,21276,21834,35991,7.3,345,261,30,146254
ABarppaapa:129,ABarppaapa,129,87418,62418,50989,51080,60859,7.1,353,254,32,151433
ABarppaapp:127,ABarppaapp,127,43253,18253,3909,4651,15604,8.1,376,293,32,161366
ABarppaapp:128,ABarppaapp,128,43113,18113,6909,7757,16535,7.7,374,301,32,158794
ABarppaapp:129,ABarppaapp,129,53817,28817,18637,20684,25094,6.8,372,303,32,151367
ABarppap:70,ABarppap,70,39108,14108,7486,7473,13999,10.0,348,142,43,312357
ABarppap:71,ABarppap,71,44017,19017,12824,12824,19011,9.9,346,137,44,312667
ABarppap:72,ABarppap,72,44530,19530,12630,12623,19527,8.9,336,139,44,315793
ABarppap:73,ABarppap,73,43431,18431,11069,11069,18430,8.1,342,150,44,317688
ABarppap:74,ABarppap,74,44412,19412,11860,11861,19410,8.1,341,156,44,343126
ABarppap:75,ABarppap,75,44561,19561,12568,12568,19543,7.9,341,163,44,341773
ABarppap:76,ABarppap,76,46506,21506,13603,13647,21441,7.9,343,168,44,346371
ABarppap:77,ABarppap,77,43906,18906,12111,12110,18884,7.3,341,181,46,375175
ABarppap:78,ABarppap,78,46177,21177,13713,13642,21139,8.2,335,190,44,353589
ABarppap:79,ABarppap,79,48104,23104,15935,15897,23078,8.2,332,197,46,425938
ABarppap:80,ABarppap,80,42413,17413,10309,10261,17404,8.3,331,207,46,398107
ABarppap:81,ABarppap,81,45993,20993,13826,13795,20963,9.1,323,216,46,434605
ABarppap:82,ABarppap,82,45362,20362,12799,12851,20321,9.9,324,221,44,366785
ABarppap:83,ABarppap,83,44264,19264,12368,12459,19219,10.0,321,228,46,449533
ABarppap:84,ABarppap,84,44052,19052,12292,12304,19049,10.1,318,240,46,452447
ABarppap:85,ABarppap,85,48491,23491,16153,16221,23491,11.0,313,243,44,379591
ABarppap:86,ABarppap,86,45425,20425,13993,13993,20425,10.2,312,243,46,462065
ABarppap:87,ABarppap,87,45270,20270,13771,13773,20270,10.2,314,245,47,461764
ABarppap:88,ABarppap,88,46316,21316,14723,14729,21316,10.2,313,249,47,466714
ABarppap:89,ABarppap,89,48421,23421,16156,16161,23382,10.1,320,246,45,422207
ABarppap:90,ABarppap,90,47598,22598,15533,15568,22551,9.4,320,249,46,395846
ABarppap:91,ABarppap,91,45533,20533,12888,12956,20460,8.3,323,259,44,307781
ABarppap:92,ABarppap,92,45948,20948,12995,13031,20908,9.1,328,264,44,384999
ABarppap:93,ABarppap,93,33507,8507,-464,-464,8504,9.0,323,263,33,205264
ABarppapa:94,ABarppapa,94,32242,7242,-1312,-1312,7201,8.4,303,258,30,145625
ABarppapa:95,ABarppapa,95,42363,17363,9097,9018,17266,8.3,313,254,35,184100
ABarppapa:96,ABarppapa,96,47375,22375,14702,14743,22109,7.7,316,257,36,214570
ABarppapa:97,ABarppapa,97,46219,21219,13063,13051,20857,7.9,311,263,36,221524
ABarppapa:98,ABarppapa,98,46817,21817,14401,14837,21573,7.3,315,267,38,225325
ABarppapa:99,ABarppapa,99,47538,22538,14725,15087,22245,7.9,315,270,36,225147
ABarppapa:100,ABarppapa,100,47558,22558,14542,14668,22441,7.9,317,276,36,232004
ABarppapa:101,ABarppapa,101,46876,21876,13856,14022,21581,8.1,318,275,36,231293
ABarppapa:102,ABarppapa,102,44533,19533,11385,11897,19059,8.2,317,270,38,263726
ABarppapa:103,ABarppapa,103,42029,17029,9450,9743,16706,8.2,313,272,38,248144
ABarppapa:104,ABarppapa,104,46595,21595,14262,14453,21352,8.2,316,279,38,284949
ABarppapa:105,ABarppapa,105,45059,20059,12240,12503,19628,8.2,320,277,36,241873
ABarppapa:106,ABarppapa,106,43068,18068,10938,11133,17847,8.2,325,288,38,287536
ABarppapa:107,ABarppapa,107,45421,20421,12567,12951,20006,8.1,323,284,40,314031
ABarppapa:108,ABarppapa,108,45903,20903,12271,12418,20532,7.9,325,285,36,266793
ABarppapa:109,ABarppapa,109,43979,18979,10782,11138,18728,7.5,327,287,40,342494
ABarppapa:110,ABarppapa,110,47181,22181,14545,14548,21820,8.1,331,290,36,170563
ABarppapa:111,ABarppapa,111,42652,17652,10254,10336,17389,8.1,330,295,39,196715
ABarppapa:112,ABarppapa,112,43943,18943,11633,11741,18633,7.2,331,301,39,190734
ABarppapa:113,ABarppapa,113,42859,17859,10204,10202,17665,7.3,332,304,39,197963
ABarppapa:114,ABarppapa,114,43710,18710,11147,11147,18333,7.2,334,306,39,208213
ABarppapa:115,ABarppapa,115,43939,18939,11454,11440,18690,7.2,342,315,39,210560
ABarppapa:116,ABarppapa,116,42793,17793,10134,10149,17668,7.2,340,315,39,207516
ABarppapa:117,ABarppapa,117,44639,19639,11579,11551,19492,7.3,335,319,36,199214
ABarppapa:118,ABarppapa,118,45345,20345,12674,12688,20159,7.2,335,317,38,226611
ABarppapa:119,ABarppapa,119,42251,17251,9286,9273,16999,7.1,338,319,38,235265
ABarppapa:120,ABarppapa,120,43325,18325,10856,10812,18254,7.2,344,332,38,237063
ABarppapa:121,ABarppapa,121,44055,19055,11100,11041,18973,7.3,349,347,37,217566
ABarppapa:122,ABarppapa,122,42520,17520,9170,9100,17444,7.2,348,349,36,219522
ABarppapa:123,ABarppapa,123,42809,17809,9560,9464,17704,7.3,347,348,36,222501
ABarppapa:124,ABarppapa,124,41563,16563,8555,8377,16398,8.0,345,349,36,239118
ABarppapa:125,ABarppapa,125,42287,17287,9082,8879,17019,8.1,350,348,36,246806
ABarppapa:126,ABarppapa,126,35139,10139,1032,882,9774,8.4,349,342,34,204443
ABarppapa:127,ABarppapa,127,32139,7139,-1373,-1355,6681,8.1,344,341,28,144447
ABarppapaa:128,ABarppapaa,128,34366,9366,607,641,8293,8.1,322,319,32,171372
ABarppapaa:129,ABarppapaa,129,40355,15355,7946,7508,14477,8.0,324,315,32,168836
ABarppapap:128,ABarppapap,128,34291,9291,-755,-567,7374,9.0,362,348,32,168370
ABarppapap:129,ABarppapap,129,41224,16224,6481,7343,12517,9.1,368,345,32,169586
ABarppapp:94,ABarppapp,94,32966,7966,-1460,-1460,7764,9.2,346,286,30,162472
ABarppapp:95,ABarppapp,95,46734,21734,13729,13712,21534,9.1,364,288,33,187053
ABarppapp:96,ABarppapp,96,49158,24158,16551,17068,23503,8.8,368,292,36,213984
ABarppapp:97,ABarppapp,97,48110,23110,15509,16014,22633,8.2,377,296,36,222030
ABarppapp:98,ABarppapp,98,47686,22686,13940,14462,22092,8.0,379,296,36,221861
ABarppapp:99,ABarppapp,99,47067,22067,14252,14692,21739,8.0,376,300,38,243192
ABarppapp:100,ABarppapp,100,48075,23075,15063,15311,22764,8.0,378,304,36,233340
ABarppapp:101,ABarppapp,101,43320,18320,10551,10727,18079,7.3,373,307,38,231077
ABarppapp:102,ABarppapp,102,45201,20201,12376,12622,19656,7.5,366,305,38,241477
ABarppapp:103,ABarppapp,103,45430,20430,12664,12831,20093,8.1,362,307,38,281536
ABarppapp:104,ABarppapp,104,45233,20233,12354,12475,19905,8.0,366,307,38,282755
ABarppapp:105,ABarppapp,105,44719,19719,12051,12150,19329,8.2,361,313,38,260220
ABarppapp:106,ABarppapp,106,43144,18144,9975,10589,17756,8.3,363,321,40,298933
ABarppapp:107,ABarppapp,107,44936,19936,12247,12303,19671,8.4,361,322,38,286416
ABarppapp:108,ABarppapp,108,44461,19461,11291,11459,19262,8.4,363,319,40,292764
ABarppapp:109,ABarppapp,109,46207,21207,13211,13283,20920,9.2,358,329,36,271284
ABarppapp:110,ABarppapp,110,44527,19527,11502,11492,19279,9.1,358,335,38,200847
ABarppapp:111,ABarppapp,111,44855,19855,12292,12315,19593,9.1,359,345,39,199123
ABarppapp:112,ABarppapp,112,48591,23591,15714,15713,23324,9.1,374,351,37,187505
ABarppapp:113,ABarppapp,113,41568,16568,7648,8175,16249,8.2,379,353,39,196099
ABarppapp:114,ABarppapp,114,42843,17843,9392,9756,17633,8.3,381,351,39,210890
ABarppapp:115,ABarppapp,115,42288,17288,9101,9420,17039,8.2,390,362,39,213243
ABarppapp:116,ABarppapp,116,42150,17150,8857,8984,16961,9.0,393,362,39,222486
ABarppapp:117,ABarppapp,117,43391,18391,10602,10589,18360,8.1,396,358,38,225204
ABarppapp:118,ABarppapp,118,44126,19126,11592,11600,18974,8.1,399,361,38,238722
ABarppapp:119,ABarppapp,119,43736,18736,10319,10492,18507,8.1,396,364,38,236406
ABarppapp:120,ABarppapp,120,43552,18552,10147,10607,18213,8.1,396,368,38,243413
ABarppapp:121,ABarppapp,121,43779,18779,8542,9675,18032,8.2,406,377,37,225063
ABarppapp:122,ABarppapp,122,43402,18402,8272,8006,17991,9.1,404,377,36,237729
ABarppapp:123,ABarppapp,123,42849,17849,9517,9237,17669,9.1,399,386,36,243281
ABarppapp:124,ABarppapp,124,41319,16319,8662,8451,16090,10.1,400,391,36,256226
ABarppapp:125,ABarppapp,125,33449,8449,306,167,7599,9.9,403,389,32,208896
ABarppapp:126,ABarppapp,126,33061,8061,-700,-711,7324,9.0,404,374,32,217628
ABarppappa:127,ABarppappa,127,31226,6226,-2772,-2790,5209,8.1,374,371,28,121510
ABarppappa:128,ABarppappa,128,39464,14464,5931,6128,13213,7.5,379,373,28,99596
ABarppappa:129,ABarppappa,129,42850,17850,9669,10287,15408,7.9,384,369,32,160993
ABarppappp:127,ABarppappp,127,31704,6704,-335,-381,6341,9.9,426,384,32,167128
ABarppappp:128,ABarppappp,128,40208,15208,8615,8495,14726,9.8,430,387,32,163645
ABarppappp:129,ABarppappp,129,41165,16165,9311,9092,15720,9.7,434,382,32,152705
ABarppp:52,ABarppp,52,29643,4643,-30,-31,4642,13.4,397,175,50,496717
ABarppp:53,ABarppp,53,29334,4334,-204,-201,4334,14.0,395,175,55,660979
ABarppp:54,ABarppp,54,29492,4492,-46,-59,4492,14.8,404,166,55,664633
ABarppp:55,ABarppp,55,31530,6530,1810,1722,6530,14.2,417,173,55,745007
ABarppp:56,ABarppp,56,30704,5704,1032,1015,5704,15.1,411,168,55,845088
ABarppp:57,ABarppp,57,31616,6616,1956,1911,6610,14.8,412,169,55,824450
ABarppp:58,ABarppp,58,31712,6712,1899,1821,6708,13.9,411,171,55,834635
ABarppp:59,ABarppp,59,32271,7271,2575,2506,7271,14.9,406,172,54,834557
ABarppp:60,ABarppp,60,33582,8582,3306,3276,8582,12.4,400,167,55,867867
ABarppp:61,ABarppp,61,34473,9473,4286,4244,9473,14.0,400,168,53,797247
ABarppp:62,ABarppp,62,34715,9715,4379,4312,9715,14.1,403,171,53,819305
ABarppp:63,ABarppp,63,34429,9429,4257,4239,9429,14.3,404,176,57,793718
ABarppp:64,ABarppp,64,36207,11207,6211,6209,11207,14.9,412,184,54,730589
ABarppp:65,ABarppp,65,35403,10403,5101,5102,10403,15.0,408,186,54,714869
ABarppp:66,ABarppp,66,35769,10769,6084,6082,10768,15.0,403,191,54,718319
ABarppp:67,ABarppp,67,34884,9884,4899,4895,9854,15.0,398,197,53,656996
ABarppp:68,ABarppp,68,31792,6792,1324,1352,6637,14.2,398,196,54,643048
ABarpppa:69,ABarpppa,69,31005,6005,136,136,5406,15.0,398,183,50,439727
ABarpppa:70,ABarpppa,70,34078,9078,3697,3624,8962,14.2,395,179,41,265345
ABarpppa:71,ABarpppa,71,40672,15672,10878,10689,15587,14.1,399,169,44,328729
ABarpppa:72,ABarpppa,72,38843,13843,8616,8447,13789,14.1,399,165,44,328237
ABarpppa:73,ABarpppa,73,40014,15014,9625,9464,14924,13.1,400,157,44,359478
ABarpppa:74,ABarpppa,74,40682,15682,10158,10020,15628,13.0,397,155,44,364161
ABarpppa:75,ABarpppa,75,42179,17179,11378,11361,17058,13.0,388,163,44,364710
ABarpppa:76,ABarpppa,76,42840,17840,11491,11669,17583,12.0,384,168,44,354874
ABarpppa:77,ABarpppa,77,44774,19774,13677,13463,19743,12.0,389,169,44,350855
ABarpppa:78,ABarpppa,78,43836,18836,13195,13083,18820,12.1,395,176,44,380619
ABarpppa:79,ABarpppa,79,43370,18370,12418,12282,18327,11.9,395,175,44,385349
ABarpppa:80,ABarpppa,80,45280,20280,14563,14465,20260,11.1,396,174,44,382447
ABarpppa:81,ABarpppa,81,44946,19946,13870,13798,19931,10.9,394,174,44,400599
ABarpppa:82,ABarpppa,82,42953,17953,12123,12053,17948,11.9,396,180,44,400469
ABarpppa:83,ABarpppa,83,44031,19031,11964,12456,18977,11.3,390,194,46,427586
ABarpppa:84,ABarpppa,84,47002,22002,14396,15309,21840,11.0,388,200,44,413084
ABarpppa:85,ABarpppa,85,46495,21495,13333,14451,21264,10.9,382,203,44,424611
ABarpppa:86,ABarpppa,86,46681,21681,13505,14498,21364,11.1,381,204,44,417798
ABarpppa:87,ABarpppa,87,46753,21753,12540,14907,21042,10.1,389,202,45,429616
ABarpppa:88,ABarpppa,88,46346,21346,12207,13706,21102,9.1,380,196,47,504924
ABarpppa:89,ABarpppa,89,46240,21240,12474,13716,20935,8.4,391,189,47,482462
ABarpppa:90,ABarpppa,90,48829,23829,15076,15907,23507,8.1,377,196,44,371691
ABarpppa:91,ABarpppa,91,46115,21115,12447,12857,20924,8.2,364,204,44,349463
ABarpppa:92,ABarpppa,92,47343,22343,13551,13733,21931,9.0,362,208,40,336829
ABarpppa:93,ABarpppa,93,34103,9103,140,171,8990,8.9,367,196,39,302330
ABarpppaa:94,ABarpppaa,94,34383,9383,0,726,8332,8.3,347,180,34,188323
ABarpppaa:95,ABarpppaa,95,39319,14319,5522,5990,13361,7.4,344,168,35,173553
ABarpppaa:96,ABarpppaa,96,46137,21137,12720,13488,20525,7.9,343,167,36,235354
ABarpppaa:97,ABarpppaa,97,45250,20250,12679,12947,19830,7.0,343,169,36,233325
ABarpppaa:98,ABarpppaa,98,45228,20228,11812,12403,19672,7.1,344,164,36,241609
ABarpppaa:99,ABarpppaa,99,47328,22328,13047,14285,20790,7.1,345,163,36,253702
ABarpppaa:100,ABarpppaa,100,47624,22624,14548,15117,22042,7.0,352,163,36,253100
ABarpppaa:101,ABarpppaa,101,44913,19913,11635,12513,19220,7.1,345,162,36,266115
ABarpppaa:102,ABarpppaa,102,49199,24199,14948,15759,22955,7.0,341,160,36,259189
ABarpppaa:103,ABarpppaa,103,48948,23948,13976,15735,21844,7.0,335,157,36,263869
ABarpppaa:104,ABarpppaa,104,47606,22606,13615,15087,20728,6.9,327,159,36,267702
ABarpppaa:105,ABarpppaa,105,43596,18596,9152,10464,17253,7.1,331,164,36,264063
ABarpppaa:106,ABarpppaa,106,47340,22340,13502,14528,20763,7.1,337,163,36,292169
ABarpppaa:107,ABarpppaa,107,47486,22486,14047,14941,21167,7.1,338,163,36,288831
ABarpppaa:108,ABarpppaa,108,46116,21116,11976,12837,19673,7.1,340,159,36,297337
ABarpppaa:109,ABarpppaa,109,45645,20645,11074,12199,18849,7.1,343,156,36,295831
ABarpppaa:110,ABarpppaa,110,46964,21964,12184,13506,20254,7.1,354,160,36,197902
ABarpppaa:111,ABarpppaa,111,44960,19960,10673,11425,19266,7.0,360,161,37,204252
ABarpppaa:112,ABarpppaa,112,47893,22893,13179,14136,21970,7.1,362,160,37,217275
ABarpppaa:113,ABarpppaa,113,47242,22242,13174,13698,21384,7.0,363,168,35,174294
ABarpppaa:114,ABarpppaa,114,44552,19552,9935,10905,18708,7.2,366,168,39,227114
ABarpppaa:115,ABarpppaa,115,44549,19549,10994,11146,18962,7.1,377,169,37,214821
ABarpppaa:116,ABarpppaa,116,44250,19250,10926,11297,18625,7.1,383,168,39,244988
ABarpppaa:117,ABarpppaa,117,47960,22960,14362,14416,22378,7.1,385,170,36,229481
ABarpppaa:118,ABarpppaa,118,44104,19104,10702,10986,18785,7.2,383,166,38,260940
ABarpppaa:119,ABarpppaa,119,44380,19380,10933,11077,18952,7.2,382,161,36,237851
ABarpppaa:120,ABarpppaa,120,44790,19790,10680,10689,19537,7.3,381,164,36,240482
ABarpppaa:121,ABarpppaa,121,45304,20304,11624,11722,19927,7.2,383,174,37,240426
ABarpppaa:122,ABarpppaa,122,45334,20334,10513,10242,19612,7.9,396,174,32,194202
ABarpppaa:123,ABarpppaa,123,45060,20060,10279,10780,18443,7.3,403,176,36,252220
ABarpppaa:124,ABarpppaa,124,42276,17276,7286,7902,16057,7.4,402,174,34,190742
ABarpppaa:125,ABarpppaa,125,43125,18125,8921,9612,17038,8.2,409,170,36,279519
ABarpppaa:126,ABarpppaa,126,34901,9901,1109,1337,9192,9.0,409,170,36,272193
ABarpppaaa:127,ABarpppaaa,127,34436,9436,-832,138,6278,8.0,402,159,32,175174
ABarpppaaa:128,ABarpppaaa,128,31708,6708,-1784,-312,3535,8.5,407,158,30,173151
ABarpppaaa:129,ABarpppaaa,129,31995,6995,-137,1021,4594,9.2,405,157,28,136153
ABarpppaap:127,ABarpppaap,127,34297,9297,170,403,6642,8.4,421,192,30,137849
ABarpppaap:128,ABarpppaap,128,36200,11200,1243,1445,9138,8.4,432,195,30,144396
ABarpppaap:129,ABarpppaap,129,44430,19430,11159,11165,18533,9.8,433,186,32,163853
ABarpppap:94,ABarpppap,94,34685,9685,-55,-77,9576,8.4,372,222,34,173055
ABarpppap:95,ABarpppap,95,45099,20099,11899,12094,19400,9.1,376,213,35,190024
ABarpppap:96,ABarpppap,96,48676,23676,15982,16334,22721,8.8,373,214,36,228839
ABarpppap:97,ABarpppap,97,48421,23421,15519,15792,22882,8.0,374,214,36,239110
ABarpppap:98,ABarpppap,98,46677,21677,13778,14156,21248,7.2,373,218,38,234450
ABarpppap:99,ABarpppap,99,47451,22451,13560,14036,21931,7.1,367,223,36,239692
ABarpppap:100,ABarpppap,100,48064,23064,14296,15007,22611,7.1,370,222,36,235117
ABarpppap:101,ABarpppap,101,48977,23977,15102,15716,23122,7.2,369,221,36,241062
ABarpppap:102,ABarpppap,102,47588,22588,14149,14817,21904,7.8,366,211,36,244078
ABarpppap:103,ABarpppap,103,49514,24514,16034,16462,23879,7.8,362,211,36,258230
ABarpppap:104,ABarpppap,104,46830,21830,13116,13339,21381,7.1,357,211,36,255260
ABarpppap:105,ABarpppap,105,49748,24748,16464,16666,24348,7.8,356,209,36,255318
ABarpppap:106,ABarpppap,106,46440,21440,13108,13519,20961,7.3,356,211,38,269578
ABarpppap:107,ABarpppap,107,48314,23314,15766,16176,22897,7.3,360,207,38,285759
ABarpppap:108,ABarpppap,108,50238,25238,16678,17239,24768,7.9,366,207,36,276986
ABarpppap:109,ABarpppap,109,50537,25537,16848,17118,25148,8.0,366,205,36,292702
ABarpppap:110,ABarpppap,110,52424,27424,18303,19074,26758,7.9,380,201,36,190174
ABarpppap:111,ABarpppap,111,47203,22203,13068,13690,21582,7.3,382,206,37,180685
ABarpppap:112,ABarpppap,112,47873,22873,14117,15095,22287,7.3,380,204,39,202102
ABarpppap:113,ABarpppap,113,51140,26140,16319,17566,25123,8.0,385,206,39,227523
ABarpppap:114,ABarpppap,114,49846,24846,15226,16099,24051,7.3,389,205,39,209497
ABarpppap:115,ABarpppap,115,48252,23252,14703,15251,22837,7.2,391,216,39,217880
ABarpppap:116,ABarpppap,116,55762,30762,22189,22631,30367,7.3,393,214,39,231082
ABarpppap:117,ABarpppap,117,58963,33963,23881,24010,33581,7.2,392,218,36,209028
ABarpppap:118,ABarpppap,118,60026,35026,26171,26326,34742,7.1,391,218,38,236892
ABarpppap:119,ABarpppap,119,65704,40704,30750,31042,40330,7.2,394,218,36,218923
ABarpppap:120,ABarpppap,120,62572,37572,28098,28363,37175,7.1,393,218,38,249791
ABarpppap:121,ABarpppap,121,64176,39176,29403,29472,38911,7.2,398,223,37,235370
ABarpppap:122,ABarpppap,122,66229,41229,30733,30746,40947,7.4,404,224,36,230313
ABarpppap:123,ABarpppap,123,64304,39304,27249,27282,39137,7.2,405,229,36,239122
ABarpppap:124,ABarpppap,124,44022,19022,3521,3521,18597,7.9,404,231,32,185748
ABarpppapa:125,ABarpppapa,125,43917,18917,3675,3967,17807,8.1,394,228,30,142026
ABarpppapa:126,ABarpppapa,126,62581,37581,20747,20681,37022,8.1,383,220,28,125954
ABarpppapa:127,ABarpppapa,127,88013,63013,50703,50666,62423,8.8,387,224,32,157310
ABarpppapa:128,ABarpppapa,128,93232,68232,55753,55751,67613,8.1,387,229,32,163121
ABarpppapa:129,ABarpppapa,129,94497,69497,56608,56564,68720,7.2,394,223,32,153235
ABarpppapp:125,ABarpppapp,125,44011,19011,6284,6696,17236,7.9,430,236,32,156194
ABarpppapp:126,ABarpppapp,126,43282,18282,8315,8420,17044,7.8,434,224,32,158932
ABarpppapp:127,ABarpppapp,127,61720,36720,27043,27081,35593,7.2,440,230,30,159976
ABarpppapp:128,ABarpppapp,128,63131,38131,28594,28532,37268,7.0,444,232,32,180346
ABarpppapp:129,ABarpppapp,129,68152,43152,33199,33199,42689,7.0,457,224,32,179942
ABarpppp:69,ABarpppp,69,31832,6832,319,503,6396,13.9,406,216,33,174072
ABarpppp:70,ABarpppp,70,34737,9737,4423,4439,9703,13.1,413,235,45,291065
ABarpppp:71,ABarpppp,71,37711,12711,7705,7626,12689,13.0,415,235,44,297510
ABarpppp:72,ABarpppp,72,40010,15010,9602,9597,15008,12.1,423,242,44,309873
ABarpppp:73,ABarpppp,73,40265,15265,9670,9670,15265,12.1,427,246,44,312856
ABarpppp:74,ABarpppp,74,40822,15822,10576,10576,15821,12.8,427,248,44,327209
ABarpppp:75,ABarpppp,75,40478,15478,9695,9690,15475,12.1,432,248,44,324852
ABarpppp:76,ABarpppp,76,40845,15845,10028,9924,15836,11.2,435,244,46,398068
ABarpppp:77,ABarpppp,77,41287,16287,11192,11177,16286,12.0,439,243,48,470049
ABarpppp:78,ABarpppp,78,42753,17753,11986,11975,17753,12.0,436,243,44,360791
ABarpppp:79,ABarpppp,79,40796,15796,9768,9690,15792,11.4,436,245,46,394004
ABarpppp:80,ABarpppp,80,44157,19157,12818,12770,19151,11.1,433,242,44,377540
ABarpppp:81,ABarpppp,81,43072,18072,12214,12152,18070,11.0,434,241,46,429954
ABarpppp:82,ABarpppp,82,44746,19746,13204,13162,19746,11.0,428,239,46,446990
ABarpppp:83,ABarpppp,83,42765,17765,11140,11324,17742,11.1,428,240,48,512994
ABarpppp:84,ABarpppp,84,46017,21017,14296,14562,20967,11.1,431,236,46,487105
ABarpppp:85,ABarpppp,85,47088,22088,15012,15529,21991,11.0,416,241,44,413538
ABarpppp:86,ABarpppp,86,44775,19775,12201,13179,19580,10.1,417,235,48,540340
ABarpppp:87,ABarpppp,87,46515,21515,13595,14647,21082,9.1,421,229,49,553971
ABarpppp:88,ABarpppp,88,48899,23899,16166,16806,23672,9.1,421,223,47,511406
ABarpppp:89,ABarpppp,89,47868,22868,14216,15402,22529,8.4,417,228,47,467298
ABarpppp:90,ABarpppp,90,47897,22897,13862,15099,22364,9.1,401,234,46,417510
ABarpppp:91,ABarpppp,91,47428,22428,13667,14253,22276,8.3,404,240,44,322374
ABarpppp:92,ABarpppp,92,46138,21138,13387,13517,21034,9.2,403,250,44,365357
ABarpppp:93,ABarpppp,93,41972,16972,8021,8019,16911,9.1,406,247,39,300938
ABarpppp:94,ABarpppp,94,33491,8491,-455,-464,8406,8.3,410,255,34,226536
ABarppppa:95,ABarppppa,95,35283,10283,-427,297,8780,8.7,397,241,37,226179
ABarppppa:96,ABarppppa,96,44373,19373,10488,11163,18362,7.9,401,239,36,236053
ABarppppa:97,ABarppppa,97,48586,23586,15915,16334,23119,7.2,408,241,38,246826
ABarppppa:98,ABarppppa,98,46358,21358,13662,14113,20911,7.3,411,240,38,236930
ABarppppa:99,ABarppppa,99,49769,24769,16020,16515,24264,7.3,407,239,36,242911
ABarppppa:100,ABarppppa,100,46784,21784,14082,14689,21265,7.2,409,241,40,290407
ABarppppa:101,ABarppppa,101,44470,19470,11375,12234,18714,7.3,405,238,38,249705
ABarppppa:102,ABarppppa,102,49025,24025,15513,16155,23370,7.9,397,237,36,257978
ABarppppa:103,ABarppppa,103,47397,22397,13664,14295,21689,7.9,390,240,36,254037
ABarppppa:104,ABarppppa,104,47861,22861,13962,14337,22360,7.8,386,243,36,260183
ABarppppa:105,ABarppppa,105,46217,21217,13381,13564,20924,7.9,385,246,36,260198
ABarppppa:106,ABarppppa,106,45664,20664,12168,12737,20289,7.3,381,248,38,267765
ABarppppa:107,ABarppppa,107,44363,19363,11586,12033,19080,7.4,381,249,40,300481
ABarppppa:108,ABarppppa,108,46951,21951,13546,13996,21502,7.3,395,240,38,285359
ABarppppa:109,ABarppppa,109,47161,22161,13808,14162,21855,7.3,401,236,38,299295
ABarppppa:110,ABarppppa,110,45839,20839,12313,13172,20138,7.3,408,232,38,203754
ABarppppa:111,ABarppppa,111,47386,22386,13804,14522,21584,7.3,414,233,39,215186
ABarppppa:112,ABarppppa,112,45824,20824,12048,12799,20165,7.2,415,232,39,223106
ABarppppa:113,ABarppppa,113,48769,23769,14082,14740,22854,8.0,416,233,35,172620
ABarppppa:114,ABarppppa,114,46150,21150,11458,11907,20431,7.9,423,231,35,177470
ABarppppa:115,ABarppppa,115,45131,20131,10949,11312,19690,7.2,436,231,37,206280
ABarppppa:116,ABarppppa,116,46965,21965,13638,14074,21490,7.2,439,232,39,238224
ABarppppa:117,ABarppppa,117,44449,19449,10588,10790,19128,7.2,441,223,38,229712
ABarppppa:118,ABarppppa,118,45634,20634,12032,12451,20296,7.3,440,219,38,240947
ABarppppa:119,ABarppppa,119,44303,19303,10309,11234,18540,7.5,438,208,38,234336
ABarppppa:120,ABarppppa,120,45464,20464,11703,12307,19895,8.1,436,201,38,275164
ABarppppa:121,ABarppppa,121,45516,20516,12070,12319,20132,8.2,440,199,37,231161
ABarppppa:122,ABarppppa,122,44491,19491,10262,10314,19117,8.2,444,190,36,243630
ABarppppa:123,ABarppppa,123,45171,20171,11524,11615,19658,8.3,445,194,36,244907
ABarppppa:124,ABarppppa,124,45865,20865,11814,11766,20596,8.3,446,198,36,257088
ABarppppa:125,ABarppppa,125,46115,21115,12653,12857,20698,9.1,455,199,36,282045
ABarppppa:126,ABarppppa,126,45576,20576,11917,12350,19820,9.4,455,192,36,277819
ABarppppa:127,ABarppppa,127,46318,21318,13401,13235,20721,10.0,459,190,36,293995
ABarppppa:128,ABarppppa,128,42543,17543,9672,9586,16601,10.2,468,195,36,303169
ABarppppa:129,ABarppppa,129,37670,12670,4450,4794,10655,11.2,470,192,36,315665
ABarppppp:95,ABarppppp,95,34313,9313,997,1009,9125,8.5,444,273,35,176791
ABarppppp:96,ABarppppp,96,46525,21525,14109,14240,21365,8.8,445,277,36,221912
ABarppppp:97,ABarppppp,97,46967,21967,14350,14424,21781,8.1,450,277,36,232452
ABarppppp:98,ABarppppp,98,48332,23332,15210,15436,23038,9.0,455,278,36,234981
ABarppppp:99,ABarppppp,99,46127,21127,13327,14003,20407,9.0,448,282,36,235125
ABarppppp:100,ABarppppp,100,49643,24643,16575,16853,24209,8.1,452,279,36,235696
ABarppppp:101,ABarppppp,101,48106,23106,15002,15517,22484,9.0,448,274,36,246301
ABarppppp:102,ABarppppp,102,44793,19793,11724,12522,19150,8.3,446,261,38,265472
ABarppppp:103,ABarppppp,103,47000,22000,14389,14696,21654,8.3,443,260,38,275271
ABarppppp:104,ABarppppp,104,48250,23250,15473,15462,23015,8.2,441,255,38,297796
ABarppppp:105,ABarppppp,105,47512,22512,14472,14848,22292,7.4,444,259,38,259146
ABarppppp:106,ABarppppp,106,47652,22652,13940,14883,21890,8.0,448,259,38,312269
ABarppppp:107,ABarppppp,107,45341,20341,11935,12553,19822,8.2,451,258,38,304529
ABarppppp:108,ABarppppp,108,48543,23543,15744,15845,23175,9.0,458,250,38,333918
ABarppppp:109,ABarppppp,109,46899,21899,14551,14757,21530,9.0,460,251,40,359954
ABarppppp:110,ABarppppp,110,49857,24857,17522,17201,24627,9.0,470,251,36,197863
ABarppppp:111,ABarppppp,111,46289,21289,13911,13882,21064,8.2,467,249,39,221610
ABarppppp:112,ABarppppp,112,46996,21996,14586,14590,21760,9.1,469,253,39,227135
ABarppppp:113,ABarppppp,113,44757,19757,11460,11371,19481,8.4,469,255,37,185810
ABarppppp:114,ABarppppp,114,45307,20307,12605,12472,20201,8.3,476,251,37,190477
ABarppppp:115,ABarppppp,115,46550,21550,14356,14166,21357,9.0,484,253,37,218115
ABarppppp:116,ABarppppp,116,47081,22081,14807,14687,21884,9.0,485,261,39,249494
ABarppppp:117,ABarppppp,117,47667,22667,13761,13750,22558,8.1,487,261,36,221054
ABarppppp:118,ABarppppp,118,45598,20598,12061,11926,20539,8.2,487,253,38,250285
ABarppppp:119,ABarppppp,119,45389,20389,11741,11747,20336,7.4,478,258,38,239219
ABarppppp:120,ABarppppp,120,48100,23100,15768,15719,22945,8.0,468,255,36,235509
ABarppppp:121,ABarppppp,121,49366,24366,15906,15694,24090,8.0,472,250,33,179951
ABarppppp:122,ABarppppp,122,47934,22934,14942,14920,22609,8.1,472,250,36,254006
ABarppppp:123,ABarppppp,123,46325,21325,13244,13285,20992,8.1,477,248,36,243734
ABarppppp:124,ABarppppp,124,47082,22082,13867,13829,21892,8.0,483,248,36,270787
ABarppppp:125,ABarppppp,125,47406,22406,14373,14307,22154,8.1,494,247,36,275152
ABarppppp:126,ABarppppp,126,44584,19584,11726,11533,19345,9.0,494,240,36,278407
ABarppppp:127,ABarppppp,127,44449,19449,11616,11535,19150,9.1,491,244,36,308028
ABarppppp:128,ABarppppp,128,41966,16966,9539,9520,16604,9.4,497,246,36,253718
ABarppppp:129,ABarppppp,129,42007,17007,9872,9838,16634,10.1,504,240,36,308143
ABp:2,ABp,2,27872,2872,-802,-891,2872,14.9,337,171,73,1094975
ABp:3,ABp,3,27477,2477,-997,-1011,2477,17.1,340,178,64,798387
ABp:4,ABp,4,27772,2772,-671,-671,2772,17.0,370,175,63,739605
ABp:5,ABp,5,27381,2381,-896,-896,2381,18.1,380,153,62,810517
ABp:6,ABp,6,27208,2208,-1033,-1033,2208,18.2,415,150,63,897875
ABp:7,ABp,7,27885,2885,-544,-481,2803,18.0,374,155,63,1018221
ABp:8,ABp,8,27243,2243,-930,-927,2243,16.2,383,169,63,1069196
ABp:9,ABp,9,26622,1622,-906,-906,1622,16.1,389,183,42,253882
ABp:10,ABp,10,28312,3312,-464,-464,3312,14.3,389,170,58,922706
ABp:11,ABp,11,27594,2594,-873,-853,2592,19.2,404,211,53,566124
ABpl:12,ABpl,12,27952,2952,-930,-927,2952,16.4,418,184,57,673920
ABpl:13,ABpl,13,27777,2777,-1231,-1231,2777,15.7,415,174,60,793702
ABpl:14,ABpl,14,27270,2270,-1981,-1981,2270,13.2,407,163,61,849890
ABpl:15,ABpl,15,27740,2740,-1674,-1674,2740,10.1,382,172,61,849302
ABpl:16,ABpl,16,27957,2957,-1621,-1621,2957,9.5,366,183,61,918863
ABpl:17,ABpl,17,27667,2667,-2016,-2016,2667,9.1,342,191,62,1101827
ABpl:18,ABpl,18,27596,2596,-2073,-2073,2596,8.5,320,200,63,1162085
ABpl:19,ABpl,19,27578,2578,-2145,-2145,2578,9.0,299,227,65,1335107
ABpl:20,ABpl,20,27533,2533,-1735,-1735,2533,9.7,285,254,61,905343
ABpl:21,ABpl,21,27399,2399,-1879,-1879,2399,13.3,253,279,63,1098335
ABpla:22,ABpla,22,27965,2965,-1866,-1862,2965,10.0,248,227,57,687540
ABpla:23,ABpla,23,28049,3049,-1875,-1905,3049,9.7,240,218,63,777276
ABpla:24,ABpla,24,27826,2826,-2310,-2315,2826,9.1,227,216,65,898596
ABpla:25,ABpla,25,27933,2933,-2343,-2343,2933,8.7,223,196,66,1019602
ABpla:26,ABpla,26,28022,3022,-2468,-2468,3022,8.7,236,176,69,1274821
ABpla:27,ABpla,27,27849,2849,-2592,-2592,2849,8.8,234,173,69,1447077
ABpla:28,ABpla,28,27624,2624,-2788,-2788,2624,9.2,250,176,68,1576642
ABpla:29,ABpla,29,27952,2952,-2194,-2194,2952,9.2,234,181,71,1837010
ABpla:30,ABpla,30,27777,2777,-2420,-2420,2777,9.7,229,188,69,1750089
ABpla:31,ABpla,31,27732,2732,-2499,-2499,2732,9.2,211,196,72,2196933
ABpla:32,ABpla,32,27650,2650,-2024,-2024,2650,10.0,213,197,59,938107
ABplaa:33,ABplaa,33,28535,3535,-1208,-1228,3535,11.2,192,183,51,528462
ABplaa:34,ABplaa,34,28715,3715,-1369,-1369,3715,9.4,207,185,54,620586
ABplaa:35,ABplaa,35,28270,3270,-1858,-1862,3270,9.8,210,185,59,734454
ABplaa:36,ABplaa,36,28002,3002,-2177,-2177,3002,9.8,199,188,60,883227
ABplaa:37,ABplaa,37,28066,3066,-2554,-2568,3066,9.0,191,192,61,975615
ABplaa:38,ABplaa,38,28227,3227,-2074,-2097,3227,9.6,192,185,61,1037854
ABplaa:39,ABplaa,39,27922,2922,-2430,-2458,2922,9.7,198,177,62,1141137
ABplaa:40,ABplaa,40,27728,2728,-2851,-2865,2728,9.1,195,178,62,1266138
ABplaa:41,ABplaa,41,28364,3364,-2136,-2135,3364,9.6,203,192,62,1214388
ABplaa:42,ABplaa,42,28027,3027,-2456,-2456,3027,9.8,205,198,60,1242410
ABplaa:43,ABplaa,43,27957,2957,-2376,-2383,2957,9.3,196,207,65,1440184
ABplaa:44,ABplaa,44,28336,3336,-1900,-1911,3336,9.4,194,206,64,1473107
ABplaa:45,ABplaa,45,27546,2546,-2679,-2680,2546,10.0,194,203,62,1397215
ABplaa:46,ABplaa,46,27708,2708,-2768,-2768,2708,11.0,190,200,62,1476683
ABplaa:47,ABplaa,47,28119,3119,-2205,-2225,3119,11.0,196,203,61,1340383
ABplaa:48,ABplaa,48,28288,3288,-2001,-2031,3288,10.2,197,197,65,1151584
ABplaa:49,ABplaa,49,27957,2957,-2170,-2170,2957,10.2,197,205,54,922564
ABplaaa:50,ABplaaa,50,28123,3123,-2429,-2429,3123,8.1,192,175,37,321036
ABplaaa:51,ABplaaa,51,29143,4143,-1086,-1155,4140,8.7,188,183,59,742186
ABplaaa:52,ABplaaa,52,28733,3733,-1660,-1669,3733,8.1,195,169,54,682519
ABplaaa:53,ABplaaa,53,29104,4104,-976,-941,4103,8.1,184,157,55,731620
ABplaaa:54,ABplaaa,54,28788,3788,-1604,-1604,3788,8.1,179,155,55,775429
ABplaaa:55,ABplaaa,55,28631,3631,-1955,-1960,3631,8.1,178,158,55,821532
ABplaaa:56,ABplaaa,56,28647,3647,-2078,-2090,3645,8.1,181,154,55,847580
ABplaaa:57,ABplaaa,57,28903,3903,-1390,-1385,3903,8.0,182,158,55,834228
ABplaaa:58,ABplaaa,58,28972,3972,-1577,-1584,3972,8.1,183,169,55,851587
ABplaaa:59,ABplaaa,59,28449,3449,-2234,-2244,3448,8.2,183,172,54,878534
ABplaaa:60,ABplaaa,60,28983,3983,-1433,-1431,3983,8.2,174,179,53,799570
ABplaaa:61,ABplaaa,61,28354,3354,-2202,-2202,3354,8.9,175,178,53,801359
ABplaaa:62,ABplaaa,62,28731,3731,-2260,-2252,3730,8.4,182,167,55,862413
ABplaaa:63,ABplaaa,63,29001,4001,-1731,-1719,4001,8.3,177,166,55,730016
ABplaaa:64,ABplaaa,64,28464,3464,-2231,-2243,3464,8.9,173,165,54,781552
ABplaaa:65,ABplaaa,65,28147,3147,-2507,-2475,3147,9.2,173,159,54,819609
ABplaaa:66,ABplaaa,66,27832,2832,-2694,-2607,2823,10.0,171,157,54,845373
ABplaaa:67,ABplaaa,67,28323,3323,-1768,-1767,3320,10.1,171,158,53,688858
ABplaaa:68,ABplaaa,68,28281,3281,-1053,-1053,3281,10.1,162,155,34,286263
ABplaaaa:69,ABplaaaa,69,28423,3423,-715,-715,3420,13.1,128,150,34,236125
ABplaaaa:70,ABplaaaa,70,29124,4124,-661,-661,4120,14.1,132,149,41,309990
ABplaaaa:71,ABplaaaa,71,28192,3192,-528,-528,3188,14.1,121,155,44,357171
ABplaaaa:72,ABplaaaa,72,27624,2624,-859,-865,2619,15.1,114,158,44,374500
ABplaaaa:73,ABplaaaa,73,28057,3057,-764,-738,3037,15.0,117,151,44,401661
ABplaaaa:74,ABplaaaa,74,28163,3163,-1196,-1196,3161,14.1,126,153,44,415871
ABplaaaa:75,ABplaaaa,75,28109,3109,-800,-792,3097,13.9,126,151,44,413602
ABplaaaa:76,ABplaaaa,76,27933,2933,-1489,-1447,2913,13.9,130,157,44,407781
ABplaaaa:77,ABplaaaa,77,28369,3369,-1343,-1296,3345,13.9,131,150,44,406006
ABplaaaa:78,ABplaaaa,78,27595,2595,-1448,-1450,2586,12.9,132,154,44,398794
ABplaaaa:79,ABplaaaa,79,28007,3007,-1867,-1793,2955,13.0,132,157,44,422501
ABplaaaa:80,ABplaaaa,80,28065,3065,-1235,-1249,3038,13.1,133,157,44,445254
ABplaaaa:81,ABplaaaa,81,28349,3349,-1095,-1025,3320,13.0,135,152,44,446760
ABplaaaa:82,ABplaaaa,82,28303,3303,-1545,-918,3197,12.1,138,155,44,421873
ABplaaaa:83,ABplaaaa,83,27863,2863,-2010,-1687,2818,12.1,137,153,44,446169
ABplaaaa:84,ABplaaaa,84,28014,3014,-1672,-1415,2968,12.1,136,160,44,433896
ABplaaaa:85,ABplaaaa,85,27980,2980,-2030,-1902,2954,12.0,138,162,44,447961
ABplaaaa:86,ABplaaaa,86,28303,3303,-1566,-1125,3215,11.0,141,170,44,453448
ABplaaaa:87,ABplaaaa,87,28149,3149,-1737,-1315,3104,12.0,135,170,45,470533
ABplaaaa:88,ABplaaaa,88,28447,3447,-1226,-906,3390,12.1,132,178,45,463275
ABplaaaa:89,ABplaaaa,89,28496,3496,-1807,-1571,3471,11.9,141,176,45,459871
ABplaaaa:90,ABplaaaa,90,27842,2842,-2291,-2292,2800,11.1,136,189,44,397326
ABplaaaa:91,ABplaaaa,91,28361,3361,-1262,-1255,3124,11.0,138,192,42,386626
ABplaaaa:92,ABplaaaa,92,28195,3195,-1829,-1857,3012,11.2,149,208,38,315663
ABplaaaa:93,ABplaaaa,93,27561,2561,-2406,-2412,2329,12.9,141,209,39,354543
ABplaaaaa:94,ABplaaaaa,94,29005,4005,-274,-289,3683,13.4,117,187,34,193029
ABplaaaaa:95,ABplaaaaa,95,28570,3570,-494,-458,3161,14.8,118,196,37,255641
ABplaaaaa:96,ABplaaaaa,96,27511,2511,-1005,-983,1719,14.1,111,208,29,132282
ABplaaaaa:97,ABplaaaaa,97,28711,3711,-537,-464,2665,14.0,115,215,29,138882
ABplaaaaa:98,ABplaaaaa,98,27904,2904,-1276,-1234,1364,14.0,116,215,31,138882
ABplaaaaa:99,ABplaaaaa,99,29210,4210,62,162,2633,14.0,117,215,33,138882
ABplaaaaa:100,ABplaaaaa,100,29045,4045,-533,-640,3263,14.1,118,215,35,138882
ABplaaaaa:101,ABplaaaaa,101,28232,3232,-1422,-1283,1804,14.1,119,215,37,138882
ABplaaaaa:102,ABplaaaaa,102,29346,4346,-444,-124,3149,14.1,121,215,40,393221
ABplaaaaa:103,ABplaaaaa,103,27190,2190,-2742,-2544,35,13.2,120,221,29,161131
ABplaaaaa:104,ABplaaaaa,104,28478,3478,-1994,-902,595,13.2,120,221,29,161131
ABplaaaaa:105,ABplaaaaa,105,27984,2984,-1897,-1330,1705,14.0,122,235,40,413359
ABplaaaaa:106,ABplaaaaa,106,29067,4067,-439,-247,3217,14.0,126,232,40,390505
ABplaaaaa:107,ABplaaaaa,107,28557,3557,-522,-640,2358,14.0,124,228,29,166795
ABplaaaaa:108,ABplaaaaa,108,27604,2604,-1426,-1565,1183,13.3,126,232,29,161561
ABplaaaaa:109,ABplaaaaa,109,28857,3857,-522,-696,3234,12.2,133,233,29,153250
ABplaaaaa:110,ABplaaaaa,110,28987,3987,-280,-367,3271,12.2,133,233,29,153250
ABplaaaaa:111,ABplaaaaa,111,28326,3326,-807,-820,2677,10.2,137,224,29,100586
ABplaaaaa:112,ABplaaaaa,112,28088,3088,-2179,-2038,2104,10.0,142,224,35,175441
ABplaaaaa:113,ABplaaaaa,113,28528,3528,-2565,-2130,2385,9.8,145,214,35,169670
ABplaaaaa:114,ABplaaaaa,114,28707,3707,-2789,-2723,3077,8.4,149,211,37,188297
ABplaaaaa:115,ABplaaaaa,115,29493,4493,-1397,-1102,3859,9.0,150,209,39,247132
ABplaaaaa:116,ABplaaaaa,116,29491,4491,-1133,-1033,3634,9.0,152,206,37,226459
ABplaaaaa:117,ABplaaaaa,117,29808,4808,-1528,-1525,4396,8.2,160,202,36,209132
ABplaaaaa:118,ABplaaaaa,118,29245,4245,-2209,-2184,3670,8.1,162,211,36,225585
ABplaaaaa:119,ABplaaaaa,119,30457,5457,-1242,-1248,4311,7.4,165,206,36,208564
ABplaaaaa:120,ABplaaaaa,120,30398,5398,-1680,-1692,3083,7.4,170,209,36,215604
ABplaaaaa:121,ABplaaaaa,121,29431,4431,-2033,-1948,2757,7.3,174,221,35,177511
ABplaaaaa:122,ABplaaaaa,122,31043,6043,-542,-357,3447,7.3,179,208,36,215075
ABplaaaaa:123,ABplaaaaa,123,30048,5048,-1622,-1297,153,7.5,187,206,34,183931
ABplaaaaa:124,ABplaaaaa,124,29645,4645,-1954,-1940,1017,7.9,191,208,32,217322
ABplaaaaaa:125,ABplaaaaaa,125,32542,7542,-1418,-894,3594,6.9,176,186,32,170995
ABplaaaaaa:126,ABplaaaaaa,126,34549,9549,1263,2455,2871,6.9,179,184,32,157705
ABplaaaaaa:127,ABplaaaaaa,127,33572,8572,-1454,1937,-7295,7.8,173,179,32,166369
ABplaaaaaa:128,ABplaaaaaa,128,31040,6040,-1719,383,-3793,8.0,165,170,32,171207
ABplaaaaaa:129,ABplaaaaaa,129,31067,6067,-1246,29,-8416,8.0,162,177,32,172677
ABplaaaaap:125,ABplaaaaap,125,31830,6830,731,571,4217,7.2,213,228,32,147802
ABplaaaaap:126,ABplaaaaap,126,31343,6343,-613,-658,1262,7.1,212,231,29,106850
ABplaaaaap:127,ABplaaaaap,127,30907,5907,-1036,-1006,2669,7.2,205,231,32,153154
ABplaaaaap:128,ABplaaaaap,128,30516,5516,-1423,-1333,1912,7.0,203,225,32,153479
ABplaaaaap:129,ABplaaaaap,129,31286,6286,-1370,-527,-1085,7.0,201,214,32,161128
ABplaaaap:94,ABplaaaap,94,27664,2664,-1712,-1849,2102,11.1,152,229,34,208975
ABplaaaap:95,ABplaaaap,95,28874,3874,-837,-1063,3350,10.8,154,235,37,236770
ABplaaaap:96,ABplaaaap,96,27882,2882,-1554,-1556,2258,10.0,158,239,36,226888
ABplaaaap:97,ABplaaaap,97,28512,3512,-1406,-1305,2994,9.8,160,245,36,232316
ABplaaaap:98,ABplaaaap,98,28942,3942,-1145,-1109,3220,9.2,160,247,36,244026
ABplaaaap:99,ABplaaaap,99,28966,3966,-1932,-1886,3067,8.4,160,241,38,247084
ABplaaaap:100,ABplaaaap,100,28654,3654,-2897,-2171,2417,8.3,160,244,40,276078
ABplaaaap:101,ABplaaaap,101,29134,4134,-2667,-1583,2563,8.3,162,242,40,295329
ABplaaaap:102,ABplaaaap,102,28545,3545,-2189,-1695,2480,8.4,153,236,38,250963
ABplaaaap:103,ABplaaaap,103,29165,4165,-2209,-1319,3497,9.2,156,240,38,298514
ABplaaaap:104,ABplaaaap,104,28651,3651,-2389,-1670,2882,9.2,161,243,38,306446
ABplaaaap:105,ABplaaaap,105,27940,2940,-2805,-2355,2247,9.9,160,246,36,268241
ABplaaaap:106,ABplaaaap,106,29215,4215,-1394,-685,3475,9.9,155,243,36,290721
ABplaaaap:107,ABplaaaap,107,28434,3434,-3534,-2458,2261,9.2,154,240,36,297620
ABplaaaap:108,ABplaaaap,108,29812,4812,-1440,-728,4127,9.2,152,243,38,319263
ABplaaaap:109,ABplaaaap,109,29333,4333,-2428,-1719,3704,8.3,166,241,38,298681
ABplaaaap:110,ABplaaaap,110,29851,4851,-1894,-1452,4043,8.2,169,234,38,204568
ABplaaaap:111,ABplaaaap,111,29698,4698,-2256,-1853,3427,8.1,173,237,37,201117
ABplaaaap:112,ABplaaaap,112,30039,5039,-2342,-2129,3402,7.4,181,235,37,184073
ABplaaaap:113,ABplaaaap,113,31087,6087,-969,-594,4555,7.3,177,233,39,210087
ABplaaaap:114,ABplaaaap,114,30187,5187,-1349,-1478,4239,7.3,183,237,37,190373
ABplaaaap:115,ABplaaaap,115,30785,5785,-1412,-1017,3270,7.4,183,239,39,209456
ABplaaaap:116,ABplaaaap,116,31058,6058,-840,-441,2948,7.2,185,230,39,223833
ABplaaaap:117,ABplaaaap,117,31595,6595,-486,-381,5587,7.2,195,229,36,213105
ABplaaaap:118,ABplaaaap,118,30693,5693,-3144,-3093,3940,7.1,202,234,36,215095
ABplaaaap:119,ABplaaaap,119,30690,5690,-2006,-2118,4949,7.2,201,231,36,229238
ABplaaaap:120,ABplaaaap,120,29843,4843,-2797,-2554,2663,7.3,213,222,38,239017
ABplaaaap:121,ABplaaaap,121,30377,5377,-2142,-1956,3053,7.2,220,225,37,227462
ABplaaaap:122,ABplaaaap,122,30414,5414,-1590,-1457,3750,7.1,228,222,36,228528
ABplaaaap:123,ABplaaaap,123,29829,4829,-1513,-1291,3427,7.2,233,218,36,238382
ABplaaaap:124,ABplaaaap,124,29100,4100,-1649,-1567,1925,7.9,234,217,32,199180
ABplaaaap:125,ABplaaaap,125,29933,4933,-1166,-1086,3494,7.1,248,216,28,125178
ABplaaaapa:126,ABplaaaapa,126,30828,5828,-1297,-1653,2971,7.2,234,213,29,112011
ABplaaaapa:127,ABplaaaapa,127,29773,4773,-3233,-2977,-200,7.3,225,206,28,110983
ABplaaaapa:128,ABplaaaapa,128,30982,5982,-2381,-1930,775,7.1,226,200,32,157215
ABplaaaapa:129,ABplaaaapa,129,31154,6154,-1724,-1294,2456,6.9,222,190,32,161047
ABplaaaapp:126,ABplaaaapp,126,29346,4346,-4027,-2365,-1750,8.1,267,224,28,109896
ABplaaaapp:127,ABplaaaapp,127,30060,5060,-3890,-2528,1110,7.3,271,226,28,97489
ABplaaaapp:128,ABplaaaapp,128,29269,4269,-4623,-3603,1524,7.8,271,219,32,152077
ABplaaaapp:129,ABplaaaapp,129,29592,4592,-3260,-3033,2479,7.0,268,213,32,156687
ABplaaap:69,ABplaaap,69,28351,3351,-1185,-1200,3286,10.1,184,165,36,274300
ABplaaap:70,ABplaaap,70,28135,3135,-2035,-2031,2999,9.9,186,167,45,315351
ABplaaap:71,ABplaaap,71,28016,3016,-2154,-1961,2878,9.9,187,178,44,320086
ABplaaap:72,ABplaaap,72,28574,3574,-1725,-1671,3450,9.1,184,182,44,340098
ABplaaap:73,ABplaaap,73,28001,3001,-2307,-2292,2908,9.2,184,180,46,402549
ABplaaap:74,ABplaaap,74,28480,3480,-1686,-1463,3389,10.0,189,175,46,429150
ABplaaap:75,ABplaaap,75,28592,3592,-1612,-1335,3515,10.0,188,170,44,370202
ABplaaap:76,ABplaaap,76,28140,3140,-2247,-1824,2982,9.9,187,170,44,362040
ABplaaap:77,ABplaaap,77,28513,3513,-1882,-1653,3405,9.9,188,170,44,377057
ABplaaap:78,ABplaaap,78,28412,3412,-2220,-1852,3269,9.9,191,172,44,355068
ABplaaap:79,ABplaaap,79,28469,3469,-2122,-1838,3372,9.0,183,182,46,455950
ABplaaap:80,ABplaaap,80,29026,4026,-2148,-1931,3898,8.3,186,184,46,425174
ABplaaap:81,ABplaaap,81,27985,2985,-2838,-2322,2860,9.1,184,197,46,458438
ABplaaap:82,ABplaaap,82,28731,3731,-2616,-2044,3552,9.0,189,199,46,447084
ABplaaap:83,ABplaaap,83,28550,3550,-2031,-1660,3328,9.9,190,206,44,395449
ABplaaap:84,ABplaaap,84,28025,3025,-3382,-2656,2783,9.1,202,206,46,451583
ABplaaap:85,ABplaaap,85,29048,4048,-1900,-1370,3970,8.3,192,210,46,449977
ABplaaap:86,ABplaaap,86,28976,3976,-1822,-1352,3857,8.3,201,216,46,455249
ABplaaap:87,ABplaaap,87,28303,3303,-2441,-2160,3226,9.0,203,224,45,419088
ABplaaap:88,ABplaaap,88,28448,3448,-1715,-1700,3400,9.1,209,232,45,448958
ABplaaap:89,ABplaaap,89,28395,3395,-2140,-2186,3363,9.2,218,226,47,502234
ABplaaap:90,ABplaaap,90,28194,3194,-2761,-2760,3181,9.1,212,230,44,372269
ABplaaap:91,ABplaaap,91,28334,3334,-2220,-2216,3043,9.1,217,227,34,224298
ABplaaapa:92,ABplaaapa,92,29260,4260,-452,-452,4158,8.2,189,230,28,121553
ABplaaapa:93,ABplaaapa,93,28393,3393,-632,-628,3314,9.0,179,234,35,194130
ABplaaapa:94,ABplaaapa,94,29151,4151,-881,-1080,3981,8.2,176,241,38,240329
ABplaaapa:95,ABplaaapa,95,29169,4169,-1559,-1595,4005,8.0,183,246,37,227428
ABplaaapa:96,ABplaaapa,96,29869,4869,-476,-544,4665,7.1,187,247,36,227863
ABplaaapa:97,ABplaaapa,97,30217,5217,-847,-973,4819,7.1,189,250,36,230570
ABplaaapa:98,ABplaaapa,98,29359,4359,-1482,-1682,4045,7.2,191,256,38,245581
ABplaaapa:99,ABplaaapa,99,29358,4358,-1333,-1478,4129,7.4,193,260,38,246210
ABplaaapa:100,ABplaaapa,100,27852,2852,-3092,-3060,1990,7.9,191,256,36,233736
ABplaaapa:101,ABplaaapa,101,29755,4755,-1043,-1326,4121,7.2,190,251,38,263840
ABplaaapa:102,ABplaaapa,102,28887,3887,-1875,-2127,3499,7.9,186,247,36,250759
ABplaaapa:103,ABplaaapa,103,29286,4286,-1440,-1562,3932,7.8,190,250,36,254151
ABplaaapa:104,ABplaaapa,104,29814,4814,-1154,-1353,4577,7.4,193,255,38,259967
ABplaaapa:105,ABplaaapa,105,30960,5960,-2,-84,5802,7.3,199,258,38,277979
ABplaaapa:106,ABplaaapa,106,28521,3521,-2986,-3053,3294,7.4,196,252,38,269141
ABplaaapa:107,ABplaaapa,107,29279,4279,-1536,-1726,4065,7.8,193,252,36,270840
ABplaaapa:108,ABplaaapa,108,31413,6413,718,761,6208,7.2,194,253,36,286112
ABplaaapa:109,ABplaaapa,109,30388,5388,-804,-980,5094,7.8,204,252,36,296913
ABplaaapa:110,ABplaaapa,110,30593,5593,-365,-585,5352,7.2,209,249,36,197495
ABplaaapa:111,ABplaaapa,111,29034,4034,-2981,-2838,3660,7.2,216,252,37,193347
ABplaaapa:112,ABplaaapa,112,30555,5555,-818,-552,5137,7.1,221,254,37,204449
ABplaaapa:113,ABplaaapa,113,31738,6738,259,263,6326,7.3,216,259,37,204766
ABplaaapa:114,ABplaaapa,114,30634,5634,-418,-491,5236,7.1,221,261,39,231993
ABplaaapa:115,ABplaaapa,115,31013,6013,254,83,5708,7.1,223,265,37,212683
ABplaaapa:116,ABplaaapa,116,30603,5603,-1073,-1096,5285,7.2,224,258,39,235290
ABplaaapa:117,ABplaaapa,117,31346,6346,-8,-120,6132,7.2,232,257,36,226553
ABplaaapa:118,ABplaaapa,118,30894,5894,-107,-233,5662,7.2,232,269,36,225780
ABplaaapa:119,ABplaaapa,119,30376,5376,-1900,-2007,4691,7.1,239,264,36,234034
ABplaaapa:120,ABplaaapa,120,29769,4769,-2538,-2633,3435,7.1,231,264,36,248616
ABplaaapa:121,ABplaaapa,121,29644,4644,-2383,-2072,2553,7.2,231,273,37,255386
ABplaaapa:122,ABplaaapa,122,30784,5784,-1168,-641,3258,7.1,235,273,36,262150
ABplaaapa:123,ABplaaapa,123,31502,6502,-1300,220,-1237,7.8,227,266,32,209643
ABplaaapa:124,ABplaaapa,124,29643,4643,-2319,-2024,597,7.9,231,267,32,197577
ABplaaapaa:125,ABplaaapaa,125,30527,5527,-489,-401,1744,7.2,230,258,30,139302
ABplaaapaa:126,ABplaaapaa,126,33583,8583,439,1787,580,7.8,227,256,32,164594
ABplaaapaa:127,ABplaaapaa,127,32091,7091,-1041,655,-2571,7.3,231,246,32,180233
ABplaaapaa:128,ABplaaapaa,128,31053,6053,-1575,-436,20,6.5,231,241,32,157799
ABplaaapaa:129,ABplaaapaa,129,32397,7397,291,956,675,6.2,226,232,29,128502
ABplaaapap:125,ABplaaapap,125,29903,4903,-889,-1248,4083,7.9,259,284,32,151536
ABplaaapap:126,ABplaaapap,126,31022,6022,-60,-162,5358,7.0,265,283,32,156333
ABplaaapap:127,ABplaaapap,127,31176,6176,-34,-321,5829,7.0,260,282,32,151898
ABplaaapap:128,ABplaaapap,128,31288,6288,428,409,5148,6.5,260,275,34,144192
ABplaaapap:129,ABplaaapap,129,31848,6848,391,249,6198,6.3,255,266,34,148757
ABplaaapp:92,ABplaaapp,92,28917,3917,-977,-851,3687,10.2,248,247,36,211260
ABplaaapp:93,ABplaaapp,93,28669,3669,-3181,-1917,2915,9.9,245,250,39,226965
ABplaaapp:94,ABplaaapp,94,29360,4360,-4978,-2194,1655,10.0,250,252,38,227734
ABplaaapp:95,ABplaaapp,95,29412,4412,-4395,-2148,2540,9.3,262,256,41,225612
ABplaaapp:96,ABplaaapp,96,28308,3308,-3596,-2875,2674,9.1,263,263,40,225568
ABplaaapp:97,ABplaaapp,97,28957,3957,-1845,-1456,3467,8.2,264,273,38,228596
ABplaaapp:98,ABplaaapp,98,29791,4791,-2098,-833,4032,8.2,256,274,40,244635
ABplaaapp:99,ABplaaapp,99,29976,4976,-1084,-661,4706,8.1,254,279,40,278147
ABplaaapp:100,ABplaaapp,100,29067,4067,-1762,-1352,3885,8.0,253,280,40,269646
ABplaaapp:101,ABplaaapp,101,30156,5156,-927,-788,4979,7.2,257,278,38,234280
ABplaaapp:102,ABplaaapp,102,29715,4715,-1695,-1482,4446,7.4,250,271,38,237757
ABplaaapp:103,ABplaaapp,103,28728,3728,-3426,-2453,2975,8.0,254,272,38,271095
ABplaaapp:104,ABplaaapp,104,29939,4939,-1416,-1025,4695,7.4,260,280,40,252968
ABplaaapp:105,ABplaaapp,105,30404,5404,-1517,-486,4834,8.2,262,276,40,294887
ABplaaapp:106,ABplaaapp,106,29461,4461,-2825,-1902,3873,8.0,264,276,40,319090
ABplaaapp:107,ABplaaapp,107,29469,4469,-2378,-1432,3942,8.1,253,278,38,302196
ABplaaapp:108,ABplaaapp,108,29806,4806,-1691,-937,4514,7.3,258,280,40,288756
ABplaaapp:109,ABplaaapp,109,28642,3642,-3282,-2401,3343,8.0,269,281,40,327453
ABplaaapp:110,ABplaaapp,110,30771,5771,-389,-305,5611,7.2,273,282,40,197049
ABplaaapp:111,ABplaaapp,111,30100,5100,-731,-750,5087,7.1,270,287,39,190944
ABplaaapp:112,ABplaaapp,112,30150,5150,-614,-672,5099,7.2,274,291,39,197282
ABplaaapp:113,ABplaaapp,113,30307,5307,-1044,-1052,5240,7.2,277,294,39,188170
ABplaaapp:114,ABplaaapp,114,29736,4736,-1816,-1825,4557,7.2,280,295,39,187945
ABplaaapp:115,ABplaaapp,115,28907,3907,-2207,-2229,3681,7.3,280,299,39,203246
ABplaaapp:116,ABplaaapp,116,29077,4077,-2744,-2809,3609,8.1,270,296,39,222117
ABplaaapp:117,ABplaaapp,117,28848,3848,-2266,-2204,3302,8.1,264,295,38,238060
ABplaaapp:118,ABplaaapp,118,28771,3771,-2106,-2085,3178,8.2,267,300,36,230664
ABplaaapp:119,ABplaaapp,119,28748,3748,-1733,-1717,2759,9.0,272,298,34,192346
ABplaaappa:120,ABplaaappa,120,30256,5256,-726,-987,4383,9.0,255,294,34,163554
ABplaaappa:121,ABplaaappa,121,29793,4793,-872,-1084,3717,9.2,260,298,33,141367
ABplaaappa:122,ABplaaappa,122,29545,4545,-1042,-1136,1528,9.8,261,301,32,145803
ABplaaappa:123,ABplaaappa,123,28863,3863,-2365,-2461,2659,9.0,256,295,32,142888
ABplaaappa:124,ABplaaappa,124,29810,4810,-1114,-1279,3342,8.9,258,300,32,144339
ABplaaappa:125,ABplaaappa,125,29228,4228,-1017,-1247,2745,8.2,269,306,29,104769
ABplaaappa:126,ABplaaappa,126,29965,4965,-899,-1437,3593,8.2,270,311,34,175187
ABplaaappa:127,ABplaaappa,127,28779,3779,-2261,-2655,2013,8.2,261,312,34,181430
ABplaaappa:128,ABplaaappa,128,28891,3891,-2380,-3165,1258,8.2,257,301,34,172627
ABplaaappa:129,ABplaaappa,129,29770,4770,-1562,-1727,2023,8.1,260,295,34,184924
ABplaaappp:120,ABplaaappp,120,29377,4377,-1244,-1138,3948,8.1,305,311,30,131469
ABplaaappp:121,ABplaaappp,121,29492,4492,-1519,-1477,4112,8.1,311,321,31,126590
ABplaaappp:122,ABplaaappp,122,29207,4207,-1674,-1672,3720,7.9,310,322,32,130297
ABplaaappp:123,ABplaaappp,123,29935,4935,-1490,-1245,4305,7.1,308,327,34,140765
ABplaaappp:124,ABplaaappp,124,31265,6265,-54,33,5557,7.2,305,329,34,136433
ABplaaappp:125,ABplaaappp,125,29617,4617,-1316,-1400,3833,7.9,309,326,32,141750
ABplaaappp:126,ABplaaappp,126,29194,4194,-1841,-2134,3438,8.2,303,328,36,183750
ABplaaappp:127,ABplaaappp,127,29480,4480,-1394,-1810,3894,8.0,296,326,36,188080
ABplaaappp:128,ABplaaappp,128,29330,4330,-1936,-2258,3425,8.1,280,321,36,196534
ABplaaappp:129,ABplaaappp,129,30699,5699,-912,-1024,3981,8.2,288,313,36,196385
ABplaap:50,ABplaap,50,28901,3901,-740,-739,3901,11.3,212,233,51,561705
ABplaap:51,ABplaap,51,27977,2977,-1492,-1482,2975,11.8,210,238,59,781183
ABplaap:52,ABplaap,52,28396,3396,-1057,-1059,3396,12.3,213,238,56,730218
ABplaap:53,ABplaap,53,28205,3205,-1596,-1603,3205,12.0,210,250,55,708521
ABplaap:54,ABplaap,54,28011,3011,-1709,-1719,3011,12.1,222,247,55,768366
ABplaap:55,ABplaap,55,28107,3107,-1830,-1848,3107,12.0,219,252,55,842777
ABplaap:56,ABplaap,56,28606,3606,-1115,-1118,3606,12.0,206,252,55,823745
ABplaap:57,ABplaap,57,28060,3060,-1703,-1740,3060,11.1,207,255,55,844891
ABplaap:58,ABplaap,58,28270,3270,-1578,-1645,3268,11.1,201,257,55,868381
ABplaap:59,ABplaap,59,27753,2753,-2173,-2170,2753,11.2,199,251,54,872021
ABplaap:60,ABplaap,60,27875,2875,-1749,-1746,2874,12.1,197,258,55,897768
ABplaap:61,ABplaap,61,28242,3242,-1696,-1691,3240,12.2,197,255,57,980587
ABplaap:62,ABplaap,62,28034,3034,-2032,-2021,3034,11.2,194,245,57,958231
ABplaap:63,ABplaap,63,28155,3155,-1730,-1736,3155,12.0,198,237,57,839904
ABplaap:64,ABplaap,64,27719,2719,-2276,-2262,2719,12.9,204,227,54,754801
ABplaap:65,ABplaap,65,27906,2906,-1591,-1603,2906,12.9,198,226,54,748328
ABplaap:66,ABplaap,66,28141,3141,-1318,-1310,3141,12.8,197,225,54,649509
ABplaap:67,ABplaap,67,28662,3662,-809,-830,3662,11.5,199,230,59,566399
ABplaapa:68,ABplaapa,68,29110,4110,-316,-311,4096,11.3,159,216,34,183849
ABplaapa:69,ABplaapa,69,28283,3283,-1500,-1576,3226,11.1,152,221,37,232613
ABplaapa:70,ABplaapa,70,28052,3052,-1163,-1238,2886,11.0,145,214,34,197453
ABplaapa:71,ABplaapa,71,27555,2555,-1559,-1673,2399,11.2,145,216,34,197453
ABplaapa:72,ABplaapa,72,28649,3649,-482,-592,3562,11.4,145,218,33,197453
ABplaapa:73,ABplaapa,73,28572,3572,-400,-510,3361,11.6,144,221,33,197453
ABplaapa:74,ABplaapa,74,27984,2984,-1178,-1504,2774,11.7,144,223,32,197453
ABplaapa:75,ABplaapa,75,28430,3430,-727,-958,3246,11.9,144,225,32,197453
ABplaapa:76,ABplaapa,76,26838,1838,-2229,-2299,1544,12.1,143,228,31,161594
ABplaapa:77,ABplaapa,77,26747,1747,-1951,-1951,1582,12.1,147,214,31,170009
ABplaapa:78,ABplaapa,78,28594,3594,-910,-990,3524,12.1,151,219,46,460848
ABplaapa:79,ABplaapa,79,28087,3087,-1130,-1067,2945,13.0,143,227,31,171890
ABplaapa:80,ABplaapa,80,28666,3666,-581,-588,3626,13.1,153,218,44,399490
ABplaapa:81,ABplaapa,81,28166,3166,-700,-804,2949,13.1,140,221,31,183547
ABplaapa:82,ABplaapa,82,27919,2919,-1467,-1533,2814,12.0,148,226,44,399224
ABplaapa:83,ABplaapa,83,28029,3029,-1128,-1189,2931,12.1,151,230,48,563240
ABplaapa:84,ABplaapa,84,27900,2900,-1700,-1731,2817,12.1,150,240,44,435268
ABplaapa:85,ABplaapa,85,28209,3209,-1317,-1293,3093,12.1,147,241,46,518323
ABplaapa:86,ABplaapa,86,27095,2095,-2384,-2447,2039,11.9,152,244,44,456184
ABplaapa:87,ABplaapa,87,27481,2481,-1788,-1801,2405,12.1,155,246,45,473646
ABplaapa:88,ABplaapa,88,28095,3095,-1034,-1009,2909,11.9,157,250,45,447713
ABplaapa:89,ABplaapa,89,28311,3311,-1273,-1236,3238,11.0,163,252,41,382914
ABplaapaa:90,ABplaapaa,90,28759,3759,-512,-641,3644,10.5,144,242,31,179161
ABplaapaa:91,ABplaapaa,91,28293,3293,-1126,-1142,3224,9.3,151,243,34,168693
ABplaapaa:92,ABplaapaa,92,28231,3231,-411,-373,3034,12.0,145,269,40,264136
ABplaapaa:93,ABplaapaa,93,28489,3489,-46,-2,3231,14.1,134,272,39,257086
ABplaapaa:94,ABplaapaa,94,28651,3651,-433,-483,3447,14.2,133,269,38,269555
ABplaapaa:95,ABplaapaa,95,28037,3037,-617,-681,2803,13.3,138,269,41,270296
ABplaapaa:96,ABplaapaa,96,27781,2781,-566,-574,2621,14.1,131,270,38,277440
ABplaapaa:97,ABplaapaa,97,28371,3371,-174,-168,3282,13.4,132,273,38,258986
ABplaapaa:98,ABplaapaa,98,28133,3133,-239,-250,3031,14.1,136,279,38,286865
ABplaapaa:99,ABplaapaa,99,27612,2612,-1120,-1114,2441,13.9,137,280,36,274038
ABplaapaa:100,ABplaapaa,100,29206,4206,-53,-61,4101,13.2,138,277,38,276786
ABplaapaa:101,ABplaapaa,101,27921,2921,-1361,-1416,2688,13.8,145,280,36,285646
ABplaapaa:102,ABplaapaa,102,27730,2730,-1269,-1292,2555,13.1,136,272,38,319403
ABplaapaa:103,ABplaapaa,103,28649,3649,-288,-251,3531,13.0,143,278,38,315946
ABplaapaa:104,ABplaapaa,104,28199,3199,-785,-793,3008,12.9,146,282,36,310113
ABplaapaa:105,ABplaapaa,105,28848,3848,-1,-6,3664,12.3,152,280,38,313186
ABplaapaa:106,ABplaapaa,106,27889,2889,-1142,-1128,2669,13.1,149,279,38,345692
ABplaapaa:107,ABplaapaa,107,28436,3436,-573,-577,3255,13.0,148,280,36,323701
ABplaapaa:108,ABplaapaa,108,29172,4172,11,-10,3927,12.1,153,281,36,336633
ABplaapaa:109,ABplaapaa,109,29420,4420,458,336,4084,11.2,156,280,38,373233
ABplaapaa:110,ABplaapaa,110,28921,3921,-630,-728,3372,11.0,158,273,38,251752
ABplaapaa:111,ABplaapaa,111,28247,3247,-1399,-1425,2887,10.3,156,274,39,221564
ABplaapaa:112,ABplaapaa,112,28622,3622,-850,-928,3324,10.2,158,273,39,232555
ABplaapaa:113,ABplaapaa,113,27831,2831,-1801,-1799,2460,10.1,158,271,35,185657
ABplaapaa:114,ABplaapaa,114,28708,3708,-760,-770,3567,10.1,156,271,37,227906
ABplaapaa:115,ABplaapaa,115,29303,4303,-369,-341,4146,10.3,157,274,37,210012
ABplaapaa:116,ABplaapaa,116,28223,3223,-1158,-1039,2907,11.1,153,264,39,275545
ABplaapaa:117,ABplaapaa,117,27967,2967,-1799,-1870,2157,11.0,153,253,36,257018
ABplaapaa:118,ABplaapaa,118,28021,3021,-2006,-2077,1857,11.0,158,257,36,261461
ABplaapaa:119,ABplaapaa,119,28904,3904,-1003,-1133,3436,10.1,168,260,32,225393
ABplaapaaa:120,ABplaapaaa,120,28933,3933,-1405,-1550,2456,10.9,142,234,27,99321
ABplaapaaa:121,ABplaapaaa,121,28253,3253,-1595,-1560,2365,10.9,149,238,33,170653
ABplaapaaa:122,ABplaapaaa,122,28565,3565,-1686,-1613,2542,10.8,153,228,32,164604
ABplaapaaa:123,ABplaapaaa,123,28645,3645,-1159,-1313,2493,11.0,146,226,32,162183
ABplaapaaa:124,ABplaapaaa,124,28584,3584,-1473,-1510,1912,10.8,148,230,32,168586
ABplaapaaa:125,ABplaapaaa,125,27975,2975,-3250,-3000,1488,10.2,150,225,32,175214
ABplaapaaa:126,ABplaapaaa,126,28971,3971,-1081,-724,1204,10.0,147,225,32,185416
ABplaapaaa:127,ABplaapaaa,127,30979,5979,73,918,1518,9.9,147,222,32,184075
ABplaapaaa:128,ABplaapaaa,128,29233,4233,-1120,-527,587,9.9,146,221,32,188284
ABplaapaaa:129,ABplaapaaa,129,29343,4343,-1599,-1303,1126,9.8,147,221,32,180505
ABplaapaap:120,ABplaapaap,120,28770,3770,-1284,-1573,2627,9.0,187,264,27,90290
ABplaapaap:121,ABplaapaap,121,28969,3969,-1210,-1360,3069,8.2,186,269,35,164841
ABplaapaap:122,ABplaapaap,122,29353,4353,-770,-893,2994,8.0,189,263,32,153497
ABplaapaap:123,ABplaapaap,123,29613,4613,-631,-767,3669,8.0,185,260,32,156466
ABplaapaap:124,ABplaapaap,124,30296,5296,-726,-952,4645,8.1,183,258,32,152713
ABplaapaap:125,ABplaapaap,125,29298,4298,-1597,-1769,3374,7.4,187,259,34,164204
ABplaapaap:126,ABplaapaap,126,30606,5606,-604,-651,4201,7.6,187,256,34,164204
ABplaapaap:127,ABplaapaap,127,29483,4483,-1657,-2218,2631,7.7,186,252,33,164204
ABplaapaap:128,ABplaapaap,128,29158,4158,-1728,-1953,1787,7.9,185,249,33,164204
ABplaapaap:129,ABplaapaap,129,29234,4234,-1765,-1554,2235,8.0,184,245,32,0
ABplaapap:90,ABplaapap,90,28238,3238,-1203,-1303,3069,10.1,179,283,29,127065
ABplaapap:91,ABplaapap,91,28865,3865,-667,-783,3632,9.1,187,286,36,210361
ABplaapap:92,ABplaapap,92,28399,3399,-648,-765,3132,9.2,193,287,38,230643
ABplaapap:93,ABplaapap,93,27633,2633,-1378,-1483,2274,10.1,187,288,39,248845
ABplaapap:94,ABplaapap,94,28355,3355,-827,-1097,3047,10.1,187,294,38,263737
ABplaapap:95,ABplaapap,95,27536,2536,-1921,-1991,2203,10.0,195,295,37,235026
ABplaapap:96,ABplaapap,96,28560,3560,-723,-927,3236,10.1,188,295,36,250755
ABplaapap:97,ABplaapap,97,28425,3425,-779,-839,3086,10.0,192,297,40,291792
ABplaapap:98,ABplaapap,98,27967,2967,-1352,-1390,2785,10.0,193,302,36,251848
ABplaapap:99,ABplaapap,99,29040,4040,-257,-339,3843,10.1,190,302,36,252026
ABplaapap:100,ABplaapap,100,28339,3339,-498,-496,3185,10.2,191,302,36,265670
ABplaapap:101,ABplaapap,101,28710,3710,-474,-579,3515,10.0,195,296,40,317077
ABplaapap:102,ABplaapap,102,28299,3299,-1355,-1430,3086,9.3,194,295,38,276783
ABplaapap:103,ABplaapap,103,28158,3158,-1380,-1443,2711,9.9,198,294,36,289250
ABplaapap:104,ABplaapap,104,27847,2847,-1357,-1456,2181,10.0,199,299,38,321840
ABplaapap:105,ABplaapap,105,29331,4331,-466,-532,3876,9.2,205,299,38,317920
ABplaapap:106,ABplaapap,106,29474,4474,-654,-853,4204,9.1,206,292,38,313326
ABplaapap:107,ABplaapap,107,29000,4000,-1127,-1250,3828,9.0,207,295,38,333236
ABplaapap:108,ABplaapap,108,28499,3499,-1400,-1486,3313,9.1,210,295,36,302938
ABplaapap:109,ABplaapap,109,28930,3930,-1636,-1684,3695,9.0,217,295,36,313238
ABplaapap:110,ABplaapap,110,28718,3718,-1537,-1589,3530,9.1,215,289,38,230668
ABplaapap:111,ABplaapap,111,28489,3489,-1919,-1976,3356,9.0,208,293,35,173517
ABplaapap:112,ABplaapap,112,29154,4154,-1676,-1774,3958,8.2,212,294,39,215789
ABplaapap:113,ABplaapap,113,29326,4326,-1673,-1589,3962,8.1,208,296,37,214555
ABplaapap:114,ABplaapap,114,28220,3220,-2398,-2431,2934,8.2,208,296,37,213361
ABplaapap:115,ABplaapap,115,28940,3940,-1696,-1742,3645,8.3,209,300,39,228969
ABplaapap:116,ABplaapap,116,28962,3962,-2129,-2227,3730,8.2,205,292,37,234288
ABplaapap:117,ABplaapap,117,28576,3576,-1690,-1693,3382,8.4,200,287,36,219026
ABplaapap:118,ABplaapap,118,28474,3474,-1201,-1175,3124,9.1,205,295,36,241605
ABplaapap:119,ABplaapap,119,29524,4524,-312,-351,4271,9.0,215,295,34,202193
ABplaapapa:120,ABplaapapa,120,28233,3233,-1461,-1537,2332,9.1,193,288,34,179022
ABplaapapa:121,ABplaapapa,121,29058,4058,16,-8,3321,9.0,191,300,29,126837
ABplaapapa:122,ABplaapapa,122,28353,3353,-1371,-1481,2305,8.8,191,294,32,166926
ABplaapapa:123,ABplaapapa,123,28490,3490,-682,-638,2566,9.1,181,288,32,165065
ABplaapapa:124,ABplaapapa,124,28244,3244,-1409,-1341,2318,9.1,175,288,32,168168
ABplaapapa:125,ABplaapapa,125,28497,3497,-1627,-1850,2679,8.3,188,291,34,178660
ABplaapapa:126,ABplaapapa,126,29920,4920,-875,-889,4508,8.0,191,290,32,173633
ABplaapapa:127,ABplaapapa,127,28976,3976,-1648,-2118,3701,7.9,193,279,32,178588
ABplaapapa:128,ABplaapapa,128,29525,4525,-1541,-2098,3560,7.8,190,271,32,168285
ABplaapapa:129,ABplaapapa,129,29520,4520,-1619,-1997,3886,7.4,189,273,34,180554
ABplaapapp:120,ABplaapapp,120,28672,3672,-1711,-1825,2788,8.0,237,312,27,91479
ABplaapapp:121,ABplaapapp,121,29614,4614,-1381,-1505,3844,8.0,242,318,29,117685
ABplaapapp:122,ABplaapapp,122,28839,3839,-1259,-1383,2954,8.9,240,324,32,154781
ABplaapapp:123,ABplaapapp,123,29974,4974,-1123,-1482,4266,8.2,232,315,34,169715
ABplaapapp:124,ABplaapapp,124,29046,4046,-1798,-2006,3582,8.2,226,315,36,197211
ABplaapapp:125,ABplaapapp,125,29797,4797,-646,-877,4363,8.2,225,311,36,195387
ABplaapapp:126,ABplaapapp,126,29431,4431,-1149,-1325,3555,9.1,229,306,34,174602
ABplaapapp:127,ABplaapapp,127,29315,4315,-1089,-1354,3097,8.9,225,298,32,162667
ABplaapapp:128,ABplaapapp,128,29381,4381,-1861,-2225,3645,8.2,223,288,32,164757
ABplaapapp:129,ABplaapapp,129,30373,5373,-213,-338,3028,8.9,225,279,32,170883
ABplaapp:68,ABplaapp,68,28535,3535,-870,-870,3535,11.1,223,230,36,223295
ABplaapp:69,ABplaapp,69,28739,3739,-1058,-1040,3739,11.9,222,229,50,399739
ABplaapp:70,ABplaapp,70,27692,2692,-2242,-2242,2692,11.1,228,236,45,299789
ABplaapp:71,ABplaapp,71,28231,3231,-1275,-1222,3205,10.9,233,240,44,301236
ABplaapp:72,ABplaapp,72,28007,3007,-1810,-1767,2973,10.1,231,244,46,378321
ABplaapp:73,ABplaapp,73,27842,2842,-1995,-1968,2826,10.1,228,251,46,389790
ABplaapp:74,ABplaapp,74,27774,2774,-2597,-2631,2772,11.0,227,245,46,409806
ABplaapp:75,ABplaapp,75,27890,2890,-2112,-2132,2875,10.2,223,247,46,382021
ABplaapp:76,ABplaapp,76,28041,3041,-2153,-2178,3022,10.1,233,255,44,353065
ABplaapp:77,ABplaapp,77,28058,3058,-2011,-1984,3053,10.3,238,253,46,409643
ABplaapp:78,ABplaapp,78,28326,3326,-1648,-1675,3293,11.2,236,262,48,473640
ABplaapp:79,ABplaapp,79,27886,2886,-2289,-2357,2871,11.2,227,263,48,474011
ABplaapp:80,ABplaapp,80,28559,3559,-988,-1016,3517,12.2,228,265,48,502942
ABplaapp:81,ABplaapp,81,28416,3416,-1428,-1476,3349,12.3,225,272,48,493725
ABplaapp:82,ABplaapp,82,27855,2855,-1475,-1500,2750,12.1,225,275,48,506966
ABplaapp:83,ABplaapp,83,28132,3132,-1524,-1586,3068,12.2,224,282,48,515797
ABplaapp:84,ABplaapp,84,28182,3182,-1398,-1412,3092,12.3,220,284,48,551168
ABplaapp:85,ABplaapp,85,27737,2737,-2005,-2039,2651,14.1,211,283,48,558458
ABplaapp:86,ABplaapp,86,27860,2860,-1390,-1387,2771,14.1,211,281,44,417595
ABplaappa:87,ABplaappa,87,28389,3389,-1014,-1067,2894,13.1,198,280,35,214868
ABplaappa:88,ABplaappa,88,29074,4074,-754,-926,3900,13.1,190,272,30,194745
ABplaappa:89,ABplaappa,89,28374,3374,-755,-824,3177,12.2,200,274,39,254426
ABplaappa:90,ABplaappa,90,28265,3265,-757,-807,2975,13.0,208,282,44,290151
ABplaappa:91,ABplaappa,91,28277,3277,-841,-908,2722,12.2,212,280,42,268481
ABplaappa:92,ABplaappa,92,27707,2707,-1412,-1446,1878,13.0,223,293,40,252490
ABplaappa:93,ABplaappa,93,27642,2642,-1249,-1327,1355,12.3,215,296,41,250441
ABplaappa:94,ABplaappa,94,27377,2377,-1931,-2080,1281,12.2,214,303,40,266119
ABplaappa:95,ABplaappa,95,28863,3863,-316,-574,3007,12.0,223,305,39,259369
ABplaappa:96,ABplaappa,96,28148,3148,-1071,-1048,2352,11.9,214,314,36,252318
ABplaappa:97,ABplaappa,97,28908,3908,-510,-871,3023,11.2,212,321,40,298227
ABplaappa:98,ABplaappa,98,28183,3183,-1156,-1310,2475,12.0,217,325,36,268430
ABplaappa:99,ABplaappa,99,27966,2966,-941,-1070,2148,12.0,218,329,40,316607
ABplaappa:100,ABplaappa,100,28518,3518,-676,-798,2700,12.0,218,331,38,304019
ABplaappa:101,ABplaappa,101,28210,3210,-1060,-1172,2664,12.1,217,330,40,338480
ABplaappa:102,ABplaappa,102,28049,3049,-1218,-1225,2634,12.0,209,323,38,324343
ABplaappa:103,ABplaappa,103,28262,3262,-947,-1016,2850,11.3,217,330,40,306779
ABplaappa:104,ABplaappa,104,28512,3512,-724,-831,3301,12.1,221,339,38,346184
ABplaappa:105,ABplaappa,105,28540,3540,-343,-504,3012,11.4,225,330,38,309556
ABplaappa:106,ABplaappa,106,28322,3322,-915,-1132,2781,11.1,227,328,40,376276
ABplaappa:107,ABplaappa,107,27646,2646,-1690,-1791,2255,11.1,227,331,38,357743
ABplaappa:108,ABplaappa,108,28493,3493,-851,-886,3092,11.2,225,334,40,408532
ABplaappa:109,ABplaappa,109,27989,2989,-1445,-1475,2564,11.1,225,333,40,404365
ABplaappa:110,ABplaappa,110,28350,3350,-1168,-1149,2999,11.0,225,335,40,257381
ABplaappa:111,ABplaappa,111,28664,3664,-916,-1051,3384,11.1,220,333,39,254744
ABplaappa:112,ABplaappa,112,28030,3030,-1473,-1613,2822,11.1,222,332,39,249932
ABplaappa:113,ABplaappa,113,28582,3582,-875,-907,3091,10.2,232,339,39,232189
ABplaappa:114,ABplaappa,114,28234,3234,-1086,-1213,2931,10.2,235,341,39,245101
ABplaappa:115,ABplaappa,115,28102,3102,-1439,-1436,2687,10.1,241,341,39,266809
ABplaappa:116,ABplaappa,116,28033,3033,-2134,-2290,2804,9.3,233,334,39,261332
ABplaappa:117,ABplaappa,117,28639,3639,-782,-753,3462,9.4,226,332,36,204427
ABplaappa:118,ABplaappa,118,28709,3709,-1189,-1138,3607,11.0,224,337,36,269857
ABplaappa:119,ABplaappa,119,28425,3425,-1039,-828,2887,11.9,235,336,34,205466
ABplaappaa:120,ABplaappaa,120,28286,3286,-954,-984,3021,11.3,216,334,32,160680
ABplaappaa:121,ABplaappaa,121,28754,3754,-1104,-1084,3094,11.2,209,327,29,122419
ABplaappaa:122,ABplaappaa,122,29887,4887,894,1032,4276,11.8,199,323,32,170259
ABplaappaa:123,ABplaappaa,123,28548,3548,-225,-171,3202,11.8,192,328,32,183152
ABplaappaa:124,ABplaappaa,124,28214,3214,-568,-552,2979,11.2,187,327,32,187203
ABplaappaa:125,ABplaappaa,125,28726,3726,-160,-192,3189,11.0,190,327,32,196006
ABplaappaa:126,ABplaappaa,126,29095,4095,331,211,3754,11.0,192,328,32,200709
ABplaappaa:127,ABplaappaa,127,28176,3176,-965,-944,2984,10.1,190,320,32,200068
ABplaappaa:128,ABplaappaa,128,29306,4306,-88,-227,3766,9.1,192,314,32,202303
ABplaappaa:129,ABplaappaa,129,29369,4369,-110,-111,3941,9.1,196,316,32,209887
ABplaappap:120,ABplaappap,120,28241,3241,-2446,-1978,965,11.9,253,354,34,179797
ABplaappap:121,ABplaappap,121,29232,4232,-409,-441,3178,11.9,249,357,33,173416
ABplaappap:122,ABplaappap,122,28569,3569,-791,-835,2617,12.0,235,353,34,184048
ABplaappap:123,ABplaappap,123,28704,3704,-953,-911,2332,11.1,233,349,36,208705
ABplaappap:124,ABplaappap,124,28353,3353,-1190,-1247,2114,11.1,231,346,36,212499
ABplaappap:125,ABplaappap,125,29046,4046,-475,-649,3027,11.1,231,346,34,185244
ABplaappap:126,ABplaappap,126,28166,3166,-909,-1053,2367,11.0,238,349,36,220742
ABplaappap:127,ABplaappap,127,29257,4257,-190,-266,3565,10.3,228,344,36,199467
ABplaappap:128,ABplaappap,128,28442,3442,-987,-1008,2471,10.3,224,341,36,205233
ABplaappap:129,ABplaappap,129,28450,3450,-1624,-1614,2544,10.2,234,341,36,237823
ABplaappp:87,ABplaappp,87,29586,4586,543,405,4339,13.1,229,299,30,174540
ABplaappp:88,ABplaappp,88,29187,4187,-171,-191,4118,12.3,239,319,41,266366
ABplaappp:89,ABplaappp,89,28974,3974,-323,-378,3855,12.1,249,318,45,310421
ABplaappp:90,ABplaappp,90,28923,3923,67,67,3796,13.1,254,332,44,263235
ABplaappp:91,ABplaappp,91,28240,3240,-1155,-1170,3116,14.0,257,327,42,246472
ABplaappp:92,ABplaappp,92,27870,2870,-1357,-1290,2467,13.2,271,336,42,245233
ABplaappp:93,ABplaappp,93,28351,3351,-1078,-1227,2832,12.2,267,333,41,227019
ABplaappp:94,ABplaappp,94,28568,3568,-749,-751,3260,12.2,267,332,40,230911
ABplaappp:95,ABplaappp,95,28859,3859,-250,-245,3707,11.2,274,345,41,241132
ABplaappp:96,ABplaappp,96,28389,3389,-1066,-1073,3311,13.1,271,341,40,251213
ABplaappp:97,ABplaappp,97,27930,2930,-1501,-1502,2882,12.2,272,346,38,230533
ABplaappp:98,ABplaappp,98,28669,3669,-819,-837,3575,12.1,275,349,40,271096
ABplaappp:99,ABplaappp,99,27867,2867,-1963,-1965,2718,12.0,274,350,40,282904
ABplaappp:100,ABplaappp,100,28808,3808,-257,-315,3662,11.3,274,351,40,250037
ABplaappp:101,ABplaappp,101,28881,3881,-392,-386,3719,11.4,279,349,40,248459
ABplaappp:102,ABplaappp,102,27870,2870,-1604,-1637,2781,11.2,267,354,38,253139
ABplaappp:103,ABplaappp,103,28963,3963,-281,-276,3888,12.0,269,361,40,319803
ABplaappp:104,ABplaappp,104,28215,3215,-1252,-1191,3128,12.1,270,363,40,319960
ABplaappp:105,ABplaappp,105,27470,2470,-1638,-1646,2372,12.1,277,363,40,322862
ABplaappp:106,ABplaappp,106,27948,2948,-1429,-1415,2797,12.1,274,361,40,329941
ABplaappp:107,ABplaappp,107,28144,3144,-995,-1013,3066,12.1,267,365,40,347096
ABplaappp:108,ABplaappp,108,27570,2570,-2008,-2029,2469,12.2,266,367,40,361463
ABplaappp:109,ABplaappp,109,28806,3806,-802,-753,3654,13.0,272,368,40,369625
ABplaappp:110,ABplaappp,110,28028,3028,-2053,-2084,2690,13.0,271,362,40,230506
ABplaappp:111,ABplaappp,111,28399,3399,-2620,-2088,2889,14.0,271,364,39,226911
ABplaappp:112,ABplaappp,112,27783,2783,-2557,-2264,2477,14.0,272,367,39,239912
ABplaappp:113,ABplaappp,113,28618,3618,-1788,-1582,3323,14.1,271,367,39,256975
ABplaappp:114,ABplaappp,114,28725,3725,-2116,-1542,3096,14.0,274,365,39,267481
ABplaappp:115,ABplaappp,115,27986,2986,-1994,-1790,2351,13.9,281,368,35,193474
ABplaapppa:116,ABplaapppa,116,28244,3244,-1740,-1747,2499,13.0,255,362,31,146404
ABplaapppa:117,ABplaapppa,117,28304,3304,-1333,-1321,2612,12.3,249,358,30,135477
ABplaapppa:118,ABplaapppa,118,28379,3379,-1777,-1558,2666,13.9,252,362,34,184475
ABplaapppa:119,ABplaapppa,119,28945,3945,-368,-280,3227,13.4,254,368,36,173641
ABplaapppa:120,ABplaapppa,120,28158,3158,-1727,-1745,2690,15.2,257,376,36,204035
ABplaapppa:121,ABplaapppa,121,28671,3671,-917,-893,2269,15.3,253,370,35,164392
ABplaapppa:122,ABplaapppa,122,28892,3892,-753,-765,2795,15.8,250,365,32,155291
ABplaapppa:123,ABplaapppa,123,28541,3541,-1336,-1092,2426,15.0,248,366,36,218215
ABplaapppa:124,ABplaapppa,124,28227,3227,-1228,-1261,2308,14.2,247,368,36,228333
ABplaapppa:125,ABplaapppa,125,28677,3677,-861,-956,2786,13.3,255,366,36,210522
ABplaapppa:126,ABplaapppa,126,28078,3078,-1229,-1377,1998,14.0,255,364,32,179222
ABplaapppa:127,ABplaapppa,127,28908,3908,-467,-600,2787,13.1,253,366,36,242068
ABplaapppa:128,ABplaapppa,128,29221,4221,-676,-883,3261,13.1,248,360,36,252877
ABplaapppa:129,ABplaapppa,129,29380,4380,-379,-508,3316,12.3,257,360,36,250415
ABplaapppp:116,ABplaapppp,116,29251,4251,-353,-365,3801,13.5,306,381,33,110815
ABplaapppp:117,ABplaapppp,117,29141,4141,-839,-809,3787,14.0,306,383,34,157714
ABplaapppp:118,ABplaapppp,118,30178,5178,294,354,4858,13.9,307,387,34,151656
ABplaapppp:119,ABplaapppp,119,28729,3729,-1266,-1118,3040,14.0,309,385,34,161967
ABplaapppp:120,ABplaapppp,120,29132,4132,-710,-609,3465,15.0,307,389,34,167991
ABplaapppp:121,ABplaapppp,121,28329,3329,-1033,-902,2774,14.2,302,394,37,181925
ABplaapppp:122,ABplaapppp,122,28613,3613,-1002,-1012,3073,14.2,295,391,34,162101
ABplaapppp:123,ABplaapppp,123,28451,3451,-1225,-1166,2832,14.3,291,391,36,199524
ABplaapppp:124,ABplaapppp,124,28678,3678,-711,-478,3112,15.2,291,392,36,201335
ABplaapppp:125,ABplaapppp,125,29239,4239,-1181,-593,3181,15.1,293,391,36,207785
ABplaapppp:126,ABplaapppp,126,28457,3457,-1979,-1078,2158,15.0,297,393,36,206410
ABplaapppp:127,ABplaapppp,127,28570,3570,-2029,-820,1408,15.0,293,393,36,220277
ABplaapppp:128,ABplaapppp,128,28298,3298,-2779,-1399,951,14.0,287,391,36,238418
ABplaapppp:129,ABplaapppp,129,28941,3941,-1748,-850,2901,14.1,292,390,36,243777
ABplap:33,ABplap,33,28365,3365,-1372,-1380,3365,10.1,249,219,51,565248
ABplap:34,ABplap,34,27689,2689,-1647,-1647,2689,10.0,283,226,40,332885
ABplap:35,ABplap,35,28152,3152,-1654,-1654,3152,10.6,285,226,59,702172
ABplap:36,ABplap,36,27548,2548,-2231,-2231,2548,10.8,291,232,60,855971
ABplap:37,ABplap,37,28096,3096,-2391,-2391,3096,9.9,305,245,61,947942
ABplap:38,ABplap,38,28178,3178,-2132,-2133,3178,9.9,306,235,61,1023834
ABplap:39,ABplap,39,28232,3232,-1872,-1872,3232,9.7,310,242,62,1092326
ABplap:40,ABplap,40,27767,2767,-2497,-2497,2767,9.7,306,230,62,1143954
ABplap:41,ABplap,41,27997,2997,-2423,-2423,2997,9.9,308,238,62,1248097
ABplap:42,ABplap,42,28171,3171,-2144,-2144,3171,9.8,293,249,60,1180487
ABplap:43,ABplap,43,27712,2712,-2432,-2432,2712,9.8,290,243,61,1175193
ABplap:44,ABplap,44,27858,2858,-2538,-2538,2858,9.8,287,237,62,1288370
ABplap:45,ABplap,45,28078,3078,-2093,-2093,3078,9.9,283,241,62,1397740
ABplap:46,ABplap,46,28073,3073,-1987,-1987,3073,10.6,283,236,62,1308005
ABplap:47,ABplap,47,27881,2881,-2363,-2361,2881,9.4,294,234,65,1446675
ABplap:48,ABplap,48,27957,2957,-2184,-2189,2957,10.1,298,238,63,1079948
ABplap:49,ABplap,49,27218,2218,-2745,-2745,2218,10.2,295,236,54,848258
ABplapa:50,ABplapa,50,28489,3489,-2137,-2137,3489,8.3,279,204,41,329479
ABplapa:51,ABplapa,51,29004,4004,-1227,-1201,4004,9.5,278,208,59,709431
ABplapa:52,ABplapa,52,28433,3433,-2203,-2256,3433,9.1,265,197,56,737428
ABplapa:53,ABplapa,53,28908,3908,-1657,-1654,3908,8.2,261,190,55,683161
ABplapa:54,ABplapa,54,28513,3513,-2243,-2230,3513,8.9,264,190,55,730501
ABplapa:55,ABplapa,55,28400,3400,-1814,-1827,3400,8.2,259,194,55,761551
ABplapa:56,ABplapa,56,28773,3773,-1628,-1626,3773,8.9,261,194,55,809373
ABplapa:57,ABplapa,57,28450,3450,-2137,-2143,3450,9.0,255,192,55,807388
ABplapa:58,ABplapa,58,28769,3769,-1564,-1576,3769,9.1,256,196,55,827679
ABplapa:59,ABplapa,59,28533,3533,-1861,-1868,3533,9.2,254,198,54,839664
ABplapa:60,ABplapa,60,28463,3463,-2325,-2331,3463,9.2,256,207,55,844798
ABplapa:61,ABplapa,61,28248,3248,-2186,-2183,3248,9.1,257,209,53,774650
ABplapa:62,ABplapa,62,28485,3485,-2261,-2265,3485,9.1,260,203,53,796041
ABplapa:63,ABplapa,63,28462,3462,-1939,-1955,3462,8.3,257,198,55,704228
ABplapa:64,ABplapa,64,28674,3674,-1577,-1578,3674,8.2,261,194,56,806613
ABplapa:65,ABplapa,65,27959,2959,-2600,-2599,2959,8.9,265,198,54,768908
ABplapa:66,ABplapa,66,28470,3470,-1712,-1715,3470,9.0,263,198,54,719430
ABplapa:67,ABplapa,67,28833,3833,-1758,-1768,3799,8.2,255,182,49,496571
ABplapaa:68,ABplapaa,68,29556,4556,-1312,-1312,4556,7.4,239,161,34,188011
ABplapaa:69,ABplapaa,69,29233,4233,-980,-1010,4211,7.3,229,169,42,264659
ABplapaa:70,ABplapaa,70,29390,4390,-1503,-1666,4295,7.9,234,168,45,299509
ABplapaa:71,ABplapaa,71,28921,3921,-1687,-1787,3905,7.1,233,170,44,302714
ABplapaa:72,ABplapaa,72,29805,4805,-636,-713,4757,7.1,228,170,44,323950
ABplapaa:73,ABplapaa,73,29305,4305,-1195,-1214,4250,7.1,231,179,44,343673
ABplapaa:74,ABplapaa,74,29594,4594,-667,-719,4551,7.1,235,181,44,346490
ABplapaa:75,ABplapaa,75,28631,3631,-2380,-2461,3574,7.9,234,191,44,352878
ABplapaa:76,ABplapaa,76,29657,4657,-819,-932,4619,7.9,227,192,44,356349
ABplapaa:77,ABplapaa,77,29324,4324,-910,-1068,4285,7.9,226,197,44,370250
ABplapaa:78,ABplapaa,78,28805,3805,-1706,-1850,3776,8.1,222,210,44,374084
ABplapaa:79,ABplapaa,79,29143,4143,-1527,-1722,4090,7.9,220,214,44,361702
ABplapaa:80,ABplapaa,80,29245,4245,-1374,-1495,4216,7.9,218,225,44,372635
ABplapaa:81,ABplapaa,81,28822,3822,-1909,-2107,3775,7.9,219,234,44,379786
ABplapaa:82,ABplapaa,82,28575,3575,-1768,-1934,3527,7.9,215,242,44,383780
ABplapaa:83,ABplapaa,83,29277,4277,-1334,-1475,4223,7.9,216,245,44,380094
ABplapaa:84,ABplapaa,84,29502,4502,-1100,-1168,4466,7.2,211,252,46,453085
ABplapaa:85,ABplapaa,85,29692,4692,-1141,-1204,4680,7.2,210,261,46,443685
ABplapaa:86,ABplapaa,86,28683,3683,-2112,-2209,3670,7.2,213,267,46,459326
ABplapaa:87,ABplapaa,87,30005,5005,-421,-568,4957,7.3,216,271,47,462806
ABplapaa:88,ABplapaa,88,28638,3638,-1814,-1897,3570,8.0,221,287,45,430640
ABplapaa:89,ABplapaa,89,28760,3760,-1767,-1892,3665,8.0,232,285,45,432033
ABplapaa:90,ABplapaa,90,28331,3331,-2134,-2185,3281,8.0,234,298,44,378373
ABplapaa:91,ABplapaa,91,29236,4236,-1162,-1162,4190,8.0,243,299,34,232719
ABplapaaa:92,ABplapaaa,92,28429,3429,-1254,-1469,3126,8.2,228,292,30,160630
ABplapaaa:93,ABplapaaa,93,28943,3943,-1246,-1370,3690,8.1,222,295,31,153547
ABplapaaa:94,ABplapaaa,94,28693,3693,-1906,-2172,3475,7.9,224,295,38,235802
ABplapaaa:95,ABplapaaa,95,29734,4734,-1325,-1421,4596,7.2,236,299,39,230643
ABplapaaa:96,ABplapaaa,96,30562,5562,-295,-318,5400,7.1,227,303,38,251186
ABplapaaa:97,ABplapaaa,97,29360,4360,-1314,-1484,4160,7.4,233,316,38,219608
ABplapaaa:98,ABplapaaa,98,29580,4580,-676,-787,4439,8.1,240,322,38,262388
ABplapaaa:99,ABplapaaa,99,29261,4261,-1054,-1262,4021,8.1,232,322,38,253117
ABplapaaa:100,ABplapaaa,100,28099,3099,-1709,-1889,2541,8.9,232,325,36,245102
ABplapaaa:101,ABplapaaa,101,27940,2940,-2199,-2337,2670,8.8,239,325,36,246078
ABplapaaa:102,ABplapaaa,102,30112,5112,-694,-660,5013,7.5,241,318,38,235400
ABplapaaa:103,ABplapaaa,103,29188,4188,-1412,-1611,3945,8.1,245,323,38,294019
ABplapaaa:104,ABplapaaa,104,27549,2549,-3031,-2980,2341,8.4,248,327,38,272668
ABplapaaa:105,ABplapaaa,105,28843,3843,-1705,-1829,3652,8.3,255,326,38,284894
ABplapaaa:106,ABplapaaa,106,29725,4725,-879,-1116,4518,8.2,257,324,38,306174
ABplapaaa:107,ABplapaaa,107,28861,3861,-1767,-2215,3615,8.1,259,322,40,331387
ABplapaaa:108,ABplapaaa,108,29238,4238,-1228,-1558,4002,8.2,256,328,38,318183
ABplapaaa:109,ABplapaaa,109,28789,3789,-1360,-1572,3529,9.0,259,331,38,336007
ABplapaaa:110,ABplapaaa,110,29832,4832,-759,-989,4592,8.3,257,333,38,197837
ABplapaaa:111,ABplapaaa,111,28169,3169,-2120,-2230,2794,9.0,253,334,39,229651
ABplapaaa:112,ABplapaaa,112,28452,3452,-2214,-2384,2939,9.0,259,337,39,227205
ABplapaaa:113,ABplapaaa,113,29521,4521,-1418,-1641,4077,8.4,267,344,39,213595
ABplapaaa:114,ABplapaaa,114,28938,3938,-1837,-2075,3380,8.3,271,347,39,227227
ABplapaaa:115,ABplapaaa,115,29843,4843,-1319,-1524,4549,8.1,282,351,39,226846
ABplapaaa:116,ABplapaaa,116,29074,4074,-2125,-2317,3472,8.3,283,345,39,239554
ABplapaaa:117,ABplapaaa,117,29072,4072,-1314,-1371,3605,8.3,279,344,36,216912
ABplapaaa:118,ABplapaaa,118,29175,4175,-2204,-2222,3868,8.3,282,349,38,233997
ABplapaaa:119,ABplapaaa,119,29495,4495,-1397,-1417,3997,8.3,281,350,38,238626
ABplapaaa:120,ABplapaaa,120,28448,3448,-1516,-1494,2832,9.0,284,352,34,195073
ABplapaaa:121,ABplapaaa,121,28411,3411,-1331,-1379,2747,9.9,285,358,33,181700
ABplapaaaa:122,ABplapaaaa,122,29092,4092,-278,-447,3314,9.2,274,352,29,105178
ABplapaaaa:123,ABplapaaaa,123,29485,4485,-1360,-1359,3868,8.1,258,341,30,140523
ABplapaaaa:124,ABplapaaaa,124,30641,5641,-586,-722,5368,8.1,263,346,32,147683
ABplapaaaa:125,ABplapaaaa,125,29538,4538,-1309,-1392,4238,8.0,263,345,32,154379
ABplapaaaa:126,ABplapaaaa,126,29007,4007,-2061,-2132,3589,8.0,268,349,32,157773
ABplapaaaa:127,ABplapaaaa,127,29169,4169,-911,-984,3566,8.8,261,352,32,158192
ABplapaaaa:128,ABplapaaaa,128,29367,4367,-1376,-1764,3731,8.2,250,344,34,175736
ABplapaaaa:129,ABplapaaaa,129,29876,4876,-1554,-1973,4244,7.6,263,336,36,216579
ABplapaaap:122,ABplapaaap,122,28407,3407,-1163,-1176,2087,9.8,294,359,32,152201
ABplapaaap:123,ABplapaaap,123,29453,4453,3,-41,3978,9.0,301,368,32,156004
ABplapaaap:124,ABplapaaap,124,28638,3638,-1399,-1402,3088,9.0,304,368,32,145671
ABplapaaap:125,ABplapaaap,125,29196,4196,-2444,-2379,3862,8.1,311,361,32,159055
ABplapaaap:126,ABplapaaap,126,29589,4589,-1035,-956,5015,8.8,314,363,32,148125
ABplapaaap:127,ABplapaaap,127,28784,3784,-2296,-2566,3260,7.9,304,363,32,153262
ABplapaaap:128,ABplapaaap,128,30003,5003,-1587,-1810,4824,7.4,305,361,34,153044
ABplapaaap:129,ABplapaaap,129,29054,4054,-2481,-1986,3260,8.4,311,350,34,167090
ABplapaap:92,ABplapaap,92,29314,4314,-920,-1157,4119,8.0,281,320,34,192759
ABplapaap:93,ABplapaap,93,29611,4611,-1200,-1362,4381,7.9,278,313,39,234143
ABplapaap:94,ABplapaap,94,28941,3941,-2105,-2165,3733,7.8,282,311,38,237377
ABplapaap:95,ABplapaap,95,29453,4453,-1107,-1223,4263,7.0,302,307,39,252338
ABplapaap:96,ABplapaap,96,29029,4029,-1403,-1459,3805,7.2,305,313,36,220561
ABplapaap:97,ABplapaap,97,30748,5748,-340,-516,5485,7.0,311,319,38,243797
ABplapaap:98,ABplapaap,98,30365,5365,-74,-127,5154,7.0,307,327,38,247900
ABplapaap:99,ABplapaap,99,30706,5706,-321,-407,5652,7.0,303,333,36,249182
ABplapaap:100,ABplapaap,100,29851,4851,-1291,-1425,4719,7.0,302,330,36,244058
ABplapaap:101,ABplapaap,101,29715,4715,-1347,-1288,4541,7.1,305,326,40,307932
ABplapaap:102,ABplapaap,102,28388,3388,-2987,-3043,3308,7.2,296,321,36,244377
ABplapaap:103,ABplapaap,103,28893,3893,-2297,-2401,3791,7.9,294,327,36,258612
ABplapaap:104,ABplapaap,104,30178,5178,-961,-995,5112,7.2,296,337,38,274071
ABplapaap:105,ABplapaap,105,29460,4460,-1652,-1715,4333,7.8,302,332,36,257083
ABplapaap:106,ABplapaap,106,27856,2856,-2732,-2758,2655,8.0,299,335,36,273052
ABplapaap:107,ABplapaap,107,28936,3936,-1609,-1761,3777,8.2,298,334,36,279714
ABplapaap:108,ABplapaap,108,29113,4113,-2069,-2150,3953,8.0,299,336,36,291691
ABplapaap:109,ABplapaap,109,28686,3686,-2387,-2677,3498,8.0,300,339,38,321481
ABplapaap:110,ABplapaap,110,28944,3944,-1631,-1622,3687,8.8,299,335,36,197462
ABplapaap:111,ABplapaap,111,29567,4567,-1747,-1866,4447,8.2,298,343,37,197772
ABplapaap:112,ABplapaap,112,29719,4719,-1040,-928,4512,9.2,307,343,39,209854
ABplapaap:113,ABplapaap,113,29600,4600,-992,-1009,4430,10.0,313,349,39,231182
ABplapaap:114,ABplapaap,114,29541,4541,-1027,-1048,4386,9.3,318,353,37,190889
ABplapaap:115,ABplapaap,115,29003,4003,-1316,-1241,3741,10.0,326,360,39,243312
ABplapaap:116,ABplapaap,116,29611,4611,-203,-245,4282,9.3,326,366,37,205511
ABplapaap:117,ABplapaap,117,28640,3640,-1803,-1726,2991,9.1,325,364,36,237643
ABplapaap:118,ABplapaap,118,29182,4182,-1422,-1411,3703,9.2,327,367,36,219110
ABplapaap:119,ABplapaap,119,27900,2900,-2231,-2171,2326,9.9,328,373,34,196562
ABplapaap:120,ABplapaap,120,28467,3467,-1671,-1683,2956,10.9,328,381,34,197945
ABplapaap:121,ABplapaap,121,29295,4295,-784,-767,3640,10.3,332,386,35,192880
ABplapaap:122,ABplapaap,122,28301,3301,-1678,-1692,2667,11.0,326,381,34,229001
ABplapaap:123,ABplapaap,123,28509,3509,-1223,-1351,2262,11.1,326,383,32,193055
ABplapaapa:124,ABplapaapa,124,28852,3852,-1659,-1782,182,11.8,316,376,32,162221
ABplapaapa:125,ABplapaapa,125,28863,3863,-1934,-1969,-1482,11.2,315,368,32,173667
ABplapaapa:126,ABplapaapa,126,31018,6018,-49,308,-3295,11.9,319,362,32,175018
ABplapaapa:127,ABplapaapa,127,29998,4998,-1634,-1674,1233,11.8,313,359,32,173171
ABplapaapa:128,ABplapaapa,128,29510,4510,-1630,-1747,-258,11.1,308,351,32,175814
ABplapaapa:129,ABplapaapa,129,30048,5048,-1445,-1610,-325,11.1,317,342,32,182768
ABplapaapp:124,ABplapaapp,124,29139,4139,-236,-332,3478,11.5,337,392,29,95112
ABplapaapp:125,ABplapaapp,125,29517,4517,-128,-207,4139,11.0,348,400,32,165322
ABplapaapp:126,ABplapaapp,126,27958,2958,-1719,-1897,2448,11.0,349,397,32,153129
ABplapaapp:127,ABplapaapp,127,28485,3485,-1353,-1497,2952,10.4,341,397,34,152726
ABplapaapp:128,ABplapaapp,128,28951,3951,-776,-856,3446,10.2,333,390,34,168137
ABplapaapp:129,ABplapaapp,129,28252,3252,-1041,-1071,2768,10.4,335,390,34,153727
ABplapap:68,ABplapap,68,28546,3546,-2324,-2324,3546,8.3,291,191,32,176767
ABplapap:69,ABplapap,69,28620,3620,-2142,-2142,3620,8.2,289,198,42,276097
ABplapap:70,ABplapap,70,28492,3492,-2241,-2233,3470,8.9,300,189,45,297719
ABplapap:71,ABplapap,71,29363,4363,-1582,-1560,4357,8.9,312,198,44,302978
ABplapap:72,ABplapap,72,29589,4589,-967,-802,4563,8.1,313,201,44,324029
ABplapap:73,ABplapap,73,28559,3559,-2716,-2560,3536,8.2,311,215,46,378037
ABplapap:74,ABplapap,74,29467,4467,-1467,-1497,4444,8.1,305,214,44,334564
ABplapap:75,ABplapap,75,28834,3834,-2048,-2058,3819,8.1,305,226,44,331368
ABplapap:76,ABplapap,76,28777,3777,-2269,-2278,3759,8.2,304,229,46,408974
ABplapap:77,ABplapap,77,28073,3073,-2526,-2547,3050,8.9,307,240,44,344471
ABplapap:78,ABplapap,78,28822,3822,-2408,-2273,3812,8.2,302,241,46,402449
ABplapap:79,ABplapap,79,29078,4078,-1931,-1840,4056,8.1,294,246,46,418206
ABplapap:80,ABplapap,80,28910,3910,-1992,-1989,3878,8.1,299,257,44,368060
ABplapap:81,ABplapap,81,29220,4220,-1606,-1537,4216,8.3,292,268,48,479062
ABplapap:82,ABplapap,82,28100,3100,-2821,-2797,3096,9.1,291,273,44,366672
ABplapap:83,ABplapap,83,28282,3282,-2379,-2282,3241,8.9,289,277,44,369467
ABplapap:84,ABplapap,84,28243,3243,-2737,-2706,3229,8.1,292,293,44,386077
ABplapap:85,ABplapap,85,28877,3877,-1776,-1842,3861,8.1,285,304,46,445645
ABplapap:86,ABplapap,86,28773,3773,-1839,-1868,3771,8.1,281,306,46,474235
ABplapap:87,ABplapap,87,28739,3739,-1819,-1827,3737,8.1,286,311,45,418148
ABplapap:88,ABplapap,88,27779,2779,-2640,-2640,2767,9.0,292,318,35,260453
ABplapapa:89,ABplapapa,89,28511,3511,-2237,-2332,3438,8.3,284,305,35,191005
ABplapapa:90,ABplapapa,90,28923,3923,-1852,-1872,3891,8.1,282,321,34,176983
ABplapapa:91,ABplapapa,91,28041,3041,-2010,-2015,3007,8.9,291,332,42,245244
ABplapapa:92,ABplapapa,92,28056,3056,-2285,-2394,2752,9.0,303,349,40,241057
ABplapapa:93,ABplapapa,93,28469,3469,-1657,-1785,3129,8.9,304,340,39,225875
ABplapapa:94,ABplapapa,94,29785,4785,-88,-163,4647,8.9,309,341,38,234000
ABplapapa:95,ABplapapa,95,28489,3489,-2047,-2135,3318,8.3,320,342,39,213673
ABplapapa:96,ABplapapa,96,29310,4310,-977,-1109,4163,8.3,317,351,38,214988
ABplapapa:97,ABplapapa,97,28789,3789,-1619,-1562,3364,8.4,324,350,38,226849
ABplapapa:98,ABplapapa,98,29157,4157,-1205,-1238,3903,8.3,329,357,38,230216
ABplapapa:99,ABplapapa,99,28050,3050,-2228,-2258,2879,9.0,326,367,38,261348
ABplapapa:100,ABplapapa,100,28270,3270,-2034,-2075,3103,9.1,321,366,38,264304
ABplapapa:101,ABplapapa,101,29186,4186,-1612,-1639,4077,8.3,326,367,40,261811
ABplapapa:102,ABplapapa,102,28712,3712,-2084,-2113,3649,8.3,325,362,38,261667
ABplapapa:103,ABplapapa,103,27779,2779,-1820,-1851,2718,9.2,325,366,38,275481
ABplapapa:104,ABplapapa,104,27963,2963,-2372,-2448,2747,9.1,328,368,40,324770
ABplapapa:105,ABplapapa,105,28054,3054,-1921,-1949,2934,9.0,329,373,38,301444
ABplapapa:106,ABplapapa,106,28742,3742,-1014,-1021,3672,9.3,326,381,40,298643
ABplapapa:107,ABplapapa,107,27886,2886,-2141,-2133,2857,9.2,330,380,40,355467
ABplapapa:108,ABplapapa,108,27958,2958,-1890,-1894,2893,9.2,324,376,38,311384
ABplapapa:109,ABplapapa,109,28496,3496,-1674,-1673,3385,9.3,325,375,38,297933
ABplapapa:110,ABplapapa,110,28936,3936,-1112,-1082,3748,10.1,328,375,38,211522
ABplapapa:111,ABplapapa,111,29246,4246,-1225,-947,3936,9.2,331,382,39,213924
ABplapapa:112,ABplapapa,112,28704,3704,-2132,-1649,3328,9.1,344,386,39,214849
ABplapapa:113,ABplapapa,113,28801,3801,-1864,-1358,3439,9.2,355,391,39,221183
ABplapapa:114,ABplapapa,114,28635,3635,-1777,-1626,3519,9.3,356,396,39,223944
ABplapapa:115,ABplapapa,115,28736,3736,-1422,-1153,3434,10.2,370,403,39,244427
ABplapapa:116,ABplapapa,116,29307,4307,-214,-121,4157,10.2,371,410,37,228427
ABplapapa:117,ABplapapa,117,28430,3430,-1976,-1989,3137,10.8,374,398,34,204474
ABplapapa:118,ABplapapa,118,28671,3671,-1294,-1280,3441,10.4,375,401,36,231531
ABplapapaa:119,ABplapapaa,119,29283,4283,-572,-448,3984,9.1,363,397,34,161651
ABplapapaa:120,ABplapapaa,120,28891,3891,-1503,-1140,3482,9.1,368,402,34,160625
ABplapapaa:121,ABplapapaa,121,28578,3578,-2344,-1870,2996,8.9,377,406,33,145773
ABplapapaa:122,ABplapapaa,122,28215,3215,-2448,-2020,2613,9.0,378,408,34,174317
ABplapapaa:123,ABplapapaa,123,28646,3646,-1516,-723,2719,9.3,377,417,36,183929
ABplapapaa:124,ABplapapaa,124,28701,3701,-1400,-543,2690,10.8,382,424,32,145729
ABplapapaa:125,ABplapapaa,125,29063,4063,-668,-468,3389,10.8,388,423,32,171298
ABplapapaa:126,ABplapapaa,126,28517,3517,-1300,-1253,3048,10.1,388,417,32,175791
ABplapapaa:127,ABplapapaa,127,28175,3175,-1690,-1792,2742,10.3,386,411,34,171775
ABplapapaa:128,ABplapapaa,128,28373,3373,-1261,-1170,2684,10.1,391,414,34,193143
ABplapapaa:129,ABplapapaa,129,28595,3595,-1988,-1965,2477,9.9,397,404,32,175848
ABplapapap:119,ABplapapap,119,29094,4094,-275,-476,3651,12.9,400,420,34,156099
ABplapapap:120,ABplapapap,120,28687,3687,-987,-1056,3401,12.9,413,416,34,157943
ABplapapap:121,ABplapapap,121,28025,3025,-1448,-1422,2503,12.9,434,424,33,143296
ABplapapap:122,ABplapapap,122,28301,3301,-1429,-1480,2776,13.0,439,430,32,148329
ABplapapap:123,ABplapapap,123,28937,3937,82,-3,3423,12.4,437,434,34,159727
ABplapapap:124,ABplapapap,124,28500,3500,-396,-368,2650,13.1,439,434,36,217084
ABplapapap:125,ABplapapap,125,28691,3691,-552,-779,3050,13.1,437,436,32,160802
ABplapapap:126,ABplapapap,126,29428,4428,379,231,3750,12.1,434,425,34,193701
ABplapapap:127,ABplapapap,127,28430,3430,-625,-628,2717,12.0,428,426,32,181470
ABplapapap:128,ABplapapap,128,29366,4366,364,502,3442,12.3,424,426,34,182616
ABplapapap:129,ABplapapap,129,28721,3721,-358,-480,3145,11.5,429,429,34,166688
ABplapapp:89,ABplapapp,89,29384,4384,-1195,-1196,4345,8.6,324,336,31,181773
ABplapapp:90,ABplapapp,90,28524,3524,-2225,-2225,3516,8.3,336,356,34,164800
ABplapapp:91,ABplapapp,91,28536,3536,-1485,-1509,3350,8.9,346,375,42,242430
ABplapapp:92,ABplapapp,92,28747,3747,-1532,-1562,3649,9.1,351,385,40,241924
ABplapapp:93,ABplapapp,93,28538,3538,-1785,-1801,3371,9.0,348,383,39,227340
ABplapapp:94,ABplapapp,94,28790,3790,-803,-788,3680,9.0,352,390,38,233660
ABplapapp:95,ABplapapp,95,28286,3286,-1952,-1952,3193,8.3,366,395,41,241721
ABplapapp:96,ABplapapp,96,29042,4042,-1006,-996,3920,8.4,372,398,38,215773
ABplapapp:97,ABplapapp,97,29207,4207,-516,-502,4142,9.2,380,407,40,256567
ABplapapp:98,ABplapapp,98,28076,3076,-1047,-1149,2905,10.1,383,407,36,235816
ABplapapp:99,ABplapapp,99,28075,3075,-1270,-1299,2998,10.2,385,407,38,262625
ABplapapp:100,ABplapapp,100,28986,3986,-647,-672,3902,10.0,380,406,38,280241
ABplapapp:101,ABplapapp,101,27691,2691,-1994,-2045,2578,11.0,386,408,38,282077
ABplapapp:102,ABplapapp,102,28284,3284,-1071,-1076,3112,11.1,388,410,40,305971
ABplapapp:103,ABplapapp,103,27778,2778,-1472,-1496,2446,12.1,390,414,38,295014
ABplapapp:104,ABplapapp,104,28232,3232,-895,-880,3091,11.3,388,415,38,292486
ABplapapp:105,ABplapapp,105,29010,4010,-793,-881,3729,12.0,387,406,38,293949
ABplapapp:106,ABplapapp,106,27741,2741,-1647,-1647,2526,12.0,390,410,38,321028
ABplapapp:107,ABplapapp,107,28290,3290,-1189,-1174,3037,12.1,391,412,38,332446
ABplapapp:108,ABplapapp,108,28572,3572,-551,-622,3449,11.3,393,406,38,297963
ABplapapp:109,ABplapapp,109,27769,2769,-1194,-1252,2613,11.5,400,406,38,288564
ABplapapp:110,ABplapapp,110,28749,3749,-787,-846,3535,12.1,403,407,40,235997
ABplapapp:111,ABplapapp,111,27606,2606,-1873,-1916,2463,12.1,402,411,37,198213
ABplapapp:112,ABplapapp,112,28606,3606,-982,-976,3491,12.1,413,406,39,217839
ABplapapp:113,ABplapapp,113,28573,3573,-914,-929,3508,13.1,419,414,37,196807
ABplapapp:114,ABplapapp,114,28883,3883,-552,-556,3763,14.0,421,413,39,220194
ABplapapp:115,ABplapapp,115,28603,3603,-1301,-1311,3522,14.2,426,415,39,237068
ABplapapp:116,ABplapapp,116,28856,3856,-1168,-1168,3784,14.0,430,417,35,182692
ABplapappa:117,ABplapappa,117,28805,3805,-639,-645,3659,11.2,418,417,32,145793
ABplapappa:118,ABplapappa,118,28923,3923,-406,-406,3859,11.2,427,426,34,161505
ABplapappa:119,ABplapappa,119,28771,3771,-499,-505,3430,11.8,431,430,34,151588
ABplapappa:120,ABplapappa,120,28092,3092,-1141,-1141,2971,10.2,446,422,34,154012
ABplapappa:121,ABplapappa,121,28138,3138,-1216,-1171,2667,11.1,460,424,29,99291
ABplapappa:122,ABplapappa,122,28095,3095,-1968,-1965,2726,11.0,463,416,32,144666
ABplapappa:123,ABplapappa,123,28544,3544,-1391,-1576,2931,11.2,461,418,34,165962
ABplapappa:124,ABplapappa,124,28688,3688,-920,-1038,2922,12.1,458,417,32,157570
ABplapappa:125,ABplapappa,125,28289,3289,-1637,-1755,2768,11.4,459,416,34,155776
ABplapappa:126,ABplapappa,126,28162,3162,-1742,-1856,2268,11.2,459,411,29,111636
ABplapappa:127,ABplapappa,127,29165,4165,-890,-919,3229,11.2,457,414,34,194738
ABplapappa:128,ABplapappa,128,29066,4066,-340,-88,2585,11.0,454,415,34,194225
ABplapappa:129,ABplapappa,129,28883,3883,-2010,-1563,2235,10.2,458,408,36,225025
ABplapappp:117,ABplapappp,117,30741,5741,1087,1087,5406,16.1,448,418,34,138079
ABplapappp:118,ABplapappp,118,30289,5289,9,9,5049,16.1,456,421,34,138560
ABplapappp:119,ABplapappp,119,30371,5371,-493,-473,4649,16.9,456,415,34,148828
ABplapappp:120,ABplapappp,120,29736,4736,-683,-763,4000,16.9,461,423,34,158660
ABplapappp:121,ABplapappp,121,29086,4086,-830,-866,3333,16.2,466,424,35,160786
ABplapappp:122,ABplapappp,122,28491,3491,-1258,-1165,2585,16.1,471,422,32,143013
ABplapappp:123,ABplapappp,123,28910,3910,-571,-562,3335,16.1,473,423,32,146523
ABplapappp:124,ABplapappp,124,29207,4207,-221,-270,3162,16.1,470,421,36,200636
ABplapappp:125,ABplapappp,125,28468,3468,-1192,-1212,2788,16.0,468,427,32,168908
ABplapappp:126,ABplapappp,126,29364,4364,-18,-4,3695,15.2,469,424,36,193945
ABplapappp:127,ABplapappp,127,29441,4441,-212,-219,3141,15.0,462,418,32,176483
ABplapappp:128,ABplapappp,128,30350,5350,192,114,4419,14.8,465,421,32,177673
ABplapappp:129,ABplapappp,129,28656,3656,-1186,-1188,2392,14.1,459,415,34,198338
ABplapp:50,ABplapp,50,28396,3396,-1151,-1151,3396,10.2,313,270,39,312839
ABplapp:51,ABplapp,51,29296,4296,-407,-346,4296,10.7,311,278,59,697538
ABplapp:52,ABplapp,52,28163,3163,-1895,-1897,3163,10.2,310,276,56,709547
ABplapp:53,ABplapp,53,28186,3186,-1761,-1792,3186,10.0,308,289,55,699023
ABplapp:54,ABplapp,54,28333,3333,-1648,-1655,3333,10.0,307,300,55,732892
ABplapp:55,ABplapp,55,27781,2781,-2239,-2286,2781,9.9,304,298,55,795835
ABplapp:56,ABplapp,56,28276,3276,-1832,-1868,3276,9.9,294,300,55,806061
ABplapp:57,ABplapp,57,27989,2989,-2172,-2142,2989,9.2,293,299,55,827101
ABplapp:58,ABplapp,58,27637,2637,-2452,-2487,2637,9.8,294,295,55,819134
ABplapp:59,ABplapp,59,28183,3183,-2154,-2154,3183,9.2,292,287,54,837180
ABplapp:60,ABplapp,60,27964,2964,-2128,-2124,2964,9.9,294,287,53,768279
ABplapp:61,ABplapp,61,28125,3125,-2503,-2505,3125,10.1,289,285,55,839174
ABplapp:62,ABplapp,62,28251,3251,-2029,-2045,3251,10.2,288,278,55,842402
ABplapp:63,ABplapp,63,28324,3324,-1796,-1837,3324,10.3,287,278,55,691483
ABplapp:64,ABplapp,64,27882,2882,-1781,-1746,2882,11.1,284,276,54,728220
ABplapp:65,ABplapp,65,27550,2550,-2237,-2218,2550,11.8,292,274,54,740729
ABplapp:66,ABplapp,66,27959,2959,-1644,-1644,2959,11.1,287,275,54,766516
ABplapp:67,ABplapp,67,28369,3369,-1347,-1347,3369,11.0,293,269,49,504457
ABplappa:68,ABplappa,68,29708,4708,-360,-360,4704,8.4,281,261,34,189650
ABplappa:69,ABplappa,69,28511,3511,-1889,-1889,3511,8.2,279,271,40,246116
ABplappa:70,ABplappa,70,28652,3652,-1856,-1856,3652,8.2,287,269,47,326083
ABplappa:71,ABplappa,71,28274,3274,-1587,-1625,3274,9.1,292,264,46,343764
ABplappa:72,ABplappa,72,28506,3506,-1559,-1654,3501,9.0,288,261,44,321637
ABplappa:73,ABplappa,73,27995,2995,-2712,-2755,2995,9.0,294,275,44,336350
ABplappa:74,ABplappa,74,27938,2938,-2518,-2531,2938,9.0,288,275,44,338363
ABplappa:75,ABplappa,75,29149,4149,-1248,-1230,4149,8.3,288,286,46,379616
ABplappa:76,ABplappa,76,28316,3316,-2142,-2196,3316,8.2,292,289,46,383349
ABplappa:77,ABplappa,77,28401,3401,-1677,-1760,3398,9.1,284,294,44,346102
ABplappa:78,ABplappa,78,28100,3100,-2141,-2197,3100,9.1,284,300,46,417720
ABplappa:79,ABplappa,79,28728,3728,-1913,-1961,3728,8.3,276,304,46,378558
ABplappa:80,ABplappa,80,28737,3737,-1902,-1953,3728,9.2,278,311,46,415187
ABplappa:81,ABplappa,81,28186,3186,-2102,-2168,3175,9.0,275,324,46,430801
ABplappa:82,ABplappa,82,28581,3581,-1831,-1901,3569,10.0,277,330,46,448511
ABplappa:83,ABplappa,83,28597,3597,-1228,-1230,3573,10.2,274,334,48,501314
ABplappa:84,ABplappa,84,28705,3705,-1125,-1217,3655,11.1,274,344,48,526025
ABplappa:85,ABplappa,85,28205,3205,-1468,-1503,3173,11.3,263,348,48,531179
ABplappa:86,ABplappa,86,27787,2787,-1564,-1558,2750,12.2,263,353,48,556410
ABplappa:87,ABplappa,87,27412,2412,-1732,-1759,2333,12.4,272,359,49,574452
ABplappa:88,ABplappa,88,27498,2498,-1731,-1759,2460,13.1,284,375,47,535151
ABplappa:89,ABplappa,89,28316,3316,-943,-973,3206,13.9,295,378,45,449358
ABplappa:90,ABplappa,90,27040,2040,-1657,-1657,2018,14.0,296,379,36,262462
ABplappaa:91,ABplappaa,91,30066,5066,1214,1192,5006,13.2,276,376,34,177814
ABplappaa:92,ABplappaa,92,28026,3026,-1214,-1293,2871,13.3,292,380,38,215367
ABplappaa:93,ABplappaa,93,28008,3008,-1351,-1376,2836,12.1,288,375,39,224363
ABplappaa:94,ABplappaa,94,27379,2379,-1365,-1367,2313,12.0,282,379,38,222482
ABplappaa:95,ABplappaa,95,28341,3341,-974,-1106,3214,11.1,302,381,37,216166
ABplappaa:96,ABplappaa,96,27802,2802,-1023,-1020,2583,12.0,299,383,38,254122
ABplappaa:97,ABplappaa,97,27313,2313,-1330,-1328,2189,12.1,306,389,38,243383
ABplappaa:98,ABplappaa,98,27498,2498,-1243,-1254,2434,12.1,309,395,40,281042
ABplappaa:99,ABplappaa,99,28133,3133,-489,-467,2955,13.1,309,393,38,259854
ABplappaa:100,ABplappaa,100,27563,2563,-1202,-1203,2376,13.3,304,392,38,234315
ABplappaa:101,ABplappaa,101,27984,2984,-631,-664,2903,13.0,307,390,40,310573
ABplappaa:102,ABplappaa,102,27973,2973,-1606,-1613,2755,13.1,308,380,40,306209
ABplappaa:103,ABplappaa,103,28231,3231,-1309,-1330,3058,14.1,312,387,36,275667
ABplappaa:104,ABplappaa,104,28911,3911,-917,-950,3553,13.2,317,387,38,282636
ABplappaa:105,ABplappaa,105,28986,3986,-412,-390,3557,14.1,318,388,36,284200
ABplappaa:106,ABplappaa,106,27728,2728,-1579,-1578,2134,14.3,314,386,38,288501
ABplappaa:107,ABplappaa,107,28637,3637,-754,-834,3190,15.0,310,390,38,320960
ABplappaa:108,ABplappaa,108,28056,3056,-1112,-1212,2687,15.1,314,389,40,356823
ABplappaa:109,ABplappaa,109,28390,3390,-1058,-1138,2971,16.0,317,385,40,361176
ABplappaa:110,ABplappaa,110,29066,4066,-608,-601,3643,15.1,311,389,40,219249
ABplappaa:111,ABplappaa,111,28255,3255,-1395,-1477,2981,15.1,312,393,39,207032
ABplappaa:112,ABplappaa,112,28885,3885,-1065,-1161,3612,15.2,317,392,39,200303
ABplappaa:113,ABplappaa,113,28679,3679,-1012,-1056,3428,15.3,321,393,39,201789
ABplappaa:114,ABplappaa,114,28430,3430,-1087,-1002,3251,16.1,319,397,39,208362
ABplappaa:115,ABplappaa,115,29005,4005,-696,-781,3867,16.3,327,403,39,199540
ABplappaa:116,ABplappaa,116,27850,2850,-1529,-1670,2103,18.1,331,406,39,236620
ABplappaa:117,ABplappaa,117,28120,3120,-1218,-1346,2523,18.1,326,404,38,249704
ABplappaa:118,ABplappaa,118,27743,2743,-1474,-1491,2219,19.0,319,406,38,251148
ABplappaa:119,ABplappaa,119,28372,3372,-1018,-1082,2978,18.3,326,407,38,245547
ABplappaa:120,ABplappaa,120,28685,3685,-797,-827,3347,18.1,340,405,34,188684
ABplappaaa:121,ABplappaaa,121,28283,3283,-1097,-1105,2762,18.9,317,404,33,147898
ABplappaaa:122,ABplappaaa,122,28070,3070,-1113,-1036,2318,17.3,313,402,30,131398
ABplappaaa:123,ABplappaaa,123,28236,3236,-744,-754,2931,17.9,314,410,32,155580
ABplappaaa:124,ABplappaaa,124,27600,2600,-1538,-1581,2220,17.9,317,412,32,150575
ABplappaaa:125,ABplappaaa,125,29125,4125,203,169,3594,17.0,320,410,32,145909
ABplappaaa:126,ABplappaaa,126,29652,4652,746,700,4157,16.2,318,414,34,156770
ABplappaaa:127,ABplappaaa,127,27996,2996,-1159,-1238,2555,16.9,315,412,32,158364
ABplappaaa:128,ABplappaaa,128,27845,2845,-1454,-1408,2394,15.3,307,409,34,173460
ABplappaaa:129,ABplappaaa,129,27772,2772,-1183,-1251,2242,15.1,313,410,32,165186
ABplappaap:121,ABplappaap,121,29650,4650,669,618,3635,18.9,360,421,33,144451
ABplappaap:122,ABplappaap,122,28954,3954,-407,-412,3378,18.0,366,426,32,145520
ABplappaap:123,ABplappaap,123,28642,3642,-438,-469,3290,18.3,369,426,34,148678
ABplappaap:124,ABplappaap,124,29460,4460,572,490,3635,18.9,371,424,32,148436
ABplappaap:125,ABplappaap,125,28956,3956,-5,-62,3432,18.1,374,434,34,173307
ABplappaap:126,ABplappaap,126,28538,3538,-1004,-1049,2783,17.2,372,429,36,200051
ABplappaap:127,ABplappaap,127,28205,3205,-772,-731,2607,17.1,361,428,34,174110
ABplappaap:128,ABplappaap,128,28717,3717,-302,-356,2994,16.1,351,427,34,184715
ABplappaap:129,ABplappaap,129,28927,3927,-895,-1061,2986,15.2,362,425,29,106585
ABplappap:91,ABplappap,91,28098,3098,-1016,-1027,2846,12.1,327,397,32,177132
ABplappap:92,ABplappap,92,28676,3676,-427,-445,3536,13.0,349,413,38,230914
ABplappap:93,ABplappap,93,28901,3901,182,156,3365,13.1,344,408,39,241509
ABplappap:94,ABplappap,94,27780,2780,-757,-762,2169,13.9,342,410,38,218372
ABplappap:95,ABplappap,95,28285,3285,-464,-496,2975,13.2,358,418,41,253801
ABplappap:96,ABplappap,96,27964,2964,-746,-796,2623,13.0,361,420,38,260144
ABplappap:97,ABplappap,97,28384,3384,-417,-447,2847,13.9,365,422,36,240990
ABplappap:98,ABplappap,98,27651,2651,-1380,-1608,1906,13.3,369,422,38,249180
ABplappap:99,ABplappap,99,28456,3456,-337,-389,3101,14.1,360,425,38,281642
ABplappap:100,ABplappap,100,27814,2814,-1516,-1630,1899,14.0,358,417,40,314943
ABplappap:101,ABplappap,101,27925,2925,-936,-975,2425,14.2,353,412,38,302218
ABplappap:102,ABplappap,102,28143,3143,-997,-988,2655,14.2,354,406,40,298576
ABplappap:103,ABplappap,103,28678,3678,-587,-620,3269,15.9,357,411,36,263121
ABplappap:104,ABplappap,104,28397,3397,-1067,-1128,2964,15.0,354,408,36,275119
ABplappap:105,ABplappap,105,28440,3440,-639,-611,3022,15.1,356,409,40,330865
ABplappap:106,ABplappap,106,29163,4163,-91,-231,3875,15.2,357,404,40,320143
ABplappap:107,ABplappap,107,28292,3292,-1154,-1262,2799,15.1,353,406,40,354729
ABplappap:108,ABplappap,108,28123,3123,-1097,-1237,2715,14.2,356,408,38,311940
ABplappap:109,ABplappap,109,27347,2347,-1855,-1897,2126,14.2,360,405,38,305800
ABplappap:110,ABplappap,110,28790,3790,-1165,-1267,3467,14.1,356,400,40,221315
ABplappap:111,ABplappap,111,28286,3286,-1591,-1929,2759,14.1,355,405,39,229601
ABplappap:112,ABplappap,112,28531,3531,-1558,-1734,2983,14.1,357,405,39,224848
ABplappap:113,ABplappap,113,28942,3942,-857,-946,3469,14.3,363,409,37,204945
ABplappap:114,ABplappap,114,28282,3282,-1344,-1459,2879,15.0,364,412,39,247764
ABplappap:115,ABplappap,115,28090,3090,-1811,-2037,2211,15.1,366,413,39,240120
ABplappap:116,ABplappap,116,28461,3461,-683,-789,2566,15.1,367,421,39,239535
ABplappap:117,ABplappap,117,28403,3403,-975,-1133,2946,15.1,360,418,38,247082
ABplappap:118,ABplappap,118,27805,2805,-1629,-1662,2420,15.2,361,417,38,235016
ABplappap:119,ABplappap,119,28391,3391,-931,-953,2998,15.2,362,415,38,243388
ABplappap:120,ABplappap,120,27828,2828,-2210,-2177,2291,15.0,374,410,34,203597
ABplappap:121,ABplappap,121,28771,3771,-974,-974,3177,14.1,370,414,37,207580
ABplappapa:122,ABplappapa,122,28503,3503,-649,-662,2986,13.0,356,404,30,148995
ABplappapa:123,ABplappapa,123,28454,3454,-1965,-1987,2796,13.0,359,398,32,160012
ABplappapa:124,ABplappapa,124,28399,3399,-1098,-1234,2401,13.8,361,406,32,159913
ABplappapa:125,ABplappapa,125,28665,3665,-1356,-1412,2268,13.8,363,415,32,163284
ABplappapa:126,ABplappapa,126,28759,3759,-393,-575,2708,13.2,359,417,34,180757
ABplappapa:127,ABplappapa,127,28765,3765,-178,-304,2841,12.4,354,418,34,172602
ABplappapa:128,ABplappapa,128,28903,3903,-773,-864,3065,12.1,354,407,34,193372
ABplappapa:129,ABplappapa,129,28635,3635,-1305,-1373,2756,11.9,361,403,32,180148
ABplappapp:122,ABplappapp,122,29289,4289,96,142,3921,15.7,400,427,32,149123
ABplappapp:123,ABplappapp,123,28943,3943,-54,-74,3566,15.2,402,432,32,172515
ABplappapp:124,ABplappapp,124,29438,4438,517,535,3913,15.4,403,433,34,155884
ABplappapp:125,ABplappapp,125,28407,3407,-1294,-1369,2714,15.3,408,438,34,172703
ABplappapp:126,ABplappapp,126,29174,4174,-27,13,3468,14.4,406,436,36,197574
ABplappapp:127,ABplappapp,127,27835,2835,-1204,-1247,2327,14.9,399,437,32,172918
ABplappapp:128,ABplappapp,128,28386,3386,-697,-629,2772,14.9,394,432,32,180472
ABplappapp:129,ABplappapp,129,28258,3258,-1303,-1394,2473,13.9,396,427,32,185824
ABplappp:68,ABplappp,68,28040,3040,-1306,-1306,3024,11.2,326,289,32,177237
ABplappp:69,ABplappp,69,29117,4117,-388,-391,4112,11.1,336,294,38,237661
ABplappp:70,ABplappp,70,27878,2878,-1236,-1234,2872,11.9,349,298,45,291006
ABplappp:71,ABplappp,71,28036,3036,-1399,-1397,3013,11.1,358,309,44,304959
ABplappp:72,ABplappp,72,28294,3294,-1287,-1236,3152,10.1,361,310,44,322531
ABplappp:73,ABplappp,73,28583,3583,-1805,-1818,3481,8.9,361,317,44,323087
ABplappp:74,ABplappp,74,28643,3643,-1329,-1351,3591,8.9,358,312,44,344815
ABplappp:75,ABplappp,75,28688,3688,-1812,-1859,3681,8.1,360,327,44,337257
ABplappp:76,ABplappp,76,28099,3099,-2030,-2077,3065,9.0,361,339,44,354505
ABplappp:77,ABplappp,77,28748,3748,-1445,-1468,3708,9.0,353,341,44,360941
ABplappp:78,ABplappp,78,29116,4116,-742,-785,4107,8.9,349,345,44,360123
ABplappp:79,ABplappp,79,28920,3920,-1543,-1524,3906,8.1,345,357,44,369850
ABplappp:80,ABplappp,80,28214,3214,-2117,-2082,3193,8.9,348,358,44,383658
ABplappp:81,ABplappp,81,28776,3776,-1440,-1447,3764,9.1,346,357,44,375201
ABplappp:82,ABplappp,82,28672,3672,-1633,-1634,3658,9.0,348,366,44,380020
ABplappp:83,ABplappp,83,27720,2720,-1589,-1589,2707,10.0,338,371,44,403493
ABplappp:84,ABplappp,84,27905,2905,-1839,-1819,2893,10.1,338,375,44,400593
ABplappp:85,ABplappp,85,28080,3080,-1375,-1378,3079,12.0,338,376,44,409501
ABplappp:86,ABplappp,86,28154,3154,-988,-988,3153,12.0,337,380,44,405118
ABplappp:87,ABplappp,87,28690,3690,-312,-310,3690,13.0,343,393,45,422332
ABplappp:88,ABplappp,88,28348,3348,-778,-772,3339,13.0,356,401,45,427224
ABplappp:89,ABplappp,89,27811,2811,-994,-933,2788,14.1,357,409,45,433224
ABplappp:90,ABplappp,90,28471,3471,-618,-618,3464,15.1,360,405,44,353231
ABplappp:91,ABplappp,91,27262,2262,-1530,-1530,2237,16.0,372,409,42,325449
ABplappp:92,ABplappp,92,28531,3531,-503,-515,3415,16.9,389,406,40,292018
ABplapppa:93,ABplapppa,93,27755,2755,-1202,-1160,2055,15.3,368,398,37,202814
ABplapppa:94,ABplapppa,94,28857,3857,-267,-375,3492,16.2,369,404,36,214703
ABplapppa:95,ABplapppa,95,28259,3259,-598,-644,2821,16.9,377,406,37,222599
ABplapppa:96,ABplapppa,96,27540,2540,-1281,-1377,2078,16.9,378,409,36,230078
ABplapppa:97,ABplapppa,97,27456,2456,-1742,-1826,1814,17.0,385,410,36,229322
ABplapppa:98,ABplapppa,98,27705,2705,-837,-1038,2116,16.2,392,418,40,281204
ABplapppa:99,ABplapppa,99,28404,3404,-277,-400,3023,16.2,395,424,38,261004
ABplapppa:100,ABplapppa,100,27686,2686,-1317,-1325,2421,16.1,396,424,36,240729
ABplapppa:101,ABplapppa,101,28327,3327,-324,-237,3034,16.0,391,428,36,268075
ABplapppa:102,ABplapppa,102,28606,3606,-222,-185,3117,16.0,394,423,36,273196
ABplapppa:103,ABplapppa,103,28640,3640,-211,-191,3073,16.2,399,426,38,290000
ABplapppa:104,ABplapppa,104,27986,2986,-510,-522,2611,16.1,395,430,36,282557
ABplapppa:105,ABplapppa,105,28813,3813,-111,-141,3322,16.1,395,427,38,308475
ABplapppa:106,ABplapppa,106,27808,2808,-1156,-1150,2405,16.9,397,424,36,298523
ABplapppa:107,ABplapppa,107,28371,3371,-193,-236,2788,16.0,393,428,36,300308
ABplapppa:108,ABplapppa,108,27996,2996,-1163,-1128,2606,15.9,393,427,36,318679
ABplapppa:109,ABplapppa,109,28017,3017,-460,-498,2703,16.1,395,425,36,309222
ABplapppa:110,ABplapppa,110,28119,3119,-977,-1075,2395,16.0,392,419,36,212022
ABplapppa:111,ABplapppa,111,28118,3118,-808,-887,2371,16.1,386,420,39,218853
ABplapppa:112,ABplapppa,112,28602,3602,-721,-781,3041,16.2,389,421,39,214509
ABplapppa:113,ABplapppa,113,28732,3732,-153,-115,3117,17.1,388,427,39,226617
ABplapppa:114,ABplapppa,114,28562,3562,-525,-530,3076,17.9,387,425,35,178287
ABplapppa:115,ABplapppa,115,28502,3502,-730,-873,3033,18.2,389,424,39,245884
ABplapppa:116,ABplapppa,116,28411,3411,-595,-603,2774,18.3,387,424,37,209527
ABplapppa:117,ABplapppa,117,28141,3141,-1036,-1261,2598,18.1,386,426,38,251817
ABplapppa:118,ABplapppa,118,28879,3879,22,-70,3527,18.2,394,425,38,228890
ABplapppa:119,ABplapppa,119,28202,3202,-769,-903,2829,20.0,389,423,34,185462
ABplapppa:120,ABplapppa,120,29209,4209,538,415,3811,20.0,395,422,38,243793
ABplapppa:121,ABplapppa,121,29059,4059,202,219,3676,19.2,399,422,37,219270
ABplapppa:122,ABplapppa,122,28091,3091,-983,-1070,1646,20.1,401,421,36,234134
ABplapppa:123,ABplapppa,123,28109,3109,-1322,-1430,2229,20.1,406,427,32,183154
ABplapppa:124,ABplapppa,124,28671,3671,-167,-158,2684,21.1,400,420,36,238384
ABplapppa:125,ABplapppa,125,28536,3536,-830,-925,3099,21.1,397,411,36,251542
ABplapppa:126,ABplapppa,126,29220,4220,135,131,3576,20.1,408,418,32,191421
ABplapppa:127,ABplapppa,127,28097,3097,-698,-737,2557,20.0,404,417,32,207580
ABplapppaa:128,ABplapppaa,128,28477,3477,-833,-814,2143,19.0,370,414,32,173467
ABplapppaa:129,ABplapppaa,129,28171,3171,-1191,-1260,1377,18.1,373,425,32,200105
ABplapppap:128,ABplapppap,128,27725,2725,-1296,-1295,1905,20.1,419,421,32,167320
ABplapppap:129,ABplapppap,129,27667,2667,-1641,-1674,1880,20.0,420,423,34,179207
ABplapppp:93,ABplapppp,93,28670,3670,-751,-771,3501,17.3,415,408,35,145552
ABplapppp:94,ABplapppp,94,28758,3758,-305,-305,3648,18.0,422,422,34,163828
ABplapppp:95,ABplapppp,95,27959,2959,-1540,-1608,2722,19.0,430,415,37,201310
ABplapppp:96,ABplapppp,96,28234,3234,-688,-708,2845,20.0,429,420,36,193565
ABplapppp:97,ABplapppp,97,28328,3328,-1003,-989,3184,19.0,433,423,36,198176
ABplapppp:98,ABplapppp,98,28469,3469,-559,-396,2958,19.0,433,422,40,231219
ABplapppp:99,ABplapppp,99,28086,3086,-149,-172,2685,19.9,426,430,36,211922
ABplapppp:100,ABplapppp,100,27360,2360,-1146,-1106,2063,20.9,423,431,36,219517
ABplapppp:101,ABplapppp,101,27912,2912,-931,-945,2630,20.9,422,432,36,229609
ABplapppp:102,ABplapppp,102,28313,3313,-68,-43,2953,21.0,417,427,40,267796
ABplapppp:103,ABplapppp,103,28536,3536,254,262,3165,21.9,421,423,36,244738
ABplapppp:104,ABplapppp,104,28474,3474,-969,-874,2801,21.0,415,426,36,262456
ABplapppp:105,ABplapppp,105,28300,3300,-500,-231,2731,21.1,418,426,38,294529
ABplapppp:106,ABplapppp,106,28381,3381,-499,-214,2772,21.0,417,424,36,272506
ABplapppp:107,ABplapppp,107,28752,3752,-243,59,3243,20.9,419,426,36,258435
ABplapppp:108,ABplapppp,108,28778,3778,-247,-283,3427,21.9,420,428,36,249727
ABplapppp:109,ABplapppp,109,27679,2679,-1087,-851,2085,20.1,418,425,38,291807
ABplapppp:110,ABplapppp,110,28647,3647,-393,-438,3141,20.0,417,427,36,186026
ABplapppp:111,ABplapppp,111,28570,3570,-243,-236,3288,19.1,417,429,37,176534
ABplapppp:112,ABplapppp,112,28835,3835,-454,-468,3320,18.2,424,423,37,181244
ABplapppp:113,ABplapppp,113,28607,3607,-440,-461,3178,19.3,427,429,39,207709
ABplapppp:114,ABplapppp,114,28362,3362,-761,-616,2835,19.2,429,430,39,213400
ABplapppp:115,ABplapppp,115,27916,2916,-802,-743,2559,20.1,425,432,39,214209
ABplapppp:116,ABplapppp,116,28484,3484,-550,-411,3241,20.9,424,435,35,166354
ABplapppp:117,ABplapppp,117,28602,3602,-387,-369,3166,20.3,416,433,38,211296
ABplapppp:118,ABplapppp,118,27843,2843,-1467,-1254,2191,20.2,421,433,38,230119
ABplapppp:119,ABplapppp,119,28305,3305,-394,-420,3075,21.1,425,436,36,204607
ABplapppp:120,ABplapppp,120,28076,3076,-603,-503,2559,19.3,430,437,36,210806
ABplapppp:121,ABplapppp,121,27739,2739,-1051,-962,2240,20.2,431,435,35,175532
ABplapppp:122,ABplapppp,122,27782,2782,-959,-971,2319,20.1,441,434,36,219724
ABplapppp:123,ABplapppp,123,27943,2943,-1349,-1180,2343,20.2,447,427,36,229272
ABplapppp:124,ABplapppp,124,28436,3436,-893,-876,2806,20.2,448,424,36,225489
ABplappppa:125,ABplappppa,125,28322,3322,-590,-646,2828,19.9,435,430,32,149260
ABplappppa:126,ABplappppa,126,27987,2987,-756,-736,2096,18.0,436,432,32,161919
ABplappppa:127,ABplappppa,127,28148,3148,-414,-431,2431,17.1,431,439,32,161691
ABplappppa:128,ABplappppa,128,28599,3599,142,139,2780,16.9,433,440,32,169056
ABplappppa:129,ABplappppa,129,28546,3546,302,254,3147,17.0,442,443,32,171054
ABplappppp:125,ABplappppp,125,27424,2424,-2352,-2127,902,21.9,457,422,32,157867
ABplappppp:126,ABplappppp,126,30010,5010,-264,-329,3719,22.9,470,416,32,157010
ABplappppp:127,ABplappppp,127,29591,4591,-431,-704,3644,23.0,463,421,32,146976
ABplappppp:128,ABplappppp,128,29607,4607,66,-7,3586,22.9,464,422,32,148687
ABplappppp:129,ABplappppp,129,29925,4925,164,349,3886,21.2,470,420,34,158791
ABplp:22,ABplp,22,28785,3785,-986,-1052,3785,12.7,258,294,63,795223
ABplp:23,ABplp,23,28373,3373,-1263,-1300,3373,12.3,265,293,63,813522
ABplp:24,ABplp,24,27764,2764,-1950,-1952,2764,12.6,272,292,63,791348
ABplp:25,ABplp,25,27771,2771,-2512,-2512,2771,10.5,289,304,66,1083485
ABplp:26,ABplp,26,27535,2535,-2627,-2627,2535,10.4,302,307,65,1192605
ABplp:27,ABplp,27,27630,2630,-2611,-2611,2630,10.5,306,305,65,1290755
ABplp:28,ABplp,28,27536,2536,-2694,-2694,2536,10.5,321,316,66,1494247
ABplp:29,ABplp,29,27684,2684,-2805,-2805,2684,10.7,316,329,67,1602654
ABplp:30,ABplp,30,27793,2793,-2691,-2691,2793,10.1,307,331,71,1930315
ABplp:31,ABplp,31,27541,2541,-2192,-2192,2541,11.6,286,335,68,1720819
ABplp:32,ABplp,32,27431,2431,-2440,-2440,2431,12.0,283,327,65,1160315
ABplp:33,ABplp,33,28501,3501,-1307,-1307,3501,12.1,290,324,71,1321301
ABplpa:34,ABplpa,34,28088,3088,-1390,-1390,3088,13.1,251,332,36,290592
ABplpa:35,ABplpa,35,27943,2943,-1522,-1520,2943,14.9,252,332,59,811768
ABplpa:36,ABplpa,36,28054,3054,-1581,-1581,3054,14.8,250,340,60,918351
ABplpa:37,ABplpa,37,28060,3060,-1427,-1443,3060,13.8,247,341,61,1025098
ABplpa:38,ABplpa,38,28021,3021,-1719,-1746,3021,12.8,253,338,61,1119513
ABplpa:39,ABplpa,39,28098,3098,-1362,-1374,3098,12.7,249,335,62,1249008
ABplpa:40,ABplpa,40,27909,2909,-1693,-1713,2909,12.7,253,335,62,1279615
ABplpa:41,ABplpa,41,28026,3026,-1763,-1763,3026,13.6,258,342,62,1254327
ABplpa:42,ABplpa,42,27930,2930,-1955,-1973,2930,14.0,260,344,60,1309515
ABplpa:43,ABplpa,43,28338,3338,-1237,-1238,3338,13.7,260,347,61,1284527
ABplpa:44,ABplpa,44,27878,2878,-1671,-1669,2878,13.9,259,350,62,1393008
ABplpa:45,ABplpa,45,27827,2827,-1666,-1662,2827,14.7,257,348,62,1391242
ABplpa:46,ABplpa,46,27961,2961,-1761,-1761,2961,14.0,261,351,62,1470066
ABplpa:47,ABplpa,47,27642,2642,-1687,-1686,2642,14.7,262,348,61,1349522
ABplpa:48,ABplpa,48,27456,2456,-1971,-1971,2456,14.8,264,348,61,1330692
ABplpa:49,ABplpa,49,27943,2943,-1515,-1517,2943,14.8,263,346,62,1247722
ABplpa:50,ABplpa,50,27807,2807,-1475,-1476,2807,15.1,265,335,53,902536
ABplpaa:51,ABplpaa,51,28359,3359,-1260,-1260,3359,12.3,238,324,39,361159
ABplpaa:52,ABplpaa,52,29017,4017,-678,-690,4017,11.4,232,317,54,680367
ABplpaa:53,ABplpaa,53,28532,3532,-1222,-1283,3532,11.1,226,317,55,699757
ABplpaa:54,ABplpaa,54,28169,3169,-1707,-1736,3169,10.2,224,318,55,750439
ABplpaa:55,ABplpaa,55,28646,3646,-807,-863,3646,10.9,221,321,55,809410
ABplpaa:56,ABplpaa,56,28484,3484,-933,-934,3484,11.3,216,323,55,826070
ABplpaa:57,ABplpaa,57,28106,3106,-1445,-1473,3106,11.0,223,323,55,848334
ABplpaa:58,ABplpaa,58,28222,3222,-1183,-1198,3222,11.2,219,325,55,859871
ABplpaa:59,ABplpaa,59,28049,3049,-1576,-1601,3049,11.1,222,321,54,876499
ABplpaa:60,ABplpaa,60,27695,2695,-2055,-2068,2695,11.0,223,327,53,817408
ABplpaa:61,ABplpaa,61,28321,3321,-1508,-1542,3321,11.9,224,325,53,800872
ABplpaa:62,ABplpaa,62,27721,2721,-1719,-1721,2721,11.2,212,317,53,825148
ABplpaa:63,ABplpaa,63,28301,3301,-1501,-1502,3301,10.9,216,315,53,675593
ABplpaa:64,ABplpaa,64,28556,3556,-1263,-1263,3556,10.2,205,309,54,750339
ABplpaa:65,ABplpaa,65,27940,2940,-1621,-1637,2940,10.9,197,302,54,780329
ABplpaa:66,ABplpaa,66,28029,3029,-1614,-1617,3029,10.9,206,306,54,792368
ABplpaa:67,ABplpaa,67,27758,2758,-2146,-2145,2758,10.9,215,311,53,722285
ABplpaa:68,ABplpaa,68,28212,3212,-1737,-1748,3212,11.0,215,307,52,632437
ABplpaa:69,ABplpaa,69,29032,4032,-462,-452,4031,11.2,213,308,56,703008
ABplpaaa:70,ABplpaaa,70,28920,3920,-697,-697,3871,10.1,188,290,35,212747
ABplpaaa:71,ABplpaaa,71,28389,3389,-1480,-1492,3389,9.2,188,289,42,278735
ABplpaaa:72,ABplpaaa,72,27827,2827,-1358,-1363,2827,10.9,176,297,44,318741
ABplpaaa:73,ABplpaaa,73,28193,3193,-1004,-1004,3193,11.1,171,293,44,338514
ABplpaaa:74,ABplpaaa,74,28004,3004,-1146,-1146,3004,11.0,167,289,44,348901
ABplpaaa:75,ABplpaaa,75,28368,3368,-762,-759,3368,11.1,157,284,44,338290
ABplpaaa:76,ABplpaaa,76,28083,3083,-1577,-1577,3071,12.0,163,284,44,374075
ABplpaaa:77,ABplpaaa,77,27489,2489,-1788,-1790,2488,11.1,160,272,44,379899
ABplpaaa:78,ABplpaaa,78,27946,2946,-1333,-1287,2939,13.0,154,276,44,381193
ABplpaaa:79,ABplpaaa,79,28697,3697,-259,-245,3682,14.0,142,282,44,404776
ABplpaaa:80,ABplpaaa,80,28184,3184,-646,-648,3180,15.0,140,278,44,402993
ABplpaaa:81,ABplpaaa,81,27371,2371,-1602,-1578,2336,15.9,138,277,44,392614
ABplpaaa:82,ABplpaaa,82,27532,2532,-1759,-1781,2472,15.1,142,282,44,414483
ABplpaaa:83,ABplpaaa,83,28082,3082,-789,-745,3038,15.9,138,279,44,400528
ABplpaaa:84,ABplpaaa,84,27582,2582,-1406,-1432,2548,17.0,139,278,44,441318
ABplpaaa:85,ABplpaaa,85,28575,3575,-565,-517,3526,17.3,133,276,46,469476
ABplpaaa:86,ABplpaaa,86,28268,3268,-586,-567,3233,18.1,133,278,46,470979
ABplpaaa:87,ABplpaaa,87,28714,3714,-359,-339,3689,18.3,139,280,47,441053
ABplpaaa:88,ABplpaaa,88,27928,2928,-786,-827,2887,19.0,141,283,45,449096
ABplpaaa:89,ABplpaaa,89,27648,2648,-1055,-1063,2598,18.9,148,290,45,457998
ABplpaaa:90,ABplpaaa,90,28724,3724,165,118,3692,19.0,152,292,44,351806
ABplpaaa:91,ABplpaaa,91,27887,2887,-588,-588,2864,19.1,149,291,38,314462
ABplpaaaa:92,ABplpaaaa,92,28618,3618,331,331,3480,20.3,130,271,38,238575
ABplpaaaa:93,ABplpaaaa,93,28561,3561,-134,-110,3371,20.9,135,278,39,256589
ABplpaaaa:94,ABplpaaaa,94,29527,4527,613,678,4328,20.1,138,290,38,237040
ABplpaaaa:95,ABplpaaaa,95,28672,3672,-460,-460,3567,19.1,149,298,37,225116
ABplpaaaa:96,ABplpaaaa,96,28385,3385,-570,-570,3306,20.0,148,303,36,228065
ABplpaaaa:97,ABplpaaaa,97,28433,3433,-243,-230,3334,21.1,151,305,38,243189
ABplpaaaa:98,ABplpaaaa,98,28864,3864,179,232,3654,21.2,157,307,38,246901
ABplpaaaa:99,ABplpaaaa,99,29015,4015,519,532,3848,22.1,153,303,38,248604
ABplpaaaa:100,ABplpaaaa,100,28017,3017,-703,-720,2821,22.0,156,305,36,251206
ABplpaaaa:101,ABplpaaaa,101,28227,3227,-606,-615,2946,22.1,161,308,38,278847
ABplpaaaa:102,ABplpaaaa,102,27708,2708,-1217,-1204,2458,22.9,159,299,36,257565
ABplpaaaa:103,ABplpaaaa,103,28196,3196,-478,-473,2871,23.1,165,301,38,298940
ABplpaaaa:104,ABplpaaaa,104,29262,4262,477,499,3656,23.1,165,296,38,280062
ABplpaaaa:105,ABplpaaaa,105,28336,3336,-305,-357,2896,23.1,175,297,40,342150
ABplpaaaa:106,ABplpaaaa,106,29363,4363,445,365,3674,22.1,180,292,40,341674
ABplpaaaa:107,ABplpaaaa,107,28969,3969,310,239,3342,22.1,173,300,40,344002
ABplpaaaa:108,ABplpaaaa,108,29055,4055,359,315,3454,22.1,174,298,38,330269
ABplpaaaa:109,ABplpaaaa,109,28733,3733,-462,-541,3297,22.2,177,293,40,385069
ABplpaaaa:110,ABplpaaaa,110,29330,4330,-62,-111,3307,22.1,176,298,40,233895
ABplpaaaa:111,ABplpaaaa,111,28940,3940,-204,-295,3423,23.1,179,305,39,213561
ABplpaaaa:112,ABplpaaaa,112,29262,4262,-391,-426,3719,22.1,179,304,39,219543
ABplpaaaa:113,ABplpaaaa,113,28671,3671,-1059,-1232,2620,22.0,181,300,39,233790
ABplpaaaa:114,ABplpaaaa,114,28450,3450,-1779,-1954,2918,22.0,180,304,39,245293
ABplpaaaa:115,ABplpaaaa,115,29270,4270,-795,-900,3481,22.1,184,305,37,204396
ABplpaaaa:116,ABplpaaaa,116,28650,3650,-1159,-1352,3074,22.1,180,306,39,235007
ABplpaaaa:117,ABplpaaaa,117,28890,3890,-401,-517,3345,22.1,179,301,38,237978
ABplpaaaa:118,ABplpaaaa,118,28789,3789,-435,-433,3333,22.1,181,306,36,212515
ABplpaaaa:119,ABplpaaaa,119,29841,4841,256,223,4403,21.9,185,303,34,218306
ABplpaaaaa:120,ABplpaaaaa,120,28595,3595,-353,-468,2321,21.0,161,288,36,198940
ABplpaaaaa:121,ABplpaaaaa,121,29762,4762,642,560,3298,21.1,155,283,29,112451
ABplpaaaaa:122,ABplpaaaaa,122,28514,3514,-95,-323,2238,20.1,157,277,29,110617
ABplpaaaaa:123,ABplpaaaaa,123,28481,3481,-679,-648,1898,20.2,158,281,36,220700
ABplpaaaaa:124,ABplpaaaaa,124,28440,3440,-1967,-2006,1223,20.1,168,285,36,228915
ABplpaaaaa:125,ABplpaaaaa,125,29028,4028,-418,-736,2675,20.0,168,283,36,238818
ABplpaaaaa:126,ABplpaaaaa,126,30335,5335,340,538,3498,19.2,173,280,36,232732
ABplpaaaaa:127,ABplpaaaaa,127,28507,3507,-1261,-1129,1923,20.2,169,277,34,211715
ABplpaaaaa:128,ABplpaaaaa,128,29131,4131,-1054,-895,2701,20.2,170,278,36,259726
ABplpaaaaa:129,ABplpaaaaa,129,29178,4178,-1066,-1045,2413,20.2,168,284,36,269241
ABplpaaaap:120,ABplpaaaap,120,28383,3383,-1243,-1433,2015,22.1,194,322,34,162764
ABplpaaaap:121,ABplpaaaap,121,29701,4701,545,568,2617,22.1,181,322,29,96825
ABplpaaaap:122,ABplpaaaap,122,29323,4323,-367,-434,2538,20.1,179,313,36,164842
ABplpaaaap:123,ABplpaaaap,123,29728,4728,-109,-243,2836,20.1,179,313,36,164842
ABplpaaaap:124,ABplpaaaap,124,29532,4532,310,138,3441,21.1,184,321,29,108827
ABplpaaaap:125,ABplpaaaap,125,29427,4427,166,-54,2983,21.0,192,323,36,241460
ABplpaaaap:126,ABplpaaaap,126,28403,3403,-801,-799,1959,20.2,192,316,29,113942
ABplpaaaap:127,ABplpaaaap,127,28225,3225,-1179,-1478,2007,20.2,183,317,29,119715
ABplpaaaap:128,ABplpaaaap,128,28087,3087,-1199,-1476,1986,20.3,187,310,29,113174
ABplpaaaap:129,ABplpaaaap,129,29095,4095,-857,-1278,2930,21.1,189,315,34,216714
ABplpaaap:92,ABplpaaap,92,28410,3410,-216,-238,1972,19.1,170,306,38,238134
ABplpaaap:93,ABplpaaap,93,28360,3360,-702,-697,2141,20.9,179,312,39,257014
ABplpaaap:94,ABplpaaap,94,30566,5566,1645,1532,5055,20.1,188,322,38,256371
ABplpaaap:95,ABplpaaap,95,28181,3181,-630,-644,2431,20.0,198,338,39,242304
ABplpaaap:96,ABplpaaap,96,28985,3985,331,300,3807,20.2,203,347,40,259701
ABplpaaap:97,ABplpaaap,97,27826,2826,-668,-645,2614,21.1,200,345,38,251762
ABplpaaap:98,ABplpaaap,98,28054,3054,-376,-465,2772,22.1,206,347,38,258099
ABplpaaap:99,ABplpaaap,99,27819,2819,-524,-522,2300,22.0,208,343,40,295298
ABplpaaap:100,ABplpaaap,100,28108,3108,-492,-461,2327,21.1,201,342,36,244611
ABplpaaap:101,ABplpaaap,101,28701,3701,437,468,3112,22.0,208,346,38,290302
ABplpaaap:102,ABplpaaap,102,28042,3042,-1039,-1159,2102,21.2,200,334,38,304021
ABplpaaap:103,ABplpaaap,103,28926,3926,138,207,2705,21.1,205,336,40,315222
ABplpaaap:104,ABplpaaap,104,27958,2958,-947,-1015,1724,22.0,199,336,38,317741
ABplpaaap:105,ABplpaaap,105,28191,3191,-1001,-1044,2156,22.1,203,336,40,360919
ABplpaaap:106,ABplpaaap,106,28480,3480,-692,-429,1526,22.1,206,333,40,362684
ABplpaaap:107,ABplpaaap,107,28343,3343,-207,-233,2436,23.0,210,341,40,367624
ABplpaaap:108,ABplpaaap,108,27677,2677,-1092,-1186,1840,22.1,207,340,40,377320
ABplpaaap:109,ABplpaaap,109,28203,3203,-839,-934,2167,22.1,202,337,38,366075
ABplpaaap:110,ABplpaaap,110,28419,3419,-816,-889,2828,23.0,208,336,36,211064
ABplpaaap:111,ABplpaaap,111,29054,4054,433,332,3215,22.0,212,348,39,237303
ABplpaaap:112,ABplpaaap,112,29404,4404,531,584,3628,22.1,208,346,39,244811
ABplpaaap:113,ABplpaaap,113,28505,3505,-169,-177,2754,22.1,203,343,35,178890
ABplpaaap:114,ABplpaaap,114,28888,3888,-342,-372,3414,21.2,204,344,39,237103
ABplpaaap:115,ABplpaaap,115,28385,3385,-657,-664,2602,21.1,209,349,39,250208
ABplpaaap:116,ABplpaaap,116,28233,3233,-1087,-1242,2693,21.1,213,349,39,244928
ABplpaaap:117,ABplpaaap,117,29857,4857,367,302,4210,21.2,212,344,38,236566
ABplpaaap:118,ABplpaaap,118,28568,3568,-756,-805,2961,22.0,218,341,38,263113
ABplpaaap:119,ABplpaaap,119,29281,4281,139,140,3629,22.9,220,339,34,193783
ABplpaaap:120,ABplpaaap,120,28521,3521,-696,-690,2053,22.1,224,344,36,230757
ABplpaaapa:121,ABplpaaapa,121,29261,4261,-797,-857,2538,23.8,204,325,33,147042
ABplpaaapa:122,ABplpaaapa,122,29372,4372,-426,-426,3097,23.2,202,325,34,190183
ABplpaaapa:123,ABplpaaapa,123,29711,4711,-180,-232,2835,22.2,204,327,36,233542
ABplpaaapa:124,ABplpaaapa,124,28587,3587,-591,-669,1306,22.2,205,328,34,179959
ABplpaaapa:125,ABplpaaapa,125,28747,3747,-534,-590,1156,22.2,205,328,34,179959
ABplpaaapa:126,ABplpaaapa,126,28187,3187,-1039,-1277,1300,21.1,209,329,36,247697
ABplpaaapa:127,ABplpaaapa,127,28277,3277,-1331,-1756,1167,21.1,204,330,36,264082
ABplpaaapa:128,ABplpaaapa,128,28189,3189,-1150,-1431,812,20.3,202,328,34,214980
ABplpaaapa:129,ABplpaaapa,129,28639,3639,-1203,-1314,1330,20.0,203,338,36,279823
ABplpaaapp:121,ABplpaaapp,121,28651,3651,-529,-520,1753,21.1,233,358,33,160375
ABplpaaapp:122,ABplpaaapp,122,29435,4435,238,337,1912,21.0,225,358,32,182057
ABplpaaapp:123,ABplpaaapp,123,29168,4168,-110,-218,2875,20.1,226,360,36,221590
ABplpaaapp:124,ABplpaaapp,124,28484,3484,-1207,-1395,1642,20.1,223,358,34,192310
ABplpaaapp:125,ABplpaaapp,125,28191,3191,-885,-1032,1487,19.0,219,358,34,192048
ABplpaaapp:126,ABplpaaapp,126,27909,2909,-1054,-1277,1184,19.1,213,351,36,261120
ABplpaaapp:127,ABplpaaapp,127,28390,3390,-606,-768,1986,18.3,204,350,34,191680
ABplpaaapp:128,ABplpaaapp,128,28964,3964,-10,-182,2700,19.0,204,344,34,219496
ABplpaaapp:129,ABplpaaapp,129,28733,3733,-286,-403,2201,17.2,205,349,36,252128
ABplpaap:70,ABplpaap,70,28408,3408,-1684,-1684,3397,10.0,242,311,35,203672
ABplpaap:71,ABplpaap,71,29468,4468,-700,-733,4467,9.9,248,306,44,309454
ABplpaap:72,ABplpaap,72,28782,3782,-1580,-1775,3710,9.1,237,298,44,324299
ABplpaap:73,ABplpaap,73,28474,3474,-2316,-2514,3366,9.1,239,309,44,332621
ABplpaap:74,ABplpaap,74,27933,2933,-2487,-2496,2899,9.1,231,303,44,335755
ABplpaap:75,ABplpaap,75,28985,3985,-1455,-1648,3935,9.0,225,302,44,346764
ABplpaap:76,ABplpaap,76,28307,3307,-1518,-1699,3235,10.0,222,312,44,355699
ABplpaap:77,ABplpaap,77,27726,2726,-2412,-2542,2662,9.9,215,310,44,368873
ABplpaap:78,ABplpaap,78,27677,2677,-1945,-2177,2603,10.9,206,315,44,373022
ABplpaap:79,ABplpaap,79,28409,3409,-1335,-1490,3360,12.0,192,307,44,373460
ABplpaap:80,ABplpaap,80,28592,3592,-997,-1100,3575,12.0,190,310,44,407590
ABplpaap:81,ABplpaap,81,28384,3384,-967,-1017,3352,14.0,187,312,44,401910
ABplpaap:82,ABplpaap,82,28161,3161,-1215,-1358,3113,14.0,192,319,44,397051
ABplpaap:83,ABplpaap,83,28300,3300,-911,-940,3273,15.1,186,322,46,474762
ABplpaap:84,ABplpaap,84,28125,3125,-1242,-1175,3111,16.9,186,320,44,395820
ABplpaap:85,ABplpaap,85,28679,3679,-822,-873,3650,17.0,178,316,44,385777
ABplpaap:86,ABplpaap,86,27772,2772,-1075,-1081,2756,17.0,177,323,44,405226
ABplpaap:87,ABplpaap,87,27808,2808,-1230,-1226,2781,18.0,185,323,45,413771
ABplpaap:88,ABplpaap,88,28822,3822,-276,-254,3804,17.0,186,321,45,424396
ABplpaap:89,ABplpaap,89,28320,3320,-411,-409,3310,15.9,194,323,45,434659
ABplpaap:90,ABplpaap,90,27263,2263,-1110,-1115,2229,16.1,186,326,42,324852
ABplpaap:91,ABplpaap,91,28603,3603,-651,-656,3580,16.1,196,323,42,328201
ABplpaapa:92,ABplpaapa,92,28972,3972,-180,-349,3416,16.0,175,314,29,120535
ABplpaapa:93,ABplpaapa,93,28681,3681,189,110,3444,16.9,172,317,39,231025
ABplpaapa:94,ABplpaapa,94,27377,2377,-1597,-1540,1480,16.9,175,325,38,239093
ABplpaapa:95,ABplpaapa,95,28417,3417,-448,-496,3188,15.8,188,332,37,230542
ABplpaapa:96,ABplpaapa,96,29125,4125,516,554,3992,15.3,176,330,38,232602
ABplpaapa:97,ABplpaapa,97,28247,3247,-377,-434,3068,16.0,177,328,36,249870
ABplpaapa:98,ABplpaapa,98,27650,2650,-964,-961,2391,17.0,186,335,38,261573
ABplpaapa:99,ABplpaapa,99,28696,3696,26,19,3437,17.2,194,339,40,272883
ABplpaapa:100,ABplpaapa,100,28691,3691,224,235,3317,17.1,188,337,36,259949
ABplpaapa:101,ABplpaapa,101,28206,3206,-934,-968,2873,17.1,198,342,38,307303
ABplpaapa:102,ABplpaapa,102,27790,2790,-1178,-1319,2114,18.0,192,333,38,304697
ABplpaapa:103,ABplpaapa,103,28506,3506,-95,21,2781,18.1,195,335,40,328051
ABplpaapa:104,ABplpaapa,104,27921,2921,-653,-828,2376,19.0,191,336,36,290943
ABplpaapa:105,ABplpaapa,105,27634,2634,-1383,-1425,1868,18.9,196,337,36,308115
ABplpaapa:106,ABplpaapa,106,29282,4282,322,248,3639,19.0,198,335,38,354061
ABplpaapa:107,ABplpaapa,107,28212,3212,-1112,-1035,2551,19.0,197,337,38,338391
ABplpaapa:108,ABplpaapa,108,28260,3260,-322,-330,2753,18.2,194,340,40,365731
ABplpaapa:109,ABplpaapa,109,27850,2850,-1296,-1365,1933,18.9,196,335,36,342563
ABplpaapa:110,ABplpaapa,110,28624,3624,-671,-789,3167,19.1,192,331,38,230611
ABplpaapa:111,ABplpaapa,111,28151,3151,-1113,-1049,2711,19.0,193,337,39,226116
ABplpaapa:112,ABplpaapa,112,28684,3684,-615,-636,3270,18.0,195,337,37,212207
ABplpaapa:113,ABplpaapa,113,28171,3171,-1294,-1191,2614,18.0,191,333,37,215161
ABplpaapa:114,ABplpaapa,114,28666,3666,-1635,-1312,2796,17.3,191,329,37,202003
ABplpaapa:115,ABplpaapa,115,28521,3521,-720,-785,3099,18.1,191,338,39,249762
ABplpaapa:116,ABplpaapa,116,28715,3715,-1270,-1060,3257,17.3,194,334,39,219027
ABplpaapa:117,ABplpaapa,117,28607,3607,-1884,-1265,2584,18.1,196,330,38,252368
ABplpaapa:118,ABplpaapa,118,28784,3784,-1172,-884,3060,18.1,201,336,38,266841
ABplpaapa:119,ABplpaapa,119,28733,3733,-317,-306,3295,18.1,198,330,34,205434
ABplpaapaa:120,ABplpaapaa,120,27892,2892,-1146,-1173,1688,18.9,185,321,34,163949
ABplpaapaa:121,ABplpaapaa,121,29139,4139,-31,18,3023,19.0,174,314,33,152678
ABplpaapaa:122,ABplpaapaa,122,28640,3640,-826,-744,1873,17.9,170,306,32,161640
ABplpaapaa:123,ABplpaapaa,123,28535,3535,-496,-557,1793,17.3,171,310,34,162735
ABplpaapaa:124,ABplpaapaa,124,29623,4623,-15,125,2248,17.4,173,299,29,96470
ABplpaapaa:125,ABplpaapaa,125,28554,3554,-1073,-1056,1156,17.3,175,299,36,236970
ABplpaapaa:126,ABplpaapaa,126,29221,4221,-1782,-689,1242,17.1,175,292,36,246292
ABplpaapaa:127,ABplpaapaa,127,29219,4219,-224,-399,2334,17.0,171,291,32,187492
ABplpaapaa:128,ABplpaapaa,128,28817,3817,-856,-974,2057,17.2,169,291,34,211247
ABplpaapaa:129,ABplpaapaa,129,29071,4071,-360,-522,2511,17.1,174,300,32,206780
ABplpaapap:120,ABplpaapap,120,28263,3263,-650,-691,2216,17.1,208,341,29,113213
ABplpaapap:121,ABplpaapap,121,28747,3747,-16,-28,3051,16.9,209,348,33,147901
ABplpaapap:122,ABplpaapap,122,29041,4041,197,174,3326,16.9,202,343,32,156553
ABplpaapap:123,ABplpaapap,123,28293,3293,-469,-460,2638,17.0,199,344,34,174027
ABplpaapap:124,ABplpaapap,124,28353,3353,-332,-383,2641,17.0,200,341,32,172544
ABplpaapap:125,ABplpaapap,125,28980,3980,-314,-474,3217,16.2,198,334,34,185741
ABplpaapap:126,ABplpaapap,126,29048,4048,-488,-598,2999,16.1,195,333,32,182009
ABplpaapap:127,ABplpaapap,127,28736,3736,-331,-246,2995,16.0,191,334,32,190668
ABplpaapap:128,ABplpaapap,128,27737,2737,-993,-971,1942,16.0,187,330,32,188481
ABplpaapap:129,ABplpaapap,129,28129,3129,-778,-763,2153,15.2,192,332,34,210663
ABplpaapp:92,ABplpaapp,92,28861,3861,472,455,3813,15.3,220,352,36,194368
ABplpaapp:93,ABplpaapp,93,27983,2983,-1062,-1057,2883,15.8,224,350,39,231746
ABplpaapp:94,ABplpaapp,94,28198,3198,-624,-641,3086,15.9,229,358,38,244328
ABplpaapp:95,ABplpaapp,95,28790,3790,-66,-72,3613,14.9,244,362,37,222068
ABplpaapp:96,ABplpaapp,96,28563,3563,-465,-501,3450,15.0,232,361,36,225872
ABplpaapp:97,ABplpaapp,97,28059,3059,-648,-692,2894,16.1,241,371,38,254083
ABplpaapp:98,ABplpaapp,98,28580,3580,7,5,3449,17.1,247,375,40,278705
ABplpaapp:99,ABplpaapp,99,28410,3410,-181,-153,3269,17.1,248,375,36,227114
ABplpaapp:100,ABplpaapp,100,28462,3462,-415,-438,3333,17.2,249,372,40,277555
ABplpaapp:101,ABplpaapp,101,28212,3212,-778,-796,2924,17.9,253,371,36,246610
ABplpaapp:102,ABplpaapp,102,28245,3245,-831,-826,3133,17.1,243,365,38,294103
ABplpaapp:103,ABplpaapp,103,28047,3047,-904,-926,2392,17.9,244,366,36,264483
ABplpaapp:104,ABplpaapp,104,27921,2921,-1223,-1236,2675,17.9,241,367,36,283112
ABplpaapp:105,ABplpaapp,105,28145,3145,-1165,-1179,2999,17.1,243,368,38,297734
ABplpaapp:106,ABplpaapp,106,27495,2495,-1214,-1255,1862,18.0,243,365,40,340252
ABplpaapp:107,ABplpaapp,107,28039,3039,-149,-351,2453,19.1,247,367,29,147666
ABplpaapp:108,ABplpaapp,108,28288,3288,-205,-245,3060,18.2,242,370,40,361972
ABplpaapp:109,ABplpaapp,109,28140,3140,-998,-993,2711,18.2,242,368,40,388977
ABplpaapp:110,ABplpaapp,110,28646,3646,-975,-1004,3375,18.1,239,363,40,239467
ABplpaapp:111,ABplpaapp,111,29200,4200,-692,-803,3786,18.0,236,361,37,209075
ABplpaapp:112,ABplpaapp,112,28830,3830,-375,-386,3557,17.3,233,367,39,213049
ABplpaapp:113,ABplpaapp,113,28980,3980,-641,-713,3737,18.1,230,363,39,239592
ABplpaapp:114,ABplpaapp,114,28485,3485,-903,-850,3004,18.1,234,364,39,235389
ABplpaapp:115,ABplpaapp,115,28854,3854,-529,-561,3479,18.0,242,368,39,246819
ABplpaapp:116,ABplpaapp,116,28922,3922,-995,-843,3262,18.0,244,369,39,232818
ABplpaapp:117,ABplpaapp,117,29173,4173,-229,-34,3697,18.1,248,369,38,267851
ABplpaapp:118,ABplpaapp,118,28465,3465,-1469,-1304,2492,19.0,253,369,34,206265
ABplpaapp:119,ABplpaapp,119,28191,3191,-1478,-1378,2558,19.1,252,370,36,228862
ABplpaappa:120,ABplpaappa,120,29276,4276,-31,-93,3491,18.8,229,358,34,172571
ABplpaappa:121,ABplpaappa,121,29062,4062,408,363,2485,18.9,228,365,33,157564
ABplpaappa:122,ABplpaappa,122,29866,4866,1137,1074,3128,18.9,228,365,33,157564
ABplpaappa:123,ABplpaappa,123,27848,2848,-660,-788,1004,17.3,225,364,34,176678
ABplpaappa:124,ABplpaappa,124,28495,3495,-266,-390,2358,16.9,220,362,32,174997
ABplpaappa:125,ABplpaappa,125,28047,3047,-723,-721,2043,16.0,220,363,34,192506
ABplpaappa:126,ABplpaappa,126,28013,3013,-1243,-1379,2248,15.9,220,359,32,171150
ABplpaappa:127,ABplpaappa,127,27913,2913,-721,-692,2010,15.1,219,361,32,178058
ABplpaappa:128,ABplpaappa,128,27995,2995,-481,-475,2148,15.1,212,357,36,228430
ABplpaappa:129,ABplpaappa,129,28017,3017,-448,-432,2080,14.3,218,359,34,192643
ABplpaappp:120,ABplpaappp,120,28794,3794,-1055,-1123,2935,20.9,281,384,34,155398
ABplpaappp:121,ABplpaappp,121,28895,3895,-189,-147,3534,21.0,277,390,33,143752
ABplpaappp:122,ABplpaappp,122,29293,4293,-562,-583,3919,20.1,272,389,32,145871
ABplpaappp:123,ABplpaappp,123,29041,4041,-543,-575,3602,19.2,268,391,34,159650
ABplpaappp:124,ABplpaappp,124,28932,3932,-160,-159,3128,18.3,258,389,34,168333
ABplpaappp:125,ABplpaappp,125,28853,3853,-330,-393,3231,18.1,259,388,34,185063
ABplpaappp:126,ABplpaappp,126,28713,3713,-634,-576,2935,18.1,255,384,32,176786
ABplpaappp:127,ABplpaappp,127,29974,4974,500,442,4116,18.0,250,381,34,200625
ABplpaappp:128,ABplpaappp,128,28631,3631,-116,-131,2847,17.3,243,380,34,179682
ABplpaappp:129,ABplpaappp,129,28212,3212,-965,-972,2287,17.0,250,379,32,190249
ABplpap:51,ABplpap,51,28692,3692,-654,-659,3689,18.0,295,364,49,522510
ABplpap:52,ABplpap,52,28528,3528,-499,-498,3528,18.1,294,356,56,692236
ABplpap:53,ABplpap,53,28349,3349,-864,-868,3349,17.1,308,358,55,658947
ABplpap:54,ABplpap,54,28413,3413,-747,-735,3410,18.8,316,378,55,723312
ABplpap:55,ABplpap,55,28619,3619,-435,-448,3619,18.1,305,385,55,770858
ABplpap:56,ABplpap,56,27889,2889,-931,-890,2889,19.2,300,388,55,813048
ABplpap:57,ABplpap,57,28439,3439,-348,-322,3439,19.1,296,383,55,836657
ABplpap:58,ABplpap,58,28211,3211,-649,-640,3211,19.1,289,381,55,852151
ABplpap:59,ABplpap,59,27850,2850,-1101,-1081,2850,18.1,295,380,54,857645
ABplpap:60,ABplpap,60,28684,3684,-474,-464,3684,18.0,290,382,53,790762
ABplpap:61,ABplpap,61,28501,3501,-607,-615,3501,17.1,290,381,55,858793
ABplpap:62,ABplpap,62,28076,3076,-1184,-1187,3072,16.1,278,377,53,823853
ABplpap:63,ABplpap,63,27984,2984,-1489,-1489,2982,16.0,275,376,55,744072
ABplpap:64,ABplpap,64,27978,2978,-965,-969,2977,16.1,266,374,54,743673
ABplpap:65,ABplpap,65,27579,2579,-1501,-1501,2579,16.1,262,364,54,763443
ABplpap:66,ABplpap,66,27880,2880,-1256,-1260,2870,16.1,269,364,54,772552
ABplpap:67,ABplpap,67,27614,2614,-1607,-1608,2606,16.0,276,364,53,686680
ABplpap:68,ABplpap,68,28551,3551,-969,-969,3538,15.1,275,359,48,520217
ABplpapa:69,ABplpapa,69,28136,3136,-1037,-1038,3115,15.2,247,355,34,196824
ABplpapa:70,ABplpapa,70,28283,3283,-425,-421,3260,15.2,238,354,39,250594
ABplpapa:71,ABplpapa,71,27742,2742,-924,-895,2730,15.1,230,353,44,319491
ABplpapa:72,ABplpapa,72,28203,3203,-370,-356,3181,16.0,224,360,44,326368
ABplpapa:73,ABplpapa,73,27838,2838,-589,-603,2833,15.9,217,354,44,345026
ABplpapa:74,ABplpapa,74,27660,2660,-895,-893,2638,16.1,219,353,44,353192
ABplpapa:75,ABplpapa,75,29023,4023,-20,-31,4018,15.9,214,349,44,365977
ABplpapa:76,ABplpapa,76,28389,3389,-388,-378,3341,16.9,212,345,44,374165
ABplpapa:77,ABplpapa,77,28440,3440,-506,-490,3412,17.0,212,342,44,374318
ABplpapa:78,ABplpapa,78,28282,3282,-584,-594,3233,17.9,205,341,44,370040
ABplpapa:79,ABplpapa,79,28353,3353,-513,-509,3315,18.0,198,340,44,382780
ABplpapa:80,ABplpapa,80,28001,3001,-665,-665,2989,18.9,196,336,44,381792
ABplpapa:81,ABplpapa,81,28102,3102,-755,-743,3050,20.9,197,334,44,381075
ABplpapa:82,ABplpapa,82,28175,3175,-747,-764,3119,21.0,201,338,44,396755
ABplpapa:83,ABplpapa,83,29420,4420,641,670,4341,22.0,198,330,44,380384
ABplpapa:84,ABplpapa,84,28079,3079,-896,-907,2851,23.1,196,320,44,378489
ABplpapa:85,ABplpapa,85,28240,3240,-765,-764,3118,24.0,190,313,44,375561
ABplpapa:86,ABplpapa,86,28750,3750,347,352,3750,25.0,185,309,48,496145
ABplpapa:87,ABplpapa,87,28688,3688,-134,-134,3687,26.0,189,305,45,375817
ABplpapa:88,ABplpapa,88,28160,3160,-528,-531,3158,25.0,193,313,45,383928
ABplpapa:89,ABplpapa,89,28168,3168,-483,-502,3161,24.0,195,313,45,401081
ABplpapa:90,ABplpapa,90,29172,4172,698,689,4162,25.0,199,303,44,308633
ABplpapaa:91,ABplpapaa,91,27741,2741,-1063,-1117,2651,25.0,176,284,34,156460
ABplpapaa:92,ABplpapaa,92,28426,3426,-193,-222,3180,25.1,174,297,38,203439
ABplpapaa:93,ABplpapaa,93,28019,3019,-641,-658,2532,25.0,178,297,39,215150
ABplpapaa:94,ABplpapaa,94,27792,2792,-893,-851,2190,25.1,176,305,40,240507
ABplpapaa:95,ABplpapaa,95,28424,3424,-263,-253,3138,25.1,176,306,39,235648
ABplpapaa:96,ABplpapaa,96,27699,2699,-1126,-1102,2440,26.1,189,305,40,231681
ABplpapaa:97,ABplpapaa,97,27860,2860,-1160,-1158,2554,27.0,205,302,40,216462
ABplpapaa:98,ABplpapaa,98,29240,4240,366,292,3853,27.0,205,302,40,216462
ABplpapaa:99,ABplpapaa,99,29331,4331,635,460,3455,27.0,219,298,38,228481
ABplpapaa:100,ABplpapaa,100,28182,3182,-552,-594,2476,27.1,212,299,38,234519
ABplpapaa:101,ABplpapaa,101,28523,3523,-672,-862,2494,27.1,219,295,40,259135
ABplpapaa:102,ABplpapaa,102,28752,3752,-224,-381,3124,27.1,215,288,40,255251
ABplpapaa:103,ABplpapaa,103,28288,3288,-875,-946,2145,27.0,224,291,40,276891
ABplpapaa:104,ABplpapaa,104,28760,3760,-47,-55,2711,27.1,220,291,40,275697
ABplpapaa:105,ABplpapaa,105,29000,4000,-277,-347,3395,27.1,219,288,40,292391
ABplpapaa:106,ABplpapaa,106,28151,3151,-553,-594,2334,27.1,221,278,40,291416
ABplpapaa:107,ABplpapaa,107,28503,3503,-1065,-999,2442,26.2,223,293,40,267950
ABplpapaa:108,ABplpapaa,108,28202,3202,-1261,-1420,2424,26.1,227,292,40,281358
ABplpapaa:109,ABplpapaa,109,28465,3465,-805,-892,2911,26.0,225,296,38,275148
ABplpapaa:110,ABplpapaa,110,28914,3914,-655,-719,3645,26.0,226,293,36,150602
ABplpapaa:111,ABplpapaa,111,29602,4602,5,-4,3535,25.1,228,303,39,177823
ABplpapaa:112,ABplpapaa,112,28505,3505,-1448,-1608,2888,25.0,235,304,39,180585
ABplpapaa:113,ABplpapaa,113,29414,4414,-709,-618,4143,25.2,231,303,39,176831
ABplpapaa:114,ABplpapaa,114,29587,4587,109,-57,4054,25.0,236,300,39,193234
ABplpapaa:115,ABplpapaa,115,29344,4344,-401,-454,3211,24.1,245,298,39,197724
ABplpapaa:116,ABplpapaa,116,29341,4341,-411,-410,3898,24.2,241,316,39,207361
ABplpapaa:117,ABplpapaa,117,29815,4815,-448,-466,3982,24.2,247,319,38,192194
ABplpapaa:118,ABplpapaa,118,29091,4091,-1079,-1045,3389,25.1,257,320,38,204311
ABplpapaa:119,ABplpapaa,119,29484,4484,-1109,-1235,3654,25.1,260,315,36,190346
ABplpapaa:120,ABplpapaa,120,31225,6225,1179,1240,4951,25.1,263,314,34,173177
ABplpapaa:121,ABplpapaa,121,30502,5502,-509,-567,3459,24.2,255,311,35,147728
ABplpapaa:122,ABplpapaa,122,30424,5424,626,566,4309,25.9,254,308,32,165564
ABplpapaaa:123,ABplpapaaa,123,29035,4035,-1617,-1673,2751,25.0,233,296,32,141753
ABplpapaaa:124,ABplpapaaa,124,29013,4013,-1009,-1173,3136,25.1,234,301,36,177990
ABplpapaaa:125,ABplpapaaa,125,29806,4806,-688,-927,4282,25.0,240,306,32,140361
ABplpapaaa:126,ABplpapaaa,126,29658,4658,-44,-79,4113,25.2,234,307,29,93517
ABplpapaaa:127,ABplpapaaa,127,29519,4519,-460,-914,3944,25.2,225,311,34,165594
ABplpapaaa:128,ABplpapaaa,128,29509,4509,-577,-667,3889,25.2,231,314,29,103561
ABplpapaaa:129,ABplpapaaa,129,29675,4675,-280,-724,3527,25.1,235,322,29,113534
ABplpapaap:123,ABplpapaap,123,30030,5030,-282,-391,3240,24.9,272,335,32,122903
ABplpapaap:124,ABplpapaap,124,29592,4592,-329,-626,2023,24.1,272,343,29,91788
ABplpapaap:125,ABplpapaap,125,29722,4722,-680,-916,1984,23.9,280,335,32,139226
ABplpapaap:126,ABplpapaap,126,30245,5245,565,276,3340,24.1,274,338,34,159843
ABplpapaap:127,ABplpapaap,127,29638,4638,-785,-1160,3074,24.1,267,340,36,188185
ABplpapaap:128,ABplpapaap,128,30212,5212,476,351,3496,24.2,266,340,36,185902
ABplpapaap:129,ABplpapaap,129,28994,3994,-1437,-1582,2940,24.0,272,337,36,220785
ABplpapap:91,ABplpapap,91,28623,3623,-26,-7,3579,25.0,215,323,36,182804
ABplpapap:92,ABplpapap,92,28685,3685,156,120,3642,24.1,221,332,38,205739
ABplpapap:93,ABplpapap,93,29309,4309,794,814,4196,25.9,231,329,39,199877
ABplpapap:94,ABplpapap,94,27894,2894,-579,-639,2768,25.1,232,335,40,211734
ABplpapap:95,ABplpapap,95,28208,3208,-96,-98,2956,25.1,237,340,37,193031
ABplpapap:96,ABplpapap,96,29766,4766,1255,1157,4604,25.2,238,333,38,208478
ABplpapap:97,ABplpapap,97,28001,3001,-982,-993,2787,25.1,244,336,40,236565
ABplpapap:98,ABplpapap,98,27904,2904,-766,-704,2343,25.1,247,333,40,235926
ABplpapap:99,ABplpapap,99,28973,3973,44,141,3499,26.0,251,326,38,213603
ABplpapap:100,ABplpapap,100,27674,2674,-916,-799,1720,25.1,244,335,40,250858
ABplpapap:101,ABplpapap,101,28384,3384,-577,-566,2440,25.1,245,334,40,276454
ABplpapap:102,ABplpapap,102,28563,3563,-347,-428,3192,25.1,235,329,40,268889
ABplpapap:103,ABplpapap,103,28674,3674,-70,47,3149,25.0,242,330,40,270903
ABplpapap:104,ABplpapap,104,28604,3604,-489,-496,2958,25.0,239,326,40,284074
ABplpapap:105,ABplpapap,105,28906,3906,-557,-632,3487,25.1,243,328,40,274879
ABplpapap:106,ABplpapap,106,28405,3405,-449,-436,2822,26.0,233,320,40,302057
ABplpapap:107,ABplpapap,107,29559,4559,479,386,3616,25.2,238,323,40,306535
ABplpapap:108,ABplpapap,108,29033,4033,-551,-798,3507,25.1,250,324,40,298209
ABplpapap:109,ABplpapap,109,28158,3158,-1112,-1144,2638,25.0,253,329,38,288622
ABplpapap:110,ABplpapap,110,29107,4107,-642,-628,3632,26.0,258,326,36,150190
ABplpapap:111,ABplpapap,111,29490,4490,-24,57,4231,26.0,264,332,37,172094
ABplpapap:112,ABplpapap,112,29663,4663,-42,-75,3883,25.2,270,340,39,187857
ABplpapap:113,ABplpapap,113,29133,4133,-334,-438,3545,26.2,264,335,39,190769
ABplpapap:114,ABplpapap,114,29613,4613,52,-52,4154,26.2,275,334,39,179154
ABplpapap:115,ABplpapap,115,28696,3696,-1002,-1053,3430,27.0,275,335,39,185540
ABplpapap:116,ABplpapap,116,28582,3582,-1070,-1120,3131,27.0,288,337,39,187001
ABplpapap:117,ABplpapap,117,29012,4012,-651,-584,3614,26.1,295,330,38,180473
ABplpapap:118,ABplpapap,118,29810,4810,-60,-212,3969,26.1,295,330,38,180473
ABplpapap:119,ABplpapap,119,29244,4244,-310,-371,3390,26.1,303,318,36,162144
ABplpapap:120,ABplpapap,120,28105,3105,-905,-894,2266,27.0,316,319,32,136921
ABplpapapa:121,ABplpapapa,121,30122,5122,569,524,4583,27.1,282,316,33,110103
ABplpapapa:122,ABplpapapa,122,29725,4725,130,235,3736,27.1,279,317,34,123784
ABplpapapa:123,ABplpapapa,123,29608,4608,-28,-144,3335,27.1,287,326,36,150996
ABplpapapa:124,ABplpapapa,124,28889,3889,-951,-1017,2590,26.0,281,334,36,157561
ABplpapapa:125,ABplpapapa,125,29020,4020,-743,-884,2678,26.1,291,332,34,126886
ABplpapapa:126,ABplpapapa,126,28221,3221,-1323,-1479,2311,27.0,293,337,36,166094
ABplpapapa:127,ABplpapapa,127,28413,3413,-1142,-1227,2221,27.1,288,344,36,178482
ABplpapapa:128,ABplpapapa,128,28735,3735,-824,-954,2611,27.1,287,345,36,184131
ABplpapapa:129,ABplpapapa,129,28455,3455,-1248,-1227,2020,27.0,285,344,36,196401
ABplpapapp:121,ABplpapapp,121,29761,4761,634,646,4189,27.0,333,314,27,48273
ABplpapapp:122,ABplpapapp,122,28708,3708,-525,-603,2547,27.9,336,326,32,91063
ABplpapapp:123,ABplpapapp,123,28898,3898,239,184,3005,27.0,336,324,32,93346
ABplpapapp:124,ABplpapapp,124,28974,3974,-532,-612,3408,28.0,336,332,32,99015
ABplpapapp:125,ABplpapapp,125,29450,4450,357,314,3855,28.1,339,338,32,91653
ABplpapapp:126,ABplpapapp,126,29219,4219,-61,-219,3574,28.0,338,348,34,111400
ABplpapapp:127,ABplpapapp,127,30074,5074,835,724,3498,28.0,331,346,36,146473
ABplpapapp:128,ABplpapapp,128,29533,4533,-613,-746,2790,26.3,332,349,34,110041
ABplpapapp:129,ABplpapapp,129,29928,4928,498,727,2283,26.1,330,344,36,154525
ABplpapp:69,ABplpapp,69,28175,3175,-759,-759,3123,16.2,296,374,34,202793
ABplpapp:70,ABplpapp,70,28033,3033,-1118,-1114,3020,16.9,293,377,45,290743
ABplpapp:71,ABplpapp,71,27695,2695,-1423,-1423,2658,18.0,293,381,44,310209
ABplpapp:72,ABplpapp,72,27793,2793,-1570,-1604,2700,15.2,295,386,46,365254
ABplpapp:73,ABplpapp,73,28622,3622,-578,-578,3599,16.0,295,383,44,330604
ABplpapp:74,ABplpapp,74,28531,3531,-278,-253,3469,15.0,294,387,46,392251
ABplpapp:75,ABplpapp,75,27548,2548,-1553,-1517,2501,15.0,287,387,44,364773
ABplpapp:76,ABplpapp,76,28272,3272,-803,-766,3241,15.9,284,383,44,348285
ABplpapp:77,ABplpapp,77,28334,3334,-822,-792,3279,16.1,278,382,46,436827
ABplpapp:78,ABplpapp,78,27990,2990,-1343,-1337,2899,16.0,274,381,44,366348
ABplpapp:79,ABplpapp,79,27698,2698,-1487,-1496,2665,16.0,260,377,46,453689
ABplpapp:80,ABplpapp,80,28828,3828,-358,-353,3776,16.1,262,377,46,441161
ABplpapp:81,ABplpapp,81,27789,2789,-1382,-1407,2702,17.1,258,375,46,457336
ABplpapp:82,ABplpapp,82,28109,3109,-991,-985,3024,18.0,257,373,48,517361
ABplpapp:83,ABplpapp,83,28255,3255,-828,-817,3136,18.2,252,373,46,438048
ABplpapp:84,ABplpapp,84,28919,3919,-431,-451,3807,21.1,249,365,48,521373
ABplpapp:85,ABplpapp,85,28129,3129,-724,-731,3035,22.1,245,361,46,474639
ABplpapp:86,ABplpapp,86,27955,2955,-762,-773,2867,23.1,245,358,44,371495
ABplpapp:87,ABplpapp,87,28314,3314,-443,-476,3209,24.1,250,348,47,433451
ABplpapp:88,ABplpapp,88,28697,3697,180,146,3646,25.0,254,347,45,372054
ABplpappa:89,ABplpappa,89,27641,2641,-674,-748,2376,24.9,255,331,30,150441
ABplpappa:90,ABplpappa,90,27707,2707,-593,-586,2572,25.2,254,327,36,163785
ABplpappa:91,ABplpappa,91,28283,3283,-364,-412,3158,26.0,263,335,42,202782
ABplpappa:92,ABplpappa,92,28225,3225,-580,-566,3124,26.0,267,338,40,176411
ABplpappa:93,ABplpappa,93,28697,3697,440,438,3503,25.2,270,344,41,184736
ABplpappa:94,ABplpappa,94,27444,2444,-1071,-1101,2373,27.1,275,346,38,180457
ABplpappa:95,ABplpappa,95,28076,3076,-358,-375,2883,26.1,275,347,41,201266
ABplpappa:96,ABplpappa,96,28417,3417,98,101,3223,26.1,277,350,40,207223
ABplpappa:97,ABplpappa,97,27974,2974,-1072,-1214,2828,26.1,282,341,40,201755
ABplpappa:98,ABplpappa,98,28763,3763,-477,-522,3665,26.1,290,340,38,178696
ABplpappa:99,ABplpappa,99,29823,4823,920,986,4571,26.2,289,331,40,189376
ABplpappa:100,ABplpappa,100,28107,3107,-1082,-1096,2905,26.1,288,328,40,191793
ABplpappa:101,ABplpappa,101,30381,5381,1294,1310,5202,26.2,285,324,40,189826
ABplpappa:102,ABplpappa,102,28296,3296,-667,-663,3207,27.1,280,322,40,203509
ABplpappa:103,ABplpappa,103,29166,4166,-25,-66,4065,27.1,280,319,38,197980
ABplpappa:104,ABplpappa,104,29005,4005,110,90,3863,27.1,284,315,40,226193
ABplpappa:105,ABplpappa,105,28915,3915,73,149,3769,27.0,283,310,40,234448
ABplpappa:106,ABplpappa,106,29263,4263,629,607,4064,27.0,278,303,40,234337
ABplpappa:107,ABplpappa,107,29725,4725,904,998,4440,27.0,280,307,40,228139
ABplpappa:108,ABplpappa,108,28221,3221,-1003,-1006,2673,27.2,279,308,40,241784
ABplpappa:109,ABplpappa,109,28725,3725,-10,79,3464,27.1,279,304,40,238441
ABplpappa:110,ABplpappa,110,29644,4644,-136,-135,4356,28.1,284,293,29,63140
ABplpappa:111,ABplpappa,111,29536,4536,215,199,4270,28.0,288,294,35,103067
ABplpappa:112,ABplpappa,112,29160,4160,-98,-98,4014,28.0,283,291,35,109482
ABplpappa:113,ABplpappa,113,28711,3711,-539,-528,3603,28.1,280,286,37,140417
ABplpappa:114,ABplpappa,114,29525,4525,526,517,4231,27.0,280,283,35,121867
ABplpappaa:115,ABplpappaa,115,27960,2960,-1142,-1182,2345,27.1,271,282,27,47675
ABplpappaa:116,ABplpappaa,116,28381,3381,-1423,-1423,3282,27.0,270,280,27,48870
ABplpappaa:117,ABplpappaa,117,27829,2829,-1550,-1559,2629,27.4,273,275,27,48870
ABplpappaa:118,ABplpappaa,118,29419,4419,-531,-539,4325,27.7,276,270,28,48870
ABplpappaa:119,ABplpappaa,119,28940,3940,-819,-748,3585,28.1,279,265,29,57799
ABplpappaa:120,ABplpappaa,120,28504,3504,-1103,-1165,2758,27.0,288,270,29,59160
ABplpappaa:121,ABplpappaa,121,29361,4361,192,258,2946,27.0,280,265,33,90624
ABplpappaa:122,ABplpappaa,122,28751,3751,-928,-1036,2200,27.0,280,265,33,90624
ABplpappaa:123,ABplpappaa,123,28426,3426,-1312,-1355,511,25.9,281,271,32,101943
ABplpappaa:124,ABplpappaa,124,29651,4651,282,263,3983,27.0,292,285,34,111273
ABplpappaa:125,ABplpappaa,125,29072,4072,-661,-791,3224,27.1,286,293,36,146715
ABplpappaa:126,ABplpappaa,126,29757,4757,506,484,3528,27.0,278,287,36,157125
ABplpappaa:127,ABplpappaa,127,29573,4573,-292,-342,3705,28.0,282,299,36,153492
ABplpappaa:128,ABplpappaa,128,29354,4354,-332,-341,3835,28.0,285,302,36,154757
ABplpappaa:129,ABplpappaa,129,28628,3628,-1067,-1108,2860,28.0,283,300,36,162532
ABplpappap:115,ABplpappap,115,29070,4070,44,-50,3503,28.0,303,288,29,58701
ABplpappap:116,ABplpappap,116,29021,4021,201,327,2801,27.1,320,293,29,64582
ABplpappap:117,ABplpappap,117,28513,3513,-585,-925,1648,27.1,328,293,29,64582
ABplpappap:118,ABplpappap,118,28206,3206,-789,-807,1423,27.4,335,286,30,64582
ABplpappap:119,ABplpappap,119,29393,4393,230,60,3137,27.7,342,279,32,64582
ABplpappap:120,ABplpappap,120,28722,3722,-225,-181,2639,28.0,349,271,34,106694
ABplpappap:121,ABplpappap,121,28444,3444,-175,-376,2633,28.1,346,264,35,111540
ABplpappap:122,ABplpappap,122,28732,3732,-55,-99,2600,28.9,349,264,32,88704
ABplpappap:123,ABplpappap,123,28560,3560,-578,-443,2168,27.1,351,261,32,109615
ABplpappap:124,ABplpappap,124,28790,3790,-189,-160,3109,27.9,352,264,32,110674
ABplpappap:125,ABplpappap,125,29101,4101,143,18,3335,27.1,348,271,36,160695
ABplpappap:126,ABplpappap,126,29039,4039,-18,-103,3226,27.1,347,288,34,135560
ABplpappap:127,ABplpappap,127,29107,4107,-787,-1001,2647,28.1,345,310,29,68788
ABplpappap:128,ABplpappap,128,28569,3569,-1148,-1098,2449,28.1,345,310,29,68788
ABplpappap:129,ABplpappap,129,28416,3416,-614,-673,3006,29.0,348,314,32,104408
ABplpappp:89,ABplpappp,89,28274,3274,-46,-170,2936,24.0,278,357,45,280635
ABplpappp:90,ABplpappp,90,28767,3767,221,254,3287,24.1,300,369,42,212129
ABplpappp:91,ABplpappp,91,27753,2753,-509,-491,2585,25.1,314,370,42,208029
ABplpappp:92,ABplpappp,92,27466,2466,-1007,-999,2194,26.0,324,377,44,237014
ABplpappp:93,ABplpappp,93,28286,3286,-46,-22,2958,26.9,329,371,39,183838
ABplpappp:94,ABplpappp,94,28471,3471,77,91,3173,27.0,331,366,42,205458
ABplpappp:95,ABplpappp,95,28086,3086,-427,-419,2906,27.1,334,361,39,174866
ABplpappp:96,ABplpappp,96,29283,4283,920,936,4216,27.0,338,353,38,165849
ABplpappp:97,ABplpappp,97,28466,3466,-466,-419,3314,26.1,336,355,40,183215
ABplpappp:98,ABplpappp,98,28005,3005,-393,-341,2877,26.0,337,356,40,191998
ABplpappp:99,ABplpappp,99,28524,3524,-3,12,3435,27.0,337,358,40,198669
ABplpappp:100,ABplpappp,100,28401,3401,-480,-592,3333,26.1,331,354,38,186125
ABplpappp:101,ABplpappp,101,28087,3087,-699,-688,3055,27.9,333,353,36,179675
ABplpappp:102,ABplpappp,102,29240,4240,415,392,4178,27.1,323,349,38,196928
ABplpappp:103,ABplpappp,103,28968,3968,1,-22,3923,28.0,323,345,36,183395
ABplpappp:104,ABplpappp,104,28022,3022,-515,-514,2929,27.0,320,343,40,226127
ABplpappp:105,ABplpappp,105,29059,4059,202,187,4014,27.1,324,337,40,221487
ABplpappp:106,ABplpappp,106,28540,3540,-561,-551,3517,27.2,323,335,40,209980
ABplpappp:107,ABplpappp,107,28497,3497,-558,-556,3446,28.0,320,339,40,233312
ABplpappp:108,ABplpappp,108,28571,3571,-418,-420,3434,27.2,323,337,38,206561
ABplpappp:109,ABplpappp,109,29466,4466,738,743,4333,27.2,323,336,38,219432
ABplpappp:110,ABplpappp,110,29196,4196,22,24,4082,28.0,327,335,36,131353
ABplpappp:111,ABplpappp,111,28519,3519,-847,-847,3435,29.0,324,335,29,58930
ABplpappp:112,ABplpappp,112,29575,4575,698,698,4478,29.0,324,335,29,58930
ABplpappp:113,ABplpappp,113,28267,3267,-577,-577,3000,29.1,331,323,27,44079
ABplpappp:114,ABplpappp,114,28569,3569,-234,-217,2695,27.9,330,311,35,103562
ABplpappp:115,ABplpappp,115,28021,3021,-1246,-1310,2287,27.9,332,312,35,110091
ABplpappp:116,ABplpappp,116,28680,3680,-106,-71,1511,27.1,342,314,29,66828
ABplpappp:117,ABplpappp,117,28689,3689,-65,-148,2175,28.1,347,309,38,154196
ABplpappp:118,ABplpappp,118,28985,3985,454,467,3013,29.0,360,299,34,112731
ABplpappp:119,ABplpappp,119,28570,3570,-281,-144,2051,28.0,360,305,34,111915
ABplpappp:120,ABplpappp,120,28699,3699,35,18,2039,28.0,372,298,36,152171
ABplpappp:121,ABplpappp,121,28430,3430,-751,-639,2819,27.9,368,297,33,113308
ABplpapppa:122,ABplpapppa,122,29175,4175,517,561,2095,26.9,355,293,32,93187
ABplpapppa:123,ABplpapppa,123,30410,5410,1483,1354,3330,27.0,348,290,27,49955
ABplpapppa:124,ABplpapppa,124,28455,3455,-677,-829,1820,26.1,345,288,32,94853
ABplpapppa:125,ABplpapppa,125,28530,3530,-570,-713,161,25.0,340,281,32,92497
ABplpapppa:126,ABplpapppa,126,28423,3423,-830,-738,-515,25.0,340,281,32,92497
ABplpapppa:127,ABplpapppa,127,29122,4122,112,-68,1235,27.0,338,293,32,124916
ABplpapppa:128,ABplpapppa,128,29286,4286,-233,-328,888,26.0,338,294,36,176606
ABplpapppa:129,ABplpapppa,129,28310,3310,-1052,-1092,454,26.1,336,295,32,130137
ABplpapppp:122,ABplpapppp,122,29422,4422,40,102,2831,28.0,400,313,36,134707
ABplpapppp:123,ABplpapppp,123,28867,3867,-68,-75,3208,29.0,393,325,32,94077
ABplpapppp:124,ABplpapppp,124,29440,4440,443,501,3599,27.9,395,326,32,96654
ABplpapppp:125,ABplpapppp,125,28234,3234,-1055,-1038,2510,28.0,390,328,32,101760
ABplpapppp:126,ABplpapppp,126,28680,3680,-628,-624,2015,28.0,396,332,32,102782
ABplpapppp:127,ABplpapppp,127,29539,4539,-97,-34,2513,28.0,393,335,32,108010
ABplpapppp:128,ABplpapppp,128,31506,6506,1635,1843,4438,27.0,391,342,36,155650
ABplpapppp:129,ABplpapppp,129,30431,5431,529,565,3258,27.2,387,342,36,152313
ABplpp:34,ABplpp,34,28567,3567,-1898,-1898,3567,11.1,322,341,48,548442
ABplpp:35,ABplpp,35,28465,3465,-1564,-1587,3465,11.7,323,342,59,746182
ABplpp:36,ABplpp,36,28139,3139,-2143,-2143,3139,10.9,334,349,60,900736
ABplpp:37,ABplpp,37,28182,3182,-2172,-2215,3182,10.9,348,360,61,999370
ABplpp:38,ABplpp,38,27750,2750,-2494,-2518,2750,10.7,351,367,61,1092552
ABplpp:39,ABplpp,39,27715,2715,-2176,-2201,2715,10.9,349,366,62,1231779
ABplpp:40,ABplpp,40,27674,2674,-2262,-2275,2674,11.7,346,369,62,1233515
ABplpp:41,ABplpp,41,28003,3003,-2034,-2055,3003,12.6,340,374,62,1238178
ABplpp:42,ABplpp,42,28091,3091,-1441,-1429,3091,12.4,342,380,62,1325520
ABplpp:43,ABplpp,43,27573,2573,-2328,-2322,2573,11.7,348,374,61,1232383
ABplpp:44,ABplpp,44,28063,3063,-1760,-1761,3063,11.9,344,373,62,1363729
ABplpp:45,ABplpp,45,28075,3075,-1690,-1693,3075,11.8,343,376,62,1357978
ABplpp:46,ABplpp,46,28069,3069,-1547,-1547,3069,11.0,350,383,62,1378517
ABplpp:47,ABplpp,47,28370,3370,-1151,-1151,3370,11.8,346,383,61,1283918
ABplpp:48,ABplpp,48,27801,2801,-1736,-1739,2801,11.8,341,380,61,1327367
ABplpp:49,ABplpp,49,27714,2714,-2079,-2097,2714,11.9,337,373,62,1430241
ABplpp:50,ABplpp,50,27915,2915,-1851,-1853,2915,11.8,340,368,61,1089435
ABplpp:51,ABplpp,51,27840,2840,-1976,-1976,2839,13.0,347,372,57,1089303
ABplppa:52,ABplppa,52,28410,3410,-1633,-1633,3405,9.4,319,357,38,347077
ABplppa:53,ABplppa,53,28727,3727,-1639,-1693,3726,9.1,321,358,51,586179
ABplppa:54,ABplppa,54,28557,3557,-1615,-1659,3557,9.1,322,367,55,690588
ABplppa:55,ABplppa,55,28715,3715,-1156,-1254,3715,9.0,313,364,55,733291
ABplppa:56,ABplppa,56,28514,3514,-1314,-1389,3514,9.2,310,367,55,780004
ABplppa:57,ABplppa,57,28476,3476,-1668,-1716,3476,9.2,310,366,55,787183
ABplppa:58,ABplppa,58,28614,3614,-1628,-1655,3614,9.2,311,366,55,828475
ABplppa:59,ABplppa,59,28530,3530,-1751,-1814,3530,8.8,312,356,54,798389
ABplppa:60,ABplppa,60,28488,3488,-1965,-1981,3488,8.9,314,360,53,747310
ABplppa:61,ABplppa,61,28608,3608,-2232,-2235,3608,8.2,318,358,53,746741
ABplppa:62,ABplppa,62,28760,3760,-2006,-2025,3760,8.9,310,349,53,754994
ABplppa:63,ABplppa,63,28241,3241,-2346,-2426,3241,8.8,306,343,53,633330
ABplppa:64,ABplppa,64,28659,3659,-1711,-1779,3659,8.8,299,340,54,688108
ABplppa:65,ABplppa,65,28728,3728,-2038,-2056,3728,8.2,292,340,54,691566
ABplppa:66,ABplppa,66,28812,3812,-1821,-1837,3812,8.3,295,347,54,702276
ABplppa:67,ABplppa,67,28358,3358,-2317,-2317,3358,8.2,303,348,53,677909
ABplppa:68,ABplppa,68,28555,3555,-2237,-2231,3553,8.2,303,341,52,675955
ABplppa:69,ABplppa,69,28235,3235,-1908,-1909,3232,10.0,295,344,50,657636
ABplppa:70,ABplppa,70,27970,2970,-1602,-1593,2966,11.0,299,342,45,387015
ABplppa:71,ABplppa,71,27914,2914,-1667,-1669,2909,10.1,293,347,36,338781
ABplppaa:72,ABplppaa,72,29300,4300,-1029,-1008,4235,8.3,265,334,30,176836
ABplppaa:73,ABplppaa,73,29052,4052,-1382,-1641,3969,8.2,263,342,36,229598
ABplppaa:74,ABplppaa,74,29451,4451,-457,-572,4423,8.9,258,344,44,334586
ABplppaa:75,ABplppaa,75,28740,3740,-937,-1114,3706,9.1,255,340,44,332449
ABplppaa:76,ABplppaa,76,27947,2947,-1439,-1527,2885,9.9,252,345,44,350267
ABplppaa:77,ABplppaa,77,28418,3418,-955,-1109,3371,10.0,246,342,44,363501
ABplppaa:78,ABplppaa,78,28105,3105,-1074,-1185,3041,10.9,237,343,44,385029
ABplppaa:79,ABplppaa,79,28171,3171,-1148,-1209,3140,10.1,226,338,44,380207
ABplppaa:80,ABplppaa,80,27366,2366,-1565,-1573,2343,10.9,230,341,44,390865
ABplppaa:81,ABplppaa,81,28474,3474,-387,-427,3444,12.1,223,343,44,391492
ABplppaa:82,ABplppaa,82,28114,3114,-456,-494,3063,13.0,228,348,44,406936
ABplppaa:83,ABplppaa,83,28912,3912,-162,-274,3837,14.0,228,348,44,427256
ABplppaa:84,ABplppaa,84,27889,2889,-1141,-1197,2835,15.9,225,352,44,422301
ABplppaa:85,ABplppaa,85,28068,3068,-1108,-1188,3029,16.9,219,345,44,416787
ABplppaa:86,ABplppaa,86,27908,2908,-773,-815,2877,17.0,223,349,44,440830
ABplppaa:87,ABplppaa,87,28286,3286,-460,-532,3268,18.0,227,353,45,436045
ABplppaa:88,ABplppaa,88,28477,3477,-302,-292,3453,19.0,223,354,45,422776
ABplppaa:89,ABplppaa,89,27972,2972,-898,-887,2952,18.9,231,357,45,415573
ABplppaa:90,ABplppaa,90,28051,3051,-477,-431,3039,20.0,232,362,44,330971
ABplppaa:91,ABplppaa,91,28473,3473,30,9,3447,20.1,232,363,44,337149
ABplppaa:92,ABplppaa,92,27844,2844,-578,-626,2632,20.2,239,367,44,346130
ABplppaa:93,ABplppaa,93,28165,3165,-381,-373,2955,20.2,246,363,43,331159
ABplppaa:94,ABplppaa,94,27942,2942,-640,-672,2567,20.2,249,361,40,306698
ABplppaa:95,ABplppaa,95,27835,2835,-1043,-1051,2288,20.1,254,356,37,266698
ABplppaa:96,ABplppaa,96,28747,3747,172,149,3473,20.0,256,365,40,335064
ABplppaaa:97,ABplppaaa,97,27656,2656,-1346,-1417,2018,20.2,236,354,34,191810
ABplppaaa:98,ABplppaaa,98,28415,3415,-149,-278,2869,22.0,243,357,36,224932
ABplppaaa:99,ABplppaaa,99,28756,3756,535,456,3446,22.0,246,357,36,221768
ABplppaaa:100,ABplppaaa,100,28982,3982,626,477,3596,22.1,245,353,36,223326
ABplppaaa:101,ABplppaaa,101,29340,4340,651,653,3618,22.2,252,353,38,260111
ABplppaaa:102,ABplppaaa,102,27901,2901,-1567,-1597,2173,22.0,246,352,36,248491
ABplppaaa:103,ABplppaaa,103,29523,4523,847,704,3659,21.2,252,354,36,257833
ABplppaaa:104,ABplppaaa,104,29333,4333,161,11,3591,21.9,250,352,36,269980
ABplppaaa:105,ABplppaaa,105,27351,2351,-1537,-1615,1683,21.9,250,362,36,286987
ABplppaaa:106,ABplppaaa,106,28185,3185,-778,-1021,2366,21.2,249,358,36,296411
ABplppaaa:107,ABplppaaa,107,27892,2892,-986,-1121,1229,21.1,253,361,36,305896
ABplppaaa:108,ABplppaaa,108,27228,2228,-1705,-1772,1215,21.9,249,359,36,301727
ABplppaaa:109,ABplppaaa,109,28402,3402,-925,-1161,2496,21.2,249,352,38,322730
ABplppaaa:110,ABplppaaa,110,28708,3708,-971,-1199,3027,22.0,251,348,36,196009
ABplppaaa:111,ABplppaaa,111,28509,3509,-1656,-1962,2418,21.1,254,348,37,189682
ABplppaaa:112,ABplppaaa,112,29246,4246,-658,-653,3372,21.2,248,353,39,188490
ABplppaaa:113,ABplppaaa,113,28427,3427,-1128,-1328,2382,22.1,241,350,37,196778
ABplppaaa:114,ABplppaaa,114,29916,4916,320,158,3844,22.1,244,354,39,234230
ABplppaaa:115,ABplppaaa,115,29087,4087,-224,-535,3019,22.0,248,357,39,236402
ABplppaaa:116,ABplppaaa,116,28186,3186,-1835,-1984,1865,22.0,248,361,35,176949
ABplppaaa:117,ABplppaaa,117,28608,3608,-207,-258,2783,23.0,249,362,34,178140
ABplppaaa:118,ABplppaaa,118,28629,3629,-625,-467,2869,24.0,256,365,36,228803
ABplppaaa:119,ABplppaaa,119,29187,4187,38,69,3811,25.0,258,364,36,221295
ABplppaaa:120,ABplppaaa,120,29541,4541,49,39,4106,25.0,263,361,38,239475
ABplppaaa:121,ABplppaaa,121,29135,4135,-217,-254,3694,25.1,256,358,37,214138
ABplppaaa:122,ABplppaaa,122,29135,4135,-590,-551,3596,24.1,254,358,36,204089
ABplppaaa:123,ABplppaaa,123,29034,4034,-449,-507,3251,23.2,250,363,36,227753
ABplppaaa:124,ABplppaaa,124,29636,4636,554,564,3650,23.2,245,359,36,241355
ABplppaaa:125,ABplppaaa,125,29557,4557,-120,-188,3975,22.1,244,356,36,259488
ABplppaaa:126,ABplppaaa,126,28550,3550,-634,-536,2865,22.2,239,356,36,279482
ABplppaaa:127,ABplppaaa,127,29140,4140,-523,-719,3508,22.0,235,356,36,302888
ABplppaaaa:128,ABplppaaaa,128,28821,3821,-1486,-1434,2452,22.1,237,349,36,283983
ABplppaaaa:129,ABplppaaaa,129,29410,4410,-774,-802,3636,21.1,236,353,32,229420
ABplppaaap:128,ABplppaaap,128,29280,4280,-66,0,2785,21.0,258,385,34,181818
ABplppaaap:129,ABplppaaap,129,29861,4861,561,727,4536,21.1,265,382,34,178241
ABplppaap:97,ABplppaap,97,28388,3388,-449,-634,2444,20.1,283,379,36,233896
ABplppaap:98,ABplppaap,98,27951,2951,-537,-669,1848,21.0,289,377,36,225886
ABplppaap:99,ABplppaap,99,28012,3012,-717,-644,2109,22.0,292,383,38,239960
ABplppaap:100,ABplppaap,100,28351,3351,-200,-295,2148,22.2,289,382,38,238518
ABplppaap:101,ABplppaap,101,27897,2897,-859,-797,1935,22.1,291,382,40,272189
ABplppaap:102,ABplppaap,102,29233,4233,695,645,3338,22.1,283,376,38,268245
ABplppaap:103,ABplppaap,103,27964,2964,-832,-884,2314,22.1,289,373,40,286556
ABplppaap:104,ABplppaap,104,28438,3438,-273,-223,2893,22.1,286,379,40,273399
ABplppaap:105,ABplppaap,105,28869,3869,214,150,3647,22.1,285,381,40,294255
ABplppaap:106,ABplppaap,106,27946,2946,-956,-930,2664,23.2,285,367,38,252637
ABplppaap:107,ABplppaap,107,28357,3357,-401,-457,3104,23.1,285,367,40,305645
ABplppaap:108,ABplppaap,108,28058,3058,-1073,-1178,2926,23.0,287,370,38,281841
ABplppaap:109,ABplppaap,109,28839,3839,-363,-440,3466,23.0,286,370,38,302580
ABplppaap:110,ABplppaap,110,29269,4269,-138,-151,3727,23.2,285,366,40,189360
ABplppaap:111,ABplppaap,111,29452,4452,-357,-483,3947,23.2,284,366,39,181620
ABplppaap:112,ABplppaap,112,29458,4458,65,69,3428,23.1,283,370,39,199722
ABplppaap:113,ABplppaap,113,29015,4015,-580,-679,3397,23.1,284,361,39,187358
ABplppaap:114,ABplppaap,114,28775,3775,-911,-1031,2946,23.2,283,360,39,190085
ABplppaap:115,ABplppaap,115,28286,3286,-1126,-1297,2614,24.0,286,367,39,212834
ABplppaap:116,ABplppaap,116,28654,3654,-661,-845,2636,24.1,287,360,39,211805
ABplppaap:117,ABplppaap,117,28836,3836,-463,-348,2836,24.0,294,366,29,87474
ABplppaap:118,ABplppaap,118,28332,3332,-1008,-793,2325,26.0,298,365,38,216549
ABplppaap:119,ABplppaap,119,28627,3627,-613,-704,3006,26.1,302,365,38,204193
ABplppaap:120,ABplppaap,120,28433,3433,-907,-888,2975,26.6,303,363,38,204193
ABplppaap:121,ABplppaap,121,28679,3679,-840,-916,3103,27.0,304,360,37,186281
ABplppaap:122,ABplppaap,122,29077,4077,199,100,3195,26.1,303,360,36,188477
ABplppaap:123,ABplppaap,123,29307,4307,129,80,3720,26.0,308,363,34,157979
ABplppaap:124,ABplppaap,124,29877,4877,796,735,4238,25.1,315,366,34,143951
ABplppaap:125,ABplppaap,125,30241,5241,1139,1157,4743,25.0,313,370,32,155977
ABplppaapa:126,ABplppaapa,126,28476,3476,-412,-499,2195,25.1,286,369,32,153327
ABplppaapa:127,ABplppaapa,127,29162,4162,-228,-189,3284,24.9,280,370,32,151891
ABplppaapa:128,ABplppaapa,128,29692,4692,748,763,2916,24.9,275,375,32,156259
ABplppaapa:129,ABplppaapa,129,30371,5371,1138,1279,4922,25.0,277,375,34,176784
ABplppaapp:126,ABplppaapp,126,28782,3782,326,134,2751,26.0,337,385,29,84217
ABplppaapp:127,ABplppaapp,127,27976,2976,-736,-817,2004,26.0,330,389,36,172563
ABplppaapp:128,ABplppaapp,128,29173,4173,438,432,3325,25.2,321,392,36,157713
ABplppaapp:129,ABplppaapp,129,29430,4430,445,417,3519,25.2,325,394,36,179156
ABplppap:72,ABplppap,72,28527,3527,-1991,-1991,3497,9.1,312,353,30,189951
ABplppap:73,ABplppap,73,29559,4559,-994,-1063,4526,8.2,319,358,42,266530
ABplppap:74,ABplppap,74,27969,2969,-2292,-2345,2953,8.9,320,359,44,316837
ABplppap:75,ABplppap,75,28956,3956,-1313,-1543,3877,9.0,322,369,44,333370
ABplppap:76,ABplppap,76,28565,3565,-1200,-1349,3487,9.9,320,370,44,359463
ABplppap:77,ABplppap,77,28488,3488,-917,-1133,3366,10.1,312,369,44,364411
ABplppap:78,ABplppap,78,28493,3493,-1095,-1166,3379,11.0,306,373,44,385145
ABplppap:79,ABplppap,79,27777,2777,-1949,-1904,2603,11.0,298,372,44,380985
ABplppap:80,ABplppap,80,27962,2962,-1606,-1708,2825,12.1,300,371,44,392493
ABplppap:81,ABplppap,81,28149,3149,-1413,-1432,3048,13.1,296,370,46,444661
ABplppap:82,ABplppap,82,28164,3164,-1341,-1449,3072,14.9,299,366,44,390950
ABplppap:83,ABplppap,83,27853,2853,-1267,-1331,2734,15.1,298,359,44,378085
ABplppap:84,ABplppap,84,28395,3395,-1278,-1346,3226,16.0,293,361,46,481817
ABplppap:85,ABplppap,85,28627,3627,-443,-494,3518,17.0,287,362,44,411471
ABplppap:86,ABplppap,86,27741,2741,-1075,-1134,2621,17.1,286,371,44,415588
ABplppap:87,ABplppap,87,27594,2594,-1485,-1637,2385,17.2,287,370,47,479016
ABplppap:88,ABplppap,88,28220,3220,-950,-1004,2926,19.0,290,372,45,424079
ABplppap:89,ABplppap,89,28213,3213,-806,-977,2563,19.0,293,372,45,425384
ABplppap:90,ABplppap,90,28212,3212,-459,-403,2806,20.0,284,375,44,326979
ABplppap:91,ABplppap,91,27966,2966,-754,-801,2661,19.1,285,373,44,329639
ABplppap:92,ABplppap,92,27826,2826,-1022,-1050,2235,19.0,292,380,42,325986
ABplppap:93,ABplppap,93,27778,2778,-1235,-1299,2328,17.2,299,373,43,324908
ABplppap:94,ABplppap,94,28785,3785,241,166,3665,18.9,309,386,38,278584
ABplppapa:95,ABplppapa,95,27924,2924,-1212,-1217,2600,17.1,296,374,31,158750
ABplppapa:96,ABplppapa,96,28935,3935,313,302,3464,17.2,296,376,32,169867
ABplppapa:97,ABplppapa,97,28333,3333,-757,-809,2553,17.0,294,385,36,242933
ABplppapa:98,ABplppapa,98,28022,3022,-1098,-1164,2505,17.9,295,385,36,234218
ABplppapa:99,ABplppapa,99,28031,3031,-1033,-1071,2349,18.1,295,387,36,234961
ABplppapa:100,ABplppapa,100,28670,3670,-338,-318,2991,19.1,297,390,40,278793
ABplppapa:101,ABplppapa,101,27817,2817,-1008,-1092,2002,19.0,298,390,36,246321
ABplppapa:102,ABplppapa,102,28073,3073,-1649,-1651,2241,19.0,293,385,36,247760
ABplppapa:103,ABplppapa,103,28239,3239,-705,-780,2379,20.0,305,390,38,289919
ABplppapa:104,ABplppapa,104,28595,3595,-162,-214,2960,19.2,306,392,38,267789
ABplppapa:105,ABplppapa,105,28346,3346,-706,-818,2315,19.0,316,386,36,251021
ABplppapa:106,ABplppapa,106,27619,2619,-1556,-1627,2160,20.1,311,382,38,294734
ABplppapa:107,ABplppapa,107,28500,3500,-569,-674,2331,19.1,305,391,38,319337
ABplppapa:108,ABplppapa,108,28284,3284,-581,-703,2460,19.1,303,394,38,319310
ABplppapa:109,ABplppapa,109,28848,3848,-263,-443,2790,20.1,306,387,40,348019
ABplppapa:110,ABplppapa,110,29154,4154,-381,-526,3221,20.1,302,385,38,190932
ABplppapa:111,ABplppapa,111,28364,3364,-1218,-1218,2612,20.1,298,389,39,200289
ABplppapa:112,ABplppapa,112,29604,4604,87,-43,3954,20.2,298,386,39,204521
ABplppapa:113,ABplppapa,113,29075,4075,-180,-205,3661,20.2,297,384,39,203308
ABplppapa:114,ABplppapa,114,29150,4150,-44,-114,3557,20.1,299,383,39,211786
ABplppapa:115,ABplppapa,115,27978,2978,-1799,-2013,2586,21.0,300,384,39,212064
ABplppapa:116,ABplppapa,116,29062,4062,-613,-752,3729,21.1,297,382,39,213177
ABplppapa:117,ABplppapa,117,28453,3453,-824,-900,2665,21.2,298,381,38,210682
ABplppapa:118,ABplppapa,118,28989,3989,-760,-903,3540,22.2,299,381,38,221608
ABplppapa:119,ABplppapa,119,28671,3671,-864,-878,3423,22.1,295,383,38,209369
ABplppapa:120,ABplppapa,120,28850,3850,-732,-861,2739,22.6,301,382,38,209369
ABplppapa:121,ABplppapa,121,28891,3891,-726,-821,3201,23.1,307,380,37,205545
ABplppapa:122,ABplppapa,122,28637,3637,-276,-225,2795,23.0,303,380,36,215709
ABplppapa:123,ABplppapa,123,29432,4432,-72,-80,3779,22.1,300,387,32,171352
ABplppapaa:124,ABplppapaa,124,29446,4446,-226,-240,3351,21.9,271,377,32,150787
ABplppapaa:125,ABplppapaa,125,29309,4309,-208,-180,3262,21.9,275,375,32,146796
ABplppapaa:126,ABplppapaa,126,30011,5011,209,96,3857,21.1,273,376,34,169614
ABplppapaa:127,ABplppapaa,127,29095,4095,-510,-458,2336,21.0,265,382,34,187848
ABplppapaa:128,ABplppapaa,128,29930,4930,829,909,1895,23.0,268,380,36,186406
ABplppapaa:129,ABplppapaa,129,29080,4080,-363,110,-1405,23.0,268,380,36,186406
ABplppapap:124,ABplppapap,124,29033,4033,217,202,3056,23.0,318,397,32,138639
ABplppapap:125,ABplppapap,125,28594,3594,-339,-464,2601,22.0,317,403,32,131935
ABplppapap:126,ABplppapap,126,29412,4412,119,-63,3177,21.2,308,405,29,92268
ABplppapap:127,ABplppapap,127,29185,4185,176,198,3130,22.1,300,402,29,103361
ABplppapap:128,ABplppapap,128,28032,3032,-701,-685,1763,22.0,297,404,32,142383
ABplppapap:129,ABplppapap,129,28576,3576,-822,-754,2437,20.3,300,402,29,87280
ABplppapp:95,ABplppapp,95,27727,2727,-1183,-1322,2245,18.9,332,404,37,234133
ABplppapp:96,ABplppapp,96,27090,2090,-1860,-1942,1671,19.0,339,407,36,245143
ABplppapp:97,ABplppapp,97,28196,3196,-855,-1053,2709,19.0,349,409,36,234709
ABplppapp:98,ABplppapp,98,28089,3089,-798,-899,2801,19.0,359,411,38,250640
ABplppapp:99,ABplppapp,99,28433,3433,-159,-191,2909,19.1,356,412,36,231025
ABplppapp:100,ABplppapp,100,29398,4398,539,444,3748,18.1,358,410,38,241687
ABplppapp:101,ABplppapp,101,28358,3358,-255,-307,2682,18.1,355,403,38,254888
ABplppapp:102,ABplppapp,102,28832,3832,-184,-287,3144,18.1,348,395,38,257456
ABplppapp:103,ABplppapp,103,29466,4466,242,157,3704,20.1,354,394,38,264953
ABplppapp:104,ABplppapp,104,29431,4431,229,290,3937,19.3,354,389,38,246577
ABplppapp:105,ABplppapp,105,28128,3128,-438,-507,2722,20.1,359,389,40,295516
ABplppapp:106,ABplppapp,106,28961,3961,22,-68,3267,20.1,356,392,40,311355
ABplppapp:107,ABplppapp,107,28965,3965,-183,-374,2772,19.1,352,400,38,325382
ABplppapp:108,ABplppapp,108,27829,2829,-1271,-1362,1872,18.2,353,399,38,294483
ABplppapp:109,ABplppapp,109,27616,2616,-1593,-1699,2094,19.1,356,399,38,319799
ABplppapp:110,ABplppapp,110,29020,4020,-211,-249,3013,19.1,355,398,38,198271
ABplppapp:111,ABplppapp,111,28483,3483,-835,-1152,2232,18.2,352,403,39,211265
ABplppapp:112,ABplppapp,112,28769,3769,-858,-884,2899,19.1,354,400,39,209468
ABplppapp:113,ABplppapp,113,28536,3536,-360,-424,2690,19.2,346,397,39,212229
ABplppapp:114,ABplppapp,114,27901,2901,-1402,-1485,293,20.1,347,399,39,230531
ABplppapp:115,ABplppapp,115,28405,3405,-880,-1011,2299,21.1,350,399,39,220510
ABplppapp:116,ABplppapp,116,28778,3778,-457,-759,2390,20.1,348,401,39,233058
ABplppapp:117,ABplppapp,117,27545,2545,-1474,-1618,1263,20.1,347,407,29,92107
ABplppapp:118,ABplppapp,118,29558,4558,325,145,4194,22.0,353,401,38,241486
ABplppapp:119,ABplppapp,119,28332,3332,-577,-696,2391,22.0,352,402,38,262894
ABplppapp:120,ABplppapp,120,28711,3711,-118,-49,2407,23.0,362,399,38,239711
ABplppapp:121,ABplppapp,121,28717,3717,-235,-250,2101,22.2,357,409,37,198277
ABplppapp:122,ABplppapp,122,28795,3795,-279,-284,3239,22.0,353,404,36,193204
ABplppapp:123,ABplppapp,123,28418,3418,-1152,-1152,2613,22.0,347,397,36,214781
ABplppapp:124,ABplppapp,124,29088,4088,147,84,3216,22.1,352,401,32,177879
ABplppapp:125,ABplppapp,125,27948,2948,-1257,-1324,2259,22.0,352,406,32,175185
ABplppappa:126,ABplppappa,126,28304,3304,-726,-738,1786,21.1,330,409,32,156610
ABplppappa:127,ABplppappa,127,29594,4594,809,818,3477,21.9,325,413,32,153664
ABplppappa:128,ABplppappa,128,28824,3824,362,319,3065,21.0,319,414,32,161987
ABplppappa:129,ABplppappa,129,29609,4609,637,588,3818,21.0,325,414,32,164867
ABplppappp:126,ABplppappp,126,28548,3548,-460,-590,2345,22.9,379,414,32,155982
ABplppappp:127,ABplppappp,127,27540,2540,-1297,-1407,1224,23.0,375,412,34,165901
ABplppappp:128,ABplppappp,128,29016,4016,-107,-285,2070,21.9,368,420,32,169841
ABplppappp:129,ABplppappp,129,28119,3119,-887,-1096,1988,21.9,368,420,32,169841
ABplppp:52,ABplppp,52,28294,3294,-1213,-1213,3282,14.2,351,388,40,373182
ABplppp:53,ABplppp,53,28397,3397,-829,-865,3393,14.2,359,392,55,674918
ABplppp:54,ABplppp,54,29004,4004,-360,-395,4001,15.2,368,400,55,721089
ABplppp:55,ABplppp,55,28281,3281,-1007,-1034,3281,17.0,371,396,55,741244
ABplppp:56,ABplppp,56,28055,3055,-882,-893,3055,18.0,368,407,55,805940
ABplppp:57,ABplppp,57,28030,3030,-801,-811,3030,18.1,356,408,55,842320
ABplppp:58,ABplppp,58,28447,3447,-516,-523,3447,16.1,349,409,55,868589
ABplppp:59,ABplppp,59,28448,3448,-535,-523,3448,15.0,354,405,54,864605
ABplppp:60,ABplppp,60,28037,3037,-1133,-1134,3037,15.1,355,410,53,832920
ABplppp:61,ABplppp,61,28503,3503,-1286,-1269,3503,14.0,360,407,53,826017
ABplppp:62,ABplppp,62,27660,2660,-1814,-1811,2660,13.1,354,401,53,821793
ABplppp:63,ABplppp,63,27825,2825,-1772,-1756,2825,12.1,351,398,55,747329
ABplppp:64,ABplppp,64,28068,3068,-1555,-1554,3068,13.0,339,393,54,725821
ABplppp:65,ABplppp,65,28909,3909,-789,-780,3909,13.2,336,395,54,747949
ABplppp:66,ABplppp,66,27386,2386,-1940,-1926,2382,14.1,340,398,54,767832
ABplppp:67,ABplppp,67,27705,2705,-1724,-1736,2703,14.2,348,401,53,706052
ABplppp:68,ABplppp,68,27890,2890,-1615,-1611,2890,14.0,347,396,52,725683
ABplppp:69,ABplppp,69,28062,3062,-1259,-1259,3051,14.2,352,397,50,575723
ABplppp:70,ABplppp,70,28078,3078,-1108,-1108,3000,14.0,356,396,45,439705
ABplpppa:71,ABplpppa,71,28315,3315,-1002,-1002,3300,12.2,325,395,34,200663
ABplpppa:72,ABplpppa,72,27696,2696,-1269,-1326,2638,11.1,327,400,42,305098
ABplpppa:73,ABplpppa,73,28813,3813,-202,-224,3775,11.0,335,401,44,323603
ABplpppa:74,ABplpppa,74,28376,3376,-412,-407,3311,11.9,333,403,44,336422
ABplpppa:75,ABplpppa,75,28597,3597,-235,-231,3431,12.0,330,404,44,358488
ABplpppa:76,ABplpppa,76,27978,2978,-856,-836,2816,12.9,329,404,44,372508
ABplpppa:77,ABplpppa,77,28173,3173,-786,-884,2950,13.0,320,400,44,377888
ABplpppa:78,ABplpppa,78,28122,3122,-601,-604,2949,13.9,323,402,44,369447
ABplpppa:79,ABplpppa,79,29050,4050,262,185,3937,13.1,317,404,44,392570
ABplpppa:80,ABplpppa,80,28699,3699,-298,-422,3599,13.0,323,403,44,404297
ABplpppa:81,ABplpppa,81,28797,3797,-309,-369,3725,13.1,326,402,44,382955
ABplpppa:82,ABplpppa,82,28499,3499,-409,-448,3443,14.9,325,404,44,394091
ABplpppa:83,ABplpppa,83,28332,3332,-505,-526,3295,14.9,315,403,44,388254
ABplpppa:84,ABplpppa,84,27916,2916,-1112,-1096,2853,16.9,314,402,44,404060
ABplpppa:85,ABplpppa,85,28427,3427,-211,-197,3327,18.1,311,398,44,405539
ABplpppa:86,ABplpppa,86,27899,2899,-604,-631,2751,19.0,310,398,44,402415
ABplpppa:87,ABplpppa,87,28577,3577,242,260,3506,20.0,312,399,45,407337
ABplpppa:88,ABplpppa,88,28681,3681,19,62,3551,21.0,314,401,45,403489
ABplpppa:89,ABplpppa,89,27733,2733,-504,-512,2676,21.9,316,403,45,430178
ABplpppa:90,ABplpppa,90,28108,3108,-291,-255,3000,21.0,329,406,44,351386
ABplpppa:91,ABplpppa,91,28002,3002,-204,-214,2945,20.9,327,399,42,309703
ABplpppaa:92,ABplpppaa,92,28361,3361,-494,-580,3178,21.1,325,400,34,177143
ABplpppaa:93,ABplpppaa,93,28976,3976,464,451,3906,21.1,321,402,35,179901
ABplpppaa:94,ABplpppaa,94,28391,3391,232,269,3071,22.1,330,409,38,221602
ABplpppaa:95,ABplpppaa,95,27574,2574,-853,-996,1535,22.0,338,410,39,241956
ABplpppaa:96,ABplpppaa,96,28449,3449,-386,-410,2876,23.0,330,407,36,236264
ABplpppaa:97,ABplpppaa,97,28089,3089,-414,-457,2671,22.1,321,402,40,235024
ABplpppaa:98,ABplpppaa,98,29478,4478,1173,1141,4195,23.0,326,401,36,229046
ABplpppaa:99,ABplpppaa,99,28647,3647,552,459,3370,22.9,325,404,36,242235
ABplpppaa:100,ABplpppaa,100,28646,3646,396,376,3340,23.0,327,404,40,299563
ABplpppaa:101,ABplpppaa,101,28062,3062,-638,-634,2662,22.3,325,401,40,281104
ABplpppaa:102,ABplpppaa,102,28121,3121,-274,-268,2662,23.0,317,394,40,290413
ABplpppaa:103,ABplpppaa,103,28614,3614,-246,-310,2717,23.2,325,392,40,286955
ABplpppaa:104,ABplpppaa,104,28723,3723,127,42,3246,24.0,326,396,38,285563
ABplpppaa:105,ABplpppaa,105,27984,2984,-564,-589,2390,24.0,331,399,40,316585
ABplpppaa:106,ABplpppaa,106,27997,2997,-253,-277,2430,24.1,331,397,38,284284
ABplpppaa:107,ABplpppaa,107,28779,3779,268,40,3093,23.1,333,403,38,327741
ABplpppaa:108,ABplpppaa,108,28495,3495,-115,-283,2909,22.2,333,407,40,342481
ABplpppaa:109,ABplpppaa,109,27719,2719,-773,-776,2164,23.0,333,402,40,337574
ABplpppaa:110,ABplpppaa,110,28104,3104,-866,-880,2344,23.1,336,400,40,226750
ABplpppaa:111,ABplpppaa,111,28338,3338,-910,-1004,2845,22.1,332,407,39,209945
ABplpppaa:112,ABplpppaa,112,28390,3390,-331,-379,2530,23.1,343,409,39,223129
ABplpppaa:113,ABplpppaa,113,28268,3268,-1038,-1198,2219,23.0,340,402,39,222965
ABplpppaa:114,ABplpppaa,114,29545,4545,722,-184,4077,22.0,343,400,29,91739
ABplpppaa:115,ABplpppaa,115,28199,3199,-745,-830,1723,23.0,341,398,29,94378
ABplpppaa:116,ABplpppaa,116,28241,3241,-930,-952,1708,23.0,346,398,37,203170
ABplpppaa:117,ABplpppaa,117,28447,3447,-217,-151,2864,24.1,355,405,38,235747
ABplpppaa:118,ABplpppaa,118,28236,3236,-736,-717,379,24.4,357,401,38,235747
ABplpppaa:119,ABplpppaa,119,28284,3284,-537,-672,2204,24.8,360,397,37,235747
ABplpppaa:120,ABplpppaa,120,28750,3750,-51,4,2023,25.1,363,393,36,217431
ABplpppaa:121,ABplpppaa,121,28999,3999,-157,-171,3476,26.0,359,395,33,155318
ABplpppaaa:122,ABplpppaaa,122,28761,3761,-8,19,3153,26.2,332,382,34,129995
ABplpppaaa:123,ABplpppaaa,123,28170,3170,-829,-795,2199,26.0,337,385,32,129928
ABplpppaaa:124,ABplpppaaa,124,28914,3914,-25,62,2357,26.1,342,392,36,184495
ABplpppaaa:125,ABplpppaaa,125,28615,3615,-237,-381,2355,26.2,346,388,36,169937
ABplpppaaa:126,ABplpppaaa,126,28189,3189,-721,-638,1853,26.1,356,400,34,144995
ABplpppaaa:127,ABplpppaaa,127,28402,3402,-167,-494,2473,25.2,355,405,36,186031
ABplpppaaa:128,ABplpppaaa,128,28263,3263,-155,-122,2150,25.1,349,408,36,193633
ABplpppaaa:129,ABplpppaaa,129,27935,2935,-974,-861,1695,25.2,352,406,34,162077
ABplpppaap:122,ABplpppaap,122,28062,3062,-646,-696,2268,26.2,381,400,36,168951
ABplpppaap:123,ABplpppaap,123,28991,3991,127,294,3129,26.1,376,404,32,128519
ABplpppaap:124,ABplpppaap,124,29036,4036,-158,-19,3424,26.9,384,400,32,129291
ABplpppaap:125,ABplpppaap,125,27479,2479,-1295,-1288,1432,26.1,387,407,36,181708
ABplpppaap:126,ABplpppaap,126,29412,4412,540,600,2671,25.1,397,412,36,183554
ABplpppaap:127,ABplpppaap,127,28455,3455,-46,-243,2156,25.0,391,417,36,199802
ABplpppaap:128,ABplpppaap,128,28819,3819,-91,-162,1899,24.1,382,418,36,210074
ABplpppaap:129,ABplpppaap,129,28487,3487,-437,-534,2324,24.2,390,415,34,171313
ABplpppap:92,ABplpppap,92,27061,2061,-1445,-1560,1736,21.1,361,416,34,179685
ABplpppap:93,ABplpppap,93,28224,3224,-508,-508,3105,21.2,375,415,35,148787
ABplpppap:94,ABplpppap,94,27715,2715,-757,-735,2435,22.0,388,414,38,171738
ABplpppap:95,ABplpppap,95,27775,2775,-937,-951,2504,22.1,399,421,37,169868
ABplpppap:96,ABplpppap,96,28456,3456,230,256,3152,22.2,397,425,40,195047
ABplpppap:97,ABplpppap,97,27985,2985,-186,-191,2737,22.1,397,429,38,194473
ABplpppap:98,ABplpppap,98,28236,3236,118,113,2915,22.2,404,428,38,205204
ABplpppap:99,ABplpppap,99,28009,3009,-304,-381,2615,23.0,398,429,36,215859
ABplpppap:100,ABplpppap,100,28122,3122,-126,-197,2825,23.1,389,427,36,224614
ABplpppap:101,ABplpppap,101,27724,2724,-811,-889,2278,22.1,385,430,38,271251
ABplpppap:102,ABplpppap,102,27999,2999,-758,-832,2624,21.1,375,424,38,263946
ABplpppap:103,ABplpppap,103,27812,2812,-840,-888,2426,22.0,382,423,40,291926
ABplpppap:104,ABplpppap,104,28276,3276,-675,-625,2928,22.1,378,418,38,263068
ABplpppap:105,ABplpppap,105,28260,3260,-379,-252,3030,23.0,381,419,36,260618
ABplpppap:106,ABplpppap,106,27633,2633,-666,-513,2204,23.1,384,416,36,264914
ABplpppap:107,ABplpppap,107,28026,3026,-986,-857,2646,22.0,380,425,38,302152
ABplpppap:108,ABplpppap,108,28017,3017,-483,-571,2771,23.0,382,426,36,261459
ABplpppap:109,ABplpppap,109,28027,3027,-35,-77,2782,23.0,385,422,36,283831
ABplpppap:110,ABplpppap,110,28725,3725,-199,-152,3120,22.1,389,415,40,199301
ABplpppap:111,ABplpppap,111,28298,3298,-870,-864,3043,23.1,386,416,39,196855
ABplpppap:112,ABplpppap,112,29273,4273,96,120,3939,22.1,395,418,37,177231
ABplpppap:113,ABplpppap,113,28807,3807,-618,-701,3255,22.2,389,419,39,176679
ABplpppap:114,ABplpppap,114,28926,3926,-678,-678,3501,23.1,390,412,37,184671
ABplpppap:115,ABplpppap,115,28631,3631,-508,-521,3282,24.1,390,414,39,208799
ABplpppap:116,ABplpppap,116,28502,3502,-916,-912,3300,24.1,396,409,39,192474
ABplpppap:117,ABplpppap,117,29250,4250,-64,-79,3964,24.2,398,407,36,171064
ABplpppap:118,ABplpppap,118,29787,4787,539,509,4651,25.1,402,405,34,155604
ABplpppap:119,ABplpppap,119,27936,2936,-1434,-1381,2776,26.0,404,404,34,155497
ABplpppap:120,ABplpppap,120,28199,3199,-974,-963,2832,25.1,409,409,36,201654
ABplpppap:121,ABplpppap,121,28696,3696,-130,-137,3580,25.9,407,406,33,147056
ABplpppapa:122,ABplpppapa,122,28360,3360,-519,-542,1720,25.0,400,407,32,130041
ABplpppapa:123,ABplpppapa,123,28931,3931,-5,127,3024,25.0,399,412,32,137038
ABplpppapa:124,ABplpppapa,124,29536,4536,549,598,3458,25.1,410,411,36,173960
ABplpppapa:125,ABplpppapa,125,28728,3728,-219,-362,3005,26.1,419,412,34,156174
ABplpppapa:126,ABplpppapa,126,30091,5091,924,992,4395,25.2,432,417,36,173328
ABplpppapa:127,ABplpppapa,127,28948,3948,399,494,3280,24.2,427,424,34,135779
ABplpppapa:128,ABplpppapa,128,28643,3643,-211,-177,2829,24.8,418,424,32,135145
ABplpppapa:129,ABplpppapa,129,29196,4196,478,479,3393,24.1,426,426,36,167879
ABplpppapp:122,ABplpppapp,122,29709,4709,323,60,4122,24.3,425,404,29,78992
ABplpppapp:123,ABplpppapp,123,28471,3471,-138,-147,3225,25.9,441,408,32,130779
ABplpppapp:124,ABplpppapp,124,28748,3748,-1046,-990,3344,26.0,450,411,32,144790
ABplpppapp:125,ABplpppapp,125,28936,3936,-740,-734,3267,26.0,459,412,32,149170
ABplpppapp:126,ABplpppapp,126,30069,5069,339,276,2989,26.1,470,407,32,149154
ABplpppapp:127,ABplpppapp,127,29451,4451,-36,-94,1193,25.0,466,416,32,161529
ABplpppapp:128,ABplpppapp,128,29007,4007,-302,-291,1305,25.1,461,418,32,168974
ABplpppapp:129,ABplpppapp,129,27142,2142,-2497,-1995,-76,25.1,466,415,32,161571
ABplpppp:71,ABplpppp,71,28741,3741,-909,-908,3679,15.2,374,409,40,250283
ABplpppp:72,ABplpppp,72,28664,3664,-516,-553,3616,16.0,371,416,44,302502
ABplpppp:73,ABplpppp,73,28195,3195,-916,-958,3134,17.1,367,414,44,308910
ABplpppp:74,ABplpppp,74,27484,2484,-1723,-1684,2434,17.1,370,412,44,311961
ABplpppp:75,ABplpppp,75,27507,2507,-1702,-1741,2266,18.1,373,418,46,408073
ABplpppp:76,ABplpppp,76,27781,2781,-1144,-1183,2726,18.0,372,418,46,421407
ABplpppp:77,ABplpppp,77,27968,2968,-947,-933,2923,18.1,372,422,46,410991
ABplpppp:78,ABplpppp,78,27923,2923,-1206,-1258,2871,17.1,370,422,46,404307
ABplpppp:79,ABplpppp,79,27215,2215,-1787,-1795,2197,17.0,364,427,44,349732
ABplpppp:80,ABplpppp,80,27026,2026,-2027,-2066,2004,17.9,368,427,44,362866
ABplpppp:81,ABplpppp,81,27952,2952,-845,-827,2879,17.0,371,427,44,380897
ABplpppp:82,ABplpppp,82,27935,2935,-1050,-1046,2902,16.1,375,427,46,428305
ABplpppp:83,ABplpppp,83,29016,4016,-92,-83,3793,16.1,373,423,46,457624
ABplpppp:84,ABplpppp,84,28327,3327,-652,-656,2860,18.1,377,427,46,456298
ABplpppp:85,ABplpppp,85,28569,3569,-371,-430,3247,20.1,373,421,48,504141
ABplpppp:86,ABplpppp,86,27997,2997,-789,-850,2579,20.2,371,422,46,403265
ABplpppp:87,ABplpppp,87,28902,3902,-128,-157,3529,21.2,374,420,47,428105
ABplpppp:88,ABplpppp,88,28695,3695,-221,-282,3623,23.1,364,411,49,472281
ABplpppp:89,ABplpppp,89,27945,2945,-751,-719,2912,25.0,362,399,45,336135
ABplpppp:90,ABplpppp,90,27973,2973,-575,-591,2916,25.2,366,396,48,363437
ABplpppp:91,ABplpppp,91,27993,2993,-452,-483,2951,25.0,367,389,42,248919
ABplppppa:92,ABplppppa,92,27652,2652,-404,-429,2416,25.0,362,391,36,187275
ABplppppa:93,ABplppppa,93,28037,3037,-793,-853,2616,25.1,354,385,39,178656
ABplppppa:94,ABplppppa,94,28944,3944,817,768,3575,25.1,356,387,40,194104
ABplppppa:95,ABplppppa,95,28902,3902,506,456,3650,26.0,359,389,37,177327
ABplppppa:96,ABplppppa,96,28293,3293,-510,-454,3052,26.0,360,394,36,178663
ABplppppa:97,ABplppppa,97,29403,4403,855,861,4135,25.2,358,398,40,205508
ABplppppa:98,ABplppppa,98,27885,2885,-506,-537,2511,25.1,361,391,38,208225
ABplppppa:99,ABplppppa,99,27991,2991,-613,-692,2747,25.1,365,389,38,198472
ABplppppa:100,ABplppppa,100,27931,2931,-743,-715,2742,26.1,361,390,40,221019
ABplppppa:101,ABplppppa,101,28137,3137,-597,-562,2867,25.1,358,392,40,233625
ABplppppa:102,ABplppppa,102,27869,2869,-598,-652,2644,26.0,354,386,40,237710
ABplppppa:103,ABplppppa,103,28843,3843,-107,-48,3418,26.1,357,382,40,233760
ABplppppa:104,ABplppppa,104,28554,3554,-32,-25,3236,27.1,357,387,40,246202
ABplppppa:105,ABplppppa,105,28593,3593,-411,-365,2965,26.2,354,385,40,222448
ABplppppa:106,ABplppppa,106,28401,3401,-608,-610,3125,27.0,361,380,40,277384
ABplppppa:107,ABplppppa,107,27066,2066,-1841,-1899,1039,25.0,349,388,40,296437
ABplppppa:108,ABplppppa,108,27931,2931,-620,-696,2551,25.3,346,383,40,284716
ABplppppa:109,ABplppppa,109,28145,3145,-437,-515,2894,26.0,352,379,40,309966
ABplppppa:110,ABplppppa,110,28237,3237,-590,-760,2917,26.0,351,379,36,146667
ABplppppa:111,ABplppppa,111,29083,4083,-155,-179,3939,26.0,349,379,39,173599
ABplppppa:112,ABplppppa,112,29055,4055,194,106,3762,26.0,347,381,39,168667
ABplppppa:113,ABplppppa,113,28284,3284,-1004,-984,2958,26.1,346,374,39,170857
ABplppppa:114,ABplppppa,114,27842,2842,-1562,-1497,150,24.1,337,403,37,214980
ABplppppa:115,ABplppppa,115,28400,3400,-1376,-1380,3162,25.2,343,354,37,143694
ABplppppa:116,ABplppppa,116,29037,4037,-77,-95,3842,26.0,349,357,39,171849
ABplppppa:117,ABplppppa,117,29128,4128,19,0,3807,24.3,349,360,36,135104
ABplppppa:118,ABplppppa,118,29794,4794,843,833,4582,26.0,364,360,30,113625
ABplppppaa:119,ABplppppaa,119,28879,3879,-56,-42,3702,27.0,352,355,32,90809
ABplppppaa:120,ABplppppaa,120,31118,6118,2479,2479,5933,27.0,353,349,27,44308
ABplppppaa:121,ABplppppaa,121,28543,3543,-514,-593,3118,28.0,347,345,33,92148
ABplppppaa:122,ABplppppaa,122,29220,4220,400,415,3379,28.0,347,345,33,92148
ABplppppaa:123,ABplppppaa,123,29043,4043,-334,-377,3603,28.1,356,351,32,94218
ABplppppaa:124,ABplppppaa,124,28965,3965,-369,-405,3351,27.9,353,358,32,99333
ABplppppaa:125,ABplppppaa,125,28913,3913,-625,-632,2748,27.1,356,368,29,66225
ABplppppaa:126,ABplppppaa,126,28237,3237,-923,-972,2153,27.2,362,372,34,113332
ABplppppaa:127,ABplppppaa,127,29164,4164,144,119,3529,28.0,356,370,36,149172
ABplppppaa:128,ABplppppaa,128,29251,4251,-85,-68,3610,27.5,355,369,35,149172
ABplppppaa:129,ABplppppaa,129,30468,5468,1292,1203,5240,27.0,354,367,34,114971
ABplppppap:119,ABplppppap,119,29404,4404,1172,1144,4140,28.0,393,359,27,44365
ABplppppap:120,ABplppppap,120,29544,4544,149,140,4256,27.0,407,358,32,94548
ABplppppap:121,ABplppppap,121,29927,4927,585,537,4492,28.0,408,351,27,43753
ABplppppap:122,ABplppppap,122,29370,4370,-239,-258,4136,28.1,410,358,29,60817
ABplppppap:123,ABplppppap,123,29566,4566,265,229,3636,28.1,421,363,34,103231
ABplppppap:124,ABplppppap,124,28717,3717,-473,-489,3573,29.0,421,370,32,107301
ABplppppap:125,ABplppppap,125,29088,4088,-326,-383,3739,27.2,410,376,34,118805
ABplppppap:126,ABplppppap,126,30005,5005,591,689,4548,27.1,410,380,36,148220
ABplppppap:127,ABplppppap,127,28823,3823,-610,-651,3314,27.1,404,389,36,157230
ABplppppap:128,ABplppppap,128,27836,2836,-1000,-961,1684,25.1,393,402,29,78303
ABplppppap:129,ABplppppap,129,30062,5062,711,660,4447,27.1,395,393,36,175702
ABplppppp:92,ABplppppp,92,28826,3826,173,182,3785,26.0,410,385,30,100972
ABplppppp:93,ABplppppp,93,28660,3660,-36,-21,3638,27.1,416,382,35,125222
ABplppppp:94,ABplppppp,94,29217,4217,452,432,4159,28.1,416,382,38,155205
ABplppppp:95,ABplppppp,95,29546,4546,1088,1100,4499,27.1,419,376,39,141759
ABplppppp:96,ABplppppp,96,28780,3780,-15,-20,3718,28.1,413,378,40,176117
ABplppppp:97,ABplppppp,97,27766,2766,-1143,-1145,2736,29.0,403,380,38,158102
ABplppppp:98,ABplppppp,98,28086,3086,-643,-646,3045,29.0,399,376,38,163295
ABplppppp:99,ABplppppp,99,28549,3549,-114,-104,3470,28.0,401,372,40,181301
ABplppppp:100,ABplppppp,100,27300,2300,-1018,-987,2228,29.0,400,367,36,161092
ABplppppp:101,ABplppppp,101,28658,3658,-131,-124,3522,28.1,396,369,38,179003
ABplppppp:102,ABplppppp,102,28929,3929,208,123,3597,28.2,390,359,40,192038
ABplppppp:103,ABplppppp,103,28708,3708,192,217,3691,28.0,394,347,40,205613
ABplppppp:104,ABplppppp,104,27910,2910,-744,-793,2603,28.0,392,350,36,172413
ABplppppp:105,ABplppppp,105,28474,3474,-299,-290,2870,28.1,388,350,38,183514
ABplppppp:106,ABplppppp,106,28823,3823,382,385,2455,29.1,384,347,40,231767
ABplppppp:107,ABplppppp,107,28829,3829,120,49,3646,28.2,373,361,40,232253
ABplppppp:108,ABplppppp,108,28528,3528,-511,-557,2976,28.2,374,353,38,200275
ABplppppp:109,ABplppppp,109,28613,3613,-538,-541,3277,29.0,377,346,40,238692
ABplppppp:110,ABplppppp,110,28451,3451,-1010,-1006,2529,29.0,379,352,27,46580
ABplppppp:111,ABplppppp,111,28595,3595,-454,-354,2799,29.0,387,344,37,114495
ABplppppp:112,ABplppppp,112,29083,4083,-403,-348,3566,29.0,381,350,35,110226
ABplppppp:113,ABplppppp,113,28541,3541,-412,-380,2887,29.0,377,353,35,104831
ABplppppp:114,ABplppppp,114,29678,4678,859,852,3797,29.0,381,345,35,111164
ABplppppp:115,ABplppppp,115,28350,3350,-914,-919,2727,29.0,381,333,35,101881
ABplppppp:116,ABplppppp,116,28833,3833,-284,-309,3374,29.0,381,333,35,101881
ABplppppp:117,ABplppppp,117,28041,3041,-799,-811,2513,28.9,388,329,34,107707
ABplppppp:118,ABplppppp,118,30524,5524,1075,1072,3300,26.0,408,325,27,44772
ABplppppp:119,ABplppppp,119,29781,4781,150,153,3796,28.0,411,320,34,114198
ABplppppp:120,ABplppppp,120,29020,4020,-300,-316,3363,27.9,419,314,34,104049
ABplpppppa:121,ABplpppppa,121,28700,3700,-921,-837,885,27.3,419,314,32,104049
ABplpppppa:122,ABplpppppa,122,30611,5611,1067,1049,3654,26.6,419,314,30,104049
ABplpppppa:123,ABplpppppa,123,31014,6014,981,895,4190,26.0,418,315,27,49200
ABplpppppa:124,ABplpppppa,124,30325,5325,753,860,2553,26.0,418,315,27,49200
ABplpppppa:125,ABplpppppa,125,29924,4924,688,550,4030,28.1,425,323,32,95102
ABplpppppa:126,ABplpppppa,126,30091,5091,-66,170,2964,27.0,430,343,34,116015
ABplpppppa:127,ABplpppppa,127,29682,4682,-340,-152,2215,28.0,425,349,36,158192
ABplpppppa:128,ABplpppppa,128,30849,5849,831,1119,3238,27.0,426,357,36,167935
ABplpppppa:129,ABplpppppa,129,29309,4309,-534,-307,2460,28.1,424,352,36,161634
ABplpppppp:121,ABplpppppp,121,29097,4097,-434,-511,2693,28.0,446,334,33,93016
ABplpppppp:122,ABplpppppp,122,30433,5433,604,600,5136,28.1,457,350,32,98392
ABplpppppp:123,ABplpppppp,123,30992,5992,1019,1202,4741,27.1,463,354,34,120016
ABplpppppp:124,ABplpppppp,124,29190,4190,-1071,-1086,2101,27.2,463,360,34,114796
ABplpppppp:125,ABplpppppp,125,29778,4778,-261,-269,4295,28.0,465,371,32,104034
ABplpppppp:126,ABplpppppp,126,29365,4365,-881,-939,3344,27.1,470,377,34,139275
ABplpppppp:127,ABplpppppp,127,31313,6313,1000,991,5245,27.1,469,387,34,134566
ABplpppppp:128,ABplpppppp,128,28366,3366,-1807,-1708,2420,27.1,462,386,36,157484
ABplpppppp:129,ABplpppppp,129,29354,4354,-607,-402,3437,28.0,460,386,36,166336
ABpr:12,ABpr,12,27796,2796,-682,-681,2796,22.3,420,246,59,528113
ABpr:13,ABpr,13,27516,2516,-913,-929,2495,24.1,428,252,60,617124
ABpr:14,ABpr,14,27444,2444,-848,-848,2444,25.1,448,226,61,667458
ABpr:15,ABpr,15,27430,2430,-1343,-1286,2430,24.3,413,200,61,729570
ABpr:16,ABpr,16,27308,2308,-955,-943,2308,25.2,423,218,61,814935
ABpr:17,ABpr,17,27636,2636,-691,-691,2636,25.2,428,275,62,925758
ABpr:18,ABpr,18,27796,2796,-401,-401,2796,25.1,431,268,63,997912
ABpr:19,ABpr,19,27467,2467,-797,-797,2467,25.0,454,253,65,1263696
ABpr:20,ABpr,20,27512,2512,-827,-827,2512,24.1,467,244,65,955379
ABpr:21,ABpr,21,27675,2675,-1058,-1058,2675,20.9,466,227,63,1004453
ABpra:22,ABpra,22,28439,3439,-144,-189,3439,24.8,462,217,63,650902
ABpra:23,ABpra,23,28579,3579,-190,-196,3579,23.8,462,208,63,708440
ABpra:24,ABpra,24,27964,2964,-913,-910,2964,23.4,456,184,67,955027
ABpra:25,ABpra,25,27832,2832,-732,-715,2828,24.4,444,163,70,1342085
ABpra:26,ABpra,26,27885,2885,-891,-866,2874,24.2,426,156,71,1488876
ABpra:27,ABpra,27,27984,2984,-724,-684,2978,24.3,437,159,71,1555935
ABpra:28,ABpra,28,27682,2682,-1041,-1025,2682,24.4,420,158,72,1720444
ABpra:29,ABpra,29,27950,2950,-752,-745,2950,23.6,431,155,69,1659949
ABpra:30,ABpra,30,28083,3083,-667,-658,3076,22.5,436,164,73,2028887
ABpra:31,ABpra,31,27405,2405,-1412,-1410,2405,22.0,442,170,70,2023715
ABpra:32,ABpra,32,27833,2833,-905,-879,2818,22.0,435,174,69,1267160
ABpraa:33,ABpraa,33,28877,3877,131,133,3288,21.9,422,143,65,1033890
ABpraa:34,ABpraa,34,28729,3729,349,455,3305,22.8,436,142,64,1096676
ABpraa:35,ABpraa,35,28864,3864,341,315,3681,20.1,453,138,61,971989
ABpraa:36,ABpraa,36,28887,3887,313,349,3859,21.0,458,144,62,1103398
ABpraa:37,ABpraa,37,28927,3927,462,460,3927,22.1,444,142,63,1082695
ABpraa:38,ABpraa,38,28312,3312,-570,-571,3312,22.0,420,137,67,1453160
ABpraa:39,ABpraa,39,28217,3217,-523,-523,3217,22.1,418,133,64,1442321
ABpraa:40,ABpraa,40,28385,3385,-369,-367,3385,20.2,427,135,68,1688468
ABpraa:41,ABpraa,41,28218,3218,-509,-509,3218,21.9,421,136,62,1408818
ABpraa:42,ABpraa,42,28433,3433,-66,-67,3433,20.2,421,128,66,1558605
ABpraa:43,ABpraa,43,28437,3437,-347,-347,3437,22.0,407,129,63,1417957
ABpraa:44,ABpraa,44,27579,2579,-998,-999,2579,22.1,406,125,68,1776529
ABpraa:45,ABpraa,45,27807,2807,-934,-935,2807,22.9,406,125,62,1395181
ABpraa:46,ABpraa,46,28047,3047,-780,-781,3047,22.2,406,129,64,1573977
ABpraa:47,ABpraa,47,28294,3294,-331,-341,3294,23.0,402,133,67,1651308
ABpraa:48,ABpraa,48,28340,3340,-583,-585,3340,22.1,400,133,67,1597142
ABpraa:49,ABpraa,49,28252,3252,-562,-567,3252,22.1,400,133,67,1597142
ABpraaa:50,ABpraaa,50,28458,3458,-749,-751,3454,19.0,384,115,40,358542
ABpraaa:51,ABpraaa,51,28559,3559,-213,-180,3559,18.4,379,106,57,763435
ABpraaa:52,ABpraaa,52,28741,3741,124,154,3740,17.9,377,101,56,797031
ABpraaa:53,ABpraaa,53,27762,2762,-938,-938,2762,17.8,373,99,55,744958
ABpraaa:54,ABpraaa,54,28328,3328,-348,-348,3328,17.0,366,93,55,828340
ABpraaa:55,ABpraaa,55,28342,3342,-938,-944,3342,17.9,372,98,55,822425
ABpraaa:56,ABpraaa,56,28530,3530,-496,-491,3530,17.0,370,97,55,914980
ABpraaa:57,ABpraaa,57,28300,3300,-745,-744,3300,17.0,369,102,55,904657
ABpraaa:58,ABpraaa,58,27968,2968,-1151,-1141,2968,16.2,374,104,55,903790
ABpraaa:59,ABpraaa,59,27723,2723,-1325,-1312,2723,16.2,371,102,54,929776
ABpraaa:60,ABpraaa,60,28419,3419,-1211,-1211,3419,15.2,361,101,53,855386
ABpraaa:61,ABpraaa,61,27934,2934,-1318,-1323,2934,16.0,356,101,53,879034
ABpraaa:62,ABpraaa,62,27843,2843,-1571,-1571,2843,16.2,363,102,53,895123
ABpraaa:63,ABpraaa,63,28380,3380,-901,-862,3380,16.0,377,107,55,805588
ABpraaa:64,ABpraaa,64,27929,2929,-1255,-1255,2929,16.1,382,107,54,825524
ABpraaa:65,ABpraaa,65,28342,3342,-597,-597,3342,17.0,387,109,54,858890
ABpraaa:66,ABpraaa,66,28345,3345,-435,-435,3344,17.2,386,112,54,828019
ABpraaa:67,ABpraaa,67,28265,3265,-971,-971,3263,18.0,382,113,53,757999
ABpraaa:68,ABpraaa,68,28752,3752,-582,-582,3749,18.1,383,116,52,690894
ABpraaa:69,ABpraaa,69,28264,3264,-600,-598,3263,18.1,393,116,50,564348
ABpraaaa:70,ABpraaaa,70,28154,3154,93,134,3050,21.1,379,103,45,322075
ABpraaaa:71,ABpraaaa,71,28012,3012,-150,-135,2954,22.9,371,101,44,330113
ABpraaaa:72,ABpraaaa,72,27396,2396,-1037,-1088,2351,23.1,368,101,46,390683
ABpraaaa:73,ABpraaaa,73,27908,2908,-382,-420,2883,23.0,363,99,44,349881
ABpraaaa:74,ABpraaaa,74,27644,2644,-891,-886,2594,24.0,365,102,44,353313
ABpraaaa:75,ABpraaaa,75,27740,2740,-772,-818,2680,22.2,372,105,46,394992
ABpraaaa:76,ABpraaaa,76,27924,2924,-282,-262,2873,21.9,374,99,44,365387
ABpraaaa:77,ABpraaaa,77,28105,3105,-351,-316,3079,20.9,377,99,44,381132
ABpraaaa:78,ABpraaaa,78,28944,3944,662,618,3901,20.1,372,98,44,394900
ABpraaaa:79,ABpraaaa,79,28322,3322,-526,-494,3278,19.9,364,98,44,420518
ABpraaaa:80,ABpraaaa,80,28178,3178,-806,-825,3140,17.9,346,89,44,398305
ABpraaaa:81,ABpraaaa,81,28062,3062,-839,-833,3024,17.1,347,87,44,424709
ABpraaaa:82,ABpraaaa,82,27478,2478,-1092,-1112,2473,17.2,337,81,44,412024
ABpraaaa:83,ABpraaaa,83,28506,3506,-132,-121,3467,18.1,338,86,44,426007
ABpraaaa:84,ABpraaaa,84,27611,2611,-1120,-1145,2569,18.1,330,78,44,420065
ABpraaaa:85,ABpraaaa,85,28123,3123,-592,-630,3050,19.0,329,78,44,433217
ABpraaaa:86,ABpraaaa,86,28886,3886,-35,-21,3832,19.0,332,79,44,440932
ABpraaaa:87,ABpraaaa,87,28131,3131,-709,-744,2956,20.0,329,78,45,449872
ABpraaaa:88,ABpraaaa,88,27470,2470,-1685,-1584,2225,20.1,326,81,45,447997
ABpraaaa:89,ABpraaaa,89,27980,2980,-804,-808,2811,22.0,329,82,45,451481
ABpraaaa:90,ABpraaaa,90,28233,3233,-468,-485,3005,22.0,330,88,46,431627
ABpraaaa:91,ABpraaaa,91,27923,2923,-458,-519,2635,22.1,337,88,46,459218
ABpraaaa:92,ABpraaaa,92,27660,2660,-678,-667,2206,21.0,334,87,40,373908
ABpraaaa:93,ABpraaaa,93,28731,3731,91,47,3417,20.9,313,84,39,320237
ABpraaaaa:94,ABpraaaaa,94,28182,3182,-640,-925,1679,20.3,295,81,29,132047
ABpraaaaa:95,ABpraaaaa,95,29475,4475,695,754,3783,20.2,276,74,35,213526
ABpraaaaa:96,ABpraaaaa,96,29600,4600,1002,1030,3948,20.9,266,72,36,242996
ABpraaaaa:97,ABpraaaaa,97,27885,2885,-1296,-1265,1911,19.9,264,76,36,262587
ABpraaaaa:98,ABpraaaaa,98,28813,3813,149,148,3143,19.9,262,71,36,279450
ABpraaaaa:99,ABpraaaaa,99,29566,4566,-24,84,2729,19.1,268,76,38,314586
ABpraaaaa:100,ABpraaaaa,100,29037,4037,-353,-332,2419,19.0,267,82,36,280906
ABpraaaaa:101,ABpraaaaa,101,28894,3894,-718,-448,2518,19.1,268,81,38,316647
ABpraaaaa:102,ABpraaaaa,102,29401,4401,-162,-140,3375,18.9,270,78,36,283744
ABpraaaaa:103,ABpraaaaa,103,28513,3513,-430,-521,2872,19.0,268,70,36,302419
ABpraaaaa:104,ABpraaaaa,104,28275,3275,-755,-764,3041,19.1,276,70,36,273304
ABpraaaaa:105,ABpraaaaa,105,28122,3122,-423,-441,2600,19.1,281,68,38,298851
ABpraaaaa:106,ABpraaaaa,106,28721,3721,5,107,2880,18.4,286,68,38,291864
ABpraaaaa:107,ABpraaaaa,107,28884,3884,420,421,3472,20.1,287,66,38,340302
ABpraaaaa:108,ABpraaaaa,108,28058,3058,-834,-645,2694,19.9,283,67,36,309414
ABpraaaaa:109,ABpraaaaa,109,28458,3458,-228,-78,2907,20.9,289,67,36,317383
ABpraaaaa:110,ABpraaaaa,110,27971,2971,-1046,-854,2328,20.1,295,63,36,210014
ABpraaaaa:111,ABpraaaaa,111,29357,4357,390,367,4116,21.0,295,64,35,181417
ABpraaaaa:112,ABpraaaaa,112,28898,3898,-357,-215,3621,20.1,291,63,37,229242
ABpraaaaa:113,ABpraaaaa,113,28737,3737,-393,-48,3003,19.1,281,59,35,196642
ABpraaaaa:114,ABpraaaaa,114,29700,4700,325,1049,3222,17.2,284,59,37,218804
ABpraaaaa:115,ABpraaaaa,115,27962,2962,-632,-368,2174,17.1,289,60,29,113601
ABpraaaaa:116,ABpraaaaa,116,28613,3613,-422,-424,2788,19.2,283,62,39,273474
ABpraaaaa:117,ABpraaaaa,117,27970,2970,-841,-946,2432,20.2,288,63,36,255576
ABpraaaaa:118,ABpraaaaa,118,29172,4172,612,560,3665,20.2,277,61,36,245770
ABpraaaaa:119,ABpraaaaa,119,28346,3346,25,-28,2906,20.1,276,63,36,266890
ABpraaaaa:120,ABpraaaaa,120,27769,2769,-528,-380,2152,20.1,272,59,34,230980
ABpraaaaa:121,ABpraaaaa,121,28494,3494,-88,2,3006,20.2,265,59,37,266799
ABpraaaaa:122,ABpraaaaa,122,28290,3290,-574,-498,2625,21.0,260,59,34,228576
ABpraaaaa:123,ABpraaaaa,123,29294,4294,732,897,3526,19.1,258,56,34,215131
ABpraaaaa:124,ABpraaaaa,124,28034,3034,-800,-916,2523,19.1,267,59,36,288258
ABpraaaaa:125,ABpraaaaa,125,29516,4516,606,765,3585,19.3,269,62,36,257437
ABpraaaaa:126,ABpraaaaa,126,28390,3390,16,17,2596,20.0,273,62,36,294727
ABpraaaaa:127,ABpraaaaa,127,28482,3482,-888,-914,1340,20.0,274,75,32,229418
ABpraaaaaa:128,ABpraaaaaa,128,29478,4478,-1384,-661,-68,20.0,256,68,32,192979
ABpraaaaaa:129,ABpraaaaaa,129,29940,4940,-384,286,1108,20.0,251,64,32,192983
ABpraaaaap:128,ABpraaaaap,128,28388,3388,-270,-207,1744,19.1,301,77,32,188052
ABpraaaaap:129,ABpraaaaap,129,29405,4405,1138,1312,3272,18.9,301,74,32,200214
ABpraaaap:94,ABpraaaap,94,28821,3821,93,-22,3261,19.1,319,97,36,221106
ABpraaaap:95,ABpraaaap,95,28786,3786,45,13,3100,18.1,317,90,37,249828
ABpraaaap:96,ABpraaaap,96,28589,3589,-663,-700,2750,18.1,311,88,38,271641
ABpraaaap:97,ABpraaaap,97,27524,2524,-1799,-1810,1743,17.2,322,84,38,253603
ABpraaaap:98,ABpraaaap,98,28596,3596,-78,-86,3368,17.1,325,78,40,291710
ABpraaaap:99,ABpraaaap,99,28159,3159,-669,-700,2691,18.2,327,82,38,266909
ABpraaaap:100,ABpraaaap,100,27612,2612,-1128,-1071,2240,19.0,323,83,40,308691
ABpraaaap:101,ABpraaaap,101,28370,3370,-68,-16,2982,18.1,324,82,40,301438
ABpraaaap:102,ABpraaaap,102,27176,2176,-1815,-1939,1587,18.0,315,75,38,307025
ABpraaaap:103,ABpraaaap,103,28996,3996,695,687,3691,18.3,315,73,38,285572
ABpraaaap:104,ABpraaaap,104,27682,2682,-650,-459,2305,17.3,322,75,40,319470
ABpraaaap:105,ABpraaaap,105,28079,3079,-829,-707,2816,17.4,327,76,38,285770
ABpraaaap:106,ABpraaaap,106,28799,3799,684,840,3367,17.2,326,72,38,328715
ABpraaaap:107,ABpraaaap,107,28153,3153,-407,-285,2628,17.0,319,71,36,295121
ABpraaaap:108,ABpraaaap,108,28756,3756,490,523,3421,17.2,324,75,40,371258
ABpraaaap:109,ABpraaaap,109,28545,3545,-80,-112,3008,18.0,326,75,38,352944
ABpraaaap:110,ABpraaaap,110,28509,3509,-656,-714,3028,18.0,333,74,38,220105
ABpraaaap:111,ABpraaaap,111,28860,3860,-168,-131,3498,17.2,329,76,39,227088
ABpraaaap:112,ABpraaaap,112,27868,2868,-1061,-1014,2498,18.0,329,74,37,214355
ABpraaaap:113,ABpraaaap,113,28700,3700,-171,-56,3284,19.1,321,74,39,237849
ABpraaaap:114,ABpraaaap,114,28313,3313,-243,-251,2999,20.1,320,72,39,246388
ABpraaaap:115,ABpraaaap,115,28876,3876,217,127,3306,20.1,319,74,39,254765
ABpraaaap:116,ABpraaaap,116,28609,3609,-255,-289,2719,20.0,319,80,39,243335
ABpraaaap:117,ABpraaaap,117,27712,2712,-1228,-1306,1819,19.1,322,79,38,248348
ABpraaaap:118,ABpraaaap,118,28565,3565,-410,-342,2407,19.0,312,76,38,272819
ABpraaaap:119,ABpraaaap,119,27961,2961,-1056,-1074,2284,19.2,311,76,36,230628
ABpraaaap:120,ABpraaaap,120,28399,3399,-331,-398,2778,19.1,308,73,36,241297
ABpraaaap:121,ABpraaaap,121,28025,3025,-765,-796,2793,19.9,306,76,33,200328
ABpraaaap:122,ABpraaaap,122,28508,3508,-138,-193,2772,20.2,297,74,36,262860
ABpraaaapa:123,ABpraaaapa,123,28512,3512,-202,-274,2852,22.8,282,72,32,153935
ABpraaaapa:124,ABpraaaapa,124,28550,3550,-321,-167,2228,22.2,282,75,32,164342
ABpraaaapa:125,ABpraaaapa,125,28232,3232,-525,-697,2123,23.1,281,73,34,192033
ABpraaaapa:126,ABpraaaapa,126,28179,3179,-689,-611,1859,23.0,282,73,36,235001
ABpraaaapa:127,ABpraaaapa,127,28461,3461,-183,159,2219,23.0,282,73,36,235001
ABpraaaapa:128,ABpraaaapa,128,29316,4316,72,188,3048,22.1,285,79,36,240514
ABpraaaapa:129,ABpraaaapa,129,28391,3391,-1016,-931,1588,22.1,284,80,36,247707
ABpraaaapp:123,ABpraaaapp,123,28477,3477,-336,-390,2472,18.0,312,80,32,188325
ABpraaaapp:124,ABpraaaapp,124,29446,4446,597,603,3896,18.0,316,76,32,158090
ABpraaaapp:125,ABpraaaapp,125,28656,3656,-37,84,2866,19.1,318,76,36,215673
ABpraaaapp:126,ABpraaaapp,126,28530,3530,-349,-199,2996,19.0,321,79,36,224143
ABpraaaapp:127,ABpraaaapp,127,28401,3401,-76,5,2682,19.0,318,78,36,220450
ABpraaaapp:128,ABpraaaapp,128,29296,4296,467,351,3318,19.1,325,81,29,117530
ABpraaaapp:129,ABpraaaapp,129,28744,3744,147,210,2021,19.1,328,80,29,123762
ABpraaap:70,ABpraaap,70,29048,4048,-297,-283,3945,15.3,388,126,43,291710
ABpraaap:71,ABpraaap,71,28160,3160,-1571,-1415,3052,16.0,383,119,44,344424
ABpraaap:72,ABpraaap,72,28291,3291,-1631,-1159,3089,16.0,388,122,44,327243
ABpraaap:73,ABpraaap,73,28431,3431,-1601,-819,3048,15.0,389,120,44,349363
ABpraaap:74,ABpraaap,74,28419,3419,-1381,-628,3061,14.9,389,115,44,390377
ABpraaap:75,ABpraaap,75,28707,3707,-960,-515,3558,14.8,387,116,44,371179
ABpraaap:76,ABpraaap,76,28229,3229,-1649,-1274,3162,14.0,389,117,44,391279
ABpraaap:77,ABpraaap,77,28220,3220,-1664,-1079,3105,13.0,397,120,44,382243
ABpraaap:78,ABpraaap,78,28410,3410,-1660,-1156,3329,13.1,402,125,44,406801
ABpraaap:79,ABpraaap,79,28774,3774,-1254,-988,3678,14.1,396,126,44,384796
ABpraaap:80,ABpraaap,80,28892,3892,-1162,-930,3883,14.0,392,125,44,395697
ABpraaap:81,ABpraaap,81,28291,3291,-1473,-1409,3238,14.0,387,121,44,412042
ABpraaap:82,ABpraaap,82,27769,2769,-1397,-1410,2736,15.0,381,115,44,403612
ABpraaap:83,ABpraaap,83,28168,3168,-1337,-1344,3062,16.0,373,115,44,406823
ABpraaap:84,ABpraaap,84,28791,3791,-1161,-1052,3710,14.3,363,109,46,443538
ABpraaap:85,ABpraaap,85,28887,3887,-978,-898,3773,15.2,351,108,46,463601
ABpraaap:86,ABpraaap,86,28048,3048,-2087,-2120,2914,15.0,357,109,44,429250
ABpraaap:87,ABpraaap,87,28816,3816,-1232,-1220,3674,16.1,346,104,45,446829
ABpraaap:88,ABpraaap,88,29173,4173,-718,-700,4025,17.0,344,108,45,457552
ABpraaap:89,ABpraaap,89,28691,3691,-910,-882,3565,17.9,352,111,45,462053
ABpraaap:90,ABpraaap,90,28718,3718,-1780,-1471,3521,16.1,341,109,42,352200
ABpraaapa:91,ABpraaapa,91,28515,3515,-1992,-1010,2480,17.3,320,89,36,212653
ABpraaapa:92,ABpraaapa,92,28152,3152,-1362,-1099,2826,17.0,312,85,38,236693
ABpraaapa:93,ABpraaapa,93,28692,3692,-384,-262,3361,15.1,303,74,37,244235
ABpraaapa:94,ABpraaapa,94,28247,3247,-874,-839,2510,15.0,297,71,38,254517
ABpraaapa:95,ABpraaapa,95,28538,3538,-635,-556,2163,15.0,273,69,37,255517
ABpraaapa:96,ABpraaapa,96,27822,2822,-1204,-1101,1323,15.0,276,71,36,248964
ABpraaapa:97,ABpraaapa,97,28497,3497,-2153,-1322,934,14.1,281,76,36,252131
ABpraaapa:98,ABpraaapa,98,28657,3657,-1010,-608,1892,14.9,280,77,36,269601
ABpraaapa:99,ABpraaapa,99,29002,4002,-517,-116,2924,15.1,288,76,36,256318
ABpraaapa:100,ABpraaapa,100,28598,3598,-929,-893,2896,15.9,293,81,36,272969
ABpraaapa:101,ABpraaapa,101,28243,3243,-571,-480,2796,15.9,291,75,36,274827
ABpraaapa:102,ABpraaapa,102,29132,4132,-525,-648,2734,15.1,293,81,38,322156
ABpraaapa:103,ABpraaapa,103,28372,3372,-808,-884,2263,15.8,288,83,36,284285
ABpraaapa:104,ABpraaapa,104,28974,3974,-678,-845,3183,15.0,294,96,36,298939
ABpraaapa:105,ABpraaapa,105,29574,4574,-547,-651,3455,15.1,297,102,38,319228
ABpraaapa:106,ABpraaapa,106,29156,4156,-706,-834,3378,15.9,301,96,36,296231
ABpraaapa:107,ABpraaapa,107,30276,5276,360,181,4447,16.0,302,103,36,315651
ABpraaapa:108,ABpraaapa,108,28781,3781,-1475,-1472,2816,16.2,297,99,38,322476
ABpraaapa:109,ABpraaapa,109,29745,4745,-714,-636,3998,17.0,294,91,36,337254
ABpraaapa:110,ABpraaapa,110,29679,4679,-1104,-1326,3118,17.9,295,88,36,215553
ABpraaapa:111,ABpraaapa,111,29465,4465,-1481,-1337,2597,17.2,294,93,39,238884
ABpraaapa:112,ABpraaapa,112,29210,4210,-1807,-1535,2293,17.2,297,91,39,245734
ABpraaapa:113,ABpraaapa,113,29331,4331,-1188,-1074,3273,17.1,293,93,37,227679
ABpraaapa:114,ABpraaapa,114,29257,4257,-1180,-886,2977,17.1,292,92,39,243304
ABpraaapa:115,ABpraaapa,115,29484,4484,-855,-779,3396,17.0,283,88,39,262805
ABpraaapa:116,ABpraaapa,116,28444,3444,-1997,-1862,1841,16.1,280,79,39,279268
ABpraaapa:117,ABpraaapa,117,27896,2896,-2259,-2102,1687,16.2,284,79,36,245631
ABpraaapa:118,ABpraaapa,118,28928,3928,-1351,-1370,2906,16.2,275,84,38,262890
ABpraaapa:119,ABpraaapa,119,28449,3449,-1400,-1281,2231,16.3,271,82,38,261369
ABpraaapa:120,ABpraaapa,120,28515,3515,-960,-939,2636,17.1,272,86,34,208895
ABpraaapaa:121,ABpraaapaa,121,29093,4093,-1265,-1353,1993,18.9,249,87,33,169251
ABpraaapaa:122,ABpraaapaa,122,29496,4496,-1058,-1076,2629,20.0,244,88,32,175373
ABpraaapaa:123,ABpraaapaa,123,29667,4667,-1244,-1048,2621,20.1,244,84,34,191106
ABpraaapaa:124,ABpraaapaa,124,29445,4445,-2025,-1963,2800,20.9,240,81,32,181008
ABpraaapaa:125,ABpraaapaa,125,30715,5715,-71,-111,3149,20.3,242,83,34,187291
ABpraaapaa:126,ABpraaapaa,126,28796,3796,-1475,-1380,59,20.3,244,80,34,197656
ABpraaapaa:127,ABpraaapaa,127,28960,3960,-2416,-2008,650,20.1,250,92,32,197812
ABpraaapaa:128,ABpraaapaa,128,30313,5313,-905,-719,2298,19.2,252,95,34,213308
ABpraaapaa:129,ABpraaapaa,129,29961,4961,-1515,-1180,287,19.1,254,90,36,269519
ABpraaapap:121,ABpraaapap,121,28540,3540,-1078,-1151,2515,16.1,278,92,35,179618
ABpraaapap:122,ABpraaapap,122,28401,3401,-1117,-1363,2043,16.9,285,85,32,175882
ABpraaapap:123,ABpraaapap,123,29062,4062,-149,-328,2682,16.0,282,92,32,173608
ABpraaapap:124,ABpraaapap,124,29895,4895,257,250,3155,15.3,281,92,34,174088
ABpraaapap:125,ABpraaapap,125,29148,4148,-822,-747,2470,16.1,287,90,34,192400
ABpraaapap:126,ABpraaapap,126,29640,4640,78,346,2841,16.1,286,91,34,189414
ABpraaapap:127,ABpraaapap,127,30448,5448,294,404,3113,16.0,288,92,32,187069
ABpraaapap:128,ABpraaapap,128,28677,3677,-1569,-1790,1029,16.0,292,96,32,193433
ABpraaapap:129,ABpraaapap,129,31283,6283,217,105,3803,15.3,284,93,34,206237
ABpraaapp:91,ABpraaapp,91,29039,4039,-766,-818,3819,14.4,354,122,34,162816
ABpraaapp:92,ABpraaapp,92,29949,4949,-420,-444,4598,14.9,337,131,40,228408
ABpraaapp:93,ABpraaapp,93,30309,5309,-212,-378,4785,14.0,337,125,39,220274
ABpraaapp:94,ABpraaapp,94,28215,3215,-2222,-2390,2351,15.0,337,134,40,255786
ABpraaapp:95,ABpraaapp,95,29045,4045,-1443,-1625,2902,15.0,337,126,39,239902
ABpraaapp:96,ABpraaapp,96,28782,3782,-934,-936,3316,15.2,338,126,38,235219
ABpraaapp:97,ABpraaapp,97,28873,3873,-1047,-1186,3505,15.3,336,132,40,252673
ABpraaapp:98,ABpraaapp,98,28167,3167,-1881,-2034,2794,14.4,336,123,40,228594
ABpraaapp:99,ABpraaapp,99,28079,3079,-1468,-1521,2780,15.0,345,125,38,258823
ABpraaapp:100,ABpraaapp,100,29465,4465,-516,-513,4160,15.1,345,127,40,289221
ABpraaapp:101,ABpraaapp,101,29471,4471,-417,-425,4073,15.0,339,125,40,307874
ABpraaapp:102,ABpraaapp,102,29031,4031,-1029,-1092,3720,15.1,341,122,40,302720
ABpraaapp:103,ABpraaapp,103,29098,4098,-1491,-1535,3684,14.3,339,118,40,303483
ABpraaapp:104,ABpraaapp,104,29001,4001,-598,-664,3552,14.2,345,111,38,312670
ABpraaapp:105,ABpraaapp,105,28518,3518,-857,-890,3156,14.2,352,108,40,345837
ABpraaapp:106,ABpraaapp,106,28665,3665,-822,-890,3283,14.1,357,102,40,367595
ABpraaapp:107,ABpraaapp,107,29165,4165,-583,-805,3489,14.1,360,107,40,363111
ABpraaapp:108,ABpraaapp,108,27375,2375,-2114,-2191,1462,14.0,357,105,36,316605
ABpraaapp:109,ABpraaapp,109,28461,3461,-494,-595,2802,14.1,357,106,40,384639
ABpraaapp:110,ABpraaapp,110,28383,3383,-1784,-1847,2437,15.0,361,105,40,253862
ABpraaapp:111,ABpraaapp,111,28865,3865,-1252,-1479,2931,15.1,360,108,39,234965
ABpraaapp:112,ABpraaapp,112,28359,3359,-1362,-1445,2207,14.2,361,109,39,214404
ABpraaapp:113,ABpraaapp,113,28679,3679,-1215,-1222,2751,15.1,351,106,39,239275
ABpraaapp:114,ABpraaapp,114,28452,3452,-1594,-1551,2969,16.0,346,103,39,253247
ABpraaapp:115,ABpraaapp,115,30428,5428,578,595,5037,15.1,341,95,35,200599
ABpraaappa:116,ABpraaappa,116,28270,3270,-1587,-1594,2309,15.1,317,90,35,169045
ABpraaappa:117,ABpraaappa,117,28343,3343,-519,-753,2302,15.1,315,89,34,181887
ABpraaappa:118,ABpraaappa,118,29483,4483,74,-35,3627,15.0,310,92,34,179750
ABpraaappa:119,ABpraaappa,119,29181,4181,-520,-380,2949,14.8,309,93,34,169206
ABpraaappa:120,ABpraaappa,120,29085,4085,-1508,-1287,3001,14.9,307,93,34,170801
ABpraaappa:121,ABpraaappa,121,27493,2493,-3358,-3058,-702,15.0,304,97,33,167014
ABpraaappa:122,ABpraaappa,122,29269,4269,-1340,-1531,949,15.0,304,97,33,167014
ABpraaappa:123,ABpraaappa,123,28503,3503,-591,-840,1774,14.2,316,92,36,237822
ABpraaappa:124,ABpraaappa,124,30518,5518,169,-285,2116,14.3,308,103,34,191131
ABpraaappa:125,ABpraaappa,125,29843,4843,-1827,-2572,615,15.2,309,103,36,236908
ABpraaappa:126,ABpraaappa,126,30858,5858,-907,-1100,6,15.2,310,106,34,198086
ABpraaappa:127,ABpraaappa,127,29444,4444,-1343,-1276,416,16.0,313,105,32,185408
ABpraaappa:128,ABpraaappa,128,29323,4323,-1656,-1791,-213,16.1,316,110,32,188327
ABpraaappa:129,ABpraaappa,129,28718,3718,-1858,-2131,415,16.9,316,102,32,196361
ABpraaappp:116,ABpraaappp,116,29146,4146,-924,-1143,2928,15.8,365,112,35,169994
ABpraaappp:117,ABpraaappp,117,28827,3827,-1250,-1299,2842,15.1,371,107,34,162462
ABpraaappp:118,ABpraaappp,118,29341,4341,-605,-631,2636,16.1,359,101,34,175973
ABpraaappp:119,ABpraaappp,119,29371,4371,-109,-156,3288,17.0,361,93,36,203453
ABpraaappp:120,ABpraaappp,120,29549,4549,267,352,3598,17.1,361,91,38,217915
ABpraaappp:121,ABpraaappp,121,29004,4004,-802,-797,2557,16.5,358,95,38,217915
ABpraaappp:122,ABpraaappp,122,28167,3167,-2460,-2168,913,15.8,355,100,37,217915
ABpraaappp:123,ABpraaappp,123,29200,4200,-1421,-1110,1823,15.2,352,105,36,205366
ABpraaappp:124,ABpraaappp,124,29006,4006,-1870,-1317,1545,16.0,344,112,36,208961
ABpraaappp:125,ABpraaappp,125,28876,3876,-2368,-1791,1874,16.2,349,110,36,199043
ABpraaappp:126,ABpraaappp,126,29232,4232,-1943,-1458,2094,17.1,351,110,36,217113
ABpraaappp:127,ABpraaappp,127,28793,3793,-2094,-1628,1432,17.2,354,112,36,209772
ABpraaappp:128,ABpraaappp,128,28970,3970,-2332,-1860,1943,17.2,350,115,36,219225
ABpraaappp:129,ABpraaappp,129,28714,3714,-2214,-1777,1371,17.1,351,111,36,216341
ABpraap:50,ABpraap,50,28392,3392,-371,-367,3383,22.6,414,155,45,408320
ABpraap:51,ABpraap,51,28731,3731,-202,-166,3731,22.7,416,157,59,983521
ABpraap:52,ABpraap,52,28813,3813,-127,-118,3813,21.7,411,151,56,912967
ABpraap:53,ABpraap,53,28317,3317,-604,-604,3317,22.9,412,155,55,823212
ABpraap:54,ABpraap,54,28262,3262,-865,-866,3261,23.0,416,152,55,786410
ABpraap:55,ABpraap,55,29373,4373,269,345,4217,20.9,416,153,55,781192
ABpraap:56,ABpraap,56,28307,3307,-1002,-1002,3248,23.0,422,161,55,818963
ABpraap:57,ABpraap,57,28581,3581,-538,-525,3479,21.9,428,154,55,904581
ABpraap:58,ABpraap,58,28809,3809,-10,-11,3804,22.0,431,147,55,1010939
ABpraap:59,ABpraap,59,28977,3977,-136,-153,3964,22.1,429,139,54,965054
ABpraap:60,ABpraap,60,29087,4087,-206,-206,4075,20.0,421,138,55,1015872
ABpraap:61,ABpraap,61,28457,3457,-666,-629,3424,20.1,431,140,59,1116021
ABpraap:62,ABpraap,62,29062,4062,109,109,4047,21.1,429,138,59,1120213
ABpraap:63,ABpraap,63,28896,3896,-415,-406,3880,21.0,437,149,57,857537
ABpraap:64,ABpraap,64,27767,2767,-1470,-1478,2760,21.9,449,155,54,838496
ABpraap:65,ABpraap,65,27711,2711,-1325,-1318,2700,21.0,463,162,56,990466
ABpraap:66,ABpraap,66,28443,3443,-304,-309,3429,20.1,459,159,54,773977
ABpraap:67,ABpraap,67,27743,2743,-1384,-1387,2742,22.2,444,160,53,661216
ABpraapa:68,ABpraapa,68,28673,3673,91,109,3523,24.9,437,150,52,452404
ABpraapa:69,ABpraapa,69,28333,3333,-348,-351,3281,24.1,441,148,50,426628
ABpraapa:70,ABpraapa,70,28935,3935,465,451,3931,25.0,423,143,45,280005
ABpraapa:71,ABpraapa,71,27130,2130,-1552,-1511,2124,25.0,411,141,44,301229
ABpraapa:72,ABpraapa,72,28079,3079,-684,-708,3074,24.1,410,141,48,390028
ABpraapa:73,ABpraapa,73,27908,2908,-719,-710,2904,24.1,411,134,46,358460
ABpraapa:74,ABpraapa,74,27879,2879,-942,-897,2871,23.9,415,136,44,323104
ABpraapa:75,ABpraapa,75,28023,3023,-708,-680,3001,23.1,418,134,46,396117
ABpraapa:76,ABpraapa,76,27832,2832,-803,-775,2801,22.0,421,126,44,359219
ABpraapa:77,ABpraapa,77,28352,3352,-405,-359,3321,21.2,426,129,46,423736
ABpraapa:78,ABpraapa,78,28210,3210,-444,-411,3182,21.1,421,128,46,445748
ABpraapa:79,ABpraapa,79,28021,3021,-940,-898,2998,21.0,423,133,44,392405
ABpraapa:80,ABpraapa,80,28176,3176,-879,-870,3100,20.1,422,128,46,482075
ABpraapa:81,ABpraapa,81,29083,4083,21,-79,4009,20.0,423,127,44,416817
ABpraapa:82,ABpraapa,82,28394,3394,-480,-522,3315,20.1,421,128,44,421017
ABpraapa:83,ABpraapa,83,28891,3891,42,-1,3870,19.0,422,127,44,427349
ABpraapa:84,ABpraapa,84,28463,3463,-439,-486,3421,17.1,423,125,44,448012
ABpraapa:85,ABpraapa,85,28772,3772,-254,-289,3746,15.9,413,120,44,444651
ABpraapa:86,ABpraapa,86,28087,3087,-1097,-1124,3054,16.0,415,119,44,454403
ABpraapa:87,ABpraapa,87,28625,3625,-920,-968,3603,15.1,410,120,45,458618
ABpraapa:88,ABpraapa,88,28124,3124,-762,-783,3103,14.9,405,123,45,472946
ABpraapa:89,ABpraapa,89,27040,2040,-2063,-2097,1916,14.9,410,123,45,483301
ABpraapa:90,ABpraapa,90,28244,3244,-535,-538,3206,14.0,403,124,42,380273
ABpraapa:91,ABpraapa,91,28406,3406,-585,-633,3354,13.0,402,133,42,270304
ABpraapaa:92,ABpraapaa,92,28235,3235,-775,-673,3176,14.1,377,105,34,203529
ABpraapaa:93,ABpraapaa,93,27688,2688,-770,-696,2509,14.2,374,98,37,234290
ABpraapaa:94,ABpraapaa,94,28158,3158,-433,-449,3046,15.0,365,94,38,270334
ABpraapaa:95,ABpraapaa,95,28347,3347,-671,-617,3158,14.0,347,85,37,247367
ABpraapaa:96,ABpraapaa,96,27405,2405,-1543,-1372,1889,12.9,336,90,36,246697
ABpraapaa:97,ABpraapaa,97,28435,3435,-903,-824,3208,12.1,332,91,36,258637
ABpraapaa:98,ABpraapaa,98,27817,2817,-1709,-1674,2510,11.2,327,97,36,251886
ABpraapaa:99,ABpraapaa,99,28898,3898,-110,-121,3751,11.9,330,94,36,271001
ABpraapaa:100,ABpraapaa,100,27948,2948,-1344,-1323,2650,11.1,332,99,36,271739
ABpraapaa:101,ABpraapaa,101,28214,3214,-969,-961,2934,11.2,331,96,36,277663
ABpraapaa:102,ABpraapaa,102,28082,3082,-1447,-1454,2850,10.8,330,96,36,295138
ABpraapaa:103,ABpraapaa,103,28395,3395,-1163,-980,2960,10.9,323,94,36,281085
ABpraapaa:104,ABpraapaa,104,27733,2733,-1976,-1934,2316,10.9,315,96,36,297082
ABpraapaa:105,ABpraapaa,105,27060,2060,-2685,-2564,1419,11.1,318,95,36,308897
ABpraapaa:106,ABpraapaa,106,29362,4362,-1123,-752,3800,10.3,316,95,38,322517
ABpraapaa:107,ABpraapaa,107,29458,4458,-991,-447,3262,11.1,314,92,38,372531
ABpraapaa:108,ABpraapaa,108,29026,4026,-2110,-970,2288,11.1,310,91,36,343858
ABpraapaa:109,ABpraapaa,109,28408,3408,-2562,-1808,1462,11.1,313,91,36,356371
ABpraapaa:110,ABpraapaa,110,29061,4061,-1792,-1298,2952,11.0,322,92,36,224311
ABpraapaa:111,ABpraapaa,111,29286,4286,-1446,-795,3401,11.1,314,94,39,257110
ABpraapaa:112,ABpraapaa,112,30006,5006,-1040,-197,3898,11.1,310,93,39,256093
ABpraapaa:113,ABpraapaa,113,28741,3741,-2248,-1759,2659,11.3,314,91,37,231753
ABpraapaa:114,ABpraapaa,114,29346,4346,-1531,-948,3011,11.3,315,93,37,245223
ABpraapaa:115,ABpraapaa,115,29137,4137,-1425,-861,2858,11.1,310,93,39,273034
ABpraapaa:116,ABpraapaa,116,29087,4087,-1643,-1848,3211,12.0,297,90,39,283196
ABpraapaa:117,ABpraapaa,117,28418,3418,-1472,-1339,2886,11.3,293,87,38,274478
ABpraapaa:118,ABpraapaa,118,28411,3411,-1519,-1397,2595,11.2,287,86,36,261614
ABpraapaa:119,ABpraapaa,119,28614,3614,-358,-305,3297,11.2,278,82,36,266791
ABpraapaa:120,ABpraapaa,120,28707,3707,-1200,-1177,3393,11.3,266,79,36,252828
ABpraapaa:121,ABpraapaa,121,27953,2953,-2693,-2571,2131,11.9,268,89,33,216779
ABpraapaa:122,ABpraapaa,122,28365,3365,-2141,-2169,2650,12.1,272,91,32,211339
ABpraapaaa:123,ABpraapaaa,123,29814,4814,-132,-65,3962,13.1,255,81,30,154289
ABpraapaaa:124,ABpraapaaa,124,29766,4766,-624,-545,3460,12.1,249,80,30,159086
ABpraapaaa:125,ABpraapaaa,125,29494,4494,-491,-324,1288,11.9,250,77,32,183305
ABpraapaaa:126,ABpraapaaa,126,29707,4707,-2063,-337,-1525,12.8,243,82,32,175540
ABpraapaaa:127,ABpraapaaa,127,29110,4110,-1783,-725,1173,12.0,240,76,32,191394
ABpraapaaa:128,ABpraapaaa,128,28573,3573,-1487,-759,1266,12.1,240,74,34,208165
ABpraapaaa:129,ABpraapaaa,129,30610,5610,543,884,3167,12.8,235,71,32,200707
ABpraapaap:123,ABpraapaap,123,29278,4278,-406,-757,2531,11.9,295,90,27,104432
ABpraapaap:124,ABpraapaap,124,28895,3895,-466,-649,1948,11.9,292,88,27,98789
ABpraapaap:125,ABpraapaap,125,28681,3681,-1280,-1248,1258,12.9,296,89,32,189892
ABpraapaap:126,ABpraapaap,126,28671,3671,-1136,-920,2022,12.9,294,83,32,171175
ABpraapaap:127,ABpraapaap,127,29088,4088,-1590,-1099,569,13.1,290,84,34,202777
ABpraapaap:128,ABpraapaap,128,28940,3940,-1811,-1500,-654,13.0,294,85,34,216881
ABpraapaap:129,ABpraapaap,129,28479,3479,-2934,-1859,-2406,13.2,291,83,36,260803
ABpraapap:92,ABpraapap,92,28912,3912,-594,-579,3782,12.0,411,143,36,226938
ABpraapap:93,ABpraapap,93,27787,2787,-1337,-1284,2392,11.2,400,130,39,265905
ABpraapap:94,ABpraapap,94,27633,2633,-1329,-1346,2458,11.0,390,127,38,270960
ABpraapap:95,ABpraapap,95,28350,3350,-1200,-1199,3212,10.2,379,124,37,245018
ABpraapap:96,ABpraapap,96,28186,3186,-1144,-1176,2916,10.1,376,127,36,250294
ABpraapap:97,ABpraapap,97,28244,3244,-944,-1076,2828,10.1,378,130,36,253696
ABpraapap:98,ABpraapap,98,27787,2787,-2119,-2205,2280,10.0,377,131,36,263073
ABpraapap:99,ABpraapap,99,28702,3702,-969,-1047,3177,10.0,385,133,36,270886
ABpraapap:100,ABpraapap,100,27959,2959,-1591,-1829,2163,10.9,385,131,36,284145
ABpraapap:101,ABpraapap,101,28411,3411,-1566,-1634,2800,10.1,373,129,38,311989
ABpraapap:102,ABpraapap,102,28887,3887,-1452,-1377,2814,10.0,372,129,38,319386
ABpraapap:103,ABpraapap,103,28895,3895,-1860,-1481,2902,9.3,366,134,38,300567
ABpraapap:104,ABpraapap,104,28700,3700,-2140,-1857,3094,9.1,356,132,38,309081
ABpraapap:105,ABpraapap,105,28805,3805,-2209,-2042,3294,9.1,357,132,38,322391
ABpraapap:106,ABpraapap,106,27945,2945,-2374,-2255,2401,9.1,360,128,36,303486
ABpraapap:107,ABpraapap,107,29533,4533,-1177,-1002,4028,9.2,358,125,38,329839
ABpraapap:108,ABpraapap,108,28746,3746,-1814,-1753,3255,9.9,353,123,36,320675
ABpraapap:109,ABpraapap,109,28452,3452,-1981,-1894,2543,9.9,359,123,36,339189
ABpraapap:110,ABpraapap,110,29398,4398,-806,-758,3846,10.0,361,118,36,227396
ABpraapap:111,ABpraapap,111,28970,3970,-1831,-1511,3371,9.4,360,119,37,202525
ABpraapap:112,ABpraapap,112,28769,3769,-1818,-1769,2860,10.1,359,117,37,223154
ABpraapap:113,ABpraapap,113,29322,4322,-1957,-1404,3723,9.3,353,116,37,207795
ABpraapap:114,ABpraapap,114,28817,3817,-1623,-1279,3520,9.4,358,116,37,207658
ABpraapap:115,ABpraapap,115,28907,3907,-2008,-1814,3090,10.0,355,118,39,279881
ABpraapap:116,ABpraapap,116,28702,3702,-1824,-1545,2940,10.2,339,112,37,250663
ABpraapap:117,ABpraapap,117,29685,4685,-486,-622,3832,11.1,330,109,36,252461
ABpraapap:118,ABpraapap,118,28418,3418,-3163,-2050,1609,10.3,324,114,36,244192
ABpraapap:119,ABpraapap,119,29418,4418,-919,-821,2849,11.0,316,108,34,239782
ABpraapap:120,ABpraapap,120,29534,4534,-1701,-1522,3095,11.0,323,111,34,234232
ABpraapapa:121,ABpraapapa,121,29078,4078,-338,-446,3033,12.0,313,93,33,169783
ABpraapapa:122,ABpraapapa,122,28444,3444,-1574,-1686,835,12.9,316,90,32,187883
ABpraapapa:123,ABpraapapa,123,28396,3396,-1216,-1350,-475,11.9,324,95,32,180732
ABpraapapa:124,ABpraapapa,124,28112,3112,-1286,-1249,1058,11.9,320,94,32,188205
ABpraapapa:125,ABpraapapa,125,29487,4487,324,191,3084,12.8,326,87,32,172835
ABpraapapa:126,ABpraapapa,126,28497,3497,-600,-693,2533,12.8,327,86,32,183996
ABpraapapa:127,ABpraapapa,127,27930,2930,-1229,-1212,1638,13.0,325,86,32,192041
ABpraapapa:128,ABpraapapa,128,28534,3534,-782,-447,1395,13.0,329,88,34,215256
ABpraapapa:129,ABpraapapa,129,28599,3599,-619,-184,1735,13.2,323,83,36,261063
ABpraapapp:121,ABpraapapp,121,30193,5193,-800,-757,4522,10.0,347,126,33,159232
ABpraapapp:122,ABpraapapp,122,30025,5025,-95,-100,4073,10.1,356,127,32,150772
ABpraapapp:123,ABpraapapp,123,28847,3847,-1773,-1734,2876,9.9,360,127,32,156439
ABpraapapp:124,ABpraapapp,124,29074,4074,-1453,-1298,3064,9.8,352,126,32,159600
ABpraapapp:125,ABpraapapp,125,27996,2996,-1953,-1781,1858,10.8,362,114,32,169216
ABpraapapp:126,ABpraapapp,126,28853,3853,-1122,-1177,3130,11.9,363,105,32,171469
ABpraapapp:127,ABpraapapp,127,28711,3711,-1384,-1435,2691,12.0,357,106,32,172583
ABpraapapp:128,ABpraapapp,128,28936,3936,-1419,-1488,2138,12.2,358,113,32,174977
ABpraapapp:129,ABpraapapp,129,28427,3427,-1881,-1888,1174,13.0,354,108,32,189265
ABpraapp:68,ABpraapp,68,28707,3707,-540,-469,3630,20.2,439,176,45,661216
ABpraapp:69,ABpraapp,69,29227,4227,-249,-91,3880,18.2,434,192,37,202790
ABpraapp:70,ABpraapp,70,28563,3563,-994,-918,3409,18.1,431,189,45,300654
ABpraapp:71,ABpraapp,71,28096,3096,-2169,-1445,2554,16.2,433,193,48,404218
ABpraapp:72,ABpraapp,72,28255,3255,-1640,-1441,3068,17.1,434,197,48,433318
ABpraapp:73,ABpraapp,73,28956,3956,-439,-520,3871,17.9,440,180,44,364456
ABpraapp:74,ABpraapp,74,29783,4783,747,701,4574,18.0,443,174,44,342411
ABpraapp:75,ABpraapp,75,28572,3572,-377,-390,3464,18.0,447,187,48,518938
ABpraapp:76,ABpraapp,76,27949,2949,-1660,-1731,2866,18.0,448,178,44,402979
ABpraapp:77,ABpraapp,77,28033,3033,-1701,-1782,2895,17.1,455,184,46,487376
ABpraapp:78,ABpraapp,78,28084,3084,-1559,-1586,2855,17.1,459,180,48,574649
ABpraapp:79,ABpraapp,79,27596,2596,-1875,-1906,2502,18.1,461,183,48,573555
ABpraapp:80,ABpraapp,80,28025,3025,-1386,-1330,2745,17.1,461,176,48,560509
ABpraapp:81,ABpraapp,81,28606,3606,-925,-989,3394,17.3,468,171,48,560295
ABpraapp:82,ABpraapp,82,28313,3313,-1293,-1357,2842,17.2,455,181,48,552347
ABpraapp:83,ABpraapp,83,29274,4274,-14,-8,3617,17.2,456,179,48,566364
ABpraapp:84,ABpraapp,84,28011,3011,-1733,-1720,2798,16.2,454,178,48,586815
ABpraapp:85,ABpraapp,85,27813,2813,-1852,-1876,2669,16.0,447,173,46,544719
ABpraapp:86,ABpraapp,86,28305,3305,-1106,-1040,2970,16.0,450,168,46,567377
ABpraapp:87,ABpraapp,87,27762,2762,-1639,-1700,2329,15.0,448,165,45,452364
ABpraappa:88,ABpraappa,88,27122,2122,-2025,-2114,1668,15.0,434,161,32,198388
ABpraappa:89,ABpraappa,89,28092,3092,-1154,-1267,2940,15.1,416,162,30,189878
ABpraappa:90,ABpraappa,90,29715,4715,448,374,4613,15.0,403,172,44,299836
ABpraappa:91,ABpraappa,91,28346,3346,-975,-1070,2879,15.9,391,177,42,287471
ABpraappa:92,ABpraappa,92,28414,3414,-1322,-1381,2961,15.1,385,171,40,264992
ABpraappa:93,ABpraappa,93,28103,3103,-1638,-1728,2590,15.1,380,160,39,254708
ABpraappa:94,ABpraappa,94,27856,2856,-1237,-1223,2469,15.1,381,161,38,263350
ABpraappa:95,ABpraappa,95,28173,3173,-1423,-1412,2999,14.9,378,153,37,248016
ABpraappa:96,ABpraappa,96,28232,3232,-1541,-1645,2635,14.2,376,147,38,277526
ABpraappa:97,ABpraappa,97,28211,3211,-1138,-1216,2361,14.1,379,145,38,294564
ABpraappa:98,ABpraappa,98,28231,3231,-1398,-1571,2441,14.1,382,143,36,269749
ABpraappa:99,ABpraappa,99,28531,3531,-997,-1094,2355,13.9,386,143,36,280352
ABpraappa:100,ABpraappa,100,28659,3659,-696,-935,2595,14.0,392,143,36,290770
ABpraappa:101,ABpraappa,101,28603,3603,-908,-969,2804,13.2,388,145,38,308130
ABpraappa:102,ABpraappa,102,30021,5021,195,5,3962,13.1,383,144,40,364725
ABpraappa:103,ABpraappa,103,28501,3501,-1132,-1215,2462,12.3,383,140,40,345061
ABpraappa:104,ABpraappa,104,28058,3058,-1136,-1203,2411,12.1,388,138,40,361744
ABpraappa:105,ABpraappa,105,27976,2976,-1339,-1382,2583,12.0,391,130,36,326762
ABpraappa:106,ABpraappa,106,28047,3047,-1068,-1181,2797,12.0,396,126,38,389597
ABpraappa:107,ABpraappa,107,28339,3339,-1055,-1026,2904,12.2,398,131,38,372083
ABpraappa:108,ABpraappa,108,27285,2285,-2064,-2059,1699,12.8,397,131,36,347332
ABpraappa:109,ABpraappa,109,28432,3432,-883,-773,3144,12.2,397,125,38,375896
ABpraappa:110,ABpraappa,110,28359,3359,-1278,-1368,2882,12.1,398,126,38,253885
ABpraappa:111,ABpraappa,111,28302,3302,-1273,-1230,2950,12.1,393,125,39,251844
ABpraappa:112,ABpraappa,112,28941,3941,-892,-1086,3543,12.3,393,123,37,234067
ABpraappa:113,ABpraappa,113,28350,3350,-1241,-1302,3049,13.0,388,117,39,287933
ABpraappa:114,ABpraappa,114,28380,3380,-1080,-1192,3144,13.1,392,115,39,289635
ABpraappa:115,ABpraappa,115,28272,3272,-1232,-1307,2765,12.3,383,113,39,277204
ABpraappa:116,ABpraappa,116,28366,3366,-766,-744,2895,12.0,386,117,39,298240
ABpraappa:117,ABpraappa,117,28422,3422,-994,-1037,3032,11.2,379,117,38,296097
ABpraappa:118,ABpraappa,118,29709,4709,350,344,4349,12.1,367,109,38,307967
ABpraappa:119,ABpraappa,119,28964,3964,-636,-688,3629,13.0,368,106,36,307693
ABpraappa:120,ABpraappa,120,29207,4207,-811,-898,3313,13.9,372,107,34,244272
ABpraappaa:121,ABpraappaa,121,28580,3580,-1208,-1103,2359,13.1,351,97,31,171546
ABpraappaa:122,ABpraappaa,122,28048,3048,-1074,-1343,2018,13.9,349,95,32,192600
ABpraappaa:123,ABpraappaa,123,28488,3488,-532,-435,2649,12.9,353,92,32,202163
ABpraappaa:124,ABpraappaa,124,29568,4568,1090,1151,4025,13.8,348,88,32,201398
ABpraappaa:125,ABpraappaa,125,29642,4642,1176,1302,3852,15.0,351,80,32,201395
ABpraappaa:126,ABpraappaa,126,27866,2866,-636,-534,1943,15.3,349,79,32,204741
ABpraappaa:127,ABpraappaa,127,28520,3520,337,334,2956,15.9,348,79,32,218803
ABpraappaa:128,ABpraappaa,128,28824,3824,176,319,3072,15.2,350,83,32,221139
ABpraappaa:129,ABpraappaa,129,29548,4548,876,944,3973,15.9,350,80,32,225135
ABpraappap:121,ABpraappap,121,29037,4037,-451,-567,3267,13.1,384,123,33,178069
ABpraappap:122,ABpraappap,122,28102,3102,-1174,-1322,2591,13.8,392,114,32,172797
ABpraappap:123,ABpraappap,123,29025,4025,-477,-431,3549,13.1,395,116,32,185056
ABpraappap:124,ABpraappap,124,28722,3722,-312,-403,3261,13.3,390,112,34,186133
ABpraappap:125,ABpraappap,125,28595,3595,-994,-966,2982,14.3,398,112,36,237839
ABpraappap:126,ABpraappap,126,28571,3571,-774,-967,2472,14.4,395,111,36,223358
ABpraappap:127,ABpraappap,127,29777,4777,583,644,3780,14.4,391,110,36,232044
ABpraappap:128,ABpraappap,128,28946,3946,-461,-533,2970,15.3,390,112,36,244311
ABpraappap:129,ABpraappap,129,29649,4649,365,563,3515,16.1,391,109,36,248918
ABpraappp:88,ABpraappp,88,28567,3567,-734,-967,2994,15.0,460,184,45,341591
ABpraappp:89,ABpraappp,89,28979,3979,-392,-433,3439,14.2,469,199,39,273293
ABpraappp:90,ABpraappp,90,29744,4744,395,342,4021,14.0,466,192,44,302628
ABpraappp:91,ABpraappp,91,29267,4267,-27,-29,4132,14.0,455,198,42,291884
ABpraappp:92,ABpraappp,92,27988,2988,-1496,-1481,2866,13.9,451,195,40,262170
ABpraappp:93,ABpraappp,93,28531,3531,-944,-952,2914,14.1,450,194,39,242265
ABpraappp:94,ABpraappp,94,28827,3827,-598,-668,3343,13.1,444,185,42,284559
ABpraappp:95,ABpraappp,95,28388,3388,-1116,-1199,3219,13.1,439,160,41,266835
ABpraappp:96,ABpraappp,96,27734,2734,-1804,-1838,2571,13.0,440,155,40,291190
ABpraappp:97,ABpraappp,97,28289,3289,-1357,-1518,2998,13.1,438,156,40,310607
ABpraappp:98,ABpraappp,98,28346,3346,-1244,-1276,3079,12.0,435,160,40,311970
ABpraappp:99,ABpraappp,99,27727,2727,-1836,-1899,2579,12.1,435,170,40,299244
ABpraappp:100,ABpraappp,100,27949,2949,-2294,-2345,2446,12.2,441,175,40,295152
ABpraappp:101,ABpraappp,101,28196,3196,-1627,-1626,2803,12.2,431,171,40,327701
ABpraappp:102,ABpraappp,102,27422,2422,-2856,-2853,2068,12.1,434,167,40,319578
ABpraappp:103,ABpraappp,103,28533,3533,-1232,-1293,3327,12.1,437,166,40,342482
ABpraappp:104,ABpraappp,104,28181,3181,-1962,-2038,2843,12.1,434,169,40,346384
ABpraappp:105,ABpraappp,105,28246,3246,-1392,-1397,2981,12.1,435,167,40,356527
ABpraappp:106,ABpraappp,106,28208,3208,-2176,-2226,3016,12.0,437,163,40,360033
ABpraappp:107,ABpraappp,107,28409,3409,-1605,-1618,3199,12.0,438,167,40,381557
ABpraappp:108,ABpraappp,108,28339,3339,-1439,-1473,2972,12.2,439,168,40,373185
ABpraappp:109,ABpraappp,109,27743,2743,-2033,-2079,2434,13.1,443,162,40,399641
ABpraappp:110,ABpraappp,110,28323,3323,-2046,-2051,2960,14.0,446,158,40,256223
ABpraappp:111,ABpraappp,111,28609,3609,-1468,-1508,3117,14.1,435,159,39,250272
ABpraappp:112,ABpraappp,112,27704,2704,-2180,-2178,2141,14.2,435,152,39,252740
ABpraappp:113,ABpraappp,113,28549,3549,-1477,-1466,3147,14.1,433,148,39,266418
ABpraappp:114,ABpraappp,114,28028,3028,-1657,-1699,2543,14.1,427,144,35,218445
ABpraapppa:115,ABpraapppa,115,29001,4001,-1116,-1328,3435,14.0,412,136,35,174876
ABpraapppa:116,ABpraapppa,116,29076,4076,-536,-599,3361,13.3,412,138,31,132932
ABpraapppa:117,ABpraapppa,117,28577,3577,-1315,-1355,2664,13.2,418,138,34,173862
ABpraapppa:118,ABpraapppa,118,29057,4057,-530,-489,3670,12.4,413,133,36,196446
ABpraapppa:119,ABpraapppa,119,28870,3870,-885,-819,2868,13.9,408,134,34,180814
ABpraapppa:120,ABpraapppa,120,28319,3319,-994,-1104,2980,13.3,413,128,38,219911
ABpraapppa:121,ABpraapppa,121,27792,2792,-1763,-1784,2332,14.1,421,133,37,230526
ABpraapppa:122,ABpraapppa,122,27362,2362,-2358,-2548,2007,14.3,422,131,36,208624
ABpraapppa:123,ABpraapppa,123,28751,3751,-692,-769,3122,15.1,423,129,36,229011
ABpraapppa:124,ABpraapppa,124,29131,4131,-162,-188,3650,15.1,422,126,36,233224
ABpraapppa:125,ABpraapppa,125,29833,4833,501,483,4354,16.1,429,129,36,234306
ABpraapppa:126,ABpraapppa,126,28705,3705,-639,-842,3014,16.3,421,121,36,220455
ABpraapppa:127,ABpraapppa,127,29514,4514,-78,16,3764,17.0,419,125,36,248104
ABpraapppa:128,ABpraapppa,128,29286,4286,324,242,3755,16.3,421,126,36,229351
ABpraapppa:129,ABpraapppa,129,29428,4428,66,116,3679,17.2,416,127,36,233840
ABpraapppp:115,ABpraapppp,115,29165,4165,-1104,-826,3445,15.1,454,165,35,163744
ABpraapppp:116,ABpraapppp,116,29469,4469,-1018,-607,3496,14.8,463,172,35,173088
ABpraapppp:117,ABpraapppp,117,29017,4017,-948,-958,3209,15.0,469,167,34,173857
ABpraapppp:118,ABpraapppp,118,29927,4927,-312,106,3856,15.2,463,161,36,207957
ABpraapppp:119,ABpraapppp,119,29506,4506,-343,-208,3940,16.1,461,152,36,221044
ABpraapppp:120,ABpraapppp,120,30352,5352,749,758,5011,16.9,457,145,34,172910
ABpraapppp:121,ABpraapppp,121,29655,4655,-51,-114,3904,17.0,454,144,35,190844
ABpraapppp:122,ABpraapppp,122,27814,2814,-1459,-1450,2082,18.0,457,142,36,226222
ABpraapppp:123,ABpraapppp,123,30132,5132,1119,934,4576,17.2,461,146,34,176467
ABpraapppp:124,ABpraapppp,124,28938,3938,-643,-690,3278,17.3,458,147,36,214795
ABpraapppp:125,ABpraapppp,125,28425,3425,-902,-767,2702,17.3,465,152,36,203505
ABpraapppp:126,ABpraapppp,126,29248,4248,-310,-215,3307,18.1,460,150,36,223104
ABpraapppp:127,ABpraapppp,127,28858,3858,-1428,-1210,2700,18.3,455,151,36,219909
ABpraapppp:128,ABpraapppp,128,30134,5134,199,180,3882,19.1,454,152,34,202708
ABpraapppp:129,ABpraapppp,129,28798,3798,-744,-850,2604,19.2,452,147,36,243520
ABprap:33,ABprap,33,27872,2872,-852,-855,2868,19.0,454,185,41,324155
ABprap:34,ABprap,34,28122,3122,-961,-997,3122,18.9,477,188,64,947187
ABprap:35,ABprap,35,27952,2952,-1398,-1469,2947,17.8,478,190,59,769573
ABprap:36,ABprap,36,28227,3227,-1222,-1220,3227,17.9,491,204,60,921411
ABprap:37,ABprap,37,27990,2990,-1267,-1275,2990,18.8,503,199,61,1039575
ABprap:38,ABprap,38,28244,3244,-1007,-1017,3244,18.9,494,191,61,1167683
ABprap:39,ABprap,39,27907,2907,-1390,-1390,2907,18.8,493,193,62,1294746
ABprap:40,ABprap,40,27895,2895,-1484,-1485,2895,17.9,506,191,62,1388286
ABprap:41,ABprap,41,28203,3203,-1030,-1030,3203,17.9,507,191,62,1365140
ABprap:42,ABprap,42,28258,3258,-1071,-1073,3258,16.2,491,181,62,1418121
ABprap:43,ABprap,43,27672,2672,-1731,-1731,2672,17.8,485,178,61,1329664
ABprap:44,ABprap,44,28072,3072,-1443,-1443,3072,18.7,481,184,62,1370811
ABprap:45,ABprap,45,28169,3169,-948,-948,3169,17.8,486,184,62,1433690
ABprap:46,ABprap,46,27961,2961,-1139,-1139,2961,19.7,490,184,62,1420247
ABprap:47,ABprap,47,27724,2724,-1447,-1447,2724,19.7,484,191,61,1289592
ABprap:48,ABprap,48,28125,3125,-1379,-1379,3125,18.8,487,194,61,1381041
ABprap:49,ABprap,49,28394,3394,-1048,-1048,3394,15.2,486,193,58,965742
ABprapa:50,ABprapa,50,28244,3244,-472,-437,3233,14.3,476,168,51,551443
ABprapa:51,ABprapa,51,28148,3148,-684,-648,3148,14.3,464,159,55,691291
ABprapa:52,ABprapa,52,28782,3782,-134,-109,3782,14.2,471,159,56,812774
ABprapa:53,ABprapa,53,27877,2877,-1061,-1062,2877,15.0,476,160,55,795213
ABprapa:54,ABprapa,54,28578,3578,-328,-356,3578,16.0,471,155,55,844401
ABprapa:55,ABprapa,55,27855,2855,-1229,-1156,2855,16.8,477,157,55,866144
ABprapa:56,ABprapa,56,28323,3323,-598,-527,3323,16.2,471,156,55,913129
ABprapa:57,ABprapa,57,28039,3039,-1421,-1236,3027,16.0,469,163,55,930064
ABprapa:58,ABprapa,58,28664,3664,-695,-568,3656,14.9,469,163,55,955975
ABprapa:59,ABprapa,59,28565,3565,-560,-426,3565,15.1,468,164,54,935785
ABprapa:60,ABprapa,60,28679,3679,-698,-656,3679,14.0,466,166,53,855929
ABprapa:61,ABprapa,61,27934,2934,-2045,-1946,2934,14.0,464,169,53,867519
ABprapa:62,ABprapa,62,28061,3061,-1463,-1387,3061,15.0,469,169,53,877265
ABprapa:63,ABprapa,63,28298,3298,-974,-937,3298,15.1,480,175,55,792746
ABprapa:64,ABprapa,64,27994,2994,-1004,-1003,2994,15.1,490,179,54,823681
ABprapa:65,ABprapa,65,28196,3196,-1006,-1018,3195,15.2,496,187,54,847255
ABprapa:66,ABprapa,66,28205,3205,-895,-943,3199,15.1,492,189,54,859040
ABprapa:67,ABprapa,67,28267,3267,-715,-709,3267,15.1,487,183,53,678800
ABprapa:68,ABprapa,68,28444,3444,-630,-630,3435,14.5,478,175,48,577716
ABprapaa:69,ABprapaa,69,28228,3228,-875,-827,3140,16.9,459,158,50,504946
ABprapaa:70,ABprapaa,70,28336,3336,-592,-643,3282,17.1,456,148,47,428340
ABprapaa:71,ABprapaa,71,28405,3405,-643,-669,3397,18.9,463,146,44,342323
ABprapaa:72,ABprapaa,72,28081,3081,-643,-651,3071,18.1,463,149,44,359804
ABprapaa:73,ABprapaa,73,27564,2564,-1230,-1130,2494,16.9,465,145,44,382932
ABprapaa:74,ABprapaa,74,27804,2804,-880,-715,2561,15.8,461,147,44,393822
ABprapaa:75,ABprapaa,75,28688,3688,-25,55,3605,14.8,461,152,44,409229
ABprapaa:76,ABprapaa,76,27910,2910,-1263,-1289,2870,13.1,463,156,44,412198
ABprapaa:77,ABprapaa,77,28178,3178,-791,-738,3153,12.1,461,157,44,409313
ABprapaa:78,ABprapaa,78,27675,2675,-1590,-1594,2610,11.9,461,162,44,423911
ABprapaa:79,ABprapaa,79,27879,2879,-1304,-1192,2848,11.1,451,164,44,417139
ABprapaa:80,ABprapaa,80,28473,3473,-820,-620,3430,11.1,453,163,44,419970
ABprapaa:81,ABprapaa,81,28618,3618,-1170,-862,3561,11.1,447,160,44,422594
ABprapaa:82,ABprapaa,82,27456,2456,-1856,-1822,2393,12.0,450,159,44,441183
ABprapaa:83,ABprapaa,83,27707,2707,-1878,-1847,2707,11.2,443,159,44,438472
ABprapaa:84,ABprapaa,84,28261,3261,-1464,-1458,3261,10.1,439,161,44,441835
ABprapaa:85,ABprapaa,85,28090,3090,-2652,-2577,3065,9.1,427,167,44,438769
ABprapaa:86,ABprapaa,86,28559,3559,-2563,-2542,3559,8.9,433,173,44,426263
ABprapaa:87,ABprapaa,87,29323,4323,-1948,-1656,4231,8.9,438,174,45,457464
ABprapaa:88,ABprapaa,88,28678,3678,-3142,-2123,3563,8.9,439,176,45,445046
ABprapaa:89,ABprapaa,89,27697,2697,-2979,-2509,2564,9.9,445,174,45,478393
ABprapaa:90,ABprapaa,90,27872,2872,-3717,-3311,2754,9.0,432,184,44,384370
ABprapaa:91,ABprapaa,91,28548,3548,-2305,-2264,3517,9.0,428,183,42,375325
ABprapaa:92,ABprapaa,92,27790,2790,-2492,-2519,2748,9.0,421,185,40,330330
ABprapaaa:93,ABprapaaa,93,29978,4978,59,-41,4779,9.1,409,164,29,139821
ABprapaaa:94,ABprapaaa,94,28193,3193,-2877,-2816,2972,8.3,389,167,34,188743
ABprapaaa:95,ABprapaaa,95,29195,4195,-2327,-2444,3902,8.1,391,165,37,227784
ABprapaaa:96,ABprapaaa,96,28848,3848,-2119,-2164,3616,7.9,395,162,36,229951
ABprapaaa:97,ABprapaaa,97,29771,4771,-1395,-1410,4518,7.9,396,162,36,249363
ABprapaaa:98,ABprapaaa,98,29312,4312,-1750,-1780,4037,8.0,393,164,36,242812
ABprapaaa:99,ABprapaaa,99,28876,3876,-1769,-1824,3410,8.1,391,167,36,261309
ABprapaaa:100,ABprapaaa,100,29598,4598,-1354,-1228,4240,8.1,399,162,36,262601
ABprapaaa:101,ABprapaaa,101,30721,5721,-568,-639,5551,7.3,397,160,38,266193
ABprapaaa:102,ABprapaaa,102,29290,4290,-2049,-2200,4089,7.9,397,161,36,254388
ABprapaaa:103,ABprapaaa,103,29379,4379,-2171,-2276,4196,7.9,398,165,36,270352
ABprapaaa:104,ABprapaaa,104,29439,4439,-1500,-1617,4310,8.2,394,164,36,280153
ABprapaaa:105,ABprapaaa,105,29310,4310,-1925,-1993,4207,8.2,397,165,36,278574
ABprapaaa:106,ABprapaaa,106,29814,4814,-1868,-1878,4745,7.5,399,165,38,271198
ABprapaaa:107,ABprapaaa,107,29604,4604,-1994,-2090,4448,8.1,400,160,38,324000
ABprapaaa:108,ABprapaaa,108,28636,3636,-2192,-2251,3543,8.8,400,157,36,306661
ABprapaaa:109,ABprapaaa,109,28580,3580,-2857,-3083,3415,8.5,403,157,38,304377
ABprapaaa:110,ABprapaaa,110,28968,3968,-1493,-1654,3658,9.0,412,152,36,208067
ABprapaaa:111,ABprapaaa,111,29352,4352,-1454,-1546,4152,9.2,413,157,39,222562
ABprapaaa:112,ABprapaaa,112,29143,4143,-940,-1128,3818,10.1,412,158,39,237461
ABprapaaa:113,ABprapaaa,113,28649,3649,-1696,-1679,3368,9.3,407,151,37,216801
ABprapaaa:114,ABprapaaa,114,29127,4127,-1535,-1350,3785,9.3,410,153,39,244440
ABprapaaa:115,ABprapaaa,115,28801,3801,-2193,-1925,3360,9.2,419,164,39,239399
ABprapaaa:116,ABprapaaa,116,28900,3900,-2292,-1861,3259,9.3,422,168,39,238738
ABprapaaa:117,ABprapaaa,117,28809,3809,-2927,-2609,2308,10.2,418,169,38,260830
ABprapaaa:118,ABprapaaa,118,28862,3862,-2354,-1898,2761,10.1,418,168,38,268981
ABprapaaa:119,ABprapaaa,119,29646,4646,-1943,-1267,2223,10.2,408,157,38,290864
ABprapaaa:120,ABprapaaa,120,29288,4288,-2168,-1973,1665,11.1,402,157,38,302597
ABprapaaa:121,ABprapaaa,121,30555,5555,-911,-429,2560,11.0,398,160,37,282102
ABprapaaa:122,ABprapaaa,122,30465,5465,-1059,-490,-679,11.0,403,161,32,199206
ABprapaaaa:123,ABprapaaaa,123,31032,6032,-828,-726,1925,11.2,396,156,30,151865
ABprapaaaa:124,ABprapaaaa,124,29883,4883,-1397,-1391,2141,11.2,392,149,28,124177
ABprapaaaa:125,ABprapaaaa,125,31609,6609,23,183,2696,12.1,397,147,32,176809
ABprapaaaa:126,ABprapaaaa,126,30588,5588,-776,-984,2221,12.9,397,147,32,177937
ABprapaaaa:127,ABprapaaaa,127,31221,6221,-956,-887,1427,13.1,397,146,32,179295
ABprapaaaa:128,ABprapaaaa,128,30142,5142,-2332,-1843,-972,13.9,400,153,32,173923
ABprapaaaa:129,ABprapaaaa,129,32444,7444,771,1266,148,14.0,397,146,32,189830
ABprapaaap:123,ABprapaaap,123,29586,4586,-1738,-1839,1576,12.0,427,170,32,163584
ABprapaaap:124,ABprapaaap,124,29628,4628,-1567,-1595,1603,11.9,439,171,32,173811
ABprapaaap:125,ABprapaaap,125,31275,6275,2,-274,1745,12.1,439,170,32,173811
ABprapaaap:126,ABprapaaap,126,31612,6612,-511,-318,1804,12.4,439,169,32,173811
ABprapaaap:127,ABprapaaap,127,31104,6104,-2393,-1594,-1303,12.6,439,168,33,173811
ABprapaaap:128,ABprapaaap,128,29590,4590,-3605,-3234,-743,12.9,439,167,33,173811
ABprapaaap:129,ABprapaaap,129,29145,4145,-3679,-2738,-3605,13.1,438,165,34,208186
ABprapaap:93,ABprapaap,93,28372,3372,-1441,-1561,2977,9.0,445,192,33,197636
ABprapaap:94,ABprapaap,94,30000,5000,-1371,-1345,4683,7.4,436,195,32,161005
ABprapaap:95,ABprapaap,95,29189,4189,-2381,-2482,4056,7.9,439,193,37,243381
ABprapaap:96,ABprapaap,96,29364,4364,-1733,-1822,4227,8.1,440,197,36,235561
ABprapaap:97,ABprapaap,97,29451,4451,-1562,-1706,4191,8.0,444,194,36,244738
ABprapaap:98,ABprapaap,98,28877,3877,-2471,-2541,3632,7.9,438,193,36,253340
ABprapaap:99,ABprapaap,99,30604,5604,-403,-538,5324,7.2,438,198,36,247995
ABprapaap:100,ABprapaap,100,29351,4351,-2145,-2289,4107,7.8,440,196,36,255169
ABprapaap:101,ABprapaap,101,29979,4979,-1423,-1525,4733,7.8,439,196,36,260502
ABprapaap:102,ABprapaap,102,29713,4713,-2021,-2074,4588,7.8,442,194,36,264935
ABprapaap:103,ABprapaap,103,30827,5827,-291,-280,5734,7.3,439,201,38,289317
ABprapaap:104,ABprapaap,104,30677,5677,-895,-911,5560,7.1,435,202,36,281656
ABprapaap:105,ABprapaap,105,30154,5154,-1246,-1184,5079,7.9,432,200,36,300070
ABprapaap:106,ABprapaap,106,30199,5199,-932,-983,5084,7.9,435,202,36,296140
ABprapaap:107,ABprapaap,107,29598,4598,-2116,-2091,4535,8.0,430,200,36,305168
ABprapaap:108,ABprapaap,108,29339,4339,-2321,-2339,4215,8.0,434,195,36,305571
ABprapaap:109,ABprapaap,109,29060,4060,-2252,-2487,3860,9.0,431,187,36,328148
ABprapaap:110,ABprapaap,110,29826,4826,-253,-247,4698,10.1,442,189,36,207905
ABprapaap:111,ABprapaap,111,29641,4641,-398,-413,4560,10.1,451,189,37,211251
ABprapaap:112,ABprapaap,112,28215,3215,-1497,-1558,3100,10.0,449,188,35,195304
ABprapaap:113,ABprapaap,113,29717,4717,-147,-147,4689,10.1,452,185,35,197087
ABprapaap:114,ABprapaap,114,28917,3917,-891,-893,3857,10.2,455,186,37,226903
ABprapaap:115,ABprapaap,115,28856,3856,-1415,-1448,3575,10.5,463,188,37,191849
ABprapaap:116,ABprapaap,116,29091,4091,-503,-484,3769,10.3,471,195,37,227652
ABprapaap:117,ABprapaap,117,28670,3670,-1778,-1681,3043,10.2,469,194,36,245921
ABprapaap:118,ABprapaap,118,30205,5205,92,52,4376,11.1,465,186,36,257314
ABprapaap:119,ABprapaap,119,27511,2511,-2758,-2700,1416,11.2,461,183,34,216470
ABprapaap:120,ABprapaap,120,28796,3796,-1197,-1167,2471,12.1,457,177,36,271700
ABprapaap:121,ABprapaap,121,28734,3734,-857,-821,2609,12.1,463,174,37,270430
ABprapaap:122,ABprapaap,122,30031,5031,-700,-673,3359,12.4,464,174,34,195892
ABprapaap:123,ABprapaap,123,29017,4017,-1275,-1220,2940,14.0,465,179,36,267033
ABprapaap:124,ABprapaap,124,28904,3904,-985,-1074,2984,14.0,468,178,32,213564
ABprapaapa:125,ABprapaapa,125,29436,4436,-1436,-306,708,14.1,455,172,34,208168
ABprapaapa:126,ABprapaapa,126,30372,5372,-4,608,2221,14.2,456,165,34,212762
ABprapaapa:127,ABprapaapa,127,28567,3567,-1917,-1230,183,14.2,458,166,32,205304
ABprapaapa:128,ABprapaapa,128,29153,4153,-2735,-1629,1052,14.2,452,165,34,209924
ABprapaapa:129,ABprapaapa,129,28927,3927,-477,-267,3039,15.2,457,159,32,191324
ABprapaapp:125,ABprapaapp,125,30253,5253,1479,1439,4653,14.3,499,191,30,148060
ABprapaapp:126,ABprapaapp,126,28570,3570,-978,-1080,2713,15.0,498,190,32,176222
ABprapaapp:127,ABprapaapp,127,29560,4560,-445,-666,3517,15.1,490,193,32,179556
ABprapaapp:128,ABprapaapp,128,29059,4059,-1107,-1208,2337,15.8,487,187,32,172285
ABprapaapp:129,ABprapaapp,129,29790,4790,-79,-133,3826,16.2,490,178,32,175282
ABprapap:69,ABprapap,69,28780,3780,-1159,-1133,3735,12.1,473,193,40,302214
ABprapap:70,ABprapap,70,28670,3670,-752,-759,3655,12.0,469,185,45,336899
ABprapap:71,ABprapap,71,28350,3350,-1242,-1282,3316,12.0,465,187,44,337102
ABprapap:72,ABprapap,72,28102,3102,-1936,-1943,3102,11.0,466,194,44,354094
ABprapap:73,ABprapap,73,28113,3113,-1961,-1961,3113,10.0,470,194,44,347766
ABprapap:74,ABprapap,74,28190,3190,-1410,-1408,3190,10.1,474,199,44,359979
ABprapap:75,ABprapap,75,28968,3968,-1254,-1236,3960,10.1,473,205,44,358674
ABprapap:76,ABprapap,76,28695,3695,-1550,-1382,3648,10.0,477,208,44,368736
ABprapap:77,ABprapap,77,27988,2988,-2144,-2020,2971,10.1,487,209,48,496734
ABprapap:78,ABprapap,78,29073,4073,-927,-892,4043,10.0,496,220,46,437920
ABprapap:79,ABprapap,79,28555,3555,-1356,-1218,3512,10.0,488,220,44,391688
ABprapap:80,ABprapap,80,29461,4461,-792,-584,4431,10.3,487,220,46,455683
ABprapap:81,ABprapap,81,27902,2902,-2211,-2044,2872,10.3,488,215,46,451767
ABprapap:82,ABprapap,82,27782,2782,-2134,-2180,2754,11.1,485,206,46,472779
ABprapap:83,ABprapap,83,27735,2735,-2061,-2038,2721,10.3,487,207,46,451103
ABprapap:84,ABprapap,84,28259,3259,-1559,-1582,3216,10.2,491,212,46,482116
ABprapap:85,ABprapap,85,28809,3809,-1516,-1610,3744,9.2,484,221,46,462480
ABprapap:86,ABprapap,86,28207,3207,-1862,-1885,3162,10.2,489,224,44,434102
ABprapap:87,ABprapap,87,28861,3861,-1055,-1115,3825,10.3,494,229,47,498826
ABprapap:88,ABprapap,88,28235,3235,-1558,-1548,3227,10.3,486,240,47,502181
ABprapap:89,ABprapap,89,28572,3572,-1312,-1316,3557,10.0,487,240,45,385636
ABprapapa:90,ABprapapa,90,29481,4481,-1260,-1271,4450,8.3,471,223,38,207958
ABprapapa:91,ABprapapa,91,29100,4100,-1642,-1657,4077,8.1,468,222,36,215699
ABprapapa:92,ABprapapa,92,28967,3967,-1814,-1819,3960,8.0,466,225,40,251191
ABprapapa:93,ABprapapa,93,28804,3804,-2490,-2669,3625,7.9,469,220,39,225874
ABprapapa:94,ABprapapa,94,30778,5778,-521,-562,5502,7.2,460,224,38,240490
ABprapapa:95,ABprapapa,95,30611,5611,86,-30,5506,7.3,470,224,39,226214
ABprapapa:96,ABprapapa,96,28978,3978,-2907,-3108,3830,7.9,471,225,36,229013
ABprapapa:97,ABprapapa,97,30531,5531,-512,-677,5299,7.4,467,225,38,227138
ABprapapa:98,ABprapapa,98,29947,4947,-627,-815,4820,8.1,468,221,36,236213
ABprapapa:99,ABprapapa,99,28921,3921,-2122,-2201,3683,8.1,466,224,36,245777
ABprapapa:100,ABprapapa,100,29322,4322,-1708,-1780,4132,8.0,470,227,36,258304
ABprapapa:101,ABprapapa,101,29721,4721,-1539,-1621,4542,8.0,471,225,38,284497
ABprapapa:102,ABprapapa,102,30058,5058,30,6,4878,8.8,480,221,36,254422
ABprapapa:103,ABprapapa,103,29807,4807,-1238,-1323,4616,8.1,480,225,36,271400
ABprapapa:104,ABprapapa,104,30036,5036,-1312,-1239,4810,8.2,481,226,36,281464
ABprapapa:105,ABprapapa,105,29429,4429,-1102,-1103,4303,8.8,485,228,36,280364
ABprapapa:106,ABprapapa,106,29665,4665,-1611,-1232,4462,8.3,483,225,38,305535
ABprapapa:107,ABprapapa,107,28054,3054,-3269,-2866,2770,9.2,483,224,40,364273
ABprapapa:108,ABprapapa,108,29283,4283,-1915,-991,3680,9.4,493,228,38,325599
ABprapapa:109,ABprapapa,109,28675,3675,-2556,-1622,3141,9.3,493,224,38,329395
ABprapapa:110,ABprapapa,110,28107,3107,-3278,-2196,2127,10.0,501,227,40,262949
ABprapapa:111,ABprapapa,111,28408,3408,-2455,-1980,2938,10.0,506,231,39,246687
ABprapapa:112,ABprapapa,112,28872,3872,-1871,-1226,3023,10.0,508,234,39,249851
ABprapapa:113,ABprapapa,113,29124,4124,-2226,-1699,3569,9.2,509,240,37,218704
ABprapapa:114,ABprapapa,114,28252,3252,-2279,-2078,2936,10.1,521,245,39,265845
ABprapapa:115,ABprapapa,115,29309,4309,-732,-150,3681,10.3,525,247,37,229314
ABprapapa:116,ABprapapa,116,29719,4719,-873,-200,4270,10.4,527,250,39,260359
ABprapapa:117,ABprapapa,117,28826,3826,-1101,-1085,3593,10.3,536,257,38,276003
ABprapapa:118,ABprapapa,118,28480,3480,-1829,-1579,3125,10.2,532,252,38,283907
ABprapapa:119,ABprapapa,119,29044,4044,-1238,-1245,3889,10.1,529,254,38,305075
ABprapapa:120,ABprapapa,120,29506,4506,-541,-546,3936,9.9,512,244,34,230938
ABprapapaa:121,ABprapapaa,121,29851,4851,-1742,-1026,3165,9.1,504,234,33,173996
ABprapapaa:122,ABprapapaa,122,28816,3816,-1869,-1637,3005,9.0,492,211,32,171274
ABprapapaa:123,ABprapapaa,123,29387,4387,-1272,-777,3489,9.1,489,208,32,168321
ABprapapaa:124,ABprapapaa,124,28327,3327,-2104,-1863,2452,9.9,491,206,32,183458
ABprapapaa:125,ABprapapaa,125,28652,3652,-1534,-1092,2250,10.0,506,213,32,173563
ABprapapaa:126,ABprapapaa,126,28122,3122,-1940,-1478,2289,10.1,503,201,32,183071
ABprapapaa:127,ABprapapaa,127,28022,3022,-2567,-2179,2179,10.3,504,203,34,191941
ABprapapaa:128,ABprapapaa,128,28648,3648,-1398,-831,2895,11.4,513,207,36,226098
ABprapapaa:129,ABprapapaa,129,28213,3213,-1326,-1395,2253,12.8,521,206,32,195389
ABprapapap:121,ABprapapap,121,28394,3394,-818,-847,2640,10.5,527,264,29,122517
ABprapapap:122,ABprapapap,122,29259,4259,-477,-497,3766,10.0,523,255,32,171079
ABprapapap:123,ABprapapap,123,28555,3555,-930,-1032,2960,11.0,529,249,32,169316
ABprapapap:124,ABprapapap,124,28951,3951,-481,-669,3051,10.9,532,248,32,174219
ABprapapap:125,ABprapapap,125,28486,3486,-556,-584,2715,11.4,546,246,34,186305
ABprapapap:126,ABprapapap,126,27591,2591,-1261,-1130,1736,11.1,543,242,32,183010
ABprapapap:127,ABprapapap,127,28882,3882,-109,-78,3198,11.1,543,245,32,198273
ABprapapap:128,ABprapapap,128,28506,3506,-637,-571,2129,12.9,550,247,32,199833
ABprapapap:129,ABprapapap,129,29135,4135,57,62,3535,12.5,552,246,34,184104
ABprapapp:90,ABprapapp,90,30355,5355,54,44,5341,8.3,494,273,36,195103
ABprapapp:91,ABprapapp,91,30036,5036,-409,-409,5019,8.3,494,278,38,210302
ABprapapp:92,ABprapapp,92,28842,3842,-1469,-1554,3764,8.8,495,280,40,241609
ABprapapp:93,ABprapapp,93,30002,5002,-601,-640,4945,8.2,502,285,41,246245
ABprapapp:94,ABprapapp,94,29863,4863,-542,-493,4773,8.1,501,294,38,236138
ABprapapp:95,ABprapapp,95,29897,4897,-749,-712,4693,8.2,513,290,39,233345
ABprapapp:96,ABprapapp,96,28619,3619,-2094,-1985,3320,8.9,512,293,36,225372
ABprapapp:97,ABprapapp,97,29661,4661,-428,-462,4554,9.1,510,287,38,262324
ABprapapp:98,ABprapapp,98,28741,3741,-2102,-2209,3536,9.1,514,284,38,275952
ABprapapp:99,ABprapapp,99,29424,4424,-739,-811,4281,9.1,512,286,40,294301
ABprapapp:100,ABprapapp,100,28604,3604,-820,-954,3498,10.0,514,287,40,301802
ABprapapp:101,ABprapapp,101,27610,2610,-2235,-2316,2423,10.1,519,285,36,262604
ABprapapp:102,ABprapapp,102,29269,4269,-337,-245,4085,11.1,519,282,36,277392
ABprapapp:103,ABprapapp,103,29098,4098,-530,-483,4006,10.3,519,282,38,289809
ABprapapp:104,ABprapapp,104,29295,4295,-288,-341,4190,10.3,522,281,38,293788
ABprapapp:105,ABprapapp,105,28625,3625,-823,-841,3472,10.3,524,282,38,303141
ABprapapp:106,ABprapapp,106,28255,3255,-694,-779,3132,12.0,523,275,36,301640
ABprapapp:107,ABprapapp,107,28695,3695,-408,-414,3584,12.1,529,276,36,325987
ABprapapp:108,ABprapapp,108,27934,2934,-1249,-1118,2835,12.0,532,279,38,358233
ABprapapp:109,ABprapapp,109,27843,2843,-1661,-1644,2667,12.8,534,277,36,315368
ABprapapp:110,ABprapapp,110,29015,4015,-558,-514,3844,12.4,535,281,38,202095
ABprapapp:111,ABprapapp,111,28783,3783,-682,-707,3640,13.4,542,283,39,203267
ABprapapp:112,ABprapapp,112,29075,4075,-434,-409,3821,15.1,540,282,37,201214
ABprapapp:113,ABprapapp,113,28596,3596,-763,-783,3472,14.3,543,280,39,221963
ABprapapp:114,ABprapapp,114,28927,3927,-560,-574,3784,15.1,547,279,37,216076
ABprapapp:115,ABprapapp,115,28716,3716,-1085,-1131,3660,15.1,551,278,39,236467
ABprapapp:116,ABprapapp,116,28076,3076,-963,-956,3023,15.1,553,282,37,230245
ABprapapp:117,ABprapapp,117,28597,3597,-735,-769,3292,14.3,551,278,38,248323
ABprapapp:118,ABprapapp,118,28841,3841,-855,-855,3743,15.2,553,276,38,279143
ABprapapp:119,ABprapapp,119,28540,3540,-832,-833,3388,14.4,549,283,38,255976
ABprapappa:120,ABprapappa,120,29106,4106,-67,-113,3732,12.2,541,263,34,173486
ABprapappa:121,ABprapappa,121,29248,4248,-148,-246,3667,12.1,549,278,33,166625
ABprapappa:122,ABprapappa,122,29101,4101,-853,-957,3167,11.0,541,280,32,169333
ABprapappa:123,ABprapappa,123,28861,3861,-584,-746,3444,11.0,546,276,32,169841
ABprapappa:124,ABprapappa,124,28764,3764,-1128,-1260,2962,11.0,544,274,32,173639
ABprapappa:125,ABprapappa,125,29715,4715,627,474,3984,11.2,553,275,34,187823
ABprapappa:126,ABprapappa,126,28340,3340,-669,-745,2685,11.4,552,265,36,195035
ABprapappa:127,ABprapappa,127,29165,4165,-218,-298,3494,12.8,552,271,32,171497
ABprapappa:128,ABprapappa,128,27941,2941,-2298,-1729,1590,13.1,553,276,32,179940
ABprapappa:129,ABprapappa,129,28819,3819,-1551,-848,2094,14.1,552,272,32,193497
ABprapappp:120,ABprapappp,120,29408,4408,-431,-350,3338,16.8,554,287,34,157813
ABprapappp:121,ABprapappp,121,29803,4803,-246,-307,3991,17.1,560,288,33,140858
ABprapappp:122,ABprapappp,122,29184,4184,-588,-610,3823,17.0,569,286,32,159496
ABprapappp:123,ABprapappp,123,29702,4702,-327,-339,4098,18.0,565,286,32,160865
ABprapappp:124,ABprapappp,124,29393,4393,-105,-79,3413,18.2,565,283,36,213663
ABprapappp:125,ABprapappp,125,29262,4262,-330,-330,3966,19.0,570,286,32,158805
ABprapappp:126,ABprapappp,126,29850,4850,437,428,4574,18.1,569,278,34,192302
ABprapappp:127,ABprapappp,127,29676,4676,1031,839,4023,19.0,568,279,32,178918
ABprapappp:128,ABprapappp,128,28998,3998,-12,-176,3417,20.0,565,277,32,181892
ABprapappp:129,ABprapappp,129,29985,4985,252,237,3102,19.1,562,284,36,230951
ABprapp:50,ABprapp,50,28461,3461,-731,-791,3447,16.1,491,216,41,362309
ABprapp:51,ABprapp,51,28273,3273,-898,-925,3267,16.1,499,216,51,572081
ABprapp:52,ABprapp,52,29065,4065,-209,-212,4057,16.1,504,225,56,758907
ABprapp:53,ABprapp,53,28170,3170,-1313,-1313,3154,17.1,504,237,55,719377
ABprapp:54,ABprapp,54,27595,2595,-1637,-1631,2595,17.9,500,237,55,764747
ABprapp:55,ABprapp,55,27823,2823,-1700,-1771,2809,17.2,519,233,55,817926
ABprapp:56,ABprapp,56,28280,3280,-1135,-1163,3273,17.9,516,233,55,909369
ABprapp:57,ABprapp,57,28370,3370,-1266,-1379,3364,17.1,522,235,55,910123
ABprapp:58,ABprapp,58,27743,2743,-1946,-2025,2735,16.0,522,239,55,926446
ABprapp:59,ABprapp,59,27825,2825,-1948,-2036,2807,16.0,520,236,54,946708
ABprapp:60,ABprapp,60,28128,3128,-1370,-1426,3121,16.8,519,230,53,824786
ABprapp:61,ABprapp,61,28312,3312,-1298,-1314,3312,16.1,513,227,53,856220
ABprapp:62,ABprapp,62,28401,3401,-1283,-1284,3401,17.9,513,230,53,814134
ABprapp:63,ABprapp,63,28133,3133,-1382,-1403,3133,17.1,520,238,53,690407
ABprapp:64,ABprapp,64,28085,3085,-1234,-1272,3080,17.2,520,252,54,756201
ABprapp:65,ABprapp,65,27784,2784,-1745,-1774,2780,16.1,520,264,54,801178
ABprapp:66,ABprapp,66,27438,2438,-1628,-1675,2431,16.1,511,262,54,759543
ABprapp:67,ABprapp,67,27995,2995,-1092,-1110,2995,15.8,510,254,53,623155
ABprapp:68,ABprapp,68,28707,3707,-637,-641,3707,16.0,509,256,50,569116
ABprappa:69,ABprappa,69,29089,4089,-330,-333,4087,16.0,523,224,42,290829
ABprappa:70,ABprappa,70,28030,3030,-1202,-1199,3025,16.1,515,214,45,326199
ABprappa:71,ABprappa,71,28575,3575,-771,-771,3568,16.0,517,212,44,327220
ABprappa:72,ABprappa,72,27649,2649,-1179,-1179,2644,16.0,522,209,44,345706
ABprappa:73,ABprappa,73,28501,3501,-624,-669,3459,16.1,523,213,44,385796
ABprappa:74,ABprappa,74,28128,3128,-1300,-1315,3114,15.9,526,215,44,393799
ABprappa:75,ABprappa,75,28382,3382,-534,-548,3333,16.0,525,217,44,390750
ABprappa:76,ABprappa,76,27765,2765,-1717,-1729,2737,15.9,512,216,44,384439
ABprappa:77,ABprappa,77,27751,2751,-1384,-1384,2739,16.0,524,214,44,401925
ABprappa:78,ABprappa,78,28056,3056,-1208,-1230,2892,15.3,521,221,46,447527
ABprappa:79,ABprappa,79,28483,3483,-1210,-1217,3394,15.1,517,229,44,417586
ABprappa:80,ABprappa,80,27860,2860,-1576,-1592,2780,16.0,516,229,44,402221
ABprappa:81,ABprappa,81,28682,3682,-543,-566,3609,15.3,517,226,46,460873
ABprappa:82,ABprappa,82,28037,3037,-1434,-1455,3029,16.0,508,225,44,430681
ABprappa:83,ABprappa,83,27981,2981,-1267,-1279,2961,16.0,511,224,46,504419
ABprappa:84,ABprappa,84,28410,3410,-926,-944,3196,15.3,511,219,46,489176
ABprappa:85,ABprappa,85,28649,3649,-1071,-1154,3266,14.2,500,216,46,508586
ABprappa:86,ABprappa,86,27517,2517,-1974,-2000,2186,15.2,505,220,46,526078
ABprappa:87,ABprappa,87,28007,3007,-1187,-1234,2773,15.4,514,217,47,531272
ABprappa:88,ABprappa,88,28104,3104,-1114,-1167,2997,15.9,516,223,45,496506
ABprappa:89,ABprappa,89,28208,3208,-954,-925,3154,15.1,532,229,47,617142
ABprappa:90,ABprappa,90,28116,3116,-1141,-1165,3042,14.9,518,230,44,380615
ABprappaa:91,ABprappaa,91,27933,2933,-980,-981,2882,13.1,506,199,34,206361
ABprappaa:92,ABprappaa,92,28145,3145,-729,-757,3101,13.0,500,192,40,270121
ABprappaa:93,ABprappaa,93,28202,3202,-475,-477,3122,13.8,500,184,39,255833
ABprappaa:94,ABprappaa,94,28615,3615,89,165,3539,12.9,490,180,38,269639
ABprappaa:95,ABprappaa,95,27976,2976,-1371,-1397,2856,12.9,480,174,37,253019
ABprappaa:96,ABprappaa,96,28534,3534,-371,-454,3443,13.1,481,171,38,277631
ABprappaa:97,ABprappaa,97,28066,3066,-779,-699,2949,12.3,483,173,40,282575
ABprappaa:98,ABprappaa,98,28414,3414,-508,-575,3262,13.1,484,173,38,290018
ABprappaa:99,ABprappaa,99,28059,3059,-524,-634,2790,13.0,486,177,38,302796
ABprappaa:100,ABprappaa,100,28026,3026,-1380,-1512,2519,13.0,492,184,36,273745
ABprappaa:101,ABprappaa,101,28091,3091,-1003,-956,2822,13.2,489,176,38,306494
ABprappaa:102,ABprappaa,102,28262,3262,-923,-907,2851,13.1,488,177,38,332190
ABprappaa:103,ABprappaa,103,28027,3027,-1185,-1255,2447,13.1,485,179,38,352653
ABprappaa:104,ABprappaa,104,28827,3827,-359,-401,3548,12.1,487,188,36,307078
ABprappaa:105,ABprappaa,105,27857,2857,-1505,-1581,2340,12.9,487,184,36,317362
ABprappaa:106,ABprappaa,106,28073,3073,-1218,-1193,2337,13.0,489,184,38,368997
ABprappaa:107,ABprappaa,107,27833,2833,-1773,-1737,1358,13.9,491,185,36,347450
ABprappaa:108,ABprappaa,108,27314,2314,-1909,-1893,1346,14.1,496,188,38,388547
ABprappaa:109,ABprappaa,109,28529,3529,-1021,-1034,3298,13.2,498,186,38,388590
ABprappaa:110,ABprappaa,110,28665,3665,-930,-1070,2978,14.0,498,185,36,226021
ABprappaa:111,ABprappaa,111,28830,3830,-748,-807,3179,14.2,496,186,39,253901
ABprappaa:112,ABprappaa,112,28402,3402,-944,-973,3239,13.3,495,182,37,211612
ABprappaa:113,ABprappaa,113,28570,3570,-994,-1018,3382,14.1,495,180,37,228179
ABprappaa:114,ABprappaa,114,28578,3578,-720,-810,3365,14.2,499,180,37,234514
ABprappaa:115,ABprappaa,115,28864,3864,-536,-545,3437,16.0,502,181,39,259958
ABprappaa:116,ABprappaa,116,28761,3761,-711,-688,3540,16.2,505,183,39,260897
ABprappaa:117,ABprappaa,117,28552,3552,-948,-996,3156,16.2,504,180,38,290348
ABprappaa:118,ABprappaa,118,27318,2318,-2311,-2401,1751,17.1,497,178,38,283060
ABprappaa:119,ABprappaa,119,28393,3393,-1386,-1391,3168,17.1,495,179,38,294507
ABprappaa:120,ABprappaa,120,29613,4613,92,90,4296,17.0,491,174,34,213650
ABprappaaa:121,ABprappaaa,121,29787,4787,254,166,3906,16.2,478,164,33,159666
ABprappaaa:122,ABprappaaa,122,28985,3985,-41,-122,3410,17.9,480,162,32,170770
ABprappaaa:123,ABprappaaa,123,28181,3181,-950,-850,2608,18.4,491,163,34,162113
ABprappaaa:124,ABprappaaa,124,29365,4365,231,210,3991,19.1,491,163,32,175684
ABprappaaa:125,ABprappaaa,125,28378,3378,-860,-954,2872,19.1,494,166,32,170767
ABprappaaa:126,ABprappaaa,126,28720,3720,-307,-347,3183,20.1,490,163,32,176922
ABprappaaa:127,ABprappaaa,127,28403,3403,-616,-551,2768,19.9,487,161,32,171279
ABprappaaa:128,ABprappaaa,128,29096,4096,8,157,3279,19.2,485,162,34,181318
ABprappaaa:129,ABprappaaa,129,28109,3109,-1766,-1865,2030,20.9,482,159,32,176473
ABprappaap:121,ABprappaap,121,29025,4025,-642,-614,2409,17.1,510,200,33,166318
ABprappaap:122,ABprappaap,122,28414,3414,-838,-894,2618,17.8,520,200,32,166626
ABprappaap:123,ABprappaap,123,28316,3316,-1076,-1126,2598,18.9,521,202,32,163289
ABprappaap:124,ABprappaap,124,28457,3457,-636,-612,2515,18.1,526,203,32,163277
ABprappaap:125,ABprappaap,125,28172,3172,-872,-940,2332,19.0,536,204,32,175242
ABprappaap:126,ABprappaap,126,28659,3659,-355,-306,2664,18.9,532,198,32,192302
ABprappaap:127,ABprappaap,127,29521,4521,473,463,3331,19.0,531,198,34,220702
ABprappaap:128,ABprappaap,128,29001,4001,-164,-117,2826,20.0,527,201,36,247183
ABprappaap:129,ABprappaap,129,28797,3797,-791,-945,2801,20.1,517,194,34,217424
ABprappap:91,ABprappap,91,28093,3093,-991,-1031,3024,13.0,520,250,34,200464
ABprappap:92,ABprappap,92,27617,2617,-1769,-1818,2391,12.0,513,251,38,243158
ABprappap:93,ABprappap,93,28294,3294,-1147,-1256,3099,10.3,518,237,29,109417
ABprappap:94,ABprappap,94,28844,3844,-265,-392,3676,10.0,513,237,38,247382
ABprappap:95,ABprappap,95,28343,3343,-574,-611,3216,11.0,519,225,37,238751
ABprappap:96,ABprappap,96,28562,3562,-862,-950,3459,11.0,520,231,36,246908
ABprappap:97,ABprappap,97,28201,3201,-935,-1036,3096,11.2,519,228,38,262154
ABprappap:98,ABprappap,98,28742,3742,-757,-778,3697,11.2,518,226,38,264675
ABprappap:99,ABprappap,99,28631,3631,-1328,-1291,3566,10.4,519,234,38,264993
ABprappap:100,ABprappap,100,29135,4135,-349,-375,4093,10.3,519,236,38,272136
ABprappap:101,ABprappap,101,28699,3699,-1114,-1123,3653,10.9,517,227,36,279567
ABprappap:102,ABprappap,102,28391,3391,-745,-726,3250,11.3,521,227,38,292796
ABprappap:103,ABprappap,103,28557,3557,-1014,-1014,3458,11.2,520,227,40,332608
ABprappap:104,ABprappap,104,27994,2994,-1604,-1612,2793,11.2,520,233,36,289285
ABprappap:105,ABprappap,105,27803,2803,-1503,-1517,2633,11.4,528,236,38,313406
ABprappap:106,ABprappap,106,27880,2880,-1394,-1407,2664,12.1,527,232,40,396138
ABprappap:107,ABprappap,107,28267,3267,-966,-1011,3135,12.3,530,230,38,360358
ABprappap:108,ABprappap,108,27637,2637,-1607,-1635,2462,13.0,534,233,38,387608
ABprappap:109,ABprappap,109,28267,3267,-886,-915,3134,13.1,532,229,38,390949
ABprappap:110,ABprappap,110,28528,3528,-937,-978,3258,13.1,532,230,38,250575
ABprappap:111,ABprappap,111,28999,3999,-748,-783,3639,14.0,534,227,39,269196
ABprappap:112,ABprappap,112,30159,5159,417,420,4595,13.2,527,224,39,244254
ABprappap:113,ABprappap,113,28852,3852,-876,-962,3403,13.3,527,222,39,255990
ABprappap:114,ABprappap,114,28408,3408,-1038,-1083,2912,14.1,530,218,39,286892
ABprappap:115,ABprappap,115,28666,3666,-870,-1063,3193,14.1,536,222,39,302286
ABprappap:116,ABprappap,116,28774,3774,-729,-766,3358,15.0,536,221,39,295960
ABprappap:117,ABprappap,117,28479,3479,-1295,-1403,3181,14.1,528,220,38,291195
ABprappap:118,ABprappap,118,28554,3554,-1229,-1240,3377,14.3,527,218,38,268853
ABprappap:119,ABprappap,119,29343,4343,-381,-378,4171,14.0,521,221,34,233856
ABprappapa:120,ABprappapa,120,29059,4059,-162,-172,3918,12.1,504,198,30,148563
ABprappapa:121,ABprappapa,121,29003,4003,-755,-755,3551,12.8,511,203,33,185806
ABprappapa:122,ABprappapa,122,28834,3834,-1333,-1333,3086,12.9,505,207,32,170741
ABprappapa:123,ABprappapa,123,28367,3367,-1008,-1008,2926,13.1,512,203,32,170103
ABprappapa:124,ABprappapa,124,29246,4246,-511,-513,3738,13.8,512,202,32,173587
ABprappapa:125,ABprappapa,125,29083,4083,-83,-161,3417,14.1,531,208,32,186276
ABprappapa:126,ABprappapa,126,28322,3322,-1517,-1660,2538,14.9,526,202,32,194757
ABprappapa:127,ABprappapa,127,29050,4050,-281,-261,3187,15.0,524,202,32,204528
ABprappapa:128,ABprappapa,128,29183,4183,-69,-58,3114,15.9,522,200,32,211831
ABprappapa:129,ABprappapa,129,28360,3360,-1440,-1341,1855,16.0,525,202,34,226581
ABprappapp:120,ABprappapp,120,28371,3371,-1477,-1550,2467,14.1,530,228,34,198161
ABprappapp:121,ABprappapp,121,28897,3897,-664,-666,3408,14.9,542,238,33,193407
ABprappapp:122,ABprappapp,122,28835,3835,-838,-838,3506,14.0,548,239,32,179228
ABprappapp:123,ABprappapp,123,28817,3817,-870,-855,3081,14.8,547,240,32,175503
ABprappapp:124,ABprappapp,124,29082,4082,-207,-227,3043,14.4,546,244,34,178852
ABprappapp:125,ABprappapp,125,28879,3879,-677,-677,3055,16.0,554,250,32,185245
ABprappapp:126,ABprappapp,126,29337,4337,-126,-122,3549,15.9,554,239,32,186527
ABprappapp:127,ABprappapp,127,28287,3287,-1425,-1487,1970,15.1,550,239,34,222778
ABprappapp:128,ABprappapp,128,29082,4082,-264,-327,2823,15.3,554,240,36,237286
ABprappapp:129,ABprappapp,129,28597,3597,-1050,-1076,2828,17.1,556,237,34,224110
ABprappp:69,ABprappp,69,27480,2480,-1811,-1811,2476,14.2,517,282,36,238118
ABprappp:70,ABprappp,70,28940,3940,-257,-260,3935,14.0,522,280,45,320624
ABprappp:71,ABprappp,71,27636,2636,-1835,-1816,2613,13.9,522,290,44,318478
ABprappp:72,ABprappp,72,28488,3488,-1226,-1153,3445,13.1,525,301,44,338685
ABprappp:73,ABprappp,73,27882,2882,-1227,-1127,2836,13.9,522,302,44,350283
ABprappp:74,ABprappp,74,28164,3164,-1474,-1351,3114,14.1,523,302,44,354668
ABprappp:75,ABprappp,75,28857,3857,-304,-298,3815,14.1,533,298,44,371651
ABprappp:76,ABprappp,76,28741,3741,-389,-388,3710,15.1,536,294,44,374705
ABprappp:77,ABprappp,77,28166,3166,-606,-606,3123,15.1,541,289,44,399950
ABprappp:78,ABprappp,78,27687,2687,-1187,-1166,2620,16.0,539,289,44,378434
ABprappp:79,ABprappp,79,29071,4071,-238,-269,4027,16.0,536,295,44,378959
ABprappp:80,ABprappp,80,28590,3590,-591,-536,3549,16.0,538,285,44,401480
ABprappp:81,ABprappp,81,28279,3279,-755,-716,3227,16.0,538,284,44,396281
ABprappp:82,ABprappp,82,28829,3829,-10,-36,3794,15.1,537,278,44,391266
ABprappp:83,ABprappp,83,28589,3589,-618,-659,3559,14.2,532,284,44,418440
ABprappp:84,ABprappp,84,28271,3271,-948,-947,3236,14.1,530,285,44,417987
ABprappp:85,ABprappp,85,28170,3170,-1385,-1393,3154,13.2,524,289,44,411625
ABprappp:86,ABprappp,86,29154,4154,-263,-222,4133,14.0,521,287,44,407037
ABprappp:87,ABprappp,87,28388,3388,-863,-863,3363,13.9,529,289,45,431229
ABprappp:88,ABprappp,88,28348,3348,-819,-811,3309,13.9,534,297,45,444219
ABprappp:89,ABprappp,89,28330,3330,-800,-800,3327,14.1,537,301,45,471736
ABprappp:90,ABprappp,90,28322,3322,-816,-798,3304,14.0,533,298,44,385853
ABprappp:91,ABprappp,91,27734,2734,-1509,-1549,2675,14.0,532,297,42,348486
ABprappp:92,ABprappp,92,28539,3539,-480,-548,3351,14.0,531,291,40,356254
ABprapppa:93,ABprapppa,93,28757,3757,-145,-152,3152,12.2,528,269,35,208211
ABprapppa:94,ABprapppa,94,28666,3666,-323,-433,3240,11.9,531,266,38,261625
ABprapppa:95,ABprapppa,95,27931,2931,-884,-939,2680,12.1,540,258,37,259441
ABprapppa:96,ABprapppa,96,28096,3096,-1777,-1865,2738,11.8,540,265,36,256246
ABprapppa:97,ABprapppa,97,27816,2816,-933,-858,2474,11.1,542,264,36,269581
ABprapppa:98,ABprapppa,98,28180,3180,-864,-928,2969,11.2,547,269,36,253508
ABprapppa:99,ABprapppa,99,28250,3250,-546,-552,2957,11.8,545,274,36,262432
ABprapppa:100,ABprapppa,100,27625,2625,-1208,-1228,2359,12.0,549,279,36,287594
ABprapppa:101,ABprapppa,101,28415,3415,-514,-593,3154,12.2,548,272,36,298583
ABprapppa:102,ABprapppa,102,29236,4236,583,604,3923,13.2,550,262,36,296612
ABprapppa:103,ABprapppa,103,27695,2695,-1067,-1044,2331,13.2,549,269,36,301909
ABprapppa:104,ABprapppa,104,28705,3705,-131,-148,3416,13.9,550,268,36,330270
ABprapppa:105,ABprapppa,105,28458,3458,-478,-520,3285,14.0,552,272,36,328550
ABprapppa:106,ABprapppa,106,28212,3212,-443,-448,2924,15.0,555,259,36,333196
ABprapppa:107,ABprapppa,107,28718,3718,-106,-104,3506,16.0,556,259,36,349482
ABprapppa:108,ABprapppa,108,28410,3410,-324,-305,3115,16.0,558,269,36,331813
ABprapppa:109,ABprapppa,109,27708,2708,-913,-969,2409,16.2,559,266,38,361549
ABprapppa:110,ABprapppa,110,28708,3708,-777,-835,3278,16.1,554,265,36,230933
ABprapppa:111,ABprapppa,111,29303,4303,228,276,4048,17.1,555,256,39,255230
ABprapppa:112,ABprapppa,112,29054,4054,-256,-252,3596,17.0,554,249,35,192820
ABprapppa:113,ABprapppa,113,27931,2931,-1013,-1149,2589,16.1,548,242,37,227738
ABprapppa:114,ABprapppa,114,29048,4048,-358,-504,3369,17.1,545,238,39,291952
ABprapppa:115,ABprapppa,115,27634,2634,-1888,-1981,1839,17.3,549,235,37,241773
ABprapppa:116,ABprapppa,116,28415,3415,-1106,-1119,2647,18.2,543,242,37,260911
ABprapppa:117,ABprapppa,117,28709,3709,-627,-724,3082,18.2,542,234,38,281208
ABprapppa:118,ABprapppa,118,29075,4075,-241,-123,3645,19.2,542,232,38,275741
ABprapppa:119,ABprapppa,119,29225,4225,-258,-215,3706,19.3,540,231,36,235924
ABprapppa:120,ABprapppa,120,28929,3929,-332,-344,3046,18.1,538,225,38,288113
ABprapppa:121,ABprapppa,121,29023,4023,-134,-204,3273,19.0,540,219,37,252035
ABprapppa:122,ABprapppa,122,28468,3468,-617,-692,2367,19.1,546,229,36,259532
ABprapppa:123,ABprapppa,123,27939,2939,-1203,-1254,2010,19.2,551,234,36,256999
ABprapppa:124,ABprapppa,124,28370,3370,-597,-645,2772,20.1,543,236,34,231977
ABprapppa:125,ABprapppa,125,28261,3261,-1174,-1190,2422,21.0,545,242,36,261385
ABprapppa:126,ABprapppa,126,29578,4578,-235,-240,3755,20.1,535,238,36,291521
ABprapppa:127,ABprapppa,127,28633,3633,-846,-841,2981,20.1,536,236,34,245198
ABprapppa:128,ABprapppa,128,28896,3896,-638,-692,3468,21.2,536,243,34,235116
ABprapppaa:129,ABprapppaa,129,28046,3046,-1542,-1555,2331,21.0,523,224,32,177172
ABprapppap:129,ABprapppap,129,28062,3062,-1218,-1071,2080,23.1,544,262,32,161883
ABprapppp:93,ABprapppp,93,29568,4568,16,27,4152,15.2,538,310,35,195821
ABprapppp:94,ABprapppp,94,27282,2282,-1886,-1955,1980,15.1,544,306,38,243317
ABprapppp:95,ABprapppp,95,29637,4637,303,335,4124,16.0,561,297,37,250443
ABprapppp:96,ABprapppp,96,28264,3264,-863,-917,3110,16.1,566,299,36,253692
ABprapppp:97,ABprapppp,97,28600,3600,-145,-41,3302,16.2,567,281,38,269328
ABprapppp:98,ABprapppp,98,28647,3647,-194,-18,3068,17.3,562,271,38,278335
ABprapppp:99,ABprapppp,99,27916,2916,-638,-684,2385,18.0,561,264,36,285761
ABprapppp:100,ABprapppp,100,28814,3814,95,82,3358,18.1,562,265,38,317613
ABprapppp:101,ABprapppp,101,28658,3658,-847,-589,2913,18.1,559,265,36,291172
ABprapppp:102,ABprapppp,102,28380,3380,-1150,-910,2540,19.0,556,264,36,284187
ABprapppp:103,ABprapppp,103,27918,2918,-789,-687,2302,18.9,556,265,36,298475
ABprapppp:104,ABprapppp,104,28526,3526,-470,-418,2867,20.0,555,266,36,302288
ABprapppp:105,ABprapppp,105,27979,2979,-570,-560,2495,20.2,554,265,36,304675
ABprapppp:106,ABprapppp,106,28700,3700,34,-2,3065,21.0,554,257,38,344579
ABprapppp:107,ABprapppp,107,28302,3302,-760,-633,2694,22.1,550,264,36,292060
ABprapppp:108,ABprapppp,108,27440,2440,-1401,-1394,1982,23.0,552,270,36,317166
ABprapppp:109,ABprapppp,109,28108,3108,-864,-732,2718,23.1,552,268,38,338509
ABprapppp:110,ABprapppp,110,28812,3812,-545,-515,3215,23.0,551,264,36,199048
ABprapppp:111,ABprapppp,111,28386,3386,-711,-539,2874,23.2,549,265,37,198535
ABprapppp:112,ABprapppp,112,28571,3571,-774,-753,2713,22.2,545,255,39,200311
ABprapppp:113,ABprapppp,113,28385,3385,-341,-278,3030,22.2,550,260,37,195815
ABprapppp:114,ABprapppp,114,27956,2956,-1523,-1116,2385,22.1,554,258,39,240791
ABprapppp:115,ABprapppp,115,28603,3603,-351,-283,3378,22.1,556,260,39,244952
ABprapppp:116,ABprapppp,116,28486,3486,-155,-176,3076,22.0,558,261,39,252536
ABprapppp:117,ABprapppp,117,28800,3800,-179,-226,3535,21.1,562,266,34,194863
ABprapppp:118,ABprapppp,118,27937,2937,-1296,-1131,2520,21.9,561,267,34,188570
ABprapppp:119,ABprapppp,119,29461,4461,540,591,4165,21.0,562,261,34,188430
ABprapppp:120,ABprapppp,120,27702,2702,-785,-702,2279,19.2,566,257,36,236247
ABprapppp:121,ABprapppp,121,28431,3431,-390,-335,2924,20.1,567,260,35,211691
ABprapppp:122,ABprapppp,122,28155,3155,-705,-633,2266,21.1,566,270,36,250269
ABprapppp:123,ABprapppp,123,28743,3743,-221,-187,2516,21.2,558,271,36,250466
ABprapppp:124,ABprapppp,124,29511,4511,407,364,3927,23.0,551,277,32,207428
ABprapppp:125,ABprapppp,125,28744,3744,-538,-512,3001,23.1,550,283,36,251398
ABprapppp:126,ABprapppp,126,28752,3752,-1215,-1239,3017,22.3,547,279,34,218241
ABprappppa:127,ABprappppa,127,28573,3573,-218,-229,1232,21.0,564,270,32,188900
ABprappppa:128,ABprappppa,128,28302,3302,-585,-523,826,22.0,559,275,32,179089
ABprappppa:129,ABprappppa,129,30159,5159,1310,1280,3778,23.0,560,288,34,0
ABprappppp:127,ABprappppp,127,29166,4166,-685,-736,3402,24.9,534,303,32,149960
ABprappppp:128,ABprappppp,128,30071,5071,150,-105,4404,26.0,534,308,32,149206
ABprappppp:129,ABprappppp,129,29520,4520,-1054,-1173,2598,26.0,527,319,34,161946
ABprp:22,ABprp,22,28006,3006,-480,-506,3006,23.1,460,292,63,616272
ABprp:23,ABprp,23,27535,2535,-1233,-1236,2535,21.8,458,291,63,641315
ABprp:24,ABprp,24,27645,2645,-1052,-1057,2645,21.9,454,279,65,753934
ABprp:25,ABprp,25,28030,3030,-632,-633,3030,23.3,452,282,72,1094212
ABprp:26,ABprp,26,27755,2755,-1187,-1187,2755,25.1,466,295,67,956656
ABprp:27,ABprp,27,27969,2969,-705,-705,2969,24.4,471,313,71,1223968
ABprp:28,ABprp,28,27764,2764,-1131,-1131,2764,23.6,475,306,72,1546839
ABprp:29,ABprp,29,27933,2933,-999,-999,2933,24.4,488,312,73,1635234
ABprp:30,ABprp,30,28034,3034,-902,-902,3034,25.0,478,297,71,1541988
ABprp:31,ABprp,31,27312,2312,-1671,-1672,2312,24.2,471,311,70,1651702
ABprp:32,ABprp,32,27707,2707,-1322,-1322,2707,24.9,481,309,69,1126013
ABprp:33,ABprp,33,27820,2820,-999,-999,2820,23.3,473,311,63,1007245
ABprpa:34,ABprpa,34,27758,2758,-971,-1021,2751,26.1,448,295,60,591850
ABprpa:35,ABprpa,35,27668,2668,-1131,-1152,2668,27.1,452,279,61,606846
ABprpa:36,ABprpa,36,28352,3352,-316,-311,3352,27.8,437,282,60,610028
ABprpa:37,ABprpa,37,28169,3169,-561,-561,3169,27.9,436,279,61,670669
ABprpa:38,ABprpa,38,27975,2975,-949,-949,2975,26.2,444,267,63,804432
ABprpa:39,ABprpa,39,28157,3157,-773,-773,3157,27.0,459,253,62,927593
ABprpa:40,ABprpa,40,28094,3094,-840,-840,3094,27.0,466,251,62,972806
ABprpa:41,ABprpa,41,28044,3044,-792,-792,3044,26.9,479,242,62,1032465
ABprpa:42,ABprpa,42,28269,3269,-903,-903,3269,26.8,486,229,60,1026073
ABprpa:43,ABprpa,43,28503,3503,-635,-642,3503,26.1,483,245,65,1209767
ABprpa:44,ABprpa,44,28128,3128,-943,-969,3128,26.9,488,247,62,1116097
ABprpa:45,ABprpa,45,27902,2902,-1096,-1155,2902,27.0,492,242,62,1194831
ABprpa:46,ABprpa,46,28578,3578,-361,-437,3578,27.8,489,254,62,1085319
ABprpa:47,ABprpa,47,28106,3106,-702,-758,3106,26.3,484,250,63,1103231
ABprpa:48,ABprpa,48,28301,3301,-752,-855,3301,26.9,484,245,61,1078386
ABprpa:49,ABprpa,49,28051,3051,-876,-897,3051,26.9,488,241,62,1160981
ABprpa:50,ABprpa,50,28209,3209,-896,-890,3209,25.9,483,231,61,950541
ABprpaa:51,ABprpaa,51,28588,3588,-91,-67,3588,25.7,490,200,59,690453
ABprpaa:52,ABprpaa,52,28901,3901,-32,-55,3901,24.9,497,193,56,712988
ABprpaa:53,ABprpaa,53,28970,3970,238,246,3970,25.1,501,193,55,704721
ABprpaa:54,ABprpaa,54,28357,3357,-255,-255,3357,26.0,500,196,55,729751
ABprpaa:55,ABprpaa,55,28145,3145,-854,-854,3145,26.0,503,192,55,796063
ABprpaa:56,ABprpaa,56,28479,3479,-284,-284,3479,26.0,495,193,55,855240
ABprpaa:57,ABprpaa,57,28105,3105,-754,-754,3105,25.1,500,190,55,861364
ABprpaa:58,ABprpaa,58,27888,2888,-1146,-1140,2888,24.0,502,188,55,914913
ABprpaa:59,ABprpaa,59,28520,3520,-496,-481,3520,24.1,494,180,54,885469
ABprpaa:60,ABprpaa,60,28350,3350,-700,-707,3350,24.0,493,182,55,908764
ABprpaa:61,ABprpaa,61,28107,3107,-1291,-1291,3105,24.0,497,189,53,835497
ABprpaa:62,ABprpaa,62,28611,3611,-620,-622,3603,24.1,499,190,53,834237
ABprpaa:63,ABprpaa,63,28053,3053,-1021,-1013,3053,25.9,503,202,53,622919
ABprpaa:64,ABprpaa,64,28764,3764,-429,-432,3764,25.9,504,210,54,700117
ABprpaa:65,ABprpaa,65,28351,3351,-785,-786,3351,25.2,508,216,56,788023
ABprpaa:66,ABprpaa,66,28260,3260,-382,-383,3260,25.0,515,213,54,754718
ABprpaa:67,ABprpaa,67,28049,3049,-727,-728,3049,24.1,510,207,53,666413
ABprpaa:68,ABprpaa,68,27769,2769,-1204,-1210,2769,25.0,502,205,52,694439
ABprpaa:69,ABprpaa,69,27935,2935,-1267,-1267,2935,24.1,493,202,50,547480
ABprpaaa:70,ABprpaaa,70,28493,3493,-416,-526,3316,25.3,469,182,39,252082
ABprpaaa:71,ABprpaaa,71,28011,3011,-805,-807,2996,27.0,462,181,44,286754
ABprpaaa:72,ABprpaaa,72,28023,3023,-918,-918,3012,27.0,464,178,44,286083
ABprpaaa:73,ABprpaaa,73,28437,3437,-239,-259,3430,26.9,466,175,44,290386
ABprpaaa:74,ABprpaaa,74,28204,3204,-642,-582,3187,27.0,458,178,44,293052
ABprpaaa:75,ABprpaaa,75,28367,3367,-604,-604,3354,27.0,451,174,44,323515
ABprpaaa:76,ABprpaaa,76,28194,3194,-329,-336,3171,26.1,448,163,44,338166
ABprpaaa:77,ABprpaaa,77,28897,3897,98,67,3842,26.2,438,163,46,388822
ABprpaaa:78,ABprpaaa,78,28897,3897,67,63,3848,26.9,427,158,44,333268
ABprpaaa:79,ABprpaaa,79,28473,3473,-942,-951,3462,26.9,421,161,44,352128
ABprpaaa:80,ABprpaaa,80,29090,4090,72,59,4011,26.0,414,152,44,369204
ABprpaaa:81,ABprpaaa,81,28461,3461,-605,-659,3252,25.2,420,151,46,426866
ABprpaaa:82,ABprpaaa,82,28169,3169,-564,-512,3084,25.9,419,155,44,379999
ABprpaaa:83,ABprpaaa,83,28154,3154,-785,-880,3017,25.1,423,152,44,374965
ABprpaaa:84,ABprpaaa,84,28405,3405,-483,-431,3230,24.1,419,140,46,458810
ABprpaaa:85,ABprpaaa,85,28268,3268,-336,-366,3230,24.0,419,136,44,441392
ABprpaaa:86,ABprpaaa,86,28456,3456,-383,-435,3409,24.0,422,141,46,526950
ABprpaaa:87,ABprpaaa,87,28111,3111,-691,-727,2992,23.1,419,131,47,541665
ABprpaaa:88,ABprpaaa,88,28565,3565,18,-28,3489,23.1,417,132,49,590047
ABprpaaa:89,ABprpaaa,89,28412,3412,-127,-109,3331,24.0,427,136,45,461307
ABprpaaa:90,ABprpaaa,90,27470,2470,-1093,-1122,2411,22.1,420,131,44,369526
ABprpaaa:91,ABprpaaa,91,27695,2695,-850,-859,2666,22.0,405,121,42,371134
ABprpaaa:92,ABprpaaa,92,28451,3451,-371,-378,3366,21.0,384,123,38,282699
ABprpaaaa:93,ABprpaaaa,93,29133,4133,711,724,3891,20.1,361,98,35,180807
ABprpaaaa:94,ABprpaaaa,94,27879,2879,-650,-656,2608,22.0,363,104,38,236389
ABprpaaaa:95,ABprpaaaa,95,27844,2844,-1006,-1000,2528,21.1,356,95,37,223764
ABprpaaaa:96,ABprpaaaa,96,28606,3606,-528,-612,3229,21.1,344,94,38,246176
ABprpaaaa:97,ABprpaaaa,97,28471,3471,-549,-653,3119,20.2,353,90,38,266316
ABprpaaaa:98,ABprpaaaa,98,28084,3084,-662,-695,2706,20.1,355,89,38,267400
ABprpaaaa:99,ABprpaaaa,99,28279,3279,-784,-794,2999,20.2,363,93,38,249892
ABprpaaaa:100,ABprpaaaa,100,28785,3785,540,443,3578,19.9,363,92,36,250794
ABprpaaaa:101,ABprpaaaa,101,28112,3112,-341,-405,2825,19.1,362,90,38,290159
ABprpaaaa:102,ABprpaaaa,102,28590,3590,-210,-288,3306,18.2,360,86,38,293310
ABprpaaaa:103,ABprpaaaa,103,29222,4222,523,364,3713,19.0,359,89,36,277246
ABprpaaaa:104,ABprpaaaa,104,29592,4592,745,668,4157,19.1,359,92,40,364248
ABprpaaaa:105,ABprpaaaa,105,28138,3138,-1195,-1393,2426,20.1,357,95,29,154692
ABprpaaaa:106,ABprpaaaa,106,28130,3130,-700,-707,2274,20.1,351,94,29,157432
ABprpaaaa:107,ABprpaaaa,107,28559,3559,-782,-865,2988,21.0,345,95,40,376551
ABprpaaaa:108,ABprpaaaa,108,27904,2904,-1135,-1285,2228,21.1,346,99,40,376777
ABprpaaaa:109,ABprpaaaa,109,28201,3201,-1162,-1297,2425,21.1,345,97,40,381487
ABprpaaaa:110,ABprpaaaa,110,29776,4776,131,10,3754,21.0,347,98,40,238058
ABprpaaaa:111,ABprpaaaa,111,28841,3841,-1076,-1293,3182,22.0,337,99,39,236098
ABprpaaaa:112,ABprpaaaa,112,28296,3296,-1578,-1656,2635,22.2,340,102,39,223471
ABprpaaaa:113,ABprpaaaa,113,28470,3470,-1522,-1632,2841,23.0,332,103,39,234256
ABprpaaaa:114,ABprpaaaa,114,28361,3361,-938,-907,2441,23.1,331,101,39,234969
ABprpaaaa:115,ABprpaaaa,115,28044,3044,-1927,-1878,1999,22.1,325,99,39,226966
ABprpaaaa:116,ABprpaaaa,116,29166,4166,-834,-863,3357,22.1,330,106,39,213899
ABprpaaaa:117,ABprpaaaa,117,29039,4039,-438,-548,3103,22.1,329,106,38,226414
ABprpaaaa:118,ABprpaaaa,118,28667,3667,-1302,-1320,3034,22.1,318,103,38,225972
ABprpaaaa:119,ABprpaaaa,119,29724,4724,-431,-420,4013,23.0,316,106,34,202823
ABprpaaaa:120,ABprpaaaa,120,28961,3961,-880,-940,3259,23.0,316,101,34,215618
ABprpaaaaa:121,ABprpaaaaa,121,29206,4206,-91,35,3419,24.9,288,95,33,137525
ABprpaaaaa:122,ABprpaaaaa,122,29331,4331,401,365,3462,25.1,293,96,32,138992
ABprpaaaaa:123,ABprpaaaaa,123,28514,3514,-542,-648,2467,25.1,286,94,34,152921
ABprpaaaaa:124,ABprpaaaaa,124,29635,4635,703,566,3447,25.2,283,95,36,198299
ABprpaaaaa:125,ABprpaaaaa,125,29463,4463,256,96,3612,26.2,284,104,36,190100
ABprpaaaaa:126,ABprpaaaaa,126,29522,4522,-13,115,3495,27.1,283,108,36,216531
ABprpaaaaa:127,ABprpaaaaa,127,30351,5351,11,162,2117,26.2,285,123,36,186905
ABprpaaaaa:128,ABprpaaaaa,128,30215,5215,-181,173,2957,26.1,285,119,32,152817
ABprpaaaaa:129,ABprpaaaaa,129,29845,4845,-521,-534,3772,26.1,282,121,32,159761
ABprpaaaap:121,ABprpaaaap,121,30613,5613,-257,-222,4115,23.1,331,119,33,154253
ABprpaaaap:122,ABprpaaaap,122,29891,4891,-406,-600,3105,24.0,336,121,32,147920
ABprpaaaap:123,ABprpaaaap,123,32370,7370,314,118,4071,24.1,325,128,36,166724
ABprpaaaap:124,ABprpaaaap,124,31941,6941,366,190,3236,24.1,325,128,36,166724
ABprpaaaap:125,ABprpaaaap,125,30638,5638,-735,-748,3704,24.0,328,123,29,95272
ABprpaaaap:126,ABprpaaaap,126,31992,6992,444,-59,3962,25.1,323,124,36,186410
ABprpaaaap:127,ABprpaaaap,127,31562,6562,-1306,-1628,3503,24.1,321,132,34,152781
ABprpaaaap:128,ABprpaaaap,128,33096,8096,1788,1246,6750,25.1,320,129,36,182100
ABprpaaaap:129,ABprpaaaap,129,30013,5013,-1759,-2171,2751,25.1,320,129,36,182100
ABprpaaap:93,ABprpaaap,93,28134,3134,-609,-539,2548,21.1,406,126,35,211123
ABprpaaap:94,ABprpaaap,94,28015,3015,-788,-680,2892,21.9,415,128,38,246633
ABprpaaap:95,ABprpaaap,95,29223,4223,319,294,3652,21.3,406,127,39,222822
ABprpaaap:96,ABprpaaap,96,28618,3618,-67,-82,3336,22.1,405,125,38,227357
ABprpaaap:97,ABprpaaap,97,28839,3839,112,130,3418,21.3,414,126,40,245279
ABprpaaap:98,ABprpaaap,98,29314,4314,677,687,3912,22.1,415,127,38,259813
ABprpaaap:99,ABprpaaap,99,29087,4087,718,710,3702,21.2,414,129,40,272314
ABprpaaap:100,ABprpaaap,100,27182,2182,-1441,-1244,1934,22.9,417,126,36,256183
ABprpaaap:101,ABprpaaap,101,28738,3738,358,378,3294,21.9,413,124,36,259920
ABprpaaap:102,ABprpaaap,102,28833,3833,-114,-79,3048,20.2,406,116,38,293252
ABprpaaap:103,ABprpaaap,103,28690,3690,-497,-598,2746,19.2,407,120,40,319939
ABprpaaap:104,ABprpaaap,104,28715,3715,-531,-622,2829,20.2,408,124,40,338510
ABprpaaap:105,ABprpaaap,105,28173,3173,-905,-1042,2604,21.0,409,120,36,302907
ABprpaaap:106,ABprpaaap,106,28266,3266,-570,-740,2644,20.2,405,114,40,380446
ABprpaaap:107,ABprpaaap,107,28697,3697,-464,-646,2972,20.3,400,117,38,338205
ABprpaaap:108,ABprpaaap,108,27902,2902,-1376,-1436,2391,20.3,408,121,38,312150
ABprpaaap:109,ABprpaaap,109,28262,3262,-372,-337,2801,21.1,408,119,40,387817
ABprpaaap:110,ABprpaaap,110,28965,3965,-118,-212,2925,21.1,412,121,36,205330
ABprpaaap:111,ABprpaaap,111,28679,3679,-895,-964,2995,22.1,398,124,39,233131
ABprpaaap:112,ABprpaaap,112,28600,3600,-861,-968,2854,22.1,396,120,39,241719
ABprpaaap:113,ABprpaaap,113,29336,4336,252,173,3857,23.0,391,118,35,177992
ABprpaaap:114,ABprpaaap,114,28750,3750,-289,-495,3029,22.1,396,118,39,239075
ABprpaaap:115,ABprpaaap,115,29024,4024,-454,-649,3506,22.1,391,114,39,262855
ABprpaaap:116,ABprpaaap,116,29176,4176,70,-71,3770,22.1,393,117,39,257535
ABprpaaap:117,ABprpaaap,117,28802,3802,-612,-549,3280,22.2,396,116,38,254623
ABprpaaap:118,ABprpaaap,118,29472,4472,308,352,3935,23.1,388,117,38,253917
ABprpaaap:119,ABprpaaap,119,28552,3552,-307,-412,3088,24.0,387,119,38,268623
ABprpaaap:120,ABprpaaap,120,30052,5052,828,756,4206,23.2,380,114,38,264580
ABprpaaap:121,ABprpaaap,121,29471,4471,156,317,3583,23.1,373,113,33,189295
ABprpaaap:122,ABprpaaap,122,28622,3622,-791,-924,2214,23.0,381,119,32,198146
ABprpaaapa:123,ABprpaaapa,123,31018,6018,1372,1250,4883,25.0,355,116,32,150121
ABprpaaapa:124,ABprpaaapa,124,30271,5271,462,300,4454,24.0,356,106,29,111507
ABprpaaapa:125,ABprpaaapa,125,29851,4851,612,745,3256,24.9,353,108,27,86530
ABprpaaapa:126,ABprpaaapa,126,30198,5198,300,588,3134,25.0,348,109,36,230028
ABprpaaapa:127,ABprpaaapa,127,29511,4511,186,287,3275,25.0,342,102,34,198619
ABprpaaapa:128,ABprpaaapa,128,28736,3736,-858,-926,1197,24.0,345,103,29,123635
ABprpaaapa:129,ABprpaaapa,129,29691,4691,501,726,2575,25.1,338,104,32,185182
ABprpaaapp:123,ABprpaaapp,123,28489,3489,-772,-772,2854,22.9,398,119,32,140155
ABprpaaapp:124,ABprpaaapp,124,28949,3949,36,64,3028,22.9,393,116,32,141815
ABprpaaapp:125,ABprpaaapp,125,28400,3400,-1068,-990,2862,23.0,393,113,32,152232
ABprpaaapp:126,ABprpaaapp,126,28057,3057,-925,-1048,1502,23.1,387,110,36,206473
ABprpaaapp:127,ABprpaaapp,127,30317,5317,636,647,3798,23.1,379,113,34,182090
ABprpaaapp:128,ABprpaaapp,128,29398,4398,239,314,3023,24.1,380,115,34,176077
ABprpaaapp:129,ABprpaaapp,129,29932,4932,1084,1293,3947,25.1,377,114,34,172141
ABprpaap:70,ABprpaap,70,27831,2831,-1023,-1082,2648,23.0,491,207,45,313866
ABprpaap:71,ABprpaap,71,28208,3208,-991,-1056,3115,22.1,490,213,44,304259
ABprpaap:72,ABprpaap,72,27951,2951,-1245,-1253,2904,22.0,492,214,44,300139
ABprpaap:73,ABprpaap,73,28313,3313,-742,-799,3171,21.0,498,211,44,325964
ABprpaap:74,ABprpaap,74,27886,2886,-1264,-1267,2784,21.0,497,203,44,350622
ABprpaap:75,ABprpaap,75,29043,4043,272,225,3901,20.3,499,199,46,402684
ABprpaap:76,ABprpaap,76,28240,3240,-797,-882,3127,20.9,496,190,44,373672
ABprpaap:77,ABprpaap,77,28440,3440,-748,-864,3243,21.3,495,188,46,417951
ABprpaap:78,ABprpaap,78,28150,3150,-723,-847,2995,22.0,487,184,44,388477
ABprpaap:79,ABprpaap,79,28554,3554,-240,-411,3257,23.0,484,183,44,393989
ABprpaap:80,ABprpaap,80,28307,3307,-618,-634,3019,22.0,478,175,44,416700
ABprpaap:81,ABprpaap,81,28490,3490,-641,-661,2865,22.1,475,179,46,486760
ABprpaap:82,ABprpaap,82,28354,3354,-775,-869,1980,23.0,472,178,44,414375
ABprpaap:83,ABprpaap,83,28699,3699,-52,-71,2594,23.1,474,176,46,489190
ABprpaap:84,ABprpaap,84,28255,3255,-998,-1119,2764,23.0,467,164,44,403509
ABprpaap:85,ABprpaap,85,28138,3138,-985,-1064,2915,22.0,464,158,44,417826
ABprpaap:86,ABprpaap,86,28250,3250,-1002,-1064,2960,22.1,467,161,44,445435
ABprpaap:87,ABprpaap,87,28581,3581,-159,-165,3345,21.1,464,161,47,490230
ABprpaap:88,ABprpaap,88,28167,3167,-505,-589,2984,21.1,462,159,45,438263
ABprpaap:89,ABprpaap,89,28571,3571,-335,-385,3385,20.0,465,158,45,437998
ABprpaap:90,ABprpaap,90,28444,3444,-242,-336,3280,19.0,456,156,44,365210
ABprpaap:91,ABprpaap,91,28333,3333,-567,-563,3300,19.0,451,146,42,346163
ABprpaap:92,ABprpaap,92,28029,3029,-1110,-1111,2909,17.9,434,146,40,348435
ABprpaapa:93,ABprpaapa,93,28194,3194,-905,-868,2850,16.1,412,119,35,206306
ABprpaapa:94,ABprpaapa,94,28081,3081,-1441,-1463,2590,16.0,398,118,34,189295
ABprpaapa:95,ABprpaapa,95,28888,3888,-104,-112,3649,17.0,389,104,37,243025
ABprpaapa:96,ABprpaapa,96,28631,3631,-410,-403,3529,17.0,380,100,36,228122
ABprpaapa:97,ABprpaapa,97,29264,4264,486,567,4059,16.1,380,104,36,236897
ABprpaapa:98,ABprpaapa,98,28382,3382,-683,-689,3135,16.1,384,107,36,240726
ABprpaapa:99,ABprpaapa,99,27440,2440,-1870,-1892,2072,16.0,388,108,36,251670
ABprpaapa:100,ABprpaapa,100,27750,2750,-1085,-969,2379,16.0,392,109,36,261578
ABprpaapa:101,ABprpaapa,101,28643,3643,-411,-398,3425,15.9,394,110,36,257943
ABprpaapa:102,ABprpaapa,102,29025,4025,-333,-168,3615,15.1,393,109,36,275496
ABprpaapa:103,ABprpaapa,103,29527,4527,369,314,4180,15.0,388,108,36,284125
ABprpaapa:104,ABprpaapa,104,28416,3416,-522,-537,3058,15.2,393,110,38,307732
ABprpaapa:105,ABprpaapa,105,27747,2747,-1572,-1644,2275,15.9,394,108,36,304316
ABprpaapa:106,ABprpaapa,106,27984,2984,-774,-698,2511,16.3,391,98,38,313414
ABprpaapa:107,ABprpaapa,107,28192,3192,-850,-838,2209,16.3,379,98,40,351378
ABprpaapa:108,ABprpaapa,108,28160,3160,-781,-809,2789,17.3,373,94,38,346883
ABprpaapa:109,ABprpaapa,109,28490,3490,-575,-785,2947,18.0,372,96,38,389411
ABprpaapa:110,ABprpaapa,110,28828,3828,-368,-341,3188,18.1,378,93,36,229523
ABprpaapa:111,ABprpaapa,111,28541,3541,-911,-1088,2587,18.2,372,98,37,217787
ABprpaapa:112,ABprpaapa,112,29301,4301,-85,-149,3923,19.1,371,96,37,225281
ABprpaapa:113,ABprpaapa,113,29129,4129,-497,-622,3317,19.2,361,98,39,236128
ABprpaapa:114,ABprpaapa,114,28298,3298,-996,-990,2758,20.1,370,99,39,244284
ABprpaapa:115,ABprpaapa,115,28603,3603,-1376,-1411,3023,19.1,369,101,39,247455
ABprpaapa:116,ABprpaapa,116,29363,4363,-382,-348,3083,19.2,369,103,39,227160
ABprpaapa:117,ABprpaapa,117,29214,4214,-415,-424,3368,20.2,368,102,36,215942
ABprpaapa:118,ABprpaapa,118,29722,4722,-329,-344,3471,20.2,360,102,38,223499
ABprpaapa:119,ABprpaapa,119,28297,3297,-1373,-1477,2054,21.1,364,100,38,260228
ABprpaapa:120,ABprpaapa,120,28266,3266,-1676,-1769,1250,20.2,356,101,38,266039
ABprpaapa:121,ABprpaapa,121,28683,3683,-1783,-1999,2182,20.0,344,100,37,270921
ABprpaapa:122,ABprpaapa,122,29063,4063,-1178,-1285,3009,21.0,344,101,32,178770
ABprpaapaa:123,ABprpaapaa,123,28729,3729,-706,-761,2727,22.0,329,92,32,152942
ABprpaapaa:124,ABprpaapaa,124,28704,3704,-856,-837,2021,23.0,307,86,32,149473
ABprpaapaa:125,ABprpaapaa,125,28735,3735,-732,-849,2526,23.0,311,88,32,153458
ABprpaapaa:126,ABprpaapaa,126,29035,4035,-936,-1193,2600,24.0,300,94,32,150362
ABprpaapaa:127,ABprpaapaa,127,30160,5160,697,683,4049,24.0,301,96,36,221173
ABprpaapaa:128,ABprpaapaa,128,28939,3939,-1115,-1003,2009,23.2,304,95,36,209543
ABprpaapaa:129,ABprpaapaa,129,29542,4542,-707,-1304,2961,22.3,301,98,29,92802
ABprpaapap:123,ABprpaapap,123,29066,4066,-15,-1,2685,20.2,358,99,36,212678
ABprpaapap:124,ABprpaapap,124,28067,3067,-1781,-1916,414,20.1,362,103,34,183296
ABprpaapap:125,ABprpaapap,125,28333,3333,-1128,-1174,1931,20.9,357,100,32,175661
ABprpaapap:126,ABprpaapap,126,28816,3816,-461,-527,2033,21.9,355,101,32,182031
ABprpaapap:127,ABprpaapap,127,29177,4177,-143,-73,2620,21.1,354,100,34,196484
ABprpaapap:128,ABprpaapap,128,29429,4429,-129,-257,2878,22.0,354,102,34,212303
ABprpaapap:129,ABprpaapap,129,29833,4833,706,559,3470,22.0,348,102,32,198261
ABprpaapp:93,ABprpaapp,93,28170,3170,-825,-895,3064,19.1,443,157,35,185516
ABprpaapp:94,ABprpaapp,94,28367,3367,-849,-960,3184,18.2,440,156,36,202832
ABprpaapp:95,ABprpaapp,95,28555,3555,-314,-318,3146,19.0,428,148,37,230839
ABprpaapp:96,ABprpaapp,96,28840,3840,-835,-880,3324,17.9,419,155,36,226900
ABprpaapp:97,ABprpaapp,97,29077,4077,-644,-710,3224,17.1,423,149,38,244898
ABprpaapp:98,ABprpaapp,98,28600,3600,-726,-767,3120,17.2,425,146,38,262413
ABprpaapp:99,ABprpaapp,99,28075,3075,-1132,-1240,2677,17.1,431,146,38,271133
ABprpaapp:100,ABprpaapp,100,27639,2639,-1571,-1612,2252,17.3,438,146,38,265936
ABprpaapp:101,ABprpaapp,101,28976,3976,-439,-463,3641,17.2,435,146,40,305779
ABprpaapp:102,ABprpaapp,102,28156,3156,-948,-1144,2814,17.9,432,140,36,278368
ABprpaapp:103,ABprpaapp,103,28595,3595,-476,-491,3070,17.0,431,135,38,300068
ABprpaapp:104,ABprpaapp,104,29309,4309,197,115,3734,17.1,428,139,38,323029
ABprpaapp:105,ABprpaapp,105,27119,2119,-2298,-2300,1763,17.1,429,140,40,352285
ABprpaapp:106,ABprpaapp,106,28241,3241,-1500,-1544,2832,16.3,425,135,38,317407
ABprpaapp:107,ABprpaapp,107,28853,3853,-801,-966,3408,17.1,417,137,40,372684
ABprpaapp:108,ABprpaapp,108,29407,4407,-429,-594,3955,16.2,422,140,40,370172
ABprpaapp:109,ABprpaapp,109,28179,3179,-1168,-1061,2485,17.2,422,140,38,358407
ABprpaapp:110,ABprpaapp,110,29045,4045,-891,-894,3285,17.3,420,133,40,236756
ABprpaapp:111,ABprpaapp,111,27992,2992,-1755,-1806,2336,18.1,415,135,39,232571
ABprpaapp:112,ABprpaapp,112,28902,3902,-1017,-1088,3346,18.2,416,129,39,236149
ABprpaapp:113,ABprpaapp,113,29777,4777,-204,-292,4189,18.2,413,126,39,242626
ABprpaapp:114,ABprpaapp,114,28753,3753,-1026,-1077,2829,18.3,417,129,39,235421
ABprpaapp:115,ABprpaapp,115,28987,3987,-857,-1131,2753,18.2,418,127,39,246060
ABprpaapp:116,ABprpaapp,116,29715,4715,725,606,4574,19.0,429,132,29,108029
ABprpaapp:117,ABprpaapp,117,29046,4046,-515,-518,2799,18.1,428,130,38,277030
ABprpaapp:118,ABprpaapp,118,28717,3717,-1033,-1053,2606,18.3,415,123,38,240555
ABprpaapp:119,ABprpaapp,119,28259,3259,-1502,-1375,2530,19.1,411,121,36,253058
ABprpaapp:120,ABprpaapp,120,29451,4451,-165,-144,3499,19.1,402,122,34,189701
ABprpaapp:121,ABprpaapp,121,28826,3826,-916,-855,2912,19.0,397,120,33,199153
ABprpaappa:122,ABprpaappa,122,29724,4724,-236,-374,3508,19.0,373,110,32,159699
ABprpaappa:123,ABprpaappa,123,28607,3607,-512,-531,1805,18.3,374,109,29,95608
ABprpaappa:124,ABprpaappa,124,29048,4048,-409,-746,2888,18.2,371,109,29,109437
ABprpaappa:125,ABprpaappa,125,27906,2906,-1138,-1248,1785,18.1,378,104,29,116712
ABprpaappa:126,ABprpaappa,126,29248,4248,318,287,3297,19.1,379,100,36,218851
ABprpaappa:127,ABprpaappa,127,28579,3579,-544,-508,2056,19.2,384,104,36,217726
ABprpaappa:128,ABprpaappa,128,28662,3662,-1002,-992,2283,20.0,384,107,34,202420
ABprpaappa:129,ABprpaappa,129,29314,4314,-321,-229,2593,20.2,381,111,36,219938
ABprpaappp:122,ABprpaappp,122,30095,5095,1124,1126,4282,20.0,422,125,32,152238
ABprpaappp:123,ABprpaappp,123,29001,4001,-233,-248,3019,20.1,426,127,32,142616
ABprpaappp:124,ABprpaappp,124,29296,4296,-163,-211,2989,20.2,423,129,34,149097
ABprpaappp:125,ABprpaappp,125,29367,4367,459,411,2885,22.0,423,131,29,94455
ABprpaappp:126,ABprpaappp,126,29374,4374,472,226,3088,21.1,419,124,36,188832
ABprpaappp:127,ABprpaappp,127,29773,4773,696,780,3387,22.1,418,127,36,195590
ABprpaappp:128,ABprpaappp,128,29082,4082,-214,-292,3321,22.1,418,130,36,191624
ABprpaappp:129,ABprpaappp,129,28897,3897,-298,-412,2972,23.0,412,132,36,205630
ABprpap:51,ABprpap,51,28392,3392,-300,-270,3392,25.3,484,262,57,598077
ABprpap:52,ABprpap,52,28545,3545,-280,-328,3545,26.0,489,266,56,612113
ABprpap:53,ABprpap,53,28343,3343,-516,-550,3343,26.1,497,275,57,636177
ABprpap:54,ABprpap,54,27575,2575,-1325,-1314,2575,26.9,493,288,55,586087
ABprpap:55,ABprpap,55,28029,3029,-936,-908,3029,27.1,501,299,55,650048
ABprpap:56,ABprpap,56,27701,2701,-1179,-1158,2701,27.0,506,295,55,680867
ABprpap:57,ABprpap,57,28713,3713,-49,-69,3713,27.0,505,289,55,704809
ABprpap:58,ABprpap,58,28018,3018,-1301,-1304,3012,26.0,510,279,55,713457
ABprpap:59,ABprpap,59,28572,3572,-122,-140,3568,26.1,511,276,56,771016
ABprpap:60,ABprpap,60,28361,3361,-737,-762,3354,25.1,510,269,57,868084
ABprpap:61,ABprpap,61,28147,3147,-1039,-1062,3144,25.9,513,275,53,701468
ABprpap:62,ABprpap,62,28888,3888,-185,-194,3886,26.0,504,273,55,726935
ABprpap:63,ABprpap,63,28457,3457,-489,-472,3455,26.2,506,286,59,676496
ABprpap:64,ABprpap,64,28432,3432,-471,-499,3422,25.3,511,292,58,688598
ABprpap:65,ABprpap,65,28636,3636,-202,-200,3622,25.9,514,299,54,648373
ABprpap:66,ABprpap,66,28513,3513,-304,-306,3496,25.0,522,295,54,639966
ABprpap:67,ABprpap,67,28043,3043,-666,-670,3027,25.1,518,286,53,586893
ABprpap:68,ABprpap,68,27817,2817,-1408,-1420,2805,25.9,512,281,52,541773
ABprpap:69,ABprpap,69,28009,3009,-844,-844,3005,26.0,505,283,50,435971
ABprpapa:70,ABprpapa,70,28386,3386,-112,-112,3378,27.9,501,251,45,257852
ABprpapa:71,ABprpapa,71,28361,3361,-609,-595,3276,27.1,500,244,48,340854
ABprpapa:72,ABprpapa,72,28367,3367,-312,-312,3323,28.0,492,244,44,261044
ABprpapa:73,ABprpapa,73,28457,3457,-389,-375,3224,27.1,497,223,46,356551
ABprpapa:74,ABprpapa,74,29389,4389,694,642,4202,27.0,496,217,44,333867
ABprpapa:75,ABprpapa,75,28768,3768,-35,-92,3623,27.0,492,213,44,316111
ABprpapa:76,ABprpapa,76,28801,3801,-193,-179,3514,27.0,493,198,44,345580
ABprpapa:77,ABprpapa,77,28593,3593,-599,-517,3175,26.1,485,198,44,308467
ABprpapa:78,ABprpapa,78,28532,3532,-242,-268,3274,27.0,474,198,46,364357
ABprpapa:79,ABprpapa,79,28446,3446,-577,-666,3083,27.0,472,202,44,318644
ABprpapa:80,ABprpapa,80,28318,3318,-1058,-1084,3094,27.0,465,191,44,347017
ABprpapa:81,ABprpapa,81,28010,3010,-1129,-1174,2875,27.1,455,196,48,459512
ABprpapa:82,ABprpapa,82,28646,3646,-442,-465,3567,27.1,443,198,48,427510
ABprpapa:83,ABprpapa,83,28567,3567,-381,-410,3527,28.1,442,198,48,428658
ABprpapa:84,ABprpapa,84,28221,3221,-775,-777,3183,28.0,437,188,44,332824
ABprpapa:85,ABprpapa,85,28583,3583,-215,-220,3534,27.1,435,182,48,483131
ABprpapa:86,ABprpapa,86,28486,3486,-619,-659,3434,27.2,435,185,46,408039
ABprpapa:87,ABprpapa,87,28249,3249,-690,-711,3207,27.2,436,184,49,464557
ABprpapa:88,ABprpapa,88,27745,2745,-1090,-1062,2700,27.1,435,186,47,426379
ABprpapa:89,ABprpapa,89,28541,3541,-364,-387,3499,27.1,440,188,45,381808
ABprpapa:90,ABprpapa,90,27914,2914,-1106,-1149,2819,25.1,440,182,40,256987
ABprpapaa:91,ABprpapaa,91,27360,2360,-1300,-1259,2064,25.2,415,163,34,150068
ABprpapaa:92,ABprpapaa,92,28730,3730,99,136,3568,25.1,402,151,38,206011
ABprpapaa:93,ABprpapaa,93,27619,2619,-609,-662,2298,26.0,406,147,39,221616
ABprpapaa:94,ABprpapaa,94,27723,2723,-1158,-1229,2477,26.9,414,154,38,221269
ABprpapaa:95,ABprpapaa,95,28227,3227,-566,-642,2736,26.3,407,154,39,200321
ABprpapaa:96,ABprpapaa,96,28040,3040,-552,-583,2577,27.1,410,160,40,241364
ABprpapaa:97,ABprpapaa,97,28653,3653,184,75,3446,27.1,411,171,40,225584
ABprpapaa:98,ABprpapaa,98,28227,3227,-282,-460,2791,27.2,411,176,40,230217
ABprpapaa:99,ABprpapaa,99,27837,2837,-961,-976,2606,27.1,408,187,40,211039
ABprpapaa:100,ABprpapaa,100,27798,2798,-724,-723,2658,27.9,400,193,36,168491
ABprpapaa:101,ABprpapaa,101,28030,3030,-773,-836,2582,26.3,402,190,40,198145
ABprpapaa:102,ABprpapaa,102,28424,3424,-327,-347,3051,27.0,402,187,38,211303
ABprpapaa:103,ABprpapaa,103,28145,3145,-514,-548,2718,27.0,407,171,40,267499
ABprpapaa:104,ABprpapaa,104,27871,2871,-1076,-1044,2231,26.2,412,170,40,280611
ABprpapaa:105,ABprpapaa,105,28715,3715,-89,-166,3277,26.2,407,166,40,272752
ABprpapaa:106,ABprpapaa,106,28786,3786,-232,-510,3302,26.0,408,157,38,290201
ABprpapaa:107,ABprpapaa,107,28629,3629,50,322,2943,25.1,399,155,38,310515
ABprpapaa:108,ABprpapaa,108,28521,3521,-380,-325,2990,25.1,406,151,36,278450
ABprpapaa:109,ABprpapaa,109,29778,4778,336,186,3844,24.2,400,156,38,291493
ABprpapaa:110,ABprpapaa,110,29265,4265,-329,-543,3460,25.2,405,153,38,184037
ABprpapaa:111,ABprpapaa,111,29288,4288,-623,-747,3341,25.1,399,155,39,207674
ABprpapaa:112,ABprpapaa,112,28633,3633,-950,-1007,2709,25.1,400,156,39,203245
ABprpapaa:113,ABprpapaa,113,30479,5479,752,604,4630,24.2,390,161,39,189408
ABprpapaa:114,ABprpapaa,114,29082,4082,-665,-784,3215,25.1,387,163,39,204547
ABprpapaa:115,ABprpapaa,115,28927,3927,-1020,-1198,3220,24.2,392,156,39,204404
ABprpapaa:116,ABprpapaa,116,29285,4285,-312,-485,3868,25.1,394,156,39,205330
ABprpapaa:117,ABprpapaa,117,29267,4267,-238,-276,3690,25.1,401,157,38,228266
ABprpapaa:118,ABprpapaa,118,29889,4889,317,125,4170,25.1,401,156,38,236961
ABprpapaa:119,ABprpapaa,119,29977,4977,559,308,4426,26.0,402,158,38,244223
ABprpapaa:120,ABprpapaa,120,29307,4307,-455,-593,3277,25.3,390,159,38,228628
ABprpapaa:121,ABprpapaa,121,28076,3076,-1275,-1312,2231,25.9,389,158,33,168745
ABprpapaaa:122,ABprpapaaa,122,29851,4851,297,314,4125,26.0,379,161,32,117052
ABprpapaaa:123,ABprpapaaa,123,30558,5558,683,389,4552,26.1,374,155,32,124879
ABprpapaaa:124,ABprpapaaa,124,30340,5340,378,88,4638,26.2,368,151,36,163471
ABprpapaaa:125,ABprpapaaa,125,29245,4245,-45,-56,3551,27.0,375,155,34,148341
ABprpapaaa:126,ABprpapaaa,126,29515,4515,-358,-548,3718,27.2,377,155,36,182373
ABprpapaaa:127,ABprpapaaa,127,28047,3047,-1590,-1586,2183,28.0,382,164,36,187779
ABprpapaaa:128,ABprpapaaa,128,28978,3978,-880,-1031,2402,27.1,366,177,36,183630
ABprpapaaa:129,ABprpapaaa,129,30358,5358,199,34,3586,26.2,357,181,34,156363
ABprpapaap:122,ABprpapaap,122,29756,4756,99,81,3748,25.9,410,184,32,134863
ABprpapaap:123,ABprpapaap,123,28934,3934,-627,-732,3301,25.0,407,194,32,118594
ABprpapaap:124,ABprpapaap,124,28631,3631,-1017,-923,2314,24.9,403,194,36,159846
ABprpapaap:125,ABprpapaap,125,29026,4026,-417,-410,2068,25.1,402,195,34,141442
ABprpapaap:126,ABprpapaap,126,28587,3587,-1109,-1099,1649,26.1,397,200,36,179030
ABprpapaap:127,ABprpapaap,127,28987,3987,-659,-369,1691,25.1,387,211,34,128661
ABprpapaap:128,ABprpapaap,128,29568,4568,-121,-225,3029,25.1,381,207,36,175668
ABprpapaap:129,ABprpapaap,129,28806,3806,-786,-639,1877,26.0,377,209,34,135614
ABprpapap:91,ABprpapap,91,28791,3791,-12,-181,3568,24.2,445,184,36,167764
ABprpapap:92,ABprpapap,92,27956,2956,-626,-709,2816,25.1,449,175,34,164112
ABprpapap:93,ABprpapap,93,29368,4368,1368,1286,4096,25.1,450,174,39,207030
ABprpapap:94,ABprpapap,94,27416,2416,-1719,-1943,2048,25.1,455,178,42,257038
ABprpapap:95,ABprpapap,95,28525,3525,-385,-499,3043,26.1,439,172,41,238405
ABprpapap:96,ABprpapap,96,28695,3695,282,216,2820,25.0,439,161,36,205077
ABprpapap:97,ABprpapap,97,29519,4519,521,441,3401,23.1,442,161,40,261738
ABprpapap:98,ABprpapap,98,29345,4345,386,371,3703,23.2,439,160,38,228868
ABprpapap:99,ABprpapap,99,27959,2959,-682,-694,2492,24.0,440,161,38,239262
ABprpapap:100,ABprpapap,100,28526,3526,-473,-710,3145,24.1,432,162,40,265853
ABprpapap:101,ABprpapap,101,28448,3448,-774,-710,2934,24.1,430,163,40,285736
ABprpapap:102,ABprpapap,102,29357,4357,163,19,4018,25.0,427,156,36,237056
ABprpapap:103,ABprpapap,103,28887,3887,438,392,3331,23.1,434,151,40,285180
ABprpapap:104,ABprpapap,104,29401,4401,580,452,3634,24.0,434,152,40,317065
ABprpapap:105,ABprpapap,105,29407,4407,638,679,3563,24.1,437,153,40,325725
ABprpapap:106,ABprpapap,106,28991,3991,27,-77,3260,24.0,437,147,40,323662
ABprpapap:107,ABprpapap,107,28241,3241,-283,-373,2601,24.0,435,149,38,327796
ABprpapap:108,ABprpapap,108,28062,3062,-1112,-1073,2577,25.0,441,157,38,319079
ABprpapap:109,ABprpapap,109,29287,4287,416,402,3562,25.0,439,156,36,297732
ABprpapap:110,ABprpapap,110,28969,3969,-396,-312,3073,25.1,445,160,38,204449
ABprpapap:111,ABprpapap,111,28434,3434,-902,-1007,2563,25.1,449,164,39,206502
ABprpapap:112,ABprpapap,112,28263,3263,-1314,-1357,2792,26.1,440,167,37,186768
ABprpapap:113,ABprpapap,113,29657,4657,182,183,4537,27.0,436,167,39,198388
ABprpapap:114,ABprpapap,114,28635,3635,-462,-527,3180,26.2,434,166,39,193877
ABprpapap:115,ABprpapap,115,29191,4191,-83,-69,4016,27.1,430,172,39,196768
ABprpapap:116,ABprpapap,116,29171,4171,-157,-150,3970,27.1,434,172,39,200339
ABprpapap:117,ABprpapap,117,29202,4202,-493,-615,3802,26.3,437,171,38,187915
ABprpapap:118,ABprpapap,118,28216,3216,-1084,-1031,2845,27.1,428,181,36,185178
ABprpapap:119,ABprpapap,119,29340,4340,288,202,4074,27.0,426,196,36,165738
ABprpapapa:120,ABprpapapa,120,29471,4471,382,357,3186,27.2,409,174,29,87338
ABprpapapa:121,ABprpapapa,121,29208,4208,-96,-181,3793,28.0,411,177,33,112517
ABprpapapa:122,ABprpapapa,122,28387,3387,-904,-819,1214,28.0,419,190,34,0
ABprpapapa:123,ABprpapapa,123,28519,3519,-1022,-1160,1427,28.0,414,195,34,0
ABprpapapa:124,ABprpapapa,124,29416,4416,118,-41,2955,28.0,409,200,34,0
ABprpapapa:125,ABprpapapa,125,29238,4238,288,342,2920,28.1,404,205,35,0
ABprpapapa:126,ABprpapapa,126,28968,3968,-21,-202,2457,28.1,399,210,35,0
ABprpapapa:127,ABprpapapa,127,29695,4695,590,934,2598,28.1,393,215,36,152389
ABprpapapa:128,ABprpapapa,128,28059,3059,-1533,-1631,1451,28.1,392,216,36,162128
ABprpapapa:129,ABprpapapa,129,29143,4143,-217,-90,3104,28.1,388,220,36,151753
ABprpapapp:120,ABprpapapp,120,30183,5183,1059,1043,4354,27.5,433,202,33,165738
ABprpapapp:121,ABprpapapp,121,28694,3694,-24,-138,2716,28.0,441,208,29,73285
ABprpapapp:122,ABprpapapp,122,27623,2623,-2013,-2109,1720,28.1,444,223,29,73470
ABprpapapp:123,ABprpapapp,123,29379,4379,678,730,3723,29.0,441,228,32,97309
ABprpapapp:124,ABprpapapp,124,29049,4049,-207,-420,3138,29.1,437,228,32,88977
ABprpapapp:125,ABprpapapp,125,28590,3590,-510,-428,1997,29.1,437,228,32,88977
ABprpapapp:126,ABprpapapp,126,28869,3869,-8,-66,3457,28.9,425,249,27,44652
ABprpapapp:127,ABprpapapp,127,29794,4794,399,406,4158,29.1,428,254,27,45133
ABprpapapp:128,ABprpapapp,128,28835,3835,-1069,-1200,3208,29.0,422,249,32,98398
ABprpapapp:129,ABprpapapp,129,29576,4576,60,51,3696,29.1,423,245,32,97603
ABprpapp:70,ABprpapp,70,28291,3291,-608,-621,3259,25.1,508,309,45,271635
ABprpapp:71,ABprpapp,71,28061,3061,-733,-740,3017,25.1,513,312,46,279330
ABprpapp:72,ABprpapp,72,27996,2996,-548,-548,2991,26.0,506,316,44,257101
ABprpapp:73,ABprpapp,73,28409,3409,-519,-519,3402,26.1,512,311,44,276627
ABprpapp:74,ABprpapp,74,27974,2974,-706,-706,2973,27.0,509,301,44,265630
ABprpapp:75,ABprpapp,75,29277,4277,595,595,4274,26.1,507,288,46,316235
ABprpapp:76,ABprpapp,76,28831,3831,-25,-26,3831,27.0,510,276,44,291291
ABprpapp:77,ABprpapp,77,28539,3539,-473,-472,3504,26.3,510,274,46,320793
ABprpapp:78,ABprpapp,78,28597,3597,-96,-125,3434,26.2,511,269,48,381952
ABprpapp:79,ABprpapp,79,28504,3504,-353,-406,3301,26.2,511,268,48,414070
ABprpapp:80,ABprpapp,80,28225,3225,-756,-770,3145,27.0,503,256,44,315181
ABprpapp:81,ABprpapp,81,28286,3286,-589,-620,3187,27.0,504,252,46,372300
ABprpapp:82,ABprpapp,82,28072,3072,-876,-904,2876,27.0,505,247,46,389665
ABprpapp:83,ABprpapp,83,28921,3921,-330,-342,3731,26.2,506,242,48,436504
ABprpapp:84,ABprpapp,84,27814,2814,-1015,-1095,2615,26.2,508,229,48,462710
ABprpapp:85,ABprpapp,85,28646,3646,-236,-323,3422,26.2,498,226,48,470062
ABprpapp:86,ABprpapp,86,28227,3227,-593,-596,3187,27.0,491,232,46,439292
ABprpapp:87,ABprpapp,87,27868,2868,-1086,-1140,2713,26.1,491,221,47,415367
ABprpapp:88,ABprpapp,88,28345,3345,-671,-674,3273,26.1,489,219,45,383130
ABprpapp:89,ABprpapp,89,27850,2850,-1261,-1255,2786,26.1,487,224,45,366585
ABprpappa:90,ABprpappa,90,28155,3155,-64,-93,3051,26.1,484,197,40,195130
ABprpappa:91,ABprpappa,91,28331,3331,-135,-173,3240,26.9,481,196,42,203123
ABprpappa:92,ABprpappa,92,27872,2872,-827,-844,2634,26.0,483,194,40,204172
ABprpappa:93,ABprpappa,93,27523,2523,-1094,-1131,2237,27.0,481,188,39,197462
ABprpappa:94,ABprpappa,94,27791,2791,-1025,-1211,2418,27.1,472,197,42,232857
ABprpappa:95,ABprpappa,95,29048,4048,-163,-308,3744,27.1,464,193,41,205161
ABprpappa:96,ABprpappa,96,29123,4123,571,515,3882,26.3,459,189,40,198410
ABprpappa:97,ABprpappa,97,27500,2500,-1648,-1710,2244,26.3,450,193,38,186195
ABprpappa:98,ABprpappa,98,27826,2826,-972,-1028,2583,27.0,449,190,40,235031
ABprpappa:99,ABprpappa,99,28881,3881,-137,-288,3583,26.2,452,190,40,220417
ABprpappa:100,ABprpappa,100,27988,2988,-1211,-1266,2632,26.2,443,195,38,196421
ABprpappa:101,ABprpappa,101,28740,3740,-17,-108,3324,27.1,439,190,40,227249
ABprpappa:102,ABprpappa,102,27801,2801,-1190,-1188,2499,27.2,440,192,40,237031
ABprpappa:103,ABprpappa,103,29346,4346,536,471,4207,28.0,440,192,40,234732
ABprpappa:104,ABprpappa,104,29092,4092,77,-34,3866,27.1,433,201,38,221124
ABprpappa:105,ABprpappa,105,28051,3051,-660,-780,2828,27.1,428,204,40,217695
ABprpappa:106,ABprpappa,106,28487,3487,-683,-829,3289,27.1,430,195,40,231441
ABprpappa:107,ABprpappa,107,29376,4376,337,289,4218,26.3,422,193,40,206547
ABprpappa:108,ABprpappa,108,28719,3719,-487,-485,3562,27.1,418,195,38,229550
ABprpappa:109,ABprpappa,109,28660,3660,-293,-245,3231,26.2,418,192,40,226544
ABprpappa:110,ABprpappa,110,29589,4589,74,124,4143,26.2,418,192,40,226544
ABprpappa:111,ABprpappa,111,29719,4719,-143,-94,4298,26.3,405,200,37,115208
ABprpappa:112,ABprpappa,112,28720,3720,-748,-747,3514,27.9,398,207,35,104299
ABprpappa:113,ABprpappa,113,27965,2965,-1482,-1452,2710,27.0,398,204,35,110936
ABprpappa:114,ABprpappa,114,28995,3995,-359,-361,3775,27.0,399,208,29,65929
ABprpappa:115,ABprpappa,115,29108,4108,-766,-777,3881,26.0,394,201,39,166674
ABprpappa:116,ABprpappa,116,28520,3520,-997,-1010,3268,26.1,398,199,35,128291
ABprpappa:117,ABprpappa,117,29243,4243,-245,-234,4002,25.9,400,206,34,125642
ABprpappaa:118,ABprpappaa,118,29337,4337,-115,-42,3533,26.9,383,183,34,117840
ABprpappaa:119,ABprpappaa,119,29162,4162,-151,-220,3614,27.1,381,187,34,113670
ABprpappaa:120,ABprpappaa,120,29468,4468,379,397,3779,27.9,378,189,34,111600
ABprpappaa:121,ABprpappaa,121,28555,3555,-1228,-1275,3313,28.0,375,201,33,102772
ABprpappaa:122,ABprpappaa,122,29018,4018,-11,-69,3496,28.0,376,223,32,90276
ABprpappaa:123,ABprpappaa,123,28803,3803,-728,-739,3276,28.0,366,223,32,90276
ABprpappaa:124,ABprpappaa,124,28443,3443,-1234,-1410,2878,28.0,362,218,29,64500
ABprpappaa:125,ABprpappaa,125,29017,4017,-93,-176,3545,27.9,365,224,27,47534
ABprpappaa:126,ABprpappaa,126,28870,3870,-291,-297,3285,29.0,364,220,32,99380
ABprpappaa:127,ABprpappaa,127,28741,3741,-167,-12,2811,28.0,360,227,32,102708
ABprpappaa:128,ABprpappaa,128,29702,4702,489,461,4217,28.1,354,233,32,97026
ABprpappaa:129,ABprpappaa,129,28808,3808,-935,-886,3319,27.1,346,241,34,112141
ABprpappap:118,ABprpappap,118,28405,3405,-491,-523,3020,24.2,409,236,29,62526
ABprpappap:119,ABprpappap,119,28660,3660,-704,-804,2196,25.1,406,235,29,64885
ABprpappap:120,ABprpappap,120,29390,4390,-48,-197,3585,25.0,416,233,34,106682
ABprpappap:121,ABprpappap,121,29613,4613,341,377,3295,25.0,411,240,33,97396
ABprpappap:122,ABprpappap,122,28748,3748,-597,-673,2760,25.1,406,246,34,112444
ABprpappap:123,ABprpappap,123,29114,4114,-207,-229,2385,25.1,396,246,34,103819
ABprpappap:124,ABprpappap,124,29264,4264,-91,-95,2195,26.0,389,251,34,117416
ABprpappap:125,ABprpappap,125,29917,4917,328,419,2443,25.0,387,252,36,133614
ABprpappap:126,ABprpappap,126,29013,4013,-411,-484,906,26.1,388,263,34,113807
ABprpappap:127,ABprpappap,127,28694,3694,-1264,-776,779,27.0,385,270,32,105977
ABprpappap:128,ABprpappap,128,29666,4666,190,356,2900,27.0,381,270,34,113860
ABprpappap:129,ABprpappap,129,28565,3565,-1122,-959,1521,26.0,376,268,34,121975
ABprpappp:90,ABprpappp,90,28507,3507,-77,-9,3233,25.0,516,243,38,208913
ABprpappp:91,ABprpappp,91,28667,3667,131,146,3363,25.0,516,239,42,239879
ABprpappp:92,ABprpappp,92,28015,3015,-1037,-949,2781,24.9,522,222,40,223588
ABprpappp:93,ABprpappp,93,29106,4106,425,488,3918,24.9,527,218,39,223107
ABprpappp:94,ABprpappp,94,29114,4114,480,481,3976,24.0,522,205,38,237732
ABprpappp:95,ABprpappp,95,28612,3612,-468,-451,3254,23.1,513,190,37,224707
ABprpappp:96,ABprpappp,96,27858,2858,-473,-453,2324,23.1,517,197,36,234332
ABprpappp:97,ABprpappp,97,27913,2913,-447,-443,2450,24.1,517,196,36,247390
ABprpappp:98,ABprpappp,98,28467,3467,3,-15,2930,24.1,511,195,36,242293
ABprpappp:99,ABprpappp,99,28407,3407,-522,-568,3125,25.2,506,194,36,239380
ABprpappp:100,ABprpappp,100,29383,4383,672,702,4094,26.0,500,191,38,269004
ABprpappp:101,ABprpappp,101,28512,3512,-242,-270,2595,25.1,494,188,40,286115
ABprpappp:102,ABprpappp,102,29000,4000,322,291,3387,25.1,487,184,40,279450
ABprpappp:103,ABprpappp,103,28124,3124,-1135,-1159,2852,25.9,490,184,36,259027
ABprpappp:104,ABprpappp,104,28612,3612,-167,-155,3178,25.1,482,180,40,304003
ABprpappp:105,ABprpappp,105,28598,3598,-393,-369,3330,26.1,477,185,40,304618
ABprpappp:106,ABprpappp,106,29025,4025,-255,-371,3739,26.1,474,181,40,294340
ABprpappp:107,ABprpappp,107,28930,3930,48,43,3545,26.2,471,180,38,276951
ABprpappp:108,ABprpappp,108,28200,3200,-817,-867,2899,26.2,473,186,38,275802
ABprpappp:109,ABprpappp,109,27610,2610,-1475,-1384,2427,27.1,467,184,38,284681
ABprpappp:110,ABprpappp,110,29833,4833,312,270,4629,28.0,461,192,38,173503
ABprpappp:111,ABprpappp,111,30091,5091,856,777,4951,29.0,456,204,39,159101
ABprpappp:112,ABprpappp,112,28917,3917,-203,-219,3697,28.2,451,211,37,133922
ABprpappp:113,ABprpappp,113,28331,3331,-1061,-1044,3029,29.0,447,220,35,111737
ABprpappp:114,ABprpappp,114,29350,4350,-125,-140,4285,29.0,447,226,35,106973
ABprpappp:115,ABprpappp,115,28324,3324,-602,-602,3168,28.0,438,234,29,65481
ABprpappp:116,ABprpappp,116,29126,4126,292,285,3984,27.1,435,238,29,64721
ABprpappp:117,ABprpappp,117,28886,3886,-154,-146,3561,27.1,441,243,36,146863
ABprpappp:118,ABprpappp,118,28607,3607,-486,-486,3100,27.1,438,249,36,153030
ABprpapppa:119,ABprpapppa,119,29584,4584,636,640,3334,27.0,413,245,34,105291
ABprpapppa:120,ABprpapppa,120,27603,2603,-1569,-1578,1449,28.0,423,249,27,48275
ABprpapppa:121,ABprpapppa,121,29002,4002,-241,-271,2670,28.0,421,256,28,48275
ABprpapppa:122,ABprpapppa,122,27861,2861,-1060,-1077,2138,28.0,419,264,29,58041
ABprpapppa:123,ABprpapppa,123,28196,3196,-805,-843,2676,28.0,419,264,29,58041
ABprpapppa:124,ABprpapppa,124,29910,4910,671,693,4407,28.9,415,273,32,88481
ABprpapppa:125,ABprpapppa,125,28214,3214,-1437,-1453,2757,28.1,415,282,32,90501
ABprpapppa:126,ABprpapppa,126,28745,3745,-354,-363,2733,28.1,417,288,33,90501
ABprpapppa:127,ABprpapppa,127,30386,5386,459,628,4083,28.1,419,294,34,104272
ABprpapppa:128,ABprpapppa,128,29709,4709,-400,-133,1635,28.1,411,291,27,46709
ABprpapppa:129,ABprpapppa,129,30244,5244,-361,-40,1033,28.0,412,290,32,98280
ABprpapppp:119,ABprpapppp,119,30520,5520,765,815,4250,26.1,460,270,34,105706
ABprpapppp:120,ABprpapppp,120,29636,4636,-92,-149,3472,27.1,476,276,34,108256
ABprpapppp:121,ABprpapppp,121,30074,5074,458,429,4681,27.9,472,280,33,97189
ABprpapppp:122,ABprpapppp,122,29072,4072,-516,-310,3449,27.8,479,289,32,100837
ABprpapppp:123,ABprpapppp,123,29201,4201,-486,-534,3540,28.1,482,298,32,102379
ABprpapppp:124,ABprpapppp,124,29644,4644,81,84,3885,29.1,481,300,36,134283
ABprpapppp:125,ABprpapppp,125,29626,4626,-386,-378,2676,28.1,479,309,32,97735
ABprpapppp:126,ABprpapppp,126,29866,4866,225,196,4285,28.2,479,317,34,106626
ABprpapppp:127,ABprpapppp,127,29710,4710,-336,-242,4194,29.0,477,326,36,149767
ABprpapppp:128,ABprpapppp,128,29990,4990,336,289,4708,29.0,467,329,34,124950
ABprpapppp:129,ABprpapppp,129,29854,4854,8,-69,4147,28.2,464,330,36,144200
ABprpp:34,ABprpp,34,28220,3220,-602,-667,3216,23.0,496,318,54,584775
ABprpp:35,ABprpp,35,28242,3242,-405,-426,3242,23.9,507,309,59,675904
ABprpp:36,ABprpp,36,27976,2976,-832,-833,2976,23.9,508,318,60,780919
ABprpp:37,ABprpp,37,27841,2841,-1367,-1367,2841,23.0,521,322,61,947705
ABprpp:38,ABprpp,38,28456,3456,-308,-308,3456,23.0,534,314,61,1094278
ABprpp:39,ABprpp,39,28011,3011,-877,-877,3011,23.7,531,312,62,1120360
ABprpp:40,ABprpp,40,27886,2886,-817,-817,2886,23.8,532,322,62,1241188
ABprpp:41,ABprpp,41,28186,3186,-928,-928,3186,22.9,539,320,62,1284146
ABprpp:42,ABprpp,42,28017,3017,-881,-881,3017,22.8,539,306,60,1203123
ABprpp:43,ABprpp,43,27893,2893,-861,-860,2893,23.0,534,317,61,1209003
ABprpp:44,ABprpp,44,28751,3751,-138,-138,3751,22.0,540,315,62,1360919
ABprpp:45,ABprpp,45,28187,3187,-849,-849,3187,23.0,531,321,62,1355693
ABprpp:46,ABprpp,46,27542,2542,-1583,-1583,2542,23.9,528,335,62,1295252
ABprpp:47,ABprpp,47,27926,2926,-732,-743,2926,24.0,535,317,61,1247853
ABprpp:48,ABprpp,48,27777,2777,-1298,-1304,2777,22.9,533,304,61,1269319
ABprpp:49,ABprpp,49,27723,2723,-1204,-1203,2723,22.7,533,307,62,1293012
ABprpp:50,ABprpp,50,28183,3183,-720,-719,3183,21.9,536,292,61,1091626
ABprppa:51,ABprppa,51,29059,4059,102,139,4048,20.2,552,278,49,531550
ABprppa:52,ABprppa,52,28919,3919,301,311,3919,19.2,552,268,56,705996
ABprppa:53,ABprppa,53,28844,3844,169,164,3844,19.9,557,271,55,669562
ABprppa:54,ABprppa,54,28830,3830,435,453,3830,19.0,557,263,55,720793
ABprppa:55,ABprppa,55,28072,3072,-610,-663,3064,19.2,561,267,55,769529
ABprppa:56,ABprppa,56,28332,3332,-124,-117,3328,19.0,560,271,55,833804
ABprppa:57,ABprppa,57,28049,3049,-660,-738,3040,19.9,557,273,55,866157
ABprppa:58,ABprppa,58,27851,2851,-943,-949,2835,19.0,559,270,55,899951
ABprppa:59,ABprppa,59,28141,3141,-431,-499,3130,19.1,558,267,54,882872
ABprppa:60,ABprppa,60,28271,3271,-778,-834,3263,18.9,555,270,53,809318
ABprppa:61,ABprppa,61,28366,3366,-635,-623,3366,18.9,557,271,53,806064
ABprppa:62,ABprppa,62,28287,3287,-796,-811,3287,19.9,555,276,53,825920
ABprppa:63,ABprppa,63,28146,3146,-650,-663,3146,20.0,556,292,53,674926
ABprppa:64,ABprppa,64,28203,3203,-538,-524,3194,19.9,555,293,54,734916
ABprppa:65,ABprppa,65,28189,3189,-737,-706,3183,19.9,553,304,54,764796
ABprppa:66,ABprppa,66,28091,3091,-780,-832,3091,18.9,558,305,54,796574
ABprppa:67,ABprppa,67,28281,3281,-553,-570,3277,20.0,561,290,53,734592
ABprppa:68,ABprppa,68,27598,2598,-1197,-1199,2595,20.9,555,289,52,704207
ABprppa:69,ABprppa,69,27972,2972,-1010,-1011,2944,20.2,550,280,50,577571
ABprppa:70,ABprppa,70,28014,3014,-420,-437,2985,21.1,546,260,45,382604
ABprppaa:71,ABprppaa,71,27844,2844,-314,-332,2734,22.2,541,238,42,275301
ABprppaa:72,ABprppaa,72,28225,3225,-27,-29,3152,23.1,542,246,44,298905
ABprppaa:73,ABprppaa,73,27928,2928,-1028,-1021,2834,23.1,541,241,44,309986
ABprppaa:74,ABprppaa,74,27454,2454,-1133,-1108,2409,23.1,543,234,44,331304
ABprppaa:75,ABprppaa,75,28283,3283,-413,-346,3187,23.9,534,226,44,346815
ABprppaa:76,ABprppaa,76,28053,3053,-625,-667,2923,22.9,531,213,44,346332
ABprppaa:77,ABprppaa,77,27666,2666,-1016,-1019,2493,23.1,531,211,44,377931
ABprppaa:78,ABprppaa,78,28718,3718,-18,-33,3613,23.0,523,207,44,368306
ABprppaa:79,ABprppaa,79,27716,2716,-850,-894,2632,22.0,523,207,44,382409
ABprppaa:80,ABprppaa,80,28633,3633,37,-25,3560,22.0,519,196,44,393484
ABprppaa:81,ABprppaa,81,28139,3139,-570,-574,3100,21.9,521,197,44,401598
ABprppaa:82,ABprppaa,82,28274,3274,-271,-269,3203,22.0,516,192,44,401667
ABprppaa:83,ABprppaa,83,28123,3123,-449,-443,3013,22.0,516,193,44,414896
ABprppaa:84,ABprppaa,84,27141,2141,-1410,-1352,1963,21.9,508,191,44,401706
ABprppaa:85,ABprppaa,85,28645,3645,-411,-368,3579,21.0,502,188,44,426059
ABprppaa:86,ABprppaa,86,28575,3575,-397,-367,3456,22.0,502,189,44,428808
ABprppaa:87,ABprppaa,87,28355,3355,-403,-337,3272,20.1,503,182,45,432151
ABprppaa:88,ABprppaa,88,28362,3362,-93,-87,3252,20.1,506,178,45,437493
ABprppaa:89,ABprppaa,89,28354,3354,-180,-118,3288,20.1,510,179,45,436354
ABprppaa:90,ABprppaa,90,28012,3012,-536,-483,2882,19.9,502,177,44,364848
ABprppaa:91,ABprppaa,91,28048,3048,-737,-720,2964,19.1,497,174,42,337872
ABprppaa:92,ABprppaa,92,28381,3381,-326,-326,3311,20.0,488,172,40,315800
ABprppaa:93,ABprppaa,93,27373,2373,-1540,-1585,2134,19.1,488,169,41,304868
ABprppaa:94,ABprppaa,94,27801,2801,-754,-790,2525,19.1,481,168,38,338504
ABprppaa:95,ABprppaa,95,28217,3217,-844,-924,2927,19.2,466,165,35,250990
ABprppaaa:96,ABprppaaa,96,27984,2984,-845,-962,2283,19.9,445,149,36,246756
ABprppaaa:97,ABprppaaa,97,28605,3605,-732,-527,2629,20.0,451,151,36,253975
ABprppaaa:98,ABprppaaa,98,28552,3552,-183,-56,3091,19.9,459,144,36,238118
ABprppaaa:99,ABprppaaa,99,27388,2388,-992,-931,2034,19.9,461,146,36,254151
ABprppaaa:100,ABprppaaa,100,28453,3453,-109,-58,2988,20.2,460,149,38,263602
ABprppaaa:101,ABprppaaa,101,28489,3489,-360,-330,2969,21.0,458,147,36,260993
ABprppaaa:102,ABprppaaa,102,27838,2838,-640,-682,2299,21.1,455,142,36,260357
ABprppaaa:103,ABprppaaa,103,27731,2731,-537,-420,2027,20.0,456,144,36,285295
ABprppaaa:104,ABprppaaa,104,28937,3937,316,394,3444,20.0,455,143,36,283849
ABprppaaa:105,ABprppaaa,105,28678,3678,6,275,3076,20.9,455,143,36,291158
ABprppaaa:106,ABprppaaa,106,27952,2952,-832,-746,2508,20.0,452,140,36,311381
ABprppaaa:107,ABprppaaa,107,28201,3201,-594,-407,2729,20.1,449,137,36,312940
ABprppaaa:108,ABprppaaa,108,27350,2350,-1407,-1403,1992,20.1,452,144,38,329519
ABprppaaa:109,ABprppaaa,109,29165,4165,816,880,3560,20.3,447,142,38,330395
ABprppaaa:110,ABprppaaa,110,29484,4484,248,221,3697,21.0,445,141,36,206867
ABprppaaa:111,ABprppaaa,111,30023,5023,904,711,4227,22.0,435,143,37,195833
ABprppaaa:112,ABprppaaa,112,29380,4380,-173,-535,3467,22.0,430,144,39,219936
ABprppaaa:113,ABprppaaa,113,28746,3746,-867,-1086,2614,21.2,425,144,37,190646
ABprppaaa:114,ABprppaaa,114,29447,4447,24,-249,3473,22.1,424,143,39,235161
ABprppaaa:115,ABprppaaa,115,27845,2845,-1727,-2012,1374,21.2,423,139,39,232387
ABprppaaa:116,ABprppaaa,116,28164,3164,-1462,-1481,-303,21.0,426,138,37,224258
ABprppaaa:117,ABprppaaa,117,28664,3664,-1275,-1576,1607,20.0,425,138,36,233575
ABprppaaa:118,ABprppaaa,118,28898,3898,-591,-699,2192,21.0,418,134,34,202559
ABprppaaa:119,ABprppaaa,119,28343,3343,-1327,-1381,2739,23.1,429,141,38,263864
ABprppaaa:120,ABprppaaa,120,29840,4840,241,278,4376,23.0,423,140,38,252377
ABprppaaa:121,ABprppaaa,121,29467,4467,272,189,4085,23.1,419,139,37,238316
ABprppaaa:122,ABprppaaa,122,28861,3861,-526,-446,2730,23.1,421,144,36,221876
ABprppaaa:123,ABprppaaa,123,28473,3473,-745,-843,2599,24.0,413,150,36,212796
ABprppaaa:124,ABprppaaa,124,29167,4167,-359,-491,3312,24.0,407,150,36,220596
ABprppaaa:125,ABprppaaa,125,29337,4337,-363,-531,2808,24.0,403,153,36,249309
ABprppaaa:126,ABprppaaa,126,29873,4873,-1024,-1551,2318,23.2,398,150,36,219933
ABprppaaa:127,ABprppaaa,127,29775,4775,-1124,-1481,2851,23.2,397,157,36,236743
ABprppaaa:128,ABprppaaa,128,30574,5574,372,150,4597,24.9,388,157,32,188629
ABprppaaaa:129,ABprppaaaa,129,31760,6760,90,-78,1465,24.9,361,156,32,147369
ABprppaaap:129,ABprppaaap,129,28290,3290,-1588,-1789,1644,25.0,401,160,28,0
ABprppaap:96,ABprppaap,96,28721,3721,-75,-104,3237,19.3,495,176,34,199411
ABprppaap:97,ABprppaap,97,28675,3675,-130,-171,3064,20.1,499,176,38,275559
ABprppaap:98,ABprppaap,98,29037,4037,379,332,3026,20.0,502,175,36,259298
ABprppaap:99,ABprppaap,99,27587,2587,-659,-658,2103,21.0,503,173,36,255300
ABprppaap:100,ABprppaap,100,27974,2974,-485,-463,2147,21.0,505,177,40,323243
ABprppaap:101,ABprppaap,101,28233,3233,-716,-820,2560,21.8,497,177,36,271641
ABprppaap:102,ABprppaap,102,28185,3185,-342,-262,2403,21.2,489,171,40,295114
ABprppaap:103,ABprppaap,103,28117,3117,-283,-303,2617,21.1,494,168,36,268888
ABprppaap:104,ABprppaap,104,27540,2540,-1087,-960,1918,21.0,491,169,36,264339
ABprppaap:105,ABprppaap,105,28901,3901,520,417,3600,21.0,488,165,36,263535
ABprppaap:106,ABprppaap,106,28521,3521,-518,-604,3161,21.1,486,162,38,299232
ABprppaap:107,ABprppaap,107,29118,4118,379,396,3676,21.0,479,165,38,327463
ABprppaap:108,ABprppaap,108,28561,3561,-484,-441,2963,21.0,485,170,36,310776
ABprppaap:109,ABprppaap,109,28135,3135,-370,-315,2823,21.0,483,164,38,347362
ABprppaap:110,ABprppaap,110,28826,3826,-476,-504,3531,21.1,481,159,38,203945
ABprppaap:111,ABprppaap,111,28005,3005,-1501,-1502,2464,21.1,470,158,37,205739
ABprppaap:112,ABprppaap,112,28682,3682,-411,-388,3167,21.2,471,154,37,179893
ABprppaap:113,ABprppaap,113,29016,4016,-137,-117,2922,21.1,467,154,39,222359
ABprppaap:114,ABprppaap,114,29118,4118,-269,-248,3539,22.1,465,154,37,203291
ABprppaap:115,ABprppaap,115,28390,3390,-381,-347,3077,23.0,461,151,39,234997
ABprppaap:116,ABprppaap,116,28067,3067,-842,-877,2514,23.1,464,153,37,214116
ABprppaap:117,ABprppaap,117,29566,4566,862,956,3953,23.1,462,151,38,232693
ABprppaap:118,ABprppaap,118,28749,3749,-264,-167,3189,24.1,458,152,38,247209
ABprppaap:119,ABprppaap,119,28165,3165,-406,-375,2254,24.8,458,156,38,247209
ABprppaap:120,ABprppaap,120,28864,3864,-455,-507,2562,25.6,457,161,37,247209
ABprppaap:121,ABprppaap,121,28797,3797,-188,-241,2537,26.3,456,165,37,247209
ABprppaap:122,ABprppaap,122,27888,2888,-1229,-1280,1743,27.0,455,170,36,223801
ABprppaap:123,ABprppaap,123,28949,3949,-27,-155,3204,27.1,440,176,36,199283
ABprppaap:124,ABprppaap,124,29074,4074,-271,-241,3387,27.2,439,178,36,211609
ABprppaap:125,ABprppaap,125,28395,3395,-1000,-1050,2968,26.9,441,184,32,161014
ABprppaap:126,ABprppaap,126,30980,5980,952,1000,5607,26.2,440,187,36,193433
ABprppaapa:127,ABprppaapa,127,29683,4683,20,226,3216,26.8,411,191,32,112938
ABprppaapa:128,ABprppaapa,128,29290,4290,-3,-183,3261,27.0,406,187,32,118335
ABprppaapa:129,ABprppaapa,129,30546,5546,766,613,4624,27.2,404,181,34,141297
ABprppaapp:127,ABprppaapp,127,29815,4815,897,722,4162,28.0,456,190,32,126252
ABprppaapp:128,ABprppaapp,128,29382,4382,314,58,3725,28.0,452,189,32,133469
ABprppaapp:129,ABprppaapp,129,30072,5072,228,153,4167,28.0,454,193,36,180211
ABprppap:71,ABprppap,71,28187,3187,-699,-756,3025,19.1,551,275,38,264804
ABprppap:72,ABprppap,72,27483,2483,-1033,-1164,2378,19.0,553,279,44,310248
ABprppap:73,ABprppap,73,28798,3798,149,4,3679,19.0,553,277,44,318925
ABprppap:74,ABprppap,74,27883,2883,-1331,-1414,2672,19.0,550,284,44,336403
ABprppap:75,ABprppap,75,27748,2748,-1383,-1611,2468,19.0,549,280,44,358348
ABprppap:76,ABprppap,76,28229,3229,-583,-644,3056,20.1,549,268,44,364726
ABprppap:77,ABprppap,77,28420,3420,-451,-578,3316,21.0,546,270,44,340993
ABprppap:78,ABprppap,78,28372,3372,-834,-784,3095,22.0,539,269,44,358642
ABprppap:79,ABprppap,79,28042,3042,-1101,-1282,2827,21.9,536,270,44,357658
ABprppap:80,ABprppap,80,27877,2877,-1508,-1531,2743,22.1,533,257,44,380752
ABprppap:81,ABprppap,81,27566,2566,-1574,-1551,2432,22.0,531,256,44,375335
ABprppap:82,ABprppap,82,28300,3300,-800,-839,3172,22.0,528,249,44,397183
ABprppap:83,ABprppap,83,28390,3390,-704,-917,3204,21.9,532,249,44,384592
ABprppap:84,ABprppap,84,28257,3257,-556,-651,3116,22.0,531,245,46,462896
ABprppap:85,ABprppap,85,28811,3811,-495,-644,3706,21.0,522,237,44,422207
ABprppap:86,ABprppap,86,28679,3679,-650,-689,3555,21.2,519,238,46,467893
ABprppap:87,ABprppap,87,28073,3073,-1275,-1356,2962,22.0,516,238,45,402983
ABprppap:88,ABprppap,88,28005,3005,-1191,-1325,2627,20.9,512,238,45,424613
ABprppap:89,ABprppap,89,28607,3607,-764,-833,3429,20.1,511,243,45,426808
ABprppap:90,ABprppap,90,28082,3082,-1161,-1275,2829,20.0,497,237,44,350279
ABprppap:91,ABprppap,91,28073,3073,-1166,-1195,2978,20.0,497,234,42,323901
ABprppap:92,ABprppap,92,27583,2583,-1631,-1611,2509,18.1,488,232,40,315701
ABprppap:93,ABprppap,93,28190,3190,-1143,-1160,3147,17.9,492,233,39,307781
ABprppapa:94,ABprppapa,94,28083,3083,-1313,-1334,2759,17.1,476,219,36,218961
ABprppapa:95,ABprppapa,95,29095,4095,-509,-519,3963,16.1,460,210,35,184987
ABprppapa:96,ABprppapa,96,28063,3063,-1399,-1442,2703,16.0,460,206,36,226982
ABprppapa:97,ABprppapa,97,28666,3666,-979,-1044,3348,15.2,462,205,38,237722
ABprppapa:98,ABprppapa,98,28190,3190,-1502,-1566,2784,15.3,460,201,38,248724
ABprppapa:99,ABprppapa,99,28089,3089,-1341,-1500,2485,16.1,469,192,38,283031
ABprppapa:100,ABprppapa,100,28507,3507,-1420,-1531,2822,16.1,476,193,38,281571
ABprppapa:101,ABprppapa,101,28267,3267,-1202,-1305,2543,16.3,474,190,40,314582
ABprppapa:102,ABprppapa,102,28160,3160,-1270,-1078,2136,16.2,473,183,38,299898
ABprppapa:103,ABprppapa,103,28578,3578,-435,-407,2345,16.1,479,185,38,323562
ABprppapa:104,ABprppapa,104,28442,3442,-951,-952,2415,16.0,476,187,38,323119
ABprppapa:105,ABprppapa,105,27897,2897,-1514,-1510,1771,16.0,480,189,36,298967
ABprppapa:106,ABprppapa,106,29144,4144,-734,-887,2931,16.0,481,184,36,321717
ABprppapa:107,ABprppapa,107,29305,4305,-69,-350,3440,16.1,482,182,40,390740
ABprppapa:108,ABprppapa,108,29048,4048,-43,-170,3349,16.1,482,182,40,390740
ABprppapa:109,ABprppapa,109,27772,2772,-1735,-1911,1566,17.2,490,184,38,356794
ABprppapa:110,ABprppapa,110,29084,4084,-805,-997,2566,17.2,490,188,38,220914
ABprppapa:111,ABprppapa,111,29410,4410,-817,-951,3041,17.1,483,182,39,246662
ABprppapa:112,ABprppapa,112,28771,3771,-1446,-1443,3086,18.0,478,177,39,241536
ABprppapa:113,ABprppapa,113,29188,4188,-499,-569,3243,18.2,476,165,39,233426
ABprppapa:114,ABprppapa,114,29003,4003,-1141,-1224,3363,18.2,478,170,39,233674
ABprppapa:115,ABprppapa,115,29152,4152,-512,-545,3254,19.1,481,167,39,250289
ABprppapa:116,ABprppapa,116,28403,3403,-947,-982,2780,20.1,483,165,39,245573
ABprppapa:117,ABprppapa,117,29149,4149,-124,-112,3307,20.1,484,163,38,243150
ABprppapa:118,ABprppapa,118,28626,3626,-601,-736,2935,21.1,478,162,38,257393
ABprppapa:119,ABprppapa,119,29426,4426,222,167,3412,21.1,471,164,38,247360
ABprppapa:120,ABprppapa,120,29230,4230,-611,-762,3095,22.0,464,162,38,268059
ABprppapa:121,ABprppapa,121,28889,3889,-707,-721,2960,22.0,457,161,37,248878
ABprppapa:122,ABprppapa,122,29308,4308,-919,-968,3397,22.3,458,166,34,195421
ABprppapa:123,ABprppapa,123,28486,3486,-936,-929,2676,22.1,462,166,34,206780
ABprppapaa:124,ABprppapaa,124,28774,3774,-547,-524,3007,23.0,442,148,34,161240
ABprppapaa:125,ABprppapaa,125,29331,4331,36,91,3344,23.1,441,146,32,145254
ABprppapaa:126,ABprppapaa,126,28304,3304,-647,-575,2578,24.0,436,137,36,190240
ABprppapaa:127,ABprppapaa,127,28359,3359,-486,-476,2519,25.1,430,144,36,186081
ABprppapaa:128,ABprppapaa,128,28643,3643,-612,-677,2762,26.1,422,150,36,180011
ABprppapaa:129,ABprppapaa,129,28432,3432,-330,-145,2088,26.0,421,151,30,204125
ABprppapap:124,ABprppapap,124,30089,5089,991,809,4009,23.9,476,179,32,159702
ABprppapap:125,ABprppapap,125,28008,3008,-1286,-1404,1305,23.9,482,180,32,151200
ABprppapap:126,ABprppapap,126,28747,3747,-442,-382,2370,24.9,482,171,32,151876
ABprppapap:127,ABprppapap,127,27880,2880,-1095,-942,801,25.1,482,175,36,195468
ABprppapap:128,ABprppapap,128,29304,4304,312,197,3245,25.1,475,169,29,94125
ABprppapap:129,ABprppapap,129,29321,4321,92,165,3251,25.2,466,168,34,158936
ABprppapp:94,ABprppapp,94,28046,3046,-1172,-1345,2581,17.2,502,237,32,145617
ABprppapp:95,ABprppapp,95,27932,2932,-1219,-1280,2690,17.3,505,236,35,164074
ABprppapp:96,ABprppapp,96,28974,3974,-237,-283,3841,18.0,506,245,36,215796
ABprppapp:97,ABprppapp,97,28539,3539,-301,-328,3387,19.0,508,245,36,205677
ABprppapp:98,ABprppapp,98,28780,3780,-356,-375,3687,18.9,510,243,36,215644
ABprppapp:99,ABprppapp,99,28222,3222,-1175,-1164,3124,19.1,504,237,38,246420
ABprppapp:100,ABprppapp,100,28346,3346,-1548,-1556,3270,18.8,505,237,36,233054
ABprppapp:101,ABprppapp,101,28132,3132,-1521,-1495,2937,18.0,506,234,36,238357
ABprppapp:102,ABprppapp,102,29220,4220,-275,-313,4047,18.9,504,232,36,242507
ABprppapp:103,ABprppapp,103,28703,3703,-484,-578,3443,18.0,507,233,38,283640
ABprppapp:104,ABprppapp,104,28510,3510,-993,-1020,3168,17.0,506,235,36,273804
ABprppapp:105,ABprppapp,105,28344,3344,-489,-572,3156,17.1,511,228,36,270375
ABprppapp:106,ABprppapp,106,28521,3521,-1070,-1152,3073,17.2,512,222,38,307818
ABprppapp:107,ABprppapp,107,28402,3402,-1130,-1216,3132,17.9,506,222,36,284756
ABprppapp:108,ABprppapp,108,28345,3345,-1140,-1152,2872,18.2,516,229,38,321734
ABprppapp:109,ABprppapp,109,28498,3498,-1095,-1140,2845,18.2,518,222,38,352565
ABprppapp:110,ABprppapp,110,29549,4549,-481,-651,3934,18.1,518,223,40,226584
ABprppapp:111,ABprppapp,111,29368,4368,-725,-635,3901,19.1,513,222,37,198902
ABprppapp:112,ABprppapp,112,29368,4368,-364,-421,3675,19.2,511,211,37,208982
ABprppapp:113,ABprppapp,113,29842,4842,-20,-386,4331,20.0,502,208,37,218184
ABprppapp:114,ABprppapp,114,29804,4804,-244,-328,4320,19.2,503,213,37,191663
ABprppapp:115,ABprppapp,115,29399,4399,-389,-476,3860,20.1,500,209,39,227869
ABprppapp:116,ABprppapp,116,29048,4048,-863,-815,3250,20.2,498,213,39,216637
ABprppapp:117,ABprppapp,117,28940,3940,-790,-836,3102,20.1,503,208,38,234846
ABprppapp:118,ABprppapp,118,29058,4058,-309,-575,3405,20.2,504,200,38,251502
ABprppapp:119,ABprppapp,119,28480,3480,-510,-569,2589,22.0,509,195,38,263694
ABprppapp:120,ABprppapp,120,28647,3647,-666,-735,2389,21.0,508,190,38,272331
ABprppapp:121,ABprppapp,121,28987,3987,-443,-580,2790,21.0,508,190,38,272331
ABprppapp:122,ABprppapp,122,28771,3771,-655,-731,2513,21.0,511,190,36,232216
ABprppapp:123,ABprppapp,123,28493,3493,-777,-786,2471,22.1,509,200,36,243247
ABprppapp:124,ABprppapp,124,28734,3734,-741,-762,3188,22.0,505,204,36,249712
ABprppapp:125,ABprppapp,125,28416,3416,-737,-771,2968,22.2,507,204,34,199967
ABprppapp:126,ABprppapp,126,29212,4212,-201,-388,3659,24.0,502,200,36,264724
ABprppappa:127,ABprppappa,127,29308,4308,545,316,3415,22.9,495,181,32,159630
ABprppappa:128,ABprppappa,128,28420,3420,-971,-1006,2312,23.1,496,180,36,199832
ABprppappa:129,ABprppappa,129,28846,3846,-289,-341,2810,24.2,494,180,36,198487
ABprppappp:127,ABprppappp,127,30357,5357,1201,1048,4805,24.9,517,224,32,156682
ABprppappp:128,ABprppappp,128,29239,4239,-129,-91,3357,26.0,514,223,34,170929
ABprppappp:129,ABprppappp,129,29403,4403,-373,-631,3257,26.0,506,232,36,195099
ABprppp:51,ABprppp,51,29175,4175,310,337,4160,22.3,529,324,53,606537
ABprppp:52,ABprppp,52,28440,3440,-381,-394,3440,22.2,527,336,56,731823
ABprppp:53,ABprppp,53,28273,3273,-523,-527,3273,21.9,532,343,55,721582
ABprppp:54,ABprppp,54,28391,3391,-502,-505,3391,22.1,526,344,55,717575
ABprppp:55,ABprppp,55,28758,3758,-152,-172,3758,22.9,528,357,55,748562
ABprppp:56,ABprppp,56,28546,3546,-246,-252,3546,22.9,524,353,55,765684
ABprppp:57,ABprppp,57,27967,2967,-816,-763,2967,23.9,519,348,55,782757
ABprppp:58,ABprppp,58,27968,2968,-845,-848,2968,23.1,530,339,55,807576
ABprppp:59,ABprppp,59,27945,2945,-1141,-1160,2945,23.1,529,336,54,791364
ABprppp:60,ABprppp,60,28011,3011,-933,-953,3011,23.0,529,335,53,734914
ABprppp:61,ABprppp,61,28149,3149,-781,-814,3149,23.0,531,334,53,739037
ABprppp:62,ABprppp,62,28231,3231,-855,-853,3231,22.9,529,338,53,741287
ABprppp:63,ABprppp,63,28185,3185,-905,-928,3185,23.0,520,349,53,586066
ABprppp:64,ABprppp,64,28339,3339,-708,-705,3339,22.0,516,354,54,645396
ABprppp:65,ABprppp,65,28473,3473,-842,-842,3473,21.0,517,363,54,702565
ABprppp:66,ABprppp,66,27806,2806,-1312,-1306,2800,20.1,519,361,54,708415
ABprppp:67,ABprppp,67,28224,3224,-1099,-1079,3224,19.3,523,354,55,712099
ABprppp:68,ABprppp,68,28686,3686,-171,-179,3577,19.3,526,355,54,637621
ABprppp:69,ABprppp,69,27908,2908,-1019,-1030,2908,20.8,524,348,50,571471
ABprpppa:70,ABprpppa,70,28710,3710,16,15,3644,20.0,546,317,37,258509
ABprpppa:71,ABprpppa,71,28544,3544,-303,-337,3458,19.9,548,321,44,306919
ABprpppa:72,ABprpppa,72,27861,2861,-620,-722,2801,20.0,552,322,44,325052
ABprpppa:73,ABprpppa,73,28214,3214,-691,-730,3066,19.9,555,318,44,331728
ABprpppa:74,ABprpppa,74,28146,3146,-390,-382,2967,20.9,558,317,44,342460
ABprpppa:75,ABprpppa,75,27437,2437,-679,-725,2314,20.2,559,318,44,358283
ABprpppa:76,ABprpppa,76,27892,2892,-628,-524,2770,20.9,558,310,44,358339
ABprpppa:77,ABprpppa,77,28014,3014,-426,-494,2923,21.0,560,311,44,361551
ABprpppa:78,ABprpppa,78,28153,3153,-378,-348,2956,21.1,558,307,44,359183
ABprpppa:79,ABprpppa,79,27832,2832,-460,-373,2616,21.0,557,311,44,375005
ABprpppa:80,ABprpppa,80,28442,3442,-31,10,3237,21.1,560,297,44,375298
ABprpppa:81,ABprpppa,81,29006,4006,809,771,3863,20.9,562,293,44,383811
ABprpppa:82,ABprpppa,82,27856,2856,-601,-594,2719,20.0,563,281,44,378071
ABprpppa:83,ABprpppa,83,27511,2511,-1117,-1141,2362,18.9,562,280,44,400973
ABprpppa:84,ABprpppa,84,27883,2883,-867,-843,2845,18.0,564,268,44,412465
ABprpppa:85,ABprpppa,85,27907,2907,-777,-806,2852,16.9,559,259,44,430576
ABprpppa:86,ABprpppa,86,27802,2802,-1017,-967,2760,18.0,560,255,44,440781
ABprpppa:87,ABprpppa,87,28590,3590,-39,-51,3556,18.1,560,257,45,441118
ABprpppa:88,ABprpppa,88,28322,3322,-404,-418,3284,18.1,558,255,45,430197
ABprpppa:89,ABprpppa,89,28284,3284,-457,-406,3254,20.0,560,256,45,464064
ABprpppa:90,ABprpppa,90,28266,3266,-802,-954,3178,19.1,548,252,44,380242
ABprpppa:91,ABprpppa,91,27813,2813,-565,-562,2469,18.0,548,245,42,334679
ABprpppaa:92,ABprpppaa,92,28592,3592,-543,-584,3478,17.2,535,214,36,206419
ABprpppaa:93,ABprpppaa,93,29210,4210,923,908,4148,18.1,538,205,39,223956
ABprpppaa:94,ABprpppaa,94,28816,3816,255,263,3705,17.0,534,201,38,241131
ABprpppaa:95,ABprpppaa,95,28169,3169,-597,-613,2973,17.1,519,192,37,239339
ABprpppaa:96,ABprpppaa,96,28288,3288,-840,-865,2996,17.1,521,194,36,241187
ABprpppaa:97,ABprpppaa,97,28125,3125,-910,-941,2630,17.9,519,188,36,260366
ABprpppaa:98,ABprpppaa,98,28328,3328,-829,-999,2360,17.9,516,183,36,264096
ABprpppaa:99,ABprpppaa,99,27507,2507,-1372,-1426,2181,17.2,516,183,38,296169
ABprpppaa:100,ABprpppaa,100,28269,3269,-797,-952,2795,18.1,520,184,36,290176
ABprpppaa:101,ABprpppaa,101,28136,3136,-256,-277,2940,18.2,524,186,38,273496
ABprpppaa:102,ABprpppaa,102,28659,3659,-112,-99,3409,19.0,518,183,36,282932
ABprpppaa:103,ABprpppaa,103,28160,3160,-379,-375,2878,19.1,521,186,38,319303
ABprpppaa:104,ABprpppaa,104,28884,3884,243,146,3534,19.0,521,191,36,291749
ABprpppaa:105,ABprpppaa,105,27638,2638,-1082,-1061,2350,19.0,521,187,36,311668
ABprpppaa:106,ABprpppaa,106,27721,2721,-1091,-1093,2406,19.1,520,183,36,315461
ABprpppaa:107,ABprpppaa,107,27390,2390,-1513,-1585,1926,21.0,518,190,36,317857
ABprpppaa:108,ABprpppaa,108,29118,4118,318,436,3797,21.9,523,200,36,317132
ABprpppaa:109,ABprpppaa,109,27598,2598,-1008,-1137,2141,21.9,522,196,36,337808
ABprpppaa:110,ABprpppaa,110,28834,3834,-326,-384,3427,21.2,521,189,38,218150
ABprpppaa:111,ABprpppaa,111,28692,3692,-458,-462,3246,21.2,510,182,39,227823
ABprpppaa:112,ABprpppaa,112,28249,3249,-582,-503,2576,22.1,513,186,37,210272
ABprpppaa:113,ABprpppaa,113,28290,3290,-705,-731,2264,22.1,505,184,39,220099
ABprpppaa:114,ABprpppaa,114,29605,4605,664,583,3975,23.0,508,188,37,215429
ABprpppaa:115,ABprpppaa,115,28546,3546,-574,-654,2869,23.9,503,186,35,184409
ABprpppaa:116,ABprpppaa,116,30203,5203,1072,1155,4333,23.1,507,193,39,227086
ABprpppaa:117,ABprpppaa,117,29285,4285,173,213,3545,23.2,519,197,38,230626
ABprpppaa:118,ABprpppaa,118,28263,3263,-562,-502,2213,24.0,511,197,38,245034
ABprpppaa:119,ABprpppaa,119,28250,3250,-745,-626,1155,24.0,511,197,38,245034
ABprpppaa:120,ABprpppaa,120,28424,3424,-99,-147,1577,23.0,512,192,29,113992
ABprpppaa:121,ABprpppaa,121,28238,3238,-768,-761,852,23.1,506,191,35,208102
ABprpppaaa:122,ABprpppaaa,122,29103,4103,-152,-30,2731,24.9,496,191,32,133098
ABprpppaaa:123,ABprpppaaa,123,28591,3591,-460,-449,3068,26.0,482,181,32,139819
ABprpppaaa:124,ABprpppaaa,124,28923,3923,191,416,1169,26.0,483,182,29,101931
ABprpppaaa:125,ABprpppaaa,125,28726,3726,-91,-113,2720,26.1,484,185,36,192570
ABprpppaaa:126,ABprpppaaa,126,29400,4400,394,416,2979,27.1,482,192,36,194307
ABprpppaaa:127,ABprpppaaa,127,29174,4174,549,544,3251,28.1,485,200,36,171211
ABprpppaaa:128,ABprpppaaa,128,28136,3136,-1163,-1213,2267,28.0,483,198,36,177651
ABprpppaaa:129,ABprpppaaa,129,29176,4176,-427,-614,2962,27.1,482,201,34,151233
ABprpppaap:122,ABprpppaap,122,29554,4554,446,452,3616,25.2,505,216,34,130734
ABprpppaap:123,ABprpppaap,123,28472,3472,-628,-498,3010,27.0,508,227,32,130778
ABprpppaap:124,ABprpppaap,124,29680,4680,419,511,4181,27.0,508,231,32,135461
ABprpppaap:125,ABprpppaap,125,28641,3641,-705,-361,2990,28.1,507,236,32,140322
ABprpppaap:126,ABprpppaap,126,27872,2872,-1101,-999,2038,28.1,511,237,34,146654
ABprpppaap:127,ABprpppaap,127,28774,3774,-553,-556,2959,28.9,509,249,32,143093
ABprpppaap:128,ABprpppaap,128,29591,4591,294,371,3525,28.2,502,244,36,176672
ABprpppaap:129,ABprpppaap,129,28179,3179,-1159,-1253,1648,28.2,499,247,34,152693
ABprpppap:92,ABprpppap,92,27776,2776,-1378,-1446,2429,17.1,547,256,34,196542
ABprpppap:93,ABprpppap,93,29005,4005,415,393,3683,16.2,555,265,37,207666
ABprpppap:94,ABprpppap,94,27296,2296,-1476,-1490,1628,16.0,548,262,38,253031
ABprpppap:95,ABprpppap,95,27529,2529,-1152,-1167,1935,17.0,549,255,37,237117
ABprpppap:96,ABprpppap,96,28690,3690,-500,-558,3157,16.0,554,255,36,240056
ABprpppap:97,ABprpppap,97,28930,3930,174,242,3433,15.3,554,245,38,258040
ABprpppap:98,ABprpppap,98,28783,3783,218,261,3485,16.0,555,236,36,259547
ABprpppap:99,ABprpppap,99,28193,3193,-799,-844,2888,15.9,550,236,36,248180
ABprpppap:100,ABprpppap,100,28072,3072,-917,-892,2784,16.0,550,234,38,284731
ABprpppap:101,ABprpppap,101,28801,3801,-109,-110,3485,17.0,553,231,38,310979
ABprpppap:102,ABprpppap,102,28367,3367,-487,-521,3035,18.1,553,230,38,291883
ABprpppap:103,ABprpppap,103,28144,3144,-357,-372,2854,18.0,553,230,36,286641
ABprpppap:104,ABprpppap,104,28359,3359,-497,-526,3024,18.1,551,232,36,295435
ABprpppap:105,ABprpppap,105,27297,2297,-1160,-1100,1996,18.1,552,232,36,285430
ABprpppap:106,ABprpppap,106,28049,3049,-1090,-1142,2533,19.1,547,225,36,313700
ABprpppap:107,ABprpppap,107,27426,2426,-1245,-1285,1974,20.2,542,230,38,322031
ABprpppap:108,ABprpppap,108,28720,3720,-89,-173,3306,20.1,551,239,36,311118
ABprpppap:109,ABprpppap,109,29109,4109,31,52,3666,20.1,549,235,38,349205
ABprpppap:110,ABprpppap,110,28203,3203,-1485,-1626,2732,21.0,550,236,36,211376
ABprpppap:111,ABprpppap,111,29328,4328,144,134,3826,22.0,544,227,39,224634
ABprpppap:112,ABprpppap,112,29527,4527,108,186,3814,20.2,545,220,39,227165
ABprpppap:113,ABprpppap,113,28410,3410,-514,-632,2965,21.1,542,221,39,236539
ABprpppap:114,ABprpppap,114,29221,4221,75,-8,3753,22.0,541,221,39,241223
ABprpppap:115,ABprpppap,115,27960,2960,-971,-952,2740,23.2,537,221,39,229027
ABprpppap:116,ABprpppap,116,28014,3014,-731,-636,2577,24.0,540,230,39,235633
ABprpppap:117,ABprpppap,117,28270,3270,-696,-524,2426,23.1,541,240,38,220981
ABprpppap:118,ABprpppap,118,28865,3865,-241,-326,3257,24.1,532,247,38,225610
ABprpppap:119,ABprpppap,119,28068,3068,-1045,-1052,2190,24.0,534,243,36,214954
ABprpppap:120,ABprpppap,120,29087,4087,255,285,3553,23.1,539,238,38,258190
ABprpppap:121,ABprpppap,121,28826,3826,-173,-166,3350,24.0,536,234,35,200126
ABprpppapa:122,ABprpppapa,122,29997,4997,1634,1651,3963,23.1,543,224,32,156735
ABprpppapa:123,ABprpppapa,123,27846,2846,-890,-839,2397,24.9,544,232,32,141006
ABprpppapa:124,ABprpppapa,124,28348,3348,-245,-282,2450,24.9,544,232,32,141006
ABprpppapa:125,ABprpppapa,125,28732,3732,-18,-22,2920,25.0,539,232,29,98228
ABprpppapa:126,ABprpppapa,126,29224,4224,737,694,3183,25.0,535,234,36,192060
ABprpppapa:127,ABprpppapa,127,28111,3111,-1076,-1046,2016,25.0,536,248,36,194122
ABprpppapa:128,ABprpppapa,128,29023,4023,270,289,2751,26.1,530,253,36,182000
ABprpppapa:129,ABprpppapa,129,29227,4227,480,309,3342,27.1,528,265,36,170122
ABprpppapp:122,ABprpppapp,122,28483,3483,-796,-802,2550,24.9,527,267,32,131412
ABprpppapp:123,ABprpppapp,123,29290,4290,299,367,3118,25.9,527,274,32,138333
ABprpppapp:124,ABprpppapp,124,29004,4004,-38,-88,2669,26.0,523,277,34,161283
ABprpppapp:125,ABprpppapp,125,28419,3419,-850,-635,2128,26.9,523,283,32,143855
ABprpppapp:126,ABprpppapp,126,28557,3557,-1078,-908,2333,26.9,528,282,32,152217
ABprpppapp:127,ABprpppapp,127,28919,3919,116,31,2138,28.0,525,288,32,152614
ABprpppapp:128,ABprpppapp,128,27948,2948,-811,-585,1561,29.1,524,292,32,144587
ABprpppapp:129,ABprpppapp,129,28503,3503,-597,-555,2707,29.1,518,295,32,151697
ABprpppp:70,ABprpppp,70,28647,3647,-343,-347,3453,19.1,517,369,41,281661
ABprpppp:71,ABprpppp,71,28028,3028,-815,-816,3003,20.9,515,373,44,295496
ABprpppp:72,ABprpppp,72,28984,3984,421,512,3967,22.0,513,377,44,291459
ABprpppp:73,ABprpppp,73,28303,3303,-472,-442,3291,23.1,516,374,46,365204
ABprpppp:74,ABprpppp,74,28292,3292,-612,-599,3286,24.1,519,370,44,307765
ABprpppp:75,ABprpppp,75,28462,3462,-221,-179,3450,25.1,518,366,46,345596
ABprpppp:76,ABprpppp,76,28161,3161,-623,-636,3155,27.0,516,349,44,307974
ABprpppp:77,ABprpppp,77,28571,3571,66,88,3556,26.1,518,355,46,373692
ABprpppp:78,ABprpppp,78,28159,3159,-636,-612,3150,26.1,520,348,48,411366
ABprpppp:79,ABprpppp,79,28303,3303,-349,-342,3297,26.0,513,346,46,367542
ABprpppp:80,ABprpppp,80,28314,3314,-725,-739,3304,25.1,522,328,48,424260
ABprpppp:81,ABprpppp,81,28324,3324,-818,-829,3312,26.0,524,319,44,319435
ABprpppp:82,ABprpppp,82,28188,3188,-521,-493,3172,25.1,534,310,46,393818
ABprpppp:83,ABprpppp,83,27957,2957,-920,-940,2904,24.1,539,303,46,430612
ABprpppp:84,ABprpppp,84,28211,3211,-459,-487,3186,23.9,549,299,44,366594
ABprpppp:85,ABprpppp,85,27598,2598,-1316,-1293,2500,22.1,552,286,46,442699
ABprpppp:86,ABprpppp,86,28547,3547,-1,-16,3493,23.0,553,291,44,387892
ABprpppp:87,ABprpppp,87,28587,3587,-531,-540,3517,23.1,549,294,49,525401
ABprpppp:88,ABprpppp,88,28338,3338,-857,-935,3308,23.0,545,291,45,403719
ABprpppp:89,ABprpppp,89,28010,3010,-508,-523,2962,23.0,544,300,45,395647
ABprpppp:90,ABprpppp,90,28239,3239,-848,-894,3214,22.0,539,298,44,319969
ABprppppa:91,ABprppppa,91,28401,3401,-211,-369,2824,21.2,543,268,30,140397
ABprppppa:92,ABprppppa,92,28831,3831,-27,-70,3333,22.0,543,251,40,251858
ABprppppa:93,ABprppppa,93,29036,4036,615,652,3633,21.1,549,245,43,253508
ABprppppa:94,ABprppppa,94,28551,3551,39,23,3266,20.3,544,238,40,233626
ABprppppa:95,ABprppppa,95,29387,4387,603,653,4152,20.1,544,220,39,235275
ABprppppa:96,ABprppppa,96,28017,3017,-831,-791,2742,20.0,545,225,38,262023
ABprppppa:97,ABprppppa,97,28838,3838,-10,21,3423,20.1,545,227,40,295367
ABprppppa:98,ABprppppa,98,27473,2473,-1295,-1260,2001,21.0,546,222,38,259352
ABprppppa:99,ABprppppa,99,27993,2993,-1170,-1210,2669,21.8,544,226,36,239631
ABprppppa:100,ABprppppa,100,28344,3344,-542,-547,3023,22.1,544,228,36,263346
ABprppppa:101,ABprppppa,101,28809,3809,-100,-100,3492,22.9,542,227,36,267570
ABprppppa:102,ABprppppa,102,28331,3331,-307,-299,2894,23.1,529,221,40,314693
ABprppppa:103,ABprppppa,103,27938,2938,-727,-730,2322,22.2,529,224,40,332752
ABprppppa:104,ABprppppa,104,28725,3725,-658,-724,3172,22.2,519,220,38,305945
ABprppppa:105,ABprppppa,105,28066,3066,-768,-768,2674,23.1,523,210,38,327197
ABprppppa:106,ABprppppa,106,28702,3702,-363,-387,3242,23.2,516,211,40,331857
ABprppppa:107,ABprppppa,107,28292,3292,-689,-777,2784,24.2,510,214,40,321531
ABprppppa:108,ABprppppa,108,29083,4083,153,124,3481,24.2,506,225,40,330486
ABprppppa:109,ABprppppa,109,27198,2198,-1884,-1982,1700,24.2,504,217,40,321757
ABprppppa:110,ABprppppa,110,28408,3408,-1045,-979,2871,25.1,503,213,40,219342
ABprppppa:111,ABprppppa,111,28827,3827,-501,-585,2820,25.1,495,217,39,199503
ABprppppa:112,ABprppppa,112,28903,3903,-665,-741,3258,25.0,497,213,37,190550
ABprppppa:113,ABprppppa,113,28742,3742,-875,-874,2887,25.1,488,211,39,205576
ABprppppa:114,ABprppppa,114,28980,3980,-749,-768,3400,25.1,485,209,39,202628
ABprppppa:115,ABprppppa,115,29265,4265,-466,-482,3821,25.1,474,213,39,184236
ABprppppa:116,ABprppppa,116,29135,4135,-349,-305,3759,25.0,470,215,39,197647
ABprppppa:117,ABprppppa,117,28809,3809,-579,-548,3577,25.0,473,211,38,199857
ABprppppa:118,ABprppppa,118,28783,3783,-553,-542,3661,25.9,463,209,34,152523
ABprppppa:119,ABprppppa,119,29219,4219,407,401,3989,26.1,467,219,34,147205
ABprppppaa:120,ABprppppaa,120,28112,3112,-829,-793,2050,27.0,458,198,28,170496
ABprppppaa:121,ABprppppaa,121,28579,3579,-603,-632,2515,26.9,457,196,33,132298
ABprppppaa:122,ABprppppaa,122,29075,4075,-525,-845,3422,26.1,459,204,34,121567
ABprppppaa:123,ABprppppaa,123,28855,3855,-477,-554,2764,26.1,454,208,32,116939
ABprppppaa:124,ABprppppaa,124,28953,3953,-638,-783,2736,27.0,451,211,36,159147
ABprppppaa:125,ABprppppaa,125,29558,4558,40,-46,3066,27.0,449,221,36,149996
ABprppppaa:126,ABprppppaa,126,29549,4549,-1,53,3716,28.0,456,227,32,118581
ABprppppaa:127,ABprppppaa,127,29686,4686,-68,17,3864,27.1,451,228,34,128410
ABprppppaa:128,ABprppppaa,128,29793,4793,-90,-249,3391,27.0,443,228,32,116905
ABprppppaa:129,ABprppppaa,129,30046,5046,104,27,3830,27.2,445,231,34,123593
ABprppppap:120,ABprppppap,120,28863,3863,-595,-627,3367,26.0,490,239,34,140330
ABprppppap:121,ABprppppap,121,29541,4541,11,-11,3517,26.1,483,241,29,78009
ABprppppap:122,ABprppppap,122,29835,4835,471,527,4076,26.0,486,256,34,124638
ABprppppap:123,ABprppppap,123,29579,4579,-332,-83,2718,27.0,483,257,36,145322
ABprppppap:124,ABprppppap,124,28792,3792,-556,-478,1891,28.0,475,255,36,147794
ABprppppap:125,ABprppppap,125,28990,3990,-227,-322,2109,28.0,475,259,29,67574
ABprppppap:126,ABprppppap,126,28737,3737,-545,-852,2892,29.0,476,262,32,105678
ABprppppap:127,ABprppppap,127,30770,5770,247,561,3625,27.0,467,265,34,119323
ABprppppap:128,ABprppppap,128,30791,5791,550,605,4069,27.1,463,264,34,116423
ABprppppap:129,ABprppppap,129,29038,4038,-762,-1116,2739,28.0,463,267,36,159468
ABprppppp:91,ABprppppp,91,28650,3650,-460,-352,3348,22.9,541,302,42,216877
ABprppppp:92,ABprppppp,92,29289,4289,1,24,4049,23.9,547,307,40,246382
ABprppppp:93,ABprppppp,93,28717,3717,-425,-440,3492,25.0,547,297,39,219608
ABprppppp:94,ABprppppp,94,28972,3972,61,37,3823,25.2,541,284,40,223240
ABprppppp:95,ABprppppp,95,27471,2471,-1725,-1744,2418,26.0,536,261,41,226597
ABprppppp:96,ABprppppp,96,27366,2366,-1645,-1653,2290,26.2,533,258,40,233790
ABprppppp:97,ABprppppp,97,28993,3993,141,150,3943,27.1,526,253,40,232944
ABprppppp:98,ABprppppp,98,29294,4294,879,889,4203,27.2,520,242,38,223149
ABprppppp:99,ABprppppp,99,28845,3845,-144,-181,3767,27.1,515,241,40,240757
ABprppppp:100,ABprppppp,100,28433,3433,-809,-791,3291,28.0,502,241,40,255780
ABprppppp:101,ABprppppp,101,29656,4656,914,915,4388,27.2,500,241,40,243863
ABprppppp:102,ABprppppp,102,28725,3725,-248,-253,3576,28.0,489,240,38,231861
ABprppppp:103,ABprppppp,103,29104,4104,-96,-87,3815,28.9,489,237,36,218638
ABprppppp:104,ABprppppp,104,28153,3153,-679,-681,2871,28.1,476,232,36,223562
ABprppppp:105,ABprppppp,105,29305,4305,119,162,3855,28.1,478,235,36,221266
ABprppppp:106,ABprppppp,106,28981,3981,-127,-75,3609,28.0,468,233,40,250507
ABprppppp:107,ABprppppp,107,28786,3786,-243,-117,2617,27.1,463,235,40,253189
ABprppppp:108,ABprppppp,108,29114,4114,431,438,3193,28.1,464,236,40,255234
ABprppppp:109,ABprppppp,109,28259,3259,-800,-649,2805,28.0,475,238,38,253082
ABprppppp:110,ABprppppp,110,29060,4060,-721,-759,3262,28.1,491,234,40,195455
ABprppppp:111,ABprppppp,111,28847,3847,-559,-687,2381,27.1,491,229,39,181101
ABprppppp:112,ABprppppp,112,28836,3836,-779,-708,3091,28.2,497,240,39,185634
ABprppppp:113,ABprppppp,113,29350,4350,-441,-430,3559,28.1,498,237,39,194198
ABprppppp:114,ABprppppp,114,28500,3500,-1208,-1147,2629,28.1,499,237,39,196156
ABprppppp:115,ABprppppp,115,28439,3439,-1071,-980,3026,28.1,503,239,39,189424
ABprppppp:116,ABprppppp,116,28421,3421,-1102,-1052,2939,28.0,505,239,39,199128
ABprppppp:117,ABprppppp,117,28172,3172,-954,-956,3016,28.0,507,243,36,187414
ABprppppp:118,ABprppppp,118,28834,3834,-225,-219,3405,27.2,503,252,38,187197
ABprppppp:119,ABprppppp,119,28553,3553,-635,-632,3278,27.1,501,255,36,182183
ABprppppp:120,ABprppppp,120,28544,3544,-620,-650,2995,26.9,512,266,34,180814
ABprpppppa:121,ABprpppppa,121,29234,4234,-267,-211,2941,28.1,501,241,33,135797
ABprpppppa:122,ABprpppppa,122,28777,3777,-201,-207,2802,29.0,512,256,36,165079
ABprpppppa:123,ABprpppppa,123,29591,4591,966,1133,2983,28.2,515,264,36,167768
ABprpppppa:124,ABprpppppa,124,28730,3730,18,164,2297,28.1,509,265,36,170093
ABprpppppa:125,ABprpppppa,125,29896,4896,650,386,3778,28.3,507,269,36,160863
ABprpppppa:126,ABprpppppa,126,29376,4376,342,268,3307,28.2,509,273,36,176792
ABprpppppa:127,ABprpppppa,127,30444,5444,810,760,4583,29.1,497,286,29,83301
ABprpppppa:128,ABprpppppa,128,30713,5713,1492,1556,4721,29.0,489,289,36,166276
ABprpppppa:129,ABprpppppa,129,28744,3744,-634,-755,1964,28.1,481,290,36,163983
ABprpppppp:121,ABprpppppp,121,28780,3780,-803,-737,3556,28.0,513,292,33,106378
ABprpppppp:122,ABprpppppp,122,29061,4061,-571,-526,3599,27.1,524,302,36,160652
ABprpppppp:123,ABprpppppp,123,28360,3360,-1276,-1307,2674,27.0,524,308,36,149082
ABprpppppp:124,ABprpppppp,124,30282,5282,361,325,4840,28.1,522,312,36,157885
ABprpppppp:125,ABprpppppp,125,29853,4853,-314,-362,4388,28.2,518,320,34,123620
ABprpppppp:126,ABprpppppp,126,29460,4460,-351,-477,4162,28.0,521,321,36,171643
ABprpppppp:127,ABprpppppp,127,30272,5272,542,578,4372,27.0,510,325,32,123321
ABprpppppp:128,ABprpppppp,128,28579,3579,-1367,-1460,2569,27.1,504,328,36,153907
ABprpppppp:129,ABprpppppp,129,29529,4529,-517,-600,3295,27.3,503,332,36,162621
P1:1,P1,1,27669,2669,-1160,-1160,2669,13.1,491,309,59,652426
P1:2,P1,2,27860,2860,-468,-468,2860,15.0,438,349,53,763861
EMS:3,EMS,3,27948,2948,-156,-156,2948,14.1,406,339,36,265704
EMS:4,EMS,4,28173,3173,-324,-324,3173,14.9,370,348,57,594687
EMS:5,EMS,5,27878,2878,-846,-846,2878,15.2,361,346,62,747948
EMS:6,EMS,6,28280,3280,-494,-494,3280,16.1,333,360,63,789938
EMS:7,EMS,7,27685,2685,-988,-988,2685,16.5,334,360,63,872553
EMS:8,EMS,8,27570,2570,-862,-862,2570,17.0,327,365,63,959286
EMS:9,EMS,9,27760,2760,-856,-856,2760,16.4,325,361,63,1085824
EMS:10,EMS,10,27140,2140,-940,-940,2140,17.0,296,351,58,1049228
EMS:11,EMS,11,27353,2353,-894,-894,2353,15.5,294,349,59,1115241
EMS:12,EMS,12,27421,2421,-785,-785,2421,13.9,307,327,53,641453
EMS:13,EMS,13,27902,2902,-718,-718,2902,12.9,311,321,54,779026
MS:14,MS,14,28280,3280,-966,-994,3274,16.0,278,329,55,649570
MS:15,MS,15,28287,3287,-400,-404,3287,17.8,286,339,55,580055
MS:16,MS,16,28087,3087,-721,-721,3087,18.2,249,337,61,763826
MS:17,MS,17,27989,2989,-693,-693,2989,19.5,240,335,62,894480
MS:18,MS,18,27840,2840,-945,-945,2840,20.4,236,327,63,967345
MS:19,MS,19,27607,2607,-1202,-1202,2607,22.3,263,324,65,1105693
MS:20,MS,20,27753,2753,-1011,-1011,2753,24.2,271,318,67,1175235
MS:21,MS,21,27370,2370,-1357,-1357,2370,26.2,273,255,69,1281961
MS:22,MS,22,27399,2399,-1409,-1409,2399,24.4,284,291,69,1403446
MS:23,MS,23,27423,2423,-1374,-1374,2423,23.3,298,296,69,1503584
MS:24,MS,24,27556,2556,-1205,-1205,2556,24.0,300,293,69,973302
MS:25,MS,25,28013,3013,-436,-436,3013,22.0,300,285,56,751407
MSa:26,MSa,26,28324,3324,-483,-526,3324,22.2,267,285,55,536743
MSa:27,MSa,27,28237,3237,-870,-869,3237,23.6,252,280,65,730123
MSa:28,MSa,28,28143,3143,-1098,-1098,3143,21.9,241,275,66,875581
MSa:29,MSa,29,28014,3014,-1237,-1249,3014,21.9,232,278,67,962956
MSa:30,MSa,30,28052,3052,-1097,-1100,3052,22.6,233,284,69,1179832
MSa:31,MSa,31,27919,2919,-1308,-1308,2919,23.9,249,293,68,1302606
MSa:32,MSa,32,28453,3453,-881,-881,3453,24.0,257,289,69,1442266
MSa:33,MSa,33,27762,2762,-1396,-1395,2762,24.2,244,278,71,1645950
MSa:34,MSa,34,28262,3262,-900,-900,3262,24.9,224,253,64,1290838
MSa:35,MSa,35,27538,2538,-1433,-1427,2538,23.1,229,257,65,1350172
MSa:36,MSa,36,27875,2875,-1555,-1555,2875,24.0,224,260,66,1437346
MSa:37,MSa,37,27745,2745,-1561,-1561,2745,24.0,228,262,65,1435085
MSa:38,MSa,38,27622,2622,-1618,-1618,2622,23.1,225,264,67,1588377
MSa:39,MSa,39,27931,2931,-1278,-1278,2931,23.8,227,258,62,997352
MSa:40,MSa,40,28318,3318,-984,-984,3318,23.1,221,267,58,913136
MSaa:41,MSaa,41,28190,3190,-1272,-1283,3190,24.2,197,234,50,495901
MSaa:42,MSaa,42,28515,3515,-686,-720,3515,25.9,198,237,60,678946
MSaa:43,MSaa,43,28519,3519,-756,-793,3519,26.9,201,235,61,686732
MSaa:44,MSaa,44,28140,3140,-954,-942,3140,27.9,203,238,62,806385
MSaa:45,MSaa,45,28533,3533,-313,-313,3533,27.9,207,226,62,807874
MSaa:46,MSaa,46,28319,3319,-1104,-1104,3319,27.0,204,228,62,923071
MSaa:47,MSaa,47,28414,3414,-754,-754,3414,27.0,203,221,61,885377
MSaa:48,MSaa,48,28538,3538,-603,-604,3538,27.0,210,221,61,919030
MSaa:49,MSaa,49,28035,3035,-1096,-1096,3035,26.9,208,210,62,1013122
MSaa:50,MSaa,50,28664,3664,-371,-376,3664,26.0,214,216,61,947548
MSaa:51,MSaa,51,28084,3084,-881,-877,3084,25.1,217,225,61,948456
MSaa:52,MSaa,52,28736,3736,-498,-498,3736,25.2,211,231,60,949418
MSaa:53,MSaa,53,28103,3103,-928,-927,3103,26.1,214,232,59,902328
MSaa:54,MSaa,54,28305,3305,-888,-899,3305,25.3,213,234,61,997830
MSaa:55,MSaa,55,27985,2985,-1500,-1515,2985,25.0,218,222,61,1050627
MSaa:56,MSaa,56,28442,3442,-935,-942,3442,25.0,219,227,59,975191
MSaa:57,MSaa,57,28187,3187,-838,-838,3187,25.0,218,217,55,706845
MSaaa:58,MSaaa,58,28809,3809,-580,-625,3809,25.1,198,202,53,509709
MSaaa:59,MSaaa,59,28118,3118,-1265,-1314,3118,26.0,195,197,54,552551
MSaaa:60,MSaaa,60,29691,4691,204,221,4691,25.1,205,190,53,504814
MSaaa:61,MSaaa,61,29628,4628,389,483,4625,25.1,203,182,55,567139
MSaaa:62,MSaaa,62,29348,4348,198,325,4339,26.1,198,185,55,556257
MSaaa:63,MSaaa,63,28733,3733,-345,-197,3733,27.0,201,192,55,454544
MSaaa:64,MSaaa,64,28582,3582,-928,-715,3516,27.0,193,183,56,556576
MSaaa:65,MSaaa,65,28263,3263,-1106,-1078,3248,27.1,193,189,54,518501
MSaaa:66,MSaaa,66,28467,3467,-950,-770,3452,27.0,189,187,54,533687
MSaaa:67,MSaaa,67,28428,3428,-1082,-956,3392,27.0,183,197,53,513215
MSaaa:68,MSaaa,68,28667,3667,-768,-681,3637,27.2,191,204,58,625780
MSaaa:69,MSaaa,69,28874,3874,-684,-651,3868,27.1,202,210,56,584119
MSaaa:70,MSaaa,70,28991,3991,-324,-326,3990,26.2,193,223,49,367551
MSaaa:71,MSaaa,71,28536,3536,-844,-839,3528,27.1,189,222,48,405152
MSaaa:72,MSaaa,72,28651,3651,-760,-723,3568,26.1,192,214,48,367362
MSaaa:73,MSaaa,73,28726,3726,-185,-173,3693,26.1,190,216,48,359168
MSaaa:74,MSaaa,74,28060,3060,-1019,-1019,3039,26.1,193,216,48,419647
MSaaa:75,MSaaa,75,28272,3272,-678,-685,3192,25.1,185,217,48,431668
MSaaa:76,MSaaa,76,27797,2797,-1273,-1272,2766,26.0,186,218,44,315976
MSaaa:77,MSaaa,77,28593,3593,-396,-396,3561,25.1,188,201,42,349771
MSaaaa:78,MSaaaa,78,28543,3543,-1096,-1096,3377,26.1,166,168,38,238368
MSaaaa:79,MSaaaa,79,29162,4162,-254,-256,4098,26.9,161,159,44,306884
MSaaaa:80,MSaaaa,80,29074,4074,-766,-766,4071,26.0,169,158,44,284665
MSaaaa:81,MSaaaa,81,28901,3901,-700,-712,3817,26.2,169,155,48,379888
MSaaaa:82,MSaaaa,82,28880,3880,-489,-530,3847,26.0,158,157,44,332905
MSaaaa:83,MSaaaa,83,28067,3067,-1303,-1288,2995,25.0,167,153,46,368069
MSaaaa:84,MSaaaa,84,29126,4126,-531,-579,4044,24.1,169,143,44,344469
MSaaaa:85,MSaaaa,85,29041,4041,-594,-572,3967,23.1,175,144,46,381451
MSaaaa:86,MSaaaa,86,28789,3789,-1100,-1105,3701,22.2,180,142,48,447946
MSaaaa:87,MSaaaa,87,29327,4327,-591,-634,4280,22.2,184,141,47,374394
MSaaaa:88,MSaaaa,88,28952,3952,-762,-805,3843,23.1,188,143,47,409280
MSaaaa:89,MSaaaa,89,29138,4138,-519,-540,4058,22.1,189,145,49,452870
MSaaaa:90,MSaaaa,90,29037,4037,-575,-606,3889,22.0,187,147,44,284155
MSaaaa:91,MSaaaa,91,29056,4056,-1869,-1965,3615,20.3,191,149,46,320041
MSaaaa:92,MSaaaa,92,30355,5355,156,155,5046,21.1,193,158,44,269291
MSaaaa:93,MSaaaa,93,30109,5109,-298,-327,4655,21.2,190,153,43,252906
MSaaaa:94,MSaaaa,94,30779,5779,-257,-251,4801,20.2,192,160,42,248948
MSaaaa:95,MSaaaa,95,29324,4324,-1155,-1152,3320,20.2,192,172,41,236089
MSaaaa:96,MSaaaa,96,28874,3874,-2042,-2047,2769,20.1,183,165,40,243309
MSaaaa:97,MSaaaa,97,30031,5031,-517,-499,4480,20.2,190,172,40,255249
MSaaaa:98,MSaaaa,98,29290,4290,-620,-620,4161,21.0,187,165,36,236984
MSaaaaa:99,MSaaaaa,99,29438,4438,-691,-695,4018,21.9,174,146,36,212341
MSaaaaa:100,MSaaaaa,100,29600,4600,-298,-323,4368,21.9,176,140,36,204257
MSaaaaa:101,MSaaaaa,101,29830,4830,-143,-165,4250,21.9,181,140,36,206424
MSaaaaa:102,MSaaaaa,102,28822,3822,-1558,-1616,3295,21.8,172,130,36,205498
MSaaaaa:103,MSaaaaa,103,30632,5632,-291,-236,5069,21.1,173,129,40,255689
MSaaaaa:104,MSaaaaa,104,29149,4149,-2092,-1958,2975,20.1,173,126,40,249952
MSaaaaa:105,MSaaaaa,105,29443,4443,-1663,-1648,2472,20.1,170,126,38,248068
MSaaaaa:106,MSaaaaa,106,29611,4611,-1834,-1302,3248,20.1,171,117,40,289104
MSaaaaa:107,MSaaaaa,107,29655,4655,-2954,-2667,2442,19.2,162,125,38,259263
MSaaaaa:108,MSaaaaa,108,30842,5842,-1415,-622,3367,19.2,161,127,38,258932
MSaaaaa:109,MSaaaaa,109,30270,5270,-1960,-1352,1523,19.1,163,124,40,307274
MSaaaaa:110,MSaaaaa,110,30850,5850,-1479,-1392,1025,19.1,167,122,40,195062
MSaaaaa:111,MSaaaaa,111,30819,5819,-1856,-1603,3140,19.1,167,120,39,182872
MSaaaaa:112,MSaaaaa,112,30694,5694,-2078,-1224,2744,19.1,165,123,39,189647
MSaaaaa:113,MSaaaaa,113,30084,5084,-2448,-1954,1687,19.1,165,122,39,188589
MSaaaaa:114,MSaaaaa,114,30196,5196,-1922,-1826,2433,19.0,165,127,37,172505
MSaaaaa:115,MSaaaaa,115,30487,5487,-1913,-1542,2776,19.1,157,140,37,177295
MSaaaaa:116,MSaaaaa,116,31587,6587,-1645,-718,3282,18.3,157,146,39,181459
MSaaaaa:117,MSaaaaa,117,30759,5759,-2599,-2005,3434,19.2,158,142,38,203122
MSaaaaa:118,MSaaaaa,118,31738,6738,-1975,-1210,2029,18.1,150,155,38,205802
MSaaaaa:119,MSaaaaa,119,30355,5355,-3046,-2116,1429,18.1,143,158,38,215498
MSaaaaa:120,MSaaaaa,120,30468,5468,-2180,-1501,1108,18.1,148,152,38,218311
MSaaaaa:121,MSaaaaa,121,31696,6696,-1921,-1164,3794,17.2,152,156,37,182939
MSaaaaa:122,MSaaaaa,122,29084,4084,-2996,-2444,1905,17.2,158,159,36,176817
MSaaaaa:123,MSaaaaa,123,29611,4611,-2193,-1873,3477,17.3,156,158,36,183527
MSaaaaa:124,MSaaaaa,124,29818,4818,-1232,-1151,3593,18.0,159,156,36,206563
MSaaaaa:125,MSaaaaa,125,30146,5146,-600,-548,4393,17.9,161,157,32,150373
MSaaaaaa:126,MSaaaaaa,126,31862,6862,-1040,-670,1644,18.1,144,132,32,136608
MSaaaaaa:127,MSaaaaaa,127,31195,6195,-1836,-698,828,18.1,150,125,29,111492
MSaaaaaa:128,MSaaaaaa,128,31035,6035,-1590,-1806,2180,18.8,151,127,32,177683
MSaaaaaa:129,MSaaaaaa,129,31538,6538,-689,-495,2367,18.9,146,134,32,165894
MSaaaaap:126,MSaaaaap,126,29654,4654,-1618,-1554,2000,16.1,177,168,32,119926
MSaaaaap:127,MSaaaaap,127,30014,5014,-2530,-1801,847,15.3,180,170,36,148736
MSaaaaap:128,MSaaaaap,128,30381,5381,-1609,-1555,2037,15.2,180,166,34,128982
MSaaaaap:129,MSaaaaap,129,31239,6239,-1390,-878,1775,15.2,177,171,36,146168
MSaaaap:99,MSaaaap,99,29187,4187,-2382,-1912,1310,17.1,208,167,36,201059
MSaaaap:100,MSaaaap,100,31599,6599,-2548,-247,-76,15.2,217,169,36,194708
MSaaaap:101,MSaaaap,101,31376,6376,-1933,-593,2846,15.2,218,166,40,232068
MSaaaap:102,MSaaaap,102,28907,3907,-2880,-2669,1714,15.9,216,162,36,186709
MSaaaap:103,MSaaaap,103,29891,4891,-1578,-1420,3868,16.0,215,166,36,189310
MSaaaap:104,MSaaaap,104,29320,4320,-2942,-2468,3501,16.0,211,165,40,222892
MSaaaap:105,MSaaaap,105,29975,4975,-3899,-1932,2434,15.3,211,160,40,231022
MSaaaap:106,MSaaaap,106,31022,6022,-1421,-816,3888,16.1,213,153,40,259992
MSaaaap:107,MSaaaap,107,29715,4715,-3067,-2523,3552,16.0,211,152,40,266882
MSaaaap:108,MSaaaap,108,29560,4560,-2765,-2496,3285,16.1,210,151,36,224664
MSaaaap:109,MSaaaap,109,28835,3835,-3761,-3428,2972,16.0,209,147,36,226985
MSaaaap:110,MSaaaap,110,30325,5325,-1492,-1354,4423,16.0,211,150,38,157761
MSaaaap:111,MSaaaap,111,30376,5376,-1913,-1596,3681,15.3,207,156,39,141781
MSaaaap:112,MSaaaap,112,29619,4619,-2209,-2172,4093,16.1,201,154,39,162351
MSaaaap:113,MSaaaap,113,29666,4666,-1234,-1209,3974,16.0,198,153,35,125424
MSaaaap:114,MSaaaap,114,30508,5508,-1126,-1142,4937,16.1,201,156,39,163537
MSaaaap:115,MSaaaap,115,31163,6163,-1839,-965,3794,15.2,190,167,39,175415
MSaaaap:116,MSaaaap,116,31140,6140,-742,-355,5416,16.1,193,164,39,186126
MSaaaap:117,MSaaaap,117,31349,6349,-2785,-1590,3995,15.2,191,164,38,174751
MSaaaap:118,MSaaaap,118,39473,14473,3548,5931,2815,14.0,186,176,38,192293
MSaaaap:119,MSaaaap,119,32042,7042,-1977,-1034,3261,15.1,190,174,38,189752
MSaaaap:120,MSaaaap,120,30098,5098,-2870,-2652,3276,15.1,195,171,38,195254
MSaaaap:121,MSaaaap,121,30802,5802,-3160,-3088,2648,14.2,197,171,37,180886
MSaaaap:122,MSaaaap,122,30186,5186,-2754,-2717,-365,14.1,206,170,36,183175
MSaaaap:123,MSaaaap,123,30609,5609,-4315,-3111,585,13.3,204,164,36,171415
MSaaaap:124,MSaaaap,124,31817,6817,-2886,-1530,139,13.3,208,164,36,168930
MSaaaap:125,MSaaaap,125,29536,4536,-2842,-2330,-255,13.1,210,161,36,188554
MSaaaap:126,MSaaaap,126,29812,4812,-2901,-2479,10,13.2,219,164,36,192935
MSaaaap:127,MSaaaap,127,31073,6073,-2116,-1812,-1459,13.0,227,167,32,155124
MSaaaap:128,MSaaaap,128,30705,5705,-1742,-1710,1391,13.0,225,166,32,162314
MSaaaapa:129,MSaaaapa,129,29603,4603,-2812,-2227,1340,14.0,198,148,32,126479
MSaaaapp:129,MSaaaapp,129,37887,12887,2875,5713,-30881,12.0,252,176,36,0
MSaaap:78,MSaaap,78,29947,4947,767,684,4834,26.1,220,212,42,226897
MSaaap:79,MSaaap,79,29433,4433,516,474,4363,27.0,226,205,44,237471
MSaaap:80,MSaaap,80,28609,3609,-373,-460,3571,26.9,239,202,44,227139
MSaaap:81,MSaaap,81,28781,3781,-278,-395,3562,26.0,244,204,46,266434
MSaaap:82,MSaaap,82,28802,3802,-381,-459,3697,25.1,238,210,46,288439
MSaaap:83,MSaaap,83,28120,3120,-1248,-1304,3076,24.2,230,205,46,309797
MSaaap:84,MSaaap,84,28402,3402,-494,-499,3216,23.2,231,205,46,311150
MSaaap:85,MSaaap,85,29021,4021,-282,-374,3944,23.2,229,205,46,326175
MSaaap:86,MSaaap,86,28260,3260,-945,-916,3197,23.1,233,207,48,363342
MSaaap:87,MSaaap,87,29557,4557,528,408,4514,24.0,235,207,45,270523
MSaaap:88,MSaaap,88,28356,3356,-980,-981,3329,23.0,236,203,47,342900
MSaaap:89,MSaaap,89,28933,3933,-259,-264,3904,22.1,234,203,47,327781
MSaaap:90,MSaaap,90,28500,3500,-982,-988,3443,22.0,237,204,44,243440
MSaaap:91,MSaaap,91,28819,3819,-504,-523,3752,22.1,240,201,44,230707
MSaaap:92,MSaaap,92,28464,3464,-732,-749,3344,23.0,246,210,44,222981
MSaaap:93,MSaaap,93,29147,4147,-328,-332,4054,21.2,246,210,43,211847
MSaaap:94,MSaaap,94,29038,4038,-560,-514,3913,22.0,247,216,42,238455
MSaaap:95,MSaaap,95,29213,4213,-145,-206,4103,21.2,249,216,41,211057
MSaaap:96,MSaaap,96,29097,4097,-397,-420,4008,21.0,243,214,40,234210
MSaaap:97,MSaaap,97,28384,3384,-1162,-1137,3276,21.0,247,212,40,251177
MSaaap:98,MSaaap,98,28961,3961,-291,-291,3890,20.2,249,207,40,227483
MSaaap:99,MSaaap,99,29251,4251,129,120,4154,21.0,250,200,40,251029
MSaaap:100,MSaaap,100,28296,3296,-845,-843,3243,20.0,243,205,36,219524
MSaaapa:101,MSaaapa,101,28143,3143,-1605,-1605,2964,21.0,223,189,36,188339
MSaaapa:102,MSaaapa,102,29209,4209,-246,-246,4096,21.0,209,185,36,172242
MSaaapa:103,MSaaapa,103,28547,3547,-1228,-1265,3214,21.9,215,190,36,176755
MSaaapa:104,MSaaapa,104,28030,3030,-1960,-1951,2757,21.0,212,187,40,204956
MSaaapa:105,MSaaapa,105,29727,4727,395,314,4565,21.1,210,190,40,219564
MSaaapa:106,MSaaapa,106,29290,4290,-494,-483,3916,20.1,209,180,40,225035
MSaaapa:107,MSaaapa,107,28689,3689,-1230,-1241,3320,20.0,206,193,40,224970
MSaaapa:108,MSaaapa,108,28996,3996,-925,-930,3725,19.1,202,195,40,230600
MSaaapa:109,MSaaapa,109,29027,4027,-1562,-1611,3849,18.1,201,195,40,227734
MSaaapa:110,MSaaapa,110,28909,3909,-1524,-1537,2954,18.0,200,201,36,125632
MSaaapa:111,MSaaapa,111,31867,6867,408,409,4723,16.2,206,203,37,120535
MSaaapa:112,MSaaapa,112,29273,4273,-2095,-2224,3378,17.0,211,203,35,104458
MSaaapa:113,MSaaapa,113,30283,5283,-1781,-1688,2540,16.1,204,201,39,158984
MSaaapa:114,MSaaapa,114,31399,6399,-1202,-832,2728,16.1,205,206,39,155829
MSaaapa:115,MSaaapa,115,30435,5435,-1547,-1513,4318,17.0,202,211,35,114881
MSaaapa:116,MSaaapa,116,31821,6821,-795,-829,4330,16.2,204,213,39,162530
MSaaapa:117,MSaaapa,117,34618,9618,1363,1812,4962,15.0,207,215,36,144819
MSaaapa:118,MSaaapa,118,29730,4730,-2100,-2357,3556,17.0,206,218,38,167056
MSaaapa:119,MSaaapa,119,30761,5761,-1271,-1337,4350,16.1,207,218,38,165509
MSaaapa:120,MSaaapa,120,29500,4500,-1119,-1139,2811,17.0,196,225,38,184094
MSaaapa:121,MSaaapa,121,29481,4481,-1313,-1395,4168,16.1,207,228,37,146955
MSaaapa:122,MSaaapa,122,31237,6237,-176,-294,4238,16.0,209,212,36,160522
MSaaapa:123,MSaaapa,123,31164,6164,-929,-893,1728,15.2,205,211,36,163617
MSaaapa:124,MSaaapa,124,31066,6066,-655,-448,-877,16.0,203,206,34,146266
MSaaapaa:125,MSaaapaa,125,28440,3440,-1760,-1684,2240,19.0,196,200,29,75737
MSaaapaa:126,MSaaapaa,126,30574,5574,-249,-98,4560,18.0,196,203,29,84377
MSaaapaa:127,MSaaapaa,127,29421,4421,-1483,-1541,2344,17.1,196,201,32,118344
MSaaapaa:128,MSaaapaa,128,29783,4783,-1162,-1284,2441,17.1,193,199,36,165066
MSaaapaa:129,MSaaapaa,129,29410,4410,-1773,-2013,2438,17.0,195,204,36,0
MSaaapap:125,MSaaapap,125,29899,4899,-2130,-2266,2078,15.1,220,212,32,103406
MSaaapap:126,MSaaapap,126,29175,4175,-3852,-3565,-1283,13.1,234,223,32,115198
MSaaapap:127,MSaaapap,127,29350,4350,-3318,-3464,-3164,13.1,243,225,29,80181
MSaaapap:128,MSaaapap,128,30220,5220,-909,-1211,341,13.9,239,217,32,114696
MSaaapap:129,MSaaapap,129,33203,8203,-1573,194,-499,12.1,232,219,36,152668
MSaaapp:101,MSaaapp,101,30468,5468,912,913,5015,18.9,264,222,36,171823
MSaaapp:102,MSaaapp,102,29138,4138,-796,-773,3815,17.9,262,222,36,182480
MSaaapp:103,MSaaapp,103,29532,4532,-79,-30,3676,18.1,261,228,36,180626
MSaaapp:104,MSaaapp,104,30329,5329,-296,-192,4470,18.0,269,236,36,184606
MSaaapp:105,MSaaapp,105,28681,3681,-1571,-1441,3243,17.9,275,232,36,187571
MSaaapp:106,MSaaapp,106,29279,4279,-661,-639,4037,18.0,281,229,36,194517
MSaaapp:107,MSaaapp,107,29436,4436,-798,-836,4267,19.0,276,227,36,188260
MSaaapp:108,MSaaapp,108,29995,4995,-108,26,4275,18.0,267,229,36,207934
MSaaapp:109,MSaaapp,109,29593,4593,-543,-511,4241,18.9,272,224,36,208424
MSaaapp:110,MSaaapp,110,30475,5475,334,329,4913,18.1,267,224,36,134575
MSaaapp:111,MSaaapp,111,29482,4482,-1350,-1317,3270,18.0,262,231,35,117176
MSaaapp:112,MSaaapp,112,30170,5170,-622,-558,4322,16.9,263,231,35,117333
MSaaapp:113,MSaaapp,113,30424,5424,-535,-421,4508,16.1,262,226,37,147947
MSaaapp:114,MSaaapp,114,29729,4729,-1619,-1009,3030,16.0,261,226,39,165318
MSaaapp:115,MSaaapp,115,31396,6396,-630,143,2336,15.0,254,237,35,135607
MSaaapp:116,MSaaapp,116,29589,4589,-1575,-1265,2396,16.9,249,233,35,130891
MSaaapp:117,MSaaapp,117,30318,5318,-518,-229,2338,17.1,249,230,34,136089
MSaaapp:118,MSaaapp,118,30513,5513,-802,-603,4560,17.1,250,229,36,166881
MSaaapp:119,MSaaapp,119,29581,4581,-1454,-1466,3560,17.1,252,226,36,173122
MSaaapp:120,MSaaapp,120,29096,4096,-1347,-1430,3061,17.9,252,224,34,136977
MSaaapp:121,MSaaapp,121,30521,5521,-146,-107,4329,17.1,256,222,35,146788
MSaaapp:122,MSaaapp,122,29612,4612,-1021,-881,3234,16.3,257,220,34,144902
MSaaapp:123,MSaaapp,123,29679,4679,-308,-342,3750,16.0,255,218,32,153292
MSaaapp:124,MSaaapp,124,28400,3400,-1793,-1792,3003,15.8,252,217,32,148804
MSaaapp:125,MSaaapp,125,29555,4555,-1195,-1423,3710,15.9,251,222,32,151253
MSaaapp:126,MSaaapp,126,29288,4288,-1534,-1702,3728,15.2,258,227,36,197360
MSaaapp:127,MSaaapp,127,29866,4866,-1366,-1527,4663,15.3,256,228,36,186106
MSaaapp:128,MSaaapp,128,28891,3891,-1668,-1952,2105,16.2,250,224,34,174828
MSaaapp:129,MSaaapp,129,29042,4042,-1539,-1447,1868,16.1,250,223,36,212153
MSaap:58,MSaap,58,28850,3850,-27,-18,3850,25.2,253,233,51,365401
MSaap:59,MSaap,59,28937,3937,134,128,3937,25.1,260,237,50,370955
MSaap:60,MSaap,60,28697,3697,-149,-162,3697,25.9,266,244,53,430811
MSaap:61,MSaap,61,28091,3091,-871,-921,3080,26.1,266,266,55,489268
MSaap:62,MSaap,62,28534,3534,-114,-56,3534,27.0,266,269,53,466523
MSaap:63,MSaap,63,28756,3756,-187,-202,3756,27.0,259,276,53,370406
MSaap:64,MSaap,64,28335,3335,-717,-696,3335,27.0,257,261,54,410898
MSaap:65,MSaap,65,28375,3375,-531,-522,3375,27.9,254,259,54,427171
MSaap:66,MSaap,66,27986,2986,-947,-986,2986,27.1,248,259,54,432409
MSaap:67,MSaap,67,28297,3297,-807,-830,3297,27.1,245,269,53,445019
MSaap:68,MSaap,68,28664,3664,-340,-349,3662,27.0,242,277,52,464976
MSaap:69,MSaap,69,27859,2859,-1015,-1013,2859,27.0,253,271,52,469289
MSaap:70,MSaap,70,28345,3345,-540,-541,3345,27.0,245,276,49,403706
MSaap:71,MSaap,71,27894,2894,-931,-931,2893,27.0,247,281,48,380982
MSaap:72,MSaap,72,27664,2664,-1406,-1408,2663,26.0,248,285,48,361384
MSaap:73,MSaap,73,28510,3510,-473,-487,3508,26.1,248,288,48,370519
MSaap:74,MSaap,74,28014,3014,-1031,-1054,3010,26.1,237,285,48,418986
MSaap:75,MSaap,75,28291,3291,-584,-601,3288,26.0,236,286,48,419306
MSaap:76,MSaap,76,28134,3134,-629,-629,3134,25.0,251,275,36,219092
MSaapa:77,MSaapa,77,27908,2908,-993,-990,2875,24.1,220,257,36,194856
MSaapa:78,MSaapa,78,28288,3288,-541,-534,3176,25.0,229,253,44,218854
MSaapa:79,MSaapa,79,28292,3292,-861,-857,3214,24.9,239,252,44,238843
MSaapa:80,MSaapa,80,28588,3588,28,63,3464,26.0,245,249,44,227077
MSaapa:81,MSaapa,81,28179,3179,-644,-647,3088,26.1,240,249,48,315351
MSaapa:82,MSaapa,82,28650,3650,-75,-132,3524,27.0,236,251,44,245690
MSaapa:83,MSaapa,83,28638,3638,-511,-542,3438,27.0,235,246,48,333080
MSaapa:84,MSaapa,84,29331,4331,424,407,4115,27.1,233,242,48,349385
MSaapa:85,MSaapa,85,27853,2853,-1115,-1028,2221,26.1,221,246,46,308068
MSaapa:86,MSaapa,86,28058,3058,-787,-798,2067,26.0,227,251,44,268571
MSaapa:87,MSaapa,87,27907,2907,-1032,-1029,2088,26.0,234,249,45,272646
MSaapa:88,MSaapa,88,28757,3757,-7,-47,3549,26.9,240,255,45,264293
MSaapa:89,MSaapa,89,28623,3623,-224,-277,3472,28.0,242,259,45,260870
MSaapa:90,MSaapa,90,27828,2828,-936,-965,2765,27.1,257,262,44,209155
MSaapa:91,MSaapa,91,28728,3728,25,22,3602,26.3,263,268,44,192417
MSaapa:92,MSaapa,92,27718,2718,-1172,-1179,2652,27.0,264,278,44,206514
MSaapa:93,MSaapa,93,28315,3315,-577,-561,3247,27.1,275,279,43,175489
MSaapa:94,MSaapa,94,29158,4158,45,-20,3991,26.1,271,277,42,191260
MSaapa:95,MSaapa,95,28233,3233,-722,-738,3140,26.1,275,282,41,189372
MSaapa:96,MSaapa,96,28220,3220,-345,-330,3053,25.0,280,282,40,212180
MSaapa:97,MSaapa,97,28029,3029,-1024,-1060,2946,25.0,278,279,36,177258
MSaapaa:98,MSaapaa,98,28547,3547,-50,45,3042,24.9,261,255,36,133033
MSaapaa:99,MSaapaa,99,28998,3998,-604,-702,3697,24.1,248,250,36,151160
MSaapaa:100,MSaapaa,100,29046,4046,-237,-241,3850,24.0,246,253,36,143712
MSaapaa:101,MSaapaa,101,29048,4048,-25,-69,3823,22.2,247,256,38,160580
MSaapaa:102,MSaapaa,102,28241,3241,-589,-595,2962,23.0,245,240,40,183626
MSaapaa:103,MSaapaa,103,28857,3857,154,126,3357,23.1,242,235,40,186836
MSaapaa:104,MSaapaa,104,28838,3838,71,90,3348,23.0,242,238,36,150264
MSaapaa:105,MSaapaa,105,28242,3242,-742,-714,2846,22.1,242,233,40,188295
MSaapaa:106,MSaapaa,106,29205,4205,-21,-21,3895,22.1,242,227,40,183102
MSaapaa:107,MSaapaa,107,28552,3552,-477,-439,2965,23.0,235,233,38,178262
MSaapaa:108,MSaapaa,108,28529,3529,-344,-377,2985,23.0,238,240,40,208952
MSaapaa:109,MSaapaa,109,28934,3934,-186,-180,3333,23.0,240,237,40,219309
MSaapaa:110,MSaapaa,110,28922,3922,-1077,-1077,3624,23.0,241,237,27,43896
MSaapaa:111,MSaapaa,111,29053,4053,-671,-652,3308,23.0,237,246,39,136332
MSaapaa:112,MSaapaa,112,29846,4846,334,304,4198,21.9,230,249,27,45676
MSaapaa:113,MSaapaa,113,29155,4155,-1185,-1009,3494,21.3,234,250,27,45676
MSaapaa:114,MSaapaa,114,28713,3713,-1074,-973,3085,20.6,239,251,27,45676
MSaapaa:115,MSaapaa,115,29368,4368,-636,-615,3756,20.0,244,253,27,44206
MSaapaa:116,MSaapaa,116,29873,4873,-231,-415,3611,19.9,249,249,35,99914
MSaapaa:117,MSaapaa,117,29540,4540,-274,-307,2878,20.0,249,245,36,132730
MSaapaa:118,MSaapaa,118,29256,4256,-1022,-935,3534,21.0,248,248,34,112281
MSaapaa:119,MSaapaa,119,29262,4262,-947,-953,3514,21.0,245,241,36,144595
MSaapaa:120,MSaapaa,120,29299,4299,-1197,-1348,2969,20.1,251,246,36,137460
MSaapaa:121,MSaapaa,121,29257,4257,-709,-761,2961,20.1,250,244,37,134135
MSaapaa:122,MSaapaa,122,28864,3864,-1547,-1608,2893,20.1,254,244,36,152483
MSaapaa:123,MSaapaa,123,29186,4186,-872,-933,3108,19.2,250,236,34,106894
MSaapaa:124,MSaapaa,124,29746,4746,-455,-586,3764,23.0,243,242,35,0
MSaapaa:125,MSaapaa,125,30232,5232,-337,-488,4227,22.8,242,244,35,0
MSaapaa:126,MSaapaa,126,29751,4751,-986,-1276,3165,22.6,241,247,35,0
MSaapaa:127,MSaapaa,127,31728,6728,1460,1505,5635,22.4,240,250,35,0
MSaapaa:128,MSaapaa,128,30330,5330,-444,-682,4022,22.2,239,253,35,0
MSaapaa:129,MSaapaa,129,31194,6194,552,507,4803,22.0,237,256,35,0
MSaapap:98,MSaapap,98,28295,3295,-601,-574,3112,23.3,304,287,34,118850
MSaapap:99,MSaapap,99,28454,3454,-285,-318,3108,24.0,310,288,36,145377
MSaapap:100,MSaapap,100,28363,3363,-584,-723,2887,23.1,311,285,40,172733
MSaapap:101,MSaapap,101,28801,3801,-251,-471,3132,23.0,310,285,40,188081
MSaapap:102,MSaapap,102,28827,3827,-95,-49,3592,22.1,310,262,38,149528
MSaapap:103,MSaapap,103,29626,4626,589,522,4183,22.2,313,258,40,170340
MSaapap:104,MSaapap,104,29285,4285,543,596,4101,24.0,311,261,36,138627
MSaapap:105,MSaapap,105,27833,2833,-473,-695,1911,26.0,313,266,27,44778
MSaapap:106,MSaapap,106,28480,3480,44,90,2184,26.0,313,266,27,44778
MSaapap:107,MSaapap,107,29050,4050,180,122,3464,25.1,310,261,38,176311
MSaapap:108,MSaapap,108,27349,2349,-1676,-1754,2018,25.0,308,253,29,74533
MSaapap:109,MSaapap,109,27881,2881,-1004,-976,2161,24.9,306,256,36,172952
MSaapap:110,MSaapap,110,28348,3348,-1142,-1138,2235,24.9,306,256,36,172952
MSaapap:111,MSaapap,111,29016,4016,-913,-937,2930,24.0,309,262,35,88932
MSaapap:112,MSaapap,112,29178,4178,-499,-496,2913,24.0,309,262,35,88932
MSaapap:113,MSaapap,113,29258,4258,-696,-718,3649,22.0,302,266,35,101188
MSaapap:114,MSaapap,114,29201,4201,-1262,-1288,3290,22.0,304,271,29,58922
MSaapap:115,MSaapap,115,29675,4675,-494,-478,3961,21.0,317,280,35,103611
MSaapap:116,MSaapap,116,29500,4500,-1160,-982,3657,20.0,317,286,35,109566
MSaapap:117,MSaapap,117,28653,3653,-1289,-1295,3223,21.0,314,283,34,110658
MSaapap:118,MSaapap,118,29100,4100,-1233,-1180,3690,20.1,311,279,36,136305
MSaapap:119,MSaapap,119,30360,5360,104,132,5033,20.1,308,279,36,134068
MSaapap:120,MSaapap,120,29355,4355,-783,-793,4052,21.0,313,276,34,110455
MSaapap:121,MSaapap,121,29136,4136,-684,-648,3796,21.0,307,275,35,116277
MSaapap:122,MSaapap,122,29729,4729,-223,-175,4507,21.0,302,276,36,145072
MSaapap:123,MSaapap,123,29158,4158,-705,-701,3596,21.0,301,271,36,144555
MSaapap:124,MSaapap,124,29031,4031,-1239,-1299,3376,20.0,302,270,36,156150
MSaapap:125,MSaapap,125,29069,4069,-869,-894,3736,20.1,299,269,36,153042
MSaapap:126,MSaapap,126,29453,4453,-782,-761,3554,20.1,293,270,36,154848
MSaapap:127,MSaapap,127,29040,4040,-1188,-1241,3782,21.1,294,273,36,174788
MSaapap:128,MSaapap,128,31084,6084,969,969,5713,21.1,295,276,32,138542
MSaapapa:129,MSaapapa,129,28810,3810,-1205,-1245,2324,21.9,274,267,32,109627
MSaapapp:129,MSaapapp,129,29345,4345,-1191,-1181,3325,20.0,319,288,36,0
MSaapp:77,MSaapp,77,27591,2591,-992,-997,2581,25.1,267,293,34,132054
MSaapp:78,MSaapp,78,28286,3286,-302,-306,3274,26.0,283,299,38,157334
MSaapp:79,MSaapp,79,28117,3117,-719,-719,3113,28.0,286,312,44,228077
MSaapp:80,MSaapp,80,28503,3503,-268,-283,3499,27.1,303,315,46,260140
MSaapp:81,MSaapp,81,28678,3678,-248,-270,3656,28.0,300,320,46,269585
MSaapp:82,MSaapp,82,28795,3795,230,242,3734,28.0,306,317,46,271914
MSaapp:83,MSaapp,83,28180,3180,-495,-441,2914,28.0,305,316,44,243781
MSaapp:84,MSaapp,84,28425,3425,-182,-201,3194,28.0,307,310,44,238731
MSaapp:85,MSaapp,85,28585,3585,-192,-249,3469,28.0,307,303,48,328706
MSaapp:86,MSaapp,86,28529,3529,-358,-415,3437,28.0,308,301,46,291758
MSaapp:87,MSaapp,87,28356,3356,-482,-492,3044,28.0,302,302,45,252318
MSaapp:88,MSaapp,88,28355,3355,-44,-80,2829,28.0,306,302,45,258881
MSaapp:89,MSaapp,89,27786,2786,-579,-603,1949,28.0,306,296,45,268315
MSaapp:90,MSaapp,90,28535,3535,-177,-197,2676,28.0,316,305,44,207130
MSaapp:91,MSaapp,91,28257,3257,-475,-576,2900,27.1,330,307,44,193847
MSaapp:92,MSaapp,92,28301,3301,-28,-60,3147,28.0,335,313,42,186938
MSaapp:93,MSaapp,93,28613,3613,524,553,3461,28.1,344,313,43,183982
MSaapp:94,MSaapp,94,28599,3599,271,259,3551,27.0,351,310,42,185875
MSaapp:95,MSaapp,95,28873,3873,415,389,3701,27.1,345,304,41,187927
MSaapp:96,MSaapp,96,27835,2835,-529,-436,2699,27.0,347,303,40,172142
MSaapp:97,MSaapp,97,28006,3006,-323,-310,2654,26.0,345,300,40,197057
MSaapp:98,MSaapp,98,28659,3659,191,214,3453,26.1,343,296,40,199644
MSaapp:99,MSaapp,99,28486,3486,376,312,3141,26.1,341,300,38,192602
MSaapp:100,MSaapp,100,27870,2870,-502,-592,2541,26.0,336,295,40,203363
MSaapp:101,MSaapp,101,27672,2672,-1252,-1160,2039,26.0,329,292,36,177205
MSaapp:102,MSaapp,102,27581,2581,-492,-493,2438,26.1,332,289,36,168017
MSaappa:103,MSaappa,103,27691,2691,-1337,-1403,1801,27.0,318,267,36,129289
MSaappa:104,MSaappa,104,27864,2864,-604,-585,2239,29.0,322,268,36,137774
MSaappa:105,MSaappa,105,28302,3302,-328,-426,2172,28.0,321,271,36,137981
MSaappa:106,MSaappa,106,28966,3966,177,124,2511,28.1,319,266,36,159171
MSaappa:107,MSaappa,107,28041,3041,-690,-612,1507,27.2,323,265,29,71997
MSaappa:108,MSaappa,108,27666,2666,-1434,-1440,2298,28.0,324,270,36,150051
MSaappa:109,MSaappa,109,27945,2945,197,104,2195,27.0,322,265,29,76197
MSaappa:110,MSaappa,110,29682,4682,542,340,3739,26.6,322,265,29,76197
MSaappa:111,MSaappa,111,29436,4436,-236,-128,2937,26.2,322,265,29,76197
MSaappa:112,MSaappa,112,29556,4556,713,716,3068,25.8,322,265,28,76197
MSaappa:113,MSaappa,113,28117,3117,-1031,-966,2344,25.4,322,265,28,76197
MSaappa:114,MSaappa,114,30078,5078,883,896,4282,25.0,323,264,27,48043
MSaappa:115,MSaappa,115,27994,2994,-1257,-1265,1505,24.6,327,273,31,48043
MSaappa:116,MSaappa,116,28966,3966,-167,-266,2575,24.1,332,282,35,106900
MSaappa:117,MSaappa,117,28871,3871,-152,-256,2657,24.9,337,281,34,111541
MSaappa:118,MSaappa,118,28410,3410,-612,-441,1627,26.1,341,285,34,112811
MSaappa:119,MSaappa,119,28326,3326,-916,-1075,2085,24.0,339,281,34,113834
MSaappa:120,MSaappa,120,28006,3006,-1080,-1052,2044,24.0,344,278,34,115222
MSaappa:121,MSaappa,121,27761,2761,-1228,-1133,1628,25.0,333,278,33,97037
MSaappa:122,MSaappa,122,30760,5760,1944,1942,4908,24.9,340,280,32,93161
MSaappa:123,MSaappa,123,28967,3967,-154,-121,2098,24.0,334,282,34,116563
MSaappa:124,MSaappa,124,28483,3483,-643,-786,2603,23.1,330,285,34,124349
MSaappa:125,MSaappa,125,28972,3972,-429,-613,3272,23.0,333,287,36,144141
MSaappa:126,MSaappa,126,28883,3883,-243,-379,3038,23.1,335,290,36,152799
MSaappa:127,MSaappa,127,29019,4019,-546,-512,3073,24.0,335,291,36,173176
MSaappa:128,MSaappa,128,29195,4195,-830,-870,3201,24.0,335,293,35,173176
MSaappa:129,MSaappa,129,29057,4057,-240,-252,2829,24.0,334,296,34,0
MSaappp:103,MSaappp,103,28671,3671,292,335,3095,25.1,357,301,36,132732
MSaappp:104,MSaappp,104,29022,4022,278,286,3814,26.0,360,308,36,142586
MSaappp:105,MSaappp,105,28323,3323,-213,-209,3040,27.0,369,308,36,137042
MSaappp:106,MSaappp,106,29484,4484,752,716,2721,26.1,384,336,29,78911
MSaappp:107,MSaappp,107,27856,2856,-882,-902,2429,26.1,363,305,36,149199
MSaappp:108,MSaappp,108,27936,2936,-1042,-1048,2751,26.0,361,297,36,147973
MSaappp:109,MSaappp,109,27993,2993,-970,-985,2798,25.9,360,295,36,147568
MSaappp:110,MSaappp,110,28777,3777,-307,-347,3139,25.0,346,293,35,0
MSaappp:111,MSaappp,111,30347,5347,1047,1096,4870,24.9,346,296,34,0
MSaappp:112,MSaappp,112,29340,4340,539,496,3799,24.7,346,299,33,0
MSaappp:113,MSaappp,113,28786,3786,-456,-477,3424,24.6,346,303,31,0
MSaappp:114,MSaappp,114,29468,4468,441,456,4030,24.4,346,306,30,0
MSaappp:115,MSaappp,115,27434,2434,-1632,-1662,1907,24.3,346,309,29,0
MSaappp:116,MSaappp,116,29026,4026,-132,-221,3026,24.1,347,313,27,48113
MSaappp:117,MSaappp,117,28588,3588,-194,-207,2620,24.1,347,313,27,48113
MSaappp:118,MSaappp,118,28665,3665,-827,-889,3164,24.0,356,306,34,103796
MSaappp:119,MSaappp,119,28662,3662,-480,-688,3047,24.0,356,306,34,103796
MSaappp:120,MSaappp,120,29216,4216,53,-142,3303,24.9,364,302,34,110666
MSaappp:121,MSaappp,121,29759,4759,150,142,4027,22.0,362,300,33,87204
MSaappp:122,MSaappp,122,27567,2567,-1620,-1629,1732,22.9,356,305,32,91500
MSaappp:123,MSaappp,123,30457,5457,1653,1649,4130,22.9,350,302,29,58950
MSaappp:124,MSaappp,124,28258,3258,-1458,-1519,2604,23.0,348,313,32,92930
MSaappp:125,MSaappp,125,29623,4623,437,385,4133,23.1,348,317,36,129137
MSaappp:126,MSaappp,126,29707,4707,-113,-320,4159,24.0,346,322,32,101564
MSaappp:127,MSaappp,127,31333,6333,1347,1217,5630,24.1,339,334,36,143947
MSaappp:128,MSaappp,128,30165,5165,-245,-437,4007,24.0,334,332,32,101176
MSaappp:129,MSaappp,129,31054,6054,922,842,5282,23.1,329,334,36,171558
MSap:41,MSap,41,28746,3746,-377,-444,3746,22.2,241,275,56,636031
MSap:42,MSap,42,28547,3547,-397,-376,3547,24.8,243,287,60,711690
MSap:43,MSap,43,28780,3780,-91,-111,3780,23.9,246,289,61,748465
MSap:44,MSap,44,28320,3320,-755,-792,3320,24.9,258,304,62,876364
MSap:45,MSap,45,28000,3000,-1041,-1070,3000,25.9,254,317,62,960976
MSap:46,MSap,46,28334,3334,-618,-610,3334,24.8,245,325,62,1081179
MSap:47,MSap,47,28451,3451,-483,-483,3451,24.8,242,322,61,1062517
MSap:48,MSap,48,28315,3315,-389,-389,3315,25.8,244,321,61,1016774
MSap:49,MSap,49,28813,3813,-222,-222,3813,26.0,242,319,62,1103469
MSap:50,MSap,50,28095,3095,-956,-956,3095,26.0,254,322,61,1038204
MSap:51,MSap,51,27992,2992,-898,-898,2992,25.9,258,311,59,899102
MSap:52,MSap,52,28398,3398,-733,-734,3398,25.0,259,312,60,1004428
MSap:53,MSap,53,27884,2884,-998,-998,2884,25.1,262,326,61,1089127
MSap:54,MSap,54,27813,2813,-1272,-1280,2812,25.2,261,319,61,1010911
MSap:55,MSap,55,27919,2919,-1197,-1193,2919,25.2,267,306,59,905380
MSap:56,MSap,56,27937,2937,-1220,-1207,2937,25.0,265,308,57,880757
MSap:57,MSap,57,27913,2913,-816,-816,2912,24.9,269,300,55,818987
MSap:58,MSap,58,28271,3271,-733,-715,3270,24.9,272,309,55,721663
MSap:59,MSap,59,27895,2895,-1055,-1060,2879,23.2,279,307,50,636442
MSapa:60,MSapa,60,28403,3403,-601,-597,3397,24.1,251,308,53,559791
MSapa:61,MSapa,61,28995,3995,24,-76,3986,24.9,242,315,53,586397
MSapa:62,MSapa,62,29044,4044,320,364,4037,24.9,233,321,53,625526
MSapa:63,MSapa,63,28020,3020,-567,-584,2954,24.1,222,323,53,534396
MSapa:64,MSapa,64,28265,3265,-606,-626,3221,24.9,218,316,54,594305
MSapa:65,MSapa,65,28324,3324,-493,-485,3247,25.0,219,315,54,584475
MSapa:66,MSapa,66,27708,2708,-809,-820,2674,25.1,217,318,54,589201
MSapa:67,MSapa,67,28549,3549,-38,-30,3542,24.1,219,330,53,557804
MSapa:68,MSapa,68,27638,2638,-1148,-1124,2637,24.0,214,329,52,583000
MSapa:69,MSapa,69,28115,3115,-620,-624,3109,22.9,213,330,50,565360
MSapa:70,MSapa,70,28180,3180,-602,-651,3145,22.0,210,333,49,508770
MSapa:71,MSapa,71,28006,3006,-588,-597,2884,21.3,218,337,48,477451
MSapa:72,MSapa,72,28561,3561,-520,-536,3429,22.0,220,337,48,510955
MSapa:73,MSapa,73,28539,3539,-115,-94,3409,22.1,215,337,48,524281
MSapa:74,MSapa,74,28267,3267,-429,-450,3126,22.1,219,336,48,516420
MSapa:75,MSapa,75,29004,4004,83,83,3762,22.0,226,342,44,393462
MSapa:76,MSapa,76,28214,3214,-592,-571,3053,22.1,236,348,48,527654
MSapa:77,MSapa,77,27771,2771,-923,-930,2666,23.1,234,335,48,536852
MSapa:78,MSapa,78,27403,2403,-1481,-1499,2377,23.1,244,332,44,407638
MSapa:79,MSapa,79,27996,2996,-750,-751,2990,21.2,252,324,42,289615
MSapaa:80,MSapaa,80,28874,3874,295,295,3808,23.0,236,299,32,170414
MSapaa:81,MSapaa,81,28849,3849,209,226,3800,24.0,228,295,44,259788
MSapaa:82,MSapaa,82,28204,3204,-572,-579,3164,23.9,219,290,44,285992
MSapaa:83,MSapaa,83,29227,4227,377,391,4143,24.0,219,279,44,275338
MSapaa:84,MSapaa,84,28182,3182,-533,-485,3014,23.0,226,269,44,291750
MSapaa:85,MSapaa,85,28727,3727,-140,-100,3533,22.0,221,263,46,337985
MSapaa:86,MSapaa,86,28758,3758,-302,-161,3450,22.0,224,260,44,311508
MSapaa:87,MSapaa,87,28215,3215,-1165,-1013,2937,22.0,227,259,45,336252
MSapaa:88,MSapaa,88,28069,3069,-968,-942,2913,22.0,224,261,45,318010
MSapaa:89,MSapaa,89,28346,3346,-645,-647,3331,21.9,224,263,45,302181
MSapaa:90,MSapaa,90,28391,3391,-611,-690,2971,21.1,227,261,46,291087
MSapaa:91,MSapaa,91,28660,3660,54,64,3466,21.9,226,262,42,224924
MSapaa:92,MSapaa,92,28117,3117,-786,-810,2781,21.1,233,270,42,233138
MSapaa:93,MSapaa,93,28306,3306,-450,-478,2989,21.0,234,266,41,218480
MSapaa:94,MSapaa,94,29194,4194,159,55,3804,21.1,241,267,40,212276
MSapaa:95,MSapaa,95,28750,3750,-371,-405,3417,20.1,243,260,39,225897
MSapaa:96,MSapaa,96,28519,3519,-243,-332,3043,19.1,233,256,38,221801
MSapaa:97,MSapaa,97,28766,3766,71,55,3598,19.1,228,258,40,256617
MSapaa:98,MSapaa,98,27857,2857,-1616,-1629,2698,19.1,220,252,38,231627
MSapaa:99,MSapaa,99,29160,4160,-130,-128,3801,18.1,208,242,38,232371
MSapaa:100,MSapaa,100,28094,3094,-789,-813,2911,19.1,201,244,40,266026
MSapaa:101,MSapaa,101,28475,3475,-585,-620,3304,19.1,203,251,40,281511
MSapaa:102,MSapaa,102,28194,3194,-642,-645,2956,19.1,202,246,40,282869
MSapaa:103,MSapaa,103,28631,3631,-166,-162,3427,20.0,206,256,36,250673
MSapaaa:104,MSapaaa,104,28758,3758,-707,-491,3139,20.0,179,240,36,229598
MSapaaa:105,MSapaaa,105,28691,3691,-440,-387,3120,20.1,182,236,36,211254
MSapaaa:106,MSapaaa,106,27930,2930,-1376,-1327,2080,21.0,179,234,29,116041
MSapaaa:107,MSapaaa,107,27944,2944,-1225,-1376,2474,20.0,174,238,38,248017
MSapaaa:108,MSapaaa,108,29312,4312,406,487,3809,20.1,171,242,38,244127
MSapaaa:109,MSapaaa,109,28283,3283,-982,-899,2916,20.0,170,240,36,238671
MSapaaa:110,MSapaaa,110,29122,4122,-639,-650,3720,19.9,173,239,36,150359
MSapaaa:111,MSapaaa,111,29704,4704,-179,-239,4283,19.0,171,242,39,160215
MSapaaa:112,MSapaaa,112,29348,4348,133,292,4009,20.0,173,242,35,117303
MSapaaa:113,MSapaaa,113,28941,3941,-715,-798,3153,19.2,166,239,39,173039
MSapaaa:114,MSapaaa,114,30277,5277,1045,919,4505,19.2,171,241,29,72584
MSapaaa:115,MSapaaa,115,29041,4041,-380,-585,3326,20.0,170,241,39,189650
MSapaaa:116,MSapaaa,116,29079,4079,-144,-236,3498,20.1,172,244,39,187058
MSapaaa:117,MSapaaa,117,28285,3285,-1130,-1221,2316,20.1,173,235,38,181805
MSapaaa:118,MSapaaa,118,29557,4557,50,49,3975,20.2,176,243,38,175737
MSapaaa:119,MSapaaa,119,28617,3617,-1120,-1300,3127,20.2,178,250,38,189011
MSapaaa:120,MSapaaa,120,29008,4008,-523,-439,3351,21.0,180,245,34,146228
MSapaaa:121,MSapaaa,121,28879,3879,-444,-547,3194,21.0,180,246,37,183893
MSapaaa:122,MSapaaa,122,28978,3978,-746,-817,3393,20.2,179,244,36,194366
MSapaaa:123,MSapaaa,123,29310,4310,-455,-616,3367,19.2,172,247,36,189716
MSapaaa:124,MSapaaa,124,28934,3934,-1030,-1083,3215,20.1,168,240,36,214811
MSapaaa:125,MSapaaa,125,28975,3975,-1594,-1633,2315,18.1,164,237,36,201033
MSapaaa:126,MSapaaa,126,28725,3725,-1303,-1419,2048,18.1,168,236,36,227655
MSapaaa:127,MSapaaa,127,29290,4290,-1224,-1505,3042,17.1,165,236,36,234391
MSapaaa:128,MSapaaa,128,29347,4347,-715,-872,2519,19.0,157,232,36,234814
MSapaaa:129,MSapaaa,129,29056,4056,-777,-763,2768,19.0,155,234,36,230544
MSapaap:104,MSapaap,104,28329,3329,-785,-781,2723,19.9,228,262,36,179621
MSapaap:105,MSapaap,105,29131,4131,-774,-708,3078,19.0,235,261,36,181287
MSapaap:106,MSapaap,106,30280,5280,-410,-166,3133,18.0,239,254,36,197937
MSapaap:107,MSapaap,107,29781,4781,-518,-181,3461,19.1,234,263,36,198495
MSapaap:108,MSapaap,108,29036,4036,-1226,-739,2905,19.1,231,261,38,211249
MSapaap:109,MSapaap,109,28593,3593,-1626,-1177,2782,19.0,225,257,36,181182
MSapaap:110,MSapaap,110,29782,4782,-1516,-30,2666,19.0,220,261,36,125865
MSapaap:111,MSapaap,111,28412,3412,-2998,-1915,1936,18.2,217,261,37,124434
MSapaap:112,MSapaap,112,29442,4442,-3187,-1381,1664,18.1,216,263,37,136679
MSapaap:113,MSapaap,113,29822,4822,-1732,-461,2788,18.9,203,261,35,119862
MSapaap:114,MSapaap,114,30544,5544,-2696,-1130,2737,19.0,209,268,35,114052
MSapaap:115,MSapaap,115,31635,6635,-1757,347,1669,19.2,211,275,39,173634
MSapaap:116,MSapaap,116,31159,6159,-2509,-960,2574,19.1,209,273,39,169941
MSapaap:117,MSapaap,117,31054,6054,-1676,-34,3027,20.0,210,271,38,179300
MSapaap:118,MSapaap,118,30247,5247,-3517,-2426,2987,20.1,210,274,36,166998
MSapaap:119,MSapaap,119,28964,3964,-3320,-3328,2660,20.0,207,266,34,135263
MSapaap:120,MSapaap,120,30301,5301,-3728,-1517,1546,20.1,204,273,36,168662
MSapaap:121,MSapaap,121,30534,5534,-3930,-1198,1866,20.0,203,271,37,162668
MSapaap:122,MSapaap,122,33341,8341,-1770,-208,-749,20.0,199,269,36,185960
MSapaap:123,MSapaap,123,35790,10790,-473,1469,499,20.0,204,270,36,196353
MSapaap:124,MSapaap,124,38107,13107,1982,4764,-5822,20.1,208,265,36,187065
MSapaap:125,MSapaap,125,47433,22433,8868,14573,-11578,19.0,207,263,36,199709
MSapaap:126,MSapaap,126,57655,32655,18906,24453,-10236,18.1,213,262,36,205938
MSapaap:127,MSapaap,127,43458,18458,4716,6967,208,19.0,208,262,36,206687
MSapaap:128,MSapaap,128,47342,22342,8339,13798,-2835,19.0,204,261,36,218509
MSapaap:129,MSapaap,129,41962,16962,2910,7696,-11988,19.0,205,266,36,229267
MSapap:80,MSapap,80,27728,2728,-1998,-1999,2686,22.3,276,343,34,190671
MSapap:81,MSapap,81,28682,3682,-387,-524,3523,22.3,268,346,31,130008
MSapap:82,MSapap,82,28174,3174,-557,-614,3098,23.0,275,339,44,290021
MSapap:83,MSapap,83,28878,3878,-221,-196,3810,22.9,288,331,44,281633
MSapap:84,MSapap,84,27780,2780,-1541,-1655,2674,23.0,287,322,44,255623
MSapap:85,MSapap,85,28081,3081,-776,-750,2959,23.1,283,316,46,297637
MSapap:86,MSapap,86,28124,3124,-865,-828,3081,22.2,280,306,46,318317
MSapap:87,MSapap,87,28115,3115,-1536,-1462,3065,21.0,279,304,45,306879
MSapap:88,MSapap,88,28001,3001,-1439,-1347,2965,20.2,283,302,47,335596
MSapap:89,MSapap,89,29202,4202,-317,-216,4052,20.2,279,297,47,350515
MSapap:90,MSapap,90,28312,3312,-922,-916,3130,20.9,272,301,44,242855
MSapap:91,MSapap,91,29897,4897,418,404,4825,20.9,264,301,42,238101
MSapap:92,MSapap,92,28639,3639,-399,-440,3550,20.0,262,307,40,206591
MSapap:93,MSapap,93,29083,4083,200,164,4034,20.1,263,305,43,225381
MSapap:94,MSapap,94,28009,3009,-1097,-1074,2891,20.0,262,309,42,250921
MSapap:95,MSapap,95,29078,4078,-387,-320,3994,19.2,268,304,41,226496
MSapap:96,MSapap,96,29260,4260,98,54,4190,19.0,266,300,40,238869
MSapap:97,MSapap,97,29366,4366,-169,-228,4287,18.1,266,308,40,270339
MSapap:98,MSapap,98,30465,5465,795,706,5365,18.1,262,310,40,256590
MSapap:99,MSapap,99,31632,6632,1722,1624,6557,18.1,261,303,40,248320
MSapap:100,MSapap,100,31441,6441,1191,1128,6302,18.0,258,291,40,274257
MSapap:101,MSapap,101,32722,7722,2689,2654,7634,17.2,257,296,40,274617
MSapap:102,MSapap,102,32889,7889,2601,2609,7804,17.2,249,295,40,288212
MSapap:103,MSapap,103,30597,5597,-881,-862,5539,19.0,258,302,34,205096
MSapapa:104,MSapapa,104,30955,5955,485,388,5717,19.0,228,303,36,199520
MSapapa:105,MSapapa,105,35591,10591,5541,5500,10457,19.1,232,304,34,170211
MSapapa:106,MSapapa,106,37931,12931,7381,7297,12809,19.9,230,300,36,201096
MSapapa:107,MSapapa,107,40081,15081,9327,9265,14877,19.2,231,303,36,204487
MSapapa:108,MSapapa,108,41762,16762,11061,11039,16634,19.0,231,302,40,253561
MSapapa:109,MSapapa,109,43430,18430,12457,12273,18176,18.1,226,298,36,230356
MSapapa:110,MSapapa,110,49971,24971,18655,18489,24639,18.0,233,292,36,145088
MSapapa:111,MSapapa,111,47766,22766,15861,15568,22402,18.0,234,293,35,114332
MSapapa:112,MSapapa,112,47736,22736,15867,15570,22246,17.2,230,290,37,136683
MSapapa:113,MSapapa,113,52222,27222,20218,20343,26460,17.2,221,290,37,140445
MSapapa:114,MSapapa,114,52734,27734,19789,19677,27179,16.3,218,294,37,134674
MSapapa:115,MSapapa,115,56351,31351,24084,24192,30923,16.1,223,295,39,163157
MSapapa:116,MSapapa,116,58385,33385,25165,25295,32951,16.2,223,295,37,148466
MSapapa:117,MSapapa,117,54963,29963,21544,21245,29532,17.2,222,295,38,177299
MSapapa:118,MSapapa,118,53847,28847,20719,20363,28644,17.1,227,299,38,196952
MSapapa:119,MSapapa,119,51322,26322,17501,17147,27055,17.2,230,294,38,182603
MSapapa:120,MSapapa,120,62148,37148,28736,28535,36747,18.1,227,293,38,192568
MSapapa:121,MSapapa,121,63027,38027,29074,29032,37316,18.1,221,294,37,175901
MSapapa:122,MSapapa,122,68913,43913,28398,28480,43642,18.0,217,285,29,85046
MSapapa:123,MSapapa,123,67888,42888,31802,32221,42317,17.1,213,284,36,179745
MSapapa:124,MSapapa,124,75945,50945,39878,40392,51331,17.1,210,277,36,178809
MSapapa:125,MSapapa,125,78233,53233,41528,41659,57989,17.1,211,270,36,178809
MSapapa:126,MSapapa,126,83111,58111,46845,49002,62655,16.0,213,267,36,208562
MSapapa:127,MSapapa,127,74065,49065,36601,37157,48736,15.1,209,265,36,202009
MSapapa:128,MSapapa,128,81841,56841,44176,45929,56992,16.0,208,253,36,213851
MSapapa:129,MSapapa,129,85302,60302,47615,49032,62834,16.0,203,258,36,217992
MSapapp:104,MSapapp,104,32932,7932,2115,2047,7545,17.9,284,312,36,177965
MSapapp:105,MSapapp,105,34865,9865,4416,4338,9340,17.1,293,309,32,152133
MSapapp:106,MSapapp,106,36612,11612,5564,5871,10997,16.9,292,314,36,193221
MSapapp:107,MSapapp,107,40083,15083,9000,9267,14569,16.0,291,314,36,195511
MSapapp:108,MSapapp,108,39854,14854,8581,8968,14233,15.1,287,316,38,225359
MSapapp:109,MSapapp,109,44066,19066,12809,13162,17934,15.1,287,320,38,228066
MSapapp:110,MSapapp,110,47006,22006,14927,15328,20815,15.0,281,315,36,141943
MSapapp:111,MSapapp,111,47803,22803,15293,15179,22295,14.1,279,319,39,163133
MSapapp:112,MSapapp,112,52115,27115,19242,19162,26587,14.2,274,317,37,142499
MSapapp:113,MSapapp,113,50089,25089,17424,17406,24486,13.3,273,315,37,134065
MSapapp:114,MSapapp,114,56726,31726,24153,24132,30900,13.1,281,319,39,167296
MSapapp:115,MSapapp,115,62891,37891,29921,29752,36805,13.1,282,320,37,159011
MSapapp:116,MSapapp,116,64303,39303,30006,30554,37420,13.1,278,318,37,159551
MSapapp:117,MSapapp,117,64129,39129,29872,30198,37386,13.2,273,317,36,158575
MSapapp:118,MSapapp,118,64182,39182,30506,30376,37818,13.3,276,321,38,170150
MSapapp:119,MSapapp,119,66431,41431,32011,31580,39890,13.5,277,325,36,150769
MSapapp:120,MSapapp,120,68276,43276,33445,33650,41655,14.1,277,327,36,182356
MSapapp:121,MSapapp,121,69309,44309,34903,35552,42420,14.2,274,323,37,170136
MSapapp:122,MSapapp,122,68378,43378,32124,32034,41928,14.2,262,315,34,139788
MSapapp:123,MSapapp,123,76013,51013,40519,40947,48664,14.1,257,318,36,181048
MSapapp:124,MSapapp,124,75899,50899,39909,39889,48628,14.2,254,313,36,175533
MSapapp:125,MSapapp,125,77180,52180,39264,38437,50769,14.2,253,308,34,151077
MSapapp:126,MSapapp,126,78888,53888,41287,41616,51750,14.2,254,303,36,196494
MSapapp:127,MSapapp,127,92873,67873,54477,54603,64862,14.0,252,302,34,177841
MSapapp:128,MSapapp,128,91788,66788,52819,53761,63494,14.0,252,297,36,211068
MSapapp:129,MSapapp,129,86153,61153,46360,46468,58916,13.3,249,293,34,155460
MSapp:60,MSapp,60,28148,3148,-836,-805,3147,25.0,311,337,53,511474
MSapp:61,MSapp,61,28645,3645,-118,-130,3637,25.1,308,351,53,549045
MSapp:62,MSapp,62,28077,3077,-628,-628,3071,26.0,307,354,53,523950
MSapp:63,MSapp,63,28501,3501,-338,-348,3497,25.9,312,363,53,455288
MSapp:64,MSapp,64,28387,3387,-354,-338,3387,25.0,307,373,54,550615
MSapp:65,MSapp,65,28557,3557,18,41,3557,24.8,307,376,54,589596
MSapp:66,MSapp,66,28371,3371,-95,-86,3371,24.0,314,384,54,616016
MSapp:67,MSapp,67,28573,3573,50,56,3573,23.0,323,391,53,616554
MSapp:68,MSapp,68,28171,3171,-501,-491,3171,22.2,320,395,52,587494
MSapp:69,MSapp,69,27817,2817,-653,-653,2793,23.0,321,391,50,567732
MSapp:70,MSapp,70,27914,2914,-599,-599,2888,24.0,318,387,47,416573
MSapp:71,MSapp,71,27968,2968,-661,-668,2842,24.0,311,381,46,431523
MSapp:72,MSapp,72,28138,3138,-495,-495,3095,23.0,306,388,48,487843
MSapp:73,MSapp,73,28290,3290,-475,-475,3209,23.1,311,385,48,470077
MSapp:74,MSapp,74,28917,3917,504,504,3853,22.2,311,387,46,379250
MSapp:75,MSapp,75,27807,2807,-1300,-1300,2778,22.1,311,390,46,425493
MSapp:76,MSapp,76,28191,3191,-431,-431,3177,22.1,322,386,46,392333
MSapp:77,MSapp,77,28172,3172,-543,-544,3140,22.1,314,379,46,431080
MSapp:78,MSapp,78,27183,2183,-1605,-1601,2134,21.2,310,376,46,452383
MSapp:79,MSapp,79,28289,3289,-395,-399,3264,21.0,302,377,44,400275
MSapp:80,MSapp,80,28421,3421,-244,-245,3385,20.1,323,375,48,479003
MSappa:81,MSappa,81,27668,2668,-930,-959,2505,22.0,296,373,34,212496
MSappa:82,MSappa,82,28493,3493,218,160,3427,22.9,297,381,44,318132
MSappa:83,MSappa,83,28050,3050,-273,-227,3032,24.0,297,382,44,305362
MSappa:84,MSappa,84,27834,2834,-655,-723,2781,26.0,297,363,44,293678
MSappa:85,MSappa,85,28414,3414,-152,-122,3242,26.9,293,347,44,272951
MSappa:86,MSappa,86,28382,3382,-277,-343,3293,26.0,300,342,44,267285
MSappa:87,MSappa,87,28437,3437,-379,-352,3229,25.0,305,331,45,268309
MSappa:88,MSappa,88,28117,3117,-302,-293,2795,25.0,310,323,45,273572
MSappa:89,MSappa,89,27927,2927,-614,-785,2460,24.9,314,306,45,283998
MSappa:90,MSappa,90,28719,3719,-86,-184,3360,24.1,309,314,44,245392
MSappa:91,MSappa,91,27971,2971,-1187,-1277,2556,23.1,309,310,46,270669
MSappa:92,MSappa,92,28454,3454,-518,-451,2869,23.1,311,314,44,197044
MSappa:93,MSappa,93,28102,3102,-401,-345,2786,24.0,315,304,43,211630
MSappa:94,MSappa,94,28339,3339,-764,-735,2921,22.2,309,307,42,220813
MSappa:95,MSappa,95,29287,4287,-172,-126,3976,21.2,309,311,41,199832
MSappa:96,MSappa,96,28278,3278,-717,-701,3069,21.1,307,316,40,231864
MSappa:97,MSappa,97,29199,4199,-171,-344,3667,20.2,307,314,40,235648
MSappa:98,MSappa,98,27728,2728,-1889,-1876,1655,19.2,311,312,40,227561
MSappa:99,MSappa,99,27647,2647,-1494,-1471,2128,20.1,303,313,40,259424
MSappa:100,MSappa,100,28804,3804,-532,-549,3294,20.1,299,311,40,266018
MSappa:101,MSappa,101,27971,2971,-1720,-1707,2307,20.1,305,308,40,250169
MSappa:102,MSappa,102,28282,3282,-1350,-1285,2482,20.1,297,298,40,247615
MSappa:103,MSappa,103,28968,3968,-590,-517,2923,21.2,302,299,40,239467
MSappa:104,MSappa,104,28753,3753,-1203,-1045,2399,21.1,303,298,40,244206
MSappa:105,MSappa,105,28951,3951,-959,-755,1745,21.2,295,295,40,258675
MSappa:106,MSappa,106,29598,4598,-148,-85,3255,21.1,289,292,38,260646
MSappa:107,MSappa,107,27843,2843,-1542,-1562,2065,22.0,289,293,36,233536
MSappa:108,MSappa,108,29111,4111,-682,-682,3834,22.0,290,293,34,206462
MSappaa:109,MSappaa,109,28134,3134,-1932,-1929,2792,21.0,266,280,34,157086
MSappaa:110,MSappaa,110,29722,4722,-746,-746,3667,22.0,264,280,32,102122
MSappaa:111,MSappaa,111,30832,5832,-321,-310,4606,21.9,260,285,35,96943
MSappaa:112,MSappaa,112,29708,4708,-2899,-2259,2023,21.0,253,290,37,135366
MSappaa:113,MSappaa,113,31349,6349,-1529,-510,2019,20.2,245,287,37,132363
MSappaa:114,MSappaa,114,29947,4947,-2225,-1857,3258,20.1,250,291,35,112364
MSappaa:115,MSappaa,115,30634,5634,-2047,-1443,2830,20.1,251,294,37,112364
MSappaa:116,MSappaa,116,29911,4911,-3367,-2880,2611,20.1,253,297,39,164477
MSappaa:117,MSappaa,117,31331,6331,-1552,-1466,4774,20.9,255,294,34,117338
MSappaa:118,MSappaa,118,31855,6855,-3021,-1814,4718,20.1,262,299,36,143283
MSappaa:119,MSappaa,119,32352,7352,-3559,-1766,4709,20.2,260,298,38,156201
MSappaa:120,MSappaa,120,29863,4863,-2222,-1975,3683,21.0,265,300,34,126104
MSappaa:121,MSappaa,121,31364,6364,-1295,-1197,4253,21.0,265,300,34,126104
MSappaa:122,MSappaa,122,32109,7109,-3451,-2441,4038,20.1,253,300,36,166678
MSappaa:123,MSappaa,123,30937,5937,-4264,-3839,2068,20.1,254,302,36,159983
MSappaa:124,MSappaa,124,33185,8185,-2357,-987,2596,20.0,258,306,36,175059
MSappaa:125,MSappaa,125,35936,10936,-1696,80,106,19.1,257,303,36,174469
MSappaa:126,MSappaa,126,36063,11063,-2462,715,-5870,19.1,258,305,36,186326
MSappaa:127,MSappaa,127,33715,8715,-2417,-464,-4205,20.0,254,306,36,191108
MSappaa:128,MSappaa,128,35283,10283,-1600,1192,-4963,20.0,253,307,36,203570
MSappaa:129,MSappaa,129,42043,17043,3653,6123,2996,19.1,254,309,34,170444
MSappap:109,MSappap,109,30034,5034,-1192,-827,4145,22.0,316,301,36,195707
MSappap:110,MSappap,110,31520,6520,124,469,4843,22.0,316,300,36,129266
MSappap:111,MSappap,111,29731,4731,-1199,-1267,3374,22.0,319,304,35,100531
MSappap:112,MSappap,112,30115,5115,-685,-578,4513,22.0,316,304,35,105306
MSappap:113,MSappap,113,30814,5814,87,136,4643,22.0,310,309,35,110736
MSappap:114,MSappap,114,30526,5526,-403,-420,4454,21.0,307,311,35,107220
MSappap:115,MSappap,115,30696,5696,-635,-450,3786,21.1,302,320,37,139825
MSappap:116,MSappap,116,32743,7743,-91,1275,4051,20.1,297,320,37,152569
MSappap:117,MSappap,117,32439,7439,-339,371,3743,20.2,298,321,36,145261
MSappap:118,MSappap,118,32995,7995,170,1051,3548,21.0,301,322,36,156381
MSappap:119,MSappap,119,32537,7537,-89,848,3081,21.1,301,319,38,167239
MSappap:120,MSappap,120,30270,5270,-828,-936,4158,22.0,307,316,34,120632
MSappap:121,MSappap,121,31773,6773,-1141,206,4148,20.2,303,318,35,106853
MSappap:122,MSappap,122,32271,7271,-685,444,3942,21.1,298,321,36,145647
MSappap:123,MSappap,123,34562,9562,495,1916,4742,20.3,295,323,36,149638
MSappap:124,MSappap,124,32983,7983,-1131,193,3672,20.3,301,330,36,146401
MSappap:125,MSappap,125,31110,6110,-2843,-1490,1933,20.2,302,328,36,158694
MSappap:126,MSappap,126,33323,8323,-877,347,2876,20.3,296,329,34,143154
MSappap:127,MSappap,127,30911,5911,-2744,-1753,2002,20.4,293,331,36,168867
MSappap:128,MSappap,128,33105,8105,-1450,-305,3745,20.2,287,333,36,181668
MSappap:129,MSappap,129,31414,6414,-3005,-1470,1034,19.2,288,330,36,193780
MSappp:81,MSappp,81,27997,2997,-1243,-1248,2911,20.1,350,391,34,192892
MSappp:82,MSappp,82,28220,3220,-564,-539,3145,21.0,354,398,44,307034
MSappp:83,MSappp,83,27722,2722,-670,-674,2709,22.0,355,401,44,314618
MSappp:84,MSappp,84,28482,3482,-115,-123,3406,22.1,350,394,44,299572
MSappp:85,MSappp,85,28124,3124,-617,-626,3056,24.0,346,386,44,269007
MSappp:86,MSappp,86,28278,3278,-95,-146,3214,24.0,342,383,44,270872
MSappp:87,MSappp,87,28521,3521,-259,-144,3416,23.0,349,368,47,319051
MSappp:88,MSappp,88,28030,3030,-954,-880,2913,22.1,355,357,45,278563
MSappp:89,MSappp,89,28782,3782,-203,40,3614,21.2,353,342,47,323349
MSappp:90,MSappp,90,28452,3452,-680,-475,3206,20.2,351,337,46,231513
MSappp:91,MSappp,91,28486,3486,-368,-354,3275,21.0,345,333,42,202465
MSappp:92,MSappp,92,27804,2804,-1109,-971,2628,21.0,350,344,44,230220
MSappp:93,MSappp,93,28337,3337,-1252,-1073,3169,19.2,345,341,43,222391
MSappp:94,MSappp,94,28209,3209,-926,-764,3010,19.2,341,343,42,223902
MSappp:95,MSappp,95,27984,2984,-1205,-1124,2847,19.1,339,342,41,228518
MSappp:96,MSappp,96,28119,3119,-1291,-1342,2907,19.0,335,340,40,233105
MSappp:97,MSappp,97,28297,3297,-808,-769,3058,19.1,333,342,40,236416
MSappp:98,MSappp,98,28499,3499,-843,-853,3423,18.0,340,342,40,239619
MSappp:99,MSappp,99,29828,4828,887,861,4776,18.1,337,341,40,240030
MSappp:100,MSappp,100,29677,4677,512,459,4579,18.1,331,339,40,246340
MSappp:101,MSappp,101,30761,5761,1918,1844,5676,18.2,329,339,40,250675
MSappp:102,MSappp,102,30912,5912,1484,1380,5842,18.1,318,335,40,262167
MSappp:103,MSappp,103,32506,7506,2631,2671,7397,18.2,315,332,40,248465
MSappp:104,MSappp,104,31702,6702,1555,1674,6453,19.0,317,336,40,265794
MSappp:105,MSappp,105,33848,8848,3516,3747,8420,19.1,321,334,40,259258
MSappp:106,MSappp,106,35474,10474,5093,5330,9915,19.0,326,327,40,287039
MSappp:107,MSappp,107,34709,9709,3878,4196,8678,18.3,321,327,40,259846
MSappp:108,MSappp,108,37666,12666,6242,6714,11369,18.1,315,323,38,260632
MSappp:109,MSappp,109,38177,13177,5815,6722,8975,18.1,306,318,40,306348
MSappp:110,MSappp,110,40024,15024,7231,7997,11390,18.1,304,313,38,172981
MSappp:111,MSappp,111,34530,9530,632,659,9063,18.0,308,325,31,116153
MSapppa:112,MSapppa,112,34683,9683,1225,1362,6262,19.0,285,326,35,113712
MSapppa:113,MSapppa,113,39778,14778,6689,6533,11591,19.0,276,319,35,114493
MSapppa:114,MSapppa,114,43766,18766,11554,11711,13947,18.0,271,325,35,113638
MSapppa:115,MSapppa,115,43986,18986,10437,10567,12367,18.0,277,324,37,141982
MSapppa:116,MSapppa,116,49891,24891,15137,15996,15756,17.2,277,330,37,152476
MSapppa:117,MSapppa,117,47626,22626,11974,12917,14940,17.2,280,331,36,144586
MSapppa:118,MSapppa,118,51492,26492,16602,16721,22103,18.1,283,335,36,159557
MSapppa:119,MSapppa,119,52392,27392,16608,17152,18867,18.1,285,331,36,151116
MSapppa:120,MSapppa,120,49228,24228,12403,13519,13206,18.1,283,336,36,154352
MSapppa:121,MSapppa,121,51911,26911,13942,16014,14443,18.1,275,333,37,160102
MSapppa:122,MSapppa,122,51700,26700,15182,15231,21624,18.2,277,332,36,159730
MSapppa:123,MSapppa,123,54422,29422,16139,18317,21143,17.2,276,331,36,158941
MSapppa:124,MSapppa,124,52865,27865,14785,16550,23555,17.3,276,332,36,168468
MSapppa:125,MSapppa,125,58980,33980,20805,22258,30366,17.2,274,331,36,184838
MSapppa:126,MSapppa,126,62859,37859,23449,26115,35081,17.1,272,325,36,198027
MSapppa:127,MSapppa,127,64105,39105,25180,27073,31430,17.1,261,326,36,214128
MSapppa:128,MSapppa,128,69941,44941,30790,32630,37851,17.1,258,322,36,204508
MSapppa:129,MSapppa,129,61883,36883,20836,23659,33628,16.2,255,322,36,191987
MSapppp:112,MSapppp,112,33743,8743,731,714,8546,17.1,333,332,29,73965
MSapppp:113,MSapppp,113,39186,14186,6746,6746,13764,16.0,330,333,29,86885
MSapppp:114,MSapppp,114,42793,17793,11412,11524,17540,16.0,335,335,35,109022
MSapppp:115,MSapppp,115,44508,19508,13105,13199,18868,15.9,338,344,35,117132
MSapppp:116,MSapppp,116,45708,20708,14128,14141,20091,15.0,339,343,35,122820
MSapppp:117,MSapppp,117,48755,23755,16523,16490,23328,14.0,340,348,34,127485
MSapppp:118,MSapppp,118,45632,20632,12924,12883,19897,14.2,339,350,36,147773
MSapppp:119,MSapppp,119,51192,26192,19147,19168,25620,15.0,338,350,34,127933
MSapppp:120,MSapppp,120,48478,23478,15874,16211,22705,15.2,339,352,36,150021
MSapppp:121,MSapppp,121,50900,25900,17886,17847,25174,15.2,334,360,35,128050
MSapppp:122,MSapppp,122,49576,24576,16593,16723,23823,15.3,330,351,36,155851
MSapppp:123,MSapppp,123,55660,30660,22821,22925,29938,15.2,322,353,36,175685
MSapppp:124,MSapppp,124,51127,26127,17004,17200,24861,15.2,320,355,34,136199
MSapppp:125,MSapppp,125,57009,32009,22510,23132,31301,15.1,318,358,32,135245
MSapppp:126,MSapppp,126,52983,27983,19538,20562,27335,15.2,314,356,36,174515
MSapppp:127,MSapppp,127,62651,37651,28930,30061,36765,16.1,303,356,34,161242
MSapppp:128,MSapppp,128,59215,34215,25212,25684,32961,15.2,298,356,36,189104
MSapppp:129,MSapppp,129,62063,37063,28800,29328,36573,15.1,303,349,36,207403
MSp:26,MSp,26,28275,3275,-419,-433,3275,22.0,329,283,53,488070
MSp:27,MSp,27,28424,3424,-133,-88,3424,24.8,331,275,65,631568
MSp:28,MSp,28,27859,2859,-884,-887,2859,22.8,340,282,66,765497
MSp:29,MSp,29,27434,2434,-1082,-1082,2434,22.9,357,271,67,834578
MSp:30,MSp,30,27780,2780,-783,-783,2780,23.0,366,268,69,940896
MSp:31,MSp,31,27549,2549,-1177,-1177,2549,23.8,368,275,68,1070144
MSp:32,MSp,32,27922,2922,-709,-709,2922,25.0,373,275,69,1131477
MSp:33,MSp,33,27684,2684,-862,-862,2684,24.9,368,273,65,1072104
MSp:34,MSp,34,27738,2738,-978,-978,2738,22.1,351,252,70,1373229
MSp:35,MSp,35,27421,2421,-1289,-1289,2421,22.1,353,243,65,1164863
MSp:36,MSp,36,28129,3129,-776,-776,3129,23.1,346,244,66,1247767
MSp:37,MSp,37,27551,2551,-1109,-1109,2551,24.0,343,241,67,1263745
MSp:38,MSp,38,28146,3146,-563,-563,3146,25.0,341,236,67,1202201
MSp:39,MSp,39,28254,3254,-383,-383,3254,25.9,346,224,62,676336
MSp:40,MSp,40,27977,2977,-512,-512,2977,23.9,346,234,62,824760
MSpa:41,MSpa,41,28384,3384,-145,-150,3384,25.0,323,208,52,437316
MSpa:42,MSpa,42,28234,3234,-539,-533,3234,24.9,318,209,60,597801
MSpa:43,MSpa,43,27955,2955,-781,-780,2955,24.8,311,205,61,634504
MSpa:44,MSpa,44,28155,3155,-731,-731,3155,24.9,302,202,62,737993
MSpa:45,MSpa,45,28390,3390,-523,-527,3390,24.0,310,193,62,868730
MSpa:46,MSpa,46,27901,2901,-787,-791,2901,25.8,308,207,62,829332
MSpa:47,MSpa,47,27848,2848,-669,-669,2848,25.9,307,212,61,780385
MSpa:48,MSpa,48,28396,3396,-342,-344,3396,26.8,305,213,61,816925
MSpa:49,MSpa,49,28409,3409,-383,-385,3409,26.0,311,208,62,923093
MSpa:50,MSpa,50,27909,2909,-825,-850,2909,24.9,305,207,61,880561
MSpa:51,MSpa,51,28243,3243,-289,-287,3243,25.2,313,201,61,851957
MSpa:52,MSpa,52,27756,2756,-1033,-1030,2756,26.1,312,200,60,835773
MSpa:53,MSpa,53,27705,2705,-890,-890,2705,26.1,313,206,61,825603
MSpa:54,MSpa,54,27964,2964,-805,-805,2964,26.1,317,211,57,718315
MSpa:55,MSpa,55,28468,3468,-477,-477,3468,26.1,325,212,59,787755
MSpa:56,MSpa,56,27729,2729,-1103,-1103,2729,25.1,325,212,57,637659
MSpa:57,MSpa,57,28257,3257,-484,-484,3257,25.1,321,202,59,671257
MSpaa:58,MSpaa,58,28300,3300,-486,-499,3300,25.0,318,180,53,425629
MSpaa:59,MSpaa,59,28515,3515,-483,-463,3515,26.0,314,172,54,471892
MSpaa:60,MSpaa,60,28764,3764,-151,-163,3764,26.0,316,178,53,474969
MSpaa:61,MSpaa,61,28879,3879,-247,-257,3879,25.2,317,177,55,516084
MSpaa:62,MSpaa,62,28164,3164,-867,-855,3164,26.1,312,173,53,549722
MSpaa:63,MSpaa,63,28588,3588,-558,-587,3588,26.1,317,179,53,439320
MSpaa:64,MSpaa,64,28595,3595,-261,-295,3595,26.0,326,178,54,503908
MSpaa:65,MSpaa,65,28526,3526,-504,-501,3518,26.0,319,185,54,477262
MSpaa:66,MSpaa,66,28810,3810,-235,-215,3810,26.9,313,188,54,500385
MSpaa:67,MSpaa,67,28597,3597,-475,-476,3595,26.9,307,205,53,455107
MSpaa:68,MSpaa,68,28444,3444,-529,-532,3437,26.1,309,206,52,453617
MSpaa:69,MSpaa,69,28595,3595,-299,-308,3580,26.3,319,210,56,495961
MSpaa:70,MSpaa,70,28654,3654,-418,-463,3614,26.1,323,211,49,320391
MSpaa:71,MSpaa,71,28656,3656,-207,-193,3599,26.1,323,209,48,341184
MSpaa:72,MSpaa,72,29215,4215,502,451,4165,25.2,323,212,48,347457
MSpaa:73,MSpaa,73,28119,3119,-1215,-1243,3105,25.0,326,201,48,399454
MSpaa:74,MSpaa,74,28500,3500,-498,-497,3494,25.1,319,199,48,390371
MSpaa:75,MSpaa,75,28583,3583,-321,-351,3578,25.1,308,199,48,403946
MSpaa:76,MSpaa,76,28108,3108,-865,-865,3108,24.1,312,189,44,301402
MSpaaa:77,MSpaaa,77,28985,3985,-576,-612,3905,23.0,301,162,42,234375
MSpaaa:78,MSpaaa,78,29004,4004,-583,-641,3865,23.0,290,149,42,262389
MSpaaa:79,MSpaaa,79,27584,2584,-2273,-2305,2532,23.0,295,151,44,270361
MSpaaa:80,MSpaaa,80,29489,4489,121,74,4405,22.9,298,142,44,271753
MSpaaa:81,MSpaaa,81,29002,4002,-681,-674,3811,22.0,292,142,44,308181
MSpaaa:82,MSpaaa,82,28495,3495,-1199,-1214,3330,23.0,292,140,44,291501
MSpaaa:83,MSpaaa,83,28851,3851,-811,-837,3747,22.1,288,145,44,282161
MSpaaa:84,MSpaaa,84,29390,4390,-594,-628,4047,23.0,287,144,44,312274
MSpaaa:85,MSpaaa,85,28688,3688,-1299,-1276,2648,23.0,285,146,44,300709
MSpaaa:86,MSpaaa,86,29302,4302,-1030,-1053,4201,23.0,286,146,48,418485
MSpaaa:87,MSpaaa,87,29334,4334,-302,-363,4278,22.9,282,151,45,311925
MSpaaa:88,MSpaaa,88,30047,5047,-199,-190,4965,21.2,280,151,47,358028
MSpaaa:89,MSpaaa,89,28811,3811,-1610,-1606,3639,21.1,281,150,45,339805
MSpaaa:90,MSpaaa,90,29609,4609,-558,-569,4519,22.0,280,148,44,266796
MSpaaa:91,MSpaaa,91,29052,4052,-1434,-1492,3881,21.0,279,139,42,255288
MSpaaa:92,MSpaaa,92,28692,3692,-1616,-1635,3600,21.0,267,139,44,280283
MSpaaa:93,MSpaaa,93,29473,4473,-457,-461,4201,21.1,259,135,43,277040
MSpaaa:94,MSpaaa,94,30987,5987,264,303,5332,20.2,252,140,42,246681
MSpaaa:95,MSpaaa,95,28990,3990,-1607,-1597,3701,21.0,256,140,41,256968
MSpaaa:96,MSpaaa,96,29006,4006,-1354,-1343,3004,20.0,251,137,40,271362
MSpaaa:97,MSpaaa,97,29000,4000,-1313,-1313,3576,20.1,256,136,36,226651
MSpaaaa:98,MSpaaaa,98,29452,4452,156,140,4142,21.1,241,124,36,189532
MSpaaaa:99,MSpaaaa,99,29565,4565,-392,-440,3997,21.9,241,116,36,213600
MSpaaaa:100,MSpaaaa,100,29951,4951,431,429,4100,21.9,233,126,36,188745
MSpaaaa:101,MSpaaaa,101,29816,4816,-779,-526,3908,21.1,230,121,38,227018
MSpaaaa:102,MSpaaaa,102,29290,4290,-1764,-1430,3566,21.1,228,115,40,244613
MSpaaaa:103,MSpaaaa,103,29732,4732,-1055,-1006,3792,22.0,229,115,38,215295
MSpaaaa:104,MSpaaaa,104,29646,4646,-1233,-1246,3854,21.0,226,120,38,225574
MSpaaaa:105,MSpaaaa,105,29522,4522,-1346,-1349,3320,21.1,222,109,40,272555
MSpaaaa:106,MSpaaaa,106,29467,4467,-1282,-1324,3593,20.9,224,104,36,230664
MSpaaaa:107,MSpaaaa,107,29857,4857,-915,-1006,4179,21.1,214,111,38,256741
MSpaaaa:108,MSpaaaa,108,28986,3986,-1712,-1749,3191,21.1,215,112,38,278020
MSpaaaa:109,MSpaaaa,109,30463,5463,-433,-103,4696,20.1,225,110,40,291398
MSpaaaa:110,MSpaaaa,110,29991,4991,-1199,-1013,4288,20.1,224,108,38,169816
MSpaaaa:111,MSpaaaa,111,30753,5753,-920,-815,4107,20.1,220,111,39,173807
MSpaaaa:112,MSpaaaa,112,30768,5768,-534,-412,4574,19.2,217,114,39,167472
MSpaaaa:113,MSpaaaa,113,30195,5195,-1333,-743,3449,19.1,216,108,39,180434
MSpaaaa:114,MSpaaaa,114,29651,4651,-2274,-1561,3315,19.0,220,103,39,181062
MSpaaaa:115,MSpaaaa,115,30211,5211,-1658,-1116,3390,18.1,216,107,39,187736
MSpaaaa:116,MSpaaaa,116,30206,5206,-2112,-1902,2643,18.1,213,110,39,196815
MSpaaaa:117,MSpaaaa,117,30494,5494,-2021,-1808,1768,18.1,219,107,38,189247
MSpaaaa:118,MSpaaaa,118,29028,4028,-3359,-3240,1824,18.0,200,109,38,210774
MSpaaaa:119,MSpaaaa,119,30875,5875,-1759,-1491,3263,18.2,194,108,38,207404
MSpaaaa:120,MSpaaaa,120,29621,4621,-2767,-2575,3344,18.1,195,106,38,207892
MSpaaaa:121,MSpaaaa,121,29832,4832,-2250,-2036,3259,17.2,191,108,37,196914
MSpaaaa:122,MSpaaaa,122,29083,4083,-2721,-2653,2295,18.1,189,110,36,218128
MSpaaaa:123,MSpaaaa,123,29313,4313,-1998,-2006,3013,18.0,192,110,32,171532
MSpaaaaa:124,MSpaaaaa,124,30067,5067,-823,-536,2814,20.0,177,108,32,148316
MSpaaaaa:125,MSpaaaaa,125,31051,6051,194,193,4332,20.1,161,110,29,107407
MSpaaaaa:126,MSpaaaaa,126,30340,5340,-948,-800,1441,20.0,167,104,32,159395
MSpaaaaa:127,MSpaaaaa,127,31548,6548,109,215,2487,18.9,171,100,32,151576
MSpaaaaa:128,MSpaaaaa,128,29600,4600,-1897,-1918,1160,19.0,172,103,32,142904
MSpaaaaa:129,MSpaaaaa,129,30324,5324,-1440,-1433,534,19.2,166,106,34,167769
MSpaaaap:124,MSpaaaap,124,30525,5525,-904,-1018,3535,18.0,209,117,32,126421
MSpaaaap:125,MSpaaaap,125,31687,6687,36,-31,1089,17.1,211,119,32,123894
MSpaaaap:126,MSpaaaap,126,31088,6088,-707,-746,3062,17.1,218,117,34,137892
MSpaaaap:127,MSpaaaap,127,33863,8863,-760,583,1986,15.1,222,115,36,156822
MSpaaaap:128,MSpaaaap,128,31325,6325,-2055,-1305,144,16.0,225,120,36,175743
MSpaaaap:129,MSpaaaap,129,32449,7449,-130,777,417,16.1,222,121,36,169695
MSpaaap:98,MSpaaap,98,28882,3882,-1643,-1736,3289,19.1,272,145,36,185136
MSpaaap:99,MSpaaap,99,29910,4910,-504,-553,3507,18.1,288,156,36,190381
MSpaaap:100,MSpaaap,100,29184,4184,-1936,-1851,2696,17.1,287,156,38,186090
MSpaaap:101,MSpaaap,101,29848,4848,-745,-765,3740,18.0,283,153,36,189421
MSpaaap:102,MSpaaap,102,28940,3940,-2584,-2279,800,16.3,281,159,38,186786
MSpaaap:103,MSpaaap,103,29271,4271,-1333,-1351,1617,17.0,279,151,40,234638
MSpaaap:104,MSpaaap,104,31036,6036,-529,-390,5045,16.3,274,145,40,229238
MSpaaap:105,MSpaaap,105,29103,4103,-1621,-1573,3387,17.0,278,139,38,229607
MSpaaap:106,MSpaaap,106,29567,4567,-1449,-1526,3733,17.0,282,139,38,226944
MSpaaap:107,MSpaaap,107,28142,3142,-3675,-3401,2120,17.0,272,138,38,243285
MSpaaap:108,MSpaaap,108,29789,4789,-1609,-1627,4360,17.0,273,143,36,229542
MSpaaap:109,MSpaaap,109,31676,6676,-47,54,4765,16.2,271,140,38,231933
MSpaaap:110,MSpaaap,110,30680,5680,-1538,-1431,4057,16.3,274,134,38,157228
MSpaaap:111,MSpaaap,111,30666,5666,-1200,-1268,4110,16.0,272,136,39,170905
MSpaaap:112,MSpaaap,112,31026,6026,-1251,-1487,3405,16.0,262,136,37,159479
MSpaaap:113,MSpaaap,113,31843,6843,-1089,171,408,15.1,259,133,39,179447
MSpaaap:114,MSpaaap,114,31748,6748,-743,-595,1592,16.0,259,129,37,157716
MSpaaap:115,MSpaaap,115,32868,7868,156,699,902,15.2,255,132,37,160537
MSpaaap:116,MSpaaap,116,31979,6979,-7,-138,4746,16.0,253,128,39,181434
MSpaaap:117,MSpaaap,117,30872,5872,-1503,-1657,4233,16.0,255,128,38,186319
MSpaaap:118,MSpaaap,118,30342,5342,-2503,-2630,2292,16.0,245,132,38,191753
MSpaaap:119,MSpaaap,119,30827,5827,-1555,-1399,3209,16.0,242,136,38,191840
MSpaaap:120,MSpaaap,120,30955,5955,-1963,-1560,2553,15.0,244,140,38,200756
MSpaaap:121,MSpaaap,121,31845,6845,293,266,4883,16.1,236,141,37,178205
MSpaaap:122,MSpaaap,122,30000,5000,-1372,-1171,865,17.0,242,139,36,183479
MSpaaap:123,MSpaaap,123,31181,6181,-932,-756,865,17.0,238,139,36,201117
MSpaaap:124,MSpaaap,124,29406,4406,-1121,-1167,2194,17.9,242,139,32,154300
MSpaaap:125,MSpaaap,125,29820,4820,-710,-664,3588,17.0,245,141,32,148192
MSpaaap:126,MSpaaap,126,30309,5309,-1254,-1111,3661,16.2,253,144,36,171603
MSpaaapa:127,MSpaaapa,127,29810,4810,-926,-1009,4229,18.9,233,142,32,126796
MSpaaapa:128,MSpaaapa,128,29882,4882,-634,-588,4126,18.2,236,144,36,169440
MSpaaapa:129,MSpaaapa,129,29183,4183,-1540,-1566,3624,18.1,231,150,32,125932
MSpaaapp:127,MSpaaapp,127,30365,5365,-1105,-1025,3935,14.9,277,152,32,125525
MSpaaapp:128,MSpaaapp,128,30345,5345,-1882,-1678,3407,14.9,281,162,32,103254
MSpaaapp:129,MSpaaapp,129,29896,4896,-2640,-2270,3820,14.1,283,154,36,146609
MSpaap:77,MSpaap,77,28234,3234,-208,-247,3142,24.1,316,203,36,172702
MSpaap:78,MSpaap,78,28925,3925,223,181,3892,24.1,313,211,44,242715
MSpaap:79,MSpaap,79,29505,4505,420,401,4457,24.0,312,213,44,234507
MSpaap:80,MSpaap,80,27872,2872,-1250,-1307,2598,24.0,310,219,44,254237
MSpaap:81,MSpaap,81,28444,3444,-540,-579,3094,25.0,313,223,46,294236
MSpaap:82,MSpaap,82,28635,3635,-117,-144,3312,25.0,318,229,44,254484
MSpaap:83,MSpaap,83,29293,4293,9,-144,3891,24.0,320,235,44,249491
MSpaap:84,MSpaap,84,29282,4282,39,-32,3745,23.2,323,232,48,311076
MSpaap:85,MSpaap,85,28735,3735,-440,-481,3337,23.1,320,230,48,317689
MSpaap:86,MSpaap,86,27876,2876,-900,-1005,2771,24.0,322,230,44,255675
MSpaap:87,MSpaap,87,28539,3539,-431,-481,3504,24.0,324,231,45,241618
MSpaap:88,MSpaap,88,28590,3590,-449,-479,3063,24.0,325,240,47,295485
MSpaap:89,MSpaap,89,29136,4136,271,219,4077,23.0,322,237,45,256928
MSpaap:90,MSpaap,90,28220,3220,-764,-786,3048,23.0,318,235,44,222103
MSpaap:91,MSpaap,91,28779,3779,-567,-616,3625,22.2,310,232,44,232052
MSpaap:92,MSpaap,92,27887,2887,-919,-980,2607,24.0,321,244,40,186805
MSpaap:93,MSpaap,93,28537,3537,-221,-192,3288,23.9,321,243,39,172320
MSpaap:94,MSpaap,94,28296,3296,-738,-735,3266,22.2,328,245,42,201373
MSpaap:95,MSpaap,95,28692,3692,-98,-106,3560,22.1,318,232,41,201019
MSpaap:96,MSpaap,96,28105,3105,-1038,-1040,3054,21.0,315,227,40,210860
MSpaap:97,MSpaap,97,28741,3741,-904,-937,3485,20.1,314,219,40,217749
MSpaap:98,MSpaap,98,29285,4285,-680,-674,4150,19.0,308,216,40,242626
MSpaap:99,MSpaap,99,29606,4606,9,9,4549,19.1,315,221,40,222081
MSpaap:100,MSpaap,100,28417,3417,-1253,-1253,3215,19.1,315,215,38,228220
MSpaap:101,MSpaap,101,28926,3926,-647,-653,3693,19.9,314,203,36,224229
MSpaap:102,MSpaap,102,28819,3819,-478,-454,3767,20.0,305,205,36,229252
MSpaapa:103,MSpaapa,103,28389,3389,-705,-801,2791,20.0,285,189,36,179647
MSpaapa:104,MSpaapa,104,30230,5230,-150,-169,5012,18.9,277,188,36,195859
MSpaapa:105,MSpaapa,105,29877,4877,-220,-342,4329,18.1,280,185,38,194170
MSpaapa:106,MSpaapa,106,29800,4800,-798,-807,3996,17.1,278,182,40,241419
MSpaapa:107,MSpaapa,107,29883,4883,-626,-778,4468,18.0,272,180,40,238316
MSpaapa:108,MSpaapa,108,29626,4626,-496,-543,3828,18.0,278,180,40,237857
MSpaapa:109,MSpaapa,109,31036,6036,111,62,4931,17.2,280,175,38,216796
MSpaapa:110,MSpaapa,110,30620,5620,31,15,5128,18.1,279,172,38,148197
MSpaapa:111,MSpaapa,111,29123,4123,-1477,-1524,3785,19.0,270,178,39,142970
MSpaapa:112,MSpaapa,112,30823,5823,129,169,5298,17.1,277,172,37,133285
MSpaapa:113,MSpaapa,113,31058,6058,130,107,5043,16.3,278,172,37,135583
MSpaapa:114,MSpaapa,114,29974,4974,-1466,-1343,4137,16.2,277,171,39,156541
MSpaapa:115,MSpaapa,115,29697,4697,-947,-1006,3649,17.0,274,168,39,161059
MSpaapa:116,MSpaapa,116,29802,4802,-822,-823,3659,17.0,277,169,39,165132
MSpaapa:117,MSpaapa,117,30378,5378,-919,-801,4671,16.1,274,166,38,159072
MSpaapa:118,MSpaapa,118,30273,5273,-1197,-1063,4658,16.3,264,166,36,136658
MSpaapa:119,MSpaapa,119,29333,4333,-1564,-1667,3884,17.1,263,169,38,169859
MSpaapa:120,MSpaapa,120,30081,5081,-761,-772,4350,17.0,262,173,38,172684
MSpaapa:121,MSpaapa,121,30687,5687,46,68,5113,17.0,264,171,37,158058
MSpaapa:122,MSpaapa,122,28982,3982,-1763,-1838,3180,17.1,270,168,36,153244
MSpaapa:123,MSpaapa,123,29740,4740,-1466,-1152,3004,16.2,277,174,36,155302
MSpaapa:124,MSpaapa,124,29514,4514,-1213,-1320,4033,17.1,272,173,36,168411
MSpaapa:125,MSpaapa,125,29671,4671,-1427,-1581,4116,16.2,276,181,29,72071
MSpaapa:126,MSpaapa,126,29394,4394,-465,-473,3872,17.3,270,191,36,143157
MSpaapa:127,MSpaapa,127,29020,4020,-805,-965,3346,18.1,265,184,36,166938
MSpaapa:128,MSpaapa,128,29323,4323,-887,-982,3708,18.2,263,185,36,171036
MSpaapa:129,MSpaapa,129,29427,4427,-459,-547,6652,18.1,258,179,34,139219
MSpaapp:103,MSpaapp,103,29628,4628,-218,-316,4131,20.1,314,210,32,126748
MSpaapp:104,MSpaapp,104,29557,4557,-793,-796,4104,19.1,323,206,32,148802
MSpaapp:105,MSpaapp,105,30497,5497,282,199,4682,18.3,328,200,34,165877
MSpaapp:106,MSpaapp,106,29236,4236,-806,-853,3355,18.9,326,199,36,207370
MSpaapp:107,MSpaapp,107,30965,5965,904,828,5492,19.0,326,201,36,213115
MSpaapp:108,MSpaapp,108,29494,4494,-576,-752,3948,18.9,328,201,36,213999
MSpaapp:109,MSpaapp,109,29350,4350,-1362,-1388,3674,18.2,332,204,34,192990
MSpaapp:110,MSpaapp,110,30254,5254,-56,-147,4662,19.0,330,207,36,145216
MSpaapp:111,MSpaapp,111,30875,5875,-26,-167,5371,18.9,324,205,35,131505
MSpaapp:112,MSpaapp,112,30107,5107,-626,-538,4670,18.0,321,200,35,125222
MSpaapp:113,MSpaapp,113,29175,4175,-2137,-1927,3274,17.8,325,195,35,134049
MSpaapp:114,MSpaapp,114,29620,4620,-2254,-1853,3395,17.1,323,192,35,144939
MSpaapp:115,MSpaapp,115,30917,5917,-1177,-618,3876,16.1,319,185,35,152967
MSpaapp:116,MSpaapp,116,30422,5422,-1062,-646,3647,16.1,316,186,35,156666
MSpaapp:117,MSpaapp,117,30556,5556,-1660,-736,3019,16.9,318,181,34,165800
MSpaapp:118,MSpaapp,118,30958,5958,-1397,-438,1143,17.0,313,180,34,179474
MSpaapp:119,MSpaapp,119,29468,4468,-4256,-2221,33,17.0,314,170,34,172649
MSpaapp:120,MSpaapp,120,30302,5302,-3116,-1365,1972,17.0,312,171,34,167529
MSpaapp:121,MSpaapp,121,31244,6244,-1512,-858,3598,17.1,308,171,33,157835
MSpaapp:122,MSpaapp,122,30693,5693,-2114,-1972,1868,17.1,313,172,32,164169
MSpaapp:123,MSpaapp,123,30374,5374,-585,-565,1649,17.9,308,176,32,167410
MSpaapp:124,MSpaapp,124,29211,4211,-2393,-3161,2096,17.9,304,179,32,168786
MSpaapp:125,MSpaapp,125,30146,5146,-649,-949,3585,18.0,305,182,32,166891
MSpaapp:126,MSpaapp,126,30354,5354,-1786,-1408,3715,17.9,313,181,32,163673
MSpaapp:127,MSpaapp,127,30588,5588,-2115,-2364,2898,18.1,308,182,32,160480
MSpaapp:128,MSpaapp,128,30303,5303,-2226,-1541,3236,17.4,309,189,34,158266
MSpaapp:129,MSpaapp,129,30397,5397,-836,-910,3705,18.0,307,186,32,177357
MSpap:58,MSpap,58,28505,3505,-245,-271,3505,25.9,338,250,55,409283
MSpap:59,MSpap,59,28244,3244,-500,-503,3244,26.9,339,248,54,424260
MSpap:60,MSpap,60,28887,3887,-106,-102,3887,27.1,343,259,53,377721
MSpap:61,MSpap,61,28212,3212,-677,-677,3212,28.0,348,267,53,400881
MSpap:62,MSpap,62,28333,3333,-397,-409,3333,27.2,346,279,55,461973
MSpap:63,MSpap,63,29018,4018,-32,-32,4006,28.0,342,283,53,376047
MSpap:64,MSpap,64,28719,3719,-352,-353,3719,27.1,342,282,54,437790
MSpap:65,MSpap,65,28500,3500,-239,-217,3493,28.0,347,280,54,401699
MSpap:66,MSpap,66,28630,3630,-288,-294,3622,28.0,345,277,54,421052
MSpap:67,MSpap,67,27583,2583,-1095,-1082,2565,28.0,344,293,53,399953
MSpap:68,MSpap,68,28589,3589,-290,-273,3548,27.2,344,293,56,493072
MSpap:69,MSpap,69,28084,3084,-1010,-1013,3068,27.2,345,287,56,498927
MSpap:70,MSpap,70,28435,3435,-819,-810,3363,26.1,337,288,49,341970
MSpap:71,MSpap,71,27933,2933,-1232,-1232,2907,27.0,339,286,44,261648
MSpap:72,MSpap,72,28658,3658,-277,-265,3521,26.1,336,289,48,364021
MSpap:73,MSpap,73,29089,4089,288,288,4089,26.0,338,278,48,364534
MSpap:74,MSpap,74,28088,3088,-579,-579,3084,26.0,340,279,48,368633
MSpap:75,MSpap,75,27656,2656,-950,-950,2646,25.1,341,284,46,324066
MSpapa:76,MSpapa,76,28120,3120,-603,-553,3067,26.1,330,252,38,166283
MSpapa:77,MSpapa,77,28620,3620,-202,-207,3602,26.1,321,252,44,210510
MSpapa:78,MSpapa,78,28249,3249,-602,-617,3179,27.0,316,252,44,215378
MSpapa:79,MSpapa,79,28473,3473,-63,-106,3286,28.0,317,244,44,211670
MSpapa:80,MSpapa,80,28467,3467,-76,-167,3044,27.1,320,239,44,225824
MSpapa:81,MSpapa,81,28990,3990,402,290,3366,28.0,319,242,44,232039
MSpapa:82,MSpapa,82,29102,4102,590,600,3689,28.1,322,254,29,73986
MSpapa:83,MSpapa,83,28472,3472,-661,-637,2366,27.0,321,251,44,233860
MSpapa:84,MSpapa,84,28496,3496,-442,-409,1752,26.0,327,238,31,102090
MSpapa:85,MSpapa,85,28091,3091,-370,-545,1729,26.0,327,238,31,102090
MSpapa:86,MSpapa,86,28260,3260,-379,-354,2986,28.0,344,240,48,312260
MSpapa:87,MSpapa,87,28579,3579,-51,-69,3468,29.0,352,239,45,230360
MSpapa:88,MSpapa,88,28921,3921,159,226,3276,27.1,344,241,49,331783
MSpapa:89,MSpapa,89,28425,3425,-369,-369,3261,28.1,349,239,49,329110
MSpapa:90,MSpapa,90,27769,2769,-644,-646,2711,28.0,357,240,44,193882
MSpapa:91,MSpapa,91,28447,3447,-295,-301,3423,27.9,361,227,42,196856
MSpapa:92,MSpapa,92,28398,3398,-511,-522,3380,28.1,366,227,44,201070
MSpapa:93,MSpapa,93,27522,2522,-1020,-1049,2474,27.0,373,224,43,199085
MSpapa:94,MSpapa,94,28517,3517,-404,-395,3452,27.0,374,226,42,198009
MSpapa:95,MSpapa,95,27992,2992,-803,-810,2950,26.1,366,224,41,187699
MSpapa:96,MSpapa,96,29040,4040,474,476,4020,26.0,360,234,36,176273
MSpapaa:97,MSpapaa,97,28124,3124,-568,-604,2766,25.0,342,218,36,144502
MSpapaa:98,MSpapaa,98,28810,3810,-159,-217,3627,25.0,331,214,36,143986
MSpapaa:99,MSpapaa,99,28252,3252,-728,-812,3060,26.0,331,223,36,122795
MSpapaa:100,MSpapaa,100,28314,3314,-376,-375,3191,25.1,337,221,40,159739
MSpapaa:101,MSpapaa,101,28431,3431,-738,-769,3343,26.1,339,220,36,133719
MSpapaa:102,MSpapaa,102,28172,3172,-753,-787,2946,26.1,330,210,40,170024
MSpapaa:103,MSpapaa,103,28936,3936,-343,-307,3026,24.1,331,204,40,180431
MSpapaa:104,MSpapaa,104,28277,3277,-994,-1127,1630,23.1,323,210,38,169921
MSpapaa:105,MSpapaa,105,28271,3271,-1091,-986,1873,22.1,328,211,38,179178
MSpapaa:106,MSpapaa,106,29420,4420,188,148,3215,22.1,328,211,38,179178
MSpapaa:107,MSpapaa,107,28955,3955,-312,-272,2416,22.0,321,218,40,218184
MSpapaa:108,MSpapaa,108,28193,3193,-1141,-1134,2187,22.0,324,219,40,224436
MSpapaa:109,MSpapaa,109,29393,4393,-78,-149,3925,22.1,322,220,38,196050
MSpapaa:110,MSpapaa,110,28647,3647,-1137,-1102,1908,22.0,320,215,27,45151
MSpapaa:111,MSpapaa,111,28756,3756,-724,-584,1535,22.0,317,216,35,99478
MSpapaa:112,MSpapaa,112,29104,4104,-850,-893,3109,22.0,315,217,35,102918
MSpapaa:113,MSpapaa,113,28793,3793,-998,-1069,3117,21.0,313,218,35,107492
MSpapaa:114,MSpapaa,114,29589,4589,-276,-283,4200,20.1,316,220,37,126322
MSpapaa:115,MSpapaa,115,29477,4477,-412,-457,4024,19.1,318,214,37,133937
MSpapaa:116,MSpapaa,116,28422,3422,-1477,-1442,3005,20.1,326,212,35,110456
MSpapaa:117,MSpapaa,117,29582,4582,-158,-205,4162,20.1,324,209,36,143542
MSpapaa:118,MSpapaa,118,29895,4895,-194,-230,4543,19.2,326,209,36,129309
MSpapaa:119,MSpapaa,119,28349,3349,-1292,-1403,3062,20.0,324,207,38,159522
MSpapaa:120,MSpapaa,120,28952,3952,-953,-1165,3614,20.2,322,206,36,137068
MSpapaa:121,MSpapaa,121,28685,3685,-1348,-1364,3496,20.1,317,213,37,155980
MSpapaa:122,MSpapaa,122,29547,4547,-6,23,4339,21.0,317,215,32,118680
MSpapaa:123,MSpapaa,123,30888,5888,476,516,5458,17.0,325,213,32,105234
MSpapaa:124,MSpapaa,124,30911,5911,691,658,5668,17.0,317,210,34,116013
MSpapaa:125,MSpapaa,125,29715,4715,-353,-341,4323,17.1,317,218,32,104163
MSpapaa:126,MSpapaa,126,29171,4171,-1537,-1587,4096,16.2,315,214,36,139069
MSpapaa:127,MSpapaa,127,29382,4382,-966,-976,4055,17.2,308,222,36,144404
MSpapaa:128,MSpapaa,128,29203,4203,-951,-1020,3782,18.0,304,229,36,141703
MSpapaa:129,MSpapaa,129,29480,4480,-817,-796,3760,17.2,304,233,36,143825
MSpapap:97,MSpapap,97,28550,3550,126,69,3317,25.1,367,241,36,122830
MSpapap:98,MSpapap,98,28179,3179,-695,-701,3066,24.0,386,248,36,140212
MSpapap:99,MSpapap,99,28943,3943,633,633,3901,24.0,376,255,36,135017
MSpapap:100,MSpapap,100,28128,3128,-335,-419,3018,24.0,381,260,40,170619
MSpapap:101,MSpapap,101,27517,2517,-1507,-1555,2256,23.0,382,256,40,175750
MSpapap:102,MSpapap,102,28573,3573,-257,-272,3444,22.1,370,250,40,163792
MSpapap:103,MSpapap,103,29435,4435,413,396,4273,22.1,370,253,38,144157
MSpapap:104,MSpapap,104,27997,2997,-807,-814,2890,23.9,359,258,36,139166
MSpapap:105,MSpapap,105,28313,3313,-752,-764,3175,24.0,364,257,36,143369
MSpapap:106,MSpapap,106,27902,2902,-1156,-1274,2613,25.0,370,250,36,148884
MSpapap:107,MSpapap,107,27853,2853,-1187,-1284,2360,24.1,374,251,38,168375
MSpapap:108,MSpapap,108,28781,3781,-294,-319,3291,24.1,380,248,38,167227
MSpapap:109,MSpapap,109,28017,3017,-837,-887,2419,25.0,379,245,40,196911
MSpapap:110,MSpapap,110,28531,3531,-1221,-1272,2705,25.0,379,245,40,196911
MSpapap:111,MSpapap,111,28477,3477,-1094,-1135,2979,24.0,373,247,35,91283
MSpapap:112,MSpapap,112,28233,3233,-1481,-1494,2676,23.3,370,248,33,91283
MSpapap:113,MSpapap,113,29365,4365,-151,-136,3723,22.7,366,249,30,91283
MSpapap:114,MSpapap,114,28037,3037,-1401,-1469,2273,22.0,362,251,27,43522
MSpapap:115,MSpapap,115,28976,3976,-932,-1079,2875,21.0,370,246,35,111764
MSpapap:116,MSpapap,116,29225,4225,-266,-478,3760,21.0,370,250,35,110384
MSpapap:117,MSpapap,117,30392,5392,631,690,4923,20.1,369,247,29,64978
MSpapap:118,MSpapap,118,28468,3468,-1768,-1898,2588,20.0,368,241,36,143841
MSpapap:119,MSpapap,119,29256,4256,-477,-577,3366,20.0,363,238,38,161052
MSpapap:120,MSpapap,120,28561,3561,-1280,-1316,2960,21.0,360,239,36,140506
MSpapap:121,MSpapap,121,29743,4743,-236,-443,3587,20.1,359,242,37,146300
MSpapap:122,MSpapap,122,29718,4718,-626,-590,2995,20.1,360,240,34,120549
MSpapap:123,MSpapap,123,28764,3764,-1473,-1556,2294,20.3,352,231,36,149927
MSpapap:124,MSpapap,124,28331,3331,-1237,-1372,2649,21.0,346,229,36,160729
MSpapap:125,MSpapap,125,29882,4882,259,216,3973,21.2,339,229,36,154553
MSpapap:126,MSpapap,126,29325,4325,-256,-248,3916,22.0,343,238,32,126812
MSpapap:127,MSpapap,127,30044,5044,447,447,4787,21.9,340,240,32,124886
MSpapapa:128,MSpapapa,128,28771,3771,-1020,-1152,2988,21.5,329,236,32,124886
MSpapapa:129,MSpapapa,129,29735,4735,-778,-869,3534,21.0,318,232,32,111435
MSpapapp:128,MSpapapp,128,28730,3730,-1459,-1580,2934,21.0,357,256,32,104243
MSpapapp:129,MSpapapp,129,28675,3675,-1093,-1030,2603,21.1,362,261,34,105022
MSpapp:76,MSpapp,76,29636,4636,978,963,4594,25.9,358,290,44,193146
MSpapp:77,MSpapp,77,29168,4168,717,721,4134,26.1,359,302,31,86969
MSpapp:78,MSpapp,78,28071,3071,-634,-635,3059,27.1,365,300,44,188635
MSpapp:79,MSpapp,79,28285,3285,-358,-329,3251,27.1,369,309,44,178028
MSpapp:80,MSpapp,80,28257,3257,-554,-523,3254,27.1,383,308,44,185125
MSpapp:81,MSpapp,81,28139,3139,-648,-624,3137,27.1,383,305,44,201579
MSpapp:82,MSpapp,82,27130,2130,-1499,-1508,2130,27.1,392,312,40,174214
MSpapp:83,MSpapp,83,28123,3123,-616,-631,3114,28.0,397,313,44,211393
MSpapp:84,MSpapp,84,28945,3945,185,178,3929,28.0,409,306,44,217705
MSpapp:85,MSpapp,85,28225,3225,-668,-711,3175,28.1,412,287,48,313838
MSpapp:86,MSpapp,86,28648,3648,-60,-36,3630,29.0,415,288,44,217317
MSpapp:87,MSpapp,87,28071,3071,-741,-784,2999,28.1,422,288,45,254915
MSpapp:88,MSpapp,88,28236,3236,-589,-538,3126,28.0,431,288,47,288354
MSpapp:89,MSpapp,89,28615,3615,130,112,3367,28.0,430,278,45,253184
MSpapp:90,MSpapp,90,27653,2653,-743,-750,2472,28.0,431,274,44,194120
MSpapp:91,MSpapp,91,28655,3655,155,164,3001,27.0,433,273,42,194054
MSpapp:92,MSpapp,92,28408,3408,-209,-313,2970,27.0,433,259,44,210259
MSpapp:93,MSpapp,93,27762,2762,-871,-904,2404,27.1,435,255,43,204452
MSpapp:94,MSpapp,94,28461,3461,-112,-110,3367,28.0,433,258,42,195684
MSpapp:95,MSpapp,95,27908,2908,-769,-828,2723,27.1,422,257,41,176452
MSpapp:96,MSpapp,96,29154,4154,685,711,4057,27.1,418,257,40,189497
MSpapp:97,MSpapp,97,28343,3343,-211,-239,3208,27.1,415,251,40,192997
MSpapp:98,MSpapp,98,28004,3004,-850,-878,2680,27.0,421,250,40,188475
MSpapp:99,MSpapp,99,29158,4158,898,893,4009,28.0,414,254,40,204927
MSpapp:100,MSpapp,100,27749,2749,-855,-940,2423,27.1,411,260,40,189906
MSpapp:101,MSpapp,101,28091,3091,-681,-691,2857,27.2,408,252,38,191771
MSpapp:102,MSpapp,102,28164,3164,-575,-609,2790,26.1,395,249,40,195019
MSpapp:103,MSpapp,103,28077,3077,-178,-177,2846,26.0,402,245,36,184670
MSpapp:104,MSpapp,104,27430,2430,-1465,-1515,2349,26.0,403,253,36,189525
MSpappa:105,MSpappa,105,28549,3549,-181,-170,3187,28.0,379,235,36,147930
MSpappa:106,MSpappa,106,27979,2979,-1028,-1049,2496,28.2,381,230,36,150740
MSpappa:107,MSpappa,107,28745,3745,-222,-258,3040,28.1,383,240,36,148554
MSpappa:108,MSpappa,108,29034,4034,59,-15,3078,28.1,387,241,36,149791
MSpappa:109,MSpappa,109,28290,3290,-368,-405,2442,28.1,393,240,38,165491
MSpappa:110,MSpappa,110,29154,4154,-288,-356,3056,28.0,390,241,35,165491
MSpappa:111,MSpappa,111,29360,4360,459,466,3667,28.0,386,243,31,165491
MSpappa:112,MSpappa,112,28769,3769,-181,-176,3163,27.9,382,245,27,43453
MSpappa:113,MSpappa,113,29493,4493,652,656,3605,26.6,380,245,27,43453
MSpappa:114,MSpappa,114,29506,4506,607,617,3670,25.4,378,246,28,43453
MSpappa:115,MSpappa,115,28791,3791,-612,-734,2103,24.1,376,247,29,63396
MSpappa:116,MSpappa,116,28330,3330,-599,-611,346,23.0,375,248,29,60668
MSpappa:117,MSpappa,117,28973,3973,-149,-183,2195,24.0,378,255,27,46534
MSpappa:118,MSpappa,118,29027,4027,357,254,3099,23.0,376,258,34,110789
MSpappa:119,MSpappa,119,28742,3742,-778,-699,2729,23.0,377,256,34,116606
MSpappa:120,MSpappa,120,29684,4684,400,231,3794,22.9,386,251,34,121654
MSpappa:121,MSpappa,121,28683,3683,-721,-667,2559,22.0,383,249,37,155795
MSpappa:122,MSpappa,122,29208,4208,-325,-219,3273,21.2,387,250,34,111460
MSpappa:123,MSpappa,123,29570,4570,68,43,3741,22.1,381,248,36,143870
MSpappa:124,MSpappa,124,28264,3264,-1149,-1149,1795,23.0,379,251,34,121535
MSpappa:125,MSpappa,125,29145,4145,-311,-154,2412,23.2,378,249,36,143188
MSpappa:126,MSpappa,126,29070,4070,-434,-412,3234,24.0,381,252,36,154810
MSpappa:127,MSpappa,127,29262,4262,-288,-22,3476,24.1,376,262,29,70535
MSpappa:128,MSpappa,128,28820,3820,-162,-61,2301,24.0,377,255,34,123066
MSpappa:129,MSpappa,129,29136,4136,-404,-590,2624,23.2,379,257,36,151441
MSpappp:105,MSpappp,105,28675,3675,-118,-118,3575,26.9,422,279,36,156202
MSpappp:106,MSpappp,106,27774,2774,-619,-619,2678,26.9,422,274,36,142245
MSpappp:107,MSpappp,107,29018,4018,264,264,4000,26.9,427,290,36,155713
MSpappp:108,MSpappp,108,28449,3449,-135,-135,3322,26.0,418,292,36,139819
MSpappp:109,MSpappp,109,28854,3854,148,154,3821,26.9,415,293,36,143348
MSpappp:110,MSpappp,110,28834,3834,-283,-283,3783,26.5,413,291,35,143348
MSpappp:111,MSpappp,111,27801,2801,-1276,-1276,2669,26.1,411,288,34,143348
MSpappp:112,MSpappp,112,29322,4322,375,375,3986,25.7,409,286,33,143348
MSpappp:113,MSpappp,113,28322,3322,-1082,-1082,2966,25.2,406,283,31,143348
MSpappp:114,MSpappp,114,29438,4438,17,8,4273,24.8,404,281,30,143348
MSpappp:115,MSpappp,115,30314,5314,1569,1581,5149,24.4,402,278,29,143348
MSpappp:116,MSpappp,116,29265,4265,61,28,4132,24.0,399,275,27,43187
MSpappp:117,MSpappp,117,29175,4175,-70,-30,3800,24.0,399,275,27,43187
MSpappp:118,MSpappp,118,28020,3020,-842,-845,2682,22.0,409,277,27,42897
MSpappp:119,MSpappp,119,29378,4378,587,643,3934,22.3,409,274,29,42897
MSpappp:120,MSpappp,120,28982,3982,-275,-207,3193,22.7,410,270,31,42897
MSpappp:121,MSpappp,121,30207,5207,1083,1145,4427,23.0,411,266,33,88675
MSpappp:122,MSpappp,122,28791,3791,-675,-747,3026,22.1,413,270,29,58141
MSpappp:123,MSpappp,123,30287,5287,1053,1078,4551,22.1,413,270,29,58141
MSpappp:124,MSpappp,124,30935,5935,1415,1166,5162,23.1,405,263,36,132486
MSpappp:125,MSpappp,125,29754,4754,130,182,3848,23.1,405,263,36,132486
MSpappp:126,MSpappp,126,30297,5297,429,-37,4279,25.0,405,271,32,92094
MSpappp:127,MSpappp,127,31970,6970,2167,2080,6008,25.0,404,280,36,136076
MSpappp:128,MSpappp,128,32756,7756,2925,2849,6979,25.1,406,282,34,115556
MSpappp:129,MSpappp,129,33223,8223,3065,2910,7547,26.0,407,281,32,97748
MSpp:41,MSpp,41,27802,2802,-611,-613,2802,24.1,379,252,48,366515
MSpp:42,MSpp,42,27800,2800,-606,-570,2800,25.1,390,232,58,544476
MSpp:43,MSpp,43,28389,3389,-33,-34,3389,26.9,393,247,61,585325
MSpp:44,MSpp,44,28180,3180,-375,-440,3180,27.8,411,253,62,688458
MSpp:45,MSpp,45,27912,2912,-722,-752,2912,26.9,417,241,62,821182
MSpp:46,MSpp,46,27909,2909,-587,-606,2909,26.9,416,246,62,814259
MSpp:47,MSpp,47,28041,3041,-636,-670,3041,27.8,407,249,61,729965
MSpp:48,MSpp,48,27818,2818,-624,-616,2818,26.1,411,248,63,810070
MSpp:49,MSpp,49,28230,3230,-430,-439,3230,27.0,410,239,62,858817
MSpp:50,MSpp,50,28139,3139,-523,-542,3139,27.8,406,242,61,813235
MSpp:51,MSpp,51,28001,3001,-503,-460,3001,27.2,416,234,61,791655
MSpp:52,MSpp,52,27614,2614,-996,-1011,2614,26.3,427,244,62,841406
MSpp:53,MSpp,53,28302,3302,-595,-621,3302,26.1,427,260,61,808862
MSpp:54,MSpp,54,27974,2974,-552,-560,2974,27.1,414,256,61,807194
MSpp:55,MSpp,55,27728,2728,-979,-979,2728,27.0,414,254,57,734326
MSpp:56,MSpp,56,28186,3186,-324,-324,3185,26.1,414,252,61,830721
MSpp:57,MSpp,57,27568,2568,-1219,-1219,2568,26.0,414,240,59,810778
MSpp:58,MSpp,58,28207,3207,-771,-775,3207,25.1,420,236,55,670845
MSppa:59,MSppa,59,27537,2537,-1058,-1063,2537,26.0,422,205,52,430879
MSppa:60,MSppa,60,28963,3963,-18,-26,3963,26.0,417,200,53,473773
MSppa:61,MSppa,61,28732,3732,-246,-246,3732,26.0,415,199,53,482421
MSppa:62,MSppa,62,28676,3676,-303,-303,3676,26.0,412,206,53,484311
MSppa:63,MSppa,63,28045,3045,-830,-837,3044,26.0,415,203,55,486427
MSppa:64,MSppa,64,27936,2936,-970,-990,2936,26.1,424,214,54,482186
MSppa:65,MSppa,65,28055,3055,-907,-908,3055,26.1,430,217,54,484285
MSppa:66,MSppa,66,28338,3338,-317,-317,3338,26.9,429,224,54,486171
MSppa:67,MSppa,67,28792,3792,-80,-80,3792,27.0,421,231,53,427305
MSppa:68,MSppa,68,28287,3287,-464,-462,3287,26.1,420,229,54,459779
MSppa:69,MSppa,69,28398,3398,-321,-330,3398,26.0,423,218,52,484871
MSppa:70,MSppa,70,28229,3229,-517,-517,3228,26.0,414,229,49,386364
MSppa:71,MSppa,71,28391,3391,-500,-500,3391,26.1,413,234,48,369516
MSppa:72,MSppa,72,28594,3594,-47,-49,3594,25.1,418,236,48,380374
MSppa:73,MSppa,73,28515,3515,-235,-236,3515,26.0,417,228,48,403472
MSppa:74,MSppa,74,28198,3198,-610,-608,3198,26.1,413,225,48,391643
MSppa:75,MSppa,75,28609,3609,-216,-216,3609,26.1,401,231,48,394495
MSppa:76,MSppa,76,28589,3589,-257,-257,3589,26.1,403,225,48,403626
MSppa:77,MSppa,77,28705,3705,-191,-191,3705,25.1,398,233,48,385787
MSppa:78,MSppa,78,28422,3422,-362,-362,3422,25.0,393,229,44,280889
MSppaa:79,MSppaa,79,28554,3554,-353,-379,3533,25.1,378,203,40,205896
MSppaa:80,MSppaa,80,27984,2984,-1229,-1229,2940,26.0,366,189,38,201345
MSppaa:81,MSppaa,81,28367,3367,-428,-435,3356,26.0,361,188,44,239179
MSppaa:82,MSppaa,82,28301,3301,-535,-480,3252,25.9,359,195,44,260394
MSppaa:83,MSppaa,83,28858,3858,-175,-152,3749,26.0,357,197,44,260340
MSppaa:84,MSppaa,84,28904,3904,-97,-139,3849,25.0,362,194,44,269230
MSppaa:85,MSppaa,85,28851,3851,-334,-355,3834,25.0,359,186,46,323627
MSppaa:86,MSppaa,86,28554,3554,-256,-247,3488,25.0,358,186,44,290993
MSppaa:87,MSppaa,87,28784,3784,-316,-286,3657,23.2,354,185,47,324737
MSppaa:88,MSppaa,88,28628,3628,-330,-326,3358,23.0,347,192,45,298979
MSppaa:89,MSppaa,89,28570,3570,-229,-235,3304,23.0,350,192,45,312665
MSppaa:90,MSppaa,90,28300,3300,-1191,-1329,3021,21.9,346,193,44,263575
MSppaa:91,MSppaa,91,28641,3641,-1030,-967,2508,21.0,336,188,44,256022
MSppaa:92,MSppaa,92,28748,3748,-857,-531,2074,21.2,333,192,42,233136
MSppaa:93,MSppaa,93,29545,4545,410,649,3216,21.1,331,183,41,236064
MSppaa:94,MSppaa,94,28959,3959,-363,-297,2800,21.1,329,179,40,231741
MSppaa:95,MSppaa,95,29268,4268,-811,-698,3113,21.0,321,173,39,217374
MSppaa:96,MSppaa,96,28943,3943,67,75,3636,21.9,313,169,36,211448
MSppaa:97,MSppaa,97,28358,3358,-1311,-1320,3065,21.1,309,163,40,253299
MSppaa:98,MSppaa,98,29073,4073,-568,-564,3597,21.1,311,158,40,247452
MSppaa:99,MSppaa,99,27576,2576,-1703,-1674,2217,22.1,313,165,40,268905
MSppaa:100,MSppaa,100,28586,3586,-426,-474,3186,21.1,309,156,38,223807
MSppaa:101,MSppaa,101,27393,2393,-1919,-1910,2051,22.0,310,150,40,286462
MSppaa:102,MSppaa,102,29495,4495,582,577,4455,22.0,307,139,40,295174
MSppaa:103,MSppaa,103,28469,3469,-640,-645,3298,22.0,309,136,36,253297
MSppaaa:104,MSppaaa,104,28486,3486,-1060,-1122,3229,22.9,286,118,36,204440
MSppaaa:105,MSppaaa,105,28710,3710,-644,-643,3357,22.0,284,107,36,210528
MSppaaa:106,MSppaaa,106,27793,2793,-1420,-1412,2384,22.9,284,104,36,221401
MSppaaa:107,MSppaaa,107,29034,4034,-581,-626,3653,22.1,272,111,36,236045
MSppaaa:108,MSppaaa,108,29361,4361,-956,-937,3657,21.3,267,112,40,251962
MSppaaa:109,MSppaaa,109,29430,4430,-266,-312,4036,22.9,267,113,36,229879
MSppaaa:110,MSppaaa,110,29235,4235,-462,-516,3763,23.0,268,111,36,145574
MSppaaa:111,MSppaaa,111,29348,4348,-762,-800,3873,22.1,270,116,39,155959
MSppaaa:112,MSppaaa,112,29908,4908,-432,-388,4692,22.1,266,112,35,116234
MSppaaa:113,MSppaaa,113,29512,4512,-431,-441,4188,23.1,262,114,35,118590
MSppaaa:114,MSppaaa,114,28952,3952,-940,-892,3409,23.1,264,113,37,149696
MSppaaa:115,MSppaaa,115,28274,3274,-1260,-1238,2956,22.0,270,113,39,166189
MSppaaa:116,MSppaaa,116,29396,4396,-823,-786,3979,21.3,272,115,37,145652
MSppaaa:117,MSppaaa,117,30285,5285,-117,-179,4926,22.1,270,111,36,163864
MSppaaa:118,MSppaaa,118,29931,4931,264,280,4581,22.2,262,107,38,185300
MSppaaa:119,MSppaaa,119,29154,4154,-536,-464,3775,22.1,255,107,38,202014
MSppaaa:120,MSppaaa,120,29463,4463,-770,-622,4006,22.2,252,107,38,194631
MSppaaa:121,MSppaaa,121,28976,3976,-699,-653,3172,22.1,244,108,37,197920
MSppaaa:122,MSppaaa,122,29106,4106,-535,-499,3155,23.1,248,112,36,195042
MSppaaa:123,MSppaaa,123,30715,5715,884,904,5014,22.1,245,116,34,161743
MSppaaa:124,MSppaaa,124,30114,5114,196,-2,4410,22.2,243,115,36,187243
MSppaaa:125,MSppaaa,125,29694,4694,-684,-682,3824,23.1,246,114,36,204802
MSppaaa:126,MSppaaa,126,29479,4479,-656,-776,3651,23.1,243,115,36,207251
MSppaaa:127,MSppaaa,127,28776,3776,-1708,-1548,2632,23.0,245,119,36,216908
MSppaaa:128,MSppaaa,128,28799,3799,-1940,-1759,2577,23.1,246,126,36,213565
MSppaaa:129,MSppaaa,129,29890,4890,-1016,-1143,3852,22.2,245,132,36,199138
MSppaap:104,MSppaap,104,29163,4163,-1465,-952,1956,21.0,324,151,36,225943
MSppaap:105,MSppaap,105,28705,3705,-1514,-1064,2595,20.2,324,153,36,213495
MSppaap:106,MSppaap,106,28894,3894,-1149,-748,2500,21.0,327,151,36,230100
MSppaap:107,MSppaap,107,30778,5778,116,793,2375,21.0,323,151,36,229440
MSppaap:108,MSppaap,108,29704,4704,-600,-150,-113,21.0,324,147,36,240511
MSppaap:109,MSppaap,109,30300,5300,-620,-176,1821,21.1,322,141,36,246813
MSppaap:110,MSppaap,110,30895,5895,-688,243,1720,21.0,320,143,36,152792
MSppaap:111,MSppaap,111,31808,6808,417,842,1592,21.0,314,147,27,59390
MSppaap:112,MSppaap,112,31759,6759,435,1191,2728,21.0,314,143,35,134663
MSppaap:113,MSppaap,113,30372,5372,-1577,-478,1437,20.2,310,136,37,153930
MSppaap:114,MSppaap,114,30542,5542,-736,-464,4072,21.1,308,135,37,165509
MSppaap:115,MSppaap,115,31968,6968,114,500,3973,21.0,306,138,39,177028
MSppaap:116,MSppaap,116,32758,7758,418,1630,2032,20.2,308,135,39,179820
MSppaap:117,MSppaap,117,32390,7390,-657,240,207,20.2,310,136,36,169418
MSppaap:118,MSppaap,118,36967,11967,3630,5287,6011,20.1,299,141,38,191362
MSppaap:119,MSppaap,119,34547,9547,1060,3141,2679,20.1,298,139,36,178366
MSppaap:120,MSppaap,120,32962,7962,1536,1421,6361,22.0,290,142,34,159167
MSppaap:121,MSppaap,121,35443,10443,1789,2316,5483,21.2,288,133,35,162737
MSppaap:122,MSppaap,122,36747,11747,2549,3806,2635,21.2,290,132,36,187095
MSppaap:123,MSppaap,123,34531,9531,139,2174,981,22.0,289,134,36,185864
MSppaap:124,MSppaap,124,36694,11694,1368,3699,1860,22.0,292,139,32,185864
MSppaap:125,MSppaap,125,33140,8140,-757,299,2462,22.5,284,145,36,197517
MSppaap:126,MSppaap,126,35215,10215,727,2712,2759,22.5,284,148,36,193117
MSppaap:127,MSppaap,127,29934,4934,-2525,-2375,2427,23.2,279,162,36,185580
MSppaap:128,MSppaap,128,32157,7157,338,179,5546,24.0,276,161,32,154973
MSppaap:129,MSppaap,129,31782,6782,-37,52,4671,23.1,278,169,36,193078
MSppap:79,MSppap,79,28408,3408,-116,-125,3389,25.1,406,249,38,191189
MSppap:80,MSppap,80,29270,4270,235,197,4126,25.9,404,243,44,222585
MSppap:81,MSppap,81,29292,4292,501,404,4235,25.0,395,245,44,233921
MSppap:82,MSppap,82,28206,3206,-649,-631,3177,26.0,397,252,44,214808
MSppap:83,MSppap,83,28547,3547,-602,-610,2975,24.0,397,260,48,316981
MSppap:84,MSppap,84,28700,3700,-363,-367,3603,25.0,402,253,48,302602
MSppap:85,MSppap,85,28881,3881,-421,-400,3581,24.0,404,245,44,259341
MSppap:86,MSppap,86,28991,3991,46,52,3622,23.0,400,246,44,262625
MSppap:87,MSppap,87,29037,4037,-330,-287,3411,22.1,399,232,47,316704
MSppap:88,MSppap,88,28459,3459,-926,-940,3158,23.0,397,228,45,296250
MSppap:89,MSppap,89,29577,4577,503,436,4126,22.1,401,221,34,162238
MSppap:90,MSppap,90,29276,4276,-32,-240,4113,21.0,396,217,44,247327
MSppap:91,MSppap,91,28596,3596,-274,-327,3435,22.1,394,213,46,280796
MSppap:92,MSppap,92,28821,3821,-513,-859,3508,20.3,396,207,44,251947
MSppap:93,MSppap,93,28275,3275,-1047,-1194,3036,20.2,390,206,43,246202
MSppap:94,MSppap,94,28705,3705,-428,-540,3515,20.0,386,207,42,268214
MSppap:95,MSppap,95,29710,4710,176,83,4473,19.1,380,194,41,236087
MSppap:96,MSppap,96,29423,4423,96,-90,4295,19.1,377,192,40,249128
MSppap:97,MSppap,97,29520,4520,126,4,4411,19.0,377,183,40,254043
MSppap:98,MSppap,98,29203,4203,-607,-737,4076,19.1,374,183,40,248434
MSppap:99,MSppap,99,30887,5887,1599,1555,5772,18.1,365,184,40,274359
MSppap:100,MSppap,100,30256,5256,411,371,5186,18.1,373,179,40,282542
MSppap:101,MSppap,101,28727,3727,-1479,-1479,3676,18.0,367,181,36,251501
MSppap:102,MSppap,102,29036,4036,-879,-879,3989,19.0,371,168,36,252654
MSppapa:103,MSppapa,103,29425,4425,-441,-433,4289,18.9,349,150,36,222919
MSppapa:104,MSppapa,104,34304,9304,4462,4435,8913,18.9,345,149,36,223342
MSppapa:105,MSppapa,105,35725,10725,5850,5859,10445,18.8,355,149,36,216317
MSppapa:106,MSppapa,106,35240,10240,4688,4686,10011,18.0,352,147,38,237519
MSppapa:107,MSppapa,107,37586,12586,6471,6582,12171,18.0,339,147,36,235586
MSppapa:108,MSppapa,108,40332,15332,8063,7965,15262,18.1,338,148,29,118575
MSppapa:109,MSppapa,109,40091,15091,8314,8420,14556,17.9,335,152,36,240047
MSppapa:110,MSppapa,110,41434,16434,9415,9660,15692,18.1,333,152,38,171075
MSppapa:111,MSppapa,111,40313,15313,8204,8273,14782,18.0,325,154,39,168962
MSppapa:112,MSppapa,112,41359,16359,9990,10207,15818,17.3,326,148,39,169664
MSppapa:113,MSppapa,113,45652,20652,13610,13788,20227,17.2,327,148,39,164105
MSppapa:114,MSppapa,114,44955,19955,11814,12140,19137,17.2,329,149,37,151861
MSppapa:115,MSppapa,115,47351,22351,14618,14801,21655,17.1,325,146,39,167871
MSppapa:116,MSppapa,116,48101,23101,15738,15880,22540,17.3,323,142,39,182957
MSppapa:117,MSppapa,117,52079,27079,18470,18699,26529,17.1,326,140,36,180774
MSppapa:118,MSppapa,118,49039,24039,15788,16790,22443,17.2,315,141,38,185895
MSppapa:119,MSppapa,119,55463,30463,22076,22646,29469,17.2,314,133,38,195618
MSppapa:120,MSppapa,120,54750,29750,20316,20464,28823,17.1,307,133,38,203474
MSppapa:121,MSppapa,121,52889,27889,18093,18319,26630,17.2,305,133,37,175436
MSppapa:122,MSppapa,122,59616,34616,24003,24640,32887,18.1,306,130,36,170544
MSppapa:123,MSppapa,123,57776,32776,23167,23479,31537,19.1,305,133,36,182811
MSppapa:124,MSppapa,124,56776,31776,21729,22313,30934,19.2,305,129,36,189733
MSppapa:125,MSppapa,125,58245,33245,22843,23252,31284,19.2,302,133,36,188140
MSppapa:126,MSppapa,126,58291,33291,22602,22874,31160,20.1,300,134,36,211743
MSppapa:127,MSppapa,127,58432,33432,23220,23418,31950,20.2,295,133,36,191252
MSppapa:128,MSppapa,128,58336,33336,22845,22874,31822,20.2,293,138,36,196761
MSppapa:129,MSppapa,129,45531,20531,8122,7991,18710,20.2,295,139,36,208179
MSppapp:103,MSppapp,103,28579,3579,-1276,-1291,2994,18.8,388,195,36,205880
MSppapp:104,MSppapp,104,34159,9159,3507,3887,8501,17.9,386,195,36,204207
MSppapp:105,MSppapp,105,32888,7888,2949,3297,7411,17.9,390,194,36,209957
MSppapp:106,MSppapp,106,35380,10380,4069,4270,9748,17.9,385,193,36,210722
MSppapp:107,MSppapp,107,36744,11744,5558,5599,11400,18.0,380,190,36,219150
MSppapp:108,MSppapp,108,36127,11127,4919,4861,10552,17.0,377,181,36,204232
MSppapp:109,MSppapp,109,37689,12689,5897,6549,11485,18.0,372,176,36,209006
MSppapp:110,MSppapp,110,40366,15366,7590,8618,13565,18.1,372,172,36,136484
MSppapp:111,MSppapp,111,38635,13635,6093,6726,12208,17.2,370,173,37,127040
MSppapp:112,MSppapp,112,41660,16660,8997,9940,15544,17.3,370,173,37,139373
MSppapp:113,MSppapp,113,42548,17548,9455,10614,15999,17.2,370,170,37,142039
MSppapp:114,MSppapp,114,43621,18621,10086,11208,17338,17.1,368,165,39,173965
MSppapp:115,MSppapp,115,44545,19545,11405,12262,18359,16.3,368,161,37,143987
MSppapp:116,MSppapp,116,42405,17405,9104,10181,15795,16.2,370,163,39,166432
MSppapp:117,MSppapp,117,48159,23159,13395,14375,21567,16.2,368,159,36,159773
MSppapp:118,MSppapp,118,49374,24374,13992,15649,21940,16.2,358,153,36,177503
MSppapp:119,MSppapp,119,53093,28093,17117,18670,25802,17.0,357,148,34,150732
MSppapp:120,MSppapp,120,53606,28606,18653,20357,26894,16.2,349,145,38,192990
MSppapp:121,MSppapp,121,54962,29962,18824,20299,27214,16.0,345,145,37,186162
MSppapp:122,MSppapp,122,54796,29796,19857,20162,27821,15.3,346,144,36,175806
MSppapp:123,MSppapp,123,56062,31062,21028,21860,27704,15.2,346,147,36,176868
MSppapp:124,MSppapp,124,54748,29748,19653,19674,26915,15.3,335,152,36,176380
MSppapp:125,MSppapp,125,60223,35223,24652,24713,31111,16.1,336,149,36,193260
MSppapp:126,MSppapp,126,60608,35608,24825,24438,34363,16.1,329,147,36,196771
MSppapp:127,MSppapp,127,63278,38278,27610,27486,36473,16.2,327,148,36,204986
MSppapp:128,MSppapp,128,63884,38884,28076,27558,37178,16.1,324,153,36,199652
MSppapp:129,MSppapp,129,62713,37713,26571,26293,35985,16.1,326,146,36,213057
MSppp:59,MSppp,59,28817,3817,100,61,3812,27.0,419,270,54,490755
MSppp:60,MSppp,60,28772,3772,39,39,3772,27.1,427,281,53,423161
MSppp:61,MSppp,61,28771,3771,193,193,3748,27.1,429,288,53,436362
MSppp:62,MSppp,62,28613,3613,-336,-332,3584,26.9,419,306,53,472603
MSppp:63,MSppp,63,28485,3485,-347,-363,3467,27.0,417,321,53,382987
MSppp:64,MSppp,64,28183,3183,-620,-632,3183,27.1,422,328,54,447312
MSppp:65,MSppp,65,29084,4084,532,563,3868,27.0,431,325,54,445240
MSppp:66,MSppp,66,28859,3859,261,245,3674,27.0,434,328,54,471773
MSppp:67,MSppp,67,28120,3120,-526,-515,3120,28.0,443,338,53,424660
MSppp:68,MSppp,68,28303,3303,-316,-322,3303,27.9,436,337,52,432186
MSppp:69,MSppp,69,27756,2756,-994,-997,2749,27.1,432,327,54,480360
MSppp:70,MSppp,70,28443,3443,-229,-231,3355,26.1,436,314,49,351027
MSppp:71,MSppp,71,28305,3305,-641,-640,3291,26.0,437,306,48,373811
MSppp:72,MSppp,72,28400,3400,-230,-230,3372,26.1,427,309,48,361446
MSppp:73,MSppp,73,28543,3543,-486,-450,3245,25.1,433,297,48,344260
MSppp:74,MSppp,74,28825,3825,-199,-210,3637,25.1,435,296,48,363399
MSppp:75,MSppp,75,29192,4192,103,117,3814,24.1,431,297,46,326113
MSppp:76,MSppp,76,28749,3749,-130,-129,3554,25.1,442,289,48,372396
MSppp:77,MSppp,77,28399,3399,-453,-460,2999,24.1,441,293,46,339037
MSppp:78,MSppp,78,28228,3228,-622,-612,2785,24.1,447,293,46,332620
MSppp:79,MSppp,79,28625,3625,106,87,3617,26.0,433,298,44,301519
MSpppa:80,MSpppa,80,28212,3212,-425,-367,3053,26.0,438,262,42,225143
MSpppa:81,MSpppa,81,28505,3505,-99,-58,3434,25.2,439,258,40,203135
MSpppa:82,MSpppa,82,28204,3204,-540,-678,3149,25.9,445,256,44,249418
MSpppa:83,MSpppa,83,27932,2932,-764,-810,2892,25.1,449,252,44,265040
MSpppa:84,MSpppa,84,28472,3472,-620,-692,3418,24.1,455,238,44,301002
MSpppa:85,MSpppa,85,27946,2946,-1135,-1133,2850,24.1,457,234,44,310813
MSpppa:86,MSpppa,86,28415,3415,-592,-606,3254,23.1,445,237,44,306106
MSpppa:87,MSpppa,87,29245,4245,563,565,4126,23.9,440,232,45,317582
MSpppa:88,MSpppa,88,29151,4151,-17,-66,4000,22.9,439,231,45,312175
MSpppa:89,MSpppa,89,28887,3887,-303,-349,3582,21.9,439,227,45,337937
MSpppa:90,MSpppa,90,28073,3073,-848,-945,2770,21.0,436,229,44,260157
MSpppa:91,MSpppa,91,28912,3912,-76,-101,3654,21.2,432,231,44,248297
MSpppa:92,MSpppa,92,27545,2545,-1542,-1678,2130,23.1,418,223,44,257306
MSpppa:93,MSpppa,93,27990,2990,-686,-795,2609,22.1,418,221,43,246869
MSpppa:94,MSpppa,94,28832,3832,-421,-458,3549,21.0,422,221,42,272461
MSpppa:95,MSpppa,95,28793,3793,-160,-288,3419,20.2,412,215,39,225968
MSpppa:96,MSpppa,96,29397,4397,194,243,4079,20.1,407,222,40,261202
MSpppa:97,MSpppa,97,27791,2791,-1574,-1550,2565,19.2,407,216,40,277644
MSpppa:98,MSpppa,98,29580,4580,-146,-169,4101,18.2,402,220,40,280524
MSpppa:99,MSpppa,99,28519,3519,-1186,-1042,2574,18.2,397,222,40,276849
MSpppa:100,MSpppa,100,27936,2936,-1825,-1812,2458,18.3,397,226,38,235682
MSpppa:101,MSpppa,101,28944,3944,-390,-408,3663,20.0,401,226,40,282133
MSpppa:102,MSpppa,102,28923,3923,-892,-855,3470,20.1,404,218,40,290356
MSpppa:103,MSpppa,103,29036,4036,-184,-324,2995,21.0,403,213,40,310186
MSpppa:104,MSpppa,104,30174,5174,639,801,3479,21.1,402,212,38,280359
MSpppa:105,MSpppa,105,28710,3710,-628,-631,3077,22.9,397,215,36,238506
MSpppaa:106,MSpppaa,106,29721,4721,236,182,2543,22.9,383,189,36,190729
MSpppaa:107,MSpppaa,107,29643,4643,535,585,2322,23.0,374,188,36,195922
MSpppaa:108,MSpppaa,108,29822,4822,128,117,3705,23.0,375,191,36,193003
MSpppaa:109,MSpppaa,109,28797,3797,-941,-977,2871,24.1,370,192,36,197376
MSpppaa:110,MSpppaa,110,28718,3718,-1344,-1344,2039,23.2,367,189,29,59901
MSpppaa:111,MSpppaa,111,30402,5402,-175,-271,4561,23.1,361,193,39,148526
MSpppaa:112,MSpppaa,112,29749,4749,-643,-626,3552,22.9,365,190,35,113888
MSpppaa:113,MSpppaa,113,30727,5727,-70,-135,4741,22.0,362,193,35,116505
MSpppaa:114,MSpppaa,114,30539,5539,-225,-235,4904,22.0,361,192,35,118341
MSpppaa:115,MSpppaa,115,29853,4853,-1081,-1098,3983,21.2,361,186,37,139024
MSpppaa:116,MSpppaa,116,31639,6639,411,368,5011,21.2,362,181,37,139288
MSpppaa:117,MSpppaa,117,31121,6121,-1186,-1232,4473,21.0,366,177,36,148377
MSpppaa:118,MSpppaa,118,31580,6580,-1107,-977,3052,21.1,354,166,38,175774
MSpppaa:119,MSpppaa,119,31850,6850,-950,-679,1821,21.2,355,164,38,179515
MSpppaa:120,MSpppaa,120,30764,5764,-1065,-1085,4471,22.0,353,167,38,183560
MSpppaa:121,MSpppaa,121,32225,7225,-58,23,4276,21.2,351,172,37,154520
MSpppaa:122,MSpppaa,122,32040,7040,235,348,5821,22.1,351,169,36,173765
MSpppaa:123,MSpppaa,123,31755,6755,-210,-233,4197,21.3,340,172,34,126505
MSpppaa:124,MSpppaa,124,31748,6748,-693,-795,4866,22.1,340,170,36,168255
MSpppaa:125,MSpppaa,125,30720,5720,-1295,-1298,3739,22.1,340,172,36,161406
MSpppaa:126,MSpppaa,126,30325,5325,-525,-831,3620,22.1,334,178,36,165051
MSpppaa:127,MSpppaa,127,31092,6092,-923,-837,3978,22.1,338,180,36,171723
MSpppaa:128,MSpppaa,128,32428,7428,63,299,4709,22.1,336,181,36,178299
MSpppaa:129,MSpppaa,129,30023,5023,-2452,-2236,3322,21.2,331,187,36,173294
MSpppap:106,MSpppap,106,29190,4190,-226,-181,3934,22.0,407,231,36,174259
MSpppap:107,MSpppap,107,28362,3362,-702,-779,3039,22.9,403,236,36,174253
MSpppap:108,MSpppap,108,28826,3826,-1126,-1149,3358,21.1,407,229,36,178207
MSpppap:109,MSpppap,109,28673,3673,-1011,-1002,3374,21.9,408,226,36,184676
MSpppap:110,MSpppap,110,29849,4849,-436,-436,4573,21.0,404,227,29,61047
MSpppap:111,MSpppap,111,29347,4347,-625,-614,4028,21.0,405,231,35,95537
MSpppap:112,MSpppap,112,29298,4298,-703,-768,3982,21.1,396,232,35,102447
MSpppap:113,MSpppap,113,29581,4581,-459,-456,4042,20.1,392,234,37,130359
MSpppap:114,MSpppap,114,29086,4086,-798,-772,3307,19.9,388,228,35,115646
MSpppap:115,MSpppap,115,29218,4218,-1530,-1680,3253,19.0,389,225,35,118018
MSpppap:116,MSpppap,116,29071,4071,-1560,-1515,3323,19.0,389,218,35,133210
MSpppap:117,MSpppap,117,28968,3968,-2199,-2057,3226,19.1,390,208,36,160494
MSpppap:118,MSpppap,118,29786,4786,-1936,-1870,3265,20.1,383,199,36,145048
MSpppap:119,MSpppap,119,30709,5709,-1368,-811,3713,20.2,381,193,36,144393
MSpppap:120,MSpppap,120,30058,5058,-1477,-1251,3535,21.1,381,193,36,152338
MSpppap:121,MSpppap,121,31083,6083,-805,-508,3182,21.1,380,187,37,166692
MSpppap:122,MSpppap,122,31072,6072,-908,-1138,4270,21.1,380,189,34,138255
MSpppap:123,MSpppap,123,30256,5256,-2973,-1780,1127,21.2,376,182,34,139459
MSpppap:124,MSpppap,124,31597,6597,-347,-283,4552,22.0,375,186,36,177361
MSpppap:125,MSpppap,125,31711,6711,-801,-977,3857,22.2,373,184,36,170374
MSpppap:126,MSpppap,126,29082,4082,-1492,-1537,2636,23.1,374,187,36,170390
MSpppap:127,MSpppap,127,30050,5050,-195,-218,3658,22.2,374,195,36,159542
MSpppap:128,MSpppap,128,30267,5267,-1765,-1772,3144,22.1,374,190,36,191078
MSpppap:129,MSpppap,129,29367,4367,-2619,-2510,2658,22.1,373,190,36,184357
MSpppp:80,MSpppp,80,28902,3902,172,197,3845,26.0,442,320,40,192970
MSpppp:81,MSpppp,81,28473,3473,-20,-72,3453,27.0,449,309,44,212355
MSpppp:82,MSpppp,82,28532,3532,-343,-358,3517,27.0,460,308,44,219897
MSpppp:83,MSpppp,83,28895,3895,217,191,3888,26.0,474,304,44,260951
MSpppp:84,MSpppp,84,28301,3301,-170,-182,3258,24.9,467,293,44,265254
MSpppp:85,MSpppp,85,28195,3195,-673,-703,3028,23.0,457,288,44,274415
MSpppp:86,MSpppp,86,28939,3939,-69,-103,3711,22.1,452,287,44,278014
MSpppp:87,MSpppp,87,28921,3921,-305,-371,3706,22.1,453,279,45,290833
MSpppp:88,MSpppp,88,27265,2265,-1904,-1877,2061,21.9,447,278,45,292419
MSpppp:89,MSpppp,89,29098,4098,122,89,3926,22.0,445,276,45,305843
MSpppp:90,MSpppp,90,28877,3877,109,-41,3582,22.0,447,266,44,247534
MSpppp:91,MSpppp,91,27500,2500,-1429,-1519,1829,24.0,444,263,30,100627
MSpppp:92,MSpppp,92,28309,3309,-567,-747,2774,22.1,440,257,42,226280
MSpppp:93,MSpppp,93,29077,4077,84,-17,3387,21.1,443,252,43,235916
MSpppp:94,MSpppp,94,28970,3970,-193,-248,3185,20.2,441,255,40,217458
MSpppp:95,MSpppp,95,28006,3006,-1097,-1153,2205,20.1,438,239,41,253252
MSpppp:96,MSpppp,96,28925,3925,-239,-291,3274,19.2,447,230,40,264009
MSpppp:97,MSpppp,97,29471,4471,61,-50,3948,19.2,453,230,38,242547
MSpppp:98,MSpppp,98,29387,4387,138,27,3990,19.1,447,224,40,296475
MSpppp:99,MSpppp,99,30755,5755,1232,1149,5553,19.1,444,220,40,292695
MSpppp:100,MSpppp,100,31617,6617,1665,1603,6476,19.1,443,214,40,304177
MSpppp:101,MSpppp,101,33013,8013,3007,2822,7798,18.1,442,214,38,274929
MSpppp:102,MSpppp,102,34643,9643,4670,4581,9452,17.2,435,203,40,323749
MSpppp:103,MSpppp,103,34658,9658,4116,3985,9496,17.0,432,200,38,305327
MSpppp:104,MSpppp,104,35478,10478,4902,4976,9991,16.3,424,200,40,317927
MSpppp:105,MSpppp,105,36869,11869,6443,6546,11531,17.1,429,199,40,347166
MSpppp:106,MSpppp,106,33168,8168,772,1046,7610,17.1,422,198,36,288580
MSpppp:107,MSpppp,107,32658,7658,244,144,7379,18.0,424,195,36,279643
MSppppa:108,MSppppa,108,31639,6639,-438,-328,5314,19.0,406,179,36,226448
MSppppa:109,MSppppa,109,35794,10794,4467,5170,9400,19.0,402,181,36,218968
MSppppa:110,MSppppa,110,39015,14015,6741,7537,12037,19.1,400,178,36,136893
MSppppa:111,MSppppa,111,39293,14293,7073,7797,12788,19.1,397,180,39,156822
MSppppa:112,MSppppa,112,40554,15554,7947,8852,13969,19.0,400,181,39,163701
MSppppa:113,MSppppa,113,39899,14899,6864,7809,13214,17.3,400,181,37,124049
MSppppa:114,MSppppa,114,44071,19071,10774,11538,17845,18.0,401,183,35,134561
MSppppa:115,MSppppa,115,43413,18413,9852,10733,17198,17.3,402,175,37,141867
MSppppa:116,MSppppa,116,47653,22653,14258,15252,21141,17.2,402,174,37,166710
MSppppa:117,MSppppa,117,46686,21686,11823,12870,19988,16.3,404,171,36,147457
MSppppa:118,MSppppa,118,53102,28102,17777,19143,25944,17.1,389,164,36,169969
MSppppa:119,MSppppa,119,51746,26746,17066,18532,24666,17.3,390,162,36,165612
MSppppa:120,MSppppa,120,50508,25508,15956,17492,23801,17.1,382,162,38,184437
MSppppa:121,MSppppa,121,56639,31639,21280,22994,29503,17.1,377,161,37,191352
MSppppa:122,MSppppa,122,54220,29220,17063,18170,27254,17.3,377,158,34,145069
MSppppa:123,MSppppa,123,60055,35055,24288,25299,31233,18.2,370,156,36,188326
MSppppa:124,MSppppa,124,58168,33168,21915,22567,31869,18.1,370,156,36,188647
MSppppa:125,MSppppa,125,60122,35122,24660,25282,33638,18.2,373,156,36,189008
MSppppa:126,MSppppa,126,61678,36678,26817,26834,35833,19.1,369,151,36,208512
MSppppa:127,MSppppa,127,60540,35540,24465,24798,33991,19.1,362,152,36,199965
MSppppa:128,MSppppa,128,63759,38759,27029,27227,36877,19.1,359,156,36,204533
MSppppa:129,MSppppa,129,60231,35231,24001,24344,33172,19.1,358,156,36,214679
MSppppp:108,MSppppp,108,33365,8365,1789,1777,8116,18.0,448,218,32,187553
MSppppp:109,MSppppp,109,37200,12200,6784,6813,11864,18.0,446,217,36,227513
MSppppp:110,MSppppp,110,39561,14561,8193,8176,14404,17.9,448,211,36,145913
MSppppp:111,MSppppp,111,39780,14780,8221,8216,14554,17.2,444,213,37,138395
MSppppp:112,MSppppp,112,43753,18753,12281,12246,18573,17.1,440,211,35,113853
MSppppp:113,MSppppp,113,46029,21029,14441,14482,20882,17.0,443,210,35,135609
MSppppp:114,MSppppp,114,47322,22322,15299,15376,21692,16.9,440,207,35,131641
MSppppp:115,MSppppp,115,46122,21122,14703,14592,20576,16.1,442,207,39,184516
MSppppp:116,MSppppp,116,50579,25579,19077,18950,24983,15.2,440,206,37,172140
MSppppp:117,MSppppp,117,54734,29734,21147,21162,29022,14.9,439,201,34,148712
MSppppp:118,MSppppp,118,55563,30563,22080,22140,29979,15.1,435,194,34,152450
MSppppp:119,MSppppp,119,57521,32521,24472,24354,31985,16.0,435,191,34,155008
MSppppp:120,MSppppp,120,55380,30380,22383,22584,29644,16.1,429,190,36,179427
MSppppp:121,MSppppp,121,55524,30524,21745,22098,29938,16.1,429,188,35,155227
MSppppp:122,MSppppp,122,52152,27152,18561,18636,26565,16.3,428,188,36,167075
MSppppp:123,MSppppp,123,58771,33771,25855,26348,33749,17.0,421,185,36,196751
MSppppp:124,MSppppp,124,61572,36572,27695,28245,35864,16.2,422,182,34,161094
MSppppp:125,MSppppp,125,56211,31211,22140,22457,29927,16.2,425,179,36,195978
MSppppp:126,MSppppp,126,59836,34836,26506,26903,33439,16.2,421,176,34,157466
MSppppp:127,MSppppp,127,71754,46754,37439,37201,46568,16.0,422,176,36,215092
MSppppp:128,MSppppp,128,69144,44144,33803,33185,43972,16.0,423,179,32,162787
MSppppp:129,MSppppp,129,67385,42385,33324,32870,41609,16.0,420,180,36,229774
E:14,E,14,28111,3111,-901,-902,3106,13.2,329,345,41,342515
E:15,E,15,27952,2952,-1510,-1540,2952,15.0,356,354,55,575475
E:16,E,16,28194,3194,-1596,-1596,3194,15.1,353,363,61,773036
E:17,E,17,27851,2851,-1593,-1593,2851,13.7,373,356,62,780212
E:18,E,18,27837,2837,-1717,-1779,2837,12.0,405,351,63,949322
E:19,E,19,27620,2620,-2136,-2188,2620,13.1,393,368,65,1163300
E:20,E,20,27439,2439,-2034,-2088,2439,16.1,390,371,67,1324950
E:21,E,21,27661,2661,-1295,-1334,2661,21.2,401,361,69,1388496
E:22,E,22,27429,2429,-2194,-2193,2429,16.6,389,388,69,1742735
E:23,E,23,27666,2666,-1929,-1926,2666,17.0,392,385,69,1787296
E:24,E,24,27175,2175,-2531,-2531,2175,17.2,393,377,69,1853652
E:25,E,25,27929,2929,-1424,-1425,2929,17.9,414,362,66,995528
E:26,E,26,27723,2723,-1792,-1792,2723,16.3,411,371,59,934786
Ea:27,Ea,27,28697,3697,-980,-1025,3693,18.6,377,373,65,844092
Ea:28,Ea,28,28592,3592,-937,-932,3592,17.8,380,383,66,901241
Ea:29,Ea,29,28161,3161,-1308,-1309,3161,19.6,374,393,67,934153
Ea:30,Ea,30,28304,3304,-713,-713,3304,20.8,365,390,69,1174111
Ea:31,Ea,31,27902,2902,-1538,-1538,2902,21.8,362,391,68,1288695
Ea:32,Ea,32,28252,3252,-1194,-1194,3252,20.9,365,391,69,1449076
Ea:33,Ea,33,27859,2859,-1491,-1491,2859,21.8,366,386,65,1353264
Ea:34,Ea,34,27920,2920,-1406,-1406,2920,22.8,348,365,64,1313052
Ea:35,Ea,35,28415,3415,-1066,-1069,3415,21.2,343,360,65,1397662
Ea:36,Ea,36,28243,3243,-1340,-1346,3243,21.1,335,357,66,1517124
Ea:37,Ea,37,27763,2763,-1872,-1866,2763,21.1,331,357,67,1583841
Ea:38,Ea,38,28209,3209,-1181,-1179,3209,21.1,340,353,67,1639084
Ea:39,Ea,39,28407,3407,-1240,-1243,3407,20.2,333,345,66,1604565
Ea:40,Ea,40,28181,3181,-1333,-1343,3181,20.2,326,342,66,1573517
Ea:41,Ea,41,28585,3585,-733,-733,3585,22.1,327,335,64,1414780
Ea:42,Ea,42,28265,3265,-979,-979,3265,22.0,333,324,64,1395094
Ea:43,Ea,43,28466,3466,-811,-807,3466,21.1,335,320,67,1469483
Ea:44,Ea,44,28119,3119,-976,-1010,3119,21.1,328,320,68,1613033
Ea:45,Ea,45,28040,3040,-1155,-1186,3040,22.0,323,310,68,1650482
Ea:46,Ea,46,28950,3950,-32,-31,3950,21.2,327,296,68,1573780
Ea:47,Ea,47,28190,3190,-864,-864,3190,20.1,329,293,67,1505145
Ea:48,Ea,48,28612,3612,-566,-566,3612,20.1,332,293,67,1489214
Ea:49,Ea,49,28656,3656,-451,-453,3656,20.2,330,284,68,1499045
Ea:50,Ea,50,27968,2968,-951,-950,2968,19.2,329,272,65,1423724
Ea:51,Ea,51,28371,3371,-740,-740,3371,19.0,335,268,65,1496522
Ea:52,Ea,52,28393,3393,-856,-845,3387,17.3,344,258,62,860315
Ea:53,Ea,53,28052,3052,-1080,-1080,3024,17.0,328,270,55,862074
Eal:54,Eal,54,28503,3503,-620,-616,3298,16.4,315,301,53,597746
Eal:55,Eal,55,29939,4939,520,551,4901,17.1,321,308,55,695329
Eal:56,Eal,56,30047,5047,695,704,5017,17.0,316,315,55,736292
Eal:57,Eal,57,30093,5093,589,525,5093,17.9,315,321,55,746353
Eal:58,Eal,58,30186,5186,613,580,5183,17.1,320,325,55,837181
Eal:59,Eal,59,30032,5032,426,380,5032,17.0,318,316,56,926441
Eal:60,Eal,60,30745,5745,943,940,5742,17.3,327,312,55,818088
Eal:61,Eal,61,29968,4968,668,666,4968,18.3,321,312,55,826370
Eal:62,Eal,62,29927,4927,338,328,4927,19.1,309,312,55,800704
Eal:63,Eal,63,29968,4968,560,537,4967,21.0,315,310,59,747509
Eal:64,Eal,64,29646,4646,325,305,4637,21.2,312,305,58,709295
Eal:65,Eal,65,29982,4982,778,759,4976,22.1,311,306,60,791240
Eal:66,Eal,66,29996,4996,931,962,4992,22.1,311,305,60,767106
Eal:67,Eal,67,29920,4920,1036,1040,4919,22.1,310,315,57,720836
Eal:68,Eal,68,30527,5527,1400,1430,5514,22.0,314,317,58,766538
Eal:69,Eal,69,30207,5207,1069,1058,5207,21.1,313,312,56,701739
Eal:70,Eal,70,30517,5517,700,686,5513,20.1,311,305,49,499102
Eal:71,Eal,71,30789,5789,1489,1489,5789,20.1,315,296,48,505414
Eal:72,Eal,72,32019,7019,2328,2319,7019,20.0,311,299,48,493468
Eal:73,Eal,73,30538,5538,817,784,5533,19.2,301,291,48,468465
Eal:74,Eal,74,31796,6796,2019,1908,6769,19.2,298,295,48,554952
Eal:75,Eal,75,31732,6732,2051,1995,6723,18.1,302,294,48,556852
Eal:76,Eal,76,32178,7178,2075,2055,7178,18.1,308,294,48,554717
Eal:77,Eal,77,31419,6419,1306,1305,6419,18.2,314,290,48,540788
Eal:78,Eal,78,31015,6015,1033,1026,6015,18.2,319,292,48,528375
Eal:79,Eal,79,31333,6333,1304,1309,6325,18.1,323,293,48,541265
Eal:80,Eal,80,29576,4576,82,82,4576,18.9,323,286,44,401203
Eala:81,Eala,81,28885,3885,-1121,-1164,3811,18.2,294,277,42,280766
Eala:82,Eala,82,29953,4953,345,344,4953,19.0,287,267,40,278465
Eala:83,Eala,83,32223,7223,2522,2530,7219,19.0,287,264,44,302606
Eala:84,Eala,84,32908,7908,3199,3203,7904,19.0,275,261,44,319780
Eala:85,Eala,85,32292,7292,2504,2504,7271,18.1,269,259,48,442209
Eala:86,Eala,86,33006,8006,3136,3129,7988,18.1,264,253,48,474663
Eala:87,Eala,87,34007,9007,4048,3941,8971,18.1,264,254,49,482948
Eala:88,Eala,88,33679,8679,3780,3729,8658,17.2,260,253,49,495174
Eala:89,Eala,89,34177,9177,4309,4200,9120,16.0,275,259,47,447753
Eala:90,Eala,90,33531,8531,3433,3362,8503,15.2,277,267,48,382099
Eala:91,Eala,91,32837,7837,2806,2612,7800,16.1,274,263,46,355095
Eala:92,Eala,92,33680,8680,3806,3755,8580,16.1,277,261,44,293141
Eala:93,Eala,93,32187,7187,1865,1766,7092,16.1,276,252,43,262397
Eala:94,Eala,94,33675,8675,3445,3381,8499,16.0,274,249,42,279209
Eala:95,Eala,95,33345,8345,2412,2387,8187,15.1,284,248,41,262250
Eala:96,Eala,96,35249,10249,3977,3975,9981,14.1,276,245,40,274066
Eala:97,Eala,97,35194,10194,3657,3587,9694,13.2,275,249,40,267945
Eala:98,Eala,98,34820,9820,3212,3177,9592,13.1,274,256,40,268574
Eala:99,Eala,99,33896,8896,1774,1770,8651,13.1,269,252,40,268466
Eala:100,Eala,100,35522,10522,3785,3772,9387,14.0,266,246,40,285838
Eala:101,Eala,101,36973,11973,4006,4037,8897,13.2,262,244,40,285292
Eala:102,Eala,102,35963,10963,1924,2230,8063,13.0,256,241,40,305589
Eala:103,Eala,103,35908,10908,2041,2656,5556,13.2,256,239,40,290951
Eala:104,Eala,104,36074,11074,3711,3652,7279,14.0,247,243,40,316637
Eala:105,Eala,105,35368,10368,2612,2599,8319,14.1,250,246,40,333273
Eala:106,Eala,106,35597,10597,2042,2008,7771,14.1,248,246,40,311939
Eala:107,Eala,107,36725,11725,3288,3508,7834,14.1,240,248,40,308319
Eala:108,Eala,108,37233,12233,3863,3907,8323,14.0,245,244,40,318842
Eala:109,Eala,109,37116,12116,3553,3553,8807,14.1,248,243,40,331932
Eala:110,Eala,110,38266,13266,2826,3511,6860,13.1,255,241,40,193996
Eala:111,Eala,111,37999,12999,3171,3654,8296,13.0,261,243,39,192078
Eala:112,Eala,112,37264,12264,2369,3056,6811,12.2,263,246,39,188418
Eala:113,Eala,113,37834,12834,1666,2067,7845,12.1,259,248,39,181857
Eala:114,Eala,114,38121,13121,4792,4525,12084,13.1,254,249,39,190952
Eala:115,Eala,115,35818,10818,2366,2123,8511,13.1,264,248,39,199904
Eala:116,Eala,116,35847,10847,1993,1909,8636,13.1,259,245,39,196180
Eala:117,Eala,117,34555,9555,2363,2149,9211,14.1,259,244,38,206346
Eala:118,Eala,118,35996,10996,2682,2609,10033,14.0,269,253,38,195363
Eala:119,Eala,119,35385,10385,2318,2240,9736,14.1,269,254,38,198893
Eala:120,Eala,120,35346,10346,1293,1259,9026,14.1,267,252,38,202224
Eala:121,Eala,121,36671,11671,2433,2543,8202,14.1,271,253,37,181206
Eala:122,Eala,122,36534,11534,2834,2690,6617,14.1,272,251,36,181785
Eala:123,Eala,123,34299,9299,1963,1924,6135,14.1,279,255,36,183740
Eala:124,Eala,124,35681,10681,3346,3307,7681,14.1,280,253,36,199243
Eala:125,Eala,125,35427,10427,1794,1749,5286,12.2,291,243,36,184601
Eala:126,Eala,126,31438,6438,-292,-409,3660,13.1,301,250,36,207486
Eala:127,Eala,127,31189,6189,-1684,-1684,2174,12.0,303,256,32,188463
Ealaa:128,Ealaa,128,31507,6507,-362,-392,5684,12.3,270,244,30,129177
Ealaa:129,Ealaa,129,33083,8083,1448,1243,7538,12.9,269,233,32,136080
Ealap:128,Ealap,128,33637,8637,-1085,-1085,1047,12.1,325,267,30,133543
Ealap:129,Ealap,129,35654,10654,1450,1450,4456,12.1,330,259,32,146112
Ealp:81,Ealp,81,29299,4299,-244,-303,4202,20.0,322,306,36,243416
Ealp:82,Ealp,82,29531,4531,270,277,4511,21.1,332,316,44,302688
Ealp:83,Ealp,83,31803,6803,2569,2496,6704,21.0,337,324,44,324707
Ealp:84,Ealp,84,30502,5502,1464,1280,5371,22.0,336,326,48,407957
Ealp:85,Ealp,85,30262,5262,1441,1477,5088,21.1,334,326,48,443255
Ealp:86,Ealp,86,30136,5136,1210,1267,4322,20.2,335,323,48,400061
Ealp:87,Ealp,87,31715,6715,2050,2134,5534,20.1,340,316,49,444706
Ealp:88,Ealp,88,31024,6024,1524,1552,4973,19.1,345,311,47,412318
Ealp:89,Ealp,89,32295,7295,2609,2603,6134,19.0,347,301,47,422700
Ealp:90,Ealp,90,31713,6713,2183,2129,6423,19.1,350,296,48,374591
Ealp:91,Ealp,91,31122,6122,1783,1592,5976,19.1,339,292,46,299118
Ealp:92,Ealp,92,31982,6982,2621,2478,6735,19.0,334,302,42,256852
Ealp:93,Ealp,93,31199,6199,907,840,5993,18.0,334,298,43,294519
Ealp:94,Ealp,94,32585,7585,2718,2682,7321,17.1,333,301,42,284706
Ealp:95,Ealp,95,31741,6741,1252,1181,6508,16.1,335,297,41,255004
Ealp:96,Ealp,96,33734,8734,3388,3387,8650,15.2,327,295,40,256465
Ealp:97,Ealp,97,32450,7450,2016,2016,7333,15.0,326,297,40,268165
Ealp:98,Ealp,98,32801,7801,2363,2305,7727,15.0,324,295,40,283240
Ealp:99,Ealp,99,33766,8766,3560,3560,8357,15.1,319,287,40,289130
Ealp:100,Ealp,100,33381,8381,2812,2808,7662,15.1,315,285,40,278615
Ealp:101,Ealp,101,32530,7530,2172,2204,6642,15.1,316,283,40,276090
Ealp:102,Ealp,102,32444,7444,2025,2019,7057,15.0,304,281,40,314290
Ealp:103,Ealp,103,33705,8705,2705,2687,8452,16.0,310,280,40,305258
Ealp:104,Ealp,104,33551,8551,2703,2700,7679,15.2,310,272,40,267278
Ealp:105,Ealp,105,34825,9825,4267,4225,9417,16.1,313,268,40,284472
Ealp:106,Ealp,106,31898,6898,1492,1473,6693,16.0,312,269,40,302597
Ealp:107,Ealp,107,32231,7231,1227,1296,6826,15.1,307,267,40,281887
Ealp:108,Ealp,108,34284,9284,3093,3169,9045,15.2,303,268,40,292328
Ealp:109,Ealp,109,32116,7116,1257,1287,7044,16.0,308,267,40,312980
Ealp:110,Ealp,110,33311,8311,2089,2218,8076,16.2,303,268,40,180661
Ealp:111,Ealp,111,32977,7977,1498,1543,7700,16.2,299,276,39,169468
Ealp:112,Ealp,112,33410,8410,2215,2247,8298,16.1,303,277,39,182628
Ealp:113,Ealp,113,33271,8271,749,1107,7882,16.1,301,287,39,174462
Ealp:114,Ealp,114,34250,9250,1511,2216,7759,16.1,305,292,39,194176
Ealp:115,Ealp,115,32704,7704,-1078,92,6288,15.0,309,294,39,187991
Ealp:116,Ealp,116,32646,7646,-920,994,5692,14.1,308,295,39,192550
Ealp:117,Ealp,117,32955,7955,-529,1210,6473,14.1,306,296,38,191933
Ealp:118,Ealp,118,33827,8827,217,2024,7378,14.1,311,303,38,194586
Ealp:119,Ealp,119,34000,9000,375,1582,7632,14.2,314,305,38,197547
Ealp:120,Ealp,120,33923,8923,392,1998,7390,14.2,314,308,38,200812
Ealp:121,Ealp,121,34361,9361,2863,2955,8662,15.0,322,310,37,188146
Ealp:122,Ealp,122,33716,8716,1482,1736,7867,14.2,321,309,36,171367
Ealp:123,Ealp,123,34718,9718,3084,3546,8710,15.1,316,310,36,196726
Ealp:124,Ealp,124,33892,8892,1697,1775,7873,14.2,315,311,36,190955
Ealp:125,Ealp,125,34748,9748,2837,2919,8934,15.0,317,310,36,205832
Ealp:126,Ealp,126,33702,8702,2524,2537,8448,15.0,328,306,36,211169
Ealp:127,Ealp,127,33257,8257,1658,1669,7763,14.3,325,313,36,185971
Ealp:128,Ealp,128,29928,4928,-1435,-1441,4571,16.0,324,308,32,161871
Ealpa:129,Ealpa,129,30922,5922,-369,-509,5071,15.9,299,294,32,150481
Ealpp:129,Ealpp,129,30929,5929,-70,-70,5234,14.9,349,318,32,139415
Ear:54,Ear,54,29042,4042,-417,-441,4042,16.0,331,236,51,554133
Ear:55,Ear,55,29576,4576,139,142,4576,15.1,328,236,55,704783
Ear:56,Ear,56,30358,5358,671,660,5358,14.2,315,243,55,716734
Ear:57,Ear,57,30696,5696,811,812,5696,13.0,312,234,55,791974
Ear:58,Ear,58,29870,4870,-114,-135,4870,14.1,324,224,55,810262
Ear:59,Ear,59,30107,5107,370,377,5107,15.9,326,223,54,841013
Ear:60,Ear,60,30179,5179,76,81,5179,16.1,335,227,57,937702
Ear:61,Ear,61,30783,5783,993,1027,5780,16.2,330,228,57,904398
Ear:62,Ear,62,30285,5285,489,515,5285,17.1,336,222,59,963707
Ear:63,Ear,63,29934,4934,292,357,4934,18.1,338,219,59,798388
Ear:64,Ear,64,30649,5649,982,995,5649,18.1,341,221,58,808513
Ear:65,Ear,65,31015,6015,1279,1306,6015,19.0,343,219,56,786716
Ear:66,Ear,66,29857,4857,416,417,4857,19.0,341,226,54,674683
Ear:67,Ear,67,30013,5013,434,487,5013,19.2,343,229,59,716931
Ear:68,Ear,68,30548,5548,982,994,5548,19.1,340,235,58,726166
Ear:69,Ear,69,31188,6188,1605,1597,6188,19.1,347,240,56,755867
Ear:70,Ear,70,31063,6063,1468,1469,6063,19.0,344,239,49,494814
Ear:71,Ear,71,30683,5683,740,739,5682,18.0,351,235,48,529666
Ear:72,Ear,72,32085,7085,2161,2172,7083,16.2,355,232,48,494642
Ear:73,Ear,73,32047,7047,1842,1822,7039,17.1,358,226,48,506686
Ear:74,Ear,74,32135,7135,1990,2005,7134,17.0,353,218,48,514052
Ear:75,Ear,75,31041,6041,689,687,6040,18.1,355,219,48,541825
Ear:76,Ear,76,32055,7055,1673,1673,7055,16.3,358,222,48,507371
Ear:77,Ear,77,32361,7361,1965,1965,7352,17.0,364,220,48,582831
Ear:78,Ear,78,33231,8231,2818,2819,8217,16.2,363,223,48,571158
Ear:79,Ear,79,32942,7942,2313,2375,7868,15.4,364,218,48,528891
Ear:80,Ear,80,30771,5771,237,237,5759,16.0,372,217,44,418573
Ear:81,Ear,81,29599,4599,-867,-867,4596,17.1,361,221,40,391058
Eara:82,Eara,82,30787,5787,-576,-576,5699,18.0,338,193,36,278296
Eara:83,Eara,83,32962,7962,2463,2415,7846,18.9,334,189,44,348492
Eara:84,Eara,84,32109,7109,1679,1663,7036,18.0,331,180,44,348712
Eara:85,Eara,85,33327,8327,2510,2526,8253,17.3,321,185,48,436838
Eara:86,Eara,86,33719,8719,2448,2472,8650,17.3,317,176,48,461184
Eara:87,Eara,87,33861,8861,2887,3065,8722,17.2,321,181,47,426309
Eara:88,Eara,88,33931,8931,2495,2816,8661,17.0,322,189,47,459751
Eara:89,Eara,89,33055,8055,1652,2119,7743,17.0,324,185,49,511202
Eara:90,Eara,90,32988,7988,1323,1438,7934,16.0,323,190,44,311495
Eara:91,Eara,91,33937,8937,2893,2835,8803,16.1,323,189,46,366370
Eara:92,Eara,92,33295,8295,1996,1824,8033,17.1,319,193,44,307370
Eara:93,Eara,93,34040,9040,3070,3117,8224,17.0,317,193,43,284951
Eara:94,Eara,94,33787,8787,2368,2539,7684,17.0,316,192,42,292854
Eara:95,Eara,95,35620,10620,4120,4249,10069,16.1,321,187,41,260405
Eara:96,Eara,96,34977,9977,2977,3223,8730,15.3,316,186,40,271128
Eara:97,Eara,97,34692,9692,2732,2721,9521,15.1,314,187,40,267608
Eara:98,Eara,98,34649,9649,3159,3129,9151,15.0,315,176,40,279264
Eara:99,Eara,99,35265,10265,3877,3885,9830,14.0,319,179,40,288900
Eara:100,Eara,100,35584,10584,3560,3535,10283,14.0,322,182,40,287684
Eara:101,Eara,101,34742,9742,2848,2858,9587,14.0,317,185,40,297866
Eara:102,Eara,102,34775,9775,2678,2652,8834,13.1,310,177,40,282596
Eara:103,Eara,103,34841,9841,2973,2959,9364,14.0,311,178,40,289991
Eara:104,Eara,104,35209,10209,3073,3073,9248,13.2,314,177,40,302791
Eara:105,Eara,105,34971,9971,2617,2617,9303,13.1,312,183,40,282419
Eara:106,Eara,106,33478,8478,991,998,7461,13.1,313,179,40,298421
Eara:107,Eara,107,34226,9226,1851,1855,8338,13.1,308,180,40,308170
Eara:108,Eara,108,34518,9518,1971,2055,8807,13.0,305,182,40,322870
Eara:109,Eara,109,36124,11124,2823,2851,10166,13.1,307,180,40,319262
Eara:110,Eara,110,34913,9913,1866,1874,8762,13.1,310,177,40,204681
Eara:111,Eara,111,36431,11431,2624,2734,9766,12.1,306,179,39,170138
Eara:112,Eara,112,34385,9385,981,1149,7930,12.1,308,178,39,181619
Eara:113,Eara,113,37524,12524,3973,4076,11408,12.1,303,182,39,197109
Eara:114,Eara,114,37512,12512,3396,3630,10097,12.1,305,174,39,193950
Eara:115,Eara,115,36478,11478,3627,3817,9341,12.0,300,179,39,195894
Eara:116,Eara,116,35686,10686,2230,2371,8835,12.1,298,178,39,190823
Eara:117,Eara,117,35730,10730,2626,2545,7852,13.0,303,179,38,202754
Eara:118,Eara,118,34468,9468,1731,1402,8250,14.0,302,179,38,187139
Eara:119,Eara,119,34949,9949,1927,1842,8585,13.1,303,180,38,187120
Eara:120,Eara,120,35420,10420,2060,2042,9402,13.1,293,185,38,203862
Eara:121,Eara,121,35839,10839,1706,1702,6104,13.0,292,196,37,180657
Eara:122,Eara,122,36373,11373,2786,2707,9850,13.1,303,184,36,180575
Eara:123,Eara,123,35011,10011,2277,2060,7891,14.1,300,185,36,187253
Eara:124,Eara,124,35035,10035,464,619,-556,12.2,289,194,36,180199
Eara:125,Eara,125,36899,11899,1265,1721,161,12.1,305,185,36,190561
Eara:126,Eara,126,37112,12112,940,1734,-7157,12.1,317,184,36,185904
Eara:127,Eara,127,35750,10750,1272,1309,7464,13.0,322,186,36,205156
Eara:128,Eara,128,35539,10539,-283,-283,3117,12.2,326,192,36,206518
Eara:129,Eara,129,32069,7069,-1112,-1112,3610,13.1,330,199,36,224355
Earp:82,Earp,82,29687,4687,-146,-146,4680,17.1,377,257,34,204317
Earp:83,Earp,83,31731,6731,2240,2181,6682,19.0,378,258,44,296925
Earp:84,Earp,84,31756,6756,1285,1282,6753,18.0,377,256,44,317032
Earp:85,Earp,85,33425,8425,3221,3211,8301,18.0,383,252,44,336263
Earp:86,Earp,86,32476,7476,2007,2060,7410,17.0,380,252,46,414301
Earp:87,Earp,87,33352,8352,2461,2566,8250,16.9,383,245,45,360808
Earp:88,Earp,88,33351,8351,3010,2957,8318,16.0,386,240,45,381207
Earp:89,Earp,89,33904,8904,3515,3538,8812,16.1,387,238,47,441507
Earp:90,Earp,90,34255,9255,3187,3177,8983,15.0,378,247,44,320074
Earp:91,Earp,91,34780,9780,3722,3767,9664,15.1,380,252,44,323764
Earp:92,Earp,92,34571,9571,3187,3179,8933,15.1,380,251,44,311492
Earp:93,Earp,93,34927,9927,2944,2968,9494,15.1,380,246,43,293084
Earp:94,Earp,94,33893,8893,2499,2492,8768,15.0,376,249,42,284707
Earp:95,Earp,95,33834,8834,1926,1848,8011,14.2,374,247,41,249145
Earp:96,Earp,96,34336,9336,3425,3440,8966,15.1,373,246,40,282731
Earp:97,Earp,97,32139,7139,1476,1470,6814,15.0,370,237,40,264550
Earp:98,Earp,98,34035,9035,2525,2565,8440,14.1,371,232,40,273979
Earp:99,Earp,99,33864,8864,2453,2326,7977,14.0,377,232,40,273669
Earp:100,Earp,100,34486,9486,2381,2381,7663,13.1,373,232,40,282033
Earp:101,Earp,101,33704,8704,1821,1821,7377,13.1,368,235,40,293744
Earp:102,Earp,102,34693,9693,3225,3212,8768,14.2,367,231,40,283707
Earp:103,Earp,103,33747,8747,2231,2234,8094,15.0,366,228,40,293130
Earp:104,Earp,104,34135,9135,2258,2244,8963,15.1,357,232,40,292600
Earp:105,Earp,105,34232,9232,2028,2045,8354,14.3,359,230,40,265371
Earp:106,Earp,106,34588,9588,3054,3103,9288,15.1,364,226,40,301017
Earp:107,Earp,107,32924,7924,711,703,7794,14.2,362,226,40,273746
Earp:108,Earp,108,32667,7667,1118,1201,7125,15.0,363,226,40,311144
Earp:109,Earp,109,33448,8448,1608,1622,7839,15.1,370,223,40,317167
Earp:110,Earp,110,33705,8705,2227,2216,8414,15.0,365,224,40,199076
Earp:111,Earp,111,34566,9566,2542,2588,9412,15.1,367,226,39,182273
Earp:112,Earp,112,33680,8680,1550,1532,8480,14.2,368,227,39,169396
Earp:113,Earp,113,33695,8695,1782,1796,8310,14.0,365,231,39,183484
Earp:114,Earp,114,35016,10016,3000,3028,9866,14.0,366,231,39,183753
Earp:115,Earp,115,33577,8577,967,985,8247,13.1,374,226,39,183774
Earp:116,Earp,116,34366,9366,2326,2336,9205,13.2,371,233,39,188882
Earp:117,Earp,117,34331,9331,1607,1607,9034,13.1,373,224,38,178315
Earp:118,Earp,118,34862,9862,2662,2661,9129,14.2,373,220,38,189320
Earp:119,Earp,119,33128,8128,1486,1486,7737,15.0,372,217,38,186979
Earp:120,Earp,120,33039,8039,1605,1605,8004,15.1,367,221,38,197729
Earp:121,Earp,121,32175,7175,289,286,7018,15.1,365,227,37,170713
Earp:122,Earp,122,33872,8872,2482,2482,8764,15.2,366,228,36,174304
Earp:123,Earp,123,33692,8692,1773,1805,8550,15.1,367,222,36,179527
Earp:124,Earp,124,34186,9186,2678,2678,9111,15.2,370,220,36,173217
Earp:125,Earp,125,33274,8274,1380,1380,8204,16.0,371,218,36,172927
Earp:126,Earp,126,33779,8779,1739,1727,8757,16.1,367,217,36,179641
Earp:127,Earp,127,32810,7810,909,909,7745,17.0,371,222,36,192478
Earp:128,Earp,128,32482,7482,1434,1434,7420,17.0,370,226,36,190468
Earp:129,Earp,129,33281,8281,1417,1417,8244,16.1,370,230,36,186373
Ep:27,Ep,27,28412,3412,-1591,-1697,3411,14.6,432,376,53,567221
Ep:28,Ep,28,28712,3712,-833,-909,3712,14.3,449,375,66,916610
Ep:29,Ep,29,28236,3236,-1541,-1602,3236,13.6,449,379,67,956943
Ep:30,Ep,30,28356,3356,-1535,-1596,3356,13.7,459,381,69,1115882
Ep:31,Ep,31,28643,3643,-1230,-1294,3643,12.7,442,384,68,1326298
Ep:32,Ep,32,28102,3102,-2068,-2110,3102,11.9,427,380,69,1485796
Ep:33,Ep,33,28310,3310,-1703,-1725,3310,11.9,420,384,65,1460516
Ep:34,Ep,34,28493,3493,-1322,-1385,3493,14.0,407,388,64,1542226
Ep:35,Ep,35,28291,3291,-1350,-1471,3291,15.2,412,379,63,1357017
Ep:36,Ep,36,28032,3032,-1691,-1824,3032,16.1,410,381,64,1580954
Ep:37,Ep,37,27840,2840,-2027,-2140,2840,16.2,407,383,65,1575042
Ep:38,Ep,38,28056,3056,-1786,-1915,3056,16.0,414,372,65,1623496
Ep:39,Ep,39,28064,3064,-1565,-1632,3064,16.2,415,376,64,1486390
Ep:40,Ep,40,28358,3358,-1279,-1325,3358,17.1,414,368,68,1710645
Ep:41,Ep,41,28019,3019,-1659,-1663,3019,17.1,421,360,64,1413153
Ep:42,Ep,42,28458,3458,-991,-1005,3458,18.2,426,351,66,1397270
Ep:43,Ep,43,28451,3451,-1069,-1111,3451,18.0,422,347,65,1371881
Ep:44,Ep,44,28111,3111,-1108,-1183,3111,19.1,424,347,68,1494343
Ep:45,Ep,45,28144,3144,-1083,-1093,3144,20.9,426,344,62,1223333
Ep:46,Ep,46,28396,3396,-471,-469,3396,19.1,415,338,68,1573763
Ep:47,Ep,47,28086,3086,-1389,-1385,3086,18.2,424,332,65,1383609
Ep:48,Ep,48,28205,3205,-1076,-1076,3205,18.8,431,324,61,1278425
Ep:49,Ep,49,28248,3248,-1076,-1076,3248,18.0,427,322,64,1461316
Ep:50,Ep,50,28599,3599,-635,-635,3599,17.2,433,317,65,1439415
Ep:51,Ep,51,28787,3787,-505,-505,3787,16.3,439,307,65,1505958
Ep:52,Ep,52,27891,2891,-1603,-1603,2891,15.4,436,304,60,1138224
Ep:53,Ep,53,27869,2869,-1833,-1833,2869,15.8,433,303,55,903534
Epl:54,Epl,54,28781,3781,-935,-1062,3665,14.0,416,311,55,694655
Epl:55,Epl,55,29091,4091,-676,-687,4089,13.2,404,312,53,621430
Epl:56,Epl,56,29399,4399,-392,-388,4399,13.1,401,312,55,697345
Epl:57,Epl,57,30583,5583,1005,1008,5583,12.8,391,306,55,713014
Epl:58,Epl,58,29897,4897,11,9,4897,11.9,380,316,55,788788
Epl:59,Epl,59,30197,5197,555,564,5197,13.2,385,308,54,802777
Epl:60,Epl,60,29637,4637,-483,-499,4636,13.4,386,309,55,766656
Epl:61,Epl,61,29281,4281,-539,-564,4281,14.1,381,309,57,891595
Epl:62,Epl,62,30284,5284,475,478,5284,14.4,371,305,55,828299
Epl:63,Epl,63,29548,4548,-250,-272,4548,15.2,374,309,57,749716
Epl:64,Epl,64,29392,4392,-21,-27,4391,16.1,362,307,58,817459
Epl:65,Epl,65,30000,5000,605,602,5000,16.0,359,302,56,777850
Epl:66,Epl,66,29403,4403,200,192,4403,16.0,360,300,58,767816
Epl:67,Epl,67,29952,4952,646,652,4952,15.1,369,298,57,718445
Epl:68,Epl,68,30105,5105,891,882,5102,16.1,373,309,54,675684
Epl:69,Epl,69,29789,4789,501,500,4775,16.2,380,313,56,717103
Epl:70,Epl,70,30135,5135,744,739,5117,17.1,381,322,49,470405
Epl:71,Epl,71,29925,4925,650,649,4888,17.0,387,321,48,478544
Epl:72,Epl,72,29835,4835,316,273,4586,15.2,378,320,48,489061
Epl:73,Epl,73,30579,5579,819,861,5362,14.3,378,309,48,506725
Epl:74,Epl,74,30433,5433,618,641,5231,14.3,378,303,48,500474
Epl:75,Epl,75,31171,6171,1364,1352,6156,15.0,380,300,48,536469
Epl:76,Epl,76,30726,5726,668,635,5668,14.0,377,309,48,557977
Epl:77,Epl,77,30864,5864,647,646,5824,14.2,383,313,48,545771
Epl:78,Epl,78,31105,6105,1187,1202,6082,15.1,376,318,48,528888
Epl:79,Epl,79,31027,6027,1033,1050,6009,15.1,371,323,48,552724
Epl:80,Epl,80,31709,6709,1352,1352,6685,14.3,375,320,48,539490
Epl:81,Epl,81,31469,6469,1484,1484,6416,14.2,372,317,48,577551
Epl:82,Epl,82,31382,6382,1378,1395,6368,13.4,364,320,48,532400
Epl:83,Epl,83,30025,5025,-27,-27,5016,14.0,362,318,44,410110
Epl:84,Epl,84,29561,4561,-342,-342,4551,14.1,371,325,42,428620
Epla:85,Epla,85,30717,5717,133,133,4806,14.0,345,300,34,245853
Epla:86,Epla,86,32921,7921,2448,2468,7643,15.0,338,308,44,350688
Epla:87,Epla,87,32936,7936,2706,2683,7364,14.9,339,308,45,342447
Epla:88,Epla,88,30976,5976,768,902,5568,14.1,338,310,47,430822
Epla:89,Epla,89,31989,6989,1278,1315,6738,14.0,338,305,45,360690
Epla:90,Epla,90,32383,7383,2056,2088,6307,13.2,344,312,46,339364
Epla:91,Epla,91,32185,7185,1217,1401,4796,13.2,348,317,44,285329
Epla:92,Epla,92,32680,7680,1673,1653,4645,14.0,360,319,44,290138
Epla:93,Epla,93,33013,8013,598,594,5856,13.1,358,310,43,281716
Epla:94,Epla,94,33626,8626,2481,2369,6607,14.1,369,314,42,285570
Epla:95,Epla,95,32653,7653,1176,1147,5591,14.0,380,314,37,227383
Epla:96,Epla,96,32715,7715,864,948,4291,13.1,380,310,40,274371
Epla:97,Epla,97,34778,9778,1800,2449,4000,12.2,380,310,40,237120
Epla:98,Epla,98,33563,8563,852,1373,3134,12.1,380,308,40,274428
Epla:99,Epla,99,33694,8694,1799,2288,1793,12.0,378,307,40,268763
Epla:100,Epla,100,32972,7972,1358,1355,4386,13.0,368,306,40,285803
Epla:101,Epla,101,31840,6840,662,636,5132,13.1,367,304,40,282144
Epla:102,Epla,102,34633,9633,2394,3155,5404,12.1,360,302,40,276055
Epla:103,Epla,103,32373,7373,-750,-107,1967,12.1,360,297,40,273951
Epla:104,Epla,104,33348,8348,1581,1682,4836,13.0,360,302,40,282168
Epla:105,Epla,105,33482,8482,1402,1550,6515,13.1,362,298,40,295554
Epla:106,Epla,106,32305,7305,837,973,6339,13.0,360,295,40,300723
Epla:107,Epla,107,32493,7493,71,455,5846,12.2,356,291,40,277970
Epla:108,Epla,108,32924,7924,1187,1179,7035,13.0,361,285,40,311293
Epla:109,Epla,109,31580,6580,-271,-147,5686,12.1,359,285,40,306642
Epla:110,Epla,110,34029,9029,1989,2211,7197,12.1,357,286,40,197455
Epla:111,Epla,111,34741,9741,3018,3213,8611,12.1,357,285,39,184571
Epla:112,Epla,112,33722,8722,1418,1685,7841,11.1,356,290,39,177417
Epla:113,Epla,113,33317,8317,1118,1223,7447,11.2,358,285,39,186013
Epla:114,Epla,114,34167,9167,1729,2180,7911,11.0,357,293,39,195397
Epla:115,Epla,115,32791,7791,751,1007,7297,11.0,367,299,39,190055
Epla:116,Epla,116,34279,9279,2669,2704,9027,11.0,374,297,39,189286
Epla:117,Epla,117,32862,7862,19,49,7501,11.0,365,295,38,204550
Epla:118,Epla,118,33344,8344,353,840,7995,10.1,367,295,38,198884
Epla:119,Epla,119,34252,9252,791,1059,7940,10.3,366,300,38,189797
Epla:120,Epla,120,34688,9688,1782,1986,7546,11.1,368,286,38,203178
Epla:121,Epla,121,34136,9136,331,923,3791,11.1,373,297,37,183289
Epla:122,Epla,122,36028,11028,709,2218,5950,10.2,375,297,36,183479
Epla:123,Epla,123,34688,9688,-1595,-263,2385,10.3,373,300,36,171629
Epla:124,Epla,124,32819,7819,-722,-688,5104,11.2,378,305,36,183138
Epla:125,Epla,125,33821,8821,-275,-52,5863,11.2,382,303,36,183078
Epla:126,Epla,126,32155,7155,-603,-603,5601,12.1,396,295,36,175791
Epla:127,Epla,127,31682,6682,-1207,-1209,3517,12.0,394,304,34,171426
Eplaa:128,Eplaa,128,31881,6881,-827,-544,-2318,11.0,374,298,32,147360
Eplaa:129,Eplaa,129,32430,7430,-1225,-684,1081,10.1,379,284,32,137176
Eplap:128,Eplap,128,29815,4815,-1451,-1488,3942,13.1,407,316,32,129125
Eplap:129,Eplap,129,30035,5035,-1368,-1368,3679,13.8,412,319,32,131375
Eplp:85,Eplp,85,29524,4524,-657,-657,4438,15.3,394,350,34,213671
Eplp:86,Eplp,86,31784,6784,1752,1752,6784,16.9,393,356,44,319958
Eplp:87,Eplp,87,30264,5264,740,744,5264,16.2,407,359,47,378193
Eplp:88,Eplp,88,30891,5891,1269,1277,5886,16.9,411,360,45,314494
Eplp:89,Eplp,89,30519,5519,684,691,5478,17.0,415,355,45,347266
Eplp:90,Eplp,90,30707,5707,686,694,5672,16.3,413,350,48,337962
Eplp:91,Eplp,91,30170,5170,756,759,5170,17.1,415,348,46,291279
Eplp:92,Eplp,92,30515,5515,901,900,5515,17.1,424,343,44,253946
Eplp:93,Eplp,93,31082,6082,1041,1070,6071,16.2,419,339,43,229977
Eplp:94,Eplp,94,30573,5573,243,224,5561,16.1,418,343,42,216517
Eplp:95,Eplp,95,31741,6741,1873,1858,6695,17.1,420,338,41,226890
Eplp:96,Eplp,96,30513,5513,-60,10,5448,16.0,418,328,40,224704
Eplp:97,Eplp,97,31665,6665,1275,1278,6611,16.1,412,328,40,226762
Eplp:98,Eplp,98,31240,6240,551,579,6121,15.2,417,327,40,235761
Eplp:99,Eplp,99,32075,7075,1486,1526,6913,15.0,418,325,40,237913
Eplp:100,Eplp,100,31938,6938,1544,1563,6807,15.0,418,327,40,261778
Eplp:101,Eplp,101,31851,6851,734,722,6249,14.2,420,326,40,259803
Eplp:102,Eplp,102,32579,7579,1588,1568,7436,14.0,417,324,40,274124
Eplp:103,Eplp,103,32257,7257,1354,1404,7158,14.1,420,321,40,273370
Eplp:104,Eplp,104,32684,7684,1503,1508,7379,14.2,422,323,40,276663
Eplp:105,Eplp,105,32927,7927,1815,1804,7651,14.0,423,319,40,294029
Eplp:106,Eplp,106,32518,7518,723,722,6895,13.2,419,315,40,276337
Eplp:107,Eplp,107,32540,7540,994,994,6803,13.0,424,320,40,276116
Eplp:108,Eplp,108,34141,9141,2088,2103,8685,13.1,424,322,40,273137
Eplp:109,Eplp,109,32551,7551,-375,-346,5279,12.2,424,315,40,272599
Eplp:110,Eplp,110,32506,7506,-65,-154,6735,13.0,423,318,40,187034
Eplp:111,Eplp,111,33061,8061,331,328,6515,13.0,424,331,39,168628
Eplp:112,Eplp,112,33437,8437,-445,-234,4921,12.2,425,329,39,159102
Eplp:113,Eplp,113,31961,6961,-338,-381,6799,13.1,424,334,39,172550
Eplp:114,Eplp,114,34639,9639,2096,2094,8808,13.1,424,332,39,177276
Eplp:115,Eplp,115,32936,7936,1148,1119,7619,13.1,428,332,39,167545
Eplp:116,Eplp,116,32948,7948,857,881,7540,13.1,432,332,39,164585
Eplp:117,Eplp,117,33482,8482,1350,1351,8079,13.1,431,332,38,176770
Eplp:118,Eplp,118,33021,8021,919,915,7403,13.1,426,335,38,185171
Eplp:119,Eplp,119,31594,6594,-1305,-1305,5743,12.2,428,336,38,181989
Eplp:120,Eplp,120,33176,8176,861,861,7213,12.2,424,328,38,178529
Eplp:121,Eplp,121,34043,9043,967,967,6693,12.1,434,332,37,157483
Eplp:122,Eplp,122,32367,7367,61,99,6588,13.0,437,330,36,175126
Eplp:123,Eplp,123,34564,9564,1763,1753,9147,13.0,434,337,36,171932
Eplp:124,Eplp,124,33075,8075,179,189,7360,13.1,438,339,36,159421
Eplp:125,Eplp,125,33631,8631,1187,1154,6859,13.1,446,344,36,174342
Eplp:126,Eplp,126,32804,7804,446,438,4527,12.1,451,343,36,169798
Eplp:127,Eplp,127,33183,8183,558,576,5121,12.0,452,346,36,182444
Eplp:128,Eplp,128,32028,7028,243,230,2787,12.1,460,341,36,183479
Eplp:129,Eplp,129,32110,7110,-269,-269,1374,12.1,462,342,36,190899
Epr:54,Epr,54,28603,3603,-779,-873,3281,18.2,436,298,55,706953
Epr:55,Epr,55,28797,3797,-458,-455,3797,18.8,445,285,55,686032
Epr:56,Epr,56,28753,3753,-646,-646,3753,18.9,453,285,55,698841
Epr:57,Epr,57,29495,4495,81,76,4495,18.9,462,279,55,708801
Epr:58,Epr,58,29103,4103,-286,-298,4103,19.1,468,275,55,741783
Epr:59,Epr,59,29546,4546,434,434,4546,20.0,461,283,54,772190
Epr:60,Epr,60,28998,3998,-230,-226,3998,19.0,458,287,55,793544
Epr:61,Epr,61,29226,4226,-61,-61,4226,19.2,451,287,57,853681
Epr:62,Epr,62,29190,4190,-359,-370,4190,20.0,444,304,57,879749
Epr:63,Epr,63,29314,4314,-233,-241,4314,19.2,441,319,57,720565
Epr:64,Epr,64,29959,4959,466,467,4959,19.1,435,321,58,798252
Epr:65,Epr,65,29441,4441,198,156,4441,20.1,430,322,60,841443
Epr:66,Epr,66,29585,4585,429,410,4585,20.1,434,318,60,823878
Epr:67,Epr,67,29636,4636,390,391,4636,20.0,440,312,57,679684
Epr:68,Epr,68,29549,4549,116,128,4549,19.3,441,318,54,587292
Epr:69,Epr,69,29615,4615,327,325,4615,19.2,448,307,56,684592
Epr:70,Epr,70,29752,4752,295,295,4752,19.1,452,303,49,485343
Epr:71,Epr,71,30357,5357,932,932,5357,18.2,461,297,48,453368
Epr:72,Epr,72,30777,5777,1346,1346,5777,18.2,449,304,48,434332
Epr:73,Epr,73,29989,4989,420,406,4989,19.0,445,304,48,497798
Epr:74,Epr,74,30215,5215,323,323,5211,18.1,442,303,48,500280
Epr:75,Epr,75,29932,4932,39,34,4898,18.1,441,301,48,492009
Epr:76,Epr,76,31096,6096,1303,1303,6096,18.1,444,301,48,512410
Epr:77,Epr,77,30206,5206,25,27,5203,18.0,447,300,48,515943
Epr:78,Epr,78,30242,5242,146,106,5220,18.1,447,302,48,530207
Epr:79,Epr,79,31190,6190,1399,1399,6190,17.2,446,306,48,536669
Epr:80,Epr,80,30933,5933,1041,1041,5932,18.1,445,300,48,552489
Epr:81,Epr,81,30477,5477,40,40,5473,17.3,444,295,48,510831
Epr:82,Epr,82,28845,3845,-660,-660,3845,18.0,447,300,44,391346
Epra:83,Epra,83,29352,4352,-565,-609,4254,18.0,439,287,40,277692
Epra:84,Epra,84,29885,4885,-66,-67,4822,18.1,440,272,40,272641
Epra:85,Epra,85,32071,7071,2000,2042,6784,17.1,437,264,44,335293
Epra:86,Epra,86,32221,7221,2003,1972,7105,17.0,432,266,44,355857
Epra:87,Epra,87,32417,7417,1840,1905,7194,16.1,434,261,47,430036
Epra:88,Epra,88,31275,6275,1419,1485,5989,16.1,437,262,49,480943
Epra:89,Epra,89,32590,7590,2245,2258,7532,15.2,439,260,47,431895
Epra:90,Epra,90,31989,6989,1838,1856,6613,15.1,440,261,44,320802
Epra:91,Epra,91,32630,7630,2585,2561,7583,16.0,443,264,46,372656
Epra:92,Epra,92,32317,7317,1788,1776,7257,15.1,438,262,44,308707
Epra:93,Epra,93,33500,8500,2135,2175,8195,15.0,434,259,43,303654
Epra:94,Epra,94,33372,8372,1998,2016,8088,14.2,432,260,42,278694
Epra:95,Epra,95,34089,9089,2804,2865,8632,14.1,429,254,41,289685
Epra:96,Epra,96,32589,7589,1830,1819,6861,14.0,427,247,40,287931
Epra:97,Epra,97,31107,6107,339,361,5832,15.0,428,253,40,272400
Epra:98,Epra,98,34097,9097,3220,3212,8307,14.0,427,252,40,293357
Epra:99,Epra,99,33446,8446,2060,2051,8011,14.2,430,254,40,286516
Epra:100,Epra,100,33269,8269,2525,2525,7907,14.1,432,256,40,271582
Epra:101,Epra,101,34024,9024,2945,2956,8483,15.0,427,257,40,295479
Epra:102,Epra,102,33390,8390,1961,1948,7530,14.0,423,253,40,289951
Epra:103,Epra,103,33680,8680,2240,2247,7935,14.0,419,250,40,301506
Epra:104,Epra,104,33563,8563,1891,1887,8147,14.0,412,253,40,305816
Epra:105,Epra,105,33390,8390,2147,2153,8037,14.0,417,250,40,297114
Epra:106,Epra,106,31963,6963,459,464,6484,13.1,420,241,40,306505
Epra:107,Epra,107,33752,8752,2152,2150,8486,14.1,421,246,40,297123
Epra:108,Epra,108,33027,8027,1628,1666,7568,14.1,421,239,40,320313
Epra:109,Epra,109,32656,7656,1167,1179,7075,14.0,420,235,40,317303
Epra:110,Epra,110,33145,8145,873,891,6628,13.1,421,236,40,193499
Epra:111,Epra,111,35239,10239,3082,3084,7723,13.0,416,239,39,185761
Epra:112,Epra,112,33672,8672,1400,1361,6355,13.0,415,242,39,184743
Epra:113,Epra,113,35435,10435,2924,2901,7437,13.0,415,247,39,190203
Epra:114,Epra,114,33401,8401,962,982,5627,13.1,419,242,39,188372
Epra:115,Epra,115,34644,9644,1982,2077,7994,12.1,422,247,39,190903
Epra:116,Epra,116,33954,8954,1709,1797,7065,12.1,426,248,39,190049
Epra:117,Epra,117,33918,8918,1883,1881,8177,12.1,426,249,38,194796
Epra:118,Epra,118,33748,8748,1571,1571,8216,12.2,420,248,38,198244
Epra:119,Epra,119,35092,10092,2109,2109,9342,12.1,424,239,38,193398
Epra:120,Epra,120,33547,8547,1515,1512,7654,12.1,420,242,38,196242
Epra:121,Epra,121,32147,7147,-609,-783,6064,13.0,415,242,37,178078
Epra:122,Epra,122,34543,9543,723,718,6859,12.1,419,244,36,171359
Epra:123,Epra,123,34205,9205,1592,1568,7547,13.1,421,243,36,178209
Epra:124,Epra,124,34268,9268,713,713,7705,12.2,425,243,36,170262
Epra:125,Epra,125,33210,8210,929,921,6142,13.0,440,248,36,176501
Epra:126,Epra,126,32417,7417,-116,-130,5376,13.0,434,239,36,181521
Epra:127,Epra,127,35010,10010,2445,2445,7235,13.2,429,242,36,173325
Epra:128,Epra,128,33337,8337,700,700,6047,13.1,426,239,36,187680
Epra:129,Epra,129,33532,8532,261,261,6626,13.1,429,243,36,187272
Eprp:83,Eprp,83,29227,4227,-1085,-1150,4141,17.1,459,324,38,257339
Eprp:84,Eprp,84,29841,4841,281,281,4837,17.9,464,336,44,331678
Eprp:85,Eprp,85,31777,6777,1819,1819,6767,17.9,469,343,44,319374
Eprp:86,Eprp,86,31819,6819,1851,1868,6817,17.9,476,343,44,330641
Eprp:87,Eprp,87,31817,6817,1281,1292,6689,17.3,483,339,47,379376
Eprp:88,Eprp,88,30730,5730,1028,1040,5730,18.1,484,339,47,378719
Eprp:89,Eprp,89,32149,7149,2512,2502,7149,18.0,485,342,47,403979
Eprp:90,Eprp,90,32101,7101,2253,2243,7082,17.2,481,340,46,311643
Eprp:91,Eprp,91,30632,5632,835,830,5632,18.1,482,333,46,310079
Eprp:92,Eprp,92,31593,6593,1634,1632,6583,18.1,487,318,44,288729
Eprp:93,Eprp,93,30470,5470,790,786,5470,17.1,477,313,43,262227
Eprp:94,Eprp,94,32636,7636,1861,1861,7636,16.1,478,312,42,261068
Eprp:95,Eprp,95,30080,5080,-417,-419,5080,17.0,477,307,41,254837
Eprp:96,Eprp,96,33351,8351,2371,2371,8331,16.2,477,307,38,217536
Eprp:97,Eprp,97,32424,7424,1864,1864,7424,17.1,471,309,40,252482
Eprp:98,Eprp,98,32286,7286,1820,1820,7285,17.2,478,308,40,254030
Eprp:99,Eprp,99,32624,7624,2063,2063,7624,17.0,481,307,40,265153
Eprp:100,Eprp,100,31537,6537,1187,1187,6512,16.0,481,309,40,259124
Eprp:101,Eprp,101,32213,7213,1320,1339,7163,17.0,479,307,40,280134
Eprp:102,Eprp,102,31344,6344,168,159,6169,15.2,473,310,40,258797
Eprp:103,Eprp,103,32531,7531,1413,1429,7449,15.0,475,302,40,276526
Eprp:104,Eprp,104,32519,7519,1517,1519,7384,15.1,474,302,40,289157
Eprp:105,Eprp,105,33215,8215,2080,2045,8049,15.1,475,302,40,275270
Eprp:106,Eprp,106,31900,6900,783,742,6731,16.0,481,306,40,278626
Eprp:107,Eprp,107,33373,8373,1950,1916,8078,15.0,481,306,40,293063
Eprp:108,Eprp,108,33126,8126,1224,1234,7597,15.0,480,313,40,293786
Eprp:109,Eprp,109,33293,8293,1594,1582,7938,15.0,480,310,40,305268
Eprp:110,Eprp,110,33041,8041,651,657,7206,14.2,475,314,40,174360
Eprp:111,Eprp,111,34104,9104,1935,1918,8345,14.1,476,311,39,169919
Eprp:112,Eprp,112,32739,7739,786,836,7612,15.0,465,311,39,179283
Eprp:113,Eprp,113,31727,6727,124,137,6632,15.0,468,308,39,174773
Eprp:114,Eprp,114,32760,7760,583,617,7588,14.1,473,306,39,171388
Eprp:115,Eprp,115,32374,7374,470,499,7050,14.1,475,303,39,176791
Eprp:116,Eprp,116,34301,9301,2434,2414,8972,15.0,479,305,39,184835
Eprp:117,Eprp,117,33717,8717,1653,1646,8329,13.3,477,303,36,129167
Eprp:118,Eprp,118,32523,7523,-5,-5,7187,14.1,478,312,38,176153
Eprp:119,Eprp,119,34307,9307,1467,1467,7862,14.1,478,306,38,170734
Eprp:120,Eprp,120,34330,9330,1462,1464,4036,14.1,473,302,38,195395
Eprp:121,Eprp,121,34270,9270,1042,1042,6510,14.2,479,295,37,171009
Eprp:122,Eprp,122,33542,8542,765,756,156,13.2,474,299,36,162649
Eprp:123,Eprp,123,33486,8486,1100,1107,6186,14.0,467,298,36,165566
Eprp:124,Eprp,124,32908,7908,670,661,5567,14.0,466,294,36,176019
Eprp:125,Eprp,125,33392,8392,1882,1909,6947,14.1,467,301,36,168883
Eprp:126,Eprp,126,33788,8788,1564,1572,6196,13.2,476,300,36,157903
Eprp:127,Eprp,127,32396,7396,538,537,7157,16.0,469,309,36,173269
Eprp:128,Eprp,128,32710,7710,1158,1162,7332,15.1,476,303,36,171622
Eprp:129,Eprp,129,31950,6950,1305,1305,6717,17.1,483,307,36,178940
P2:3,P2,3,29053,4053,178,178,4053,14.0,475,326,48,504407
P2:4,P2,4,28258,3258,-747,-747,3258,14.7,462,339,57,595753
P2:5,P2,5,28373,3373,-448,-448,3373,14.2,467,337,62,771989
P2:6,P2,6,27827,2827,-1308,-1308,2827,14.4,466,350,63,854983
P2:7,P2,7,27794,2794,-1299,-1299,2794,15.1,498,350,63,977120
P2:8,P2,8,27359,2359,-1452,-1452,2359,16.2,513,347,63,1153986
P2:9,P2,9,27985,2985,-567,-567,2985,16.3,537,321,63,1325419
P2:10,P2,10,27767,2767,-769,-769,2767,16.3,534,317,58,1177488
P2:11,P2,11,27527,2527,-924,-924,2527,15.4,518,319,59,1178573
P2:12,P2,12,27606,2606,-904,-904,2606,13.1,482,315,59,1219854
P2:13,P2,13,27324,2324,-1190,-1190,2324,12.3,466,325,60,1409177
P2:14,P2,14,27446,2446,-927,-927,2446,13.2,479,337,61,1263219
P2:15,P2,15,27957,2957,-459,-459,2957,14.0,484,318,55,854301
C:16,C,16,27863,2863,-1155,-1181,2863,14.0,493,287,53,613694
C:17,C,17,27999,2999,-1353,-1354,2999,13.1,489,277,56,718892
C:18,C,18,27850,2850,-1529,-1529,2850,12.4,494,265,61,815361
C:19,C,19,27469,2469,-1958,-1958,2469,10.6,492,271,65,970165
C:20,C,20,27798,2798,-1974,-1974,2798,9.4,489,277,65,1043569
C:21,C,21,27633,2633,-2275,-2275,2633,8.7,451,307,67,1170805
C:22,C,22,27830,2830,-2527,-2527,2830,8.7,467,254,69,1400562
C:23,C,23,27737,2737,-2445,-2445,2737,9.2,478,247,69,1546093
C:24,C,24,27674,2674,-2145,-2145,2674,10.1,495,250,69,1698929
C:25,C,25,27482,2482,-2539,-2539,2482,10.5,478,242,72,2127722
C:26,C,26,27336,2336,-2316,-2311,2336,11.3,466,230,71,2093978
C:27,C,27,27396,2396,-2014,-2015,2396,11.7,454,236,65,1223398
C:28,C,28,27584,2584,-1531,-1532,2584,12.0,434,225,56,835161
Ca:29,Ca,29,27657,2657,-1302,-1371,2577,11.1,411,217,36,279245
Ca:30,Ca,30,28819,3819,-1027,-1125,3817,10.5,396,222,59,633403
Ca:31,Ca,31,28791,3791,-1235,-1246,3791,10.2,395,238,62,807786
Ca:32,Ca,32,28356,3356,-1699,-1696,3356,10.6,388,227,69,1013224
Ca:33,Ca,33,28390,3390,-1927,-1930,3390,9.9,388,233,65,1090687
Ca:34,Ca,34,27897,2897,-2187,-2182,2897,11.0,400,251,64,1181896
Ca:35,Ca,35,28516,3516,-1878,-1892,3516,10.2,396,250,63,1176654
Ca:36,Ca,36,28417,3417,-1639,-1664,3417,10.0,394,246,62,1247846
Ca:37,Ca,37,28167,3167,-2283,-2321,3167,9.2,406,244,63,1306980
Ca:38,Ca,38,28390,3390,-1822,-1833,3390,10.0,403,252,65,1509923
Ca:39,Ca,39,28824,3824,-1579,-1597,3824,10.6,399,262,62,1332428
Ca:40,Ca,40,28530,3530,-1854,-1854,3530,10.0,403,262,62,1436879
Ca:41,Ca,41,28315,3315,-1475,-1475,3315,11.7,402,262,62,1367612
Ca:42,Ca,42,28700,3700,-1163,-1163,3700,11.8,389,258,60,1354164
Ca:43,Ca,43,28673,3673,-1257,-1257,3673,11.3,390,253,63,1441302
Ca:44,Ca,44,28563,3563,-1291,-1293,3563,12.0,394,249,62,1001164
Ca:45,Ca,45,28438,3438,-1332,-1332,3438,11.3,383,267,58,929049
Caa:46,Caa,46,28871,3871,-1236,-1325,3868,10.4,378,238,48,445704
Caa:47,Caa,47,29678,4678,-569,-593,4678,10.2,391,238,57,660204
Caa:48,Caa,48,29345,4345,-732,-773,4345,10.6,392,238,61,772319
Caa:49,Caa,49,29976,4976,-513,-554,4976,9.9,391,242,62,927481
Caa:50,Caa,50,29976,4976,-280,-295,4976,9.6,392,254,61,904182
Caa:51,Caa,51,30631,5631,-102,-116,5631,9.6,392,254,59,914579
Caa:52,Caa,52,31171,6171,394,395,6171,8.8,392,241,56,936102
Caa:53,Caa,53,31032,6032,-284,-288,6032,9.0,383,236,55,889960
Caa:54,Caa,54,32072,7072,1129,1129,7072,9.0,393,237,55,888645
Caa:55,Caa,55,31626,6626,173,173,6626,9.0,391,242,55,891166
Caa:56,Caa,56,32175,7175,1052,1050,7175,8.2,388,251,55,887571
Caa:57,Caa,57,32064,7064,1011,1008,7064,8.1,388,243,55,891614
Caa:58,Caa,58,32756,7756,1745,1745,7756,8.2,386,247,57,1000808
Caa:59,Caa,59,32228,7228,814,823,7228,8.9,384,244,54,922539
Caa:60,Caa,60,32931,7931,1775,1778,7931,8.3,378,246,57,984612
Caa:61,Caa,61,32331,7331,984,984,7331,8.3,369,244,55,918255
Caa:62,Caa,62,33456,8456,2202,2199,8456,8.8,360,243,53,845559
Caa:63,Caa,63,33071,8071,1790,1793,8071,9.1,361,238,55,809783
Caa:64,Caa,64,31870,6870,487,487,6870,10.1,361,241,54,732374
Caa:65,Caa,65,29406,4406,-2279,-2279,4406,9.2,372,243,48,511335
Caaa:66,Caaa,66,30468,5468,-1145,-1145,5468,8.2,354,210,38,270982
Caaa:67,Caaa,67,37021,12021,5333,5333,12021,7.3,366,201,43,275330
Caaa:68,Caaa,68,34997,9997,3930,3930,9997,7.5,375,200,50,453457
Caaa:69,Caaa,69,35204,10204,3663,3661,10202,8.0,362,205,50,468724
Caaa:70,Caaa,70,37055,12055,5228,5228,12045,8.0,372,208,45,342916
Caaa:71,Caaa,71,38580,13580,7381,7345,13573,8.1,372,201,46,405867
Caaa:72,Caaa,72,38749,13749,7715,7632,13739,8.0,370,206,46,430155
Caaa:73,Caaa,73,39796,14796,7999,7880,14790,8.0,369,221,44,363666
Caaa:74,Caaa,74,39459,14459,7900,7867,14459,8.2,371,221,48,481381
Caaa:75,Caaa,75,40226,15226,8682,8663,15226,8.1,371,237,48,485872
Caaa:76,Caaa,76,40139,15139,8093,8083,15139,8.1,370,248,46,429879
Caaa:77,Caaa,77,40694,15694,8761,8766,15694,8.1,379,258,48,485706
Caaa:78,Caaa,78,41874,16874,9938,9938,16874,8.0,374,263,46,435494
Caaa:79,Caaa,79,44416,19416,12539,12539,19416,8.1,372,269,48,515950
Caaa:80,Caaa,80,46160,21160,14313,14327,21160,8.1,378,270,48,491451
Caaa:81,Caaa,81,46721,21721,14871,14875,21720,8.2,376,272,48,510412
Caaa:82,Caaa,82,49189,24189,16418,16421,24188,8.2,372,264,46,439558
Caaa:83,Caaa,83,45958,20958,13766,13788,20958,8.1,373,266,48,518551
Caaa:84,Caaa,84,48219,23219,15340,15348,23219,8.0,372,272,46,477970
Caaa:85,Caaa,85,50115,25115,17870,17870,25099,8.0,363,289,46,492216
Caaa:86,Caaa,86,49112,24112,16334,16334,24112,8.2,364,292,46,480929
Caaa:87,Caaa,87,50564,25564,17393,17393,25554,8.9,368,301,45,435513
Caaa:88,Caaa,88,33700,8700,-464,-490,8673,9.0,368,308,45,408922
Caaaa:89,Caaaa,89,34261,9261,189,186,9118,7.1,360,275,35,207205
Caaaa:90,Caaaa,90,53903,28903,19307,19307,28867,7.1,354,294,34,171189
Caaaa:91,Caaaa,91,54633,29633,21827,21989,29479,7.9,357,303,42,246583
Caaaa:92,Caaaa,92,57252,32252,24263,24290,32172,8.0,361,312,40,232198
Caaaa:93,Caaaa,93,58568,33568,25787,25772,33507,7.3,372,312,41,215280
Caaaa:94,Caaaa,94,60041,35041,26102,26214,34925,8.0,380,325,38,220930
Caaaa:95,Caaaa,95,58426,33426,24507,24980,33192,8.2,391,332,41,246631
Caaaa:96,Caaaa,96,58554,33554,24683,24853,33143,7.3,388,332,40,224813
Caaaa:97,Caaaa,97,63133,38133,29386,29529,37905,8.1,391,344,40,250996
Caaaa:98,Caaaa,98,60724,35724,25876,25985,35417,7.3,396,341,38,212345
Caaaa:99,Caaaa,99,60694,35694,26160,26134,35617,7.2,395,349,38,219706
Caaaa:100,Caaaa,100,63248,38248,28549,28538,38149,7.3,397,351,38,216759
Caaaa:101,Caaaa,101,67591,42591,33528,33599,42515,8.0,402,350,40,266744
Caaaa:102,Caaaa,102,65291,40291,31142,31184,40221,7.2,400,346,40,253301
Caaaa:103,Caaaa,103,66463,41463,32282,32309,41396,7.3,391,351,40,266659
Caaaa:104,Caaaa,104,75167,50167,38524,38500,50112,7.9,393,356,36,226697
Caaaa:105,Caaaa,105,70319,45319,35769,35785,45266,7.2,395,355,40,276668
Caaaa:106,Caaaa,106,69670,44670,35185,35189,44604,7.2,399,358,40,287653
Caaaa:107,Caaaa,107,67526,42526,32350,32330,42473,7.3,405,357,40,275765
Caaaa:108,Caaaa,108,68217,43217,33603,33581,43160,7.2,413,349,40,286864
Caaaa:109,Caaaa,109,73753,48753,38673,38684,48692,7.2,406,349,40,298068
Caaaa:110,Caaaa,110,70469,45469,35169,35156,45414,7.1,410,349,40,202367
Caaaa:111,Caaaa,111,76532,51532,40412,40420,51455,7.1,411,350,39,186416
Caaaa:112,Caaaa,112,74323,49323,38574,38595,49188,7.2,424,351,39,184742
Caaaa:113,Caaaa,113,82716,57716,47011,46982,57612,7.2,429,362,39,185126
Caaaa:114,Caaaa,114,79044,54044,43155,43111,53923,7.3,433,363,39,190715
Caaaa:115,Caaaa,115,77140,52140,40637,40704,52044,7.4,441,372,39,188550
Caaaa:116,Caaaa,116,73479,48479,35312,35276,48406,7.3,444,376,37,165295
Caaaa:117,Caaaa,117,84571,59571,47304,47301,59502,8.1,454,374,38,215192
Caaaa:118,Caaaa,118,84063,59063,46959,46943,58775,8.1,455,373,38,217130
Caaaa:119,Caaaa,119,77704,52704,38927,38890,52630,7.2,450,368,38,204381
Caaaa:120,Caaaa,120,84987,59987,47755,47627,59849,8.0,447,362,38,230108
Caaaa:121,Caaaa,121,83296,58296,44668,44563,57898,8.0,450,360,37,210196
Caaaa:122,Caaaa,122,42560,17560,920,776,17096,7.9,443,358,32,189083
Caaaa:123,Caaaa,123,42994,17994,2290,2285,17726,8.1,451,361,36,200788
Caaaaa:124,Caaaaa,124,48214,23214,8553,8553,22958,7.2,408,352,30,134151
Caaaaa:125,Caaaaa,125,76504,51504,40441,40441,51379,7.1,406,346,32,141799
Caaaaa:126,Caaaaa,126,74666,49666,39148,39148,49520,6.5,396,331,34,130588
Caaaaa:127,Caaaaa,127,75183,50183,39291,39305,49812,6.4,393,331,34,134499
Caaaaa:128,Caaaaa,128,70437,45437,35365,35583,44432,6.3,398,331,36,165269
Caaaaa:129,Caaaaa,129,74991,49991,38910,39655,47787,6.5,400,325,34,125559
Caaaap:124,Caaaap,124,49475,24475,9462,9403,22207,8.0,464,362,28,117888
Caaaap:125,Caaaap,125,82780,57780,46375,47027,55783,7.9,471,364,32,137026
Caaaap:126,Caaaap,126,84324,59324,45589,47466,56252,7.9,470,363,32,141972
Caaaap:127,Caaaap,127,74786,49786,39168,39424,48936,7.2,469,362,34,150534
Caaaap:128,Caaaap,128,80515,55515,45099,45423,54704,7.2,472,358,34,150318
Caaaap:129,Caaaap,129,80019,55019,44897,45147,53394,7.0,473,353,34,153518
Caaap:89,Caaap,89,33772,8772,184,184,8772,9.1,393,344,35,213050
Caaap:90,Caaap,90,47267,22267,12902,12902,22267,8.3,399,359,34,162806
Caaap:91,Caaap,91,49982,24982,18473,18732,24912,8.9,411,366,42,235634
Caaap:92,Caaap,92,52903,27903,20011,20400,27621,9.1,418,386,40,236885
Caaap:93,Caaap,93,53622,28622,20100,20143,28507,9.1,407,386,39,234788
Caaap:94,Caaap,94,60003,35003,26892,26859,34625,9.2,409,390,38,224252
Caaap:95,Caaap,95,58395,33395,24239,24477,32703,9.9,423,393,37,212465
Caaap:96,Caaap,96,59393,34393,25621,26110,33574,10.0,428,397,38,245790
Caaap:97,Caaap,97,63029,38029,27432,27921,36901,10.0,444,395,36,213004
Caaap:98,Caaap,98,60792,35792,27104,27224,35434,9.3,451,392,38,250095
Caaap:99,Caaap,99,65402,40402,30625,30925,39954,10.0,453,397,38,255131
Caaap:100,Caaap,100,62672,37672,28809,28814,37455,10.1,446,402,38,258371
Caaap:101,Caaap,101,68241,43241,34932,34897,42941,10.1,452,393,38,281965
Caaap:102,Caaap,102,63359,38359,28723,28704,38167,9.2,450,388,38,253410
Caaap:103,Caaap,103,63190,38190,29677,29662,38068,9.3,441,390,40,279860
Caaap:104,Caaap,104,68255,43255,33864,33864,43012,9.2,447,386,38,286553
Caaap:105,Caaap,105,69891,44891,35144,35208,44613,9.1,452,388,38,291715
Caaap:106,Caaap,106,70171,45171,36091,36212,44887,10.0,454,386,40,323414
Caaap:107,Caaap,107,70529,45529,36397,36673,45173,10.0,456,390,40,331015
Caaap:108,Caaap,108,71043,46043,36851,37157,45553,9.1,461,386,40,323250
Caaap:109,Caaap,109,71436,46436,36625,36717,46006,9.3,460,386,38,294870
Caaap:110,Caaap,110,68247,43247,33489,33540,42922,9.1,464,381,40,203903
Caaap:111,Caaap,111,75657,50657,40437,40874,50047,10.1,466,381,39,205400
Caaap:112,Caaap,112,75198,50198,38698,38799,49776,9.2,481,379,37,177185
Caaap:113,Caaap,113,70560,45560,34716,34805,45224,10.1,485,380,39,203870
Caaap:114,Caaap,114,73348,48348,37789,37870,47923,10.1,485,382,39,210281
Caaap:115,Caaap,115,77630,52630,40911,41161,51417,11.0,496,390,37,202562
Caaap:116,Caaap,116,74098,49098,39303,39303,48808,11.1,495,398,39,223412
Caaap:117,Caaap,117,70055,45055,33835,33835,44391,12.1,495,399,38,226345
Caaap:118,Caaap,118,66626,41626,30084,30108,41025,11.3,498,391,38,216757
Caaap:119,Caaap,119,50516,25516,11643,11643,25304,12.1,493,393,36,219066
Caaap:120,Caaap,120,40647,15647,3090,3090,15527,11.5,498,387,38,233158
Caaapa:121,Caaapa,121,40642,15642,3762,3762,15124,10.0,500,380,33,143139
Caaapa:122,Caaapa,122,64207,39207,26920,26920,39002,9.1,500,372,32,147349
Caaapa:123,Caaapa,123,73017,48017,38213,38213,47851,8.9,502,374,32,143197
Caaapa:124,Caaapa,124,76772,51772,41236,41274,51137,9.1,501,377,32,135932
Caaapa:125,Caaapa,125,74303,49303,38332,38959,47259,9.2,507,379,34,161705
Caaapa:126,Caaapa,126,72007,47007,33096,35756,42729,8.4,502,377,34,141030
Caaapa:127,Caaapa,127,74452,49452,39878,40274,47799,9.1,506,381,34,169272
Caaapa:128,Caaapa,128,74773,49773,40275,40412,48269,9.2,506,381,34,169765
Caaapa:129,Caaapa,129,71658,46658,36525,37172,45420,9.2,506,375,36,194756
Caaapp:121,Caaapp,121,38858,13858,1097,1097,10689,15.0,509,383,33,124546
Caaapp:122,Caaapp,122,48039,23039,13056,13056,20045,15.0,511,382,32,134158
Caaapp:123,Caaapp,123,59022,34022,25186,25426,31220,16.0,513,372,32,127112
Caaapp:124,Caaapp,124,51374,26374,17749,18261,20646,15.3,509,370,36,153020
Caaapp:125,Caaapp,125,55882,30882,21243,21695,23795,15.2,512,375,34,137906
Caaapp:126,Caaapp,126,57252,32252,23387,23942,29444,14.2,520,375,36,174782
Caaapp:127,Caaapp,127,54790,29790,19806,19806,24560,14.4,520,374,36,160842
Caaapp:128,Caaapp,128,61402,36402,25724,25718,32520,15.2,518,371,34,160573
Caaapp:129,Caaapp,129,59320,34320,23643,23720,31200,15.3,522,361,34,142161
Caap:66,Caap,66,30284,5284,-1806,-1806,5284,8.3,385,269,34,215990
Caap:67,Caap,67,33815,8815,3042,3055,8815,8.2,394,268,43,292105
Caap:68,Caap,68,32811,7811,1977,1978,7811,8.0,405,274,48,405873
Caap:69,Caap,69,33216,8216,2120,2119,8216,8.3,408,293,48,421316
Caap:70,Caap,70,34992,9992,4189,4189,9992,8.9,415,305,45,342460
Caap:71,Caap,71,36377,11377,5399,5419,11374,8.2,413,312,44,356682
Caap:72,Caap,72,36922,11922,5916,5898,11914,8.8,416,315,44,359415
Caap:73,Caap,73,37320,12320,6202,6189,12320,8.1,421,319,44,383694
Caap:74,Caap,74,37872,12872,6659,6659,12872,8.1,421,321,44,376967
Caap:75,Caap,75,38341,13341,7149,7151,13341,8.1,424,327,44,388755
Caap:76,Caap,76,39502,14502,8347,8351,14502,8.1,426,337,44,369938
Caap:77,Caap,77,38681,13681,7321,7320,13680,8.9,429,333,44,367615
Caap:78,Caap,78,41030,16030,9556,9555,16030,8.8,426,338,44,378572
Caap:79,Caap,79,40360,15360,9111,9089,15360,8.8,421,339,44,378303
Caap:80,Caap,80,42455,17455,11174,11169,17455,8.1,424,339,44,391344
Caap:81,Caap,81,42554,17554,10934,10945,17554,8.8,429,342,44,384935
Caap:82,Caap,82,42838,17838,11332,11331,17838,8.1,431,339,44,394579
Caap:83,Caap,83,44096,19096,12327,12333,19096,8.0,426,351,44,406867
Caap:84,Caap,84,47807,22807,16310,16310,22807,8.0,423,362,44,424222
Caap:85,Caap,85,45858,20858,14387,14387,20858,8.0,419,370,44,428000
Caap:86,Caap,86,49411,24411,17620,17620,24411,8.0,419,375,44,434594
Caap:87,Caap,87,47759,22759,15991,15993,22759,8.0,425,382,45,448131
Caap:88,Caap,88,47519,22519,16579,16579,22518,9.0,442,391,47,534783
Caap:89,Caap,89,49090,24090,17925,17926,24031,9.9,443,391,45,452264
Caap:90,Caap,90,50348,25348,18579,18585,25332,9.0,449,393,44,388135
Caap:91,Caap,91,46444,21444,14763,14904,21330,10.0,456,394,44,404762
Caap:92,Caap,92,46445,21445,13879,14376,21113,10.2,462,403,42,361545
Caap:93,Caap,93,33484,8484,-1164,-624,7892,11.1,446,401,39,319424
Caapa:94,Caapa,94,33624,8624,-782,1360,6737,9.4,442,408,34,186856
Caapa:95,Caapa,95,38673,13673,4853,7302,11467,9.5,455,410,35,181177
Caapa:96,Caapa,96,40531,15531,7159,9915,13227,9.9,459,416,36,233154
Caapa:97,Caapa,97,43451,18451,9261,11947,15714,10.0,475,412,36,239856
Caapa:98,Caapa,98,41797,16797,9458,10797,15872,10.1,490,409,36,241368
Caapa:99,Caapa,99,43733,18733,11292,12649,17651,10.9,494,410,36,250487
Caapa:100,Caapa,100,44034,19034,13054,13617,18295,11.1,492,413,36,259424
Caapa:101,Caapa,101,43114,18114,12451,13000,17411,11.2,496,409,36,251199
Caapa:102,Caapa,102,43784,18784,12773,12977,18023,11.8,489,408,36,253488
Caapa:103,Caapa,103,42291,17291,11338,11573,16686,11.2,484,410,36,252459
Caapa:104,Caapa,104,41567,16567,9608,10331,15508,11.1,484,408,36,277280
Caapa:105,Caapa,105,47130,22130,15162,15677,20617,11.8,487,408,36,281753
Caapa:106,Caapa,106,41875,16875,10463,11289,15834,11.8,492,407,36,282533
Caapa:107,Caapa,107,45882,20882,14150,15123,19884,11.7,496,405,36,282637
Caapa:108,Caapa,108,44309,19309,10707,12051,17670,11.8,492,406,36,299931
Caapa:109,Caapa,109,46168,21168,12355,13361,19864,12.2,491,407,36,314177
Caapa:110,Caapa,110,44502,19502,11072,11759,18778,12.0,492,408,36,209922
Caapa:111,Caapa,111,44740,19740,9666,12036,17380,12.0,493,406,37,213589
Caapa:112,Caapa,112,48533,23533,13188,13494,20252,12.9,504,400,35,171794
Caapa:113,Caapa,113,48003,23003,13992,14097,20868,14.1,511,398,35,185433
Caapa:114,Caapa,114,47211,22211,12604,12808,19587,14.0,513,393,35,178925
Caapa:115,Caapa,115,49098,24098,13166,13281,15796,15.1,512,396,35,185960
Caapa:116,Caapa,116,44823,19823,11255,11255,15419,16.1,513,404,35,174156
Caapa:117,Caapa,117,46990,21990,12643,12643,15851,17.1,507,403,34,183830
Caapa:118,Caapa,118,43845,18845,9968,9968,17579,17.1,513,403,34,180681
Caapa:119,Caapa,119,43917,18917,10977,10977,17918,17.3,517,408,36,198004
Caapa:120,Caapa,120,42280,17280,9128,9128,16933,17.3,518,403,36,193891
Caapa:121,Caapa,121,42892,17892,9373,9373,16306,19.1,517,402,33,158361
Caapa:122,Caapa,122,42608,17608,9305,9305,14467,19.1,522,397,34,190207
Caapa:123,Caapa,123,44927,19927,10275,11223,13874,19.0,523,392,32,179050
Caapa:124,Caapa,124,43269,18269,7814,9275,13568,18.4,522,385,34,174587
Caapa:125,Caapa,125,45769,20769,10905,11783,15493,18.3,528,386,34,190063
Caapa:126,Caapa,126,44681,19681,7886,9514,10193,18.1,526,372,36,241684
Caapa:127,Caapa,127,41265,16265,4934,5723,10974,19.1,519,365,36,239844
Caapa:128,Caapa,128,44702,19702,10391,10849,14375,20.1,516,362,36,246775
Caapa:129,Caapa,129,41847,16847,6547,6751,12245,20.2,511,370,36,215651
Caapp:94,Caapp,94,33377,8377,-42,-42,7741,14.1,460,421,36,230699
Caapp:95,Caapp,95,43543,18543,11217,11234,17888,15.2,473,420,37,223938
Caapp:96,Caapp,96,49508,24508,17787,17787,23775,16.1,471,425,36,221042
Caapp:97,Caapp,97,43018,18018,11653,11746,17054,16.2,481,425,40,241571
Caapp:98,Caapp,98,49415,24415,17299,17269,24046,17.0,479,427,38,241670
Caapp:99,Caapp,99,48988,23988,17451,17454,23382,17.1,479,427,40,267896
Caapp:100,Caapp,100,50634,25634,19070,19112,24921,17.1,476,430,40,267368
Caapp:101,Caapp,101,49580,24580,17905,17897,23733,17.1,481,426,40,265488
Caapp:102,Caapp,102,49505,24505,17178,17392,23289,17.0,469,423,40,291116
Caapp:103,Caapp,103,49932,24932,18075,18280,23547,16.2,465,426,40,272400
Caapp:104,Caapp,104,51348,26348,19276,19470,25200,16.2,462,425,40,284369
Caapp:105,Caapp,105,48896,23896,17090,17546,22228,16.2,467,426,40,287824
Caapp:106,Caapp,106,48258,23258,16005,16289,22423,17.1,468,422,40,289006
Caapp:107,Caapp,107,50937,25937,18991,19143,25166,17.1,472,423,40,307988
Caapp:108,Caapp,108,52080,27080,19739,19927,26196,16.2,468,426,38,271809
Caapp:109,Caapp,109,50876,25876,19152,19191,24998,17.1,472,423,40,306714
Caapp:110,Caapp,110,50425,25425,18608,18608,24594,17.2,473,425,40,191638
Caapp:111,Caapp,111,51765,26765,19151,19151,25895,17.1,474,423,39,181603
Caapp:112,Caapp,112,51207,26207,17630,17737,24732,17.1,484,417,39,180832
Caapp:113,Caapp,113,50952,25952,18336,18305,25748,19.0,487,414,39,186905
Caapp:114,Caapp,114,50010,25010,17886,17869,24498,19.1,492,414,39,182545
Caapp:115,Caapp,115,48893,23893,16439,16299,23707,21.0,483,417,39,176868
Caapp:116,Caapp,116,44586,19586,11463,11312,18926,20.2,485,420,37,145620
Caapp:117,Caapp,117,46890,21890,14699,14593,21267,22.1,480,419,38,178791
Caapp:118,Caapp,118,46221,21221,12339,12142,20024,21.1,488,418,36,150486
Caapp:119,Caapp,119,45245,20245,11465,11212,19325,22.1,491,412,36,172416
Caapp:120,Caapp,120,49543,24543,15857,15739,23914,23.0,487,414,38,207664
Caapp:121,Caapp,121,46560,21560,13270,13150,20526,23.2,486,411,37,176161
Caapp:122,Caapp,122,48670,23670,14117,13910,22680,23.1,493,408,36,179827
Caapp:123,Caapp,123,48577,23577,13466,13388,22395,22.2,496,406,36,184442
Caapp:124,Caapp,124,43338,18338,8454,8590,17480,21.3,496,405,36,174200
Caapp:125,Caapp,125,47680,22680,13153,13048,22038,22.0,499,405,36,209686
Caapp:126,Caapp,126,42940,17940,8112,8413,17190,20.1,505,400,36,222313
Caapp:127,Caapp,127,35008,10008,-224,201,9112,19.3,500,401,36,208317
Caappd:128,Caappd,128,37201,12201,1775,1965,9926,18.8,501,411,32,125440
Caappd:129,Caappd,129,43885,18885,8617,8579,18613,16.1,503,411,32,133416
Caappv:128,Caappv,128,37076,12076,2233,2763,5977,21.1,499,399,32,140142
Caappv:129,Caappv,129,36182,11182,3007,3897,6746,22.1,495,397,34,160518
Cap:46,Cap,46,28529,3529,-1428,-1440,3524,10.3,405,291,48,479658
Cap:47,Cap,47,29941,4941,54,54,4941,10.2,420,307,59,696864
Cap:48,Cap,48,29422,4422,-753,-770,4422,10.6,421,324,61,776339
Cap:49,Cap,49,30251,5251,44,66,5251,9.4,425,352,60,831994
Cap:50,Cap,50,29673,4673,-432,-433,4673,9.6,442,373,61,907324
Cap:51,Cap,51,30443,5443,223,230,5443,9.0,442,368,59,970904
Cap:52,Cap,52,30274,5274,-216,-216,5274,8.9,424,377,56,912503
Cap:53,Cap,53,31682,6682,914,914,6682,8.1,426,367,55,844896
Cap:54,Cap,54,30857,5857,403,403,5857,8.2,433,373,55,891923
Cap:55,Cap,55,31384,6384,930,930,6384,8.9,433,378,55,899799
Cap:56,Cap,56,31245,6245,789,788,6245,9.9,422,386,55,924770
Cap:57,Cap,57,31547,6547,1283,1283,6547,9.9,422,385,55,927560
Cap:58,Cap,58,31668,6668,1397,1396,6668,10.2,427,390,55,951500
Cap:59,Cap,59,32339,7339,1845,1846,7339,9.9,425,380,54,938628
Cap:60,Cap,60,32742,7742,1756,1756,7742,9.2,423,371,53,862134
Cap:61,Cap,61,32559,7559,1731,1731,7559,9.1,424,364,55,952548
Cap:62,Cap,62,32606,7606,1652,1652,7606,10.0,419,361,53,865544
Cap:63,Cap,63,32626,7626,1854,1867,7626,9.1,416,359,55,801783
Cap:64,Cap,64,33318,8318,2444,2444,8318,9.0,405,360,54,822624
Cap:65,Cap,65,33111,8111,2136,2136,8111,8.8,397,359,54,806422
Cap:66,Cap,66,32941,7941,2285,2272,7941,9.1,390,369,54,829341
Cap:67,Cap,67,29616,4616,-1215,-1215,4616,9.2,396,369,41,366189
Capa:68,Capa,68,30000,5000,-1668,-1707,4904,7.4,389,357,36,232614
Capa:69,Capa,69,35282,10282,3910,3910,10275,7.2,379,362,36,232589
Capa:70,Capa,70,34857,9857,3902,3902,9857,7.9,377,368,45,326113
Capa:71,Capa,71,34767,9767,3470,3470,9761,7.9,382,381,44,342481
Capa:72,Capa,72,34385,9385,3228,3228,9385,7.1,385,382,44,339827
Capa:73,Capa,73,35997,10997,5044,5044,10995,8.0,396,385,44,374676
Capa:74,Capa,74,35584,10584,4180,4171,10584,7.9,393,380,44,367037
Capa:75,Capa,75,34190,9190,2796,2794,9190,7.9,398,387,44,381614
Capa:76,Capa,76,36529,11529,5836,5845,11522,8.9,398,396,44,380393
Capa:77,Capa,77,35556,10556,4460,4425,10551,8.3,390,393,46,433757
Capa:78,Capa,78,36286,11286,5646,5600,11280,9.0,389,392,44,390319
Capa:79,Capa,79,35467,10467,4902,4897,10455,9.1,390,396,46,455995
Capa:80,Capa,80,37589,12589,7099,7139,12581,10.0,400,395,44,409379
Capa:81,Capa,81,38318,13318,7160,7171,13290,9.9,402,399,44,398419
Capa:82,Capa,82,35893,10893,4889,4895,10888,9.2,401,398,44,409766
Capa:83,Capa,83,36499,11499,6319,6357,11487,10.1,395,405,44,414854
Capa:84,Capa,84,35740,10740,5336,5300,10725,12.1,384,409,44,421287
Capa:85,Capa,85,35739,10739,5911,5958,10739,13.2,381,420,46,491454
Capa:86,Capa,86,36507,11507,6632,6709,11489,14.0,391,424,44,449383
Capa:87,Capa,87,35224,10224,5572,5634,10215,15.1,392,428,45,437275
Capa:88,Capa,88,36396,11396,6531,6679,11345,16.9,395,433,45,444187
Capa:89,Capa,89,35828,10828,5769,6002,10653,18.1,398,429,47,532062
Capa:90,Capa,90,34365,9365,4757,5007,9108,20.0,405,434,48,469491
Capa:91,Capa,91,33998,8998,4466,4706,8643,21.1,414,430,46,413012
Capa:92,Capa,92,33178,8178,3213,3306,7779,22.1,436,426,44,334879
Capa:93,Capa,93,32892,7892,2818,2827,7568,22.2,442,423,43,284655
Capa:94,Capa,94,32949,7949,2259,2399,7124,23.2,458,416,42,303449
Capa:95,Capa,95,32630,7630,2491,2507,7424,26.1,469,402,41,291879
Capa:96,Capa,96,31776,6776,1692,1704,6274,27.0,470,391,40,276477
Capa:97,Capa,97,31716,6716,1809,1808,6201,28.0,462,390,40,253059
Capa:98,Capa,98,32366,7366,2634,2636,7291,28.1,457,387,40,245006
Capa:99,Capa,99,32373,7373,2654,2651,7324,28.0,460,383,40,253260
Capa:100,Capa,100,30464,5464,562,550,5397,28.1,451,381,40,267548
Capa:101,Capa,101,31109,6109,1353,1304,5989,27.1,450,370,40,242724
Capa:102,Capa,102,30834,5834,1151,1127,5342,26.2,447,358,38,207155
Capa:103,Capa,103,30585,5585,1102,1124,5549,27.0,457,359,40,273981
Capa:104,Capa,104,30964,5964,1129,1104,5845,26.1,452,361,40,265366
Capa:105,Capa,105,28273,3273,-1160,-1160,3133,26.0,449,356,36,235875
Capaa:106,Capaa,106,29126,4126,107,74,3617,25.0,424,348,36,167650
Capaa:107,Capaa,107,28667,3667,-270,-339,3012,25.0,409,351,36,180263
Capaa:108,Capaa,108,30790,5790,1408,1470,5449,25.0,402,355,38,187882
Capaa:109,Capaa,109,30457,5457,1172,1125,5213,25.1,407,348,40,205706
Capaa:110,Capaa,110,32152,7152,1994,1969,6815,26.1,404,352,27,44479
Capaa:111,Capaa,111,31238,6238,1775,1766,5781,26.0,411,351,35,95863
Capaa:112,Capaa,112,31087,6087,1664,1773,5713,26.0,412,347,35,95863
Capaa:113,Capaa,113,30852,5852,1122,1120,5436,26.0,413,342,35,95863
Capaa:114,Capaa,114,29989,4989,372,392,4535,26.0,414,337,35,95863
Capaa:115,Capaa,115,30688,5688,1222,1197,5052,26.0,415,332,35,107184
Capaa:116,Capaa,116,30211,5211,392,290,4832,26.0,415,332,35,107184
Capaa:117,Capaa,117,30397,5397,489,489,5040,25.0,412,324,27,46219
Capaa:118,Capaa,118,29845,4845,-47,-12,3129,24.0,415,323,34,104232
Capaa:119,Capaa,119,30380,5380,676,752,4967,23.1,417,322,36,135994
Capaa:120,Capaa,120,30071,5071,304,292,4869,22.0,422,315,36,133992
Capaa:121,Capaa,121,31598,6598,1768,1887,6273,23.0,419,314,33,100757
Capaa:122,Capaa,122,30305,5305,379,351,4773,22.0,412,315,34,107673
Capaa:123,Capaa,123,29812,4812,192,288,3488,23.1,410,317,36,136724
Capaa:124,Capaa,124,30784,5784,1141,1282,4911,23.1,408,314,34,110793
Capaa:125,Capaa,125,30220,5220,31,77,4921,23.1,411,321,36,140692
Capaa:126,Capaa,126,31609,6609,1520,1523,6037,24.0,408,327,36,149198
Capaa:127,Capaa,127,32058,7058,1468,1604,6151,24.0,402,337,36,149601
Capaa:128,Capaa,128,33028,8028,1871,2074,5983,23.3,399,343,34,125123
Capaa:129,Capaa,129,32124,7124,1047,917,5320,23.2,391,344,36,170617
Capap:106,Capap,106,28558,3558,-1442,-1484,3255,25.2,470,363,34,186606
Capap:107,Capap,107,30219,5219,79,158,4326,25.1,474,370,36,226461
Capap:108,Capap,108,32458,7458,2114,2322,6612,26.0,469,375,36,235023
Capap:109,Capap,109,33234,8234,1771,1813,4983,25.0,480,370,29,117587
Capap:110,Capap,110,33257,8257,3071,3067,7023,27.0,479,378,36,157137
Capap:111,Capap,111,33157,8157,2352,2781,4725,26.1,481,377,39,173406
Capap:112,Capap,112,32115,7115,1674,1675,6049,27.1,470,379,39,165299
Capap:113,Capap,113,32384,7384,1583,1733,4954,27.1,469,373,37,141650
Capap:114,Capap,114,31782,6782,1534,1616,4592,28.0,468,367,39,169176
Capap:115,Capap,115,31888,6888,1523,1621,6053,27.1,458,360,37,145791
Capap:116,Capap,116,31163,6163,417,452,5663,28.0,452,358,37,146418
Capap:117,Capap,117,31741,6741,969,1216,5881,27.1,448,354,29,63483
Capap:118,Capap,118,31196,6196,1248,1221,5738,27.0,447,350,34,108972
Capap:119,Capap,119,31329,6329,1341,1157,5602,25.0,447,349,34,112485
Capap:120,Capap,120,30791,5791,431,545,4917,24.0,446,350,38,164060
Capap:121,Capap,121,32092,7092,1610,1667,5942,23.9,441,349,33,96992
Capap:122,Capap,122,34272,9272,3187,3119,6437,21.2,438,354,29,60459
Capap:123,Capap,123,32323,7323,2196,2301,6039,24.0,438,351,36,153879
Capap:124,Capap,124,32293,7293,1748,1955,6254,23.2,438,346,36,146189
Capap:125,Capap,125,30860,5860,-261,-192,3251,23.1,443,359,36,156909
Capap:126,Capap,126,31988,6988,1374,1477,5359,24.0,445,354,36,174465
Capap:127,Capap,127,32550,7550,2205,2225,6289,25.0,434,363,36,184459
Capap:128,Capap,128,31764,6764,1141,1572,4394,24.0,433,362,36,178854
Capap:129,Capap,129,31406,6406,563,389,4693,25.0,427,366,36,186421
Capp:68,Capp,68,30217,5217,-156,-175,5120,10.3,423,373,34,214755
Capp:69,Capp,69,32301,7301,2293,2293,7280,10.2,428,385,40,263937
Capp:70,Capp,70,33552,8552,3422,3415,8543,10.8,436,392,45,327964
Capp:71,Capp,71,34051,9051,4027,4049,9035,12.0,436,402,44,353397
Capp:72,Capp,72,33314,8314,3257,3373,8259,12.1,440,411,46,435765
Capp:73,Capp,73,33375,8375,3812,3827,8306,13.1,439,421,44,394113
Capp:74,Capp,74,32850,7850,3206,3208,7835,14.1,435,428,44,406195
Capp:75,Capp,75,33852,8852,4437,4451,8839,14.1,437,428,44,404257
Capp:76,Capp,76,33200,8200,3506,3551,8179,14.1,437,427,44,418805
Capp:77,Capp,77,34243,9243,4083,4091,9232,13.9,433,417,44,416394
Capp:78,Capp,78,34927,9927,4988,4980,9905,13.1,436,417,44,412240
Capp:79,Capp,79,36082,11082,5584,5656,11062,13.9,434,419,44,410538
Capp:80,Capp,80,35084,10084,4644,4747,10030,14.0,445,416,44,425926
Capp:81,Capp,81,35403,10403,5076,5089,10367,14.0,449,416,44,416144
Capp:82,Capp,82,34528,9528,4383,4470,9502,13.1,452,417,44,418711
Capp:83,Capp,83,35236,10236,5488,5522,10209,13.1,451,417,46,480478
Capp:84,Capp,84,35645,10645,5428,5432,10636,13.0,445,422,44,449702
Capp:85,Capp,85,36143,11143,6019,6040,11143,14.2,446,425,46,508668
Capp:86,Capp,86,34197,9197,3579,3737,9184,14.4,450,423,46,462508
Capp:87,Capp,87,35445,10445,4844,4962,10420,15.1,451,419,45,435700
Capp:88,Capp,88,34959,9959,4462,4752,9712,16.0,444,419,45,423380
Capp:89,Capp,89,34661,9661,3424,3955,8912,15.9,439,417,45,459863
Capp:90,Capp,90,34300,9300,3669,3942,8886,16.0,434,414,46,413274
Capp:91,Capp,91,33525,8525,3107,3550,7997,17.0,442,420,46,412204
Capp:92,Capp,92,33664,8664,2677,3122,7799,17.2,459,420,44,323175
Capp:93,Capp,93,34701,9701,3014,3407,9044,17.3,472,415,43,294555
Capp:94,Capp,94,35547,10547,4591,4683,9439,19.1,481,406,42,331496
Capp:95,Capp,95,33716,8716,2152,2152,7893,20.2,490,391,41,318484
Capp:96,Capp,96,33489,8489,2054,2054,8264,21.1,483,387,40,297383
Capp:97,Capp,97,32461,7461,2037,2035,7402,22.0,474,386,40,323481
Capp:98,Capp,98,30145,5145,-692,-694,4628,21.1,479,389,36,269438
Cappa:99,Cappa,99,29005,4005,-1178,-1205,3901,19.4,451,386,34,161793
Cappa:100,Cappa,100,32398,7398,1617,1884,6891,19.2,452,395,36,201096
Cappa:101,Cappa,101,33709,8709,1411,2279,7542,19.1,455,400,36,205608
Cappa:102,Cappa,102,34505,9505,2422,3643,7666,19.2,452,396,40,253422
Cappa:103,Cappa,103,33849,8849,1388,2884,5557,19.1,458,403,40,266626
Cappa:104,Cappa,104,35940,10940,3462,4016,7833,20.1,451,411,36,234992
Cappa:105,Cappa,105,35552,10552,3556,4635,7768,20.1,455,413,40,287296
Cappa:106,Cappa,106,35003,10003,3545,4067,5823,21.1,456,411,40,300797
Cappa:107,Cappa,107,33404,8404,2044,2555,5407,21.1,454,410,40,284177
Cappa:108,Cappa,108,32857,7857,806,1584,5969,20.1,452,406,40,294169
Cappa:109,Cappa,109,33067,8067,2551,2481,7315,21.1,447,397,38,245111
Cappa:110,Cappa,110,33442,8442,2643,2670,7736,22.1,453,399,36,149916
Cappa:111,Cappa,111,34177,9177,3027,3020,8652,23.0,450,403,39,172984
Cappa:112,Cappa,112,33647,8647,1689,1749,7439,21.2,456,403,39,176130
Cappa:113,Cappa,113,31962,6962,569,568,6266,22.1,448,399,39,177046
Cappa:114,Cappa,114,31642,6642,724,793,5871,22.1,445,401,39,178323
Cappa:115,Cappa,115,31900,6900,623,1200,5696,22.0,445,397,39,179865
Cappa:116,Cappa,116,31553,6553,-86,420,5383,21.1,447,397,39,181511
Cappa:117,Cappa,117,31248,6248,-553,247,4452,21.1,449,395,38,173162
Cappa:118,Cappa,118,31617,6617,-88,411,5063,21.1,450,399,38,195090
Cappa:119,Cappa,119,31905,6905,547,901,4836,21.0,456,397,38,214028
Cappa:120,Cappa,120,33263,8263,2032,2188,6883,20.1,456,398,38,215547
Cappa:121,Cappa,121,33008,8008,1932,2000,6996,20.2,455,394,37,187595
Cappa:122,Cappa,122,32474,7474,1966,1838,6646,19.1,462,394,36,187471
Cappa:123,Cappa,123,32870,7870,2442,2394,6677,19.0,456,386,36,193400
Cappa:124,Cappa,124,31891,6891,872,972,6057,19.1,452,378,36,184962
Cappa:125,Cappa,125,31155,6155,-551,-513,5107,17.2,455,379,36,183974
Cappa:126,Cappa,126,32464,7464,1054,1092,6185,18.0,453,376,36,210189
Cappa:127,Cappa,127,32064,7064,803,1230,5334,17.2,442,369,36,203741
Cappa:128,Cappa,128,31610,6610,-326,323,5170,17.0,438,372,36,213719
Cappa:129,Cappa,129,31209,6209,-205,729,4591,16.3,433,372,36,205436
Cappp:99,Cappp,99,28872,3872,-1806,-1761,3483,23.1,497,381,34,194523
Cappp:100,Cappp,100,32926,7926,2037,2125,7116,23.9,498,380,36,224892
Cappp:101,Cappp,101,31848,6848,1110,1400,6553,24.2,495,376,38,226377
Cappp:102,Cappp,102,32553,7553,2416,2772,7043,25.0,497,371,40,252780
Cappp:103,Cappp,103,31937,6937,2237,2411,6452,25.0,506,375,38,256040
Cappp:104,Cappp,104,31626,6626,1119,1456,5426,24.1,500,377,40,265728
Cappp:105,Cappp,105,34221,9221,3817,4087,8051,24.1,503,377,40,286360
Cappp:106,Cappp,106,32428,7428,1421,1342,6215,22.1,505,366,38,248935
Cappp:107,Cappp,107,32485,7485,1019,1093,6524,22.2,498,375,40,275124
Cappp:108,Cappp,108,32079,7079,771,1202,6007,22.1,486,376,40,280696
Cappp:109,Cappp,109,32427,7427,872,1198,4499,23.1,485,370,40,307935
Cappp:110,Cappp,110,32129,7129,990,1207,6501,22.1,484,369,38,166079
Cappp:111,Cappp,111,32804,7804,1461,1849,6101,23.1,484,373,39,166326
Cappp:112,Cappp,112,30502,5502,-388,-334,4734,23.1,479,368,37,138363
Cappp:113,Cappp,113,32218,7218,1017,1126,5892,24.1,480,371,39,165024
Cappp:114,Cappp,114,33701,8701,2792,2776,7560,24.2,468,375,29,68718
Cappp:115,Cappp,115,30451,5451,-954,-776,3978,24.2,470,374,39,167099
Cappp:116,Cappp,116,31151,6151,447,469,5311,24.1,466,372,39,183899
Cappp:117,Cappp,117,31535,6535,531,672,5520,25.0,469,371,38,171236
Cappp:118,Cappp,118,31680,6680,929,932,5477,24.1,462,378,38,175457
Cappp:119,Cappp,119,30351,5351,-257,-164,4362,24.1,473,370,38,182323
Cappp:120,Cappp,120,31371,6371,279,662,5311,24.1,473,371,38,174592
Cappp:121,Cappp,121,31081,6081,-29,235,5149,24.1,471,370,37,179164
Cappp:122,Cappp,122,31247,6247,395,875,4901,23.1,473,371,36,188661
Cappp:123,Cappp,123,31511,6511,658,978,3999,22.1,463,371,36,191085
Cappp:124,Cappp,124,32040,7040,824,1001,5379,23.0,464,365,36,204520
Cappp:125,Cappp,125,32576,7576,1902,1878,5575,21.2,459,363,36,191256
Cappp:126,Cappp,126,32448,7448,1611,1883,5168,21.1,463,362,36,210694
Cappp:127,Cappp,127,31128,6128,260,319,4641,21.1,456,367,36,207167
Cappp:128,Cappp,128,31397,6397,1092,1110,4621,21.0,451,368,36,203206
Cappp:129,Cappp,129,31040,6040,179,227,5161,22.0,447,369,36,203485
Cp:29,Cp,29,28976,3976,-870,-898,3923,11.4,452,231,71,929674
Cp:30,Cp,30,28380,3380,-1225,-1278,3380,11.3,459,245,59,633566
Cp:31,Cp,31,28335,3335,-1177,-1174,3335,13.0,473,246,68,948468
Cp:32,Cp,32,28091,3091,-1654,-1670,3091,12.0,483,250,69,1068268
Cp:33,Cp,33,28413,3413,-1285,-1286,3413,11.8,484,250,65,1036118
Cp:34,Cp,34,28034,3034,-1754,-1772,3034,11.8,487,261,64,1148361
Cp:35,Cp,35,28285,3285,-1864,-1869,3285,11.1,484,276,63,1218945
Cp:36,Cp,36,28204,3204,-1556,-1551,3204,12.8,497,272,60,1173020
Cp:37,Cp,37,28343,3343,-1536,-1537,3343,12.8,496,265,61,1221923
Cp:38,Cp,38,28157,3157,-1658,-1677,3157,13.8,498,257,61,1286185
Cp:39,Cp,39,28335,3335,-1790,-1800,3335,13.0,500,268,64,1613740
Cp:40,Cp,40,27974,2974,-2075,-2094,2974,13.7,496,277,62,1406025
Cp:41,Cp,41,28716,3716,-1097,-1090,3716,13.8,502,280,62,1490103
Cp:42,Cp,42,28308,3308,-1959,-1960,3308,13.2,497,272,64,1697227
Cp:43,Cp,43,28209,3209,-1923,-1923,3209,14.0,502,271,65,1747920
Cp:44,Cp,44,28451,3451,-1419,-1419,3451,13.9,501,270,62,1127786
Cp:45,Cp,45,28441,3441,-1726,-1726,3441,12.3,486,280,60,950698
Cpa:46,Cpa,46,29175,4175,-1048,-1066,4175,11.1,497,252,42,374793
Cpa:47,Cpa,47,30105,5105,-441,-457,5105,10.3,504,257,57,663846
Cpa:48,Cpa,48,29905,4905,-874,-875,4905,10.0,500,265,61,780270
Cpa:49,Cpa,49,29908,4908,-575,-575,4908,9.7,503,270,62,858985
Cpa:50,Cpa,50,30402,5402,-151,-151,5402,9.7,512,270,61,911313
Cpa:51,Cpa,51,29489,4489,-1311,-1317,4489,9.7,501,261,59,910377
Cpa:52,Cpa,52,30285,5285,-661,-677,5285,9.8,504,270,56,932776
Cpa:53,Cpa,53,30466,5466,-410,-410,5466,9.2,496,260,57,985208
Cpa:54,Cpa,54,30944,5944,301,301,5944,10.0,496,264,57,988104
Cpa:55,Cpa,55,31085,6085,-110,-110,6085,10.0,496,266,55,950225
Cpa:56,Cpa,56,31502,6502,937,937,6502,10.0,489,269,59,1117484
Cpa:57,Cpa,57,31450,6450,644,644,6450,9.9,480,272,55,922320
Cpa:58,Cpa,58,31196,6196,174,174,6196,9.1,485,287,57,1027184
Cpa:59,Cpa,59,31571,6571,449,449,6571,9.2,472,273,58,1084873
Cpa:60,Cpa,60,32476,7476,1179,1179,7476,9.1,481,273,55,975761
Cpa:61,Cpa,61,32602,7602,1201,1201,7602,9.2,477,269,55,959448
Cpa:62,Cpa,62,32161,7161,808,808,7161,10.2,466,273,57,1069908
Cpa:63,Cpa,63,31732,6732,1003,1003,6732,11.0,467,269,57,887168
Cpa:64,Cpa,64,29344,4344,-1720,-1720,4344,10.9,462,273,54,696536
Cpaa:65,Cpaa,65,29800,4800,-1494,-1494,4792,9.3,474,242,38,253445
Cpaa:66,Cpaa,66,33567,8567,2040,2048,8567,9.0,472,240,42,304574
Cpaa:67,Cpaa,67,33176,8176,1673,1748,8176,8.3,464,236,49,371410
Cpaa:68,Cpaa,68,33439,8439,2083,2097,8439,8.1,471,227,52,491150
Cpaa:69,Cpaa,69,33869,8869,2429,2411,8860,7.8,470,240,50,451856
Cpaa:70,Cpaa,70,34902,9902,3437,3437,9902,7.9,480,247,45,330598
Cpaa:71,Cpaa,71,36012,11012,4362,4362,11012,8.1,489,243,46,415962
Cpaa:72,Cpaa,72,37189,12189,5739,5733,12189,8.1,488,251,46,428147
Cpaa:73,Cpaa,73,36460,11460,4624,4624,11460,8.1,491,257,44,351666
Cpaa:74,Cpaa,74,37352,12352,5509,5509,12352,8.1,493,261,44,361459
Cpaa:75,Cpaa,75,37397,12397,5430,5430,12397,8.1,493,267,44,375923
Cpaa:76,Cpaa,76,37420,12420,5385,5385,12420,8.2,494,275,46,426167
Cpaa:77,Cpaa,77,37017,12017,5482,5471,12017,9.0,495,279,48,503875
Cpaa:78,Cpaa,78,37983,12983,6289,6246,12983,9.0,499,283,46,431648
Cpaa:79,Cpaa,79,39155,14155,7406,7363,14155,9.1,494,284,48,504209
Cpaa:80,Cpaa,80,38609,13609,7316,7299,13609,9.1,500,285,48,514134
Cpaa:81,Cpaa,81,39964,14964,8609,8559,14964,9.1,492,279,48,524231
Cpaa:82,Cpaa,82,39912,14912,7632,7617,14912,8.3,484,271,48,494207
Cpaa:83,Cpaa,83,39255,14255,7209,7192,14255,8.2,484,271,48,512837
Cpaa:84,Cpaa,84,40604,15604,8593,8593,15604,8.3,480,281,46,452936
Cpaa:85,Cpaa,85,41515,16515,10194,10201,16515,9.1,458,291,48,566758
Cpaa:86,Cpaa,86,32249,7249,-550,-560,7249,9.0,454,292,44,413266
Cpaaa:87,Cpaaa,87,31050,6050,-1790,-1609,5052,9.9,441,286,45,299515
Cpaaa:88,Cpaaa,88,37156,12156,4074,4244,12040,9.0,422,273,33,198821
Cpaaa:89,Cpaaa,89,42511,17511,9417,10144,17406,8.3,430,277,41,256428
Cpaaa:90,Cpaaa,90,43262,18262,10719,11521,18083,8.8,422,279,44,253692
Cpaaa:91,Cpaaa,91,43405,18405,10709,11185,18305,8.1,421,288,42,229435
Cpaaa:92,Cpaaa,92,45187,20187,13115,13142,20142,8.0,426,302,40,222876
Cpaaa:93,Cpaaa,93,49794,24794,17231,17227,24763,8.0,431,300,39,204869
Cpaaa:94,Cpaaa,94,47901,22901,14745,15031,22743,8.1,431,312,40,237653
Cpaaa:95,Cpaaa,95,50989,25989,17469,17855,25753,8.2,441,326,41,232505
Cpaaa:96,Cpaaa,96,47944,22944,14909,15053,22699,8.0,442,328,40,245845
Cpaaa:97,Cpaaa,97,48280,23280,15096,15326,23091,7.3,443,327,40,215376
Cpaaa:98,Cpaaa,98,51462,26462,18084,18506,26133,7.2,447,324,40,220516
Cpaaa:99,Cpaaa,99,52888,27888,19752,20116,27488,7.1,449,322,40,238726
Cpaaa:100,Cpaaa,100,57792,32792,24188,24323,32481,7.2,456,326,38,227298
Cpaaa:101,Cpaaa,101,56787,31787,23576,23939,31415,7.2,458,316,40,238914
Cpaaa:102,Cpaaa,102,56355,31355,22401,22617,30975,7.2,455,305,40,245678
Cpaaa:103,Cpaaa,103,60720,35720,27268,27425,35407,7.2,447,309,40,256066
Cpaaa:104,Cpaaa,104,57341,32341,23215,23197,32191,7.1,449,308,38,235706
Cpaaa:105,Cpaaa,105,60688,35688,25811,25964,35411,7.2,452,308,38,235455
Cpaaa:106,Cpaaa,106,61672,36672,27878,28254,36316,7.1,445,303,40,258727
Cpaaa:107,Cpaaa,107,62820,37820,28371,28565,37514,7.1,444,304,40,275179
Cpaaa:108,Cpaaa,108,63075,38075,29159,29231,37919,7.1,442,295,40,271601
Cpaaa:109,Cpaaa,109,66187,41187,32726,32965,40970,7.1,436,292,40,278681
Cpaaa:110,Cpaaa,110,65928,40928,30898,30916,40817,7.2,433,286,38,162838
Cpaaa:111,Cpaaa,111,68062,43062,32842,32803,42951,7.1,429,288,39,166716
Cpaaa:112,Cpaaa,112,68707,43707,33837,33832,43569,7.1,428,284,39,170125
Cpaaa:113,Cpaaa,113,68955,43955,34299,34269,43861,7.2,430,290,39,174414
Cpaaa:114,Cpaaa,114,69724,44724,35035,35035,44687,7.2,433,292,39,175122
Cpaaa:115,Cpaaa,115,66137,41137,30842,30841,41100,7.1,442,291,39,184908
Cpaaa:116,Cpaaa,116,65394,40394,30098,30109,40347,7.2,445,300,39,184905
Cpaaa:117,Cpaaa,117,41226,16226,4301,4298,16148,7.1,448,297,34,158913
Cpaaa:118,Cpaaa,118,41042,16042,2708,2708,16009,8.0,446,301,34,176912
Cpaaaa:119,Cpaaaa,119,39068,14068,1996,1996,14052,7.2,418,290,28,85243
Cpaaaa:120,Cpaaaa,120,56333,31333,22031,22031,31290,7.0,410,290,34,122580
Cpaaaa:121,Cpaaaa,121,70084,45084,35274,35262,44808,7.1,409,287,33,115214
Cpaaaa:122,Cpaaaa,122,63133,38133,28842,29251,37574,7.1,409,285,36,146081
Cpaaaa:123,Cpaaaa,123,61461,36461,27303,27826,35697,7.0,405,290,36,142659
Cpaaaa:124,Cpaaaa,124,60194,35194,24070,24412,34576,6.3,402,286,34,97780
Cpaaaa:125,Cpaaaa,125,72296,47296,35321,35320,46791,7.1,413,284,32,118309
Cpaaaa:126,Cpaaaa,126,68419,43419,31793,31791,43078,7.2,414,270,34,119633
Cpaaaa:127,Cpaaaa,127,66945,41945,31825,31977,40838,7.1,416,269,36,154750
Cpaaaa:128,Cpaaaa,128,68268,43268,33279,33357,42634,7.0,414,272,36,161624
Cpaaaa:129,Cpaaaa,129,68234,43234,33639,33934,42196,7.0,419,264,36,158299
Cpaaap:119,Cpaaap,119,37078,12078,-1580,-1580,11882,8.1,477,310,28,89922
Cpaaap:120,Cpaaap,120,60703,35703,26139,26124,35323,8.8,475,309,34,117151
Cpaaap:121,Cpaaap,121,56357,31357,21722,22129,30571,8.4,475,306,37,120656
Cpaaap:122,Cpaaap,122,64727,39727,27930,29286,37366,8.1,476,299,34,126372
Cpaaap:123,Cpaaap,123,58360,33360,20165,21157,31261,7.3,467,296,34,100577
Cpaaap:124,Cpaaap,124,68858,43858,31625,33343,41671,7.2,464,298,34,115466
Cpaaap:125,Cpaaap,125,61779,36779,26546,27719,35214,7.2,470,296,36,142283
Cpaaap:126,Cpaaap,126,64093,39093,27785,28974,37636,7.2,466,287,36,153726
Cpaaap:127,Cpaaap,127,64572,39572,27941,29507,38068,7.2,465,291,36,151634
Cpaaap:128,Cpaaap,128,66282,41282,29680,30690,39903,7.2,469,289,36,146373
Cpaaap:129,Cpaaap,129,66986,41986,30087,31086,40223,7.2,471,283,34,126473
Cpaap:87,Cpaap,87,32343,7343,-127,-332,6684,10.1,460,308,32,193763
Cpaap:88,Cpaap,88,33457,8457,1284,1284,8434,10.2,469,315,33,212824
Cpaap:89,Cpaap,89,40291,15291,8211,8457,15120,9.3,476,326,41,253954
Cpaap:90,Cpaap,90,43500,18500,11836,12026,18428,9.2,472,334,42,246610
Cpaap:91,Cpaap,91,45158,20158,13571,13774,20100,9.0,476,337,42,259219
Cpaap:92,Cpaap,92,45188,20188,13060,13138,20128,9.0,476,344,40,233115
Cpaap:93,Cpaap,93,44390,19390,12295,12320,19346,8.2,473,344,41,213586
Cpaap:94,Cpaap,94,46193,21193,14085,14078,21162,8.3,469,358,40,217826
Cpaap:95,Cpaap,95,48887,23887,16895,16912,23789,9.1,482,365,41,236475
Cpaap:96,Cpaap,96,47755,22755,15637,15640,22601,9.1,479,370,40,237172
Cpaap:97,Cpaap,97,50830,25830,17963,17985,25567,9.2,491,367,38,211686
Cpaap:98,Cpaap,98,51353,26353,17811,17837,26172,9.1,498,359,38,227580
Cpaap:99,Cpaap,99,52286,27286,18936,19222,26905,9.2,490,362,38,228270
Cpaap:100,Cpaap,100,52565,27565,19371,19435,27146,9.3,491,366,40,231871
Cpaap:101,Cpaap,101,55180,30180,22036,22057,29740,9.3,495,356,38,223089
Cpaap:102,Cpaap,102,56757,31757,22934,22971,31457,9.1,491,345,40,279211
Cpaap:103,Cpaap,103,55449,30449,21655,21773,30234,8.3,486,348,40,246216
Cpaap:104,Cpaap,104,59910,34910,25462,25478,34667,9.1,489,345,38,257772
Cpaap:105,Cpaap,105,57534,32534,24021,24190,32248,8.3,492,346,40,255085
Cpaap:106,Cpaap,106,61380,36380,27849,27933,35998,9.2,491,343,40,287129
Cpaap:107,Cpaap,107,60516,35516,26130,26164,35168,9.0,492,345,40,292640
Cpaap:108,Cpaap,108,63790,38790,29895,29977,38399,9.0,498,339,40,297402
Cpaap:109,Cpaap,109,65210,40210,30283,30302,39823,9.1,496,340,38,276486
Cpaap:110,Cpaap,110,66266,41266,32305,32336,41106,9.1,501,335,40,197699
Cpaap:111,Cpaap,111,68039,43039,32968,32993,42709,9.0,504,331,39,186764
Cpaap:112,Cpaap,112,66697,41697,32382,32382,41556,9.1,507,324,39,186572
Cpaap:113,Cpaap,113,62775,37775,27023,27022,37611,8.2,511,329,39,160656
Cpaap:114,Cpaap,114,65126,40126,29950,29950,40037,8.2,512,326,39,178131
Cpaap:115,Cpaap,115,62345,37345,27126,27126,37308,8.2,512,334,39,174827
Cpaap:116,Cpaap,116,68613,43613,33523,33523,43582,9.1,518,334,39,198309
Cpaap:117,Cpaap,117,63214,38214,27061,27061,38212,9.3,520,340,38,199282
Cpaap:118,Cpaap,118,64124,39124,28291,28289,39050,10.1,521,337,38,219871
Cpaap:119,Cpaap,119,38227,13227,1358,1358,13107,10.3,518,341,36,185682
Cpaap:120,Cpaap,120,37961,12961,145,127,12669,10.1,520,326,34,187324
Cpaapa:121,Cpaapa,121,39268,14268,1779,2256,12907,8.7,512,317,33,129005
Cpaapa:122,Cpaapa,122,62022,37022,24399,26043,34325,7.8,510,310,32,120952
Cpaapa:123,Cpaapa,123,65379,40379,28979,30192,38567,7.3,504,301,34,124979
Cpaapa:124,Cpaapa,124,62475,37475,25917,28034,34602,7.1,498,310,36,150728
Cpaapa:125,Cpaapa,125,63220,38220,26224,27806,36404,7.1,508,303,34,133676
Cpaapa:126,Cpaapa,126,66730,41730,30265,31388,40050,7.1,505,294,34,130835
Cpaapa:127,Cpaapa,127,63200,38200,26503,28125,36554,7.2,503,300,36,155056
Cpaapa:128,Cpaapa,128,66080,41080,28267,30010,39568,7.2,507,300,34,135994
Cpaapa:129,Cpaapa,129,66824,41824,30527,31402,40523,7.3,508,298,34,128255
Cpaapp:121,Cpaapp,121,37877,12877,1456,1456,12517,13.1,540,341,33,116187
Cpaapp:122,Cpaapp,122,53663,28663,19204,19204,28093,12.3,542,333,34,120144
Cpaapp:123,Cpaapp,123,64424,39424,30959,30959,38799,10.0,540,333,32,125876
Cpaapp:124,Cpaapp,124,64619,39619,31017,31028,37841,10.1,542,334,32,126923
Cpaapp:125,Cpaapp,125,63157,38157,28237,29799,33536,10.8,547,338,32,130281
Cpaapp:126,Cpaapp,126,62498,37498,27930,29343,34086,10.0,541,333,32,131997
Cpaapp:127,Cpaapp,127,58293,33293,23604,24643,30332,9.4,537,336,34,123406
Cpaapp:128,Cpaapp,128,64764,39764,30473,30707,36892,10.0,536,337,32,134461
Cpaapp:129,Cpaapp,129,60631,35631,26488,26751,33713,10.3,543,330,34,135927
Cpap:65,Cpap,65,29594,4594,-1051,-1051,4585,11.0,459,296,34,222276
Cpap:66,Cpap,66,32298,7298,1563,1561,7298,9.4,446,302,48,359696
Cpap:67,Cpap,67,33813,8813,2785,2880,8813,8.2,456,296,51,425553
Cpap:68,Cpap,68,34438,9438,3613,3603,9438,7.9,471,302,52,466131
Cpap:69,Cpap,69,34371,9371,3526,3529,9371,7.9,471,327,50,468817
Cpap:70,Cpap,70,36161,11161,5129,5129,11160,8.0,479,340,45,323609
Cpap:71,Cpap,71,35225,10225,4502,4509,10225,8.1,471,341,44,347226
Cpap:72,Cpap,72,35767,10767,4602,4617,10767,9.0,467,352,44,364635
Cpap:73,Cpap,73,36025,11025,5161,5135,11025,9.2,475,352,46,444030
Cpap:74,Cpap,74,37067,12067,6558,6556,12067,10.0,473,362,46,458673
Cpap:75,Cpap,75,36925,11925,6017,6016,11923,11.0,476,357,44,386961
Cpap:76,Cpap,76,37337,12337,6583,6603,12337,10.1,485,357,46,446795
Cpap:77,Cpap,77,35826,10826,5301,5296,10826,10.2,490,363,48,525544
Cpap:78,Cpap,78,37518,12518,6374,6374,12518,10.0,488,363,44,378058
Cpap:79,Cpap,79,38051,13051,7046,7041,13051,9.3,485,367,48,508491
Cpap:80,Cpap,80,37973,12973,6541,6541,12970,10.0,494,365,44,388238
Cpap:81,Cpap,81,38263,13263,6895,6892,13263,10.0,496,362,48,541588
Cpap:82,Cpap,82,39431,14431,8043,8041,14431,9.2,498,355,46,460338
Cpap:83,Cpap,83,40053,15053,8249,8249,15053,9.2,498,355,48,530305
Cpap:84,Cpap,84,39162,14162,8122,8122,14162,10.0,494,367,46,498745
Cpap:85,Cpap,85,40077,15077,8659,8659,15077,10.0,488,372,46,518009
Cpap:86,Cpap,86,33639,8639,1893,1893,8639,10.1,493,375,44,434972
Cpap:87,Cpap,87,31025,6025,-943,-947,6025,11.1,483,365,45,452221
Cpapa:88,Cpapa,88,31509,6509,-616,-616,6476,9.3,503,356,33,199220
Cpapa:89,Cpapa,89,43851,18851,11411,11441,18703,10.0,512,358,39,287152
Cpapa:90,Cpapa,90,41709,16709,10691,10824,16618,10.0,516,358,42,256849
Cpapa:91,Cpapa,91,43570,18570,12947,12989,18494,10.0,526,354,42,258826
Cpapa:92,Cpapa,92,44065,19065,13023,13099,18992,10.2,529,345,40,249053
Cpapa:93,Cpapa,93,41559,16559,10280,10329,16494,9.2,527,341,41,238964
Cpapa:94,Cpapa,94,43513,18513,12110,12103,18489,9.2,528,337,40,241473
Cpapa:95,Cpapa,95,44424,19424,14012,13961,19379,10.3,539,330,41,241414
Cpapa:96,Cpapa,96,48499,23499,17243,17173,23453,11.0,531,335,40,256495
Cpapa:97,Cpapa,97,46866,21866,15673,15672,21798,11.1,537,331,40,276618
Cpapa:98,Cpapa,98,44090,19090,12844,12875,18899,11.3,540,329,40,257957
Cpapa:99,Cpapa,99,46837,21837,15193,15189,21690,11.3,537,336,38,228810
Cpapa:100,Cpapa,100,48568,23568,17146,17253,23467,12.0,535,345,40,273042
Cpapa:101,Cpapa,101,47987,22987,15184,15288,22823,13.0,533,345,40,272261
Cpapa:102,Cpapa,102,47915,22915,15697,15845,22832,13.0,530,343,40,284526
Cpapa:103,Cpapa,103,48123,23123,15397,15397,22919,13.0,524,348,40,280703
Cpapa:104,Cpapa,104,48110,23110,15477,15482,22704,13.1,529,351,40,282770
Cpapa:105,Cpapa,105,48460,23460,15868,15865,22817,13.1,526,347,40,292247
Cpapa:106,Cpapa,106,50728,25728,17610,17832,24833,13.1,526,344,40,298473
Cpapa:107,Cpapa,107,49970,24970,16836,16878,24191,13.1,530,345,40,308478
Cpapa:108,Cpapa,108,50955,25955,17701,17906,24809,13.1,531,349,40,312906
Cpapa:109,Cpapa,109,50569,25569,17021,17270,24080,13.1,528,348,40,309549
Cpapa:110,Cpapa,110,50926,25926,18124,18241,24651,14.1,530,354,40,200430
Cpapa:111,Cpapa,111,52659,27659,19280,19286,26455,13.3,534,348,39,177545
Cpapa:112,Cpapa,112,55156,30156,21543,21513,29311,14.0,539,336,39,189531
Cpapa:113,Cpapa,113,54031,29031,20356,20346,28596,14.0,538,338,39,190088
Cpapa:114,Cpapa,114,55739,30739,21034,21032,30606,14.1,539,334,37,174459
Cpapa:115,Cpapa,115,47373,22373,14530,14530,22027,14.3,545,341,39,163215
Cpapa:116,Cpapa,116,51876,26876,18702,18702,26358,15.1,548,345,39,188187
Cpapa:117,Cpapa,117,49703,24703,16089,16089,24620,16.1,547,347,38,185728
Cpapa:118,Cpapa,118,53493,28493,19122,19122,28307,17.0,547,351,38,192730
Cpapa:119,Cpapa,119,50790,25790,16224,16224,25588,16.2,546,352,38,181958
Cpapa:120,Cpapa,120,54532,29532,19417,19417,29390,16.2,547,346,38,184148
Cpapa:121,Cpapa,121,36185,11185,1318,1312,9872,19.0,546,346,37,181605
Cpapa:122,Cpapa,122,36461,11461,864,957,6757,17.1,545,340,36,224591
Cpapaa:123,Cpapaa,123,34488,9488,-34,38,7949,20.1,540,341,34,129866
Cpapaa:124,Cpapaa,124,44689,19689,10922,11043,18600,19.2,542,343,36,145194
Cpapaa:125,Cpapaa,125,41535,16535,7747,7763,15288,19.1,546,341,34,112168
Cpapaa:126,Cpapaa,126,48853,23853,15678,16192,23233,19.0,554,334,36,158342
Cpapaa:127,Cpapaa,127,51907,26907,17692,18312,24717,18.1,553,344,36,158990
Cpapaa:128,Cpapaa,128,53480,28480,19995,20280,25882,18.0,555,347,36,168125
Cpapaa:129,Cpapaa,129,49240,24240,13958,15152,20480,18.1,553,353,36,151941
Cpapap:123,Cpapap,123,36658,11658,1295,1295,4493,13.9,553,326,32,135377
Cpapap:124,Cpapap,124,57128,32128,21924,21959,27582,13.7,554,314,32,124683
Cpapap:125,Cpapap,125,55654,30654,20805,22340,23128,13.3,556,321,34,136786
Cpapap:126,Cpapap,126,55179,30179,19526,21468,23798,12.3,555,314,36,159523
Cpapap:127,Cpapap,127,57385,32385,21721,23348,27562,12.2,555,321,36,168001
Cpapap:128,Cpapap,128,64331,39331,29642,29949,36479,13.2,557,317,34,146622
Cpapap:129,Cpapap,129,57769,32769,24356,24490,28990,14.0,557,311,36,169985
Cpapp:88,Cpapp,88,31250,6250,-708,-683,6060,14.3,494,396,35,216076
Cpapp:89,Cpapp,89,38628,13628,7846,8145,13203,14.1,486,403,41,288741
Cpapp:90,Cpapp,90,37601,12601,7172,7228,12340,14.0,485,411,44,273868
Cpapp:91,Cpapp,91,39581,14581,9185,9537,13977,15.0,490,413,42,269830
Cpapp:92,Cpapp,92,39974,14974,8823,9422,14493,15.9,501,409,40,243068
Cpapp:93,Cpapp,93,38564,13564,7640,7877,13309,14.3,506,409,41,227720
Cpapp:94,Cpapp,94,41219,16219,10629,10740,16011,15.0,515,401,40,268637
Cpapp:95,Cpapp,95,43585,18585,11995,11984,18458,15.1,521,392,37,230478
Cpapp:96,Cpapp,96,42520,17520,11829,11829,17465,15.2,521,394,38,234146
Cpapp:97,Cpapp,97,42440,17440,11017,11039,17305,16.1,520,389,38,250982
Cpapp:98,Cpapp,98,42545,17545,10938,10934,17330,16.1,522,386,40,264466
Cpapp:99,Cpapp,99,40835,15835,9600,9606,15413,16.2,518,385,40,268379
Cpapp:100,Cpapp,100,44032,19032,12410,12410,18795,17.1,520,386,38,252489
Cpapp:101,Cpapp,101,42554,17554,10700,10768,17171,17.3,521,386,40,246703
Cpapp:102,Cpapp,102,43045,18045,11916,11913,17815,18.1,517,387,40,290994
Cpapp:103,Cpapp,103,42426,17426,11616,11612,17270,18.1,514,392,40,285277
Cpapp:104,Cpapp,104,42268,17268,10627,10626,16986,18.1,509,396,38,260493
Cpapp:105,Cpapp,105,42820,17820,10930,10942,17262,17.2,514,394,38,255498
Cpapp:106,Cpapp,106,44087,19087,11679,11679,18582,17.2,521,384,38,268070
Cpapp:107,Cpapp,107,42434,17434,10376,10418,16786,17.3,524,382,40,290849
Cpapp:108,Cpapp,108,43178,18178,11688,11700,17823,18.1,522,388,40,303472
Cpapp:109,Cpapp,109,45120,20120,13373,13373,19840,18.1,522,386,40,316518
Cpapp:110,Cpapp,110,42035,17035,8947,9284,15153,18.2,527,380,40,194417
Cpapp:111,Cpapp,111,43880,18880,10904,10904,18131,18.1,524,378,39,192269
Cpapp:112,Cpapp,112,46808,21808,13242,13242,21210,18.2,531,373,39,191282
Cpapp:113,Cpapp,113,46308,21308,12922,12922,20086,19.1,533,365,39,181865
Cpapp:114,Cpapp,114,46148,21148,13629,13629,20658,20.1,535,369,39,188217
Cpapp:115,Cpapp,115,41491,16491,8401,8401,16201,21.1,532,374,39,175496
Cpapp:116,Cpapp,116,43564,18564,11110,11110,18310,22.1,532,373,39,184816
Cpapp:117,Cpapp,117,42513,17513,9667,9669,16867,22.2,538,371,38,170431
Cpapp:118,Cpapp,118,41564,16564,8054,8014,14505,22.2,537,369,38,170406
Cpapp:119,Cpapp,119,42124,17124,9274,9297,16060,23.1,540,361,38,176677
Cpapp:120,Cpapp,120,44006,19006,11490,11483,18627,24.0,539,361,38,187027
Cpapp:121,Cpapp,121,40446,15446,6477,6628,14115,24.1,533,354,37,152533
Cpapp:122,Cpapp,122,41435,16435,8404,8413,16344,25.0,537,352,36,173439
Cpapp:123,Cpapp,123,39352,14352,6051,6070,12590,24.2,528,349,36,161404
Cpapp:124,Cpapp,124,35010,10010,1449,1470,7772,24.1,533,354,36,198022
Cpapp:125,Cpapp,125,34628,9628,26,6,7872,23.0,525,354,32,151758
Cpappd:126,Cpappd,126,35367,10367,1110,2011,-386,21.9,548,331,32,128421
Cpappd:127,Cpappd,127,42574,17574,8248,8355,8925,22.1,547,346,32,133530
Cpappd:128,Cpappd,128,42942,17942,9262,9526,10471,22.1,546,342,34,149952
Cpappd:129,Cpappd,129,45133,20133,11006,11559,15722,22.0,545,341,36,168411
Cpappv:126,Cpappv,126,33316,8316,-35,-35,7491,24.1,513,361,32,132468
Cpappv:127,Cpappv,127,36946,11946,3825,3784,10649,24.2,500,376,32,136698
Cpappv:128,Cpappv,128,36118,11118,3328,3596,8458,24.1,496,380,36,164817
Cpappv:129,Cpappv,129,36460,11460,4655,4865,8492,25.0,491,388,36,187661
Cpp:46,Cpp,46,28604,3604,-1523,-1522,3604,13.5,502,315,54,594069
Cpp:47,Cpp,47,29745,4745,45,70,4745,12.4,506,326,59,668649
Cpp:48,Cpp,48,29431,4431,-355,-352,4431,12.8,512,347,61,816868
Cpp:49,Cpp,49,30124,5124,666,663,5124,12.3,500,377,60,897022
Cpp:50,Cpp,50,29477,4477,248,259,4477,14.0,507,387,61,1050158
Cpp:51,Cpp,51,29067,4067,202,204,4067,13.9,512,386,59,1014383
Cpp:52,Cpp,52,29794,4794,298,298,4794,13.0,503,386,56,1024418
Cpp:53,Cpp,53,29901,4901,201,201,4901,12.2,507,378,55,953258
Cpp:54,Cpp,54,30161,5161,541,541,5161,13.1,515,371,55,973497
Cpp:55,Cpp,55,30440,5440,614,614,5440,13.8,516,372,55,957397
Cpp:56,Cpp,56,30601,5601,859,859,5601,13.2,509,377,55,993206
Cpp:57,Cpp,57,31101,6101,1819,1819,6101,13.9,503,382,55,966811
Cpp:58,Cpp,58,30758,5758,1366,1364,5758,14.4,501,388,57,1041437
Cpp:59,Cpp,59,30389,5389,943,946,5389,14.3,496,380,56,1066590
Cpp:60,Cpp,60,30239,5239,456,456,5239,14.0,506,373,55,995917
Cpp:61,Cpp,61,31406,6406,1682,1682,6406,14.0,509,362,53,925388
Cpp:62,Cpp,62,31629,6629,2230,2230,6629,13.3,504,376,55,1032184
Cpp:63,Cpp,63,31591,6591,1638,1638,6591,13.0,501,375,53,819057
Cpp:64,Cpp,64,31980,6980,2220,2220,6980,13.0,488,370,54,879912
Cpp:65,Cpp,65,31565,6565,1593,1593,6565,13.1,482,374,54,883147
Cpp:66,Cpp,66,29797,4797,-253,-253,4797,12.9,478,368,54,735888
Cpp:67,Cpp,67,28795,3795,-1540,-1545,3790,13.3,495,361,51,625435
Cppa:68,Cppa,68,30878,5878,266,266,5870,12.1,525,338,36,278724
Cppa:69,Cppa,69,33095,8095,3764,3804,8095,11.4,533,342,48,421556
Cppa:70,Cppa,70,32611,7611,3109,3108,7603,13.1,536,341,45,354896
Cppa:71,Cppa,71,33846,8846,4543,4523,8843,12.1,539,345,44,375661
Cppa:72,Cppa,72,33325,8325,4147,4147,8308,13.1,540,349,46,450742
Cppa:73,Cppa,73,33135,8135,3446,3375,8124,14.1,537,354,44,382888
Cppa:74,Cppa,74,33515,8515,4028,3971,8504,14.0,536,354,44,409516
Cppa:75,Cppa,75,35013,10013,5791,5795,10004,15.0,534,361,44,402589
Cppa:76,Cppa,76,33548,8548,4200,4197,8545,17.0,539,358,44,389807
Cppa:77,Cppa,77,34775,9775,5253,5256,9770,17.0,541,357,44,404005
Cppa:78,Cppa,78,33108,8108,3852,3851,8101,16.1,540,350,46,470527
Cppa:79,Cppa,79,33559,8559,4013,4000,8555,16.1,537,356,44,403613
Cppa:80,Cppa,80,33080,8080,3393,3379,8074,17.0,540,346,44,408827
Cppa:81,Cppa,81,35351,10351,5763,5763,10351,17.9,542,351,44,408220
Cppa:82,Cppa,82,34735,9735,4947,4937,9720,16.3,541,349,46,461792
Cppa:83,Cppa,83,35393,10393,5227,5217,10383,16.0,542,348,44,410094
Cppa:84,Cppa,84,35194,10194,5564,5572,10193,16.1,548,343,46,481609
Cppa:85,Cppa,85,36527,11527,6821,6821,11525,17.0,547,341,44,419319
Cppa:86,Cppa,86,35587,10587,6151,6154,10580,16.1,554,333,46,517527
Cppa:87,Cppa,87,35567,10567,6296,6290,10559,17.0,556,334,45,445473
Cppa:88,Cppa,88,34741,9741,5437,5416,9720,18.0,554,338,45,440263
Cppa:89,Cppa,89,34524,9524,5447,5450,9511,18.9,551,349,45,435466
Cppa:90,Cppa,90,34489,9489,5164,5149,9437,17.2,551,351,48,470902
Cppa:91,Cppa,91,35510,10510,6119,6134,10492,19.0,552,342,44,356890
Cppa:92,Cppa,92,36401,11401,6985,7017,11372,18.2,559,331,44,347402
Cppa:93,Cppa,93,34212,9212,4116,4206,8939,20.1,553,328,43,335252
Cppa:94,Cppa,94,33905,8905,4150,4130,8748,20.1,565,310,42,324846
Cppa:95,Cppa,95,36455,11455,6653,6656,10510,21.1,562,297,41,319163
Cppa:96,Cppa,96,33834,8834,3477,3489,8548,22.1,552,300,40,315146
Cppa:97,Cppa,97,34110,9110,3726,3696,8755,23.1,548,306,40,310888
Cppa:98,Cppa,98,34089,9089,3491,3468,8265,23.2,551,305,40,307174
Cppa:99,Cppa,99,33586,8586,3170,3099,7753,23.2,547,300,40,303958
Cppa:100,Cppa,100,34664,9664,4793,4799,9614,25.1,537,299,40,315451
Cppa:101,Cppa,101,33218,8218,2989,2930,7783,24.2,534,301,40,278091
Cppa:102,Cppa,102,30393,5393,578,578,5297,25.1,512,289,38,278174
Cppaa:103,Cppaa,103,30692,5692,894,872,5512,26.0,507,268,36,225476
Cppaa:104,Cppaa,104,30010,5010,320,332,4849,26.1,501,265,36,218864
Cppaa:105,Cppaa,105,32182,7182,2871,2833,6981,26.1,510,262,40,277998
Cppaa:106,Cppaa,106,31060,6060,2000,1961,5867,26.1,500,262,38,226953
Cppaa:107,Cppaa,107,31942,6942,2896,2794,6855,27.0,497,264,40,254060
Cppaa:108,Cppaa,108,31645,6645,2066,2130,6448,27.0,488,275,38,224306
Cppaa:109,Cppaa,109,30958,5958,1593,1637,5735,26.1,495,270,40,234324
Cppaa:110,Cppaa,110,31438,6438,1561,1505,6136,26.1,495,270,40,234324
Cppaa:111,Cppaa,111,31183,6183,912,874,6016,25.9,494,278,35,98171
Cppaa:112,Cppaa,112,31470,6470,1269,1273,6172,26.0,488,272,35,114787
Cppaa:113,Cppaa,113,32381,7381,2054,2003,6860,25.9,483,266,35,109603
Cppaa:114,Cppaa,114,32346,7346,2326,2284,7013,25.1,482,260,37,140864
Cppaa:115,Cppaa,115,31354,6354,1562,1538,6008,25.0,476,258,35,110955
Cppaa:116,Cppaa,116,32327,7327,2689,2603,6998,25.0,480,262,35,124471
Cppaa:117,Cppaa,117,31677,6677,1679,1617,6231,24.0,472,261,38,168285
Cppaa:118,Cppaa,118,32261,7261,1921,1958,6561,23.1,470,263,38,166225
Cppaa:119,Cppaa,119,31104,6104,954,1036,4039,22.1,470,271,38,170918
Cppaa:120,Cppaa,120,32379,7379,1488,1503,4399,22.0,479,272,38,175916
Cppaa:121,Cppaa,121,31134,6134,201,120,2446,22.2,477,267,37,160004
Cppaa:122,Cppaa,122,31096,6096,713,731,2279,22.1,472,269,36,146302
Cppaa:123,Cppaa,123,31753,6753,1251,1276,4952,24.0,471,268,36,162752
Cppaa:124,Cppaa,124,32344,7344,1610,1657,5611,24.1,468,259,36,160201
Cppaa:125,Cppaa,125,32621,7621,1408,1361,4462,24.0,467,256,36,163982
Cppaa:126,Cppaa,126,32441,7441,1507,1529,3175,24.1,466,253,36,167914
Cppaa:127,Cppaa,127,33702,8702,1953,1953,3861,24.1,468,258,36,170817
Cppaa:128,Cppaa,128,32833,7833,1421,1493,2123,24.1,460,253,36,181325
Cppaa:129,Cppaa,129,33001,8001,1249,1621,4228,23.2,455,257,36,150860
Cppap:103,Cppap,103,30264,5264,194,188,5062,25.0,521,320,36,207456
Cppap:104,Cppap,104,30868,5868,866,894,5323,25.2,514,334,36,217048
Cppap:105,Cppap,105,31331,6331,1259,1697,5385,25.0,519,336,40,244155
Cppap:106,Cppap,106,33640,8640,2818,3088,7790,24.1,525,324,40,255785
Cppap:107,Cppap,107,32346,7346,2259,2544,6653,25.2,512,325,40,256372
Cppap:108,Cppap,108,30711,5711,179,460,3471,26.1,515,336,40,275954
Cppap:109,Cppap,109,32560,7560,2006,2325,5484,26.1,517,335,40,265882
Cppap:110,Cppap,110,33033,8033,2519,2564,7203,27.9,504,327,36,141723
Cppap:111,Cppap,111,32444,7444,2109,2199,6578,27.3,502,329,37,122732
Cppap:112,Cppap,112,32680,7680,1828,1969,6755,27.2,492,329,29,60738
Cppap:113,Cppap,113,30759,5759,753,808,5328,28.0,485,321,35,104670
Cppap:114,Cppap,114,31404,6404,1353,1390,6218,27.3,480,317,33,104670
Cppap:115,Cppap,115,31462,6462,1372,1365,6214,26.7,475,313,30,104670
Cppap:116,Cppap,116,29612,4612,-707,-667,4323,26.0,469,309,27,45216
Cppap:117,Cppap,117,31841,6841,1874,1871,6542,25.0,473,308,34,106794
Cppap:118,Cppap,118,31136,6136,834,827,5831,23.1,471,312,34,107334
Cppap:119,Cppap,119,31181,6181,965,1038,5632,22.1,472,314,36,134957
Cppap:120,Cppap,120,32318,7318,1221,1567,6423,21.9,478,312,34,117317
Cppap:121,Cppap,121,31511,6511,809,794,6008,21.1,473,308,37,135687
Cppap:122,Cppap,122,32923,7923,2644,2826,7294,21.1,476,310,34,116022
Cppap:123,Cppap,123,30903,5903,265,518,4841,21.2,469,303,36,146526
Cppap:124,Cppap,124,31955,6955,1821,1904,6167,23.1,470,299,36,156721
Cppap:125,Cppap,125,32123,7123,1221,1528,5980,24.0,470,303,36,162414
Cppap:126,Cppap,126,31590,6590,1021,1167,5671,23.2,474,296,36,165453
Cppap:127,Cppap,127,32219,7219,1661,1645,4470,22.0,486,310,36,191229
Cppap:128,Cppap,128,32166,7166,1269,1500,6451,24.1,472,301,36,186130
Cppap:129,Cppap,129,33164,8164,2897,3055,7147,24.0,468,303,36,187256
Cppp:68,Cppp,68,30854,5854,762,762,5848,12.4,486,382,38,246786
Cppp:69,Cppp,69,32294,7294,2612,2598,7294,12.4,492,391,48,388012
Cppp:70,Cppp,70,32887,7887,2886,2888,7855,14.1,489,392,47,386928
Cppp:71,Cppp,71,33000,8000,3342,3379,7976,15.0,487,412,44,368840
Cppp:72,Cppp,72,34532,9532,4829,4908,9438,15.1,484,418,44,383146
Cppp:73,Cppp,73,33458,8458,3747,3832,8367,15.9,483,417,44,393875
Cppp:74,Cppp,74,33005,8005,2958,2998,7978,16.9,484,418,44,379940
Cppp:75,Cppp,75,32774,7774,3366,3388,7749,17.1,487,416,44,391108
Cppp:76,Cppp,76,34652,9652,5117,5157,9632,17.2,488,414,46,432139
Cppp:77,Cppp,77,33427,8427,3952,3998,8403,17.1,485,415,46,452740
Cppp:78,Cppp,78,33243,8243,3415,3408,8219,17.0,486,416,44,409293
Cppp:79,Cppp,79,34241,9241,4192,4201,9207,16.0,488,417,44,412100
Cppp:80,Cppp,80,34814,9814,4796,4875,9755,15.9,497,408,44,433293
Cppp:81,Cppp,81,35498,10498,5203,5213,10474,16.9,501,408,44,448485
Cppp:82,Cppp,82,35957,10957,5936,5933,10933,16.0,502,403,46,522849
Cppp:83,Cppp,83,34255,9255,4332,4369,9214,16.2,499,402,46,492054
Cppp:84,Cppp,84,35726,10726,5739,5754,10683,16.2,503,408,46,487408
Cppp:85,Cppp,85,35481,10481,5402,5402,10477,18.0,509,402,44,433251
Cppp:86,Cppp,86,35888,10888,5653,5648,10887,17.9,510,398,44,427663
Cppp:87,Cppp,87,35960,10960,5914,5934,10946,18.2,509,401,49,624367
Cppp:88,Cppp,88,35181,10181,5132,5134,9698,20.1,505,401,47,485660
Cppp:89,Cppp,89,34279,9279,4252,4408,7998,19.3,501,407,49,545742
Cppp:90,Cppp,90,33812,8812,3959,3992,8156,19.9,498,405,44,352437
Cppp:91,Cppp,91,35714,10714,4904,5250,9104,19.1,506,399,42,346760
Cppp:92,Cppp,92,34816,9816,3466,3904,9175,18.3,519,378,44,350706
Cppp:93,Cppp,93,34365,9365,3355,3490,9265,18.0,517,365,43,347354
Cppp:94,Cppp,94,35392,10392,4354,4389,10221,18.1,523,357,42,352981
Cppp:95,Cppp,95,30706,5706,-411,-413,5628,19.1,529,344,41,329147
Cppp:96,Cppp,96,30654,5654,-383,-381,5579,19.1,535,340,38,342454
Cpppa:97,Cpppa,97,30780,5780,-399,-382,4854,17.0,539,315,34,211537
Cpppa:98,Cpppa,98,35384,10384,4494,4342,9785,17.1,547,312,36,244370
Cpppa:99,Cpppa,99,37666,12666,6394,6306,12447,17.0,551,311,36,240454
Cpppa:100,Cpppa,100,34585,9585,3776,3752,9282,17.0,550,308,36,233232
Cpppa:101,Cpppa,101,36804,11804,6073,5925,11610,17.9,552,306,36,226921
Cpppa:102,Cpppa,102,34626,9626,4790,4739,9398,17.2,553,304,38,241542
Cpppa:103,Cpppa,103,35861,10861,5815,5761,10772,17.1,553,308,38,264740
Cpppa:104,Cpppa,104,35792,10792,5864,5808,10678,19.1,549,312,36,245238
Cpppa:105,Cpppa,105,35843,10843,5687,5668,10666,18.2,547,313,40,302733
Cpppa:106,Cpppa,106,33187,8187,3497,3543,8026,18.2,549,300,38,265032
Cpppa:107,Cpppa,107,34305,9305,4300,4308,9148,20.2,548,305,38,257223
Cpppa:108,Cpppa,108,33572,8572,2969,2926,8432,20.1,535,310,40,281607
Cpppa:109,Cpppa,109,32718,7718,2336,2340,7550,21.0,535,309,40,305472
Cpppa:110,Cpppa,110,33326,8326,2949,2912,8105,22.0,529,307,36,146297
Cpppa:111,Cpppa,111,33053,8053,2397,2333,7751,23.0,524,307,39,155564
Cpppa:112,Cpppa,112,33425,8425,2908,2804,8231,22.1,521,295,39,164232
Cpppa:113,Cpppa,113,34006,9006,3235,3195,8817,21.1,518,292,37,152550
Cpppa:114,Cpppa,114,32430,7430,2470,2355,7258,23.2,531,292,39,159348
Cpppa:115,Cpppa,115,33290,8290,2645,2605,7874,23.0,530,303,39,183117
Cpppa:116,Cpppa,116,32445,7445,1751,1737,7311,22.1,531,308,39,181466
Cpppa:117,Cpppa,117,31989,6989,838,841,6738,21.2,528,306,38,169800
Cpppa:118,Cpppa,118,32913,7913,1948,1916,7604,21.0,527,300,38,188221
Cpppa:119,Cpppa,119,35144,10144,4048,4072,9582,20.0,526,297,38,197623
Cpppa:120,Cpppa,120,33558,8558,2464,2339,7943,19.1,526,294,38,207370
Cpppa:121,Cpppa,121,34068,9068,3181,3125,8642,20.0,525,285,37,175534
Cpppa:122,Cpppa,122,33960,8960,2192,2139,8573,19.0,525,282,36,184501
Cpppa:123,Cpppa,123,33530,8530,1985,2051,8179,17.2,518,285,36,175214
Cpppa:124,Cpppa,124,32684,7684,1482,1471,7189,17.2,514,282,36,195080
Cpppa:125,Cpppa,125,33052,8052,2011,2017,7833,18.1,512,282,36,216491
Cpppa:126,Cpppa,126,31602,6602,86,219,6093,17.1,508,273,36,223693
Cpppa:127,Cpppa,127,30383,5383,-1000,-863,4957,17.1,507,273,36,223866
Cpppaa:128,Cpppaa,128,30250,5250,-1615,-1615,3837,16.0,498,256,32,135292
Cpppaa:129,Cpppaa,129,32765,7765,365,365,5370,15.9,496,247,32,140860
Cpppap:128,Cpppap,128,30626,5626,-245,-126,4889,20.1,512,283,32,133691
Cpppap:129,Cpppap,129,31286,6286,326,315,5495,20.9,504,283,32,139592
Cpppp:97,Cpppp,97,32162,7162,1275,1275,6435,21.1,528,363,36,230267
Cpppp:98,Cpppp,98,32915,7915,2344,2342,7357,21.9,529,364,36,205009
Cpppp:99,Cpppp,99,32305,7305,1701,1727,6850,21.2,539,363,38,233825
Cpppp:100,Cpppp,100,33460,8460,2798,2776,7824,23.0,528,361,36,216197
Cpppp:101,Cpppp,101,34442,9442,4371,4459,9101,23.9,532,358,36,217031
Cpppp:102,Cpppp,102,34546,9546,4631,4709,8975,23.2,530,355,38,242386
Cpppp:103,Cpppp,103,32695,7695,2569,2712,7242,22.0,534,357,40,274944
Cpppp:104,Cpppp,104,34275,9275,4108,4172,8653,22.0,532,362,38,256548
Cpppp:105,Cpppp,105,33285,8285,1915,2025,7037,23.0,530,363,29,111427
Cpppp:106,Cpppp,106,33358,8358,2425,2571,7466,21.2,541,345,40,280363
Cpppp:107,Cpppp,107,34043,9043,2642,3041,8326,22.2,531,348,40,298966
Cpppp:108,Cpppp,108,35043,10043,3788,3833,9095,23.1,522,353,40,289928
Cpppp:109,Cpppp,109,34439,9439,3278,3501,8199,23.1,525,352,40,308821
Cpppp:110,Cpppp,110,34093,9093,2664,2811,8365,24.0,520,345,38,176100
Cpppp:111,Cpppp,111,34436,9436,3663,3971,8539,24.1,523,352,39,182982
Cpppp:112,Cpppp,112,33529,8529,2218,2279,7747,24.1,516,341,37,145412
Cpppp:113,Cpppp,113,33632,8632,2850,2861,8130,24.2,513,334,39,167194
Cpppp:114,Cpppp,114,32369,7369,1833,1836,7081,25.0,514,338,39,176830
Cpppp:115,Cpppp,115,32138,7138,1283,1316,6403,25.1,513,332,37,149071
Cpppp:116,Cpppp,116,31841,6841,721,714,6555,26.0,503,331,35,117578
Cpppp:117,Cpppp,117,31825,6825,247,170,6397,25.0,508,332,38,179326
Cpppp:118,Cpppp,118,32978,7978,1339,1737,7349,23.0,507,334,38,176727
Cpppp:119,Cpppp,119,32628,7628,1509,1864,6719,22.2,508,329,36,169077
Cpppp:120,Cpppp,120,35544,10544,3361,3543,9941,22.0,511,331,38,202204
Cpppp:121,Cpppp,121,33889,8889,2009,2291,7988,22.2,510,324,37,168229
Cpppp:122,Cpppp,122,33493,8493,2074,2333,7631,22.1,506,327,36,190839
Cpppp:123,Cpppp,123,32273,7273,1215,1272,6527,22.1,498,317,36,182895
Cpppp:124,Cpppp,124,31252,6252,516,486,5619,22.0,496,318,36,191530
Cpppp:125,Cpppp,125,31556,6556,1096,1224,5792,22.0,495,314,36,190805
Cpppp:126,Cpppp,126,31492,6492,522,617,5783,20.4,497,308,36,172190
Cpppp:127,Cpppp,127,31564,6564,80,409,3737,20.2,493,313,29,95414
Cpppp:128,Cpppp,128,32015,7015,1204,1322,6001,21.2,496,315,36,196477
Cpppp:129,Cpppp,129,31161,6161,59,404,4916,22.0,493,321,36,210219
P3:16,P3,16,28133,3133,-1056,-1134,3133,13.7,483,349,55,666715
P3:17,P3,17,28224,3224,-1116,-1116,3224,13.0,473,362,56,725851
P3:18,P3,18,27767,2767,-1320,-1410,2767,13.2,474,371,61,853410
P3:19,P3,19,27652,2652,-1644,-1642,2652,14.0,470,393,61,953232
P3:20,P3,20,27697,2697,-1396,-1429,2697,15.5,466,404,61,1024926
P3:21,P3,21,28080,3080,-1215,-1264,3080,17.9,469,400,63,1219276
P3:22,P3,22,27958,2958,-1602,-1603,2958,12.4,476,390,63,1332592
P3:23,P3,23,27660,2660,-2021,-2025,2660,12.7,481,389,63,1415230
P3:24,P3,24,27753,2753,-1813,-1813,2753,12.7,487,386,65,1664127
P3:25,P3,25,27642,2642,-2202,-2202,2642,13.4,512,360,66,1812790
P3:26,P3,26,27579,2579,-2371,-2371,2579,12.7,518,340,65,1761516
P3:27,P3,27,27721,2721,-2071,-2071,2721,13.4,521,340,65,1806426
P3:28,P3,28,27705,2705,-1932,-1954,2705,13.9,526,326,66,1898651
P3:29,P3,29,27752,2752,-1976,-1994,2752,13.7,519,326,67,1870484
P3:30,P3,30,27990,2990,-1488,-1522,2990,14.9,525,327,69,2064953
P3:31,P3,31,27849,2849,-1711,-1719,2849,14.7,515,341,68,2008834
P3:32,P3,32,28091,3091,-1356,-1352,3091,13.1,505,356,57,1045738
P3:33,P3,33,29470,4470,98,87,4470,13.0,508,352,71,1250964
D:34,D,34,28616,3616,-1021,-1021,3616,12.3,522,348,50,648820
D:35,D,35,28601,3601,-819,-820,3601,14.6,523,359,59,880518
D:36,D,36,28091,3091,-1136,-1133,3091,13.8,523,369,60,1047283
D:37,D,37,28650,3650,-767,-767,3650,12.9,523,361,61,1097979
D:38,D,38,28481,3481,-988,-988,3481,12.8,527,355,61,1202004
D:39,D,39,28235,3235,-1400,-1413,3235,13.0,526,355,62,1397658
D:40,D,40,28306,3306,-1437,-1474,3306,13.7,521,358,62,1354100
D:41,D,41,28903,3903,-896,-904,3903,13.0,510,371,62,1389373
D:42,D,42,27897,2897,-2215,-2218,2897,13.7,506,371,60,1329875
D:43,D,43,27890,2890,-1991,-1991,2890,14.9,510,372,61,1395655
D:44,D,44,28236,3236,-1323,-1332,3236,14.7,509,378,62,1433787
D:45,D,45,28459,3459,-1140,-1120,3459,14.7,503,385,62,1458993
D:46,D,46,28671,3671,-807,-815,3671,15.6,493,396,62,1453456
D:47,D,47,28559,3559,-1056,-1061,3559,16.8,491,403,61,1416423
D:48,D,48,28448,3448,-1113,-1118,3448,18.7,488,406,61,1418659
D:49,D,49,28595,3595,-717,-716,3595,19.9,471,415,62,1540656
D:50,D,50,27817,2817,-929,-934,2817,22.8,462,414,61,1353640
D:51,D,51,28688,3688,-335,-344,3688,22.2,459,410,61,1320530
D:52,D,52,28031,3031,-1153,-1161,3031,22.1,460,404,56,1186467
D:53,D,53,28603,3603,-762,-771,3603,21.1,452,409,61,1353248
D:54,D,54,27903,2903,-1571,-1580,2903,21.0,450,402,59,1194100
D:55,D,55,28707,3707,-761,-764,3707,20.1,450,400,57,1166178
D:56,D,56,28303,3303,-1259,-1259,3303,21.0,448,393,55,889497
D:57,D,57,28004,3004,-1016,-1013,3004,21.9,436,399,55,945878
Da:58,Da,58,28750,3750,-878,-878,3750,20.2,412,415,37,294036
Da:59,Da,59,28333,3333,-530,-538,3332,20.1,418,422,54,716806
Da:60,Da,60,28517,3517,-610,-609,3517,19.0,423,431,53,685160
Da:61,Da,61,28893,3893,-603,-597,3893,17.8,422,431,53,762189
Da:62,Da,62,28633,3633,-686,-688,3633,17.0,417,431,53,797625
Da:63,Da,63,28241,3241,-1216,-1217,3241,16.1,404,430,53,693552
Da:64,Da,64,28749,3749,-955,-1000,3749,15.2,399,423,54,755946
Da:65,Da,65,28758,3758,-686,-687,3758,16.1,395,417,54,767743
Da:66,Da,66,28408,3408,-1023,-1051,3408,17.9,397,415,54,738767
Da:67,Da,67,28810,3810,-960,-1021,3805,17.9,412,417,53,669373
Da:68,Da,68,28902,3902,-1095,-1118,3899,17.2,415,417,52,709687
Da:69,Da,69,28781,3781,-817,-819,3745,17.2,426,418,50,628705
Da:70,Da,70,28290,3290,-1076,-1075,3259,18.2,414,416,49,559654
Da:71,Da,71,28621,3621,-1039,-1057,3621,20.0,413,416,48,548974
Da:72,Da,72,28826,3826,-738,-772,3722,20.2,405,418,48,516284
Da:73,Da,73,28042,3042,-1223,-1283,3005,21.0,404,412,48,519570
Da:74,Da,74,28746,3746,-916,-977,3663,21.1,408,409,48,528567
Da:75,Da,75,28349,3349,-996,-1201,3118,21.2,400,413,48,565639
Da:76,Da,76,28465,3465,-751,-788,3362,22.0,403,408,48,563846
Da:77,Da,77,28957,3957,-376,-483,3901,22.0,407,415,48,574524
Da:78,Da,78,28425,3425,-950,-1023,3329,21.0,404,419,48,588772
Da:79,Da,79,28386,3386,-1467,-1481,3244,21.0,410,417,48,588452
Da:80,Da,80,28020,3020,-1747,-1808,2954,21.0,414,411,48,564671
Da:81,Da,81,29291,4291,75,14,4227,20.3,412,409,48,533705
Da:82,Da,82,27940,2940,-1152,-1166,2911,20.0,414,412,44,388913
Da:83,Da,83,27561,2561,-1724,-1688,2498,19.1,413,399,34,248443
Daa:84,Daa,84,28198,3198,-746,-794,3167,20.2,395,377,34,162057
Daa:85,Daa,85,28543,3543,-275,-316,3470,23.0,393,381,44,273733
Daa:86,Daa,86,28399,3399,-520,-537,3206,23.1,392,380,44,251919
Daa:87,Daa,87,28649,3649,21,79,3561,24.9,390,370,45,272044
Daa:88,Daa,88,27995,2995,-666,-733,2875,26.0,387,364,47,316787
Daa:89,Daa,89,28542,3542,-73,-171,3489,26.2,391,354,47,296637
Daa:90,Daa,90,29065,4065,596,563,4038,27.0,390,349,44,206913
Daa:91,Daa,91,28253,3253,-228,-240,3216,26.0,396,340,42,185880
Daa:92,Daa,92,28487,3487,229,124,3345,26.1,402,333,42,176212
Daa:93,Daa,93,28145,3145,-284,-306,3086,26.0,398,334,39,149616
Daa:94,Daa,94,29193,4193,635,633,4157,25.0,406,338,42,182687
Daa:95,Daa,95,28463,3463,-30,-54,3271,25.1,391,335,41,176675
Daa:96,Daa,96,29486,4486,752,815,4427,26.1,391,336,40,178599
Daa:97,Daa,97,29274,4274,720,771,4214,26.0,392,333,38,146235
Daa:98,Daa,98,27352,2352,-1156,-1115,2263,26.1,394,328,40,175313
Daa:99,Daa,99,28180,3180,-308,-292,3092,26.0,396,330,40,175199
Daa:100,Daa,100,27051,2051,-1555,-1558,1967,25.1,394,331,40,171802
Daa:101,Daa,101,28120,3120,-385,-389,3038,24.1,385,335,40,195465
Daa:102,Daa,102,28324,3324,-71,-48,2998,25.1,383,332,40,187628
Daa:103,Daa,103,28129,3129,-842,-959,2602,23.1,380,321,40,167198
Daa:104,Daa,104,28938,3938,147,153,3687,23.2,385,334,40,177713
Daa:105,Daa,105,28526,3526,-430,-429,3187,24.1,387,333,40,200889
Daa:106,Daa,106,28107,3107,-938,-995,1545,24.1,382,333,40,204923
Daa:107,Daa,107,28227,3227,-1119,-1217,2905,23.0,366,329,40,203596
Daa:108,Daa,108,29180,4180,-116,-106,4061,22.0,353,330,38,196054
Daa:109,Daa,109,28381,3381,-697,-707,3154,22.1,359,328,40,217720
Daa:110,Daa,110,29148,4148,-594,-573,3091,22.1,359,328,40,217720
Daa:111,Daa,111,29510,4510,-390,-333,3544,22.1,359,335,39,137869
Daa:112,Daa,112,29699,4699,190,212,3526,22.9,360,341,35,104788
Daaa:113,Daaa,113,31172,6172,-105,-135,1738,20.0,338,329,31,80119
Daaa:114,Daaa,114,31465,6465,152,-81,-162,20.1,335,331,27,43867
Daaa:115,Daaa,115,32195,7195,333,270,1201,19.9,338,335,27,42996
Daaa:116,Daaa,116,31983,6983,-19,25,2110,19.5,338,332,28,42996
Daaa:117,Daaa,117,30799,5799,-225,-176,3452,19.0,337,328,29,60028
Daaa:118,Daaa,118,29982,4982,-2110,-2131,2315,19.0,332,336,29,56175
Daaa:119,Daaa,119,31447,6447,-86,-96,655,19.0,332,336,29,56175
Daaa:120,Daaa,120,34250,9250,1728,2256,2961,19.1,340,340,34,100108
Daaa:121,Daaa,121,29689,4689,-2377,-2426,2067,20.0,338,341,27,44522
Daaa:122,Daaa,122,32415,7415,155,283,780,19.5,336,342,29,44522
Daaa:123,Daaa,123,32810,7810,-737,81,620,19.0,333,343,32,96513
Daaa:124,Daaa,124,35801,10801,1233,1705,3469,19.0,332,347,34,106612
Daaa:125,Daaa,125,38705,13705,2265,4593,2700,18.1,333,352,34,106183
Daaa:126,Daaa,126,41820,16820,5751,8541,7189,18.1,328,356,34,110150
Daaa:127,Daaa,127,43643,18643,8500,11704,699,18.0,316,356,36,143118
Daaa:128,Daaa,128,40536,15536,2533,5166,5845,18.1,313,361,29,65636
Daaa:129,Daaa,129,37312,12312,1463,3866,856,18.1,313,361,29,65636
Daap:113,Daap,113,28623,3623,-976,-971,2181,24.0,378,347,35,0
Daap:114,Daap,114,29454,4454,-295,-173,3166,24.0,385,347,31,0
Daap:115,Daap,115,29465,4465,15,65,3728,24.0,392,348,27,44794
Daap:116,Daap,116,29057,4057,-1862,-1923,2958,23.3,391,347,27,44794
Daap:117,Daap,117,28655,3655,-1018,-1018,2359,22.5,389,346,27,44794
Daap:118,Daap,118,31009,6009,1122,1113,2948,21.8,388,345,27,44794
Daap:119,Daap,119,30776,5776,-265,51,928,21.0,386,344,27,43010
Daap:120,Daap,120,30555,5555,-583,-583,2306,21.9,383,348,27,43945
Daap:121,Daap,121,30347,5347,-813,-813,2575,21.9,383,348,27,43945
Daap:122,Daap,122,32061,7061,553,550,4694,21.9,381,349,27,43945
Daap:123,Daap,123,29902,4902,-838,-838,2136,21.9,379,350,27,43945
Daap:124,Daap,124,32072,7072,1326,1326,2092,22.0,376,351,27,43945
Daap:125,Daap,125,30372,5372,-342,-358,3022,22.0,374,352,27,43945
Daap:126,Daap,126,30094,5094,-1531,-1532,1859,22.0,371,354,27,44193
Daap:127,Daap,127,30447,5447,-1005,-1066,1770,22.0,365,354,32,88164
Daap:128,Daap,128,31146,6146,-438,-404,828,22.1,358,359,27,43631
Daap:129,Daap,129,41169,16169,6879,8455,-7108,20.0,358,362,32,96651
Dap:84,Dap,84,29393,4393,-692,-692,4393,21.0,455,404,34,213263
Dap:85,Dap,85,29903,4903,92,92,4903,22.9,461,406,44,311191
Dap:86,Dap,86,29360,4360,-327,-327,4347,22.9,461,408,44,328030
Dap:87,Dap,87,30010,5010,267,267,5010,23.9,470,405,45,322100
Dap:88,Dap,88,28970,3970,-805,-813,3946,25.0,460,399,45,294142
Dap:89,Dap,89,28591,3591,-661,-596,3571,26.0,456,396,45,280717
Dap:90,Dap,90,29099,4099,321,328,4074,26.2,454,393,46,264637
Dap:91,Dap,91,28754,3754,-394,-371,3747,26.1,457,380,44,224064
Dap:92,Dap,92,28778,3778,-317,-316,3760,27.0,464,368,44,228250
Dap:93,Dap,93,29665,4665,574,433,4606,26.0,469,360,43,208284
Dap:94,Dap,94,28665,3665,-619,-650,3640,26.0,465,355,42,209694
Dap:95,Dap,95,28951,3951,-279,-185,3923,26.0,462,342,41,176707
Dap:96,Dap,96,28961,3961,-55,-56,3933,25.9,452,337,36,136487
Dap:97,Dap,97,28148,3148,-830,-851,3130,25.0,444,331,40,164214
Dap:98,Dap,98,28528,3528,-345,-351,3512,23.1,443,335,38,143452
Dap:99,Dap,99,28138,3138,-1266,-1311,3070,24.0,444,345,40,186532
Dap:100,Dap,100,30251,5251,1134,1143,5174,22.1,440,345,40,189450
Dap:101,Dap,101,29247,4247,-411,-410,4165,21.1,437,343,40,176152
Dap:102,Dap,102,30116,5116,508,490,4902,22.0,428,344,40,189190
Dap:103,Dap,103,29328,4328,-713,-727,4147,20.0,426,338,40,194550
Dap:104,Dap,104,29559,4559,-442,-426,4299,20.0,433,343,40,202688
Dap:105,Dap,105,29811,4811,-303,-304,4635,20.1,429,345,40,196997
Dap:106,Dap,106,29018,4018,-719,-719,3893,19.0,418,347,40,211540
Dap:107,Dap,107,30444,5444,97,97,5330,19.0,406,347,40,218297
Dap:108,Dap,108,28806,3806,-1012,-1012,3731,18.0,397,346,36,196871
Dap:109,Dap,109,28489,3489,-1061,-1048,3398,19.0,395,337,36,178426
Dapa:110,Dapa,110,30767,5767,595,580,5454,19.0,378,339,27,45947
Dapa:111,Dapa,111,30741,5741,689,602,5253,18.8,378,340,35,88540
Dapa:112,Dapa,112,32717,7717,2428,2427,7332,18.6,377,341,35,88540
Dapa:113,Dapa,113,33201,8201,3117,3153,7980,18.4,376,342,35,88540
Dapa:114,Dapa,114,34144,9144,3780,3905,8702,18.3,375,343,35,88540
Dapa:115,Dapa,115,33820,8820,2289,2659,7829,18.1,374,344,35,88540
Dapa:116,Dapa,116,37654,12654,6087,6240,11446,17.9,372,345,35,100773
Dapa:117,Dapa,117,35384,10384,3671,3703,9234,17.9,372,346,35,100773
Dapa:118,Dapa,118,40028,15028,8202,8160,14087,18.0,373,347,35,100773
Dapa:119,Dapa,119,38918,13918,6719,6843,12965,18.0,374,348,35,100773
Dapa:120,Dapa,120,38160,13160,5646,6044,11895,18.0,375,350,34,98702
Dapa:121,Dapa,121,43006,18006,8964,8953,16699,18.0,369,356,29,62011
Dapa:122,Dapa,122,43803,18803,10814,10801,18084,18.0,368,361,32,88286
Dapa:123,Dapa,123,46544,21544,13468,13484,20775,17.9,364,363,32,92848
Dapa:124,Dapa,124,49791,24791,13981,14140,23545,17.9,363,359,27,42491
Dapa:125,Dapa,125,49941,24941,16635,16760,24190,17.0,364,364,32,85905
Dapa:126,Dapa,126,50032,25032,18070,18030,24147,17.1,364,366,32,92143
Dapa:127,Dapa,127,51308,26308,17905,17892,25863,17.0,356,366,32,95085
Dapa:128,Dapa,128,51586,26586,17172,17128,25712,17.0,352,360,32,92929
Dapa:129,Dapa,129,52095,27095,16405,17397,29374,18.0,356,365,32,92424
Dapp:110,Dapp,110,29661,4661,-754,-754,4589,20.0,430,354,35,0
Dapp:111,Dapp,111,31105,6105,321,321,5977,20.0,430,356,35,0
Dapp:112,Dapp,112,31063,6063,294,280,5990,20.0,429,358,35,0
Dapp:113,Dapp,113,32904,7904,2218,2253,7758,20.0,428,360,35,0
Dapp:114,Dapp,114,33341,8341,2359,2341,8185,19.5,429,361,35,0
Dapp:115,Dapp,115,36596,11596,4703,4685,11382,19.0,431,363,35,0
Dapp:116,Dapp,116,38266,13266,6561,6612,12944,18.5,432,365,35,0
Dapp:117,Dapp,117,37252,12252,5034,5050,11996,18.0,434,367,35,0
Dapp:118,Dapp,118,39619,14619,6840,6849,14302,17.8,432,366,34,0
Dapp:119,Dapp,119,40439,15439,7661,7661,15266,17.6,430,365,32,0
Dapp:120,Dapp,120,42545,17545,8830,8830,17351,17.3,427,364,31,0
Dapp:121,Dapp,121,43992,18992,10505,10505,18752,17.1,425,363,29,0
Dapp:122,Dapp,122,45063,20063,8504,8504,19335,16.9,422,361,27,42063
Dapp:123,Dapp,123,48112,23112,10439,10439,22618,17.0,415,363,27,42063
Dapp:124,Dapp,124,50203,25203,12539,12539,24636,17.0,407,365,27,42385
Dapp:125,Dapp,125,53774,28774,15938,15924,28377,17.0,414,360,27,43681
Dapp:126,Dapp,126,50906,25906,13660,13661,25403,17.0,409,360,27,43681
Dapp:127,Dapp,127,53651,28651,16530,16197,28140,17.0,404,360,27,43681
Dapp:128,Dapp,128,57520,32520,18621,18411,31986,17.0,398,361,27,42491
Dapp:129,Dapp,129,54693,29693,18571,18752,28582,17.0,394,360,32,85622
Dp:58,Dp,58,28941,3941,36,44,3941,24.1,468,388,53,573783
Dp:59,Dp,59,28723,3723,-72,-76,3720,25.1,463,394,54,623818
Dp:60,Dp,60,28133,3133,-404,-413,3133,26.0,472,397,53,592622
Dp:61,Dp,61,28469,3469,-37,-19,3469,25.0,479,397,53,652763
Dp:62,Dp,62,29014,4014,-265,-260,4014,25.0,476,388,53,692266
Dp:63,Dp,63,28543,3543,-920,-908,3543,23.0,466,403,53,615994
Dp:64,Dp,64,28624,3624,-566,-598,3624,22.0,465,407,54,677911
Dp:65,Dp,65,28079,3079,-1147,-1175,3079,21.9,460,408,54,670083
Dp:66,Dp,66,29162,4162,-220,-283,4162,21.2,470,409,54,700885
Dp:67,Dp,67,29032,4032,-330,-347,4024,21.1,464,407,53,667015
Dp:68,Dp,68,28064,3064,-1375,-1387,3060,22.0,465,403,52,651750
Dp:69,Dp,69,28505,3505,-779,-791,3502,23.1,467,398,52,625009
Dp:70,Dp,70,28722,3722,-523,-524,3721,23.0,466,396,49,516241
Dp:71,Dp,71,28234,3234,-964,-1027,3220,23.2,470,392,46,439880
Dp:72,Dp,72,29027,4027,20,42,4010,23.2,464,392,48,463623
Dp:73,Dp,73,28839,3839,-488,-533,3828,24.1,463,383,48,487701
Dp:74,Dp,74,28859,3859,-411,-421,3843,24.1,463,383,48,466759
Dp:75,Dp,75,28765,3765,-555,-654,3745,24.2,466,381,48,466389
Dp:76,Dp,76,28700,3700,-630,-654,3680,24.1,470,378,46,423629
Dp:77,Dp,77,28879,3879,-192,-187,3870,24.0,473,379,48,514160
Dp:78,Dp,78,28426,3426,-1104,-1096,3399,23.2,476,378,48,490843
Dp:79,Dp,79,29075,4075,-551,-572,3992,23.0,478,391,48,552578
Dp:80,Dp,80,28648,3648,-987,-1020,3591,23.1,487,381,48,539354
Dp:81,Dp,81,28936,3936,-685,-753,3917,24.1,488,370,48,521997
Dp:82,Dp,82,28856,3856,-155,-165,3850,24.1,498,360,48,540569
Dp:83,Dp,83,28364,3364,-1513,-1510,3363,24.1,507,363,46,483557
Dp:84,Dp,84,29269,4269,188,204,4258,25.0,507,348,46,459440
Dp:85,Dp,85,27430,2430,-1671,-1676,2402,24.9,503,328,44,352116
Dpa:86,Dpa,86,29085,4085,374,399,4058,26.0,499,305,44,253084
Dpa:87,Dpa,87,28412,3412,-648,-683,3394,27.0,496,292,45,257600
Dpa:88,Dpa,88,28485,3485,-331,-383,3468,26.1,495,285,45,270443
Dpa:89,Dpa,89,28791,3791,-297,-309,3776,26.9,495,283,45,286113
Dpa:90,Dpa,90,28484,3484,-43,-12,3437,27.0,495,286,44,234678
Dpa:91,Dpa,91,28237,3237,-216,-194,3146,27.1,494,273,44,232224
Dpa:92,Dpa,92,29120,4120,304,198,4063,26.1,495,261,44,249442
Dpa:93,Dpa,93,29007,4007,153,88,3941,25.2,496,260,43,222897
Dpa:94,Dpa,94,28448,3448,-723,-740,3381,25.1,491,251,42,244864
Dpa:95,Dpa,95,28247,3247,-1548,-1605,3156,24.1,482,237,41,245063
Dpa:96,Dpa,96,29403,4403,515,507,4290,24.1,476,235,40,229609
Dpa:97,Dpa,97,29546,4546,-39,-64,4256,24.1,476,239,40,211430
Dpa:98,Dpa,98,28924,3924,-196,-245,3697,24.1,478,238,40,219442
Dpa:99,Dpa,99,28504,3504,-908,-980,3106,23.2,469,237,40,230017
Dpa:100,Dpa,100,28750,3750,-394,-477,3531,24.1,469,241,40,249909
Dpa:101,Dpa,101,29545,4545,411,409,4275,23.2,471,240,40,211795
Dpa:102,Dpa,102,28972,3972,-335,-295,3786,23.1,464,234,40,239552
Dpa:103,Dpa,103,28491,3491,-775,-817,3287,24.1,459,235,40,234735
Dpa:104,Dpa,104,28741,3741,-784,-818,3540,23.2,457,233,40,253256
Dpa:105,Dpa,105,28254,3254,-800,-918,3086,23.1,460,234,40,244273
Dpa:106,Dpa,106,29487,4487,-490,-487,4332,22.2,454,228,40,233022
Dpa:107,Dpa,107,29921,4921,314,320,4607,23.1,451,229,40,257818
Dpa:108,Dpa,108,29327,4327,52,40,3685,24.1,450,237,40,244416
Dpa:109,Dpa,109,29249,4249,-20,-61,3672,24.1,449,239,40,234401
Dpa:110,Dpa,110,29843,4843,299,299,4539,24.1,449,239,40,234401
Dpa:111,Dpa,111,29671,4671,-166,-164,4427,24.0,442,244,37,115175
Dpa:112,Dpa,112,29547,4547,6,6,4194,24.1,436,241,27,46805
Dpa:113,Dpa,113,32070,7070,2507,2507,6417,23.1,432,235,27,46805
Dpa:114,Dpa,114,29569,4569,-722,-732,3213,22.1,428,229,28,46805
Dpa:115,Dpa,115,30256,5256,-310,-298,3734,21.1,424,222,29,63300
Dpa:116,Dpa,116,30198,5198,-660,-659,1186,20.1,435,217,35,110308
Dpa:117,Dpa,117,30359,5359,-208,-173,2445,20.0,434,218,34,122242
Dpaa:118,Dpaa,118,32920,7920,-104,191,201,19.0,423,192,34,111440
Dpaa:119,Dpaa,119,31324,6324,-609,-737,908,20.1,417,193,29,64456
Dpaa:120,Dpaa,120,34106,9106,942,827,1477,20.1,417,193,29,64456
Dpaa:121,Dpaa,121,32834,7834,-529,-232,1028,20.0,416,191,35,105114
Dpaa:122,Dpaa,122,34053,9053,124,488,1902,20.1,416,191,29,58305
Dpaa:123,Dpaa,123,39706,14706,2658,6721,-1335,19.1,410,191,29,66389
Dpaa:124,Dpaa,124,36102,11102,7,1433,392,19.1,410,191,29,66389
Dpaa:125,Dpaa,125,37071,12071,2488,3217,5873,20.0,413,188,34,109871
Dpaa:126,Dpaa,126,38663,13663,4507,5147,4284,20.0,416,183,34,112948
Dpaa:127,Dpaa,127,33206,8206,1705,1682,5363,20.9,410,190,32,95153
Dpaa:128,Dpaa,128,32078,7078,-405,-580,880,21.0,413,188,32,97530
Dpaa:129,Dpaa,129,31910,6910,-190,-157,-1479,21.0,414,182,32,102962
Dpap:118,Dpap,118,32120,7120,867,946,3906,20.0,445,232,27,46419
Dpap:119,Dpap,119,29703,4703,-475,-422,2980,21.0,449,238,27,43009
Dpap:120,Dpap,120,29713,4713,-783,-767,3099,21.3,451,237,28,43009
Dpap:121,Dpap,121,30337,5337,-434,-254,3423,21.7,453,235,30,43009
Dpap:122,Dpap,122,29348,4348,-978,-1070,2261,22.0,456,233,32,89726
Dpap:123,Dpap,123,30696,5696,270,270,3881,21.9,450,230,27,43033
Dpap:124,Dpap,124,30328,5328,-666,-687,3681,21.9,450,230,27,43033
Dpap:125,Dpap,125,30790,5790,-959,-906,2729,22.0,445,225,32,88232
Dpap:126,Dpap,126,31371,6371,340,390,4465,22.0,445,225,32,88232
Dpap:127,Dpap,127,32289,7289,346,833,1370,22.1,442,214,32,88953
Dpap:128,Dpap,128,31235,6235,-803,-864,2468,23.0,442,219,27,44228
Dpap:129,Dpap,129,33879,8879,1504,2434,2258,22.0,440,212,32,94232
Dpp:86,Dpp,86,29056,4056,-361,-387,4001,24.0,516,354,40,286222
Dpp:87,Dpp,87,28297,3297,-1222,-1222,3285,25.0,515,358,39,276122
Dpp:88,Dpp,88,29293,4293,32,51,4289,26.0,507,355,45,292847
Dpp:89,Dpp,89,29747,4747,385,317,4722,26.0,498,364,45,305302
Dpp:90,Dpp,90,29376,4376,165,146,4329,26.1,501,367,46,301592
Dpp:91,Dpp,91,29377,4377,125,112,4360,26.1,507,349,44,252272
Dpp:92,Dpp,92,29705,4705,381,426,4664,26.1,512,339,44,255293
Dpp:93,Dpp,93,28401,3401,-1122,-1098,3319,26.0,507,335,43,245627
Dpp:94,Dpp,94,28738,3738,-1106,-1163,3663,25.1,508,327,42,232359
Dpp:95,Dpp,95,29091,4091,-559,-597,4065,26.1,504,309,41,202874
Dpp:96,Dpp,96,29080,4080,-368,-392,4054,26.0,498,301,40,222121
Dpp:97,Dpp,97,29957,4957,373,389,4923,25.0,499,300,40,203667
Dpp:98,Dpp,98,28511,3511,-990,-992,3390,24.1,498,296,40,194627
Dpp:99,Dpp,99,28848,3848,-1169,-1068,3653,24.1,496,299,40,204559
Dpp:100,Dpp,100,29263,4263,-373,-198,3992,23.0,491,296,40,220687
Dpp:101,Dpp,101,28522,3522,-1110,-1028,2849,22.0,492,292,40,233454
Dpp:102,Dpp,102,28956,3956,-754,-752,3460,20.2,481,291,38,207403
Dpp:103,Dpp,103,29738,4738,-167,-158,4076,20.0,484,285,40,242234
Dpp:104,Dpp,104,29463,4463,-847,-821,4003,20.1,493,288,40,221344
Dpp:105,Dpp,105,29261,4261,-273,-279,4040,21.0,494,285,40,241886
Dpp:106,Dpp,106,30035,5035,-98,41,4500,20.1,485,280,40,243311
Dpp:107,Dpp,107,30534,5534,683,702,4848,19.2,482,281,40,243157
Dpp:108,Dpp,108,29406,4406,-503,-602,4046,20.0,482,285,40,255437
Dpp:109,Dpp,109,29929,4929,308,334,4606,19.1,481,277,40,258968
Dpp:110,Dpp,110,30747,5747,174,154,5698,19.1,481,277,40,258968
Dpp:111,Dpp,111,30225,5225,-179,-181,5135,17.1,471,262,37,121228
Dpp:112,Dpp,112,29121,4121,-987,-992,4041,18.9,465,254,35,106453
Dppa:113,Dppa,113,28693,3693,-1547,-1631,2551,19.9,461,247,27,44630
Dppa:114,Dppa,114,30652,5652,-81,-22,4399,19.0,458,238,27,44808
Dppa:115,Dppa,115,31550,6550,515,974,5109,18.2,460,236,29,63649
Dppa:116,Dppa,116,31716,6716,894,894,6134,18.1,462,237,27,42921
Dppa:117,Dppa,117,31893,6893,808,816,6150,17.1,463,235,27,42668
Dppa:118,Dppa,118,34785,9785,3666,3706,8471,16.9,457,232,34,97777
Dppa:119,Dppa,119,34163,9163,1727,2953,7334,17.0,455,223,34,107932
Dppa:120,Dppa,120,35644,10644,2944,3411,8456,18.0,451,216,27,46074
Dppa:121,Dppa,121,34320,9320,1464,2013,7465,18.9,450,215,33,87663
Dppa:122,Dppa,122,35057,10057,1088,1897,8737,18.0,450,218,32,92700
Dppa:123,Dppa,123,37126,12126,5319,5782,11083,18.1,456,213,32,96291
Dppa:124,Dppa,124,37122,12122,3346,4324,10364,18.1,449,207,34,114266
Dppa:125,Dppa,125,41605,16605,9769,9899,15646,18.0,456,210,32,103705
Dppa:126,Dppa,126,39711,14711,7514,7898,13711,18.1,455,202,34,106922
Dppa:127,Dppa,127,42528,17528,10154,10463,16533,19.0,455,211,36,137221
Dppa:128,Dppa,128,41993,16993,8356,8793,15605,19.0,454,207,36,135801
Dppa:129,Dppa,129,43841,18841,10140,10821,16999,19.0,450,204,36,141870
Dppp:113,Dppp,113,29943,4943,-591,-707,4403,19.5,476,272,35,106453
Dppp:114,Dppp,114,30942,5942,273,268,5552,20.0,487,291,35,0
Dppp:115,Dppp,115,32763,7763,1645,1631,7356,19.6,487,288,34,0
Dppp:116,Dppp,116,30673,5673,466,466,4705,19.2,488,284,32,0
Dppp:117,Dppp,117,31179,6179,127,127,5755,18.7,488,280,31,0
Dppp:118,Dppp,118,32291,7291,246,246,6957,18.3,489,276,29,0
Dppp:119,Dppp,119,37316,12316,4239,4239,11857,17.9,490,272,27,41724
Dppp:120,Dppp,120,33768,8768,1164,1192,8016,18.0,486,271,27,41928
Dppp:121,Dppp,121,37669,12669,4710,4710,12051,18.0,483,262,27,42532
Dppp:122,Dppp,122,40361,15361,7507,7505,15002,18.0,483,262,27,42532
Dppp:123,Dppp,123,41109,16109,9023,9080,15846,17.9,479,259,32,85377
Dppp:124,Dppp,124,41011,16011,8163,8139,15756,17.9,479,259,32,85377
Dppp:125,Dppp,125,41464,16464,6236,6236,15875,19.0,474,251,27,41716
Dppp:126,Dppp,126,45004,20004,11665,11616,19575,19.0,471,252,32,88045
Dppp:127,Dppp,127,46910,21910,13785,13750,21291,19.0,471,252,32,88045
Dppp:128,Dppp,128,47678,22678,14291,14505,21868,20.0,471,245,34,108444
Dppp:129,Dppp,129,47768,22768,13539,13817,21581,20.0,473,244,32,87789
P4:34,P4,34,28340,3340,-743,-778,3340,14.1,473,406,48,571283
P4:35,P4,35,28481,3481,-377,-398,3481,17.7,466,410,59,876024
P4:36,P4,36,27993,2993,-682,-695,2993,17.8,460,419,60,969093
P4:37,P4,37,28022,3022,-442,-400,3022,16.4,463,424,59,990273
P4:38,P4,38,28746,3746,225,178,3746,18.7,469,419,61,1120004
P4:39,P4,39,28016,3016,-526,-549,3016,20.0,473,414,60,1165701
P4:40,P4,40,28069,3069,-572,-597,3069,19.3,463,419,58,1098361
P4:41,P4,41,28700,3700,-176,-200,3700,20.3,461,417,58,1116007
P4:42,P4,42,28377,3377,-543,-551,3377,21.7,457,408,60,1234151
P4:43,P4,43,28250,3250,-713,-704,3250,20.8,448,414,61,1182659
P4:44,P4,44,28137,3137,-817,-859,3137,19.3,448,419,60,1269669
P4:45,P4,45,28011,3011,-883,-901,3011,18.4,435,421,60,1265931
P4:46,P4,46,28003,3003,-870,-865,3003,19.2,422,425,60,1325871
P4:47,P4,47,28352,3352,-527,-496,3352,20.3,418,421,59,1116131
P4:48,P4,48,27638,2638,-967,-961,2638,22.8,411,416,61,1179985
P4:49,P4,49,27901,2901,-571,-542,2901,24.0,392,407,62,1198718
P4:50,P4,50,27676,2676,-893,-871,2676,24.9,382,396,61,1138472
P4:51,P4,51,28260,3260,-396,-397,3260,24.9,386,389,59,1064786
P4:52,P4,52,28554,3554,-290,-319,3554,25.0,391,384,56,998284
P4:53,P4,53,28210,3210,-687,-717,3210,24.0,391,383,55,961264
P4:54,P4,54,27624,2624,-1222,-1226,2624,25.1,388,364,55,886503
P4:55,P4,55,27869,2869,-1135,-1135,2869,26.0,392,355,55,818896
P4:56,P4,56,27924,2924,-1063,-1063,2924,26.0,397,348,55,816867
P4:57,P4,57,28697,3697,-123,-104,3697,26.0,392,342,59,950929
P4:58,P4,58,28498,3498,-403,-403,3498,26.2,397,342,55,784308
P4:59,P4,59,28037,3037,-866,-867,3037,26.1,392,350,58,956939
P4:60,P4,60,28495,3495,-487,-500,3495,25.2,404,364,57,968535
P4:61,P4,61,28086,3086,-803,-785,3086,25.1,407,372,55,898458
P4:62,P4,62,28318,3318,-1086,-1086,3318,24.3,394,382,57,1056094
P4:63,P4,63,28451,3451,-710,-713,3451,25.0,391,386,59,893216
P4:64,P4,64,28211,3211,-987,-1010,3211,25.0,389,388,56,837251
P4:65,P4,65,28234,3234,-651,-641,3234,25.1,390,390,56,883807
P4:66,P4,66,28447,3447,-424,-441,3447,25.9,396,388,54,782490
P4:67,P4,67,27886,2886,-1101,-1097,2868,25.2,401,388,55,792588
P4:68,P4,68,28156,3156,-687,-682,3147,25.1,397,392,52,766634
P4:69,P4,69,28295,3295,-580,-588,3293,25.1,398,387,50,702307
P4:70,P4,70,28000,3000,-759,-762,3000,26.1,399,374,49,583471
P4:71,P4,71,27397,2397,-1605,-1609,2396,26.0,392,362,48,544552
P4:72,P4,72,27759,2759,-790,-790,2759,24.2,378,363,46,442343
P4:73,P4,73,27875,2875,-562,-564,2875,24.2,382,349,48,539378
P4:74,P4,74,28488,3488,-50,-55,3488,24.1,383,343,48,544901
P4:75,P4,75,27080,2080,-1346,-1346,2080,25.0,378,349,40,355709
P4:76,P4,76,27489,2489,-792,-792,2489,25.1,384,346,36,284851
Z2:77,Z2,77,28313,3313,-738,-738,3311,28.0,407,360,36,228759
Z2:78,Z2,78,28993,3993,534,534,3992,27.1,415,365,44,297991
Z2:79,Z2,79,28378,3378,-529,-529,3370,27.0,425,372,44,321334
Z2:80,Z2,80,27815,2815,-999,-1006,2795,27.0,438,373,44,334466
Z2:81,Z2,81,27740,2740,-956,-1004,2722,27.1,435,363,46,365549
Z2:82,Z2,82,27997,2997,-815,-804,2986,27.2,443,364,48,444148
Z2:83,Z2,83,28362,3362,-826,-849,3357,28.0,451,358,46,398194
Z2:84,Z2,84,28292,3292,-632,-648,3267,26.2,450,343,46,395048
Z2:85,Z2,85,27930,2930,-445,-470,2867,26.1,449,327,46,371733
Z2:86,Z2,86,28477,3477,-330,-307,3441,26.1,444,330,46,398643
Z2:87,Z2,87,27681,2681,-1381,-1445,2635,25.0,447,325,47,412704
Z2:88,Z2,88,27741,2741,-1221,-1229,2674,25.1,443,325,47,415993
Z2:89,Z2,89,27694,2694,-1157,-1053,2648,24.9,447,323,45,366033
Z2:90,Z2,90,27716,2716,-901,-930,2696,24.1,449,318,44,292865
Z2:91,Z2,91,28823,3823,33,44,3764,25.0,449,312,42,267934
Z2:92,Z2,92,28699,3699,-232,-302,3569,24.1,463,299,44,286318
Z2:93,Z2,93,27857,2857,-1271,-1330,2700,24.1,459,291,43,270164
Z2:94,Z2,94,28272,3272,-454,-462,3197,25.0,462,288,40,250468
Z2:95,Z2,95,28017,3017,-1142,-1222,2904,24.0,449,276,41,265313
Z2:96,Z2,96,29344,4344,690,687,4240,23.2,448,276,40,254266
Z2:97,Z2,97,28433,3433,-778,-749,3305,23.1,442,271,40,253980
Z2:98,Z2,98,28011,3011,-1541,-1703,2863,24.0,444,271,40,273652
Z2:99,Z2,99,28402,3402,-633,-626,3326,23.0,440,273,40,275999
Z2:100,Z2,100,27869,2869,-1365,-1419,2796,22.1,436,270,40,281876
Z2:101,Z2,101,28795,3795,-517,-442,3484,22.1,439,268,40,271888
Z2:102,Z2,102,29096,4096,242,234,4013,22.0,435,269,36,222661
Z2:103,Z2,103,28539,3539,-1128,-1116,3314,21.0,441,265,38,265177
Z2:104,Z2,104,28837,3837,-790,-830,3631,20.1,441,267,40,285405
Z2:105,Z2,105,27970,2970,-1581,-1713,2846,21.0,442,271,40,293137
Z2:106,Z2,106,28613,3613,-749,-665,3493,20.1,437,273,40,296106
Z2:107,Z2,107,28600,3600,-1127,-1077,3401,20.0,438,275,40,296092
Z2:108,Z2,108,28890,3890,-445,-519,3767,20.1,437,280,40,291496
Z2:109,Z2,109,29165,4165,-1006,-1070,4054,19.1,434,276,40,282765
Z2:110,Z2,110,29689,4689,-274,-290,4612,19.0,429,281,36,147853
Z2:111,Z2,111,28559,3559,-1688,-1701,3504,19.2,423,283,39,164024
Z2:112,Z2,112,29004,4004,-1263,-1272,3889,20.0,423,285,39,173972
Z2:113,Z2,113,29975,4975,13,12,4912,19.1,420,286,39,165476
Z2:114,Z2,114,30216,5216,-106,-106,5139,18.1,427,285,39,170543
Z2:115,Z2,115,29501,4501,-950,-956,4426,19.0,434,285,39,166382
Z2:116,Z2,116,28981,3981,-1449,-1416,3769,17.2,436,288,37,145372
Z2:117,Z2,117,29711,4711,-956,-956,4553,17.2,433,289,38,172263
Z2:118,Z2,118,29447,4447,-1075,-1076,4233,16.2,431,285,38,184027
Z2:119,Z2,119,29638,4638,-1303,-1303,4575,16.0,424,284,38,209006
Z2:120,Z2,120,30023,5023,-528,-497,4715,16.0,423,274,38,193085
Z2:121,Z2,121,29447,4447,-1161,-985,3935,15.2,423,272,37,159562
Z2:122,Z2,122,30249,5249,-508,-477,4556,15.2,424,271,36,164768
Z2:123,Z2,123,30021,5021,-827,-768,4424,16.1,420,273,36,179378
Z2:124,Z2,124,29212,4212,-1483,-1483,3616,17.0,420,264,36,190655
Z2:125,Z2,125,29376,4376,-1414,-1393,3812,17.0,423,267,36,190976
Z2:126,Z2,126,29389,4389,-1211,-1217,3813,17.0,421,260,36,191498
Z2:127,Z2,127,29373,4373,-595,-595,4127,18.0,415,265,36,188656
Z2:128,Z2,128,29590,4590,-954,-954,4384,17.2,414,271,36,176032
Z2:129,Z2,129,28408,3408,-1877,-1877,3383,18.0,417,270,36,191672
Z3:77,Z3,77,28650,3650,246,240,3590,26.1,349,349,38,258649
Z3:78,Z3,78,28130,3130,-808,-768,3115,26.1,346,349,40,266041
Z3:79,Z3,79,28471,3471,58,60,3430,27.0,350,353,44,312809
Z3:80,Z3,80,28104,3104,-278,-280,3048,26.0,346,354,44,320501
Z3:81,Z3,81,27945,2945,-577,-552,2917,26.0,345,351,44,317143
Z3:82,Z3,82,27962,2962,-368,-353,2909,26.0,344,357,44,352731
Z3:83,Z3,83,29084,4084,543,573,3847,26.0,351,349,44,337520
Z3:84,Z3,84,27937,2937,-870,-784,2262,25.9,354,337,44,347208
Z3:85,Z3,85,28744,3744,24,186,3114,25.1,355,327,44,349861
Z3:86,Z3,86,28410,3410,-240,-212,3216,25.0,360,325,44,334715
Z3:87,Z3,87,29110,4110,253,383,3848,24.9,365,318,45,350727
Z3:88,Z3,88,28257,3257,-722,-745,3037,24.1,373,314,47,390034
Z3:89,Z3,89,28739,3739,-126,-97,3499,24.1,376,307,49,466555
Z3:90,Z3,90,28321,3321,-299,-248,3197,24.0,383,300,44,273535
Z3:91,Z3,91,28775,3775,450,422,3692,23.2,382,296,46,302868
Z3:92,Z3,92,27927,2927,-823,-876,2764,24.0,384,301,42,239606
Z3:93,Z3,93,27604,2604,-1256,-1246,2546,23.1,379,297,43,256291
Z3:94,Z3,94,28934,3934,65,65,3844,22.2,378,298,40,215151
Z3:95,Z3,95,28378,3378,26,12,3093,23.0,374,304,41,236225
Z3:96,Z3,96,28175,3175,-765,-744,3105,21.2,370,306,40,239285
Z3:97,Z3,97,27952,2952,-1149,-1205,2810,22.0,367,302,40,239023
Z3:98,Z3,98,28958,3958,-315,-309,3865,21.0,369,304,40,263716
Z3:99,Z3,99,27639,2639,-1250,-1285,2536,21.0,366,307,40,256085
Z3:100,Z3,100,28766,3766,-516,-464,3480,20.0,363,308,40,260060
Z3:101,Z3,101,28161,3161,-1207,-1098,2517,19.1,365,305,40,269787
Z3:102,Z3,102,28006,3006,-1397,-1359,2715,19.0,361,305,38,229449
Z3:103,Z3,103,28334,3334,-1211,-1199,3107,19.1,362,304,40,280365
Z3:104,Z3,104,28041,3041,-1206,-1197,2572,19.1,367,302,40,267640
Z3:105,Z3,105,28949,3949,-507,-499,3343,19.0,367,296,40,280133
Z3:106,Z3,106,28761,3761,-436,-436,3221,19.0,369,291,38,262927
Z3:107,Z3,107,28897,3897,-888,-849,3150,17.1,365,293,38,271431
Z3:108,Z3,108,29025,4025,-803,-493,1548,17.1,359,288,38,272531
Z3:109,Z3,109,29455,4455,-531,-481,3575,17.2,368,286,40,300299
Z3:110,Z3,110,29132,4132,-1194,-1190,3477,18.0,367,288,40,199547
Z3:111,Z3,111,29304,4304,-1057,-1009,3019,17.2,366,289,39,167773
Z3:112,Z3,112,30281,5281,-5,-3,4629,17.1,367,290,39,179708
Z3:113,Z3,113,29399,4399,-999,-939,2656,16.2,360,286,37,165039
Z3:114,Z3,114,29144,4144,-996,-940,2892,16.1,365,287,39,187946
Z3:115,Z3,115,28220,3220,-2475,-2454,2256,16.1,370,287,39,196276
Z3:116,Z3,116,29682,4682,-620,-623,3314,16.1,365,291,39,191799
Z3:117,Z3,117,29252,4252,-1451,-1444,3082,16.1,367,286,38,188742
Z3:118,Z3,118,29881,4881,-1012,-1012,4423,16.0,364,286,38,203366
Z3:119,Z3,119,28885,3885,-1471,-1431,3121,16.0,363,289,38,204163
Z3:120,Z3,120,28914,3914,-1499,-1493,2345,16.1,364,288,38,197344
Z3:121,Z3,121,29960,4960,-722,-520,4313,17.1,357,293,37,172505
Z3:122,Z3,122,28568,3568,-1921,-1928,3271,17.2,358,292,36,157146
Z3:123,Z3,123,29212,4212,-440,-442,3977,18.0,358,292,36,161465
Z3:124,Z3,124,28739,3739,-1385,-1385,3528,17.2,356,290,36,172809
Z3:125,Z3,125,28739,3739,-1287,-1284,3517,17.2,361,289,36,161857
Z3:126,Z3,126,28482,3482,-1182,-1193,3013,19.0,358,294,36,178996
Z3:127,Z3,127,28179,3179,-1643,-1643,2988,19.2,356,298,36,167169
Z3:128,Z3,128,28947,3947,-1706,-1720,3721,19.2,362,304,36,155580
Z3:129,Z3,129,28539,3539,-1505,-1440,2450,19.1,361,309,36,167838
