cellTime,cell,time,none,global,local,blot,cross,z,x,y,size,gweight
AB:1,AB,1,24168,-832,-241,-241,-832,12.5,235,253,88,6425465
AB:2,AB,2,24327,-673,-170,-170,-673,12.6,246,243,96,6597621
AB:3,AB,3,24152,-848,-183,-183,-848,13.4,244,248,96,2144775
AB:4,AB,4,23373,-1627,-138,-138,-1627,11.8,241,245,65,687603
ABa:5,ABa,5,23579,-1421,144,140,-1421,12.1,202,255,63,520749
ABa:6,ABa,6,23422,-1578,-221,-221,-1578,13.1,206,270,62,1207950
ABa:7,ABa,7,23326,-1674,-401,-402,-1674,15.0,229,296,74,2458462
ABa:8,ABa,8,23478,-1522,-75,-75,-1522,15.2,205,278,78,3304776
ABa:9,ABa,9,23492,-1508,-135,-135,-1508,16.1,181,280,78,3864428
ABa:10,ABa,10,23615,-1385,21,21,-1385,16.4,163,276,75,3569340
ABa:11,ABa,11,23507,-1493,-143,-143,-1493,17.5,142,277,80,4435748
ABa:12,ABa,12,23268,-1732,-580,-580,-1732,15.1,119,259,84,5334011
ABa:13,ABa,13,23017,-1983,-659,-659,-1983,13.1,141,235,87,5517058
ABa:14,ABa,14,23483,-1517,-264,-264,-1517,13.1,146,231,90,5888643
ABa:15,ABa,15,23495,-1505,-82,-82,-1505,13.5,151,233,85,2476875
ABa:16,ABa,16,23482,-1518,-153,-153,-1518,13.7,171,227,85,2069414
ABal:17,ABal,17,23574,-1426,-3,-3,-1426,12.2,157,272,55,745168
ABal:18,ABal,18,23580,-1420,54,54,-1420,14.4,167,295,62,1228170
ABal:19,ABal,19,23869,-1131,108,108,-1131,15.7,173,295,71,2137103
ABal:20,ABal,20,23327,-1673,-432,-432,-1673,15.7,165,317,69,2374368
ABal:21,ABal,21,23379,-1621,-583,-574,-1621,14.4,132,318,70,2830383
ABal:22,ABal,22,23135,-1865,-496,-449,-1865,12.5,118,294,72,2980366
ABal:23,ABal,23,23363,-1637,-350,-347,-1637,12.3,106,275,74,3199656
ABal:24,ABal,24,23669,-1331,-674,-650,-1331,14.4,77,285,78,3749698
ABal:25,ABal,25,23427,-1573,-784,-795,-1573,15.5,72,284,79,3704407
ABal:26,ABal,26,23665,-1335,-598,-605,-1335,16.2,74,281,78,3760816
ABal:27,ABal,27,23404,-1596,-1036,-1036,-1596,16.5,81,283,77,3005358
ABal:28,ABal,28,23306,-1694,-590,-590,-1694,17.1,113,268,71,2027028
ABal:29,ABal,29,23987,-1013,195,195,-1013,14.7,118,241,70,1526963
ABala:30,ABala,30,23142,-1858,-592,-599,-1858,14.5,95,243,60,1125942
ABala:31,ABala,31,23785,-1215,8,8,-1215,16.9,95,240,61,1188574
ABala:32,ABala,32,23429,-1571,-426,-426,-1571,18.6,99,236,62,1279560
ABala:33,ABala,33,23784,-1216,-199,-199,-1216,20.0,91,241,65,1469470
ABala:34,ABala,34,23562,-1438,-610,-610,-1438,20.0,92,239,67,1526676
ABala:35,ABala,35,24040,-960,51,51,-960,19.3,87,242,71,1832279
ABala:36,ABala,36,23496,-1504,-656,-656,-1504,19.1,88,228,71,1869739
ABala:37,ABala,37,23833,-1167,-460,-460,-1167,17.3,72,232,69,1856555
ABala:38,ABala,38,23526,-1474,-687,-687,-1474,17.7,72,220,64,1658860
ABala:39,ABala,39,23795,-1205,-482,-482,-1205,17.8,74,214,65,1725857
ABala:40,ABala,40,23610,-1390,-677,-677,-1390,18.7,89,211,67,1763668
ABala:41,ABala,41,23667,-1333,-536,-536,-1333,18.2,98,213,69,1838103
ABala:42,ABala,42,23259,-1741,-834,-834,-1741,19.6,111,214,66,1392746
ABala:43,ABala,43,23352,-1648,-545,-545,-1648,18.2,109,197,62,1483448
ABalaa:44,ABalaa,44,23639,-1361,-724,-759,-1343,20.1,80,229,55,944371
ABalaa:45,ABalaa,45,23764,-1236,-517,-506,-1235,20.8,74,221,56,975331
ABalaa:46,ABalaa,46,23659,-1341,-359,-366,-1339,20.1,74,223,55,966442
ABalaa:47,ABalaa,47,23643,-1357,-575,-575,-1357,20.3,72,221,56,1054752
ABalaa:48,ABalaa,48,25122,122,1014,1014,122,21.7,73,231,57,1068560
ABalaa:49,ABalaa,49,23673,-1327,-556,-556,-1327,22.0,78,253,58,1154787
ABalaa:50,ABalaa,50,24003,-997,-49,-49,-997,22.1,91,253,61,1234965
ABalaa:51,ABalaa,51,23847,-1153,-569,-569,-1153,22.9,100,263,60,1282228
ABalaa:52,ABalaa,52,23875,-1125,-356,-356,-1125,23.0,104,264,60,1300760
ABalaa:53,ABalaa,53,23502,-1498,-613,-613,-1498,22.7,97,264,60,1035360
ABalaa:54,ABalaa,54,23871,-1129,-471,-471,-1129,21.7,83,269,60,1169520
ABalaa:55,ABalaa,55,23591,-1409,-572,-572,-1409,21.6,85,263,60,1205837
ABalaa:56,ABalaa,56,23840,-1160,-315,-315,-1160,20.9,82,256,60,1337587
ABalaa:57,ABalaa,57,23528,-1472,-665,-665,-1472,20.9,73,255,61,1406046
ABalaa:58,ABalaa,58,23871,-1129,-376,-376,-1129,20.8,78,252,61,1400180
ABalaa:59,ABalaa,59,23614,-1386,-500,-500,-1386,20.9,89,262,61,1456501
ABalaa:60,ABalaa,60,23684,-1316,-287,-289,-1316,20.4,91,260,63,1455901
ABalaa:61,ABalaa,61,23493,-1507,-842,-842,-1507,22.0,92,258,60,1191445
ABalaaa:62,ABalaaa,62,24087,-913,-140,-188,-898,21.7,75,231,59,902064
ABalaaa:63,ABalaaa,63,23992,-1008,68,63,-1008,19.9,72,238,58,886478
ABalaaa:64,ABalaaa,64,23315,-1685,-374,-422,-1685,19.0,72,250,55,936806
ABalaaa:65,ABalaaa,65,23916,-1084,-125,-125,-1084,18.8,60,253,53,1042993
ABalaaa:66,ABalaaa,66,23318,-1682,-896,-896,-1682,18.1,55,268,52,1105580
ABalaaa:67,ABalaaa,67,24057,-943,-235,-231,-942,17.0,55,267,52,1176560
ABalaaa:68,ABalaaa,68,23050,-1950,-1107,-1107,-1949,17.0,53,246,52,1279061
ABalaaa:69,ABalaaa,69,23654,-1346,-490,-490,-1346,17.9,53,245,52,1241662
ABalaaa:70,ABalaaa,70,24124,-876,-48,-42,-875,17.0,53,244,52,1326475
ABalaaa:71,ABalaaa,71,24169,-831,-62,-59,-831,17.2,54,243,52,1312392
ABalaaa:72,ABalaaa,72,24718,-282,533,533,-282,18.1,63,245,53,1313598
ABalaaa:73,ABalaaa,73,23835,-1165,-313,-313,-1165,18.0,58,241,53,1374944
ABalaaa:74,ABalaaa,74,23311,-1689,-1108,-1090,-1689,18.4,59,244,55,1454439
ABalaaa:75,ABalaaa,75,23219,-1781,-1065,-1115,-1781,18.9,63,247,54,1495916
ABalaaa:76,ABalaaa,76,23779,-1221,-514,-530,-1220,18.1,63,236,54,1574058
ABalaaa:77,ABalaaa,77,23903,-1097,-195,-182,-1097,17.9,64,227,54,1625592
ABalaaa:78,ABalaaa,78,24144,-856,-191,-177,-854,17.0,60,232,56,1821842
ABalaaa:79,ABalaaa,79,23549,-1451,-481,-484,-1451,17.0,63,235,54,1649073
ABalaaa:80,ABalaaa,80,23554,-1446,-822,-822,-1446,17.8,58,242,55,1388752
ABalaaa:81,ABalaaa,81,23650,-1350,-433,-432,-1349,17.0,66,236,55,1432918
ABalaaa:82,ABalaaa,82,24168,-832,139,139,-832,17.9,73,236,55,1375260
ABalaaa:83,ABalaaa,83,23143,-1857,-822,-832,-1857,17.8,77,237,54,1363831
ABalaaa:84,ABalaaa,84,23645,-1355,-331,-329,-1354,19.1,80,243,55,1075021
ABalaaa:85,ABalaaa,85,23343,-1657,-764,-764,-1657,19.8,82,238,52,1029498
ABalaaaa:86,ABalaaaa,86,24627,-373,764,748,-325,22.0,96,268,48,575170
ABalaaaa:87,ABalaaaa,87,23775,-1225,422,453,-1163,22.1,98,264,46,545345
ABalaaaa:88,ABalaaaa,88,24346,-654,391,388,-631,22.0,87,261,44,504692
ABalaaaa:89,ABalaaaa,89,23178,-1822,-924,-925,-1809,22.1,86,264,44,533864
ABalaaaa:90,ABalaaaa,90,24124,-876,306,348,-864,22.0,101,263,44,491519
ABalaaaa:91,ABalaaaa,91,23883,-1117,-93,-95,-1093,23.0,109,258,45,504973
ABalaaaa:92,ABalaaaa,92,23818,-1182,155,155,-1179,23.1,104,253,45,541863
ABalaaaa:93,ABalaaaa,93,23892,-1108,51,53,-1092,23.1,110,253,45,490308
ABalaaaa:94,ABalaaaa,94,23666,-1334,-142,-136,-1308,22.0,110,251,45,533126
ABalaaaa:95,ABalaaaa,95,24481,-519,496,507,-509,23.0,111,236,46,665002
ABalaaaa:96,ABalaaaa,96,24008,-992,-258,-229,-972,22.9,108,228,46,688874
ABalaaaa:97,ABalaaaa,97,24554,-446,513,495,-416,22.9,108,216,46,689331
ABalaaaa:98,ABalaaaa,98,23487,-1513,-538,-542,-1509,20.9,92,211,46,755838
ABalaaaa:99,ABalaaaa,99,23913,-1087,-63,-85,-1073,18.2,82,193,46,838353
ABalaaaa:100,ABalaaaa,100,24343,-657,-469,-448,-655,18.0,82,179,46,726137
ABalaaaa:101,ABalaaaa,101,24292,-708,-412,-493,-705,17.2,83,190,46,722254
ABalaaaa:102,ABalaaaa,102,23857,-1143,-524,-579,-1115,17.1,82,201,46,733952
ABalaaaa:103,ABalaaaa,103,25023,23,415,433,49,15.2,78,214,46,781394
ABalaaaa:104,ABalaaaa,104,23961,-1039,-534,-485,-1033,15.0,87,216,46,820676
ABalaaaa:105,ABalaaaa,105,24471,-529,-70,-42,-508,15.1,87,219,46,807493
ABalaaaa:106,ABalaaaa,106,24155,-845,-337,-342,-842,14.2,74,223,46,816527
ABalaaaa:107,ABalaaaa,107,24306,-694,-128,-193,-685,14.1,66,210,46,848600
ABalaaaa:108,ABalaaaa,108,24972,-28,469,456,-28,13.1,61,207,46,882018
ABalaaaa:109,ABalaaaa,109,24839,-161,254,296,-161,12.8,67,204,46,888678
ABalaaaa:110,ABalaaaa,110,24976,-24,421,438,-22,11.9,63,216,46,911374
ABalaaaa:111,ABalaaaa,111,24979,-21,417,437,-20,11.1,63,214,45,785400
ABalaaaa:112,ABalaaaa,112,25274,274,396,383,272,11.1,63,218,44,771093
ABalaaaa:113,ABalaaaa,113,25332,332,823,850,318,12.2,61,230,45,779678
ABalaaaa:114,ABalaaaa,114,25288,288,391,380,249,13.1,61,216,42,675556
ABalaaaa:115,ABalaaaa,115,24891,-109,179,208,-186,14.2,75,212,41,621570
ABalaaaal:116,ABalaaaal,116,24878,-122,231,221,-52,13.0,77,229,39,458277
ABalaaaal:117,ABalaaaal,117,25812,812,1262,1356,853,12.8,80,241,38,454369
ABalaaaal:118,ABalaaaal,118,24567,-433,1,124,-447,12.9,75,248,37,458404
ABalaaaal:119,ABalaaaal,119,24598,-402,-242,-358,-384,12.4,72,249,39,460801
ABalaaaal:120,ABalaaaal,120,24218,-782,-773,-645,-927,13.0,69,254,37,414189
ABalaaaal:121,ABalaaaal,121,24149,-851,-669,-577,-923,12.8,74,249,37,401204
ABalaaaal:122,ABalaaaal,122,24887,-113,213,328,-59,13.2,79,250,39,441202
ABalaaaal:123,ABalaaaal,123,25228,228,201,328,240,12.5,70,254,39,400400
ABalaaaal:124,ABalaaaal,124,24605,-395,274,333,-402,13.3,62,255,39,465298
ABalaaaal:125,ABalaaaal,125,24540,-460,-11,-40,-437,13.5,61,258,39,433114
ABalaaaal:126,ABalaaaal,126,24734,-266,12,183,-241,14.1,64,250,39,474290
ABalaaaal:127,ABalaaaal,127,24971,-29,177,192,-83,13.2,60,253,39,462329
ABalaaaal:128,ABalaaaal,128,24562,-438,-139,-65,-454,12.2,63,259,37,435888
ABalaaaal:129,ABalaaaal,129,24981,-19,208,228,-42,12.2,64,264,37,436445
ABalaaaal:130,ABalaaaal,130,25027,27,275,348,18,13.1,65,265,39,493407
ABalaaaal:131,ABalaaaal,131,25349,349,715,701,292,13.2,65,275,39,464753
ABalaaaal:132,ABalaaaal,132,24515,-485,-224,-139,-546,13.2,68,274,37,431271
ABalaaaal:133,ABalaaaal,133,25706,706,1004,1234,672,12.5,65,282,39,446667
ABalaaaal:134,ABalaaaal,134,24879,-121,-118,-131,-226,13.5,62,281,39,512561
ABalaaaal:135,ABalaaaal,135,24738,-262,-71,-99,-316,14.0,69,288,41,562034
ABalaaaal:136,ABalaaaal,136,25917,917,1547,1517,915,14.1,63,280,37,451362
ABalaaaal:137,ABalaaaal,137,25663,663,894,914,614,14.8,69,285,37,428845
ABalaaaal:138,ABalaaaal,138,25496,496,902,987,431,14.1,66,292,37,442433
ABalaaaal:139,ABalaaaal,139,25513,513,729,723,455,14.2,70,291,37,443140
ABalaaaal:140,ABalaaaal,140,24603,-397,65,45,-424,15.2,75,294,39,466156
ABalaaaal:141,ABalaaaal,141,26010,1010,949,971,1007,15.9,69,295,37,425907
ABalaaaal:142,ABalaaaal,142,25805,805,923,945,780,16.0,72,302,37,425706
ABalaaaal:143,ABalaaaal,143,25890,890,1145,1150,834,15.2,77,304,39,473528
ABalaaaal:144,ABalaaaal,144,25650,650,810,803,610,14.8,79,304,37,407922
ABalaaaal:145,ABalaaaal,145,25092,92,390,384,61,15.0,73,292,37,444932
ABalaaaar:116,ABalaaaar,116,25023,23,149,133,44,17.9,68,205,39,476843
ABalaaaar:117,ABalaaaar,117,24973,-27,415,424,-76,17.0,73,211,38,467041
ABalaaaar:118,ABalaaaar,118,24376,-624,-586,-414,-795,17.0,79,224,39,499329
ABalaaaar:119,ABalaaaar,119,25039,39,63,91,-100,17.2,75,215,39,479868
ABalaaaar:120,ABalaaaar,120,25253,253,495,502,391,17.2,64,221,39,444980
ABalaaaar:121,ABalaaaar,121,24408,-592,-768,-788,-537,17.2,66,228,39,429398
ABalaaaar:122,ABalaaaar,122,23737,-1263,-1319,-1299,-1515,17.1,69,225,39,460925
ABalaaaar:123,ABalaaaar,123,24678,-322,-20,-15,-426,16.3,62,226,39,428854
ABalaaaar:124,ABalaaaar,124,25367,367,292,401,429,17.2,53,223,39,465343
ABalaaaar:125,ABalaaaar,125,24670,-330,-143,-215,-332,17.9,56,213,37,416263
ABalaaaar:126,ABalaaaar,126,24040,-960,-854,-854,-974,17.1,58,207,39,480300
ABalaaaar:127,ABalaaaar,127,25334,334,604,718,302,16.3,56,210,39,448681
ABalaaaar:128,ABalaaaar,128,24493,-507,-327,-253,-484,16.3,58,210,39,464840
ABalaaaar:129,ABalaaaar,129,24628,-372,-383,-255,-538,16.3,53,215,39,464523
ABalaaaar:130,ABalaaaar,130,25502,502,55,13,497,17.1,55,230,39,483193
ABalaaaar:131,ABalaaaar,131,25155,155,210,187,101,16.3,52,238,41,497915
ABalaaaar:132,ABalaaaar,132,25262,262,-76,-150,88,16.3,50,230,39,478063
ABalaaaar:133,ABalaaaar,133,25250,250,214,197,-9,15.3,49,234,39,474333
ABalaaaar:134,ABalaaaar,134,24740,-260,-171,-164,-464,16.3,50,236,39,464648
ABalaaaar:135,ABalaaaar,135,25407,407,406,438,352,16.2,54,240,39,502169
ABalaaaar:136,ABalaaaar,136,25566,566,390,399,275,16.3,55,237,39,485466
ABalaaaar:137,ABalaaaar,137,26076,1076,994,1184,842,16.2,57,240,39,498368
ABalaaaar:138,ABalaaaar,138,26280,1280,934,1104,1089,16.3,54,250,39,474283
ABalaaaar:139,ABalaaaar,139,26535,1535,1555,1490,1409,16.3,57,244,39,493129
ABalaaaar:140,ABalaaaar,140,25155,155,380,507,-467,16.9,57,239,37,446679
ABalaaaar:141,ABalaaaar,141,25686,686,1240,1330,710,17.0,51,237,39,508706
ABalaaaar:142,ABalaaaar,142,26074,1074,1079,1107,943,17.2,56,240,39,508149
ABalaaaar:143,ABalaaaar,143,26257,1257,1563,1851,988,16.3,60,244,39,512903
ABalaaaar:144,ABalaaaar,144,26368,1368,976,1221,1252,16.2,58,239,39,495935
ABalaaaar:145,ABalaaaar,145,25131,131,290,334,-26,16.2,52,228,39,489355
ABalaaap:86,ABalaaap,86,23878,-1122,-209,-161,-1116,17.8,93,236,48,636440
ABalaaap:87,ABalaaap,87,23485,-1515,-395,-431,-1491,17.0,102,237,46,600886
ABalaaap:88,ABalaaap,88,24343,-657,262,267,-637,16.0,99,239,44,577824
ABalaaap:89,ABalaaap,89,24589,-411,386,406,-400,14.9,99,237,44,629132
ABalaaap:90,ABalaaap,90,24470,-530,571,579,-524,14.9,99,242,44,668668
ABalaaap:91,ABalaaap,91,23692,-1308,-233,-196,-1305,15.9,104,238,45,657979
ABalaaap:92,ABalaaap,92,23799,-1201,79,97,-1188,15.1,94,233,45,696635
ABalaaap:93,ABalaaap,93,23849,-1151,-370,-400,-1138,15.9,93,235,45,673839
ABalaaap:94,ABalaaap,94,24906,-94,885,820,-87,15.9,92,225,45,705002
ABalaaap:95,ABalaaap,95,24451,-549,348,331,-541,15.9,102,210,46,790546
ABalaaap:96,ABalaaap,96,23816,-1184,-473,-528,-1158,15.0,105,216,46,832721
ABalaaap:97,ABalaaap,97,23523,-1477,-403,-331,-1454,15.2,112,206,46,834146
ABalaaap:98,ABalaaap,98,24811,-189,331,430,-141,14.2,107,207,46,875184
ABalaaap:99,ABalaaap,99,24083,-917,122,78,-880,14.0,115,212,46,858144
ABalaaap:100,ABalaaap,100,24670,-330,158,168,-323,13.9,121,209,46,708965
ABalaaap:101,ABalaaap,101,24673,-327,46,-129,-286,14.2,127,206,46,694857
ABalaaap:102,ABalaaap,102,24052,-948,-712,-667,-919,14.0,123,204,46,759192
ABalaaap:103,ABalaaap,103,23859,-1141,-819,-758,-1134,13.2,115,192,48,910160
ABalaaap:104,ABalaaap,104,24644,-356,16,-24,-340,12.2,112,183,46,812652
ABalaaap:105,ABalaaap,105,24513,-487,-148,-106,-459,12.9,108,190,46,806282
ABalaaap:106,ABalaaap,106,24487,-513,-59,-50,-508,13.0,111,189,46,809458
ABalaaap:107,ABalaaap,107,23785,-1215,-766,-776,-1196,12.9,112,194,46,809310
ABalaaap:108,ABalaaap,108,24744,-256,255,305,-251,12.0,113,198,46,848562
ABalaaap:109,ABalaaap,109,24669,-331,243,155,-326,11.8,117,201,46,857352
ABalaaap:110,ABalaaap,110,24283,-717,-452,-433,-713,11.0,112,193,46,844356
ABalaaap:111,ABalaaap,111,24405,-595,-290,-273,-596,10.9,112,188,45,719996
ABalaaap:112,ABalaaap,112,25443,443,829,807,441,10.0,104,192,36,428186
ABalaaapa:113,ABalaaapa,113,25239,239,324,361,246,10.0,80,200,37,417892
ABalaaapa:114,ABalaaapa,114,25907,907,1166,1152,905,9.2,80,191,34,335128
ABalaaapa:115,ABalaaapa,115,25647,647,825,853,655,10.1,77,190,39,530106
ABalaaapa:116,ABalaaapa,116,24869,-131,-121,-132,-129,11.0,66,187,39,549333
ABalaaapa:117,ABalaaapa,117,25186,186,431,450,179,11.8,68,195,38,535593
ABalaaapa:118,ABalaaapa,118,25119,119,205,162,130,11.6,58,208,39,553411
ABalaaapa:119,ABalaaapa,119,23942,-1058,-1236,-1261,-1048,12.1,59,206,41,599115
ABalaaapa:120,ABalaaapa,120,24720,-280,-266,-338,-294,13.0,53,210,41,556397
ABalaaapa:121,ABalaaapa,121,24941,-59,266,328,-29,12.3,57,210,39,465248
ABalaaapa:122,ABalaaapa,122,25915,915,1266,1385,981,12.4,64,212,39,439503
ABalaaapa:123,ABalaaapa,123,25355,355,592,559,388,12.5,63,212,39,437845
ABalaaapa:124,ABalaaapa,124,24653,-347,164,138,-332,12.2,63,215,39,483102
ABalaaapa:125,ABalaaapa,125,24771,-229,-107,-70,-241,11.1,65,222,39,503837
ABalaaapa:126,ABalaaapa,126,24783,-217,267,269,-241,11.2,65,220,41,542708
ABalaaapa:127,ABalaaapa,127,25286,286,218,160,263,11.5,62,213,39,466489
ABalaaapa:128,ABalaaapa,128,24988,-12,-95,-19,-10,11.4,62,217,39,481083
ABalaaapa:129,ABalaaapa,129,25844,844,911,1066,821,11.2,62,221,39,500049
ABalaaapa:130,ABalaaapa,130,24836,-164,36,69,-196,11.5,61,223,39,510395
ABalaaapa:131,ABalaaapa,131,24978,-22,-26,-101,-82,11.2,58,233,39,495493
ABalaaapa:132,ABalaaapa,132,26064,1064,1162,1043,1055,11.1,56,231,39,520168
ABalaaapa:133,ABalaaapa,133,26088,1088,1303,1183,1087,11.2,60,236,41,544336
ABalaaapa:134,ABalaaapa,134,26015,1015,1140,1178,1006,11.4,54,240,39,482604
ABalaaapa:135,ABalaaapa,135,25064,64,675,659,30,11.6,57,236,41,572940
ABalaaapa:136,ABalaaapa,136,26114,1114,1178,1165,1075,12.2,55,226,41,567396
ABalaaapa:137,ABalaaapa,137,25961,961,925,1086,701,12.2,59,233,41,565013
ABalaaapa:138,ABalaaapa,138,25778,778,1025,1087,668,12.2,59,241,41,555306
ABalaaapa:139,ABalaaapa,139,25641,641,678,839,340,12.2,57,236,41,572972
ABalaaapa:140,ABalaaapa,140,27143,2143,2063,2122,2017,12.2,58,241,39,522009
ABalaaapa:141,ABalaaapa,141,25101,101,141,322,-148,12.3,58,242,39,504560
ABalaaapa:142,ABalaaapa,142,25600,600,472,690,476,13.1,58,254,39,535293
ABalaaapa:143,ABalaaapa,143,26135,1135,1215,1311,997,12.4,60,257,39,481498
ABalaaapa:144,ABalaaapa,144,25308,308,385,609,136,12.3,58,247,39,493208
ABalaaapa:145,ABalaaapa,145,25740,740,805,933,660,12.2,64,244,41,569665
ABalaaapp:113,ABalaaapp,113,23420,-1580,-990,-975,-1593,10.1,126,188,35,334555
ABalaaapp:114,ABalaaapp,114,24460,-540,-36,-37,-556,10.1,132,181,34,332919
ABalaaapp:115,ABalaaapp,115,24964,-36,277,386,-50,10.2,129,173,35,330105
ABalaaapp:116,ABalaaapp,116,24654,-346,146,122,-330,10.2,125,173,39,489035
ABalaaapp:117,ABalaaapp,117,24778,-222,421,392,-239,10.2,121,168,38,505645
ABalaaapp:118,ABalaaapp,118,24811,-189,422,391,-225,11.0,110,176,37,451515
ABalaaapp:119,ABalaaapp,119,23907,-1093,-407,-267,-1152,12.0,108,188,39,499242
ABalaaapp:120,ABalaaapp,120,24600,-400,-67,20,-541,12.9,100,190,37,382644
ABalaaapp:121,ABalaaapp,121,24860,-140,453,590,-287,13.2,106,190,39,414485
ABalaaapp:122,ABalaaapp,122,25397,397,882,916,451,13.0,106,184,39,444969
ABalaaapp:123,ABalaaapp,123,25504,504,570,751,454,12.3,103,183,39,430084
ABalaaapp:124,ABalaaapp,124,25075,75,482,517,39,11.5,96,183,39,410295
ABalaaapp:125,ABalaaapp,125,24606,-394,-27,-166,-447,12.1,92,184,39,449719
ABalaaapp:126,ABalaaapp,126,24772,-228,-129,-148,-210,11.9,99,180,37,402685
ABalaaapp:127,ABalaaapp,127,24812,-188,35,11,-206,11.1,97,182,39,448966
ABalaaapp:128,ABalaaapp,128,24223,-777,-402,-351,-805,11.5,97,184,39,412454
ABalaaapp:129,ABalaaapp,129,25228,228,540,582,207,11.0,95,191,39,464792
ABalaaapp:130,ABalaaapp,130,25504,504,842,913,466,10.3,93,190,39,454807
ABalaaapp:131,ABalaaapp,131,25069,69,428,534,-2,10.2,89,190,39,479376
ABalaaapp:132,ABalaaapp,132,25910,910,964,970,849,10.3,86,184,41,536626
ABalaaapp:133,ABalaaapp,133,24697,-303,-8,-33,-371,10.1,87,190,39,507185
ABalaaapp:134,ABalaaapp,134,24863,-137,-19,202,-289,10.2,81,187,39,504079
ABalaaapp:135,ABalaaapp,135,25588,588,994,1138,532,9.5,82,188,39,451614
ABalaaapp:136,ABalaaapp,136,25029,29,-126,-133,-15,10.1,80,189,39,517840
ABalaaapp:137,ABalaaapp,137,25290,290,374,446,231,10.3,77,184,39,493212
ABalaaapp:138,ABalaaapp,138,26051,1051,1219,1199,1043,10.4,72,184,39,482751
ABalaaapp:139,ABalaaapp,139,25621,621,591,696,554,11.2,74,183,39,514482
ABalaaapp:140,ABalaaapp,140,25993,993,1043,1126,951,11.1,77,178,41,568463
ABalaaapp:141,ABalaaapp,141,25675,675,260,290,606,10.5,74,186,39,473369
ABalaaapp:142,ABalaaapp,142,25639,639,686,871,553,11.3,72,196,41,547109
ABalaaapp:143,ABalaaapp,143,25487,487,554,594,408,12.0,71,193,41,569035
ABalaaapp:144,ABalaaapp,144,25567,567,517,621,403,11.3,75,190,41,526251
ABalaaapp:145,ABalaaapp,145,25664,664,693,737,530,11.3,77,185,41,570428
ABalaap:62,ABalaap,62,23322,-1678,-747,-795,-1670,21.0,107,267,39,375323
ABalaap:63,ABalaap,63,24063,-937,386,412,-937,21.7,118,279,58,746449
ABalaap:64,ABalaap,64,23413,-1587,-351,-348,-1587,20.2,123,289,55,751494
ABalaap:65,ABalaap,65,24157,-843,278,278,-843,20.9,129,299,53,717512
ABalaap:66,ABalaap,66,24345,-655,447,448,-655,22.0,152,318,52,734909
ABalaap:67,ABalaap,67,23507,-1493,-672,-672,-1493,22.1,140,325,52,879224
ABalaap:68,ABalaap,68,23551,-1449,-153,-154,-1449,21.9,136,309,52,891677
ABalaap:69,ABalaap,69,24051,-949,166,166,-949,22.0,134,300,52,864637
ABalaap:70,ABalaap,70,23674,-1326,-147,-147,-1326,21.1,132,302,52,972623
ABalaap:71,ABalaap,71,24290,-710,271,271,-710,21.1,123,296,52,1004541
ABalaap:72,ABalaap,72,23454,-1546,-428,-433,-1538,20.2,123,294,55,1119834
ABalaap:73,ABalaap,73,23428,-1572,-530,-530,-1569,20.1,121,296,53,1067848
ABalaap:74,ABalaap,74,24344,-656,319,316,-651,20.1,111,294,53,1134849
ABalaap:75,ABalaap,75,23354,-1646,-689,-749,-1646,20.1,110,296,54,1328159
ABalaap:76,ABalaap,76,23643,-1357,-404,-419,-1355,20.1,116,284,54,1307062
ABalaap:77,ABalaap,77,23452,-1548,-310,-324,-1548,19.1,113,278,54,1394511
ABalaap:78,ABalaap,78,23617,-1383,-215,-221,-1382,18.9,131,272,54,1354554
ABalaap:79,ABalaap,79,23549,-1451,-800,-731,-1451,18.8,135,268,54,1391496
ABalaap:80,ABalaap,80,23539,-1461,-304,-292,-1460,17.9,141,270,55,1064107
ABalaap:81,ABalaap,81,23079,-1921,-907,-930,-1919,17.1,146,262,55,1079585
ABalaap:82,ABalaap,82,23353,-1647,-495,-487,-1647,16.2,152,258,55,1116666
ABalaap:83,ABalaap,83,23630,-1370,-318,-332,-1370,15.8,158,262,54,1159777
ABalaap:84,ABalaap,84,23480,-1520,-403,-420,-1520,15.0,164,262,53,979353
ABalaap:85,ABalaap,85,24376,-624,729,733,-623,15.0,151,256,52,868195
ABalaapa:86,ABalaapa,86,23639,-1361,-129,-162,-1335,16.9,145,282,48,571927
ABalaapa:87,ABalaapa,87,22809,-2191,-1178,-1203,-2183,17.1,149,289,46,518686
ABalaapa:88,ABalaapa,88,23802,-1198,-53,-41,-1195,17.9,144,280,44,479201
ABalaapa:89,ABalaapa,89,23671,-1329,-277,-296,-1325,17.8,144,287,44,521442
ABalaapa:90,ABalaapa,90,24062,-938,190,200,-934,18.0,145,281,44,526440
ABalaapa:91,ABalaapa,91,24659,-341,787,769,-339,17.1,152,274,45,546703
ABalaapa:92,ABalaapa,92,24151,-849,613,653,-843,17.9,148,264,45,549811
ABalaapa:93,ABalaapa,93,23497,-1503,-581,-572,-1501,16.9,150,259,45,555180
ABalaapa:94,ABalaapa,94,23527,-1473,-99,-72,-1458,17.0,146,248,45,590543
ABalaapa:95,ABalaapa,95,23274,-1726,-631,-649,-1718,17.0,159,241,46,680897
ABalaapa:96,ABalaapa,96,23583,-1417,-406,-495,-1367,16.9,150,229,46,747552
ABalaapa:97,ABalaapa,97,24307,-693,587,551,-608,17.0,154,214,46,748521
ABalaapa:98,ABalaapa,98,24457,-543,406,328,-568,17.0,157,213,46,743086
ABalaapa:99,ABalaapa,99,23621,-1379,-276,-267,-1264,17.2,158,204,50,901995
ABalaapa:100,ABalaapa,100,25150,150,526,488,166,17.9,160,201,46,580508
ABalaapa:101,ABalaapa,101,24069,-931,-427,-395,-892,18.0,155,205,46,617335
ABalaapa:102,ABalaapa,102,24665,-335,-63,-139,-274,17.2,155,205,50,823742
ABalaapa:103,ABalaapa,103,24885,-115,386,332,-115,16.1,152,201,46,671346
ABalaapa:104,ABalaapa,104,24231,-769,-300,-303,-766,16.9,148,193,46,671769
ABalaapa:105,ABalaapa,105,24283,-717,-328,-386,-703,16.0,155,191,46,681614
ABalaapa:106,ABalaapa,106,24790,-210,84,126,-198,16.0,152,174,46,716556
ABalaapa:107,ABalaapa,107,24122,-878,-900,-812,-864,16.0,147,164,46,757392
ABalaapa:108,ABalaapa,108,24673,-327,-86,-51,-315,15.1,142,157,46,794826
ABalaapa:109,ABalaapa,109,24563,-437,-155,-214,-440,14.1,132,151,46,823158
ABalaapa:110,ABalaapa,110,25009,9,-140,-127,43,13.8,126,142,46,876250
ABalaapa:111,ABalaapa,111,25105,105,80,-13,112,13.3,118,143,47,866248
ABalaapa:112,ABalaapa,112,24895,-105,-96,-97,-104,13.3,104,149,48,995161
ABalaapa:113,ABalaapa,113,24866,-134,-30,-38,-143,12.4,99,149,45,697027
ABalaapa:114,ABalaapa,114,24613,-387,39,42,-383,13.4,109,147,44,700576
ABalaapa:115,ABalaapa,115,25002,2,-24,-13,-4,14.1,97,149,43,716212
ABalaapa:116,ABalaapa,116,24864,-136,-32,-31,-131,15.0,101,158,39,525409
ABalaapa:117,ABalaapa,117,25314,314,755,764,326,15.0,103,161,38,501673
ABalaapaa:118,ABalaapaa,118,26133,1133,1473,1473,1152,15.1,83,165,35,338744
ABalaapaa:119,ABalaapaa,119,25942,942,1551,1556,992,15.8,88,170,37,425360
ABalaapaa:120,ABalaapaa,120,25244,244,472,450,272,15.8,83,167,37,388094
ABalaapaa:121,ABalaapaa,121,24854,-146,76,98,-135,16.2,84,166,39,405360
ABalaapaa:122,ABalaapaa,122,24884,-116,-84,-57,-151,16.1,88,161,37,379170
ABalaapaa:123,ABalaapaa,123,24622,-378,-299,-293,-426,15.9,85,166,37,404038
ABalaapaa:124,ABalaapaa,124,25825,825,1142,1234,821,15.4,88,165,39,431438
ABalaapaa:125,ABalaapaa,125,25096,96,250,303,161,15.4,91,161,39,405557
ABalaapaa:126,ABalaapaa,126,24236,-764,-245,-280,-750,15.0,98,153,39,438303
ABalaapaa:127,ABalaapaa,127,26526,1526,1594,1612,1545,14.4,89,155,39,442874
ABalaapaa:128,ABalaapaa,128,24883,-117,105,100,-86,15.0,89,153,37,430303
ABalaapaa:129,ABalaapaa,129,25096,96,254,350,54,14.3,87,158,39,439256
ABalaapaa:130,ABalaapaa,130,24848,-152,95,58,-177,14.1,83,158,37,439616
ABalaapaa:131,ABalaapaa,131,25378,378,170,105,371,14.1,74,168,37,450963
ABalaapaa:132,ABalaapaa,132,25006,6,-25,-34,-72,15.0,79,162,37,451147
ABalaapaa:133,ABalaapaa,133,25616,616,8,102,622,14.8,77,167,37,445119
ABalaapaa:134,ABalaapaa,134,25834,834,882,831,874,14.3,77,172,41,529832
ABalaapaa:135,ABalaapaa,135,25364,364,182,196,305,15.2,73,171,37,430076
ABalaapaa:136,ABalaapaa,136,25676,676,924,896,673,15.3,74,169,39,461501
ABalaapaa:137,ABalaapaa,137,24881,-119,-457,-393,-167,15.4,79,170,39,446525
ABalaapaa:138,ABalaapaa,138,25314,314,200,346,136,15.3,77,174,39,494926
ABalaapaa:139,ABalaapaa,139,25597,597,534,610,477,16.0,79,166,39,492760
ABalaapaa:140,ABalaapaa,140,24586,-414,-933,-998,-546,16.1,81,161,39,508070
ABalaapaa:141,ABalaapaa,141,26552,1552,1296,1327,1520,16.2,81,160,39,479977
ABalaapaa:142,ABalaapaa,142,25484,484,400,447,421,17.0,84,170,41,552259
ABalaapaa:143,ABalaapaa,143,25811,811,589,655,759,17.3,87,170,41,522910
ABalaapaa:144,ABalaapaa,144,25619,619,631,862,589,17.3,95,164,41,522160
ABalaapaa:145,ABalaapaa,145,26607,1607,1502,1665,1513,17.1,94,164,41,534424
ABalaapap:118,ABalaapap,118,24007,-993,-756,-602,-1206,15.0,131,154,37,405617
ABalaapap:119,ABalaapap,119,26299,1299,1795,1932,1267,15.0,133,161,37,417947
ABalaapap:120,ABalaapap,120,25300,300,464,670,472,15.1,131,162,37,388654
ABalaapap:121,ABalaapap,121,25045,45,629,691,274,15.1,140,160,37,401239
ABalaapap:122,ABalaapap,122,25617,617,1076,1142,806,14.3,145,151,39,454782
ABalaapap:123,ABalaapap,123,24426,-574,-9,219,-734,14.2,138,145,39,412452
ABalaapap:124,ABalaapap,124,25715,715,1227,1359,728,14.0,132,142,37,388803
ABalaapap:125,ABalaapap,125,24595,-405,-65,-112,-409,14.0,136,142,37,391544
ABalaapap:126,ABalaapap,126,25199,199,318,370,177,13.8,143,142,37,372509
ABalaapap:127,ABalaapap,127,25749,749,1024,960,791,13.1,135,142,37,403062
ABalaapap:128,ABalaapap,128,25749,749,1252,1300,760,13.4,132,137,39,422263
ABalaapap:129,ABalaapap,129,25489,489,864,890,530,14.2,121,142,37,408237
ABalaapap:130,ABalaapap,130,25046,46,194,169,43,14.4,123,144,39,410736
ABalaapap:131,ABalaapap,131,25252,252,716,739,313,15.1,115,149,39,460006
ABalaapap:132,ABalaapap,132,25570,570,492,388,433,15.3,114,143,39,428460
ABalaapap:133,ABalaapap,133,25276,276,158,95,207,15.1,108,149,39,486263
ABalaapap:134,ABalaapap,134,25080,80,-52,-141,32,15.1,105,147,39,481930
ABalaapap:135,ABalaapap,135,25899,899,795,850,920,15.4,106,149,39,448227
ABalaapap:136,ABalaapap,136,25051,51,38,264,-159,15.3,110,146,39,468227
ABalaapap:137,ABalaapap,137,26083,1083,895,1006,1324,15.2,108,142,39,460621
ABalaapap:138,ABalaapap,138,26238,1238,1165,1206,1609,15.2,101,144,41,517474
ABalaapap:139,ABalaapap,139,25923,923,958,1122,461,15.2,101,144,41,517474
ABalaapap:140,ABalaapap,140,25884,884,625,848,889,15.0,111,137,26,163757
ABalaapap:141,ABalaapap,141,25806,806,801,936,745,17.0,116,138,41,533214
ABalaapap:142,ABalaapap,142,26607,1607,1448,1499,1509,17.0,116,138,41,533214
ABalaapap:143,ABalaapap,143,26123,1123,526,601,1008,17.1,109,137,41,556704
ABalaapap:144,ABalaapap,144,25689,689,288,255,789,17.1,112,132,41,537956
ABalaapap:145,ABalaapap,145,26320,1320,972,1054,1136,18.1,113,135,41,508557
ABalaapp:86,ABalaapp,86,24568,-432,670,685,-383,13.7,176,259,48,583751
ABalaapp:87,ABalaapp,87,23751,-1249,112,141,-1227,13.8,191,265,46,554532
ABalaapp:88,ABalaapp,88,23783,-1217,-4,16,-1204,14.1,198,259,44,564513
ABalaapp:89,ABalaapp,89,23847,-1153,347,342,-1148,14.1,210,258,44,570796
ABalaapp:90,ABalaapp,90,23448,-1552,-479,-479,-1550,14.0,213,255,44,594135
ABalaapp:91,ABalaapp,91,24233,-767,374,376,-761,14.2,217,249,45,559237
ABalaapp:92,ABalaapp,92,23623,-1377,-396,-406,-1367,15.0,207,239,45,558832
ABalaapp:93,ABalaapp,93,23381,-1619,-430,-443,-1595,15.1,217,235,45,520162
ABalaapp:94,ABalaapp,94,23920,-1080,343,359,-1066,15.0,215,239,45,549279
ABalaapp:95,ABalaapp,95,23820,-1180,-122,-120,-1173,14.8,216,236,46,682376
ABalaapp:96,ABalaapp,96,23466,-1534,-419,-395,-1524,14.9,212,231,46,657372
ABalaapp:97,ABalaapp,97,23808,-1192,126,124,-1178,15.0,222,221,46,674291
ABalaapp:98,ABalaapp,98,23485,-1515,-297,-306,-1512,14.9,226,238,46,661767
ABalaapp:99,ABalaapp,99,23307,-1693,-697,-708,-1665,14.8,237,235,46,684196
ABalaapp:100,ABalaapp,100,24353,-647,-147,-126,-616,14.8,233,231,46,547329
ABalaapp:101,ABalaapp,101,24703,-297,-119,-124,-273,14.9,222,223,46,559909
ABalaapp:102,ABalaapp,102,24791,-209,179,110,-75,15.0,224,219,46,614897
ABalaapp:103,ABalaapp,103,24082,-918,-106,-104,-848,14.8,216,221,46,655243
ABalaapp:104,ABalaapp,104,24480,-520,-471,-650,-219,14.0,227,217,46,636715
ABalaapp:105,ABalaapp,105,24650,-350,85,27,-206,14.0,233,216,46,683126
ABalaapp:106,ABalaapp,106,23812,-1188,-751,-747,-1103,14.0,221,211,46,659475
ABalaapp:107,ABalaapp,107,24361,-639,-136,-248,-554,14.1,213,199,46,701549
ABalaapp:108,ABalaapp,108,24077,-923,-716,-724,-914,13.8,201,183,46,759637
ABalaapp:109,ABalaapp,109,24704,-296,112,88,-280,13.1,191,161,46,779431
ABalaapp:110,ABalaapp,110,24396,-604,-402,-360,-627,13.0,184,146,46,855347
ABalaapp:111,ABalaapp,111,24933,-67,488,465,-42,12.9,184,143,45,710169
ABalaapp:112,ABalaapp,112,24947,-53,185,191,-60,12.9,185,146,44,680742
ABalaapp:113,ABalaapp,113,24734,-266,-176,-304,-247,14.0,181,156,41,503884
ABalaapp:114,ABalaapp,114,24874,-126,404,404,-149,13.3,177,144,42,462217
ABalaappa:115,ABalaappa,115,24704,-296,78,87,-305,14.1,158,132,35,340073
ABalaappa:116,ABalaappa,116,24639,-361,69,82,-358,14.0,157,134,37,430713
ABalaappa:117,ABalaappa,117,24637,-363,206,200,-372,14.1,152,136,38,497651
ABalaappa:118,ABalaappa,118,26202,1202,1854,1891,1369,12.9,153,141,37,430044
ABalaappa:119,ABalaappa,119,25675,675,1030,1030,557,11.5,152,146,39,497437
ABalaappa:120,ABalaappa,120,24309,-691,-535,-548,-757,11.8,145,153,37,387027
ABalaappa:121,ABalaappa,121,24300,-700,-422,-148,-712,11.3,142,165,39,436687
ABalaappa:122,ABalaappa,122,24899,-101,279,581,-356,11.2,142,160,39,455220
ABalaappa:123,ABalaappa,123,25897,897,1389,1397,911,11.8,143,168,37,394907
ABalaappa:124,ABalaappa,124,24899,-101,307,358,-222,11.1,139,173,39,446668
ABalaappa:125,ABalaappa,125,25038,38,500,461,-19,10.2,135,172,39,462545
ABalaappa:126,ABalaappa,126,25832,832,1319,1315,827,9.9,137,169,37,402592
ABalaappa:127,ABalaappa,127,23872,-1128,-788,-667,-1174,9.4,127,168,39,435477
ABalaappa:128,ABalaappa,128,25050,50,524,620,57,9.3,125,166,39,471926
ABalaappa:129,ABalaappa,129,24606,-394,237,177,-411,9.8,125,167,37,414160
ABalaappa:130,ABalaappa,130,25561,561,1082,1283,537,10.0,127,165,37,429405
ABalaappa:131,ABalaappa,131,24763,-237,268,234,-226,10.4,122,163,39,436943
ABalaappa:132,ABalaappa,132,25591,591,784,893,552,11.3,120,151,39,468722
ABalaappa:133,ABalaappa,133,25140,140,326,437,68,10.4,110,151,39,475466
ABalaappa:134,ABalaappa,134,25043,43,12,115,16,11.1,105,149,39,503154
ABalaappa:135,ABalaappa,135,25083,83,192,191,-48,11.5,106,147,39,478495
ABalaappa:136,ABalaappa,136,25516,516,917,840,562,11.5,106,143,39,523691
ABalaappa:137,ABalaappa,137,24551,-449,-675,-621,-675,11.4,104,144,39,469137
ABalaappa:138,ABalaappa,138,24547,-453,-507,-218,-892,12.0,98,151,39,532739
ABalaappa:139,ABalaappa,139,25864,864,591,663,625,13.0,105,141,41,570360
ABalaappa:140,ABalaappa,140,25465,465,142,74,-39,13.2,107,142,41,555855
ABalaappa:141,ABalaappa,141,25236,236,376,267,71,13.5,106,143,41,526513
ABalaappa:142,ABalaappa,142,25360,360,62,261,210,13.3,98,148,39,491778
ABalaappa:143,ABalaappa,143,25441,441,29,18,123,14.1,103,144,41,569330
ABalaappa:144,ABalaappa,144,25069,69,-37,75,-390,14.0,114,140,39,530572
ABalaappa:145,ABalaappa,145,25506,506,348,502,214,14.2,111,140,41,541334
ABalaappp:115,ABalaappp,115,24854,-146,-138,-144,-141,14.2,212,141,37,345878
ABalaappp:116,ABalaappp,116,24500,-500,-79,-121,-489,14.0,210,139,39,407813
ABalaappp:117,ABalaappp,117,24368,-632,-352,-320,-871,12.9,208,144,38,427490
ABalaappp:118,ABalaappp,118,24790,-210,242,220,-212,11.6,207,142,39,442539
ABalaappp:119,ABalaappp,119,24182,-818,-617,-635,-845,11.5,204,145,39,450803
ABalaappp:120,ABalaappp,120,24773,-227,377,352,-187,11.3,194,143,39,370060
ABalaappp:121,ABalaappp,121,25092,92,188,128,92,11.3,181,145,41,401965
ABalaappp:122,ABalaappp,122,24884,-116,91,149,-150,11.4,184,142,39,406666
ABalaappp:123,ABalaappp,123,25925,925,1487,1521,904,11.3,189,147,39,381960
ABalaappp:124,ABalaappp,124,24532,-468,-218,-187,-434,11.2,185,155,39,389868
ABalaappp:125,ABalaappp,125,25836,836,1274,1195,815,11.1,179,154,41,443599
ABalaappp:126,ABalaappp,126,24964,-36,136,174,-104,10.4,180,160,41,439496
ABalaappp:127,ABalaappp,127,24334,-666,-609,-489,-696,10.3,171,158,39,406395
ABalaappp:128,ABalaappp,128,24918,-82,-10,33,-161,11.0,168,154,37,401234
ABalaappp:129,ABalaappp,129,24492,-508,-258,-193,-500,11.0,163,151,39,455754
ABalaappp:130,ABalaappp,130,24982,-18,171,235,-52,10.5,165,154,39,430113
ABalaappp:131,ABalaappp,131,24535,-465,-571,-552,-478,10.4,158,151,39,414955
ABalaappp:132,ABalaappp,132,25026,26,-132,-178,-4,10.1,155,145,37,421877
ABalaappp:133,ABalaappp,133,26080,1080,1103,1318,1039,9.9,147,146,37,441582
ABalaappp:134,ABalaappp,134,25167,167,634,762,170,10.2,147,139,39,478960
ABalaappp:135,ABalaappp,135,24356,-644,-534,-299,-665,9.3,145,142,41,512748
ABalaappp:136,ABalaappp,136,24469,-531,-485,-353,-576,10.2,143,134,41,542468
ABalaappp:137,ABalaappp,137,25615,615,738,777,610,10.3,143,135,39,492774
ABalaappp:138,ABalaappp,138,25653,653,573,650,617,10.5,138,133,41,540278
ABalaappp:139,ABalaappp,139,25140,140,2,102,110,10.5,137,124,39,460232
ABalaappp:140,ABalaappp,140,26071,1071,1066,1059,1044,10.4,133,122,41,502381
ABalaappp:141,ABalaappp,141,24878,-122,-140,-127,-101,10.4,127,128,41,539907
ABalaappp:142,ABalaappp,142,26332,1332,1348,1373,1313,10.4,129,128,41,494793
ABalaappp:143,ABalaappp,143,26106,1106,1011,1017,1070,11.1,132,131,41,547515
ABalaappp:144,ABalaappp,144,26420,1420,1319,1285,1415,10.0,129,130,41,566209
ABalaappp:145,ABalaappp,145,25360,360,298,335,347,10.2,125,132,39,502558
ABalap:44,ABalap,44,23715,-1285,-128,-77,-1279,15.2,101,202,51,807834
ABalap:45,ABalap,45,23718,-1282,-463,-478,-1282,14.3,103,195,56,1014930
ABalap:46,ABalap,46,23878,-1122,169,157,-1122,14.2,108,195,55,1033170
ABalap:47,ABalap,47,23909,-1091,8,8,-1091,13.1,112,190,56,1183227
ABalap:48,ABalap,48,23650,-1350,-238,-235,-1350,12.0,108,196,57,1261446
ABalap:49,ABalap,49,23395,-1605,-396,-404,-1605,12.6,99,194,58,1332149
ABalap:50,ABalap,50,23253,-1747,-793,-799,-1747,12.7,93,192,59,1447076
ABalap:51,ABalap,51,23509,-1491,-515,-547,-1490,12.9,97,188,60,1655202
ABalap:52,ABalap,52,23853,-1147,-373,-378,-1147,13.7,90,187,60,1686799
ABalap:53,ABalap,53,23435,-1565,-605,-597,-1564,13.5,99,188,60,1344240
ABalap:54,ABalap,54,23545,-1455,-341,-359,-1455,12.8,99,190,60,1390927
ABalap:55,ABalap,55,22976,-2024,-1059,-1082,-2024,12.6,99,197,60,1403325
ABalap:56,ABalap,56,23416,-1584,-534,-567,-1584,12.7,103,202,60,1481298
ABalap:57,ABalap,57,23559,-1441,-314,-327,-1441,12.6,102,213,61,1472902
ABalap:58,ABalap,58,23159,-1841,-749,-756,-1841,12.8,102,211,61,1590974
ABalap:59,ABalap,59,23685,-1315,-322,-322,-1315,12.9,93,206,61,1700576
ABalap:60,ABalap,60,23147,-1853,-743,-741,-1853,13.7,91,207,61,1691355
ABalap:61,ABalap,61,23166,-1834,-703,-700,-1834,13.8,99,204,60,1493922
ABalap:62,ABalap,62,23468,-1532,-542,-542,-1532,11.9,94,197,59,1184196
ABalapa:63,ABalapa,63,24564,-436,573,561,-434,11.1,86,190,38,452786
ABalapa:64,ABalapa,64,22779,-2221,-1418,-1422,-2221,12.1,86,191,51,845743
ABalapa:65,ABalapa,65,23452,-1548,-687,-685,-1548,12.0,77,199,53,1115730
ABalapa:66,ABalapa,66,23545,-1455,-620,-620,-1455,11.8,72,208,52,1139726
ABalapa:67,ABalapa,67,23372,-1628,-670,-670,-1628,11.9,67,213,52,1246749
ABalapa:68,ABalapa,68,23436,-1564,-1135,-1132,-1563,10.7,83,204,52,1285623
ABalapa:69,ABalapa,69,23661,-1339,-315,-334,-1338,10.9,84,195,52,1344546
ABalapa:70,ABalapa,70,23623,-1377,-325,-329,-1377,11.8,82,197,52,1327997
ABalapa:71,ABalapa,71,23521,-1479,-649,-649,-1478,12.1,85,193,52,1379515
ABalapa:72,ABalapa,72,24328,-672,405,399,-671,12.9,84,193,53,1386926
ABalapa:73,ABalapa,73,23576,-1424,-580,-577,-1424,12.0,88,187,55,1566637
ABalapa:74,ABalapa,74,23808,-1192,-350,-350,-1191,12.1,91,193,55,1588836
ABalapa:75,ABalapa,75,24175,-825,22,22,-825,11.8,85,193,54,1605479
ABalapa:76,ABalapa,76,23679,-1321,-146,-127,-1319,12.1,94,195,56,1792909
ABalapa:77,ABalapa,77,23545,-1455,-440,-463,-1453,11.1,102,187,56,1823252
ABalapa:78,ABalapa,78,23525,-1475,-521,-524,-1474,12.3,90,189,56,1801873
ABalapa:79,ABalapa,79,23590,-1410,-506,-534,-1406,11.2,99,185,56,1833836
ABalapa:80,ABalapa,80,23416,-1584,-538,-526,-1577,11.8,100,192,55,1494029
ABalapa:81,ABalapa,81,23581,-1419,-665,-690,-1419,11.8,86,187,55,1511550
ABalapa:82,ABalapa,82,23552,-1448,-737,-746,-1448,12.1,87,182,55,1540460
ABalapa:83,ABalapa,83,24387,-613,390,380,-613,12.8,94,184,54,1504798
ABalapa:84,ABalapa,84,23490,-1510,-501,-506,-1509,12.9,94,194,53,1396079
ABalapa:85,ABalapa,85,24032,-968,-236,-236,-968,13.1,81,188,52,1044510
ABalapa:86,ABalapa,86,23709,-1291,-181,-181,-1291,11.4,76,193,50,897546
ABalapaa:87,ABalapaa,87,24120,-880,-150,-151,-876,11.3,59,220,36,395190
ABalapaa:88,ABalapaa,88,22916,-2084,-1074,-1010,-2082,11.1,60,222,40,568973
ABalapaa:89,ABalapaa,89,24496,-504,385,360,-503,9.0,69,233,44,741395
ABalapaa:90,ABalapaa,90,23752,-1248,-630,-630,-1247,9.1,63,226,44,771894
ABalapaa:91,ABalapaa,91,24131,-869,72,71,-868,10.1,59,232,45,779601
ABalapaa:92,ABalapaa,92,24363,-637,215,183,-631,10.0,61,246,47,932217
ABalapaa:93,ABalapaa,93,23740,-1260,-103,-96,-1260,9.5,65,250,47,838824
ABalapaa:94,ABalapaa,94,24791,-209,604,647,-205,11.0,61,242,45,792700
ABalapaa:95,ABalapaa,95,23470,-1530,-844,-906,-1526,10.8,62,233,46,916016
ABalapaa:96,ABalapaa,96,23475,-1525,-950,-981,-1519,10.8,63,233,46,931875
ABalapaa:97,ABalapaa,97,23877,-1123,227,248,-1115,11.0,70,219,46,950146
ABalapaa:98,ABalapaa,98,24239,-761,5,55,-752,9.9,80,209,46,932570
ABalapaa:99,ABalapaa,99,23875,-1125,115,128,-1120,9.9,75,216,46,937259
ABalapaa:100,ABalapaa,100,24469,-531,-81,-10,-530,9.8,78,213,46,839901
ABalapaa:101,ABalapaa,101,24819,-181,226,207,-179,9.8,90,219,46,821453
ABalapaa:102,ABalapaa,102,24507,-493,-285,-183,-488,8.8,103,232,46,829069
ABalapaa:103,ABalapaa,103,24517,-483,63,39,-478,8.2,104,230,46,852409
ABalapaa:104,ABalapaa,104,24720,-280,195,207,-278,8.9,107,235,46,847313
ABalapaa:105,ABalapaa,105,24805,-195,503,509,-191,8.9,116,239,46,837145
ABalapaa:106,ABalapaa,106,24752,-248,256,269,-246,8.2,113,234,46,852211
ABalapaa:107,ABalapaa,107,24584,-416,256,254,-414,7.2,110,226,46,848087
ABalapaa:108,ABalapaa,108,24668,-332,256,302,-333,7.2,118,235,46,850440
ABalapaa:109,ABalapaa,109,24141,-859,-592,-720,-860,7.2,121,246,46,856633
ABalapaa:110,ABalapaa,110,24188,-812,-463,-484,-811,7.9,111,246,46,896681
ABalapaa:111,ABalapaa,111,25196,196,719,722,196,8.9,113,253,45,739743
ABalapaa:112,ABalapaa,112,24327,-673,-257,-257,-672,8.4,114,266,46,816050
ABalapaa:113,ABalapaa,113,24991,-9,304,313,-11,9.3,119,273,45,706168
ABalapaa:114,ABalapaa,114,25113,113,266,278,85,10.9,127,257,40,586671
ABalapaa:115,ABalapaa,115,25137,137,304,343,141,10.1,117,246,39,533139
ABalapaaa:116,ABalapaaa,116,24493,-507,150,219,-527,11.0,105,230,39,415394
ABalapaaa:117,ABalapaaa,117,24296,-704,-253,-251,-721,10.4,112,235,36,354747
ABalapaaa:118,ABalapaaa,118,24790,-210,515,596,-145,11.8,114,246,37,392684
ABalapaaa:119,ABalapaaa,119,24895,-105,-64,-79,-62,11.8,105,247,37,405644
ABalapaaa:120,ABalapaaa,120,26701,1701,2054,2045,1764,11.8,101,249,37,358813
ABalapaaa:121,ABalapaaa,121,25953,953,1079,1134,992,11.1,104,248,39,416597
ABalapaaa:122,ABalapaaa,122,24599,-401,-111,18,-418,10.5,106,253,39,389386
ABalapaaa:123,ABalapaaa,123,24712,-288,174,249,-313,10.8,102,257,37,392488
ABalapaaa:124,ABalapaaa,124,25355,355,723,671,387,10.6,96,262,39,457380
ABalapaaa:125,ABalapaaa,125,24690,-310,-219,-188,-305,11.2,97,265,39,445876
ABalapaaa:126,ABalapaaa,126,24767,-233,-14,95,-267,10.5,99,264,39,453829
ABalapaaa:127,ABalapaaa,127,25905,905,1033,1086,902,10.8,93,264,37,399987
ABalapaaa:128,ABalapaaa,128,25165,165,709,667,182,10.0,93,272,39,479588
ABalapaaa:129,ABalapaaa,129,24976,-24,14,99,-21,10.1,98,282,39,463909
ABalapaaa:130,ABalapaaa,130,25172,172,427,528,155,10.1,97,276,39,474290
ABalapaaa:131,ABalapaaa,131,25780,780,934,904,788,9.2,94,281,39,474752
ABalapaaa:132,ABalapaaa,132,25179,179,462,491,253,9.2,93,277,39,494985
ABalapaaa:133,ABalapaaa,133,25287,287,474,548,223,9.5,93,282,39,450775
ABalapaaa:134,ABalapaaa,134,26203,1203,1679,1763,1207,10.4,90,293,39,479655
ABalapaaa:135,ABalapaaa,135,25281,281,740,713,321,10.5,89,293,39,435283
ABalapaaa:136,ABalapaaa,136,24827,-173,268,331,-221,9.6,90,276,39,490569
ABalapaaa:137,ABalapaaa,137,25347,347,640,776,330,9.2,93,283,39,498825
ABalapaaa:138,ABalapaaa,138,26321,1321,1896,2022,1276,9.5,96,286,39,440017
ABalapaaa:139,ABalapaaa,139,26078,1078,1224,1359,986,9.5,97,284,39,443719
ABalapaaa:140,ABalapaaa,140,25274,274,861,932,264,10.5,97,289,39,436541
ABalapaaa:141,ABalapaaa,141,24559,-441,-404,-309,-482,10.5,90,289,39,462585
ABalapaaa:142,ABalapaaa,142,25637,637,1236,1264,600,10.2,90,295,41,527083
ABalapaaa:143,ABalapaaa,143,26406,1406,1368,1406,1331,10.1,99,285,39,494224
ABalapaaa:144,ABalapaaa,144,25571,571,871,992,469,10.2,103,286,41,523709
ABalapaaa:145,ABalapaaa,145,25639,639,456,458,609,10.2,98,287,39,492001
ABalapaap:116,ABalapaap,116,24604,-396,28,56,-379,7.5,132,265,37,399838
ABalapaap:117,ABalapaap,117,24923,-77,147,205,-45,7.9,144,266,38,457299
ABalapaap:118,ABalapaap,118,25214,214,577,633,207,8.1,142,272,37,447733
ABalapaap:119,ABalapaap,119,24212,-788,-437,-463,-777,8.2,134,285,39,464323
ABalapaap:120,ABalapaap,120,24543,-457,-513,-485,-470,9.1,137,288,39,429016
ABalapaap:121,ABalapaap,121,25799,799,1095,1065,785,8.4,143,287,39,389404
ABalapaap:122,ABalapaap,122,25639,639,1056,1041,621,8.4,137,294,39,380747
ABalapaap:123,ABalapaap,123,24818,-182,17,31,-193,8.2,126,294,37,394947
ABalapaap:124,ABalapaap,124,24677,-323,-579,-547,-383,8.8,126,292,37,382724
ABalapaap:125,ABalapaap,125,24997,-3,297,328,-6,8.8,128,283,37,382037
ABalapaap:126,ABalapaap,126,25852,852,906,862,833,9.1,134,290,37,377056
ABalapaap:127,ABalapaap,127,25032,32,402,462,6,10.0,137,293,37,361081
ABalapaap:128,ABalapaap,128,24437,-563,-421,-329,-584,10.1,140,299,39,387626
ABalapaap:129,ABalapaap,129,24830,-170,-48,-112,-171,9.9,135,307,37,383954
ABalapaap:130,ABalapaap,130,25775,775,890,880,759,9.9,128,307,37,382731
ABalapaap:131,ABalapaap,131,24352,-648,-840,-670,-684,8.1,128,307,39,445590
ABalapaap:132,ABalapaap,132,23705,-1295,-1306,-1258,-1358,8.1,127,294,37,404961
ABalapaap:133,ABalapaap,133,25427,427,631,675,404,8.2,124,296,39,454204
ABalapaap:134,ABalapaap,134,25110,110,-20,57,14,8.5,121,297,39,410148
ABalapaap:135,ABalapaap,135,24304,-696,-820,-654,-706,10.1,129,304,39,441497
ABalapaap:136,ABalapaap,136,25220,220,317,375,180,10.3,123,307,39,428316
ABalapaap:137,ABalapaap,137,25641,641,532,678,585,10.1,127,312,37,422281
ABalapaap:138,ABalapaap,138,25991,991,1050,1131,923,9.5,129,310,39,407298
ABalapaap:139,ABalapaap,139,25386,386,287,456,340,10.1,125,314,41,516815
ABalapaap:140,ABalapaap,140,25113,113,321,497,50,10.3,128,312,41,463366
ABalapaap:141,ABalapaap,141,25969,969,1376,1455,953,10.5,125,309,39,411515
ABalapaap:142,ABalapaap,142,25363,363,618,934,284,10.2,123,315,39,477918
ABalapaap:143,ABalapaap,143,25220,220,509,606,160,9.3,129,311,39,432000
ABalapaap:144,ABalapaap,144,26581,1581,1506,1475,1535,9.4,129,314,39,432316
ABalapaap:145,ABalapaap,145,25342,342,222,298,295,10.1,126,314,39,461034
ABalapap:87,ABalapap,87,24050,-950,-483,-470,-947,10.3,103,190,36,381027
ABalapap:88,ABalapap,88,24270,-730,93,148,-725,10.1,100,182,42,624197
ABalapap:89,ABalapap,89,23220,-1780,-822,-786,-1773,9.9,103,183,44,723043
ABalapap:90,ABalapap,90,23055,-1945,-722,-689,-1945,10.9,107,175,44,705342
ABalapap:91,ABalapap,91,24288,-712,194,257,-692,10.0,109,173,45,745283
ABalapap:92,ABalapap,92,23497,-1503,-593,-666,-1400,9.9,102,175,45,745749
ABalapap:93,ABalapap,93,24103,-897,130,62,-861,8.8,103,184,45,731051
ABalapap:94,ABalapap,94,24324,-676,281,299,-652,9.0,110,181,45,748542
ABalapap:95,ABalapap,95,24517,-483,224,225,-463,8.2,124,176,46,857380
ABalapap:96,ABalapap,96,24244,-756,66,72,-737,8.1,121,173,46,882072
ABalapap:97,ABalapap,97,24288,-712,222,295,-702,8.2,128,170,46,872587
ABalapap:98,ABalapap,98,23577,-1423,-196,-129,-1422,7.9,139,175,46,903668
ABalapap:99,ABalapap,99,24034,-966,-1,-20,-948,8.1,147,178,46,891794
ABalapap:100,ABalapap,100,24611,-389,-66,-92,-389,7.2,143,180,46,772344
ABalapap:101,ABalapap,101,24178,-822,-757,-820,-806,7.3,143,183,46,772325
ABalapap:102,ABalapap,102,24869,-131,25,23,-119,7.0,149,191,46,814159
ABalapap:103,ABalapap,103,24699,-301,-65,-168,-313,7.2,154,194,46,789838
ABalapap:104,ABalapap,104,24660,-340,45,32,-337,6.8,154,196,46,795119
ABalapap:105,ABalapap,105,24290,-710,-654,-706,-700,6.8,154,201,46,798557
ABalapap:106,ABalapap,106,24932,-68,326,272,-46,6.9,152,202,46,807357
ABalapap:107,ABalapap,107,24846,-154,131,77,-129,6.8,152,190,46,804689
ABalapap:108,ABalapap,108,24387,-613,-263,-250,-597,6.3,153,189,46,807959
ABalapap:109,ABalapap,109,25071,71,68,-50,81,6.2,161,199,46,848841
ABalapap:110,ABalapap,110,24012,-988,-803,-755,-955,6.8,159,211,46,806171
ABalapap:111,ABalapap,111,24462,-538,-233,-242,-491,6.9,161,221,45,721073
ABalapap:112,ABalapap,112,24604,-396,-31,1,-358,7.1,162,233,38,492261
ABalapap:113,ABalapap,113,25411,411,538,530,409,6.1,153,234,41,538494
ABalapapa:114,ABalapapa,114,25758,758,685,760,789,7.8,145,227,40,457431
ABalapapa:115,ABalapapa,115,24880,-120,211,193,-116,7.2,135,210,35,324663
ABalapapa:116,ABalapapa,116,26157,1157,1703,1681,1170,6.5,131,211,37,350898
ABalapapa:117,ABalapapa,117,24379,-621,-464,-386,-611,6.9,140,218,38,472152
ABalapapa:118,ABalapapa,118,23921,-1079,-485,-407,-1100,6.7,130,228,37,420780
ABalapapa:119,ABalapapa,119,24691,-309,-154,-137,-305,6.2,131,238,37,434263
ABalapapa:120,ABalapapa,120,25221,221,379,394,198,6.9,131,241,37,402523
ABalapapa:121,ABalapapa,121,25140,140,681,686,89,6.8,127,242,37,380742
ABalapapa:122,ABalapapa,122,25286,286,199,201,307,7.7,134,240,37,368629
ABalapapa:123,ABalapapa,123,25418,418,575,616,415,7.7,142,248,37,370425
ABalapapa:124,ABalapapa,124,26634,1634,1311,1287,1633,7.8,141,252,37,377255
ABalapapa:125,ABalapapa,125,25467,467,693,669,444,7.8,142,244,37,378621
ABalapapa:126,ABalapapa,126,25718,718,929,941,667,8.0,148,252,37,391433
ABalapapa:127,ABalapapa,127,25133,133,274,284,91,7.8,143,258,37,384617
ABalapapa:128,ABalapapa,128,25616,616,1248,1213,680,7.9,150,261,37,380769
ABalapapa:129,ABalapapa,129,24567,-433,-125,-108,-457,7.9,153,266,37,372408
ABalapapa:130,ABalapapa,130,25258,258,702,678,251,7.9,155,269,37,381436
ABalapapa:131,ABalapapa,131,25572,572,630,689,548,7.2,151,272,37,386260
ABalapapa:132,ABalapapa,132,25643,643,894,843,514,7.8,152,268,37,391435
ABalapapa:133,ABalapapa,133,25308,308,343,491,322,7.7,157,273,37,380423
ABalapapa:134,ABalapapa,134,25341,341,537,643,360,7.8,147,270,37,395694
ABalapapa:135,ABalapapa,135,24768,-232,-175,-157,-238,7.9,143,275,37,408688
ABalapapa:136,ABalapapa,136,25819,819,755,914,794,7.5,141,271,39,407003
ABalapapa:137,ABalapapa,137,25246,246,156,324,59,7.6,140,263,39,454611
ABalapapa:138,ABalapapa,138,25519,519,838,1004,431,7.5,133,264,39,430151
ABalapapa:139,ABalapapa,139,26772,1772,1915,2160,1673,7.2,132,263,37,414572
ABalapapa:140,ABalapapa,140,25844,844,508,578,770,7.5,126,260,39,418158
ABalapapa:141,ABalapapa,141,24943,-57,202,408,-267,7.5,132,263,39,422856
ABalapapa:142,ABalapapa,142,26337,1337,1864,1938,1267,7.1,132,276,37,418629
ABalapapa:143,ABalapapa,143,25962,962,935,1005,804,7.0,126,267,37,414545
ABalapapa:144,ABalapapa,144,25767,767,990,1164,579,7.3,131,266,39,457156
ABalapapa:145,ABalapapa,145,25639,639,322,256,464,7.2,131,266,37,419149
ABalapapp:114,ABalapapp,114,24743,-257,-273,-326,-293,5.2,176,234,32,256877
ABalapapp:115,ABalapapp,115,25266,266,355,340,266,6.0,189,228,35,322942
ABalapapp:116,ABalapapp,116,24630,-370,-44,-43,-375,6.0,189,233,35,354094
ABalapapp:117,ABalapapp,117,24635,-365,143,214,-363,5.8,199,237,38,431302
ABalapapp:118,ABalapapp,118,24752,-248,-94,-114,-248,5.9,197,248,37,405028
ABalapapp:119,ABalapapp,119,25156,156,491,481,157,5.8,186,262,37,382175
ABalapapp:120,ABalapapp,120,24889,-111,152,164,-114,5.6,185,257,39,380554
ABalapapp:121,ABalapapp,121,25289,289,309,380,281,5.8,179,257,37,346457
ABalapapp:122,ABalapapp,122,24629,-371,-132,-137,-383,6.2,186,267,37,369063
ABalapapp:123,ABalapapp,123,24687,-313,-286,-290,-294,7.7,186,279,37,363119
ABalapapp:124,ABalapapp,124,24768,-232,179,228,-245,8.0,189,291,37,397562
ABalapapp:125,ABalapapp,125,25425,425,904,917,372,8.0,187,291,39,439280
ABalapapp:126,ABalapapp,126,24622,-378,-460,-463,-393,8.2,189,306,41,471659
ABalapapp:127,ABalapapp,127,24960,-40,8,-62,-154,8.3,186,305,39,434706
ABalapapp:128,ABalapapp,128,25588,588,855,901,540,8.8,192,301,37,392227
ABalapapp:129,ABalapapp,129,24766,-234,-811,-878,-535,8.3,202,302,39,416239
ABalapapp:130,ABalapapp,130,25382,382,141,226,338,9.0,202,306,39,466347
ABalapapp:131,ABalapapp,131,25588,588,509,580,393,9.1,203,308,39,442023
ABalapapp:132,ABalapapp,132,25874,874,539,640,760,8.3,198,309,41,456700
ABalapapp:133,ABalapapp,133,25647,647,873,1004,469,8.4,196,313,41,468473
ABalapapp:134,ABalapapp,134,25900,900,736,812,858,8.4,191,310,41,475335
ABalapapp:135,ABalapapp,135,24814,-186,-177,-38,-367,8.4,196,312,41,481586
ABalapapp:136,ABalapapp,136,26599,1599,955,1068,1346,8.4,193,316,41,481667
ABalapapp:137,ABalapapp,137,24492,-508,-544,-322,-890,8.4,191,312,41,485126
ABalapapp:138,ABalapapp,138,25055,55,-165,-48,-114,8.3,188,306,41,525211
ABalapapp:139,ABalapapp,139,25809,809,677,784,673,8.4,194,308,41,506107
ABalapapp:140,ABalapapp,140,26124,1124,791,1046,868,8.3,196,311,41,500700
ABalapapp:141,ABalapapp,141,25361,361,-164,-5,260,8.0,202,317,41,506740
ABalapapp:142,ABalapapp,142,25967,967,866,1014,840,8.1,200,321,41,515221
ABalapapp:143,ABalapapp,143,26618,1618,948,1217,1536,7.4,196,322,41,490992
ABalapapp:144,ABalapapp,144,24483,-517,-682,-555,-665,7.4,196,318,41,502722
ABalapapp:145,ABalapapp,145,26508,1508,1505,1658,1363,7.4,196,310,41,485408
ABalapp:63,ABalapp,63,22975,-2025,-1056,-1044,-2025,12.5,126,234,52,669557
ABalapp:64,ABalapp,64,23922,-1078,55,52,-1078,14.0,138,238,53,713847
ABalapp:65,ABalapp,65,23320,-1680,-489,-496,-1680,14.2,140,236,53,778669
ABalapp:66,ABalapp,66,23857,-1143,78,78,-1143,15.0,155,240,52,810429
ABalapp:67,ABalapp,67,23551,-1449,-600,-602,-1449,15.9,163,247,52,894627
ABalapp:68,ABalapp,68,23898,-1102,69,69,-1102,15.9,156,240,52,894930
ABalapp:69,ABalapp,69,23135,-1865,-708,-708,-1865,15.9,156,236,52,919937
ABalapp:70,ABalapp,70,23592,-1408,-133,-133,-1408,15.1,161,227,52,988963
ABalapp:71,ABalapp,71,24202,-798,155,155,-798,15.0,156,226,52,1033726
ABalapp:72,ABalapp,72,23691,-1309,14,14,-1309,15.2,157,229,53,1068588
ABalapp:73,ABalapp,73,23168,-1832,-781,-783,-1832,15.0,153,228,53,1135089
ABalapp:74,ABalapp,74,23380,-1620,-666,-654,-1620,15.0,150,233,53,1142842
ABalapp:75,ABalapp,75,23982,-1018,141,141,-1018,15.1,152,234,54,1286834
ABalapp:76,ABalapp,76,24009,-991,172,189,-991,15.0,154,224,54,1326030
ABalapp:77,ABalapp,77,23803,-1197,-309,-329,-1197,15.1,155,220,54,1383213
ABalapp:78,ABalapp,78,23499,-1501,-312,-299,-1500,14.1,165,217,54,1426942
ABalapp:79,ABalapp,79,23803,-1197,-82,-94,-1194,14.0,163,217,54,1460045
ABalapp:80,ABalapp,80,23609,-1391,-431,-462,-1386,14.1,163,211,55,1125468
ABalapp:81,ABalapp,81,23484,-1516,-526,-540,-1501,13.8,171,209,55,1199290
ABalapp:82,ABalapp,82,23190,-1810,-862,-903,-1792,13.8,177,203,55,1228998
ABalapp:83,ABalapp,83,23478,-1522,-482,-488,-1519,13.1,177,198,54,1248847
ABalapp:84,ABalapp,84,23922,-1078,-322,-320,-1070,12.8,175,193,53,1135720
ABalapp:85,ABalapp,85,23413,-1587,-694,-700,-1580,13.0,172,200,50,791956
ABalappa:86,ABalappa,86,23947,-1053,154,188,-895,13.2,156,209,50,677839
ABalappa:87,ABalappa,87,23020,-1980,-665,-585,-1911,13.9,155,225,46,544075
ABalappa:88,ABalappa,88,23627,-1373,113,116,-1360,13.9,156,219,44,537179
ABalappa:89,ABalappa,89,24161,-839,-74,-22,-794,13.1,154,220,44,557064
ABalappa:90,ABalappa,90,24401,-599,368,366,-577,13.1,158,213,44,569225
ABalappa:91,ABalappa,91,24032,-968,71,64,-951,13.1,153,211,45,613694
ABalappa:92,ABalappa,92,23715,-1285,-503,-517,-1279,12.9,143,208,45,626183
ABalappa:93,ABalappa,93,24330,-670,489,500,-661,12.9,144,209,45,626642
ABalappa:94,ABalappa,94,23634,-1366,-560,-570,-1315,12.0,144,208,45,667853
ABalappa:95,ABalappa,95,24004,-996,251,313,-957,11.9,151,202,46,755714
ABalappa:96,ABalappa,96,23306,-1694,-685,-595,-1609,11.9,154,198,46,781908
ABalappa:97,ABalappa,97,24029,-971,289,372,-938,11.8,162,194,46,766590
ABalappa:98,ABalappa,98,25234,234,1145,1112,295,11.9,166,198,46,802831
ABalappa:99,ABalappa,99,24022,-978,-70,-77,-901,12.0,171,201,46,791711
ABalappa:100,ABalappa,100,24715,-285,334,379,-275,11.7,175,193,46,686540
ABalappa:101,ABalappa,101,24243,-757,-617,-711,-746,11.9,175,202,46,692941
ABalappa:102,ABalappa,102,24778,-222,50,115,-214,11.2,176,203,46,708111
ABalappa:103,ABalappa,103,25454,454,903,949,476,11.1,179,207,46,731908
ABalappa:104,ABalappa,104,24883,-117,670,612,-83,11.0,176,204,46,745184
ABalappa:105,ABalappa,105,24631,-369,-174,-254,-320,11.0,181,202,46,726393
ABalappa:106,ABalappa,106,24350,-650,-271,-275,-639,10.8,178,204,46,738610
ABalappa:107,ABalappa,107,23969,-1031,-971,-1002,-1010,10.8,176,204,46,758478
ABalappa:108,ABalappa,108,24530,-470,-121,-269,-442,10.0,176,208,46,800037
ABalappa:109,ABalappa,109,24752,-248,91,62,-257,10.2,176,215,46,773740
ABalappa:110,ABalappa,110,24366,-634,-282,-262,-526,11.1,175,221,46,758121
ABalappa:111,ABalappa,111,24464,-536,-221,-210,-376,11.0,166,220,45,649554
ABalappa:112,ABalappa,112,24135,-865,-488,-491,-806,11.8,162,221,44,637807
ABalappa:113,ABalappa,113,25138,138,533,506,128,11.4,163,218,43,539736
ABalappa:114,ABalappa,114,24721,-279,-102,-87,-307,12.2,167,215,42,591761
ABalappa:115,ABalappa,115,24829,-171,23,27,-177,11.4,161,198,43,587635
ABalappa:116,ABalappa,116,24711,-289,30,-104,-307,10.5,161,190,41,504310
ABalappa:117,ABalappa,117,25259,259,436,402,280,10.2,158,190,42,619353
ABalappa:118,ABalappa,118,26042,1042,1047,1134,1048,10.0,152,195,37,444677
ABalappa:119,ABalappa,119,25822,822,1289,1333,811,10.1,155,199,37,439148
ABalappaa:120,ABalappaa,120,26499,1499,1649,1516,1509,11.2,129,205,26,137479
ABalappaa:121,ABalappaa,121,25897,897,1469,1692,936,11.1,121,209,37,361653
ABalappaa:122,ABalappaa,122,24823,-177,353,416,-211,11.0,116,210,37,381636
ABalappaa:123,ABalappaa,123,25085,85,262,306,24,10.0,105,214,37,389629
ABalappaa:124,ABalappaa,124,24270,-730,-216,-194,-778,9.9,101,222,37,389124
ABalappaa:125,ABalappaa,125,26003,1003,1222,1160,1021,9.9,104,219,37,397184
ABalappaa:126,ABalappaa,126,25826,826,1469,1507,834,9.0,101,223,37,404704
ABalappaa:127,ABalappaa,127,25195,195,530,628,149,9.0,94,226,37,409046
ABalappaa:128,ABalappaa,128,25495,495,628,661,487,8.7,97,227,37,381371
ABalappaa:129,ABalappaa,129,25419,419,709,693,383,8.2,92,232,37,403471
ABalappaa:130,ABalappaa,130,25478,478,636,633,457,7.9,90,222,37,415790
ABalappaa:131,ABalappaa,131,25875,875,1086,1129,878,7.8,91,222,37,408618
ABalappaa:132,ABalappaa,132,25736,736,516,488,644,8.0,95,212,37,411638
ABalappaa:133,ABalappaa,133,25959,959,896,959,972,7.8,98,223,37,412019
ABalappaa:134,ABalappaa,134,26032,1032,1212,1278,992,8.1,87,219,37,419822
ABalappaa:135,ABalappaa,135,25458,458,644,648,402,7.9,90,218,37,422396
ABalappaa:136,ABalappaa,136,25266,266,791,789,276,7.9,88,215,37,431649
ABalappaa:137,ABalappaa,137,26306,1306,1392,1467,1252,8.6,78,219,37,405212
ABalappaa:138,ABalappaa,138,25249,249,360,625,129,9.0,80,217,37,446568
ABalappaa:139,ABalappaa,139,26355,1355,1427,1497,1288,9.8,81,221,37,415743
ABalappaa:140,ABalappaa,140,27613,2613,2718,2955,2526,9.1,84,223,37,421463
ABalappaa:141,ABalappaa,141,26557,1557,1787,1997,1525,9.3,79,227,39,457400
ABalappaa:142,ABalappaa,142,25578,578,669,687,535,9.5,75,235,39,489064
ABalappaa:143,ABalappaa,143,25957,957,1257,1310,905,9.2,81,229,37,429916
ABalappaa:144,ABalappaa,144,25595,595,847,1053,538,9.0,87,226,37,444753
ABalappaa:145,ABalappaa,145,26548,1548,1175,1151,1436,9.0,90,221,37,431080
ABalappap:120,ABalappap,120,26181,1181,1538,1522,1078,9.2,177,204,35,273763
ABalappap:121,ABalappap,121,25495,495,350,434,584,9.2,177,206,35,285613
ABalappap:122,ABalappap,122,24932,-68,85,202,-308,9.0,178,210,37,348864
ABalappap:123,ABalappap,123,25965,965,1171,1174,969,9.1,174,211,37,342693
ABalappap:124,ABalappap,124,24900,-100,108,60,-87,9.9,177,213,37,351209
ABalappap:125,ABalappap,125,25130,130,172,146,50,10.4,175,211,39,347877
ABalappap:126,ABalappap,126,25199,199,389,428,90,9.9,171,214,37,367401
ABalappap:127,ABalappap,127,25180,180,583,548,101,9.2,154,210,37,375027
ABalappap:128,ABalappap,128,25952,952,1193,1209,918,9.4,150,210,39,389290
ABalappap:129,ABalappap,129,26183,1183,1449,1481,1020,9.2,143,216,39,424872
ABalappap:130,ABalappap,130,26038,1038,884,955,613,8.4,144,219,39,381946
ABalappap:131,ABalappap,131,24828,-172,-176,-117,-800,8.3,139,214,39,411601
ABalappap:132,ABalappap,132,25064,64,-338,-314,-123,9.1,136,206,39,437388
ABalappap:133,ABalappap,133,25235,235,-34,106,129,9.1,136,203,37,398040
ABalappap:134,ABalappap,134,26092,1092,1396,1321,1055,9.1,127,205,39,439981
ABalappap:135,ABalappap,135,25854,854,871,872,836,9.9,125,199,37,397398
ABalappap:136,ABalappap,136,24222,-778,-700,-474,-806,9.1,123,196,39,452622
ABalappap:137,ABalappap,137,24759,-241,-474,-295,-329,8.5,121,196,39,456228
ABalappap:138,ABalappap,138,26595,1595,1581,1584,1590,8.7,119,198,37,383374
ABalappap:139,ABalappap,139,25603,603,875,878,540,8.3,117,190,37,390228
ABalappap:140,ABalappap,140,25331,331,250,352,242,8.3,107,184,39,439101
ABalappap:141,ABalappap,141,25372,372,326,435,294,8.3,105,194,39,439175
ABalappap:142,ABalappap,142,25530,530,677,635,458,8.4,95,197,41,452854
ABalappap:143,ABalappap,143,25490,490,54,29,428,8.5,94,187,39,413060
ABalappap:144,ABalappap,144,26010,1010,783,744,916,8.5,94,184,39,429033
ABalappap:145,ABalappap,145,25387,387,323,335,226,8.2,88,183,41,521677
ABalappp:86,ABalappp,86,23389,-1611,-401,-255,-1516,12.0,186,199,32,277348
ABalappp:87,ABalappp,87,23772,-1228,-224,-229,-1133,11.3,205,211,34,285157
ABalappp:88,ABalappp,88,23151,-1849,-1048,-1106,-1778,11.4,209,210,42,481785
ABalappp:89,ABalappp,89,24394,-606,462,454,-581,11.9,211,206,44,587271
ABalappp:90,ABalappp,90,24738,-262,757,706,-129,10.1,219,198,44,638667
ABalappp:91,ABalappp,91,23580,-1420,-459,-463,-1218,10.0,220,203,45,665935
ABalappp:92,ABalappp,92,23869,-1131,-388,-399,-843,10.0,213,202,45,672191
ABalappp:93,ABalappp,93,23456,-1544,-692,-709,-1380,10.0,220,201,45,650730
ABalappp:94,ABalappp,94,23982,-1018,-299,-305,-819,9.9,219,205,45,694135
ABalappp:95,ABalappp,95,24259,-741,211,277,-674,10.1,231,197,46,756881
ABalappp:96,ABalappp,96,23540,-1460,-406,-396,-1430,10.2,238,199,46,738713
ABalappp:97,ABalappp,97,24152,-848,303,321,-806,10.1,242,202,46,775527
ABalappp:98,ABalappp,98,24428,-572,161,147,-567,9.8,244,201,46,791020
ABalappp:99,ABalappp,99,23713,-1287,-421,-449,-1267,9.9,239,208,46,811244
ABalappp:100,ABalappp,100,24550,-450,123,103,-420,10.1,240,210,46,688826
ABalappp:101,ABalappp,101,24721,-279,21,61,-271,9.8,234,209,46,732878
ABalappp:102,ABalappp,102,24169,-831,-373,-368,-828,10.1,232,212,46,758010
ABalappp:103,ABalappp,103,24175,-825,-348,-377,-787,10.2,234,219,46,740185
ABalappp:104,ABalappp,104,23800,-1200,-954,-1045,-1176,10.1,234,208,46,776981
ABalappp:105,ABalappp,105,24238,-762,-499,-625,-727,10.1,239,203,46,812035
ABalappp:106,ABalappp,106,24290,-710,-314,-267,-624,10.2,239,203,46,789902
ABalappp:107,ABalappp,107,24286,-714,-538,-586,-710,10.1,242,191,48,922714
ABalappp:108,ABalappp,108,24620,-380,-288,-330,-302,10.9,247,192,46,812513
ABalappp:109,ABalappp,109,24233,-767,-820,-804,-782,12.0,240,202,46,760183
ABalappp:110,ABalappp,110,24640,-360,-126,-122,-313,12.2,238,198,46,743249
ABalappp:111,ABalappp,111,24166,-834,-515,-516,-800,11.1,233,192,45,578223
ABalappp:112,ABalappp,112,24567,-433,-116,-116,-427,11.1,230,194,42,491521
ABalappp:113,ABalappp,113,24754,-246,340,340,-234,11.0,229,188,37,425751
ABalapppa:114,ABalapppa,114,23811,-1189,-859,-867,-1201,11.3,209,195,32,228999
ABalapppa:115,ABalapppa,115,25606,606,1030,1007,568,11.1,214,194,35,291732
ABalapppa:116,ABalapppa,116,24845,-155,-218,-202,-214,10.4,211,194,37,334851
ABalapppa:117,ABalapppa,117,24446,-554,-122,-99,-590,10.9,215,194,38,421657
ABalapppa:118,ABalapppa,118,24779,-221,-107,-145,-363,10.2,209,197,37,403509
ABalapppa:119,ABalapppa,119,24782,-218,-178,-84,-335,9.5,209,192,39,403598
ABalapppa:120,ABalapppa,120,25091,91,182,276,55,9.3,217,181,39,390573
ABalapppa:121,ABalapppa,121,25527,527,1088,1130,513,9.0,210,176,39,399611
ABalapppa:122,ABalapppa,122,25272,272,347,364,237,8.3,205,178,41,415074
ABalapppa:123,ABalapppa,123,25143,143,8,-10,28,7.6,197,179,39,419347
ABalapppa:124,ABalapppa,124,24405,-595,-352,-504,-595,8.0,191,185,39,436716
ABalapppa:125,ABalapppa,125,25170,170,103,368,-28,7.4,196,185,41,395017
ABalapppa:126,ABalapppa,126,25441,441,437,530,376,7.6,201,185,41,469452
ABalapppa:127,ABalapppa,127,25081,81,-159,-45,-26,7.4,203,185,41,440608
ABalapppa:128,ABalapppa,128,24777,-223,-266,-157,-329,7.6,196,195,39,438907
ABalapppa:129,ABalapppa,129,25456,456,-26,-280,488,6.3,185,188,26,132021
ABalapppa:130,ABalapppa,130,25597,597,489,530,377,7.2,188,184,39,430510
ABalapppa:131,ABalapppa,131,26030,1030,1010,945,1040,7.4,184,177,41,428586
ABalapppa:132,ABalapppa,132,25051,51,-376,-351,-26,8.0,184,166,41,484077
ABalapppa:133,ABalapppa,133,25914,914,977,1027,789,8.1,175,171,41,503454
ABalapppa:134,ABalapppa,134,24518,-482,-695,-630,-574,8.1,161,176,41,516394
ABalapppa:135,ABalapppa,135,26150,1150,1176,1175,1051,8.4,163,182,41,484491
ABalapppa:136,ABalapppa,136,25773,773,645,675,751,8.2,161,170,41,511838
ABalapppa:137,ABalapppa,137,25504,504,372,469,425,8.1,157,172,41,515286
ABalapppa:138,ABalapppa,138,25871,871,501,604,814,8.2,152,166,41,514801
ABalapppa:139,ABalapppa,139,25298,298,507,495,250,8.2,154,160,41,534245
ABalapppa:140,ABalapppa,140,25593,593,369,437,493,8.1,146,161,41,540941
ABalapppa:141,ABalapppa,141,24724,-276,-712,-768,-368,8.3,140,158,41,518235
ABalapppa:142,ABalapppa,142,25531,531,139,313,460,8.1,128,168,39,491174
ABalapppa:143,ABalapppa,143,25956,956,209,237,902,8.1,132,169,41,543800
ABalapppa:144,ABalapppa,144,26140,1140,782,888,1070,8.1,133,170,41,535823
ABalapppa:145,ABalapppa,145,24983,-17,-467,-476,-84,8.1,134,177,39,488339
ABalapppp:114,ABalapppp,114,25240,240,19,19,225,10.4,267,193,34,247402
ABalapppp:115,ABalapppp,115,24823,-177,-199,-198,-217,10.5,273,188,37,300032
ABalapppp:116,ABalapppp,116,25676,676,624,715,579,11.0,271,196,39,397986
ABalapppp:117,ABalapppp,117,24532,-468,-1333,-663,-931,11.0,277,198,38,409492
ABalapppp:118,ABalapppp,118,25218,218,-523,-214,-47,10.4,275,189,39,389118
ABalapppp:119,ABalapppp,119,24813,-187,-848,-797,-421,10.1,279,183,37,388842
ABalapppp:120,ABalapppp,120,25149,149,-493,-491,61,9.1,278,175,37,342617
ABalapppp:121,ABalapppp,121,25907,907,-1499,-447,-632,8.7,280,173,37,355649
ABalapppp:122,ABalapppp,122,25434,434,-1036,-1296,-248,7.6,278,171,39,426264
ABalapppp:123,ABalapppp,123,26378,1378,-1754,-710,-424,7.8,282,178,37,373757
ABalapppp:124,ABalapppp,124,26352,1352,-426,-465,244,7.1,274,184,37,381301
ABalapppp:125,ABalapppp,125,25312,312,-2119,-2158,-818,6.8,281,181,37,376452
ABalapppp:126,ABalapppp,126,27176,2176,733,641,1660,6.1,280,184,39,414610
ABalapppp:127,ABalapppp,127,26963,1963,-2673,-1472,-3519,6.8,278,190,37,379663
ABalapppp:128,ABalapppp,128,26249,1249,-2006,-1984,-993,6.5,268,188,39,434778
ABalapppp:129,ABalapppp,129,28812,3812,-3075,-1191,-178,7.1,262,195,39,452934
ABalapppp:130,ABalapppp,130,27319,2319,-3474,-2494,335,7.3,256,200,39,438000
ABalapppp:131,ABalapppp,131,26229,1229,-2891,-2042,-570,7.2,250,192,39,449403
ABalapppp:132,ABalapppp,132,27004,2004,-3913,-1610,-365,7.3,256,190,41,478214
ABalapppp:133,ABalapppp,133,28632,3632,-3058,-869,-866,7.3,261,189,39,433184
ABalapppp:134,ABalapppp,134,29548,4548,-3435,158,-2096,7.6,258,183,39,454735
ABalapppp:135,ABalapppp,135,26591,1591,-3916,-1629,-1535,8.1,253,174,41,486040
ABalapppp:136,ABalapppp,136,26414,1414,-2499,-1463,598,8.2,251,165,41,486808
ABalapppp:137,ABalapppp,137,25450,450,-1478,-1286,70,8.1,247,151,41,490724
ABalapppp:138,ABalapppp,138,26236,1236,80,198,664,9.0,245,143,39,447437
ABalapppp:139,ABalapppp,139,25939,939,-301,-246,694,8.1,248,145,41,510597
ABalapppp:140,ABalapppp,140,25586,586,-918,-985,285,7.5,241,145,41,500869
ABalapppp:141,ABalapppp,141,25460,460,215,333,368,7.4,233,138,41,476334
ABalapppp:142,ABalapppp,142,27298,2298,2444,2412,2158,7.1,220,136,26,159312
ABalapppp:143,ABalapppp,143,26139,1139,1117,1165,1093,7.3,222,136,41,505139
ABalapppp:144,ABalapppp,144,25321,321,60,287,123,7.4,221,135,41,475782
ABalapppp:145,ABalapppp,145,25835,835,824,1015,730,8.3,227,134,41,484221
ABalp:30,ABalp,30,23635,-1365,-237,-254,-1365,18.9,138,300,62,934554
ABalp:31,ABalp,31,24157,-843,307,308,-843,19.7,158,303,61,968855
ABalp:32,ABalp,32,23715,-1285,-92,-92,-1285,20.9,169,327,62,1064681
ABalp:33,ABalp,33,23273,-1727,-491,-491,-1727,19.9,187,346,63,1182402
ABalp:34,ABalp,34,23551,-1449,-368,-368,-1449,18.9,193,353,65,1333338
ABalp:35,ABalp,35,24034,-966,5,5,-966,15.9,183,360,65,1493088
ABalp:36,ABalp,36,23560,-1440,-570,-570,-1440,15.4,171,357,67,1595253
ABalp:37,ABalp,37,23617,-1383,-535,-535,-1383,14.4,165,363,69,1863261
ABalp:38,ABalp,38,23654,-1346,-418,-418,-1346,14.0,153,354,68,1897833
ABalp:39,ABalp,39,23694,-1306,-417,-418,-1306,13.3,154,350,69,1937040
ABalp:40,ABalp,40,23405,-1595,-941,-941,-1595,14.8,143,353,67,1936751
ABalp:41,ABalp,41,23322,-1678,-1053,-1053,-1678,15.9,142,347,67,1949916
ABalp:42,ABalp,42,23615,-1385,-261,-261,-1385,16.0,147,343,66,1867862
ABalp:43,ABalp,43,24152,-848,228,228,-848,17.0,158,336,62,1462204
ABalpa:44,ABalpa,44,23116,-1884,-940,-930,-1877,16.3,143,337,49,616271
ABalpa:45,ABalpa,45,23592,-1408,-287,-287,-1411,16.3,124,332,54,802928
ABalpa:46,ABalpa,46,23480,-1520,-714,-714,-1528,16.2,123,336,55,961278
ABalpa:47,ABalpa,47,23369,-1631,-733,-733,-1680,17.2,101,337,56,1178346
ABalpa:48,ABalpa,48,23555,-1445,-770,-770,-1445,17.9,103,339,57,1234972
ABalpa:49,ABalpa,49,23679,-1321,-446,-446,-1321,17.9,111,338,58,1325208
ABalpa:50,ABalpa,50,23616,-1384,-627,-627,-1398,17.7,110,334,59,1302822
ABalpa:51,ABalpa,51,23497,-1503,-805,-806,-1527,17.6,111,336,60,1456144
ABalpa:52,ABalpa,52,23458,-1542,-879,-876,-1601,16.7,106,335,60,1575441
ABalpa:53,ABalpa,53,23274,-1726,-1041,-1041,-1798,16.5,108,337,60,1187791
ABalpa:54,ABalpa,54,23694,-1306,-784,-712,-1432,14.0,117,339,60,1335377
ABalpa:55,ABalpa,55,23694,-1306,-474,-437,-1314,14.6,120,342,60,1375846
ABalpa:56,ABalpa,56,23697,-1303,-485,-435,-1303,14.5,122,345,60,1395988
ABalpa:57,ABalpa,57,24120,-880,-246,-237,-911,14.6,124,345,61,1426488
ABalpa:58,ABalpa,58,23065,-1935,-1152,-1149,-1961,14.7,126,347,61,1523932
ABalpa:59,ABalpa,59,23619,-1381,-778,-741,-1435,14.4,124,342,63,1626335
ABalpa:60,ABalpa,60,23643,-1357,-552,-552,-1361,15.0,126,339,63,1691703
ABalpa:61,ABalpa,61,23413,-1587,-465,-472,-1591,14.7,127,332,60,1265791
ABalpa:62,ABalpa,62,23926,-1074,-236,-195,-1126,14.2,119,335,53,1017704
ABalpaa:63,ABalpaa,63,23658,-1342,-800,-177,-1842,11.4,106,330,42,481024
ABalpaa:64,ABalpaa,64,23790,-1210,-981,-626,-1392,11.5,117,334,51,916715
ABalpaa:65,ABalpaa,65,23441,-1559,-604,-434,-1648,11.8,118,329,53,1095432
ABalpaa:66,ABalpaa,66,23635,-1365,-975,-618,-1652,12.2,113,336,52,1163311
ABalpaa:67,ABalpaa,67,23811,-1189,-608,-223,-2127,12.8,101,343,52,1247916
ABalpaa:68,ABalpaa,68,23225,-1775,-1278,-916,-2096,12.2,98,320,52,1247200
ABalpaa:69,ABalpaa,69,23289,-1711,-893,-710,-1867,12.9,94,317,52,1306125
ABalpaa:70,ABalpaa,70,23829,-1171,-55,32,-1251,13.2,99,314,52,1295176
ABalpaa:71,ABalpaa,71,23457,-1543,-678,-406,-1738,12.2,96,315,52,1354901
ABalpaa:72,ABalpaa,72,23317,-1683,-741,-646,-1748,12.8,99,312,53,1353078
ABalpaa:73,ABalpaa,73,24076,-924,-114,110,-1053,12.2,94,310,55,1546263
ABalpaa:74,ABalpaa,74,23481,-1519,-880,-494,-1887,12.3,92,318,55,1558686
ABalpaa:75,ABalpaa,75,23691,-1309,-806,-518,-1478,12.1,98,315,54,1620783
ABalpaa:76,ABalpaa,76,23742,-1258,-587,-247,-1432,12.4,101,316,56,1703235
ABalpaa:77,ABalpaa,77,24051,-949,-380,-125,-1104,12.2,100,315,56,1784350
ABalpaa:78,ABalpaa,78,23431,-1569,-863,-573,-1793,12.2,103,319,56,1822998
ABalpaa:79,ABalpaa,79,23501,-1499,-1031,-725,-1664,11.4,113,324,56,1805058
ABalpaa:80,ABalpaa,80,23708,-1292,-628,-335,-1442,11.8,113,327,55,1514276
ABalpaa:81,ABalpaa,81,23557,-1443,-914,-526,-1632,12.1,115,328,55,1530640
ABalpaa:82,ABalpaa,82,24165,-835,34,257,-945,12.8,113,324,55,1514866
ABalpaa:83,ABalpaa,83,23463,-1537,-798,-661,-1736,13.1,108,326,54,1533917
ABalpaa:84,ABalpaa,84,23731,-1269,-640,-541,-1316,13.9,109,323,53,1096566
ABalpaaa:85,ABalpaaa,85,23666,-1334,-512,-534,-1188,14.9,87,310,34,347807
ABalpaaa:86,ABalpaaa,86,23491,-1509,59,66,-1516,15.9,84,304,48,651732
ABalpaaa:87,ABalpaaa,87,23112,-1888,-551,-537,-1880,16.1,83,302,42,533872
ABalpaaa:88,ABalpaaa,88,24130,-870,459,440,-865,17.0,80,300,44,650457
ABalpaaa:89,ABalpaaa,89,23712,-1288,-148,-149,-1277,16.9,78,301,44,638716
ABalpaaa:90,ABalpaaa,90,24113,-887,403,392,-882,17.1,84,298,44,688176
ABalpaaa:91,ABalpaaa,91,23701,-1299,-43,-63,-1291,17.9,80,295,45,666528
ABalpaaa:92,ABalpaaa,92,24179,-821,236,237,-821,18.0,67,291,45,676565
ABalpaaa:93,ABalpaaa,93,24756,-244,960,914,-240,19.0,79,296,45,654271
ABalpaaa:94,ABalpaaa,94,24051,-949,132,175,-944,19.9,81,293,45,669244
ABalpaaa:95,ABalpaaa,95,23647,-1353,-414,-412,-1349,20.0,87,282,46,790968
ABalpaaa:96,ABalpaaa,96,23916,-1084,-25,-64,-1082,20.9,86,278,46,814084
ABalpaaa:97,ABalpaaa,97,24002,-998,-136,-101,-989,20.1,80,260,46,808000
ABalpaaa:98,ABalpaaa,98,24236,-764,-102,-137,-761,19.1,68,264,46,854568
ABalpaaa:99,ABalpaaa,99,24740,-260,219,214,-257,18.9,61,243,46,877121
ABalpaaa:100,ABalpaaa,100,25759,759,916,907,761,19.0,61,228,46,723719
ABalpaaa:101,ABalpaaa,101,25328,328,530,600,331,18.0,58,236,46,784062
ABalpaaa:102,ABalpaaa,102,24501,-499,-508,-555,-494,18.1,60,250,46,776200
ABalpaaa:103,ABalpaaa,103,24845,-155,-6,-41,-157,18.9,65,249,46,793166
ABalpaaa:104,ABalpaaa,104,26011,1011,961,934,1023,18.9,64,249,46,808668
ABalpaaa:105,ABalpaaa,105,24906,-94,14,-30,-82,19.8,66,246,46,809345
ABalpaaa:106,ABalpaaa,106,25205,205,491,410,237,19.8,69,246,46,820901
ABalpaaa:107,ABalpaaa,107,25583,583,1028,985,599,20.2,71,235,46,818133
ABalpaaa:108,ABalpaaa,108,24982,-18,358,400,-18,20.4,77,232,48,867873
ABalpaaa:109,ABalpaaa,109,24818,-182,-103,-122,-182,20.2,75,226,46,820058
ABalpaaa:110,ABalpaaa,110,24728,-272,172,87,-260,20.0,73,220,50,1106774
ABalpaaa:111,ABalpaaa,111,24870,-130,-85,-128,-136,19.2,65,223,49,988094
ABalpaaa:112,ABalpaaa,112,24640,-360,-555,-613,-379,18.2,60,215,46,862299
ABalpaaa:113,ABalpaaa,113,24697,-303,-255,-360,-294,20.1,66,236,45,735395
ABalpaaa:114,ABalpaaa,114,25611,611,1139,1166,598,19.2,61,231,44,732465
ABalpaaa:115,ABalpaaa,115,24630,-370,-289,-323,-365,19.2,68,242,43,658227
ABalpaaa:116,ABalpaaa,116,24640,-360,-46,-17,-362,20.1,77,235,43,555564
ABalpaaa:117,ABalpaaa,117,24665,-335,-92,-144,-386,19.2,85,252,40,558208
ABalpaaaa:118,ABalpaaaa,118,25720,720,1168,1079,1024,20.0,87,232,37,412963
ABalpaaaa:119,ABalpaaaa,119,26309,1309,1507,1600,1334,20.0,86,228,26,162621
ABalpaaaa:120,ABalpaaaa,120,24164,-836,-612,-759,-868,21.0,79,234,37,338117
ABalpaaaa:121,ABalpaaaa,121,24866,-134,-19,17,-56,21.0,77,235,37,379633
ABalpaaaa:122,ABalpaaaa,122,24975,-25,186,219,189,21.1,79,231,39,399718
ABalpaaaa:123,ABalpaaaa,123,24754,-246,111,96,-301,22.1,77,226,41,457815
ABalpaaaa:124,ABalpaaaa,124,25491,491,619,621,513,23.1,87,229,39,390364
ABalpaaaa:125,ABalpaaaa,125,26168,1168,701,634,1168,23.2,90,227,39,377593
ABalpaaaa:126,ABalpaaaa,126,24947,-53,-172,-119,-56,24.0,100,219,37,328019
ABalpaaaa:127,ABalpaaaa,127,25021,21,-212,-242,149,22.1,90,206,41,482248
ABalpaaaa:128,ABalpaaaa,128,24709,-291,-543,-521,-231,22.1,89,213,39,429477
ABalpaaaa:129,ABalpaaaa,129,25150,150,108,271,118,22.1,85,216,39,425651
ABalpaaaa:130,ABalpaaaa,130,25352,352,443,433,243,22.1,89,219,39,440947
ABalpaaaa:131,ABalpaaaa,131,25119,119,-10,82,-107,21.2,86,224,41,465905
ABalpaaaa:132,ABalpaaaa,132,25131,131,-215,-192,113,22.1,88,223,41,508185
ABalpaaaa:133,ABalpaaaa,133,25703,703,755,719,698,22.1,87,221,39,474629
ABalpaaaa:134,ABalpaaaa,134,25764,764,760,883,708,22.0,89,224,41,516131
ABalpaaaa:135,ABalpaaaa,135,25612,612,619,698,485,22.0,98,226,41,479687
ABalpaaaa:136,ABalpaaaa,136,26238,1238,838,887,1228,22.1,103,225,41,476168
ABalpaaaa:137,ABalpaaaa,137,25359,359,217,257,316,22.2,99,228,41,483201
ABalpaaaa:138,ABalpaaaa,138,25965,965,664,537,888,22.3,98,230,41,476768
ABalpaaaa:139,ABalpaaaa,139,25692,692,614,716,639,22.2,97,230,41,485688
ABalpaaaa:140,ABalpaaaa,140,24388,-612,-1032,-981,-709,22.2,99,230,41,491630
ABalpaaaa:141,ABalpaaaa,141,25434,434,140,172,408,22.2,99,235,41,493359
ABalpaaaa:142,ABalpaaaa,142,26212,1212,1159,1117,1163,23.1,107,237,41,471546
ABalpaaaa:143,ABalpaaaa,143,25255,255,68,43,220,23.3,118,247,41,392207
ABalpaaaa:144,ABalpaaaa,144,25870,870,835,833,852,24.1,119,252,41,415990
ABalpaaaa:145,ABalpaaaa,145,24945,-55,121,190,-103,23.2,109,260,41,443274
ABalpaaap:118,ABalpaaap,118,24102,-898,-642,-639,-900,22.9,104,280,37,329262
ABalpaaap:119,ABalpaaap,119,24828,-172,0,-28,-172,22.0,102,274,37,315684
ABalpaaap:120,ABalpaaap,120,24833,-167,35,55,-172,22.1,102,282,37,235289
ABalpaaap:121,ABalpaaap,121,25251,251,599,679,192,22.1,105,295,39,278839
ABalpaaap:122,ABalpaaap,122,25015,15,187,205,6,22.1,110,294,39,296874
ABalpaaap:123,ABalpaaap,123,25466,466,624,732,431,23.2,107,291,41,298820
ABalpaaap:124,ABalpaaap,124,24526,-474,-302,-258,-527,23.1,108,285,41,314364
ABalpaaap:125,ABalpaaap,125,24761,-239,-238,-204,-273,23.1,114,274,41,312628
ABalpaaap:126,ABalpaaap,126,25045,45,277,398,35,23.1,125,267,41,304383
ABalpaaap:127,ABalpaaap,127,24869,-131,-155,-143,-111,24.0,112,259,39,293573
ABalpaaap:128,ABalpaaap,128,25699,699,661,642,650,24.1,115,254,41,333124
ABalpaaap:129,ABalpaaap,129,26012,1012,1256,1269,955,23.1,119,254,41,333069
ABalpaaap:130,ABalpaaap,130,25171,171,61,163,275,23.1,120,256,41,355578
ABalpaaap:131,ABalpaaap,131,25484,484,289,242,446,23.1,119,261,41,378442
ABalpaaap:132,ABalpaaap,132,25987,987,496,542,863,23.1,115,259,41,401755
ABalpaaap:133,ABalpaaap,133,25972,972,1079,1159,1014,23.0,120,257,41,400820
ABalpaaap:134,ABalpaaap,134,25195,195,273,485,101,22.0,119,254,41,411427
ABalpaaap:135,ABalpaaap,135,25750,750,957,984,649,22.0,132,261,39,353846
ABalpaaap:136,ABalpaaap,136,25435,435,484,557,447,21.8,135,261,38,353846
ABalpaaap:137,ABalpaaap,137,24807,-193,-469,-436,-216,21.6,138,261,37,353846
ABalpaaap:138,ABalpaaap,138,25546,546,503,684,471,21.4,142,261,35,353846
ABalpaaap:139,ABalpaaap,139,26067,1067,1223,1123,1132,21.2,145,261,34,353846
ABalpaaap:140,ABalpaaap,140,25379,379,85,180,264,21.0,149,262,32,0
ABalpaaap:141,ABalpaaap,141,25960,960,470,584,784,20.0,150,264,34,0
ABalpaaap:142,ABalpaaap,142,25698,698,427,640,439,19.0,152,266,37,368653
ABalpaaap:143,ABalpaaap,143,25604,604,126,146,449,18.1,157,263,41,408202
ABalpaaap:144,ABalpaaap,144,25370,370,87,159,94,18.1,155,264,41,410728
ABalpaaap:145,ABalpaaap,145,25728,728,255,423,626,19.2,156,265,41,382898
ABalpaap:85,ABalpaap,85,23143,-1857,-850,-841,-1845,12.4,114,320,42,846978
ABalpaap:86,ABalpaap,86,23994,-1006,264,311,-1038,11.9,126,334,48,713696
ABalpaap:87,ABalpaap,87,23605,-1395,-572,-565,-1423,13.1,127,340,46,795188
ABalpaap:88,ABalpaap,88,23563,-1437,-491,-491,-1437,13.0,128,333,44,727473
ABalpaap:89,ABalpaap,89,24544,-456,165,165,-455,12.9,137,337,44,722792
ABalpaap:90,ABalpaap,90,23872,-1128,-117,-145,-1100,12.3,152,328,46,791503
ABalpaap:91,ABalpaap,91,23625,-1375,-245,-285,-1263,13.1,149,333,47,799152
ABalpaap:92,ABalpaap,92,24031,-969,-718,-735,-915,13.3,127,332,47,799198
ABalpaap:93,ABalpaap,93,23573,-1427,-815,-851,-1312,13.0,128,323,47,890547
ABalpaap:94,ABalpaap,94,23564,-1436,-930,-851,-1353,13.3,122,318,47,833098
ABalpaap:95,ABalpaap,95,23878,-1122,-288,-297,-1064,14.2,118,313,48,1017365
ABalpaap:96,ABalpaap,96,23724,-1276,-335,-331,-1208,14.3,104,312,48,1006185
ABalpaap:97,ABalpaap,97,23318,-1682,-670,-647,-1619,15.0,100,298,48,1039185
ABalpaap:98,ABalpaap,98,23881,-1119,-172,-145,-1035,14.2,97,305,50,1176384
ABalpaap:99,ABalpaap,99,23858,-1142,-308,-288,-1086,15.2,88,295,50,1165437
ABalpaap:100,ABalpaap,100,25043,43,229,243,51,15.9,81,283,46,812021
ABalpaap:101,ABalpaap,101,25106,106,269,286,108,14.9,87,283,46,810122
ABalpaap:102,ABalpaap,102,24728,-272,-67,-18,-269,14.1,87,290,50,1084286
ABalpaap:103,ABalpaap,103,24694,-306,23,64,-293,14.3,93,292,48,938680
ABalpaap:104,ABalpaap,104,24847,-153,203,209,-148,15.0,92,290,50,1055857
ABalpaap:105,ABalpaap,105,24455,-545,-208,-191,-544,15.4,91,292,50,1059980
ABalpaap:106,ABalpaap,106,24363,-637,-256,-281,-631,15.1,83,293,50,1150448
ABalpaap:107,ABalpaap,107,24785,-215,187,187,-212,15.2,77,276,50,1146003
ABalpaap:108,ABalpaap,108,24773,-227,213,197,-223,15.2,82,280,46,907833
ABalpaap:109,ABalpaap,109,24531,-469,-142,-143,-469,14.5,84,279,48,1033711
ABalpaap:110,ABalpaap,110,25434,434,987,1015,435,14.4,82,280,48,984288
ABalpaap:111,ABalpaap,111,24819,-181,-44,-152,-182,15.0,92,275,45,594035
ABalpaapa:112,ABalpaapa,112,24193,-807,-634,-634,-802,14.1,72,267,38,427098
ABalpaapa:113,ABalpaapa,113,26037,1037,1109,1100,1037,14.8,67,285,41,488969
ABalpaapa:114,ABalpaapa,114,25161,161,423,425,161,13.9,64,277,40,536091
ABalpaapa:115,ABalpaapa,115,24777,-223,327,327,-223,13.3,69,287,41,548410
ABalpaapa:116,ABalpaapa,116,25145,145,667,650,145,14.0,71,282,43,630189
ABalpaapa:117,ABalpaapa,117,25402,402,650,683,389,13.2,72,286,42,628940
ABalpaapa:118,ABalpaapa,118,25775,775,1119,1132,816,15.2,77,278,41,559484
ABalpaapa:119,ABalpaapa,119,25147,147,634,707,165,16.2,68,276,41,550296
ABalpaapa:120,ABalpaapa,120,24402,-598,-206,-224,-543,17.0,62,281,41,471121
ABalpaapa:121,ABalpaapa,121,24643,-357,23,-26,-323,15.4,69,284,41,399743
ABalpaapa:122,ABalpaapa,122,25494,494,535,494,489,17.0,80,284,41,436919
ABalpaapa:123,ABalpaapa,123,25423,423,415,450,415,16.2,81,278,41,396933
ABalpaapa:124,ABalpaapa,124,24774,-226,429,477,-226,16.3,82,283,41,414425
ABalpaapa:125,ABalpaapa,125,24954,-46,119,131,-32,18.1,81,284,41,435386
ABalpaapa:126,ABalpaapa,126,24908,-92,3,0,-102,18.1,84,280,41,432102
ABalpaapa:127,ABalpaapa,127,24382,-618,-318,-253,-637,18.2,87,281,41,406671
ABalpaapa:128,ABalpaapa,128,25788,788,1127,1156,797,18.2,81,276,41,449376
ABalpaapa:129,ABalpaapa,129,24971,-29,147,143,-35,18.0,86,275,41,441674
ABalpaapa:130,ABalpaapa,130,26172,1172,1109,1106,1140,19.1,82,288,41,433935
ABalpaapa:131,ABalpaapa,131,25922,922,1517,1560,888,18.2,84,290,41,442143
ABalpaapa:132,ABalpaapa,132,25483,483,596,586,548,18.1,75,280,41,508472
ABalpaapa:133,ABalpaapa,133,26385,1385,891,889,1349,19.0,76,281,41,510616
ABalpaapa:134,ABalpaapa,134,25254,254,242,237,262,19.2,78,282,41,506452
ABalpaapa:135,ABalpaapa,135,25282,282,366,375,303,20.0,81,287,41,526977
ABalpaapa:136,ABalpaapa,136,25373,373,283,270,360,20.0,82,275,41,528479
ABalpaapa:137,ABalpaapa,137,25522,522,698,657,450,19.2,87,282,41,528365
ABalpaapa:138,ABalpaapa,138,25468,468,258,214,427,19.1,87,283,41,520559
ABalpaapa:139,ABalpaapa,139,25879,879,478,478,826,19.3,87,280,41,511292
ABalpaapa:140,ABalpaapa,140,25260,260,259,218,280,20.1,93,276,41,508877
ABalpaapa:141,ABalpaapa,141,26173,1173,1297,1382,1125,20.3,91,277,41,492596
ABalpaapa:142,ABalpaapa,142,25803,803,634,696,757,20.0,99,276,41,536021
ABalpaapa:143,ABalpaapa,143,25452,452,693,703,428,19.2,102,273,39,438277
ABalpaapaa:144,ABalpaapaa,144,25392,392,-5,105,96,19.0,89,270,37,348089
ABalpaapaa:145,ABalpaapaa,145,25531,531,543,577,508,19.0,79,256,37,357984
ABalpaapap:144,ABalpaapap,144,26896,1896,1002,788,1862,19.2,109,292,26,126050
ABalpaapap:145,ABalpaapap,145,25628,628,4,25,618,20.0,115,301,37,321456
ABalpaapp:112,ABalpaapp,112,24776,-224,65,84,-221,15.2,103,303,36,339975
ABalpaapp:113,ABalpaapp,113,24712,-288,-135,-92,-291,16.2,120,308,37,333318
ABalpaapp:114,ABalpaapp,114,24653,-347,-184,-266,-334,16.9,117,297,40,414551
ABalpaapp:115,ABalpaapp,115,25274,274,639,754,272,17.1,126,303,39,402968
ABalpaapp:116,ABalpaapp,116,25108,108,330,343,193,17.9,135,303,39,403392
ABalpaapp:117,ABalpaapp,117,25116,116,278,349,157,18.0,142,306,38,402103
ABalpaapp:118,ABalpaapp,118,24780,-220,166,78,-99,19.0,156,313,41,417786
ABalpaapp:119,ABalpaapp,119,25313,313,263,204,352,19.1,153,307,39,353603
ABalpaapp:120,ABalpaapp,120,24891,-109,210,266,-89,19.0,150,301,37,264104
ABalpaapp:121,ABalpaapp,121,24793,-207,-111,-48,-316,18.1,151,307,41,346376
ABalpaapp:122,ABalpaapp,122,24779,-221,-124,-126,-268,18.0,154,305,39,336915
ABalpaapp:123,ABalpaapp,123,24481,-519,-560,-537,-593,18.1,146,304,39,303338
ABalpaapp:124,ABalpaapp,124,25403,403,915,902,351,18.1,147,301,41,342248
ABalpaapp:125,ABalpaapp,125,24980,-20,99,105,-40,18.2,148,296,39,311945
ABalpaapp:126,ABalpaapp,126,24692,-308,-400,-404,-322,18.2,150,298,41,314138
ABalpaapp:127,ABalpaapp,127,24992,-8,513,518,-25,18.2,150,292,41,304260
ABalpaapp:128,ABalpaapp,128,26143,1143,1347,1320,1125,18.3,150,297,41,306014
ABalpaapp:129,ABalpaapp,129,25244,244,430,424,231,18.2,149,299,41,320142
ABalpaapp:130,ABalpaapp,130,26241,1241,1412,1592,1196,18.2,146,303,39,324504
ABalpaapp:131,ABalpaapp,131,25881,881,835,815,921,18.1,145,307,41,389900
ABalpaapp:132,ABalpaapp,132,24546,-454,-546,-580,-484,18.1,138,307,41,417067
ABalpaapp:133,ABalpaapp,133,25068,68,-191,-130,-83,18.0,141,300,39,379368
ABalpaapp:134,ABalpaapp,134,24884,-116,-305,-229,-272,18.2,145,304,41,380535
ABalpaapp:135,ABalpaapp,135,25744,744,1024,955,709,18.1,147,312,41,419629
ABalpaapp:136,ABalpaapp,136,25705,705,256,501,459,18.1,143,315,41,420173
ABalpaapp:137,ABalpaapp,137,25030,30,-83,-221,-162,18.1,147,325,41,419093
ABalpaapp:138,ABalpaapp,138,25269,269,-288,-102,-149,17.2,150,320,41,423984
ABalpaapp:139,ABalpaapp,139,25636,636,218,309,611,18.2,150,321,41,423171
ABalpaapp:140,ABalpaapp,140,26646,1646,1343,1277,1491,19.1,140,328,41,449083
ABalpaapp:141,ABalpaapp,141,26023,1023,283,365,772,18.3,142,342,41,505279
ABalpaapp:142,ABalpaapp,142,26059,1059,484,442,974,19.1,150,339,41,478088
ABalpaapp:143,ABalpaapp,143,25326,326,122,308,-141,18.3,150,333,41,455774
ABalpaapp:144,ABalpaapp,144,25942,942,784,852,798,18.1,148,327,41,472060
ABalpaapp:145,ABalpaapp,145,25674,674,105,46,621,18.1,152,334,41,495421
ABalpap:63,ABalpap,63,23616,-1384,-479,-486,-1384,16.7,160,363,58,779916
ABalpap:64,ABalpap,64,23475,-1525,-1027,-1045,-1525,16.8,171,367,55,812666
ABalpap:65,ABalpap,65,23773,-1227,-77,-77,-1227,17.0,175,366,53,832167
ABalpap:66,ABalpap,66,23419,-1581,-510,-511,-1581,17.2,198,377,52,863997
ABalpap:67,ABalpap,67,24052,-948,32,10,-948,17.9,204,378,52,907605
ABalpap:68,ABalpap,68,23668,-1332,-531,-536,-1332,17.9,193,380,52,1060414
ABalpap:69,ABalpap,69,23931,-1069,-413,-419,-1069,17.1,190,374,52,1101297
ABalpap:70,ABalpap,70,24085,-915,-63,-63,-915,15.9,187,373,52,1158391
ABalpap:71,ABalpap,71,23480,-1520,-868,-868,-1520,15.3,180,377,52,1219037
ABalpap:72,ABalpap,72,23688,-1312,-503,-503,-1307,14.3,182,380,55,1405251
ABalpap:73,ABalpap,73,23765,-1235,-474,-474,-1232,14.1,181,383,57,1643802
ABalpap:74,ABalpap,74,24071,-929,-393,-393,-929,15.2,188,378,55,1443957
ABalpap:75,ABalpap,75,23583,-1417,-482,-479,-1413,15.6,194,375,56,1610412
ABalpap:76,ABalpap,76,23722,-1278,-301,-321,-1263,15.3,183,367,56,1634381
ABalpap:77,ABalpap,77,23310,-1690,-630,-630,-1684,16.4,176,368,56,1617957
ABalpap:78,ABalpap,78,23174,-1826,-1172,-1172,-1824,16.3,175,371,56,1689688
ABalpap:79,ABalpap,79,23344,-1656,-712,-722,-1646,16.1,179,370,56,1740437
ABalpap:80,ABalpap,80,23715,-1285,-639,-627,-1285,16.9,179,370,55,1211252
ABalpap:81,ABalpap,81,23597,-1403,-629,-629,-1396,16.4,180,369,57,1405037
ABalpap:82,ABalpap,82,23909,-1091,-239,-239,-1082,16.6,174,368,57,1412224
ABalpap:83,ABalpap,83,23454,-1546,-658,-658,-1541,17.1,174,369,54,1264707
ABalpap:84,ABalpap,84,23346,-1654,-644,-642,-1654,18.1,175,363,51,776715
ABalpapa:85,ABalpapa,85,24279,-721,169,170,-720,19.8,132,359,52,682798
ABalpapa:86,ABalpapa,86,23652,-1348,-620,-620,-1332,19.1,123,354,38,410133
ABalpapa:87,ABalpapa,87,23701,-1299,-378,-378,-1274,20.8,122,345,46,636962
ABalpapa:88,ABalpapa,88,24921,-79,925,931,-27,20.1,118,333,44,555879
ABalpapa:89,ABalpapa,89,23324,-1676,-749,-762,-1671,21.0,116,333,44,558169
ABalpapa:90,ABalpapa,90,23608,-1392,46,48,-1390,21.0,123,334,44,594650
ABalpapa:91,ABalpapa,91,23651,-1349,-479,-451,-1346,21.1,115,330,45,595305
ABalpapa:92,ABalpapa,92,24463,-537,-48,-57,-525,20.9,112,331,45,630856
ABalpapa:93,ABalpapa,93,23907,-1093,-331,-280,-1092,21.1,117,331,45,565170
ABalpapa:94,ABalpapa,94,24442,-558,510,541,-534,21.1,118,329,45,585834
ABalpapa:95,ABalpapa,95,23982,-1018,-84,-61,-1004,21.0,119,331,46,742668
ABalpapa:96,ABalpapa,96,24444,-556,89,78,-546,21.9,119,329,46,689273
ABalpapa:97,ABalpapa,97,24948,-52,843,837,-22,22.0,116,309,46,668100
ABalpapa:98,ABalpapa,98,23680,-1320,-580,-576,-1305,21.9,106,315,46,741833
ABalpapa:99,ABalpapa,99,23958,-1042,-355,-368,-997,21.1,97,308,48,891590
ABalpapa:100,ABalpapa,100,24088,-912,-365,-342,-918,21.1,90,292,48,720528
ABalpapa:101,ABalpapa,101,24656,-344,-192,-201,-349,21.0,89,301,46,664123
ABalpapa:102,ABalpapa,102,24159,-841,-555,-536,-832,20.9,94,302,46,669099
ABalpapa:103,ABalpapa,103,24519,-481,-224,-242,-455,20.1,93,303,50,906265
ABalpapa:104,ABalpapa,104,24793,-207,-247,-221,-193,20.1,85,305,46,784771
ABalpapa:105,ABalpapa,105,25010,10,45,35,47,21.0,88,307,46,810859
ABalpapa:106,ABalpapa,106,24563,-437,-491,-487,-376,20.9,89,301,46,797233
ABalpapa:107,ABalpapa,107,24034,-966,-756,-792,-959,21.1,90,293,46,734972
ABalpapa:108,ABalpapa,108,24623,-377,-224,-195,-366,21.0,90,294,46,792766
ABalpapa:109,ABalpapa,109,24822,-178,-86,-134,-152,21.0,88,286,46,785084
ABalpapa:110,ABalpapa,110,25189,189,435,431,163,21.0,83,275,46,805521
ABalpapa:111,ABalpapa,111,24993,-7,89,136,7,21.0,80,269,45,631362
ABalpapaa:112,ABalpapaa,112,25585,585,735,656,648,20.2,65,257,40,446457
ABalpapaa:113,ABalpapaa,113,24638,-362,-633,-620,-465,21.0,69,285,39,451790
ABalpapaa:114,ABalpapaa,114,24003,-997,-933,-937,-1010,20.0,66,285,40,475692
ABalpapaa:115,ABalpapaa,115,24083,-917,-1131,-1130,-911,19.9,69,303,39,453311
ABalpapaa:116,ABalpapaa,116,25326,326,343,343,319,20.1,69,299,39,433278
ABalpapaa:117,ABalpapaa,117,25904,904,1099,1088,892,19.3,69,307,40,475809
ABalpapaa:118,ABalpapaa,118,24570,-430,-113,-119,-432,20.1,80,320,39,463206
ABalpapaa:119,ABalpapaa,119,23918,-1082,-1549,-1548,-1118,21.9,92,321,37,374073
ABalpapaa:120,ABalpapaa,120,25605,605,541,531,563,21.1,92,325,39,338452
ABalpapaa:121,ABalpapaa,121,26055,1055,1198,1303,1033,20.9,97,330,37,320977
ABalpapaa:122,ABalpapaa,122,25038,38,-93,-12,24,21.0,101,333,37,340223
ABalpapaa:123,ABalpapaa,123,26610,1610,1717,1716,1603,21.0,100,330,39,366982
ABalpapaa:124,ABalpapaa,124,25709,709,1027,916,732,21.9,106,320,37,291439
ABalpapaa:125,ABalpapaa,125,26085,1085,1488,1460,1092,22.9,107,313,37,296835
ABalpapaa:126,ABalpapaa,126,25513,513,585,602,514,22.2,112,310,41,351498
ABalpapaa:127,ABalpapaa,127,25210,210,516,537,227,23.1,109,304,41,349877
ABalpapaa:128,ABalpapaa,128,25825,825,1025,951,800,23.0,114,303,41,363488
ABalpapaa:129,ABalpapaa,129,25228,228,291,316,216,22.0,112,309,41,367200
ABalpapaa:130,ABalpapaa,130,25987,987,944,953,832,22.0,125,310,41,355869
ABalpapaa:131,ABalpapaa,131,24054,-946,-736,-617,-1058,22.2,123,314,41,371336
ABalpapaa:132,ABalpapaa,132,25373,373,240,225,408,22.0,120,307,41,411825
ABalpapaa:133,ABalpapaa,133,25634,634,689,737,643,22.1,123,303,41,381291
ABalpapaa:134,ABalpapaa,134,26262,1262,1364,1378,1297,22.1,129,302,41,353540
ABalpapaa:135,ABalpapaa,135,25257,257,261,423,102,22.1,132,310,41,370000
ABalpapaa:136,ABalpapaa,136,25973,973,692,825,850,22.0,132,309,41,354301
ABalpapaa:137,ABalpapaa,137,25482,482,322,440,489,22.1,127,310,41,368258
ABalpapaa:138,ABalpapaa,138,25816,816,679,670,812,22.1,132,312,41,392747
ABalpapaa:139,ABalpapaa,139,25320,320,340,268,273,23.1,133,309,41,402352
ABalpapaa:140,ABalpapaa,140,25425,425,485,537,250,23.0,141,310,41,395782
ABalpapaa:141,ABalpapaa,141,25966,966,518,523,709,21.0,141,327,41,435636
ABalpapaa:142,ABalpapaa,142,26481,1481,596,611,1354,23.0,141,320,26,126769
ABalpapaa:143,ABalpapaa,143,25981,981,611,666,1016,21.0,147,326,39,377391
ABalpapaa:144,ABalpapaa,144,25169,169,22,108,-94,22.0,144,322,41,413724
ABalpapaa:145,ABalpapaa,145,25158,158,-240,-185,-19,22.1,141,336,41,422609
ABalpapap:112,ABalpapap,112,24662,-338,122,210,-378,22.0,109,280,44,459707
ABalpapap:113,ABalpapap,113,24555,-445,-247,-232,-437,22.9,120,294,41,355683
ABalpapap:114,ABalpapap,114,24424,-576,-268,-200,-542,23.0,119,288,40,365905
ABalpapap:115,ABalpapap,115,24946,-54,260,303,-47,23.2,126,286,41,360005
ABalpapap:116,ABalpapap,116,25084,84,382,424,41,23.1,131,304,41,375702
ABalpapap:117,ABalpapap,117,25437,437,265,303,458,22.1,131,313,42,433695
ABalpapap:118,ABalpapap,118,24505,-495,-99,-215,-402,22.1,147,332,41,360419
ABalpapap:119,ABalpapap,119,24917,-83,50,76,-101,22.2,152,327,41,373971
ABalpapap:120,ABalpapap,120,24472,-528,-546,-648,-519,23.1,155,323,41,288374
ABalpapap:121,ABalpapap,121,24847,-153,302,308,-141,23.0,149,328,39,294067
ABalpapap:122,ABalpapap,122,24285,-715,-553,-617,-692,22.2,156,331,39,288431
ABalpapap:123,ABalpapap,123,25251,251,732,793,306,22.2,156,329,41,298834
ABalpapap:124,ABalpapap,124,25090,90,622,716,100,22.1,161,326,41,314146
ABalpapap:125,ABalpapap,125,25338,338,531,511,335,22.2,163,324,41,307117
ABalpapap:126,ABalpapap,126,24952,-48,-434,-396,-46,23.0,166,321,41,313605
ABalpapap:127,ABalpapap,127,24975,-25,113,48,-35,22.2,169,311,41,280626
ABalpapap:128,ABalpapap,128,25877,877,1320,1360,824,23.0,171,312,41,309401
ABalpapap:129,ABalpapap,129,25305,305,270,291,289,23.0,167,316,41,305302
ABalpapap:130,ABalpapap,130,25176,176,-33,77,117,22.1,171,315,41,313080
ABalpapap:131,ABalpapap,131,25515,515,496,562,432,21.1,169,320,41,326892
ABalpapap:132,ABalpapap,132,25465,465,662,674,483,22.1,163,320,41,337088
ABalpapap:133,ABalpapap,133,24073,-927,-1076,-973,-953,22.1,167,315,39,299162
ABalpapap:134,ABalpapap,134,25437,437,-23,55,416,22.1,176,318,41,309249
ABalpapap:135,ABalpapap,135,25323,323,369,494,277,22.1,175,328,41,354421
ABalpapap:136,ABalpapap,136,25398,398,-284,-140,337,22.1,176,326,41,349811
ABalpapap:137,ABalpapap,137,26217,1217,694,595,1221,22.2,175,329,41,359967
ABalpapap:138,ABalpapap,138,25119,119,-364,-257,108,22.2,179,329,41,362906
ABalpapap:139,ABalpapap,139,24563,-437,-352,-411,-496,22.1,181,324,41,338508
ABalpapap:140,ABalpapap,140,25384,384,53,75,366,22.2,192,327,41,336701
ABalpapap:141,ABalpapap,141,25855,855,-214,-129,775,21.2,196,335,41,354726
ABalpapap:142,ABalpapap,142,25889,889,252,307,792,23.0,204,338,41,379442
ABalpapap:143,ABalpapap,143,27574,2574,1608,1678,2481,23.2,206,343,41,371732
ABalpapap:144,ABalpapap,144,25662,662,515,617,547,22.3,208,342,41,347119
ABalpapap:145,ABalpapap,145,24784,-216,-538,-495,-328,22.2,205,336,41,335770
ABalpapp:85,ABalpapp,85,24123,-877,203,218,-857,17.1,193,362,52,678883
ABalpapp:86,ABalpapp,86,23951,-1049,-175,-151,-1047,17.9,196,367,48,600282
ABalpapp:87,ABalpapp,87,24888,-112,1114,1108,-110,17.2,197,368,46,583167
ABalpapp:88,ABalpapp,88,23389,-1611,-746,-760,-1578,17.1,196,368,44,516645
ABalpapp:89,ABalpapp,89,24433,-567,589,568,-519,17.1,196,368,44,571380
ABalpapp:90,ABalpapp,90,23466,-1534,-820,-823,-1515,17.2,203,371,46,691620
ABalpapp:91,ABalpapp,91,24158,-842,64,78,-818,18.0,206,369,45,566875
ABalpapp:92,ABalpapp,92,24287,-713,155,147,-687,18.0,195,364,45,580844
ABalpapp:93,ABalpapp,93,24268,-732,409,408,-697,17.1,194,362,47,715341
ABalpapp:94,ABalpapp,94,23565,-1435,-287,-292,-1362,17.0,187,363,47,760085
ABalpapp:95,ABalpapp,95,23427,-1573,-869,-876,-1501,17.9,191,361,46,781114
ABalpapp:96,ABalpapp,96,23784,-1216,-518,-503,-1057,17.1,181,358,46,768624
ABalpapp:97,ABalpapp,97,24485,-515,501,502,-381,17.0,174,355,46,781215
ABalpapp:98,ABalpapp,98,24412,-588,63,92,-424,18.0,175,345,46,753569
ABalpapp:99,ABalpapp,99,23536,-1464,-769,-782,-1419,19.1,174,333,48,796880
ABalpapp:100,ABalpapp,100,24943,-57,401,349,-56,20.0,166,333,50,684719
ABalpapp:101,ABalpapp,101,25413,413,886,854,484,20.1,165,343,48,690609
ABalpapp:102,ABalpapp,102,24965,-35,263,305,-1,20.0,159,348,50,763917
ABalpapp:103,ABalpapp,103,23853,-1147,-763,-747,-1113,20.0,162,337,46,571300
ABalpapp:104,ABalpapp,104,24649,-351,84,38,-279,20.2,159,327,50,705255
ABalpapp:105,ABalpapp,105,24980,-20,546,522,17,21.2,166,321,50,767154
ABalpapp:106,ABalpapp,106,25125,125,217,199,130,21.3,161,324,50,738875
ABalpapp:107,ABalpapp,107,25343,343,745,732,353,21.3,159,310,48,715254
ABalpapp:108,ABalpapp,108,24965,-35,523,538,-35,22.0,158,303,46,619983
ABalpapp:109,ABalpapp,109,25080,80,288,282,80,22.1,155,303,46,601107
ABalpapp:110,ABalpapp,110,24574,-426,27,32,-426,22.0,147,293,46,586977
ABalpappa:111,ABalpappa,111,24249,-751,-186,-175,-748,20.1,131,294,37,298871
ABalpappa:112,ABalpappa,112,25458,458,1323,1403,485,20.2,138,292,31,203782
ABalpappa:113,ABalpappa,113,24999,-1,256,385,35,21.2,151,298,29,128569
ABalpappa:114,ABalpappa,114,24828,-172,368,354,-132,21.0,152,304,40,304647
ABalpappa:115,ABalpappa,115,24708,-292,213,328,-318,21.1,154,306,43,339492
ABalpappa:116,ABalpappa,116,25136,136,475,617,142,22.0,164,317,43,358244
ABalpappa:117,ABalpappa,117,24430,-570,-448,-420,-643,22.1,162,321,27,112914
ABalpappa:118,ABalpappa,118,24341,-659,-462,-590,-606,22.1,179,327,39,297957
ABalpappa:119,ABalpappa,119,24298,-702,-1141,-1208,-714,22.1,185,326,26,89009
ABalpappa:120,ABalpappa,120,24667,-333,-397,-473,-298,23.0,192,317,41,230399
ABalpappa:121,ABalpappa,121,25263,263,724,776,272,22.2,190,320,41,232681
ABalpappa:122,ABalpappa,122,24819,-181,-16,-51,-158,23.0,193,317,41,238900
ABalpappa:123,ABalpappa,123,24858,-142,155,158,-150,23.0,190,307,41,252175
ABalpappa:124,ABalpappa,124,24281,-719,-443,-474,-722,23.1,186,300,41,235069
ABalpappa:125,ABalpappa,125,24766,-234,-184,-83,-248,23.2,184,282,41,225715
ABalpappa:126,ABalpappa,126,25719,719,624,549,696,23.2,183,275,41,226598
ABalpappa:127,ABalpappa,127,26007,1007,645,673,1079,24.0,172,262,41,272731
ABalpappa:128,ABalpappa,128,25269,269,190,182,303,24.1,170,261,41,259582
ABalpappa:129,ABalpappa,129,24856,-144,-232,-222,-132,23.2,170,266,41,255861
ABalpappa:130,ABalpappa,130,24843,-157,-430,-376,-167,24.0,168,261,41,258393
ABalpappa:131,ABalpappa,131,25554,554,328,379,592,23.2,165,266,41,271818
ABalpappa:132,ABalpappa,132,25333,333,417,576,299,23.1,168,267,41,288239
ABalpappa:133,ABalpappa,133,26023,1023,1241,1228,993,23.1,169,264,41,285865
ABalpappa:134,ABalpappa,134,25443,443,156,98,422,23.1,165,263,41,283754
ABalpappa:135,ABalpappa,135,25995,995,1088,1229,969,23.1,169,273,41,290418
ABalpappa:136,ABalpappa,136,26110,1110,735,777,1075,23.2,170,272,41,281810
ABalpappa:137,ABalpappa,137,25406,406,-11,3,417,23.2,169,273,41,280005
ABalpappa:138,ABalpappa,138,25726,726,788,793,667,23.2,170,277,41,294120
ABalpappa:139,ABalpappa,139,25119,119,114,216,-34,22.2,174,272,41,335410
ABalpappa:140,ABalpappa,140,25172,172,-487,-575,146,22.1,184,275,41,319085
ABalpappa:141,ABalpappa,141,25749,749,204,301,677,21.2,179,284,41,305373
ABalpappa:142,ABalpappa,142,26606,1606,1678,1679,1568,22.0,179,281,37,297823
ABalpappa:143,ABalpappa,143,25388,388,509,507,375,22.1,189,284,37,274272
ABalpappaa:144,ABalpappaa,144,26275,1275,545,605,1270,20.2,171,280,26,95649
ABalpappaa:145,ABalpappaa,145,25710,710,674,768,655,23.0,155,291,37,249655
ABalpappap:144,ABalpappap,144,24762,-238,-834,-748,-472,22.1,207,278,39,199684
ABalpappap:145,ABalpappap,145,24772,-228,-406,-335,-544,22.0,213,273,41,229296
ABalpappp:111,ABalpappp,111,24499,-501,-328,-344,-490,22.0,179,303,45,327557
ABalpappp:112,ABalpappp,112,24217,-783,-508,-518,-801,22.0,202,293,44,313784
ABalpappp:113,ABalpappp,113,24597,-403,23,31,-421,22.0,208,298,44,313784
ABalpappp:114,ABalpappp,114,24316,-684,-211,-210,-703,22.0,214,303,44,313784
ABalpappp:115,ABalpappp,115,24999,-1,322,328,-6,22.0,221,309,43,260235
ABalpappp:116,ABalpappp,116,24743,-257,-102,-108,-252,22.0,221,313,41,243829
ABalpappp:117,ABalpappp,117,25075,75,257,257,74,22.0,224,314,42,263902
ABalpappp:118,ABalpappp,118,25157,157,159,162,123,22.1,234,301,41,250855
ABalpappp:119,ABalpappp,119,25757,757,406,381,748,23.0,240,291,41,245138
ABalpappp:120,ABalpappp,120,25777,777,57,23,776,22.1,237,279,41,206885
ABalpappp:121,ABalpappp,121,24696,-304,-917,-960,-304,22.1,237,285,41,209004
ABalpappp:122,ABalpappp,122,25903,903,1005,958,899,22.1,237,286,39,174831
ABalpappp:123,ABalpappp,123,24643,-357,-319,-297,-348,23.0,228,270,41,186019
ABalpappp:124,ABalpappp,124,24946,-54,-230,-204,-76,22.1,234,264,41,182735
ABalpappp:125,ABalpappp,125,24600,-400,-337,-350,-461,23.0,239,265,41,194395
ABalpappp:126,ABalpappp,126,25823,823,876,945,744,22.1,244,258,41,188877
ABalpappp:127,ABalpappp,127,25266,266,-233,-135,120,22.0,241,261,41,189297
ABalpappp:128,ABalpappp,128,25438,438,26,32,418,22.0,240,263,41,191295
ABalpappp:129,ABalpappp,129,25552,552,-266,-266,533,23.0,236,263,37,149086
ABalpappp:130,ABalpappp,130,25232,232,-164,-145,132,22.1,233,265,41,190409
ABalpappp:131,ABalpappp,131,25849,849,45,45,743,23.1,231,272,41,214997
ABalpappp:132,ABalpappp,132,25484,484,140,193,450,23.1,220,270,41,216080
ABalpappp:133,ABalpappp,133,24443,-557,-973,-950,-658,22.1,223,268,41,230030
ABalpappp:134,ABalpappp,134,25901,901,402,450,863,23.0,221,258,41,239921
ABalpappp:135,ABalpappp,135,26130,1130,563,598,1094,22.1,223,265,41,219478
ABalpappp:136,ABalpappp,136,26398,1398,667,680,1274,23.0,227,261,41,237500
ABalpappp:137,ABalpappp,137,25554,554,279,246,494,22.2,224,272,41,228411
ABalpappp:138,ABalpappp,138,25616,616,-106,-109,605,23.1,230,273,41,224874
ABalpappp:139,ABalpappp,139,26168,1168,328,341,1230,23.1,231,266,41,236610
ABalpappp:140,ABalpappp,140,26302,1302,460,469,1429,22.1,237,274,41,247760
ABalpappp:141,ABalpappp,141,26631,1631,754,775,1671,21.0,239,279,41,257016
ABalpappp:142,ABalpappp,142,27030,2030,-313,-192,3170,19.0,247,277,41,248736
ABalpappp:143,ABalpappp,143,26740,1740,86,90,1920,20.0,244,278,41,253611
ABalpappp:144,ABalpappp,144,27605,2605,1291,1269,2566,20.0,240,272,37,237089
ABalpapppa:145,ABalpapppa,145,26012,1012,150,83,1027,19.0,228,270,37,210575
ABalpapppp:145,ABalpapppp,145,28646,3646,1215,1233,5525,19.1,268,277,37,181591
ABalpp:44,ABalpp,44,23388,-1612,-248,-254,-1608,12.3,188,336,51,670543
ABalpp:45,ABalpp,45,23378,-1622,-657,-657,-1622,10.0,184,329,48,691066
ABalpp:46,ABalpp,46,23762,-1238,-173,-173,-1238,10.1,193,335,55,938376
ABalpp:47,ABalpp,47,23394,-1606,-546,-546,-1606,10.3,189,350,56,1107594
ABalpp:48,ABalpp,48,23862,-1138,-320,-320,-1138,9.4,209,359,57,1185314
ABalpp:49,ABalpp,49,23647,-1353,-317,-317,-1353,7.9,216,355,58,1295132
ABalpp:50,ABalpp,50,23412,-1588,-628,-630,-1588,7.7,211,351,59,1325771
ABalpp:51,ABalpp,51,23901,-1099,-330,-333,-1099,7.0,214,342,60,1499520
ABalpp:52,ABalpp,52,23165,-1835,-853,-853,-1835,6.8,212,332,60,1566915
ABalpp:53,ABalpp,53,23605,-1395,-236,-236,-1395,6.8,209,330,60,1268402
ABalpp:54,ABalpp,54,23302,-1698,-863,-863,-1698,7.0,220,319,60,1317713
ABalpp:55,ABalpp,55,23408,-1592,-613,-613,-1592,7.6,222,325,60,1294128
ABalpp:56,ABalpp,56,23391,-1609,-663,-663,-1609,7.6,224,338,60,1364641
ABalpp:57,ABalpp,57,23890,-1110,-54,-52,-1110,8.4,220,347,61,1510347
ABalpp:58,ABalpp,58,23616,-1384,-544,-555,-1384,8.0,226,351,61,1593451
ABalpp:59,ABalpp,59,23552,-1448,-434,-435,-1448,8.7,222,348,61,1596064
ABalpp:60,ABalpp,60,23174,-1826,-817,-817,-1826,8.8,220,351,61,1656683
ABalpp:61,ABalpp,61,23051,-1949,-848,-848,-1949,9.5,224,347,60,1601564
ABalpp:62,ABalpp,62,23736,-1264,-43,-43,-1264,8.9,218,338,59,1219919
ABalpp:63,ABalpp,63,23831,-1169,44,44,-1169,9.7,242,352,58,1067157
ABalppa:64,ABalppa,64,23475,-1525,-307,-307,-1525,7.1,215,343,35,326187
ABalppa:65,ABalppa,65,23607,-1393,-399,-399,-1393,7.1,212,352,45,623377
ABalppa:66,ABalppa,66,22922,-2078,-1223,-1223,-2078,7.3,199,354,52,1083024
ABalppa:67,ABalppa,67,23463,-1537,-728,-728,-1537,6.9,188,355,52,1164518
ABalppa:68,ABalppa,68,23436,-1564,-581,-581,-1564,7.3,180,356,52,1214832
ABalppa:69,ABalppa,69,23426,-1574,-560,-558,-1574,7.3,174,353,52,1249672
ABalppa:70,ABalppa,70,23642,-1358,-513,-514,-1358,7.1,176,353,52,1275265
ABalppa:71,ABalppa,71,24103,-897,-37,-35,-897,7.1,180,350,52,1323248
ABalppa:72,ABalppa,72,23639,-1361,-657,-681,-1361,6.8,185,348,53,1330301
ABalppa:73,ABalppa,73,24047,-953,7,-8,-953,7.0,185,347,53,1352991
ABalppa:74,ABalppa,74,23816,-1184,-123,-150,-1184,7.3,190,349,53,1352948
ABalppa:75,ABalppa,75,24136,-864,-13,-35,-864,8.3,189,345,54,1526136
ABalppa:76,ABalppa,76,23596,-1404,-223,-198,-1404,8.8,181,340,54,1546395
ABalppa:77,ABalppa,77,23451,-1549,-366,-393,-1549,8.9,177,341,54,1589363
ABalppa:78,ABalppa,78,24121,-879,-153,-154,-879,8.8,184,344,54,1601266
ABalppa:79,ABalppa,79,23909,-1091,-356,-373,-1091,8.7,195,352,54,1602476
ABalppa:80,ABalppa,80,23740,-1260,-508,-528,-1260,8.3,200,356,55,1422466
ABalppa:81,ABalppa,81,24069,-931,-39,-50,-931,8.8,203,368,55,1489312
ABalppa:82,ABalppa,82,23856,-1144,-153,-164,-1144,8.9,196,369,55,1513286
ABalppa:83,ABalppa,83,23756,-1244,-384,-384,-1244,9.2,197,372,54,1533016
ABalppa:84,ABalppa,84,23856,-1144,-268,-277,-1144,9.6,193,371,55,1528499
ABalppa:85,ABalppa,85,24159,-841,327,327,-841,10.1,182,350,42,577609
ABalppaa:86,ABalppaa,86,23776,-1224,242,221,-1156,8.1,168,355,36,416933
ABalppaa:87,ABalppaa,87,24259,-741,378,375,-730,8.1,153,354,38,482711
ABalppaa:88,ABalppaa,88,23977,-1023,-87,-91,-1018,7.3,149,356,40,560121
ABalppaa:89,ABalppaa,89,23550,-1450,-649,-655,-1448,7.1,157,359,44,721101
ABalppaa:90,ABalppaa,90,24038,-962,-58,-47,-951,7.1,159,357,44,754920
ABalppaa:91,ABalppaa,91,24017,-983,39,11,-950,7.8,147,346,45,740238
ABalppaa:92,ABalppaa,92,24324,-676,319,268,-657,7.9,136,340,45,769931
ABalppaa:93,ABalppaa,93,23773,-1227,-388,-429,-1214,7.9,130,340,45,776275
ABalppaa:94,ABalppaa,94,24377,-623,259,218,-654,8.8,122,334,45,757359
ABalppaa:95,ABalppaa,95,23914,-1086,-296,-166,-1143,9.1,124,338,46,916053
ABalppaa:96,ABalppaa,96,23605,-1395,-589,-375,-1516,9.1,115,333,46,916742
ABalppaa:97,ABalppaa,97,24069,-931,58,397,-1079,10.0,106,321,46,941666
ABalppaa:98,ABalppaa,98,24271,-729,-42,186,-844,9.9,109,321,46,959592
ABalppaa:99,ABalppaa,99,23518,-1482,-559,-465,-1586,11.1,111,320,46,920969
ABalppaa:100,ABalppaa,100,25276,276,768,805,255,11.8,100,304,46,802298
ABalppaa:101,ABalppaa,101,24494,-506,-190,-132,-538,11.0,112,312,46,827155
ABalppaa:102,ABalppaa,102,24800,-200,141,167,-227,12.0,121,322,46,811295
ABalppaa:103,ABalppaa,103,24133,-867,-453,-384,-896,11.8,121,329,46,840263
ABalppaa:104,ABalppaa,104,24727,-273,299,421,-444,11.9,116,333,46,864158
ABalppaa:105,ABalppaa,105,24355,-645,-411,-344,-758,13.0,121,339,46,845736
ABalppaa:106,ABalppaa,106,24621,-379,15,-59,-524,14.0,113,336,46,833951
ABalppaa:107,ABalppaa,107,25331,331,866,878,130,14.1,108,333,46,849903
ABalppaa:108,ABalppaa,108,25026,26,156,159,-117,14.8,108,336,46,829967
ABalppaa:109,ABalppaa,109,24919,-81,-184,-151,-411,14.1,107,339,46,850895
ABalppaa:110,ABalppaa,110,24806,-194,77,78,-458,14.9,103,341,46,862613
ABalppaa:111,ABalppaa,111,25464,464,515,503,175,15.9,99,353,45,744540
ABalppaa:112,ABalppaa,112,24830,-170,-160,-191,-295,16.9,104,352,44,741777
ABalppaa:113,ABalppaa,113,25438,438,564,554,427,17.2,118,360,45,719456
ABalppaa:114,ABalppaa,114,25027,27,191,174,-24,17.2,92,350,44,751818
ABalppaa:115,ABalppaa,115,25458,458,338,358,459,16.4,94,355,43,667438
ABalppaa:116,ABalppaa,116,25634,634,370,356,601,15.2,97,351,43,692158
ABalppaa:117,ABalppaa,117,24959,-41,-324,-329,-1097,14.1,105,347,42,672561
ABalppaa:118,ABalppaa,118,25728,728,513,607,497,14.2,111,336,39,486440
ABalppaaa:119,ABalppaaa,119,25347,347,642,693,278,16.0,92,321,37,396117
ABalppaaa:120,ABalppaaa,120,25553,553,731,760,464,15.0,92,319,37,358231
ABalppaaa:121,ABalppaaa,121,25486,486,978,1078,324,14.0,97,319,37,371469
ABalppaaa:122,ABalppaaa,122,25571,571,910,972,468,14.0,102,319,37,395315
ABalppaaa:123,ABalppaaa,123,24939,-61,352,375,-238,14.0,95,320,37,389533
ABalppaaa:124,ABalppaaa,124,25532,532,1238,1356,436,14.8,92,327,37,401715
ABalppaaa:125,ABalppaaa,125,25195,195,459,479,-414,14.1,93,323,37,400231
ABalppaaa:126,ABalppaaa,126,25758,758,1030,1056,671,14.9,96,316,37,396982
ABalppaaa:127,ABalppaaa,127,25214,214,857,860,153,15.0,95,313,37,370954
ABalppaaa:128,ABalppaaa,128,25129,129,521,659,82,15.8,101,312,37,372928
ABalppaaa:129,ABalppaaa,129,25277,277,350,404,185,14.9,95,320,37,387481
ABalppaaa:130,ABalppaaa,130,26377,1377,1774,1798,1204,15.2,93,321,37,399567
ABalppaaa:131,ABalppaaa,131,26361,1361,1603,1665,1084,15.3,96,329,39,416374
ABalppaaa:132,ABalppaaa,132,25557,557,626,629,128,15.1,96,330,37,414941
ABalppaaa:133,ABalppaaa,133,25346,346,402,351,-66,15.1,97,335,39,454564
ABalppaaa:134,ABalppaaa,134,26031,1031,955,945,620,15.1,100,335,39,460513
ABalppaaa:135,ABalppaaa,135,26396,1396,1275,1293,1191,14.3,115,340,39,464243
ABalppaaa:136,ABalppaaa,136,25464,464,189,73,423,14.9,112,334,37,434153
ABalppaaa:137,ABalppaaa,137,26436,1436,1710,1692,1177,14.5,114,343,39,466811
ABalppaaa:138,ABalppaaa,138,25615,615,472,577,416,15.0,118,350,39,473582
ABalppaaa:139,ABalppaaa,139,25882,882,824,866,805,15.8,116,352,37,433643
ABalppaaa:140,ABalppaaa,140,26530,1530,1263,1132,1345,15.3,124,348,39,452576
ABalppaaa:141,ABalppaaa,141,26475,1475,1573,1636,1328,14.3,117,348,39,477477
ABalppaaa:142,ABalppaaa,142,26184,1184,1300,1308,936,14.1,114,344,37,443224
ABalppaaa:143,ABalppaaa,143,25832,832,877,855,614,14.2,115,344,39,474471
ABalppaaa:144,ABalppaaa,144,26292,1292,1324,1215,1052,14.0,117,350,37,466864
ABalppaaa:145,ABalppaaa,145,26057,1057,1151,1191,902,13.5,122,352,39,513070
ABalppaap:119,ABalppaap,119,24977,-23,-144,-172,-161,16.0,129,355,37,389750
ABalppaap:120,ABalppaap,120,25696,696,819,775,445,17.1,124,358,37,337153
ABalppaap:121,ABalppaap,121,24982,-18,-102,-140,-46,16.9,120,368,37,360771
ABalppaap:122,ABalppaap,122,25219,219,314,312,183,16.9,124,367,37,361238
ABalppaap:123,ABalppaap,123,25148,148,473,470,102,17.9,121,366,37,342688
ABalppaap:124,ABalppaap,124,24607,-393,-46,-89,-448,17.8,124,365,37,350940
ABalppaap:125,ABalppaap,125,25926,926,1321,1370,911,17.9,124,355,37,340046
ABalppaap:126,ABalppaap,126,24121,-879,-323,-378,-972,18.0,130,350,37,333840
ABalppaap:127,ABalppaap,127,24896,-104,62,0,-227,18.0,129,347,37,349715
ABalppaap:128,ABalppaap,128,24713,-287,199,236,-457,17.9,129,349,37,355603
ABalppaap:129,ABalppaap,129,26856,1856,1753,2024,1397,16.2,126,349,39,393902
ABalppaap:130,ABalppaap,130,25768,768,501,595,550,17.0,125,349,37,406459
ABalppaap:131,ABalppaap,131,25633,633,562,728,429,16.1,123,357,37,393282
ABalppaap:132,ABalppaap,132,25661,661,590,674,402,16.2,120,354,37,400148
ABalppaap:133,ABalppaap,133,24766,-234,-457,-451,-292,16.3,118,352,39,427694
ABalppaap:134,ABalppaap,134,25243,243,-62,-8,88,17.0,126,354,39,440530
ABalppaap:135,ABalppaap,135,25680,680,642,998,400,16.1,127,360,26,159613
ABalppaap:136,ABalppaap,136,24867,-133,-71,-41,-230,16.1,130,361,37,423114
ABalppaap:137,ABalppaap,137,25188,188,-167,36,-34,15.4,133,370,39,440207
ABalppaap:138,ABalppaap,138,25525,525,98,213,333,14.6,147,377,39,511786
ABalppaap:139,ABalppaap,139,26040,1040,911,850,872,14.2,143,375,39,524595
ABalppaap:140,ABalppaap,140,25755,755,-26,186,510,14.1,144,378,39,528359
ABalppaap:141,ABalppaap,141,25435,435,292,548,368,14.0,144,379,39,525166
ABalppaap:142,ABalppaap,142,24901,-99,-537,-363,-445,14.3,146,375,41,556108
ABalppaap:143,ABalppaap,143,26370,1370,1415,1741,1041,14.2,149,372,39,513693
ABalppaap:144,ABalppaap,144,25973,973,426,782,665,14.3,153,376,41,554546
ABalppaap:145,ABalppaap,145,26427,1427,1023,1062,1096,14.1,158,376,41,585527
ABalppap:86,ABalppap,86,23703,-1297,248,207,-1220,9.0,204,355,32,307990
ABalppap:87,ABalppap,87,23298,-1702,-647,-652,-1696,9.1,209,367,36,427363
ABalppap:88,ABalppap,88,24124,-876,-20,-46,-849,10.1,210,368,42,635197
ABalppap:89,ABalppap,89,23642,-1358,-104,-101,-1342,10.9,218,369,44,719274
ABalppap:90,ABalppap,90,23088,-1912,-1300,-1263,-1890,10.1,229,363,44,726824
ABalppap:91,ABalppap,91,23982,-1018,-103,-120,-999,10.1,216,368,45,736890
ABalppap:92,ABalppap,92,23484,-1516,-296,-329,-1494,10.1,200,363,45,745939
ABalppap:93,ABalppap,93,23974,-1026,98,55,-1013,10.2,197,368,47,884339
ABalppap:94,ABalppap,94,23673,-1327,-656,-564,-1342,10.5,191,370,47,909476
ABalppap:95,ABalppap,95,23234,-1766,-786,-661,-1753,11.0,187,364,46,909414
ABalppap:96,ABalppap,96,24151,-849,116,93,-774,12.0,178,358,46,894748
ABalppap:97,ABalppap,97,23292,-1708,-907,-929,-1669,11.3,167,349,48,1000834
ABalppap:98,ABalppap,98,23640,-1360,-311,-363,-1330,13.0,166,356,46,911394
ABalppap:99,ABalppap,99,24286,-714,444,463,-643,14.1,157,346,48,1023517
ABalppap:100,ABalppap,100,24988,-12,454,469,-11,14.9,147,339,46,760493
ABalppap:101,ABalppap,101,24429,-571,-200,-213,-583,15.0,155,334,46,768765
ABalppap:102,ABalppap,102,24834,-166,131,110,-173,15.0,164,347,46,760962
ABalppap:103,ABalppap,103,24678,-322,16,-30,-279,15.1,167,345,46,762486
ABalppap:104,ABalppap,104,24491,-509,-83,-151,-494,15.2,167,336,46,729275
ABalppap:105,ABalppap,105,24502,-498,-139,-72,-494,16.4,172,342,48,781536
ABalppap:106,ABalppap,106,24898,-102,191,167,-126,16.4,166,343,48,755654
ABalppap:107,ABalppap,107,24608,-392,-171,-163,-386,16.1,158,340,50,934157
ABalppap:108,ABalppap,108,25104,104,645,718,106,16.1,162,344,48,850233
ABalppap:109,ABalppap,109,24733,-267,22,11,-266,16.9,164,350,46,768072
ABalppap:110,ABalppap,110,24982,-18,227,193,7,16.9,161,349,46,771366
ABalppap:111,ABalppap,111,24511,-489,-125,-130,-471,16.4,162,353,47,712344
ABalppap:112,ABalppap,112,25594,594,739,755,645,17.1,162,351,40,520540
ABalppap:113,ABalppap,113,25594,594,1049,1050,591,18.0,174,352,37,392873
ABalppapa:114,ABalppapa,114,23992,-1008,-415,-386,-1021,17.1,141,339,38,368699
ABalppapa:115,ABalppapa,115,25408,408,608,612,398,17.1,144,340,39,374167
ABalppapa:116,ABalppapa,116,24286,-714,-632,-597,-728,17.1,149,346,39,361429
ABalppapa:117,ABalppapa,117,25603,603,738,781,612,17.1,147,348,38,419872
ABalppapa:118,ABalppapa,118,24669,-331,155,137,-328,17.1,159,352,41,455068
ABalppapa:119,ABalppapa,119,25249,249,38,89,255,17.2,163,350,41,429375
ABalppapa:120,ABalppapa,120,25571,571,541,587,547,18.1,165,352,39,321107
ABalppapa:121,ABalppapa,121,25710,710,626,671,702,17.3,167,363,41,351325
ABalppapa:122,ABalppapa,122,25073,73,178,151,31,17.3,170,363,39,323143
ABalppapa:123,ABalppapa,123,24730,-270,-235,-191,-342,18.1,170,355,41,372359
ABalppapa:124,ABalppapa,124,25544,544,840,879,405,18.2,170,365,39,358917
ABalppapa:125,ABalppapa,125,25196,196,254,331,164,18.8,171,360,37,324719
ABalppapa:126,ABalppapa,126,24806,-194,-88,-135,-242,18.4,176,358,39,303656
ABalppapa:127,ABalppapa,127,25301,301,222,165,230,19.2,178,354,41,324133
ABalppapa:128,ABalppapa,128,25453,453,581,536,369,19.2,184,356,41,341786
ABalppapa:129,ABalppapa,129,25548,548,735,765,469,19.0,176,359,41,377513
ABalppapa:130,ABalppapa,130,25154,154,71,123,44,18.2,179,361,41,382499
ABalppapa:131,ABalppapa,131,25709,709,639,616,616,18.2,179,358,39,364017
ABalppapa:132,ABalppapa,132,25900,900,1112,1146,832,18.2,175,362,39,369606
ABalppapa:133,ABalppapa,133,25536,536,199,247,376,19.0,176,358,41,396230
ABalppapa:134,ABalppapa,134,25791,791,393,368,810,20.0,180,360,41,386940
ABalppapa:135,ABalppapa,135,25232,232,214,388,142,19.2,176,361,41,408784
ABalppapa:136,ABalppapa,136,26054,1054,424,474,882,20.0,177,364,41,441490
ABalppapa:137,ABalppapa,137,25024,24,-599,-483,-158,19.2,181,368,41,445450
ABalppapa:138,ABalppapa,138,25280,280,253,334,162,19.4,179,367,41,433711
ABalppapa:139,ABalppapa,139,26580,1580,1431,1523,1510,20.2,177,367,41,446074
ABalppapa:140,ABalppapa,140,25860,860,463,378,778,20.3,177,364,41,415776
ABalppapa:141,ABalppapa,141,26908,1908,882,916,1857,20.2,180,375,41,473222
ABalppapa:142,ABalppapa,142,27125,2125,1567,1644,1897,20.3,191,371,41,457177
ABalppapa:143,ABalppapa,143,26677,1677,1562,1646,1545,20.3,184,368,41,460581
ABalppapa:144,ABalppapa,144,26639,1639,1202,1262,1578,20.0,182,366,39,443533
ABalppapa:145,ABalppapa,145,26889,1889,2057,2084,1783,19.2,187,366,39,453592
ABalppapp:114,ABalppapp,114,24944,-56,385,391,-49,18.8,192,362,40,339754
ABalppapp:115,ABalppapp,115,24775,-225,413,361,-208,18.1,196,371,39,318851
ABalppapp:116,ABalppapp,116,24342,-658,-230,-181,-656,17.1,203,365,39,359312
ABalppapp:117,ABalppapp,117,25110,110,416,416,136,17.9,209,364,38,332649
ABalppapp:118,ABalppapp,118,24283,-717,-294,-313,-745,18.1,223,373,39,310452
ABalppapp:119,ABalppapp,119,24971,-29,357,454,-35,18.0,225,371,39,334191
ABalppapp:120,ABalppapp,120,24475,-525,-386,-407,-510,18.1,220,360,39,264487
ABalppapp:121,ABalppapp,121,25072,72,329,295,141,18.1,222,359,41,291900
ABalppapp:122,ABalppapp,122,25418,418,614,659,433,18.2,221,354,41,285130
ABalppapp:123,ABalppapp,123,25405,405,345,349,373,18.3,228,350,41,292762
ABalppapp:124,ABalppapp,124,24217,-783,-768,-765,-790,18.2,223,351,41,293217
ABalppapp:125,ABalppapp,125,24556,-444,-400,-320,-491,19.1,223,343,39,278645
ABalppapp:126,ABalppapp,126,24551,-449,-534,-655,-418,19.3,228,342,41,295838
ABalppapp:127,ABalppapp,127,25389,389,191,196,326,19.1,230,339,41,297909
ABalppapp:128,ABalppapp,128,25301,301,207,165,222,19.3,231,351,41,318577
ABalppapp:129,ABalppapp,129,25750,750,426,431,585,19.2,226,355,41,341715
ABalppapp:130,ABalppapp,130,25413,413,450,592,210,19.2,226,355,41,341715
ABalppapp:131,ABalppapp,131,25436,436,487,425,417,19.1,229,359,41,343237
ABalppapp:132,ABalppapp,132,25376,376,315,275,276,19.2,221,352,41,346172
ABalppapp:133,ABalppapp,133,26302,1302,917,959,1276,19.2,222,356,41,330939
ABalppapp:134,ABalppapp,134,25356,356,-38,10,290,19.2,229,360,41,355183
ABalppapp:135,ABalppapp,135,26193,1193,643,661,970,19.2,229,360,41,355183
ABalppapp:136,ABalppapp,136,26174,1174,513,519,1336,20.0,224,355,41,408357
ABalppapp:137,ABalppapp,137,26062,1062,762,847,536,19.1,226,355,41,428315
ABalppapp:138,ABalppapp,138,26870,1870,1473,1642,1458,19.1,230,359,41,433443
ABalppapp:139,ABalppapp,139,25223,223,-277,-281,-869,20.0,229,366,41,424314
ABalppapp:140,ABalppapp,140,26089,1089,722,691,1009,20.1,232,372,41,405632
ABalppapp:141,ABalppapp,141,26968,1968,712,989,1483,20.2,232,374,41,439471
ABalppapp:142,ABalppapp,142,25952,952,301,645,480,20.2,239,373,41,432299
ABalppapp:143,ABalppapp,143,25616,616,404,492,366,20.0,237,372,41,439462
ABalppapp:144,ABalppapp,144,26022,1022,366,699,639,20.0,239,367,41,432487
ABalppapp:145,ABalppapp,145,27338,2338,2284,2353,2055,19.2,245,362,41,382861
ABalppp:64,ABalppp,64,25290,290,1541,1541,290,11.1,266,379,39,403220
ABalppp:65,ABalppp,65,23581,-1419,-254,-259,-1418,10.8,273,377,53,895194
ABalppp:66,ABalppp,66,24198,-802,53,40,-802,10.1,274,381,52,1067096
ABalppp:67,ABalppp,67,22985,-2015,-858,-866,-2010,11.8,282,381,52,1082147
ABalppp:68,ABalppp,68,23042,-1958,-920,-920,-1958,12.0,269,384,52,1111219
ABalppp:69,ABalppp,69,23797,-1203,-178,-178,-1202,11.2,270,382,52,1204365
ABalppp:70,ABalppp,70,22717,-2283,-1449,-1477,-2277,10.3,271,381,52,1248465
ABalppp:71,ABalppp,71,23786,-1214,-389,-376,-1202,10.2,275,381,52,1313934
ABalppp:72,ABalppp,72,23632,-1368,-394,-420,-1364,10.0,276,381,53,1334666
ABalppp:73,ABalppp,73,23831,-1169,-306,-332,-1169,9.9,273,372,53,1354012
ABalppp:74,ABalppp,74,23441,-1559,-524,-484,-1550,9.4,271,364,55,1486627
ABalppp:75,ABalppp,75,23961,-1039,-163,-172,-1028,9.9,264,358,54,1544469
ABalppp:76,ABalppp,76,23093,-1907,-854,-964,-1836,10.2,271,344,54,1529053
ABalppp:77,ABalppp,77,24038,-962,202,209,-895,11.0,269,343,54,1524028
ABalppp:78,ABalppp,78,23446,-1554,-364,-410,-1489,10.8,265,343,54,1558957
ABalppp:79,ABalppp,79,23548,-1452,-700,-709,-1446,11.8,271,340,54,1501410
ABalppp:80,ABalppp,80,23644,-1356,-560,-607,-1324,11.7,270,344,55,1251062
ABalppp:81,ABalppp,81,23460,-1540,-801,-811,-1529,11.8,276,343,55,1248223
ABalppp:82,ABalppp,82,23592,-1408,-497,-512,-1396,12.8,272,341,55,1229692
ABalppp:83,ABalppp,83,23702,-1298,-264,-270,-1271,12.8,272,343,54,1234882
ABalppp:84,ABalppp,84,23636,-1364,-122,-134,-1352,13.2,269,338,53,1120640
ABalppp:85,ABalppp,85,23541,-1459,-299,-299,-1457,13.1,253,330,50,770094
ABalpppa:86,ABalpppa,86,23705,-1295,-295,-317,-1285,13.8,232,329,48,555467
ABalpppa:87,ABalpppa,87,23776,-1224,-115,-117,-1206,13.0,228,330,46,505560
ABalpppa:88,ABalpppa,88,23955,-1045,186,250,-1004,13.3,226,337,42,436122
ABalpppa:89,ABalpppa,89,23081,-1919,-827,-830,-1897,14.1,226,329,44,503626
ABalpppa:90,ABalpppa,90,23757,-1243,-5,-79,-1202,14.2,226,326,44,540819
ABalpppa:91,ABalpppa,91,23523,-1477,-337,-385,-1464,14.1,214,325,45,565047
ABalpppa:92,ABalpppa,92,23638,-1362,-267,-258,-1350,13.9,206,317,45,558349
ABalpppa:93,ABalpppa,93,24030,-970,358,363,-959,13.1,207,311,45,582069
ABalpppa:94,ABalpppa,94,23573,-1427,-282,-276,-1423,13.1,202,307,45,586002
ABalpppa:95,ABalpppa,95,23770,-1230,173,168,-1228,13.7,202,306,46,689889
ABalpppa:96,ABalpppa,96,23576,-1424,79,62,-1413,13.0,200,300,46,738588
ABalpppa:97,ABalpppa,97,24193,-807,187,194,-807,13.0,195,294,46,769948
ABalpppa:98,ABalpppa,98,23850,-1150,67,69,-1080,13.9,191,290,46,744862
ABalpppa:99,ABalpppa,99,24516,-484,536,519,-441,13.9,192,286,46,751828
ABalpppa:100,ABalpppa,100,25125,125,613,624,125,13.9,188,281,46,587867
ABalpppa:101,ABalpppa,101,24614,-386,82,83,-361,13.1,195,286,46,640658
ABalpppa:102,ABalpppa,102,24670,-330,357,364,-312,12.8,192,284,46,677747
ABalpppa:103,ABalpppa,103,25208,208,746,755,232,12.8,199,287,46,692040
ABalpppa:104,ABalpppa,104,24472,-528,-213,-198,-533,12.2,191,287,46,714608
ABalpppa:105,ABalpppa,105,24346,-654,-444,-454,-654,12.2,189,290,46,721920
ABalpppa:106,ABalpppa,106,24559,-441,52,51,-437,12.1,180,289,46,749426
ABalpppa:107,ABalpppa,107,25030,30,408,421,28,11.2,170,284,46,792225
ABalpppa:108,ABalpppa,108,24722,-278,-141,-113,-280,11.0,173,289,46,818839
ABalpppa:109,ABalpppa,109,24486,-514,-68,-65,-526,11.2,170,298,46,796700
ABalpppa:110,ABalpppa,110,24912,-88,106,111,-97,11.8,164,299,46,809176
ABalpppa:111,ABalpppa,111,24870,-130,133,166,-196,11.2,166,309,47,825170
ABalpppa:112,ABalpppa,112,24492,-508,-201,-171,-502,11.8,168,315,44,700559
ABalpppa:113,ABalpppa,113,24637,-363,-154,-152,-300,11.1,175,317,43,613494
ABalpppa:114,ABalpppa,114,24752,-248,118,157,-209,11.9,164,319,40,564772
ABalpppa:115,ABalpppa,115,24908,-92,500,500,-89,12.0,163,311,39,476298
ABalpppaa:116,ABalpppaa,116,24032,-968,-1060,-1071,-952,12.2,137,294,37,375051
ABalpppaa:117,ABalpppaa,117,23957,-1043,-1063,-1063,-1056,12.2,137,293,36,388283
ABalpppaa:118,ABalpppaa,118,24146,-854,-571,-542,-877,13.0,143,296,37,409708
ABalpppaa:119,ABalpppaa,119,24689,-311,48,44,-260,13.9,138,298,37,404785
ABalpppaa:120,ABalpppaa,120,24920,-80,28,90,-13,13.4,135,302,39,371092
ABalpppaa:121,ABalpppaa,121,25351,351,940,899,351,13.9,146,306,37,358227
ABalpppaa:122,ABalpppaa,122,25603,603,404,420,557,13.1,147,316,37,366464
ABalpppaa:123,ABalpppaa,123,25685,685,650,713,663,13.0,147,321,37,389120
ABalpppaa:124,ABalpppaa,124,26280,1280,1826,1805,1278,12.9,135,324,37,376255
ABalpppaa:125,ABalpppaa,125,25591,591,577,647,589,12.8,133,323,37,366855
ABalpppaa:126,ABalpppaa,126,26180,1180,1147,1223,1182,12.9,133,331,37,371820
ABalpppaa:127,ABalpppaa,127,25936,936,1306,1407,918,13.1,130,334,37,396352
ABalpppaa:128,ABalpppaa,128,26117,1117,1505,1478,1067,12.9,123,340,37,410846
ABalpppaa:129,ABalpppaa,129,26315,1315,916,1300,916,13.0,131,349,37,416777
ABalpppaa:130,ABalpppaa,130,25747,747,915,1082,547,12.8,123,346,37,429668
ABalpppaa:131,ABalpppaa,131,25857,857,926,912,640,12.0,123,344,37,425622
ABalpppaa:132,ABalpppaa,132,26777,1777,1964,2055,1590,11.3,123,342,39,465466
ABalpppaa:133,ABalpppaa,133,25286,286,295,357,209,11.9,125,346,37,444664
ABalpppaa:134,ABalpppaa,134,25815,815,774,814,766,12.0,134,343,37,423151
ABalpppaa:135,ABalpppaa,135,25389,389,695,672,352,11.1,147,345,37,433769
ABalpppaa:136,ABalpppaa,136,25731,731,777,982,676,11.1,144,344,37,443180
ABalpppaa:137,ABalpppaa,137,26401,1401,1235,1407,1316,10.9,145,351,37,455850
ABalpppaa:138,ABalpppaa,138,26400,1400,1256,1568,1306,10.9,144,353,37,458179
ABalpppaa:139,ABalpppaa,139,25896,896,1063,1232,785,11.0,148,351,37,451407
ABalpppaa:140,ABalpppaa,140,26645,1645,1561,1578,1552,10.9,152,348,37,426142
ABalpppaa:141,ABalpppaa,141,25894,894,871,926,844,10.2,154,345,39,483327
ABalpppaa:142,ABalpppaa,142,26290,1290,1497,1532,1292,11.0,153,359,37,463976
ABalpppaa:143,ABalpppaa,143,25987,987,882,1033,749,11.1,148,358,39,503862
ABalpppaa:144,ABalpppaa,144,25842,842,602,823,688,11.0,151,356,39,500893
ABalpppaa:145,ABalpppaa,145,26129,1129,658,690,966,10.9,156,356,37,450028
ABalpppap:116,ABalpppap,116,25432,432,939,906,426,10.2,179,320,35,302026
ABalpppap:117,ABalpppap,117,24926,-74,176,146,-76,10.1,183,319,36,383608
ABalpppap:118,ABalpppap,118,24198,-802,-217,-237,-809,10.2,184,320,37,424537
ABalpppap:119,ABalpppap,119,24716,-284,1,2,-315,10.8,189,332,37,412917
ABalpppap:120,ABalpppap,120,25001,1,715,783,10,10.1,184,338,39,434422
ABalpppap:121,ABalpppap,121,25123,123,493,499,88,10.0,186,339,39,426127
ABalpppap:122,ABalpppap,122,25523,523,578,480,520,10.4,189,341,39,388500
ABalpppap:123,ABalpppap,123,25336,336,535,684,226,11.0,186,348,41,472074
ABalpppap:124,ABalpppap,124,25659,659,626,799,581,11.2,184,355,39,450649
ABalpppap:125,ABalpppap,125,24913,-87,168,181,-230,11.1,181,354,39,457216
ABalpppap:126,ABalpppap,126,24844,-156,-262,-68,-233,11.2,180,357,39,425040
ABalpppap:127,ABalpppap,127,25485,485,690,793,443,12.1,176,361,41,455892
ABalpppap:128,ABalpppap,128,25870,870,861,999,784,12.1,181,359,41,456256
ABalpppap:129,ABalpppap,129,25372,372,401,505,283,11.2,180,359,41,472726
ABalpppap:130,ABalpppap,130,25781,781,1021,1161,617,11.2,177,361,41,469909
ABalpppap:131,ABalpppap,131,25649,649,676,720,557,11.2,178,359,39,456765
ABalpppap:132,ABalpppap,132,25721,721,1146,1250,673,11.2,181,361,39,447029
ABalpppap:133,ABalpppap,133,26302,1302,1417,1456,1183,11.4,176,362,39,397544
ABalpppap:134,ABalpppap,134,25240,240,40,146,225,11.4,176,363,39,400837
ABalpppap:135,ABalpppap,135,26294,1294,1156,1177,1194,11.4,186,377,39,435239
ABalpppap:136,ABalpppap,136,25741,741,777,868,604,11.4,181,377,39,419434
ABalpppap:137,ABalpppap,137,26826,1826,1879,1966,1762,11.4,180,376,39,447707
ABalpppap:138,ABalpppap,138,26219,1219,1094,1225,1129,11.2,181,375,41,520126
ABalpppap:139,ABalpppap,139,26571,1571,1327,1446,1494,11.4,181,379,39,461609
ABalpppap:140,ABalpppap,140,26571,1571,1147,1317,1449,11.4,178,381,39,450898
ABalpppap:141,ABalpppap,141,25414,414,537,559,368,11.3,182,384,41,518241
ABalpppap:142,ABalpppap,142,26560,1560,1063,1189,1482,11.5,179,389,41,483707
ABalpppap:143,ABalpppap,143,27225,2225,1644,1841,1965,12.0,183,386,41,562581
ABalpppap:144,ABalpppap,144,27565,2565,2072,2364,2384,11.2,181,388,39,481781
ABalpppap:145,ABalpppap,145,26924,1924,1644,1903,1860,11.1,184,393,41,548240
ABalpppp:86,ABalpppp,86,24434,-566,545,579,-542,13.3,279,332,48,537318
ABalpppp:87,ABalpppp,87,23603,-1397,-416,-416,-1397,13.1,293,331,36,308327
ABalpppp:88,ABalpppp,88,23610,-1390,-176,-167,-1386,13.0,295,334,44,492410
ABalpppp:89,ABalpppp,89,23802,-1198,-424,-370,-1201,13.1,300,334,44,569017
ABalpppp:90,ABalpppp,90,24453,-547,-165,-122,-546,13.0,304,336,44,571373
ABalpppp:91,ABalpppp,91,25161,161,677,826,164,12.0,301,339,45,631642
ABalpppp:92,ABalpppp,92,24332,-668,199,296,-627,12.1,291,344,45,653740
ABalpppp:93,ABalpppp,93,23371,-1629,-1104,-1093,-1609,12.0,294,346,45,666318
ABalpppp:94,ABalpppp,94,24544,-456,721,691,-449,12.9,287,348,45,651065
ABalpppp:95,ABalpppp,95,23684,-1316,-372,-358,-1312,12.1,284,349,46,822923
ABalpppp:96,ABalpppp,96,25199,199,987,1011,209,11.9,276,353,46,842262
ABalpppp:97,ABalpppp,97,23771,-1229,-495,-513,-1216,12.0,258,356,46,852034
ABalpppp:98,ABalpppp,98,23879,-1121,-325,-313,-1098,13.2,257,357,46,818146
ABalpppp:99,ABalpppp,99,23627,-1373,-379,-331,-1356,13.2,245,350,46,813602
ABalpppp:100,ABalpppp,100,25015,15,255,278,49,14.0,232,348,46,668308
ABalpppp:101,ABalpppp,101,24754,-246,-227,-191,-233,14.1,242,356,46,722883
ABalpppp:102,ABalpppp,102,25222,222,382,381,230,14.2,247,355,46,682031
ABalpppp:103,ABalpppp,103,24640,-360,-88,-67,-355,14.3,250,349,46,702538
ABalpppp:104,ABalpppp,104,23779,-1221,-978,-984,-1214,14.1,247,340,46,743609
ABalpppp:105,ABalpppp,105,24316,-684,-392,-417,-678,13.8,242,338,46,724028
ABalpppp:106,ABalpppp,106,24198,-802,-614,-626,-797,12.9,233,335,46,753997
ABalpppp:107,ABalpppp,107,24850,-150,24,11,-147,11.9,226,331,46,781810
ABalpppp:108,ABalpppp,108,24741,-259,-122,-179,-252,10.5,230,334,48,930366
ABalpppp:109,ABalpppp,109,24757,-243,-81,-64,-251,10.8,233,340,46,880880
ABalpppp:110,ABalpppp,110,24639,-361,-134,-168,-312,10.2,234,339,46,868210
ABalpppp:111,ABalpppp,111,24808,-192,68,5,-183,10.9,237,347,45,739956
ABalpppp:112,ABalpppp,112,25518,518,818,824,466,11.0,236,339,42,577404
ABalpppp:113,ABalpppp,113,25293,293,850,857,299,12.0,251,337,41,558112
ABalppppa:114,ABalppppa,114,25309,309,786,745,293,12.0,218,346,34,314823
ABalppppa:115,ABalppppa,115,25393,393,1205,1202,432,11.2,213,343,37,341177
ABalppppa:116,ABalppppa,116,25291,291,457,509,236,11.2,217,351,39,399436
ABalppppa:117,ABalppppa,117,24295,-705,-129,-154,-695,11.8,219,340,38,415782
ABalppppa:118,ABalppppa,118,25046,46,622,556,40,11.2,226,347,37,374026
ABalppppa:119,ABalppppa,119,25558,558,836,831,504,11.2,229,351,39,453169
ABalppppa:120,ABalppppa,120,25275,275,895,992,229,11.0,226,341,37,373870
ABalppppa:121,ABalppppa,121,23834,-1166,-738,-668,-1145,10.8,227,342,37,373073
ABalppppa:122,ABalppppa,122,25578,578,757,838,590,10.1,231,339,37,387326
ABalppppa:123,ABalppppa,123,25729,729,801,864,706,10.4,231,342,39,395858
ABalppppa:124,ABalppppa,124,24901,-99,117,209,-137,10.4,226,345,39,391466
ABalppppa:125,ABalppppa,125,25546,546,824,784,517,11.0,220,351,37,389421
ABalppppa:126,ABalppppa,126,25837,837,1220,1283,842,11.1,220,354,39,430357
ABalppppa:127,ABalppppa,127,25176,176,406,420,130,11.1,218,354,39,458442
ABalppppa:128,ABalppppa,128,25462,462,397,555,387,10.5,221,356,39,462994
ABalppppa:129,ABalppppa,129,26251,1251,1171,1150,1192,10.5,221,362,39,441620
ABalppppa:130,ABalppppa,130,26910,1910,2284,2209,1942,10.3,223,360,39,444134
ABalppppa:131,ABalppppa,131,25515,515,875,949,239,10.2,220,365,39,469594
ABalppppa:132,ABalppppa,132,25617,617,697,869,337,10.1,221,362,39,484489
ABalppppa:133,ABalppppa,133,27539,2539,2635,2762,2442,9.3,219,362,39,436427
ABalppppa:134,ABalppppa,134,25378,378,529,579,203,10.1,214,361,41,529488
ABalppppa:135,ABalppppa,135,26115,1115,1174,1439,899,10.1,222,367,39,494368
ABalppppa:136,ABalppppa,136,26288,1288,1228,1225,1189,10.3,224,370,39,468839
ABalppppa:137,ABalppppa,137,25547,547,632,620,370,10.0,218,366,39,511790
ABalppppa:138,ABalppppa,138,25969,969,907,855,962,9.4,217,361,39,475502
ABalppppa:139,ABalppppa,139,25636,636,593,726,392,9.4,211,357,39,460058
ABalppppa:140,ABalppppa,140,26565,1565,1444,1587,1286,10.2,212,365,39,499982
ABalppppa:141,ABalppppa,141,25976,976,946,899,817,10.0,215,362,41,569198
ABalppppa:142,ABalppppa,142,26647,1647,1511,1723,1505,10.1,213,370,39,513474
ABalppppa:143,ABalppppa,143,27283,2283,1855,1971,2114,10.0,208,368,41,587303
ABalppppa:144,ABalppppa,144,27442,2442,1726,1870,2192,10.1,209,366,39,522798
ABalppppa:145,ABalppppa,145,26176,1176,792,1012,744,9.4,211,359,39,459913
ABalppppp:114,ABalppppp,114,24819,-181,-148,-148,-179,11.1,272,353,34,318105
ABalppppp:115,ABalppppp,115,24747,-253,61,47,-201,11.1,269,344,37,397337
ABalppppp:116,ABalppppp,116,25289,289,693,699,281,10.8,270,342,39,448856
ABalppppp:117,ABalppppp,117,26039,1039,1094,1046,1199,10.1,273,348,38,470465
ABalppppp:118,ABalppppp,118,25166,166,599,592,181,10.0,281,350,39,486603
ABalppppp:119,ABalppppp,119,24645,-355,-399,-432,-344,9.2,281,350,41,541913
ABalppppp:120,ABalppppp,120,24865,-135,-247,-242,-196,8.6,278,352,39,450181
ABalppppp:121,ABalppppp,121,24941,-59,30,111,-79,8.5,281,348,39,397548
ABalppppp:122,ABalppppp,122,25132,132,-162,-105,114,9.1,289,354,41,499854
ABalppppp:123,ABalppppp,123,25979,979,1176,1130,936,9.3,289,354,39,432789
ABalppppp:124,ABalppppp,124,24626,-374,-173,-220,-447,9.4,288,360,39,410720
ABalppppp:125,ABalppppp,125,25266,266,361,361,213,9.2,284,357,41,471806
ABalppppp:126,ABalppppp,126,25809,809,751,724,812,9.4,286,360,39,410171
ABalppppp:127,ABalppppp,127,24459,-541,-606,-649,-524,9.3,285,359,41,475940
ABalppppp:128,ABalppppp,128,24996,-4,-176,-80,-248,9.5,287,370,41,520147
ABalppppp:129,ABalppppp,129,25636,636,803,893,438,10.0,289,368,41,510855
ABalppppp:130,ABalppppp,130,27209,2209,2174,2219,2087,10.1,289,369,41,497023
ABalppppp:131,ABalppppp,131,26136,1136,1023,1054,639,10.1,288,375,41,514770
ABalppppp:132,ABalppppp,132,25982,982,1109,1198,693,10.1,282,378,41,526804
ABalppppp:133,ABalppppp,133,25453,453,185,364,301,10.1,279,382,41,522278
ABalppppp:134,ABalppppp,134,26604,1604,1247,1421,1340,10.2,276,382,41,537568
ABalppppp:135,ABalppppp,135,25418,418,412,404,271,10.3,289,382,41,496792
ABalppppp:136,ABalppppp,136,26440,1440,1085,1131,1387,10.3,288,383,41,532026
ABalppppp:137,ABalppppp,137,26191,1191,1215,1084,1023,10.2,283,379,41,551427
ABalppppp:138,ABalppppp,138,27122,2122,1912,1922,2006,10.0,286,379,41,568095
ABalppppp:139,ABalppppp,139,25411,411,94,278,151,9.3,278,376,41,502859
ABalppppp:140,ABalppppp,140,25556,556,93,69,444,10.0,273,376,41,557926
ABalppppp:141,ABalppppp,141,26848,1848,1431,1430,1745,10.1,273,373,41,525728
ABalppppp:142,ABalppppp,142,26318,1318,1220,1121,1229,9.4,272,377,39,466718
ABalppppp:143,ABalppppp,143,27054,2054,1707,1843,1523,9.3,263,379,39,495110
ABalppppp:144,ABalppppp,144,27987,2987,2567,2565,2880,9.9,266,388,37,387028
ABalpppppa:145,ABalpppppa,145,26889,1889,1387,1618,1692,8.5,252,382,35,261963
ABalpppppp:145,ABalpppppp,145,27057,2057,1088,1124,1869,9.2,287,385,31,227852
ABar:17,ABar,17,23517,-1483,-284,-284,-1483,17.1,175,205,57,717485
ABar:18,ABar,18,23639,-1361,-192,-191,-1361,18.3,191,211,72,1402792
ABar:19,ABar,19,23308,-1692,-653,-653,-1692,19.6,202,193,71,1816371
ABar:20,ABar,20,23707,-1293,-59,-59,-1293,21.6,203,172,69,1802307
ABar:21,ABar,21,23697,-1303,-96,-96,-1303,21.5,204,162,72,2120156
ABar:22,ABar,22,23282,-1718,-538,-538,-1718,20.5,221,148,74,2314160
ABar:23,ABar,23,23367,-1633,-514,-514,-1633,20.0,246,132,74,2461839
ABar:24,ABar,24,23316,-1684,-719,-719,-1684,19.6,247,116,78,3071785
ABar:25,ABar,25,23486,-1514,-468,-468,-1514,15.7,240,104,77,3264384
ABar:26,ABar,26,23045,-1955,-962,-962,-1955,13.1,232,108,76,3389017
ABar:27,ABar,27,23382,-1618,-470,-470,-1618,12.0,248,123,77,2896083
ABar:28,ABar,28,23058,-1942,-722,-722,-1942,12.5,263,146,71,1842053
ABara:29,ABara,29,23144,-1856,-742,-790,-1792,14.5,249,143,54,885649
ABara:30,ABara,30,23395,-1605,-383,-388,-1603,16.7,256,154,62,1004006
ABara:31,ABara,31,23738,-1262,-60,-60,-1262,17.7,254,141,61,1066025
ABara:32,ABara,32,24148,-852,541,541,-852,17.8,245,140,62,1251351
ABara:33,ABara,33,24148,-852,301,301,-852,18.3,235,151,65,1229092
ABara:34,ABara,34,23476,-1524,-361,-361,-1524,19.2,228,166,69,1315626
ABara:35,ABara,35,23695,-1305,-134,-134,-1305,21.1,225,171,71,1286085
ABara:36,ABara,36,23672,-1328,-135,-135,-1328,21.1,216,174,69,1163752
ABara:37,ABara,37,24039,-961,268,268,-961,21.2,204,177,69,1155608
ABara:38,ABara,38,23726,-1274,-26,-26,-1274,21.1,204,181,70,1280925
ABara:39,ABara,39,23485,-1515,-411,-411,-1515,22.1,218,179,71,1235101
ABara:40,ABara,40,23275,-1725,-448,-448,-1725,21.3,239,164,73,1373918
ABara:41,ABara,41,23386,-1614,-589,-589,-1614,21.1,245,154,73,1536811
ABara:42,ABara,42,24119,-881,427,427,-881,21.1,249,156,52,627124
ABara:43,ABara,43,23571,-1429,-361,-361,-1429,20.9,253,170,62,955600
ABaraa:44,ABaraa,44,24796,-204,966,966,-204,22.0,213,172,43,291145
ABaraa:45,ABaraa,45,23988,-1012,-82,-65,-1012,21.9,211,178,56,616442
ABaraa:46,ABaraa,46,23703,-1297,-169,-171,-1297,23.0,209,169,57,663429
ABaraa:47,ABaraa,47,24252,-748,410,410,-748,23.0,203,171,56,647933
ABaraa:48,ABaraa,48,23363,-1637,-320,-320,-1637,22.1,206,190,59,721254
ABaraa:49,ABaraa,49,23619,-1381,-138,-138,-1381,22.9,194,198,58,727933
ABaraa:50,ABaraa,50,23786,-1214,-63,-63,-1214,22.8,187,198,59,791597
ABaraa:51,ABaraa,51,23525,-1475,-382,-382,-1475,21.9,180,203,60,996583
ABaraa:52,ABaraa,52,23289,-1711,-605,-605,-1711,22.0,180,203,60,991670
ABaraa:53,ABaraa,53,23837,-1163,2,2,-1163,22.0,175,197,60,824374
ABaraa:54,ABaraa,54,23437,-1563,-504,-504,-1563,21.1,162,201,62,918785
ABaraa:55,ABaraa,55,23350,-1650,-388,-388,-1650,22.0,162,191,62,979956
ABaraa:56,ABaraa,56,23436,-1564,-646,-646,-1564,21.2,175,194,62,948888
ABaraa:57,ABaraa,57,24000,-1000,356,356,-1000,22.9,173,184,61,911312
ABaraa:58,ABaraa,58,23742,-1258,104,104,-1258,22.0,173,180,61,995191
ABaraa:59,ABaraa,59,23189,-1811,-797,-797,-1811,21.9,171,190,61,1006654
ABaraa:60,ABaraa,60,23737,-1263,-136,-136,-1263,21.0,172,180,63,1153697
ABaraa:61,ABaraa,61,23736,-1264,-274,-274,-1264,20.8,169,180,60,976980
ABaraa:62,ABaraa,62,23637,-1363,36,36,-1363,19.9,179,187,59,987389
ABaraaa:63,ABaraaa,63,23867,-1133,175,145,-1133,19.6,149,168,58,800192
ABaraaa:64,ABaraaa,64,23154,-1846,-605,-603,-1846,18.4,137,169,53,678928
ABaraaa:65,ABaraaa,65,23953,-1047,196,206,-1047,19.0,133,166,53,831260
ABaraaa:66,ABaraaa,66,23583,-1417,-370,-381,-1417,19.2,128,166,52,889739
ABaraaa:67,ABaraaa,67,23769,-1231,-63,-63,-1231,19.2,121,177,52,942066
ABaraaa:68,ABaraaa,68,23596,-1404,-500,-500,-1404,18.9,119,169,52,1064207
ABaraaa:69,ABaraaa,69,24267,-733,169,169,-733,19.1,107,165,52,1181783
ABaraaa:70,ABaraaa,70,23067,-1933,-1022,-1022,-1933,19.9,106,171,52,1146318
ABaraaa:71,ABaraaa,71,23271,-1729,-697,-697,-1726,19.4,109,166,54,1299180
ABaraaa:72,ABaraaa,72,23398,-1602,-784,-784,-1601,19.9,118,164,53,1219451
ABaraaa:73,ABaraaa,73,23439,-1561,-606,-596,-1549,19.3,111,177,55,1355934
ABaraaa:74,ABaraaa,74,23308,-1692,-845,-835,-1682,19.1,111,173,57,1579987
ABaraaa:75,ABaraaa,75,23724,-1276,-242,-245,-1276,20.1,121,178,56,1507857
ABaraaa:76,ABaraaa,76,24023,-977,-62,-61,-975,19.9,118,171,54,1484671
ABaraaa:77,ABaraaa,77,23562,-1438,-650,-652,-1438,19.4,118,161,56,1660327
ABaraaa:78,ABaraaa,78,23962,-1038,-126,-126,-1037,20.1,125,166,56,1639472
ABaraaa:79,ABaraaa,79,24258,-742,260,256,-742,20.2,121,169,58,1798998
ABaraaa:80,ABaraaa,80,23736,-1264,-335,-338,-1264,20.2,114,177,55,1256880
ABaraaa:81,ABaraaa,81,23317,-1683,-860,-865,-1683,20.0,114,171,55,1285336
ABaraaa:82,ABaraaa,82,23772,-1228,-209,-214,-1228,20.1,125,172,55,1210938
ABaraaa:83,ABaraaa,83,23759,-1241,-51,-42,-1241,20.8,127,175,54,1196529
ABaraaa:84,ABaraaa,84,23642,-1358,-204,-204,-1358,22.0,124,169,53,913305
ABaraaa:85,ABaraaa,85,23645,-1355,-268,-263,-1355,21.1,126,165,56,932965
ABaraaaa:86,ABaraaaa,86,24287,-713,215,193,-707,23.0,104,189,48,595244
ABaraaaa:87,ABaraaaa,87,23498,-1502,-490,-491,-1495,22.1,101,191,46,563328
ABaraaaa:88,ABaraaaa,88,23719,-1281,15,8,-1280,20.9,93,186,44,551290
ABaraaaa:89,ABaraaaa,89,23465,-1535,-419,-419,-1535,21.0,81,191,44,548586
ABaraaaa:90,ABaraaaa,90,23888,-1112,-166,-166,-1112,20.9,84,183,44,587498
ABaraaaa:91,ABaraaaa,91,23765,-1235,-16,-16,-1235,20.9,81,183,45,616963
ABaraaaa:92,ABaraaaa,92,24034,-966,-84,-84,-965,21.0,81,184,45,614642
ABaraaaa:93,ABaraaaa,93,23654,-1346,-629,-599,-1345,21.0,87,184,45,635196
ABaraaaa:94,ABaraaaa,94,23436,-1564,-514,-518,-1564,20.1,92,172,45,641536
ABaraaaa:95,ABaraaaa,95,22942,-2058,-1126,-1156,-2056,21.9,104,171,46,682021
ABaraaaa:96,ABaraaaa,96,24424,-576,120,109,-572,21.0,106,163,46,739274
ABaraaaa:97,ABaraaaa,97,23960,-1040,-347,-360,-1037,20.9,113,153,46,756941
ABaraaaa:98,ABaraaaa,98,24527,-473,332,315,-468,19.0,108,152,46,798938
ABaraaaa:99,ABaraaaa,99,24583,-417,674,673,-409,17.9,114,141,46,800941
ABaraaaa:100,ABaraaaa,100,24127,-873,-438,-385,-876,17.1,119,141,46,697343
ABaraaaa:101,ABaraaaa,101,24401,-599,-348,-469,-591,19.0,118,152,46,682964
ABaraaaa:102,ABaraaaa,102,23971,-1029,-740,-748,-995,19.0,111,168,46,719675
ABaraaaa:103,ABaraaaa,103,24603,-397,-114,-139,-372,19.8,99,177,46,739936
ABaraaaa:104,ABaraaaa,104,25034,34,133,94,59,20.0,93,184,46,788046
ABaraaaa:105,ABaraaaa,105,26037,1037,1311,1300,1058,20.0,99,185,46,807966
ABaraaaa:106,ABaraaaa,106,23746,-1254,-1047,-1069,-1235,19.1,90,182,46,819994
ABaraaaa:107,ABaraaaa,107,24613,-387,194,201,-346,19.1,97,181,46,804366
ABaraaaa:108,ABaraaaa,108,25210,210,542,557,218,18.2,90,189,48,946694
ABaraaaa:109,ABaraaaa,109,25176,176,393,430,184,18.1,86,183,46,862489
ABaraaaa:110,ABaraaaa,110,24718,-282,11,91,-271,18.0,80,183,46,884124
ABaraaaa:111,ABaraaaa,111,25092,92,228,198,106,17.1,82,192,45,762951
ABaraaaa:112,ABaraaaa,112,24945,-55,228,166,-52,17.9,95,185,44,734766
ABaraaaa:113,ABaraaaa,113,24495,-505,-292,-224,-502,18.1,89,198,45,733696
ABaraaaa:114,ABaraaaa,114,25386,386,629,591,394,18.2,90,189,44,735264
ABaraaaa:115,ABaraaaa,115,25190,190,553,517,236,18.2,100,198,43,665936
ABaraaaa:116,ABaraaaa,116,25085,85,170,169,93,19.2,110,200,43,650466
ABaraaaa:117,ABaraaaa,117,25086,86,440,365,93,19.0,106,202,38,517901
ABaraaaa:118,ABaraaaa,118,25339,339,645,718,329,20.0,111,200,37,458060
ABaraaaa:119,ABaraaaa,119,25132,132,408,509,56,19.1,106,197,39,516708
ABaraaaaa:120,ABaraaaaa,120,24965,-35,68,78,-9,19.8,84,201,37,369584
ABaraaaaa:121,ABaraaaaa,121,25466,466,504,481,530,19.1,89,207,26,132723
ABaraaaaa:122,ABaraaaaa,122,25578,578,735,643,778,19.2,91,211,41,419082
ABaraaaaa:123,ABaraaaaa,123,25374,374,694,845,432,19.0,89,209,41,443616
ABaraaaaa:124,ABaraaaaa,124,24799,-201,-183,-22,-259,20.0,85,203,41,461517
ABaraaaaa:125,ABaraaaaa,125,25042,42,83,63,58,20.2,76,198,39,437670
ABaraaaaa:126,ABaraaaaa,126,25284,284,810,715,358,20.2,84,194,41,479543
ABaraaaaa:127,ABaraaaaa,127,24582,-418,-687,-712,-474,19.1,83,191,41,515484
ABaraaaaa:128,ABaraaaaa,128,24535,-465,-476,-535,-386,19.1,76,195,41,536602
ABaraaaaa:129,ABaraaaaa,129,25745,745,716,787,772,18.2,76,191,39,497182
ABaraaaaa:130,ABaraaaaa,130,26044,1044,939,1063,1020,18.1,78,197,39,490612
ABaraaaaa:131,ABaraaaaa,131,25965,965,826,821,929,18.2,71,210,41,530796
ABaraaaaa:132,ABaraaaaa,132,25013,13,44,97,-12,17.3,75,205,41,520866
ABaraaaaa:133,ABaraaaaa,133,24889,-111,-89,-115,-145,17.3,75,207,41,528944
ABaraaaaa:134,ABaraaaaa,134,25559,559,396,441,513,18.0,75,206,41,560840
ABaraaaaa:135,ABaraaaaa,135,26034,1034,906,940,977,18.2,77,216,41,542456
ABaraaaaa:136,ABaraaaaa,136,25134,134,-339,-357,50,18.0,81,212,41,560020
ABaraaaaa:137,ABaraaaaa,137,25218,218,308,306,151,18.1,79,213,41,563552
ABaraaaaa:138,ABaraaaaa,138,25706,706,402,465,629,18.1,78,215,41,560048
ABaraaaaa:139,ABaraaaaa,139,25696,696,594,768,635,18.2,81,211,41,551589
ABaraaaaa:140,ABaraaaaa,140,26571,1571,1193,1143,1592,18.3,80,211,39,484185
ABaraaaaa:141,ABaraaaaa,141,25034,34,153,235,-21,18.4,86,215,41,508637
ABaraaaaa:142,ABaraaaaa,142,26520,1520,1346,1523,1463,18.4,88,216,41,487975
ABaraaaaa:143,ABaraaaaa,143,25849,849,1016,1034,745,19.3,76,221,41,557221
ABaraaaaa:144,ABaraaaaa,144,26324,1324,894,933,1156,19.2,75,220,41,583668
ABaraaaaa:145,ABaraaaaa,145,25523,523,355,325,485,18.3,76,213,41,552137
ABaraaaap:120,ABaraaaap,120,24731,-269,-243,-184,-231,20.1,138,189,37,290352
ABaraaaap:121,ABaraaaap,121,24342,-658,-458,-438,-692,21.9,144,193,37,270385
ABaraaaap:122,ABaraaaap,122,24878,-122,150,53,-24,21.1,148,199,37,274056
ABaraaaap:123,ABaraaaap,123,24272,-728,-619,-629,-710,20.9,145,193,37,283310
ABaraaaap:124,ABaraaaap,124,24748,-252,81,126,-289,20.0,144,194,37,297875
ABaraaaap:125,ABaraaaap,125,24893,-107,-164,-28,-171,20.9,141,194,37,289042
ABaraaaap:126,ABaraaaap,126,24435,-565,-219,-253,-568,20.0,139,196,37,290450
ABaraaaap:127,ABaraaaap,127,24774,-226,-416,-439,-248,19.9,136,194,37,336880
ABaraaaap:128,ABaraaaap,128,24121,-879,-928,-987,-1001,19.1,135,196,37,338708
ABaraaaap:129,ABaraaaap,129,23728,-1272,-1095,-1072,-1280,19.1,128,201,37,338531
ABaraaaap:130,ABaraaaap,130,25946,946,1238,1323,949,19.0,126,202,37,351846
ABaraaaap:131,ABaraaaap,131,25694,694,814,902,668,18.3,124,210,39,362503
ABaraaaap:132,ABaraaaap,132,24847,-153,-84,-214,-167,18.0,128,208,37,367444
ABaraaaap:133,ABaraaaap,133,26009,1009,1552,1581,930,18.1,126,209,39,430118
ABaraaaap:134,ABaraaaap,134,24984,-16,-136,-82,-123,18.0,129,211,37,390890
ABaraaaap:135,ABaraaaap,135,26240,1240,1373,1345,1270,17.3,129,210,39,411369
ABaraaaap:136,ABaraaaap,136,25062,62,68,168,74,17.8,133,211,37,386053
ABaraaaap:137,ABaraaaap,137,26322,1322,1255,1087,1212,17.9,128,208,37,405275
ABaraaaap:138,ABaraaaap,138,25724,724,274,265,785,17.4,123,213,39,400215
ABaraaaap:139,ABaraaaap,139,24685,-315,-244,-51,-373,17.9,126,217,37,406167
ABaraaaap:140,ABaraaaap,140,25666,666,257,330,529,17.4,125,214,39,421036
ABaraaaap:141,ABaraaaap,141,25242,242,-143,-184,104,17.8,129,217,37,400935
ABaraaaap:142,ABaraaaap,142,25129,129,-566,-702,10,17.9,129,221,37,403303
ABaraaaap:143,ABaraaaap,143,25683,683,543,504,668,17.4,129,217,39,436619
ABaraaaap:144,ABaraaaap,144,25540,540,158,105,326,17.2,124,210,41,521356
ABaraaaap:145,ABaraaaap,145,26314,1314,1153,1222,1155,17.2,122,209,39,482280
ABaraaap:86,ABaraaap,86,23734,-1266,-274,-310,-1255,19.0,141,158,48,647973
ABaraaap:87,ABaraaap,87,24263,-737,292,299,-734,19.1,146,169,46,567694
ABaraaap:88,ABaraaap,88,24342,-658,595,612,-653,18.1,142,157,44,535307
ABaraaap:89,ABaraaap,89,23402,-1598,-683,-703,-1587,18.1,146,158,46,685416
ABaraaap:90,ABaraaap,90,23667,-1333,-218,-197,-1330,19.1,151,157,48,786777
ABaraaap:91,ABaraaap,91,23943,-1057,20,-4,-1049,17.9,148,157,45,647589
ABaraaap:92,ABaraaap,92,23968,-1032,-214,-223,-1016,17.2,144,157,47,760061
ABaraaap:93,ABaraaap,93,23988,-1012,171,184,-1003,17.3,143,156,47,741873
ABaraaap:94,ABaraaap,94,23547,-1453,-537,-569,-1433,17.2,154,157,47,756749
ABaraaap:95,ABaraaap,95,23536,-1464,-473,-508,-1447,17.1,161,149,48,913578
ABaraaap:96,ABaraaap,96,24006,-994,101,105,-988,17.0,170,148,46,779993
ABaraaap:97,ABaraaap,97,23711,-1289,-360,-387,-1276,17.1,175,136,50,1058743
ABaraaap:98,ABaraaap,98,24535,-465,542,559,-440,17.0,175,134,48,979889
ABaraaap:99,ABaraaap,99,24310,-690,183,162,-669,17.3,182,124,50,1030024
ABaraaap:100,ABaraaap,100,24812,-188,437,402,-185,16.4,188,121,48,752289
ABaraaap:101,ABaraaap,101,24413,-587,-347,-308,-583,17.2,177,122,48,795958
ABaraaap:102,ABaraaap,102,23875,-1125,-831,-826,-1125,17.4,171,125,48,793136
ABaraaap:103,ABaraaap,103,24283,-717,-472,-441,-706,18.1,157,134,50,963872
ABaraaap:104,ABaraaap,104,24164,-836,-566,-505,-832,18.1,158,129,50,986801
ABaraaap:105,ABaraaap,105,25072,72,231,248,75,18.3,155,128,48,877126
ABaraaap:106,ABaraaap,106,24660,-340,-307,-323,-339,19.1,154,127,50,1016213
ABaraaap:107,ABaraaap,107,24543,-457,-427,-473,-449,19.3,165,123,50,990627
ABaraaap:108,ABaraaap,108,24184,-816,-668,-675,-803,19.3,152,128,50,1055867
ABaraaap:109,ABaraaap,109,25289,289,429,394,319,19.1,147,135,50,1102278
ABaraaap:110,ABaraaap,110,24211,-789,-870,-838,-790,18.4,143,133,50,1085204
ABaraaap:111,ABaraaap,111,24109,-891,-874,-891,-892,19.9,139,137,45,655695
ABaraaapa:112,ABaraaapa,112,24397,-603,-514,-457,-810,18.9,127,139,44,527063
ABaraaapa:113,ABaraaapa,113,26088,1088,1040,1042,1100,18.1,108,145,41,494979
ABaraaapa:114,ABaraaapa,114,25143,143,459,443,167,19.0,125,140,40,506121
ABaraaapa:115,ABaraaapa,115,25174,174,246,258,185,19.3,124,137,41,492611
ABaraaapa:116,ABaraaapa,116,25617,617,246,241,634,20.1,136,131,41,507920
ABaraaapa:117,ABaraaapa,117,25028,28,42,-24,42,20.3,134,139,42,508640
ABaraaapa:118,ABaraaapa,118,24157,-843,-956,-1082,-781,20.2,141,137,41,482113
ABaraaapa:119,ABaraaapa,119,24555,-445,-448,-514,-473,20.1,145,134,41,481549
ABaraaapa:120,ABaraaapa,120,24967,-33,-73,37,-76,19.2,135,142,41,397973
ABaraaapa:121,ABaraaapa,121,25598,598,579,548,569,20.1,135,149,41,391008
ABaraaapa:122,ABaraaapa,122,24296,-704,-621,-573,-866,19.1,141,149,41,441279
ABaraaapa:123,ABaraaapa,123,24459,-541,-345,-388,-432,20.0,140,145,41,402244
ABaraaapa:124,ABaraaapa,124,24930,-70,433,399,-156,19.3,140,143,41,400978
ABaraaapa:125,ABaraaapa,125,24782,-218,92,130,-184,19.0,144,148,41,425304
ABaraaapa:126,ABaraaapa,126,25309,309,362,305,273,18.3,152,153,41,425171
ABaraaapa:127,ABaraaapa,127,25585,585,730,563,540,18.2,149,156,41,455407
ABaraaapa:128,ABaraaapa,128,24417,-583,-357,-243,-686,18.1,149,151,41,488601
ABaraaapa:129,ABaraaapa,129,24785,-215,11,97,-261,18.2,142,152,41,459422
ABaraaapa:130,ABaraaapa,130,24017,-983,-1183,-1046,-1010,18.2,140,158,41,432829
ABaraaapa:131,ABaraaapa,131,24584,-416,-362,-272,-470,18.2,134,165,41,444589
ABaraaapa:132,ABaraaapa,132,24950,-50,-361,-352,-91,19.1,128,160,41,482305
ABaraaapa:133,ABaraaapa,133,25065,65,328,299,22,20.0,123,158,41,523014
ABaraaapa:134,ABaraaapa,134,24574,-426,-588,-568,-464,20.1,117,168,41,486513
ABaraaapa:135,ABaraaapa,135,24538,-462,-300,-314,-499,20.1,121,173,41,507107
ABaraaapa:136,ABaraaapa,136,26113,1113,650,646,1117,20.2,122,172,41,502547
ABaraaapa:137,ABaraaapa,137,25284,284,-383,-295,194,21.1,120,172,41,512583
ABaraaapa:138,ABaraaapa,138,25286,286,-459,-494,257,21.0,123,173,41,508554
ABaraaapa:139,ABaraaapa,139,25284,284,-154,-187,289,21.1,120,180,41,505419
ABaraaapa:140,ABaraaapa,140,26025,1025,882,919,988,21.2,125,176,41,476757
ABaraaapa:141,ABaraaapa,141,25754,754,551,591,742,22.2,125,181,41,492100
ABaraaapa:142,ABaraaapa,142,25682,682,196,239,671,23.1,125,183,41,498084
ABaraaapa:143,ABaraaapa,143,25735,735,288,264,664,22.1,122,198,41,504109
ABaraaapa:144,ABaraaapa,144,25562,562,179,131,346,20.1,123,208,41,477382
ABaraaapa:145,ABaraaapa,145,25249,249,-521,-521,165,23.0,113,211,37,424358
ABaraaapp:112,ABaraaapp,112,27124,2124,2351,2112,2210,19.2,157,129,31,230139
ABaraaapp:113,ABaraaapp,113,24451,-549,55,114,-597,22.0,162,140,41,400295
ABaraaapp:114,ABaraaapp,114,24549,-451,-169,-115,-751,21.9,169,145,40,402390
ABaraaapp:115,ABaraaapp,115,24510,-490,-437,-302,-708,21.9,167,150,39,380470
ABaraaapp:116,ABaraaapp,116,23990,-1010,-484,-526,-1028,20.2,178,160,28,147759
ABaraaapp:117,ABaraaapp,117,24825,-175,142,69,-179,21.0,177,157,38,350645
ABaraaapp:118,ABaraaapp,118,24172,-828,-472,-447,-813,20.4,180,153,39,332709
ABaraaapp:119,ABaraaapp,119,24835,-165,86,152,-150,20.1,184,143,39,364639
ABaraaapp:120,ABaraaapp,120,25111,111,508,513,119,20.0,180,133,37,296360
ABaraaapp:121,ABaraaapp,121,24841,-159,199,270,-163,21.1,178,131,37,280943
ABaraaapp:122,ABaraaapp,122,24364,-636,-406,-398,-625,21.9,183,135,37,278213
ABaraaapp:123,ABaraaapp,123,24640,-360,477,517,-345,20.2,183,131,39,268510
ABaraaapp:124,ABaraaapp,124,23821,-1179,-697,-627,-1167,19.9,185,133,37,277765
ABaraaapp:125,ABaraaapp,125,24602,-398,-217,-135,-379,20.0,185,133,39,289849
ABaraaapp:126,ABaraaapp,126,25562,562,1270,1272,613,21.0,179,125,37,286757
ABaraaapp:127,ABaraaapp,127,23954,-1046,-871,-971,-1043,20.0,184,135,41,380570
ABaraaapp:128,ABaraaapp,128,25258,258,716,746,280,19.1,185,131,39,371835
ABaraaapp:129,ABaraaapp,129,25314,314,800,887,277,19.1,180,134,39,362830
ABaraaapp:130,ABaraaapp,130,24612,-388,-169,-180,-374,20.1,172,132,41,394019
ABaraaapp:131,ABaraaapp,131,25365,365,733,798,372,21.0,162,138,39,362724
ABaraaapp:132,ABaraaapp,132,25479,479,702,706,481,22.1,161,142,41,379633
ABaraaapp:133,ABaraaapp,133,25089,89,134,148,78,22.1,150,146,41,422776
ABaraaapp:134,ABaraaapp,134,25340,340,837,814,355,22.1,147,145,41,394950
ABaraaapp:135,ABaraaapp,135,25080,80,-399,-365,86,23.1,150,152,41,392634
ABaraaapp:136,ABaraaapp,136,25696,696,517,613,659,23.0,152,146,41,424698
ABaraaapp:137,ABaraaapp,137,25949,949,1052,1065,936,23.0,153,151,41,421823
ABaraaapp:138,ABaraaapp,138,25646,646,478,408,593,23.1,156,156,41,394527
ABaraaapp:139,ABaraaapp,139,24781,-219,-394,-436,-235,22.2,157,152,41,394863
ABaraaapp:140,ABaraaapp,140,25036,36,325,366,39,22.1,162,147,41,386335
ABaraaapp:141,ABaraaapp,141,24789,-211,-146,-61,-247,23.1,164,157,41,381530
ABaraaapp:142,ABaraaapp,142,25519,519,628,727,410,22.1,167,161,39,338872
ABaraaapp:143,ABaraaapp,143,26397,1397,1240,1305,1383,22.1,167,163,41,379423
ABaraaapp:144,ABaraaapp,144,26941,1941,1703,1682,1905,22.1,161,166,39,377986
ABaraaapp:145,ABaraaapp,145,24256,-744,-643,-668,-777,23.2,164,172,41,377878
ABaraap:63,ABaraap,63,23401,-1599,-215,-200,-1599,19.9,202,209,58,588606
ABaraap:64,ABaraap,64,23850,-1150,209,210,-1150,20.9,198,205,55,557925
ABaraap:65,ABaraap,65,23387,-1613,-470,-470,-1613,20.0,204,213,53,541721
ABaraap:66,ABaraap,66,24152,-848,482,482,-848,20.0,219,220,52,587087
ABaraap:67,ABaraap,67,23743,-1257,71,70,-1257,20.1,223,221,52,611151
ABaraap:68,ABaraap,68,23687,-1313,-175,-175,-1313,21.1,215,219,52,624536
ABaraap:69,ABaraap,69,23226,-1774,-700,-700,-1774,21.9,211,213,52,671892
ABaraap:70,ABaraap,70,23079,-1921,-823,-823,-1921,21.9,216,212,52,696472
ABaraap:71,ABaraap,71,24356,-644,360,360,-644,21.9,208,209,52,705159
ABaraap:72,ABaraap,72,23723,-1277,-123,-123,-1276,21.2,208,211,53,782357
ABaraap:73,ABaraap,73,23454,-1546,-320,-320,-1545,21.1,202,211,53,796885
ABaraap:74,ABaraap,74,23660,-1340,18,17,-1340,21.2,194,197,55,916393
ABaraap:75,ABaraap,75,23291,-1709,-634,-644,-1709,21.9,201,199,54,951299
ABaraap:76,ABaraap,76,23846,-1154,-1,-3,-1154,22.0,199,187,54,1007646
ABaraap:77,ABaraap,77,23014,-1986,-857,-839,-1986,22.1,198,193,54,1005964
ABaraap:78,ABaraap,78,23964,-1036,207,273,-1035,21.9,202,207,54,1056740
ABaraap:79,ABaraap,79,24450,-550,544,483,-550,22.0,200,201,56,1195675
ABaraap:80,ABaraap,80,23755,-1245,-272,-291,-1239,21.3,194,201,57,885190
ABaraap:81,ABaraap,81,23879,-1121,188,169,-1108,21.0,192,194,55,857533
ABaraap:82,ABaraap,82,23763,-1237,150,146,-1218,21.1,200,199,55,887888
ABaraap:83,ABaraap,83,24147,-853,212,206,-853,21.2,200,203,54,868776
ABaraap:84,ABaraap,84,23777,-1223,-27,-27,-1223,21.1,199,211,53,623252
ABaraapa:85,ABaraapa,85,23664,-1336,-206,-169,-1284,22.0,187,209,52,516863
ABaraapa:86,ABaraapa,86,23666,-1334,-141,-187,-1334,21.9,162,214,48,479689
ABaraapa:87,ABaraapa,87,23287,-1713,-458,-443,-1713,21.9,158,229,46,440435
ABaraapa:88,ABaraapa,88,23812,-1188,112,112,-1129,21.1,156,222,46,430504
ABaraapa:89,ABaraapa,89,23659,-1341,-20,-19,-1341,21.1,147,219,44,422071
ABaraapa:90,ABaraapa,90,23159,-1841,-686,-632,-1840,21.9,151,214,44,427710
ABaraapa:91,ABaraapa,91,23994,-1006,139,128,-1003,21.2,149,208,47,494965
ABaraapa:92,ABaraapa,92,23637,-1363,-265,-259,-1359,22.0,149,201,45,479232
ABaraapa:93,ABaraapa,93,23703,-1297,-294,-293,-1292,22.1,152,198,47,541422
ABaraapa:94,ABaraapa,94,23092,-1908,-845,-837,-1879,21.2,156,195,49,673178
ABaraapa:95,ABaraapa,95,23202,-1798,-852,-873,-1776,22.0,164,183,46,612704
ABaraapa:96,ABaraapa,96,23326,-1674,-998,-1014,-1657,23.0,158,175,48,769922
ABaraapa:97,ABaraapa,97,23428,-1572,-440,-448,-1542,23.1,170,162,50,860167
ABaraapa:98,ABaraapa,98,23663,-1337,-504,-506,-1321,22.2,160,157,50,893080
ABaraapa:99,ABaraapa,99,23600,-1400,-476,-466,-1396,23.0,158,156,50,895663
ABaraapa:100,ABaraapa,100,24761,-239,134,136,-223,22.1,154,143,48,707032
ABaraapa:101,ABaraapa,101,24397,-603,-207,-253,-587,23.0,154,153,50,770980
ABaraapa:102,ABaraapa,102,24471,-529,-380,-420,-498,23.1,145,162,50,847470
ABaraapa:103,ABaraapa,103,24596,-404,-192,-213,-374,22.4,147,161,50,849134
ABaraapa:104,ABaraapa,104,24126,-874,-984,-1008,-858,23.0,147,164,48,822325
ABaraapa:105,ABaraapa,105,24804,-196,427,471,-189,23.2,150,170,50,877813
ABaraapa:106,ABaraapa,106,24938,-62,321,329,-53,23.2,144,173,50,879935
ABaraapa:107,ABaraapa,107,24854,-146,120,102,-128,23.3,146,179,50,848519
ABaraapa:108,ABaraapa,108,24738,-262,140,151,-261,23.2,140,187,50,877919
ABaraapa:109,ABaraapa,109,24663,-337,-144,-91,-334,23.1,136,199,50,900064
ABaraapa:110,ABaraapa,110,24547,-453,42,42,-453,23.0,143,197,46,670501
ABaraapa:111,ABaraapa,111,24679,-321,222,220,-318,22.3,143,204,49,714202
ABaraapa:112,ABaraapa,112,25022,22,535,535,24,21.9,142,202,44,547097
ABaraapa:113,ABaraapa,113,24014,-986,-618,-618,-985,22.0,141,214,41,439369
ABaraapaa:114,ABaraapaa,114,24507,-493,-92,-100,-511,21.9,114,209,40,440067
ABaraapaa:115,ABaraapaa,115,24531,-469,-218,-145,-454,21.1,117,219,28,197589
ABaraapaa:116,ABaraapaa,116,25246,246,665,674,255,23.0,129,225,41,397848
ABaraapaa:117,ABaraapaa,117,24089,-911,-883,-836,-937,23.1,128,224,38,377658
ABaraapaa:118,ABaraapaa,118,24785,-215,-123,-161,-227,23.1,139,226,41,371775
ABaraapaa:119,ABaraapaa,119,24570,-430,-402,-443,-416,23.1,143,224,41,337846
ABaraapaa:120,ABaraapaa,120,24425,-575,-21,-71,-552,22.0,137,224,41,276605
ABaraapaa:121,ABaraapaa,121,24601,-399,-245,-285,-383,22.0,128,233,39,278920
ABaraapaa:122,ABaraapaa,122,25109,109,227,275,-21,21.1,135,243,39,284998
ABaraapaa:123,ABaraapaa,123,24929,-71,121,79,-106,21.1,131,238,39,287282
ABaraapaa:124,ABaraapaa,124,26116,1116,1566,1555,1111,20.3,136,242,39,289044
ABaraapaa:125,ABaraapaa,125,24816,-184,61,14,-195,20.0,135,241,39,299202
ABaraapaa:126,ABaraapaa,126,25015,15,178,264,20,19.1,140,241,41,319639
ABaraapaa:127,ABaraapaa,127,24635,-365,21,-22,-367,20.1,135,239,41,329056
ABaraapaa:128,ABaraapaa,128,25603,603,1062,935,624,20.1,136,236,39,305111
ABaraapaa:129,ABaraapaa,129,25308,308,97,129,253,20.1,130,239,41,354953
ABaraapaa:130,ABaraapaa,130,24427,-573,-281,-118,-615,19.2,125,242,39,360345
ABaraapaa:131,ABaraapaa,131,25190,190,409,407,110,19.2,126,253,39,368148
ABaraapaa:132,ABaraapaa,132,25605,605,550,660,535,19.0,122,248,41,443569
ABaraapaa:133,ABaraapaa,133,24630,-370,-450,-327,-443,18.3,116,245,39,431456
ABaraapaa:134,ABaraapaa,134,25245,245,268,282,181,18.2,120,248,41,463985
ABaraapaa:135,ABaraapaa,135,25275,275,96,164,173,18.0,133,251,41,448923
ABaraapaa:136,ABaraapaa,136,24675,-325,-181,-154,-401,17.3,134,254,41,430855
ABaraapaa:137,ABaraapaa,137,24999,-1,-82,-102,-51,17.2,131,253,41,463738
ABaraapaa:138,ABaraapaa,138,25215,215,-134,-198,104,17.2,130,255,41,473557
ABaraapaa:139,ABaraapaa,139,24876,-124,188,160,-266,17.1,133,260,41,501562
ABaraapaa:140,ABaraapaa,140,25427,427,525,567,352,17.0,141,260,41,474262
ABaraapaa:141,ABaraapaa,141,25563,563,460,560,377,16.3,140,265,41,450247
ABaraapaa:142,ABaraapaa,142,25759,759,673,721,579,15.4,143,261,41,435640
ABaraapaa:143,ABaraapaa,143,25853,853,257,351,497,15.2,144,255,41,468084
ABaraapaa:144,ABaraapaa,144,25434,434,628,815,264,15.3,140,255,41,473121
ABaraapaa:145,ABaraapaa,145,25869,869,482,717,763,16.1,130,256,41,491658
ABaraapap:114,ABaraapap,114,24997,-3,568,582,4,23.0,174,226,40,291243
ABaraapap:115,ABaraapap,115,24355,-645,-427,-413,-637,22.0,178,231,39,245452
ABaraapap:116,ABaraapap,116,25106,106,303,234,106,22.1,184,245,41,257650
ABaraapap:117,ABaraapap,117,24236,-764,-484,-500,-762,22.2,184,249,42,260697
ABaraapap:118,ABaraapap,118,25263,263,696,731,269,23.1,197,255,41,242433
ABaraapap:119,ABaraapap,119,24485,-515,-552,-513,-535,22.0,198,256,41,242528
ABaraapap:120,ABaraapap,120,24216,-784,-608,-539,-796,22.0,194,250,41,205725
ABaraapap:121,ABaraapap,121,24077,-923,-636,-575,-942,22.1,190,256,41,211115
ABaraapap:122,ABaraapap,122,24836,-164,247,289,-87,21.0,197,256,41,216460
ABaraapap:123,ABaraapap,123,24532,-468,-220,-271,-441,20.0,195,249,41,220205
ABaraapap:124,ABaraapap,124,24746,-254,-689,-761,-277,19.2,196,251,41,209525
ABaraapap:125,ABaraapap,125,25498,498,364,274,488,21.0,188,242,41,207719
ABaraapap:126,ABaraapap,126,25567,567,736,786,544,20.0,190,242,41,236277
ABaraapap:127,ABaraapap,127,24316,-684,-718,-656,-750,20.0,185,241,41,250446
ABaraapap:128,ABaraapap,128,24139,-861,-637,-573,-920,19.1,183,240,41,237647
ABaraapap:129,ABaraapap,129,24238,-762,-694,-677,-680,18.1,187,243,41,238568
ABaraapap:130,ABaraapap,130,25234,234,514,546,294,18.1,190,253,41,248043
ABaraapap:131,ABaraapap,131,24517,-483,-405,-392,-456,19.0,186,262,41,268975
ABaraapap:132,ABaraapap,132,25444,444,254,284,638,17.1,183,255,41,294741
ABaraapap:133,ABaraapap,133,25422,422,17,63,463,17.1,178,254,39,307454
ABaraapap:134,ABaraapap,134,25460,460,0,14,359,17.0,184,255,41,337185
ABaraapap:135,ABaraapap,135,24646,-354,-1041,-1062,-529,16.1,191,259,41,345435
ABaraapap:136,ABaraapap,136,25907,907,-14,68,658,16.1,190,260,39,326194
ABaraapap:137,ABaraapap,137,26296,1296,522,494,1027,15.0,190,259,39,332312
ABaraapap:138,ABaraapap,138,27092,2092,1157,1184,2106,16.0,187,257,41,374463
ABaraapap:139,ABaraapap,139,27090,2090,1233,1299,1972,15.3,184,254,39,357890
ABaraapap:140,ABaraapap,140,25582,582,-16,21,666,15.2,186,250,41,436182
ABaraapap:141,ABaraapap,141,25837,837,-115,-169,653,15.2,188,260,39,374238
ABaraapap:142,ABaraapap,142,26000,1000,218,221,718,15.1,196,261,39,369724
ABaraapap:143,ABaraapap,143,26468,1468,86,123,1038,14.0,199,263,39,450820
ABaraapap:144,ABaraapap,144,27133,2133,-289,-152,1850,13.4,204,261,39,422084
ABaraapap:145,ABaraapap,145,26719,1719,794,701,1672,14.0,205,269,37,408479
ABaraapp:85,ABaraapp,85,24064,-936,610,475,-862,21.1,223,205,34,199627
ABaraapp:86,ABaraapp,86,23010,-1990,-702,-726,-1981,21.9,229,214,48,420796
ABaraapp:87,ABaraapp,87,24117,-883,362,333,-880,21.9,228,223,46,379474
ABaraapp:88,ABaraapp,88,23576,-1424,-380,-419,-1405,21.0,233,216,44,349900
ABaraapp:89,ABaraapp,89,24101,-899,261,287,-895,22.0,237,218,44,339913
ABaraapp:90,ABaraapp,90,23761,-1239,-87,-110,-1203,22.2,246,213,48,469905
ABaraapp:91,ABaraapp,91,23908,-1092,148,136,-1081,22.2,235,205,49,462845
ABaraapp:92,ABaraapp,92,23252,-1748,-333,-303,-1727,22.3,232,198,49,439337
ABaraapp:93,ABaraapp,93,23797,-1203,137,126,-1199,23.0,229,199,45,331616
ABaraapp:94,ABaraapp,94,23545,-1455,-713,-699,-1453,23.0,231,204,47,386124
ABaraapp:95,ABaraapp,95,24268,-732,487,490,-732,23.0,228,204,46,404521
ABaraapp:96,ABaraapp,96,23760,-1240,-173,-172,-1240,23.0,223,192,46,424749
ABaraapp:97,ABaraapp,97,23778,-1222,-213,-219,-1216,22.0,226,189,46,455066
ABaraapp:98,ABaraapp,98,23434,-1566,-342,-353,-1523,23.1,228,193,50,581394
ABaraapp:99,ABaraapp,99,24765,-235,594,561,-138,22.1,240,188,46,506366
ABaraapp:100,ABaraapp,100,24442,-558,-162,-160,-552,22.1,234,181,48,443924
ABaraapp:101,ABaraapp,101,24253,-747,-362,-357,-705,22.2,238,186,50,492483
ABaraapp:102,ABaraapp,102,25147,147,477,503,203,22.2,234,186,50,477732
ABaraapp:103,ABaraapp,103,24793,-207,142,141,-205,23.0,238,184,50,499498
ABaraapp:104,ABaraapp,104,24334,-666,-56,-90,-605,22.2,236,177,50,523696
ABaraapp:105,ABaraapp,105,24601,-399,232,203,-354,23.0,238,180,50,547595
ABaraapp:106,ABaraapp,106,24529,-471,-63,-55,-440,23.0,237,192,50,517676
ABaraapp:107,ABaraapp,107,24283,-717,-243,-248,-714,23.1,245,191,50,524708
ABaraapp:108,ABaraapp,108,25481,481,859,847,480,22.2,229,188,50,582108
ABaraapp:109,ABaraapp,109,24834,-166,366,389,-153,23.0,229,192,46,483035
ABaraapp:110,ABaraapp,110,24796,-204,-48,-13,-202,22.0,223,193,46,511823
ABaraapp:111,ABaraapp,111,24899,-101,223,223,-97,23.0,224,207,45,394800
ABaraappa:112,ABaraappa,112,24007,-993,-1240,-1293,-1016,21.2,209,191,31,171828
ABaraappa:113,ABaraappa,113,24180,-820,-89,-38,-742,21.2,207,199,29,109976
ABaraappa:114,ABaraappa,114,24620,-380,-130,-87,-375,22.1,213,203,44,283928
ABaraappa:115,ABaraappa,115,24614,-386,76,47,-376,23.0,211,206,39,213891
ABaraappa:116,ABaraappa,116,24857,-143,-27,-50,-143,23.0,216,214,43,245910
ABaraappa:117,ABaraappa,117,24477,-523,-192,-259,-517,22.2,219,212,40,223173
ABaraappa:118,ABaraappa,118,24679,-321,-252,-94,-332,23.1,215,219,41,236775
ABaraappa:119,ABaraappa,119,25588,588,689,586,603,22.0,216,217,41,237889
ABaraappa:120,ABaraappa,120,25336,336,775,709,359,23.0,212,214,41,198053
ABaraappa:121,ABaraappa,121,25518,518,850,789,557,23.0,210,223,41,202331
ABaraappa:122,ABaraappa,122,24445,-555,-39,-46,-541,22.1,205,230,41,201876
ABaraappa:123,ABaraappa,123,24423,-577,-578,-607,-544,22.1,202,216,41,213793
ABaraappa:124,ABaraappa,124,24725,-275,-320,-349,-271,21.2,197,208,41,226431
ABaraappa:125,ABaraappa,125,25012,12,-149,-20,-16,20.9,191,199,37,213673
ABaraappa:126,ABaraappa,126,24657,-343,-294,-218,-343,19.2,192,199,41,281199
ABaraappa:127,ABaraappa,127,25101,101,439,334,126,20.1,192,199,41,295299
ABaraappa:128,ABaraappa,128,24394,-606,-186,-339,-602,21.0,196,200,41,278732
ABaraappa:129,ABaraappa,129,25010,10,28,9,5,20.1,192,202,41,268718
ABaraappa:130,ABaraappa,130,25717,717,1203,1252,724,20.0,184,202,41,292625
ABaraappa:131,ABaraappa,131,25369,369,633,631,358,19.0,172,209,39,292841
ABaraappa:132,ABaraappa,132,25671,671,870,793,654,19.2,169,205,39,315239
ABaraappa:133,ABaraappa,133,24692,-308,-256,-145,-451,19.0,166,205,41,364492
ABaraappa:134,ABaraappa,134,25041,41,-253,-115,-78,19.0,172,206,41,359286
ABaraappa:135,ABaraappa,135,25748,748,618,743,683,19.0,172,213,41,356107
ABaraappa:136,ABaraappa,136,25318,318,250,352,224,19.0,173,208,41,380149
ABaraappa:137,ABaraappa,137,25764,764,564,495,666,18.3,171,214,41,353986
ABaraappa:138,ABaraappa,138,25420,420,87,176,347,18.2,175,212,41,364869
ABaraappa:139,ABaraappa,139,25370,370,467,380,420,18.3,175,208,41,370044
ABaraappa:140,ABaraappa,140,24853,-147,-764,-786,-273,19.1,175,215,41,383271
ABaraappa:141,ABaraappa,141,26002,1002,352,260,1175,19.1,178,221,41,358796
ABaraappa:142,ABaraappa,142,25494,494,-128,-92,391,18.1,175,222,41,347624
ABaraappa:143,ABaraappa,143,25149,149,-599,-643,81,17.2,181,220,41,396810
ABaraappa:144,ABaraappa,144,26043,1043,1100,1008,1014,17.0,175,220,41,420324
ABaraappa:145,ABaraappa,145,25374,374,-416,-182,247,18.0,168,223,41,412056
ABaraappp:112,ABaraappp,112,24313,-687,-201,-215,-682,22.0,250,219,44,257899
ABaraappp:113,ABaraappp,113,25489,489,833,842,490,22.0,257,221,41,207881
ABaraappp:114,ABaraappp,114,25073,73,2,28,33,21.1,262,227,44,243776
ABaraappp:115,ABaraappp,115,25840,840,502,602,627,21.0,277,220,43,249666
ABaraappp:116,ABaraappp,116,25794,794,-65,-100,443,21.5,277,219,42,249666
ABaraappp:117,ABaraappp,117,25591,591,-110,-82,145,22.0,277,218,40,249666
ABaraappp:118,ABaraappp,118,26107,1107,583,581,908,22.5,277,217,38,249666
ABaraappp:119,ABaraappp,119,25949,949,-81,-81,739,23.0,277,215,36,0
ABaraappp:120,ABaraappp,120,24839,-161,-164,-168,-142,22.8,274,213,36,0
ABaraappp:121,ABaraappp,121,25938,938,613,607,978,22.7,270,210,37,0
ABaraappp:122,ABaraappp,122,24316,-684,-789,-799,-530,22.5,267,207,38,0
ABaraappp:123,ABaraappp,123,26060,1060,729,766,852,22.3,263,205,39,0
ABaraappp:124,ABaraappp,124,25181,181,-86,-132,48,22.2,260,202,40,0
ABaraappp:125,ABaraappp,125,24728,-272,-460,-438,-422,22.0,256,199,41,190775
ABaraappp:126,ABaraappp,126,25430,430,360,381,366,23.0,248,195,41,197917
ABaraappp:127,ABaraappp,127,26388,1388,635,690,1253,21.1,252,194,41,213401
ABaraappp:128,ABaraappp,128,26080,1080,-626,-397,441,19.0,253,204,41,231013
ABaraappp:129,ABaraappp,129,27293,2293,127,365,2456,18.1,250,208,41,244882
ABaraappp:130,ABaraappp,130,26864,1864,852,912,1643,19.0,247,212,41,226858
ABaraappp:131,ABaraappp,131,26804,1804,909,929,1771,20.0,242,217,41,236573
ABaraappp:132,ABaraappp,132,26166,1166,-595,-614,1060,19.1,238,218,41,257117
ABaraappp:133,ABaraappp,133,25597,597,-1000,-989,546,19.1,235,210,41,294825
ABaraappp:134,ABaraappp,134,27340,2340,257,319,2309,18.2,235,212,41,308322
ABaraappp:135,ABaraappp,135,27408,2408,1335,1317,2333,19.0,236,216,41,282343
ABaraappp:136,ABaraappp,136,27351,2351,463,517,2258,18.1,231,209,41,324225
ABaraappp:137,ABaraappp,137,26052,1052,-520,-443,850,17.3,232,207,41,313908
ABaraappp:138,ABaraappp,138,27156,2156,260,252,2190,18.1,226,209,41,339188
ABaraappp:139,ABaraappp,139,25598,598,-1151,-1118,427,17.3,226,208,39,289132
ABaraappp:140,ABaraappp,140,27362,2362,60,281,2264,17.1,228,203,41,334986
ABaraappp:141,ABaraappp,141,28099,3099,745,881,2760,17.1,226,208,41,338819
ABaraappp:142,ABaraappp,142,26708,1708,-380,-278,1644,16.2,228,210,41,326229
ABaraappp:143,ABaraappp,143,27670,2670,126,102,2561,16.1,236,210,41,356767
ABaraappp:144,ABaraappp,144,27084,2084,193,250,1818,16.1,237,215,41,370479
ABaraappp:145,ABaraappp,145,26940,1940,163,106,1529,16.0,235,218,41,364924
ABarap:44,ABarap,44,24027,-973,218,218,-973,19.2,287,158,35,205386
ABarap:45,ABarap,45,23248,-1752,-805,-832,-1752,19.0,279,162,56,718972
ABarap:46,ABarap,46,23958,-1042,247,247,-1042,18.9,281,155,55,728197
ABarap:47,ABarap,47,23524,-1476,-112,-112,-1476,19.1,297,132,58,865185
ABarap:48,ABarap,48,23293,-1707,-475,-475,-1707,19.7,297,128,57,858018
ABarap:49,ABarap,49,23805,-1195,-18,-18,-1195,19.7,287,125,58,926203
ABarap:50,ABarap,50,23203,-1797,-759,-759,-1797,19.8,280,120,59,1009125
ABarap:51,ABarap,51,23707,-1293,-268,-268,-1293,19.9,282,121,60,1142006
ABarap:52,ABarap,52,23788,-1212,-88,-88,-1212,20.0,272,126,60,1195892
ABarap:53,ABarap,53,23480,-1520,-420,-420,-1520,19.8,269,130,60,918281
ABarap:54,ABarap,54,23606,-1394,-107,-107,-1394,19.3,268,131,62,972066
ABarap:55,ABarap,55,23294,-1706,-574,-574,-1706,20.9,271,136,60,901180
ABarap:56,ABarap,56,23187,-1813,-455,-455,-1813,20.0,272,146,62,1004822
ABarap:57,ABarap,57,23645,-1355,-216,-216,-1355,20.9,269,132,61,997841
ABarap:58,ABarap,58,23988,-1012,367,367,-1012,20.9,271,132,61,970081
ABarap:59,ABarap,59,23924,-1076,336,336,-1076,19.9,271,140,61,1093584
ABarap:60,ABarap,60,23589,-1411,-250,-250,-1411,19.1,271,132,63,1216370
ABarap:61,ABarap,61,23783,-1217,-65,-65,-1217,19.9,266,127,60,1056533
ABarap:62,ABarap,62,23817,-1183,-91,-91,-1183,20.0,267,122,59,896099
ABarapa:63,ABarapa,63,23642,-1358,-260,-258,-1357,19.5,232,110,56,778712
ABarapa:64,ABarapa,64,23226,-1774,-574,-561,-1774,20.0,212,120,55,881186
ABarapa:65,ABarapa,65,24110,-890,447,439,-890,20.1,200,128,53,852158
ABarapa:66,ABarapa,66,23772,-1228,-10,0,-1228,19.0,185,116,52,960672
ABarapa:67,ABarapa,67,23188,-1812,-890,-890,-1812,19.1,189,118,52,1007899
ABarapa:68,ABarapa,68,23653,-1347,-46,-46,-1344,18.9,190,116,52,1108876
ABarapa:69,ABarapa,69,23787,-1213,-350,-350,-1213,19.1,183,115,52,1088284
ABarapa:70,ABarapa,70,23601,-1399,-418,-418,-1397,19.2,194,116,52,1085361
ABarapa:71,ABarapa,71,23685,-1315,-94,-94,-1315,19.3,195,118,54,1193521
ABarapa:72,ABarapa,72,23354,-1646,-854,-854,-1646,19.4,200,116,55,1179471
ABarapa:73,ABarapa,73,23625,-1375,-285,-285,-1375,19.2,193,114,53,1189797
ABarapa:74,ABarapa,74,23858,-1142,19,19,-1142,19.0,194,110,55,1388762
ABarapa:75,ABarapa,75,24070,-930,5,5,-930,19.2,197,114,54,1359910
ABarapa:76,ABarapa,76,23853,-1147,-123,-124,-1147,18.9,198,111,54,1376018
ABarapa:77,ABarapa,77,24049,-951,210,210,-950,18.5,206,111,56,1510528
ABarapa:78,ABarapa,78,23910,-1090,-189,-189,-1090,19.0,209,113,54,1439492
ABarapa:79,ABarapa,79,24098,-902,-60,-60,-902,19.2,209,109,54,1464945
ABarapa:80,ABarapa,80,23606,-1394,-170,-170,-1394,18.9,205,111,55,1145046
ABarapa:81,ABarapa,81,24392,-608,380,380,-608,18.9,212,114,55,1114911
ABarapa:82,ABarapa,82,23640,-1360,-136,-136,-1360,19.2,219,117,55,1112407
ABarapa:83,ABarapa,83,23694,-1306,-370,-370,-1306,20.7,221,121,54,936438
ABarapa:84,ABarapa,84,23969,-1031,368,368,-1031,19.3,228,122,51,830647
ABarapaa:85,ABarapaa,85,23481,-1519,-588,-609,-1519,20.1,194,110,52,677679
ABarapaa:86,ABarapaa,86,23592,-1408,-307,-321,-1402,21.2,191,125,48,602961
ABarapaa:87,ABarapaa,87,24061,-939,316,316,-939,21.0,185,123,46,578371
ABarapaa:88,ABarapaa,88,24195,-805,191,190,-799,20.9,182,122,44,503387
ABarapaa:89,ABarapaa,89,24179,-821,69,61,-806,20.2,175,120,44,543768
ABarapaa:90,ABarapaa,90,24609,-391,712,665,-384,20.1,182,117,44,567499
ABarapaa:91,ABarapaa,91,23637,-1363,-86,-99,-1361,19.1,181,112,45,572112
ABarapaa:92,ABarapaa,92,24278,-722,27,-12,-720,18.9,177,111,45,607102
ABarapaa:93,ABarapaa,93,24412,-588,451,451,-586,18.9,184,116,45,605588
ABarapaa:94,ABarapaa,94,24009,-991,0,7,-988,20.1,188,117,45,617863
ABarapaa:95,ABarapaa,95,23619,-1381,-794,-725,-1381,20.0,191,110,46,733740
ABarapaa:96,ABarapaa,96,24238,-762,192,206,-762,19.8,195,105,46,775228
ABarapaa:97,ABarapaa,97,24210,-790,-279,-315,-785,19.1,208,97,46,746713
ABarapaa:98,ABarapaa,98,24920,-80,557,499,-74,20.1,207,107,46,745917
ABarapaa:99,ABarapaa,99,23918,-1082,58,44,-1060,21.1,214,114,46,733465
ABarapaa:100,ABarapaa,100,24833,-167,320,296,-158,20.2,216,108,46,647517
ABarapaa:101,ABarapaa,101,24931,-69,392,391,-65,21.0,220,110,46,596566
ABarapaa:102,ABarapaa,102,24991,-9,102,14,7,20.1,212,111,46,637483
ABarapaa:103,ABarapaa,103,24736,-264,61,60,-262,20.1,207,116,46,630804
ABarapaa:104,ABarapaa,104,24620,-380,-322,-314,-376,19.9,209,113,46,648023
ABarapaa:105,ABarapaa,105,23941,-1059,-603,-637,-1059,19.9,207,113,46,688645
ABarapaa:106,ABarapaa,106,25098,98,266,266,99,20.1,210,115,46,665950
ABarapaa:107,ABarapaa,107,24855,-145,300,315,-143,20.9,218,119,46,626783
ABarapaa:108,ABarapaa,108,24728,-272,3,48,-270,20.9,211,123,46,656558
ABarapaa:109,ABarapaa,109,24248,-752,-326,-376,-749,21.9,205,133,46,630163
ABarapaa:110,ABarapaa,110,24839,-161,116,78,-159,21.9,202,132,46,654305
ABarapaa:111,ABarapaa,111,24231,-769,-226,-211,-759,22.0,197,136,45,508541
ABarapaa:112,ABarapaa,112,24593,-407,191,224,-438,21.1,200,131,36,381794
ABarapaaa:113,ABarapaaa,113,25173,173,601,566,313,24.0,179,155,32,0
ABarapaaa:114,ABarapaaa,114,25750,750,1234,1067,974,23.2,174,164,28,135617
ABarapaaa:115,ABarapaaa,115,26293,1293,1406,1525,1455,24.2,170,171,28,157051
ABarapaaa:116,ABarapaaa,116,25159,159,1096,1060,329,23.1,166,179,41,387226
ABarapaaa:117,ABarapaaa,117,25171,171,624,639,189,24.0,155,185,38,358956
ABarapaaa:118,ABarapaaa,118,24719,-281,43,45,-265,23.2,162,187,41,358285
ABarapaaa:119,ABarapaaa,119,24483,-517,-437,-485,-509,23.0,167,186,41,342374
ABarapaaa:120,ABarapaaa,120,24607,-393,4,55,-361,23.2,161,179,41,300174
ABarapaaa:121,ABarapaaa,121,25038,38,530,557,198,24.0,163,183,26,90940
ABarapaaa:122,ABarapaaa,122,24187,-813,-651,-634,-873,23.2,170,188,41,300246
ABarapaaa:123,ABarapaaa,123,24944,-56,73,158,15,24.0,168,176,37,265889
ABarapaaa:124,ABarapaaa,124,25517,517,420,327,569,23.0,165,177,41,347363
ABarapaaa:125,ABarapaaa,125,25858,858,913,1201,877,23.1,162,168,41,335341
ABarapaaa:126,ABarapaaa,126,25459,459,375,351,456,23.1,163,167,39,334701
ABarapaaa:127,ABarapaaa,127,24723,-277,-411,-425,-309,22.2,162,173,41,376161
ABarapaaa:128,ABarapaaa,128,25315,315,863,843,392,23.2,163,181,41,370129
ABarapaaa:129,ABarapaaa,129,25440,440,855,922,473,23.0,159,188,41,361377
ABarapaaa:130,ABarapaaa,130,24845,-155,22,125,-226,23.1,151,190,39,335595
ABarapaaa:131,ABarapaaa,131,25185,185,481,543,131,23.1,149,201,41,340327
ABarapaaa:132,ABarapaaa,132,25037,37,25,-120,-19,22.2,143,201,41,361565
ABarapaaa:133,ABarapaaa,133,26162,1162,943,931,1092,22.2,143,201,41,411305
ABarapaaa:134,ABarapaaa,134,25795,795,956,1123,803,23.1,143,200,41,412401
ABarapaaa:135,ABarapaaa,135,25069,69,34,107,-50,23.1,150,204,41,399255
ABarapaaa:136,ABarapaaa,136,24747,-253,-718,-400,-340,23.1,153,198,41,399471
ABarapaaa:137,ABarapaaa,137,25980,980,861,794,815,22.2,152,208,41,387077
ABarapaaa:138,ABarapaaa,138,25364,364,28,91,308,23.0,147,211,41,406769
ABarapaaa:139,ABarapaaa,139,24675,-325,-446,-554,-359,22.2,155,209,41,361738
ABarapaaa:140,ABarapaaa,140,25978,978,659,778,999,23.2,159,210,41,392825
ABarapaaa:141,ABarapaaa,141,26182,1182,929,989,1082,23.1,152,221,41,365762
ABarapaaa:142,ABarapaaa,142,25609,609,56,76,476,22.2,163,228,41,348443
ABarapaaa:143,ABarapaaa,143,25387,387,395,421,353,23.0,170,226,39,329183
ABarapaaa:144,ABarapaaa,144,25628,628,104,89,520,23.0,170,226,41,369338
ABarapaaa:145,ABarapaaa,145,24976,-24,-162,10,-168,23.0,162,239,41,403577
ABarapaap:113,ABarapaap,113,24824,-176,754,862,-140,21.1,215,128,36,381794
ABarapaap:114,ABarapaap,114,25305,305,746,861,-1,21.0,220,133,42,388089
ABarapaap:115,ABarapaap,115,24702,-298,185,212,-251,21.2,220,139,41,344605
ABarapaap:116,ABarapaap,116,24292,-708,46,44,-541,22.2,223,139,43,373246
ABarapaap:117,ABarapaap,117,25356,356,999,1066,338,23.0,222,143,42,357303
ABarapaap:118,ABarapaap,118,25276,276,624,642,389,23.1,220,149,41,351090
ABarapaap:119,ABarapaap,119,25144,144,569,518,228,23.2,223,154,41,318191
ABarapaap:120,ABarapaap,120,24164,-836,-749,-701,-861,23.3,217,155,41,241463
ABarapaap:121,ABarapaap,121,24082,-918,-975,-1008,-905,24.0,220,163,41,228998
ABarapaap:122,ABarapaap,122,25880,880,1102,1058,913,24.1,223,165,41,226708
ABarapaap:123,ABarapaap,123,24347,-653,-61,-91,-640,23.2,215,163,41,220143
ABarapaap:124,ABarapaap,124,24515,-485,-325,-360,-475,23.1,210,164,41,242059
ABarapaap:125,ABarapaap,125,25213,213,488,457,215,23.1,210,153,41,255351
ABarapaap:126,ABarapaap,126,24670,-330,-162,-140,-346,23.0,207,160,41,276741
ABarapaap:127,ABarapaap,127,24234,-766,-452,-539,-697,23.1,208,154,41,281746
ABarapaap:128,ABarapaap,128,24589,-411,-494,-438,-426,23.1,203,156,41,318281
ABarapaap:129,ABarapaap,129,25577,577,627,722,540,22.2,196,157,41,316248
ABarapaap:130,ABarapaap,130,24875,-125,-358,-433,-159,22.2,195,165,41,314993
ABarapaap:131,ABarapaap,131,25057,57,154,357,51,22.2,189,178,41,311352
ABarapaap:132,ABarapaap,132,25392,392,199,352,293,22.2,188,190,41,300691
ABarapaap:133,ABarapaap,133,25492,492,709,715,502,23.1,188,195,41,307225
ABarapaap:134,ABarapaap,134,26243,1243,1190,1117,1240,22.2,189,186,41,305604
ABarapaap:135,ABarapaap,135,25668,668,154,248,585,22.1,191,192,41,312959
ABarapaap:136,ABarapaap,136,26291,1291,1254,1323,1257,22.1,193,192,41,340799
ABarapaap:137,ABarapaap,137,25574,574,504,441,523,22.1,191,196,41,319619
ABarapaap:138,ABarapaap,138,25748,748,359,373,645,22.2,190,200,41,325902
ABarapaap:139,ABarapaap,139,24866,-134,-131,-460,-239,21.0,189,202,41,334451
ABarapaap:140,ABarapaap,140,25217,217,-271,-396,171,21.2,193,206,41,316237
ABarapaap:141,ABarapaap,141,24468,-532,-1292,-1388,-1068,21.1,195,214,26,96825
ABarapaap:142,ABarapaap,142,25562,562,382,478,421,21.1,193,214,41,318502
ABarapaap:143,ABarapaap,143,25300,300,-262,-195,218,20.1,195,219,26,117007
ABarapaap:144,ABarapaap,144,25381,381,-5,71,140,20.1,196,217,41,354694
ABarapaap:145,ABarapaap,145,26077,1077,1016,1018,1035,21.0,188,219,41,329067
ABarapap:85,ABarapap,85,24065,-935,264,257,-902,21.0,258,116,52,590621
ABarapap:86,ABarapap,86,22912,-2088,-827,-873,-2068,22.0,248,121,48,500102
ABarapap:87,ABarapap,87,22976,-2024,-890,-887,-2013,22.0,249,128,46,465888
ABarapap:88,ABarapap,88,23686,-1314,-12,-117,-1292,21.3,258,123,48,519770
ABarapap:89,ABarapap,89,23808,-1192,115,40,-1173,22.9,252,121,44,452020
ABarapap:90,ABarapap,90,23379,-1621,-829,-875,-1599,22.1,251,123,44,442811
ABarapap:91,ABarapap,91,24216,-784,205,226,-765,22.3,245,133,47,489192
ABarapap:92,ABarapap,92,23678,-1322,58,30,-1263,22.1,248,128,47,562131
ABarapap:93,ABarapap,93,23447,-1553,-118,-119,-1534,22.9,254,134,45,427806
ABarapap:94,ABarapap,94,24030,-970,208,281,-961,22.0,260,135,49,575170
ABarapap:95,ABarapap,95,23903,-1097,4,-78,-1083,22.1,263,135,46,497233
ABarapap:96,ABarapap,96,24007,-993,-94,-85,-977,22.1,266,131,50,641029
ABarapap:97,ABarapap,97,23856,-1144,-501,-581,-1054,22.3,286,121,50,726589
ABarapap:98,ABarapap,98,23717,-1283,-264,-341,-963,22.3,286,121,50,726589
ABarapap:99,ABarapap,99,24710,-290,829,868,-79,21.1,296,119,50,843078
ABarapap:100,ABarapap,100,24242,-758,-257,-270,-709,21.3,298,125,48,555114
ABarapap:101,ABarapap,101,24589,-411,404,451,-282,21.1,302,122,48,606722
ABarapap:102,ABarapap,102,24875,-125,383,372,-130,22.2,285,114,50,722728
ABarapap:103,ABarapap,103,24380,-620,-406,-419,-609,22.1,271,109,48,690166
ABarapap:104,ABarapap,104,24575,-425,-197,-179,-422,22.9,271,112,46,561872
ABarapap:105,ABarapap,105,24668,-332,7,28,-329,22.1,269,115,50,736396
ABarapap:106,ABarapap,106,25246,246,632,706,232,22.3,275,125,50,663910
ABarapap:107,ABarapap,107,24762,-238,17,84,-235,21.9,274,124,46,592201
ABarapap:108,ABarapap,108,24289,-711,-271,-254,-717,22.0,267,129,46,530340
ABarapap:109,ABarapap,109,24125,-875,-482,-576,-873,21.0,261,133,46,515317
ABarapap:110,ABarapap,110,24520,-480,-17,-64,-479,21.9,255,132,46,501224
ABarapapa:111,ABarapapa,111,24497,-503,303,315,-476,22.0,242,126,45,338896
ABarapapa:112,ABarapapa,112,24635,-365,9,1,-353,22.0,241,128,44,335406
ABarapapa:113,ABarapapa,113,24580,-420,221,184,-404,21.2,248,125,45,422167
ABarapapa:114,ABarapapa,114,26802,1802,2266,2334,1847,20.0,244,120,28,157489
ABarapapa:115,ABarapapa,115,24621,-379,-125,-167,-340,19.1,241,120,39,345677
ABarapapa:116,ABarapapa,116,24196,-804,-313,-369,-714,19.9,238,124,39,348036
ABarapapa:117,ABarapapa,117,25123,123,669,756,108,20.0,228,123,38,362291
ABarapapa:118,ABarapapa,118,24473,-527,108,301,-551,20.2,226,128,39,368424
ABarapapa:119,ABarapapa,119,24525,-475,-65,53,-524,21.1,233,130,39,327273
ABarapapa:120,ABarapapa,120,25172,172,423,381,253,21.3,234,130,39,327273
ABarapapa:121,ABarapapa,121,24652,-348,-55,44,-273,21.6,235,131,40,327273
ABarapapa:122,ABarapapa,122,24356,-644,-574,-509,-705,21.8,236,131,40,327273
ABarapapa:123,ABarapapa,123,24756,-244,233,180,-223,22.0,238,132,41,274731
ABarapapa:124,ABarapapa,124,25067,67,31,34,90,23.0,237,132,41,275857
ABarapapa:125,ABarapapa,125,25370,370,340,271,385,22.1,241,130,41,268070
ABarapapa:126,ABarapapa,126,25043,43,245,336,70,23.0,238,120,39,273894
ABarapapa:127,ABarapapa,127,24981,-19,201,336,20,23.1,229,115,41,352179
ABarapapa:128,ABarapapa,128,25222,222,286,234,334,23.1,233,124,41,320104
ABarapapa:129,ABarapapa,129,25539,539,712,607,687,23.1,233,129,41,300293
ABarapapa:130,ABarapapa,130,25906,906,720,761,894,22.2,234,153,41,253287
ABarapapa:131,ABarapapa,131,24660,-340,-246,-272,-343,22.2,224,160,41,262793
ABarapapa:132,ABarapapa,132,25068,68,161,280,66,22.1,223,160,39,248930
ABarapapa:133,ABarapapa,133,25962,962,1008,1039,932,22.0,221,162,39,277436
ABarapapa:134,ABarapapa,134,25041,41,-196,-274,-18,22.0,223,159,39,247325
ABarapapa:135,ABarapapa,135,25798,798,711,684,745,23.1,224,169,41,240712
ABarapapa:136,ABarapapa,136,24734,-266,-652,-671,-397,23.1,230,175,41,260944
ABarapapa:137,ABarapapa,137,24392,-608,-1022,-968,-662,23.1,230,181,41,252819
ABarapapa:138,ABarapapa,138,25344,344,-193,-54,211,24.1,230,190,41,246753
ABarapapa:139,ABarapapa,139,24543,-457,-1476,-1503,-482,23.1,227,187,26,72251
ABarapapa:140,ABarapapa,140,26360,1360,1077,1146,1140,23.1,236,188,41,246336
ABarapapa:141,ABarapapa,141,26183,1183,1294,1294,1100,24.0,225,206,26,70936
ABarapapa:142,ABarapapa,142,25243,243,98,80,170,24.0,227,207,27,70936
ABarapapa:143,ABarapapa,143,25348,348,48,48,285,24.0,229,209,28,70936
ABarapapa:144,ABarapapa,144,25750,750,1095,1093,715,24.0,232,211,29,70936
ABarapapa:145,ABarapapa,145,24803,-197,-599,-559,-293,24.0,234,213,30,70936
ABarapapp:111,ABarapapp,111,24222,-778,-556,-464,-830,21.1,278,151,43,289975
ABarapapp:112,ABarapapp,112,24409,-591,-371,-371,-527,21.0,286,165,44,304795
ABarapapp:113,ABarapapp,113,24673,-327,-98,-108,-279,20.9,280,162,41,260625
ABarapapp:114,ABarapapp,114,24844,-156,361,298,-154,21.0,279,159,40,258666
ABarapapp:115,ABarapapp,115,24520,-480,-163,-22,-707,21.0,279,159,40,258666
ABarapapp:116,ABarapapp,116,25679,679,596,570,919,21.1,293,160,43,335238
ABarapapp:117,ABarapapp,117,25464,464,393,318,682,20.0,283,163,42,320167
ABarapapp:118,ABarapapp,118,24823,-177,-274,-327,-168,23.0,290,159,41,285779
ABarapapp:119,ABarapapp,119,25366,366,195,181,357,21.2,300,160,41,274017
ABarapapp:120,ABarapapp,120,25745,745,819,840,737,22.1,295,162,41,204641
ABarapapp:121,ABarapapp,121,26399,1399,1220,1208,1399,22.1,298,163,41,207288
ABarapapp:122,ABarapapp,122,25175,175,156,166,192,22.1,297,165,41,217825
ABarapapp:123,ABarapapp,123,24156,-844,-927,-914,-862,22.1,285,153,41,204499
ABarapapp:124,ABarapapp,124,24866,-134,-95,-162,-134,23.0,279,155,41,215408
ABarapapp:125,ABarapapp,125,25310,310,396,372,311,23.0,284,153,41,226494
ABarapapp:126,ABarapapp,126,25395,395,236,196,384,22.1,285,157,41,225839
ABarapapp:127,ABarapapp,127,25764,764,-200,-165,757,21.1,289,160,41,217165
ABarapapp:128,ABarapapp,128,26338,1338,672,673,1305,21.0,286,164,41,237261
ABarapapp:129,ABarapapp,129,25469,469,-22,48,384,22.1,282,168,41,230932
ABarapapp:130,ABarapapp,130,25109,109,-691,-466,3,22.1,280,170,41,240108
ABarapapp:131,ABarapapp,131,25368,368,-595,-512,296,22.1,272,172,41,231717
ABarapapp:132,ABarapapp,132,25778,778,-206,-149,692,21.2,271,174,39,204808
ABarapapp:133,ABarapapp,133,26065,1065,101,177,971,22.1,270,175,41,241620
ABarapapp:134,ABarapapp,134,25791,791,-606,-589,725,22.1,264,177,41,251620
ABarapapp:135,ABarapapp,135,26758,1758,557,541,1592,22.0,268,175,41,225213
ABarapapp:136,ABarapapp,136,26123,1123,-14,-123,1098,22.0,267,170,41,250774
ABarapapp:137,ABarapapp,137,26497,1497,-71,-136,1314,22.1,274,173,41,242362
ABarapapp:138,ABarapapp,138,27406,2406,670,720,2520,21.1,273,176,41,252776
ABarapapp:139,ABarapapp,139,26234,1234,-719,-711,1139,21.0,271,171,41,263070
ABarapapp:140,ABarapapp,140,26672,1672,693,770,1527,21.1,268,175,41,272992
ABarapapp:141,ABarapapp,141,27020,2020,-220,219,866,20.1,261,195,41,282210
ABarapapp:142,ABarapapp,142,27193,2193,390,410,1837,20.1,267,196,41,287573
ABarapapp:143,ABarapapp,143,26029,1029,-325,-172,1063,20.0,264,201,41,301283
ABarapapp:144,ABarapapp,144,26002,1002,-897,-910,572,20.0,271,208,37,231507
ABarapappa:145,ABarapappa,145,26383,1383,53,196,882,19.1,252,215,37,244801
ABarapappp:145,ABarapappp,145,27433,2433,225,93,1885,21.0,287,211,37,175220
ABarapp:63,ABarapp,63,23753,-1247,175,161,-1247,21.1,286,160,56,528619
ABarapp:64,ABarapp,64,23505,-1495,-266,-260,-1487,21.1,287,151,55,582243
ABarapp:65,ABarapp,65,23488,-1512,-26,-28,-1504,21.1,287,160,55,560840
ABarapp:66,ABarapp,66,24327,-673,415,415,-668,22.1,291,159,54,574389
ABarapp:67,ABarapp,67,23851,-1149,198,208,-1120,22.1,286,157,52,577038
ABarapp:68,ABarapp,68,23046,-1954,-714,-714,-1931,22.1,290,157,54,631708
ABarapp:69,ABarapp,69,23681,-1319,-6,-11,-1313,22.3,298,155,54,609993
ABarapp:70,ABarapp,70,23108,-1892,-629,-633,-1882,22.0,299,150,52,643483
ABarapp:71,ABarapp,71,24078,-922,382,382,-916,21.8,298,150,52,711899
ABarapp:72,ABarapp,72,24071,-929,472,471,-924,21.3,303,142,55,796189
ABarapp:73,ABarapp,73,23817,-1183,237,237,-1180,21.2,299,139,55,803115
ABarapp:74,ABarapp,74,23519,-1481,-357,-357,-1474,21.1,302,151,53,765245
ABarapp:75,ABarapp,75,24037,-963,291,291,-960,21.0,305,149,54,923430
ABarapp:76,ABarapp,76,23626,-1374,-85,-87,-1374,21.9,302,147,54,890830
ABarapp:77,ABarapp,77,23570,-1430,-354,-351,-1430,22.0,297,143,54,950722
ABarapp:78,ABarapp,78,23614,-1386,-191,-201,-1386,22.2,298,138,54,977707
ABarapp:79,ABarapp,79,23737,-1263,-138,-177,-1263,21.9,296,130,54,1082430
ABarapp:80,ABarapp,80,23833,-1167,37,41,-1166,21.3,296,137,57,862690
ABarapp:81,ABarapp,81,24279,-721,394,368,-721,21.9,300,131,55,822062
ABarapp:82,ABarapp,82,23550,-1450,-93,-120,-1448,20.9,308,142,55,810720
ABarapp:83,ABarapp,83,23356,-1644,-644,-626,-1644,21.0,311,146,54,829142
ABarapp:84,ABarapp,84,23875,-1125,241,240,-1124,21.0,305,145,53,627419
ABarappa:85,ABarappa,85,23695,-1305,379,389,-1271,21.1,297,133,36,234046
ABarappa:86,ABarappa,86,23587,-1413,7,-26,-1390,23.0,294,133,48,406214
ABarappa:87,ABarappa,87,23579,-1421,-91,-128,-1409,21.1,298,136,48,394350
ABarappa:88,ABarappa,88,23815,-1185,173,180,-1161,22.1,303,127,48,422795
ABarappa:89,ABarappa,89,23996,-1004,48,-79,-985,22.1,297,126,46,392484
ABarappa:90,ABarappa,90,23681,-1319,-178,-217,-1295,22.1,297,121,44,356201
ABarappa:91,ABarappa,91,23958,-1042,125,117,-1031,21.9,291,127,45,407026
ABarappa:92,ABarappa,92,23088,-1912,-620,-545,-1884,21.0,290,124,45,424950
ABarappa:93,ABarappa,93,23729,-1271,-328,-347,-1252,20.9,295,116,45,452146
ABarappa:94,ABarappa,94,23805,-1195,-96,-69,-1186,20.0,301,109,45,497336
ABarappa:95,ABarappa,95,22748,-2252,-1099,-1054,-2243,20.1,306,111,46,594709
ABarappa:96,ABarappa,96,23697,-1303,8,-31,-1290,19.0,306,113,46,605361
ABarappa:97,ABarappa,97,23515,-1485,-588,-599,-1447,19.2,314,107,48,726636
ABarappa:98,ABarappa,98,23107,-1893,-792,-867,-1771,18.9,304,118,46,673450
ABarappa:99,ABarappa,99,24265,-735,124,220,-715,18.0,306,108,46,730981
ABarappa:100,ABarappa,100,24374,-626,-341,-294,-603,17.1,311,104,46,646699
ABarappa:101,ABarappa,101,24386,-614,97,66,-570,17.9,309,106,46,654845
ABarappa:102,ABarappa,102,25129,129,703,713,142,17.8,305,91,46,750573
ABarappa:103,ABarappa,103,24255,-745,-492,-564,-736,17.8,300,85,46,750975
ABarappa:104,ABarappa,104,24701,-299,-77,-111,-294,18.9,305,80,46,765084
ABarappa:105,ABarappa,105,24194,-806,-439,-461,-801,18.9,303,80,46,738991
ABarappa:106,ABarappa,106,25098,98,30,16,106,19.0,309,88,46,720747
ABarappa:107,ABarappa,107,25316,316,678,668,328,20.0,317,90,46,717631
ABarappa:108,ABarappa,108,24965,-35,243,195,21,20.1,315,89,48,788845
ABarappa:109,ABarappa,109,24655,-345,-111,-124,-365,20.9,309,90,46,713618
ABarappa:110,ABarappa,110,24359,-641,-797,-745,-666,21.1,316,98,46,688995
ABarappa:111,ABarappa,111,25307,307,577,550,294,21.1,315,105,47,654060
ABarappa:112,ABarappa,112,24762,-238,252,267,-238,21.9,307,114,44,473252
ABarappa:113,ABarappa,113,24615,-385,-117,-118,-361,21.0,297,116,41,388868
ABarappaa:114,ABarappaa,114,23653,-1347,-1081,-989,-1343,21.1,283,104,28,150871
ABarappaa:115,ABarappaa,115,24857,-143,252,183,-84,21.9,278,103,39,334804
ABarappaa:116,ABarappaa,116,24594,-406,-22,8,-444,22.9,277,106,39,297887
ABarappaa:117,ABarappaa,117,24738,-262,193,191,-254,22.9,277,106,38,328219
ABarappaa:118,ABarappaa,118,24754,-246,115,79,-215,21.3,270,97,39,355833
ABarappaa:119,ABarappaa,119,24797,-203,-95,-41,-171,21.1,265,94,41,424257
ABarappaa:120,ABarappaa,120,24793,-207,-162,-208,-215,21.1,258,93,41,324235
ABarappaa:121,ABarappaa,121,24848,-152,-23,-37,-141,21.1,261,94,41,314081
ABarappaa:122,ABarappaa,122,25472,472,415,367,551,21.0,252,96,41,327555
ABarappaa:123,ABarappaa,123,24873,-127,-152,-157,-121,20.9,245,92,37,282094
ABarappaa:124,ABarappaa,124,24946,-54,212,266,-16,20.2,243,95,39,324658
ABarappaa:125,ABarappaa,125,24586,-414,-338,-343,-411,20.1,244,94,39,338792
ABarappaa:126,ABarappaa,126,24861,-139,330,374,-134,20.1,242,99,39,323870
ABarappaa:127,ABarappaa,127,24822,-178,-53,-72,-145,19.2,241,99,41,354580
ABarappaa:128,ABarappaa,128,24552,-448,-405,-319,-503,21.0,235,101,39,356678
ABarappaa:129,ABarappaa,129,24163,-837,-742,-655,-913,21.1,227,104,41,387076
ABarappaa:130,ABarappaa,130,25123,123,522,503,96,21.1,229,108,41,368287
ABarappaa:131,ABarappaa,131,23998,-1002,-1099,-1092,-1390,22.1,227,111,26,109173
ABarappaa:132,ABarappaa,132,24485,-515,-483,-450,-855,22.1,228,109,26,115297
ABarappaa:133,ABarappaa,133,25639,639,824,822,850,23.0,222,119,41,364867
ABarappaa:134,ABarappaa,134,25625,625,239,317,451,22.1,221,115,41,372789
ABarappaa:135,ABarappaa,135,25405,405,462,515,343,22.1,223,118,26,115487
ABarappaa:136,ABarappaa,136,25577,577,322,243,699,22.0,224,116,41,352152
ABarappaa:137,ABarappaa,137,26201,1201,1173,1208,1204,23.0,228,123,41,336473
ABarappaa:138,ABarappaa,138,24312,-688,-1140,-1040,-736,23.1,241,127,41,307465
ABarappaa:139,ABarappaa,139,24768,-232,-247,-181,-292,23.1,241,130,41,293616
ABarappaa:140,ABarappaa,140,24959,-41,-533,-533,-76,24.1,244,131,26,81261
ABarappaa:141,ABarappaa,141,26431,1431,1052,952,1408,24.1,240,145,41,263322
ABarappaa:142,ABarappaa,142,25185,185,-51,-56,160,24.0,236,146,41,287218
ABarappaa:143,ABarappaa,143,26153,1153,1148,1099,1120,24.1,241,154,41,253749
ABarappaa:144,ABarappaa,144,25570,570,35,-9,562,23.0,248,163,41,237964
ABarappaa:145,ABarappaa,145,26723,1723,1258,1371,1692,22.1,244,175,41,225267
ABarappap:114,ABarappap,114,24983,-17,232,250,29,21.0,322,126,40,288829
ABarappap:115,ABarappap,115,25068,68,460,458,88,22.0,327,130,39,263486
ABarappap:116,ABarappap,116,24674,-326,-100,-38,-438,21.2,331,126,43,304251
ABarappap:117,ABarappap,117,24876,-124,-9,-26,-96,22.1,333,126,40,274269
ABarappap:118,ABarappap,118,24558,-442,-443,-447,-488,21.0,321,130,41,315072
ABarappap:119,ABarappap,119,25103,103,449,659,143,21.1,323,129,41,324919
ABarappap:120,ABarappap,120,25633,633,833,969,687,20.2,316,123,39,258303
ABarappap:121,ABarappap,121,25250,250,562,617,102,21.0,317,117,39,271951
ABarappap:122,ABarappap,122,24306,-694,-694,-760,-709,20.0,311,116,26,94503
ABarappap:123,ABarappap,123,25282,282,633,497,728,20.3,310,114,30,94503
ABarappap:124,ABarappap,124,24629,-371,-331,-428,-384,20.7,308,112,34,94503
ABarappap:125,ABarappap,125,24590,-410,-594,-450,-558,21.0,306,110,39,284387
ABarappap:126,ABarappap,126,24136,-864,-1217,-1254,-1259,20.1,303,114,26,91023
ABarappap:127,ABarappap,127,25258,258,482,411,181,20.1,303,114,26,91023
ABarappap:128,ABarappap,128,24930,-70,24,67,19,22.0,293,118,41,327892
ABarappap:129,ABarappap,129,24761,-239,-682,-794,-178,22.1,284,111,26,95087
ABarappap:130,ABarappap,130,25260,260,246,169,465,21.1,283,113,41,345391
ABarappap:131,ABarappap,131,26350,1350,1050,1106,1302,22.2,286,125,39,271623
ABarappap:132,ABarappap,132,25153,153,-32,47,160,22.1,286,126,41,287555
ABarappap:133,ABarappap,133,25746,746,761,732,748,22.1,283,126,41,267216
ABarappap:134,ABarappap,134,26231,1231,978,1017,1216,22.1,281,123,41,299952
ABarappap:135,ABarappap,135,25759,759,631,696,718,22.1,281,123,41,284017
ABarappap:136,ABarappap,136,26433,1433,960,845,1373,22.1,279,112,41,326542
ABarappap:137,ABarappap,137,25112,112,-276,-198,41,23.0,282,118,41,333494
ABarappap:138,ABarappap,138,26645,1645,1075,1027,1628,22.2,287,110,41,326495
ABarappap:139,ABarappap,139,26017,1017,539,532,989,22.2,294,109,41,320319
ABarappap:140,ABarappap,140,24840,-160,-410,-432,-174,23.0,294,112,41,323948
ABarappap:141,ABarappap,141,25314,314,-39,48,227,23.2,285,118,41,304624
ABarappap:142,ABarappap,142,25759,759,193,133,639,23.1,287,120,41,297903
ABarappap:143,ABarappap,143,24595,-405,-1051,-945,-438,24.1,285,131,41,273682
ABarappap:144,ABarappap,144,25287,287,107,187,125,23.1,287,136,41,263939
ABarappap:145,ABarappap,145,26478,1478,286,386,1276,22.2,287,149,41,231044
ABarappp:85,ABarappp,85,24198,-802,348,308,-787,20.1,334,162,52,454475
ABarappp:86,ABarappp,86,23199,-1801,-546,-572,-1800,20.1,342,165,48,365148
ABarappp:87,ABarappp,87,23832,-1168,96,26,-1160,20.1,351,160,46,337846
ABarappp:88,ABarappp,88,23866,-1134,142,172,-1133,20.9,356,167,44,280491
ABarappp:89,ABarappp,89,23468,-1532,-95,-99,-1529,20.3,358,157,46,333893
ABarappp:90,ABarappp,90,23824,-1176,-368,-412,-1174,20.9,359,156,44,324756
ABarappp:91,ABarappp,91,23718,-1282,-441,-476,-1262,20.1,351,149,45,379658
ABarappp:92,ABarappp,92,23857,-1143,66,38,-1141,20.1,349,145,45,395386
ABarappp:93,ABarappp,93,24744,-256,859,824,-255,20.0,357,140,45,433519
ABarappp:94,ABarappp,94,24352,-648,273,297,-618,19.1,359,136,45,454523
ABarappp:95,ABarappp,95,23846,-1154,-307,-323,-1153,19.0,366,133,46,569511
ABarappp:96,ABarappp,96,23686,-1314,-545,-470,-1279,17.9,368,133,46,596213
ABarappp:97,ABarappp,97,24466,-534,394,357,-507,17.1,372,134,46,642461
ABarappp:98,ABarappp,98,23757,-1243,-478,-487,-1230,16.1,372,131,46,678365
ABarappp:99,ABarappp,99,23215,-1785,-1018,-1058,-1777,15.9,380,126,46,701890
ABarappp:100,ABarappp,100,24395,-605,-115,-150,-604,14.8,381,120,46,594261
ABarappp:101,ABarappp,101,24500,-500,-152,-170,-498,14.0,378,127,46,628718
ABarappp:102,ABarappp,102,24831,-169,314,290,-165,15.0,371,126,46,612505
ABarappp:103,ABarappp,103,24419,-581,-204,-216,-578,15.1,361,123,46,647548
ABarappp:104,ABarappp,104,25096,96,446,465,100,15.1,352,123,46,678596
ABarappp:105,ABarappp,105,24932,-68,26,148,-67,15.1,341,122,46,696949
ABarappp:106,ABarappp,106,23987,-1013,-971,-964,-1013,15.1,339,119,46,714654
ABarappp:107,ABarappp,107,24489,-511,-241,-283,-514,15.1,342,110,46,759951
ABarappp:108,ABarappp,108,24408,-592,-207,-183,-599,15.8,336,97,46,845870
ABarappp:109,ABarappp,109,25612,612,1025,1010,647,16.0,335,91,46,866894
ABarappp:110,ABarappp,110,25615,615,728,712,629,17.0,338,76,46,822382
ABarappp:111,ABarappp,111,25095,95,320,399,99,16.9,328,87,45,576862
ABarapppa:112,ABarapppa,112,24954,-46,499,488,-44,17.0,292,71,36,377247
ABarapppa:113,ABarapppa,113,24516,-484,-409,-408,-481,17.9,282,68,41,436726
ABarapppa:114,ABarapppa,114,24591,-409,-91,-97,-224,18.9,277,81,40,402713
ABarapppa:115,ABarapppa,115,23801,-1199,-931,-880,-1169,18.0,269,77,39,430207
ABarapppa:116,ABarapppa,116,26140,1140,1346,1339,1146,18.9,277,73,39,384326
ABarapppa:117,ABarapppa,117,24390,-610,-174,-172,-609,17.9,278,66,38,448824
ABarapppa:118,ABarapppa,118,24272,-728,-184,-201,-717,17.2,259,69,37,404656
ABarapppa:119,ABarapppa,119,24604,-396,-189,-205,-373,16.4,264,71,39,415899
ABarapppa:120,ABarapppa,120,25068,68,273,296,78,16.1,267,69,39,395693
ABarapppa:121,ABarapppa,121,24642,-358,-361,-371,-364,15.3,264,75,39,371544
ABarapppa:122,ABarapppa,122,24441,-559,-670,-614,-602,16.8,265,76,37,348651
ABarapppa:123,ABarapppa,123,24891,-109,69,64,-136,16.1,266,72,37,350775
ABarapppa:124,ABarapppa,124,24529,-471,-583,-606,-462,16.3,263,81,39,374877
ABarapppa:125,ABarapppa,125,24654,-346,-80,-80,-337,16.4,267,78,39,378283
ABarapppa:126,ABarapppa,126,24710,-290,-442,-528,-296,17.1,272,76,37,350064
ABarapppa:127,ABarapppa,127,24856,-144,-202,-289,-132,16.4,263,84,39,367035
ABarapppa:128,ABarapppa,128,24986,-14,288,185,30,17.2,256,90,41,389444
ABarapppa:129,ABarapppa,129,24898,-102,335,339,-50,17.3,249,93,41,358728
ABarapppa:130,ABarapppa,130,25049,49,308,262,36,18.2,235,91,41,385550
ABarapppa:131,ABarapppa,131,25692,692,521,371,985,19.2,232,101,41,371480
ABarapppa:132,ABarapppa,132,25077,77,315,415,515,20.0,230,104,41,392901
ABarapppa:133,ABarapppa,133,24497,-503,-278,-229,-668,20.0,221,106,39,355196
ABarapppa:134,ABarapppa,134,25577,577,29,142,411,20.0,213,102,41,424081
ABarapppa:135,ABarapppa,135,25197,197,322,407,117,19.1,211,106,39,375672
ABarapppa:136,ABarapppa,136,24329,-671,-398,-213,-796,18.3,211,108,39,344813
ABarapppa:137,ABarapppa,137,24894,-106,-86,6,-242,20.0,211,110,37,304006
ABarapppa:138,ABarapppa,138,24863,-137,-307,-316,-139,20.2,207,115,39,305220
ABarapppa:139,ABarapppa,139,25619,619,909,905,620,21.0,211,115,41,374476
ABarapppa:140,ABarapppa,140,24555,-445,-397,-385,-481,21.1,211,121,39,315319
ABarapppa:141,ABarapppa,141,25482,482,258,294,350,21.0,211,134,41,309517
ABarapppa:142,ABarapppa,142,25554,554,663,770,528,21.1,209,141,41,293870
ABarapppa:143,ABarapppa,143,26201,1201,1060,1121,1090,21.2,209,137,39,276003
ABarapppa:144,ABarapppa,144,24222,-778,-663,-676,-809,22.0,208,136,37,266567
ABarapppa:145,ABarapppa,145,25302,302,246,257,175,22.0,204,137,37,265036
ABarapppp:112,ABarapppp,112,25183,183,928,910,181,15.2,329,102,34,279739
ABarapppp:113,ABarapppp,113,24493,-507,-196,-142,-468,15.0,317,108,37,363036
ABarapppp:114,ABarapppp,114,24688,-312,313,408,-308,15.0,309,121,40,389849
ABarapppp:115,ABarapppp,115,24623,-377,127,177,-381,15.9,309,123,39,357020
ABarapppp:116,ABarapppp,116,25924,924,1023,1039,949,16.9,311,124,39,352215
ABarapppp:117,ABarapppp,117,24500,-500,-200,-274,-459,17.1,307,121,40,393521
ABarapppp:118,ABarapppp,118,25356,356,584,617,332,16.3,305,116,41,393670
ABarapppp:119,ABarapppp,119,24475,-525,-130,-122,-529,17.1,309,113,39,405323
ABarapppp:120,ABarapppp,120,24866,-134,153,268,-256,17.1,307,111,41,358524
ABarapppp:121,ABarapppp,121,25586,586,571,541,579,17.1,307,108,41,374881
ABarapppp:122,ABarapppp,122,24882,-118,-119,-219,65,17.0,308,107,39,339377
ABarapppp:123,ABarapppp,123,24138,-862,-535,-401,-1071,17.2,304,108,41,367862
ABarapppp:124,ABarapppp,124,24978,-22,302,268,21,17.2,301,111,39,323230
ABarapppp:125,ABarapppp,125,25343,343,488,423,426,17.2,301,112,41,334696
ABarapppp:126,ABarapppp,126,25433,433,62,64,781,17.3,297,116,41,328645
ABarapppp:127,ABarapppp,127,25232,232,485,497,165,17.2,295,109,41,325509
ABarapppp:128,ABarapppp,128,24477,-523,-481,-432,-559,18.2,294,103,41,353490
ABarapppp:129,ABarapppp,129,24679,-321,-172,-322,-285,19.1,285,93,41,376223
ABarapppp:130,ABarapppp,130,24681,-319,-61,25,-553,19.1,279,98,41,391976
ABarapppp:131,ABarapppp,131,25294,294,-165,84,124,19.1,272,100,39,352150
ABarapppp:132,ABarapppp,132,24593,-407,-314,-251,-425,19.1,272,101,37,313893
ABarapppp:133,ABarapppp,133,25205,205,444,597,-352,19.2,265,95,39,356385
ABarapppp:134,ABarapppp,134,25783,783,795,846,1009,18.1,256,94,41,429870
ABarapppp:135,ABarapppp,135,25891,891,782,877,843,19.1,252,94,41,429103
ABarapppp:136,ABarapppp,136,26290,1290,993,962,1069,19.1,251,92,41,433712
ABarapppp:137,ABarapppp,137,25700,700,87,-112,695,20.1,252,102,26,129571
ABarapppp:138,ABarapppp,138,25488,488,-326,-380,335,20.1,249,101,39,393494
ABarapppp:139,ABarapppp,139,25226,226,7,52,293,20.1,252,96,41,427714
ABarapppp:140,ABarapppp,140,27204,2204,1157,1517,1886,20.1,250,96,26,133184
ABarapppp:141,ABarapppp,141,25166,166,-189,-7,-67,21.0,249,109,41,381618
ABarapppp:142,ABarapppp,142,24712,-288,-966,-821,-349,21.1,244,118,41,356150
ABarapppp:143,ABarapppp,143,25135,135,-305,-331,54,21.1,249,116,41,323400
ABarapppp:144,ABarapppp,144,25390,390,108,65,373,21.1,248,117,39,308692
ABarapppp:145,ABarapppp,145,25301,301,-132,-113,172,22.0,248,116,41,333020
ABarp:29,ABarp,29,23350,-1650,-294,-262,-1614,9.9,275,150,46,613647
ABarp:30,ABarp,30,23456,-1544,-164,-169,-1544,9.7,296,144,56,952223
ABarp:31,ABarp,31,23712,-1288,55,55,-1288,9.8,304,152,61,1235632
ABarp:32,ABarp,32,23539,-1461,-225,-225,-1461,9.5,301,145,62,1472113
ABarp:33,ABarp,33,23375,-1625,-404,-404,-1625,8.8,291,147,63,1496307
ABarp:34,ABarp,34,22960,-2040,-878,-878,-2040,8.7,287,153,65,1666449
ABarp:35,ABarp,35,23622,-1378,-259,-259,-1378,8.0,311,162,65,1673046
ABarp:36,ABarp,36,23725,-1275,-289,-289,-1275,7.8,311,170,65,1670985
ABarp:37,ABarp,37,23739,-1261,-176,-176,-1261,7.5,317,168,69,1852049
ABarp:38,ABarp,38,23573,-1427,-346,-346,-1427,7.4,320,159,68,1864870
ABarp:39,ABarp,39,23127,-1873,-673,-673,-1873,7.4,331,142,71,2098927
ABarp:40,ABarp,40,23396,-1604,-447,-447,-1604,8.7,329,137,67,1836390
ABarp:41,ABarp,41,23021,-1979,-799,-799,-1979,8.3,327,131,69,1998805
ABarp:42,ABarp,42,24397,-603,723,723,-603,8.1,327,131,52,893821
ABarp:43,ABarp,43,23208,-1792,-577,-577,-1792,8.4,336,146,68,1413333
ABarpa:44,ABarpa,44,23249,-1751,-482,-482,-1751,9.2,290,119,37,393510
ABarpa:45,ABarpa,45,23430,-1570,-344,-344,-1570,10.7,283,111,56,995038
ABarpa:46,ABarpa,46,23553,-1447,-216,-216,-1447,9.5,280,109,57,1072853
ABarpa:47,ABarpa,47,23298,-1702,-759,-759,-1702,8.5,265,109,58,1252665
ABarpa:48,ABarpa,48,23515,-1485,-498,-498,-1485,8.6,251,109,61,1467427
ABarpa:49,ABarpa,49,23033,-1967,-923,-923,-1967,9.5,239,110,58,1307100
ABarpa:50,ABarpa,50,23189,-1811,-689,-689,-1811,8.6,234,111,63,1646914
ABarpa:51,ABarpa,51,23290,-1710,-646,-646,-1710,9.6,236,120,60,1538624
ABarpa:52,ABarpa,52,23486,-1514,-669,-669,-1514,9.4,234,118,62,1678247
ABarpa:53,ABarpa,53,23480,-1520,-410,-410,-1520,9.7,239,114,60,1294542
ABarpa:54,ABarpa,54,23195,-1805,-769,-769,-1805,10.7,241,111,60,1328703
ABarpa:55,ABarpa,55,23370,-1630,-277,-277,-1630,10.6,242,114,60,1361244
ABarpa:56,ABarpa,56,23394,-1606,-455,-455,-1606,10.3,254,118,62,1536274
ABarpa:57,ABarpa,57,23130,-1870,-838,-838,-1870,10.3,244,117,63,1579637
ABarpa:58,ABarpa,58,23524,-1476,-421,-421,-1476,9.9,240,118,61,1602159
ABarpa:59,ABarpa,59,23086,-1914,-952,-952,-1914,9.6,252,119,63,1730172
ABarpa:60,ABarpa,60,22797,-2203,-1204,-1204,-2203,9.7,248,128,61,1608033
ABarpa:61,ABarpa,61,23795,-1205,-7,-7,-1205,9.7,256,130,60,1228241
ABarpa:62,ABarpa,62,22821,-2179,-1052,-1052,-2179,9.2,252,131,59,1263979
ABarpaa:63,ABarpaa,63,23830,-1170,-188,-188,-1168,8.2,224,125,38,476324
ABarpaa:64,ABarpaa,64,23762,-1238,-285,-286,-1238,10.3,212,124,49,703918
ABarpaa:65,ABarpaa,65,23819,-1181,-39,-29,-1181,10.9,198,130,53,996913
ABarpaa:66,ABarpaa,66,23282,-1718,-834,-834,-1718,10.4,189,129,52,1035258
ABarpaa:67,ABarpaa,67,23517,-1483,-442,-442,-1483,10.0,174,136,52,1142707
ABarpaa:68,ABarpaa,68,23526,-1474,-214,-214,-1474,11.0,174,135,52,1199523
ABarpaa:69,ABarpaa,69,23528,-1472,-689,-689,-1472,11.0,170,134,52,1235125
ABarpaa:70,ABarpaa,70,24068,-932,120,120,-932,11.3,165,126,52,1249190
ABarpaa:71,ABarpaa,71,24109,-891,360,360,-891,10.9,164,124,52,1294499
ABarpaa:72,ABarpaa,72,23693,-1307,-444,-444,-1307,11.3,160,126,55,1438493
ABarpaa:73,ABarpaa,73,23254,-1746,-679,-679,-1746,11.2,173,132,55,1428344
ABarpaa:74,ABarpaa,74,23326,-1674,-982,-982,-1674,10.4,164,130,55,1451607
ABarpaa:75,ABarpaa,75,23642,-1358,-337,-337,-1358,11.1,161,133,54,1535274
ABarpaa:76,ABarpaa,76,24097,-903,4,4,-903,10.3,170,126,54,1527991
ABarpaa:77,ABarpaa,77,23136,-1864,-1091,-1091,-1864,10.9,172,127,54,1574657
ABarpaa:78,ABarpaa,78,23114,-1886,-703,-703,-1886,10.5,173,131,56,1671872
ABarpaa:79,ABarpaa,79,23539,-1461,-654,-654,-1461,10.8,170,128,54,1581847
ABarpaa:80,ABarpaa,80,23629,-1371,-388,-388,-1371,10.1,174,132,55,1381551
ABarpaa:81,ABarpaa,81,24470,-530,705,705,-530,9.9,188,132,55,1369728
ABarpaa:82,ABarpaa,82,23625,-1375,-552,-550,-1375,10.0,185,130,55,1120481
ABarpaa:83,ABarpaa,83,23886,-1114,-51,-51,-1114,10.1,161,125,48,820954
ABarpaaa:84,ABarpaaa,84,24558,-442,604,601,-441,11.0,138,121,37,389524
ABarpaaa:85,ABarpaaa,85,24372,-628,704,705,-623,13.2,132,117,40,493922
ABarpaaa:86,ABarpaaa,86,23489,-1511,-772,-781,-1511,12.7,131,123,48,786888
ABarpaaa:87,ABarpaaa,87,24316,-684,535,535,-684,11.9,125,125,46,796064
ABarpaaa:88,ABarpaaa,88,24457,-543,386,412,-540,11.0,120,133,44,703039
ABarpaaa:89,ABarpaaa,89,23195,-1805,-974,-990,-1797,11.0,114,133,44,721436
ABarpaaa:90,ABarpaaa,90,24997,-3,1031,995,30,12.9,114,132,44,717508
ABarpaaa:91,ABarpaaa,91,24049,-951,-80,-143,-930,12.0,113,134,45,754919
ABarpaaa:92,ABarpaaa,92,23165,-1835,-779,-842,-1708,12.1,105,145,34,420789
ABarpaaa:93,ABarpaaa,93,23679,-1321,-508,-510,-1286,12.0,100,149,45,758641
ABarpaaa:94,ABarpaaa,94,23136,-1864,-975,-966,-1852,12.1,111,140,45,747729
ABarpaaa:95,ABarpaaa,95,24263,-737,-150,-128,-734,12.0,120,137,46,881982
ABarpaaa:96,ABarpaaa,96,23983,-1017,67,57,-1006,12.2,124,134,46,853819
ABarpaaa:97,ABarpaaa,97,24047,-953,-18,-51,-942,12.0,137,128,46,892627
ABarpaaa:98,ABarpaaa,98,24042,-958,108,67,-943,11.8,138,133,46,887424
ABarpaaa:99,ABarpaaa,99,23874,-1126,-105,-44,-1125,10.8,142,129,46,906097
ABarpaaa:100,ABarpaaa,100,25396,396,550,547,400,10.0,139,135,46,828841
ABarpaaa:101,ABarpaaa,101,23690,-1310,-1117,-1124,-1301,9.9,144,138,46,812859
ABarpaaa:102,ABarpaaa,102,24448,-552,-261,-295,-551,9.1,137,145,46,837077
ABarpaaa:103,ABarpaaa,103,24696,-304,-14,1,-303,8.8,146,140,46,834849
ABarpaaa:104,ABarpaaa,104,25383,383,548,573,383,8.8,147,137,46,865835
ABarpaaa:105,ABarpaaa,105,25222,222,340,335,224,7.8,148,145,46,871237
ABarpaaa:106,ABarpaaa,106,24852,-148,149,135,-148,7.8,157,144,46,862020
ABarpaaa:107,ABarpaaa,107,24488,-512,-169,-177,-512,8.1,171,134,46,876937
ABarpaaa:108,ABarpaaa,108,24806,-194,20,48,-193,7.8,174,135,46,880443
ABarpaaa:109,ABarpaaa,109,24839,-161,219,203,-161,7.0,180,140,46,904183
ABarpaaa:110,ABarpaaa,110,25443,443,745,749,449,7.2,170,140,46,911269
ABarpaaa:111,ABarpaaa,111,24666,-334,166,172,-334,7.0,164,138,47,918064
ABarpaaa:112,ABarpaaa,112,25378,378,786,788,378,6.9,155,153,44,777405
ABarpaaa:113,ABarpaaa,113,25662,662,867,858,671,6.4,150,156,43,658107
ABarpaaa:114,ABarpaaa,114,25822,822,1124,1122,834,7.0,166,160,40,586823
ABarpaaa:115,ABarpaaa,115,26314,1314,1918,1893,1315,7.0,168,159,39,520120
ABarpaaaa:116,ABarpaaaa,116,24785,-215,249,252,-203,7.1,146,150,35,327258
ABarpaaaa:117,ABarpaaaa,117,25454,454,845,838,441,6.3,148,155,34,328717
ABarpaaaa:118,ABarpaaaa,118,25049,49,254,213,35,6.2,140,163,37,454925
ABarpaaaa:119,ABarpaaaa,119,25692,692,988,984,683,6.2,132,171,37,466953
ABarpaaaa:120,ABarpaaaa,120,25139,139,461,431,141,7.2,127,172,37,431817
ABarpaaaa:121,ABarpaaaa,121,24465,-535,-88,-69,-545,7.3,119,180,39,458133
ABarpaaaa:122,ABarpaaaa,122,24775,-225,546,534,-225,7.0,118,182,37,428582
ABarpaaaa:123,ABarpaaaa,123,25963,963,1506,1507,936,6.8,124,184,37,419933
ABarpaaaa:124,ABarpaaaa,124,26313,1313,1570,1538,1336,6.8,124,193,37,414260
ABarpaaaa:125,ABarpaaaa,125,25613,613,855,879,588,6.1,133,196,37,420628
ABarpaaaa:126,ABarpaaaa,126,25153,153,405,410,106,5.8,130,204,37,400913
ABarpaaaa:127,ABarpaaaa,127,25880,880,1409,1436,887,5.2,129,201,37,405147
ABarpaaaa:128,ABarpaaaa,128,25110,110,400,447,35,5.3,132,207,39,441584
ABarpaaaa:129,ABarpaaaa,129,25740,740,1149,1239,640,5.3,132,212,39,443140
ABarpaaaa:130,ABarpaaaa,130,26155,1155,1015,1212,1001,5.1,137,219,37,409180
ABarpaaaa:131,ABarpaaaa,131,26693,1693,1494,1592,1820,5.0,142,225,39,442886
ABarpaaaa:132,ABarpaaaa,132,26226,1226,1173,1204,1196,5.2,145,224,37,418383
ABarpaaaa:133,ABarpaaaa,133,25643,643,326,485,588,5.1,151,227,39,451047
ABarpaaaa:134,ABarpaaaa,134,25159,159,276,396,102,5.1,143,224,39,453665
ABarpaaaa:135,ABarpaaaa,135,26266,1266,1312,1400,1230,5.2,142,233,39,444123
ABarpaaaa:136,ABarpaaaa,136,26368,1368,1085,1049,1344,5.3,144,231,39,446360
ABarpaaaa:137,ABarpaaaa,137,27203,2203,2046,2176,2160,5.2,144,225,39,449532
ABarpaaaa:138,ABarpaaaa,138,25060,60,155,274,15,5.1,150,223,39,454775
ABarpaaaa:139,ABarpaaaa,139,26200,1200,891,1113,1084,5.2,150,221,39,455864
ABarpaaaa:140,ABarpaaaa,140,26021,1021,1040,1080,921,5.3,145,218,39,449624
ABarpaaaa:141,ABarpaaaa,141,27387,2387,2386,2574,2323,5.3,146,220,39,457519
ABarpaaaa:142,ABarpaaaa,142,26034,1034,667,676,966,5.3,140,228,39,456373
ABarpaaaa:143,ABarpaaaa,143,26381,1381,900,956,1243,5.4,148,228,39,446017
ABarpaaaa:144,ABarpaaaa,144,26534,1534,1463,1487,1435,5.2,148,231,37,422288
ABarpaaaa:145,ABarpaaaa,145,27274,2274,2236,2349,2174,5.1,149,230,39,470802
ABarpaaap:116,ABarpaaap,116,25530,530,643,704,525,6.0,198,174,33,301329
ABarpaaap:117,ABarpaaap,117,26300,1300,1281,1301,1298,5.2,199,179,34,326889
ABarpaaap:118,ABarpaaap,118,26002,1002,895,860,1029,5.9,194,189,37,433072
ABarpaaap:119,ABarpaaap,119,25547,547,739,724,576,5.8,195,195,37,441339
ABarpaaap:120,ABarpaaap,120,25658,658,854,880,574,5.1,193,199,37,385382
ABarpaaap:121,ABarpaaap,121,24696,-304,-362,-396,-380,5.0,185,204,37,388176
ABarpaaap:122,ABarpaaap,122,25722,722,1135,980,753,5.1,184,210,37,388670
ABarpaaap:123,ABarpaaap,123,25047,47,203,234,-44,5.0,181,220,37,395195
ABarpaaap:124,ABarpaaap,124,25247,247,397,404,232,5.2,182,228,37,387229
ABarpaaap:125,ABarpaaap,125,25856,856,727,647,821,5.2,180,232,37,393397
ABarpaaap:126,ABarpaaap,126,26036,1036,976,1192,943,5.8,183,237,37,392802
ABarpaaap:127,ABarpaaap,127,25687,687,566,695,669,6.0,185,239,37,414102
ABarpaaap:128,ABarpaaap,128,26255,1255,1387,1381,1259,5.3,187,234,37,397199
ABarpaaap:129,ABarpaaap,129,26330,1330,1034,1044,1316,5.2,187,237,37,405637
ABarpaaap:130,ABarpaaap,130,26874,1874,1610,1744,1831,5.7,187,241,37,393371
ABarpaaap:131,ABarpaaap,131,25593,593,605,715,524,6.1,188,245,37,421433
ABarpaaap:132,ABarpaaap,132,26035,1035,1050,1281,966,5.8,186,242,37,412774
ABarpaaap:133,ABarpaaap,133,26218,1218,1430,1487,1151,6.2,188,245,37,419696
ABarpaaap:134,ABarpaaap,134,24717,-283,-183,-230,-335,5.8,181,241,37,407722
ABarpaaap:135,ABarpaaap,135,26451,1451,1271,1453,1388,5.2,183,249,37,407232
ABarpaaap:136,ABarpaaap,136,25406,406,375,562,329,5.2,184,247,37,417630
ABarpaaap:137,ABarpaaap,137,27386,2386,2319,2364,2312,5.7,183,246,37,405162
ABarpaaap:138,ABarpaaap,138,25868,868,898,1012,854,5.9,187,241,37,422830
ABarpaaap:139,ABarpaaap,139,27087,2087,1845,1952,2013,5.8,183,241,37,420297
ABarpaaap:140,ABarpaaap,140,26462,1462,1457,1474,1422,5.9,176,241,37,434132
ABarpaaap:141,ABarpaaap,141,26433,1433,1684,2006,1321,6.0,182,233,39,477739
ABarpaaap:142,ABarpaaap,142,26366,1366,1253,1472,1305,5.7,178,237,37,410722
ABarpaaap:143,ABarpaaap,143,26678,1678,1470,1588,1562,5.2,183,238,39,458623
ABarpaaap:144,ABarpaaap,144,27103,2103,2047,2031,2050,5.2,189,236,37,428265
ABarpaaap:145,ABarpaaap,145,27590,2590,2492,2573,2526,5.1,191,236,37,431496
ABarpaap:84,ABarpaap,84,24589,-411,882,882,-409,8.3,186,125,35,302933
ABarpaap:85,ABarpaap,85,24275,-725,137,134,-724,9.2,177,124,42,578325
ABarpaap:86,ABarpaap,86,24566,-434,21,3,-430,9.1,180,131,46,806487
ABarpaap:87,ABarpaap,87,23744,-1256,-153,-154,-1256,8.8,188,137,46,805525
ABarpaap:88,ABarpaap,88,22836,-2164,-1241,-1241,-2164,7.9,188,150,44,720645
ABarpaap:89,ABarpaap,89,23266,-1734,-774,-781,-1733,8.2,193,157,46,820983
ABarpaap:90,ABarpaap,90,23559,-1441,-593,-564,-1441,8.2,191,149,46,848028
ABarpaap:91,ABarpaap,91,23385,-1615,-509,-498,-1615,8.1,188,150,47,859630
ABarpaap:92,ABarpaap,92,23855,-1145,-334,-344,-1145,8.4,183,141,47,816695
ABarpaap:93,ABarpaap,93,24198,-802,198,189,-801,8.3,187,146,47,847231
ABarpaap:94,ABarpaap,94,23823,-1177,-333,-320,-1177,8.2,183,143,47,873492
ABarpaap:95,ABarpaap,95,24072,-928,-40,-59,-928,9.1,190,133,48,1028275
ABarpaap:96,ABarpaap,96,24258,-742,170,216,-741,8.3,195,143,48,1022112
ABarpaap:97,ABarpaap,97,23321,-1679,-660,-640,-1676,8.4,204,135,48,1022027
ABarpaap:98,ABarpaap,98,23345,-1655,-439,-440,-1654,8.1,203,143,50,1178378
ABarpaap:99,ABarpaap,99,24388,-612,208,216,-611,7.6,204,146,48,1087237
ABarpaap:100,ABarpaap,100,23701,-1299,-967,-949,-1299,7.1,205,146,48,943226
ABarpaap:101,ABarpaap,101,24709,-291,-195,-203,-291,6.6,210,152,48,942059
ABarpaap:102,ABarpaap,102,24328,-672,-224,-197,-669,6.3,218,165,48,943555
ABarpaap:103,ABarpaap,103,24809,-191,156,135,-190,6.2,219,167,50,1034963
ABarpaap:104,ABarpaap,104,24648,-352,-154,-160,-350,6.2,224,163,50,1043875
ABarpaap:105,ABarpaap,105,23890,-1110,-1134,-1150,-1100,6.1,218,170,48,967550
ABarpaap:106,ABarpaap,106,24887,-113,95,93,-92,6.2,227,182,46,895748
ABarpaap:107,ABarpaap,107,24959,-41,283,274,22,6.2,236,179,46,878519
ABarpaap:108,ABarpaap,108,24527,-473,-166,-145,-459,6.2,240,182,46,870274
ABarpaap:109,ABarpaap,109,25110,110,404,360,131,6.9,236,188,46,656555
ABarpaapa:110,ABarpaapa,110,24184,-816,-337,-199,-804,6.9,219,184,30,256825
ABarpaapa:111,ABarpaapa,111,24211,-789,-291,-291,-779,6.0,212,176,35,336276
ABarpaapa:112,ABarpaapa,112,24816,-184,125,129,-179,6.0,205,182,36,438621
ABarpaapa:113,ABarpaapa,113,24652,-348,-144,-149,-346,5.5,205,183,39,487208
ABarpaapa:114,ABarpaapa,114,25092,92,223,216,123,5.8,214,191,40,498894
ABarpaapa:115,ABarpaapa,115,25345,345,812,806,328,5.8,219,181,39,475842
ABarpaapa:116,ABarpaapa,116,25313,313,467,549,295,5.8,229,196,39,476747
ABarpaapa:117,ABarpaapa,117,24854,-146,56,30,-163,5.8,233,204,38,486731
ABarpaapa:118,ABarpaapa,118,24656,-344,-89,-160,-357,5.4,232,211,39,463101
ABarpaapa:119,ABarpaapa,119,25133,133,124,164,110,5.5,230,220,39,453149
ABarpaapa:120,ABarpaapa,120,25215,215,0,-67,177,5.5,225,226,39,433711
ABarpaapa:121,ABarpaapa,121,25571,571,282,211,393,5.5,221,231,39,397503
ABarpaapa:122,ABarpaapa,122,24981,-19,-313,-238,-56,5.4,223,231,39,414319
ABarpaapa:123,ABarpaapa,123,25197,197,42,35,199,5.3,218,237,39,432196
ABarpaapa:124,ABarpaapa,124,25596,596,754,693,534,5.3,222,243,41,476911
ABarpaapa:125,ABarpaapa,125,25660,660,252,336,518,5.3,218,243,41,471204
ABarpaapa:126,ABarpaapa,126,27212,2212,1952,2016,2054,5.2,222,245,39,444906
ABarpaapa:127,ABarpaapa,127,25809,809,-562,-468,419,5.3,223,246,39,437808
ABarpaapa:128,ABarpaapa,128,25581,581,-2193,-1538,-364,5.3,227,250,41,481964
ABarpaapa:129,ABarpaapa,129,25755,755,-543,-582,546,5.3,229,250,41,468486
ABarpaapa:130,ABarpaapa,130,26382,1382,832,787,1277,5.3,228,247,41,480905
ABarpaapa:131,ABarpaapa,131,27072,2072,1761,1720,2025,5.2,229,242,41,487110
ABarpaapa:132,ABarpaapa,132,26764,1764,979,993,1614,5.3,230,242,41,492003
ABarpaapa:133,ABarpaapa,133,26830,1830,1047,1137,1439,5.2,232,244,41,494945
ABarpaapa:134,ABarpaapa,134,26649,1649,315,246,1298,5.1,228,240,41,494953
ABarpaapa:135,ABarpaapa,135,26538,1538,-748,-621,1089,5.0,235,245,41,505866
ABarpaapa:136,ABarpaapa,136,26566,1566,414,412,1190,5.1,240,241,41,503370
ABarpaapa:137,ABarpaapa,137,26553,1553,-178,-198,1374,5.1,238,235,41,498893
ABarpaapa:138,ABarpaapa,138,28244,3244,1322,1302,3136,5.1,242,228,41,504365
ABarpaapa:139,ABarpaapa,139,26669,1669,-577,-616,1490,5.0,241,232,41,494963
ABarpaapa:140,ABarpaapa,140,28453,3453,1284,1235,3069,4.6,240,233,41,495554
ABarpaapa:141,ABarpaapa,141,28011,3011,-1035,-1130,2487,4.6,252,230,41,492081
ABarpaapa:142,ABarpaapa,142,27805,2805,412,376,2414,4.6,251,229,41,505026
ABarpaapa:143,ABarpaapa,143,27855,2855,373,357,2655,4.6,255,226,41,510816
ABarpaapa:144,ABarpaapa,144,26900,1900,244,226,1681,5.0,251,222,41,501331
ABarpaapa:145,ABarpaapa,145,28311,3311,1033,981,3183,5.2,252,222,41,510687
ABarpaapp:110,ABarpaapp,110,24817,-183,137,135,-138,6.1,250,202,34,306564
ABarpaapp:111,ABarpaapp,111,24870,-130,-330,-330,-127,6.2,266,198,37,379689
ABarpaapp:112,ABarpaapp,112,25061,61,-10,-15,55,6.2,271,198,40,495584
ABarpaapp:113,ABarpaapp,113,25360,360,33,29,318,6.2,279,193,41,522994
ABarpaapp:114,ABarpaapp,114,25416,416,390,387,358,6.2,296,193,40,527411
ABarpaapp:115,ABarpaapp,115,24625,-375,-258,-270,-373,6.1,306,193,41,535481
ABarpaapp:116,ABarpaapp,116,24895,-105,-242,-247,-106,6.3,315,193,41,519946
ABarpaapp:117,ABarpaapp,117,25376,376,94,100,377,6.1,320,203,38,510727
ABarpaapp:118,ABarpaapp,118,25936,936,241,285,917,6.2,316,206,41,549382
ABarpaapp:119,ABarpaapp,119,25716,716,328,332,694,6.0,324,215,41,558412
ABarpaapp:120,ABarpaapp,120,25734,734,-450,-476,716,6.1,321,224,39,439606
ABarpaapp:121,ABarpaapp,121,25899,899,-31,-41,878,6.0,321,218,41,478375
ABarpaapp:122,ABarpaapp,122,25822,822,64,84,815,5.4,327,224,41,426160
ABarpaapp:123,ABarpaapp,123,25867,867,-189,-185,731,5.5,330,229,41,434225
ABarpaapp:124,ABarpaapp,124,26289,1289,126,78,1077,5.6,329,233,39,444416
ABarpaapp:125,ABarpaapp,125,26873,1873,842,828,1691,5.5,328,232,39,397497
ABarpaapp:126,ABarpaapp,126,26105,1105,255,217,1051,5.4,339,234,41,448352
ABarpaapp:127,ABarpaapp,127,25798,798,400,392,781,5.4,338,232,41,453409
ABarpaapp:128,ABarpaapp,128,26470,1470,545,587,1436,5.3,331,230,41,468172
ABarpaapp:129,ABarpaapp,129,26365,1365,892,885,1353,5.3,331,233,41,483419
ABarpaapp:130,ABarpaapp,130,25839,839,23,-6,830,5.3,333,235,41,484982
ABarpaapp:131,ABarpaapp,131,26187,1187,435,440,1179,5.2,332,232,41,481697
ABarpaapp:132,ABarpaapp,132,26607,1607,660,636,1566,5.2,323,230,41,500374
ABarpaapp:133,ABarpaapp,133,26170,1170,505,510,1153,5.2,324,230,41,499580
ABarpaapp:134,ABarpaapp,134,27359,2359,1353,1378,2343,5.1,323,237,41,498371
ABarpaapp:135,ABarpaapp,135,27269,2269,1249,1271,2253,5.1,327,236,41,498236
ABarpaapp:136,ABarpaapp,136,26636,1636,636,667,1615,5.3,326,232,41,507456
ABarpaapp:137,ABarpaapp,137,26681,1681,554,572,1637,5.2,330,228,41,508078
ABarpaapp:138,ABarpaapp,138,25997,997,-9,43,971,5.1,331,226,41,510650
ABarpaapp:139,ABarpaapp,139,26882,1882,351,349,1862,5.1,333,230,41,513220
ABarpaapp:140,ABarpaapp,140,27192,2192,797,791,2183,5.1,330,233,41,512269
ABarpaapp:141,ABarpaapp,141,27083,2083,1030,1041,2080,5.1,336,228,41,501814
ABarpaapp:142,ABarpaapp,142,27578,2578,1299,1294,2573,5.0,338,227,41,514886
ABarpaapp:143,ABarpaapp,143,26768,1768,747,747,1768,5.0,335,225,41,508513
ABarpaapp:144,ABarpaapp,144,26450,1450,-8,-8,1450,5.1,336,235,41,519142
ABarpaapp:145,ABarpaapp,145,27550,2550,1096,1089,2546,5.0,337,234,41,520441
ABarpap:63,ABarpap,63,23429,-1571,-161,-166,-1569,13.0,264,149,54,704192
ABarpap:64,ABarpap,64,24043,-957,24,10,-957,14.1,260,158,55,731648
ABarpap:65,ABarpap,65,23410,-1590,-255,-250,-1590,13.9,258,160,53,739903
ABarpap:66,ABarpap,66,23543,-1457,56,56,-1457,14.8,258,158,52,733329
ABarpap:67,ABarpap,67,23871,-1129,130,111,-1129,15.9,263,152,52,723809
ABarpap:68,ABarpap,68,23673,-1327,-405,-405,-1327,15.1,270,158,52,748264
ABarpap:69,ABarpap,69,23258,-1742,-334,-334,-1741,14.9,266,158,52,849648
ABarpap:70,ABarpap,70,23367,-1633,-217,-217,-1633,14.9,270,154,52,890072
ABarpap:71,ABarpap,71,23154,-1846,-433,-429,-1840,14.3,270,148,52,952954
ABarpap:72,ABarpap,72,23391,-1609,-309,-309,-1605,14.0,273,158,53,977005
ABarpap:73,ABarpap,73,23764,-1236,0,0,-1231,13.9,269,158,53,994255
ABarpap:74,ABarpap,74,23286,-1714,-537,-533,-1708,13.9,270,157,53,1085391
ABarpap:75,ABarpap,75,23546,-1454,-323,-323,-1445,14.0,267,159,54,1203741
ABarpap:76,ABarpap,76,24120,-880,486,485,-878,13.8,275,165,54,1213345
ABarpap:77,ABarpap,77,23803,-1197,-276,-280,-1192,13.8,272,171,54,1292987
ABarpap:78,ABarpap,78,24176,-824,318,317,-822,13.8,264,172,54,1275384
ABarpap:79,ABarpap,79,23770,-1230,89,81,-1221,14.2,268,165,54,1267068
ABarpap:80,ABarpap,80,24291,-709,603,607,-698,14.1,269,164,55,999683
ABarpap:81,ABarpap,81,24203,-797,383,377,-793,13.8,274,168,55,1057990
ABarpap:82,ABarpap,82,23916,-1084,74,69,-1072,13.9,273,163,55,1107468
ABarpap:83,ABarpap,83,23701,-1299,-239,-251,-1288,13.9,264,163,54,946299
ABarpap:84,ABarpap,84,24076,-924,311,311,-921,14.0,266,165,49,721999
ABarpapa:85,ABarpapa,85,24038,-962,160,187,-960,15.7,233,151,52,618734
ABarpapa:86,ABarpapa,86,23254,-1746,-573,-574,-1743,16.1,228,158,48,576144
ABarpapa:87,ABarpapa,87,24227,-773,530,530,-770,16.2,225,162,46,538419
ABarpapa:88,ABarpapa,88,23322,-1678,-148,-148,-1674,15.9,224,143,44,508996
ABarpapa:89,ABarpapa,89,23662,-1338,-297,-297,-1338,15.9,220,145,44,510632
ABarpapa:90,ABarpapa,90,24317,-683,282,289,-679,15.2,228,145,44,526059
ABarpapa:91,ABarpapa,91,24764,-236,680,687,-232,14.9,231,141,45,556087
ABarpapa:92,ABarpapa,92,23968,-1032,-24,-40,-1021,14.8,229,137,45,609013
ABarpapa:93,ABarpapa,93,23814,-1186,-370,-379,-1162,14.0,234,133,45,646396
ABarpapa:94,ABarpapa,94,24222,-778,207,207,-684,13.1,238,134,45,651385
ABarpapa:95,ABarpapa,95,23596,-1404,-274,-274,-1379,13.0,257,131,46,762257
ABarpapa:96,ABarpapa,96,23642,-1358,-367,-367,-1337,12.8,260,131,46,772136
ABarpapa:97,ABarpapa,97,23807,-1193,-76,-76,-1063,11.2,271,124,46,831551
ABarpapa:98,ABarpapa,98,23726,-1274,-44,-73,-1225,11.0,269,124,46,870577
ABarpapa:99,ABarpapa,99,23420,-1580,-757,-751,-1543,10.2,271,130,46,898951
ABarpapa:100,ABarpapa,100,24994,-6,205,240,2,10.0,268,135,46,780746
ABarpapa:101,ABarpapa,101,24990,-10,68,87,-10,10.0,269,138,46,778675
ABarpapa:102,ABarpapa,102,24067,-933,-569,-635,-932,9.1,265,140,46,827323
ABarpapa:103,ABarpapa,103,24413,-587,-124,-93,-587,9.1,266,141,46,831517
ABarpapa:104,ABarpapa,104,25653,653,1110,1078,654,9.0,269,141,46,858186
ABarpapa:105,ABarpapa,105,24557,-443,-329,-315,-442,8.8,267,140,46,834116
ABarpapa:106,ABarpapa,106,24710,-290,195,182,-294,9.3,269,146,48,936516
ABarpapa:107,ABarpapa,107,24791,-209,279,278,-209,9.1,274,135,46,848164
ABarpapa:108,ABarpapa,108,24758,-242,19,39,-242,9.0,272,132,46,870258
ABarpapa:109,ABarpapa,109,25777,777,1021,996,777,9.0,270,136,46,877505
ABarpapa:110,ABarpapa,110,24916,-84,-40,-40,-84,9.0,265,133,42,611447
ABarpapa:111,ABarpapa,111,25052,52,540,540,52,8.0,263,126,37,440042
ABarpapaa:112,ABarpapaa,112,25989,989,1601,1594,991,8.5,223,113,36,333124
ABarpapaa:113,ABarpapaa,113,26125,1125,1625,1623,1125,8.3,207,118,35,324481
ABarpapaa:114,ABarpapaa,114,25679,679,894,902,674,8.5,210,123,38,412565
ABarpapaa:115,ABarpapaa,115,24948,-52,421,435,-52,9.1,206,124,39,473634
ABarpapaa:116,ABarpapaa,116,24934,-66,236,256,-61,8.8,199,132,39,486634
ABarpapaa:117,ABarpapaa,117,27004,2004,2673,2679,2033,8.7,192,132,38,486561
ABarpapaa:118,ABarpapaa,118,24900,-100,158,210,-106,6.5,183,142,39,504908
ABarpapaa:119,ABarpapaa,119,25757,757,1057,1067,755,6.1,177,144,41,547003
ABarpapaa:120,ABarpapaa,120,24329,-671,-382,-433,-670,6.0,171,150,39,442968
ABarpapaa:121,ABarpapaa,121,25215,215,173,177,216,5.4,167,152,39,411635
ABarpapaa:122,ABarpapaa,122,26474,1474,1904,1933,1472,5.3,164,161,39,427580
ABarpapaa:123,ABarpapaa,123,26242,1242,1190,1266,1230,5.2,166,163,37,395430
ABarpapaa:124,ABarpapaa,124,25207,207,195,157,225,5.2,164,175,39,439059
ABarpapaa:125,ABarpapaa,125,25865,865,1076,1074,858,5.0,176,177,39,440762
ABarpapaa:126,ABarpapaa,126,25867,867,1172,1100,843,5.0,171,183,37,392612
ABarpapaa:127,ABarpapaa,127,26309,1309,1596,1591,1313,4.5,176,177,39,431623
ABarpapaa:128,ABarpapaa,128,25818,818,1328,1289,840,4.5,175,175,39,425584
ABarpapaa:129,ABarpapaa,129,25075,75,181,216,-101,4.6,177,177,41,482876
ABarpapaa:130,ABarpapaa,130,25522,522,582,676,378,4.6,182,184,39,449941
ABarpapaa:131,ABarpapaa,131,25141,141,207,303,-69,4.6,176,190,41,474399
ABarpapaa:132,ABarpapaa,132,25981,981,896,961,954,4.6,179,194,39,443575
ABarpapaa:133,ABarpapaa,133,26333,1333,1059,1307,1272,5.1,187,200,39,440660
ABarpapaa:134,ABarpapaa,134,26460,1460,1751,1784,1491,5.3,182,197,41,482390
ABarpapaa:135,ABarpapaa,135,27101,2101,2192,2204,2028,5.4,189,203,39,437537
ABarpapaa:136,ABarpapaa,136,27133,2133,2005,2074,2111,5.3,187,201,39,442066
ABarpapaa:137,ABarpapaa,137,26627,1627,1782,1885,1588,5.3,188,194,39,446278
ABarpapaa:138,ABarpapaa,138,25243,243,293,332,195,5.3,192,189,41,473608
ABarpapaa:139,ABarpapaa,139,27095,2095,2386,2505,2068,5.4,187,183,39,441491
ABarpapaa:140,ABarpapaa,140,27444,2444,2353,2335,2411,5.3,176,183,41,480281
ABarpapaa:141,ABarpapaa,141,27715,2715,2594,2530,2713,5.2,174,171,39,461049
ABarpapaa:142,ABarpapaa,142,26990,1990,2029,2021,1970,5.3,167,177,39,455924
ABarpapaa:143,ABarpapaa,143,27114,2114,1874,1867,2066,5.2,173,180,39,445378
ABarpapaa:144,ABarpapaa,144,26281,1281,1256,1300,1232,5.4,173,185,39,439100
ABarpapaa:145,ABarpapaa,145,26901,1901,1837,1889,1872,5.8,174,180,37,405421
ABarpapap:112,ABarpapap,112,24988,-12,640,625,-81,7.0,260,144,32,305511
ABarpapap:113,ABarpapap,113,25095,95,244,269,70,6.2,249,140,35,335791
ABarpapap:114,ABarpapap,114,25414,414,567,510,446,7.3,256,138,38,462737
ABarpapap:115,ABarpapap,115,24684,-316,99,62,-334,7.9,264,136,39,497306
ABarpapap:116,ABarpapap,116,24332,-668,-523,-331,-873,8.0,265,141,39,491848
ABarpapap:117,ABarpapap,117,24472,-528,-215,-142,-539,7.8,263,150,38,498240
ABarpapap:118,ABarpapap,118,25909,909,1423,1396,1096,7.5,251,153,39,459125
ABarpapap:119,ABarpapap,119,25021,21,81,53,57,7.1,246,151,37,460313
ABarpapap:120,ABarpapap,120,25025,25,7,93,3,5.9,239,156,37,383092
ABarpapap:121,ABarpapap,121,25501,501,581,666,460,5.1,240,157,39,418416
ABarpapap:122,ABarpapap,122,25216,216,306,231,233,5.1,243,156,37,389116
ABarpapap:123,ABarpapap,123,25893,893,1070,1126,868,5.1,245,163,37,393342
ABarpapap:124,ABarpapap,124,25431,431,807,774,396,5.1,233,165,37,399400
ABarpapap:125,ABarpapap,125,25006,6,179,171,-30,5.3,240,163,39,430740
ABarpapap:126,ABarpapap,126,25337,337,479,655,279,5.3,237,160,39,434141
ABarpapap:127,ABarpapap,127,26740,1740,2037,2024,1760,5.1,240,161,39,438477
ABarpapap:128,ABarpapap,128,25640,640,879,988,671,5.2,238,166,37,400700
ABarpapap:129,ABarpapap,129,26532,1532,1431,1368,1531,5.2,237,169,39,442669
ABarpapap:130,ABarpapap,130,25963,963,873,958,927,5.2,238,176,41,478875
ABarpapap:131,ABarpapap,131,26350,1350,1195,1249,1396,5.1,232,170,39,457099
ABarpapap:132,ABarpapap,132,27570,2570,2514,2764,2585,5.1,235,169,41,480199
ABarpapap:133,ABarpapap,133,26791,1791,1903,1986,1799,5.3,232,168,39,439309
ABarpapap:134,ABarpapap,134,26307,1307,1356,1467,1396,5.3,230,172,39,446379
ABarpapap:135,ABarpapap,135,27183,2183,2216,2448,2292,5.2,231,180,39,450683
ABarpapap:136,ABarpapap,136,26146,1146,1185,1356,1066,5.3,236,183,41,482007
ABarpapap:137,ABarpapap,137,26086,1086,1124,1224,1037,5.2,232,173,41,490699
ABarpapap:138,ABarpapap,138,28300,3300,2966,2947,3214,5.3,234,167,39,449176
ABarpapap:139,ABarpapap,139,27233,2233,1873,1850,2124,5.3,235,179,41,480187
ABarpapap:140,ABarpapap,140,27305,2305,1811,1813,2212,5.2,229,181,39,456489
ABarpapap:141,ABarpapap,141,26548,1548,1104,1097,1500,5.2,224,182,41,488732
ABarpapap:142,ABarpapap,142,27122,2122,1442,1455,2071,5.3,219,183,41,486621
ABarpapap:143,ABarpapap,143,26580,1580,1299,1369,1524,5.1,217,180,41,493664
ABarpapap:144,ABarpapap,144,27746,2746,2607,2565,2725,5.3,220,176,41,487295
ABarpapap:145,ABarpapap,145,27195,2195,2056,2117,2161,5.5,223,174,39,462491
ABarpapp:85,ABarpapp,85,23948,-1052,257,286,-1052,13.7,292,161,52,613536
ABarpapp:86,ABarpapp,86,23468,-1532,-227,-226,-1515,12.4,294,165,46,463498
ABarpapp:87,ABarpapp,87,23816,-1184,135,133,-1174,12.9,293,162,46,565888
ABarpapp:88,ABarpapp,88,23616,-1384,-175,-182,-1367,12.1,298,154,44,496656
ABarpapp:89,ABarpapp,89,24042,-958,460,479,-955,12.8,294,153,44,490536
ABarpapp:90,ABarpapp,90,24087,-913,163,146,-885,12.1,298,158,44,563822
ABarpapp:91,ABarpapp,91,23894,-1106,-85,-152,-1087,12.1,301,153,45,563396
ABarpapp:92,ABarpapp,92,23847,-1153,71,56,-1133,12.8,300,149,45,587842
ABarpapp:93,ABarpapp,93,23948,-1052,82,15,-1019,12.0,308,145,45,627977
ABarpapp:94,ABarpapp,94,23860,-1140,-39,-1,-1114,11.1,316,136,45,684124
ABarpapp:95,ABarpapp,95,24028,-972,170,231,-958,10.1,326,127,46,840145
ABarpapp:96,ABarpapp,96,24236,-764,153,185,-750,9.1,330,125,46,868705
ABarpapp:97,ABarpapp,97,23723,-1277,-180,-299,-1257,8.1,339,118,46,949250
ABarpapp:98,ABarpapp,98,24299,-701,570,625,-686,8.1,334,122,46,939777
ABarpapp:99,ABarpapp,99,23870,-1130,-61,-66,-1114,7.8,335,126,46,945924
ABarpapp:100,ABarpapp,100,25821,821,1093,1040,824,7.2,336,142,46,858217
ABarpapp:101,ABarpapp,101,24637,-363,-452,-489,-367,6.2,330,145,46,865613
ABarpapp:102,ABarpapp,102,25331,331,462,464,319,6.3,324,151,46,859667
ABarpapp:103,ABarpapp,103,25393,393,552,514,392,6.2,327,147,46,883070
ABarpapp:104,ABarpapp,104,24996,-4,401,446,-3,6.8,332,144,46,877466
ABarpapp:105,ABarpapp,105,24927,-73,22,9,-71,6.9,333,139,46,900980
ABarpapp:106,ABarpapp,106,25356,356,545,515,356,7.1,337,135,46,927324
ABarpapp:107,ABarpapp,107,25593,593,1019,1074,593,7.0,340,134,46,925101
ABarpapp:108,ABarpapp,108,25174,174,437,420,173,6.9,343,133,46,922683
ABarpapp:109,ABarpapp,109,25269,269,338,320,268,6.3,339,137,46,900865
ABarpapp:110,ABarpapp,110,24197,-803,-556,-555,-802,6.1,338,126,46,790409
ABarpapp:111,ABarpapp,111,25984,984,948,949,984,6.1,336,137,39,469869
ABarpappa:112,ABarpappa,112,26369,1369,1560,1524,1375,5.1,295,134,29,208963
ABarpappa:113,ABarpappa,113,25495,495,490,440,517,4.5,288,131,35,290058
ABarpappa:114,ABarpappa,114,24464,-536,-385,-281,-556,4.6,286,131,36,437728
ABarpappa:115,ABarpappa,115,25080,80,465,381,114,4.9,284,128,39,484012
ABarpappa:116,ABarpappa,116,26062,1062,1196,1180,1141,5.0,283,129,39,493720
ABarpappa:117,ABarpappa,117,24996,-4,209,207,82,5.0,279,139,38,500703
ABarpappa:118,ABarpappa,118,24084,-916,-692,-593,-1049,5.0,271,141,37,449565
ABarpappa:119,ABarpappa,119,24751,-249,-127,-104,-253,5.1,273,142,37,456525
ABarpappa:120,ABarpappa,120,25385,385,445,441,383,5.2,273,141,37,402890
ABarpappa:121,ABarpappa,121,25926,926,1334,1315,926,5.3,274,137,37,400860
ABarpappa:122,ABarpappa,122,24861,-139,372,600,-139,5.2,274,138,37,414635
ABarpappa:123,ABarpappa,123,25696,696,881,1062,672,5.1,277,143,37,417042
ABarpappa:124,ABarpappa,124,26505,1505,1414,1593,1483,5.8,269,146,37,417013
ABarpappa:125,ABarpappa,125,26325,1325,1243,1295,1341,5.9,272,140,37,416307
ABarpappa:126,ABarpappa,126,26795,1795,2140,2338,1762,6.1,271,139,37,417881
ABarpappa:127,ABarpappa,127,25328,328,154,357,304,5.8,275,142,37,419848
ABarpappa:128,ABarpappa,128,25462,462,776,898,467,6.2,278,143,37,417832
ABarpappa:129,ABarpappa,129,25375,375,509,676,335,6.2,276,150,37,428337
ABarpappa:130,ABarpappa,130,25603,603,550,691,563,6.0,277,153,37,421628
ABarpappa:131,ABarpappa,131,26079,1079,555,517,937,6.1,275,154,37,426216
ABarpappa:132,ABarpappa,132,26451,1451,1142,1262,1295,6.0,276,154,37,420903
ABarpappa:133,ABarpappa,133,26318,1318,1059,1231,1255,5.7,278,154,37,392838
ABarpappa:134,ABarpappa,134,27129,2129,1831,1964,2163,5.2,273,149,39,455873
ABarpappa:135,ABarpappa,135,26976,1976,1795,1924,1954,5.7,276,152,37,405607
ABarpappa:136,ABarpappa,136,26428,1428,1268,1506,1346,5.3,277,153,39,448843
ABarpappa:137,ABarpappa,137,25807,807,410,528,778,5.3,278,142,39,464366
ABarpappa:138,ABarpappa,138,27842,2842,2620,2772,2802,5.3,278,141,39,460072
ABarpappa:139,ABarpappa,139,26981,1981,1868,1925,1944,5.2,281,142,37,428432
ABarpappa:140,ABarpappa,140,26736,1736,588,582,1611,5.3,276,143,39,460763
ABarpappa:141,ABarpappa,141,27412,2412,1793,1799,2360,5.2,274,140,39,460107
ABarpappa:142,ABarpappa,142,30275,5275,2392,2348,5082,5.1,276,147,39,462005
ABarpappa:143,ABarpappa,143,27878,2878,1185,1135,2694,5.1,278,144,39,462523
ABarpappa:144,ABarpappa,144,27638,2638,616,601,2125,5.1,278,147,39,458822
ABarpappa:145,ABarpappa,145,29688,4688,2940,2965,4313,5.2,276,146,37,419558
ABarpappp:112,ABarpappp,112,25008,8,192,175,-10,6.2,341,138,34,318386
ABarpappp:113,ABarpappp,113,24298,-702,162,149,-699,6.1,337,137,35,345323
ABarpappp:114,ABarpappp,114,26172,1172,1193,1200,1174,5.5,338,138,38,488111
ABarpappp:115,ABarpappp,115,25457,457,875,852,458,5.9,342,138,39,509720
ABarpappp:116,ABarpappp,116,24742,-258,-447,-392,-265,6.0,340,127,39,509202
ABarpappp:117,ABarpappp,117,24763,-237,199,192,-218,6.0,341,124,38,503640
ABarpappp:118,ABarpappp,118,25113,113,-50,69,51,5.5,332,132,39,500555
ABarpappp:119,ABarpappp,119,25302,302,452,446,285,6.1,336,136,39,524679
ABarpappp:120,ABarpappp,120,25434,434,437,558,336,7.1,334,149,39,441789
ABarpappp:121,ABarpappp,121,26214,1214,639,778,1144,6.9,334,154,37,387571
ABarpappp:122,ABarpappp,122,25023,23,-111,-150,-10,6.4,336,154,39,418753
ABarpappp:123,ABarpappp,123,26826,1826,1890,1876,1773,6.3,340,150,39,437842
ABarpappp:124,ABarpappp,124,25701,701,261,370,586,6.3,342,150,39,449032
ABarpappp:125,ABarpappp,125,26127,1127,1120,1158,1092,6.2,337,144,39,451764
ABarpappp:126,ABarpappp,126,26242,1242,1113,1198,1204,6.4,331,143,39,438577
ABarpappp:127,ABarpappp,127,25762,762,430,530,713,6.4,335,142,41,454243
ABarpappp:128,ABarpappp,128,25694,694,514,537,651,6.2,342,136,41,491387
ABarpappp:129,ABarpappp,129,26097,1097,709,843,1041,6.0,336,137,39,463027
ABarpappp:130,ABarpappp,130,25714,714,807,886,677,6.0,330,137,41,497926
ABarpappp:131,ABarpappp,131,25122,122,268,348,93,5.5,327,136,39,466015
ABarpappp:132,ABarpappp,132,25809,809,740,825,698,6.0,328,138,41,500133
ABarpappp:133,ABarpappp,133,25925,925,994,1031,878,5.4,332,135,41,463532
ABarpappp:134,ABarpappp,134,24937,-63,-58,153,-106,5.5,333,132,39,418729
ABarpappp:135,ABarpappp,135,25831,831,766,799,826,5.5,336,131,39,414348
ABarpappp:136,ABarpappp,136,26418,1418,1200,1185,1344,5.5,339,131,41,518306
ABarpappp:137,ABarpappp,137,26151,1151,695,835,1075,6.2,336,133,41,522531
ABarpappp:138,ABarpappp,138,26299,1299,1253,1209,1247,6.1,338,128,41,518093
ABarpappp:139,ABarpappp,139,26365,1365,1009,984,1302,6.3,339,128,41,518052
ABarpappp:140,ABarpappp,140,27747,2747,2449,2633,2710,6.2,335,129,41,528642
ABarpappp:141,ABarpappp,141,26307,1307,489,607,1202,6.3,330,127,41,509977
ABarpappp:142,ABarpappp,142,27422,2422,1936,2186,2346,6.2,327,126,41,522213
ABarpappp:143,ABarpappp,143,26575,1575,1010,920,1508,6.2,332,127,41,515281
ABarpappp:144,ABarpappp,144,26526,1526,1173,1265,1438,6.1,334,125,41,520429
ABarpappp:145,ABarpappp,145,26305,1305,23,174,1104,6.1,327,135,41,525312
ABarpp:44,ABarpp,44,23707,-1293,-151,-151,-1293,8.1,371,146,35,326729
ABarpp:45,ABarpp,45,22967,-2033,-960,-960,-2033,8.3,361,146,52,848941
ABarpp:46,ABarpp,46,23017,-1983,-961,-961,-1983,8.2,367,143,55,970527
ABarpp:47,ABarpp,47,23439,-1561,-603,-603,-1561,7.3,378,154,56,1094810
ABarpp:48,ABarpp,48,23921,-1079,-163,-163,-1079,7.5,383,147,57,1171314
ABarpp:49,ABarpp,49,23358,-1642,-683,-684,-1642,7.7,388,145,58,1276957
ABarpp:50,ABarpp,50,23111,-1889,-821,-822,-1889,8.0,390,138,59,1344268
ABarpp:51,ABarpp,51,23371,-1629,-557,-557,-1629,8.0,392,137,60,1498686
ABarpp:52,ABarpp,52,23358,-1642,-437,-437,-1642,8.5,391,129,60,1589073
ABarpp:53,ABarpp,53,23054,-1946,-691,-691,-1946,8.6,385,127,60,1207966
ABarpp:54,ABarpp,54,23521,-1479,-223,-223,-1479,8.8,383,123,60,1315795
ABarpp:55,ABarpp,55,23182,-1818,-423,-423,-1818,9.7,373,125,60,1322267
ABarpp:56,ABarpp,56,23083,-1917,-795,-795,-1917,9.7,367,126,60,1403217
ABarpp:57,ABarpp,57,23485,-1515,-301,-301,-1515,8.5,360,132,63,1563254
ABarpp:58,ABarpp,58,22962,-2038,-987,-987,-2038,8.7,361,146,61,1495022
ABarpp:59,ABarpp,59,23020,-1980,-642,-644,-1980,8.1,366,141,65,1871168
ABarpp:60,ABarpp,60,23505,-1495,-167,-167,-1495,8.6,363,145,61,1592901
ABarpp:61,ABarpp,61,22944,-2056,-987,-987,-2056,8.1,371,155,62,1770049
ABarpp:62,ABarpp,62,24172,-828,324,324,-828,8.7,370,158,59,1223926
ABarpp:63,ABarpp,63,23754,-1246,114,114,-1246,7.2,350,145,52,972500
ABarppa:64,ABarppa,64,23718,-1282,453,453,-1278,7.1,307,134,35,335744
ABarppa:65,ABarppa,65,23133,-1867,-574,-575,-1866,6.2,294,126,41,502298
ABarppa:66,ABarppa,66,23377,-1623,-629,-645,-1622,5.5,294,130,50,933146
ABarppa:67,ABarppa,67,23467,-1533,-472,-472,-1533,5.7,286,130,52,1141312
ABarppa:68,ABarppa,68,23356,-1644,-719,-719,-1644,6.1,268,123,52,1234286
ABarppa:69,ABarppa,69,23852,-1148,-53,-53,-1148,7.1,255,118,52,1271318
ABarppa:70,ABarppa,70,23981,-1019,44,41,-1019,7.3,262,116,52,1277870
ABarppa:71,ABarppa,71,23501,-1499,-323,-323,-1499,7.0,260,117,52,1333938
ABarppa:72,ABarppa,72,23270,-1730,-530,-531,-1730,6.9,255,125,53,1354108
ABarppa:73,ABarppa,73,23560,-1440,-463,-465,-1440,6.9,262,126,53,1365703
ABarppa:74,ABarppa,74,23540,-1460,-498,-497,-1460,6.6,266,128,55,1551160
ABarppa:75,ABarppa,75,23650,-1350,-113,-116,-1350,7.0,263,129,54,1566567
ABarppa:76,ABarppa,76,23486,-1514,-359,-354,-1514,6.9,263,131,54,1570804
ABarppa:77,ABarppa,77,23266,-1734,-747,-753,-1734,6.8,267,131,54,1590620
ABarppa:78,ABarppa,78,23621,-1379,-331,-337,-1379,6.7,268,130,56,1769487
ABarppa:79,ABarppa,79,23569,-1431,-243,-259,-1431,7.2,269,135,56,1763881
ABarppa:80,ABarppa,80,23218,-1782,-595,-602,-1782,7.1,261,135,55,1467403
ABarppa:81,ABarppa,81,24166,-834,291,295,-834,7.1,272,135,55,1472239
ABarppa:82,ABarppa,82,23345,-1655,-680,-693,-1655,7.3,282,137,55,1484749
ABarppa:83,ABarppa,83,22947,-2053,-926,-929,-2053,7.5,277,136,56,1564066
ABarppa:84,ABarppa,84,23541,-1459,-512,-512,-1459,7.1,280,127,53,955133
ABarppaa:85,ABarppaa,85,22708,-2292,-1216,-1208,-2290,7.1,261,104,36,391375
ABarppaa:86,ABarppaa,86,23720,-1280,-466,-466,-1280,7.3,262,100,36,392546
ABarppaa:87,ABarppaa,87,24309,-691,153,153,-690,8.1,256,94,42,637593
ABarppaa:88,ABarppaa,88,24249,-751,488,488,-751,8.8,258,91,44,713514
ABarppaa:89,ABarppaa,89,24238,-762,298,298,-762,8.9,249,92,44,744374
ABarppaa:90,ABarppaa,90,23956,-1044,47,47,-1044,8.0,243,98,44,748506
ABarppaa:91,ABarppaa,91,24674,-326,747,740,-326,8.0,237,102,45,754091
ABarppaa:92,ABarppaa,92,24018,-982,103,86,-982,8.0,237,107,45,773992
ABarppaa:93,ABarppaa,93,23890,-1110,12,-21,-1109,7.0,237,115,45,773436
ABarppaa:94,ABarppaa,94,23381,-1619,-804,-804,-1619,6.9,241,121,45,763753
ABarppaa:95,ABarppaa,95,24125,-875,84,74,-875,6.2,249,126,46,905983
ABarppaa:96,ABarppaa,96,24520,-480,441,459,-479,6.1,250,137,46,922941
ABarppaa:97,ABarppaa,97,23103,-1897,-698,-760,-1881,6.0,259,140,46,931798
ABarppaa:98,ABarppaa,98,24046,-954,-178,-203,-938,5.7,260,145,46,915102
ABarppaa:99,ABarppaa,99,24232,-768,233,182,-726,5.8,259,154,46,913271
ABarppaa:100,ABarppaa,100,24068,-932,-415,-462,-927,5.9,258,177,46,762466
ABarppaa:101,ABarppaa,101,25016,16,567,575,18,5.9,265,188,46,785472
ABarppaa:102,ABarppaa,102,25185,185,300,266,187,6.2,279,207,46,799961
ABarppaa:103,ABarppaa,103,24543,-457,-126,-174,-453,6.9,283,215,46,829692
ABarppaa:104,ABarppaa,104,24614,-386,-310,-321,-385,6.8,289,218,46,791143
ABarppaa:105,ABarppaa,105,24572,-428,-245,-261,-427,6.8,292,219,46,804905
ABarppaa:106,ABarppaa,106,24778,-222,-354,-352,-222,6.8,300,219,46,813888
ABarppaa:107,ABarppaa,107,25052,52,-55,-39,36,6.8,298,222,46,827487
ABarppaa:108,ABarppaa,108,26093,1093,880,900,1088,6.8,301,226,46,840692
ABarppaa:109,ABarppaa,109,24674,-326,-455,-483,-329,6.3,309,237,46,822268
ABarppaa:110,ABarppaa,110,25172,172,-75,-95,143,6.9,312,236,46,862576
ABarppaa:111,ABarppaa,111,26098,1098,869,858,1083,6.3,318,234,47,847468
ABarppaa:112,ABarppaa,112,25453,453,508,504,453,5.6,329,230,46,871563
ABarppaa:113,ABarppaa,113,26047,1047,590,607,904,6.1,321,242,45,757370
ABarppaa:114,ABarppaa,114,25041,41,-324,-325,33,6.1,326,252,44,758787
ABarppaa:115,ABarppaa,115,25600,600,249,242,591,6.0,324,254,43,683252
ABarppaa:116,ABarppaa,116,26074,1074,514,514,1065,6.1,325,259,39,538615
ABarppaa:117,ABarppaa,117,25269,269,335,335,269,6.0,332,266,36,409620
ABarppaaa:118,ABarppaaa,118,26668,1668,1670,1684,1633,5.2,308,254,29,185557
ABarppaaa:119,ABarppaaa,119,26658,1658,1386,1400,1583,5.3,304,263,33,274137
ABarppaaa:120,ABarppaaa,120,26305,1305,891,902,1223,5.1,298,266,35,307246
ABarppaaa:121,ABarppaaa,121,25168,168,-308,-253,109,5.2,297,263,37,365132
ABarppaaa:122,ABarppaaa,122,26386,1386,516,608,1263,5.1,305,272,37,365102
ABarppaaa:123,ABarppaaa,123,26589,1589,495,409,1399,5.0,310,276,37,372094
ABarppaaa:124,ABarppaaa,124,27179,2179,1699,1789,2124,5.2,320,283,37,369013
ABarppaaa:125,ABarppaaa,125,25204,204,-755,-715,146,5.1,318,281,37,368887
ABarppaaa:126,ABarppaaa,126,25726,726,-254,-237,703,5.2,319,278,37,368198
ABarppaaa:127,ABarppaaa,127,25530,530,39,-19,551,5.2,322,283,37,364769
ABarppaaa:128,ABarppaaa,128,25840,840,-103,-130,863,5.3,331,283,37,366364
ABarppaaa:129,ABarppaaa,129,26528,1528,641,676,1516,5.2,338,292,37,374408
ABarppaaa:130,ABarppaaa,130,26557,1557,1196,1149,1507,5.1,341,295,37,378365
ABarppaaa:131,ABarppaaa,131,26951,1951,1310,1251,1931,5.0,340,289,37,375135
ABarppaaa:132,ABarppaaa,132,25540,540,-223,-249,585,4.9,340,285,37,368488
ABarppaaa:133,ABarppaaa,133,26167,1167,1101,1030,1117,4.9,340,281,37,368661
ABarppaaa:134,ABarppaaa,134,26930,1930,760,782,1964,5.1,335,285,37,383309
ABarppaaa:135,ABarppaaa,135,26744,1744,819,835,1722,5.1,333,284,37,379515
ABarppaaa:136,ABarppaaa,136,27280,2280,703,740,2268,5.0,329,282,37,374804
ABarppaaa:137,ABarppaaa,137,26293,1293,-986,-1070,1278,4.9,329,280,37,383344
ABarppaaa:138,ABarppaaa,138,28682,3682,2261,2216,3654,5.0,327,275,39,426483
ABarppaaa:139,ABarppaaa,139,27300,2300,679,800,2262,4.9,328,278,37,373053
ABarppaaa:140,ABarppaaa,140,27573,2573,1108,1192,2538,4.9,328,286,37,367577
ABarppaaa:141,ABarppaaa,141,28554,3554,1977,1897,3515,4.9,335,287,37,374499
ABarppaaa:142,ABarppaaa,142,28293,3293,455,442,3263,5.0,339,285,37,377887
ABarppaaa:143,ABarppaaa,143,28095,3095,-306,-361,3096,4.9,347,287,37,378706
ABarppaaa:144,ABarppaaa,144,27424,2424,1111,1132,2411,4.5,356,296,39,405384
ABarppaaa:145,ABarppaaa,145,28525,3525,1355,1339,3516,4.9,355,290,37,380378
ABarppaap:118,ABarppaap,118,27266,2266,1713,1713,1459,6.1,359,265,31,258098
ABarppaap:119,ABarppaap,119,26876,1876,855,821,1027,6.1,362,267,35,333452
ABarppaap:120,ABarppaap,120,27425,2425,518,423,1563,6.2,365,267,35,319376
ABarppaap:121,ABarppaap,121,26634,1634,697,620,1445,6.1,368,265,37,383198
ABarppaap:122,ABarppaap,122,27164,2164,76,147,508,6.0,380,273,37,381685
ABarppaap:123,ABarppaap,123,26223,1223,-1639,-1495,-956,5.8,383,276,37,362943
ABarppaap:124,ABarppaap,124,27137,2137,-787,-272,-316,5.8,380,285,37,357807
ABarppaap:125,ABarppaap,125,30295,5295,830,3788,-2810,5.7,382,284,37,348785
ABarppaap:126,ABarppaap,126,28679,3679,-3571,1451,-7902,5.8,378,289,37,359924
ABarppaap:127,ABarppaap,127,29273,4273,-2620,3017,-8107,5.3,378,288,39,402757
ABarppaap:128,ABarppaap,128,29145,4145,-2321,2857,-9721,5.2,382,291,37,364164
ABarppaap:129,ABarppaap,129,28999,3999,-3272,1381,-7450,5.2,390,291,37,370487
ABarppaap:130,ABarppaap,130,40078,15078,3157,12581,-24083,5.8,394,288,37,366743
ABarppaap:131,ABarppaap,131,29562,4562,-3376,2640,-12335,5.3,392,283,37,371277
ABarppaap:132,ABarppaap,132,32829,7829,-3226,5478,-20719,5.1,395,289,39,411821
ABarppaap:133,ABarppaap,133,33043,8043,-3035,5617,-25416,5.2,395,298,37,372204
ABarppaap:134,ABarppaap,134,34833,9833,-1495,6632,-19805,5.3,391,293,39,414860
ABarppaap:135,ABarppaap,135,32212,7212,-4300,4134,-27095,5.2,394,291,39,411392
ABarppaap:136,ABarppaap,136,44321,19321,2175,15194,-39331,5.8,397,294,37,373662
ABarppaap:137,ABarppaap,137,31194,6194,-5118,2507,-6274,5.2,389,304,37,382884
ABarppaap:138,ABarppaap,138,35108,10108,-4718,5154,-10567,5.1,389,297,39,426786
ABarppaap:139,ABarppaap,139,34182,9182,-5246,4058,-4704,5.1,389,303,37,385247
ABarppaap:140,ABarppaap,140,36489,11489,-4980,7037,-14911,5.2,389,295,39,416445
ABarppaap:141,ABarppaap,141,37480,12480,-1248,7968,-7156,4.6,401,287,39,419038
ABarppaap:142,ABarppaap,142,37214,12214,-821,6854,-8125,4.5,405,286,39,419516
ABarppaap:143,ABarppaap,143,37757,12757,-2773,9176,-15755,4.5,405,286,39,419516
ABarppaap:144,ABarppaap,144,42358,17358,-2989,13572,-31185,4.6,418,284,41,448590
ABarppaap:145,ABarppaap,145,45160,20160,894,15200,-32139,4.5,427,286,39,424960
ABarppap:85,ABarppap,85,24725,-275,1136,1129,-253,7.0,301,133,34,333794
ABarppap:86,ABarppap,86,23741,-1259,0,0,-1258,6.1,309,139,38,446806
ABarppap:87,ABarppap,87,24118,-882,256,289,-881,6.1,313,138,42,629853
ABarppap:88,ABarppap,88,24326,-674,230,230,-674,5.9,318,136,44,710662
ABarppap:89,ABarppap,89,23544,-1456,-485,-486,-1456,6.0,326,128,44,736682
ABarppap:90,ABarppap,90,23029,-1971,-778,-784,-1971,6.0,328,138,44,743801
ABarppap:91,ABarppap,91,24480,-520,478,477,-520,6.1,325,136,45,739776
ABarppap:92,ABarppap,92,23759,-1241,-58,-60,-1239,6.2,323,140,45,737044
ABarppap:93,ABarppap,93,24149,-851,174,143,-841,6.2,322,157,45,729606
ABarppap:94,ABarppap,94,24401,-599,324,301,-588,6.8,330,172,45,742487
ABarppap:95,ABarppap,95,23958,-1042,-15,-41,-1041,6.9,333,180,46,865682
ABarppap:96,ABarppap,96,24052,-948,-369,-369,-948,6.3,343,189,46,863701
ABarppap:97,ABarppap,97,23859,-1141,-528,-533,-1141,6.9,338,190,46,892747
ABarppap:98,ABarppap,98,23784,-1216,-756,-794,-1216,6.9,335,197,46,897755
ABarppap:99,ABarppap,99,24047,-953,-437,-417,-953,6.9,334,208,46,912723
ABarppap:100,ABarppap,100,25363,363,245,243,363,6.3,343,219,46,767511
ABarppap:101,ABarppap,101,24515,-485,-1010,-1017,-501,6.8,342,229,46,770919
ABarppap:102,ABarppap,102,25288,288,297,311,284,7.1,357,235,46,796839
ABarppap:103,ABarppap,103,25104,104,505,454,106,7.7,362,242,46,769444
ABarppap:104,ABarppap,104,24882,-118,340,321,-117,7.8,364,247,46,792098
ABarppap:105,ABarppap,105,25236,236,461,454,237,7.2,369,254,46,796813
ABarppap:106,ABarppap,106,24709,-291,-15,-51,-290,7.8,370,258,46,784929
ABarppap:107,ABarppap,107,25790,790,544,508,790,7.0,377,261,46,812328
ABarppap:108,ABarppap,108,24918,-82,-441,-451,-82,7.0,387,270,46,810705
ABarppap:109,ABarppap,109,25575,575,-99,334,266,8.0,391,272,46,797666
ABarppap:110,ABarppap,110,25240,240,144,180,151,8.0,387,268,46,796642
ABarppap:111,ABarppap,111,25919,919,178,599,194,8.0,387,273,45,697129
ABarppap:112,ABarppap,112,26253,1253,-159,497,395,7.9,396,274,44,710540
ABarppap:113,ABarppap,113,26584,1584,426,1237,172,7.3,413,269,45,698811
ABarppap:114,ABarppap,114,26980,1980,549,1561,-789,8.0,412,277,44,731680
ABarppap:115,ABarppap,115,26206,1206,-398,1010,-2137,7.3,405,284,43,643480
ABarppap:116,ABarppap,116,26235,1235,-1725,-170,-1496,7.9,410,283,39,484245
ABarppap:117,ABarppap,117,26578,1578,786,786,736,7.0,416,288,34,339982
ABarppapa:118,ABarppapa,118,25166,166,-1673,-1689,-1055,6.4,399,282,35,271214
ABarppapa:119,ABarppapa,119,26580,1580,-125,-202,177,6.1,402,281,35,335817
ABarppapa:120,ABarppapa,120,25992,992,-86,-68,-54,5.8,408,277,37,341074
ABarppapa:121,ABarppapa,121,26507,1507,-565,-683,198,6.0,406,278,37,365825
ABarppapa:122,ABarppapa,122,28223,3223,-51,955,-814,5.9,417,284,37,353547
ABarppapa:123,ABarppapa,123,26765,1765,-799,259,-777,6.0,421,280,37,366387
ABarppapa:124,ABarppapa,124,26117,1117,-3070,-1327,-4111,6.0,418,292,37,357350
ABarppapa:125,ABarppapa,125,27604,2604,-1532,1299,-1915,5.9,418,291,37,350324
ABarppapa:126,ABarppapa,126,27351,2351,-2057,504,-1777,5.6,420,294,39,398570
ABarppapa:127,ABarppapa,127,30041,5041,-1137,3622,-1749,5.8,419,298,37,354796
ABarppapa:128,ABarppapa,128,27699,2699,-1754,1781,-2685,5.8,422,300,37,356688
ABarppapa:129,ABarppapa,129,27787,2787,-543,1266,875,5.5,425,312,39,406556
ABarppapa:130,ABarppapa,130,27259,2259,-454,993,1339,5.9,430,316,37,363966
ABarppapa:131,ABarppapa,131,26467,1467,-1376,204,-766,5.9,433,317,37,368995
ABarppapa:132,ABarppapa,132,26581,1581,-1742,86,778,5.2,432,320,39,390699
ABarppapa:133,ABarppapa,133,26812,1812,352,768,1520,5.5,435,322,39,407670
ABarppapa:134,ABarppapa,134,26175,1175,141,399,730,5.5,435,317,39,406032
ABarppapa:135,ABarppapa,135,26059,1059,-563,-65,141,5.9,436,320,37,373657
ABarppapa:136,ABarppapa,136,26406,1406,415,615,1155,5.4,440,319,39,385667
ABarppapa:137,ABarppapa,137,26464,1464,129,246,1297,5.2,438,321,39,393851
ABarppapa:138,ABarppapa,138,26389,1389,712,826,1201,5.2,440,323,41,430240
ABarppapa:139,ABarppapa,139,27060,2060,874,952,1905,5.3,440,328,41,428072
ABarppapa:140,ABarppapa,140,26370,1370,87,249,1168,5.3,439,326,39,385027
ABarppapa:141,ABarppapa,141,26089,1089,-201,-41,794,5.2,448,324,39,391687
ABarppapa:142,ABarppapa,142,26541,1541,-64,-20,1328,5.3,447,326,39,400898
ABarppapa:143,ABarppapa,143,26334,1334,653,823,1122,5.3,449,332,41,426593
ABarppapa:144,ABarppapa,144,26630,1630,131,446,1341,5.3,453,334,39,401748
ABarppapa:145,ABarppapa,145,27421,2421,-1715,283,1880,5.3,459,329,41,433471
ABarppapp:118,ABarppapp,118,25345,345,207,200,311,7.4,459,302,35,281860
ABarppapp:119,ABarppapp,119,25426,426,609,560,243,7.2,466,307,35,316264
ABarppapp:120,ABarppapp,120,24769,-231,-757,-653,-525,7.8,467,318,37,344577
ABarppapp:121,ABarppapp,121,26043,1043,818,786,891,8.1,469,326,37,331549
ABarppapp:122,ABarppapp,122,26951,1951,320,647,776,8.7,487,329,37,340474
ABarppapp:123,ABarppapp,123,25362,362,-1117,-1348,-114,8.2,493,331,37,370070
ABarppapp:124,ABarppapp,124,25009,9,-642,-606,-543,8.2,491,335,37,372315
ABarppapp:125,ABarppapp,125,26183,1183,-1600,34,-943,8.0,489,333,37,378039
ABarppapp:126,ABarppapp,126,24380,-620,-1237,-892,-828,8.2,484,341,37,363248
ABarppapp:127,ABarppapp,127,25311,311,-967,-484,82,8.8,478,342,37,369435
ABarppapp:128,ABarppapp,128,26466,1466,1243,1341,1276,8.9,477,342,37,368638
ABarppapp:129,ABarppapp,129,26104,1104,746,898,969,9.0,488,340,39,410533
ABarppapp:130,ABarppapp,130,25274,274,-369,-198,135,8.6,499,342,39,420941
ABarppapp:131,ABarppapp,131,25874,874,1115,1159,863,8.6,496,344,39,415052
ABarppapp:132,ABarppapp,132,25861,861,1085,1057,863,8.4,496,350,39,365612
ABarppapp:133,ABarppapp,133,26148,1148,1212,1217,1156,9.1,494,350,37,349434
ABarppapp:134,ABarppapp,134,26514,1514,1800,1801,1499,9.2,489,345,39,378556
ABarppapp:135,ABarppapp,135,26445,1445,1797,1796,1476,9.1,497,347,37,348085
ABarppapp:136,ABarppapp,136,26804,1804,2143,2157,1804,8.8,504,342,37,388160
ABarppapp:137,ABarppapp,137,26553,1553,1572,1598,1554,8.4,503,342,39,360927
ABarppapp:138,ABarppapp,138,27059,2059,2068,2068,2051,8.9,508,341,37,397805
ABarppapp:139,ABarppapp,139,26416,1416,1711,1728,1391,8.5,504,347,39,374103
ABarppapp:140,ABarppapp,140,25876,876,1356,1364,845,8.5,511,346,39,440809
ABarppapp:141,ABarppapp,141,26232,1232,1110,1181,1227,8.5,509,344,39,351115
ABarppapp:142,ABarppapp,142,26236,1236,1472,1446,1217,8.5,516,336,39,425069
ABarppapp:143,ABarppapp,143,25946,946,1033,1089,933,9.1,527,340,37,385821
ABarppapp:144,ABarppapp,144,26335,1335,1469,1446,1338,9.1,529,344,37,386165
ABarppapp:145,ABarppapp,145,25788,788,810,880,776,8.9,535,332,37,390285
ABarppp:64,ABarppp,64,22967,-2033,-1051,-1038,-2030,9.4,359,148,41,359855
ABarppp:65,ABarppp,65,23188,-1812,-704,-689,-1811,9.5,351,139,51,744468
ABarppp:66,ABarppp,66,23272,-1728,-641,-640,-1727,9.7,350,138,52,971871
ABarppp:67,ABarppp,67,23028,-1972,-801,-846,-1966,9.9,357,125,52,1077762
ABarppp:68,ABarppp,68,23301,-1699,-596,-610,-1691,9.9,362,134,52,1168599
ABarppp:69,ABarppp,69,23614,-1386,-133,-219,-1381,9.3,361,135,52,1163067
ABarppp:70,ABarppp,70,22794,-2206,-1058,-1093,-2206,9.2,357,140,52,1193332
ABarppp:71,ABarppp,71,23517,-1483,-337,-336,-1483,9.0,358,141,52,1262519
ABarppp:72,ABarppp,72,23342,-1658,-447,-464,-1658,8.9,360,151,53,1275237
ABarppp:73,ABarppp,73,23519,-1481,-519,-518,-1481,8.9,364,148,53,1293175
ABarppp:74,ABarppp,74,22746,-2254,-1053,-1098,-2254,8.6,365,148,55,1451399
ABarppp:75,ABarppp,75,23679,-1321,-334,-353,-1321,8.3,365,151,54,1489528
ABarppp:76,ABarppp,76,23641,-1359,-369,-377,-1359,8.1,361,149,54,1543004
ABarppp:77,ABarppp,77,23725,-1275,-158,-165,-1275,8.7,366,146,54,1537647
ABarppp:78,ABarppp,78,23532,-1468,-530,-526,-1468,8.2,360,150,54,1555649
ABarppp:79,ABarppp,79,23808,-1192,-257,-271,-1192,9.0,355,149,54,1579963
ABarppp:80,ABarppp,80,23650,-1350,-90,-83,-1350,9.2,358,151,55,1293591
ABarppp:81,ABarppp,81,23600,-1400,-132,-143,-1400,9.8,366,152,55,1306110
ABarppp:82,ABarppp,82,23301,-1699,-770,-771,-1699,10.3,365,154,55,1300483
ABarppp:83,ABarppp,83,23667,-1333,-200,-200,-1333,11.2,367,159,54,1295043
ABarppp:84,ABarppp,84,24225,-775,206,239,-775,11.1,372,162,53,1141070
ABarppp:85,ABarppp,85,23251,-1749,-676,-676,-1749,10.2,363,151,50,785587
ABarpppa:86,ABarpppa,86,23758,-1242,69,27,-1228,11.9,351,141,48,517809
ABarpppa:87,ABarpppa,87,23843,-1157,137,182,-1154,13.0,356,129,46,483772
ABarpppa:88,ABarpppa,88,23376,-1624,-386,-349,-1612,13.1,357,131,42,421600
ABarpppa:89,ABarpppa,89,24254,-746,554,619,-726,13.0,351,126,44,513433
ABarpppa:90,ABarpppa,90,23733,-1267,-207,-155,-1231,12.8,346,123,44,542561
ABarpppa:91,ABarpppa,91,23043,-1957,-985,-1098,-1936,13.0,343,123,45,553368
ABarpppa:92,ABarpppa,92,23983,-1017,124,79,-975,11.9,347,117,45,604292
ABarpppa:93,ABarpppa,93,24053,-947,253,292,-913,11.1,349,121,45,656292
ABarpppa:94,ABarpppa,94,23941,-1059,-234,-148,-1033,11.8,360,126,45,634377
ABarpppa:95,ABarpppa,95,24314,-686,140,89,-678,10.9,375,128,46,786974
ABarpppa:96,ABarpppa,96,23940,-1060,-293,-375,-1055,11.0,379,128,46,832232
ABarpppa:97,ABarpppa,97,23657,-1343,-454,-519,-1322,10.1,390,128,46,864749
ABarpppa:98,ABarpppa,98,24248,-752,1,47,-746,9.0,391,131,46,894670
ABarpppa:99,ABarpppa,99,24546,-454,540,420,-425,8.9,395,139,46,915490
ABarpppa:100,ABarpppa,100,24753,-247,-328,-399,-233,8.1,401,150,46,783742
ABarpppa:101,ABarpppa,101,25775,775,957,922,775,8.1,399,157,46,775034
ABarpppa:102,ABarpppa,102,25200,200,22,21,201,9.0,389,160,46,777161
ABarpppa:103,ABarpppa,103,24823,-177,14,40,-177,8.9,389,161,46,777866
ABarpppa:104,ABarpppa,104,25448,448,648,645,450,8.9,385,165,46,797346
ABarpppa:105,ABarpppa,105,24539,-461,-417,-360,-457,9.0,383,166,46,797662
ABarpppa:106,ABarpppa,106,25231,231,517,511,237,8.9,384,169,46,801637
ABarpppa:107,ABarpppa,107,25208,208,209,227,202,8.0,386,173,46,820768
ABarpppa:108,ABarpppa,108,25205,205,-287,-134,86,7.1,388,181,46,838310
ABarpppa:109,ABarpppa,109,25098,98,-707,-515,-69,7.2,388,178,46,853423
ABarpppa:110,ABarpppa,110,24991,-9,-708,-517,-160,7.0,389,173,46,860830
ABarpppa:111,ABarpppa,111,25521,521,114,342,193,6.6,391,168,47,882776
ABarpppa:112,ABarpppa,112,25268,268,-195,-126,-104,7.1,392,160,44,758391
ABarpppa:113,ABarpppa,113,25967,967,165,655,545,7.3,390,160,45,724968
ABarpppa:114,ABarpppa,114,25445,445,-275,-221,180,7.3,387,166,42,655464
ABarpppa:115,ABarpppa,115,24989,-11,143,115,-19,7.0,379,163,35,320863
ABarpppaa:116,ABarpppaa,116,25155,155,279,310,163,7.1,361,163,33,298685
ABarpppaa:117,ABarpppaa,117,25011,11,198,127,11,6.3,358,164,32,269817
ABarpppaa:118,ABarpppaa,118,26591,1591,1497,1428,1538,6.8,350,167,37,419283
ABarpppaa:119,ABarpppaa,119,25959,959,280,279,880,6.2,352,180,37,432374
ABarpppaa:120,ABarpppaa,120,26542,1542,639,594,1262,5.9,350,183,37,376410
ABarpppaa:121,ABarpppaa,121,26942,1942,584,436,1108,6.1,354,188,37,370079
ABarpppaa:122,ABarpppaa,122,25867,867,-406,-643,174,5.8,355,187,37,360411
ABarpppaa:123,ABarpppaa,123,26157,1157,359,385,1111,5.2,356,188,37,362596
ABarpppaa:124,ABarpppaa,124,25819,819,-107,-31,791,5.1,347,191,37,372457
ABarpppaa:125,ABarpppaa,125,26135,1135,253,199,1081,5.0,346,182,37,360763
ABarpppaa:126,ABarpppaa,126,25961,961,234,310,916,5.0,343,181,37,368180
ABarpppaa:127,ABarpppaa,127,26505,1505,1029,1055,1483,5.2,345,181,37,365951
ABarpppaa:128,ABarpppaa,128,26433,1433,830,809,1414,5.2,345,177,37,372717
ABarpppaa:129,ABarpppaa,129,27355,2355,1255,1363,2328,5.7,345,178,37,369617
ABarpppaa:130,ABarpppaa,130,26219,1219,659,641,1205,5.1,339,181,37,373861
ABarpppaa:131,ABarpppaa,131,25504,504,198,152,496,5.1,336,179,37,371641
ABarpppaa:132,ABarpppaa,132,27390,2390,1924,1906,2362,5.0,335,182,37,380205
ABarpppaa:133,ABarpppaa,133,26874,1874,1563,1565,1849,5.2,335,180,37,383288
ABarpppaa:134,ABarpppaa,134,27079,2079,1555,1496,2067,5.3,329,179,39,412799
ABarpppaa:135,ABarpppaa,135,25906,906,426,451,891,5.0,336,177,37,386374
ABarpppaa:136,ABarpppaa,136,26339,1339,608,502,1311,4.9,340,174,37,377655
ABarpppaa:137,ABarpppaa,137,28009,3009,2389,2442,2981,5.0,347,172,37,370530
ABarpppaa:138,ABarpppaa,138,25551,551,-331,-285,532,5.1,349,172,39,424873
ABarpppaa:139,ABarpppaa,139,26415,1415,1145,1278,1387,5.1,352,169,39,415272
ABarpppaa:140,ABarpppaa,140,27040,2040,1530,1557,1991,5.0,352,169,37,380974
ABarpppaa:141,ABarpppaa,141,27529,2529,2071,2147,2511,4.6,348,166,39,412297
ABarpppaa:142,ABarpppaa,142,27080,2080,1275,1357,2033,5.0,350,162,39,416049
ABarpppaa:143,ABarpppaa,143,25947,947,257,301,871,5.0,354,159,39,422293
ABarpppaa:144,ABarpppaa,144,27435,2435,1748,1752,2411,4.6,358,163,39,420169
ABarpppaa:145,ABarpppaa,145,27353,2353,1872,1832,2333,4.6,357,164,39,418210
ABarpppap:116,ABarpppap,116,25925,925,-551,-279,-1026,7.3,408,177,35,282851
ABarpppap:117,ABarpppap,117,26608,1608,307,307,390,7.0,417,178,34,345721
ABarpppap:118,ABarpppap,118,25881,881,5,3,354,6.7,415,185,37,411411
ABarpppap:119,ABarpppap,119,27083,2083,909,901,1833,6.8,419,183,37,428620
ABarpppap:120,ABarpppap,120,25770,770,53,-11,618,6.2,421,179,39,400907
ABarpppap:121,ABarpppap,121,26324,1324,-341,-422,684,6.8,418,176,37,355980
ABarpppap:122,ABarpppap,122,27026,2026,723,696,1328,6.8,419,172,37,354875
ABarpppap:123,ABarpppap,123,25358,358,-520,-492,51,6.8,416,167,37,353006
ABarpppap:124,ABarpppap,124,25114,114,-633,-690,-257,6.3,413,168,39,404875
ABarpppap:125,ABarpppap,125,27151,2151,1600,1559,2009,6.4,407,161,39,387361
ABarpppap:126,ABarpppap,126,25966,966,571,540,923,6.3,401,155,39,390327
ABarpppap:127,ABarpppap,127,25919,919,542,495,910,6.5,401,156,39,364996
ABarpppap:128,ABarpppap,128,26058,1058,205,298,980,6.4,405,154,39,384482
ABarpppap:129,ABarpppap,129,25459,459,99,130,428,6.5,400,155,39,425884
ABarpppap:130,ABarpppap,130,26281,1281,643,706,1237,6.4,393,156,39,396886
ABarpppap:131,ABarpppap,131,25905,905,491,521,861,6.4,387,154,39,383103
ABarpppap:132,ABarpppap,132,26797,1797,929,951,1663,6.2,389,163,41,439600
ABarpppap:133,ABarpppap,133,26388,1388,1269,1229,1324,5.5,390,158,39,416662
ABarpppap:134,ABarpppap,134,26114,1114,643,618,876,6.0,389,156,39,418988
ABarpppap:135,ABarpppap,135,26965,1965,1527,1586,1800,5.5,397,154,39,362187
ABarpppap:136,ABarpppap,136,26676,1676,843,970,1566,6.3,398,154,41,462065
ABarpppap:137,ABarpppap,137,26552,1552,1351,1364,1542,6.4,398,142,41,433852
ABarpppap:138,ABarpppap,138,26269,1269,1328,1377,1240,6.4,404,146,41,437691
ABarpppap:139,ABarpppap,139,27654,2654,2110,2065,2579,6.2,410,155,41,462310
ABarpppap:140,ABarpppap,140,26486,1486,1280,1261,1482,6.0,409,152,39,420811
ABarpppap:141,ABarpppap,141,26122,1122,471,514,942,5.6,408,148,41,459851
ABarpppap:142,ABarpppap,142,26919,1919,-183,188,1697,5.6,409,152,41,453486
ABarpppap:143,ABarpppap,143,27735,2735,-940,-251,1920,5.4,415,158,41,430367
ABarpppap:144,ABarpppap,144,27187,2187,-648,-638,1609,5.3,418,158,41,441267
ABarpppap:145,ABarpppap,145,27249,2249,679,908,1993,5.2,418,156,41,443988
ABarpppp:86,ABarpppp,86,23823,-1177,-48,-109,-1162,10.8,394,164,48,560556
ABarpppp:87,ABarpppp,87,23423,-1577,-211,-211,-1575,10.2,409,158,34,290834
ABarpppp:88,ABarpppp,88,23688,-1312,-297,-304,-1310,10.2,416,159,40,447071
ABarpppp:89,ABarpppp,89,23856,-1144,-71,-84,-1138,10.1,416,156,44,576210
ABarpppp:90,ABarpppp,90,24127,-873,374,333,-866,10.0,422,159,44,593504
ABarpppp:91,ABarpppp,91,23592,-1408,-274,-344,-1392,10.1,421,159,45,620845
ABarpppp:92,ABarpppp,92,24364,-636,636,644,-633,10.9,428,163,45,579583
ABarpppp:93,ABarpppp,93,24137,-863,-54,-74,-859,10.1,440,166,45,590642
ABarpppp:94,ABarpppp,94,23997,-1003,215,221,-1002,10.0,448,168,45,630521
ABarpppp:95,ABarpppp,95,23831,-1169,-60,-56,-1166,10.0,460,165,46,743100
ABarpppp:96,ABarpppp,96,23661,-1339,95,105,-1334,11.0,466,170,46,719430
ABarpppp:97,ABarpppp,97,23672,-1328,-378,-383,-1326,11.8,474,176,46,699329
ABarpppp:98,ABarpppp,98,23612,-1388,-727,-731,-1387,11.2,473,179,46,689605
ABarpppp:99,ABarpppp,99,24264,-736,51,51,-736,11.9,469,188,46,666093
ABarpppp:100,ABarpppp,100,23528,-1472,-1288,-1288,-1472,11.9,468,191,46,564597
ABarpppp:101,ABarpppp,101,24826,-174,333,332,-173,11.0,466,191,46,600267
ABarpppp:102,ABarpppp,102,25042,42,409,402,42,12.1,472,188,46,546661
ABarpppp:103,ABarpppp,103,24154,-846,-116,-116,-845,12.2,479,189,46,558911
ABarpppp:104,ABarpppp,104,24336,-664,-248,-248,-664,12.1,480,188,46,599950
ABarpppp:105,ABarpppp,105,24307,-693,-371,-368,-689,11.9,480,187,46,624578
ABarpppp:106,ABarpppp,106,24726,-274,77,92,-274,11.9,479,191,46,614832
ABarpppp:107,ABarpppp,107,24904,-96,84,123,-98,11.2,479,190,48,707675
ABarpppp:108,ABarpppp,108,24292,-708,-646,-658,-710,11.0,479,189,46,624443
ABarpppp:109,ABarpppp,109,24758,-242,-323,-355,-251,11.9,491,197,46,637636
ABarpppp:110,ABarpppp,110,24765,-235,-104,-17,-241,12.0,492,199,46,630267
ABarpppp:111,ABarpppp,111,25080,80,-334,4,27,11.2,487,200,47,655208
ABarpppp:112,ABarpppp,112,24517,-483,-823,-635,-541,11.1,493,205,46,660701
ABarpppp:113,ABarpppp,113,25368,368,470,470,317,10.0,492,195,45,616668
ABarpppp:114,ABarpppp,114,24692,-308,-396,-395,-322,10.1,488,185,44,623574
ABarpppp:115,ABarpppp,115,25257,257,581,581,244,10.3,485,186,43,514949
ABarpppp:116,ABarpppp,116,25824,824,728,728,809,10.1,482,182,37,389574
ABarppppa:117,ABarppppa,117,26098,1098,1167,1159,1115,10.1,470,174,34,264995
ABarppppa:118,ABarppppa,118,24401,-599,-291,-294,-618,9.2,460,171,35,264724
ABarppppa:119,ABarppppa,119,24423,-577,-619,-598,-613,9.2,462,169,37,366715
ABarppppa:120,ABarppppa,120,25345,345,7,64,247,9.7,453,173,37,323978
ABarppppa:121,ABarppppa,121,25683,683,161,181,629,9.1,455,176,37,313204
ABarppppa:122,ABarppppa,122,25803,803,576,643,726,8.4,456,174,39,345012
ABarppppa:123,ABarppppa,123,24534,-466,-767,-821,-510,8.8,453,169,37,343674
ABarppppa:124,ABarppppa,124,25971,971,-35,-154,893,8.4,445,168,41,426369
ABarppppa:125,ABarppppa,125,25863,863,536,541,716,7.5,448,171,39,410344
ABarppppa:126,ABarppppa,126,25836,836,233,208,773,7.8,445,163,37,355830
ABarppppa:127,ABarppppa,127,25044,44,-39,21,-12,7.0,443,164,37,382159
ABarppppa:128,ABarppppa,128,26824,1824,1727,1737,1612,7.1,443,161,39,434787
ABarppppa:129,ABarppppa,129,25592,592,-17,-56,531,7.1,441,162,39,427647
ABarppppa:130,ABarppppa,130,26040,1040,851,942,959,6.7,437,157,37,362911
ABarppppa:131,ABarppppa,131,25809,809,-259,-294,660,6.2,433,162,39,420019
ABarppppa:132,ABarppppa,132,26541,1541,404,440,1156,6.3,435,161,39,416367
ABarppppa:133,ABarppppa,133,27062,2062,1156,1175,1850,6.5,439,159,39,380194
ABarppppa:134,ABarppppa,134,25846,846,212,212,654,6.3,438,154,39,420247
ABarppppa:135,ABarppppa,135,26423,1423,1060,1015,1256,5.6,443,151,39,429544
ABarppppa:136,ABarppppa,136,26839,1839,1117,1168,1726,6.3,440,155,39,428308
ABarppppa:137,ABarppppa,137,26395,1395,805,802,1387,6.4,448,153,41,416524
ABarppppa:138,ABarppppa,138,26888,1888,1729,1771,1861,6.4,451,143,39,419477
ABarppppa:139,ABarppppa,139,26690,1690,1486,1500,1662,6.3,458,143,39,425123
ABarppppa:140,ABarppppa,140,25035,35,355,370,-3,6.2,453,142,39,434210
ABarppppa:141,ABarppppa,141,26988,1988,1830,1917,1957,6.2,450,140,41,474969
ABarppppa:142,ABarppppa,142,26050,1050,1084,1039,1038,6.5,454,133,39,409679
ABarppppa:143,ABarppppa,143,26780,1780,1436,1452,1747,6.3,455,136,41,466451
ABarppppa:144,ABarppppa,144,26903,1903,1843,1870,1878,6.1,460,134,41,471699
ABarppppa:145,ABarppppa,145,26590,1590,1564,1630,1548,6.3,454,130,41,479581
ABarppppp:117,ABarppppp,117,24669,-331,-553,-527,-394,10.2,502,193,32,256305
ABarppppp:118,ABarppppp,118,25046,46,-30,-30,67,10.3,516,196,35,264727
ABarppppp:119,ABarppppp,119,25257,257,377,377,239,10.8,519,195,37,362067
ABarppppp:120,ABarppppp,120,25335,335,530,481,304,10.8,520,189,37,314914
ABarppppp:121,ABarppppp,121,24687,-313,-254,-257,-282,10.9,525,192,37,315441
ABarppppp:122,ABarppppp,122,24904,-96,-398,-398,-91,11.0,530,192,37,302199
ABarppppp:123,ABarppppp,123,25209,209,-217,-218,145,10.9,528,189,37,316614
ABarppppp:124,ABarppppp,124,24773,-227,-394,-387,-378,10.3,527,193,39,330160
ABarppppp:125,ABarppppp,125,24610,-390,-939,-941,-512,10.1,523,192,37,334874
ABarppppp:126,ABarppppp,126,25482,482,-520,-433,201,9.3,513,191,39,367020
ABarppppp:127,ABarppppp,127,25844,844,-441,-286,681,9.9,517,186,37,341103
ABarppppp:128,ABarppppp,128,25439,439,-876,-349,276,9.5,521,183,41,402496
ABarppppp:129,ABarppppp,129,25487,487,-206,35,328,9.3,518,175,39,374075
ABarppppp:130,ABarppppp,130,26126,1126,1420,1429,1120,8.8,517,169,37,358359
ABarppppp:131,ABarppppp,131,25276,276,-127,-111,266,9.1,519,170,39,395404
ABarppppp:132,ABarppppp,132,25274,274,-104,-100,261,9.1,519,174,41,435393
ABarppppp:133,ABarppppp,133,25582,582,543,540,571,9.2,523,172,41,437950
ABarppppp:134,ABarppppp,134,26414,1414,1272,1270,1396,9.1,515,170,41,453061
ABarppppp:135,ABarppppp,135,25891,891,614,618,872,9.1,521,172,39,418905
ABarppppp:136,ABarppppp,136,25625,625,618,610,606,9.6,516,163,41,438916
ABarppppp:137,ABarppppp,137,26376,1376,1261,1274,1346,9.4,518,165,41,396130
ABarppppp:138,ABarppppp,138,26314,1314,908,953,1282,9.2,516,161,41,447989
ABarppppp:139,ABarppppp,139,25321,321,-198,-153,298,9.1,522,166,41,451293
ABarppppp:140,ABarppppp,140,26486,1486,633,776,1350,8.5,520,163,41,463599
ABarppppp:141,ABarppppp,141,26410,1410,851,725,1361,9.3,520,163,41,439345
ABarppppp:142,ABarppppp,142,26898,1898,1288,1391,1872,9.3,526,159,41,460942
ABarppppp:143,ABarppppp,143,26906,1906,1460,1449,1897,8.4,528,158,41,447977
ABarppppp:144,ABarppppp,144,26815,1815,845,843,1794,8.2,524,159,41,485459
ABarppppp:145,ABarppppp,145,27463,2463,1835,1769,2422,8.5,527,150,39,400922
ABp:5,ABp,5,23937,-1063,274,274,-1063,12.7,263,191,53,371046
ABp:6,ABp,6,23396,-1604,-1,-1,-1604,13.3,274,189,60,1219789
ABp:7,ABp,7,23453,-1547,-44,-44,-1547,14.1,293,204,70,2270225
ABp:8,ABp,8,23622,-1378,202,202,-1378,14.0,313,190,78,3422982
ABp:9,ABp,9,23238,-1762,-186,-186,-1762,15.0,320,183,78,3631067
ABp:10,ABp,10,23396,-1604,-220,-220,-1604,12.8,341,159,75,3646087
ABp:11,ABp,11,23587,-1413,-103,-103,-1413,13.6,361,114,80,4671796
ABp:12,ABp,12,22989,-2011,-933,-933,-2011,14.4,386,118,82,4936655
ABp:13,ABp,13,23480,-1520,-269,-269,-1520,13.7,372,135,83,4785937
ABp:14,ABp,14,23300,-1700,-319,-319,-1700,14.0,368,138,86,5023450
ABp:15,ABp,15,23106,-1894,-566,-566,-1894,14.1,361,151,85,2304165
ABp:16,ABp,16,23195,-1805,-415,-415,-1805,13.0,361,158,77,1677682
ABpl:17,ABpl,17,23404,-1596,-365,-358,-1596,8.9,348,178,83,1453652
ABpl:18,ABpl,18,23601,-1399,-27,-27,-1399,8.7,363,143,62,1389173
ABpl:19,ABpl,19,23187,-1813,-451,-451,-1813,8.5,361,158,65,1887670
ABpl:20,ABpl,20,23450,-1550,-196,-196,-1550,7.7,332,139,69,2403461
ABpl:21,ABpl,21,23456,-1544,-356,-356,-1544,7.2,291,145,70,2758914
ABpl:22,ABpl,22,23552,-1448,-205,-205,-1448,7.5,297,163,68,2478948
ABpl:23,ABpl,23,23473,-1527,-145,-145,-1527,7.7,304,200,70,2700575
ABpl:24,ABpl,24,23444,-1556,-420,-420,-1556,7.6,303,227,72,2795070
ABpl:25,ABpl,25,23309,-1691,-619,-619,-1691,7.5,302,286,75,3010863
ABpl:26,ABpl,26,23367,-1633,-609,-609,-1633,8.0,303,320,76,3163021
ABpl:27,ABpl,27,23357,-1643,-390,-390,-1643,9.3,310,332,73,2545741
ABpl:28,ABpl,28,23163,-1837,-703,-703,-1837,10.2,311,343,67,1618877
ABpla:29,ABpla,29,23304,-1696,-481,-452,-1690,8.7,269,314,46,608201
ABpla:30,ABpla,30,24018,-982,-94,-94,-982,6.3,253,298,42,464157
ABpla:31,ABpla,31,23399,-1601,-348,-348,-1601,6.4,239,288,59,1154544
ABpla:32,ABpla,32,23782,-1218,78,78,-1218,6.5,218,291,62,1399489
ABpla:33,ABpla,33,23274,-1726,-610,-610,-1726,6.7,186,277,63,1488454
ABpla:34,ABpla,34,23630,-1370,-71,-71,-1370,7.5,161,259,65,1747690
ABpla:35,ABpla,35,23446,-1554,-316,-316,-1554,7.6,151,235,65,1683946
ABpla:36,ABpla,36,23514,-1486,-346,-346,-1486,7.3,157,223,71,2092493
ABpla:37,ABpla,37,23683,-1317,-295,-295,-1317,7.2,163,218,69,1933048
ABpla:38,ABpla,38,23438,-1562,-424,-424,-1562,7.1,171,214,70,2112574
ABpla:39,ABpla,39,23395,-1605,-499,-499,-1605,7.4,181,202,69,1968894
ABpla:40,ABpla,40,23269,-1731,-608,-608,-1731,7.7,187,203,67,1836393
ABpla:41,ABpla,41,23270,-1730,-676,-676,-1730,7.6,189,206,67,1843545
ABpla:42,ABpla,42,23638,-1362,-207,-207,-1362,8.1,189,213,54,1037502
ABpla:43,ABpla,43,23757,-1243,-187,-187,-1243,8.4,191,206,54,1076656
ABplaa:44,ABplaa,44,23227,-1773,-188,-188,-1773,7.2,168,211,35,320308
ABplaa:45,ABplaa,45,23611,-1389,-427,-431,-1389,7.3,177,209,50,777323
ABplaa:46,ABplaa,46,23208,-1792,-718,-721,-1792,7.2,181,214,55,1020901
ABplaa:47,ABplaa,47,23404,-1596,-544,-544,-1596,6.8,177,220,56,1141519
ABplaa:48,ABplaa,48,24042,-958,254,252,-958,6.9,168,225,57,1191428
ABplaa:49,ABplaa,49,23672,-1328,-449,-456,-1328,7.0,154,216,58,1339724
ABplaa:50,ABplaa,50,23323,-1677,-350,-342,-1677,7.0,147,214,61,1501159
ABplaa:51,ABplaa,51,23253,-1747,-758,-794,-1746,7.5,139,212,60,1483188
ABplaa:52,ABplaa,52,23325,-1675,-298,-298,-1675,7.8,141,207,60,1604727
ABplaa:53,ABplaa,53,23009,-1991,-861,-884,-1991,7.6,147,207,60,1240506
ABplaa:54,ABplaa,54,23054,-1946,-919,-899,-1946,7.9,156,198,60,1361447
ABplaa:55,ABplaa,55,23351,-1649,-521,-525,-1649,7.6,159,199,60,1333324
ABplaa:56,ABplaa,56,22977,-2023,-780,-788,-2023,7.3,161,210,62,1502533
ABplaa:57,ABplaa,57,23207,-1793,-701,-702,-1793,6.5,159,216,65,1753672
ABplaa:58,ABplaa,58,23571,-1429,-260,-287,-1429,7.0,159,219,63,1682887
ABplaa:59,ABplaa,59,23435,-1565,-278,-278,-1565,6.5,162,223,63,1723611
ABplaa:60,ABplaa,60,23565,-1435,-287,-287,-1435,6.6,163,229,63,1673753
ABplaa:61,ABplaa,61,23102,-1898,-642,-634,-1898,7.7,159,213,60,1153113
ABplaaa:62,ABplaaa,62,23183,-1817,-623,-599,-1815,6.1,164,196,43,453443
ABplaaa:63,ABplaaa,63,24095,-905,-113,-113,-905,6.1,173,199,42,507526
ABplaaa:64,ABplaaa,64,22967,-2033,-742,-742,-2033,7.2,163,197,51,952160
ABplaaa:65,ABplaaa,65,23604,-1396,-448,-448,-1396,6.7,158,201,53,1108496
ABplaaa:66,ABplaaa,66,24090,-910,439,439,-910,6.7,150,203,52,1147528
ABplaaa:67,ABplaaa,67,23008,-1992,-1002,-1002,-1992,7.1,132,208,52,1227454
ABplaaa:68,ABplaaa,68,23419,-1581,-505,-509,-1580,6.3,138,203,52,1219136
ABplaaa:69,ABplaaa,69,23807,-1193,-179,-190,-1193,6.2,137,206,52,1282093
ABplaaa:70,ABplaaa,70,23624,-1376,-13,-13,-1376,6.2,138,199,52,1312096
ABplaaa:71,ABplaaa,71,24034,-966,69,70,-966,6.3,137,193,52,1342632
ABplaaa:72,ABplaaa,72,23571,-1429,-440,-440,-1429,6.5,136,196,55,1433416
ABplaaa:73,ABplaaa,73,24237,-763,220,220,-763,6.8,140,207,53,1394488
ABplaaa:74,ABplaaa,74,23725,-1275,-158,-158,-1275,6.3,141,208,55,1526946
ABplaaa:75,ABplaaa,75,23039,-1961,-1273,-1273,-1961,6.3,144,209,54,1577171
ABplaaa:76,ABplaaa,76,24023,-977,254,249,-976,6.3,135,210,56,1746688
ABplaaa:77,ABplaaa,77,23782,-1218,-373,-392,-1218,6.3,146,212,56,1772849
ABplaaa:78,ABplaaa,78,24298,-702,402,401,-702,6.2,134,205,56,1823084
ABplaaa:79,ABplaaa,79,23670,-1330,-205,-206,-1329,6.2,138,211,56,1838652
ABplaaa:80,ABplaaa,80,23677,-1323,-191,-193,-1321,6.8,134,217,55,1539306
ABplaaa:81,ABplaaa,81,23438,-1562,-541,-527,-1562,7.1,141,209,55,1561721
ABplaaa:82,ABplaaa,82,23143,-1857,-684,-699,-1857,7.7,144,209,55,1513270
ABplaaa:83,ABplaaa,83,23358,-1642,-345,-344,-1641,7.2,139,222,52,962845
ABplaaa:84,ABplaaa,84,23743,-1257,-309,-324,-1257,7.1,133,230,59,1219752
ABplaaaa:85,ABplaaaa,85,23709,-1291,-572,-573,-1288,8.0,91,251,38,450144
ABplaaaa:86,ABplaaaa,86,23791,-1209,48,60,-1208,9.2,99,264,48,824524
ABplaaaa:87,ABplaaaa,87,23779,-1221,14,27,-1221,10.0,104,274,46,835839
ABplaaaa:88,ABplaaaa,88,23870,-1130,236,253,-1130,9.9,104,275,44,752803
ABplaaaa:89,ABplaaaa,89,23677,-1323,-186,-186,-1323,9.4,111,283,46,817608
ABplaaaa:90,ABplaaaa,90,23695,-1305,-284,-312,-1303,9.9,122,281,44,779335
ABplaaaa:91,ABplaaaa,91,24190,-810,681,669,-810,9.2,111,280,47,926884
ABplaaaa:92,ABplaaaa,92,24225,-775,534,473,-771,9.2,113,275,47,886801
ABplaaaa:93,ABplaaaa,93,23211,-1789,-697,-709,-1784,9.1,117,280,45,777242
ABplaaaa:94,ABplaaaa,94,23891,-1109,-257,-149,-1105,9.1,102,276,47,943282
ABplaaaa:95,ABplaaaa,95,22896,-2104,-1165,-1228,-2099,9.8,106,270,46,925898
ABplaaaa:96,ABplaaaa,96,23754,-1246,33,-52,-1241,9.2,112,259,46,937913
ABplaaaa:97,ABplaaaa,97,23951,-1049,263,362,-1044,9.0,113,249,46,964042
ABplaaaa:98,ABplaaaa,98,23636,-1364,-38,-17,-1362,8.1,112,250,46,987846
ABplaaaa:99,ABplaaaa,99,24167,-833,356,395,-827,7.4,113,248,48,1049218
ABplaaaa:100,ABplaaaa,100,25159,159,858,851,160,7.2,111,253,46,880537
ABplaaaa:101,ABplaaaa,101,25099,99,652,682,100,7.1,121,259,46,889467
ABplaaaa:102,ABplaaaa,102,24745,-255,102,113,-252,6.9,134,269,46,884386
ABplaaaa:103,ABplaaaa,103,24378,-622,140,124,-620,6.9,134,270,46,888977
ABplaaaa:104,ABplaaaa,104,24488,-512,48,102,-510,6.7,134,277,46,868040
ABplaaaa:105,ABplaaaa,105,24271,-729,-141,-120,-728,6.3,143,280,46,880861
ABplaaaa:106,ABplaaaa,106,24496,-504,162,174,-503,6.8,138,283,46,898128
ABplaaaa:107,ABplaaaa,107,25156,156,733,731,158,6.8,138,268,46,903817
ABplaaaa:108,ABplaaaa,108,25368,368,695,631,374,6.1,149,273,46,914925
ABplaaaa:109,ABplaaaa,109,25201,201,651,611,216,6.0,156,280,46,925935
ABplaaaa:110,ABplaaaa,110,25262,262,416,367,264,6.0,155,278,46,835148
ABplaaaa:111,ABplaaaa,111,25535,535,1110,1108,540,6.1,159,298,37,415263
ABplaaaaa:112,ABplaaaaa,112,25045,45,411,400,52,6.3,133,314,34,307540
ABplaaaaa:113,ABplaaaaa,113,25693,693,943,937,683,7.2,129,330,35,341487
ABplaaaaa:114,ABplaaaaa,114,24946,-54,639,661,-55,7.0,120,313,38,519109
ABplaaaaa:115,ABplaaaaa,115,24387,-613,-440,-435,-612,6.7,118,310,39,514193
ABplaaaaa:116,ABplaaaaa,116,24575,-425,-142,-121,-424,7.1,132,320,39,526420
ABplaaaaa:117,ABplaaaaa,117,25204,204,649,656,199,6.8,126,311,38,516028
ABplaaaaa:118,ABplaaaaa,118,26204,1204,1492,1589,1177,6.6,122,318,39,538540
ABplaaaaa:119,ABplaaaaa,119,24370,-630,-180,-146,-701,7.5,123,333,39,549259
ABplaaaaa:120,ABplaaaaa,120,25778,778,945,955,695,8.2,117,330,37,454208
ABplaaaaa:121,ABplaaaaa,121,25121,121,625,661,11,8.8,121,327,37,447752
ABplaaaaa:122,ABplaaaaa,122,25387,387,695,819,369,7.3,138,338,39,485931
ABplaaaaa:123,ABplaaaaa,123,26067,1067,1311,1318,1053,7.1,150,337,39,507623
ABplaaaaa:124,ABplaaaaa,124,25338,338,733,726,312,7.3,153,345,39,506774
ABplaaaaa:125,ABplaaaaa,125,25614,614,985,1021,596,7.0,154,347,37,464426
ABplaaaaa:126,ABplaaaaa,126,25141,141,511,546,147,6.5,159,348,39,453353
ABplaaaaa:127,ABplaaaaa,127,25110,110,433,377,97,6.4,156,339,39,478857
ABplaaaaa:128,ABplaaaaa,128,25288,288,678,720,270,6.1,165,340,37,454802
ABplaaaaa:129,ABplaaaaa,129,24916,-84,432,525,-91,5.5,166,331,39,503370
ABplaaaaa:130,ABplaaaaa,130,25527,527,461,442,520,5.2,179,329,37,427818
ABplaaaaa:131,ABplaaaaa,131,25639,639,1131,1174,621,5.2,176,327,37,446653
ABplaaaaa:132,ABplaaaaa,132,25571,571,776,947,509,5.0,178,322,39,495507
ABplaaaaa:133,ABplaaaaa,133,25111,111,521,565,76,4.6,174,323,39,483804
ABplaaaaa:134,ABplaaaaa,134,24936,-64,310,424,-117,4.6,169,310,39,496543
ABplaaaaa:135,ABplaaaaa,135,25783,783,1236,1351,806,5.2,173,318,39,486381
ABplaaaaa:136,ABplaaaaa,136,25452,452,628,793,317,5.2,168,312,39,492786
ABplaaaaa:137,ABplaaaaa,137,26883,1883,2449,2570,1920,5.1,171,301,39,499505
ABplaaaaa:138,ABplaaaaa,138,25627,627,752,948,609,5.2,170,298,41,542476
ABplaaaaa:139,ABplaaaaa,139,25098,98,321,487,-11,5.3,174,308,39,492041
ABplaaaaa:140,ABplaaaaa,140,25957,957,1049,1170,853,5.2,171,308,39,500166
ABplaaaaa:141,ABplaaaaa,141,25774,774,755,757,754,5.2,167,303,41,549434
ABplaaaaa:142,ABplaaaaa,142,25820,820,746,1036,738,5.2,181,299,37,452465
ABplaaaaa:143,ABplaaaaa,143,25665,665,582,855,515,5.0,178,300,41,542677
ABplaaaaa:144,ABplaaaaa,144,25703,703,758,775,764,5.0,177,295,39,507342
ABplaaaaa:145,ABplaaaaa,145,25935,935,1237,1362,822,4.6,175,293,41,551531
ABplaaaap:112,ABplaaaap,112,24628,-372,-13,-34,-368,6.1,178,298,34,337101
ABplaaaap:113,ABplaaaap,113,24205,-795,-803,-782,-786,6.2,173,301,37,413507
ABplaaaap:114,ABplaaaap,114,24326,-674,-253,-199,-684,6.7,169,299,40,533168
ABplaaaap:115,ABplaaaap,115,24537,-463,-166,-221,-461,6.2,166,282,39,507377
ABplaaaap:116,ABplaaaap,116,24576,-424,-355,-346,-489,5.9,176,287,39,504362
ABplaaaap:117,ABplaaaap,117,25591,591,956,911,597,5.3,177,294,38,491859
ABplaaaap:118,ABplaaaap,118,25832,832,1118,1190,838,5.3,169,295,41,540717
ABplaaaap:119,ABplaaaap,119,25052,52,641,643,62,5.4,171,311,39,491198
ABplaaaap:120,ABplaaaap,120,25182,182,469,521,180,5.3,161,319,39,442094
ABplaaaap:121,ABplaaaap,121,25347,347,386,516,328,5.1,168,321,39,453643
ABplaaaap:122,ABplaaaap,122,25080,80,548,640,53,5.2,183,329,39,455919
ABplaaaap:123,ABplaaaap,123,25420,420,766,820,412,5.2,190,326,37,418854
ABplaaaap:124,ABplaaaap,124,25411,411,694,725,400,5.1,189,328,39,458524
ABplaaaap:125,ABplaaaap,125,25927,927,1412,1592,893,5.3,184,320,39,462525
ABplaaaap:126,ABplaaaap,126,24983,-17,210,235,1,5.2,194,328,41,500552
ABplaaaap:127,ABplaaaap,127,25694,694,398,368,691,5.3,198,325,39,463803
ABplaaaap:128,ABplaaaap,128,25656,656,667,808,624,5.2,208,322,39,481622
ABplaaaap:129,ABplaaaap,129,25397,397,118,99,527,5.3,208,310,39,469144
ABplaaaap:130,ABplaaaap,130,25164,164,-395,-399,21,5.5,212,306,39,441142
ABplaaaap:131,ABplaaaap,131,25709,709,450,637,552,5.4,214,304,39,451303
ABplaaaap:132,ABplaaaap,132,25692,692,76,174,182,5.9,212,298,37,436609
ABplaaaap:133,ABplaaaap,133,26184,1184,617,791,1020,5.8,212,295,37,429260
ABplaaaap:134,ABplaaaap,134,26118,1118,-96,22,400,6.0,205,288,39,504249
ABplaaaap:135,ABplaaaap,135,26141,1141,-110,90,428,6.1,205,288,41,545009
ABplaaaap:136,ABplaaaap,136,27745,2745,723,1066,1943,6.0,210,294,39,508749
ABplaaaap:137,ABplaaaap,137,26850,1850,-420,-654,1390,5.5,214,291,41,546229
ABplaaaap:138,ABplaaaap,138,26691,1691,-360,-698,1343,5.4,211,287,41,505597
ABplaaaap:139,ABplaaaap,139,27461,2461,-387,-741,2078,5.4,212,286,41,517139
ABplaaaap:140,ABplaaaap,140,27419,2419,-43,-42,1699,5.5,207,282,39,470692
ABplaaaap:141,ABplaaaap,141,26567,1567,-1439,-1359,964,5.4,207,278,41,512637
ABplaaaap:142,ABplaaaap,142,26759,1759,-2946,-1865,802,5.4,217,284,39,477471
ABplaaaap:143,ABplaaaap,143,26458,1458,-4660,-1925,185,5.2,221,284,41,532638
ABplaaaap:144,ABplaaaap,144,27867,2867,-5484,-559,-510,5.3,222,282,41,534846
ABplaaaap:145,ABplaaaap,145,27052,2052,-1182,-1087,1476,5.3,223,281,41,542300
ABplaaap:85,ABplaaap,85,23617,-1383,-724,-726,-1380,6.3,136,218,38,439639
ABplaaap:86,ABplaaap,86,24098,-902,-93,-91,-901,6.4,137,222,44,605800
ABplaaap:87,ABplaaap,87,23452,-1548,-429,-386,-1543,7.2,158,233,46,846455
ABplaaap:88,ABplaaap,88,23837,-1163,-336,-351,-1150,7.9,168,234,44,776882
ABplaaap:89,ABplaaap,89,23346,-1654,-681,-697,-1637,7.8,176,237,44,759386
ABplaaap:90,ABplaaap,90,23723,-1277,-261,-390,-1263,6.9,176,233,44,781336
ABplaaap:91,ABplaaap,91,24121,-879,276,256,-863,6.9,172,230,45,784570
ABplaaap:92,ABplaaap,92,24709,-291,800,719,-271,6.1,170,221,45,801630
ABplaaap:93,ABplaaap,93,23453,-1547,-675,-694,-1536,6.1,169,221,45,784080
ABplaaap:94,ABplaaap,94,24222,-778,297,325,-759,6.8,160,225,45,780249
ABplaaap:95,ABplaaap,95,24331,-669,441,437,-659,6.1,166,218,46,947295
ABplaaap:96,ABplaaap,96,23676,-1324,-229,-234,-1296,6.8,161,221,46,923998
ABplaaap:97,ABplaaap,97,24579,-421,482,482,-405,6.1,165,212,46,947095
ABplaaap:98,ABplaaap,98,24198,-802,359,323,-799,6.1,176,220,46,963713
ABplaaap:99,ABplaaap,99,24029,-971,313,295,-964,6.1,175,231,46,961424
ABplaaap:100,ABplaaap,100,24829,-171,198,145,-169,6.3,176,231,46,826892
ABplaaap:101,ABplaaap,101,24539,-461,79,129,-458,6.9,182,239,46,847945
ABplaaap:102,ABplaaap,102,24638,-362,62,92,-360,6.3,194,252,46,838869
ABplaaap:103,ABplaaap,103,24601,-399,-245,-241,-396,6.1,202,254,46,856958
ABplaaap:104,ABplaaap,104,24558,-442,-326,-277,-442,6.0,203,253,46,869320
ABplaaap:105,ABplaaap,105,24430,-570,-345,-350,-570,6.0,209,259,46,888004
ABplaaap:106,ABplaaap,106,24945,-55,396,439,-55,5.9,210,259,46,884796
ABplaaap:107,ABplaaap,107,24352,-648,-195,-195,-648,6.0,213,251,46,892868
ABplaaap:108,ABplaaap,108,24551,-449,-132,-156,-449,6.1,221,255,46,915497
ABplaaap:109,ABplaaap,109,24973,-27,46,27,-27,6.1,222,263,46,920691
ABplaaap:110,ABplaaap,110,25305,305,540,581,305,6.2,222,260,46,919966
ABplaaap:111,ABplaaap,111,24912,-88,63,103,-88,6.2,219,264,45,758072
ABplaaap:112,ABplaaap,112,24979,-21,407,407,-20,6.0,224,266,36,413263
ABplaaapa:113,ABplaaapa,113,24891,-109,312,343,-122,5.2,204,273,35,311189
ABplaaapa:114,ABplaaapa,114,25566,566,1214,1195,581,5.1,208,277,34,328339
ABplaaapa:115,ABplaaapa,115,24939,-61,205,303,-45,5.5,208,270,37,379027
ABplaaapa:116,ABplaaapa,116,26367,1367,1834,1860,1402,6.0,214,278,39,501097
ABplaaapa:117,ABplaaapa,117,24802,-198,255,415,-208,5.8,217,283,38,491546
ABplaaapa:118,ABplaaapa,118,24635,-365,-155,-84,-365,5.0,213,297,37,461564
ABplaaapa:119,ABplaaapa,119,24951,-49,499,491,-40,4.9,210,301,37,453899
ABplaaapa:120,ABplaaapa,120,25195,195,789,807,193,4.9,200,307,37,402364
ABplaaapa:121,ABplaaapa,121,25221,221,391,404,216,5.1,205,304,37,416917
ABplaaapa:122,ABplaaapa,122,25443,443,1156,1122,438,5.2,213,300,37,403759
ABplaaapa:123,ABplaaapa,123,24542,-458,-240,-292,-488,5.1,217,294,37,417693
ABplaaapa:124,ABplaaapa,124,25182,182,204,291,114,5.2,225,303,37,420788
ABplaaapa:125,ABplaaapa,125,25303,303,110,150,-125,5.0,223,303,37,417910
ABplaaapa:126,ABplaaapa,126,26441,1441,-93,145,777,5.7,231,302,37,405030
ABplaaapa:127,ABplaaapa,127,26819,1819,415,647,479,5.1,233,304,37,430516
ABplaaapa:128,ABplaaapa,128,26427,1427,-1070,-1130,-17,5.1,245,305,37,430655
ABplaaapa:129,ABplaaapa,129,25378,378,-1606,-1809,-1021,5.1,247,309,37,432835
ABplaaapa:130,ABplaaapa,130,26365,1365,-17,-96,882,5.0,248,309,37,422456
ABplaaapa:131,ABplaaapa,131,27839,2839,-209,-573,1421,5.2,252,306,37,426385
ABplaaapa:132,ABplaaapa,132,27391,2391,-520,-627,676,5.1,251,303,37,429834
ABplaaapa:133,ABplaaapa,133,28754,3754,-1350,259,-648,5.2,250,303,39,470952
ABplaaapa:134,ABplaaapa,134,28988,3988,-2489,-364,-2379,5.2,245,299,37,426206
ABplaaapa:135,ABplaaapa,135,29011,4011,-1416,561,6,5.2,248,305,39,467341
ABplaaapa:136,ABplaaapa,136,27779,2779,-2449,-1107,-4675,5.0,249,303,37,423204
ABplaaapa:137,ABplaaapa,137,28811,3811,-1327,-1480,2087,5.0,251,300,37,428430
ABplaaapa:138,ABplaaapa,138,27036,2036,-1812,-2119,478,4.7,251,297,37,413107
ABplaaapa:139,ABplaaapa,139,28381,3381,-699,-947,1745,4.8,253,297,37,414844
ABplaaapa:140,ABplaaapa,140,28389,3389,492,467,1668,4.8,246,303,37,417867
ABplaaapa:141,ABplaaapa,141,30524,5524,-4002,-1842,33,4.9,249,299,37,427974
ABplaaapa:142,ABplaaapa,142,30257,5257,-1599,-112,1027,4.5,258,299,39,430766
ABplaaapa:143,ABplaaapa,143,31776,6776,-2302,2446,-2694,4.8,264,303,37,407118
ABplaaapa:144,ABplaaapa,144,30846,5846,-2925,1360,-2787,4.8,266,303,37,419032
ABplaaapa:145,ABplaaapa,145,32479,7479,-5049,-1206,992,4.9,266,295,37,423417
ABplaaapp:113,ABplaaapp,113,25931,931,164,116,622,6.5,241,264,35,340251
ABplaaapp:114,ABplaaapp,114,25830,830,490,674,-446,6.3,254,264,34,305651
ABplaaapp:115,ABplaaapp,115,26001,1001,-141,201,-921,6.4,253,260,37,401578
ABplaaapp:116,ABplaaapp,116,24780,-220,-901,-820,-1569,6.2,257,261,39,492316
ABplaaapp:117,ABplaaapp,117,26569,1569,-413,47,-783,7.0,266,268,38,517428
ABplaaapp:118,ABplaaapp,118,26269,1269,-566,823,-5061,6.4,261,270,39,493740
ABplaaapp:119,ABplaaapp,119,26864,1864,-1631,459,-4115,6.1,256,274,39,523495
ABplaaapp:120,ABplaaapp,120,25171,171,-1029,-1098,-744,5.3,251,288,41,475129
ABplaaapp:121,ABplaaapp,121,24967,-33,-1630,-1680,-1150,5.3,257,289,39,443495
ABplaaapp:122,ABplaaapp,122,26794,1794,-521,-469,667,5.2,264,292,39,445214
ABplaaapp:123,ABplaaapp,123,26759,1759,-2674,-352,-4181,5.3,268,290,39,447231
ABplaaapp:124,ABplaaapp,124,28883,3883,-1432,1416,-510,5.2,272,295,41,481107
ABplaaapp:125,ABplaaapp,125,29668,4668,-2677,2945,-4020,5.3,270,292,41,478891
ABplaaapp:126,ABplaaapp,126,26209,1209,-3026,-1808,-780,5.4,277,301,39,449869
ABplaaapp:127,ABplaaapp,127,26447,1447,-2173,-962,-188,5.3,278,294,39,461203
ABplaaapp:128,ABplaaapp,128,26384,1384,-1132,-786,856,5.5,287,297,39,438433
ABplaaapp:129,ABplaaapp,129,26081,1081,-992,-1010,588,5.4,291,302,41,479967
ABplaaapp:130,ABplaaapp,130,26220,1220,-355,-409,965,5.5,293,309,39,434707
ABplaaapp:131,ABplaaapp,131,25715,715,-1107,-1045,418,5.5,295,312,39,483318
ABplaaapp:132,ABplaaapp,132,26406,1406,64,-3,1294,6.2,298,310,41,531374
ABplaaapp:133,ABplaaapp,133,26424,1424,542,600,1324,5.6,303,313,41,527262
ABplaaapp:134,ABplaaapp,134,24600,-400,-1155,-1089,-494,5.5,296,317,41,482143
ABplaaapp:135,ABplaaapp,135,25570,570,84,216,551,6.2,299,321,41,533549
ABplaaapp:136,ABplaaapp,136,26134,1134,458,470,1135,6.2,300,323,41,537148
ABplaaapp:137,ABplaaapp,137,25760,760,281,382,734,6.2,299,317,41,537733
ABplaaapp:138,ABplaaapp,138,26367,1367,566,519,1302,6.1,301,314,41,531782
ABplaaapp:139,ABplaaapp,139,26064,1064,99,74,956,6.2,302,312,41,543959
ABplaaapp:140,ABplaaapp,140,26565,1565,827,958,1476,6.2,297,315,41,542280
ABplaaapp:141,ABplaaapp,141,27167,2167,1166,1250,2062,6.2,303,316,41,560844
ABplaaapp:142,ABplaaapp,142,26619,1619,582,724,1553,5.5,311,320,41,493683
ABplaaapp:143,ABplaaapp,143,26843,1843,480,436,1690,5.4,316,322,41,505590
ABplaaapp:144,ABplaaapp,144,26300,1300,345,430,1222,6.0,317,323,41,567247
ABplaaapp:145,ABplaaapp,145,26266,1266,207,241,1194,5.3,317,323,41,517234
ABplaap:62,ABplaap,62,23663,-1337,-38,-39,-1334,8.3,187,248,49,602132
ABplaap:63,ABplaap,63,22962,-2038,-1017,-1017,-2038,8.2,200,265,48,649276
ABplaap:64,ABplaap,64,23856,-1144,50,47,-1144,9.3,209,262,55,982552
ABplaap:65,ABplaap,65,23412,-1588,-535,-516,-1588,10.2,217,269,53,944202
ABplaap:66,ABplaap,66,23441,-1559,-369,-369,-1559,11.1,217,280,52,955521
ABplaap:67,ABplaap,67,23408,-1592,-326,-326,-1592,10.3,211,286,52,1039734
ABplaap:68,ABplaap,68,24115,-885,479,479,-885,9.9,212,285,52,1145685
ABplaap:69,ABplaap,69,23837,-1163,-421,-422,-1163,9.3,209,287,52,1190065
ABplaap:70,ABplaap,70,23637,-1363,-234,-235,-1363,8.8,207,282,52,1273031
ABplaap:71,ABplaap,71,23966,-1034,-103,-109,-1034,8.5,208,278,54,1341322
ABplaap:72,ABplaap,72,23693,-1307,-393,-370,-1307,8.4,213,283,55,1416670
ABplaap:73,ABplaap,73,23407,-1593,-608,-609,-1593,8.2,215,279,55,1493089
ABplaap:74,ABplaap,74,23686,-1314,-250,-257,-1314,8.6,207,279,55,1521175
ABplaap:75,ABplaap,75,23288,-1712,-856,-836,-1712,8.2,207,280,56,1698492
ABplaap:76,ABplaap,76,23858,-1142,135,168,-1142,7.6,207,277,56,1746971
ABplaap:77,ABplaap,77,23506,-1494,-515,-526,-1494,8.0,203,274,56,1786473
ABplaap:78,ABplaap,78,23318,-1682,-434,-409,-1682,7.6,202,276,56,1813826
ABplaap:79,ABplaap,79,24009,-991,32,38,-991,8.1,211,280,56,1821428
ABplaap:80,ABplaap,80,23794,-1206,-291,-317,-1206,8.0,217,285,57,1631156
ABplaap:81,ABplaap,81,23485,-1515,-474,-469,-1515,8.1,213,291,57,1650907
ABplaap:82,ABplaap,82,23326,-1674,-573,-560,-1674,7.6,209,295,57,1667520
ABplaap:83,ABplaap,83,23891,-1109,-144,-144,-1109,8.0,207,290,50,867360
ABplaapa:84,ABplaapa,84,23478,-1522,-476,-528,-1480,7.4,179,298,51,672473
ABplaapa:85,ABplaapa,85,23806,-1194,-219,-219,-1194,7.2,156,284,38,455343
ABplaapa:86,ABplaapa,86,23111,-1889,-748,-703,-1889,6.3,161,278,42,579412
ABplaapa:87,ABplaapa,87,23945,-1055,15,32,-1052,7.2,163,290,46,808866
ABplaapa:88,ABplaapa,88,23404,-1596,-610,-590,-1594,8.1,162,298,44,748635
ABplaapa:89,ABplaapa,89,23577,-1423,-763,-763,-1421,8.1,171,296,44,755727
ABplaapa:90,ABplaapa,90,23824,-1176,-68,-91,-1173,8.1,183,294,46,901420
ABplaapa:91,ABplaapa,91,23483,-1517,-362,-330,-1512,8.1,173,299,47,913159
ABplaapa:92,ABplaapa,92,22550,-2450,-1434,-1407,-2447,8.1,169,293,45,778232
ABplaapa:93,ABplaapa,93,23918,-1082,124,104,-1074,8.0,174,292,45,789828
ABplaapa:94,ABplaapa,94,24208,-792,378,412,-790,7.3,164,293,47,900650
ABplaapa:95,ABplaapa,95,24661,-339,881,899,-338,8.0,163,289,46,944156
ABplaapa:96,ABplaapa,96,23308,-1692,-398,-361,-1685,7.8,162,291,46,930934
ABplaapa:97,ABplaapa,97,24069,-931,373,381,-927,8.1,158,283,46,944950
ABplaapa:98,ABplaapa,98,23639,-1361,-336,-299,-1350,8.9,166,290,46,943909
ABplaapa:99,ABplaapa,99,23479,-1521,-510,-475,-1518,8.2,168,291,48,1078676
ABplaapa:100,ABplaapa,100,24986,-14,595,597,-14,8.1,162,294,46,846963
ABplaapa:101,ABplaapa,101,24187,-813,-106,-52,-811,7.3,175,298,46,839918
ABplaapa:102,ABplaapa,102,24616,-384,222,220,-381,7.1,192,306,46,884281
ABplaapa:103,ABplaapa,103,24130,-870,-168,-154,-871,7.1,201,312,46,892584
ABplaapa:104,ABplaapa,104,25202,202,545,545,207,7.2,201,312,46,890053
ABplaapa:105,ABplaapa,105,25255,255,663,665,258,7.0,203,321,46,910060
ABplaapa:106,ABplaapa,106,24903,-97,355,332,-94,7.0,198,319,46,916856
ABplaapa:107,ABplaapa,107,24767,-233,240,254,-233,6.3,198,311,46,899850
ABplaapa:108,ABplaapa,108,24829,-171,9,8,-168,6.1,201,320,46,914401
ABplaapa:109,ABplaapa,109,25097,97,74,130,103,6.2,214,328,46,919972
ABplaapa:110,ABplaapa,110,24367,-633,-515,-525,-622,6.1,215,322,46,919236
ABplaapa:111,ABplaapa,111,24687,-313,53,80,-310,6.1,218,328,47,925704
ABplaapa:112,ABplaapa,112,25445,445,744,749,435,6.0,227,327,42,593871
ABplaapa:113,ABplaapa,113,24477,-523,7,7,-523,6.0,221,343,37,418871
ABplaapaa:114,ABplaapaa,114,25857,857,1401,1385,857,6.3,189,346,34,304966
ABplaapaa:115,ABplaapaa,115,24031,-969,-406,-406,-975,6.1,178,343,35,357743
ABplaapaa:116,ABplaapaa,116,25640,640,983,980,624,6.1,177,351,39,508717
ABplaapaa:117,ABplaapaa,117,24545,-455,-244,-232,-454,6.2,181,354,38,510020
ABplaapaa:118,ABplaapaa,118,25321,321,610,608,328,6.4,176,355,39,493823
ABplaapaa:119,ABplaapaa,119,25132,132,112,123,134,7.1,181,364,39,544638
ABplaapaa:120,ABplaapaa,120,24705,-295,-10,8,-308,7.4,171,365,39,462771
ABplaapaa:121,ABplaapaa,121,25669,669,888,966,658,7.5,175,366,39,494234
ABplaapaa:122,ABplaapaa,122,24837,-163,-53,100,-210,7.9,190,370,37,446548
ABplaapaa:123,ABplaapaa,123,25455,455,713,740,422,7.8,199,369,37,442993
ABplaapaa:124,ABplaapaa,124,25468,468,593,633,431,7.8,203,371,37,430912
ABplaapaa:125,ABplaapaa,125,25729,729,781,833,725,7.7,197,374,37,431388
ABplaapaa:126,ABplaapaa,126,24910,-90,-301,-149,-103,7.6,201,378,39,495546
ABplaapaa:127,ABplaapaa,127,25327,327,225,277,315,7.5,203,376,39,491247
ABplaapaa:128,ABplaapaa,128,25540,540,505,542,495,7.2,197,371,39,497961
ABplaapaa:129,ABplaapaa,129,25421,421,45,21,361,6.6,199,366,39,499178
ABplaapaa:130,ABplaapaa,130,24991,-9,150,161,-227,6.5,214,367,39,493315
ABplaapaa:131,ABplaapaa,131,25720,720,1068,1065,682,6.3,217,364,41,516057
ABplaapaa:132,ABplaapaa,132,25906,906,1125,1137,856,6.2,216,358,39,485785
ABplaapaa:133,ABplaapaa,133,25628,628,631,821,206,5.6,217,357,41,521180
ABplaapaa:134,ABplaapaa,134,25710,710,738,756,691,5.6,215,354,41,534006
ABplaapaa:135,ABplaapaa,135,25673,673,828,853,583,6.2,225,356,41,533045
ABplaapaa:136,ABplaapaa,136,25693,693,686,695,637,5.6,218,356,39,494313
ABplaapaa:137,ABplaapaa,137,26184,1184,998,979,1169,5.4,212,349,39,444090
ABplaapaa:138,ABplaapaa,138,24804,-196,-245,-187,-267,5.5,210,345,39,482015
ABplaapaa:139,ABplaapaa,139,25696,696,708,764,645,5.5,216,348,39,487900
ABplaapaa:140,ABplaapaa,140,26057,1057,1057,1053,943,6.0,210,352,41,540114
ABplaapaa:141,ABplaapaa,141,26103,1103,985,992,1055,5.3,207,349,41,511786
ABplaapaa:142,ABplaapaa,142,26398,1398,1632,1750,1324,5.3,213,351,41,525621
ABplaapaa:143,ABplaapaa,143,25393,393,92,283,161,5.3,211,347,41,528642
ABplaapaa:144,ABplaapaa,144,26161,1161,1056,1024,1139,5.2,214,345,39,478035
ABplaapaa:145,ABplaapaa,145,26744,1744,1439,1665,1666,5.2,215,348,39,469842
ABplaapap:114,ABplaapap,114,25230,230,710,729,235,6.1,246,340,34,331416
ABplaapap:115,ABplaapap,115,24607,-393,-387,-383,-393,6.1,236,337,35,348299
ABplaapap:116,ABplaapap,116,25667,667,1062,1050,653,6.1,228,335,37,449398
ABplaapap:117,ABplaapap,117,24664,-336,146,93,-331,5.9,240,341,38,497234
ABplaapap:118,ABplaapap,118,25085,85,265,207,86,5.3,243,343,37,442399
ABplaapap:119,ABplaapap,119,25718,718,1105,1089,718,5.8,244,350,37,454548
ABplaapap:120,ABplaapap,120,25794,794,972,875,794,5.9,242,355,37,412181
ABplaapap:121,ABplaapap,121,24515,-485,-295,-297,-475,5.2,246,351,37,405920
ABplaapap:122,ABplaapap,122,24605,-395,-385,-432,-417,5.8,252,355,37,411478
ABplaapap:123,ABplaapap,123,25595,595,681,657,543,5.7,263,352,37,401942
ABplaapap:124,ABplaapap,124,25876,876,1190,1243,896,5.1,266,354,37,408151
ABplaapap:125,ABplaapap,125,25528,528,50,82,525,5.3,258,350,39,451573
ABplaapap:126,ABplaapap,126,25029,29,-140,-181,5,5.3,265,354,39,451351
ABplaapap:127,ABplaapap,127,24076,-924,-627,-559,-910,5.4,260,361,39,429670
ABplaapap:128,ABplaapap,128,26437,1437,1497,1467,1459,6.1,266,367,39,477684
ABplaapap:129,ABplaapap,129,26095,1095,1528,1598,1066,6.2,269,367,39,477484
ABplaapap:130,ABplaapap,130,25749,749,417,382,577,6.0,279,361,37,427450
ABplaapap:131,ABplaapap,131,27195,2195,2231,2302,2134,6.1,279,364,39,481151
ABplaapap:132,ABplaapap,132,26195,1195,1433,1454,1134,5.6,278,365,39,482720
ABplaapap:133,ABplaapap,133,25918,918,964,900,897,5.5,276,364,39,465758
ABplaapap:134,ABplaapap,134,26948,1948,1671,1715,1893,5.4,274,367,41,458629
ABplaapap:135,ABplaapap,135,25757,757,1013,1030,741,5.5,280,372,39,429768
ABplaapap:136,ABplaapap,136,25216,216,54,96,146,6.3,273,370,41,495672
ABplaapap:137,ABplaapap,137,25983,983,1252,1312,940,6.2,264,367,39,480259
ABplaapap:138,ABplaapap,138,26340,1340,912,951,1294,5.5,264,360,39,431442
ABplaapap:139,ABplaapap,139,26576,1576,1577,1659,1559,5.5,264,366,41,524088
ABplaapap:140,ABplaapap,140,25792,792,703,809,761,5.5,257,368,41,531979
ABplaapap:141,ABplaapap,141,26077,1077,602,575,1006,5.4,257,366,39,444349
ABplaapap:142,ABplaapap,142,25469,469,323,376,376,5.4,264,365,41,471341
ABplaapap:143,ABplaapap,143,27237,2237,2172,2282,2117,5.3,261,366,41,504321
ABplaapap:144,ABplaapap,144,26886,1886,1464,1486,1836,5.2,259,359,41,523123
ABplaapap:145,ABplaapap,145,25098,98,-174,-52,-28,5.0,257,353,41,512926
ABplaapp:84,ABplaapp,84,23068,-1932,-1051,-1204,-1896,8.0,220,290,35,333624
ABplaapp:85,ABplaapp,85,25183,183,796,796,183,8.2,218,270,36,405361
ABplaapp:86,ABplaapp,86,23938,-1062,-25,-25,-1062,8.0,227,269,42,608120
ABplaapp:87,ABplaapp,87,23874,-1126,-252,-252,-1126,8.0,240,277,46,810986
ABplaapp:88,ABplaapp,88,23055,-1945,-737,-754,-1944,8.1,255,281,44,727319
ABplaapp:89,ABplaapp,89,24512,-488,440,441,-485,8.3,264,274,46,819896
ABplaapp:90,ABplaapp,90,24020,-980,-71,-125,-976,8.0,266,271,44,756386
ABplaapp:91,ABplaapp,91,24172,-828,134,109,-828,7.8,265,279,45,755508
ABplaapp:92,ABplaapp,92,23113,-1887,-946,-903,-1887,6.5,261,279,47,844013
ABplaapp:93,ABplaapp,93,24150,-850,57,35,-850,6.4,265,286,47,867714
ABplaapp:94,ABplaapp,94,23738,-1262,-303,-282,-1262,6.5,256,296,47,861838
ABplaapp:95,ABplaapp,95,23497,-1503,-522,-517,-1503,6.6,256,299,50,1194361
ABplaapp:96,ABplaapp,96,23751,-1249,-484,-484,-1249,6.5,248,303,48,998189
ABplaapp:97,ABplaapp,97,23614,-1386,-685,-685,-1386,7.0,251,306,48,1102788
ABplaapp:98,ABplaapp,98,24310,-690,-175,-172,-690,7.4,255,312,48,1052224
ABplaapp:99,ABplaapp,99,24474,-526,219,217,-524,7.3,258,318,48,1083748
ABplaapp:100,ABplaapp,100,23961,-1039,-565,-623,-1039,7.9,251,324,46,873113
ABplaapp:101,ABplaapp,101,24672,-328,-254,-256,-328,7.6,270,332,48,1009086
ABplaapp:102,ABplaapp,102,24868,-132,150,142,-133,9.1,290,336,46,839771
ABplaapp:103,ABplaapp,103,25134,134,300,286,134,9.2,298,340,46,848133
ABplaapp:104,ABplaapp,104,24801,-199,142,167,-198,9.1,293,341,48,995239
ABplaapp:105,ABplaapp,105,24607,-393,-302,-330,-392,8.4,294,349,48,967040
ABplaapp:106,ABplaapp,106,24989,-11,169,185,-11,8.3,291,348,48,994328
ABplaapp:107,ABplaapp,107,24734,-266,-37,-53,-266,8.0,288,353,48,1058877
ABplaapp:108,ABplaapp,108,24546,-454,-332,-336,-454,9.1,296,348,46,892436
ABplaapp:109,ABplaapp,109,24748,-252,-74,-69,-253,10.1,304,345,46,868565
ABplaapp:110,ABplaapp,110,24754,-246,185,186,-246,10.0,305,348,46,899497
ABplaapp:111,ABplaapp,111,25695,695,1061,1074,695,9.0,295,356,37,432259
ABplaappa:112,ABplaappa,112,25339,339,918,898,336,8.2,286,352,34,295125
ABplaappa:113,ABplaappa,113,24793,-207,296,296,-207,8.0,290,352,35,341600
ABplaappa:114,ABplaappa,114,24888,-112,156,135,-110,6.3,288,366,36,393267
ABplaappa:115,ABplaappa,115,24375,-625,-519,-583,-616,6.9,276,367,39,516999
ABplaappa:116,ABplaappa,116,25041,41,138,145,32,6.8,273,368,39,525815
ABplaappa:117,ABplaappa,117,24252,-748,-662,-649,-877,6.6,275,366,40,590351
ABplaappa:118,ABplaappa,118,24912,-88,-115,-135,-106,6.3,285,366,39,526639
ABplaappa:119,ABplaappa,119,24793,-207,-392,-389,-183,6.5,286,376,39,537286
ABplaappa:120,ABplaappa,120,24792,-208,-421,-498,-198,7.2,289,384,39,491837
ABplaappa:121,ABplaappa,121,25574,574,833,757,578,7.0,296,382,37,452418
ABplaappa:122,ABplaappa,122,25535,535,827,841,531,6.9,295,388,37,450463
ABplaappa:123,ABplaappa,123,25180,180,-469,-333,148,7.3,305,387,39,492772
ABplaappa:124,ABplaappa,124,25134,134,65,7,157,8.0,310,390,39,497883
ABplaappa:125,ABplaappa,125,25991,991,730,708,989,6.6,309,383,39,499131
ABplaappa:126,ABplaappa,126,25696,696,442,470,678,7.3,317,385,39,491433
ABplaappa:127,ABplaappa,127,25109,109,264,215,110,7.5,312,390,39,503843
ABplaappa:128,ABplaappa,128,25690,690,629,521,700,7.5,316,392,39,478566
ABplaappa:129,ABplaappa,129,25936,936,925,916,924,8.2,322,394,41,556382
ABplaappa:130,ABplaappa,130,25066,66,-21,135,47,8.3,324,395,39,510169
ABplaappa:131,ABplaappa,131,25606,606,321,338,567,8.1,322,392,39,523107
ABplaappa:132,ABplaappa,132,27307,2307,2397,2342,2260,8.0,318,389,39,519294
ABplaappa:133,ABplaappa,133,25669,669,534,508,646,8.3,313,392,41,544388
ABplaappa:134,ABplaappa,134,26509,1509,1213,1209,1420,8.4,314,388,41,525537
ABplaappa:135,ABplaappa,135,26089,1089,875,819,1061,8.2,326,394,41,568247
ABplaappa:136,ABplaappa,136,25845,845,696,705,818,8.3,327,394,41,578653
ABplaappa:137,ABplaappa,137,26005,1005,501,511,958,8.1,320,393,41,581295
ABplaappa:138,ABplaappa,138,26489,1489,1409,1539,1399,7.4,320,386,39,498743
ABplaappa:139,ABplaappa,139,26151,1151,1112,1139,1145,7.4,316,391,41,553876
ABplaappa:140,ABplaappa,140,26160,1160,894,959,1136,7.5,318,393,41,529249
ABplaappa:141,ABplaappa,141,25544,544,313,313,526,7.3,320,388,41,569661
ABplaappa:142,ABplaappa,142,27748,2748,2539,2507,2744,7.4,327,392,41,541019
ABplaappa:143,ABplaappa,143,27212,2212,1634,1670,2183,8.1,330,391,41,586325
ABplaappa:144,ABplaappa,144,26308,1308,896,903,1271,8.1,326,390,41,592442
ABplaappa:145,ABplaappa,145,26309,1309,792,799,1250,7.5,328,388,41,588788
ABplaappp:112,ABplaappp,112,25100,100,1101,1153,94,8.3,329,362,32,263868
ABplaappp:113,ABplaappp,113,24568,-432,-270,-270,-432,8.2,354,360,35,323371
ABplaappp:114,ABplaappp,114,25484,484,466,466,487,8.4,349,368,36,393781
ABplaappp:115,ABplaappp,115,24566,-434,-274,-281,-439,8.9,334,365,39,516618
ABplaappp:116,ABplaappp,116,24871,-129,154,153,-130,9.9,336,369,39,497962
ABplaappp:117,ABplaappp,117,25115,115,-25,-15,114,9.3,337,382,40,537950
ABplaappp:118,ABplaappp,118,25079,79,124,134,79,9.2,351,391,39,495285
ABplaappp:119,ABplaappp,119,24479,-521,-453,-495,-518,9.2,354,391,41,577172
ABplaappp:120,ABplaappp,120,25031,31,11,-33,54,9.1,357,389,39,480741
ABplaappp:121,ABplaappp,121,25877,877,945,825,895,9.3,362,378,41,497075
ABplaappp:122,ABplaappp,122,25143,143,487,387,166,9.3,370,380,41,509664
ABplaappp:123,ABplaappp,123,25244,244,331,250,266,9.3,374,381,41,496776
ABplaappp:124,ABplaappp,124,25088,88,265,290,60,10.2,374,386,41,534151
ABplaappp:125,ABplaappp,125,24846,-154,97,135,-154,10.2,368,385,41,514380
ABplaappp:126,ABplaappp,126,25069,69,390,345,73,10.3,373,384,41,477512
ABplaappp:127,ABplaappp,127,25175,175,113,165,102,9.3,374,377,41,493218
ABplaappp:128,ABplaappp,128,25171,171,271,356,65,9.3,375,386,41,495671
ABplaappp:129,ABplaappp,129,25051,51,57,0,110,10.1,381,381,41,531847
ABplaappp:130,ABplaappp,130,24970,-30,-208,-196,-111,10.1,386,381,41,515438
ABplaappp:131,ABplaappp,131,24615,-385,-633,-614,-433,10.1,381,389,41,519984
ABplaappp:132,ABplaappp,132,25422,422,306,444,387,10.2,374,390,41,523801
ABplaappp:133,ABplaappp,133,25645,645,567,577,682,10.1,375,392,41,563376
ABplaappp:134,ABplaappp,134,26120,1120,941,908,1081,10.1,373,391,41,561752
ABplaappp:135,ABplaappp,135,26504,1504,1231,1215,1466,10.1,384,393,41,575066
ABplaappp:136,ABplaappp,136,26538,1538,1167,1082,1527,10.2,382,396,41,556323
ABplaappp:137,ABplaappp,137,26108,1108,636,638,1084,10.1,380,391,41,585704
ABplaappp:138,ABplaappp,138,25329,329,202,285,113,9.4,382,389,41,519444
ABplaappp:139,ABplaappp,139,26390,1390,909,905,1276,10.1,374,389,41,583446
ABplaappp:140,ABplaappp,140,26672,1672,1464,1389,1722,10.1,373,393,41,586263
ABplaappp:141,ABplaappp,141,26442,1442,1059,1133,1420,9.3,379,390,41,516980
ABplaappp:142,ABplaappp,142,26195,1195,1128,1173,1136,10.0,383,391,41,596511
ABplaappp:143,ABplaappp,143,26035,1035,509,496,992,10.2,382,390,41,575011
ABplaappp:144,ABplaappp,144,27926,2926,2216,2248,2910,10.3,380,396,41,532960
ABplaappp:145,ABplaappp,145,26398,1398,1264,1226,1380,10.1,384,391,41,596176
ABplap:44,ABplap,44,23117,-1883,-283,-283,-1883,7.1,238,220,35,335177
ABplap:45,ABplap,45,23713,-1287,-234,-239,-1287,7.5,255,213,52,816076
ABplap:46,ABplap,46,23830,-1170,-280,-274,-1170,7.9,265,223,55,1024723
ABplap:47,ABplap,47,23509,-1491,-305,-305,-1491,7.0,269,239,56,1180284
ABplap:48,ABplap,48,23808,-1192,-14,-14,-1192,6.9,282,232,57,1212829
ABplap:49,ABplap,49,23197,-1803,-654,-654,-1803,7.1,285,224,58,1337749
ABplap:50,ABplap,50,23117,-1883,-737,-737,-1883,6.8,280,226,59,1366187
ABplap:51,ABplap,51,23457,-1543,-369,-369,-1543,6.9,276,218,60,1522308
ABplap:52,ABplap,52,23949,-1051,117,117,-1051,6.7,276,214,60,1560255
ABplap:53,ABplap,53,23459,-1541,-313,-313,-1541,7.0,277,222,60,1301281
ABplap:54,ABplap,54,23078,-1922,-736,-736,-1922,7.5,289,217,60,1260878
ABplap:55,ABplap,55,23260,-1740,-574,-574,-1740,8.0,288,217,60,1385936
ABplap:56,ABplap,56,23340,-1660,-473,-473,-1660,8.6,276,221,60,1344200
ABplap:57,ABplap,57,23210,-1790,-792,-792,-1790,8.0,275,219,61,1500611
ABplap:58,ABplap,58,23404,-1596,-496,-496,-1596,7.9,273,226,61,1561119
ABplap:59,ABplap,59,23480,-1520,-257,-257,-1520,8.4,278,234,61,1619347
ABplap:60,ABplap,60,23178,-1822,-498,-498,-1822,8.6,281,234,61,1547219
ABplap:61,ABplap,61,23335,-1665,-317,-317,-1665,7.7,286,236,60,1240290
ABplap:62,ABplap,62,23328,-1672,-475,-475,-1672,8.9,296,246,59,1158098
ABplapa:63,ABplapa,63,23134,-1866,-649,-649,-1865,6.3,277,220,38,397745
ABplapa:64,ABplapa,64,23496,-1504,-165,-172,-1504,6.5,269,218,49,742575
ABplapa:65,ABplapa,65,23822,-1178,-156,-153,-1178,6.3,257,218,53,1046729
ABplapa:66,ABplapa,66,23603,-1397,-90,-90,-1397,5.8,240,221,52,1137714
ABplapa:67,ABplapa,67,23310,-1690,-480,-480,-1690,5.9,239,221,52,1182484
ABplapa:68,ABplapa,68,23302,-1698,-872,-872,-1698,6.2,244,208,52,1208634
ABplapa:69,ABplapa,69,23362,-1638,-821,-821,-1638,6.4,231,206,52,1211424
ABplapa:70,ABplapa,70,23590,-1410,-332,-332,-1410,6.9,227,197,52,1276930
ABplapa:71,ABplapa,71,23825,-1175,-112,-112,-1175,7.1,225,192,52,1316572
ABplapa:72,ABplapa,72,23774,-1226,-38,-38,-1226,7.1,231,204,53,1346584
ABplapa:73,ABplapa,73,23796,-1204,-44,-44,-1204,6.8,234,201,53,1355885
ABplapa:74,ABplapa,74,23491,-1509,-322,-319,-1509,6.9,231,204,53,1401846
ABplapa:75,ABplapa,75,23222,-1778,-627,-612,-1778,6.8,230,194,54,1550150
ABplapa:76,ABplapa,76,23782,-1218,-233,-248,-1218,6.3,236,201,54,1572947
ABplapa:77,ABplapa,77,23376,-1624,-572,-554,-1624,7.3,241,205,54,1601979
ABplapa:78,ABplapa,78,23514,-1486,-476,-458,-1486,7.2,233,197,54,1641177
ABplapa:79,ABplapa,79,23287,-1713,-534,-517,-1713,7.0,232,200,56,1822107
ABplapa:80,ABplapa,80,23558,-1442,-355,-354,-1442,7.1,237,208,55,1494182
ABplapa:81,ABplapa,81,23212,-1788,-686,-677,-1788,7.1,247,210,55,1517042
ABplapa:82,ABplapa,82,23293,-1707,-625,-623,-1707,7.2,244,215,55,1458789
ABplapa:83,ABplapa,83,23004,-1996,-810,-810,-1996,7.0,228,204,46,686291
ABplapaa:84,ABplapaa,84,24027,-973,-17,-21,-969,6.0,201,208,35,341343
ABplapaa:85,ABplapaa,85,24304,-696,898,898,-695,5.3,189,193,36,404553
ABplapaa:86,ABplapaa,86,24347,-653,544,534,-653,5.2,194,198,42,595981
ABplapaa:87,ABplapaa,87,23762,-1238,-195,-253,-1236,5.2,202,200,46,789993
ABplapaa:88,ABplapaa,88,24296,-704,428,382,-701,5.0,211,210,44,748680
ABplapaa:89,ABplapaa,89,24618,-382,637,619,-365,5.0,211,214,44,769014
ABplapaa:90,ABplapaa,90,23975,-1025,47,55,-1007,5.1,215,211,44,779156
ABplapaa:91,ABplapaa,91,23298,-1702,-558,-440,-1644,5.1,215,211,45,787471
ABplapaa:92,ABplapaa,92,23730,-1270,-572,-609,-1228,5.0,212,203,45,795840
ABplapaa:93,ABplapaa,93,23855,-1145,-133,-193,-1072,5.1,215,207,45,791168
ABplapaa:94,ABplapaa,94,23827,-1173,-46,-3,-1132,5.2,212,214,45,777167
ABplapaa:95,ABplapaa,95,23989,-1011,-2,55,-998,5.2,217,214,46,918244
ABplapaa:96,ABplapaa,96,23467,-1533,-393,-438,-1516,5.7,211,222,46,903249
ABplapaa:97,ABplapaa,97,23552,-1448,-145,-141,-1443,5.1,218,225,46,936879
ABplapaa:98,ABplapaa,98,23493,-1507,-224,-195,-1505,5.2,227,245,46,928629
ABplapaa:99,ABplapaa,99,23569,-1431,-416,-368,-1428,5.2,223,258,46,924358
ABplapaa:100,ABplapaa,100,24263,-737,-209,-198,-736,5.8,226,259,46,784478
ABplapaa:101,ABplapaa,101,25122,122,679,671,122,5.9,237,267,46,809034
ABplapaa:102,ABplapaa,102,25067,67,395,372,67,6.0,255,276,46,835308
ABplapaa:103,ABplapaa,103,24338,-662,-563,-556,-662,5.9,263,282,46,827137
ABplapaa:104,ABplapaa,104,24703,-297,-142,-147,-297,6.0,265,279,46,838673
ABplapaa:105,ABplapaa,105,24711,-289,-61,-25,-289,6.1,267,283,46,849456
ABplapaa:106,ABplapaa,106,25582,582,839,825,582,6.0,270,280,46,849223
ABplapaa:107,ABplapaa,107,24931,-69,40,15,-69,6.0,267,278,46,871276
ABplapaa:108,ABplapaa,108,24830,-170,-252,-240,-170,5.9,280,284,46,862473
ABplapaa:109,ABplapaa,109,25662,662,1107,1114,662,5.9,290,296,46,878201
ABplapaa:110,ABplapaa,110,24691,-309,-113,-84,-312,6.0,294,294,46,857795
ABplapaa:111,ABplapaa,111,25607,607,267,267,606,6.0,284,292,35,370602
ABplapaa:112,ABplapaa,112,25550,550,887,890,550,6.1,297,290,38,532190
ABplapaaa:113,ABplapaaa,113,24897,-103,-485,-485,-293,6.1,279,296,35,321443
ABplapaaa:114,ABplapaaa,114,24600,-400,-263,-285,-407,5.3,279,305,34,306463
ABplapaaa:115,ABplapaaa,115,24967,-33,145,141,-65,5.8,272,306,39,461233
ABplapaaa:116,ABplapaaa,116,25662,662,1167,1242,683,5.1,269,305,39,463868
ABplapaaa:117,ABplapaaa,117,24960,-40,-231,-255,-26,5.1,277,308,38,465667
ABplapaaa:118,ABplapaaa,118,24901,-99,36,23,-98,5.0,285,312,37,429016
ABplapaaa:119,ABplapaaa,119,24554,-446,-173,-176,-441,4.6,283,317,39,477718
ABplapaaa:120,ABplapaaa,120,25720,720,822,864,733,5.0,283,325,39,417671
ABplapaaa:121,ABplapaaa,121,25235,235,372,386,254,5.0,292,321,37,385777
ABplapaaa:122,ABplapaaa,122,24964,-36,-118,-88,-45,5.0,301,329,37,379769
ABplapaaa:123,ABplapaaa,123,24737,-263,-40,-17,-274,5.0,312,328,37,390650
ABplapaaa:124,ABplapaaa,124,24575,-425,-295,-323,-430,5.2,313,341,37,392367
ABplapaaa:125,ABplapaaa,125,24692,-308,-383,-389,-327,5.1,309,338,37,387683
ABplapaaa:126,ABplapaaa,126,24433,-567,-498,-487,-585,5.2,311,343,39,429562
ABplapaaa:127,ABplapaaa,127,25713,713,934,957,737,5.1,307,345,39,434162
ABplapaaa:128,ABplapaaa,128,24430,-570,-374,-351,-589,5.2,309,346,37,398516
ABplapaaa:129,ABplapaaa,129,25356,356,513,462,334,5.9,318,351,37,409766
ABplapaaa:130,ABplapaaa,130,24585,-415,-513,-456,-430,6.0,328,356,37,418592
ABplapaaa:131,ABplapaaa,131,25795,795,861,788,774,6.3,329,350,39,463070
ABplapaaa:132,ABplapaaa,132,25463,463,785,825,426,5.6,332,350,39,460807
ABplapaaa:133,ABplapaaa,133,25116,116,-70,-42,97,5.6,329,354,39,453353
ABplapaaa:134,ABplapaaa,134,25671,671,843,722,602,6.3,325,354,39,465511
ABplapaaa:135,ABplapaaa,135,25654,654,763,746,628,6.2,336,354,41,501359
ABplapaaa:136,ABplapaaa,136,25113,113,153,269,89,5.6,340,359,41,516899
ABplapaaa:137,ABplapaaa,137,25524,524,553,633,504,6.1,339,355,39,476626
ABplapaaa:138,ABplapaaa,138,26149,1149,1302,1468,1113,6.3,340,346,39,468789
ABplapaaa:139,ABplapaaa,139,25255,255,-25,75,229,6.3,336,346,39,467993
ABplapaaa:140,ABplapaaa,140,26298,1298,684,763,1269,6.4,333,350,41,493930
ABplapaaa:141,ABplapaaa,141,25600,600,408,489,568,7.0,339,348,41,535372
ABplapaaa:142,ABplapaaa,142,25160,160,-159,57,80,7.1,343,350,41,537103
ABplapaaa:143,ABplapaaa,143,26091,1091,234,357,995,6.6,346,353,39,482359
ABplapaaa:144,ABplapaaa,144,26476,1476,1232,1325,1432,6.3,352,355,39,466738
ABplapaaa:145,ABplapaaa,145,25643,643,128,210,602,6.0,359,355,39,485396
ABplapaap:113,ABplapaap,113,24404,-596,-19,-33,-596,6.0,324,307,35,331216
ABplapaap:114,ABplapaap,114,23496,-1504,-1073,-1125,-1498,5.3,327,318,32,272981
ABplapaap:115,ABplapaap,115,25339,339,733,663,350,5.5,323,321,37,435675
ABplapaap:116,ABplapaap,116,24827,-173,161,110,-147,5.5,329,320,37,386860
ABplapaap:117,ABplapaap,117,24456,-544,-218,-245,-538,5.9,336,332,38,478052
ABplapaap:118,ABplapaap,118,25051,51,134,21,-18,5.9,347,333,37,444907
ABplapaap:119,ABplapaap,119,25678,678,581,493,625,6.0,349,333,37,451229
ABplapaap:120,ABplapaap,120,24214,-786,-654,-679,-791,5.8,346,338,37,391937
ABplapaap:121,ABplapaap,121,25174,174,237,257,169,5.4,351,341,39,424300
ABplapaap:122,ABplapaap,122,25215,215,791,828,211,5.3,359,347,37,386701
ABplapaap:123,ABplapaap,123,24819,-181,-1,23,-189,5.2,369,347,37,394764
ABplapaap:124,ABplapaap,124,25344,344,596,667,342,5.8,369,359,37,396659
ABplapaap:125,ABplapaap,125,24991,-9,147,185,-6,6.0,371,355,37,423061
ABplapaap:126,ABplapaap,126,24955,-45,-25,-24,-47,5.6,372,362,39,465843
ABplapaap:127,ABplapaap,127,25321,321,388,399,311,5.5,367,365,39,449719
ABplapaap:128,ABplapaap,128,25670,670,763,824,665,5.6,368,367,39,469358
ABplapaap:129,ABplapaap,129,24660,-340,-245,-290,-350,6.0,373,367,37,419150
ABplapaap:130,ABplapaap,130,25367,367,24,66,375,6.0,385,367,37,428996
ABplapaap:131,ABplapaap,131,25658,658,722,738,669,5.8,386,362,37,410005
ABplapaap:132,ABplapaap,132,25256,256,345,330,247,6.3,381,359,37,423830
ABplapaap:133,ABplapaap,133,24418,-582,-655,-652,-624,6.8,380,364,37,425029
ABplapaap:134,ABplapaap,134,25753,753,1218,1208,730,6.3,381,362,37,422118
ABplapaap:135,ABplapaap,135,25687,687,816,958,657,6.4,386,360,39,451400
ABplapaap:136,ABplapaap,136,24827,-173,-544,-456,-214,7.1,391,360,39,495581
ABplapaap:137,ABplapaap,137,25413,413,493,592,364,6.5,389,364,41,514542
ABplapaap:138,ABplapaap,138,26471,1471,1615,1647,1457,6.7,391,366,37,420987
ABplapaap:139,ABplapaap,139,26152,1152,1320,1428,1086,6.4,385,368,41,500382
ABplapaap:140,ABplapaap,140,24256,-744,-968,-939,-857,6.9,385,366,37,448792
ABplapaap:141,ABplapaap,141,25393,393,365,470,346,6.2,392,361,39,488944
ABplapaap:142,ABplapaap,142,26183,1183,1035,1151,1159,6.4,400,362,39,451181
ABplapaap:143,ABplapaap,143,25845,845,863,857,820,6.6,400,362,41,533889
ABplapaap:144,ABplapaap,144,25948,948,976,1057,907,6.6,401,362,39,505081
ABplapaap:145,ABplapaap,145,26064,1064,875,889,1048,6.6,407,354,39,487850
ABplapap:84,ABplapap,84,23651,-1349,-458,-462,-1346,6.3,255,208,35,311309
ABplapap:85,ABplapap,85,23284,-1716,-607,-607,-1716,6.1,256,194,36,430547
ABplapap:86,ABplapap,86,23258,-1742,-554,-554,-1742,6.1,263,190,42,657623
ABplapap:87,ABplapap,87,24095,-905,186,179,-905,6.1,278,191,46,859271
ABplapap:88,ABplapap,88,23165,-1835,-734,-734,-1834,6.9,283,197,44,754351
ABplapap:89,ABplapap,89,23190,-1810,-573,-573,-1809,6.9,291,191,44,760203
ABplapap:90,ABplapap,90,23742,-1258,-87,-84,-1254,7.0,303,195,46,902648
ABplapap:91,ABplapap,91,23036,-1964,-975,-973,-1963,6.5,299,198,47,837118
ABplapap:92,ABplapap,92,23874,-1126,132,140,-1126,6.4,298,204,47,857953
ABplapap:93,ABplapap,93,23456,-1544,-605,-592,-1544,6.5,294,215,47,844275
ABplapap:94,ABplapap,94,23406,-1594,-474,-438,-1594,6.2,289,225,49,1066991
ABplapap:95,ABplapap,95,23441,-1559,-1012,-1019,-1563,6.0,292,231,46,953456
ABplapap:96,ABplapap,96,24107,-893,-27,-7,-917,5.9,293,235,46,952490
ABplapap:97,ABplapap,97,24202,-798,-13,42,-809,5.7,294,240,48,1089098
ABplapap:98,ABplapap,98,23989,-1011,-332,-358,-1046,5.5,304,250,48,1097079
ABplapap:99,ABplapap,99,24259,-741,206,185,-741,5.5,305,261,48,1102495
ABplapap:100,ABplapap,100,24035,-965,-818,-830,-965,6.1,308,276,46,847717
ABplapap:101,ABplapap,101,24527,-473,-144,-176,-473,6.9,314,283,46,842836
ABplapap:102,ABplapap,102,25166,166,483,508,166,7.2,328,286,46,849578
ABplapap:103,ABplapap,103,23974,-1026,-477,-517,-1026,7.1,335,292,46,865086
ABplapap:104,ABplapap,104,24393,-607,-98,-120,-607,7.1,337,297,46,875901
ABplapap:105,ABplapap,105,24761,-239,-157,-135,-240,6.9,341,297,46,877055
ABplapap:106,ABplapap,106,24832,-168,-30,-72,-167,7.0,344,301,46,898551
ABplapap:107,ABplapap,107,24981,-19,16,73,-21,6.9,339,301,46,904888
ABplapap:108,ABplapap,108,24888,-112,177,197,-112,6.9,351,310,46,868861
ABplapap:109,ABplapap,109,24179,-821,-558,-571,-822,7.1,369,320,36,418322
ABplapapa:110,ABplapapa,110,25672,672,829,802,676,6.2,344,309,34,309169
ABplapapa:111,ABplapapa,111,25436,436,697,685,435,6.1,342,301,35,326991
ABplapapa:112,ABplapapa,112,25070,70,513,489,68,6.2,352,303,38,467877
ABplapapa:113,ABplapapa,113,25292,292,540,404,291,6.0,369,300,41,527136
ABplapapa:114,ABplapapa,114,24792,-208,-227,-273,-166,5.9,367,312,40,534860
ABplapapa:115,ABplapapa,115,24685,-315,-109,-128,-345,6.0,364,322,39,497294
ABplapapa:116,ABplapapa,116,23922,-1078,-905,-865,-1079,6.2,367,334,39,513020
ABplapapa:117,ABplapapa,117,24828,-172,276,318,-158,6.3,375,339,40,543164
ABplapapa:118,ABplapapa,118,25303,303,728,723,303,6.5,385,349,39,479186
ABplapapa:119,ABplapapa,119,24255,-745,-292,-176,-757,7.1,385,352,39,530693
ABplapapa:120,ABplapapa,120,24770,-230,121,53,-214,6.4,384,351,39,435566
ABplapapa:121,ABplapapa,121,24902,-98,49,-30,-110,6.1,394,354,41,493551
ABplapapa:122,ABplapapa,122,25047,47,714,657,21,6.0,405,355,41,493163
ABplapapa:123,ABplapapa,123,25316,316,386,323,320,6.2,412,358,39,468044
ABplapapa:124,ABplapapa,124,25068,68,299,274,62,6.3,415,367,41,505993
ABplapapa:125,ABplapapa,125,24690,-310,-61,-67,-310,7.1,419,372,41,548201
ABplapapa:126,ABplapapa,126,25044,44,293,306,42,7.1,427,372,41,545367
ABplapapa:127,ABplapapa,127,25233,233,151,158,229,7.2,428,373,41,546379
ABplapapa:128,ABplapapa,128,24846,-154,-432,-373,-165,7.3,428,375,41,545019
ABplapapa:129,ABplapapa,129,25050,50,-299,-245,46,7.4,437,377,41,519952
ABplapapa:130,ABplapapa,130,26251,1251,1137,1157,1236,7.2,444,374,41,552461
ABplapapa:131,ABplapapa,131,25150,150,491,536,137,7.3,443,372,41,554096
ABplapapa:132,ABplapapa,132,25634,634,625,600,624,7.4,442,374,41,523069
ABplapapa:133,ABplapapa,133,25568,568,532,494,566,7.2,448,374,41,553482
ABplapapa:134,ABplapapa,134,25338,338,285,239,315,7.1,445,370,41,564652
ABplapapa:135,ABplapapa,135,25066,66,239,257,51,7.4,451,373,41,557731
ABplapapa:136,ABplapapa,136,25219,219,527,517,196,7.0,455,371,41,557404
ABplapapa:137,ABplapapa,137,25749,749,658,672,745,7.3,459,372,41,553094
ABplapapa:138,ABplapapa,138,25470,470,596,630,462,7.2,462,370,41,558241
ABplapapa:139,ABplapapa,139,26451,1451,1688,1677,1441,7.3,458,377,41,546858
ABplapapa:140,ABplapapa,140,25276,276,229,247,270,7.2,457,372,41,561527
ABplapapa:141,ABplapapa,141,25567,567,600,564,549,7.4,467,369,39,476790
ABplapapa:142,ABplapapa,142,25676,676,579,518,666,7.5,477,368,41,582077
ABplapapa:143,ABplapapa,143,26478,1478,1654,1741,1463,8.0,485,364,41,576768
ABplapapa:144,ABplapapa,144,25559,559,786,818,539,8.2,489,367,41,567273
ABplapapa:145,ABplapapa,145,25225,225,48,89,202,9.0,497,365,41,605949
ABplapapp:110,ABplapapp,110,24603,-397,-335,-332,-403,7.2,389,327,34,313586
ABplapapp:111,ABplapapp,111,25051,51,417,419,51,6.3,397,328,39,408598
ABplapapp:112,ABplapapp,112,25678,678,1105,1184,675,6.0,412,319,38,494394
ABplapapp:113,ABplapapp,113,25017,17,127,126,7,6.2,432,314,41,542533
ABplapapp:114,ABplapapp,114,24881,-119,107,105,-118,6.2,443,319,40,545039
ABplapapp:115,ABplapapp,115,24885,-115,59,58,-123,6.2,447,328,39,521465
ABplapapp:116,ABplapapp,116,25503,503,971,973,506,6.3,449,338,41,558932
ABplapapp:117,ABplapapp,117,24808,-192,-95,-130,-185,6.3,458,351,40,567247
ABplapapp:118,ABplapapp,118,25148,148,621,651,152,6.3,473,354,41,566321
ABplapapp:119,ABplapapp,119,25205,205,466,523,213,6.3,469,356,41,575167
ABplapapp:120,ABplapapp,120,24497,-503,-306,-270,-532,7.3,472,367,39,497517
ABplapapp:121,ABplapapp,121,24349,-651,-564,-592,-650,7.5,482,366,39,473296
ABplapapp:122,ABplapapp,122,24994,-6,-84,-20,-21,8.3,490,372,41,546385
ABplapapp:123,ABplapapp,123,24014,-986,-854,-852,-1024,9.1,495,367,41,561660
ABplapapp:124,ABplapapp,124,24995,-5,650,731,36,9.2,504,370,39,489634
ABplapapp:125,ABplapapp,125,24410,-590,-644,-673,-564,10.1,503,371,39,511246
ABplapapp:126,ABplapapp,126,25184,184,696,631,183,10.1,514,367,39,501657
ABplapapp:127,ABplapapp,127,25451,451,653,630,462,10.3,507,369,39,461440
ABplapapp:128,ABplapapp,128,25178,178,864,881,147,10.5,509,366,39,451287
ABplapapp:129,ABplapapp,129,24567,-433,-387,-357,-463,11.1,516,369,39,482935
ABplapapp:130,ABplapapp,130,25550,550,1085,1055,559,12.1,525,368,39,482189
ABplapapp:131,ABplapapp,131,25629,629,1450,1470,593,12.2,524,364,39,473462
ABplapapp:132,ABplapapp,132,24880,-120,198,183,-161,12.3,519,371,39,463072
ABplapapp:133,ABplapapp,133,24689,-311,102,109,-373,13.1,518,365,39,454389
ABplapapp:134,ABplapapp,134,25915,915,1126,1183,838,13.1,516,361,39,452075
ABplapapp:135,ABplapapp,135,24161,-839,-370,-362,-927,13.2,524,358,41,485439
ABplapapp:136,ABplapapp,136,25121,121,76,56,-17,13.2,523,357,39,465062
ABplapapp:137,ABplapapp,137,24748,-252,-322,-303,-285,13.3,526,357,39,448596
ABplapapp:138,ABplapapp,138,25377,377,438,525,201,13.2,527,357,41,502958
ABplapapp:139,ABplapapp,139,25954,954,930,1018,813,13.1,520,360,39,466907
ABplapapp:140,ABplapapp,140,25573,573,788,946,446,12.4,518,362,39,443030
ABplapapp:141,ABplapapp,141,25174,174,-97,-94,39,13.2,520,361,39,448798
ABplapapp:142,ABplapapp,142,25778,778,772,938,599,13.3,527,352,41,492197
ABplapapp:143,ABplapapp,143,25162,162,-235,-183,19,14.1,530,355,39,449615
ABplapapp:144,ABplapapp,144,24847,-153,-377,-311,-413,14.1,531,357,39,457929
ABplapapp:145,ABplapapp,145,26229,1229,1227,1192,1181,13.9,537,358,37,398289
ABplapp:63,ABplapp,63,23978,-1022,-27,-27,-1019,9.3,321,255,40,397041
ABplapp:64,ABplapp,64,23902,-1098,206,200,-1098,10.0,318,256,49,697741
ABplapp:65,ABplapp,65,22881,-2119,-1040,-1040,-2119,10.2,315,258,51,777859
ABplapp:66,ABplapp,66,23342,-1658,-388,-388,-1658,10.8,324,258,52,870786
ABplapp:67,ABplapp,67,23849,-1151,200,208,-1151,10.2,316,258,52,995573
ABplapp:68,ABplapp,68,23453,-1547,-353,-364,-1546,8.9,310,260,52,1131523
ABplapp:69,ABplapp,69,23515,-1485,-128,-140,-1485,7.2,313,258,52,1193177
ABplapp:70,ABplapp,70,23649,-1351,-359,-274,-1353,6.7,307,261,52,1252781
ABplapp:71,ABplapp,71,23345,-1655,-864,-826,-1658,6.9,302,259,52,1298322
ABplapp:72,ABplapp,72,23214,-1786,-764,-694,-1787,7.3,306,262,53,1308987
ABplapp:73,ABplapp,73,22909,-2091,-1243,-1195,-2091,7.0,311,263,53,1360685
ABplapp:74,ABplapp,74,23833,-1167,206,270,-1167,7.1,311,258,55,1521574
ABplapp:75,ABplapp,75,23649,-1351,-184,-110,-1351,7.3,307,250,54,1501934
ABplapp:76,ABplapp,76,23675,-1325,-331,-317,-1325,7.2,308,257,54,1556177
ABplapp:77,ABplapp,77,23702,-1298,-34,-32,-1298,7.1,309,255,54,1616068
ABplapp:78,ABplapp,78,23388,-1612,-737,-737,-1612,7.0,308,250,54,1631195
ABplapp:79,ABplapp,79,23351,-1649,-678,-678,-1649,7.2,311,257,54,1648324
ABplapp:80,ABplapp,80,23945,-1055,-43,-16,-1055,7.8,319,260,55,1451999
ABplapp:81,ABplapp,81,23581,-1419,-543,-493,-1419,7.8,327,264,55,1473696
ABplapp:82,ABplapp,82,23582,-1418,-358,-340,-1419,8.1,328,267,55,1447802
ABplapp:83,ABplapp,83,23700,-1300,-587,-587,-1300,8.0,313,273,48,774497
ABplappa:84,ABplappa,84,23712,-1288,114,164,-1282,7.1,296,266,35,325739
ABplappa:85,ABplappa,85,23790,-1210,-207,-207,-1208,7.1,293,261,36,417954
ABplappa:86,ABplappa,86,23451,-1549,-616,-573,-1548,7.0,307,265,48,832397
ABplappa:87,ABplappa,87,23814,-1186,-200,-200,-1187,7.8,310,254,46,777166
ABplappa:88,ABplappa,88,24325,-675,512,503,-671,7.0,312,270,44,730828
ABplappa:89,ABplappa,89,24121,-879,21,48,-878,6.2,316,267,44,746125
ABplappa:90,ABplappa,90,23516,-1484,-631,-627,-1482,6.1,320,268,46,901222
ABplappa:91,ABplappa,91,23542,-1458,-65,-40,-1458,6.9,325,266,45,769286
ABplappa:92,ABplappa,92,24453,-547,527,523,-547,6.1,321,266,45,781760
ABplappa:93,ABplappa,93,24606,-394,345,376,-394,6.0,330,270,47,921163
ABplappa:94,ABplappa,94,24272,-728,-6,3,-728,6.0,323,283,47,932076
ABplappa:95,ABplappa,95,24229,-771,-817,-235,-1257,6.0,324,290,46,944095
ABplappa:96,ABplappa,96,24841,-159,-512,69,-786,6.0,336,284,46,940455
ABplappa:97,ABplappa,97,24753,-247,-989,210,-1044,5.8,336,297,46,936590
ABplappa:98,ABplappa,98,24560,-440,5,87,-553,6.0,340,309,46,963588
ABplappa:99,ABplappa,99,24092,-908,-491,-498,-908,6.0,341,321,48,1104153
ABplappa:100,ABplappa,100,24731,-269,203,182,-269,7.0,339,329,46,854506
ABplappa:101,ABplappa,101,24743,-257,68,55,-257,7.0,346,334,46,858180
ABplappa:102,ABplappa,102,25482,482,605,647,482,6.8,361,339,46,846382
ABplappa:103,ABplappa,103,24206,-794,-634,-619,-794,6.9,363,347,46,866129
ABplappa:104,ABplappa,104,24587,-413,-102,-88,-408,7.2,351,359,46,888262
ABplappa:105,ABplappa,105,24524,-476,-520,-501,-480,7.3,346,370,48,1012908
ABplappa:106,ABplappa,106,24723,-277,-169,-163,-278,7.5,346,377,48,969121
ABplappa:107,ABplappa,107,24468,-532,-422,-423,-531,8.0,346,378,46,930289
ABplappa:108,ABplappa,108,24708,-292,-115,-88,-302,8.5,354,389,48,1002363
ABplappa:109,ABplappa,109,24757,-243,-138,-115,-264,10.1,362,396,50,1234335
ABplappa:110,ABplappa,110,24674,-326,-138,-105,-330,10.3,368,397,48,1062747
ABplappa:111,ABplappa,111,24898,-102,29,-5,-101,10.1,371,390,49,1117741
ABplappa:112,ABplappa,112,25379,379,673,672,379,9.2,388,385,46,947803
ABplappa:113,ABplappa,113,25447,447,647,644,447,9.4,409,384,43,609682
ABplappa:114,ABplappa,114,24504,-496,284,284,-496,10.1,409,381,34,363133
ABplappaa:115,ABplappaa,115,25401,401,294,301,399,8.2,380,387,35,320556
ABplappaa:116,ABplappaa,116,25755,755,841,887,759,8.1,378,389,35,364570
ABplappaa:117,ABplappaa,117,25393,393,220,197,393,9.0,387,394,36,468121
ABplappaa:118,ABplappaa,118,25022,22,-121,-135,21,9.8,402,395,37,463596
ABplappaa:119,ABplappaa,119,24922,-78,-104,-118,-74,9.5,397,400,39,475842
ABplappaa:120,ABplappaa,120,24653,-347,-227,-211,-347,9.3,394,392,39,458649
ABplappaa:121,ABplappaa,121,23983,-1017,-1127,-1090,-1039,9.4,402,395,39,443286
ABplappaa:122,ABplappaa,122,23991,-1009,-1145,-1311,-1011,9.4,406,398,39,451611
ABplappaa:123,ABplappaa,123,24192,-808,-1361,-1438,-823,10.2,409,400,39,495503
ABplappaa:124,ABplappaa,124,25456,456,828,880,448,11.2,411,402,39,500098
ABplappaa:125,ABplappaa,125,24975,-25,-80,4,-10,11.2,406,402,39,494570
ABplappaa:126,ABplappaa,126,25072,72,-104,-138,70,11.2,412,397,39,480962
ABplappaa:127,ABplappaa,127,25351,351,79,76,346,11.4,409,403,39,475191
ABplappaa:128,ABplappaa,128,25513,513,261,292,518,11.3,415,401,39,486611
ABplappaa:129,ABplappaa,129,25128,128,-205,-105,122,11.5,422,399,39,446222
ABplappaa:130,ABplappaa,130,25604,604,505,567,504,11.2,434,398,41,538373
ABplappaa:131,ABplappaa,131,25429,429,597,647,423,11.2,431,396,41,570075
ABplappaa:132,ABplappaa,132,25404,404,243,260,366,11.1,422,397,39,515859
ABplappaa:133,ABplappaa,133,24617,-383,-131,-71,-408,11.3,423,397,41,529746
ABplappaa:134,ABplappaa,134,25535,535,358,347,513,11.2,428,394,41,545603
ABplappaa:135,ABplappaa,135,25695,695,161,184,686,11.4,433,397,41,503386
ABplappaa:136,ABplappaa,136,26668,1668,1714,1699,1655,11.5,435,394,39,435148
ABplappaa:137,ABplappaa,137,24750,-250,-250,-225,-286,11.5,432,392,41,540862
ABplappaa:138,ABplappaa,138,25019,19,-35,38,-65,11.5,430,388,41,525126
ABplappaa:139,ABplappaa,139,24984,-16,-619,-646,-58,12.2,426,392,41,529837
ABplappaa:140,ABplappaa,140,26187,1187,988,991,1130,12.2,426,397,39,467273
ABplappaa:141,ABplappaa,141,25431,431,172,436,85,13.0,424,395,39,480818
ABplappaa:142,ABplappaa,142,26176,1176,918,979,1068,12.1,430,389,37,437583
ABplappaa:143,ABplappaa,143,25446,446,-225,-245,276,12.2,432,389,37,409284
ABplappaa:144,ABplappaa,144,26259,1259,998,1095,1147,12.1,428,393,39,476485
ABplappaa:145,ABplappaa,145,25200,200,-30,77,152,12.0,437,395,39,484135
ABplappap:115,ABplappap,115,25235,235,687,676,226,9.3,433,376,35,302164
ABplappap:116,ABplappap,116,24213,-787,-491,-494,-811,9.3,436,381,37,405603
ABplappap:117,ABplappap,117,24548,-452,176,109,-447,10.0,447,380,38,519227
ABplappap:118,ABplappap,118,24790,-210,184,253,-239,10.3,466,381,39,499332
ABplappap:119,ABplappap,119,24781,-219,261,217,-235,10.5,467,377,41,572754
ABplappap:120,ABplappap,120,25848,848,954,804,933,11.3,462,386,39,453846
ABplappap:121,ABplappap,121,24222,-778,-148,-45,-808,12.0,471,388,39,463008
ABplappap:122,ABplappap,122,24862,-138,20,196,-134,12.2,474,390,39,463559
ABplappap:123,ABplappap,123,25385,385,531,567,467,12.3,478,385,41,472666
ABplappap:124,ABplappap,124,24086,-914,-980,-882,-988,13.3,476,388,39,432074
ABplappap:125,ABplappap,125,24913,-87,-336,-428,-68,13.3,474,383,41,459174
ABplappap:126,ABplappap,126,25406,406,351,358,349,13.3,481,388,39,410836
ABplappap:127,ABplappap,127,24652,-348,-376,-388,-374,13.4,477,387,41,457429
ABplappap:128,ABplappap,128,25024,24,37,85,-100,14.2,476,384,41,469302
ABplappap:129,ABplappap,129,25435,435,771,711,475,14.2,479,386,39,407530
ABplappap:130,ABplappap,130,24685,-315,10,68,-386,14.3,484,382,39,404529
ABplappap:131,ABplappap,131,24839,-161,-89,-69,-192,14.3,485,380,41,431525
ABplappap:132,ABplappap,132,25178,178,142,60,156,15.1,479,384,41,451668
ABplappap:133,ABplappap,133,24376,-624,-573,-535,-640,14.5,476,383,41,470095
ABplappap:134,ABplappap,134,25402,402,348,353,362,14.5,476,384,39,379727
ABplappap:135,ABplappap,135,26117,1117,874,895,1123,15.2,489,381,39,417135
ABplappap:136,ABplappap,136,25050,50,-206,-192,26,14.5,487,382,39,383799
ABplappap:137,ABplappap,137,24857,-143,-108,-52,-161,14.3,488,381,39,430752
ABplappap:138,ABplappap,138,25695,695,681,686,665,14.2,489,381,41,487608
ABplappap:139,ABplappap,139,25369,369,-185,-162,348,14.4,484,385,41,469083
ABplappap:140,ABplappap,140,25926,926,812,742,844,14.0,481,384,41,515529
ABplappap:141,ABplappap,141,25925,925,463,385,937,14.2,484,386,41,485131
ABplappap:142,ABplappap,142,25164,164,-71,-53,5,14.1,486,381,41,502000
ABplappap:143,ABplappap,143,24766,-234,-425,-379,-366,14.1,484,382,41,474977
ABplappap:144,ABplappap,144,25285,285,402,312,294,14.1,480,382,41,497001
ABplappap:145,ABplappap,145,25345,345,-82,-92,205,13.3,494,378,41,503595
ABplappp:84,ABplappp,84,24611,-389,807,833,-371,7.9,340,273,35,314222
ABplappp:85,ABplappp,85,23887,-1113,15,13,-1111,7.2,345,285,34,325887
ABplappp:86,ABplappp,86,24133,-867,62,34,-865,6.4,363,284,42,528824
ABplappp:87,ABplappp,87,23521,-1479,-366,-366,-1479,6.3,378,278,42,563943
ABplappp:88,ABplappp,88,23739,-1261,11,11,-1280,7.0,395,284,44,703611
ABplappp:89,ABplappp,89,23785,-1215,-380,-381,-1222,6.2,402,290,44,723353
ABplappp:90,ABplappp,90,24333,-667,303,326,-667,6.0,411,291,44,748733
ABplappp:91,ABplappp,91,24423,-577,-61,212,-747,6.0,403,289,45,759410
ABplappp:92,ABplappp,92,24509,-491,67,361,-936,6.0,404,293,45,769086
ABplappp:93,ABplappp,93,24436,-564,-148,126,-949,6.0,413,304,45,778528
ABplappp:94,ABplappp,94,25099,99,-285,76,-103,5.9,413,311,45,784572
ABplappp:95,ABplappp,95,25067,67,287,410,-6,6.0,414,323,46,911237
ABplappp:96,ABplappp,96,23481,-1519,-847,-812,-1541,6.1,419,332,46,919761
ABplappp:97,ABplappp,97,23355,-1645,-1036,-990,-1667,6.0,416,337,46,941153
ABplappp:98,ABplappp,98,24204,-796,-211,-56,-862,6.1,414,342,46,935948
ABplappp:99,ABplappp,99,24110,-890,-289,-337,-900,7.0,411,354,46,969431
ABplappp:100,ABplappp,100,24577,-423,-37,-61,-436,7.0,404,355,46,852965
ABplappp:101,ABplappp,101,24906,-94,266,249,-94,7.2,414,365,46,866696
ABplappp:102,ABplappp,102,23661,-1339,-961,-970,-1339,7.7,424,372,46,847306
ABplappp:103,ABplappp,103,25354,354,668,652,354,8.0,423,375,46,883835
ABplappp:104,ABplappp,104,24575,-425,-57,-76,-425,7.8,416,375,46,888461
ABplappp:105,ABplappp,105,23989,-1011,-995,-999,-1011,7.9,419,375,46,915002
ABplappp:106,ABplappp,106,24535,-465,-203,-209,-465,7.2,418,372,46,912449
ABplappp:107,ABplappp,107,25164,164,-194,-223,159,7.1,417,369,46,931778
ABplappp:108,ABplappp,108,24273,-727,-956,-958,-758,8.1,424,366,46,937842
ABplappp:109,ABplappp,109,24711,-289,-125,-47,-362,8.9,437,368,46,964084
ABplappp:110,ABplappp,110,25424,424,59,281,349,9.1,440,368,46,912180
ABplappp:111,ABplappp,111,25113,113,96,208,91,10.0,443,373,45,790486
ABplappp:112,ABplappp,112,24598,-402,-627,-297,-503,10.1,456,368,44,772526
ABplappp:113,ABplappp,113,24881,-119,160,242,-168,10.0,476,368,41,612396
ABplappp:114,ABplappp,114,24117,-883,-773,-750,-963,10.1,478,360,34,346437
ABplapppa:115,ABplapppa,115,25203,203,418,325,205,10.0,471,369,35,334784
ABplapppa:116,ABplapppa,116,25567,567,731,617,585,9.1,476,380,35,331428
ABplapppa:117,ABplapppa,117,25448,448,750,644,494,10.0,488,381,38,489290
ABplapppa:118,ABplapppa,118,24987,-13,-407,-445,-86,11.8,506,382,37,444389
ABplapppa:119,ABplapppa,119,24587,-413,319,252,-447,11.9,502,376,37,450834
ABplapppa:120,ABplapppa,120,23768,-1232,-879,-822,-1254,13.1,500,374,37,360552
ABplapppa:121,ABplapppa,121,25169,169,565,576,176,13.8,504,371,37,352052
ABplapppa:122,ABplapppa,122,25589,589,736,730,596,13.9,510,369,37,358577
ABplapppa:123,ABplapppa,123,25908,908,1411,1517,935,14.9,510,363,37,346495
ABplapppa:124,ABplapppa,124,25641,641,838,907,636,15.8,509,366,37,333829
ABplapppa:125,ABplapppa,125,24808,-192,-129,-208,-149,15.9,506,365,37,320635
ABplapppa:126,ABplapppa,126,25633,633,913,975,581,16.1,510,364,37,314520
ABplapppa:127,ABplapppa,127,24895,-105,166,226,-134,16.2,505,361,39,320883
ABplapppa:128,ABplapppa,128,24938,-62,-37,75,-117,17.1,507,359,37,291817
ABplapppa:129,ABplapppa,129,25425,425,905,872,464,17.0,512,355,37,287275
ABplapppa:130,ABplapppa,130,24617,-383,-342,-149,-513,17.9,518,362,37,326526
ABplapppa:131,ABplapppa,131,25611,611,293,365,555,18.1,517,367,37,339578
ABplapppa:132,ABplapppa,132,25204,204,-211,-138,210,18.2,511,368,39,336872
ABplapppa:133,ABplapppa,133,25049,49,-319,-298,75,19.1,503,370,39,348226
ABplapppa:134,ABplapppa,134,25649,649,187,284,599,19.9,499,368,37,300692
ABplapppa:135,ABplapppa,135,24924,-76,-354,-392,-139,19.9,503,367,37,317044
ABplapppa:136,ABplapppa,136,25352,352,-50,-22,329,19.0,503,363,41,367324
ABplapppa:137,ABplapppa,137,25507,507,540,574,518,19.0,503,361,37,322772
ABplapppa:138,ABplapppa,138,25757,757,676,756,693,19.0,501,364,39,341696
ABplapppa:139,ABplapppa,139,24942,-58,-361,-359,-190,18.0,491,365,41,382022
ABplapppa:140,ABplapppa,140,25672,672,-76,-73,387,17.1,487,371,41,390230
ABplapppa:141,ABplapppa,141,25140,140,-200,-214,-121,17.2,485,368,39,343007
ABplapppa:142,ABplapppa,142,25972,972,372,289,954,17.1,490,365,39,350486
ABplapppa:143,ABplapppa,143,25291,291,-104,-134,348,17.2,484,370,41,359744
ABplapppa:144,ABplapppa,144,25054,54,-305,-246,-119,17.0,483,372,41,365201
ABplapppa:145,ABplapppa,145,26126,1126,308,325,763,17.0,483,372,41,365201
ABplapppp:115,ABplapppp,115,24518,-482,-540,-493,-719,9.4,511,348,35,285996
ABplapppp:116,ABplapppp,116,25275,275,263,288,199,9.8,519,351,39,430526
ABplapppp:117,ABplapppp,117,24722,-278,82,187,-277,10.0,524,353,38,496932
ABplapppp:118,ABplapppp,118,25219,219,704,745,205,9.9,540,348,37,451254
ABplapppp:119,ABplapppp,119,24992,-8,316,292,6,9.6,542,348,39,484350
ABplapppp:120,ABplapppp,120,23793,-1207,-682,-675,-1212,10.1,548,350,37,388914
ABplapppp:121,ABplapppp,121,24053,-947,-580,-558,-965,10.4,550,351,39,421427
ABplapppp:122,ABplapppp,122,25733,733,1235,1235,731,11.0,563,353,37,416915
ABplapppp:123,ABplapppp,123,24778,-222,38,38,-227,11.1,558,352,39,443945
ABplapppp:124,ABplapppp,124,25181,181,1018,1011,183,12.9,560,352,37,384143
ABplapppp:125,ABplapppp,125,24486,-514,-149,-155,-514,13.9,560,358,37,370339
ABplapppp:126,ABplapppp,126,26183,1183,1565,1605,1177,14.9,558,361,37,381068
ABplapppp:127,ABplapppp,127,24498,-502,-76,-28,-502,15.9,552,360,37,364060
ABplapppp:128,ABplapppp,128,24170,-830,-644,-585,-829,16.0,555,363,39,394208
ABplapppp:129,ABplapppp,129,24962,-38,250,260,-43,17.1,559,354,39,382015
ABplapppp:130,ABplapppp,130,25657,657,1145,1140,663,17.1,564,349,37,336540
ABplapppp:131,ABplapppp,131,25945,945,975,961,934,17.3,557,345,39,331538
ABplapppp:132,ABplapppp,132,24793,-207,-99,-145,-241,18.0,549,346,39,320000
ABplapppp:133,ABplapppp,133,24776,-224,-420,-417,-218,18.3,548,351,39,312716
ABplapppp:134,ABplapppp,134,25773,773,221,246,716,18.2,542,353,39,335408
ABplapppp:135,ABplapppp,135,24827,-173,-271,-298,-189,19.1,550,346,39,328002
ABplapppp:136,ABplapppp,136,25155,155,-214,-161,125,18.2,551,345,39,342761
ABplapppp:137,ABplapppp,137,25027,27,-119,35,-86,19.1,547,338,41,337946
ABplapppp:138,ABplapppp,138,25352,352,3,13,181,19.1,542,341,37,287261
ABplapppp:139,ABplapppp,139,25865,865,693,749,700,20.1,533,343,41,329703
ABplapppp:140,ABplapppp,140,26188,1188,416,470,1074,20.1,526,352,41,345766
ABplapppp:141,ABplapppp,141,26129,1129,933,915,1023,20.1,526,353,39,315714
ABplapppp:142,ABplapppp,142,25354,354,-331,-390,174,20.2,529,351,41,362210
ABplapppp:143,ABplapppp,143,25325,325,-124,-111,226,20.3,531,351,39,307122
ABplapppp:144,ABplapppp,144,25881,881,412,554,739,20.3,532,353,41,342096
ABplapppp:145,ABplapppp,145,24621,-379,-1015,-973,-511,20.3,538,352,41,351589
ABplp:29,ABplp,29,23167,-1833,-655,-688,-1829,12.4,306,344,50,729827
ABplp:30,ABplp,30,23106,-1894,-547,-547,-1894,10.1,318,337,52,773501
ABplp:31,ABplp,31,23195,-1805,-369,-369,-1805,9.6,318,333,61,1136819
ABplp:32,ABplp,32,23745,-1255,-51,-51,-1255,9.7,326,333,62,1337630
ABplp:33,ABplp,33,23217,-1783,-710,-710,-1783,8.6,336,340,63,1394369
ABplp:34,ABplp,34,23530,-1470,-389,-389,-1470,7.6,349,344,65,1555637
ABplp:35,ABplp,35,23739,-1261,-237,-237,-1261,7.6,368,341,65,1541582
ABplp:36,ABplp,36,23078,-1922,-782,-782,-1922,7.9,366,332,65,1635453
ABplp:37,ABplp,37,23388,-1612,-431,-431,-1612,7.5,365,316,65,1585328
ABplp:38,ABplp,38,23402,-1598,-562,-562,-1598,8.5,355,321,64,1553767
ABplp:39,ABplp,39,23055,-1945,-793,-793,-1945,7.3,362,333,67,1750061
ABplp:40,ABplp,40,23499,-1501,-474,-474,-1501,7.6,335,341,67,1745770
ABplp:41,ABplp,41,23219,-1781,-705,-705,-1781,7.5,325,344,67,1793956
ABplp:42,ABplp,42,23170,-1830,-880,-880,-1830,7.7,322,345,66,1803283
ABplp:43,ABplp,43,23489,-1511,143,143,-1511,8.0,318,342,34,341396
ABplpa:44,ABplpa,44,23042,-1958,-590,-590,-1957,9.1,297,346,37,376709
ABplpa:45,ABplpa,45,24771,-229,867,867,-229,8.1,300,356,38,421861
ABplpa:46,ABplpa,46,23141,-1859,-901,-912,-1859,9.0,303,352,55,984884
ABplpa:47,ABplpa,47,23322,-1678,-750,-750,-1678,9.8,296,369,56,1161394
ABplpa:48,ABplpa,48,23491,-1509,-682,-682,-1509,9.6,304,377,57,1152629
ABplpa:49,ABplpa,49,24311,-689,16,15,-689,8.7,305,374,58,1286895
ABplpa:50,ABplpa,50,23466,-1534,-785,-785,-1534,8.5,296,360,59,1228011
ABplpa:51,ABplpa,51,23594,-1406,-565,-571,-1406,8.0,300,349,60,1462042
ABplpa:52,ABplpa,52,23711,-1289,-430,-430,-1289,7.8,307,342,60,1475284
ABplpa:53,ABplpa,53,23309,-1691,-720,-720,-1691,7.8,313,342,60,1229900
ABplpa:54,ABplpa,54,23405,-1595,-433,-433,-1595,7.8,315,330,60,1255266
ABplpa:55,ABplpa,55,23314,-1686,-473,-474,-1686,8.5,317,335,60,1311251
ABplpa:56,ABplpa,56,23500,-1500,-451,-451,-1500,8.7,324,343,60,1324782
ABplpa:57,ABplpa,57,23707,-1293,-266,-270,-1293,8.9,314,349,61,1444558
ABplpa:58,ABplpa,58,23869,-1131,-20,-21,-1131,8.9,315,353,61,1498022
ABplpa:59,ABplpa,59,23584,-1416,-322,-322,-1416,9.0,318,353,61,1576602
ABplpa:60,ABplpa,60,23268,-1732,-615,-615,-1732,9.5,324,348,61,1531080
ABplpa:61,ABplpa,61,23288,-1712,-533,-533,-1712,9.8,330,357,60,1627579
ABplpa:62,ABplpa,62,23692,-1308,-415,-415,-1308,9.8,332,358,59,1195159
ABplpa:63,ABplpa,63,23894,-1106,61,61,-1106,9.4,340,361,52,1066302
ABplpaa:64,ABplpaa,64,23457,-1543,-696,-696,-1542,7.1,330,354,39,454287
ABplpaa:65,ABplpaa,65,23633,-1367,-526,-528,-1366,6.4,322,348,49,774292
ABplpaa:66,ABplpaa,66,24354,-646,482,487,-646,5.9,319,342,52,1017158
ABplpaa:67,ABplpaa,67,23588,-1412,-469,-476,-1411,5.9,316,358,52,1096729
ABplpaa:68,ABplpaa,68,24135,-865,-40,-40,-865,5.8,311,355,52,1146058
ABplpaa:69,ABplpaa,69,23369,-1631,-827,-825,-1630,5.9,312,357,52,1194161
ABplpaa:70,ABplpaa,70,24171,-829,332,272,-823,5.9,303,352,52,1237345
ABplpaa:71,ABplpaa,71,23256,-1744,-988,-1028,-1733,5.9,301,351,52,1266377
ABplpaa:72,ABplpaa,72,23488,-1512,-617,-653,-1511,6.0,316,352,53,1302832
ABplpaa:73,ABplpaa,73,23400,-1600,-706,-744,-1598,6.0,315,348,53,1321559
ABplpaa:74,ABplpaa,74,23867,-1133,-167,-199,-1117,5.6,303,343,55,1473045
ABplpaa:75,ABplpaa,75,23703,-1297,-272,-313,-1294,5.8,305,337,54,1486545
ABplpaa:76,ABplpaa,76,23282,-1718,-820,-845,-1663,6.0,300,341,54,1541684
ABplpaa:77,ABplpaa,77,23576,-1424,-652,-676,-1413,5.9,294,339,54,1570770
ABplpaa:78,ABplpaa,78,23541,-1459,-452,-535,-1439,5.9,289,339,54,1599568
ABplpaa:79,ABplpaa,79,24599,-401,592,580,-395,6.0,296,349,54,1622164
ABplpaa:80,ABplpaa,80,23122,-1878,-1140,-1148,-1874,6.1,300,354,55,1469134
ABplpaa:81,ABplpaa,81,24135,-865,-189,-229,-854,6.3,298,362,55,1472002
ABplpaa:82,ABplpaa,82,23720,-1280,-587,-598,-1280,6.7,297,363,55,1496972
ABplpaa:83,ABplpaa,83,23699,-1301,-505,-539,-1299,6.8,294,359,54,1505308
ABplpaa:84,ABplpaa,84,23808,-1192,-496,-506,-1192,7.1,289,364,53,1165194
ABplpaa:85,ABplpaa,85,23401,-1599,-776,-776,-1599,6.9,291,357,52,941032
ABplpaaa:86,ABplpaaa,86,23549,-1451,-594,-614,-1447,6.8,262,371,48,637379
ABplpaaa:87,ABplpaaa,87,23908,-1092,-165,-165,-1092,6.2,272,362,40,505419
ABplpaaa:88,ABplpaaa,88,23678,-1322,-627,-628,-1322,6.9,271,366,44,702011
ABplpaaa:89,ABplpaaa,89,23987,-1013,-42,-53,-1010,7.0,266,367,44,747621
ABplpaaa:90,ABplpaaa,90,24694,-306,542,489,-258,7.0,265,374,44,759077
ABplpaaa:91,ABplpaaa,91,24362,-638,259,217,-612,7.1,253,380,45,766212
ABplpaaa:92,ABplpaaa,92,23703,-1297,-438,-414,-1285,7.0,239,379,45,782170
ABplpaaa:93,ABplpaaa,93,24247,-753,98,122,-744,7.1,237,375,45,787832
ABplpaaa:94,ABplpaaa,94,25179,179,725,699,235,7.9,223,375,45,775492
ABplpaaa:95,ABplpaaa,95,24676,-324,693,598,-283,8.0,219,378,46,941809
ABplpaaa:96,ABplpaaa,96,24027,-973,-284,-291,-965,8.0,209,373,46,946910
ABplpaaa:97,ABplpaaa,97,23917,-1083,-219,-246,-1047,7.9,196,370,46,958164
ABplpaaa:98,ABplpaaa,98,23741,-1259,-668,-652,-1247,8.6,199,372,48,1113703
ABplpaaa:99,ABplpaaa,99,23566,-1434,-293,-348,-1426,9.8,182,366,46,973384
ABplpaaa:100,ABplpaaa,100,24155,-845,-314,-277,-845,10.0,167,361,46,893998
ABplpaaa:101,ABplpaaa,101,25113,113,520,530,115,10.0,173,365,46,894544
ABplpaaa:102,ABplpaaa,102,25200,200,566,548,201,9.2,173,367,46,923711
ABplpaaa:103,ABplpaaa,103,25108,108,318,281,112,10.0,169,368,46,949705
ABplpaaa:104,ABplpaaa,104,24942,-58,278,256,-53,10.8,161,372,46,928403
ABplpaaa:105,ABplpaaa,105,25022,22,395,368,25,11.5,160,378,48,978058
ABplpaaa:106,ABplpaaa,106,25781,781,970,943,783,11.9,155,373,46,919700
ABplpaaa:107,ABplpaaa,107,24666,-334,-2,-4,-332,11.0,156,371,46,951034
ABplpaaa:108,ABplpaaa,108,24948,-52,210,216,-53,10.9,157,372,46,951813
ABplpaaa:109,ABplpaaa,109,24993,-7,47,49,-5,11.3,157,371,48,1037531
ABplpaaa:110,ABplpaaa,110,24416,-584,-410,-428,-584,11.3,157,371,48,1035670
ABplpaaa:111,ABplpaaa,111,24729,-271,-107,-131,-265,11.4,152,373,49,956291
ABplpaaa:112,ABplpaaa,112,24648,-352,-322,-320,-377,13.0,152,369,44,636289
ABplpaaa:113,ABplpaaa,113,25247,247,374,395,240,12.1,151,365,41,599341
ABplpaaa:114,ABplpaaa,114,26007,1007,1199,1192,1001,11.2,156,372,34,321600
ABplpaaa:115,ABplpaaa,115,26107,1107,1493,1477,1122,11.1,159,375,37,456376
ABplpaaa:116,ABplpaaa,116,25666,666,857,837,641,11.1,163,375,39,517849
ABplpaaaa:117,ABplpaaaa,117,25785,785,427,499,585,10.0,123,347,38,523928
ABplpaaaa:118,ABplpaaaa,118,25795,795,698,779,700,10.1,130,353,39,547513
ABplpaaaa:119,ABplpaaaa,119,25676,676,724,709,689,11.1,134,364,41,580654
ABplpaaaa:120,ABplpaaaa,120,26763,1763,2074,2070,1746,12.1,135,365,39,464593
ABplpaaaa:121,ABplpaaaa,121,25182,182,120,126,156,12.1,143,369,37,403774
ABplpaaaa:122,ABplpaaaa,122,25682,682,944,925,674,12.5,150,374,39,399049
ABplpaaaa:123,ABplpaaaa,123,26781,1781,1765,1735,1778,13.4,153,381,39,409459
ABplpaaaa:124,ABplpaaaa,124,26348,1348,1497,1415,1334,14.0,154,381,39,475855
ABplpaaaa:125,ABplpaaaa,125,25242,242,191,219,242,14.2,159,379,39,447444
ABplpaaaa:126,ABplpaaaa,126,26405,1405,1449,1417,1424,14.4,163,385,39,431778
ABplpaaaa:127,ABplpaaaa,127,25939,939,544,564,899,16.1,162,383,39,439589
ABplpaaaa:128,ABplpaaaa,128,25672,672,738,773,629,15.4,161,385,39,417249
ABplpaaaa:129,ABplpaaaa,129,26041,1041,1013,959,1022,15.0,167,389,37,432880
ABplpaaaa:130,ABplpaaaa,130,26995,1995,1875,1953,1937,14.4,173,389,39,467619
ABplpaaaa:131,ABplpaaaa,131,26149,1149,1032,1077,1058,14.4,180,385,41,491783
ABplpaaaa:132,ABplpaaaa,132,25460,460,502,582,251,14.4,177,381,39,456281
ABplpaaaa:133,ABplpaaaa,133,26082,1082,1076,1160,870,15.2,182,378,41,488801
ABplpaaaa:134,ABplpaaaa,134,24768,-232,-535,-382,-324,16.1,186,382,39,454279
ABplpaaaa:135,ABplpaaaa,135,26013,1013,864,788,785,16.0,189,386,39,457689
ABplpaaaa:136,ABplpaaaa,136,27767,2767,2953,2985,2633,16.1,195,383,39,457951
ABplpaaaa:137,ABplpaaaa,137,26193,1193,733,888,1049,16.1,201,383,41,508417
ABplpaaaa:138,ABplpaaaa,138,27195,2195,1743,1732,2092,16.0,207,384,39,454454
ABplpaaaa:139,ABplpaaaa,139,26870,1870,1697,1752,1816,16.2,208,378,41,468048
ABplpaaaa:140,ABplpaaaa,140,26128,1128,903,971,943,17.0,205,371,41,468191
ABplpaaaa:141,ABplpaaaa,141,26405,1405,748,807,1229,16.3,208,367,41,447562
ABplpaaaa:142,ABplpaaaa,142,26521,1521,1003,1193,1216,17.1,213,370,41,502484
ABplpaaaa:143,ABplpaaaa,143,26155,1155,1021,1106,862,16.3,213,372,41,493261
ABplpaaaa:144,ABplpaaaa,144,25853,853,329,293,510,16.2,213,371,41,489283
ABplpaaaa:145,ABplpaaaa,145,26943,1943,1691,1878,1639,16.1,221,364,41,477942
ABplpaaap:117,ABplpaaap,117,24979,-21,-32,-96,22,11.1,172,381,38,507335
ABplpaaap:118,ABplpaaap,118,25286,286,286,462,200,11.8,180,390,37,470878
ABplpaaap:119,ABplpaaap,119,24943,-57,138,142,-43,12.4,188,397,39,480957
ABplpaaap:120,ABplpaaap,120,25148,148,-42,11,135,13.1,184,398,37,420949
ABplpaaap:121,ABplpaaap,121,25416,416,548,531,384,13.2,194,402,37,413640
ABplpaaap:122,ABplpaaap,122,24566,-434,-304,-288,-454,13.8,198,401,37,389360
ABplpaaap:123,ABplpaaap,123,25206,206,145,183,189,15.0,205,400,37,387316
ABplpaaap:124,ABplpaaap,124,26001,1001,479,428,1043,15.9,209,400,37,380029
ABplpaaap:125,ABplpaaap,125,24889,-111,1,-49,-102,16.1,210,399,39,427811
ABplpaaap:126,ABplpaaap,126,25189,189,269,279,134,17.1,212,397,39,421683
ABplpaaap:127,ABplpaaap,127,25122,122,-86,10,-179,17.2,210,395,41,449694
ABplpaaap:128,ABplpaaap,128,25830,830,391,280,872,16.9,211,397,37,390649
ABplpaaap:129,ABplpaaap,129,24060,-940,-1172,-1140,-1124,16.3,218,401,41,453355
ABplpaaap:130,ABplpaaap,130,25825,825,407,511,656,16.2,218,401,41,479056
ABplpaaap:131,ABplpaaap,131,25775,775,626,797,631,16.3,222,401,41,487211
ABplpaaap:132,ABplpaaap,132,26886,1886,1469,1690,1739,16.3,213,403,41,447866
ABplpaaap:133,ABplpaaap,133,25790,790,171,474,171,16.2,222,404,41,480180
ABplpaaap:134,ABplpaaap,134,27749,2749,2483,2490,2727,16.2,227,406,41,527511
ABplpaaap:135,ABplpaaap,135,25981,981,302,417,687,17.0,232,406,39,471127
ABplpaaap:136,ABplpaaap,136,26119,1119,542,716,971,17.1,234,406,41,504243
ABplpaaap:137,ABplpaaap,137,26078,1078,736,775,711,16.1,244,407,41,514608
ABplpaaap:138,ABplpaaap,138,26289,1289,1030,1090,1621,16.1,250,408,39,489016
ABplpaaap:139,ABplpaaap,139,26639,1639,1210,1345,1032,16.1,245,410,39,460419
ABplpaaap:140,ABplpaaap,140,26356,1356,830,1158,-105,16.1,242,409,41,512300
ABplpaaap:141,ABplpaaap,141,26712,1712,898,930,1131,16.1,241,408,41,526043
ABplpaaap:142,ABplpaaap,142,27236,2236,1868,2065,1939,17.1,245,410,41,539149
ABplpaaap:143,ABplpaaap,143,26698,1698,1326,1658,817,17.0,242,409,41,553947
ABplpaaap:144,ABplpaaap,144,27546,2546,1721,1979,1881,17.3,248,407,39,445248
ABplpaaap:145,ABplpaaap,145,27622,2622,2320,2383,2180,17.2,251,407,41,492394
ABplpaap:86,ABplpaap,86,23399,-1601,-944,-978,-1597,7.0,313,349,34,333317
ABplpaap:87,ABplpaap,87,24773,-227,312,312,-227,6.3,329,339,36,398022
ABplpaap:88,ABplpaap,88,24211,-789,201,180,-787,7.1,333,339,42,653747
ABplpaap:89,ABplpaap,89,24143,-857,131,92,-847,7.1,346,339,44,707300
ABplpaap:90,ABplpaap,90,24181,-819,-196,-177,-814,6.9,354,345,44,721223
ABplpaap:91,ABplpaap,91,24408,-592,841,826,-588,6.1,335,346,45,750992
ABplpaap:92,ABplpaap,92,23867,-1133,-204,-253,-1113,6.8,316,351,45,739911
ABplpaap:93,ABplpaap,93,24207,-793,88,82,-781,6.2,315,359,45,760368
ABplpaap:94,ABplpaap,94,24593,-407,253,313,-394,7.0,307,371,45,788688
ABplpaap:95,ABplpaap,95,24779,-221,453,469,-218,6.8,306,373,46,917502
ABplpaap:96,ABplpaap,96,24846,-154,589,569,-148,6.8,295,370,46,921187
ABplpaap:97,ABplpaap,97,24525,-475,-14,-46,-467,7.0,282,377,46,938450
ABplpaap:98,ABplpaap,98,23924,-1076,-375,-368,-1061,7.9,279,379,46,960052
ABplpaap:99,ABplpaap,99,24415,-585,-25,-27,-570,8.8,260,381,46,952201
ABplpaap:100,ABplpaap,100,24694,-306,-347,-405,-303,8.9,247,381,46,883694
ABplpaap:101,ABplpaap,101,24630,-370,-622,-643,-368,9.2,244,387,46,895509
ABplpaap:102,ABplpaap,102,24648,-352,-373,-405,-353,9.1,243,389,46,922097
ABplpaap:103,ABplpaap,103,24389,-611,-259,-269,-611,9.1,234,388,46,924702
ABplpaap:104,ABplpaap,104,25730,730,894,878,731,9.0,230,385,46,938146
ABplpaap:105,ABplpaap,105,25018,18,146,123,18,9.8,229,391,46,910392
ABplpaap:106,ABplpaap,106,25149,149,98,106,150,10.0,223,394,46,938770
ABplpaap:107,ABplpaap,107,24697,-303,77,125,-303,11.1,223,397,46,918563
ABplpaap:108,ABplpaap,108,25273,273,392,347,273,12.0,226,401,46,948888
ABplpaap:109,ABplpaap,109,25490,490,685,652,490,13.1,230,404,46,928390
ABplpaap:110,ABplpaap,110,24998,-2,24,19,-2,13.9,227,404,46,918268
ABplpaap:111,ABplpaap,111,25056,56,-82,-84,56,15.1,226,402,39,502974
ABplpaap:112,ABplpaap,112,24934,-66,340,340,-66,15.0,220,392,34,370556
ABplpaapa:113,ABplpaapa,113,25063,63,138,138,61,13.4,207,395,35,296906
ABplpaapa:114,ABplpaapa,114,25565,565,907,901,561,13.2,204,397,34,346593
ABplpaapa:115,ABplpaapa,115,24745,-255,69,96,-264,12.8,203,391,39,486157
ABplpaapa:116,ABplpaapa,116,25263,263,614,710,257,12.0,208,396,39,515772
ABplpaapa:117,ABplpaapa,117,24249,-751,-153,-229,-750,12.0,205,396,38,506314
ABplpaapa:118,ABplpaapa,118,26362,1362,1466,1576,1350,12.0,216,397,37,471186
ABplpaapa:119,ABplpaapa,119,24627,-373,-241,-302,-374,12.3,226,400,39,470591
ABplpaapa:120,ABplpaapa,120,25385,385,284,330,378,12.0,223,401,37,409629
ABplpaapa:121,ABplpaapa,121,25615,615,997,1009,599,11.9,231,397,37,389481
ABplpaapa:122,ABplpaapa,122,25765,765,1238,1310,774,12.4,238,395,39,363813
ABplpaapa:123,ABplpaapa,123,25351,351,624,610,344,12.4,242,399,39,381550
ABplpaapa:124,ABplpaapa,124,24331,-669,-504,-468,-731,13.1,238,399,39,413594
ABplpaapa:125,ABplpaapa,125,24892,-108,276,186,-105,13.1,238,400,37,395115
ABplpaapa:126,ABplpaapa,126,25898,898,1288,1260,896,13.4,239,402,39,410561
ABplpaapa:127,ABplpaapa,127,26898,1898,1947,1953,1911,14.1,233,397,39,441179
ABplpaapa:128,ABplpaapa,128,24804,-196,-528,-523,-292,14.2,234,398,39,443275
ABplpaapa:129,ABplpaapa,129,25678,678,961,908,833,13.5,236,401,39,402026
ABplpaapa:130,ABplpaapa,130,25883,883,740,808,823,13.1,239,406,41,489839
ABplpaapa:131,ABplpaapa,131,25642,642,620,624,534,13.2,239,406,39,466897
ABplpaapa:132,ABplpaapa,132,26918,1918,1685,1747,1825,13.5,243,404,39,474278
ABplpaapa:133,ABplpaapa,133,26703,1703,1297,1443,1641,14.1,238,404,41,518051
ABplpaapa:134,ABplpaapa,134,25930,930,510,894,56,14.1,241,403,41,538673
ABplpaapa:135,ABplpaapa,135,26770,1770,1341,1508,1692,14.2,255,405,39,476188
ABplpaapa:136,ABplpaapa,136,26040,1040,249,441,909,14.4,260,403,41,505238
ABplpaapa:137,ABplpaapa,137,26100,1100,813,905,861,13.4,253,404,39,462732
ABplpaapa:138,ABplpaapa,138,24967,-33,-421,-136,-598,13.2,251,406,39,502175
ABplpaapa:139,ABplpaapa,139,26392,1392,931,979,1094,13.1,241,408,41,560867
ABplpaapa:140,ABplpaapa,140,27324,2324,2002,2185,2353,13.3,240,408,41,519667
ABplpaapa:141,ABplpaapa,141,26525,1525,1155,1238,1171,13.2,243,402,41,539449
ABplpaapa:142,ABplpaapa,142,26353,1353,794,1023,1058,13.4,248,398,41,533908
ABplpaapa:143,ABplpaapa,143,28111,3111,2809,2956,2895,13.3,240,401,41,538476
ABplpaapa:144,ABplpaapa,144,27783,2783,2095,2135,2457,13.4,237,404,41,516872
ABplpaapa:145,ABplpaapa,145,27023,2023,1773,1880,1632,13.1,244,400,41,548221
ABplpaapp:113,ABplpaapp,113,25739,739,618,621,750,14.4,262,397,35,286813
ABplpaapp:114,ABplpaapp,114,25164,164,568,563,162,14.2,254,399,34,311733
ABplpaapp:115,ABplpaapp,115,24709,-291,-81,-115,-290,14.0,253,401,39,468233
ABplpaapp:116,ABplpaapp,116,25801,801,834,808,799,13.9,258,402,39,487657
ABplpaapp:117,ABplpaapp,117,24637,-363,-329,-372,-345,13.2,257,402,38,470146
ABplpaapp:118,ABplpaapp,118,25576,576,988,975,557,13.0,272,400,41,539791
ABplpaapp:119,ABplpaapp,119,25108,108,506,483,98,13.2,287,400,41,513460
ABplpaapp:120,ABplpaapp,120,24574,-426,-417,-430,-447,13.3,287,400,41,416862
ABplpaapp:121,ABplpaapp,121,25027,27,373,353,45,13.2,293,398,39,401260
ABplpaapp:122,ABplpaapp,122,24951,-49,10,4,-148,13.2,299,401,39,411281
ABplpaapp:123,ABplpaapp,123,25214,214,-20,-2,157,14.1,298,401,37,365453
ABplpaapp:124,ABplpaapp,124,24673,-327,-146,-132,-412,14.0,293,399,37,350163
ABplpaapp:125,ABplpaapp,125,24984,-16,326,308,34,14.1,288,395,39,367160
ABplpaapp:126,ABplpaapp,126,24675,-325,-753,-608,-370,14.9,280,394,37,331953
ABplpaapp:127,ABplpaapp,127,25091,91,170,83,81,15.0,279,396,39,375638
ABplpaapp:128,ABplpaapp,128,24798,-202,-532,-587,-164,14.2,284,399,39,381373
ABplpaapp:129,ABplpaapp,129,25635,635,568,488,580,14.5,286,399,39,373514
ABplpaapp:130,ABplpaapp,130,24664,-336,-693,-710,-358,14.4,286,404,39,363226
ABplpaapp:131,ABplpaapp,131,25737,737,414,526,722,14.4,290,402,39,390442
ABplpaapp:132,ABplpaapp,132,25949,949,957,991,897,15.1,286,408,41,460084
ABplpaapp:133,ABplpaapp,133,26154,1154,353,449,1086,14.3,288,407,39,451033
ABplpaapp:134,ABplpaapp,134,25940,940,267,208,915,14.3,294,409,41,496150
ABplpaapp:135,ABplpaapp,135,25724,724,556,492,694,14.3,304,413,41,497116
ABplpaapp:136,ABplpaapp,136,25458,458,269,226,412,15.1,305,410,41,528161
ABplpaapp:137,ABplpaapp,137,26724,1724,1065,1012,1676,14.3,303,412,41,515883
ABplpaapp:138,ABplpaapp,138,26490,1490,1242,1166,1425,14.0,302,410,41,558766
ABplpaapp:139,ABplpaapp,139,25549,549,140,183,524,13.5,299,415,41,481992
ABplpaapp:140,ABplpaapp,140,27126,2126,1617,1590,2104,14.1,300,415,41,555233
ABplpaapp:141,ABplpaapp,141,26303,1303,879,876,1210,13.4,303,416,41,485948
ABplpaapp:142,ABplpaapp,142,27111,2111,1159,1273,1903,14.2,308,411,41,556819
ABplpaapp:143,ABplpaapp,143,26336,1336,964,1104,1226,14.0,304,411,41,569614
ABplpaapp:144,ABplpaapp,144,28059,3059,2053,2096,2828,14.0,298,410,41,569650
ABplpaapp:145,ABplpaapp,145,27351,2351,2127,2118,2184,13.3,308,410,41,537683
ABplpap:64,ABplpap,64,23466,-1534,-614,-612,-1531,11.4,375,377,51,619468
ABplpap:65,ABplpap,65,23725,-1275,-451,-451,-1275,10.5,383,372,51,742843
ABplpap:66,ABplpap,66,23478,-1522,-387,-387,-1522,10.8,389,367,52,1002567
ABplpap:67,ABplpap,67,23631,-1369,-457,-503,-1367,11.8,390,373,52,1021549
ABplpap:68,ABplpap,68,23817,-1183,-28,7,-1180,11.2,388,380,52,1120310
ABplpap:69,ABplpap,69,23573,-1427,-705,-722,-1427,11.9,379,388,52,1145060
ABplpap:70,ABplpap,70,24161,-839,-218,-212,-839,11.2,383,393,52,1220097
ABplpap:71,ABplpap,71,23887,-1113,-534,-535,-1110,11.9,381,392,52,1237624
ABplpap:72,ABplpap,72,23662,-1338,-694,-687,-1338,12.0,390,391,53,1236779
ABplpap:73,ABplpap,73,23619,-1381,-376,-359,-1381,12.0,386,389,53,1277327
ABplpap:74,ABplpap,74,23544,-1456,-715,-642,-1457,11.0,387,390,53,1343178
ABplpap:75,ABplpap,75,23696,-1304,-911,-888,-1304,10.3,389,387,54,1477662
ABplpap:76,ABplpap,76,23901,-1099,-358,-358,-1099,11.0,383,390,54,1497679
ABplpap:77,ABplpap,77,23963,-1037,-40,-26,-1037,10.9,368,388,54,1546228
ABplpap:78,ABplpap,78,23461,-1539,-729,-726,-1539,11.0,370,386,54,1574189
ABplpap:79,ABplpap,79,23697,-1303,-833,-834,-1303,10.9,370,385,54,1604686
ABplpap:80,ABplpap,80,23695,-1305,-801,-801,-1305,11.8,372,390,55,1360337
ABplpap:81,ABplpap,81,23451,-1549,-883,-889,-1549,12.3,378,386,55,1342600
ABplpap:82,ABplpap,82,23756,-1244,-599,-601,-1244,12.0,369,385,55,1387427
ABplpap:83,ABplpap,83,23981,-1019,-313,-304,-1019,11.2,376,384,54,1390308
ABplpap:84,ABplpap,84,23508,-1492,-606,-607,-1492,11.3,367,392,51,839942
ABplpap:85,ABplpap,85,23897,-1103,-240,-235,-1102,12.9,346,383,52,988288
ABplpapa:86,ABplpapa,86,24461,-539,235,218,-530,13.0,327,386,34,313790
ABplpapa:87,ABplpapa,87,23573,-1427,-495,-495,-1426,12.2,333,387,36,401167
ABplpapa:88,ABplpapa,88,23335,-1665,-979,-994,-1662,13.0,331,390,44,583429
ABplpapa:89,ABplpapa,89,23792,-1208,-182,-185,-1204,12.0,326,384,44,615213
ABplpapa:90,ABplpapa,90,23446,-1554,-707,-721,-1552,12.0,328,393,44,642509
ABplpapa:91,ABplpapa,91,24502,-498,111,68,-496,11.9,328,399,45,658968
ABplpapa:92,ABplpapa,92,24064,-936,-182,-200,-928,11.1,318,396,45,695298
ABplpapa:93,ABplpapa,93,23953,-1047,112,95,-1040,12.0,315,399,45,714405
ABplpapa:94,ABplpapa,94,24444,-556,327,297,-545,12.1,311,401,45,713194
ABplpapa:95,ABplpapa,95,25093,93,814,801,97,13.0,310,403,46,838354
ABplpapa:96,ABplpapa,96,24913,-87,520,474,-84,13.0,303,408,46,863019
ABplpapa:97,ABplpapa,97,24016,-984,-163,-218,-977,13.8,285,408,46,859919
ABplpapa:98,ABplpapa,98,24861,-139,572,569,-137,14.9,288,406,46,871761
ABplpapa:99,ABplpapa,99,24871,-129,514,528,-120,14.9,272,407,46,912449
ABplpapa:100,ABplpapa,100,25565,565,719,700,573,14.9,255,405,46,802301
ABplpapa:101,ABplpapa,101,25087,87,122,149,90,16.0,260,407,46,777126
ABplpapa:102,ABplpapa,102,24842,-158,206,220,-156,16.8,257,406,46,761174
ABplpapa:103,ABplpapa,103,24846,-154,182,171,-154,17.0,257,405,46,770215
ABplpapa:104,ABplpapa,104,24503,-497,-514,-514,-497,17.8,236,400,46,726386
ABplpapa:105,ABplpapa,105,25214,214,531,531,215,18.0,230,393,46,729667
ABplpapa:106,ABplpapa,106,24627,-373,-235,-235,-373,18.1,226,394,46,718902
ABplpapa:107,ABplpapa,107,25059,59,535,535,59,19.1,215,390,46,670407
ABplpapa:108,ABplpapa,108,25284,284,466,466,282,19.9,212,385,46,672431
ABplpapa:109,ABplpapa,109,24026,-974,-933,-933,-974,20.9,216,378,46,638106
ABplpapa:110,ABplpapa,110,24980,-20,220,220,-20,21.9,221,366,46,591635
ABplpapa:111,ABplpapa,111,24279,-721,-599,-599,-721,21.9,232,366,45,463014
ABplpapa:112,ABplpapa,112,24694,-306,247,247,-306,21.0,236,357,38,377067
ABplpapa:113,ABplpapa,113,24064,-936,-374,-374,-938,20.2,252,356,35,263759
ABplpapaa:114,ABplpapaa,114,24454,-546,-550,-637,-548,20.1,229,381,36,275207
ABplpapaa:115,ABplpapaa,115,24725,-275,-183,-190,-264,20.0,233,383,37,302126
ABplpapaa:116,ABplpapaa,116,23981,-1019,-468,-440,-1023,20.0,238,385,39,323565
ABplpapaa:117,ABplpapaa,117,24533,-467,-350,-349,-468,21.9,241,384,38,302235
ABplpapaa:118,ABplpapaa,118,24808,-192,-95,-154,-146,22.0,248,378,39,300165
ABplpapaa:119,ABplpapaa,119,24930,-70,69,4,-55,22.0,246,372,41,307496
ABplpapaa:120,ABplpapaa,120,24703,-297,-28,-116,-196,22.1,233,368,39,243720
ABplpapaa:121,ABplpapaa,121,23842,-1158,-1223,-1299,-1175,22.1,236,373,37,215117
ABplpapaa:122,ABplpapaa,122,25032,32,-205,-279,12,22.0,243,379,37,229070
ABplpapaa:123,ABplpapaa,123,25614,614,618,590,587,22.1,236,373,39,241822
ABplpapaa:124,ABplpapaa,124,25431,431,848,837,495,23.0,222,368,37,227451
ABplpapaa:125,ABplpapaa,125,25021,21,41,-144,208,22.0,219,354,41,272614
ABplpapaa:126,ABplpapaa,126,24609,-391,-453,-448,-222,22.0,224,352,41,278185
ABplpapaa:127,ABplpapaa,127,25408,408,406,460,340,23.0,218,352,41,283629
ABplpapaa:128,ABplpapaa,128,25394,394,-5,-20,294,22.2,211,353,41,297987
ABplpapaa:129,ABplpapaa,129,26245,1245,1087,1110,1131,23.0,210,357,41,331455
ABplpapaa:130,ABplpapaa,130,25779,779,698,728,691,22.2,214,355,41,346923
ABplpapaa:131,ABplpapaa,131,24950,-50,-48,-155,-196,22.1,214,357,39,319090
ABplpapaa:132,ABplpapaa,132,25403,403,486,507,287,22.1,207,357,41,336712
ABplpapaa:133,ABplpapaa,133,25031,31,-426,-470,-176,23.1,208,348,41,336928
ABplpapaa:134,ABplpapaa,134,25264,264,-489,-541,139,22.2,216,351,41,346486
ABplpapaa:135,ABplpapaa,135,26170,1170,908,890,850,22.0,216,354,41,397512
ABplpapaa:136,ABplpapaa,136,25284,284,-270,-243,-575,22.0,216,354,41,397512
ABplpapaa:137,ABplpapaa,137,26526,1526,692,1071,1215,21.0,225,345,26,115316
ABplpapaa:138,ABplpapaa,138,26935,1935,1070,1365,1352,22.0,228,348,39,369070
ABplpapaa:139,ABplpapaa,139,27818,2818,2338,2064,3127,22.1,232,350,26,108790
ABplpapaa:140,ABplpapaa,140,24810,-190,-856,-770,-324,23.1,239,347,26,96261
ABplpapaa:141,ABplpapaa,141,27362,2362,1302,1389,1979,22.1,240,354,41,348566
ABplpapaa:142,ABplpapaa,142,26329,1329,832,725,1184,22.1,249,356,41,344270
ABplpapaa:143,ABplpapaa,143,25776,776,40,96,631,22.1,249,356,41,344270
ABplpapaa:144,ABplpapaa,144,26370,1370,934,1015,1117,22.0,251,356,41,356015
ABplpapaa:145,ABplpapaa,145,25409,409,0,177,43,22.1,259,349,41,303780
ABplpapap:114,ABplpapap,114,25264,264,576,599,270,21.9,278,359,40,282636
ABplpapap:115,ABplpapap,115,25278,278,735,759,276,21.0,282,366,39,283625
ABplpapap:116,ABplpapap,116,24519,-481,-209,-213,-494,21.0,293,372,39,292465
ABplpapap:117,ABplpapap,117,24947,-53,578,552,4,21.1,295,368,42,311530
ABplpapap:118,ABplpapap,118,25672,672,714,689,660,21.1,297,360,41,266969
ABplpapap:119,ABplpapap,119,23986,-1014,-639,-590,-973,21.9,293,365,37,248967
ABplpapap:120,ABplpapap,120,24689,-311,-58,-16,-416,21.0,284,358,41,231719
ABplpapap:121,ABplpapap,121,24775,-225,-166,-310,-188,21.1,282,358,41,228772
ABplpapap:122,ABplpapap,122,25184,184,3,-86,190,21.1,282,358,41,222764
ABplpapap:123,ABplpapap,123,24579,-421,-526,-348,-461,22.0,279,358,41,245138
ABplpapap:124,ABplpapap,124,24432,-568,-90,-50,-580,22.1,268,349,41,224516
ABplpapap:125,ABplpapap,125,24801,-199,163,163,-189,23.0,265,344,41,224582
ABplpapap:126,ABplpapap,126,25723,723,603,476,730,22.2,270,346,41,224518
ABplpapap:127,ABplpapap,127,26529,1529,1390,1444,1508,23.1,262,341,41,240180
ABplpapap:128,ABplpapap,128,26317,1317,925,864,1305,23.1,263,338,41,242443
ABplpapap:129,ABplpapap,129,25061,61,-371,-474,19,23.1,259,341,41,265696
ABplpapap:130,ABplpapap,130,25524,524,420,374,506,23.0,262,345,41,243126
ABplpapap:131,ABplpapap,131,25367,367,7,63,321,22.1,260,344,41,270315
ABplpapap:132,ABplpapap,132,26120,1120,1199,1176,1021,22.2,258,345,41,280101
ABplpapap:133,ABplpapap,133,25442,442,27,36,372,22.1,264,344,41,269139
ABplpapap:134,ABplpapap,134,25791,791,472,541,777,23.0,267,345,39,248388
ABplpapap:135,ABplpapap,135,26044,1044,170,213,1015,22.2,269,354,41,280583
ABplpapap:136,ABplpapap,136,25895,895,323,267,872,22.2,268,347,41,294173
ABplpapap:137,ABplpapap,137,24995,-5,-618,-504,-55,22.1,272,347,39,265670
ABplpapap:138,ABplpapap,138,26015,1015,683,603,987,22.1,284,360,41,317460
ABplpapap:139,ABplpapap,139,25253,253,-268,-294,162,22.0,282,365,41,327574
ABplpapap:140,ABplpapap,140,25525,525,-161,-100,417,22.0,284,360,39,273803
ABplpapap:141,ABplpapap,141,26051,1051,469,505,878,21.1,287,365,41,295853
ABplpapap:142,ABplpapap,142,26448,1448,1030,1036,1365,21.1,297,365,39,274388
ABplpapap:143,ABplpapap,143,26850,1850,1010,945,1825,22.0,301,364,41,310548
ABplpapap:144,ABplpapap,144,25590,590,-350,-292,530,22.1,313,361,41,287311
ABplpapap:145,ABplpapap,145,25425,425,-804,-616,149,22.1,337,362,41,316321
ABplpapp:86,ABplpapp,86,23615,-1385,-728,-739,-1375,14.0,385,388,48,629133
ABplpapp:87,ABplpapp,87,24360,-640,317,311,-628,14.1,395,382,40,500447
ABplpapp:88,ABplpapp,88,23985,-1015,-772,-727,-1011,13.1,397,384,44,594707
ABplpapp:89,ABplpapp,89,24018,-982,-196,-226,-975,13.1,406,387,44,643678
ABplpapp:90,ABplpapp,90,23655,-1345,-528,-564,-1311,12.0,414,391,44,716234
ABplpapp:91,ABplpapp,91,23602,-1398,-567,-599,-1382,12.0,408,393,45,705724
ABplpapp:92,ABplpapp,92,23635,-1365,-756,-770,-1354,12.0,387,400,45,742405
ABplpapp:93,ABplpapp,93,24227,-773,-440,-487,-756,11.8,384,396,45,730886
ABplpapp:94,ABplpapp,94,23699,-1301,-448,-452,-1291,11.5,380,401,47,830380
ABplpapp:95,ABplpapp,95,24623,-377,314,284,-373,12.0,377,399,46,897342
ABplpapp:96,ABplpapp,96,24319,-681,-21,-57,-676,12.2,366,400,46,886086
ABplpapp:97,ABplpapp,97,24346,-654,-256,-188,-649,12.2,356,401,46,915646
ABplpapp:98,ABplpapp,98,24321,-679,86,97,-671,13.2,354,402,46,882812
ABplpapp:99,ABplpapp,99,24372,-628,208,171,-619,14.8,334,400,46,849730
ABplpapp:100,ABplpapp,100,25571,571,729,723,579,15.0,316,396,46,721162
ABplpapp:101,ABplpapp,101,24985,-15,-76,-50,-4,15.1,321,401,46,784163
ABplpapp:102,ABplpapp,102,24892,-108,-205,-248,-92,15.2,325,402,46,805770
ABplpapp:103,ABplpapp,103,24478,-522,-468,-484,-522,17.0,325,403,46,774296
ABplpapp:104,ABplpapp,104,24440,-560,-566,-606,-556,18.0,320,398,46,731689
ABplpapp:105,ABplpapp,105,24584,-416,-195,-210,-423,18.0,316,399,48,841326
ABplpapp:106,ABplpapp,106,24441,-559,-241,-244,-557,18.4,311,397,48,754029
ABplpapp:107,ABplpapp,107,24922,-78,30,60,-77,19.9,303,390,46,683875
ABplpapp:108,ABplpapp,108,25183,183,421,436,180,19.3,305,382,48,713439
ABplpapp:109,ABplpapp,109,24686,-314,107,78,-316,20.9,310,377,46,612429
ABplpapp:110,ABplpapp,110,24634,-366,-123,-113,-369,21.0,320,365,46,491892
ABplpapp:111,ABplpapp,111,24756,-244,226,222,-238,20.2,328,365,49,555716
ABplpappa:112,ABplpappa,112,25284,284,634,624,283,21.2,308,356,40,294150
ABplpappa:113,ABplpappa,113,25193,193,209,188,190,22.1,319,346,41,262890
ABplpappa:114,ABplpappa,114,24356,-644,-860,-777,-653,23.0,334,346,40,259709
ABplpappa:115,ABplpappa,115,25033,33,-214,-201,10,23.0,330,351,43,297796
ABplpappa:116,ABplpappa,116,24642,-358,-42,-70,-351,23.0,331,356,43,301933
ABplpappa:117,ABplpappa,117,23674,-1326,-1249,-1316,-1333,23.0,334,360,40,286559
ABplpappa:118,ABplpappa,118,24756,-244,-324,-269,-263,22.2,338,360,41,263151
ABplpappa:119,ABplpappa,119,24154,-846,-749,-852,-793,23.0,330,362,41,301544
ABplpappa:120,ABplpappa,120,24564,-436,-382,-406,-436,22.1,325,355,41,218964
ABplpappa:121,ABplpappa,121,25234,234,329,209,229,22.1,318,349,41,219532
ABplpappa:122,ABplpappa,122,24458,-542,-723,-702,-595,21.2,319,351,41,219770
ABplpappa:123,ABplpappa,123,25649,649,143,258,203,21.1,318,332,41,240139
ABplpappa:124,ABplpappa,124,25424,424,-96,-43,281,23.0,315,337,41,223783
ABplpappa:125,ABplpappa,125,25190,190,-158,-88,92,22.1,313,337,41,221032
ABplpappa:126,ABplpappa,126,25110,110,-370,-403,44,22.2,315,344,41,207922
ABplpappa:127,ABplpappa,127,25856,856,750,798,780,22.1,316,340,41,199782
ABplpappa:128,ABplpappa,128,26670,1670,1629,1663,1643,23.0,316,347,41,200995
ABplpappa:129,ABplpappa,129,25366,366,64,83,305,22.1,313,336,41,216056
ABplpappa:130,ABplpappa,130,25978,978,533,637,888,22.1,316,338,41,225986
ABplpappa:131,ABplpappa,131,25677,677,25,-27,659,22.1,311,349,41,219280
ABplpappa:132,ABplpappa,132,26225,1225,679,663,1216,23.0,308,352,41,250827
ABplpappa:133,ABplpappa,133,25586,586,-201,-188,578,23.1,312,341,39,217796
ABplpappa:134,ABplpappa,134,26407,1407,617,616,1338,22.1,315,338,41,221755
ABplpappa:135,ABplpappa,135,26052,1052,-166,-150,961,22.1,315,342,41,228572
ABplpappa:136,ABplpappa,136,26889,1889,797,818,1823,23.2,317,341,41,220797
ABplpappa:137,ABplpappa,137,26191,1191,17,60,965,23.0,318,332,41,236097
ABplpappa:138,ABplpappa,138,25725,725,-568,-626,376,22.1,313,324,41,236506
ABplpappa:139,ABplpappa,139,27570,2570,542,526,2306,22.0,316,320,41,233817
ABplpappa:140,ABplpappa,140,27308,2308,-320,-88,2066,21.0,320,320,41,252606
ABplpappa:141,ABplpappa,141,27071,2071,-166,-3,1544,21.2,318,318,41,225067
ABplpappa:142,ABplpappa,142,26912,1912,421,423,1749,22.0,316,311,41,231911
ABplpappa:143,ABplpappa,143,28470,3470,1200,1202,3288,21.9,316,305,37,208227
ABplpappaa:144,ABplpappaa,144,27719,2719,775,852,2639,21.9,298,302,37,167538
ABplpappaa:145,ABplpappaa,145,26808,1808,-754,-760,1641,21.0,303,310,37,176375
ABplpappap:144,ABplpappap,144,27270,2270,-794,-850,1668,21.9,342,308,37,178392
ABplpappap:145,ABplpappap,145,27518,2518,-1280,-1144,264,21.1,359,305,37,189742
ABplpappp:112,ABplpappp,112,24436,-564,-154,-194,-548,20.3,360,368,42,313817
ABplpappp:113,ABplpappp,113,25148,148,480,469,134,22.0,375,351,41,285014
ABplpappp:114,ABplpappp,114,25501,501,921,923,586,21.9,380,342,40,281878
ABplpappp:115,ABplpappp,115,25439,439,453,462,436,21.1,385,346,41,280769
ABplpappp:116,ABplpappp,116,25210,210,192,193,209,22.0,393,355,39,250513
ABplpappp:117,ABplpappp,117,24922,-78,-63,-86,-77,22.1,392,358,40,250644
ABplpappp:118,ABplpappp,118,25931,931,771,771,893,21.2,397,352,39,246732
ABplpappp:119,ABplpappp,119,24673,-327,-110,-151,-329,22.0,395,348,39,249019
ABplpappp:120,ABplpappp,120,25569,569,374,400,538,22.0,390,353,41,210822
ABplpappp:121,ABplpappp,121,25440,440,415,370,431,21.2,385,350,41,195627
ABplpappp:122,ABplpappp,122,25953,953,932,895,942,21.1,386,347,41,196722
ABplpappp:123,ABplpappp,123,25251,251,-244,-268,237,21.2,383,332,39,160128
ABplpappp:124,ABplpappp,124,25603,603,36,54,564,22.0,377,337,39,159615
ABplpappp:125,ABplpappp,125,23995,-1005,-1375,-1403,-1012,22.2,381,339,41,181307
ABplpappp:126,ABplpappp,126,25045,45,-309,-395,49,22.2,384,344,41,189395
ABplpappp:127,ABplpappp,127,25226,226,-184,-229,225,22.1,378,341,41,190794
ABplpappp:128,ABplpappp,128,25068,68,-722,-731,65,23.1,378,337,41,196409
ABplpappp:129,ABplpappp,129,26306,1306,566,551,1290,22.9,373,333,37,155398
ABplpappp:130,ABplpappp,130,26205,1205,201,169,1183,22.1,368,340,41,198168
ABplpappp:131,ABplpappp,131,25407,407,-308,-307,400,22.1,371,342,41,207732
ABplpappp:132,ABplpappp,132,27252,2252,1704,1752,2233,23.0,370,335,41,201859
ABplpappp:133,ABplpappp,133,27241,2241,1357,1266,2213,23.0,374,328,41,204819
ABplpappp:134,ABplpappp,134,27271,2271,1513,1556,2233,22.1,370,329,39,180995
ABplpappp:135,ABplpappp,135,27168,2168,1274,1261,2048,22.2,371,331,41,197356
ABplpappp:136,ABplpappp,136,26342,1342,381,396,1239,22.1,375,329,41,203875
ABplpappp:137,ABplpappp,137,25551,551,-230,-319,484,23.0,372,332,41,215289
ABplpappp:138,ABplpappp,138,26831,1831,376,417,1561,22.2,370,321,41,195781
ABplpappp:139,ABplpappp,139,26806,1806,114,165,1680,23.0,373,323,41,223641
ABplpappp:140,ABplpappp,140,26232,1232,-473,-467,938,22.2,374,321,41,202705
ABplpappp:141,ABplpappp,141,27326,2326,402,386,1763,22.2,373,313,39,202286
ABplpappp:142,ABplpappp,142,26735,1735,-270,-212,1111,22.1,375,313,39,200008
ABplpappp:143,ABplpappp,143,26979,1979,259,275,1639,22.1,373,315,39,191659
ABplpappp:144,ABplpappp,144,26517,1517,-1103,-1022,1173,22.0,376,312,41,218543
ABplpappp:145,ABplpappp,145,27425,2425,480,492,2328,23.1,392,312,41,215570
ABplpp:44,ABplpp,44,23605,-1395,-16,-16,-1394,9.1,354,329,37,381301
ABplpp:45,ABplpp,45,22807,-2193,-1060,-1060,-2193,8.1,374,332,36,379145
ABplpp:46,ABplpp,46,23619,-1381,-101,-101,-1381,9.0,379,328,55,962769
ABplpp:47,ABplpp,47,23661,-1339,-227,-227,-1339,8.7,386,330,56,1101187
ABplpp:48,ABplpp,48,23556,-1444,-149,-149,-1444,7.6,413,333,57,1128816
ABplpp:49,ABplpp,49,23384,-1616,-484,-484,-1616,6.8,415,323,58,1252852
ABplpp:50,ABplpp,50,23948,-1052,218,218,-1052,6.7,419,318,59,1307067
ABplpp:51,ABplpp,51,23861,-1139,-117,-117,-1139,6.8,424,318,60,1472355
ABplpp:52,ABplpp,52,23673,-1327,134,134,-1327,6.8,437,314,60,1531964
ABplpp:53,ABplpp,53,23110,-1890,-731,-737,-1890,6.9,428,319,60,1270265
ABplpp:54,ABplpp,54,23229,-1771,-760,-760,-1771,6.9,429,319,60,1321917
ABplpp:55,ABplpp,55,23413,-1587,-359,-359,-1587,6.9,419,318,60,1364621
ABplpp:56,ABplpp,56,23537,-1463,-276,-276,-1463,7.0,415,320,60,1412307
ABplpp:57,ABplpp,57,23428,-1572,-529,-536,-1572,7.8,398,322,61,1459939
ABplpp:58,ABplpp,58,23287,-1713,-512,-513,-1713,7.9,407,331,61,1531945
ABplpp:59,ABplpp,59,23573,-1427,-353,-353,-1427,7.5,412,327,61,1593247
ABplpp:60,ABplpp,60,23125,-1875,-559,-559,-1875,7.8,419,316,61,1615503
ABplpp:61,ABplpp,61,23268,-1732,-475,-475,-1732,7.7,420,324,60,1625074
ABplpp:62,ABplpp,62,23957,-1043,126,126,-1043,7.8,422,327,59,1292533
ABplpp:63,ABplpp,63,23143,-1857,-597,-597,-1857,7.1,430,314,52,994020
ABplppa:64,ABplppa,64,23964,-1036,64,63,-1036,6.0,409,314,37,389818
ABplppa:65,ABplppa,65,24327,-673,226,226,-673,5.1,396,309,41,463859
ABplppa:66,ABplppa,66,23775,-1225,-306,-306,-1225,5.1,398,304,46,744819
ABplppa:67,ABplppa,67,23278,-1722,-831,-831,-1722,5.3,389,314,48,896492
ABplppa:68,ABplppa,68,23761,-1239,-169,-169,-1239,5.3,389,320,50,1010585
ABplppa:69,ABplppa,69,23716,-1284,-192,-192,-1284,5.4,389,315,52,1122279
ABplppa:70,ABplppa,70,23738,-1262,-157,-150,-1262,5.4,393,308,52,1161012
ABplppa:71,ABplppa,71,23103,-1897,-987,-992,-1897,5.7,387,311,52,1174288
ABplppa:72,ABplppa,72,23581,-1419,-557,-557,-1419,5.6,393,316,53,1212955
ABplppa:73,ABplppa,73,23752,-1248,-20,-18,-1248,5.9,391,310,53,1273762
ABplppa:74,ABplppa,74,23732,-1268,-239,-239,-1268,6.0,386,314,53,1297377
ABplppa:75,ABplppa,75,24323,-677,372,371,-677,5.7,385,310,54,1405157
ABplppa:76,ABplppa,76,23594,-1406,-608,-604,-1406,6.0,380,316,54,1457544
ABplppa:77,ABplppa,77,24349,-651,217,226,-651,5.8,371,313,54,1478192
ABplppa:78,ABplppa,78,24101,-899,143,171,-899,6.2,370,316,54,1492990
ABplppa:79,ABplppa,79,23248,-1752,-587,-578,-1752,6.2,376,320,54,1524555
ABplppa:80,ABplppa,80,24229,-771,379,369,-771,6.2,382,319,55,1360175
ABplppa:81,ABplppa,81,24081,-919,0,-6,-919,6.0,381,325,55,1398088
ABplppa:82,ABplppa,82,23701,-1299,-333,-335,-1299,5.8,381,330,55,1395184
ABplppa:83,ABplppa,83,24007,-993,295,295,-993,5.9,387,326,54,1450268
ABplppa:84,ABplppa,84,24422,-578,396,404,-578,6.8,378,330,53,1330412
ABplppa:85,ABplppa,85,23355,-1645,-692,-695,-1645,7.0,376,340,52,1354896
ABplppa:86,ABplppa,86,23759,-1241,-323,-324,-1241,7.9,381,348,48,866398
ABplppa:87,ABplppa,87,23729,-1271,-626,-626,-1271,7.1,395,349,38,480298
ABplppaa:88,ABplppaa,88,24772,-228,754,733,-212,6.1,384,355,34,323692
ABplppaa:89,ABplppaa,89,23409,-1591,-733,-803,-1579,6.0,393,354,36,439070
ABplppaa:90,ABplppaa,90,24001,-999,-442,-414,-991,6.1,402,363,40,598319
ABplppaa:91,ABplppaa,91,23876,-1124,-310,-305,-1121,6.0,384,367,45,709130
ABplppaa:92,ABplppaa,92,23799,-1201,-466,-428,-1191,6.0,361,368,45,722292
ABplppaa:93,ABplppaa,93,24300,-700,129,178,-692,6.0,364,367,45,737412
ABplppaa:94,ABplppaa,94,24315,-685,593,623,-679,6.0,353,369,45,749464
ABplppaa:95,ABplppaa,95,25100,100,888,903,104,6.3,350,369,44,697144
ABplppaa:96,ABplppaa,96,24364,-636,177,340,-634,6.2,341,368,44,711995
ABplppaa:97,ABplppaa,97,24691,-309,658,668,-302,6.9,331,379,46,864743
ABplppaa:98,ABplppaa,98,24358,-642,-49,-113,-626,7.1,324,383,44,765749
ABplppaa:99,ABplppaa,99,24625,-375,112,52,-373,7.8,314,385,46,878833
ABplppaa:100,ABplppaa,100,24201,-799,-545,-530,-798,7.5,301,386,44,612546
ABplppaa:101,ABplppaa,101,24444,-556,-412,-435,-555,8.1,303,391,44,712171
ABplppaa:102,ABplppaa,102,24535,-465,-32,-105,-465,9.0,306,394,44,729237
ABplppaa:103,ABplppaa,103,25172,172,-4,-58,172,10.0,302,402,46,855569
ABplppaa:104,ABplppaa,104,25539,539,847,823,539,11.0,290,402,46,825646
ABplppaa:105,ABplppaa,105,25208,208,-15,-40,208,11.9,289,406,46,829682
ABplppaa:106,ABplppaa,106,24689,-311,-255,-263,-311,12.1,282,404,46,808864
ABplppaa:107,ABplppaa,107,24989,-11,323,330,-10,12.9,281,396,46,797393
ABplppaa:108,ABplppaa,108,25031,31,89,13,29,13.9,283,400,46,770024
ABplppaa:109,ABplppaa,109,24815,-185,99,94,-185,16.0,282,401,46,675845
ABplppaa:110,ABplppaa,110,24661,-339,215,232,-339,16.9,278,394,46,652261
ABplppaa:111,ABplppaa,111,24969,-31,491,479,-30,17.0,287,399,45,599980
ABplppaa:112,ABplppaa,112,25761,761,991,982,761,17.0,291,398,44,621065
ABplppaa:113,ABplppaa,113,23887,-1113,-757,-723,-1123,17.1,305,401,41,528052
ABplppaa:114,ABplppaa,114,25408,408,380,378,407,17.1,305,403,42,570439
ABplppaa:115,ABplppaa,115,25533,533,968,956,533,16.9,301,408,39,515018
ABplppaa:116,ABplppaa,116,25483,483,900,894,489,16.1,310,390,35,328521
ABplppaaa:117,ABplppaaa,117,24529,-471,54,39,-473,16.4,285,388,36,289410
ABplppaaa:118,ABplppaaa,118,25480,480,587,562,406,17.0,292,391,35,300295
ABplppaaa:119,ABplppaaa,119,25137,137,459,465,125,17.0,292,390,37,359472
ABplppaaa:120,ABplppaaa,120,25670,670,891,902,739,17.9,283,381,37,278400
ABplppaaa:121,ABplppaaa,121,24469,-531,-486,-424,-533,17.0,284,384,37,279051
ABplppaaa:122,ABplppaaa,122,25704,704,1039,1047,733,17.0,290,390,37,294576
ABplppaaa:123,ABplppaaa,123,25646,646,810,842,628,17.9,291,386,37,277209
ABplppaaa:124,ABplppaaa,124,25558,558,1239,1208,632,17.3,285,381,39,273877
ABplppaaa:125,ABplppaaa,125,24165,-835,-421,-348,-838,18.0,283,378,37,236607
ABplppaaa:126,ABplppaaa,126,24983,-17,-116,-74,99,17.9,288,382,37,273982
ABplppaaa:127,ABplppaaa,127,24904,-96,46,113,-123,18.0,289,382,37,249928
ABplppaaa:128,ABplppaaa,128,24550,-450,-478,-494,-424,18.0,286,383,37,256168
ABplppaaa:129,ABplppaaa,129,25384,384,845,838,277,18.0,289,382,26,101168
ABplppaaa:130,ABplppaaa,130,24408,-592,-315,-285,-569,18.0,289,382,26,101168
ABplppaaa:131,ABplppaaa,131,25095,95,-30,54,-134,17.1,297,388,39,317363
ABplppaaa:132,ABplppaaa,132,25111,111,-62,-11,-50,18.0,289,389,37,299424
ABplppaaa:133,ABplppaaa,133,25846,846,787,793,769,18.1,290,381,37,290287
ABplppaaa:134,ABplppaaa,134,24558,-442,-491,-402,-541,18.1,289,385,37,318071
ABplppaaa:135,ABplppaaa,135,24914,-86,1,19,-131,18.1,294,385,39,334849
ABplppaaa:136,ABplppaaa,136,24822,-178,-558,-536,-230,18.2,291,379,41,371184
ABplppaaa:137,ABplppaaa,137,25544,544,533,549,458,18.1,289,383,39,351017
ABplppaaa:138,ABplppaaa,138,25094,94,171,223,-164,17.3,295,387,39,326520
ABplppaaa:139,ABplppaaa,139,25599,599,394,504,554,18.1,290,384,39,351656
ABplppaaa:140,ABplppaaa,140,26002,1002,771,745,922,17.9,289,382,37,311335
ABplppaaa:141,ABplppaaa,141,27452,2452,2073,2306,2329,17.2,295,390,37,323150
ABplppaaa:142,ABplppaaa,142,26746,1746,1025,1171,1260,17.1,303,395,37,357161
ABplppaaa:143,ABplppaaa,143,25915,915,1143,1217,443,17.1,302,400,37,361357
ABplppaaa:144,ABplppaaa,144,26920,1920,1330,1780,988,17.1,302,397,37,340931
ABplppaaa:145,ABplppaaa,145,26568,1568,919,1101,1194,17.1,308,393,37,338778
ABplppaap:117,ABplppaap,117,25772,772,1370,1279,778,16.1,325,399,32,254267
ABplppaap:118,ABplppaap,118,24989,-11,198,191,-10,16.3,339,398,35,256824
ABplppaap:119,ABplppaap,119,24722,-278,-110,-67,-283,17.0,341,392,37,322506
ABplppaap:120,ABplppaap,120,25234,234,551,575,231,17.0,335,391,37,277171
ABplppaap:121,ABplppaap,121,25965,965,1101,1091,953,18.1,339,394,37,235445
ABplppaap:122,ABplppaap,122,24948,-52,187,146,-23,18.1,350,395,37,244438
ABplppaap:123,ABplppaap,123,24582,-418,-306,-289,-514,18.2,348,393,41,262855
ABplppaap:124,ABplppaap,124,25694,694,912,939,601,18.4,345,395,41,258051
ABplppaap:125,ABplppaap,125,24846,-154,-324,-379,-139,19.0,339,389,41,277439
ABplppaap:126,ABplppaap,126,24173,-827,-582,-637,-826,19.0,345,386,39,276305
ABplppaap:127,ABplppaap,127,26244,1244,1908,1847,1259,19.0,346,382,37,232337
ABplppaap:128,ABplppaap,128,25100,100,437,435,82,18.9,347,389,37,250973
ABplppaap:129,ABplppaap,129,24651,-349,164,167,-364,18.4,339,386,39,249870
ABplppaap:130,ABplppaap,130,25248,248,725,717,241,18.2,347,392,37,260812
ABplppaap:131,ABplppaap,131,25064,64,239,252,55,18.1,346,392,39,274439
ABplppaap:132,ABplppaap,132,25787,787,1181,1166,771,18.1,342,396,37,278274
ABplppaap:133,ABplppaap,133,24941,-59,110,139,-95,19.0,343,388,39,273206
ABplppaap:134,ABplppaap,134,25495,495,825,861,487,19.1,346,382,41,301376
ABplppaap:135,ABplppaap,135,25536,536,702,714,515,19.0,347,388,41,310004
ABplppaap:136,ABplppaap,136,25272,272,215,210,261,18.3,344,386,41,298292
ABplppaap:137,ABplppaap,137,25026,26,-13,30,8,18.3,343,383,41,326221
ABplppaap:138,ABplppaap,138,26178,1178,1525,1554,1154,18.2,344,384,39,311953
ABplppaap:139,ABplppaap,139,26233,1233,918,1038,1194,18.3,336,388,41,355918
ABplppaap:140,ABplppaap,140,25620,620,282,421,557,18.3,338,389,41,347166
ABplppaap:141,ABplppaap,141,26251,1251,1040,1090,1086,19.2,338,388,41,347651
ABplppaap:142,ABplppaap,142,26047,1047,423,564,955,19.2,342,384,41,344970
ABplppaap:143,ABplppaap,143,25729,729,502,597,499,19.2,344,386,41,340804
ABplppaap:144,ABplppaap,144,25887,887,417,445,691,20.1,341,385,41,341216
ABplppaap:145,ABplppaap,145,27399,2399,1682,1726,2117,19.2,352,382,41,368978
ABplppap:88,ABplppap,88,23529,-1471,-546,-539,-1469,7.1,430,344,34,347104
ABplppap:89,ABplppap,89,24314,-686,155,225,-680,6.1,443,339,38,488361
ABplppap:90,ABplppap,90,23590,-1410,-789,-747,-1420,7.1,452,336,44,695169
ABplppap:91,ABplppap,91,24635,-365,542,547,-372,7.0,446,343,45,702040
ABplppap:92,ABplppap,92,24036,-964,157,161,-962,7.8,436,356,45,707678
ABplppap:93,ABplppap,93,23203,-1797,-970,-967,-1790,7.8,441,367,45,731071
ABplppap:94,ABplppap,94,24518,-482,422,449,-481,8.1,428,376,45,754428
ABplppap:95,ABplppap,95,24278,-722,119,86,-718,8.9,425,381,46,870019
ABplppap:96,ABplppap,96,23478,-1522,-658,-647,-1515,9.1,421,385,46,878979
ABplppap:97,ABplppap,97,24232,-768,-108,-67,-759,9.9,415,389,46,906481
ABplppap:98,ABplppap,98,24261,-739,107,128,-734,10.2,408,388,46,889577
ABplppap:99,ABplppap,99,23524,-1476,-985,-944,-1466,11.2,385,388,46,891058
ABplppap:100,ABplppap,100,24802,-198,50,57,-192,11.1,372,389,46,800552
ABplppap:101,ABplppap,101,24499,-501,-120,-156,-499,10.9,368,390,46,780631
ABplppap:102,ABplppap,102,25080,80,400,394,78,11.9,371,387,46,764701
ABplppap:103,ABplppap,103,24796,-204,22,84,-201,12.0,362,392,46,801132
ABplppap:104,ABplppap,104,24433,-567,-31,-31,-563,12.2,351,386,46,803209
ABplppap:105,ABplppap,105,25280,280,247,373,305,12.8,350,388,46,818028
ABplppap:106,ABplppap,106,25018,18,420,512,56,13.1,343,383,46,828226
ABplppap:107,ABplppap,107,24897,-103,149,190,-71,13.9,337,381,46,810178
ABplppap:108,ABplppap,108,25498,498,878,864,530,14.0,343,385,46,862210
ABplppap:109,ABplppap,109,25695,695,592,678,710,14.9,344,393,46,862638
ABplppap:110,ABplppap,110,25356,356,718,647,359,15.1,339,391,46,804203
ABplppap:111,ABplppap,111,24870,-130,376,354,-125,15.0,338,388,45,698350
ABplppap:112,ABplppap,112,24656,-344,-48,39,-342,14.9,345,386,44,681167
ABplppap:113,ABplppap,113,25092,92,657,673,105,14.3,359,382,43,616907
ABplppap:114,ABplppap,114,25048,48,-247,-249,48,14.9,368,388,40,575608
ABplppap:115,ABplppap,115,25439,439,526,526,420,14.1,366,385,35,321753
ABplppapa:116,ABplppapa,116,24811,-189,286,341,-253,14.2,363,389,41,358998
ABplppapa:117,ABplppapa,117,25140,140,34,-15,93,15.0,364,394,32,273281
ABplppapa:118,ABplppapa,118,24811,-189,51,19,-194,15.0,377,394,37,365827
ABplppapa:119,ABplppapa,119,25529,529,513,543,537,15.1,382,396,37,367548
ABplppapa:120,ABplppapa,120,25067,67,-43,15,72,14.9,374,394,37,320059
ABplppapa:121,ABplppapa,121,25497,497,588,597,471,14.5,374,400,39,305242
ABplppapa:122,ABplppapa,122,24399,-601,-764,-746,-580,15.2,383,400,39,326644
ABplppapa:123,ABplppapa,123,26394,1394,1580,1574,1411,16.1,381,400,39,349583
ABplppapa:124,ABplppapa,124,26120,1120,1492,1480,1046,16.2,374,401,39,338789
ABplppapa:125,ABplppapa,125,24749,-251,-172,-24,-264,17.1,373,388,37,284297
ABplppapa:126,ABplppapa,126,24635,-365,-137,-99,-364,16.2,383,381,39,293334
ABplppapa:127,ABplppapa,127,24189,-811,-991,-1072,-900,17.0,385,376,37,276202
ABplppapa:128,ABplppapa,128,25734,734,573,587,693,16.1,386,377,39,304823
ABplppapa:129,ABplppapa,129,25825,825,656,664,806,17.1,387,379,39,304009
ABplppapa:130,ABplppapa,130,25283,283,151,51,293,16.1,389,378,39,321809
ABplppapa:131,ABplppapa,131,25889,889,1011,997,899,15.8,390,376,37,302591
ABplppapa:132,ABplppapa,132,26591,1591,1454,1461,1486,15.9,385,378,37,320865
ABplppapa:133,ABplppapa,133,26532,1532,1317,1477,1496,16.0,381,378,39,359266
ABplppapa:134,ABplppapa,134,25160,160,126,319,-14,15.2,384,377,39,348005
ABplppapa:135,ABplppapa,135,26286,1286,1161,1142,1089,16.1,389,379,37,319808
ABplppapa:136,ABplppapa,136,25666,666,571,583,411,15.3,388,384,39,329992
ABplppapa:137,ABplppapa,137,25897,897,862,989,691,16.1,384,384,39,378176
ABplppapa:138,ABplppapa,138,26108,1108,950,972,1081,15.3,385,394,39,353976
ABplppapa:139,ABplppapa,139,26575,1575,1238,1231,1430,16.2,377,398,39,388348
ABplppapa:140,ABplppapa,140,26259,1259,843,887,1072,16.2,374,398,39,362412
ABplppapa:141,ABplppapa,141,27011,2011,1883,2053,1817,17.0,372,392,41,385477
ABplppapa:142,ABplppapa,142,26535,1535,1409,1737,1305,16.3,378,389,39,345731
ABplppapa:143,ABplppapa,143,26843,1843,1822,1882,1728,16.2,370,389,41,377417
ABplppapa:144,ABplppapa,144,26028,1028,660,772,932,17.1,363,389,41,362616
ABplppapa:145,ABplppapa,145,26419,1419,968,1176,1000,16.4,366,391,41,362123
ABplppapp:116,ABplppapp,116,25143,143,601,709,179,15.0,391,388,28,191965
ABplppapp:117,ABplppapp,117,24795,-205,-162,-118,-228,15.0,412,385,34,297104
ABplppapp:118,ABplppapp,118,25635,635,1005,1079,593,15.1,427,377,37,335981
ABplppapp:119,ABplppapp,119,24943,-57,104,125,-50,15.1,427,367,37,348752
ABplppapp:120,ABplppapp,120,26183,1183,1318,1243,1191,15.9,423,367,37,284621
ABplppapp:121,ABplppapp,121,25190,190,-34,22,158,16.2,424,370,41,313899
ABplppapp:122,ABplppapp,122,24640,-360,-742,-711,-396,16.2,427,367,39,289568
ABplppapp:123,ABplppapp,123,24265,-735,-684,-604,-757,16.4,429,373,39,276723
ABplppapp:124,ABplppapp,124,25506,506,437,552,409,17.1,427,369,41,308726
ABplppapp:125,ABplppapp,125,25085,85,-168,-214,58,17.1,426,364,39,273432
ABplppapp:126,ABplppapp,126,24782,-218,-444,-438,-139,17.2,434,361,37,242543
ABplppapp:127,ABplppapp,127,25320,320,146,240,269,18.0,433,354,37,222299
ABplppapp:128,ABplppapp,128,25724,724,106,81,685,17.2,433,354,39,244531
ABplppapp:129,ABplppapp,129,25339,339,184,174,362,17.9,435,356,37,234564
ABplppapp:130,ABplppapp,130,26931,1931,1697,1646,1880,17.0,439,357,37,261587
ABplppapp:131,ABplppapp,131,24890,-110,-394,-384,-128,17.1,440,357,41,299971
ABplppapp:132,ABplppapp,132,26026,1026,899,980,920,17.1,440,361,39,287984
ABplppapp:133,ABplppapp,133,25891,891,812,838,852,17.2,437,362,39,280696
ABplppapp:134,ABplppapp,134,25759,759,738,855,672,16.3,433,364,39,283492
ABplppapp:135,ABplppapp,135,24475,-525,-818,-799,-589,16.2,441,365,39,299686
ABplppapp:136,ABplppapp,136,25156,156,72,143,14,16.4,439,368,39,305206
ABplppapp:137,ABplppapp,137,25492,492,343,357,404,16.3,435,371,41,340412
ABplppapp:138,ABplppapp,138,25928,928,721,796,920,16.1,434,381,39,339915
ABplppapp:139,ABplppapp,139,25255,255,-389,-379,200,16.3,428,382,39,343744
ABplppapp:140,ABplppapp,140,25706,706,-31,18,410,16.1,428,389,39,357902
ABplppapp:141,ABplppapp,141,26308,1308,1012,1154,1236,16.1,428,389,39,357902
ABplppapp:142,ABplppapp,142,26882,1882,1611,1545,1628,16.9,427,395,37,350793
ABplppapp:143,ABplppapp,143,26339,1339,727,742,1214,16.2,427,391,39,342444
ABplppapp:144,ABplppapp,144,26140,1140,890,831,738,16.2,420,393,39,351882
ABplppapp:145,ABplppapp,145,26003,1003,672,791,617,16.2,420,393,39,351882
ABplppp:64,ABplppp,64,24924,-76,1214,1218,-73,8.1,456,338,37,381168
ABplppp:65,ABplppp,65,23997,-1003,-469,-469,-1003,7.1,459,336,41,487725
ABplppp:66,ABplppp,66,23211,-1789,-855,-855,-1789,7.1,470,334,48,839767
ABplppp:67,ABplppp,67,23761,-1239,-266,-266,-1239,7.9,471,338,52,1098685
ABplppp:68,ABplppp,68,23650,-1350,-104,-104,-1350,8.3,477,337,52,1132758
ABplppp:69,ABplppp,69,23727,-1273,131,131,-1273,8.8,475,340,52,1217756
ABplppp:70,ABplppp,70,23555,-1445,-252,-248,-1445,8.3,475,337,52,1250856
ABplppp:71,ABplppp,71,23476,-1524,-496,-496,-1524,8.3,474,367,52,1266315
ABplppp:72,ABplppp,72,23587,-1413,-569,-563,-1413,8.9,490,370,53,1344022
ABplppp:73,ABplppp,73,23544,-1456,-756,-720,-1456,8.9,474,375,53,1374727
ABplppp:74,ABplppp,74,23943,-1057,-355,-244,-1063,7.6,470,372,55,1526913
ABplppp:75,ABplppp,75,24020,-980,-232,-118,-982,7.7,473,367,54,1502453
ABplppp:76,ABplppp,76,23516,-1484,-717,-639,-1486,7.9,460,365,54,1552636
ABplppp:77,ABplppp,77,23697,-1303,-413,-380,-1303,8.2,449,372,54,1593277
ABplppp:78,ABplppp,78,23947,-1053,-278,-221,-1053,8.2,448,368,54,1604584
ABplppp:79,ABplppp,79,23384,-1616,-834,-783,-1616,8.2,450,364,54,1644166
ABplppp:80,ABplppp,80,23846,-1154,-347,-290,-1154,8.8,448,370,55,1495707
ABplppp:81,ABplppp,81,23489,-1511,-714,-707,-1511,8.8,450,370,55,1512909
ABplppp:82,ABplppp,82,24013,-987,-270,-261,-987,8.9,445,371,55,1512867
ABplppp:83,ABplppp,83,23389,-1611,-602,-585,-1611,9.8,452,370,54,1454414
ABplppp:84,ABplppp,84,23598,-1402,-319,-319,-1402,10.0,452,377,53,1082342
ABplppp:85,ABplppp,85,23489,-1511,-566,-566,-1511,11.1,447,376,50,905281
ABplpppa:86,ABplpppa,86,23122,-1878,-1010,-1010,-1874,10.2,432,389,34,294051
ABplpppa:87,ABplpppa,87,23977,-1023,-56,-69,-1020,11.1,442,393,38,443882
ABplpppa:88,ABplpppa,88,23806,-1194,-1131,-1160,-1189,11.9,453,394,44,667435
ABplpppa:89,ABplpppa,89,24832,-168,815,820,-158,11.0,453,392,44,690556
ABplpppa:90,ABplpppa,90,23605,-1395,-802,-852,-1379,11.0,460,393,44,717947
ABplpppa:91,ABplpppa,91,24292,-708,-105,-101,-691,11.9,456,395,45,701852
ABplpppa:92,ABplpppa,92,24073,-927,-114,-95,-908,12.9,435,396,45,725257
ABplpppa:93,ABplpppa,93,23571,-1429,-1094,-1144,-1397,13.1,433,400,45,737130
ABplpppa:94,ABplpppa,94,23644,-1356,-633,-654,-1345,14.9,428,401,45,722890
ABplpppa:95,ABplpppa,95,23875,-1125,-123,-141,-1106,15.9,425,399,46,824040
ABplpppa:96,ABplpppa,96,23587,-1413,-814,-821,-1311,15.2,420,398,46,833908
ABplpppa:97,ABplpppa,97,24203,-797,123,123,-745,16.1,412,400,46,846793
ABplpppa:98,ABplpppa,98,24185,-815,-143,-161,-790,17.1,413,399,46,835069
ABplpppa:99,ABplpppa,99,24593,-407,4,2,-359,16.8,407,399,46,847512
ABplpppa:100,ABplpppa,100,24794,-206,-103,-142,-197,15.8,392,405,46,774450
ABplpppa:101,ABplpppa,101,24823,-177,-139,-252,-153,14.9,396,407,46,810691
ABplpppa:102,ABplpppa,102,25088,88,193,242,84,15.1,398,402,46,808335
ABplpppa:103,ABplpppa,103,25092,92,233,132,97,15.9,396,397,46,779350
ABplpppa:104,ABplpppa,104,25979,979,1063,1094,998,16.1,383,394,46,754652
ABplpppa:105,ABplpppa,105,25095,95,266,283,86,16.9,382,397,46,751068
ABplpppa:106,ABplpppa,106,24612,-388,-346,-337,-389,16.1,377,403,46,784892
ABplpppa:107,ABplpppa,107,24868,-132,8,39,-130,17.1,364,407,46,754229
ABplpppa:108,ABplpppa,108,24868,-132,23,-35,-134,17.9,377,403,46,744812
ABplpppa:109,ABplpppa,109,25339,339,385,396,331,17.9,388,399,46,741069
ABplpppa:110,ABplpppa,110,25012,12,221,309,13,17.9,383,396,46,724730
ABplpppa:111,ABplpppa,111,24569,-431,192,153,-429,17.2,392,390,41,456344
ABplpppa:112,ABplpppa,112,25264,264,446,482,263,17.0,407,392,44,594277
ABplpppaa:113,ABplpppaa,113,25695,695,786,760,700,19.8,400,387,41,370632
ABplpppaa:114,ABplpppaa,114,24511,-489,-278,-283,-485,19.8,410,391,40,360510
ABplpppaa:115,ABplpppaa,115,25880,880,1240,1237,888,18.8,411,398,39,345413
ABplpppaa:116,ABplpppaa,116,24778,-222,164,132,-239,18.1,416,401,39,391885
ABplpppaa:117,ABplpppaa,117,25419,419,740,764,447,18.9,426,401,38,380048
ABplpppaa:118,ABplpppaa,118,25553,553,553,527,448,18.2,429,398,39,333438
ABplpppaa:119,ABplpppaa,119,25478,478,1006,1051,481,19.1,421,397,37,317666
ABplpppaa:120,ABplpppaa,120,25141,141,123,101,74,19.3,411,396,39,283799
ABplpppaa:121,ABplpppaa,121,25330,330,299,368,302,19.2,409,397,41,287627
ABplpppaa:122,ABplpppaa,122,25711,711,901,1019,722,20.3,409,388,41,289214
ABplpppaa:123,ABplpppaa,123,25334,334,423,362,258,20.2,405,388,41,274536
ABplpppaa:124,ABplpppaa,124,25606,606,686,758,539,21.2,406,389,41,303547
ABplpppaa:125,ABplpppaa,125,25824,824,601,588,831,20.3,408,392,41,286038
ABplpppaa:126,ABplpppaa,126,25044,44,-65,-40,64,21.0,410,388,41,293318
ABplpppaa:127,ABplpppaa,127,26437,1437,1131,1150,1503,21.1,408,387,37,271818
ABplpppaa:128,ABplpppaa,128,25773,773,424,401,701,20.2,405,391,41,318898
ABplpppaa:129,ABplpppaa,129,25380,380,379,490,323,20.1,414,394,39,302682
ABplpppaa:130,ABplpppaa,130,24729,-271,-335,-176,-317,19.2,416,396,41,349350
ABplpppaa:131,ABplpppaa,131,25775,775,713,708,736,20.0,414,394,41,317678
ABplpppaa:132,ABplpppaa,132,26108,1108,1025,1094,936,19.1,407,393,41,324267
ABplpppaa:133,ABplpppaa,133,25223,223,482,494,48,19.1,399,397,41,338230
ABplpppaa:134,ABplpppaa,134,25757,757,735,745,739,18.2,399,395,41,334671
ABplpppaa:135,ABplpppaa,135,26228,1228,1126,1247,1045,19.2,406,394,41,345422
ABplpppaa:136,ABplpppaa,136,26303,1303,852,926,1185,19.2,406,396,41,357913
ABplpppaa:137,ABplpppaa,137,25838,838,587,725,648,19.2,399,393,41,360555
ABplpppaa:138,ABplpppaa,138,25330,330,200,347,42,19.1,399,396,41,376001
ABplpppaa:139,ABplpppaa,139,25659,659,232,259,326,20.1,386,391,41,357815
ABplpppaa:140,ABplpppaa,140,25371,371,-460,-341,-96,20.0,394,389,41,358481
ABplpppaa:141,ABplpppaa,141,26746,1746,1356,1505,1448,20.1,398,386,41,348642
ABplpppaa:142,ABplpppaa,142,26498,1498,939,1071,1210,20.0,397,385,41,359264
ABplpppaa:143,ABplpppaa,143,25801,801,77,182,716,20.1,403,386,41,348745
ABplpppaa:144,ABplpppaa,144,25715,715,340,408,489,20.0,411,390,41,364721
ABplpppaa:145,ABplpppaa,145,26455,1455,1105,1240,1106,19.0,418,388,41,335727
ABplpppap:113,ABplpppap,113,24457,-543,-309,-313,-550,16.2,441,388,35,283213
ABplpppap:114,ABplpppap,114,24609,-391,-287,-294,-384,15.9,447,387,40,414590
ABplpppap:115,ABplpppap,115,25062,62,161,149,76,15.1,455,383,39,401507
ABplpppap:116,ABplpppap,116,25270,270,1035,1035,243,14.9,467,378,39,420106
ABplpppap:117,ABplpppap,117,23928,-1072,-785,-794,-1119,15.0,475,377,38,431461
ABplpppap:118,ABplpppap,118,25884,884,1437,1522,919,15.1,486,378,37,400204
ABplpppap:119,ABplpppap,119,25900,900,1055,1038,982,15.9,484,382,37,425791
ABplpppap:120,ABplpppap,120,25014,14,191,156,115,16.0,478,381,37,366068
ABplpppap:121,ABplpppap,121,25579,579,807,787,765,16.0,474,377,37,352863
ABplpppap:122,ABplpppap,122,24888,-112,-153,-91,-112,16.1,478,380,37,356826
ABplpppap:123,ABplpppap,123,25552,552,439,382,426,17.1,477,380,37,339981
ABplpppap:124,ABplpppap,124,25126,126,164,55,422,17.2,475,383,37,347985
ABplpppap:125,ABplpppap,125,25231,231,302,350,254,18.0,474,383,39,369724
ABplpppap:126,ABplpppap,126,25460,460,521,468,343,17.2,476,383,39,364590
ABplpppap:127,ABplpppap,127,25456,456,402,392,489,18.9,470,377,37,308718
ABplpppap:128,ABplpppap,128,26255,1255,1253,1180,1268,18.1,472,372,39,329285
ABplpppap:129,ABplpppap,129,24672,-328,-67,-27,-454,18.2,479,371,39,328273
ABplpppap:130,ABplpppap,130,26496,1496,1106,1098,1560,19.1,482,370,39,363936
ABplpppap:131,ABplpppap,131,25189,189,108,42,200,19.0,477,368,39,343771
ABplpppap:132,ABplpppap,132,26149,1149,1169,1285,975,20.1,461,367,41,372677
ABplpppap:133,ABplpppap,133,25514,514,258,151,395,20.0,458,370,41,367613
ABplpppap:134,ABplpppap,134,26230,1230,865,798,1132,20.0,456,370,41,362230
ABplpppap:135,ABplpppap,135,25711,711,-14,58,742,20.3,462,372,39,288279
ABplpppap:136,ABplpppap,136,26118,1118,598,521,1104,20.1,461,370,39,315594
ABplpppap:137,ABplpppap,137,26836,1836,1276,1331,1775,20.1,455,375,41,343960
ABplpppap:138,ABplpppap,138,25485,485,18,47,374,20.1,456,373,41,296258
ABplpppap:139,ABplpppap,139,27138,2138,1614,1619,2125,20.2,452,369,41,285490
ABplpppap:140,ABplpppap,140,25676,676,209,195,631,21.1,454,368,41,287128
ABplpppap:141,ABplpppap,141,26154,1154,767,781,1118,21.1,456,374,41,308323
ABplpppap:142,ABplpppap,142,26381,1381,559,585,1316,21.1,456,373,41,302850
ABplpppap:143,ABplpppap,143,26021,1021,355,305,984,21.0,465,370,41,301572
ABplpppap:144,ABplpppap,144,25682,682,101,108,694,21.1,467,365,41,299169
ABplpppap:145,ABplpppap,145,26628,1628,291,379,1260,20.0,476,371,26,107774
ABplpppp:86,ABplpppp,86,24834,-166,1002,1002,-159,11.2,483,376,34,307011
ABplpppp:87,ABplpppp,87,24583,-417,360,361,-413,11.3,494,372,38,411993
ABplpppp:88,ABplpppp,88,23994,-1006,-163,-208,-1003,11.9,503,368,44,652840
ABplpppp:89,ABplpppp,89,24244,-756,98,111,-755,11.1,509,360,44,686579
ABplpppp:90,ABplpppp,90,23755,-1245,-177,-164,-1236,11.1,515,350,44,677957
ABplpppp:91,ABplpppp,91,24050,-950,121,88,-944,11.1,503,352,45,694570
ABplpppp:92,ABplpppp,92,23989,-1011,230,225,-1006,12.0,490,363,45,699491
ABplpppp:93,ABplpppp,93,23390,-1610,-795,-805,-1601,13.1,485,369,45,694693
ABplpppp:94,ABplpppp,94,23708,-1292,-457,-427,-1290,13.9,478,372,45,668990
ABplpppp:95,ABplpppp,95,23890,-1110,-380,-330,-1101,13.0,474,376,46,838743
ABplpppp:96,ABplpppp,96,24128,-872,129,122,-856,13.0,467,383,46,851785
ABplpppp:97,ABplpppp,97,23797,-1203,-273,-303,-1197,13.0,464,383,46,868019
ABplpppp:98,ABplpppp,98,24841,-159,656,663,-158,13.1,468,389,46,892766
ABplpppp:99,ABplpppp,99,24137,-863,-210,-211,-862,13.8,461,389,46,886658
ABplpppp:100,ABplpppp,100,24546,-454,-276,-259,-454,14.0,448,390,46,749284
ABplpppp:101,ABplpppp,101,24737,-263,-286,-268,-263,14.1,459,391,46,778562
ABplpppp:102,ABplpppp,102,25278,278,432,432,279,13.9,471,391,46,790985
ABplpppp:103,ABplpppp,103,24324,-676,-665,-668,-674,14.0,465,394,46,796877
ABplpppp:104,ABplpppp,104,24456,-544,-271,-241,-543,15.0,448,396,46,754974
ABplpppp:105,ABplpppp,105,24527,-473,-136,-159,-456,15.9,450,393,46,729303
ABplpppp:106,ABplpppp,106,25026,26,14,18,26,15.9,455,398,46,769727
ABplpppp:107,ABplpppp,107,24838,-162,-159,-134,-161,16.1,446,398,46,741409
ABplpppp:108,ABplpppp,108,25087,87,148,187,86,17.1,445,388,46,707621
ABplpppp:109,ABplpppp,109,25022,22,-242,-254,10,19.0,456,382,46,679208
ABplpppp:110,ABplpppp,110,24518,-482,-712,-723,-484,20.0,444,383,46,635225
ABplpppp:111,ABplpppp,111,25284,284,195,195,279,20.9,445,378,45,533724
ABplpppp:112,ABplpppp,112,24788,-212,-378,-381,-219,21.0,453,372,44,527120
ABplpppp:113,ABplpppp,113,25297,297,251,251,301,21.0,470,365,41,431788
ABplpppp:114,ABplpppp,114,25331,331,168,167,330,20.0,477,358,40,406051
ABplppppa:115,ABplppppa,115,24561,-439,-499,-475,-474,19.1,447,373,39,301376
ABplppppa:116,ABplppppa,116,25230,230,126,64,225,20.9,445,364,39,271866
ABplppppa:117,ABplppppa,117,25110,110,321,272,108,21.1,440,355,38,249261
ABplppppa:118,ABplppppa,118,24791,-209,-140,-178,-226,21.1,450,356,37,245100
ABplppppa:119,ABplppppa,119,24395,-605,-391,-438,-608,20.2,443,356,41,266404
ABplppppa:120,ABplppppa,120,24872,-128,82,174,-254,20.2,440,357,39,245874
ABplppppa:121,ABplppppa,121,25727,727,459,616,691,21.1,432,361,41,239108
ABplppppa:122,ABplppppa,122,26170,1170,1052,1080,1176,22.0,436,357,41,233665
ABplppppa:123,ABplppppa,123,25414,414,2,-4,475,21.0,429,353,41,233027
ABplppppa:124,ABplppppa,124,26800,1800,1668,1716,1736,21.1,428,349,41,235016
ABplppppa:125,ABplppppa,125,25055,55,27,36,35,21.0,426,349,41,239824
ABplppppa:126,ABplppppa,126,23946,-1054,-1494,-1401,-1033,21.1,436,346,41,230378
ABplppppa:127,ABplppppa,127,25279,279,159,42,150,21.1,431,343,41,230586
ABplppppa:128,ABplppppa,128,25261,261,275,369,65,21.1,433,346,41,239753
ABplppppa:129,ABplppppa,129,24894,-106,-407,-382,-209,22.0,427,351,41,242235
ABplppppa:130,ABplppppa,130,25787,787,555,525,465,21.2,424,354,41,240781
ABplppppa:131,ABplppppa,131,25087,87,-322,-388,79,21.1,422,353,41,247948
ABplppppa:132,ABplppppa,132,25406,406,377,543,250,21.1,410,358,41,244752
ABplppppa:133,ABplppppa,133,25234,234,-97,19,161,21.1,408,359,41,254880
ABplppppa:134,ABplppppa,134,25511,511,228,456,449,21.1,406,358,41,279485
ABplppppa:135,ABplppppa,135,25694,694,23,139,610,20.2,408,354,41,226322
ABplppppa:136,ABplppppa,136,26641,1641,1877,1909,1543,20.2,405,359,26,71009
ABplppppa:137,ABplppppa,137,25854,854,294,381,803,21.1,404,354,41,274852
ABplppppa:138,ABplppppa,138,26382,1382,850,1010,1353,22.0,397,360,41,271835
ABplppppa:139,ABplppppa,139,24488,-512,-1068,-1128,-573,22.0,394,362,26,81538
ABplppppa:140,ABplppppa,140,27940,2940,2238,2245,2934,22.0,397,363,26,78326
ABplppppa:141,ABplppppa,141,25657,657,-138,0,396,22.1,400,360,41,266241
ABplppppa:142,ABplppppa,142,26181,1181,-350,-386,1081,23.0,407,356,26,74494
ABplppppa:143,ABplppppa,143,24499,-501,-1202,-1151,-612,21.1,410,358,26,66541
ABplppppa:144,ABplppppa,144,26502,1502,720,730,1474,23.0,408,356,41,243241
ABplppppa:145,ABplppppa,145,25435,435,-636,-678,319,22.1,408,362,26,84513
ABplppppp:115,ABplppppp,115,25255,255,457,450,264,20.0,501,353,39,326293
ABplppppp:116,ABplppppp,116,24972,-28,476,475,-26,20.1,508,351,39,315224
ABplppppp:117,ABplppppp,117,24850,-150,116,114,-148,21.1,502,351,38,307365
ABplppppp:118,ABplppppp,118,24534,-466,-438,-438,-466,23.0,503,340,37,231029
ABplppppp:119,ABplppppp,119,24505,-495,-866,-856,-497,21.2,504,343,39,259600
ABplppppp:120,ABplppppp,120,24987,-13,131,126,-16,21.2,496,349,41,226741
ABplppppp:121,ABplppppp,121,25172,172,506,536,161,22.1,493,352,41,220396
ABplppppp:122,ABplppppp,122,25143,143,19,51,143,23.0,500,344,41,220101
ABplppppp:123,ABplppppp,123,25104,104,4,35,96,23.1,502,344,41,230558
ABplppppp:124,ABplppppp,124,24525,-475,-904,-907,-489,22.2,490,349,41,229702
ABplppppp:125,ABplppppp,125,26375,1375,1404,1406,1374,22.1,483,343,41,225152
ABplppppp:126,ABplppppp,126,25431,431,360,344,429,23.0,491,340,41,232440
ABplppppp:127,ABplppppp,127,25136,136,431,443,129,22.1,488,340,41,205163
ABplppppp:128,ABplppppp,128,25564,564,710,710,555,23.0,486,334,41,221700
ABplppppp:129,ABplppppp,129,25487,487,408,361,479,23.0,477,336,39,199662
ABplppppp:130,ABplppppp,130,24425,-575,-766,-738,-629,23.2,468,334,41,215245
ABplppppp:131,ABplppppp,131,25403,403,-265,-281,391,24.0,458,326,41,192223
ABplppppp:132,ABplppppp,132,26091,1091,841,826,1084,24.1,448,320,41,178806
ABplppppp:133,ABplppppp,133,25432,432,-48,-62,438,24.0,446,326,37,150679
ABplppppp:134,ABplppppp,134,25363,363,-100,-77,357,24.1,444,326,37,154975
ABplppppp:135,ABplppppp,135,24763,-237,-819,-816,-251,24.1,441,325,37,159074
ABplppppp:136,ABplppppp,136,25841,841,-12,-42,828,24.1,445,326,41,200836
ABplppppp:137,ABplppppp,137,26071,1071,374,368,1080,24.0,446,325,37,174008
ABplppppp:138,ABplppppp,138,26589,1589,1012,1099,1552,24.1,443,327,41,213828
ABplppppp:139,ABplppppp,139,25769,769,273,289,695,23.2,443,331,41,205223
ABplppppp:140,ABplppppp,140,27200,2200,1152,1132,2060,24.0,440,326,37,163415
ABplppppp:141,ABplppppp,141,26207,1207,183,173,1216,24.0,446,317,41,207756
ABplppppp:142,ABplppppp,142,26191,1191,72,170,749,24.1,446,320,41,208732
ABplppppp:143,ABplppppp,143,25420,420,-662,-627,69,24.1,446,314,37,153713
ABplppppp:144,ABplppppp,144,24940,-60,-639,-626,-226,24.1,446,314,37,153713
ABplppppp:145,ABplppppp,145,27643,2643,1206,1335,2080,24.1,454,316,37,161798
ABpr:17,ABpr,17,23627,-1373,-34,-3,-1373,15.5,387,139,71,1015783
ABpr:18,ABpr,18,23819,-1181,225,225,-1181,16.7,436,130,70,1487066
ABpr:19,ABpr,19,23756,-1244,68,68,-1244,18.1,442,142,71,1822671
ABpr:20,ABpr,20,23725,-1275,-207,-207,-1275,18.9,445,116,69,2126675
ABpr:21,ABpr,21,23943,-1057,68,68,-1057,19.9,428,123,70,2293617
ABpr:22,ABpr,22,23768,-1232,-78,-78,-1232,19.7,427,144,70,1869400
ABpr:23,ABpr,23,23735,-1265,-63,-63,-1265,21.1,437,177,72,1728411
ABpr:24,ABpr,24,23620,-1380,-152,-152,-1380,21.1,444,169,76,1964423
ABpr:25,ABpr,25,23529,-1471,-259,-259,-1471,21.2,444,144,77,2067012
ABpr:26,ABpr,26,23664,-1336,-214,-214,-1336,20.3,436,134,74,2079767
ABpr:27,ABpr,27,23259,-1741,-609,-609,-1741,19.1,444,125,71,1960244
ABpr:28,ABpr,28,23496,-1504,-167,-167,-1504,16.8,442,144,71,1575653
ABpra:29,ABpra,29,23598,-1402,-191,-217,-1382,15.2,437,127,54,751296
ABpra:30,ABpra,30,23173,-1827,-811,-812,-1827,19.1,421,134,58,635847
ABpra:31,ABpra,31,23739,-1261,-119,-119,-1261,19.9,429,122,61,843402
ABpra:32,ABpra,32,23514,-1486,-317,-317,-1486,20.7,423,106,62,1013498
ABpra:33,ABpra,33,24025,-975,-171,-171,-975,19.9,406,88,63,1268831
ABpra:34,ABpra,34,23577,-1423,-408,-408,-1423,18.8,392,84,65,1507967
ABpra:35,ABpra,35,23592,-1408,-619,-619,-1408,18.7,384,87,65,1511426
ABpra:36,ABpra,36,23917,-1083,-113,-113,-1083,18.7,379,83,65,1558545
ABpra:37,ABpra,37,23631,-1369,-346,-346,-1369,18.0,387,86,67,1652298
ABpra:38,ABpra,38,23689,-1311,-312,-312,-1311,18.2,389,95,68,1647122
ABpra:39,ABpra,39,23554,-1446,-526,-526,-1446,19.3,388,95,67,1390807
ABpra:40,ABpra,40,23338,-1662,-624,-624,-1662,19.3,407,108,71,1590018
ABpra:41,ABpra,41,23689,-1311,-243,-243,-1311,19.9,423,111,67,1428424
ABpra:42,ABpra,42,23215,-1785,-570,-570,-1785,19.8,432,128,66,1158648
ABpra:43,ABpra,43,23260,-1740,-161,-161,-1740,18.2,433,134,58,946339
ABpraa:44,ABpraa,44,24041,-959,411,411,-959,19.2,398,111,47,434012
ABpraa:45,ABpraa,45,23585,-1415,-457,-458,-1415,19.0,407,103,56,750500
ABpraa:46,ABpraa,46,23747,-1253,-480,-480,-1253,18.1,403,95,55,777171
ABpraa:47,ABpraa,47,24139,-861,-42,-42,-861,18.0,406,82,56,1002682
ABpraa:48,ABpraa,48,23816,-1184,23,23,-1184,19.6,396,84,57,977396
ABpraa:49,ABpraa,49,23555,-1445,-279,-279,-1445,18.9,379,83,58,1135660
ABpraa:50,ABpraa,50,23077,-1923,-1089,-1089,-1923,19.0,370,85,59,1154340
ABpraa:51,ABpraa,51,23541,-1459,-749,-748,-1459,19.7,372,91,60,1233004
ABpraa:52,ABpraa,52,23681,-1319,-315,-315,-1319,18.4,363,87,62,1317126
ABpraa:53,ABpraa,53,23640,-1360,-252,-252,-1360,19.0,358,88,60,1009179
ABpraa:54,ABpraa,54,23599,-1401,-289,-289,-1401,19.7,357,93,60,1001535
ABpraa:55,ABpraa,55,23591,-1409,-211,-211,-1409,18.9,356,92,60,1066402
ABpraa:56,ABpraa,56,23554,-1446,-401,-401,-1446,19.9,364,100,60,1020455
ABpraa:57,ABpraa,57,23353,-1647,-491,-491,-1647,18.8,367,87,61,1213802
ABpraa:58,ABpraa,58,23415,-1585,-399,-399,-1585,18.6,370,84,61,1277727
ABpraa:59,ABpraa,59,23335,-1665,-583,-583,-1665,18.7,372,92,61,1204683
ABpraa:60,ABpraa,60,23684,-1316,-365,-365,-1316,17.8,372,88,61,1366904
ABpraa:61,ABpraa,61,23316,-1684,-711,-711,-1684,16.9,376,93,60,1137630
ABpraa:62,ABpraa,62,23475,-1525,-387,-387,-1525,17.7,371,105,59,940431
ABpraaa:63,ABpraaa,63,22822,-2178,-1145,-1199,-2175,16.1,332,76,50,611911
ABpraaa:64,ABpraaa,64,23941,-1059,-168,-199,-1059,15.2,308,75,55,853937
ABpraaa:65,ABpraaa,65,24064,-936,210,202,-936,14.8,294,81,53,934302
ABpraaa:66,ABpraaa,66,23543,-1457,-527,-527,-1457,13.1,291,75,52,1033706
ABpraaa:67,ABpraaa,67,23559,-1441,-123,-123,-1441,12.7,276,77,52,1122302
ABpraaa:68,ABpraaa,68,23254,-1746,-808,-808,-1746,13.7,277,75,52,1164186
ABpraaa:69,ABpraaa,69,24026,-974,357,357,-973,13.2,279,74,52,1208897
ABpraaa:70,ABpraaa,70,23662,-1338,-461,-458,-1338,13.1,281,73,52,1272420
ABpraaa:71,ABpraaa,71,23307,-1693,-541,-536,-1692,13.1,287,73,52,1297343
ABpraaa:72,ABpraaa,72,23641,-1359,-478,-478,-1359,12.8,285,75,53,1299620
ABpraaa:73,ABpraaa,73,24191,-809,261,260,-809,12.2,295,77,53,1333687
ABpraaa:74,ABpraaa,74,23695,-1305,-239,-234,-1304,12.0,285,78,53,1398008
ABpraaa:75,ABpraaa,75,23228,-1772,-701,-702,-1772,12.8,285,76,54,1538619
ABpraaa:76,ABpraaa,76,23728,-1272,-181,-182,-1272,12.3,292,78,54,1532751
ABpraaa:77,ABpraaa,77,23306,-1694,-706,-706,-1694,12.3,288,75,56,1744577
ABpraaa:78,ABpraaa,78,24188,-812,96,96,-812,12.8,285,74,54,1613143
ABpraaa:79,ABpraaa,79,23261,-1739,-831,-840,-1739,12.1,287,76,56,1800252
ABpraaa:80,ABpraaa,80,23908,-1092,44,33,-1092,11.7,287,79,55,1440198
ABpraaa:81,ABpraaa,81,23492,-1508,-542,-544,-1508,12.1,291,76,55,1457223
ABpraaa:82,ABpraaa,82,23698,-1302,-414,-415,-1302,12.7,297,77,55,1472793
ABpraaa:83,ABpraaa,83,23311,-1689,-800,-795,-1689,12.9,303,81,54,1469450
ABpraaa:84,ABpraaa,84,23883,-1117,83,91,-1117,13.1,315,84,53,1284862
ABpraaa:85,ABpraaa,85,22955,-2045,-1053,-1046,-2044,13.3,310,85,52,1061860
ABpraaaa:86,ABpraaaa,86,23192,-1808,-896,-976,-1769,16.1,291,77,48,662142
ABpraaaa:87,ABpraaaa,87,24202,-798,-216,-235,-790,17.8,281,76,46,564625
ABpraaaa:88,ABpraaaa,88,24610,-390,375,375,-380,16.1,268,72,42,567438
ABpraaaa:89,ABpraaaa,89,23987,-1013,191,191,-1000,16.2,256,77,44,606378
ABpraaaa:90,ABpraaaa,90,24047,-953,-124,-122,-952,16.2,251,84,44,638830
ABpraaaa:91,ABpraaaa,91,24086,-914,97,119,-914,16.1,248,86,45,640110
ABpraaaa:92,ABpraaaa,92,22997,-2003,-1022,-1023,-2002,16.0,249,81,45,669122
ABpraaaa:93,ABpraaaa,93,24299,-701,392,395,-696,16.9,259,85,45,639723
ABpraaaa:94,ABpraaaa,94,24182,-818,-114,-124,-816,17.0,261,79,45,680514
ABpraaaa:95,ABpraaaa,95,23779,-1221,-295,-300,-1215,16.9,266,79,46,785606
ABpraaaa:96,ABpraaaa,96,23813,-1187,-479,-528,-1183,17.1,266,77,46,789293
ABpraaaa:97,ABpraaaa,97,24392,-608,343,316,-605,16.0,276,73,46,833045
ABpraaaa:98,ABpraaaa,98,23575,-1425,-607,-610,-1422,15.1,275,73,46,869631
ABpraaaa:99,ABpraaaa,99,24328,-672,505,538,-666,14.8,281,69,46,891939
ABpraaaa:100,ABpraaaa,100,25284,284,764,755,287,12.8,281,68,46,806969
ABpraaaa:101,ABpraaaa,101,24555,-445,-139,-120,-445,12.9,279,70,46,833556
ABpraaaa:102,ABpraaaa,102,24326,-674,-405,-414,-674,12.9,275,75,46,850893
ABpraaaa:103,ABpraaaa,103,24827,-173,107,126,-172,12.1,267,81,46,845529
ABpraaaa:104,ABpraaaa,104,24562,-438,119,122,-439,12.8,271,88,46,827622
ABpraaaa:105,ABpraaaa,105,24563,-437,42,142,-428,12.9,267,85,46,863103
ABpraaaa:106,ABpraaaa,106,24205,-795,-348,-404,-790,13.0,266,83,46,882276
ABpraaaa:107,ABpraaaa,107,24748,-252,70,131,-254,13.0,274,74,46,891631
ABpraaaa:108,ABpraaaa,108,24729,-271,176,221,-275,13.2,272,74,46,865404
ABpraaaa:109,ABpraaaa,109,24328,-672,-170,-158,-669,12.9,268,75,46,871048
ABpraaaa:110,ABpraaaa,110,24582,-418,-120,-143,-418,13.9,265,74,46,871716
ABpraaaa:111,ABpraaaa,111,24919,-81,389,398,-80,14.0,257,74,45,771502
ABpraaaa:112,ABpraaaa,112,24574,-426,41,35,-436,13.9,246,86,44,730813
ABpraaaa:113,ABpraaaa,113,24113,-887,-270,-239,-909,14.3,233,89,45,695714
ABpraaaa:114,ABpraaaa,114,24733,-267,267,258,-350,14.2,242,100,44,673324
ABpraaaa:115,ABpraaaa,115,24502,-498,-192,-150,-410,13.2,253,93,43,639707
ABpraaaa:116,ABpraaaa,116,25128,128,696,734,34,13.2,253,97,43,590578
ABpraaaaa:117,ABpraaaaa,117,24734,-266,197,194,-151,15.1,243,116,38,383845
ABpraaaaa:118,ABpraaaaa,118,24905,-95,698,781,-41,16.0,229,117,37,343950
ABpraaaaa:119,ABpraaaaa,119,25280,280,968,940,306,14.9,224,115,37,354282
ABpraaaaa:120,ABpraaaaa,120,24683,-317,8,-1,-323,14.1,214,112,37,304520
ABpraaaaa:121,ABpraaaaa,121,23787,-1213,-308,-276,-1203,14.1,210,105,39,339341
ABpraaaaa:122,ABpraaaaa,122,25448,448,1233,1239,449,14.3,207,97,37,326193
ABpraaaaa:123,ABpraaaaa,123,24264,-736,110,120,-745,13.8,194,96,37,344611
ABpraaaaa:124,ABpraaaaa,124,24922,-78,788,788,-58,14.8,186,112,37,317972
ABpraaaaa:125,ABpraaaaa,125,24526,-474,128,124,-475,14.8,188,112,37,354418
ABpraaaaa:126,ABpraaaaa,126,24092,-908,-275,-285,-911,14.9,180,112,37,343658
ABpraaaaa:127,ABpraaaaa,127,25371,371,896,985,370,14.0,183,112,37,369780
ABpraaaaa:128,ABpraaaaa,128,25048,48,652,637,37,13.9,183,107,37,388164
ABpraaaaa:129,ABpraaaaa,129,25151,151,590,576,170,13.8,188,107,37,383021
ABpraaaaa:130,ABpraaaaa,130,25986,986,1892,1887,951,13.9,187,105,37,396351
ABpraaaaa:131,ABpraaaaa,131,24516,-484,28,52,-461,14.8,179,101,37,391005
ABpraaaaa:132,ABpraaaaa,132,24245,-755,-540,-493,-770,15.0,184,91,37,408047
ABpraaaaa:133,ABpraaaaa,133,24530,-470,-409,-407,-530,14.8,176,92,37,401102
ABpraaaaa:134,ABpraaaaa,134,24990,-10,-35,27,-58,14.0,175,88,37,436722
ABpraaaaa:135,ABpraaaaa,135,24562,-438,-137,-36,-465,13.9,168,90,37,436894
ABpraaaaa:136,ABpraaaaa,136,25397,397,565,519,386,13.2,166,90,39,469398
ABpraaaaa:137,ABpraaaaa,137,26476,1476,2034,2157,1481,13.8,164,91,37,435881
ABpraaaaa:138,ABpraaaaa,138,25352,352,783,885,313,14.8,165,90,37,424681
ABpraaaaa:139,ABpraaaaa,139,25238,238,136,301,114,14.3,175,87,39,444221
ABpraaaaa:140,ABpraaaaa,140,25157,157,349,386,63,14.2,182,87,39,467608
ABpraaaaa:141,ABpraaaaa,141,24801,-199,-28,221,-383,14.2,175,91,39,454710
ABpraaaaa:142,ABpraaaaa,142,24804,-196,-604,-305,-406,15.0,164,97,37,416467
ABpraaaaa:143,ABpraaaaa,143,25459,459,456,695,276,14.3,166,97,41,467225
ABpraaaaa:144,ABpraaaaa,144,25483,483,423,481,463,15.0,164,95,39,472166
ABpraaaaa:145,ABpraaaaa,145,25620,620,663,689,505,15.1,165,97,39,476567
ABpraaaap:117,ABpraaaap,117,24143,-857,-327,-374,-822,12.0,261,98,36,388471
ABpraaaap:118,ABpraaaap,118,24790,-210,441,441,-200,11.9,259,94,37,403290
ABpraaaap:119,ABpraaaap,119,24117,-883,-194,-194,-880,11.7,267,99,37,413437
ABpraaaap:120,ABpraaaap,120,24728,-272,-1,-2,-281,11.1,263,98,37,371096
ABpraaaap:121,ABpraaaap,121,25074,74,623,620,103,10.9,252,97,37,397130
ABpraaaap:122,ABpraaaap,122,25809,809,1210,1210,845,11.2,252,98,39,428858
ABpraaaap:123,ABpraaaap,123,25688,688,933,969,673,11.3,243,83,39,442216
ABpraaaap:124,ABpraaaap,124,24700,-300,-364,-406,-321,12.0,228,85,37,402457
ABpraaaap:125,ABpraaaap,125,24407,-593,-429,-471,-587,12.1,223,78,39,448415
ABpraaaap:126,ABpraaaap,126,25017,17,369,385,32,12.5,213,81,39,400583
ABpraaaap:127,ABpraaaap,127,25323,323,376,342,358,12.1,209,82,39,443059
ABpraaaap:128,ABpraaaap,128,24910,-90,-25,-74,-119,11.9,215,81,37,422903
ABpraaaap:129,ABpraaaap,129,24869,-131,314,275,-127,11.1,218,79,37,438344
ABpraaaap:130,ABpraaaap,130,25149,149,110,176,117,11.5,221,78,39,416408
ABpraaaap:131,ABpraaaap,131,24811,-189,-467,-495,-177,13.0,215,80,39,472074
ABpraaaap:132,ABpraaaap,132,24742,-258,-373,-394,-258,12.4,220,77,39,436156
ABpraaaap:133,ABpraaaap,133,25113,113,352,487,81,13.0,214,82,37,420311
ABpraaaap:134,ABpraaaap,134,25542,542,597,481,555,13.1,209,82,37,427612
ABpraaaap:135,ABpraaaap,135,25401,401,291,267,394,12.5,207,85,39,457320
ABpraaaap:136,ABpraaaap,136,25340,340,433,405,320,13.0,206,86,37,415899
ABpraaaap:137,ABpraaaap,137,25044,44,255,194,36,14.0,205,88,39,455621
ABpraaaap:138,ABpraaaap,138,25044,44,-158,-51,-74,13.4,204,83,39,401556
ABpraaaap:139,ABpraaaap,139,25811,811,735,761,796,13.9,214,79,37,416870
ABpraaaap:140,ABpraaaap,140,25159,159,391,337,119,13.4,219,79,39,437963
ABpraaaap:141,ABpraaaap,141,24869,-131,-190,-148,-161,14.4,212,79,39,409941
ABpraaaap:142,ABpraaaap,142,26258,1258,1087,1229,1189,15.3,197,85,39,433436
ABpraaaap:143,ABpraaaap,143,25274,274,-10,-53,160,15.3,199,86,41,457695
ABpraaaap:144,ABpraaaap,144,25261,261,143,255,232,16.0,199,83,39,449704
ABpraaaap:145,ABpraaaap,145,25040,40,-18,-44,-61,16.2,196,84,39,461740
ABpraaap:86,ABpraaap,86,23623,-1377,-60,-113,-1326,12.2,313,95,48,606697
ABpraaap:87,ABpraaap,87,23868,-1132,-92,-93,-1129,11.4,312,90,44,508098
ABpraaap:88,ABpraaap,88,23666,-1334,-602,-626,-1328,11.9,324,85,44,628624
ABpraaap:89,ABpraaap,89,24259,-741,447,503,-735,12.2,317,85,44,649573
ABpraaap:90,ABpraaap,90,24406,-594,600,515,-576,11.9,315,90,44,678681
ABpraaap:91,ABpraaap,91,23969,-1031,-121,-195,-1009,11.8,310,88,45,675890
ABpraaap:92,ABpraaap,92,23473,-1527,-692,-713,-1518,11.1,310,86,45,710695
ABpraaap:93,ABpraaap,93,23499,-1501,-217,-290,-1498,11.1,310,85,45,711694
ABpraaap:94,ABpraaap,94,23195,-1805,-880,-904,-1803,10.3,314,80,47,858204
ABpraaap:95,ABpraaap,95,23444,-1556,-705,-726,-1535,10.8,323,77,46,921819
ABpraaap:96,ABpraaap,96,23496,-1504,-851,-880,-1484,11.0,326,77,46,959259
ABpraaap:97,ABpraaap,97,23337,-1663,-896,-958,-1624,10.6,337,75,48,1110943
ABpraaap:98,ABpraaap,98,23347,-1653,-722,-785,-1629,10.5,333,75,48,1028237
ABpraaap:99,ABpraaap,99,23254,-1746,-830,-897,-1727,9.5,331,79,48,1014039
ABpraaap:100,ABpraaap,100,23973,-1027,-583,-569,-1028,8.9,327,90,46,875352
ABpraaap:101,ABpraaap,101,24632,-368,-301,-287,-366,9.0,322,94,48,995512
ABpraaap:102,ABpraaap,102,24514,-486,-51,-59,-485,9.1,317,98,46,883271
ABpraaap:103,ABpraaap,103,25173,173,680,669,171,9.0,316,102,46,892211
ABpraaap:104,ABpraaap,104,24361,-639,-194,-161,-636,9.0,319,95,46,902402
ABpraaap:105,ABpraaap,105,24419,-581,-99,-77,-578,9.2,306,94,48,1042222
ABpraaap:106,ABpraaap,106,24698,-302,-223,-275,-295,10.0,306,92,46,933739
ABpraaap:107,ABpraaap,107,25239,239,451,552,240,9.6,317,89,48,1073241
ABpraaap:108,ABpraaap,108,25292,292,581,630,298,10.1,312,89,48,1074157
ABpraaap:109,ABpraaap,109,23931,-1069,-602,-575,-1074,10.2,317,95,46,925940
ABpraaap:110,ABpraaap,110,24738,-262,-4,27,-258,11.0,317,96,46,920787
ABpraaap:111,ABpraaap,111,24557,-443,184,195,-444,11.0,308,96,45,757903
ABpraaap:112,ABpraaap,112,24784,-216,369,369,-240,9.1,290,96,42,548069
ABpraaapa:113,ABpraaapa,113,25131,131,801,869,167,10.0,254,85,35,345647
ABpraaapa:114,ABpraaapa,114,25380,380,684,750,404,10.1,247,85,34,344052
ABpraaapa:115,ABpraaapa,115,24709,-291,-322,-374,-257,9.0,245,87,37,454773
ABpraaapa:116,ABpraaapa,116,25861,861,1433,1462,859,8.9,239,84,39,541229
ABpraaapa:117,ABpraaapa,117,24620,-380,-231,-223,-358,7.9,232,94,38,539416
ABpraaapa:118,ABpraaapa,118,24719,-281,273,267,-279,7.6,219,97,39,532860
ABpraaapa:119,ABpraaapa,119,25596,596,1103,1101,599,7.3,225,97,39,501631
ABpraaapa:120,ABpraaapa,120,25271,271,799,785,277,7.8,224,103,37,413224
ABpraaapa:121,ABpraaapa,121,24842,-158,-22,-29,-162,7.8,220,106,37,425213
ABpraaapa:122,ABpraaapa,122,24739,-261,-31,20,-302,8.2,226,109,37,430227
ABpraaapa:123,ABpraaapa,123,25489,489,639,666,462,8.7,229,112,37,402375
ABpraaapa:124,ABpraaapa,124,25318,318,2,10,329,9.0,224,114,37,429290
ABpraaapa:125,ABpraaapa,125,24907,-93,354,308,-60,10.8,228,114,37,395441
ABpraaapa:126,ABpraaapa,126,24918,-82,430,509,-79,10.9,226,112,37,399964
ABpraaapa:127,ABpraaapa,127,24376,-624,-212,-210,-642,10.2,222,113,37,408706
ABpraaapa:128,ABpraaapa,128,26184,1184,1811,1770,1185,10.1,224,120,39,443307
ABpraaapa:129,ABpraaapa,129,24363,-637,-577,-511,-655,10.2,218,126,39,446730
ABpraaapa:130,ABpraaapa,130,25761,761,993,992,738,10.0,215,118,39,464261
ABpraaapa:131,ABpraaapa,131,24774,-226,-98,-86,-198,11.1,199,115,37,408116
ABpraaapa:132,ABpraaapa,132,25143,143,147,195,201,11.1,194,107,37,421695
ABpraaapa:133,ABpraaapa,133,26410,1410,1727,1753,1411,11.1,194,115,39,448169
ABpraaapa:134,ABpraaapa,134,24734,-266,-112,-137,-342,11.4,194,120,39,422775
ABpraaapa:135,ABpraaapa,135,25888,888,1198,1099,885,11.2,193,123,39,425645
ABpraaapa:136,ABpraaapa,136,25336,336,560,649,320,11.3,196,123,39,404584
ABpraaapa:137,ABpraaapa,137,24622,-378,-290,-218,-400,11.3,197,117,39,456723
ABpraaapa:138,ABpraaapa,138,26749,1749,1646,1613,1734,11.4,192,116,41,477065
ABpraaapa:139,ABpraaapa,139,26678,1678,1789,1835,1659,11.2,193,113,39,457702
ABpraaapa:140,ABpraaapa,140,26038,1038,1265,1264,1013,11.4,193,112,41,492532
ABpraaapa:141,ABpraaapa,141,26168,1168,1490,1477,1210,12.0,191,111,39,484175
ABpraaapa:142,ABpraaapa,142,26135,1135,1004,1059,1044,12.1,186,110,41,536502
ABpraaapa:143,ABpraaapa,143,25955,955,897,912,893,12.4,187,109,41,474517
ABpraaapa:144,ABpraaapa,144,25109,109,193,357,41,12.3,186,103,39,460558
ABpraaapa:145,ABpraaapa,145,25722,722,856,879,635,12.4,185,106,41,488229
ABpraaapp:113,ABpraaapp,113,23937,-1063,-473,-487,-1064,9.1,300,104,35,331111
ABpraaapp:114,ABpraaapp,114,24851,-149,293,346,-134,8.1,303,101,34,351764
ABpraaapp:115,ABpraaapp,115,24628,-372,449,436,-371,8.9,306,99,39,489628
ABpraaapp:116,ABpraaapp,116,25176,176,229,213,158,8.9,303,100,39,509971
ABpraaapp:117,ABpraaapp,117,24571,-429,-132,-79,-421,8.1,298,104,40,558035
ABpraaapp:118,ABpraaapp,118,25027,27,161,160,30,7.6,296,96,39,525490
ABpraaapp:119,ABpraaapp,119,24865,-135,355,356,-129,7.1,300,96,41,569217
ABpraaapp:120,ABpraaapp,120,25178,178,449,452,177,7.2,297,98,39,464087
ABpraaapp:121,ABpraaapp,121,24680,-320,-190,-182,-325,7.5,296,93,39,432656
ABpraaapp:122,ABpraaapp,122,24721,-279,276,283,-399,8.1,291,98,39,477971
ABpraaapp:123,ABpraaapp,123,24235,-765,-554,-561,-803,8.2,283,95,39,449989
ABpraaapp:124,ABpraaapp,124,24993,-7,-404,-388,4,8.5,276,95,39,418394
ABpraaapp:125,ABpraaapp,125,25292,292,578,621,269,9.2,280,94,39,451331
ABpraaapp:126,ABpraaapp,126,25193,193,679,719,183,9.4,274,92,41,486156
ABpraaapp:127,ABpraaapp,127,24758,-242,-156,-61,-248,9.3,268,93,39,457039
ABpraaapp:128,ABpraaapp,128,24661,-339,86,65,-346,10.1,268,94,39,486977
ABpraaapp:129,ABpraaapp,129,25543,543,702,712,533,9.5,268,96,39,421539
ABpraaapp:130,ABpraaapp,130,25365,365,733,723,346,9.4,263,101,39,426086
ABpraaapp:131,ABpraaapp,131,25133,133,286,255,78,9.4,255,99,41,460187
ABpraaapp:132,ABpraaapp,132,26110,1110,1086,1072,1083,9.3,256,100,39,452303
ABpraaapp:133,ABpraaapp,133,24918,-82,-208,-229,-135,9.3,253,107,41,493000
ABpraaapp:134,ABpraaapp,134,24919,-81,348,490,-222,10.2,260,106,41,533638
ABpraaapp:135,ABpraaapp,135,24951,-49,-56,-126,-108,10.2,258,103,41,551519
ABpraaapp:136,ABpraaapp,136,25711,711,720,800,552,9.4,259,98,41,515086
ABpraaapp:137,ABpraaapp,137,25984,984,640,754,915,10.3,263,96,41,513067
ABpraaapp:138,ABpraaapp,138,25499,499,363,390,467,10.4,268,86,41,532993
ABpraaapp:139,ABpraaapp,139,25290,290,538,613,131,10.2,273,88,41,566283
ABpraaapp:140,ABpraaapp,140,25288,288,350,421,133,9.3,274,91,41,535721
ABpraaapp:141,ABpraaapp,141,25388,388,160,125,229,10.5,264,91,41,595370
ABpraaapp:142,ABpraaapp,142,25713,713,687,823,588,10.4,251,90,41,535029
ABpraaapp:143,ABpraaapp,143,25903,903,1143,1307,826,10.5,245,97,39,461964
ABpraaapp:144,ABpraaapp,144,25194,194,-176,-68,-12,11.0,248,90,37,416478
ABpraaappa:145,ABpraaappa,145,26132,1132,1272,1446,911,11.2,236,99,26,148125
ABpraaappp:145,ABpraaappp,145,25668,668,786,817,387,11.1,260,89,37,344313
ABpraap:63,ABpraap,63,23945,-1055,153,120,-1053,19.9,366,110,58,692248
ABpraap:64,ABpraap,64,23280,-1720,-462,-452,-1720,19.1,357,109,55,621369
ABpraap:65,ABpraap,65,24093,-907,559,545,-907,19.2,348,107,53,631656
ABpraap:66,ABpraap,66,23663,-1337,-42,-32,-1337,19.1,353,110,52,635906
ABpraap:67,ABpraap,67,23693,-1307,-224,-274,-1307,19.1,358,111,52,748249
ABpraap:68,ABpraap,68,24064,-936,434,423,-936,18.9,362,118,52,788167
ABpraap:69,ABpraap,69,23320,-1680,-306,-292,-1680,18.8,362,131,52,771311
ABpraap:70,ABpraap,70,23589,-1411,-409,-438,-1411,18.8,361,117,52,863693
ABpraap:71,ABpraap,71,23175,-1825,-658,-674,-1825,18.2,364,101,54,1067564
ABpraap:72,ABpraap,72,24163,-837,282,265,-837,18.3,368,97,55,1140004
ABpraap:73,ABpraap,73,23056,-1944,-624,-624,-1944,18.9,369,99,53,1083750
ABpraap:74,ABpraap,74,23754,-1246,-277,-303,-1241,17.4,367,94,55,1295296
ABpraap:75,ABpraap,75,23258,-1742,-667,-664,-1737,17.1,367,90,54,1404800
ABpraap:76,ABpraap,76,23978,-1022,41,42,-1020,17.2,364,90,54,1461103
ABpraap:77,ABpraap,77,23743,-1257,-171,-178,-1257,17.0,357,89,54,1505789
ABpraap:78,ABpraap,78,23656,-1344,-356,-347,-1340,16.1,364,95,56,1631139
ABpraap:79,ABpraap,79,23712,-1288,-436,-435,-1285,15.5,365,88,56,1710245
ABpraap:80,ABpraap,80,23843,-1157,-49,-50,-1150,16.0,368,87,55,1312731
ABpraap:81,ABpraap,81,23149,-1851,-741,-753,-1849,16.2,370,89,55,1279551
ABpraap:82,ABpraap,82,23265,-1735,-1047,-1049,-1734,16.0,379,88,55,1337197
ABpraap:83,ABpraap,83,23918,-1082,-102,-105,-1082,15.9,378,85,54,1071105
ABpraap:84,ABpraap,84,23548,-1452,-458,-444,-1452,17.0,376,95,53,867348
ABpraapa:85,ABpraapa,85,23559,-1441,-408,-446,-1436,20.0,365,82,52,634728
ABpraapa:86,ABpraapa,86,24247,-753,463,436,-751,20.0,350,90,48,502183
ABpraapa:87,ABpraapa,87,24259,-741,666,651,-732,19.1,344,92,46,463971
ABpraapa:88,ABpraapa,88,23389,-1611,-851,-888,-1609,19.9,334,80,44,453160
ABpraapa:89,ABpraapa,89,23783,-1217,-393,-395,-1195,19.1,330,83,44,504906
ABpraapa:90,ABpraapa,90,24544,-456,783,773,-432,19.0,326,81,44,534800
ABpraapa:91,ABpraapa,91,23448,-1552,-386,-385,-1532,19.0,322,76,45,559023
ABpraapa:92,ABpraapa,92,23216,-1784,-988,-993,-1764,18.0,325,78,45,575690
ABpraapa:93,ABpraapa,93,24679,-321,519,505,-299,18.0,331,77,45,596408
ABpraapa:94,ABpraapa,94,24248,-752,282,304,-739,17.0,339,70,45,658905
ABpraapa:95,ABpraapa,95,23512,-1488,-555,-562,-1412,16.0,346,70,46,822821
ABpraapa:96,ABpraapa,96,23697,-1303,-285,-325,-1204,16.0,348,75,46,834059
ABpraapa:97,ABpraapa,97,23917,-1083,-506,-495,-949,15.9,353,71,46,863661
ABpraapa:98,ABpraapa,98,24145,-855,-313,-377,-705,15.1,353,69,46,901686
ABpraapa:99,ABpraapa,99,23821,-1179,-346,-424,-1134,14.1,362,66,46,930539
ABpraapa:100,ABpraapa,100,24699,-301,29,-20,-284,12.2,364,66,46,827739
ABpraapa:101,ABpraapa,101,24616,-384,-319,-355,-387,11.8,370,68,46,854932
ABpraapa:102,ABpraapa,102,24764,-236,48,39,-233,11.1,367,71,46,888675
ABpraapa:103,ABpraapa,103,24618,-382,246,298,-381,11.0,366,75,46,883398
ABpraapa:104,ABpraapa,104,23876,-1124,-580,-600,-1122,11.2,367,71,46,884550
ABpraapa:105,ABpraapa,105,24813,-187,-26,-18,-187,11.9,370,73,46,881903
ABpraapa:106,ABpraapa,106,24279,-721,-591,-613,-720,11.9,374,74,46,878804
ABpraapa:107,ABpraapa,107,24588,-412,-103,-122,-412,12.0,381,76,46,846698
ABpraapa:108,ABpraapa,108,24367,-633,-699,-719,-632,11.2,379,76,46,871920
ABpraapa:109,ABpraapa,109,25276,276,452,414,277,11.1,377,84,46,846512
ABpraapa:110,ABpraapa,110,24684,-316,164,176,-316,11.2,384,78,46,883186
ABpraapa:111,ABpraapa,111,25451,451,797,797,451,11.1,382,78,43,572845
ABpraapa:112,ABpraapa,112,25641,641,1028,1025,637,11.0,365,77,40,551626
ABpraapaa:113,ABpraapaa,113,24508,-492,152,139,-490,12.2,331,66,35,311131
ABpraapaa:114,ABpraapaa,114,24940,-60,263,263,-84,13.0,325,63,36,415094
ABpraapaa:115,ABpraapaa,115,24137,-863,-405,-396,-855,13.1,326,62,39,495939
ABpraapaa:116,ABpraapaa,116,24785,-215,-174,-176,-211,13.1,321,66,39,499487
ABpraapaa:117,ABpraapaa,117,25736,736,783,783,738,13.1,316,61,38,517621
ABpraapaa:118,ABpraapaa,118,25279,279,459,433,268,12.2,310,64,39,517419
ABpraapaa:119,ABpraapaa,119,25224,224,441,432,220,12.4,310,64,39,499217
ABpraapaa:120,ABpraapaa,120,25044,44,487,463,28,12.0,304,64,37,431401
ABpraapaa:121,ABpraapaa,121,24979,-21,245,173,21,11.3,306,70,39,441841
ABpraapaa:122,ABpraapaa,122,25867,867,1032,1051,908,10.4,304,74,39,469460
ABpraapaa:123,ABpraapaa,123,25444,444,544,413,499,10.1,307,75,39,491091
ABpraapaa:124,ABpraapaa,124,24802,-198,-585,-412,-307,10.0,304,77,39,523618
ABpraapaa:125,ABpraapaa,125,25464,464,372,541,411,10.0,310,70,39,512064
ABpraapaa:126,ABpraapaa,126,24669,-331,-234,-198,-383,10.2,303,66,39,512749
ABpraapaa:127,ABpraapaa,127,25275,275,134,123,253,10.0,298,67,39,522091
ABpraapaa:128,ABpraapaa,128,25054,54,-117,-119,28,10.1,305,69,41,572058
ABpraapaa:129,ABpraapaa,129,25527,527,615,682,573,9.3,304,72,39,512499
ABpraapaa:130,ABpraapaa,130,25606,606,634,818,596,9.2,294,72,41,560603
ABpraapaa:131,ABpraapaa,131,26415,1415,1250,1308,1371,9.2,285,74,41,570951
ABpraapaa:132,ABpraapaa,132,25298,298,82,326,219,8.6,285,75,41,591214
ABpraapaa:133,ABpraapaa,133,25846,846,939,1053,836,8.4,279,76,39,507932
ABpraapaa:134,ABpraapaa,134,25838,838,1153,1244,857,8.1,260,78,41,575364
ABpraapaa:135,ABpraapaa,135,25150,150,219,283,167,7.4,248,87,41,539980
ABpraapaa:136,ABpraapaa,136,25702,702,886,1039,645,6.5,238,96,41,567952
ABpraapaa:137,ABpraapaa,137,25917,917,1085,1122,900,6.6,232,99,41,573718
ABpraapaa:138,ABpraapaa,138,25749,749,785,915,722,7.0,234,104,41,557560
ABpraapaa:139,ABpraapaa,139,25146,146,317,300,125,6.5,232,107,39,466308
ABpraapaa:140,ABpraapaa,140,25521,521,722,706,503,7.1,225,105,41,567345
ABpraapaa:141,ABpraapaa,141,25534,534,342,398,509,7.1,226,100,41,570620
ABpraapaa:142,ABpraapaa,142,26405,1405,1138,1268,1179,7.0,221,104,41,586327
ABpraapaa:143,ABpraapaa,143,25382,382,585,889,245,7.2,224,99,41,571543
ABpraapaa:144,ABpraapaa,144,26626,1626,1769,1845,1617,6.5,226,102,41,582077
ABpraapaa:145,ABpraapaa,145,25857,857,878,933,791,7.3,215,96,41,554613
ABpraapap:113,ABpraapap,113,25698,698,1473,1487,710,10.1,375,84,37,427480
ABpraapap:114,ABpraapap,114,24126,-874,-378,-366,-821,10.1,367,90,38,466875
ABpraapap:115,ABpraapap,115,24533,-467,76,57,-413,10.4,369,95,37,383649
ABpraapap:116,ABpraapap,116,25137,137,386,377,299,10.0,374,102,39,499300
ABpraapap:117,ABpraapap,117,24222,-778,-474,-273,-879,9.8,363,100,38,507451
ABpraapap:118,ABpraapap,118,25239,239,561,492,217,9.8,356,99,37,457819
ABpraapap:119,ABpraapap,119,25124,124,380,370,86,8.8,354,97,37,463110
ABpraapap:120,ABpraapap,120,25449,449,1191,1210,449,7.2,348,104,37,428207
ABpraapap:121,ABpraapap,121,24961,-39,151,180,-78,6.3,346,104,37,421019
ABpraapap:122,ABpraapap,122,25453,453,786,785,457,6.2,343,108,39,463095
ABpraapap:123,ABpraapap,123,24131,-869,-650,-614,-875,6.3,335,103,39,449752
ABpraapap:124,ABpraapap,124,26407,1407,1811,1805,1400,6.2,325,104,39,482129
ABpraapap:125,ABpraapap,125,24896,-104,205,285,-133,6.3,325,100,39,472025
ABpraapap:126,ABpraapap,126,25931,931,789,757,917,6.2,315,98,39,471641
ABpraapap:127,ABpraapap,127,25252,252,-8,174,227,6.3,322,99,39,462132
ABpraapap:128,ABpraapap,128,25286,286,515,534,269,6.5,320,96,39,461865
ABpraapap:129,ABpraapap,129,24916,-84,-56,53,-143,6.6,322,97,39,495710
ABpraapap:130,ABpraapap,130,25532,532,635,765,467,6.6,321,99,39,501297
ABpraapap:131,ABpraapap,131,25519,519,749,743,479,6.4,311,99,39,460066
ABpraapap:132,ABpraapap,132,25634,634,751,1034,601,6.4,308,101,39,467374
ABpraapap:133,ABpraapap,133,25703,703,771,857,661,6.5,308,101,41,490632
ABpraapap:134,ABpraapap,134,25619,619,812,1035,572,7.0,305,94,39,513184
ABpraapap:135,ABpraapap,135,24544,-456,-710,-700,-479,6.4,304,91,39,486629
ABpraapap:136,ABpraapap,136,25987,987,1059,1083,927,6.1,298,96,39,507003
ABpraapap:137,ABpraapap,137,25601,601,287,269,571,6.4,301,88,39,486446
ABpraapap:138,ABpraapap,138,25280,280,385,551,219,6.4,308,86,41,505446
ABpraapap:139,ABpraapap,139,26844,1844,1562,1509,1813,6.6,304,86,41,582079
ABpraapap:140,ABpraapap,140,25917,917,720,760,888,6.3,299,88,41,541097
ABpraapap:141,ABpraapap,141,27689,2689,2620,2527,2678,6.5,297,88,39,474990
ABpraapap:142,ABpraapap,142,25564,564,286,401,521,6.5,291,92,41,576885
ABpraapap:143,ABpraapap,143,24949,-51,-254,-153,-151,6.6,290,93,41,570630
ABpraapap:144,ABpraapap,144,26025,1025,898,1000,932,6.5,292,90,41,504379
ABpraapap:145,ABpraapap,145,25881,881,610,596,831,6.3,289,91,41,554669
ABpraapp:85,ABpraapp,85,23616,-1384,-279,-307,-1321,15.2,401,94,52,730166
ABpraapp:86,ABpraapp,86,24409,-591,305,300,-534,14.1,390,85,48,778452
ABpraapp:87,ABpraapp,87,23967,-1033,258,295,-1021,13.8,391,83,46,724714
ABpraapp:88,ABpraapp,88,24209,-791,245,279,-720,13.2,399,91,44,616662
ABpraapp:89,ABpraapp,89,24042,-958,-152,-153,-950,12.9,400,79,44,708963
ABpraapp:90,ABpraapp,90,23263,-1737,-881,-880,-1706,12.1,401,79,46,879676
ABpraapp:91,ABpraapp,91,24067,-933,-69,-43,-933,12.1,405,79,47,881677
ABpraapp:92,ABpraapp,92,23467,-1533,-825,-841,-1524,11.6,412,82,47,877584
ABpraapp:93,ABpraapp,93,23536,-1464,-479,-479,-1463,12.3,419,83,47,868576
ABpraapp:94,ABpraapp,94,23609,-1391,-561,-561,-1390,12.4,427,81,47,860778
ABpraapp:95,ABpraapp,95,23983,-1017,-106,-106,-1017,12.9,431,80,46,877155
ABpraapp:96,ABpraapp,96,24144,-856,358,358,-851,12.1,438,85,46,899934
ABpraapp:97,ABpraapp,97,23591,-1409,-613,-602,-1399,12.3,440,88,48,1015195
ABpraapp:98,ABpraapp,98,23651,-1349,-539,-538,-1344,12.3,440,94,48,1022668
ABpraapp:99,ABpraapp,99,23838,-1162,-330,-351,-1150,13.0,443,92,48,1065747
ABpraapp:100,ABpraapp,100,23876,-1124,-871,-864,-1128,12.5,444,96,48,869497
ABpraapp:101,ABpraapp,101,24340,-660,-439,-434,-663,11.4,432,99,48,902130
ABpraapp:102,ABpraapp,102,25146,146,550,563,165,11.9,431,102,46,850583
ABpraapp:103,ABpraapp,103,25013,13,425,436,14,11.1,426,100,48,992768
ABpraapp:104,ABpraapp,104,25146,146,773,768,185,10.5,424,104,48,952807
ABpraapp:105,ABpraapp,105,24336,-664,-302,-387,-662,10.2,420,101,50,1129752
ABpraapp:106,ABpraapp,106,24969,-31,640,661,-23,10.2,421,101,50,1125239
ABpraapp:107,ABpraapp,107,25325,325,620,593,333,10.4,428,106,48,988709
ABpraapp:108,ABpraapp,108,24359,-641,-307,-317,-647,10.3,432,103,50,1142552
ABpraapp:109,ABpraapp,109,24440,-560,-240,-232,-560,10.1,430,106,50,1190071
ABpraapp:110,ABpraapp,110,24674,-326,-96,-79,-321,10.1,439,104,46,833601
ABpraapp:111,ABpraapp,111,24274,-726,-365,-365,-726,10.0,438,107,35,369278
ABpraappa:112,ABpraappa,112,25916,916,2151,2147,914,9.0,413,92,34,355798
ABpraappa:113,ABpraappa,113,25132,132,607,737,99,8.2,410,87,35,357964
ABpraappa:114,ABpraappa,114,24296,-704,-400,-432,-665,8.9,404,80,40,579932
ABpraappa:115,ABpraappa,115,24190,-810,-747,-770,-788,10.0,401,75,39,542142
ABpraappa:116,ABpraappa,116,25209,209,455,387,213,9.9,403,74,39,550851
ABpraappa:117,ABpraappa,117,26104,1104,1440,1352,1123,9.9,397,81,38,550329
ABpraappa:118,ABpraappa,118,24710,-290,107,195,-304,9.1,392,86,39,547783
ABpraappa:119,ABpraappa,119,25948,948,1215,1319,897,8.2,389,90,37,492894
ABpraappa:120,ABpraappa,120,24903,-97,642,708,-112,8.8,384,91,37,458399
ABpraappa:121,ABpraappa,121,25313,313,690,693,265,8.4,380,97,39,474974
ABpraappa:122,ABpraappa,122,25101,101,355,394,88,8.2,375,90,39,496238
ABpraappa:123,ABpraappa,123,24020,-980,-642,-620,-954,8.2,371,85,39,516078
ABpraappa:124,ABpraappa,124,25494,494,635,819,418,8.1,365,87,39,527340
ABpraappa:125,ABpraappa,125,25271,271,624,532,254,8.5,367,86,39,475906
ABpraappa:126,ABpraappa,126,25662,662,789,725,502,8.5,364,86,39,480118
ABpraappa:127,ABpraappa,127,25610,610,713,806,553,8.4,361,82,39,505067
ABpraappa:128,ABpraappa,128,25891,891,762,771,810,9.1,364,83,41,593287
ABpraappa:129,ABpraappa,129,25873,873,808,762,681,9.2,362,87,41,577600
ABpraappa:130,ABpraappa,130,25957,957,856,842,963,9.2,355,82,39,529324
ABpraappa:131,ABpraappa,131,25215,215,-77,-102,79,9.1,350,78,41,584551
ABpraappa:132,ABpraappa,132,25430,430,662,794,343,9.1,347,88,41,585293
ABpraappa:133,ABpraappa,133,24762,-238,-108,-88,-285,9.2,346,81,41,579514
ABpraappa:134,ABpraappa,134,25919,919,1398,1360,892,9.3,337,80,39,520371
ABpraappa:135,ABpraappa,135,25430,430,643,599,434,9.3,331,78,41,577568
ABpraappa:136,ABpraappa,136,26962,1962,1842,1847,1890,9.2,331,75,41,598996
ABpraappa:137,ABpraappa,137,25678,678,631,686,559,9.3,329,74,41,582554
ABpraappa:138,ABpraappa,138,25914,914,789,958,820,9.3,332,74,41,560417
ABpraappa:139,ABpraappa,139,25928,928,619,553,807,9.2,339,75,41,597582
ABpraappa:140,ABpraappa,140,25763,763,48,121,590,9.1,336,76,41,610737
ABpraappa:141,ABpraappa,141,25186,186,-127,-19,-89,9.3,328,74,41,584195
ABpraappa:142,ABpraappa,142,25654,654,413,427,556,9.2,322,75,41,589894
ABpraappa:143,ABpraappa,143,26551,1551,1240,1362,1476,9.1,320,74,41,592446
ABpraappa:144,ABpraappa,144,26647,1647,1631,1772,1533,9.4,317,74,41,552830
ABpraappa:145,ABpraappa,145,25831,831,275,435,644,9.4,314,71,41,556863
ABpraappp:112,ABpraappp,112,25106,106,692,692,104,10.1,468,100,34,322957
ABpraappp:113,ABpraappp,113,26021,1021,1293,1312,1025,10.3,466,97,37,390363
ABpraappp:114,ABpraappp,114,25148,148,160,151,152,10.9,465,90,40,542893
ABpraappp:115,ABpraappp,115,24562,-438,196,170,-431,11.2,465,91,39,505525
ABpraappp:116,ABpraappp,116,24555,-445,-271,-250,-466,11.4,465,97,41,495911
ABpraappp:117,ABpraappp,117,24978,-22,196,196,-22,12.0,453,103,38,475374
ABpraappp:118,ABpraappp,118,24108,-892,-490,-468,-907,12.2,443,107,39,471946
ABpraappp:119,ABpraappp,119,24999,-1,239,229,-31,11.5,429,105,41,472011
ABpraappp:120,ABpraappp,120,24660,-340,167,157,-355,12.2,435,106,39,387423
ABpraappp:121,ABpraappp,121,25101,101,485,561,101,11.3,433,114,41,425405
ABpraappp:122,ABpraappp,122,24916,-84,18,48,-84,11.1,430,108,41,468756
ABpraappp:123,ABpraappp,123,24707,-293,-221,-210,-330,11.1,424,105,41,480192
ABpraappp:124,ABpraappp,124,25710,710,554,572,697,10.2,421,98,41,503034
ABpraappp:125,ABpraappp,125,24298,-702,-846,-887,-719,11.0,424,93,41,529280
ABpraappp:126,ABpraappp,126,25563,563,818,828,507,10.2,424,94,41,512039
ABpraappp:127,ABpraappp,127,26040,1040,1122,1123,1036,11.1,416,91,41,515463
ABpraappp:128,ABpraappp,128,25095,95,90,92,74,11.2,414,92,41,505358
ABpraappp:129,ABpraappp,129,25234,234,165,261,212,11.1,409,90,41,522311
ABpraappp:130,ABpraappp,130,25981,981,1171,1196,928,11.0,407,92,41,536877
ABpraappp:131,ABpraappp,131,25335,335,406,427,226,10.4,400,90,41,482889
ABpraappp:132,ABpraappp,132,25618,618,654,661,588,10.3,400,86,41,553535
ABpraappp:133,ABpraappp,133,25934,934,608,599,915,10.3,397,80,41,534995
ABpraappp:134,ABpraappp,134,25843,843,727,833,842,11.1,388,77,41,572399
ABpraappp:135,ABpraappp,135,25443,443,731,795,405,11.1,387,78,41,572793
ABpraappp:136,ABpraappp,136,25479,479,201,205,437,11.1,388,77,41,582031
ABpraappp:137,ABpraappp,137,25841,841,780,919,802,11.1,388,76,41,590750
ABpraappp:138,ABpraappp,138,25396,396,137,136,365,10.5,384,76,41,583914
ABpraappp:139,ABpraappp,139,25840,840,562,595,764,11.0,391,75,41,595769
ABpraappp:140,ABpraappp,140,25929,929,666,645,887,10.3,392,76,41,567280
ABpraappp:141,ABpraappp,141,26555,1555,1240,1311,1519,10.3,388,75,41,566841
ABpraappp:142,ABpraappp,142,26045,1045,704,694,937,11.1,380,75,41,600473
ABpraappp:143,ABpraappp,143,25515,515,456,487,386,10.2,384,78,41,593114
ABpraappp:144,ABpraappp,144,27006,2006,1470,1456,1967,10.2,384,79,41,590874
ABpraappp:145,ABpraappp,145,25471,471,495,562,355,10.2,384,79,41,584642
ABprap:44,ABprap,44,22961,-2039,-680,-680,-2039,16.2,466,123,35,281538
ABprap:45,ABprap,45,23465,-1535,-307,-307,-1535,15.0,473,125,48,638678
ABprap:46,ABprap,46,23369,-1631,-450,-450,-1631,14.2,471,128,55,879397
ABprap:47,ABprap,47,23475,-1525,-271,-271,-1525,11.8,488,129,56,1119955
ABprap:48,ABprap,48,23372,-1628,-357,-357,-1628,11.7,502,130,57,1173643
ABprap:49,ABprap,49,23461,-1539,-721,-721,-1539,12.8,493,118,58,1298695
ABprap:50,ABprap,50,23655,-1345,-308,-308,-1345,12.8,498,119,59,1298088
ABprap:51,ABprap,51,23818,-1182,-125,-125,-1182,13.8,493,115,60,1461160
ABprap:52,ABprap,52,23265,-1735,-702,-702,-1735,14.8,495,108,60,1492630
ABprap:53,ABprap,53,23586,-1414,-312,-312,-1414,14.9,486,110,60,1186422
ABprap:54,ABprap,54,23344,-1656,-578,-578,-1656,15.1,478,103,60,1238464
ABprap:55,ABprap,55,23414,-1586,-600,-600,-1586,14.9,482,99,60,1250854
ABprap:56,ABprap,56,23668,-1332,-174,-174,-1332,14.6,482,100,60,1298260
ABprap:57,ABprap,57,23600,-1400,-409,-409,-1400,14.8,481,101,61,1420580
ABprap:58,ABprap,58,23476,-1524,-635,-635,-1524,13.8,479,106,61,1453302
ABprap:59,ABprap,59,23715,-1285,-109,-109,-1285,13.8,476,112,61,1363313
ABprap:60,ABprap,60,23192,-1808,-726,-726,-1808,13.0,467,118,61,1416338
ABprap:61,ABprap,61,23184,-1816,-679,-679,-1816,11.2,472,118,58,1036740
ABprap:62,ABprap,62,23969,-1031,198,198,-1031,11.1,482,122,37,416970
ABprapa:63,ABprapa,63,23751,-1249,-50,-50,-1248,11.1,449,91,34,304681
ABprapa:64,ABprapa,64,23606,-1394,-320,-320,-1394,10.2,428,84,43,548241
ABprapa:65,ABprapa,65,23346,-1654,-462,-461,-1654,10.7,409,85,53,1025916
ABprapa:66,ABprapa,66,23896,-1104,-86,-94,-1104,9.7,401,90,52,1097956
ABprapa:67,ABprapa,67,23405,-1595,-755,-824,-1588,9.3,399,93,52,1185271
ABprapa:68,ABprapa,68,23243,-1757,-660,-774,-1751,9.1,393,93,52,1247658
ABprapa:69,ABprapa,69,23412,-1588,-321,-408,-1583,9.2,390,89,52,1268698
ABprapa:70,ABprapa,70,23189,-1811,-1042,-1080,-1811,9.7,399,90,52,1301065
ABprapa:71,ABprapa,71,23914,-1086,-73,-63,-1086,9.9,407,100,52,1310307
ABprapa:72,ABprapa,72,23224,-1776,-800,-819,-1776,10.0,405,105,53,1358365
ABprapa:73,ABprapa,73,23781,-1219,-181,-172,-1219,10.7,409,95,53,1360339
ABprapa:74,ABprapa,74,23507,-1493,-554,-585,-1493,10.2,402,93,53,1419143
ABprapa:75,ABprapa,75,23628,-1372,-512,-549,-1372,9.8,400,93,54,1574913
ABprapa:76,ABprapa,76,23252,-1748,-785,-789,-1748,9.9,406,94,54,1625085
ABprapa:77,ABprapa,77,23861,-1139,-118,-151,-1139,9.5,407,91,56,1709948
ABprapa:78,ABprapa,78,23683,-1317,-167,-162,-1317,10.1,407,92,56,1800297
ABprapa:79,ABprapa,79,23959,-1041,-192,-181,-1041,9.6,407,94,56,1850268
ABprapa:80,ABprapa,80,23831,-1169,-255,-253,-1169,9.8,404,90,55,1536912
ABprapa:81,ABprapa,81,23292,-1708,-637,-659,-1708,9.1,414,98,55,1556355
ABprapa:82,ABprapa,82,23625,-1375,-448,-446,-1375,9.0,424,102,55,1585496
ABprapa:83,ABprapa,83,23312,-1688,-747,-748,-1688,9.0,426,102,54,1515662
ABprapa:84,ABprapa,84,23921,-1079,-182,-183,-1079,9.9,427,101,53,979441
ABprapaa:85,ABprapaa,85,23519,-1481,-719,-754,-1465,8.8,414,85,52,829480
ABprapaa:86,ABprapaa,86,23457,-1543,-519,-519,-1543,7.0,395,91,36,445180
ABprapaa:87,ABprapaa,87,24427,-573,819,824,-572,7.1,381,98,40,597949
ABprapaa:88,ABprapaa,88,23509,-1491,-367,-371,-1482,7.8,376,94,44,724259
ABprapaa:89,ABprapaa,89,24536,-464,607,591,-462,7.1,371,87,44,739633
ABprapaa:90,ABprapaa,90,22980,-2020,-1007,-993,-2012,6.9,369,92,44,767108
ABprapaa:91,ABprapaa,91,24966,-34,840,825,-29,7.1,370,88,45,759966
ABprapaa:92,ABprapaa,92,23413,-1587,-766,-768,-1581,6.9,370,90,45,779522
ABprapaa:93,ABprapaa,93,24217,-783,308,292,-779,6.0,376,103,45,790619
ABprapaa:94,ABprapaa,94,24459,-541,501,501,-539,6.1,386,107,45,799767
ABprapaa:95,ABprapaa,95,24527,-473,468,483,-467,6.0,392,104,46,920518
ABprapaa:96,ABprapaa,96,24314,-686,210,243,-682,6.1,404,100,46,932295
ABprapaa:97,ABprapaa,97,24311,-689,345,380,-671,6.1,417,104,46,932933
ABprapaa:98,ABprapaa,98,24779,-221,776,737,-211,6.0,422,108,46,946986
ABprapaa:99,ABprapaa,99,23881,-1119,-206,-204,-1110,6.0,413,107,46,954018
ABprapaa:100,ABprapaa,100,24250,-750,-332,-289,-747,5.9,415,110,46,817916
ABprapaa:101,ABprapaa,101,25052,52,288,398,50,5.9,418,115,46,827946
ABprapaa:102,ABprapaa,102,24439,-561,-55,-73,-562,5.9,416,117,46,839001
ABprapaa:103,ABprapaa,103,25029,29,428,409,29,5.8,421,122,46,823560
ABprapaa:104,ABprapaa,104,24249,-751,-369,-355,-754,5.3,420,127,46,815699
ABprapaa:105,ABprapaa,105,24623,-377,89,75,-372,5.3,410,136,46,823006
ABprapaa:106,ABprapaa,106,24176,-824,-496,-466,-825,5.2,412,138,46,829328
ABprapaa:107,ABprapaa,107,24724,-276,1,-31,-280,5.2,422,135,46,841418
ABprapaa:108,ABprapaa,108,25269,269,506,455,272,5.2,430,138,46,858232
ABprapaa:109,ABprapaa,109,25583,583,693,691,584,5.2,440,152,46,857786
ABprapaa:110,ABprapaa,110,24912,-88,-83,-51,-88,5.2,444,159,46,849232
ABprapaa:111,ABprapaa,111,24865,-135,-31,30,-135,5.2,449,181,45,738988
ABprapaa:112,ABprapaa,112,24205,-795,-964,-940,-795,6.1,446,154,44,769734
ABprapaa:113,ABprapaa,113,25399,399,379,358,398,5.9,443,143,41,646728
ABprapaa:114,ABprapaa,114,25437,437,848,841,436,6.0,434,139,40,600727
ABprapaa:115,ABprapaa,115,26123,1123,1237,1237,1124,6.1,439,132,35,349701
ABprapaaa:116,ABprapaaa,116,26218,1218,1470,1442,1218,6.0,413,120,35,339644
ABprapaaa:117,ABprapaaa,117,25370,370,592,592,364,6.0,399,116,34,351431
ABprapaaa:118,ABprapaaa,118,25307,307,573,580,305,6.0,391,126,37,452873
ABprapaaa:119,ABprapaaa,119,26275,1275,1724,1659,1236,6.2,391,128,37,465818
ABprapaaa:120,ABprapaaa,120,25005,5,-1,-20,-14,5.9,384,129,37,402814
ABprapaaa:121,ABprapaaa,121,25995,995,831,808,982,5.2,380,129,37,399229
ABprapaaa:122,ABprapaaa,122,24688,-312,-72,-80,-323,5.2,383,124,37,398872
ABprapaaa:123,ABprapaaa,123,24724,-276,-196,-219,-271,5.2,385,123,37,401990
ABprapaaa:124,ABprapaaa,124,25212,212,482,539,193,5.2,378,123,37,402862
ABprapaaa:125,ABprapaaa,125,25094,94,438,505,70,5.8,381,112,37,402952
ABprapaaa:126,ABprapaaa,126,26122,1122,1505,1647,1075,5.4,373,111,39,424916
ABprapaaa:127,ABprapaaa,127,25790,790,902,993,752,5.6,377,106,39,474793
ABprapaaa:128,ABprapaaa,128,25420,420,463,417,338,6.2,379,99,39,486184
ABprapaaa:129,ABprapaaa,129,25857,857,696,852,781,6.2,375,102,39,485652
ABprapaaa:130,ABprapaaa,130,24564,-436,-397,-446,-480,6.2,373,110,37,423231
ABprapaaa:131,ABprapaaa,131,26776,1776,1726,1737,1763,6.3,370,105,39,469837
ABprapaaa:132,ABprapaaa,132,26042,1042,1174,1287,1018,6.3,372,109,39,480405
ABprapaaa:133,ABprapaaa,133,25323,323,287,315,312,6.7,372,102,37,432269
ABprapaaa:134,ABprapaaa,134,24820,-180,185,142,-208,6.2,370,102,39,497432
ABprapaaa:135,ABprapaaa,135,25145,145,170,254,124,6.6,373,101,39,514265
ABprapaaa:136,ABprapaaa,136,25543,543,407,512,497,7.1,374,104,39,517053
ABprapaaa:137,ABprapaaa,137,25456,456,493,509,417,7.2,369,100,39,499834
ABprapaaa:138,ABprapaaa,138,25423,423,694,718,385,6.6,376,102,39,506202
ABprapaaa:139,ABprapaaa,139,26233,1233,1252,1325,1197,7.1,381,107,39,516448
ABprapaaa:140,ABprapaaa,140,25346,346,510,664,294,7.3,378,106,39,502919
ABprapaaa:141,ABprapaaa,141,25488,488,108,159,435,7.5,372,109,39,467750
ABprapaaa:142,ABprapaaa,142,26051,1051,1058,1116,1007,7.3,371,107,39,503653
ABprapaaa:143,ABprapaaa,143,26125,1125,1058,1248,1090,6.6,377,104,41,563193
ABprapaaa:144,ABprapaaa,144,25161,161,-124,-30,-31,7.0,377,107,41,562162
ABprapaaa:145,ABprapaaa,145,26350,1350,1610,1630,1319,7.1,371,105,41,563117
ABprapaap:116,ABprapaap,116,25081,81,539,511,54,6.5,455,139,35,284669
ABprapaap:117,ABprapaap,117,25123,123,62,-4,107,6.1,451,132,34,346893
ABprapaap:118,ABprapaap,118,25432,432,504,429,449,5.9,442,129,37,452340
ABprapaap:119,ABprapaap,119,25585,585,569,461,630,6.0,444,127,37,477975
ABprapaap:120,ABprapaap,120,25040,40,119,211,33,6.7,441,129,37,404679
ABprapaap:121,ABprapaap,121,24938,-62,-186,-105,-66,5.8,442,134,37,405390
ABprapaap:122,ABprapaap,122,25068,68,193,372,35,5.9,445,134,37,419155
ABprapaap:123,ABprapaap,123,25693,693,865,921,681,6.1,444,129,37,429484
ABprapaap:124,ABprapaap,124,25315,315,463,505,297,6.1,438,127,37,432418
ABprapaap:125,ABprapaap,125,25461,461,696,783,435,6.7,438,125,37,424538
ABprapaap:126,ABprapaap,126,26193,1193,1350,1322,1188,6.2,440,119,37,438032
ABprapaap:127,ABprapaap,127,24924,-76,339,390,-80,6.2,438,114,37,435469
ABprapaap:128,ABprapaap,128,25221,221,398,501,199,6.8,440,113,37,440277
ABprapaap:129,ABprapaap,129,25109,109,200,272,98,6.9,436,114,37,449785
ABprapaap:130,ABprapaap,130,25989,989,1109,1211,942,6.8,426,113,37,422102
ABprapaap:131,ABprapaap,131,25897,897,1037,1028,877,7.0,421,114,37,446517
ABprapaap:132,ABprapaap,132,25033,33,215,222,9,6.9,424,113,37,442933
ABprapaap:133,ABprapaap,133,24992,-8,40,116,-24,7.1,427,107,39,505934
ABprapaap:134,ABprapaap,134,25647,647,1005,1022,630,8.0,425,110,37,453983
ABprapaap:135,ABprapaap,135,24802,-198,-68,-29,-220,7.8,428,107,37,434712
ABprapaap:136,ABprapaap,136,26498,1498,1355,1354,1485,7.9,428,107,37,453418
ABprapaap:137,ABprapaap,137,25248,248,304,322,231,8.0,436,104,37,464138
ABprapaap:138,ABprapaap,138,25926,926,1122,1118,900,8.0,431,104,37,468234
ABprapaap:139,ABprapaap,139,26044,1044,1071,1115,980,8.8,436,109,37,449814
ABprapaap:140,ABprapaap,140,25785,785,925,972,778,8.2,438,105,37,456171
ABprapaap:141,ABprapaap,141,25855,855,886,914,806,8.2,435,100,39,501026
ABprapaap:142,ABprapaap,142,24981,-19,101,233,-57,8.2,431,98,39,519103
ABprapaap:143,ABprapaap,143,25321,321,570,638,291,8.0,430,99,39,510820
ABprapaap:144,ABprapaap,144,25952,952,1227,1331,901,8.0,437,97,39,528006
ABprapaap:145,ABprapaap,145,25450,450,913,953,403,7.5,431,93,39,528294
ABprapap:85,ABprapap,85,23722,-1278,-350,-316,-1259,8.3,449,116,38,406099
ABprapap:86,ABprapap,86,23188,-1812,-904,-904,-1812,7.3,447,122,38,434988
ABprapap:87,ABprapap,87,24963,-37,1007,1012,-35,7.0,442,116,44,720554
ABprapap:88,ABprapap,88,23141,-1859,-1051,-1043,-1857,8.0,449,112,44,748843
ABprapap:89,ABprapap,89,22801,-2199,-1057,-1029,-2197,7.9,460,122,44,730503
ABprapap:90,ABprapap,90,23400,-1600,-401,-409,-1596,8.0,459,121,44,750179
ABprapap:91,ABprapap,91,23927,-1073,304,260,-1055,7.9,457,128,45,751003
ABprapap:92,ABprapap,92,24778,-222,801,808,-215,7.2,463,122,45,742879
ABprapap:93,ABprapap,93,23476,-1524,-293,-349,-1501,7.9,470,121,45,776901
ABprapap:94,ABprapap,94,23638,-1362,-140,-171,-1346,8.1,478,119,45,773929
ABprapap:95,ABprapap,95,24066,-934,280,244,-920,8.9,487,119,46,910346
ABprapap:96,ABprapap,96,23739,-1261,-37,-56,-1245,8.9,489,126,46,926524
ABprapap:97,ABprapap,97,24051,-949,-5,23,-937,8.9,502,129,46,914910
ABprapap:98,ABprapap,98,23834,-1166,-186,-198,-1164,8.1,496,124,46,933668
ABprapap:99,ABprapap,99,23687,-1313,-400,-387,-1310,8.0,486,123,46,960139
ABprapap:100,ABprapap,100,24717,-283,111,107,-281,8.0,490,132,46,848478
ABprapap:101,ABprapap,101,24533,-467,-296,-284,-466,7.8,489,140,46,828828
ABprapap:102,ABprapap,102,24738,-262,66,132,-264,7.8,483,140,46,832686
ABprapap:103,ABprapap,103,24431,-569,-162,-131,-566,7.7,487,137,46,842476
ABprapap:104,ABprapap,104,24238,-762,-556,-558,-762,7.2,485,140,46,867737
ABprapap:105,ABprapap,105,24205,-795,-570,-582,-794,7.0,475,145,46,886129
ABprapap:106,ABprapap,106,24739,-261,91,109,-261,7.1,482,142,46,884501
ABprapap:107,ABprapap,107,24497,-503,-56,-63,-503,7.0,495,142,46,898458
ABprapap:108,ABprapap,108,24230,-770,-434,-458,-769,7.2,503,148,46,904426
ABprapap:109,ABprapap,109,24318,-682,-261,-314,-681,8.0,507,156,46,889797
ABprapap:110,ABprapap,110,24384,-616,-358,-375,-615,7.9,512,156,46,881330
ABprapap:111,ABprapap,111,24929,-71,309,325,-71,7.2,503,155,41,512607
ABprapap:112,ABprapap,112,24754,-246,108,114,-246,7.2,510,147,46,746270
ABprapapa:113,ABprapapa,113,24681,-319,94,115,-329,7.2,494,127,35,318070
ABprapapa:114,ABprapapa,114,24904,-96,187,176,-95,7.4,492,121,36,376823
ABprapapa:115,ABprapapa,115,24712,-288,-112,-85,-281,7.8,491,116,39,505654
ABprapapa:116,ABprapapa,116,25349,349,586,591,358,7.7,491,112,39,517785
ABprapapa:117,ABprapapa,117,25209,209,446,432,203,7.1,481,112,38,529244
ABprapapa:118,ABprapapa,118,24702,-298,-109,14,-310,7.0,476,110,41,586988
ABprapapa:119,ABprapapa,119,24081,-919,-951,-893,-947,7.3,479,113,39,529427
ABprapapa:120,ABprapapa,120,25385,385,634,661,372,7.4,480,111,39,461856
ABprapapa:121,ABprapapa,121,24706,-294,-249,-194,-299,7.1,482,124,39,475987
ABprapapa:122,ABprapapa,122,25180,180,343,369,172,7.5,480,128,39,416966
ABprapapa:123,ABprapapa,123,25493,493,825,900,475,8.3,481,123,39,429942
ABprapapa:124,ABprapapa,124,25023,23,-215,-200,16,8.1,483,124,39,476403
ABprapapa:125,ABprapapa,125,25276,276,402,399,273,8.4,480,126,39,437708
ABprapapa:126,ABprapapa,126,24489,-511,-188,-52,-538,8.5,479,122,39,409787
ABprapapa:127,ABprapapa,127,24714,-286,184,146,-282,8.1,479,121,39,475092
ABprapapa:128,ABprapapa,128,25056,56,443,432,59,8.1,488,120,39,484029
ABprapapa:129,ABprapapa,129,25257,257,307,300,249,8.1,487,118,39,479649
ABprapapa:130,ABprapapa,130,25204,204,222,281,185,8.1,482,112,41,510773
ABprapapa:131,ABprapapa,131,24736,-264,-310,-303,-277,8.3,480,116,39,455352
ABprapapa:132,ABprapapa,132,24572,-428,396,387,-442,8.4,487,119,39,441843
ABprapapa:133,ABprapapa,133,25166,166,322,291,160,8.2,492,119,41,525045
ABprapapa:134,ABprapapa,134,24301,-699,-289,-240,-710,8.4,491,115,39,454073
ABprapapa:135,ABprapapa,135,24982,-18,271,232,-22,8.2,492,119,39,450246
ABprapapa:136,ABprapapa,136,25769,769,897,929,712,8.2,490,113,41,545232
ABprapapa:137,ABprapapa,137,26055,1055,1154,1134,1036,8.5,501,113,41,563003
ABprapapa:138,ABprapapa,138,26905,1905,2279,2325,1885,8.3,516,112,41,534058
ABprapapa:139,ABprapapa,139,26167,1167,1571,1518,1128,8.5,516,119,41,554604
ABprapapa:140,ABprapapa,140,25705,705,738,853,604,9.2,521,121,41,524116
ABprapapa:141,ABprapapa,141,25265,265,55,201,203,9.2,519,120,41,527213
ABprapapa:142,ABprapapa,142,25973,973,1014,1160,895,9.1,521,111,41,554727
ABprapapa:143,ABprapapa,143,25455,455,599,705,416,8.3,520,112,41,507036
ABprapapa:144,ABprapapa,144,26655,1655,1563,1649,1598,9.1,523,112,41,565253
ABprapapa:145,ABprapapa,145,25743,743,595,690,673,9.3,526,109,39,486675
ABprapapp:113,ABprapapp,113,24958,-42,515,494,-39,7.0,539,156,35,346551
ABprapapp:114,ABprapapp,114,24477,-523,-30,-63,-517,6.5,537,150,38,415492
ABprapapp:115,ABprapapp,115,24884,-116,368,395,-146,7.7,530,148,39,489521
ABprapapp:116,ABprapapp,116,24293,-707,-518,-460,-714,7.9,537,152,39,512438
ABprapapp:117,ABprapapp,117,25004,4,188,145,-29,7.2,540,148,38,510441
ABprapapp:118,ABprapapp,118,24340,-660,-486,-477,-630,7.1,530,147,41,572136
ABprapapp:119,ABprapapp,119,24841,-159,256,243,-164,6.6,532,146,39,516985
ABprapapp:120,ABprapapp,120,25498,498,665,648,491,6.8,537,147,37,399439
ABprapapp:121,ABprapapp,121,24758,-242,176,164,-241,6.5,549,155,39,415881
ABprapapp:122,ABprapapp,122,25429,429,456,464,433,7.2,551,150,39,455566
ABprapapp:123,ABprapapp,123,26637,1637,1825,1822,1651,8.2,551,146,37,421511
ABprapapp:124,ABprapapp,124,25169,169,190,359,129,9.9,557,153,37,424765
ABprapapp:125,ABprapapp,125,24784,-216,53,177,-220,10.1,557,150,37,405795
ABprapapp:126,ABprapapp,126,25012,12,65,60,-6,10.1,553,149,39,455748
ABprapapp:127,ABprapapp,127,25172,172,659,751,115,11.0,559,151,37,400837
ABprapapp:128,ABprapapp,128,24798,-202,20,135,-267,10.4,563,148,39,406199
ABprapapp:129,ABprapapp,129,26390,1390,1881,1859,1398,11.1,564,145,39,443294
ABprapapp:130,ABprapapp,130,25968,968,858,921,937,10.3,559,139,39,439539
ABprapapp:131,ABprapapp,131,25690,690,927,1047,671,11.9,561,144,37,409400
ABprapapp:132,ABprapapp,132,25241,241,146,128,237,12.8,561,146,37,380982
ABprapapp:133,ABprapapp,133,26624,1624,1800,1789,1610,12.1,564,145,39,422899
ABprapapp:134,ABprapapp,134,24932,-68,475,466,-88,12.1,562,143,41,498210
ABprapapp:135,ABprapapp,135,24942,-58,355,367,-90,12.3,563,135,39,426023
ABprapapp:136,ABprapapp,136,26160,1160,1423,1428,1148,12.4,562,131,39,406089
ABprapapp:137,ABprapapp,137,26415,1415,1661,1712,1390,13.0,564,136,39,442692
ABprapapp:138,ABprapapp,138,26054,1054,1224,1240,1022,13.2,562,135,39,426180
ABprapapp:139,ABprapapp,139,26042,1042,772,887,951,13.9,568,139,37,387866
ABprapapp:140,ABprapapp,140,25816,816,962,1039,721,13.2,568,139,39,432049
ABprapapp:141,ABprapapp,141,26282,1282,1793,1788,1263,13.1,563,131,37,396304
ABprapapp:142,ABprapapp,142,25646,646,662,787,562,14.1,565,128,39,428035
ABprapapp:143,ABprapapp,143,25211,211,449,482,193,13.3,564,127,39,406903
ABprapapp:144,ABprapapp,144,25316,316,155,291,226,14.2,570,132,39,430953
ABprapapp:145,ABprapapp,145,25694,694,654,766,606,14.4,568,127,39,380238
ABprapp:63,ABprapp,63,23530,-1470,-417,-417,-1469,13.1,506,108,34,299002
ABprapp:64,ABprapp,64,23427,-1573,-768,-768,-1573,12.2,492,108,41,414783
ABprapp:65,ABprapp,65,23067,-1933,-751,-751,-1933,12.1,490,107,49,835986
ABprapp:66,ABprapp,66,23515,-1485,-580,-580,-1485,12.1,502,107,52,1101853
ABprapp:67,ABprapp,67,23969,-1031,-119,-119,-1031,13.2,512,108,52,1144245
ABprapp:68,ABprapp,68,23568,-1432,-591,-594,-1432,12.9,508,105,52,1171591
ABprapp:69,ABprapp,69,23744,-1256,-382,-398,-1256,12.9,506,104,52,1204310
ABprapp:70,ABprapp,70,23378,-1622,-584,-558,-1622,12.1,509,109,52,1246965
ABprapp:71,ABprapp,71,23861,-1139,-147,-147,-1139,12.0,508,119,52,1293339
ABprapp:72,ABprapp,72,23330,-1670,-927,-927,-1670,11.8,517,114,53,1332860
ABprapp:73,ABprapp,73,23700,-1300,-98,-120,-1299,12.0,512,122,53,1346387
ABprapp:74,ABprapp,74,23517,-1483,-553,-570,-1482,11.9,510,118,53,1379564
ABprapp:75,ABprapp,75,23375,-1625,-512,-509,-1623,11.8,513,122,54,1526643
ABprapp:76,ABprapp,76,23974,-1026,13,24,-1023,12.1,514,123,54,1543711
ABprapp:77,ABprapp,77,23468,-1532,-363,-375,-1530,12.2,517,134,54,1548827
ABprapp:78,ABprapp,78,23404,-1596,-634,-613,-1595,12.9,514,139,54,1528494
ABprapp:79,ABprapp,79,23439,-1561,-373,-344,-1558,12.9,519,136,54,1573281
ABprapp:80,ABprapp,80,23271,-1729,-553,-552,-1723,13.1,512,138,55,1290987
ABprapp:81,ABprapp,81,23900,-1100,-109,-125,-1098,13.7,519,143,55,1272187
ABprapp:82,ABprapp,82,23859,-1141,31,7,-1141,12.8,520,146,55,1327121
ABprapp:83,ABprapp,83,23777,-1223,101,96,-1221,12.7,521,156,54,1327640
ABprapp:84,ABprapp,84,23577,-1423,-85,-59,-1420,12.8,526,158,53,1154997
ABprapp:85,ABprapp,85,23850,-1150,17,11,-1150,12.2,519,156,52,938560
ABprappa:86,ABprappa,86,25150,150,860,751,229,12.0,504,137,32,285033
ABprappa:87,ABprappa,87,23672,-1328,-16,21,-1325,12.0,507,129,46,574362
ABprappa:88,ABprappa,88,23561,-1439,-318,-321,-1436,11.2,511,125,42,573802
ABprappa:89,ABprappa,89,23942,-1058,-29,-32,-1056,11.9,518,121,44,671602
ABprappa:90,ABprappa,90,23949,-1051,96,90,-1039,12.0,504,118,44,657098
ABprappa:91,ABprappa,91,23627,-1373,-424,-386,-1362,12.0,494,112,45,688471
ABprappa:92,ABprappa,92,23741,-1259,-254,-251,-1255,12.0,498,119,45,700956
ABprappa:93,ABprappa,93,23983,-1017,291,227,-942,11.5,501,117,47,771109
ABprappa:94,ABprappa,94,23569,-1431,-153,-156,-1389,12.5,510,124,47,843260
ABprappa:95,ABprappa,95,23980,-1020,82,54,-1004,13.1,522,134,46,796498
ABprappa:96,ABprappa,96,23644,-1356,-372,-381,-1340,13.0,532,133,46,833147
ABprappa:97,ABprappa,97,23888,-1112,229,220,-1084,12.9,537,135,46,865157
ABprappa:98,ABprappa,98,24474,-526,274,309,-507,12.8,537,128,46,875400
ABprappa:99,ABprappa,99,24004,-996,-124,-151,-968,11.8,533,124,46,894042
ABprappa:100,ABprappa,100,24510,-490,-313,-310,-448,11.8,532,122,46,768372
ABprappa:101,ABprappa,101,24791,-209,176,170,-184,11.8,523,116,46,805754
ABprappa:102,ABprappa,102,25500,500,693,684,490,11.1,520,108,48,973850
ABprappa:103,ABprappa,103,24336,-664,-304,-419,-659,11.0,528,109,46,884973
ABprappa:104,ABprappa,104,25247,247,414,461,249,11.0,533,114,46,876806
ABprappa:105,ABprappa,105,24825,-175,-58,-52,-173,10.1,525,111,46,897274
ABprappa:106,ABprappa,106,24845,-155,334,295,-148,11.2,521,109,46,859959
ABprappa:107,ABprappa,107,24684,-316,-149,-136,-319,10.5,538,112,48,955158
ABprappa:108,ABprappa,108,25155,155,456,496,168,10.5,536,111,48,997438
ABprappa:109,ABprappa,109,24772,-228,-410,-474,-208,10.4,536,112,48,1013213
ABprappa:110,ABprappa,110,25070,70,333,335,73,10.4,538,111,48,1020743
ABprappa:111,ABprappa,111,24564,-436,-340,-375,-437,10.3,540,107,49,1045948
ABprappa:112,ABprappa,112,24329,-671,-628,-624,-666,11.2,550,107,46,923308
ABprappa:113,ABprappa,113,24505,-495,-352,-336,-485,12.0,549,105,45,799249
ABprappa:114,ABprappa,114,24721,-279,-244,-250,-282,12.2,548,107,44,757891
ABprappa:115,ABprappa,115,25047,47,177,152,51,13.2,539,103,43,702982
ABprappa:116,ABprappa,116,25604,604,1052,1058,603,13.2,532,105,43,672902
ABprappa:117,ABprappa,117,25902,902,1200,1199,902,13.9,522,106,38,495770
ABprappaa:118,ABprappaa,118,26027,1027,1336,1373,1049,13.1,490,100,37,378049
ABprappaa:119,ABprappaa,119,25277,277,918,920,318,13.0,486,92,37,396264
ABprappaa:120,ABprappaa,120,26566,1566,1859,1870,1554,12.9,486,88,37,377319
ABprappaa:121,ABprappaa,121,25656,656,1257,1260,668,11.8,483,94,37,393260
ABprappaa:122,ABprappaa,122,25570,570,791,855,572,12.2,480,92,39,404711
ABprappaa:123,ABprappaa,123,24431,-569,-398,-336,-600,12.2,475,87,39,416963
ABprappaa:124,ABprappaa,124,25231,231,495,511,222,12.9,472,88,37,392298
ABprappaa:125,ABprappaa,125,24715,-285,-137,-144,-276,12.3,480,85,39,424283
ABprappaa:126,ABprappaa,126,25142,142,339,292,163,13.0,479,86,39,430532
ABprappaa:127,ABprappaa,127,25104,104,245,204,135,12.2,475,84,39,447374
ABprappaa:128,ABprappaa,128,24643,-357,-471,-417,-356,12.1,480,88,39,455824
ABprappaa:129,ABprappaa,129,25440,440,498,494,416,12.2,473,85,37,403762
ABprappaa:130,ABprappaa,130,25639,639,895,870,613,12.3,472,82,39,421410
ABprappaa:131,ABprappaa,131,25108,108,45,22,94,12.2,471,82,41,498451
ABprappaa:132,ABprappaa,132,25264,264,242,247,256,11.4,471,82,39,446446
ABprappaa:133,ABprappaa,133,25348,348,275,259,329,10.6,469,87,41,533723
ABprappaa:134,ABprappaa,134,25807,807,471,392,802,11.3,466,83,41,501120
ABprappaa:135,ABprappaa,135,25430,430,522,513,417,11.3,462,86,41,507534
ABprappaa:136,ABprappaa,136,25288,288,102,83,228,11.3,461,82,41,498022
ABprappaa:137,ABprappaa,137,25727,727,251,284,681,12.0,465,82,37,422339
ABprappaa:138,ABprappaa,138,24622,-378,-254,-243,-432,11.1,464,85,39,464675
ABprappaa:139,ABprappaa,139,27654,2654,2734,2804,2568,12.1,469,86,37,427742
ABprappaa:140,ABprappaa,140,25429,429,717,803,190,12.9,469,90,37,406957
ABprappaa:141,ABprappaa,141,25726,726,285,533,426,12.2,460,84,39,458493
ABprappaa:142,ABprappaa,142,25921,921,685,988,629,12.1,456,82,41,516219
ABprappaa:143,ABprappaa,143,25312,312,649,844,-11,12.0,453,80,39,485704
ABprappaa:144,ABprappaa,144,26323,1323,1113,1473,413,12.1,454,83,39,474307
ABprappaa:145,ABprappaa,145,25874,874,758,720,851,12.2,452,78,39,448915
ABprappap:118,ABprappap,118,25148,148,590,558,145,12.1,524,122,37,379689
ABprappap:119,ABprappap,119,25112,112,499,681,-20,11.9,542,122,37,396452
ABprappap:120,ABprappap,120,25535,535,393,414,503,11.9,538,119,37,387517
ABprappap:121,ABprappap,121,25347,347,362,293,389,11.0,542,116,37,427328
ABprappap:122,ABprappap,122,24411,-589,-98,-24,-671,11.2,537,118,39,435699
ABprappap:123,ABprappap,123,25435,435,393,377,370,11.2,531,107,39,462839
ABprappap:124,ABprappap,124,24981,-19,211,209,-51,11.0,530,111,39,466256
ABprappap:125,ABprappap,125,24472,-528,-353,-393,-556,11.1,532,109,39,474547
ABprappap:126,ABprappap,126,25270,270,325,288,247,11.2,533,109,39,461411
ABprappap:127,ABprappap,127,24411,-589,-457,-371,-673,11.2,531,109,39,441690
ABprappap:128,ABprappap,128,25110,110,437,450,65,11.2,533,107,39,461424
ABprappap:129,ABprappap,129,25699,699,662,857,549,12.0,526,105,39,466870
ABprappap:130,ABprappap,130,26050,1050,859,1024,532,11.9,517,105,37,400500
ABprappap:131,ABprappap,131,26068,1068,1140,1222,886,12.1,516,107,39,454561
ABprappap:132,ABprappap,132,25787,787,933,852,651,12.3,515,108,39,452749
ABprappap:133,ABprappap,133,24756,-244,-399,-476,-186,12.1,523,110,41,519635
ABprappap:134,ABprappap,134,25186,186,-4,45,214,12.2,524,102,39,463477
ABprappap:135,ABprappap,135,25078,78,-55,-82,42,12.2,520,106,41,488844
ABprappap:136,ABprappap,136,26724,1724,1567,1616,1650,12.3,517,101,41,473891
ABprappap:137,ABprappap,137,25516,516,542,598,431,13.3,516,101,41,485233
ABprappap:138,ABprappap,138,25580,580,570,655,298,13.1,512,99,41,507515
ABprappap:139,ABprappap,139,26053,1053,1058,1079,860,13.2,513,103,41,476713
ABprappap:140,ABprappap,140,26222,1222,1244,1246,1105,13.1,515,103,39,431488
ABprappap:141,ABprappap,141,26006,1006,380,458,964,13.2,505,99,39,419762
ABprappap:142,ABprappap,142,26673,1673,1461,1505,1466,13.2,502,97,41,465768
ABprappap:143,ABprappap,143,25758,758,624,538,718,13.1,500,96,41,478694
ABprappap:144,ABprappap,144,26291,1291,930,925,1105,13.0,502,96,41,494105
ABprappap:145,ABprappap,145,25503,503,-22,33,471,13.2,498,91,39,417317
ABprappp:86,ABprappp,86,24144,-856,266,300,-870,12.0,527,160,48,639779
ABprappp:87,ABprappp,87,24219,-781,479,492,-704,12.1,542,172,40,436763
ABprappp:88,ABprappp,88,23797,-1203,100,92,-1179,12.1,553,167,42,530721
ABprappp:89,ABprappp,89,23110,-1890,-576,-570,-1887,12.9,560,165,44,591823
ABprappp:90,ABprappp,90,23213,-1787,-730,-725,-1778,13.0,561,172,44,617647
ABprappp:91,ABprappp,91,23969,-1031,-153,-157,-1014,13.9,570,176,45,587805
ABprappp:92,ABprappp,92,23760,-1240,-178,-166,-1236,13.1,562,185,45,629568
ABprappp:93,ABprappp,93,24185,-815,393,409,-807,13.1,570,181,45,661078
ABprappp:94,ABprappp,94,24104,-896,438,433,-879,13.8,578,187,45,659661
ABprappp:95,ABprappp,95,24157,-843,232,199,-829,13.1,588,187,46,772382
ABprappp:96,ABprappp,96,23810,-1190,146,124,-1174,12.9,595,184,46,814643
ABprappp:97,ABprappp,97,23411,-1589,-392,-423,-1578,13.0,600,184,46,808653
ABprappp:98,ABprappp,98,23409,-1591,-415,-388,-1579,13.0,600,178,46,835970
ABprappp:99,ABprappp,99,23972,-1028,95,58,-1024,12.9,587,176,46,812206
ABprappp:100,ABprappp,100,24170,-830,-164,-154,-826,12.9,595,177,46,725814
ABprappp:101,ABprappp,101,24824,-176,293,316,-178,13.1,591,174,46,703290
ABprappp:102,ABprappp,102,25204,204,904,960,202,13.0,586,167,46,721351
ABprappp:103,ABprappp,103,24923,-77,455,486,-77,13.1,591,166,46,701143
ABprappp:104,ABprappp,104,24708,-292,350,360,-290,12.9,588,173,46,693557
ABprappp:105,ABprappp,105,24697,-303,283,330,-303,12.7,583,170,46,695664
ABprappp:106,ABprappp,106,24287,-713,-61,-52,-712,13.1,587,173,46,692944
ABprappp:107,ABprappp,107,24774,-226,469,496,-226,13.1,591,174,46,735069
ABprappp:108,ABprappp,108,24629,-371,-187,-176,-370,13.1,587,168,46,747519
ABprappp:109,ABprappp,109,25499,499,1276,1280,500,12.8,596,169,46,765837
ABprappp:110,ABprappp,110,24346,-654,73,63,-654,12.2,601,168,46,788813
ABprappp:111,ABprappp,111,24271,-729,-315,-302,-729,11.9,598,182,45,716231
ABprappp:112,ABprappp,112,24626,-374,-66,-67,-373,11.1,595,177,44,690395
ABprappp:113,ABprappp,113,24596,-404,198,172,-397,11.1,598,171,43,665320
ABprappp:114,ABprappp,114,24985,-15,370,382,-18,11.3,600,168,42,620642
ABprappp:115,ABprappp,115,25535,535,951,943,536,12.2,594,168,41,534235
ABprappp:116,ABprappp,116,25355,355,928,928,354,13.0,598,172,39,444627
ABprapppa:117,ABprapppa,117,25655,655,840,831,665,12.0,588,144,36,375217
ABprapppa:118,ABprapppa,118,24857,-143,-113,-116,-160,10.9,577,145,37,378815
ABprapppa:119,ABprapppa,119,25783,783,1387,1385,781,10.9,590,149,37,437674
ABprapppa:120,ABprapppa,120,24368,-632,-152,-161,-637,11.7,581,148,37,353436
ABprapppa:121,ABprapppa,121,24842,-158,177,188,-165,11.8,577,147,37,364465
ABprapppa:122,ABprapppa,122,25316,316,808,807,307,11.2,583,138,37,396810
ABprapppa:123,ABprapppa,123,23768,-1232,-1219,-1218,-1275,12.0,583,130,37,409432
ABprapppa:124,ABprapppa,124,25892,892,1599,1663,851,12.2,577,127,37,418522
ABprapppa:125,ABprapppa,125,25363,363,128,182,352,13.0,577,121,37,410703
ABprapppa:126,ABprapppa,126,25386,386,724,690,360,13.9,573,129,37,399164
ABprapppa:127,ABprapppa,127,25874,874,1157,1288,867,14.0,571,128,37,403269
ABprapppa:128,ABprapppa,128,26098,1098,1422,1461,1091,14.0,576,128,37,389798
ABprapppa:129,ABprapppa,129,25161,161,139,409,-142,14.2,568,121,37,414538
ABprapppa:130,ABprapppa,130,25642,642,968,1026,441,13.9,564,116,37,417558
ABprapppa:131,ABprapppa,131,25753,753,1074,1009,697,14.8,557,112,37,380863
ABprapppa:132,ABprapppa,132,25130,130,112,98,105,15.1,552,112,37,399498
ABprapppa:133,ABprapppa,133,25357,357,522,491,273,16.0,556,115,37,399025
ABprapppa:134,ABprapppa,134,25110,110,358,287,69,15.9,553,120,37,407448
ABprapppa:135,ABprapppa,135,26303,1303,1533,1593,1289,16.2,552,107,37,388032
ABprapppa:136,ABprapppa,136,25757,757,683,664,561,16.8,545,106,37,393860
ABprapppa:137,ABprapppa,137,25450,450,487,645,350,17.2,541,108,39,417010
ABprapppa:138,ABprapppa,138,25333,333,136,166,275,17.1,536,108,39,422995
ABprapppa:139,ABprapppa,139,25794,794,730,771,683,17.1,538,113,39,400378
ABprapppa:140,ABprapppa,140,26282,1282,1116,1282,1098,17.1,533,113,41,439416
ABprapppa:141,ABprapppa,141,24974,-26,191,313,-181,17.2,526,113,41,402872
ABprapppa:142,ABprapppa,142,26662,1662,1297,1372,1407,17.1,519,109,39,404608
ABprapppa:143,ABprapppa,143,25232,232,-108,-47,68,17.1,517,106,39,393984
ABprapppa:144,ABprapppa,144,25779,779,768,857,585,17.3,519,104,41,402369
ABprapppa:145,ABprapppa,145,24969,-31,-3,115,-123,17.2,519,104,39,357652
ABprapppp:117,ABprapppp,117,26124,1124,1774,1772,1125,13.9,605,198,38,354332
ABprapppp:118,ABprapppp,118,26208,1208,1965,1965,1209,13.8,602,195,37,324273
ABprapppp:119,ABprapppp,119,25045,45,607,607,43,14.1,604,197,37,348385
ABprapppp:120,ABprapppp,120,24631,-369,210,220,-368,15.0,601,196,37,274470
ABprapppp:121,ABprapppp,121,24201,-799,-186,-154,-806,14.9,609,191,37,297166
ABprapppp:122,ABprapppp,122,25429,429,1185,1200,420,14.9,607,180,37,299190
ABprapppp:123,ABprapppp,123,23579,-1421,-871,-853,-1436,14.8,604,175,37,303261
ABprapppp:124,ABprapppp,124,25786,786,1273,1374,749,14.8,601,172,37,336467
ABprapppp:125,ABprapppp,125,24276,-724,-371,-400,-731,15.0,606,175,37,312254
ABprapppp:126,ABprapppp,126,24373,-627,-277,-201,-647,15.0,609,168,37,359644
ABprapppp:127,ABprapppp,127,25062,62,227,183,44,15.9,607,166,37,327846
ABprapppp:128,ABprapppp,128,24818,-182,114,154,-213,16.1,604,162,37,324358
ABprapppp:129,ABprapppp,129,25348,348,870,904,312,16.1,593,162,37,314518
ABprapppp:130,ABprapppp,130,24590,-410,97,124,-446,15.9,590,157,37,298451
ABprapppp:131,ABprapppp,131,24753,-247,-296,-177,-355,17.1,574,157,37,314254
ABprapppp:132,ABprapppp,132,24801,-199,262,278,-223,18.1,566,160,37,275447
ABprapppp:133,ABprapppp,133,25013,13,294,387,-122,19.2,570,153,39,312095
ABprapppp:134,ABprapppp,134,25212,212,444,504,123,18.1,579,153,37,305370
ABprapppp:135,ABprapppp,135,25098,98,520,673,-31,18.1,576,138,37,344362
ABprapppp:136,ABprapppp,136,24640,-360,-42,178,-522,18.1,578,140,37,348193
ABprapppp:137,ABprapppp,137,24683,-317,4,220,-488,19.1,575,139,37,331525
ABprapppp:138,ABprapppp,138,25150,150,355,497,40,20.0,576,137,37,306376
ABprapppp:139,ABprapppp,139,26520,1520,1864,2005,1360,20.1,577,135,37,303541
ABprapppp:140,ABprapppp,140,25742,742,818,813,609,19.3,577,132,39,343886
ABprapppp:141,ABprapppp,141,25604,604,292,444,433,20.2,563,132,39,324865
ABprapppp:142,ABprapppp,142,25752,752,326,469,601,20.0,560,118,39,343522
ABprapppp:143,ABprapppp,143,24866,-134,-249,-180,-214,19.2,557,119,39,315989
ABprapppp:144,ABprapppp,144,25797,797,585,800,691,20.1,557,120,41,329162
ABprapppp:145,ABprapppp,145,26146,1146,884,962,1023,20.2,554,120,41,313535
ABprp:29,ABprp,29,23144,-1856,-821,-859,-1843,17.2,449,173,46,433971
ABprp:30,ABprp,30,23545,-1455,-448,-450,-1455,18.3,462,207,54,533962
ABprp:31,ABprp,31,23392,-1608,-422,-422,-1608,18.8,466,213,61,794281
ABprp:32,ABprp,32,23445,-1555,-256,-256,-1555,17.9,463,219,62,910877
ABprp:33,ABprp,33,23510,-1490,-205,-205,-1490,18.2,467,221,65,945644
ABprp:34,ABprp,34,23606,-1394,-203,-203,-1394,20.0,470,214,67,910646
ABprp:35,ABprp,35,23710,-1290,-110,-110,-1290,21.2,477,218,67,859798
ABprp:36,ABprp,36,23652,-1348,-63,-63,-1348,21.0,496,223,67,935659
ABprp:37,ABprp,37,23611,-1389,-156,-156,-1389,20.2,491,216,65,843939
ABprp:38,ABprp,38,23507,-1493,-220,-220,-1493,21.0,491,236,66,919604
ABprp:39,ABprp,39,23625,-1375,-362,-362,-1375,21.3,508,264,71,1108887
ABprp:40,ABprp,40,23945,-1055,93,93,-1055,21.2,512,260,69,984750
ABprp:41,ABprp,41,23438,-1562,-293,-293,-1562,20.9,502,247,67,888128
ABprp:42,ABprp,42,23545,-1455,-207,-207,-1455,19.9,514,258,66,1083809
ABprp:43,ABprp,43,23332,-1668,-226,-226,-1668,19.1,503,258,58,727243
ABprpa:44,ABprpa,44,23386,-1614,-412,-526,-1594,21.0,483,254,40,209106
ABprpa:45,ABprpa,45,23519,-1481,-159,-159,-1481,22.0,465,231,48,298913
ABprpa:46,ABprpa,46,23676,-1324,-297,-299,-1324,22.0,463,222,55,442398
ABprpa:47,ABprpa,47,23383,-1617,-524,-524,-1617,22.1,458,196,56,563415
ABprpa:48,ABprpa,48,23556,-1444,-307,-307,-1444,22.1,449,179,59,600745
ABprpa:49,ABprpa,49,23305,-1695,-596,-596,-1695,22.2,443,185,60,656347
ABprpa:50,ABprpa,50,23343,-1657,-298,-298,-1657,22.8,448,186,59,627750
ABprpa:51,ABprpa,51,23904,-1096,257,257,-1096,21.9,453,191,60,711745
ABprpa:52,ABprpa,52,23529,-1471,-253,-253,-1471,21.2,452,190,62,735148
ABprpa:53,ABprpa,53,23851,-1149,182,182,-1149,21.9,443,194,60,577776
ABprpa:54,ABprpa,54,23283,-1717,-453,-453,-1717,22.0,454,192,60,619107
ABprpa:55,ABprpa,55,24095,-905,453,453,-905,22.1,460,184,62,699640
ABprpa:56,ABprpa,56,23637,-1363,-168,-171,-1363,22.1,469,180,64,818721
ABprpa:57,ABprpa,57,23281,-1719,-579,-593,-1719,22.1,466,174,63,783983
ABprpa:58,ABprpa,58,23975,-1025,-71,-81,-1025,22.0,463,167,63,909911
ABprpa:59,ABprpa,59,23437,-1563,-382,-383,-1563,21.1,464,177,63,892614
ABprpa:60,ABprpa,60,23391,-1609,-513,-516,-1609,20.3,459,172,63,870772
ABprpa:61,ABprpa,61,23766,-1234,53,53,-1234,20.8,466,170,60,783240
ABprpa:62,ABprpa,62,23984,-1016,224,221,-1016,19.8,462,176,59,773758
ABprpaa:63,ABprpaa,63,23676,-1324,59,120,-1322,19.7,448,147,58,600485
ABprpaa:64,ABprpaa,64,23672,-1328,-39,-32,-1328,19.1,446,131,55,615577
ABprpaa:65,ABprpaa,65,24231,-769,539,516,-769,18.8,435,120,53,670983
ABprpaa:66,ABprpaa,66,24281,-719,406,404,-719,19.0,423,112,52,709144
ABprpaa:67,ABprpaa,67,23217,-1783,-648,-641,-1783,18.0,421,106,52,883902
ABprpaa:68,ABprpaa,68,23385,-1615,-361,-371,-1615,18.0,426,107,52,874675
ABprpaa:69,ABprpaa,69,23381,-1619,-251,-250,-1618,17.1,425,109,52,944070
ABprpaa:70,ABprpaa,70,23895,-1105,-60,2,-1105,17.8,429,110,52,931275
ABprpaa:71,ABprpaa,71,23337,-1663,-638,-669,-1652,17.1,430,108,52,1017953
ABprpaa:72,ABprpaa,72,23441,-1559,-415,-409,-1547,16.9,435,100,53,1122957
ABprpaa:73,ABprpaa,73,23779,-1221,-216,-225,-1212,17.1,442,95,53,1216736
ABprpaa:74,ABprpaa,74,23571,-1429,-341,-340,-1428,17.1,438,95,53,1222523
ABprpaa:75,ABprpaa,75,23710,-1290,-232,-243,-1286,16.2,440,97,54,1401925
ABprpaa:76,ABprpaa,76,23485,-1515,-434,-419,-1512,17.1,443,100,54,1406377
ABprpaa:77,ABprpaa,77,24100,-900,-11,-11,-899,17.1,447,105,54,1401911
ABprpaa:78,ABprpaa,78,23630,-1370,-619,-619,-1370,18.0,449,103,54,1390221
ABprpaa:79,ABprpaa,79,23713,-1287,-428,-430,-1286,17.1,448,104,54,1447572
ABprpaa:80,ABprpaa,80,23870,-1130,-226,-214,-1129,17.1,449,100,55,1187328
ABprpaa:81,ABprpaa,81,23454,-1546,-550,-555,-1546,18.0,454,103,55,1093488
ABprpaa:82,ABprpaa,82,23487,-1513,-650,-654,-1513,17.8,460,101,55,1178029
ABprpaa:83,ABprpaa,83,23504,-1496,-602,-603,-1496,18.0,460,101,54,1123114
ABprpaa:84,ABprpaa,84,23434,-1566,-839,-848,-1566,18.8,469,101,53,939632
ABprpaa:85,ABprpaa,85,23599,-1401,-383,-443,-1400,19.0,461,107,52,791164
ABprpaaa:86,ABprpaaa,86,24322,-678,439,453,-667,20.8,417,97,48,532555
ABprpaaa:87,ABprpaaa,87,22988,-2012,-1119,-1141,-1995,21.1,417,99,46,422333
ABprpaaa:88,ABprpaaa,88,23261,-1739,-534,-535,-1735,21.0,412,102,44,370557
ABprpaaa:89,ABprpaaa,89,24833,-167,1042,1042,-167,22.0,410,100,44,399988
ABprpaaa:90,ABprpaaa,90,23947,-1053,-202,-202,-1053,22.1,400,99,44,428780
ABprpaaa:91,ABprpaaa,91,23480,-1520,-452,-453,-1520,22.1,396,96,45,451946
ABprpaaa:92,ABprpaaa,92,23827,-1173,-293,-293,-1173,22.0,399,88,45,506458
ABprpaaa:93,ABprpaaa,93,23563,-1437,-1014,-1014,-1437,21.0,398,81,45,578515
ABprpaaa:94,ABprpaaa,94,24388,-612,274,276,-606,20.0,397,78,45,617309
ABprpaaa:95,ABprpaaa,95,24785,-215,620,645,-209,20.1,399,78,46,682436
ABprpaaa:96,ABprpaaa,96,23785,-1215,-531,-532,-1214,20.1,406,77,46,706357
ABprpaaa:97,ABprpaaa,97,24746,-254,826,826,-253,20.9,402,80,46,686270
ABprpaaa:98,ABprpaaa,98,23972,-1028,-30,-23,-1021,20.1,391,78,46,719597
ABprpaaa:99,ABprpaaa,99,24396,-604,342,365,-532,19.1,384,74,46,780979
ABprpaaa:100,ABprpaaa,100,24633,-367,-151,-129,-337,18.0,369,68,46,658574
ABprpaaa:101,ABprpaaa,101,25050,50,337,346,124,17.1,368,68,46,738068
ABprpaaa:102,ABprpaaa,102,24804,-196,121,118,-172,17.1,370,67,46,761446
ABprpaaa:103,ABprpaaa,103,24987,-13,184,154,17,17.0,360,66,46,763501
ABprpaaa:104,ABprpaaa,104,24356,-644,-86,-158,-576,17.9,364,69,46,735261
ABprpaaa:105,ABprpaaa,105,25075,75,341,320,96,17.9,368,71,46,746244
ABprpaaa:106,ABprpaaa,106,25610,610,528,535,671,18.0,367,71,46,755336
ABprpaaa:107,ABprpaaa,107,24130,-870,-754,-795,-849,19.0,379,77,48,780926
ABprpaaa:108,ABprpaaa,108,25072,72,488,457,73,19.2,380,77,46,669980
ABprpaaa:109,ABprpaaa,109,24419,-581,-420,-371,-585,20.1,380,84,46,627686
ABprpaaa:110,ABprpaaa,110,25035,35,134,100,36,20.9,390,92,46,585964
ABprpaaa:111,ABprpaaa,111,25039,39,227,219,39,21.9,385,98,45,464639
ABprpaaa:112,ABprpaaa,112,24886,-114,424,433,-114,21.0,372,98,44,462763
ABprpaaaa:113,ABprpaaaa,113,24763,-237,-30,-35,-213,19.0,344,76,37,302647
ABprpaaaa:114,ABprpaaaa,114,26068,1068,1435,1388,1094,18.2,340,68,38,346983
ABprpaaaa:115,ABprpaaaa,115,24515,-485,-35,-33,-419,19.0,335,72,39,385144
ABprpaaaa:116,ABprpaaaa,116,24090,-910,-1036,-1038,-889,19.1,338,71,39,387560
ABprpaaaa:117,ABprpaaaa,117,25091,91,121,166,52,19.0,335,69,38,417762
ABprpaaaa:118,ABprpaaaa,118,25867,867,968,976,841,18.1,327,65,37,386393
ABprpaaaa:119,ABprpaaaa,119,26006,1006,922,932,1007,17.4,330,63,39,400857
ABprpaaaa:120,ABprpaaaa,120,25382,382,502,543,374,16.3,324,61,41,362932
ABprpaaaa:121,ABprpaaaa,121,24578,-422,-337,-295,-430,16.1,320,63,39,394853
ABprpaaaa:122,ABprpaaaa,122,24985,-15,-170,-60,-95,15.4,321,62,39,357174
ABprpaaaa:123,ABprpaaaa,123,26510,1510,1543,1522,1495,15.4,322,61,39,373762
ABprpaaaa:124,ABprpaaaa,124,24972,-28,-202,31,-167,15.2,317,63,37,367414
ABprpaaaa:125,ABprpaaaa,125,26132,1132,1043,1116,1037,15.2,320,60,41,451287
ABprpaaaa:126,ABprpaaaa,126,25182,182,150,218,121,15.3,318,61,39,393449
ABprpaaaa:127,ABprpaaaa,127,26279,1279,1374,1335,1220,16.0,309,62,37,394556
ABprpaaaa:128,ABprpaaaa,128,25339,339,431,470,326,16.2,304,67,41,468037
ABprpaaaa:129,ABprpaaaa,129,24846,-154,-177,-204,-88,16.1,292,69,41,465935
ABprpaaaa:130,ABprpaaaa,130,25969,969,981,993,994,16.1,287,72,41,463670
ABprpaaaa:131,ABprpaaaa,131,25346,346,9,172,260,16.3,272,76,41,449086
ABprpaaaa:132,ABprpaaaa,132,24801,-199,-289,-305,-175,16.2,268,77,41,427913
ABprpaaaa:133,ABprpaaaa,133,26412,1412,1445,1524,1469,16.2,258,85,39,375030
ABprpaaaa:134,ABprpaaaa,134,24977,-23,-50,141,-451,16.2,258,85,39,375030
ABprpaaaa:135,ABprpaaaa,135,25268,268,256,351,81,16.4,245,82,41,419756
ABprpaaaa:136,ABprpaaaa,136,25756,756,233,164,410,17.0,243,81,41,458482
ABprpaaaa:137,ABprpaaaa,137,25031,31,14,71,-124,17.2,246,90,41,423608
ABprpaaaa:138,ABprpaaaa,138,25493,493,144,152,418,17.1,248,86,41,467301
ABprpaaaa:139,ABprpaaaa,139,24862,-138,-444,-392,-240,17.1,256,85,41,479157
ABprpaaaa:140,ABprpaaaa,140,26370,1370,1172,1219,838,17.3,257,86,41,462879
ABprpaaaa:141,ABprpaaaa,141,26623,1623,1300,1366,1464,18.1,254,83,41,457675
ABprpaaaa:142,ABprpaaaa,142,25772,772,282,440,410,18.1,248,85,41,418827
ABprpaaaa:143,ABprpaaaa,143,25301,301,-13,0,38,18.2,250,87,41,374242
ABprpaaaa:144,ABprpaaaa,144,26309,1309,446,999,3,17.1,256,82,26,138395
ABprpaaaa:145,ABprpaaaa,145,25853,853,295,378,684,18.3,248,95,41,380146
ABprpaaap:113,ABprpaaap,113,24710,-290,-265,-256,-269,20.0,376,105,41,300737
ABprpaaap:114,ABprpaaap,114,24185,-815,-303,-213,-743,20.1,378,99,40,286057
ABprpaaap:115,ABprpaaap,115,23965,-1035,-900,-817,-997,20.0,373,100,39,275534
ABprpaaap:116,ABprpaaap,116,25439,439,604,557,621,19.1,378,107,43,315831
ABprpaaap:117,ABprpaaap,117,24878,-122,-192,-334,-143,19.1,377,108,42,341124
ABprpaaap:118,ABprpaaap,118,25744,744,924,820,734,19.0,368,110,39,302147
ABprpaaap:119,ABprpaaap,119,25566,566,654,703,614,18.1,365,104,39,326627
ABprpaaap:120,ABprpaaap,120,25503,503,510,460,360,17.2,359,101,37,261407
ABprpaaap:121,ABprpaaap,121,25887,887,917,889,943,17.0,361,98,37,302259
ABprpaaap:122,ABprpaaap,122,23826,-1174,-1113,-1042,-1305,16.9,360,92,37,298993
ABprpaaap:123,ABprpaaap,123,24264,-736,-548,-243,-740,17.0,357,90,37,307210
ABprpaaap:124,ABprpaaap,124,25942,942,1006,1007,795,17.0,351,90,37,324014
ABprpaaap:125,ABprpaaap,125,24860,-140,-70,3,-324,16.2,351,88,39,325681
ABprpaaap:126,ABprpaaap,126,25842,842,721,803,533,17.1,356,89,37,309502
ABprpaaap:127,ABprpaaap,127,24202,-798,-470,-294,-873,17.8,351,80,37,325111
ABprpaaap:128,ABprpaaap,128,25101,101,-89,43,34,18.1,351,81,39,382062
ABprpaaap:129,ABprpaaap,129,26439,1439,1496,1577,1315,18.0,342,78,37,347460
ABprpaaap:130,ABprpaaap,130,26058,1058,664,712,972,17.2,341,73,41,427630
ABprpaaap:131,ABprpaaap,131,26483,1483,1406,1614,1335,17.2,329,72,41,445318
ABprpaaap:132,ABprpaaap,132,25811,811,701,763,774,17.1,326,70,41,439595
ABprpaaap:133,ABprpaaap,133,25563,563,235,352,605,16.3,319,65,41,402166
ABprpaaap:134,ABprpaaap,134,24232,-768,-820,-818,-843,17.1,307,69,37,350707
ABprpaaap:135,ABprpaaap,135,25571,571,373,414,563,17.1,308,69,37,366851
ABprpaaap:136,ABprpaaap,136,26268,1268,638,687,1036,17.0,306,66,39,436632
ABprpaaap:137,ABprpaaap,137,25436,436,325,437,333,17.2,305,67,41,460388
ABprpaaap:138,ABprpaaap,138,26549,1549,1258,1250,1424,17.2,302,66,41,477772
ABprpaaap:139,ABprpaaap,139,25974,974,427,387,857,17.1,309,68,41,488798
ABprpaaap:140,ABprpaaap,140,25963,963,771,782,856,17.2,311,68,41,467759
ABprpaaap:141,ABprpaaap,141,25988,988,145,258,844,17.4,303,69,41,425909
ABprpaaap:142,ABprpaaap,142,25764,764,130,67,579,18.1,295,71,41,450603
ABprpaaap:143,ABprpaaap,143,26728,1728,1304,1518,1575,17.4,301,75,41,437853
ABprpaaap:144,ABprpaaap,144,26278,1278,821,1156,1126,17.3,303,72,41,425306
ABprpaaap:145,ABprpaaap,145,26771,1771,742,987,1570,17.4,294,69,41,417135
ABprpaap:86,ABprpaap,86,24217,-783,312,341,-778,17.2,456,107,48,554864
ABprpaap:87,ABprpaap,87,23809,-1191,15,-50,-1168,17.1,458,106,42,442660
ABprpaap:88,ABprpaap,88,24138,-862,127,98,-854,16.1,461,105,44,518880
ABprpaap:89,ABprpaap,89,23845,-1155,225,330,-1120,16.0,465,111,44,545155
ABprpaap:90,ABprpaap,90,23483,-1517,-246,-261,-1209,18.0,467,117,48,622932
ABprpaap:91,ABprpaap,91,24993,-7,1073,907,138,16.8,460,99,45,611356
ABprpaap:92,ABprpaap,92,24201,-799,178,100,-742,17.1,462,91,45,613478
ABprpaap:93,ABprpaap,93,23543,-1457,-412,-473,-1315,17.9,468,91,45,632646
ABprpaap:94,ABprpaap,94,23642,-1358,-286,-380,-1301,18.1,471,95,45,639088
ABprpaap:95,ABprpaap,95,24090,-910,224,261,-881,18.9,473,99,46,724578
ABprpaap:96,ABprpaap,96,24015,-985,337,406,-952,18.1,469,109,46,726856
ABprpaap:97,ABprpaap,97,24437,-563,296,368,-527,18.9,471,105,46,719673
ABprpaap:98,ABprpaap,98,24481,-519,189,121,-464,18.9,461,100,46,736949
ABprpaap:99,ABprpaap,99,24224,-776,353,314,-695,18.9,457,89,46,800324
ABprpaap:100,ABprpaap,100,25505,505,722,635,607,18.1,449,84,46,685079
ABprpaap:101,ABprpaap,101,24456,-544,-495,-646,-525,17.9,444,84,46,687826
ABprpaap:102,ABprpaap,102,24978,-22,462,500,-20,17.9,435,83,46,716300
ABprpaap:103,ABprpaap,103,24566,-434,-28,36,-444,17.0,426,81,46,750823
ABprpaap:104,ABprpaap,104,24152,-848,-674,-701,-861,16.9,426,81,46,750263
ABprpaap:105,ABprpaap,105,25065,65,157,102,77,16.0,425,82,46,782683
ABprpaap:106,ABprpaap,106,25516,516,890,1007,513,16.0,424,80,46,787576
ABprpaap:107,ABprpaap,107,24774,-226,-174,-231,-226,16.1,435,79,46,796013
ABprpaap:108,ABprpaap,108,25349,349,662,586,360,15.8,431,74,46,821672
ABprpaap:109,ABprpaap,109,24776,-224,-348,-291,-212,15.2,425,74,46,814429
ABprpaap:110,ABprpaap,110,24559,-441,-326,-337,-432,15.2,435,75,46,782919
ABprpaap:111,ABprpaap,111,24919,-81,571,571,-72,16.0,422,83,37,387186
ABprpaap:112,ABprpaap,112,24922,-78,384,382,-116,15.4,424,82,48,535203
ABprpaapa:113,ABprpaapa,113,24833,-167,343,371,-275,15.0,381,80,35,301382
ABprpaapa:114,ABprpaapa,114,24285,-715,-138,-135,-560,15.0,372,88,36,323884
ABprpaapa:115,ABprpaapa,115,24649,-351,342,347,-199,15.0,366,93,39,403626
ABprpaapa:116,ABprpaapa,116,23620,-1380,-1205,-1079,-1477,14.1,369,95,39,417218
ABprpaapa:117,ABprpaapa,117,25391,391,727,754,573,14.1,359,91,38,448093
ABprpaapa:118,ABprpaapa,118,25471,471,865,889,411,14.0,349,87,37,415068
ABprpaapa:119,ABprpaapa,119,24399,-601,-641,-545,-676,13.9,350,93,37,404371
ABprpaapa:120,ABprpaapa,120,25382,382,541,541,294,13.8,350,95,37,330849
ABprpaapa:121,ABprpaapa,121,24912,-88,175,241,-169,13.0,349,96,37,372495
ABprpaapa:122,ABprpaapa,122,25398,398,515,522,442,12.5,344,85,39,373552
ABprpaapa:123,ABprpaapa,123,24974,-26,48,311,-40,12.4,339,83,39,433424
ABprpaapa:124,ABprpaapa,124,26602,1602,1720,1726,1554,12.3,338,79,39,436613
ABprpaapa:125,ABprpaapa,125,25655,655,920,1191,562,12.9,338,82,37,426460
ABprpaapa:126,ABprpaapa,126,26588,1588,1802,1838,1494,13.0,342,84,37,412005
ABprpaapa:127,ABprpaapa,127,25738,738,657,766,649,13.1,330,80,41,495002
ABprpaapa:128,ABprpaapa,128,25284,284,-45,-70,229,13.3,328,75,41,519486
ABprpaapa:129,ABprpaapa,129,24683,-317,-661,-689,-479,13.2,314,77,39,465853
ABprpaapa:130,ABprpaapa,130,25030,30,-55,162,-176,13.2,313,76,41,524034
ABprpaapa:131,ABprpaapa,131,25822,822,1048,1220,608,13.3,305,82,41,497828
ABprpaapa:132,ABprpaapa,132,25016,16,196,216,-49,13.3,308,85,39,459298
ABprpaapa:133,ABprpaapa,133,24595,-405,-350,-336,-512,13.2,305,84,39,462042
ABprpaapa:134,ABprpaapa,134,25577,577,774,799,589,13.3,299,85,39,449771
ABprpaapa:135,ABprpaapa,135,24897,-103,-125,-41,-154,13.5,293,82,39,421902
ABprpaapa:136,ABprpaapa,136,26301,1301,737,770,1126,13.2,295,77,41,542973
ABprpaapa:137,ABprpaapa,137,25316,316,477,570,216,14.1,297,76,41,521001
ABprpaapa:138,ABprpaapa,138,25627,627,-63,167,323,14.1,289,70,39,518443
ABprpaapa:139,ABprpaapa,139,25766,766,883,866,667,13.5,287,72,39,453905
ABprpaapa:140,ABprpaapa,140,26110,1110,1332,1353,1000,14.2,281,74,39,489917
ABprpaapa:141,ABprpaapa,141,26309,1309,533,711,1083,15.0,275,71,39,499762
ABprpaapa:142,ABprpaapa,142,27142,2142,1555,1565,2044,15.1,266,72,39,495607
ABprpaapa:143,ABprpaapa,143,26576,1576,814,962,1470,15.3,268,73,39,449002
ABprpaapa:144,ABprpaapa,144,27584,2584,2408,2505,2559,15.3,264,73,41,497272
ABprpaapa:145,ABprpaapa,145,26854,1854,1439,1766,1688,15.3,264,67,41,494515
ABprpaapp:113,ABprpaapp,113,25350,350,983,944,345,15.2,428,82,35,276050
ABprpaapp:114,ABprpaapp,114,23992,-1008,-593,-594,-986,15.2,423,79,38,350538
ABprpaapp:115,ABprpaapp,115,24765,-235,291,287,-216,16.0,422,89,39,369042
ABprpaapp:116,ABprpaapp,116,25656,656,693,678,658,16.0,426,84,39,406132
ABprpaapp:117,ABprpaapp,117,25010,10,-43,8,-8,15.8,410,85,38,416646
ABprpaapp:118,ABprpaapp,118,24397,-603,-363,-282,-623,15.2,400,79,39,425812
ABprpaapp:119,ABprpaapp,119,25243,243,525,528,173,14.4,396,77,39,400532
ABprpaapp:120,ABprpaapp,120,26173,1173,1650,1632,1160,14.9,397,78,37,322588
ABprpaapp:121,ABprpaapp,121,24916,-84,711,736,-89,14.2,399,82,39,377424
ABprpaapp:122,ABprpaapp,122,25066,66,42,144,-49,14.8,396,86,37,343986
ABprpaapp:123,ABprpaapp,123,25285,285,101,78,379,14.2,395,87,39,388171
ABprpaapp:124,ABprpaapp,124,25159,159,258,216,105,14.1,394,90,39,392715
ABprpaapp:125,ABprpaapp,125,25234,234,649,776,446,14.4,391,90,39,365642
ABprpaapp:126,ABprpaapp,126,24942,-58,-201,30,-259,14.2,388,87,39,399512
ABprpaapp:127,ABprpaapp,127,25143,143,301,269,154,14.4,381,74,39,396950
ABprpaapp:128,ABprpaapp,128,26000,1000,932,1046,933,14.5,378,72,39,439251
ABprpaapp:129,ABprpaapp,129,26428,1428,1671,1720,1280,14.3,368,70,39,421700
ABprpaapp:130,ABprpaapp,130,25759,759,797,964,502,14.2,367,66,39,461645
ABprpaapp:131,ABprpaapp,131,26586,1586,1790,1906,1541,14.2,361,64,39,485896
ABprpaapp:132,ABprpaapp,132,25917,917,612,587,1065,14.2,360,63,39,478987
ABprpaapp:133,ABprpaapp,133,26490,1490,1040,1134,1341,14.2,360,64,41,513205
ABprpaapp:134,ABprpaapp,134,24974,-26,-179,-109,-553,14.3,355,66,41,476935
ABprpaapp:135,ABprpaapp,135,26078,1078,1109,1234,1127,14.3,351,64,41,484977
ABprpaapp:136,ABprpaapp,136,27200,2200,1779,1832,2505,14.1,349,61,39,482232
ABprpaapp:137,ABprpaapp,137,27123,2123,1685,1675,1981,13.5,346,63,39,466610
ABprpaapp:138,ABprpaapp,138,26344,1344,1265,1205,1687,14.0,344,64,41,579749
ABprpaapp:139,ABprpaapp,139,25996,996,603,707,553,13.2,345,67,41,569556
ABprpaapp:140,ABprpaapp,140,27158,2158,1797,1835,2206,13.1,346,65,41,575944
ABprpaapp:141,ABprpaapp,141,27370,2370,1998,2068,2340,13.3,343,67,41,529291
ABprpaapp:142,ABprpaapp,142,26210,1210,923,1113,946,13.4,333,65,39,472347
ABprpaapp:143,ABprpaapp,143,26476,1476,1204,1274,1164,13.1,332,63,41,576513
ABprpaapp:144,ABprpaapp,144,26649,1649,1451,1548,1342,13.2,336,64,41,542655
ABprpaapp:145,ABprpaapp,145,26711,1711,1384,1464,1551,13.2,329,65,41,565225
ABprpap:63,ABprpap,63,23755,-1245,187,173,-1243,21.8,488,188,58,518313
ABprpap:64,ABprpap,64,23173,-1827,-698,-699,-1827,20.9,491,188,55,512715
ABprpap:65,ABprpap,65,23342,-1658,-587,-597,-1658,20.9,493,182,53,545974
ABprpap:66,ABprpap,66,23875,-1125,179,179,-1125,21.1,499,184,54,629064
ABprpap:67,ABprpap,67,23970,-1030,106,106,-1030,21.1,505,192,52,588994
ABprpap:68,ABprpap,68,23706,-1294,110,110,-1294,21.2,499,178,54,667541
ABprpap:69,ABprpap,69,23996,-1004,-120,-120,-1004,22.1,495,177,52,600387
ABprpap:70,ABprpap,70,23585,-1415,-59,-59,-1415,21.3,500,171,54,668720
ABprpap:71,ABprpap,71,23642,-1358,-310,-320,-1358,22.0,500,163,52,699772
ABprpap:72,ABprpap,72,23591,-1409,-124,-110,-1409,21.2,498,159,55,762531
ABprpap:73,ABprpap,73,24321,-679,424,417,-679,21.1,507,161,53,786985
ABprpap:74,ABprpap,74,23839,-1161,-290,-290,-1161,22.0,502,163,53,804034
ABprpap:75,ABprpap,75,23425,-1575,-210,-216,-1575,21.1,504,162,54,948153
ABprpap:76,ABprpap,76,23486,-1514,-356,-344,-1514,21.9,511,167,54,942182
ABprpap:77,ABprpap,77,23764,-1236,25,16,-1236,22.0,512,167,54,962867
ABprpap:78,ABprpap,78,24304,-696,438,437,-696,22.0,517,174,54,1003322
ABprpap:79,ABprpap,79,24100,-900,234,227,-900,22.0,510,168,54,1007440
ABprpap:80,ABprpap,80,23840,-1160,-111,-126,-1160,22.0,516,171,55,758033
ABprpap:81,ABprpap,81,24210,-790,240,237,-790,22.0,513,169,55,814615
ABprpap:82,ABprpap,82,23822,-1178,-107,-102,-1178,21.1,517,169,55,851299
ABprpap:83,ABprpap,83,23547,-1453,-564,-551,-1453,21.9,514,168,54,840912
ABprpap:84,ABprpap,84,24478,-522,615,602,-522,21.8,509,174,53,643284
ABprpapa:85,ABprpapa,85,23483,-1517,-192,-196,-1493,21.0,493,155,52,493473
ABprpapa:86,ABprpapa,86,23545,-1455,-116,-186,-1452,21.9,482,150,48,400110
ABprpapa:87,ABprpapa,87,23810,-1190,78,118,-1175,21.9,486,144,46,362092
ABprpapa:88,ABprpapa,88,24800,-200,746,746,-192,20.9,484,140,44,334594
ABprpapa:89,ABprpapa,89,24061,-939,492,519,-862,19.0,482,137,44,384026
ABprpapa:90,ABprpapa,90,23121,-1879,-497,-298,-1611,19.0,482,137,44,384026
ABprpapa:91,ABprpapa,91,23588,-1412,100,138,-1395,20.1,470,119,49,591680
ABprpapa:92,ABprpapa,92,23892,-1108,84,62,-1040,21.0,472,116,45,439000
ABprpapa:93,ABprpapa,93,23624,-1376,-321,-388,-1188,20.3,480,116,49,600517
ABprpapa:94,ABprpapa,94,24089,-911,260,246,-692,21.1,488,116,49,626342
ABprpapa:95,ABprpapa,95,24767,-233,699,767,-108,22.1,489,120,46,563779
ABprpapa:96,ABprpapa,96,24200,-800,424,474,-694,22.1,487,125,50,707120
ABprpapa:97,ABprpapa,97,24510,-490,561,528,-449,22.2,488,128,48,637136
ABprpapa:98,ABprpapa,98,24149,-851,290,321,-823,22.1,486,122,46,587236
ABprpapa:99,ABprpapa,99,23528,-1472,-603,-656,-1463,22.0,483,123,46,595261
ABprpapa:100,ABprpapa,100,24831,-169,257,262,-176,22.0,469,114,46,522186
ABprpapa:101,ABprpapa,101,24822,-178,191,188,-151,21.1,459,114,46,521470
ABprpapa:102,ABprpapa,102,24644,-356,44,57,-355,21.1,461,107,46,573231
ABprpapa:103,ABprpapa,103,25329,329,798,826,361,21.0,444,101,46,605879
ABprpapa:104,ABprpapa,104,25177,177,357,348,245,21.0,446,97,46,646561
ABprpapa:105,ABprpapa,105,25057,57,409,437,53,20.9,443,97,46,656649
ABprpapa:106,ABprpapa,106,25388,388,501,501,359,21.0,441,98,46,619178
ABprpapa:107,ABprpapa,107,24609,-391,-100,-87,-380,21.1,443,103,46,573043
ABprpapa:108,ABprpapa,108,25004,4,297,269,0,22.0,437,103,46,573257
ABprpapa:109,ABprpapa,109,24572,-428,-36,-58,-430,22.1,436,109,46,536244
ABprpapa:110,ABprpapa,110,24785,-215,206,227,-214,23.0,443,118,46,492507
ABprpapa:111,ABprpapa,111,25083,83,257,249,84,21.1,440,118,37,294937
ABprpapa:112,ABprpapa,112,24901,-99,208,202,-98,22.1,429,121,40,359025
ABprpapaa:113,ABprpapaa,113,24886,-114,139,136,-100,22.0,412,110,41,265313
ABprpapaa:114,ABprpapaa,114,24871,-129,238,220,-75,22.0,413,101,40,257658
ABprpapaa:115,ABprpapaa,115,24891,-109,9,19,-80,23.0,411,107,39,258310
ABprpapaa:116,ABprpapaa,116,24889,-111,61,98,-150,22.0,407,108,43,323621
ABprpapaa:117,ABprpapaa,117,24879,-121,-702,-627,-106,23.1,383,129,38,253381
ABprpapaa:118,ABprpapaa,118,25021,21,-407,-275,-114,22.2,373,129,39,264439
ABprpapaa:119,ABprpapaa,119,25540,540,536,556,510,22.9,371,123,37,237621
ABprpapaa:120,ABprpapaa,120,25907,907,329,377,871,22.1,358,127,41,223984
ABprpapaa:121,ABprpapaa,121,25424,424,198,150,381,22.1,359,129,41,227425
ABprpapaa:122,ABprpapaa,122,25284,284,-143,-152,307,23.0,353,127,41,229774
ABprpapaa:123,ABprpapaa,123,25816,816,388,374,801,23.0,353,129,39,205423
ABprpapaa:124,ABprpapaa,124,24904,-96,-82,-108,-113,23.0,357,131,41,220890
ABprpapaa:125,ABprpapaa,125,25370,370,442,476,399,23.1,358,122,41,238191
ABprpapaa:126,ABprpapaa,126,26209,1209,1471,1561,1168,23.0,354,121,37,198946
ABprpapaa:127,ABprpapaa,127,25212,212,-259,-373,213,22.0,344,119,41,246241
ABprpapaa:128,ABprpapaa,128,25209,209,-24,-30,131,21.2,341,120,41,246335
ABprpapaa:129,ABprpapaa,129,26513,1513,1209,1349,1413,21.2,334,110,41,279537
ABprpapaa:130,ABprpapaa,130,26069,1069,603,622,1053,22.1,331,103,39,274644
ABprpapaa:131,ABprpapaa,131,26581,1581,1319,1486,1468,21.1,321,101,39,310510
ABprpapaa:132,ABprpapaa,132,25908,908,975,927,868,21.1,317,98,39,302977
ABprpapaa:133,ABprpapaa,133,25225,225,223,343,163,21.0,317,102,37,273655
ABprpapaa:134,ABprpapaa,134,24581,-419,-259,-146,-416,20.1,318,106,41,307477
ABprpapaa:135,ABprpapaa,135,26317,1317,792,867,1245,19.3,322,114,39,276721
ABprpapaa:136,ABprpapaa,136,25327,327,-546,-423,254,20.0,323,116,41,302090
ABprpapaa:137,ABprpapaa,137,26246,1246,531,506,1182,20.9,323,125,37,233775
ABprpapaa:138,ABprpapaa,138,25041,41,-1187,-1214,-157,20.1,321,133,37,239411
ABprpapaa:139,ABprpapaa,139,26427,1427,85,192,1223,19.3,324,133,39,245609
ABprpapaa:140,ABprpapaa,140,25169,169,-435,-298,78,19.2,327,127,39,270536
ABprpapaa:141,ABprpapaa,141,27606,2606,1205,1419,2436,20.0,321,131,41,280729
ABprpapaa:142,ABprpapaa,142,27303,2303,1051,1132,2169,20.2,315,127,41,290567
ABprpapaa:143,ABprpapaa,143,25943,943,-86,25,873,21.0,322,125,41,291728
ABprpapaa:144,ABprpapaa,144,26700,1700,775,969,1515,20.2,320,126,41,265933
ABprpapaa:145,ABprpapaa,145,27121,2121,771,785,1971,20.0,317,125,41,278445
ABprpapap:113,ABprpapap,113,23948,-1052,-1350,-1240,-1048,22.0,462,115,41,271694
ABprpapap:114,ABprpapap,114,24755,-245,-44,-11,-247,23.1,456,128,40,259444
ABprpapap:115,ABprpapap,115,24866,-134,-91,-186,-161,22.2,450,138,43,257475
ABprpapap:116,ABprpapap,116,24661,-339,-304,-350,-335,23.0,451,141,43,260608
ABprpapap:117,ABprpapap,117,25020,20,99,103,35,23.1,438,132,40,241962
ABprpapap:118,ABprpapap,118,24508,-492,-431,-509,-549,22.1,424,135,39,223192
ABprpapap:119,ABprpapap,119,25302,302,442,519,260,22.1,416,130,41,251821
ABprpapap:120,ABprpapap,120,25386,386,93,100,313,22.1,400,131,41,230179
ABprpapap:121,ABprpapap,121,25370,370,-72,-246,396,21.0,396,121,41,247157
ABprpapap:122,ABprpapap,122,24879,-121,-160,-230,-189,22.0,390,126,37,199056
ABprpapap:123,ABprpapap,123,25132,132,-142,-101,92,22.0,387,132,41,224065
ABprpapap:124,ABprpapap,124,25207,207,-344,-486,174,21.2,386,142,39,216972
ABprpapap:125,ABprpapap,125,24553,-447,-733,-777,-465,21.1,390,139,41,224642
ABprpapap:126,ABprpapap,126,26094,1094,522,494,1032,21.2,387,139,41,222032
ABprpapap:127,ABprpapap,127,25040,40,-480,-450,32,21.2,382,122,41,254164
ABprpapap:128,ABprpapap,128,26910,1910,1462,1440,1896,21.1,379,128,39,212405
ABprpapap:129,ABprpapap,129,26044,1044,330,330,931,21.1,369,128,39,233084
ABprpapap:130,ABprpapap,130,24728,-272,-693,-807,-321,21.9,367,119,37,218179
ABprpapap:131,ABprpapap,131,25549,549,105,220,482,21.2,358,116,41,254141
ABprpapap:132,ABprpapap,132,25090,90,-236,-176,73,21.2,354,112,41,264144
ABprpapap:133,ABprpapap,133,25717,717,706,833,603,21.1,352,102,39,273967
ABprpapap:134,ABprpapap,134,24831,-169,-539,-560,-139,22.1,343,109,41,286930
ABprpapap:135,ABprpapap,135,25729,729,433,559,598,22.1,353,106,41,332637
ABprpapap:136,ABprpapap,136,26306,1306,827,889,1284,22.0,364,99,41,338473
ABprpapap:137,ABprpapap,137,25826,826,438,562,839,21.1,365,99,41,328328
ABprpapap:138,ABprpapap,138,26573,1573,919,937,1477,21.1,362,99,41,344314
ABprpapap:139,ABprpapap,139,26553,1553,1145,1199,1500,21.0,363,96,41,344569
ABprpapap:140,ABprpapap,140,24996,-4,-565,-434,-26,21.2,363,102,41,307464
ABprpapap:141,ABprpapap,141,26634,1634,744,913,1501,21.2,355,101,41,294681
ABprpapap:142,ABprpapap,142,25870,870,190,336,715,21.2,355,102,41,288894
ABprpapap:143,ABprpapap,143,27270,2270,1380,1447,2160,22.1,359,104,41,302041
ABprpapap:144,ABprpapap,144,26830,1830,1286,1370,1706,22.1,356,106,41,278148
ABprpapap:145,ABprpapap,145,25887,887,-387,-350,681,22.1,355,111,41,287329
ABprpapp:85,ABprpapp,85,23201,-1799,-818,-693,-1778,22.0,523,190,52,473944
ABprpapp:86,ABprpapp,86,24040,-960,451,477,-960,21.1,531,191,48,391504
ABprpapp:87,ABprpapp,87,24173,-827,554,560,-827,20.9,545,188,46,373624
ABprpapp:88,ABprpapp,88,24007,-993,264,264,-993,21.0,543,188,44,356390
ABprpapp:89,ABprpapp,89,23436,-1564,-504,-504,-1564,21.1,547,194,44,376232
ABprpapp:90,ABprpapp,90,23049,-1951,-594,-594,-1951,21.0,548,183,44,394609
ABprpapp:91,ABprpapp,91,24167,-833,456,441,-823,21.0,543,172,45,395579
ABprpapp:92,ABprpapp,92,24052,-948,67,77,-936,21.0,546,172,45,495673
ABprpapp:93,ABprpapp,93,23306,-1694,-426,-368,-1690,21.1,551,172,45,510894
ABprpapp:94,ABprpapp,94,23566,-1434,-484,-484,-1433,21.9,553,177,45,515262
ABprpapp:95,ABprpapp,95,24065,-935,119,113,-926,22.0,554,176,46,598204
ABprpapp:96,ABprpapp,96,24043,-957,-223,-256,-957,22.1,551,174,46,554511
ABprpapp:97,ABprpapp,97,24510,-490,400,418,-477,22.1,552,166,46,635437
ABprpapp:98,ABprpapp,98,24216,-784,247,249,-777,22.0,547,163,46,620565
ABprpapp:99,ABprpapp,99,24326,-674,163,163,-515,22.1,545,162,46,577689
ABprpapp:100,ABprpapp,100,24277,-723,-412,-380,-677,22.1,534,153,50,573099
ABprpapp:101,ABprpapp,101,24660,-340,306,309,-298,22.0,525,143,46,512587
ABprpapp:102,ABprpapp,102,24998,-2,409,386,-17,21.0,522,136,50,642293
ABprpapp:103,ABprpapp,103,24484,-516,44,79,-498,20.0,507,131,50,606192
ABprpapp:104,ABprpapp,104,24990,-10,293,285,4,21.9,514,119,46,580044
ABprpapp:105,ABprpapp,105,24331,-669,-583,-562,-613,21.1,510,116,48,692236
ABprpapp:106,ABprpapp,106,25115,115,843,843,146,22.1,507,122,34,233700
ABprpapp:107,ABprpapp,107,25267,267,505,517,256,20.9,511,130,46,528767
ABprpapp:108,ABprpapp,108,24662,-338,-29,-13,-327,21.0,509,132,46,541773
ABprpapp:109,ABprpapp,109,24370,-630,-156,-179,-623,21.0,511,133,48,561469
ABprpapp:110,ABprpapp,110,25064,64,397,426,67,21.0,514,140,46,490157
ABprpapp:111,ABprpapp,111,24442,-558,-269,-231,-574,20.1,504,135,43,366973
ABprpappa:112,ABprpappa,112,24420,-580,77,61,-566,22.0,496,132,44,333229
ABprpappa:113,ABprpappa,113,25057,57,95,50,77,22.0,500,140,41,267037
ABprpappa:114,ABprpappa,114,24516,-484,-238,-285,-507,23.0,504,139,40,255494
ABprpappa:115,ABprpappa,115,24663,-337,45,-5,-306,23.0,500,140,41,259056
ABprpappa:116,ABprpappa,116,24910,-90,111,58,-62,23.0,495,133,41,278343
ABprpappa:117,ABprpappa,117,24077,-923,-576,-577,-914,23.1,485,134,38,239328
ABprpappa:118,ABprpappa,118,25368,368,484,456,394,23.0,469,127,41,266088
ABprpappa:119,ABprpappa,119,25542,542,929,869,557,24.0,460,128,41,257836
ABprpappa:120,ABprpappa,120,25424,424,711,712,422,21.1,446,135,39,194101
ABprpappa:121,ABprpappa,121,25283,283,-204,-335,264,21.1,441,136,41,209620
ABprpappa:122,ABprpappa,122,25311,311,593,568,318,22.0,433,139,41,207214
ABprpappa:123,ABprpappa,123,25100,100,-83,-149,93,21.2,430,138,41,197263
ABprpappa:124,ABprpappa,124,25093,93,50,66,68,23.0,431,131,41,219507
ABprpappa:125,ABprpappa,125,25813,813,900,888,804,23.0,432,133,41,222403
ABprpappa:126,ABprpappa,126,25394,394,66,120,375,23.0,428,133,41,213182
ABprpappa:127,ABprpappa,127,25776,776,441,502,782,22.1,427,133,41,230632
ABprpappa:128,ABprpappa,128,25048,48,-222,-139,-11,22.0,422,133,41,237356
ABprpappa:129,ABprpappa,129,26552,1552,1028,941,1465,23.0,407,135,41,241554
ABprpappa:130,ABprpappa,130,25196,196,-391,-592,66,21.1,406,131,41,245239
ABprpappa:131,ABprpappa,131,25612,612,187,17,491,21.0,395,127,41,260848
ABprpappa:132,ABprpappa,132,25228,228,-384,-595,181,22.0,384,130,41,242819
ABprpappa:133,ABprpappa,133,27191,2191,1785,1729,2147,21.1,379,131,41,237727
ABprpappa:134,ABprpappa,134,25709,709,222,160,676,21.2,379,119,41,257942
ABprpappa:135,ABprpappa,135,25732,732,56,122,654,22.0,378,128,41,255622
ABprpappa:136,ABprpappa,136,25677,677,-779,-695,579,21.0,376,140,41,246989
ABprpappa:137,ABprpappa,137,25087,87,-682,-848,-11,21.2,377,137,41,242632
ABprpappa:138,ABprpappa,138,26092,1092,-247,-197,916,22.0,370,141,26,70366
ABprpappa:139,ABprpappa,139,26380,1380,115,120,1242,22.1,370,140,41,237101
ABprpappa:140,ABprpappa,140,27830,2830,1135,1039,2568,21.2,370,146,41,236241
ABprpappa:141,ABprpappa,141,28562,3562,1624,1656,3079,21.1,364,145,41,256164
ABprpappa:142,ABprpappa,142,27913,2913,409,542,2072,21.2,356,151,41,251517
ABprpappa:143,ABprpappa,143,26931,1931,-724,-818,1030,21.2,357,151,41,267174
ABprpappa:144,ABprpappa,144,28203,3203,692,561,1699,21.0,353,152,41,263831
ABprpappa:145,ABprpappa,145,28071,3071,-626,-1002,1403,20.1,347,157,39,252740
ABprpappp:112,ABprpappp,112,24420,-580,31,55,-576,21.9,545,149,44,354343
ABprpappp:113,ABprpappp,113,25073,73,502,499,79,22.0,554,143,41,319153
ABprpappp:114,ABprpappp,114,25384,384,40,21,379,21.9,552,144,40,338735
ABprpappp:115,ABprpappp,115,24025,-975,-620,-652,-943,22.1,555,148,39,297134
ABprpappp:116,ABprpappp,116,25072,72,444,464,65,22.1,551,142,41,322854
ABprpappp:117,ABprpappp,117,25198,198,654,619,200,21.9,536,134,38,325626
ABprpappp:118,ABprpappp,118,24869,-131,73,48,-112,21.0,520,127,37,303968
ABprpappp:119,ABprpappp,119,24555,-445,325,321,-444,21.0,508,123,39,279478
ABprpappp:120,ABprpappp,120,24500,-500,-280,-223,-499,21.1,497,117,41,271606
ABprpappp:121,ABprpappp,121,25617,617,800,778,620,21.2,490,117,39,248156
ABprpappp:122,ABprpappp,122,25022,22,282,254,34,22.0,479,115,37,225991
ABprpappp:123,ABprpappp,123,24531,-469,-156,-117,-495,21.1,476,120,41,264768
ABprpappp:124,ABprpappp,124,25375,375,567,513,343,21.1,473,123,39,230222
ABprpappp:125,ABprpappp,125,25466,466,974,1044,418,21.1,472,119,41,250097
ABprpappp:126,ABprpappp,126,24315,-685,-196,-195,-667,21.2,475,113,41,262357
ABprpappp:127,ABprpappp,127,24512,-488,-464,-400,-482,21.2,466,111,41,266099
ABprpappp:128,ABprpappp,128,24952,-48,-85,-11,-61,22.0,461,118,41,258534
ABprpappp:129,ABprpappp,129,27107,2107,1976,1983,1995,21.2,449,125,41,243426
ABprpappp:130,ABprpappp,130,25410,410,-94,-27,311,21.2,440,126,39,214042
ABprpappp:131,ABprpappp,131,25156,156,172,386,21,21.1,427,119,41,256445
ABprpappp:132,ABprpappp,132,25892,892,811,829,783,21.1,421,115,41,232915
ABprpappp:133,ABprpappp,133,25617,617,635,770,548,23.0,420,121,41,235812
ABprpappp:134,ABprpappp,134,26005,1005,431,457,951,23.1,421,129,41,224213
ABprpappp:135,ABprpappp,135,25971,971,833,874,870,23.1,421,135,41,220658
ABprpappp:136,ABprpappp,136,25937,937,376,322,924,23.1,424,128,41,218605
ABprpappp:137,ABprpappp,137,26043,1043,816,843,990,23.1,417,128,41,230903
ABprpappp:138,ABprpappp,138,25967,967,739,783,730,23.0,423,127,41,257380
ABprpappp:139,ABprpappp,139,26322,1322,884,923,1190,23.2,421,130,41,218386
ABprpappp:140,ABprpappp,140,25786,786,-153,-139,732,23.1,419,141,41,206848
ABprpappp:141,ABprpappp,141,26599,1599,-34,-81,1329,22.1,409,150,26,53392
ABprpappp:142,ABprpappp,142,27248,2248,970,978,2131,23.1,408,158,37,161092
ABprpappp:143,ABprpappp,143,28315,3315,1123,1108,3138,22.0,403,165,37,161739
ABprpappp:144,ABprpappp,144,26864,1864,-227,-221,1758,22.0,405,163,39,196460
ABprpappp:145,ABprpappp,145,27823,2823,95,117,2657,22.0,407,164,37,187779
ABprpp:44,ABprpp,44,23549,-1451,-302,-309,-1437,18.2,524,242,59,622435
ABprpp:45,ABprpp,45,23756,-1244,-177,-175,-1244,19.2,532,212,50,469303
ABprpp:46,ABprpp,46,23892,-1108,56,53,-1108,20.1,543,204,55,623490
ABprpp:47,ABprpp,47,23428,-1572,-483,-483,-1572,20.0,551,194,56,751380
ABprpp:48,ABprpp,48,23373,-1627,-554,-554,-1627,19.1,572,188,59,897284
ABprpp:49,ABprpp,49,23499,-1501,-589,-589,-1501,21.0,569,182,58,943295
ABprpp:50,ABprpp,50,23422,-1578,-624,-624,-1578,20.9,557,166,59,1028909
ABprpp:51,ABprpp,51,23775,-1225,-390,-390,-1225,21.7,565,164,60,1157862
ABprpp:52,ABprpp,52,23456,-1544,-474,-474,-1544,20.9,558,158,60,1251415
ABprpp:53,ABprpp,53,24069,-931,116,116,-931,21.9,559,161,60,944256
ABprpp:54,ABprpp,54,23662,-1338,-208,-208,-1338,22.0,553,160,62,964035
ABprpp:55,ABprpp,55,23593,-1407,-570,-570,-1407,21.8,560,155,60,1011252
ABprpp:56,ABprpp,56,23543,-1457,-530,-531,-1457,22.0,566,161,64,1141697
ABprpp:57,ABprpp,57,23628,-1372,-455,-455,-1372,22.0,569,163,61,1089771
ABprpp:58,ABprpp,58,23205,-1795,-937,-937,-1795,22.0,571,162,61,1168602
ABprpp:59,ABprpp,59,23885,-1115,91,91,-1115,21.8,562,165,61,1147824
ABprpp:60,ABprpp,60,23624,-1376,-482,-482,-1376,21.0,558,161,61,1065164
ABprpp:61,ABprpp,61,23769,-1231,-230,-230,-1231,20.7,569,164,60,1108146
ABprpp:62,ABprpp,62,23873,-1127,219,219,-1127,19.8,567,171,59,887441
ABprppa:63,ABprppa,63,23667,-1333,-339,-307,-1330,19.3,559,131,56,756988
ABprppa:64,ABprppa,64,23958,-1042,-129,-130,-1042,20.0,545,123,55,720013
ABprppa:65,ABprppa,65,23509,-1491,-468,-472,-1491,20.0,536,118,53,781550
ABprppa:66,ABprppa,66,23169,-1831,-797,-799,-1823,20.0,524,108,52,894305
ABprppa:67,ABprppa,67,23623,-1377,-784,-785,-1330,19.9,523,108,52,940885
ABprppa:68,ABprppa,68,23566,-1434,-582,-583,-1355,19.1,521,100,52,1042826
ABprppa:69,ABprppa,69,23653,-1347,-551,-557,-1313,19.1,529,101,52,1086661
ABprppa:70,ABprppa,70,23933,-1067,-199,-215,-1019,18.2,530,100,52,1137541
ABprppa:71,ABprppa,71,23820,-1180,-391,-398,-1178,18.9,530,103,52,1161065
ABprppa:72,ABprppa,72,23736,-1264,-523,-545,-1246,19.0,540,107,53,1215261
ABprppa:73,ABprppa,73,24288,-712,-6,-1,-700,18.0,544,109,53,1251179
ABprppa:74,ABprppa,74,24157,-843,-44,-83,-817,17.9,535,104,53,1286043
ABprppa:75,ABprppa,75,23981,-1019,-102,-115,-1005,17.8,533,105,54,1431623
ABprppa:76,ABprppa,76,23753,-1247,-376,-410,-1247,18.0,535,103,54,1485312
ABprppa:77,ABprppa,77,24093,-907,7,8,-906,17.9,535,100,54,1549849
ABprppa:78,ABprppa,78,24041,-959,-495,-512,-950,18.1,535,104,54,1560285
ABprppa:79,ABprppa,79,24231,-769,130,70,-746,18.0,532,103,54,1588306
ABprppa:80,ABprppa,80,23596,-1404,-576,-614,-1384,18.2,529,105,55,1350970
ABprppa:81,ABprppa,81,24068,-932,-308,-340,-923,18.2,533,104,55,1409752
ABprppa:82,ABprppa,82,24141,-859,-77,-142,-859,18.8,537,110,55,1332030
ABprppa:83,ABprppa,83,24411,-589,84,84,-584,17.9,533,113,54,1251020
ABprppa:84,ABprppa,84,23819,-1181,-172,-199,-1173,18.0,540,119,53,1197258
ABprppa:85,ABprppa,85,24432,-568,640,648,-562,17.9,537,119,52,998976
ABprppa:86,ABprppa,86,24049,-951,-351,-368,-950,19.0,525,119,48,760829
ABprppaa:87,ABprppaa,87,22933,-2067,-1259,-1315,-2053,18.9,506,101,46,505310
ABprppaa:88,ABprppaa,88,23776,-1224,-326,-401,-1208,18.1,508,93,42,479081
ABprppaa:89,ABprppaa,89,24554,-446,333,341,-412,18.1,509,95,44,554043
ABprppaa:90,ABprppaa,90,24289,-711,-197,-288,-669,18.9,501,91,44,558042
ABprppaa:91,ABprppaa,91,23380,-1620,-684,-619,-1578,18.9,500,90,45,581178
ABprppaa:92,ABprppaa,92,23387,-1613,-745,-849,-1578,19.1,505,90,45,631914
ABprppaa:93,ABprppaa,93,23940,-1060,-381,-489,-960,19.0,509,93,45,610707
ABprppaa:94,ABprppaa,94,23904,-1096,-357,-432,-1026,19.1,515,97,45,612766
ABprppaa:95,ABprppaa,95,23782,-1218,-434,-405,-1202,19.0,519,97,46,730890
ABprppaa:96,ABprppaa,96,23387,-1613,-385,-405,-1594,18.1,520,97,46,726490
ABprppaa:97,ABprppaa,97,23786,-1214,-528,-544,-1204,18.1,524,97,46,758702
ABprppaa:98,ABprppaa,98,24414,-586,114,175,-580,17.9,511,89,46,761886
ABprppaa:99,ABprppaa,99,24072,-928,29,56,-915,17.1,504,90,46,746301
ABprppaa:100,ABprppaa,100,24333,-667,-694,-676,-668,17.1,501,87,44,562477
ABprppaa:101,ABprppaa,101,24761,-239,-49,-92,-234,16.9,495,90,46,679724
ABprppaa:102,ABprppaa,102,25148,148,326,374,144,16.2,491,83,46,731682
ABprppaa:103,ABprppaa,103,25277,277,371,390,278,15.1,480,79,44,631693
ABprppaa:104,ABprppaa,104,25202,202,180,157,204,14.1,482,83,46,725410
ABprppaa:105,ABprppaa,105,24747,-253,-72,-125,-251,14.1,481,81,46,759161
ABprppaa:106,ABprppaa,106,25542,542,762,695,542,15.0,479,80,46,727778
ABprppaa:107,ABprppaa,107,25259,259,619,666,258,15.1,489,84,46,727367
ABprppaa:108,ABprppaa,108,24325,-675,-580,-608,-674,16.0,485,84,46,730688
ABprppaa:109,ABprppaa,109,24634,-366,-247,-237,-365,17.0,483,85,46,688353
ABprppaa:110,ABprppaa,110,24475,-525,-462,-486,-525,18.0,495,86,46,714746
ABprppaa:111,ABprppaa,111,24302,-698,-613,-622,-697,18.0,488,83,45,600658
ABprppaa:112,ABprppaa,112,23968,-1032,-749,-771,-1031,18.1,481,86,44,630775
ABprppaa:113,ABprppaa,113,24895,-105,198,177,-86,18.2,474,91,43,506685
ABprppaa:114,ABprppaa,114,25378,378,814,823,381,19.0,474,89,42,523704
ABprppaa:115,ABprppaa,115,25887,887,1428,1394,901,19.0,466,101,39,382568
ABprppaa:116,ABprppaa,116,24792,-208,138,94,-186,18.2,465,97,43,414443
ABprppaaa:117,ABprppaaa,117,24657,-343,-45,-31,-339,19.0,423,99,38,330563
ABprppaaa:118,ABprppaaa,118,25872,872,512,560,922,18.9,411,103,37,275645
ABprppaaa:119,ABprppaaa,119,25605,605,685,764,565,18.1,404,101,37,291578
ABprppaaa:120,ABprppaaa,120,25532,532,599,738,408,19.0,396,105,39,260682
ABprppaaa:121,ABprppaaa,121,24849,-151,-104,89,-277,18.3,395,103,39,266216
ABprppaaa:122,ABprppaaa,122,25951,951,1170,1177,1084,18.1,392,99,39,285851
ABprppaaa:123,ABprppaaa,123,24655,-345,-406,-423,-405,18.1,395,100,39,258445
ABprppaaa:124,ABprppaaa,124,25199,199,322,413,146,18.1,395,97,39,258445
ABprppaaa:125,ABprppaaa,125,24087,-913,-1039,-978,-1063,18.1,395,94,38,258445
ABprppaaa:126,ABprppaaa,126,26088,1088,954,1004,1129,18.1,395,91,38,258445
ABprppaaa:127,ABprppaaa,127,24710,-290,-1,88,-311,18.1,395,87,37,268910
ABprppaaa:128,ABprppaaa,128,25338,338,482,575,221,18.1,395,89,39,283665
ABprppaaa:129,ABprppaaa,129,25860,860,870,1014,665,18.0,382,88,37,275257
ABprppaaa:130,ABprppaaa,130,26068,1068,1081,1233,899,17.1,379,82,39,326732
ABprppaaa:131,ABprppaaa,131,25284,284,63,313,-72,17.0,370,83,37,307997
ABprppaaa:132,ABprppaaa,132,24156,-844,-1182,-935,-1126,16.2,370,84,39,326710
ABprppaaa:133,ABprppaaa,133,26227,1227,758,928,787,17.0,368,77,26,129324
ABprppaaa:134,ABprppaaa,134,26050,1050,500,420,1251,16.1,362,77,26,128759
ABprppaaa:135,ABprppaaa,135,24992,-8,1,24,-447,17.0,360,77,26,131266
ABprppaaa:136,ABprppaaa,136,24755,-245,-753,-338,-1406,16.1,357,72,26,133888
ABprppaaa:137,ABprppaaa,137,26005,1005,596,810,260,16.1,356,72,28,133888
ABprppaaa:138,ABprppaaa,138,24404,-596,-2069,-1761,-1427,16.1,354,73,31,133888
ABprppaaa:139,ABprppaaa,139,26159,1159,818,1230,914,16.2,352,74,33,133888
ABprppaaa:140,ABprppaaa,140,25250,250,-468,-489,-690,16.2,350,74,36,133888
ABprppaaa:141,ABprppaaa,141,26043,1043,160,771,106,16.2,348,75,38,133888
ABprppaaa:142,ABprppaaa,142,26214,1214,917,1050,921,16.2,346,76,41,421091
ABprppaaa:143,ABprppaaa,143,25899,899,414,506,677,17.9,345,73,37,313453
ABprppaaa:144,ABprppaaa,144,27293,2293,1759,1881,2003,17.9,345,73,37,313453
ABprppaaa:145,ABprppaaa,145,25759,759,-309,-32,407,17.2,342,79,39,364460
ABprppaap:117,ABprppaap,117,24770,-230,282,272,-220,19.0,478,95,36,301236
ABprppaap:118,ABprppaap,118,24716,-284,-173,-189,-299,19.0,465,97,37,311781
ABprppaap:119,ABprppaap,119,24732,-268,318,393,-245,19.0,458,106,37,297121
ABprppaap:120,ABprppaap,120,25142,142,421,369,135,19.0,455,96,37,239224
ABprppaap:121,ABprppaap,121,25014,14,371,451,2,19.0,454,94,37,220790
ABprppaap:122,ABprppaap,122,24512,-488,-89,-112,-476,18.2,447,98,39,241265
ABprppaap:123,ABprppaap,123,25523,523,1074,1012,440,18.2,450,91,39,260398
ABprppaap:124,ABprppaap,124,25963,963,1103,1194,961,18.1,445,100,41,282753
ABprppaap:125,ABprppaap,125,25472,472,548,617,689,17.1,447,112,41,296469
ABprppaap:126,ABprppaap,126,24693,-307,-203,-184,-204,17.2,443,109,41,273410
ABprppaap:127,ABprppaap,127,24921,-79,451,373,32,17.2,440,111,41,303178
ABprppaap:128,ABprppaap,128,25222,222,200,148,242,17.9,437,112,37,261201
ABprppaap:129,ABprppaap,129,25778,778,220,512,595,18.0,424,115,39,270967
ABprppaap:130,ABprppaap,130,25850,850,936,1000,773,17.9,418,111,37,258237
ABprppaap:131,ABprppaap,131,25840,840,863,1000,783,17.1,408,107,41,310249
ABprppaap:132,ABprppaap,132,25842,842,763,675,807,17.0,404,101,37,284633
ABprppaap:133,ABprppaap,133,25596,596,396,462,507,17.2,400,97,39,287988
ABprppaap:134,ABprppaap,134,25498,498,434,461,397,17.0,397,94,39,308830
ABprppaap:135,ABprppaap,135,26578,1578,1727,1763,1562,17.1,393,93,39,336423
ABprppaap:136,ABprppaap,136,25402,402,208,190,378,17.3,392,96,39,319100
ABprppaap:137,ABprppaap,137,24894,-106,-429,-396,-196,17.3,386,93,39,308851
ABprppaap:138,ABprppaap,138,26188,1188,528,642,1146,17.4,386,92,39,305457
ABprppaap:139,ABprppaap,139,25157,157,102,156,-137,17.2,381,89,41,317081
ABprppaap:140,ABprppaap,140,24988,-12,-285,-93,-92,18.1,386,85,41,362687
ABprppaap:141,ABprppaap,141,25565,565,422,538,429,19.0,379,82,41,354841
ABprppaap:142,ABprppaap,142,26112,1112,442,608,857,19.1,379,83,41,335985
ABprppaap:143,ABprppaap,143,26420,1420,923,1091,899,19.0,380,81,41,349859
ABprppaap:144,ABprppaap,144,26095,1095,51,590,481,18.0,382,80,26,105860
ABprppaap:145,ABprppaap,145,27690,2690,1806,2018,2413,20.0,374,81,41,342758
ABprppap:87,ABprppap,87,23984,-1016,-146,-179,-1006,17.0,554,124,46,522879
ABprppap:88,ABprppap,88,23597,-1403,-385,-406,-1389,16.2,558,118,42,458486
ABprppap:89,ABprppap,89,24085,-915,-273,-320,-881,16.9,560,119,44,580375
ABprppap:90,ABprppap,90,23820,-1180,-76,-140,-1167,16.8,566,123,44,593520
ABprppap:91,ABprppap,91,23364,-1636,-1012,-1016,-1615,16.1,574,129,45,623314
ABprppap:92,ABprppap,92,24487,-513,609,624,-464,17.0,569,131,45,651489
ABprppap:93,ABprppap,93,24303,-697,-72,-47,-682,17.0,574,131,45,672437
ABprppap:94,ABprppap,94,23430,-1570,-807,-866,-1557,17.0,578,134,45,685028
ABprppap:95,ABprppap,95,24064,-936,-107,-137,-928,18.0,575,139,46,778310
ABprppap:96,ABprppap,96,24990,-10,1090,976,17,18.0,576,142,46,776677
ABprppap:97,ABprppap,97,24442,-558,321,290,-537,17.9,575,139,46,793476
ABprppap:98,ABprppap,98,24638,-362,543,428,-329,17.0,565,136,46,818068
ABprppap:99,ABprppap,99,23027,-1973,-1247,-1200,-1916,16.9,548,145,46,743236
ABprppap:100,ABprppap,100,24284,-716,-272,-399,-668,16.1,538,141,46,608334
ABprppap:101,ABprppap,101,24478,-522,-25,-10,-500,16.0,531,136,46,623520
ABprppap:102,ABprppap,102,25288,288,490,674,225,15.1,524,128,46,683586
ABprppap:103,ABprppap,103,24805,-195,160,169,-109,15.1,512,127,46,659501
ABprppap:104,ABprppap,104,24652,-348,84,110,-351,15.8,501,132,46,650545
ABprppap:105,ABprppap,105,24317,-683,-296,-323,-666,15.8,499,128,46,679413
ABprppap:106,ABprppap,106,24660,-340,81,176,-332,15.9,505,125,46,681682
ABprppap:107,ABprppap,107,25124,124,802,855,148,15.1,519,120,46,753254
ABprppap:108,ABprppap,108,24806,-194,48,38,-206,14.9,520,117,46,777096
ABprppap:109,ABprppap,109,24756,-244,-232,-339,-216,14.1,518,119,34,375373
ABprppap:110,ABprppap,110,24950,-50,198,345,-49,15.0,518,127,46,758240
ABprppap:111,ABprppap,111,25121,121,509,528,144,14.9,515,132,45,661805
ABprppap:112,ABprppap,112,23925,-1075,-647,-655,-1067,15.1,519,136,44,606013
ABprppap:113,ABprppap,113,24338,-662,-292,-290,-660,15.2,518,143,37,343106
ABprppap:114,ABprppap,114,25857,857,970,964,860,16.0,520,137,36,391809
ABprppapa:115,ABprppapa,115,24558,-442,-330,-363,-440,17.1,492,141,35,224168
ABprppapa:116,ABprppapa,116,24716,-284,280,227,-288,16.9,487,139,39,283855
ABprppapa:117,ABprppapa,117,24816,-184,404,402,-198,16.1,480,139,38,278493
ABprppapa:118,ABprppapa,118,24844,-156,414,409,-153,15.9,467,142,37,272837
ABprppapa:119,ABprppapa,119,24478,-522,-159,-165,-507,15.9,467,134,37,299654
ABprppapa:120,ABprppapa,120,24855,-145,195,189,-165,16.0,468,130,37,243353
ABprppapa:121,ABprppapa,121,24842,-158,-50,-99,-175,15.4,467,129,39,262904
ABprppapa:122,ABprppapa,122,24669,-331,-147,-156,-316,15.1,459,126,37,276622
ABprppapa:123,ABprppapa,123,26009,1009,1105,1155,1008,15.2,458,117,39,306575
ABprppapa:124,ABprppapa,124,25029,29,136,70,-75,15.0,455,119,39,329767
ABprppapa:125,ABprppapa,125,24383,-617,-792,-727,-743,14.0,458,122,37,315044
ABprppapa:126,ABprppapa,126,24376,-624,-100,31,-584,14.1,459,122,37,294112
ABprppapa:127,ABprppapa,127,24308,-692,-657,-512,-694,14.0,459,117,37,310778
ABprppapa:128,ABprppapa,128,24864,-136,-346,-385,-137,14.9,460,115,37,310258
ABprppapa:129,ABprppapa,129,25548,548,622,720,509,15.0,457,115,37,301275
ABprppapa:130,ABprppapa,130,25570,570,567,602,522,15.0,450,112,37,301488
ABprppapa:131,ABprppapa,131,25444,444,520,582,401,14.4,441,105,41,354266
ABprppapa:132,ABprppapa,132,25687,687,738,738,650,14.3,438,102,41,375589
ABprppapa:133,ABprppapa,133,26125,1125,1029,1085,1096,14.3,440,98,39,368922
ABprppapa:134,ABprppapa,134,26026,1026,850,828,962,14.9,435,91,37,322667
ABprppapa:135,ABprppapa,135,25347,347,353,590,277,14.9,429,100,37,321927
ABprppapa:136,ABprppapa,136,25258,258,-19,31,178,15.0,424,99,37,333751
ABprppapa:137,ABprppapa,137,24883,-117,27,96,-143,14.5,419,97,39,339742
ABprppapa:138,ABprppapa,138,25483,483,464,572,403,15.1,419,91,41,409408
ABprppapa:139,ABprppapa,139,26973,1973,2165,2175,1913,15.1,419,94,41,408831
ABprppapa:140,ABprppapa,140,25839,839,716,677,789,15.2,412,87,41,403923
ABprppapa:141,ABprppapa,141,25623,623,560,568,452,15.2,398,87,39,372888
ABprppapa:142,ABprppapa,142,26106,1106,818,935,874,15.3,394,84,39,346924
ABprppapa:143,ABprppapa,143,26943,1943,2085,2124,1785,15.3,394,81,39,334199
ABprppapa:144,ABprppapa,144,26482,1482,1174,1310,996,15.4,391,80,39,314409
ABprppapa:145,ABprppapa,145,26260,1260,1050,1278,997,16.1,387,80,39,327172
ABprppapp:115,ABprppapp,115,24534,-466,-188,-238,-457,16.1,537,145,35,262262
ABprppapp:116,ABprppapp,116,25381,381,1151,1092,409,15.1,546,155,35,248810
ABprppapp:117,ABprppapp,117,25109,109,631,672,145,15.1,544,156,38,333075
ABprppapp:118,ABprppapp,118,25160,160,184,336,150,15.0,546,146,37,332636
ABprppapp:119,ABprppapp,119,25887,887,1262,1262,890,14.9,546,137,37,376980
ABprppapp:120,ABprppapp,120,25248,248,115,14,105,15.1,545,131,37,336207
ABprppapp:121,ABprppapp,121,24353,-647,-767,-688,-798,15.1,537,128,26,139796
ABprppapp:122,ABprppapp,122,25217,217,342,361,393,14.2,538,134,39,346077
ABprppapp:123,ABprppapp,123,25888,888,1126,1178,812,15.1,531,128,37,333480
ABprppapp:124,ABprppapp,124,25179,179,444,681,141,14.9,522,128,37,328133
ABprppapp:125,ABprppapp,125,25317,317,353,388,346,14.8,524,129,37,344802
ABprppapp:126,ABprppapp,126,25393,393,763,826,394,14.9,523,128,37,340391
ABprppapp:127,ABprppapp,127,25352,352,440,504,550,14.2,521,122,37,346622
ABprppapp:128,ABprppapp,128,26056,1056,1385,1424,896,15.0,522,128,37,344707
ABprppapp:129,ABprppapp,129,25936,936,344,714,596,14.9,520,116,37,367237
ABprppapp:130,ABprppapp,130,26451,1451,846,1432,1057,14.0,514,112,26,143084
ABprppapp:131,ABprppapp,131,25966,966,775,687,356,14.0,514,112,26,143084
ABprppapp:132,ABprppapp,132,25859,859,536,762,626,15.0,504,111,26,145001
ABprppapp:133,ABprppapp,133,24119,-881,-1131,-1097,-927,15.2,497,110,39,397076
ABprppapp:134,ABprppapp,134,24672,-328,-198,-146,-427,15.2,492,106,41,440313
ABprppapp:135,ABprppapp,135,25519,519,739,770,504,15.1,489,102,39,417762
ABprppapp:136,ABprppapp,136,26195,1195,674,795,1134,15.3,482,99,41,415607
ABprppapp:137,ABprppapp,137,25623,623,546,557,485,15.3,478,102,39,397699
ABprppapp:138,ABprppapp,138,25672,672,601,631,690,15.2,475,102,39,414636
ABprppapp:139,ABprppapp,139,26146,1146,1178,1381,616,15.3,476,105,41,413551
ABprppapp:140,ABprppapp,140,26375,1375,1051,1119,1283,16.1,474,104,39,384414
ABprppapp:141,ABprppapp,141,26656,1656,1542,1610,1455,15.2,464,97,39,377484
ABprppapp:142,ABprppapp,142,26910,1910,1476,1473,1657,15.2,464,97,39,377484
ABprppapp:143,ABprppapp,143,26181,1181,824,888,1139,15.1,457,88,39,402257
ABprppapp:144,ABprppapp,144,28553,3553,3448,3705,3228,15.1,460,86,39,412845
ABprppapp:145,ABprppapp,145,25460,460,257,319,1,15.0,454,84,39,388296
ABprppp:63,ABprppp,63,24021,-979,113,87,-974,20.7,589,174,58,703223
ABprppp:64,ABprppp,64,23815,-1185,-270,-252,-1185,20.9,589,178,55,619851
ABprppp:65,ABprppp,65,23865,-1135,69,70,-1135,21.0,591,175,53,642240
ABprppp:66,ABprppp,66,24348,-652,361,361,-652,20.9,594,182,52,731744
ABprppp:67,ABprppp,67,23900,-1100,-192,-192,-1100,21.0,602,197,52,801795
ABprppp:68,ABprppp,68,23660,-1340,-224,-224,-1340,22.0,588,190,52,766692
ABprppp:69,ABprppp,69,24010,-990,25,25,-990,22.0,586,197,54,783380
ABprppp:70,ABprppp,70,23520,-1480,-360,-360,-1480,22.0,587,187,52,778050
ABprppp:71,ABprppp,71,23512,-1488,-431,-431,-1488,21.9,585,195,52,865040
ABprppp:72,ABprppp,72,23474,-1526,-554,-554,-1526,21.8,583,198,53,862476
ABprppp:73,ABprppp,73,24071,-929,291,291,-929,21.0,585,192,53,942547
ABprppp:74,ABprppp,74,23673,-1327,-416,-416,-1327,21.0,584,178,53,1032380
ABprppp:75,ABprppp,75,23694,-1306,-218,-219,-1306,20.8,585,177,54,1132210
ABprppp:76,ABprppp,76,23449,-1551,-361,-371,-1551,21.0,593,179,54,1235033
ABprppp:77,ABprppp,77,23305,-1695,-611,-615,-1695,20.2,592,176,54,1226791
ABprppp:78,ABprppp,78,23646,-1354,-497,-521,-1352,21.0,596,184,54,1260342
ABprppp:79,ABprppp,79,23721,-1279,-425,-429,-1279,20.0,592,179,54,1323954
ABprppp:80,ABprppp,80,24100,-900,188,176,-900,20.1,596,180,55,1000003
ABprppp:81,ABprppp,81,24243,-757,-26,-33,-757,20.0,599,184,55,1035376
ABprppp:82,ABprppp,82,24220,-780,150,145,-780,20.8,597,185,55,1031964
ABprppp:83,ABprppp,83,23515,-1485,-650,-652,-1485,20.2,594,180,54,1053826
ABprppp:84,ABprppp,84,23370,-1630,-849,-856,-1630,20.0,593,181,53,759892
ABprppp:85,ABprppp,85,23806,-1194,-207,-217,-1194,20.0,596,182,58,924915
ABprpppa:86,ABprpppa,86,23819,-1181,-75,-141,-1181,19.1,580,150,48,614900
ABprpppa:87,ABprpppa,87,24107,-893,137,109,-889,19.0,598,151,46,618226
ABprpppa:88,ABprpppa,88,23644,-1356,-482,-503,-1354,18.9,598,147,44,504126
ABprpppa:89,ABprpppa,89,23658,-1342,-493,-531,-1323,19.0,595,147,44,532733
ABprpppa:90,ABprpppa,90,24053,-947,101,44,-921,19.0,601,145,44,569796
ABprpppa:91,ABprpppa,91,24563,-437,417,314,-327,19.0,599,148,45,635177
ABprpppa:92,ABprpppa,92,23990,-1010,-41,-60,-989,18.1,599,156,45,652180
ABprpppa:93,ABprpppa,93,24616,-384,181,200,-359,18.0,605,157,45,682250
ABprpppa:94,ABprpppa,94,24199,-801,232,214,-749,17.9,607,169,45,697501
ABprpppa:95,ABprpppa,95,23994,-1006,-292,-322,-979,18.0,614,171,46,809122
ABprpppa:96,ABprpppa,96,23866,-1134,-164,-61,-1093,18.0,616,166,46,809022
ABprpppa:97,ABprpppa,97,24282,-718,331,307,-638,18.1,618,167,46,821422
ABprpppa:98,ABprpppa,98,22951,-2049,-1544,-1659,-2009,17.9,616,151,46,854238
ABprpppa:99,ABprpppa,99,24462,-538,311,261,-525,17.8,607,147,46,848526
ABprpppa:100,ABprpppa,100,24661,-339,-225,-219,-319,17.1,600,142,46,754006
ABprpppa:101,ABprpppa,101,25202,202,341,296,205,17.0,591,138,46,767440
ABprpppa:102,ABprpppa,102,25107,107,35,19,103,16.1,589,128,46,808024
ABprpppa:103,ABprpppa,103,25097,97,137,83,98,16.8,581,125,46,780046
ABprpppa:104,ABprpppa,104,24437,-563,0,8,-561,17.0,574,133,46,754652
ABprpppa:105,ABprpppa,105,24984,-16,279,242,-12,16.1,572,129,46,773792
ABprpppa:106,ABprpppa,106,24649,-351,36,31,-350,17.0,574,126,46,771558
ABprpppa:107,ABprpppa,107,25420,420,835,843,421,17.0,583,123,46,845830
ABprpppa:108,ABprpppa,108,24619,-381,-418,-413,-379,17.1,580,122,46,854304
ABprpppa:109,ABprpppa,109,24440,-560,-727,-673,-561,16.2,579,121,46,847148
ABprpppa:110,ABprpppa,110,24887,-113,68,61,-109,17.0,587,128,46,853667
ABprpppa:111,ABprpppa,111,25237,237,325,325,239,16.0,584,133,43,557180
ABprpppa:112,ABprpppa,112,24458,-542,-300,-301,-541,16.0,590,135,44,687372
ABprpppaa:113,ABprpppaa,113,24486,-514,34,80,-500,16.1,577,127,41,426363
ABprpppaa:114,ABprpppaa,114,24949,-51,19,8,-56,16.9,578,133,40,422292
ABprpppaa:115,ABprpppaa,115,25154,154,31,16,173,16.9,582,130,39,421336
ABprpppaa:116,ABprpppaa,116,24908,-92,231,284,-112,16.0,579,131,39,400006
ABprpppaa:117,ABprpppaa,117,24767,-233,-216,-278,-300,15.9,576,124,38,437596
ABprpppaa:118,ABprpppaa,118,26112,1112,777,697,1141,15.0,570,113,37,414973
ABprpppaa:119,ABprpppaa,119,25125,125,102,50,60,15.9,565,108,37,424472
ABprpppaa:120,ABprpppaa,120,25034,34,-171,-93,19,15.9,566,109,37,380179
ABprpppaa:121,ABprpppaa,121,25681,681,244,103,715,15.2,564,110,37,399553
ABprpppaa:122,ABprpppaa,122,25186,186,596,584,298,15.9,552,107,37,397405
ABprpppaa:123,ABprpppaa,123,25508,508,514,450,466,16.0,557,105,37,393479
ABprpppaa:124,ABprpppaa,124,25642,642,583,606,601,16.1,549,106,37,388753
ABprpppaa:125,ABprpppaa,125,25438,438,-199,-37,349,16.4,549,110,39,374523
ABprpppaa:126,ABprpppaa,126,24824,-176,306,370,-296,17.1,546,113,39,418804
ABprpppaa:127,ABprpppaa,127,24766,-234,45,131,-229,17.8,543,114,37,365567
ABprpppaa:128,ABprpppaa,128,26420,1420,1243,1343,1241,17.2,545,114,41,446297
ABprpppaa:129,ABprpppaa,129,26267,1267,787,836,1205,17.3,542,115,41,438583
ABprpppaa:130,ABprpppaa,130,26160,1160,839,942,937,17.3,540,111,41,416288
ABprpppaa:131,ABprpppaa,131,25073,73,51,74,-76,18.3,533,105,39,357264
ABprpppaa:132,ABprpppaa,132,24643,-357,-578,-472,-466,19.1,523,108,41,423189
ABprpppaa:133,ABprpppaa,133,25800,800,672,631,876,19.1,516,107,41,408226
ABprpppaa:134,ABprpppaa,134,25905,905,946,868,937,18.3,514,109,41,377945
ABprpppaa:135,ABprpppaa,135,25036,36,-169,-198,-84,18.3,510,109,41,371196
ABprpppaa:136,ABprpppaa,136,23920,-1080,-1294,-1123,-1250,19.1,507,109,41,370185
ABprpppaa:137,ABprpppaa,137,25638,638,625,536,589,19.2,505,114,41,352594
ABprpppaa:138,ABprpppaa,138,25542,542,564,637,488,19.1,500,114,41,368732
ABprpppaa:139,ABprpppaa,139,25742,742,382,530,585,19.2,506,117,41,356789
ABprpppaa:140,ABprpppaa,140,25450,450,-118,-18,142,19.2,512,123,41,363798
ABprpppaa:141,ABprpppaa,141,26251,1251,1161,1195,1117,19.1,491,116,41,366324
ABprpppaa:142,ABprpppaa,142,26272,1272,917,1130,985,19.1,486,110,41,387747
ABprpppaa:143,ABprpppaa,143,26983,1983,1556,1761,1901,19.0,480,109,41,386672
ABprpppaa:144,ABprpppaa,144,26659,1659,1154,1127,1286,18.2,481,105,41,374702
ABprpppaa:145,ABprpppaa,145,26559,1559,1083,1097,1547,19.0,475,103,41,346986
ABprpppap:113,ABprpppap,113,24759,-241,348,370,-217,14.3,624,153,37,357325
ABprpppap:114,ABprpppap,114,25190,190,461,431,189,15.1,631,158,36,410130
ABprpppap:115,ABprpppap,115,24785,-215,70,60,-217,16.1,631,169,39,438587
ABprpppap:116,ABprpppap,116,25141,141,734,727,134,17.0,637,170,39,427786
ABprpppap:117,ABprpppap,117,24807,-193,334,344,-199,16.9,643,168,38,464246
ABprpppap:118,ABprpppap,118,24599,-401,-311,-311,-404,16.0,628,149,37,435032
ABprpppap:119,ABprpppap,119,24586,-414,-12,-12,-423,17.0,622,149,37,414154
ABprpppap:120,ABprpppap,120,24959,-41,365,374,-33,17.8,615,151,37,334463
ABprpppap:121,ABprpppap,121,25085,85,42,56,98,17.2,604,147,37,360064
ABprpppap:122,ABprpppap,122,24305,-695,-423,-381,-718,17.1,598,141,37,364410
ABprpppap:123,ABprpppap,123,25237,237,541,528,431,17.0,598,141,37,363011
ABprpppap:124,ABprpppap,124,25878,878,992,1044,790,17.0,593,136,37,385650
ABprpppap:125,ABprpppap,125,25383,383,490,437,358,17.2,594,135,37,366755
ABprpppap:126,ABprpppap,126,25530,530,656,646,497,18.1,591,133,37,373778
ABprpppap:127,ABprpppap,127,25163,163,192,216,95,19.0,589,136,37,354580
ABprpppap:128,ABprpppap,128,25385,385,203,177,309,20.0,584,138,37,329716
ABprpppap:129,ABprpppap,129,25372,372,496,450,353,20.0,582,130,37,335859
ABprpppap:130,ABprpppap,130,26252,1252,1228,1314,1203,18.9,577,125,37,354158
ABprpppap:131,ABprpppap,131,25106,106,259,348,113,20.0,567,133,37,304594
ABprpppap:132,ABprpppap,132,24911,-89,245,350,-67,20.1,558,132,39,351060
ABprpppap:133,ABprpppap,133,25590,590,336,416,546,21.0,551,128,39,363479
ABprpppap:134,ABprpppap,134,25987,987,1082,1170,955,21.0,547,128,37,317508
ABprpppap:135,ABprpppap,135,26502,1502,1495,1504,1453,21.1,549,132,41,384323
ABprpppap:136,ABprpppap,136,26964,1964,2107,2067,1936,20.1,545,129,39,355000
ABprpppap:137,ABprpppap,137,25752,752,750,715,758,21.1,546,132,41,379202
ABprpppap:138,ABprpppap,138,25638,638,322,313,601,22.1,544,131,39,342930
ABprpppap:139,ABprpppap,139,26271,1271,1386,1408,1087,22.1,547,135,41,376577
ABprpppap:140,ABprpppap,140,25886,886,744,703,761,22.2,551,142,41,362600
ABprpppap:141,ABprpppap,141,25503,503,54,109,348,22.1,541,139,41,335608
ABprpppap:142,ABprpppap,142,26016,1016,360,432,917,22.0,536,133,41,344239
ABprpppap:143,ABprpppap,143,26199,1199,433,420,1198,22.2,532,134,41,292197
ABprpppap:144,ABprpppap,144,26068,1068,617,689,985,22.2,528,131,41,307897
ABprpppap:145,ABprpppap,145,25961,961,206,261,869,22.2,523,128,41,309610
ABprpppp:86,ABprpppp,86,23291,-1709,-707,-680,-1700,19.1,618,198,48,580375
ABprpppp:87,ABprpppp,87,24138,-862,233,277,-858,20.9,625,205,46,561789
ABprpppp:88,ABprpppp,88,24719,-281,779,731,-274,21.9,620,209,44,433534
ABprpppp:89,ABprpppp,89,24397,-603,414,404,-601,22.1,623,221,44,403559
ABprpppp:90,ABprpppp,90,24118,-882,85,85,-882,23.1,630,213,44,434034
ABprpppp:91,ABprpppp,91,23444,-1556,-525,-531,-1552,23.9,619,217,45,468295
ABprpppp:92,ABprpppp,92,24100,-900,611,611,-898,23.9,617,225,45,502193
ABprpppp:93,ABprpppp,93,24056,-944,-104,-112,-941,23.0,616,215,45,479501
ABprpppp:94,ABprpppp,94,24130,-870,-95,-116,-866,23.0,614,224,45,504741
ABprpppp:95,ABprpppp,95,24282,-718,201,157,-714,23.1,619,231,46,586053
ABprpppp:96,ABprpppp,96,23667,-1333,-291,-301,-1328,23.1,614,224,46,568059
ABprpppp:97,ABprpppp,97,23644,-1356,-622,-688,-1352,23.0,609,225,46,589319
ABprpppp:98,ABprpppp,98,23679,-1321,-139,-154,-1320,22.0,609,209,46,623343
ABprpppp:99,ABprpppp,99,23574,-1426,-669,-629,-1425,22.9,605,208,46,597473
ABprpppp:100,ABprpppp,100,24420,-580,-190,-191,-580,22.1,599,199,46,516001
ABprpppp:101,ABprpppp,101,24750,-250,318,321,-251,22.1,596,182,46,514313
ABprpppp:102,ABprpppp,102,24590,-410,134,134,-410,22.9,586,174,46,510183
ABprpppp:103,ABprpppp,103,24883,-117,108,108,-117,23.0,581,167,46,525637
ABprpppp:104,ABprpppp,104,25127,127,606,606,131,23.0,579,170,46,542021
ABprpppp:105,ABprpppp,105,25137,137,367,367,137,21.9,583,165,46,549407
ABprpppp:106,ABprpppp,106,23856,-1144,-733,-733,-1143,22.0,586,171,46,557771
ABprpppp:107,ABprpppp,107,24337,-663,-342,-355,-660,22.0,599,175,46,610201
ABprpppp:108,ABprpppp,108,24607,-393,-44,-44,-393,21.9,601,177,46,603493
ABprpppp:109,ABprpppp,109,24803,-197,194,194,-196,22.0,601,171,46,642404
ABprpppp:110,ABprpppp,110,24148,-852,-343,-343,-852,22.0,606,172,46,646229
ABprpppp:111,ABprpppp,111,24722,-278,91,96,-278,21.9,601,166,45,534304
ABprpppp:112,ABprpppp,112,25893,893,1470,1478,896,21.0,606,174,44,493631
ABprppppa:113,ABprppppa,113,24822,-178,-91,-140,-171,21.0,606,148,41,389621
ABprppppa:114,ABprppppa,114,25203,203,218,213,196,20.9,616,150,40,381558
ABprppppa:115,ABprppppa,115,24656,-344,-353,-268,-345,20.1,608,149,39,341234
ABprppppa:116,ABprppppa,116,25773,773,971,967,777,20.9,608,144,39,344758
ABprppppa:117,ABprppppa,117,24966,-34,89,97,-22,20.9,599,140,38,331247
ABprppppa:118,ABprppppa,118,24829,-171,-144,-109,-387,19.2,581,122,41,385787
ABprppppa:119,ABprppppa,119,25054,54,213,184,2,19.2,570,121,41,401444
ABprppppa:120,ABprppppa,120,24936,-64,-304,-294,-90,19.1,560,120,41,352552
ABprppppa:121,ABprppppa,121,25062,62,15,-2,40,19.1,554,120,41,351620
ABprppppa:122,ABprppppa,122,23650,-1350,-1462,-1424,-1434,19.9,544,119,37,279490
ABprppppa:123,ABprppppa,123,25160,160,135,129,15,20.0,544,122,41,344068
ABprppppa:124,ABprppppa,124,25438,438,405,403,363,20.1,543,128,39,306317
ABprppppa:125,ABprppppa,125,25980,980,1058,1184,914,20.1,543,128,39,282504
ABprppppa:126,ABprppppa,126,25429,429,376,447,450,21.0,538,128,37,266098
ABprppppa:127,ABprppppa,127,24655,-345,-159,-122,-317,20.1,532,127,41,297105
ABprppppa:128,ABprppppa,128,25228,228,-658,-668,53,21.0,527,131,26,91389
ABprppppa:129,ABprppppa,129,24320,-680,-1085,-1228,-933,20.1,524,130,26,95000
ABprppppa:130,ABprppppa,130,25398,398,5,80,331,20.0,504,134,41,263811
ABprppppa:131,ABprppppa,131,24718,-282,-35,-15,-325,19.2,485,125,41,280135
ABprppppa:132,ABprppppa,132,25261,261,230,436,253,20.1,469,120,41,278562
ABprppppa:133,ABprppppa,133,25335,335,135,14,275,19.1,461,110,41,277844
ABprppppa:134,ABprppppa,134,25205,205,269,286,145,19.2,455,114,41,262937
ABprppppa:135,ABprppppa,135,25520,520,337,292,460,20.0,454,119,41,284136
ABprppppa:136,ABprppppa,136,25133,133,-16,-73,53,20.0,451,116,41,281164
ABprppppa:137,ABprppppa,137,25824,824,636,600,793,19.2,447,116,41,261647
ABprppppa:138,ABprppppa,138,26236,1236,875,926,1108,20.2,438,116,41,278616
ABprppppa:139,ABprppppa,139,26417,1417,1714,1789,1255,20.1,443,111,41,284576
ABprppppa:140,ABprppppa,140,25624,624,497,584,462,20.1,453,109,41,266952
ABprppppa:141,ABprppppa,141,26245,1245,926,1012,1177,20.1,443,112,41,255654
ABprppppa:142,ABprppppa,142,25541,541,-89,-54,484,21.0,443,112,41,263194
ABprppppa:143,ABprppppa,143,25608,608,-15,52,546,21.1,438,116,41,248321
ABprppppa:144,ABprppppa,144,25500,500,267,291,450,20.2,434,115,39,220467
ABprppppa:145,ABprppppa,145,25284,284,-169,-145,261,21.0,427,113,41,260985
ABprppppp:113,ABprppppp,113,25047,47,323,352,59,21.0,626,197,41,349840
ABprppppp:114,ABprppppp,114,24872,-128,294,285,-145,21.1,623,209,40,355786
ABprppppp:115,ABprppppp,115,25848,848,1117,1117,849,22.0,624,204,39,324507
ABprppppp:116,ABprppppp,116,24019,-981,-620,-643,-989,22.2,624,199,41,319081
ABprppppp:117,ABprppppp,117,24653,-347,218,197,-347,23.1,607,192,40,282097
ABprppppp:118,ABprppppp,118,24283,-717,-493,-524,-714,23.2,592,171,39,252281
ABprppppp:119,ABprppppp,119,24939,-61,430,430,-61,24.0,572,161,41,272881
ABprppppp:120,ABprppppp,120,24516,-484,105,105,-484,24.1,548,152,41,198828
ABprppppp:121,ABprppppp,121,24743,-257,-310,-300,-261,24.0,527,152,39,173360
ABprppppp:122,ABprppppp,122,25246,246,385,385,255,25.0,517,150,37,157008
ABprppppp:123,ABprppppp,123,25274,274,531,543,314,24.1,507,155,41,183942
ABprppppp:124,ABprppppp,124,24497,-503,-318,-324,-494,24.1,513,156,41,194150
ABprppppp:125,ABprppppp,125,24895,-105,-4,24,-105,23.1,509,168,41,191484
ABprppppp:126,ABprppppp,126,24661,-339,-147,-176,-340,23.2,514,163,41,182819
ABprppppp:127,ABprppppp,127,25093,93,185,173,85,23.2,508,165,41,182158
ABprppppp:128,ABprppppp,128,24489,-511,-727,-704,-511,23.2,502,160,41,193905
ABprppppp:129,ABprppppp,129,25545,545,712,712,543,24.0,500,161,37,169886
ABprppppp:130,ABprppppp,130,25354,354,211,164,321,23.2,495,159,41,201127
ABprppppp:131,ABprppppp,131,25652,652,621,605,690,23.1,476,144,41,238678
ABprppppp:132,ABprppppp,132,24896,-104,-61,-25,-143,23.1,476,144,41,238678
ABprppppp:133,ABprppppp,133,25450,450,33,132,385,23.1,461,136,41,212810
ABprppppp:134,ABprppppp,134,25584,584,113,48,569,23.1,470,137,41,224936
ABprppppp:135,ABprppppp,135,25823,823,540,523,789,23.2,478,137,41,239173
ABprppppp:136,ABprppppp,136,24941,-59,-244,-379,-71,23.2,473,141,41,205783
ABprppppp:137,ABprppppp,137,25214,214,-207,-214,197,24.1,478,135,41,222230
ABprppppp:138,ABprppppp,138,24806,-194,-524,-551,-218,24.0,477,136,41,228124
ABprppppp:139,ABprppppp,139,26428,1428,1147,1129,1378,23.0,480,136,41,222664
ABprppppp:140,ABprppppp,140,25658,658,188,166,637,23.0,486,136,41,233532
ABprppppp:141,ABprppppp,141,25974,974,478,494,836,23.0,482,132,41,256343
ABprppppp:142,ABprppppp,142,25455,455,-397,-364,396,23.1,479,140,41,232081
ABprppppp:143,ABprppppp,143,25940,940,633,624,886,24.1,472,143,41,230650
ABprppppp:144,ABprppppp,144,26527,1527,651,652,1512,23.1,468,146,41,210190
ABprppppp:145,ABprppppp,145,27311,2311,1417,1417,2269,24.0,470,159,41,228154
P1:1,P1,1,24588,-412,119,119,-412,14.2,579,238,88,5834250
P1:2,P1,2,24364,-636,-223,-223,-636,15.2,546,230,96,6812332
P1:3,P1,3,24501,-499,127,127,-499,14.7,521,235,100,7261899
P1:4,P1,4,23459,-1541,-154,-154,-1541,15.0,525,235,104,7679928
P1:5,P1,5,23359,-1641,-235,-235,-1641,14.2,495,279,104,5021365
P1:6,P1,6,23140,-1860,-142,-142,-1860,14.0,520,265,50,0
EMS:7,EMS,7,23330,-1670,-239,-239,-1670,15.0,486,279,50,0
EMS:8,EMS,8,23539,-1461,-431,-431,-1461,14.0,464,288,55,491501
EMS:9,EMS,9,23015,-1985,-627,-627,-1985,12.7,453,286,62,1353580
EMS:10,EMS,10,23018,-1982,-724,-724,-1982,13.6,436,294,69,2139402
EMS:11,EMS,11,23772,-1228,-3,-3,-1228,14.4,425,305,72,2716412
EMS:12,EMS,12,23380,-1620,-315,-315,-1620,14.5,420,321,76,3338636
EMS:13,EMS,13,23380,-1620,-399,-399,-1620,14.7,420,335,79,3799405
EMS:14,EMS,14,23513,-1487,-265,-265,-1487,15.9,419,345,82,4153083
EMS:15,EMS,15,23433,-1567,-599,-599,-1567,15.5,407,370,85,4682750
EMS:16,EMS,16,23701,-1299,-382,-382,-1299,14.8,406,365,85,4748539
EMS:17,EMS,17,23323,-1677,-579,-579,-1677,17.2,416,358,83,4211000
EMS:18,EMS,18,23207,-1793,-603,-603,-1793,16.6,434,353,84,3970464
EMS:19,EMS,19,23794,-1206,256,256,-1206,15.2,413,344,59,904786
MS:20,MS,20,24241,-759,459,296,-724,16.0,385,342,46,434335
MS:21,MS,21,23400,-1600,-496,-512,-1600,15.2,379,339,68,913281
MS:22,MS,22,23490,-1510,-385,-385,-1510,16.1,361,359,58,1033552
MS:23,MS,23,23524,-1476,-584,-584,-1476,17.7,331,376,68,1843714
MS:24,MS,24,23655,-1345,-389,-389,-1345,20.9,315,362,70,1943970
MS:25,MS,25,23765,-1235,-43,-43,-1235,20.9,306,316,73,1539502
MS:26,MS,26,23871,-1129,181,181,-1129,20.0,298,279,72,1558639
MS:27,MS,27,23696,-1304,26,26,-1304,20.5,308,268,73,1554826
MS:28,MS,28,23929,-1071,239,239,-1071,20.4,317,253,73,1540799
MS:29,MS,29,23754,-1246,9,9,-1246,20.4,315,249,76,1666320
MS:30,MS,30,23647,-1353,-66,-66,-1353,20.2,328,291,70,1332627
MS:31,MS,31,23830,-1170,274,274,-1170,19.1,342,298,67,1214664
MS:32,MS,32,23341,-1659,-367,-367,-1659,18.2,341,295,68,1378675
MS:33,MS,33,23703,-1297,2,2,-1297,18.0,340,297,69,1379101
MS:34,MS,34,23309,-1691,-511,-511,-1691,17.1,327,301,53,620106
MS:35,MS,35,23636,-1364,-285,-285,-1364,17.3,319,289,63,912149
MSa:36,MSa,36,23471,-1529,-107,-107,-1529,17.4,281,312,49,424248
MSa:37,MSa,37,23423,-1577,-501,-499,-1577,18.8,279,316,63,827706
MSa:38,MSa,38,23301,-1699,-499,-499,-1699,17.8,261,321,64,1109017
MSa:39,MSa,39,23469,-1531,-345,-345,-1531,17.9,246,329,65,1238825
MSa:40,MSa,40,23783,-1217,14,14,-1217,18.9,252,332,67,1266037
MSa:41,MSa,41,23284,-1716,-605,-605,-1716,19.9,266,339,67,1285424
MSa:42,MSa,42,23879,-1121,74,74,-1121,20.8,275,343,66,1268565
MSa:43,MSa,43,23713,-1287,-231,-231,-1287,20.1,276,334,64,1269528
MSa:44,MSa,44,23435,-1565,-701,-701,-1565,20.0,266,339,67,1464512
MSa:45,MSa,45,23865,-1135,-140,-140,-1135,19.2,233,325,62,1141516
MSa:46,MSa,46,23502,-1498,-454,-454,-1498,18.2,230,325,61,1285868
MSa:47,MSa,47,23412,-1588,-462,-462,-1588,18.4,222,331,62,1342400
MSa:48,MSa,48,23239,-1761,-596,-596,-1761,19.1,225,334,63,1371854
MSa:49,MSa,49,23327,-1673,-577,-577,-1673,18.2,238,342,64,1541635
MSa:50,MSa,50,23135,-1865,-791,-791,-1865,18.2,241,341,65,1550005
MSa:51,MSa,51,23530,-1470,-325,-325,-1470,18.8,234,338,60,1021906
MSa:52,MSa,52,23537,-1463,-360,-360,-1463,16.9,249,345,60,1323712
MSaa:53,MSaa,53,24237,-763,511,511,-762,20.4,219,342,54,516689
MSaa:54,MSaa,54,23841,-1159,-163,-188,-1159,20.9,214,347,60,753452
MSaa:55,MSaa,55,23528,-1472,-414,-414,-1472,20.8,201,346,60,910429
MSaa:56,MSaa,56,23817,-1183,-406,-406,-1183,22.7,193,342,60,951629
MSaa:57,MSaa,57,24226,-774,153,153,-774,22.7,176,327,61,988399
MSaa:58,MSaa,58,23653,-1347,-436,-436,-1347,22.6,188,316,61,925904
MSaa:59,MSaa,59,23960,-1040,110,110,-1040,22.0,187,317,61,1001867
MSaa:60,MSaa,60,23419,-1581,-422,-422,-1581,21.9,191,313,61,992487
MSaa:61,MSaa,61,24333,-667,462,462,-667,21.8,194,306,60,1089110
MSaa:62,MSaa,62,23558,-1442,-411,-411,-1442,21.2,192,298,61,1055322
MSaa:63,MSaa,63,23714,-1286,-89,-78,-1286,21.1,202,307,62,1121395
MSaa:64,MSaa,64,23559,-1441,-255,-266,-1441,21.3,208,312,61,1031565
MSaa:65,MSaa,65,23635,-1365,-225,-238,-1365,21.1,220,317,59,959554
MSaa:66,MSaa,66,24152,-848,155,171,-848,21.1,233,316,58,985408
MSaa:67,MSaa,67,23512,-1488,-425,-398,-1488,20.3,227,315,58,984964
MSaa:68,MSaa,68,24018,-982,319,321,-982,21.0,220,313,58,1072768
MSaa:69,MSaa,69,23692,-1308,-94,-89,-1308,20.3,220,309,58,1115093
MSaa:70,MSaa,70,23441,-1559,-244,-245,-1559,20.1,226,311,58,1180169
MSaa:71,MSaa,71,23161,-1839,-858,-858,-1839,20.2,215,309,58,1251449
MSaa:72,MSaa,72,23504,-1496,-442,-442,-1496,20.9,215,317,53,791619
MSaa:73,MSaa,73,23401,-1599,-481,-481,-1599,20.0,216,309,53,814966
MSaaa:74,MSaaa,74,23827,-1173,16,-9,-1173,19.9,184,304,53,667154
MSaaa:75,MSaaa,75,23561,-1439,-269,-278,-1439,20.1,183,306,52,813608
MSaaa:76,MSaaa,76,23573,-1427,-119,-145,-1427,21.8,182,304,54,983018
MSaaa:77,MSaaa,77,24002,-998,495,485,-998,20.9,177,295,54,1104958
MSaaa:78,MSaaa,78,23325,-1675,-366,-381,-1675,21.8,179,304,54,1099592
MSaaa:79,MSaaa,79,23292,-1708,-797,-825,-1707,21.2,175,316,54,1214150
MSaaa:80,MSaaa,80,23395,-1605,-628,-638,-1603,22.0,176,310,55,867040
MSaaa:81,MSaaa,81,23344,-1656,-374,-337,-1655,22.0,175,299,55,922325
MSaaa:82,MSaaa,82,23560,-1440,-90,-92,-1440,22.1,178,305,55,942554
MSaaa:83,MSaaa,83,23908,-1092,-143,-141,-1088,22.1,177,298,54,996714
MSaaa:84,MSaaa,84,23400,-1600,-633,-624,-1595,22.0,167,298,55,1040164
MSaaa:85,MSaaa,85,24139,-861,342,356,-859,21.4,162,295,54,976294
MSaaa:86,MSaaa,86,23236,-1764,-577,-623,-1750,21.1,179,302,52,843508
MSaaa:87,MSaaa,87,23761,-1239,-175,-182,-1233,21.1,196,307,50,750762
MSaaa:88,MSaaa,88,23616,-1384,-144,-122,-1380,21.2,194,298,48,661961
MSaaa:89,MSaaa,89,24069,-931,187,192,-925,21.2,194,299,48,675821
MSaaa:90,MSaaa,90,23591,-1409,-189,-193,-1405,21.2,193,303,48,750497
MSaaa:91,MSaaa,91,23659,-1341,-162,-155,-1340,22.1,187,302,49,740759
MSaaa:92,MSaaa,92,23779,-1221,-173,-208,-1216,22.0,181,296,49,759227
MSaaa:93,MSaaa,93,23659,-1341,-206,-206,-1340,22.1,189,294,49,741692
MSaaa:94,MSaaa,94,23425,-1575,-377,-369,-1573,21.1,185,286,49,763020
MSaaa:95,MSaaa,95,23695,-1305,-27,-26,-1295,21.2,190,284,50,860735
MSaaa:96,MSaaa,96,24725,-275,950,950,-275,22.0,187,277,46,595489
MSaaa:97,MSaaa,97,24286,-714,137,137,-711,20.9,188,271,46,605144
MSaaaa:98,MSaaaa,98,24499,-501,497,483,-500,21.9,138,254,46,554983
MSaaaa:99,MSaaaa,99,23650,-1350,-156,-145,-1350,22.0,124,239,46,651648
MSaaaa:100,MSaaaa,100,24961,-39,416,414,-39,22.0,122,235,46,554857
MSaaaa:101,MSaaaa,101,24845,-155,589,592,-154,22.0,110,237,46,636884
MSaaaa:102,MSaaaa,102,24372,-628,-394,-403,-624,21.1,115,249,46,619850
MSaaaa:103,MSaaaa,103,25228,228,485,404,229,21.1,114,241,46,702272
MSaaaa:104,MSaaaa,104,25372,372,665,668,374,21.0,117,241,46,668913
MSaaaa:105,MSaaaa,105,24152,-848,-379,-426,-849,21.0,121,239,46,679830
MSaaaa:106,MSaaaa,106,24895,-105,303,283,-105,20.1,118,236,46,652907
MSaaaa:107,MSaaaa,107,25361,361,649,589,361,19.9,121,232,46,698783
MSaaaa:108,MSaaaa,108,24598,-402,4,124,-401,18.2,126,231,46,692318
MSaaaa:109,MSaaaa,109,24824,-176,347,405,-170,17.9,126,230,46,744664
MSaaaa:110,MSaaaa,110,24377,-623,-280,-257,-620,17.1,127,232,46,769659
MSaaaa:111,MSaaaa,111,24722,-278,-31,15,-278,16.2,122,235,47,781089
MSaaaa:112,MSaaaa,112,24493,-507,-153,-155,-503,16.4,119,236,48,870487
MSaaaa:113,MSaaaa,113,24166,-834,-499,-493,-832,16.1,116,243,45,648282
MSaaaa:114,MSaaaa,114,24883,-117,207,177,-128,15.2,119,235,44,592163
MSaaaa:115,MSaaaa,115,24633,-367,-249,-156,-369,16.1,127,234,43,619092
MSaaaa:116,MSaaaa,116,24492,-508,-261,-184,-487,16.1,131,233,43,584584
MSaaaa:117,MSaaaa,117,25697,697,854,847,725,16.1,134,236,42,585479
MSaaaa:118,MSaaaa,118,25270,270,614,618,287,16.1,134,244,41,523398
MSaaaa:119,MSaaaa,119,24693,-307,189,173,-307,16.0,136,238,41,544389
MSaaaa:120,MSaaaa,120,24954,-46,295,290,-109,16.1,135,236,41,436379
MSaaaa:121,MSaaaa,121,24935,-65,15,15,-71,16.0,144,239,41,452724
MSaaaa:122,MSaaaa,122,26001,1001,687,685,1005,16.0,147,239,37,399104
MSaaaa:123,MSaaaa,123,25526,526,1289,1289,516,15.2,142,238,41,482618
MSaaaaa:124,MSaaaaa,124,25092,92,-24,9,138,16.0,107,229,37,371115
MSaaaaa:125,MSaaaaa,125,25158,158,517,542,60,15.9,101,221,37,387625
MSaaaaa:126,MSaaaaa,126,25363,363,645,765,299,15.0,102,218,37,396524
MSaaaaa:127,MSaaaaa,127,25114,114,232,283,101,14.4,97,215,39,425999
MSaaaaa:128,MSaaaaa,128,25738,738,775,662,755,14.5,96,219,41,430763
MSaaaaa:129,MSaaaaa,129,25442,442,567,543,348,14.3,92,225,39,460880
MSaaaaa:130,MSaaaaa,130,24802,-198,-232,-193,-243,14.2,100,226,39,450522
MSaaaaa:131,MSaaaaa,131,26207,1207,1354,1267,1134,14.1,96,233,41,512787
MSaaaaa:132,MSaaaaa,132,25166,166,49,161,68,13.4,93,228,41,490310
MSaaaaa:133,MSaaaaa,133,24661,-339,-78,-77,-481,13.3,97,235,41,511424
MSaaaaa:134,MSaaaaa,134,26242,1242,1221,1286,1143,13.2,95,238,39,460130
MSaaaaa:135,MSaaaaa,135,25047,47,245,206,17,13.3,98,241,41,481285
MSaaaaa:136,MSaaaaa,136,26350,1350,1580,1628,1345,13.2,102,241,39,464219
MSaaaaa:137,MSaaaaa,137,25483,483,278,385,434,12.5,104,244,39,410027
MSaaaaa:138,MSaaaaa,138,25502,502,362,392,403,13.2,102,255,41,525104
MSaaaaa:139,MSaaaaa,139,25948,948,838,872,860,13.0,103,256,41,550391
MSaaaaa:140,MSaaaaa,140,25595,595,650,859,389,13.1,100,247,41,545667
MSaaaaa:141,MSaaaaa,141,25722,722,636,661,651,13.1,100,245,39,499276
MSaaaaa:142,MSaaaaa,142,24845,-155,-688,-576,-224,12.4,105,251,41,482410
MSaaaaa:143,MSaaaaa,143,25292,292,-123,215,98,12.3,102,249,41,542527
MSaaaaa:144,MSaaaaa,144,25361,361,322,366,258,12.3,106,240,41,548415
MSaaaaa:145,MSaaaaa,145,26078,1078,745,1030,851,12.2,106,241,41,552960
MSaaaap:124,MSaaaap,124,25865,865,1274,1274,815,13.3,166,255,35,256217
MSaaaap:125,MSaaaap,125,26160,1160,1460,1456,1149,13.9,167,252,37,333183
MSaaaap:126,MSaaaap,126,25030,30,703,687,-48,13.1,165,251,37,336547
MSaaaap:127,MSaaaap,127,26165,1165,1442,1433,1149,12.9,156,257,37,345500
MSaaaap:128,MSaaaap,128,24455,-545,-67,-31,-707,12.4,156,257,39,335108
MSaaaap:129,MSaaaap,129,24929,-71,-241,-200,65,12.1,152,261,37,339402
MSaaaap:130,MSaaaap,130,24739,-261,-340,-361,-331,12.1,150,261,37,346832
MSaaaap:131,MSaaaap,131,25345,345,604,538,245,11.2,152,261,39,401966
MSaaaap:132,MSaaaap,132,26549,1549,1792,1884,1454,11.3,150,254,39,400930
MSaaaap:133,MSaaaap,133,24438,-562,-146,-218,-619,11.4,155,254,39,410379
MSaaaap:134,MSaaaap,134,24827,-173,91,27,-237,12.0,153,253,39,446401
MSaaaap:135,MSaaaap,135,25402,402,808,943,355,11.6,159,253,39,456392
MSaaaap:136,MSaaaap,136,24920,-80,124,251,-234,11.4,157,255,39,448348
MSaaaap:137,MSaaaap,137,25954,954,917,938,831,11.2,151,252,39,462074
MSaaaap:138,MSaaaap,138,25705,705,780,822,633,11.1,148,252,39,469661
MSaaaap:139,MSaaaap,139,26059,1059,775,937,676,10.3,149,250,41,490882
MSaaaap:140,MSaaaap,140,25790,790,501,565,604,10.5,147,251,39,499913
MSaaaap:141,MSaaaap,141,26250,1250,1346,1378,1227,10.4,147,253,41,497136
MSaaaap:142,MSaaaap,142,25908,908,939,1100,604,10.2,146,261,41,545703
MSaaaap:143,MSaaaap,143,26680,1680,1437,1640,1484,10.0,149,255,41,568041
MSaaaap:144,MSaaaap,144,26376,1376,1231,1297,1190,10.0,153,255,41,560627
MSaaaap:145,MSaaaap,145,26218,1218,1164,1204,898,9.4,153,251,41,523690
MSaaap:98,MSaaap,98,23798,-1202,35,-15,-1179,21.0,201,273,46,431672
MSaaap:99,MSaaap,99,23909,-1091,-164,-162,-1086,21.0,196,259,46,458571
MSaaap:100,MSaaap,100,24313,-687,-186,-185,-687,20.9,196,254,46,394595
MSaaap:101,MSaaap,101,25078,78,505,507,78,21.1,202,267,46,376805
MSaaap:102,MSaaap,102,23839,-1161,-643,-570,-1159,21.0,207,274,46,402772
MSaaap:103,MSaaap,103,24392,-608,-51,-75,-607,20.0,208,263,46,431087
MSaaap:104,MSaaap,104,24089,-911,-754,-809,-899,19.2,208,261,48,485819
MSaaap:105,MSaaap,105,24892,-108,121,182,-103,19.1,217,254,46,438879
MSaaap:106,MSaaap,106,24659,-341,37,55,-330,19.2,219,261,50,536870
MSaaap:107,MSaaap,107,25135,135,-254,-349,75,18.3,235,255,48,494341
MSaaap:108,MSaaap,108,25423,423,-91,-158,25,19.0,241,257,46,444955
MSaaap:109,MSaaap,109,24641,-359,-610,-673,-350,19.0,235,261,46,443847
MSaaap:110,MSaaap,110,25499,499,221,250,484,19.0,218,261,46,475757
MSaaap:111,MSaaap,111,25139,139,-255,-378,70,18.0,220,256,45,392019
MSaaap:112,MSaaap,112,25261,261,-407,-422,133,16.9,223,249,44,433683
MSaaap:113,MSaaap,113,24987,-13,361,351,-14,17.0,213,252,45,388431
MSaaap:114,MSaaap,114,25081,81,-302,-277,80,17.0,222,263,44,335720
MSaaap:115,MSaaap,115,25624,624,-59,-121,497,17.1,226,263,43,345191
MSaaap:116,MSaaap,116,26609,1609,-313,-400,1409,17.1,230,263,43,380401
MSaaap:117,MSaaap,117,25014,14,-895,-888,-168,17.2,228,267,42,360006
MSaaap:118,MSaaap,118,26809,1809,-243,-245,1385,17.1,240,270,41,333482
MSaaap:119,MSaaap,119,26665,1665,-371,-374,927,16.1,230,270,41,410541
MSaaap:120,MSaaap,120,28653,3653,-2599,-2377,315,15.3,230,263,41,297240
MSaaap:121,MSaaap,121,30979,5979,-1133,-444,298,15.3,231,260,41,309645
MSaaap:122,MSaaap,122,27665,2665,-97,-97,1258,15.2,231,254,41,357922
MSaaap:123,MSaaap,123,25338,338,-1638,-1638,291,14.4,225,246,39,346639
MSaaap:124,MSaaap,124,26784,1784,-657,-657,1172,14.1,232,253,35,302206
MSaaap:125,MSaaap,125,27562,2562,-595,-595,1703,14.8,241,254,37,338994
MSaaapa:126,MSaaapa,126,25252,252,-445,-281,276,14.1,212,242,35,230257
MSaaapa:127,MSaaapa,127,25943,943,378,396,880,13.8,207,243,37,281652
MSaaapa:128,MSaaapa,128,25826,826,105,31,842,14.1,202,247,37,257630
MSaaapa:129,MSaaapa,129,24216,-784,-1198,-1227,-758,13.0,201,249,39,276785
MSaaapa:130,MSaaapa,130,24718,-282,-558,-558,-320,13.0,193,257,39,306368
MSaaapa:131,MSaaapa,131,24249,-751,-653,-620,-798,12.3,188,261,39,317018
MSaaapa:132,MSaaapa,132,24116,-884,-812,-730,-1039,12.3,187,258,39,338666
MSaaapa:133,MSaaapa,133,24541,-459,-1053,-1097,-510,12.2,194,264,39,366240
MSaaapa:134,MSaaapa,134,25410,410,-83,-246,377,12.9,191,259,37,349919
MSaaapa:135,MSaaapa,135,25543,543,-1075,-1333,561,12.2,197,262,39,382609
MSaaapa:136,MSaaapa,136,26380,1380,464,211,1312,11.5,197,256,39,365758
MSaaapa:137,MSaaapa,137,26139,1139,484,611,743,11.2,192,256,39,430984
MSaaapa:138,MSaaapa,138,25155,155,-958,-944,-35,11.1,190,259,41,467633
MSaaapa:139,MSaaapa,139,25782,782,-879,-798,406,11.0,190,259,41,494016
MSaaapa:140,MSaaapa,140,24686,-314,-2188,-2084,-609,10.4,192,260,39,414696
MSaaapa:141,MSaaapa,141,25740,740,-624,-548,563,11.0,192,256,41,493831
MSaaapa:142,MSaaapa,142,26143,1143,1018,1012,954,10.3,190,255,41,496856
MSaaapa:143,MSaaapa,143,26470,1470,671,749,1224,10.1,195,252,41,540731
MSaaapa:144,MSaaapa,144,25931,931,-900,-699,459,10.1,200,250,41,538953
MSaaapa:145,MSaaapa,145,25527,527,-45,45,152,10.0,202,246,41,539597
MSaaapp:126,MSaaapp,126,35751,10751,858,446,-1949,14.2,256,260,35,202449
MSaaapp:127,MSaaapp,127,32444,7444,-1247,-1805,4881,15.0,257,259,37,248889
MSaaapp:128,MSaaapp,128,29619,4619,-1408,-1804,-1208,15.9,258,266,37,245174
MSaaapp:129,MSaaapp,129,36911,11911,-685,1405,-7089,15.1,253,274,37,265070
MSaaapp:130,MSaaapp,130,42625,17625,2288,4590,431,15.1,259,276,37,277668
MSaaapp:131,MSaaapp,131,35588,10588,-356,390,-6968,15.1,253,280,37,287743
MSaaapp:132,MSaaapp,132,34047,9047,1095,649,-1902,15.9,248,285,37,264301
MSaaapp:133,MSaaapp,133,34642,9642,-87,-623,2134,15.0,246,283,37,295725
MSaaapp:134,MSaaapp,134,34488,9488,-549,-1370,-385,14.8,240,288,37,297868
MSaaapp:135,MSaaapp,135,40157,15157,1156,-59,1457,14.9,248,283,37,313320
MSaaapp:136,MSaaapp,136,39482,14482,-560,-1831,418,14.9,244,278,37,340123
MSaaapp:137,MSaaapp,137,52839,27839,5234,11237,-8684,14.1,245,272,37,364686
MSaaapp:138,MSaaapp,138,46358,21358,999,7115,-3744,13.9,240,264,37,376448
MSaaapp:139,MSaaapp,139,45288,20288,-366,5564,749,13.9,235,262,37,364375
MSaaapp:140,MSaaapp,140,50765,25765,-506,6518,5625,13.1,242,257,37,388211
MSaaapp:141,MSaaapp,141,46226,21226,-1919,2700,-2374,13.0,243,257,37,392004
MSaaapp:142,MSaaapp,142,40758,15758,-3929,-1376,12618,12.8,241,253,37,391106
MSaaapp:143,MSaaapp,143,47601,22601,-4042,-895,16907,12.0,247,255,37,387601
MSaaapp:144,MSaaapp,144,43135,18135,-5173,-2125,9979,12.0,252,249,37,385791
MSaaapp:145,MSaaapp,145,40747,15747,-6911,2509,8181,11.9,251,247,37,394374
MSaap:74,MSaap,74,23520,-1480,-141,-152,-1480,20.9,255,296,53,542369
MSaap:75,MSaap,75,23660,-1340,59,52,-1340,20.9,259,298,54,673001
MSaap:76,MSaap,76,23465,-1535,-234,-231,-1535,21.0,271,300,54,767516
MSaap:77,MSaap,77,23668,-1332,-72,-80,-1332,21.9,284,294,54,761832
MSaap:78,MSaap,78,23900,-1100,130,130,-1100,22.0,295,305,54,855175
MSaap:79,MSaap,79,23690,-1310,-30,-30,-1310,22.1,292,306,54,839356
MSaap:80,MSaap,80,24066,-934,398,398,-934,21.1,293,311,55,607046
MSaap:81,MSaap,81,23731,-1269,23,23,-1269,22.0,291,320,55,670305
MSaap:82,MSaap,82,23749,-1251,-265,-265,-1251,22.9,291,329,55,661902
MSaap:83,MSaap,83,24185,-815,190,190,-815,23.0,289,327,54,668256
MSaap:84,MSaap,84,23814,-1186,-323,-323,-1186,22.0,290,330,53,683909
MSaap:85,MSaap,85,23101,-1899,-795,-795,-1899,22.9,281,332,52,700563
MSaap:86,MSaap,86,23583,-1417,-414,-414,-1417,22.1,281,326,52,714153
MSaap:87,MSaap,87,23475,-1525,-416,-416,-1525,22.1,285,342,50,666494
MSaap:88,MSaap,88,23386,-1614,-520,-520,-1614,21.2,285,342,48,637054
MSaap:89,MSaap,89,23750,-1250,-110,-110,-1250,21.1,289,340,48,661338
MSaap:90,MSaap,90,23620,-1380,-573,-573,-1380,21.1,298,347,48,669906
MSaap:91,MSaap,91,24540,-460,267,267,-460,21.2,296,342,49,696549
MSaap:92,MSaap,92,24023,-977,-297,-297,-977,21.1,290,345,49,706607
MSaap:93,MSaap,93,24079,-921,-474,-474,-921,20.3,288,339,49,661048
MSaap:94,MSaap,94,23993,-1007,-156,-156,-1007,21.1,279,331,49,674923
MSaap:95,MSaap,95,24574,-426,398,398,-426,21.1,287,321,50,723886
MSaap:96,MSaap,96,23915,-1085,126,126,-1085,21.0,284,308,46,487164
MSaap:97,MSaap,97,24585,-415,381,381,-415,20.1,291,302,46,524074
MSaapa:98,MSaapa,98,22958,-2042,-1034,-1084,-2040,21.0,260,277,46,395230
MSaapa:99,MSaapa,99,24077,-923,-60,-87,-919,21.0,260,272,46,451702
MSaapa:100,MSaapa,100,24788,-212,-94,-68,-212,21.9,261,267,46,339772
MSaapa:101,MSaapa,101,24606,-394,-502,-525,-968,21.0,265,279,46,376323
MSaapa:102,MSaapa,102,24548,-452,-541,-569,-447,22.0,259,275,48,411019
MSaapa:103,MSaapa,103,25106,106,53,68,38,22.1,251,273,50,478171
MSaapa:104,MSaapa,104,24388,-612,-259,-275,-589,23.0,242,269,50,482053
MSaapa:105,MSaapa,105,24621,-379,-164,-149,-376,22.1,251,274,50,493837
MSaapa:106,MSaapa,106,24412,-588,-254,-249,-575,23.1,248,275,50,488923
MSaapa:107,MSaapa,107,24414,-586,-310,-284,-588,23.1,245,284,50,521761
MSaapa:108,MSaapa,108,24740,-260,-18,63,-259,22.2,249,294,50,511225
MSaapa:109,MSaapa,109,24613,-387,-1,-53,-378,22.2,245,298,50,528294
MSaapa:110,MSaapa,110,25171,171,236,213,158,22.2,245,287,50,538061
MSaapa:111,MSaapa,111,24943,-57,-208,-215,-56,22.2,251,285,49,498628
MSaapa:112,MSaapa,112,24736,-264,-244,-264,-261,22.1,270,285,48,486757
MSaapa:113,MSaapa,113,25878,878,727,718,876,22.0,281,282,45,332098
MSaapa:114,MSaapa,114,26185,1185,665,649,1198,21.1,280,291,44,327817
MSaapa:115,MSaapa,115,24982,-18,-304,-320,-37,22.0,280,291,43,295796
MSaapa:116,MSaapa,116,25965,965,233,215,984,21.0,283,302,43,308613
MSaapa:117,MSaapa,117,25603,603,-588,-594,594,21.1,294,294,42,282675
MSaapa:118,MSaapa,118,26118,1118,310,304,1115,21.1,302,289,41,277511
MSaapa:119,MSaapa,119,26296,1296,30,22,1296,21.1,302,293,41,313170
MSaapa:120,MSaapa,120,26112,1112,133,132,1103,21.0,299,284,41,251125
MSaapa:121,MSaapa,121,26430,1430,-115,-136,1424,20.1,299,275,41,238873
MSaapa:122,MSaapa,122,26618,1618,360,349,1609,21.1,310,285,37,207917
MSaapaa:123,MSaapaa,123,25359,359,-1036,-995,361,19.9,275,265,37,169150
MSaapaa:124,MSaapaa,124,26307,1307,286,234,1303,19.0,273,266,37,189755
MSaapaa:125,MSaapaa,125,26939,1939,512,504,1901,19.0,273,269,39,202678
MSaapaa:126,MSaapaa,126,27187,2187,149,164,2343,18.1,275,260,41,209576
MSaapaa:127,MSaapaa,127,26711,1711,-1205,-1109,672,18.3,274,262,38,209576
MSaapaa:128,MSaapaa,128,26184,1184,-1706,-1483,1552,18.6,273,264,34,209576
MSaapaa:129,MSaapaa,129,27414,2414,-188,-241,3438,18.8,272,266,30,209576
MSaapaa:130,MSaapaa,130,28711,3711,1289,1364,3614,19.0,271,269,26,70590
MSaapaa:131,MSaapaa,131,29132,4132,1327,1540,5971,18.2,264,268,26,69833
MSaapaa:132,MSaapaa,132,27073,2073,-1620,-1110,2735,19.0,258,278,26,70917
MSaapaa:133,MSaapaa,133,28289,3289,1651,1651,2786,18.8,258,278,28,70917
MSaapaa:134,MSaapaa,134,28933,3933,1358,1513,3986,18.5,257,277,31,70917
MSaapaa:135,MSaapaa,135,26638,1638,-1366,-950,1095,18.3,256,277,33,70917
MSaapaa:136,MSaapaa,136,30248,5248,1915,2576,5086,18.0,255,276,36,0
MSaapaa:137,MSaapaa,137,27666,2666,-1529,-884,1771,17.6,255,274,37,0
MSaapaa:138,MSaapaa,138,29733,4733,-971,-174,406,17.2,254,272,38,0
MSaapaa:139,MSaapaa,139,29875,4875,-1182,-288,-2234,16.9,253,270,39,0
MSaapaa:140,MSaapaa,140,29926,4926,-1049,-25,-2129,16.5,252,268,40,0
MSaapaa:141,MSaapaa,141,29694,4694,-873,169,-650,16.1,251,266,41,348625
MSaapaa:142,MSaapaa,142,34074,9074,-2282,-1744,-6074,15.0,253,266,39,333487
MSaapaa:143,MSaapaa,143,32377,7377,-2447,-1047,-2254,15.0,260,267,37,287319
MSaapaa:144,MSaapaa,144,40166,15166,234,1057,2381,14.3,265,271,39,307894
MSaapaa:145,MSaapaa,145,40983,15983,-463,3027,-13236,14.0,263,268,39,373260
MSaapap:123,MSaapap,123,25158,158,-518,-530,112,21.0,325,282,37,152566
MSaapap:124,MSaapap,124,25969,969,-167,-134,870,21.9,328,284,37,155514
MSaapap:125,MSaapap,125,28108,3108,972,1038,3000,21.0,332,283,26,60308
MSaapap:126,MSaapap,126,26927,1927,-1284,-1269,1737,22.0,332,283,26,61246
MSaapap:127,MSaapap,127,27188,2188,260,346,1978,22.0,327,280,39,176596
MSaapap:128,MSaapap,128,27476,2476,96,196,2140,21.1,325,279,41,193042
MSaapap:129,MSaapap,129,27760,2760,-183,179,2335,21.3,325,278,41,193042
MSaapap:130,MSaapap,130,29203,4203,1364,1337,3926,21.5,325,277,40,193042
MSaapap:131,MSaapap,131,28113,3113,-62,170,2780,21.6,325,275,39,193042
MSaapap:132,MSaapap,132,28824,3824,688,857,3482,21.8,325,274,38,193042
MSaapap:133,MSaapap,133,29208,4208,1023,1055,3939,22.0,324,272,37,150837
MSaapap:134,MSaapap,134,27910,2910,-1545,-1566,2529,21.1,323,272,37,160151
MSaapap:135,MSaapap,135,30397,5397,1777,1751,5123,21.0,319,269,37,167163
MSaapap:136,MSaapap,136,28777,3777,-906,-939,3409,21.0,317,257,41,196409
MSaapap:137,MSaapap,137,26636,1636,-1251,-1194,701,22.0,310,263,37,156658
MSaapap:138,MSaapap,138,27553,2553,-1031,-1071,2122,20.9,307,265,37,170383
MSaapap:139,MSaapap,139,30648,5648,528,444,5549,20.1,307,263,39,188590
MSaapap:140,MSaapap,140,30802,5802,-102,-251,4250,20.1,315,260,37,184125
MSaapap:141,MSaapap,141,31229,6229,1106,938,5537,20.1,312,261,41,216719
MSaapap:142,MSaapap,142,28410,3410,-846,-951,2978,20.1,315,253,39,197016
MSaapap:143,MSaapap,143,30039,5039,-204,-335,4769,19.2,317,255,39,204547
MSaapap:144,MSaapap,144,30045,5045,405,418,4634,19.2,318,254,41,228715
MSaapap:145,MSaapap,145,32975,7975,-279,-302,6157,18.2,327,263,41,227528
MSaapp:98,MSaapp,98,24454,-546,-123,-122,-546,21.9,320,302,46,364676
MSaapp:99,MSaapp,99,25939,939,332,339,205,21.1,323,297,46,411757
MSaapp:100,MSaapp,100,26163,1163,726,733,1096,21.9,325,294,46,348711
MSaapp:101,MSaapp,101,26098,1098,445,510,685,21.9,340,303,46,374203
MSaapp:102,MSaapp,102,25903,903,-385,284,-761,22.0,350,303,46,339554
MSaapp:103,MSaapp,103,25556,556,-80,-7,355,23.1,356,301,50,381042
MSaapp:104,MSaapp,104,26707,1707,404,991,786,23.0,357,292,50,395190
MSaapp:105,MSaapp,105,26734,1734,262,599,528,23.0,357,292,50,395190
MSaapp:106,MSaapp,106,26303,1303,-38,40,624,23.0,357,295,46,332744
MSaapp:107,MSaapp,107,26816,1816,930,802,1359,23.1,347,299,46,365833
MSaapp:108,MSaapp,108,25839,839,258,86,613,23.1,339,295,34,161651
MSaapp:109,MSaapp,109,24716,-284,-866,-862,-315,23.9,339,290,46,372205
MSaapp:110,MSaapp,110,26471,1471,588,482,1542,23.0,332,283,46,410253
MSaapp:111,MSaapp,111,26060,1060,-48,-82,882,23.0,336,275,49,435918
MSaapp:112,MSaapp,112,25872,872,-541,-579,473,22.1,355,284,48,433001
MSaapp:113,MSaapp,113,27090,2090,563,612,1514,22.0,359,267,45,288242
MSaapp:114,MSaapp,114,26286,1286,-831,-757,756,22.0,360,268,42,246977
MSaapp:115,MSaapp,115,26505,1505,-34,-34,1503,22.1,361,278,43,255037
MSaapp:116,MSaapp,116,26341,1341,334,334,1341,22.1,363,284,43,255447
MSaapp:117,MSaapp,117,25810,810,-793,-778,791,21.1,366,283,40,225860
MSaapp:118,MSaapp,118,25021,21,-1217,-1217,9,21.1,369,284,41,235281
MSaapp:119,MSaapp,119,25951,951,-117,-117,950,22.0,365,276,41,237098
MSaapp:120,MSaapp,120,26030,1030,239,239,1028,22.1,364,283,41,187862
MSaapp:121,MSaapp,121,25781,781,-415,-415,779,21.0,364,274,41,193243
MSaapp:122,MSaapp,122,26218,1218,-423,-441,1215,21.0,367,274,41,197794
MSaapp:123,MSaapp,123,26096,1096,-379,-329,1091,21.0,370,273,41,192137
MSaapp:124,MSaapp,124,27192,2192,894,908,2183,22.0,376,270,41,194040
MSaapp:125,MSaapp,125,26898,1898,268,285,1859,21.1,378,262,39,165816
MSaapp:126,MSaapp,126,27371,2371,468,478,2350,21.0,376,265,41,193077
MSaapp:127,MSaapp,127,27405,2405,737,937,2378,21.9,374,272,37,159557
MSaappa:128,MSaappa,128,28777,3777,1012,1137,3204,21.0,365,259,26,50005
MSaappa:129,MSaappa,129,29215,4215,1389,1203,4093,22.0,355,254,24,37154
MSaappa:130,MSaappa,130,26728,1728,-1238,-1142,1425,23.1,354,261,26,48924
MSaappa:131,MSaappa,131,28177,3177,-120,-245,3039,23.0,354,253,37,127904
MSaappa:132,MSaappa,132,28187,3187,-318,-278,2917,23.0,354,254,37,137436
MSaappa:133,MSaappa,133,28414,3414,-214,-132,3060,23.0,352,253,35,137436
MSaappa:134,MSaappa,134,29238,4238,472,466,4054,23.0,349,252,32,137436
MSaappa:135,MSaappa,135,29811,4811,2211,2335,4432,23.0,346,251,29,137436
MSaappa:136,MSaappa,136,28992,3992,241,441,3534,23.0,343,249,26,51648
MSaappa:137,MSaappa,137,29857,4857,1347,1160,4688,23.0,332,253,24,34052
MSaappa:138,MSaappa,138,28656,3656,182,16,3343,23.0,332,253,24,34052
MSaappa:139,MSaappa,139,27074,2074,-1764,-1846,1375,23.1,332,256,26,52995
MSaappa:140,MSaappa,140,29045,4045,1007,840,2950,23.1,332,256,26,52995
MSaappa:141,MSaappa,141,29401,4401,931,1451,2195,22.1,327,257,26,56644
MSaappa:142,MSaappa,142,28336,3336,126,183,2645,22.2,337,256,39,179005
MSaappa:143,MSaappa,143,28678,3678,621,739,2962,22.1,341,258,37,152690
MSaappa:144,MSaappa,144,29134,4134,1217,1365,3813,22.0,351,258,37,153207
MSaappa:145,MSaappa,145,29763,4763,388,441,4266,21.0,358,262,26,53113
MSaappp:128,MSaappp,128,27619,2619,450,525,1813,20.2,384,269,39,147021
MSaappp:129,MSaappp,129,27409,2409,900,900,2335,21.1,398,277,26,51532
MSaappp:130,MSaappp,130,26139,1139,-956,-956,1093,22.0,403,279,37,138153
MSaappp:131,MSaappp,131,26683,1683,165,165,1593,21.9,401,286,37,139803
MSaappp:132,MSaappp,132,26425,1425,-472,-442,1028,22.1,402,288,39,156688
MSaappp:133,MSaappp,133,27041,2041,353,358,1512,21.0,398,285,37,147178
MSaappp:134,MSaappp,134,25013,13,-2218,-2271,-744,20.1,391,293,26,48836
MSaappp:135,MSaappp,135,28784,3784,1711,1959,3370,20.1,391,293,26,48836
MSaappp:136,MSaappp,136,28582,3582,241,185,3382,20.2,383,278,41,159196
MSaappp:137,MSaappp,137,27651,2651,205,205,2537,21.0,382,277,24,35633
MSaappp:138,MSaappp,138,29164,4164,805,805,4113,20.1,384,273,26,47328
MSaappp:139,MSaappp,139,27099,2099,-2557,-2557,2077,22.0,389,267,24,36759
MSaappp:140,MSaappp,140,28342,3342,1036,1036,3285,21.0,384,275,24,36298
MSaappp:141,MSaappp,141,27763,2763,-996,-996,2748,21.0,383,263,26,51419
MSaappp:142,MSaappp,142,27730,2730,-793,-826,2682,21.0,387,265,37,149764
MSaappp:143,MSaappp,143,27556,2556,-1161,-1197,2456,20.0,386,268,37,155117
MSaappp:144,MSaappp,144,27123,2123,-2078,-2097,2050,19.1,395,266,39,172169
MSaappp:145,MSaappp,145,27302,2302,-1625,-1611,2224,19.1,404,267,39,172569
MSap:53,MSap,53,24059,-941,510,510,-940,15.2,268,352,38,321981
MSap:54,MSap,54,23877,-1123,237,214,-1123,16.7,279,357,60,769930
MSap:55,MSap,55,23354,-1646,-248,-253,-1645,15.4,278,357,58,885156
MSap:56,MSap,56,23436,-1564,-603,-603,-1564,16.5,285,364,60,1085680
MSap:57,MSap,57,23674,-1326,-228,-229,-1326,16.8,292,380,61,1195901
MSap:58,MSap,58,23686,-1314,-333,-333,-1314,17.8,293,383,61,1187200
MSap:59,MSap,59,23373,-1627,-533,-533,-1627,17.7,293,389,61,1238720
MSap:60,MSap,60,24144,-856,91,91,-856,17.6,286,386,61,1273754
MSap:61,MSap,61,23282,-1718,-690,-690,-1718,18.0,281,386,60,1292409
MSap:62,MSap,62,23683,-1317,-298,-298,-1317,19.8,278,381,59,1125431
MSap:63,MSap,63,23835,-1165,-71,-71,-1165,18.9,291,384,58,1278047
MSap:64,MSap,64,23567,-1433,-248,-248,-1433,19.3,317,375,57,1028452
MSap:65,MSap,65,23467,-1533,-512,-512,-1533,19.2,317,379,59,1167458
MSap:66,MSap,66,23757,-1243,-244,-244,-1243,19.1,338,384,58,1344948
MSap:67,MSap,67,23367,-1633,-764,-764,-1632,19.3,325,380,58,1252279
MSap:68,MSap,68,23544,-1456,-445,-445,-1455,19.3,313,372,58,1318705
MSap:69,MSap,69,23588,-1412,-548,-548,-1412,18.1,308,378,58,1520955
MSap:70,MSap,70,23409,-1591,-515,-524,-1578,17.1,302,374,58,1599269
MSap:71,MSap,71,23473,-1527,-503,-505,-1510,17.2,295,370,58,1570655
MSap:72,MSap,72,24132,-868,173,173,-852,17.2,298,373,57,1538693
MSap:73,MSap,73,23399,-1601,-424,-429,-1590,17.2,297,371,59,1602777
MSap:74,MSap,74,23950,-1050,-28,-50,-1022,16.0,292,374,53,1066946
MSapa:75,MSapa,75,24034,-966,137,53,-938,15.2,285,381,54,978362
MSapa:76,MSapa,76,23971,-1029,198,184,-1024,16.2,274,386,54,963308
MSapa:77,MSapa,77,23447,-1553,-483,-486,-1550,16.2,269,389,52,1096504
MSapa:78,MSapa,78,23627,-1373,-431,-437,-1373,16.8,272,390,54,1330519
MSapa:79,MSapa,79,23876,-1124,-231,-233,-1123,16.9,268,392,54,1344609
MSapa:80,MSapa,80,23458,-1542,-852,-868,-1542,16.2,278,393,55,1038683
MSapa:81,MSapa,81,24461,-539,134,122,-539,16.3,274,404,55,1145049
MSapa:82,MSapa,82,23775,-1225,-126,-117,-1225,17.1,272,402,55,1144825
MSapa:83,MSapa,83,23375,-1625,-883,-893,-1625,17.0,279,407,54,1196714
MSapa:84,MSapa,84,24201,-799,81,81,-799,17.9,279,402,53,1137658
MSapa:85,MSapa,85,23499,-1501,-657,-656,-1501,17.9,264,401,52,1172877
MSapa:86,MSapa,86,23348,-1652,-955,-955,-1652,17.1,271,404,50,1119807
MSapa:87,MSapa,87,23807,-1193,-116,-121,-1192,15.3,277,401,50,1114760
MSapa:88,MSapa,88,22930,-2070,-1174,-1197,-2068,15.3,275,403,48,1059666
MSapa:89,MSapa,89,23781,-1219,-507,-481,-1217,15.1,274,402,48,1132395
MSapa:90,MSapa,90,23850,-1150,-386,-349,-1145,14.3,272,401,48,1071956
MSapa:91,MSapa,91,23526,-1474,-909,-958,-1470,14.4,272,401,49,1091093
MSapa:92,MSapa,92,24381,-619,294,298,-612,14.4,256,400,49,1083451
MSapa:93,MSapa,93,24157,-843,46,40,-841,15.2,260,401,49,1112507
MSapa:94,MSapa,94,24131,-869,-392,-384,-869,16.2,253,396,49,1108149
MSapa:95,MSapa,95,23072,-1928,-1302,-1302,-1927,17.1,255,391,50,1277462
MSapa:96,MSapa,96,23686,-1314,-556,-580,-1315,17.4,258,387,50,1133984
MSapa:97,MSapa,97,24079,-921,103,99,-873,18.1,257,378,50,1142007
MSapa:98,MSapa,98,23852,-1148,-247,-247,-1105,20.1,262,366,46,771192
MSapa:99,MSapa,99,24605,-395,820,820,-339,20.0,250,346,46,655092
MSapaa:100,MSapaa,100,24408,-592,-393,-352,-598,19.1,228,338,46,433904
MSapaa:101,MSapaa,101,24330,-670,114,111,-664,19.9,228,336,46,466115
MSapaa:102,MSapaa,102,24951,-49,341,354,-51,18.9,227,333,46,507238
MSapaa:103,MSapaa,103,24832,-168,293,327,-158,18.8,220,332,46,536991
MSapaa:104,MSapaa,104,24021,-979,-637,-648,-948,18.1,214,324,46,568655
MSapaa:105,MSapaa,105,24494,-506,97,38,-481,17.9,217,316,46,593548
MSapaa:106,MSapaa,106,24583,-417,136,114,-392,17.8,216,315,46,572733
MSapaa:107,MSapaa,107,24940,-60,323,360,-52,16.9,209,313,46,564615
MSapaa:108,MSapaa,108,24720,-280,-56,25,-274,16.0,214,311,46,593960
MSapaa:109,MSapaa,109,24889,-111,222,209,-106,16.1,211,311,46,601782
MSapaa:110,MSapaa,110,25181,181,465,497,180,16.0,210,305,46,582475
MSapaa:111,MSapaa,111,24410,-590,-603,-539,-590,15.9,209,303,45,503285
MSapaa:112,MSapaa,112,25268,268,218,241,270,15.9,210,302,44,507758
MSapaa:113,MSapaa,113,25508,508,937,919,508,15.2,219,303,45,471407
MSapaa:114,MSapaa,114,25384,384,822,837,371,15.3,212,313,44,404525
MSapaa:115,MSapaa,115,25068,68,434,413,59,16.1,208,310,43,399152
MSapaa:116,MSapaa,116,24604,-396,-40,7,-401,15.1,206,308,43,451895
MSapaa:117,MSapaa,117,25154,154,846,895,186,15.1,199,311,42,483097
MSapaa:118,MSapaa,118,25211,211,462,473,285,15.2,202,318,41,407600
MSapaa:119,MSapaa,119,25214,214,445,436,242,15.1,205,327,41,451897
MSapaa:120,MSapaa,120,24421,-579,-110,-121,-587,15.1,204,320,41,360471
MSapaa:121,MSapaa,121,24857,-143,-189,-127,-94,15.2,206,325,41,355478
MSapaa:122,MSapaa,122,24704,-296,-120,-114,-353,15.1,206,323,41,380881
MSapaa:123,MSapaa,123,25241,241,121,108,229,15.2,199,314,41,340688
MSapaa:124,MSapaa,124,24240,-760,-606,-642,-759,15.3,198,318,41,354227
MSapaa:125,MSapaa,125,25076,76,32,53,68,14.3,197,314,41,405668
MSapaa:126,MSapaa,126,26220,1220,1220,1228,1229,15.1,200,315,41,414786
MSapaa:127,MSapaa,127,25859,859,384,395,856,15.1,202,317,41,408277
MSapaa:128,MSapaa,128,26402,1402,1071,1091,1370,15.0,203,322,37,368284
MSapaa:129,MSapaa,129,25934,934,771,766,930,15.0,199,322,35,321193
MSapaaa:130,MSapaaa,130,25033,33,678,774,-52,14.3,159,325,35,269846
MSapaaa:131,MSapaaa,131,24866,-134,120,214,-209,14.1,155,324,37,337119
MSapaaa:132,MSapaaa,132,24925,-75,449,464,-61,14.8,156,317,37,328658
MSapaaa:133,MSapaaa,133,25768,768,623,596,763,14.4,155,315,41,366135
MSapaaa:134,MSapaaa,134,25210,210,65,184,223,14.9,158,315,37,335026
MSapaaa:135,MSapaaa,135,25137,137,515,658,68,14.3,163,320,39,383308
MSapaaa:136,MSapaaa,136,25724,724,658,705,623,14.3,156,317,39,383030
MSapaaa:137,MSapaaa,137,25493,493,726,709,406,14.1,157,321,37,364521
MSapaaa:138,MSapaaa,138,26051,1051,986,1236,1002,14.2,161,324,41,438235
MSapaaa:139,MSapaaa,139,25193,193,95,18,37,14.3,154,320,41,416540
MSapaaa:140,MSapaaa,140,25518,518,528,673,326,14.5,153,318,39,365546
MSapaaa:141,MSapaaa,141,25331,331,371,640,135,14.3,149,322,41,435487
MSapaaa:142,MSapaaa,142,25162,162,77,147,22,15.0,152,324,37,373649
MSapaaa:143,MSapaaa,143,25341,341,216,514,324,14.9,154,322,37,369089
MSapaaa:144,MSapaaa,144,25614,614,367,520,403,14.3,148,320,41,429940
MSapaaa:145,MSapaaa,145,25008,8,-12,98,-82,14.2,148,314,41,440206
MSapaap:130,MSapaap,130,26299,1299,868,1034,1135,14.5,222,325,33,202065
MSapaap:131,MSapaap,131,26965,1965,660,689,1907,14.1,221,321,35,254528
MSapaap:132,MSapaap,132,24048,-952,-1788,-1582,-1118,14.1,216,318,37,312377
MSapaap:133,MSapaap,133,25805,805,-400,-201,706,14.1,220,320,37,309821
MSapaap:134,MSapaap,134,26835,1835,-57,431,1614,14.3,225,322,39,318180
MSapaap:135,MSapaap,135,26630,1630,-236,-64,1484,14.1,226,326,37,306418
MSapaap:136,MSapaap,136,26971,1971,538,745,1783,14.2,220,323,37,317039
MSapaap:137,MSapaap,137,24921,-79,-2063,-1990,-144,14.2,216,323,37,332703
MSapaap:138,MSapaap,138,25629,629,-359,-459,597,13.9,213,324,37,349338
MSapaap:139,MSapaap,139,27040,2040,874,854,1994,14.0,211,320,37,315823
MSapaap:140,MSapaap,140,25872,872,96,114,792,14.0,208,321,37,319380
MSapaap:141,MSapaap,141,24857,-143,-624,-637,-211,14.0,204,325,37,329027
MSapaap:142,MSapaap,142,24855,-145,-984,-947,-261,13.9,204,322,37,328302
MSapaap:143,MSapaap,143,26303,1303,421,445,1201,14.0,205,321,37,326437
MSapaap:144,MSapaap,144,26088,1088,281,304,1089,13.4,205,316,39,307152
MSapaap:145,MSapaap,145,25367,367,-55,21,272,14.0,207,317,39,339515
MSapap:100,MSapap,100,24796,-204,72,16,-202,20.9,279,350,46,393656
MSapap:101,MSapap,101,24342,-658,-140,-124,-658,20.9,295,344,46,375998
MSapap:102,MSapap,102,24423,-577,-198,-212,-578,20.1,289,351,46,411246
MSapap:103,MSapap,103,24214,-786,-336,-333,-785,20.2,292,343,46,418822
MSapap:104,MSapap,104,24333,-667,-490,-496,-664,20.9,287,342,46,417160
MSapap:105,MSapap,105,24382,-618,-152,-175,-617,19.9,288,341,46,439289
MSapap:106,MSapap,106,24098,-902,-894,-928,-902,18.9,292,336,46,442692
MSapap:107,MSapap,107,24488,-512,-329,-321,-512,18.0,294,329,46,477239
MSapap:108,MSapap,108,24289,-711,-542,-534,-711,17.1,291,327,46,507011
MSapap:109,MSapap,109,24155,-845,-581,-578,-841,17.1,294,327,46,488555
MSapap:110,MSapap,110,24740,-260,-470,-480,-280,17.0,283,314,46,509288
MSapap:111,MSapap,111,24935,-65,-660,-637,-65,17.1,279,316,45,475624
MSapap:112,MSapap,112,24789,-211,-400,-379,-211,17.0,287,317,44,474390
MSapap:113,MSapap,113,25151,151,-219,-196,147,17.0,291,316,45,430753
MSapap:114,MSapap,114,24395,-605,-951,-936,-642,16.3,280,319,42,360568
MSapap:115,MSapap,115,25769,769,107,107,748,16.3,273,315,41,341712
MSapap:116,MSapap,116,24875,-125,-1178,-1155,-183,16.2,275,315,41,327090
MSapap:117,MSapap,117,25422,422,-90,-127,352,16.2,271,322,42,368565
MSapap:118,MSapap,118,25433,433,-386,-384,392,15.3,278,322,41,382874
MSapap:119,MSapap,119,25308,308,-336,-359,293,15.2,275,323,41,419538
MSapap:120,MSapap,120,25338,338,239,232,338,14.3,270,326,41,348313
MSapap:121,MSapap,121,25243,243,-164,-165,248,14.2,275,326,41,356256
MSapap:122,MSapap,122,25200,200,-291,-276,193,14.0,277,326,41,406322
MSapap:123,MSapap,123,24634,-366,-1833,-1842,-452,14.2,274,328,41,444532
MSapap:124,MSapap,124,25841,841,443,447,774,14.2,268,328,41,418633
MSapap:125,MSapap,125,26599,1599,649,649,1595,14.1,265,321,41,454115
MSapap:126,MSapap,126,26863,1863,328,328,1744,14.2,271,324,39,413875
MSapap:127,MSapap,127,24315,-685,-1833,-1833,-736,14.1,269,328,29,175322
MSapapa:128,MSapapa,128,26071,1071,386,348,1047,14.3,262,333,35,219956
MSapapa:129,MSapapa,129,26656,1656,523,513,1558,15.2,251,335,35,244846
MSapapa:130,MSapapa,130,26752,1752,292,296,1524,15.1,256,331,37,273940
MSapapa:131,MSapapa,131,26209,1209,-901,-775,1000,15.0,256,330,37,299380
MSapapa:132,MSapapa,132,27579,2579,1521,1518,2601,15.0,256,337,37,298371
MSapapa:133,MSapapa,133,26520,1520,180,187,1463,14.9,258,336,37,301066
MSapapa:134,MSapapa,134,26698,1698,1170,1202,1645,14.3,261,343,39,332964
MSapapa:135,MSapapa,135,26126,1126,-335,-302,1053,14.2,265,339,37,306668
MSapapa:136,MSapapa,136,26948,1948,-50,-45,1770,14.2,263,334,39,349986
MSapapa:137,MSapapa,137,27260,2260,-144,-263,2126,14.4,258,331,39,312026
MSapapa:138,MSapapa,138,25846,846,-260,-192,779,14.1,257,336,39,386038
MSapapa:139,MSapapa,139,25395,395,-248,-172,341,14.1,253,338,37,338377
MSapapa:140,MSapapa,140,26203,1203,227,215,1173,14.2,251,337,39,363193
MSapapa:141,MSapapa,141,25928,928,-154,-202,893,14.1,249,336,39,388718
MSapapa:142,MSapapa,142,26378,1378,-589,-680,1274,13.4,250,333,39,352058
MSapapa:143,MSapapa,143,26956,1956,-80,-104,1898,13.2,250,336,39,370841
MSapapa:144,MSapapa,144,26747,1747,-27,-12,1694,13.2,249,335,39,376323
MSapapa:145,MSapapa,145,25640,640,-188,-213,607,12.2,253,334,39,357451
MSapapp:128,MSapapp,128,25036,36,-103,-76,-53,13.2,294,324,31,185649
MSapapp:129,MSapapp,129,26810,1810,1261,1296,1757,13.4,308,324,35,233891
MSapapp:130,MSapapp,130,26817,1817,755,694,1572,13.0,313,322,35,256271
MSapapp:131,MSapapp,131,25696,696,-1264,-1033,368,13.0,315,322,37,308139
MSapapp:132,MSapapp,132,25931,931,-1772,-1352,495,12.9,317,321,37,317748
MSapapp:133,MSapapp,133,25555,555,-193,-192,384,12.2,320,332,37,340152
MSapapp:134,MSapapp,134,25098,98,-984,-1039,-95,12.2,318,333,37,344990
MSapapp:135,MSapapp,135,26045,1045,-228,-53,669,12.0,323,334,37,348566
MSapapp:136,MSapapp,136,24529,-471,-1298,-1370,-571,11.9,319,336,37,372672
MSapapp:137,MSapapp,137,25400,400,274,352,289,11.4,311,335,39,353751
MSapapp:138,MSapapp,138,25569,569,106,222,401,11.4,307,335,39,358331
MSapapp:139,MSapapp,139,25403,403,-656,-607,301,11.3,303,335,39,379861
MSapapp:140,MSapapp,140,26056,1056,-236,-354,943,11.1,301,333,39,407960
MSapapp:141,MSapapp,141,25535,535,-955,-784,41,11.1,298,331,39,420426
MSapapp:142,MSapapp,142,25381,381,-235,-328,180,10.2,306,336,39,407352
MSapapp:143,MSapapp,143,26290,1290,167,138,1081,10.1,310,340,39,449693
MSapapp:144,MSapapp,144,26595,1595,1377,1441,1294,10.3,308,341,39,432627
MSapapp:145,MSapapp,145,26940,1940,1497,1603,1762,10.1,312,341,37,410484
MSapp:75,MSapp,75,23752,-1248,95,126,-1237,18.9,324,367,54,865169
MSapp:76,MSapp,76,23903,-1097,129,134,-1097,19.2,340,370,54,806141
MSapp:77,MSapp,77,23555,-1445,-575,-573,-1445,19.1,338,378,54,1040179
MSapp:78,MSapp,78,24125,-875,71,73,-875,19.0,353,380,54,1165096
MSapp:79,MSapp,79,23889,-1111,34,34,-1111,20.0,358,368,54,1099175
MSapp:80,MSapp,80,23693,-1307,-684,-662,-1308,21.0,374,370,55,805538
MSapp:81,MSapp,81,23903,-1097,143,155,-1097,21.0,390,373,55,825779
MSapp:82,MSapp,82,23928,-1072,130,129,-1072,20.9,400,377,55,883618
MSapp:83,MSapp,83,23645,-1355,-279,-279,-1355,20.9,406,375,54,878104
MSapp:84,MSapp,84,23736,-1264,-258,-258,-1264,20.8,407,381,53,928673
MSapp:85,MSapp,85,24253,-747,6,6,-747,20.1,395,384,52,991588
MSapp:86,MSapp,86,23590,-1410,-434,-434,-1390,21.2,399,375,50,801774
MSapp:87,MSapp,87,24057,-943,-207,-208,-911,20.3,407,373,48,727439
MSapp:88,MSapp,88,24077,-923,-34,-34,-889,20.1,402,374,48,742444
MSapp:89,MSapp,89,23617,-1383,-528,-528,-1356,20.1,403,373,48,775015
MSapp:90,MSapp,90,23639,-1361,-428,-428,-1361,20.0,405,377,48,797548
MSapp:91,MSapp,91,23912,-1088,-28,-28,-1061,19.3,406,378,49,810496
MSapp:92,MSapp,92,24495,-505,163,163,-490,19.1,397,376,49,851131
MSapp:93,MSapp,93,23603,-1397,-177,-177,-1390,19.2,395,373,49,868585
MSapp:94,MSapp,94,24620,-380,813,811,-374,19.1,381,374,49,878559
MSapp:95,MSapp,95,23319,-1681,-1029,-1017,-1677,19.3,378,372,50,878226
MSapp:96,MSapp,96,24050,-950,-111,-118,-949,19.1,371,371,50,963696
MSapp:97,MSapp,97,23989,-1011,128,146,-1005,18.2,361,367,46,795434
MSapp:98,MSapp,98,23615,-1385,-289,-298,-1381,19.0,366,368,46,790219
MSapp:99,MSapp,99,24491,-509,423,403,-501,19.1,362,367,50,1024094
MSapp:100,MSapp,100,24687,-313,-245,-245,-313,19.9,354,361,46,571847
MSappa:101,MSappa,101,25251,251,515,671,261,20.0,355,361,30,203092
MSappa:102,MSappa,102,24143,-857,-680,-701,-857,20.8,351,363,46,434705
MSappa:103,MSappa,103,24288,-712,-598,-640,-711,21.9,354,362,46,420813
MSappa:104,MSappa,104,24180,-820,-700,-661,-820,21.9,345,357,46,425707
MSappa:105,MSappa,105,24559,-441,-461,-441,-442,20.9,350,346,46,395446
MSappa:106,MSappa,106,24921,-79,-270,-126,-84,20.8,353,344,46,397565
MSappa:107,MSappa,107,24967,-33,-507,-350,-84,20.1,348,334,46,410920
MSappa:108,MSappa,108,24242,-758,-916,-876,-793,21.0,350,325,46,393051
MSappa:109,MSappa,109,25492,492,248,209,503,20.9,347,321,46,371393
MSappa:110,MSappa,110,24669,-331,-1327,-1282,-545,20.0,339,301,46,416130
MSappa:111,MSappa,111,25884,884,-960,-442,739,19.0,341,297,45,362575
MSappa:112,MSappa,112,25598,598,-206,178,547,18.9,345,308,44,400389
MSappa:113,MSappa,113,26611,1611,-377,-270,1355,19.0,349,300,41,312733
MSappa:114,MSappa,114,26004,1004,-1232,-953,382,18.2,344,309,42,372778
MSappa:115,MSappa,115,26052,1052,-34,-18,894,17.9,333,320,39,347356
MSappa:116,MSappa,116,25558,558,9,-43,382,17.2,328,323,41,369243
MSappa:117,MSappa,117,25898,898,179,201,849,17.4,325,325,40,339454
MSappa:118,MSappa,118,25241,241,-897,-965,153,17.3,324,326,39,332500
MSappa:119,MSappa,119,25177,177,-1574,-1594,-53,17.3,328,324,41,379849
MSappa:120,MSappa,120,26118,1118,-1095,-1046,783,17.2,326,315,41,304447
MSappa:121,MSappa,121,27845,2845,-989,-1003,1160,17.1,329,313,41,300611
MSappa:122,MSappa,122,25693,693,-637,-749,704,17.0,322,324,41,355545
MSappa:123,MSappa,123,26265,1265,-59,-54,1224,18.0,321,321,41,340680
MSappa:124,MSappa,124,27306,2306,-186,-234,2274,18.1,322,316,41,318238
MSappa:125,MSappa,125,28293,3293,503,430,2377,18.2,319,310,41,288274
MSappa:126,MSappa,126,29259,4259,134,56,2579,18.2,328,309,41,294907
MSappa:127,MSappa,127,28510,3510,-258,-319,2540,18.1,325,305,41,299581
MSappa:128,MSappa,128,29213,4213,-370,-708,3977,18.0,331,308,41,294490
MSappa:129,MSappa,129,29201,4201,-270,-633,2519,18.2,329,305,41,290163
MSappa:130,MSappa,130,29520,4520,-381,-625,2803,18.2,327,306,41,286128
MSappa:131,MSappa,131,29647,4647,-1496,-1716,2990,18.1,326,305,41,296003
MSappa:132,MSappa,132,29814,4814,-1741,-1876,3581,18.1,321,302,41,301115
MSappa:133,MSappa,133,30456,5456,-3717,-3465,2509,17.3,320,304,41,294923
MSappa:134,MSappa,134,31470,6470,-1913,-1519,3563,17.4,316,303,41,305355
MSappa:135,MSappa,135,29933,4933,-1398,-1518,3171,17.2,319,310,39,309122
MSappa:136,MSappa,136,30265,5265,181,173,4592,17.9,316,306,37,285555
MSappa:137,MSappa,137,30339,5339,1192,1096,5174,17.8,321,307,37,320250
MSappaa:138,MSappaa,138,28974,3974,1232,1223,3912,17.1,291,317,37,234656
MSappaa:139,MSappaa,139,27736,2736,-545,-567,2662,17.0,289,316,37,229519
MSappaa:140,MSappaa,140,26687,1687,-1824,-1844,1395,17.0,295,317,37,241793
MSappaa:141,MSappaa,141,28118,3118,-642,-641,2912,16.9,294,319,37,240003
MSappaa:142,MSappaa,142,27743,2743,-134,-187,2692,16.0,296,320,37,256512
MSappaa:143,MSappaa,143,29440,4440,852,703,4333,16.0,294,324,37,260845
MSappaa:144,MSappaa,144,27397,2397,43,-123,2229,16.1,291,332,39,288517
MSappaa:145,MSappaa,145,27543,2543,977,933,2399,16.1,292,332,37,257275
MSappap:138,MSappap,138,33251,8251,151,-161,3408,18.0,340,300,37,228032
MSappap:139,MSappap,139,33366,8366,-565,-988,4310,18.0,345,303,37,232585
MSappap:140,MSappap,140,39769,14769,1447,2141,1675,17.2,344,303,37,240065
MSappap:141,MSappap,141,41245,16245,3719,2256,6034,17.2,346,305,37,240860
MSappap:142,MSappap,142,38022,13022,2077,1502,5075,17.1,350,303,37,237850
MSappap:143,MSappap,143,38155,13155,-769,-1553,6034,17.0,347,302,37,254267
MSappap:144,MSappap,144,39372,14372,-729,-708,2454,16.9,349,306,37,260348
MSappap:145,MSappap,145,38261,13261,1120,317,8618,17.0,353,315,37,277391
MSappp:101,MSappp,101,24564,-436,-426,-407,-437,19.0,396,371,46,500675
MSappp:102,MSappp,102,24973,-27,352,352,-27,19.9,412,366,46,505947
MSappp:103,MSappp,103,25050,50,246,285,49,20.1,422,364,46,461587
MSappp:104,MSappp,104,24834,-166,13,2,-166,20.0,419,366,46,489048
MSappp:105,MSappp,105,24346,-654,-535,-512,-635,19.1,426,368,46,516670
MSappp:106,MSappp,106,25138,138,-23,34,138,18.9,426,364,46,500193
MSappp:107,MSappp,107,25073,73,-498,-499,51,19.1,416,361,46,515303
MSappp:108,MSappp,108,25245,245,-50,-17,184,18.9,412,342,46,452084
MSappp:109,MSappp,109,24675,-325,-1037,-1034,-372,18.1,413,339,46,447183
MSappp:110,MSappp,110,25811,811,25,89,742,17.9,407,336,46,471349
MSappp:111,MSappp,111,25018,18,-203,-250,-3,17.9,397,336,45,442280
MSappp:112,MSappp,112,24150,-850,-911,-963,-890,17.1,398,334,44,443181
MSappp:113,MSappp,113,25061,61,83,82,60,16.1,402,335,43,425408
MSappp:114,MSappp,114,24304,-696,-939,-919,-730,16.9,396,337,40,418653
MSappp:115,MSappp,115,25072,72,-1113,-1155,11,16.0,387,336,41,387088
MSappp:116,MSappp,116,25360,360,-1660,-1622,-6,16.3,382,329,41,346404
MSappp:117,MSappp,117,27240,2240,-1109,-1263,1564,17.2,376,322,42,375483
MSappp:118,MSappp,118,27580,2580,-970,-962,1736,16.2,381,323,41,387286
MSappp:119,MSappp,119,27374,2374,-738,-866,1873,16.2,374,328,41,412380
MSappp:120,MSappp,120,26940,1940,-601,-597,1855,16.0,369,330,41,335687
MSappp:121,MSappp,121,25233,233,-2501,-2353,36,15.3,364,339,41,332832
MSappp:122,MSappp,122,25056,56,-1916,-1992,-28,15.1,367,341,41,398729
MSappp:123,MSappp,123,25600,600,-368,-369,598,14.2,367,343,41,407351
MSappp:124,MSappp,124,26435,1435,-2033,-2034,1274,15.0,361,339,41,409529
MSappp:125,MSappp,125,26280,1280,-1326,-1307,1121,15.0,353,342,41,392110
MSappp:126,MSappp,126,25562,562,-713,-653,497,15.2,354,345,41,368121
MSappp:127,MSappp,127,25876,876,97,174,855,15.1,348,341,41,398135
MSappp:128,MSappp,128,26820,1820,1002,1073,1754,15.0,347,342,41,408346
MSappp:129,MSappp,129,26815,1815,867,872,1765,15.2,352,339,41,374351
MSappp:130,MSappp,130,25895,895,211,340,841,15.4,350,342,41,352557
MSappp:131,MSappp,131,25755,755,-1191,-1098,719,15.2,353,337,41,361039
MSappp:132,MSappp,132,26395,1395,-1057,-1064,1349,15.2,350,337,41,371893
MSappp:133,MSappp,133,25248,248,-1424,-1506,190,15.1,348,338,41,422866
MSappp:134,MSappp,134,25510,510,-656,-779,488,15.1,349,340,41,441074
MSappp:135,MSappp,135,26725,1725,-119,-63,1619,15.0,351,339,41,413736
MSappp:136,MSappp,136,26581,1581,-529,-609,1576,15.1,351,337,41,428965
MSappp:137,MSappp,137,26790,1790,-69,-118,1659,14.4,343,335,41,426523
MSappp:138,MSappp,138,27200,2200,-1009,-1013,1925,15.0,341,335,41,475312
MSappp:139,MSappp,139,26033,1033,-1195,-1303,824,14.3,335,341,41,449271
MSappp:140,MSappp,140,25465,465,-896,-745,409,14.4,337,343,41,452799
MSappp:141,MSappp,141,26793,1793,225,538,1520,14.9,339,344,37,345887
MSapppa:142,MSapppa,142,25706,706,261,449,516,14.3,327,350,35,254871
MSapppa:143,MSapppa,143,26147,1147,570,665,726,14.2,315,353,35,265103
MSapppa:144,MSapppa,144,26675,1675,976,1166,1167,14.1,316,349,37,324799
MSapppa:145,MSapppa,145,26475,1475,617,700,773,13.9,320,348,37,354001
MSapppp:142,MSapppp,142,26199,1199,351,548,1067,14.1,356,342,33,228271
MSapppp:143,MSapppp,143,25597,597,-960,-801,349,13.3,367,336,33,215417
MSapppp:144,MSapppp,144,27078,2078,558,587,1738,13.3,369,338,35,235388
MSapppp:145,MSapppp,145,26893,1893,-945,-599,1128,13.0,375,336,37,331558
MSp:36,MSp,36,24911,-89,1356,1356,-89,18.0,347,270,41,263767
MSp:37,MSp,37,23317,-1683,-472,-474,-1683,18.1,354,265,57,575397
MSp:38,MSp,38,23511,-1489,-306,-306,-1489,17.8,358,274,64,955990
MSp:39,MSp,39,23725,-1275,2,2,-1275,18.8,382,284,65,974328
MSp:40,MSp,40,23313,-1687,-437,-437,-1687,19.9,386,288,67,1006220
MSp:41,MSp,41,23305,-1695,-508,-508,-1695,19.8,383,285,67,988468
MSp:42,MSp,42,23759,-1241,-45,-45,-1241,18.9,386,275,66,1005881
MSp:43,MSp,43,23977,-1023,235,235,-1023,18.3,382,271,64,1005362
MSp:44,MSp,44,23433,-1567,-507,-507,-1567,19.0,378,267,65,1109802
MSp:45,MSp,45,23525,-1475,-71,-71,-1475,18.2,361,260,60,884243
MSp:46,MSp,46,23454,-1546,-355,-355,-1546,19.1,359,252,61,866424
MSp:47,MSp,47,23703,-1297,-62,-62,-1297,19.0,350,240,62,988569
MSp:48,MSp,48,23381,-1619,-423,-423,-1619,18.2,360,233,61,935042
MSp:49,MSp,49,23431,-1569,-349,-349,-1569,19.0,358,233,64,1084895
MSp:50,MSp,50,23076,-1924,-618,-618,-1924,19.2,341,229,65,1041165
MSp:51,MSp,51,23839,-1161,81,81,-1161,19.0,341,239,66,1137663
MSp:52,MSp,52,23822,-1178,-56,-56,-1178,19.0,331,243,58,790649
MSp:53,MSp,53,23088,-1912,-513,-513,-1912,18.1,334,244,66,743340
MSpa:54,MSpa,54,23714,-1286,-127,-127,-1286,19.0,279,244,38,202629
MSpa:55,MSpa,55,23406,-1594,-216,-216,-1594,19.1,281,248,56,530940
MSpa:56,MSpa,56,23389,-1611,-366,-366,-1611,18.8,276,250,60,750646
MSpa:57,MSpa,57,24027,-973,443,443,-973,18.7,259,244,61,811296
MSpa:58,MSpa,58,23480,-1520,-208,-208,-1520,19.0,259,235,61,839862
MSpa:59,MSpa,59,23959,-1041,229,229,-1041,19.8,265,240,61,854505
MSpa:60,MSpa,60,23658,-1342,0,0,-1342,20.0,268,234,61,855737
MSpa:61,MSpa,61,23002,-1998,-876,-876,-1998,19.8,271,238,60,910463
MSpa:62,MSpa,62,23720,-1280,-132,-132,-1280,19.0,268,230,59,938770
MSpa:63,MSpa,63,24068,-932,222,230,-932,19.0,277,246,60,994058
MSpa:64,MSpa,64,23953,-1047,169,169,-1047,19.2,289,250,57,794510
MSpa:65,MSpa,65,23717,-1283,264,264,-1283,20.0,291,251,59,806263
MSpa:66,MSpa,66,23323,-1677,-413,-414,-1677,20.0,298,254,58,850624
MSpa:67,MSpa,67,23688,-1312,-205,-196,-1312,20.1,300,251,58,909073
MSpa:68,MSpa,68,24168,-832,327,327,-832,19.4,295,247,56,882750
MSpa:69,MSpa,69,24213,-787,694,694,-787,19.3,297,245,56,919191
MSpa:70,MSpa,70,23044,-1956,-905,-905,-1956,19.2,308,243,58,963298
MSpa:71,MSpa,71,23505,-1495,-400,-400,-1495,19.2,303,241,58,999570
MSpa:72,MSpa,72,23605,-1395,-208,-208,-1395,19.0,296,235,53,720233
MSpa:73,MSpa,73,23242,-1758,-516,-516,-1758,18.2,296,231,59,783100
MSpaa:74,MSpaa,74,23601,-1399,-77,-87,-1399,18.1,266,221,53,571456
MSpaa:75,MSpaa,75,23595,-1405,119,129,-1405,18.8,263,225,54,727167
MSpaa:76,MSpaa,76,24040,-960,145,171,-960,18.1,261,221,54,833271
MSpaa:77,MSpaa,77,23479,-1521,-331,-311,-1520,18.1,252,224,54,883764
MSpaa:78,MSpaa,78,23959,-1041,218,224,-1040,20.0,256,227,54,886404
MSpaa:79,MSpaa,79,23568,-1432,-158,-131,-1432,20.2,257,221,54,851570
MSpaa:80,MSpaa,80,23497,-1503,-397,-372,-1503,20.1,255,219,55,636973
MSpaa:81,MSpaa,81,23696,-1304,-54,-95,-1304,20.1,255,220,55,670537
MSpaa:82,MSpaa,82,23427,-1573,-227,-243,-1573,18.1,258,238,55,668851
MSpaa:83,MSpaa,83,23308,-1692,-371,-361,-1692,18.2,263,242,54,720141
MSpaa:84,MSpaa,84,23213,-1787,-501,-501,-1787,17.2,270,240,53,734963
MSpaa:85,MSpaa,85,23402,-1598,-447,-454,-1595,17.0,264,229,52,749538
MSpaa:86,MSpaa,86,23600,-1400,24,22,-1397,17.1,266,233,48,632684
MSpaa:87,MSpaa,87,24136,-864,114,91,-860,19.1,276,222,50,567815
MSpaa:88,MSpaa,88,22980,-2020,-848,-912,-2010,18.2,278,216,48,547476
MSpaa:89,MSpaa,89,23997,-1003,40,10,-999,19.1,284,213,48,564150
MSpaa:90,MSpaa,90,23857,-1143,-187,-183,-1113,19.0,282,219,48,650893
MSpaa:91,MSpaa,91,23529,-1471,-618,-585,-1467,18.3,275,222,49,596250
MSpaa:92,MSpaa,92,23343,-1657,-573,-642,-1644,19.1,271,216,49,564420
MSpaa:93,MSpaa,93,23157,-1843,-985,-1003,-1842,19.1,277,214,49,596120
MSpaa:94,MSpaa,94,23566,-1434,-649,-652,-1434,18.2,282,211,49,614517
MSpaa:95,MSpaa,95,23845,-1155,-202,-202,-1155,19.0,291,211,50,704760
MSpaa:96,MSpaa,96,23668,-1332,-535,-535,-1332,19.1,295,214,46,500601
MSpaa:97,MSpaa,97,23824,-1176,-99,-99,-1176,18.2,294,202,50,578775
MSpaaa:98,MSpaaa,98,23419,-1581,-282,-302,-1573,17.0,249,182,46,501655
MSpaaa:99,MSpaaa,99,23445,-1555,-725,-754,-1550,16.8,248,169,46,596485
MSpaaa:100,MSpaaa,100,24828,-172,186,175,-170,16.1,251,166,46,478456
MSpaaa:101,MSpaaa,101,24015,-985,-460,-487,-977,16.9,243,162,46,491104
MSpaaa:102,MSpaaa,102,23879,-1121,-859,-816,-1123,16.9,237,163,46,479963
MSpaaa:103,MSpaaa,103,24936,-64,545,553,-63,17.0,230,162,46,482491
MSpaaa:104,MSpaaa,104,24425,-575,-315,-230,-537,17.9,220,167,46,464736
MSpaaa:105,MSpaaa,105,24192,-808,-166,-128,-798,18.1,221,174,46,454951
MSpaaa:106,MSpaaa,106,24351,-649,-71,-119,-572,17.9,214,186,46,457877
MSpaaa:107,MSpaaa,107,24595,-405,205,172,-282,17.9,208,186,46,457877
MSpaaa:108,MSpaaa,108,24712,-288,79,50,24,18.0,202,185,46,457877
MSpaaa:109,MSpaaa,109,24222,-778,-213,-161,-761,18.0,195,184,46,594659
MSpaaa:110,MSpaaa,110,24919,-81,156,136,-76,17.9,191,183,46,600942
MSpaaa:111,MSpaaa,111,23758,-1242,-871,-844,-1238,17.2,190,182,47,553280
MSpaaa:112,MSpaaa,112,25066,66,557,527,138,17.2,197,181,48,634974
MSpaaa:113,MSpaaa,113,24255,-745,-133,-141,-699,17.2,190,185,45,450559
MSpaaa:114,MSpaaa,114,24829,-171,123,117,-103,17.1,193,197,44,465494
MSpaaa:115,MSpaaa,115,25261,261,562,576,238,16.2,189,193,43,465256
MSpaaa:116,MSpaaa,116,24621,-379,181,185,-349,16.1,196,191,43,440835
MSpaaa:117,MSpaaa,117,24730,-270,81,84,-225,16.1,195,189,42,497246
MSpaaa:118,MSpaaa,118,25650,650,1191,1191,679,16.0,198,192,41,463871
MSpaaa:119,MSpaaa,119,24471,-529,-433,-433,-495,15.1,202,196,41,448517
MSpaaa:120,MSpaaa,120,24871,-129,140,140,-144,15.0,200,190,41,360132
MSpaaa:121,MSpaaa,121,24653,-347,-103,-103,-365,15.9,203,187,37,294411
MSpaaaa:122,MSpaaaa,122,26045,1045,1664,1694,1034,17.0,180,183,37,265693
MSpaaaa:123,MSpaaaa,123,24426,-574,-93,-96,-590,16.0,175,184,37,272453
MSpaaaa:124,MSpaaaa,124,24928,-72,316,339,-55,16.0,169,189,37,288454
MSpaaaa:125,MSpaaaa,125,25602,602,805,797,599,16.0,165,187,39,336120
MSpaaaa:126,MSpaaaa,126,24755,-245,326,297,-260,15.1,161,188,39,339444
MSpaaaa:127,MSpaaaa,127,25780,780,984,969,796,14.2,158,188,39,359927
MSpaaaa:128,MSpaaaa,128,26455,1455,1794,1820,1462,14.3,153,184,41,416668
MSpaaaa:129,MSpaaaa,129,24796,-204,258,267,-183,14.3,145,186,39,379507
MSpaaaa:130,MSpaaaa,130,25537,537,912,900,519,14.4,146,186,39,347262
MSpaaaa:131,MSpaaaa,131,24976,-24,-54,-186,-13,14.2,136,187,41,436304
MSpaaaa:132,MSpaaaa,132,24709,-291,-509,-539,-323,14.2,140,177,41,439700
MSpaaaa:133,MSpaaaa,133,25771,771,1028,1085,717,13.4,137,186,39,391686
MSpaaaa:134,MSpaaaa,134,25781,781,831,883,684,14.1,132,189,41,472096
MSpaaaa:135,MSpaaaa,135,25166,166,195,190,-264,14.2,128,192,41,453549
MSpaaaa:136,MSpaaaa,136,24536,-464,-214,-139,-345,14.1,130,189,41,460481
MSpaaaa:137,MSpaaaa,137,25492,492,95,153,438,14.1,133,188,41,476820
MSpaaaa:138,MSpaaaa,138,24261,-739,-531,-398,-918,14.2,131,187,41,450705
MSpaaaa:139,MSpaaaa,139,26359,1359,1373,1358,1315,13.4,135,189,39,390465
MSpaaaa:140,MSpaaaa,140,25954,954,744,696,898,14.2,131,189,41,469884
MSpaaaa:141,MSpaaaa,141,25966,966,1470,1512,954,14.1,131,193,41,478369
MSpaaaa:142,MSpaaaa,142,25452,452,400,377,439,14.0,133,199,41,481444
MSpaaaa:143,MSpaaaa,143,24916,-84,-37,38,-147,13.4,130,195,41,419517
MSpaaaa:144,MSpaaaa,144,25629,629,329,341,539,13.2,134,195,41,448129
MSpaaaa:145,MSpaaaa,145,25849,849,845,869,758,13.1,132,195,41,452725
MSpaaap:122,MSpaaap,122,25664,664,1128,1153,648,14.1,221,185,33,206104
MSpaaap:123,MSpaaap,123,24902,-98,-300,-274,-123,12.4,231,181,35,224719
MSpaaap:124,MSpaaap,124,25373,373,609,682,345,12.8,233,182,37,289916
MSpaaap:125,MSpaaap,125,24654,-346,-147,-140,-347,11.9,227,186,37,293549
MSpaaap:126,MSpaaap,126,24546,-454,-455,-538,-493,10.5,240,181,39,358956
MSpaaap:127,MSpaaap,127,25200,200,-77,-13,-23,10.5,240,175,39,326442
MSpaaap:128,MSpaaap,128,25640,640,586,730,594,10.5,234,179,39,355834
MSpaaap:129,MSpaaap,129,25066,66,-28,-43,16,11.0,218,185,37,341493
MSpaaap:130,MSpaaap,130,25807,807,657,723,736,11.2,221,193,41,382765
MSpaaap:131,MSpaaap,131,25771,771,700,703,736,11.0,218,190,39,374901
MSpaaap:132,MSpaaap,132,26106,1106,1089,1168,1050,11.1,216,191,39,375441
MSpaaap:133,MSpaaap,133,25634,634,381,469,627,11.1,216,181,41,412531
MSpaaap:134,MSpaaap,134,25097,97,117,66,28,11.1,210,175,41,419281
MSpaaap:135,MSpaaap,135,24764,-236,-20,-29,-322,11.3,209,172,41,390970
MSpaaap:136,MSpaaap,136,25246,246,168,136,151,11.3,196,175,41,395678
MSpaaap:137,MSpaaap,137,26403,1403,1593,1593,1285,11.3,193,178,39,373948
MSpaaap:138,MSpaaap,138,25497,497,287,240,419,11.1,186,179,41,452352
MSpaaap:139,MSpaaap,139,24964,-36,-198,-46,-254,11.3,188,172,41,417361
MSpaaap:140,MSpaaap,140,26066,1066,542,502,880,11.4,180,171,41,418664
MSpaaap:141,MSpaaap,141,25242,242,283,277,-42,11.2,177,176,39,402582
MSpaaap:142,MSpaaap,142,25782,782,816,813,584,11.2,177,176,41,440771
MSpaaap:143,MSpaaap,143,25803,803,894,876,659,11.1,183,172,41,436894
MSpaaap:144,MSpaaap,144,24931,-69,72,118,-208,11.3,189,171,41,409612
MSpaaap:145,MSpaaap,145,25610,610,759,822,401,11.2,186,174,39,381840
MSpaap:98,MSpaap,98,24451,-549,296,274,-546,19.1,308,210,46,411231
MSpaap:99,MSpaap,99,24227,-773,-169,-216,-770,18.9,307,198,46,465218
MSpaap:100,MSpaap,100,24926,-74,-174,-195,-73,18.0,308,194,46,384366
MSpaap:101,MSpaap,101,24944,-56,-573,-635,-190,18.1,313,200,46,391687
MSpaap:102,MSpaap,102,24339,-661,-1012,-1067,-759,19.0,308,199,46,387703
MSpaap:103,MSpaap,103,25235,235,-291,-348,179,19.0,305,201,34,188772
MSpaap:104,MSpaap,104,25371,371,-701,-923,119,18.1,298,201,34,194848
MSpaap:105,MSpaap,105,25551,551,-31,-1,97,18.9,301,204,46,397440
MSpaap:106,MSpaap,106,26301,1301,-227,594,474,18.1,296,211,46,394933
MSpaap:107,MSpaap,107,26531,1531,435,539,927,18.1,300,213,46,409053
MSpaap:108,MSpaap,108,26666,1666,936,922,1283,18.0,295,208,46,419359
MSpaap:109,MSpaap,109,26508,1508,1007,806,1426,18.1,290,211,46,408062
MSpaap:110,MSpaap,110,25512,512,-478,-572,242,18.1,298,209,46,453572
MSpaap:111,MSpaap,111,25583,583,-446,-451,19,18.2,298,209,34,221767
MSpaap:112,MSpaap,112,26428,1428,-1338,-1337,1091,18.0,310,216,44,411763
MSpaap:113,MSpaap,113,27905,2905,-787,-801,1230,17.2,308,217,45,355948
MSpaap:114,MSpaap,114,27886,2886,231,47,2427,18.0,302,220,44,362735
MSpaap:115,MSpaap,115,27784,2784,-964,-412,1407,17.3,297,219,43,335941
MSpaap:116,MSpaap,116,28811,3811,-1245,-383,2158,17.2,292,216,43,372218
MSpaap:117,MSpaap,117,26863,1863,-698,-954,1488,18.0,284,214,42,404045
MSpaap:118,MSpaap,118,27283,2283,-1457,-1118,1309,17.2,282,213,41,362105
MSpaap:119,MSpaap,119,28179,3179,-462,309,2276,17.0,279,208,41,400536
MSpaap:120,MSpaap,120,27395,2395,-2484,-1442,-272,17.1,280,206,41,307579
MSpaap:121,MSpaap,121,37298,12298,2015,5442,-1236,16.1,283,203,41,337812
MSpaap:122,MSpaap,122,31073,6073,-1380,427,-3675,16.0,279,200,37,278789
MSpaap:123,MSpaap,123,28546,3546,-918,-905,2416,16.1,269,196,41,335040
MSpaap:124,MSpaap,124,26929,1929,-868,-979,1337,16.1,264,198,41,343913
MSpaap:125,MSpaap,125,27118,2118,-571,-577,1214,16.9,269,203,37,274317
MSpaap:126,MSpaap,126,31514,6514,734,730,4390,16.9,276,202,37,263286
MSpaapa:127,MSpaapa,127,26530,1530,-877,-817,1308,16.1,243,205,37,219426
MSpaapa:128,MSpaapa,128,27187,2187,-326,-385,1991,15.9,243,212,37,235891
MSpaapa:129,MSpaapa,129,26417,1417,-1116,-931,212,15.9,242,215,37,221628
MSpaapa:130,MSpaapa,130,26024,1024,-1019,-1113,689,15.2,237,210,41,249822
MSpaapa:131,MSpaapa,131,25323,323,-1450,-1355,124,15.1,227,212,39,268010
MSpaapa:132,MSpaapa,132,25550,550,-1188,-1262,317,15.0,223,210,41,325120
MSpaapa:133,MSpaapa,133,24132,-868,-1535,-1470,-1023,14.2,220,204,39,293500
MSpaapa:134,MSpaapa,134,25110,110,-442,-578,26,14.1,216,192,41,349146
MSpaapa:135,MSpaapa,135,25110,110,139,176,172,14.2,217,187,39,303325
MSpaapa:136,MSpaapa,136,25315,315,-503,-508,221,14.1,220,188,41,339218
MSpaapa:137,MSpaapa,137,25414,414,-705,-728,195,13.3,218,191,41,327136
MSpaapa:138,MSpaapa,138,25628,628,-1287,-1270,680,13.3,213,193,41,349058
MSpaapa:139,MSpaapa,139,25728,728,441,666,736,13.1,214,195,41,343911
MSpaapa:140,MSpaapa,140,25465,465,-827,-842,315,13.2,211,192,41,343588
MSpaapa:141,MSpaapa,141,25836,836,-230,423,486,12.3,214,195,39,310222
MSpaapa:142,MSpaapa,142,25394,394,-103,-71,276,12.2,213,199,39,335514
MSpaapa:143,MSpaapa,143,24820,-180,-938,-950,-291,12.1,211,196,37,293582
MSpaapa:144,MSpaapa,144,26040,1040,665,603,918,12.3,219,189,41,327598
MSpaapa:145,MSpaapa,145,25326,326,-433,-475,199,12.2,219,188,41,316687
MSpaapp:127,MSpaapp,127,40398,15398,-479,-455,-1940,16.0,286,204,24,69506
MSpaapp:128,MSpaapp,128,37787,12787,2422,1757,-802,16.6,288,209,33,227590
MSpaapp:129,MSpaapp,129,39414,14414,2364,1239,-10257,16.2,285,206,32,106170
MSpaapp:130,MSpaapp,130,50430,25430,1871,7480,-17480,15.1,285,206,26,117777
MSpaapp:131,MSpaapp,131,55504,30504,4680,8354,-5485,15.1,280,206,26,126455
MSpaapp:132,MSpaapp,132,64689,39689,6947,11265,5940,15.1,281,210,26,129798
MSpaapp:133,MSpaapp,133,95115,70115,25085,35524,20628,14.1,276,201,26,116933
MSpaapp:134,MSpaapp,134,82559,57559,14853,24941,-3228,14.1,276,200,26,136704
MSpaapp:135,MSpaapp,135,59185,34185,5901,10314,4707,15.0,276,194,26,125364
MSpaapp:136,MSpaapp,136,76666,51666,11378,23479,1692,14.1,276,193,26,131172
MSpaapp:137,MSpaapp,137,81699,56699,14483,25465,4584,13.3,271,196,26,117357
MSpaapp:138,MSpaapp,138,51464,26464,-2938,6227,-12882,14.1,260,188,26,133844
MSpaapp:139,MSpaapp,139,55311,30311,3662,17625,-1507,13.3,259,191,35,252415
MSpaapp:140,MSpaapp,140,59943,34943,2010,11632,509,13.2,259,188,26,125570
MSpaapp:141,MSpaapp,141,59659,34659,9310,18756,11520,13.2,256,190,37,305697
MSpaapp:142,MSpaapp,142,51765,26765,-3088,6218,-5842,13.1,260,189,26,141139
MSpaapp:143,MSpaapp,143,72207,47207,1354,23538,-8748,12.2,268,190,26,142958
MSpaapp:144,MSpaapp,144,63095,38095,1809,12263,5866,12.2,274,187,26,140130
MSpaapp:145,MSpaapp,145,84824,59824,9098,31662,-2983,12.2,280,186,26,133603
MSpap:74,MSpap,74,23887,-1113,180,179,-1113,21.0,332,260,53,479913
MSpap:75,MSpap,75,23819,-1181,0,0,-1181,20.9,340,256,54,599927
MSpap:76,MSpap,76,23495,-1505,-370,-371,-1505,21.0,344,258,54,677050
MSpap:77,MSpap,77,23771,-1229,-145,-158,-1229,22.0,355,263,54,709011
MSpap:78,MSpap,78,24432,-568,242,242,-568,21.9,365,257,54,751783
MSpap:79,MSpap,79,24035,-965,81,90,-965,21.9,370,246,54,707140
MSpap:80,MSpap,80,23461,-1539,-602,-602,-1539,21.9,365,247,55,536432
MSpap:81,MSpap,81,23454,-1546,-361,-361,-1554,22.0,357,250,55,575593
MSpap:82,MSpap,82,24643,-357,277,282,-439,21.1,358,250,55,572411
MSpap:83,MSpap,83,24895,-105,427,508,-198,21.1,364,256,56,674606
MSpap:84,MSpap,84,23973,-1027,-683,-593,-1113,21.1,362,250,59,668666
MSpap:85,MSpap,85,24721,-279,-268,74,-533,20.2,360,257,54,601869
MSpap:86,MSpap,86,24578,-422,-346,-346,-623,21.1,366,251,52,553443
MSpap:87,MSpap,87,24455,-545,-301,-301,-577,21.0,368,255,50,517817
MSpap:88,MSpap,88,24625,-375,-287,-287,-468,21.1,368,257,48,460062
MSpap:89,MSpap,89,24646,-354,-483,-483,-420,21.2,377,255,48,478505
MSpap:90,MSpap,90,25411,411,509,509,347,21.1,379,261,48,515081
MSpap:91,MSpap,91,24193,-807,-1030,-1030,-821,21.2,383,260,49,474137
MSpap:92,MSpap,92,24312,-688,-726,-726,-692,21.2,372,261,49,470152
MSpap:93,MSpap,93,24594,-406,96,96,-406,22.1,379,267,49,465631
MSpap:94,MSpap,94,24347,-653,-353,-353,-653,21.2,379,265,49,466359
MSpap:95,MSpap,95,25042,42,468,468,42,21.1,380,258,50,516041
MSpap:96,MSpap,96,24909,-91,295,295,-91,21.0,379,259,46,377758
MSpap:97,MSpap,97,24913,-87,45,45,-87,19.9,382,268,46,454714
MSpapa:98,MSpapa,98,24262,-738,-17,17,-737,22.0,350,234,46,344755
MSpapa:99,MSpapa,99,24482,-518,33,9,-514,22.0,342,228,46,374633
MSpapa:100,MSpapa,100,24808,-192,-383,-353,-191,21.9,339,223,46,314011
MSpapa:101,MSpapa,101,25175,175,17,-39,195,21.1,332,220,50,404911
MSpapa:102,MSpapa,102,24284,-716,-868,-919,-658,21.2,333,219,50,386859
MSpapa:103,MSpapa,103,24737,-263,-731,-697,-294,21.2,327,212,50,415168
MSpapa:104,MSpapa,104,24627,-373,-717,-748,-392,21.1,320,208,50,425434
MSpapa:105,MSpapa,105,24655,-345,-548,-473,-362,22.0,322,209,50,447374
MSpapa:106,MSpapa,106,25821,821,439,548,714,21.2,327,216,50,382022
MSpapa:107,MSpapa,107,25308,308,-185,-135,228,21.2,328,217,50,410764
MSpapa:108,MSpapa,108,24792,-208,-794,-725,-456,21.1,314,213,50,447187
MSpapa:109,MSpapa,109,25010,10,-542,-483,-273,21.1,310,213,50,435490
MSpapa:110,MSpapa,110,24920,-80,-716,-545,-151,21.1,317,204,50,441705
MSpapa:111,MSpapa,111,25625,625,-189,-208,600,21.1,316,204,49,414936
MSpapa:112,MSpapa,112,25355,355,-219,-246,317,22.1,338,199,48,397109
MSpapa:113,MSpapa,113,25350,350,-161,-161,349,22.0,347,181,45,295467
MSpapa:114,MSpapa,114,25693,693,-58,-46,671,21.1,338,192,44,261602
MSpapa:115,MSpapa,115,25759,759,-588,-597,753,21.1,340,203,43,235244
MSpapa:116,MSpapa,116,27968,2968,458,472,1998,20.2,339,210,43,241931
MSpapa:117,MSpapa,117,28816,3816,1005,1077,2716,20.1,336,209,42,259163
MSpapa:118,MSpapa,118,28060,3060,1125,1125,2844,21.1,342,205,41,270939
MSpapa:119,MSpapa,119,26405,1405,-290,-294,1405,21.0,350,203,41,287979
MSpapa:120,MSpapa,120,26838,1838,-648,-688,1675,20.2,348,205,41,237188
MSpapa:121,MSpapa,121,26817,1817,-422,-385,1756,20.1,345,205,41,232539
MSpapa:122,MSpapa,122,28281,3281,532,502,3185,19.2,347,208,35,166224
MSpapaa:123,MSpapaa,123,28008,3008,1073,1023,2987,20.0,306,206,37,158133
MSpapaa:124,MSpapaa,124,26455,1455,357,351,1454,22.0,310,209,37,139780
MSpapaa:125,MSpapaa,125,26420,1420,-361,-344,1409,21.1,312,208,37,140155
MSpapaa:126,MSpapaa,126,26981,1981,-155,-215,1865,21.1,312,203,39,161886
MSpapaa:127,MSpapaa,127,26060,1060,-920,-912,1107,22.0,311,207,41,185369
MSpapaa:128,MSpapaa,128,26181,1181,-531,-553,1163,22.0,306,199,41,184801
MSpapaa:129,MSpapaa,129,26470,1470,-625,-770,2518,21.0,300,203,37,157732
MSpapaa:130,MSpapaa,130,27154,2154,51,-114,3599,20.8,297,204,37,157732
MSpapaa:131,MSpapaa,131,27500,2500,-379,-579,2929,20.7,294,206,37,157732
MSpapaa:132,MSpapaa,132,27120,2120,-1026,-1060,1351,20.5,291,208,37,157732
MSpapaa:133,MSpapaa,133,29956,4956,1903,1812,3911,20.3,288,210,37,157732
MSpapaa:134,MSpapaa,134,27141,2141,-1377,-1448,2303,20.2,285,212,37,157732
MSpapaa:135,MSpapaa,135,28381,3381,-122,-145,2986,20.0,282,214,36,0
MSpapaa:136,MSpapaa,136,28838,3838,-907,-1035,3204,19.0,277,213,38,0
MSpapaa:137,MSpapaa,137,28738,3738,-671,-989,2886,18.0,271,212,41,234136
MSpapaa:138,MSpapaa,138,30435,5435,360,195,4308,18.1,275,217,41,228869
MSpapaa:139,MSpapaa,139,31913,6913,920,823,3257,17.3,271,214,41,212076
MSpapaa:140,MSpapaa,140,30474,5474,175,169,4499,17.1,276,215,41,215881
MSpapaa:141,MSpapaa,141,31946,6946,1055,899,4405,17.1,276,213,41,250701
MSpapaa:142,MSpapaa,142,28510,3510,-1489,-1752,2977,17.0,279,213,41,241991
MSpapaa:143,MSpapaa,143,31019,6019,-878,-1113,2351,16.1,291,212,41,226284
MSpapaa:144,MSpapaa,144,32869,7869,1072,939,6361,16.0,300,212,41,251351
MSpapaa:145,MSpapaa,145,33829,8829,855,868,6116,16.1,303,208,41,247052
MSpapap:123,MSpapap,123,28043,3043,994,1018,3026,20.0,372,214,35,138725
MSpapap:124,MSpapap,124,28410,3410,642,640,3347,20.0,384,213,37,142031
MSpapap:125,MSpapap,125,27091,2091,-1402,-1404,1846,20.1,384,216,37,151875
MSpapap:126,MSpapap,126,29107,4107,-336,-392,4025,19.9,391,209,37,155179
MSpapap:127,MSpapap,127,31832,6832,899,786,6018,19.3,389,207,41,168092
MSpapap:128,MSpapap,128,32576,7576,1897,1866,6555,20.1,384,207,39,159783
MSpapap:129,MSpapap,129,30554,5554,303,110,4034,20.1,379,203,37,153774
MSpapap:130,MSpapap,130,34071,9071,495,227,6016,20.0,373,200,39,179587
MSpapap:131,MSpapap,131,50281,25281,6409,12938,-11216,18.0,360,201,39,189329
MSpapap:132,MSpapap,132,39191,14191,171,115,5199,19.0,354,210,39,211202
MSpapap:133,MSpapap,133,42852,17852,2976,4643,4668,19.1,353,210,39,200204
MSpapap:134,MSpapap,134,55408,30408,9359,15168,-677,18.1,355,209,39,221013
MSpapap:135,MSpapap,135,45043,20043,3791,4926,-3167,19.0,356,207,41,228420
MSpapap:136,MSpapap,136,58141,33141,11077,16207,-11489,18.0,356,204,41,232708
MSpapap:137,MSpapap,137,54891,29891,10016,10224,7173,18.1,351,208,41,227697
MSpapap:138,MSpapap,138,55156,30156,9231,10853,9228,18.0,348,209,41,236440
MSpapap:139,MSpapap,139,57514,32514,10456,12068,6687,18.1,351,205,39,198556
MSpapap:140,MSpapap,140,55933,30933,8684,4505,23727,18.0,354,206,26,68122
MSpapap:141,MSpapap,141,49489,24489,6199,7069,4428,18.1,352,208,41,224391
MSpapap:142,MSpapap,142,48518,23518,4635,6162,3281,18.1,356,206,41,212163
MSpapap:143,MSpapap,143,32016,7016,-1142,-2048,3138,20.0,354,206,41,227967
MSpapap:144,MSpapap,144,35489,10489,859,713,8535,19.1,352,208,39,176722
MSpapap:145,MSpapap,145,32538,7538,-367,-589,6733,20.0,358,211,41,221627
MSpapp:98,MSpapp,98,24889,-111,358,378,-111,20.9,411,277,46,309046
MSpapp:99,MSpapp,99,24871,-129,483,474,-129,21.0,408,267,46,316573
MSpapp:100,MSpapp,100,25314,314,304,301,314,21.0,405,263,46,288671
MSpapp:101,MSpapp,101,25883,883,693,678,883,22.0,416,267,46,307473
MSpapp:102,MSpapp,102,25235,235,-102,-110,201,22.0,427,248,46,286795
MSpapp:103,MSpapp,103,24579,-421,-989,-989,-490,22.0,432,237,46,281507
MSpapp:104,MSpapp,104,26301,1301,849,849,1222,22.0,434,239,46,294469
MSpapp:105,MSpapp,105,26034,1034,308,308,958,21.9,436,241,46,296742
MSpapp:106,MSpapp,106,25195,195,-844,-844,175,22.0,443,241,46,276043
MSpapp:107,MSpapp,107,25551,551,-346,-346,436,22.9,444,236,46,274518
MSpapp:108,MSpapp,108,26050,1050,434,452,391,23.0,446,226,46,272275
MSpapp:109,MSpapp,109,25626,626,102,130,122,23.0,448,218,46,271291
MSpapp:110,MSpapp,110,25991,991,572,569,898,23.0,448,210,50,362733
MSpapp:111,MSpapp,111,25842,842,48,0,575,22.1,444,204,49,330117
MSpapp:112,MSpapp,112,25706,706,62,70,382,22.1,443,195,48,340937
MSpapp:113,MSpapp,113,25371,371,-275,-276,222,22.0,444,196,45,263032
MSpapp:114,MSpapp,114,26560,1560,108,155,1341,21.1,435,199,44,249646
MSpapp:115,MSpapp,115,27248,2248,604,673,1917,22.0,439,215,43,243027
MSpapp:116,MSpapp,116,26976,1976,-355,-276,1619,21.0,437,206,43,255383
MSpapp:117,MSpapp,117,26440,1440,-172,-169,1314,22.0,434,202,42,266379
MSpapp:118,MSpapp,118,26934,1934,275,343,1740,21.1,427,198,41,253691
MSpapp:119,MSpapp,119,27575,2575,650,741,2159,20.3,425,194,41,233552
MSpapp:120,MSpapp,120,26141,1141,226,226,1136,22.0,424,198,41,194017
MSpapp:121,MSpapp,121,25841,841,-363,-363,841,22.0,423,198,37,141203
MSpapp:122,MSpapp,122,25011,11,-1295,-1295,10,23.0,417,202,41,170839
MSpapp:123,MSpapp,123,25929,929,-674,-635,917,22.0,421,201,41,173938
MSpapp:124,MSpapp,124,24803,-197,-1762,-1697,-258,22.1,425,201,41,182713
MSpapp:125,MSpapp,125,26711,1711,787,782,1706,23.0,434,205,41,184247
MSpapp:126,MSpapp,126,25952,952,-179,-169,893,23.0,432,200,41,188887
MSpapp:127,MSpapp,127,26649,1649,-105,-37,1565,22.1,431,199,41,194028
MSpapp:128,MSpapp,128,26382,1382,-405,-323,1300,22.1,429,198,41,189516
MSpapp:129,MSpapp,129,27155,2155,309,393,2065,22.0,420,201,37,152736
MSpapp:130,MSpapp,130,27130,2130,130,401,2011,22.1,415,200,41,182245
MSpapp:131,MSpapp,131,27750,2750,217,217,2840,22.1,403,195,41,205999
MSpapp:132,MSpapp,132,27838,2838,74,117,2795,21.9,396,193,37,182397
MSpapp:133,MSpapp,133,28349,3349,-959,-868,3118,20.1,402,195,41,190437
MSpappa:134,MSpappa,134,30275,5275,725,977,4713,22.0,372,186,37,150071
MSpappa:135,MSpappa,135,29059,4059,839,863,4354,22.1,374,186,26,56364
MSpappa:136,MSpappa,136,32043,7043,100,1996,7835,21.0,368,192,41,203654
MSpappa:137,MSpappa,137,35569,10569,1345,4567,4589,20.1,365,197,39,175479
MSpappa:138,MSpappa,138,30413,5413,-110,-52,3875,22.0,362,197,26,57316
MSpappa:139,MSpappa,139,29244,4244,-1711,-1515,2681,22.0,362,197,26,57316
MSpappa:140,MSpappa,140,34092,9092,36,1458,-9524,20.1,355,202,41,227541
MSpappa:141,MSpappa,141,29261,4261,156,476,3430,22.0,365,200,37,171049
MSpappa:142,MSpappa,142,29616,4616,-184,490,3710,22.0,366,201,39,190856
MSpappa:143,MSpappa,143,29405,4405,-171,433,2871,22.0,366,201,39,190856
MSpappa:144,MSpappa,144,31949,6949,3619,3575,5196,23.1,367,205,26,57096
MSpappa:145,MSpappa,145,28009,3009,-2010,-1416,128,22.1,373,209,26,56659
MSpappp:134,MSpappp,134,27561,2561,1163,1163,2558,22.0,431,208,26,52267
MSpappp:135,MSpappp,135,25798,798,-705,-705,786,22.0,433,213,24,36203
MSpappp:136,MSpappp,136,26450,1450,-165,-165,1447,22.0,436,214,37,130114
MSpappp:137,MSpappp,137,26950,1950,130,130,1946,22.2,435,214,35,130114
MSpappp:138,MSpappp,138,26444,1444,-413,-413,1443,22.4,433,214,32,130114
MSpappp:139,MSpappp,139,26988,1988,576,576,1986,22.6,432,214,30,130114
MSpappp:140,MSpappp,140,30659,5659,3794,3794,5655,22.8,430,214,27,130114
MSpappp:141,MSpappp,141,24291,-709,-2313,-2313,-710,23.0,428,214,24,34478
MSpappp:142,MSpappp,142,27839,2839,301,301,2831,23.0,428,214,24,34478
MSpappp:143,MSpappp,143,30681,5681,1190,1038,5572,20.0,415,213,37,140735
MSpappp:144,MSpappp,144,30122,5122,-1251,-1228,5036,19.9,411,209,37,156720
MSpappp:145,MSpappp,145,31967,6967,65,150,5928,19.0,409,209,37,156115
MSpp:54,MSpp,54,23426,-1574,-433,-433,-1574,19.1,363,241,44,223141
MSpp:55,MSpp,55,23976,-1024,556,556,-1024,21.1,363,241,52,388764
MSpp:56,MSpp,56,23636,-1364,-247,-247,-1364,21.8,375,231,60,618064
MSpp:57,MSpp,57,23382,-1618,-408,-420,-1618,21.8,393,218,61,674657
MSpp:58,MSpp,58,23499,-1501,-231,-224,-1501,21.7,391,223,61,689329
MSpp:59,MSpp,59,23954,-1046,171,188,-1046,22.0,389,227,61,658148
MSpp:60,MSpp,60,23731,-1269,99,92,-1269,21.9,383,224,61,681310
MSpp:61,MSpp,61,23856,-1144,191,191,-1144,21.9,382,213,60,743286
MSpp:62,MSpp,62,23632,-1368,-114,-117,-1368,21.0,377,203,59,744119
MSpp:63,MSpp,63,23805,-1195,113,152,-1195,21.1,386,195,60,754009
MSpp:64,MSpp,64,23473,-1527,-363,-365,-1527,21.2,399,188,59,732997
MSpp:65,MSpp,65,23249,-1751,-458,-457,-1751,21.1,403,183,59,787548
MSpp:66,MSpp,66,23275,-1725,-661,-654,-1725,20.2,402,183,58,811794
MSpp:67,MSpp,67,23191,-1809,-556,-556,-1809,21.2,406,187,56,737536
MSpp:68,MSpp,68,23055,-1945,-726,-726,-1945,21.1,412,197,58,886413
MSpp:69,MSpp,69,23371,-1629,-307,-307,-1629,21.1,410,207,56,835020
MSpp:70,MSpp,70,23907,-1093,232,231,-1093,21.0,399,189,58,924509
MSpp:71,MSpp,71,23385,-1615,-363,-363,-1615,20.0,392,188,58,974444
MSpp:72,MSpp,72,23241,-1759,-382,-382,-1759,20.0,397,187,59,1024663
MSpp:73,MSpp,73,23596,-1404,-70,-70,-1404,20.1,399,187,59,1025920
MSpp:74,MSpp,74,23515,-1485,-65,-65,-1485,19.2,392,188,59,871668
MSpp:75,MSpp,75,23771,-1229,138,137,-1229,19.1,390,168,54,784690
MSppa:76,MSppa,76,23439,-1561,-184,-181,-1561,20.1,379,155,54,625738
MSppa:77,MSppa,77,24294,-706,459,451,-706,20.9,372,156,54,699498
MSppa:78,MSppa,78,23447,-1553,-455,-447,-1553,21.9,368,152,54,819555
MSppa:79,MSppa,79,23519,-1481,-389,-402,-1481,22.1,363,145,54,880455
MSppa:80,MSppa,80,23475,-1525,-157,-122,-1525,21.1,362,144,55,634363
MSppa:81,MSppa,81,23988,-1012,314,292,-1012,21.1,364,146,55,652672
MSppa:82,MSppa,82,23734,-1266,-170,-203,-1266,21.9,378,150,55,642691
MSppa:83,MSppa,83,23932,-1068,118,99,-1068,21.0,387,155,54,654359
MSppa:84,MSppa,84,23942,-1058,72,72,-1058,20.0,401,168,53,597217
MSppa:85,MSppa,85,23454,-1546,-153,-160,-1546,20.0,402,165,52,623846
MSppa:86,MSppa,86,23650,-1350,55,64,-1350,21.0,407,164,50,538760
MSppa:87,MSppa,87,23471,-1529,-405,-411,-1529,20.1,413,169,50,554189
MSppa:88,MSppa,88,23607,-1393,-274,-255,-1393,20.1,419,172,48,477684
MSppa:89,MSppa,89,23894,-1106,191,164,-1106,20.1,417,170,48,457323
MSppa:90,MSppa,90,23522,-1478,-540,-555,-1476,20.3,415,170,48,479577
MSppa:91,MSppa,91,23154,-1846,-655,-683,-1844,21.2,405,167,49,472825
MSppa:92,MSppa,92,23588,-1412,-577,-578,-1410,21.1,401,169,49,534568
MSppa:93,MSppa,93,24600,-400,196,228,-399,22.0,405,165,49,546272
MSppa:94,MSppa,94,25041,41,764,740,38,21.1,405,171,49,538257
MSppa:95,MSppa,95,24977,-23,495,423,-36,20.2,395,169,50,591922
MSppa:96,MSppa,96,24748,-252,-162,-204,-424,20.1,392,177,48,564449
MSppa:97,MSppa,97,24327,-673,-696,-739,-1001,20.0,391,181,46,540809
MSppa:98,MSppa,98,25517,517,574,571,464,20.0,396,182,46,540401
MSppa:99,MSppa,99,25482,482,758,759,488,21.0,390,171,46,518674
MSppa:100,MSppa,100,24657,-343,-225,-225,-341,20.0,399,162,46,458719
MSppaa:101,MSppaa,101,24074,-926,-682,-649,-910,20.0,365,144,46,396190
MSppaa:102,MSppaa,102,24232,-768,-485,-414,-765,20.0,344,136,46,437396
MSppaa:103,MSppaa,103,24503,-497,-339,-389,-490,20.1,326,132,46,446601
MSppaa:104,MSppaa,104,24445,-555,-345,-287,-554,20.9,320,134,46,448675
MSppaa:105,MSppaa,105,25130,130,291,297,92,20.1,315,136,46,446306
MSppaa:106,MSppaa,106,25806,806,480,343,714,20.1,311,147,46,427891
MSppaa:107,MSppaa,107,24705,-295,-376,-377,-303,19.9,314,149,46,402320
MSppaa:108,MSppaa,108,26141,1141,953,940,922,18.8,306,154,46,406059
MSppaa:109,MSppaa,109,25102,102,-293,-301,-236,18.1,307,156,46,424339
MSppaa:110,MSppaa,110,25222,222,-726,-573,-229,17.0,310,151,46,511735
MSppaa:111,MSppaa,111,26435,1435,316,472,1276,16.8,306,152,45,456148
MSppaa:112,MSppaa,112,24293,-707,-858,-895,-733,16.0,297,150,44,478093
MSppaa:113,MSppaa,113,24541,-459,-1316,-1244,-521,15.4,295,162,43,350100
MSppaa:114,MSppaa,114,25003,3,-351,-429,-57,16.2,293,168,44,375964
MSppaa:115,MSppaa,115,25714,714,903,877,815,17.2,286,163,41,354530
MSppaa:116,MSppaa,116,24440,-560,-823,-592,-750,17.3,288,163,43,352990
MSppaa:117,MSppaa,117,24660,-340,-156,-61,-528,17.2,275,160,42,361870
MSppaa:118,MSppaa,118,24912,-88,343,315,-87,17.2,263,157,41,364835
MSppaa:119,MSppaa,119,25165,165,584,542,171,17.1,257,149,41,383299
MSppaa:120,MSppaa,120,24744,-256,208,187,-257,16.2,250,140,41,309020
MSppaa:121,MSppaa,121,24785,-215,348,353,-180,17.1,243,136,41,330146
MSppaa:122,MSppaa,122,25050,50,158,164,50,16.2,246,136,39,296644
MSppaa:123,MSppaa,123,25064,64,349,368,75,17.0,240,133,41,337490
MSppaa:124,MSppaa,124,24505,-495,56,43,-500,15.2,248,138,41,296273
MSppaa:125,MSppaa,125,24942,-58,383,374,-56,15.1,249,135,41,335959
MSppaa:126,MSppaa,126,24839,-161,-3,19,-158,15.1,247,131,41,354886
MSppaa:127,MSppaa,127,24196,-804,-513,-519,-785,15.2,244,134,41,328210
MSppaa:128,MSppaa,128,25211,211,173,169,163,14.2,247,145,41,337691
MSppaa:129,MSppaa,129,25726,726,344,349,749,14.1,242,148,39,354222
MSppaa:130,MSppaa,130,25620,620,460,460,604,14.9,238,141,37,323579
MSppaa:131,MSppaa,131,25267,267,-223,-229,243,16.0,228,140,37,302741
MSppaa:132,MSppaa,132,24903,-97,61,61,-107,15.8,226,143,37,333776
MSppaaa:133,MSppaaa,133,26079,1079,1282,1298,1024,16.0,187,139,35,262872
MSppaaa:134,MSppaaa,134,26624,1624,1788,1819,1644,15.2,175,137,35,255324
MSppaaa:135,MSppaaa,135,25783,783,1025,1020,773,17.0,177,144,37,277900
MSppaaa:136,MSppaaa,136,25794,794,754,740,791,17.0,172,143,37,282514
MSppaaa:137,MSppaaa,137,25191,191,469,469,176,17.0,173,149,37,298796
MSppaaa:138,MSppaaa,138,26026,1026,1017,1016,1004,16.9,167,142,37,320857
MSppaaa:139,MSppaaa,139,25245,245,-38,-31,249,16.1,171,145,41,370570
MSppaaa:140,MSppaaa,140,24845,-155,-70,-75,-199,16.1,173,141,39,338320
MSppaaa:141,MSppaaa,141,25670,670,771,750,657,16.1,168,148,39,329163
MSppaaa:142,MSppaaa,142,26782,1782,1383,1392,1740,16.0,161,147,39,340384
MSppaaa:143,MSppaaa,143,25168,168,126,181,116,16.1,159,147,41,358862
MSppaaa:144,MSppaaa,144,25420,420,196,175,367,17.0,167,151,41,336555
MSppaaa:145,MSppaaa,145,25582,582,292,294,573,17.1,163,156,41,329028
MSppaap:133,MSppaap,133,24835,-165,-353,-161,-232,14.2,245,141,35,188149
MSppaap:134,MSppaap,134,25652,652,860,852,637,15.0,240,141,37,228023
MSppaap:135,MSppaap,135,25147,147,113,165,86,15.1,242,137,37,236600
MSppaap:136,MSppaap,136,25001,1,-515,-428,-133,15.0,244,137,37,240467
MSppaap:137,MSppaap,137,26685,1685,1515,1581,1638,14.9,242,142,37,244272
MSppaap:138,MSppaap,138,25978,978,317,309,967,14.9,236,139,37,264351
MSppaap:139,MSppaap,139,25891,891,449,392,847,14.9,237,137,37,268643
MSppaap:140,MSppaap,140,27262,2262,1167,1195,2195,14.1,238,135,39,298894
MSppaap:141,MSppaap,141,27675,2675,2141,2184,2547,14.9,232,138,37,252720
MSppaap:142,MSppaap,142,25690,690,210,414,509,14.0,219,143,37,267426
MSppaap:143,MSppaap,143,27119,2119,1138,1365,1925,14.9,223,146,37,261932
MSppaap:144,MSppaap,144,25724,724,99,300,587,14.9,224,141,37,270014
MSppaap:145,MSppaap,145,27420,2420,1511,1673,2296,15.9,219,141,37,252644
MSppap:101,MSppap,101,24943,-57,206,187,-40,20.9,399,172,46,329564
MSppap:102,MSppap,102,24770,-230,345,354,-232,21.9,398,164,46,309642
MSppap:103,MSppap,103,24082,-918,-853,-840,-917,21.1,389,156,46,323312
MSppap:104,MSppap,104,25412,412,847,844,414,22.0,394,155,46,331413
MSppap:105,MSppap,105,25093,93,615,604,97,21.2,398,155,50,419469
MSppap:106,MSppap,106,24432,-568,-299,-280,-574,20.2,391,164,50,405412
MSppap:107,MSppap,107,24734,-266,-348,-294,-327,19.9,395,164,46,360935
MSppap:108,MSppap,108,24461,-539,-792,-843,-614,18.9,385,156,46,388612
MSppap:109,MSppap,109,25381,381,174,267,329,18.1,379,154,46,417311
MSppap:110,MSppap,110,24542,-458,-696,-624,-456,16.9,376,142,46,463912
MSppap:111,MSppap,111,24895,-105,-61,-33,-102,15.9,371,136,45,451687
MSppap:112,MSppap,112,24887,-113,92,101,-111,15.9,364,141,44,478346
MSppap:113,MSppap,113,24933,-67,403,504,-80,14.8,358,139,41,408651
MSppap:114,MSppap,114,24913,-87,97,140,-86,15.0,352,142,40,396672
MSppap:115,MSppap,115,24752,-248,51,30,-241,15.3,352,148,41,361700
MSppap:116,MSppap,116,25081,81,-674,-649,65,15.3,349,147,43,429069
MSppap:117,MSppap,117,24320,-680,-749,-795,-664,14.2,333,140,42,497637
MSppap:118,MSppap,118,25683,683,553,483,659,14.0,330,141,41,484212
MSppap:119,MSppap,119,25003,3,278,299,20,14.1,326,141,41,492017
MSppap:120,MSppap,120,24873,-127,-107,-135,-145,13.5,325,142,41,408036
MSppap:121,MSppap,121,25084,84,0,31,47,14.0,320,138,41,422663
MSppap:122,MSppap,122,24315,-685,-739,-648,-719,13.4,321,137,41,380414
MSppap:123,MSppap,123,25329,329,516,583,322,13.2,323,132,41,433615
MSppap:124,MSppap,124,25979,979,1261,1228,957,13.0,323,132,41,465645
MSppap:125,MSppap,125,25211,211,194,201,133,12.3,327,135,41,444974
MSppap:126,MSppap,126,26096,1096,1012,1007,997,13.0,322,134,41,486843
MSppap:127,MSppap,127,25689,689,1041,1033,652,12.3,318,130,41,465639
MSppap:128,MSppap,128,26140,1140,1074,1062,1124,13.1,317,129,41,482457
MSppap:129,MSppap,129,25385,385,817,824,360,13.0,311,130,35,311849
MSppap:130,MSppap,130,25513,513,1032,1031,432,12.1,319,133,35,335791
MSppapa:131,MSppapa,131,25995,995,1174,1174,977,13.1,280,132,35,261932
MSppapa:132,MSppapa,132,26513,1513,1631,1627,1479,13.1,276,131,37,302529
MSppapa:133,MSppapa,133,26351,1351,1375,1368,1354,13.0,279,125,37,313502
MSppapa:134,MSppapa,134,25418,418,140,91,385,13.8,277,129,37,300157
MSppapa:135,MSppapa,135,25605,605,419,399,604,13.9,271,126,37,308571
MSppapa:136,MSppapa,136,26759,1759,1509,1569,1745,13.9,276,125,37,302357
MSppapa:137,MSppapa,137,25899,899,510,525,760,14.2,274,122,41,369525
MSppapa:138,MSppapa,138,25308,308,-114,-21,92,14.0,273,121,37,315253
MSppapa:139,MSppapa,139,25538,538,182,121,368,13.1,272,123,37,333912
MSppapa:140,MSppapa,140,25815,815,-876,-875,579,13.1,272,126,39,365848
MSppapa:141,MSppapa,141,26628,1628,-14,2,1367,14.0,266,129,37,322626
MSppapa:142,MSppapa,142,27588,2588,625,448,2467,13.3,256,132,39,332343
MSppapa:143,MSppapa,143,28139,3139,1317,1481,2839,14.1,258,136,39,349856
MSppapa:144,MSppapa,144,27166,2166,595,540,1989,13.3,258,136,39,313824
MSppapa:145,MSppapa,145,27673,2673,362,300,2441,14.2,256,138,41,343929
MSppapp:131,MSppapp,131,24507,-493,-518,-518,-530,12.0,335,137,33,262817
MSppapp:132,MSppapp,132,26523,1523,1003,1003,1410,11.3,336,141,35,263496
MSppapp:133,MSppapp,133,25038,38,124,115,-63,11.1,342,139,37,335427
MSppapp:134,MSppapp,134,25535,535,726,707,537,11.0,339,136,37,356327
MSppapp:135,MSppapp,135,24858,-142,-32,-28,-270,10.9,341,135,37,340697
MSppapp:136,MSppapp,136,26386,1386,1010,1108,1094,10.9,338,129,37,372273
MSppapp:137,MSppapp,137,25130,130,-104,40,-141,10.9,337,127,37,385665
MSppapp:138,MSppapp,138,25737,737,836,954,332,10.4,334,127,39,351670
MSppapp:139,MSppapp,139,25605,605,187,378,86,10.1,334,128,37,371270
MSppapp:140,MSppapp,140,25864,864,869,889,-67,10.1,330,130,37,385160
MSppapp:141,MSppapp,141,25694,694,423,520,439,10.2,316,131,37,374378
MSppapp:142,MSppapp,142,25465,465,-464,-416,71,10.2,302,127,37,363321
MSppapp:143,MSppapp,143,26694,1694,515,470,1429,10.1,302,125,37,362027
MSppapp:144,MSppapp,144,27808,2808,380,522,2412,9.9,304,131,37,367024
MSppapp:145,MSppapp,145,26719,1719,-1445,-722,1231,10.1,302,126,39,413111
MSppp:76,MSppp,76,23478,-1522,-216,-220,-1522,22.0,442,205,54,517950
MSppp:77,MSppp,77,23726,-1274,-72,-56,-1274,22.1,446,214,60,689104
MSppp:78,MSppp,78,23677,-1323,-146,-147,-1323,22.9,443,213,54,607575
MSppp:79,MSppp,79,23535,-1465,-208,-212,-1465,22.9,447,220,54,637074
MSppp:80,MSppp,80,23930,-1070,229,237,-1070,23.0,455,222,55,482015
MSppp:81,MSppp,81,23720,-1280,-134,-120,-1280,22.2,458,225,57,544387
MSppp:82,MSppp,82,23581,-1419,-212,-213,-1420,22.8,466,234,55,553273
MSppp:83,MSppp,83,23739,-1261,-310,-310,-1261,23.0,461,237,54,516101
MSppp:84,MSppp,84,23610,-1390,-117,-118,-1390,23.1,466,244,57,558330
MSppp:85,MSppp,85,23954,-1046,-89,-89,-1046,23.2,459,246,54,534009
MSppp:86,MSppp,86,24193,-807,261,261,-807,23.0,469,238,52,500700
MSppp:87,MSppp,87,23936,-1064,100,100,-1064,22.2,470,233,50,444070
MSppp:88,MSppp,88,23813,-1187,-231,-231,-1187,23.0,474,233,44,307428
MSppp:89,MSppp,89,23138,-1862,-637,-637,-1862,23.0,472,228,48,433764
MSppp:90,MSppp,90,24136,-864,183,183,-864,23.0,473,221,48,461883
MSppp:91,MSppp,91,23684,-1316,-505,-505,-1316,22.2,476,220,49,473933
MSppp:92,MSppp,92,23530,-1470,-669,-669,-1470,22.1,474,209,49,477762
MSppp:93,MSppp,93,24453,-547,421,421,-547,21.1,478,206,49,520957
MSppp:94,MSppp,94,23905,-1095,60,60,-1095,22.0,477,213,45,385052
MSppp:95,MSppp,95,23569,-1431,-708,-708,-1431,22.1,473,211,50,558535
MSppp:96,MSppp,96,23758,-1242,-198,-198,-1242,22.2,475,214,50,561732
MSppp:97,MSppp,97,23712,-1288,-348,-348,-1288,23.0,472,210,46,468958
MSppp:98,MSppp,98,23594,-1406,-455,-455,-1406,22.1,472,200,50,577339
MSppp:99,MSppp,99,23743,-1257,-368,-368,-1257,22.1,469,201,48,558170
MSppp:100,MSppp,100,25313,313,669,669,313,22.9,466,196,46,367320
MSppp:101,MSppp,101,24760,-240,-132,-132,-240,20.0,458,197,46,376916
MSpppa:102,MSpppa,102,24647,-353,86,54,-355,20.0,450,179,46,306175
MSpppa:103,MSpppa,103,24334,-666,-438,-401,-676,19.9,446,167,46,330154
MSpppa:104,MSpppa,104,24417,-583,-514,-480,-590,20.0,446,161,46,346127
MSpppa:105,MSpppa,105,24770,-230,6,129,-264,19.0,441,163,46,354324
MSpppa:106,MSpppa,106,24867,-133,155,125,-150,19.0,436,166,46,370057
MSpppa:107,MSpppa,107,25031,31,-9,-2,-43,20.0,439,166,46,356880
MSpppa:108,MSpppa,108,25495,495,564,602,432,20.0,430,161,46,340685
MSpppa:109,MSpppa,109,26193,1193,933,999,888,19.1,422,159,46,381202
MSpppa:110,MSpppa,110,24797,-203,-1236,-1287,-290,18.9,420,160,46,401656
MSpppa:111,MSpppa,111,27814,2814,-57,647,-1040,17.2,412,168,47,415057
MSpppa:112,MSpppa,112,29576,4576,539,1796,-602,17.0,409,164,44,400696
MSpppa:113,MSpppa,113,29577,4577,35,1272,1734,17.0,402,158,43,361631
MSpppa:114,MSpppa,114,28861,3861,452,442,2365,18.0,399,160,42,319149
MSpppa:115,MSpppa,115,28435,3435,-478,485,-1056,18.1,397,168,43,319330
MSpppa:116,MSpppa,116,32507,7507,997,2129,3368,17.1,397,173,41,319354
MSpppa:117,MSpppa,117,30685,5685,1022,1725,3513,17.0,386,178,42,325673
MSpppa:118,MSpppa,118,31998,6998,-668,1448,1568,16.2,374,180,41,310741
MSpppa:119,MSpppa,119,33672,8672,-328,2823,-1401,16.1,372,183,39,325552
MSpppa:120,MSpppa,120,31182,6182,-1060,-437,1059,16.2,363,183,41,306598
MSpppa:121,MSpppa,121,29885,4885,-3618,-2864,1579,16.0,358,176,41,320415
MSpppa:122,MSpppa,122,31377,6377,-740,-547,4101,16.0,354,169,41,354324
MSpppa:123,MSpppa,123,29752,4752,-1292,-161,2125,16.3,352,165,41,328169
MSpppa:124,MSpppa,124,28409,3409,-954,-965,2786,17.1,345,167,41,335995
MSpppa:125,MSpppa,125,28090,3090,-1676,-1676,2142,17.2,346,167,41,325411
MSpppa:126,MSpppa,126,28906,3906,-2210,-2255,2933,17.2,339,168,41,315287
MSpppa:127,MSpppa,127,27996,2996,-3730,-2783,594,17.2,333,163,41,315185
MSpppa:128,MSpppa,128,31601,6601,-1812,-857,4036,17.2,337,172,41,297346
MSpppa:129,MSpppa,129,30823,5823,-2078,-1627,4560,17.2,331,168,41,313352
MSpppa:130,MSpppa,130,27623,2623,-1051,-1051,2424,17.3,325,158,41,304756
MSpppa:131,MSpppa,131,27175,2175,-1317,-1189,2055,17.1,319,162,41,347350
MSpppa:132,MSpppa,132,27103,2103,-639,-639,2032,17.1,318,160,41,358725
MSpppa:133,MSpppa,133,25959,959,-2178,-2178,888,16.3,316,156,39,291036
MSpppa:134,MSpppa,134,27218,2218,-340,-387,2178,17.1,318,154,41,337222
MSpppa:135,MSpppa,135,29132,4132,72,50,4016,16.9,323,160,37,281633
MSpppa:136,MSpppa,136,27256,2256,-1761,-1532,2156,17.9,327,159,37,286123
MSpppaa:137,MSpppaa,137,28100,3100,-162,-259,2951,16.9,292,158,37,232883
MSpppaa:138,MSpppaa,138,28400,3400,652,461,2869,16.1,286,150,37,237321
MSpppaa:139,MSpppaa,139,27446,2446,-221,-429,1993,16.0,286,148,37,240316
MSpppaa:140,MSpppaa,140,27567,2567,-211,-347,2374,16.1,292,148,37,231081
MSpppaa:141,MSpppaa,141,27872,2872,469,534,2503,17.0,287,150,37,230606
MSpppaa:142,MSpppaa,142,27050,2050,-1601,-1640,1608,16.0,287,152,39,256687
MSpppaa:143,MSpppaa,143,28365,3365,-40,-84,2115,16.1,284,153,41,277186
MSpppaa:144,MSpppaa,144,28198,3198,95,20,3015,16.1,287,150,39,272179
MSpppaa:145,MSpppaa,145,26631,1631,-1601,-1599,775,17.0,282,152,37,247471
MSpppap:137,MSpppap,137,29663,4663,-2712,-1775,3584,17.2,344,162,37,231293
MSpppap:138,MSpppap,138,31045,6045,-2132,-619,5435,17.8,344,166,37,240183
MSpppap:139,MSpppap,139,32137,7137,-2632,-837,5485,17.9,344,168,37,221340
MSpppap:140,MSpppap,140,34257,9257,-4188,-3990,5916,17.1,351,170,37,228126
MSpppap:141,MSpppap,141,33984,8984,-3370,-2190,5112,17.1,348,169,37,241858
MSpppap:142,MSpppap,142,36735,11735,-2279,-342,6401,17.0,345,167,37,255183
MSpppap:143,MSpppap,143,31575,6575,-1641,-2012,4656,17.1,347,164,37,238702
MSpppap:144,MSpppap,144,30699,5699,-84,-253,5397,17.0,346,160,37,243564
MSpppap:145,MSpppap,145,28326,3326,-1321,-1719,2790,17.1,344,157,37,252548
MSpppp:102,MSpppp,102,24316,-684,-261,-277,-683,22.1,494,214,46,262742
MSpppp:103,MSpppp,103,24782,-218,37,37,-218,22.1,503,209,46,297671
MSpppp:104,MSpppp,104,23958,-1042,-999,-995,-1042,21.0,504,203,46,308707
MSpppp:105,MSpppp,105,24531,-469,-254,-254,-469,20.0,506,202,46,323426
MSpppp:106,MSpppp,106,24629,-371,-212,-212,-371,19.9,508,201,46,352608
MSpppp:107,MSpppp,107,24392,-608,-548,-537,-607,18.9,505,190,46,381437
MSpppp:108,MSpppp,108,24284,-716,-363,-362,-708,18.8,504,186,46,400848
MSpppp:109,MSpppp,109,24270,-730,-441,-436,-713,18.0,495,180,46,442773
MSpppp:110,MSpppp,110,25056,56,317,305,65,17.9,491,177,46,458552
MSpppp:111,MSpppp,111,24890,-110,-79,42,-137,18.1,477,173,45,341988
MSpppp:112,MSpppp,112,25516,516,-611,-114,417,18.1,469,172,44,361212
MSpppp:113,MSpppp,113,26962,1962,84,302,1688,18.1,461,173,41,322623
MSpppp:114,MSpppp,114,26014,1014,-2348,-1829,693,17.2,459,168,44,356425
MSpppp:115,MSpppp,115,26883,1883,-1720,-1466,1537,18.0,450,178,43,340760
MSpppp:116,MSpppp,116,28278,3278,-1513,-768,2387,17.2,448,180,43,332874
MSpppp:117,MSpppp,117,28926,3926,-1049,-378,2238,17.3,437,176,42,338158
MSpppp:118,MSpppp,118,28895,3895,-2477,-1719,1857,17.0,422,174,41,359200
MSpppp:119,MSpppp,119,27490,2490,-2143,-1129,714,16.1,423,165,41,358380
MSpppp:120,MSpppp,120,27886,2886,-2664,-2477,2138,15.3,421,162,41,313659
MSpppp:121,MSpppp,121,27547,2547,-1727,-1476,1776,15.2,417,159,41,315936
MSpppp:122,MSpppp,122,27502,2502,-2653,-1903,1003,15.2,414,161,41,327264
MSpppp:123,MSpppp,123,26996,1996,-4784,-2463,-170,15.3,412,160,41,321542
MSpppp:124,MSpppp,124,27829,2829,-4311,-3276,1704,15.2,410,158,41,343751
MSpppp:125,MSpppp,125,27442,2442,-5078,-2874,868,15.2,410,160,41,347227
MSpppp:126,MSpppp,126,25466,466,-4247,-3713,404,15.1,409,155,41,331884
MSpppp:127,MSpppp,127,25734,734,-3286,-2440,364,14.2,407,152,39,305502
MSpppp:128,MSpppp,128,26281,1281,-4980,-2445,738,14.3,402,149,39,332801
MSpppp:129,MSpppp,129,25086,86,-5383,-2903,-649,14.3,395,149,39,335687
MSpppp:130,MSpppp,130,25245,245,-3779,-2589,-57,14.2,393,146,41,377041
MSpppp:131,MSpppp,131,26438,1438,-1407,-880,1324,14.3,385,146,41,374547
MSpppp:132,MSpppp,132,25612,612,-1294,-1266,590,14.1,388,143,41,430521
MSpppp:133,MSpppp,133,25484,484,-1093,-991,481,14.2,382,142,41,427215
MSpppp:134,MSpppp,134,25523,523,-1380,-1290,511,14.3,381,143,41,400946
MSpppp:135,MSpppp,135,25336,336,-702,-716,337,13.3,382,142,41,455499
MSpppp:136,MSpppp,136,26203,1203,-38,-27,1132,13.3,372,139,41,466861
MSpppp:137,MSpppp,137,26110,1110,-154,-136,1055,13.3,369,142,41,454512
MSpppp:138,MSpppp,138,25745,745,-115,-73,670,13.3,365,140,41,472593
MSpppp:139,MSpppp,139,26964,1964,616,675,1921,13.1,366,141,41,518562
MSpppp:140,MSpppp,140,26084,1084,85,7,991,13.0,360,139,37,398079
MSpppp:141,MSpppp,141,26780,1780,282,400,1415,14.0,360,142,37,391006
MSppppa:142,MSppppa,142,26305,1305,746,759,1149,13.2,331,129,35,265058
MSppppa:143,MSppppa,143,27530,2530,2320,2438,2246,12.4,334,129,35,242508
MSppppa:144,MSppppa,144,26617,1617,920,896,1357,12.8,338,129,37,329602
MSppppa:145,MSppppa,145,25863,863,282,351,730,13.1,338,127,37,320861
MSppppp:142,MSppppp,142,26626,1626,-2415,-2038,1089,11.2,382,148,35,256152
MSppppp:143,MSppppp,143,27408,2408,704,704,2058,10.3,389,148,33,231063
MSppppp:144,MSppppp,144,27181,2181,1095,1035,1849,10.1,390,144,37,358721
MSppppp:145,MSppppp,145,25740,740,-561,-484,308,10.2,391,143,37,349139
E:20,E,20,23233,-1767,-569,-576,-1759,13.3,425,341,73,1126430
E:21,E,21,23280,-1720,-507,-511,-1720,13.2,458,326,52,630734
E:22,E,22,23339,-1661,-552,-552,-1661,13.1,451,321,60,1157644
E:23,E,23,23705,-1295,-73,-73,-1295,13.4,466,327,68,1752193
E:24,E,24,23296,-1704,-383,-376,-1704,13.8,489,316,70,1992599
E:25,E,25,23711,-1289,-13,-12,-1289,15.6,483,324,73,2062258
E:26,E,26,23562,-1438,-289,-298,-1438,15.9,494,316,72,2059492
E:27,E,27,23568,-1432,-282,-303,-1432,16.1,514,317,71,2028748
E:28,E,28,23666,-1334,-189,-191,-1334,16.5,518,315,73,2153525
E:29,E,29,23862,-1138,-229,-229,-1138,16.1,510,322,72,2212972
E:30,E,30,23136,-1864,-964,-964,-1864,13.7,532,336,70,2272709
E:31,E,31,23623,-1377,-575,-575,-1377,14.0,541,336,67,2050550
E:32,E,32,23342,-1658,-684,-684,-1658,14.3,530,341,68,2024379
E:33,E,33,23576,-1424,-296,-296,-1424,14.2,510,334,69,2012208
E:34,E,34,23637,-1363,-63,-63,-1363,14.1,503,334,67,1688328
E:35,E,35,23520,-1480,-264,-264,-1480,13.0,497,324,57,996202
Ea:36,Ea,36,23747,-1253,-200,-217,-1251,13.3,476,341,49,550371
Ea:37,Ea,37,23870,-1130,70,75,-1130,13.3,468,349,49,613256
Ea:38,Ea,38,23701,-1299,-236,-236,-1299,13.4,459,345,58,969405
Ea:39,Ea,39,23606,-1394,-475,-475,-1394,13.6,460,351,65,1437048
Ea:40,Ea,40,23607,-1393,-188,-188,-1393,13.6,434,353,67,1589052
Ea:41,Ea,41,23038,-1962,-896,-896,-1962,14.0,433,360,67,1670698
Ea:42,Ea,42,24009,-991,-16,-16,-991,14.7,434,357,66,1608668
Ea:43,Ea,43,23562,-1438,-400,-400,-1438,14.0,423,362,62,1518486
Ea:44,Ea,44,23661,-1339,-417,-417,-1339,15.0,432,354,65,1709652
Ea:45,Ea,45,23335,-1665,-372,-372,-1665,15.2,433,338,62,1528323
Ea:46,Ea,46,24166,-834,271,276,-834,15.4,427,334,61,1438667
Ea:47,Ea,47,24027,-973,-58,-58,-973,17.2,411,331,62,1467170
Ea:48,Ea,48,23667,-1333,-104,-104,-1333,17.3,416,328,63,1423933
Ea:49,Ea,49,23241,-1759,-678,-678,-1759,17.1,415,327,64,1694446
Ea:50,Ea,50,23718,-1282,-177,-177,-1282,16.2,412,339,65,1816152
Ea:51,Ea,51,23708,-1292,-259,-259,-1292,17.0,413,333,64,1784471
Ea:52,Ea,52,23944,-1056,-65,-65,-1056,15.2,406,326,64,1931529
Ea:53,Ea,53,23427,-1573,-630,-629,-1573,15.2,409,330,66,1573567
Ea:54,Ea,54,23099,-1901,-840,-840,-1901,16.1,405,330,66,1547173
Ea:55,Ea,55,23586,-1414,-308,-308,-1414,17.0,403,321,66,1555327
Ea:56,Ea,56,23994,-1006,129,129,-1006,17.1,397,329,66,1575633
Ea:57,Ea,57,23720,-1280,-15,-15,-1280,17.2,392,324,67,1503279
Ea:58,Ea,58,23411,-1589,-429,-429,-1589,17.2,388,312,67,1478503
Ea:59,Ea,59,23790,-1210,-104,-115,-1210,17.1,386,305,67,1466742
Ea:60,Ea,60,23395,-1605,-570,-568,-1605,17.2,391,302,67,1469473
Ea:61,Ea,61,23822,-1178,194,194,-1178,16.3,397,294,66,1481218
Ea:62,Ea,62,23687,-1313,-46,-46,-1313,16.2,393,294,65,1445528
Ea:63,Ea,63,23569,-1431,-183,-183,-1431,16.1,399,291,64,1590628
Ea:64,Ea,64,23930,-1070,134,134,-1070,15.2,398,287,61,1429578
Ea:65,Ea,65,23951,-1049,6,6,-1049,14.1,405,286,59,980313
Ea:66,Ea,66,23574,-1426,-141,-141,-1426,15.0,394,288,54,836827
Eal:67,Eal,67,23309,-1691,-382,-386,-1681,15.1,394,318,52,608257
Eal:68,Eal,68,24032,-968,258,263,-959,15.2,393,336,52,676738
Eal:69,Eal,69,24619,-381,757,740,-380,15.8,395,336,52,892428
Eal:70,Eal,70,25209,209,1344,1326,210,15.8,402,343,52,1055050
Eal:71,Eal,71,24225,-775,166,166,-768,17.0,389,353,52,1051484
Eal:72,Eal,72,24622,-378,556,545,-376,16.2,384,339,55,1147255
Eal:73,Eal,73,25420,420,1516,1503,421,16.1,375,333,55,1160335
Eal:74,Eal,74,25760,760,1692,1711,762,14.4,377,335,57,1352178
Eal:75,Eal,75,26106,1106,1822,1802,1106,14.1,378,330,54,1279241
Eal:76,Eal,76,26128,1128,1896,1890,1128,15.2,375,314,58,1459424
Eal:77,Eal,77,27422,2422,3431,3417,2422,15.0,358,320,56,1372841
Eal:78,Eal,78,27561,2561,3135,3141,2561,14.4,360,314,56,1353686
Eal:79,Eal,79,27254,2254,3063,3074,2254,15.4,366,305,56,1284062
Eal:80,Eal,80,27491,2491,3136,3137,2491,16.0,372,311,57,984557
Eal:81,Eal,81,28896,3896,4498,4480,3896,16.2,370,313,57,958959
Eal:82,Eal,82,27591,2591,3310,3311,2591,16.3,360,314,59,968209
Eal:83,Eal,83,29946,4946,5253,5318,4946,16.2,357,310,56,967518
Eal:84,Eal,84,29272,4272,4812,4845,4272,16.2,361,312,59,1036365
Eal:85,Eal,85,29853,4853,5209,5249,4853,16.2,348,310,58,1072293
Eal:86,Eal,86,32361,7361,7092,7152,7361,15.2,347,306,52,884622
Eal:87,Eal,87,35003,10003,9807,9810,10003,15.2,355,302,50,792281
Eal:88,Eal,88,35557,10557,9679,9677,10558,14.4,353,303,48,700705
Eal:89,Eal,89,38278,13278,11823,11793,13278,15.0,350,302,48,749719
Eal:90,Eal,90,40630,15630,14003,14037,15630,14.1,356,297,48,810447
Eal:91,Eal,91,41059,16059,14771,14741,16065,14.2,342,294,49,819694
Eal:92,Eal,92,42144,17144,15523,15494,17144,14.2,322,292,49,809499
Eal:93,Eal,93,44498,19498,17501,17470,19498,14.1,318,286,49,878726
Eal:94,Eal,94,47496,22496,20942,20939,22525,13.1,317,281,49,890049
Eal:95,Eal,95,46745,21745,19466,19376,21875,11.3,317,278,50,1033399
Eal:96,Eal,96,53022,28022,26310,26298,28073,11.2,319,274,50,1134532
Eal:97,Eal,97,55611,30611,28432,28425,30706,10.4,327,278,50,1091633
Eal:98,Eal,98,54952,29952,27439,27467,29961,11.3,334,276,48,845788
Eal:99,Eal,99,50259,25259,22636,22636,25259,14.8,340,284,46,582304
Eala:100,Eala,100,42220,17220,15914,15897,17226,13.9,292,272,46,386146
Eala:101,Eala,101,42784,17784,16730,16730,17784,14.9,286,273,46,392335
Eala:102,Eala,102,43875,18875,17586,17586,18875,15.1,288,279,46,440717
Eala:103,Eala,103,42914,17914,16574,16574,17914,15.1,285,275,46,474051
Eala:104,Eala,104,43292,18292,17003,17003,18292,14.2,282,269,48,530824
Eala:105,Eala,105,46370,21370,19748,19741,21374,13.3,282,267,48,576549
Eala:106,Eala,106,49334,24334,22845,22845,24323,13.2,280,266,48,600271
Eala:107,Eala,107,50020,25020,23298,23298,25022,12.4,277,260,48,569483
Eala:108,Eala,108,53408,28408,26074,26071,28405,12.9,270,256,46,560197
Eala:109,Eala,109,54742,29742,27351,27323,29743,12.4,274,260,48,638003
Eala:110,Eala,110,61244,36244,33769,33747,36245,12.4,271,260,48,660279
Eala:111,Eala,111,61966,36966,34637,34637,36964,12.4,265,259,49,675763
Eala:112,Eala,112,67051,42051,39164,39161,42049,12.1,266,262,48,751057
Eala:113,Eala,113,68090,43090,38914,38900,43080,11.2,274,262,45,527611
Eala:114,Eala,114,71476,46476,41310,41267,46515,11.2,270,264,44,520667
Eala:115,Eala,115,73227,48227,41748,41661,48326,11.1,269,260,43,475462
Eala:116,Eala,116,73325,48325,40735,40729,48518,11.3,270,260,43,429124
Eala:117,Eala,117,83013,58013,50391,50393,58136,12.1,274,265,42,475296
Eala:118,Eala,118,79536,54536,44431,43953,55669,10.3,270,267,41,428142
Eala:119,Eala,119,93051,68051,56800,56543,69108,10.2,262,266,41,476362
Eala:120,Eala,120,97595,72595,60843,60794,72633,10.3,256,266,41,377700
Eala:121,Eala,121,108356,83356,69836,69833,83370,10.1,250,262,41,415144
Eala:122,Eala,122,109489,84489,70232,70198,84450,10.1,263,267,41,414459
Eala:123,Eala,123,107812,82812,66768,66184,83369,9.2,267,273,41,410682
Eala:124,Eala,124,119827,94827,80023,79923,94882,9.1,267,274,41,449256
Eala:125,Eala,125,114955,89955,73218,72045,90705,8.3,261,273,41,424320
Eala:126,Eala,126,131614,106614,90142,89850,106675,9.2,261,274,41,444155
Eala:127,Eala,127,121295,96295,78623,78162,96240,9.2,252,277,41,409817
Eala:128,Eala,128,129587,104587,87422,87180,104586,9.3,253,275,41,423919
Eala:129,Eala,129,132895,107895,89379,89361,108161,10.1,257,281,41,439583
Eala:130,Eala,130,133497,108497,89349,89349,108452,10.2,264,281,41,402289
Eala:131,Eala,131,142199,117199,96660,96638,117380,10.0,264,279,41,443284
Eala:132,Eala,132,146171,121171,99934,99893,121150,10.1,258,280,41,447959
Eala:133,Eala,133,143728,118728,97515,97117,118741,9.3,261,280,41,405365
Eala:134,Eala,134,149968,124968,100955,100274,125320,9.2,253,282,41,444253
Eala:135,Eala,135,152915,127915,103445,102648,127873,9.2,254,281,41,426603
Eala:136,Eala,136,149695,124695,100678,100246,125153,9.3,253,284,41,417594
Eala:137,Eala,137,162881,137881,112163,113336,138763,10.0,253,277,41,466066
Eala:138,Eala,138,162674,137674,111779,112747,137941,10.0,250,275,41,442502
Eala:139,Eala,139,169328,144328,116297,117223,144169,10.1,251,275,41,450552
Eala:140,Eala,140,175486,150486,123788,125036,149990,9.2,250,272,41,447806
Eala:141,Eala,141,182134,157134,127485,128225,157232,9.0,254,272,41,480264
Eala:142,Eala,142,175951,150951,120696,120830,150498,9.0,257,277,41,464550
Eala:143,Eala,143,172001,147001,115769,114820,146701,8.3,261,280,41,429987
Eala:144,Eala,144,175152,150152,119571,117991,150199,8.3,257,279,41,441192
Eala:145,Eala,145,187682,162682,132030,132481,162734,9.0,270,273,41,460358
Ealp:100,Ealp,100,40364,15364,13682,13683,15364,15.1,351,287,46,355574
Ealp:101,Ealp,101,40997,15997,14225,14217,15973,16.1,359,288,46,393706
Ealp:102,Ealp,102,39421,14421,12734,12734,14442,17.9,364,287,46,384595
Ealp:103,Ealp,103,37867,12867,10979,11017,12731,17.2,373,282,50,456912
Ealp:104,Ealp,104,37058,12058,10486,10695,12021,18.2,373,278,50,445887
Ealp:105,Ealp,105,40936,15936,13275,13384,15922,17.9,370,278,46,387161
Ealp:106,Ealp,106,38948,13948,12227,12343,13923,17.2,366,282,50,475767
Ealp:107,Ealp,107,41493,16493,14129,14118,16488,17.2,360,280,50,483703
Ealp:108,Ealp,108,44384,19384,17027,17043,19277,18.0,356,264,46,381017
Ealp:109,Ealp,109,41914,16914,14228,14310,16802,17.2,360,256,48,386465
Ealp:110,Ealp,110,43935,18935,16504,16601,18906,17.1,353,246,50,454853
Ealp:111,Ealp,111,49665,24665,20963,21418,24576,16.1,344,250,49,478673
Ealp:112,Ealp,112,55964,30964,26482,27457,30653,15.1,349,259,48,544572
Ealp:113,Ealp,113,61726,36726,30693,31504,36588,14.2,353,263,45,400763
Ealp:114,Ealp,114,64419,39419,32472,33043,39285,14.1,349,271,44,438541
Ealp:115,Ealp,115,67168,42168,35361,35619,42101,13.1,347,278,43,404699
Ealp:116,Ealp,116,76385,51385,42902,43989,51230,12.2,351,283,43,431903
Ealp:117,Ealp,117,80334,55334,45532,46733,55095,12.2,355,281,42,453351
Ealp:118,Ealp,118,90572,65572,55365,56295,65289,11.2,355,290,41,413200
Ealp:119,Ealp,119,89374,64374,53365,54150,64122,11.2,352,291,41,403703
Ealp:120,Ealp,120,92236,67236,54699,55906,66853,11.2,351,285,41,338762
Ealp:121,Ealp,121,98162,73162,59745,60557,72921,12.0,348,288,41,355032
Ealp:122,Ealp,122,105068,80068,65450,66919,79519,11.2,355,288,41,347994
Ealp:123,Ealp,123,112103,87103,70932,72072,86800,11.2,353,283,41,369716
Ealp:124,Ealp,124,108339,83339,68093,68875,83021,11.3,349,288,41,321509
Ealp:125,Ealp,125,116736,91736,74580,75156,91519,12.1,346,288,41,361794
Ealp:126,Ealp,126,115166,90166,70637,70792,89475,13.0,352,286,41,349638
Ealp:127,Ealp,127,121289,96289,78744,78744,96288,12.2,344,278,41,346744
Ealp:128,Ealp,128,126987,101987,83938,83938,101898,12.2,340,280,41,338961
Ealp:129,Ealp,129,120713,95713,77508,77508,95627,13.1,344,273,41,329716
Ealp:130,Ealp,130,123422,98422,79215,79163,98286,13.2,348,276,41,312801
Ealp:131,Ealp,131,122941,97941,78754,78598,97872,13.1,348,277,41,311509
Ealp:132,Ealp,132,125070,100070,79846,79621,100033,13.1,348,275,41,297442
Ealp:133,Ealp,133,135455,110455,89907,89879,110426,13.0,341,277,41,321632
Ealp:134,Ealp,134,138011,113011,90538,90490,112936,13.0,340,279,41,333115
Ealp:135,Ealp,135,148320,123320,100751,100659,123238,12.2,337,278,41,336672
Ealp:136,Ealp,136,159343,134343,110307,110301,134259,12.1,337,277,41,365894
Ealp:137,Ealp,137,159318,134318,109781,109781,134253,11.2,342,275,41,348031
Ealp:138,Ealp,138,163205,138205,113126,113126,138078,12.0,339,278,41,374517
Ealp:139,Ealp,139,162529,137529,112319,112257,137432,12.1,334,283,41,353587
Ealp:140,Ealp,140,168183,143183,114407,114337,143118,13.1,334,281,41,347555
Ealp:141,Ealp,141,171033,146033,117778,117706,145788,12.2,336,286,41,353250
Ealp:142,Ealp,142,176635,151635,122179,122179,151445,12.1,340,280,41,375467
Ealp:143,Ealp,143,177181,152181,121694,121694,151949,11.2,338,284,41,372474
Ealp:144,Ealp,144,180554,155554,125031,124965,155470,12.1,345,285,41,369946
Ealp:145,Ealp,145,181066,156066,124912,124750,155878,12.1,351,285,41,364743
Ear:67,Ear,67,24047,-953,135,103,-935,13.0,376,274,52,633788
Ear:68,Ear,68,23887,-1113,79,25,-1110,11.9,363,269,52,765333
Ear:69,Ear,69,24484,-516,798,789,-513,11.3,362,272,52,1038531
Ear:70,Ear,70,25354,354,1328,1279,364,10.3,351,269,52,1250967
Ear:71,Ear,71,25557,557,1584,1580,563,9.6,350,256,54,1409878
Ear:72,Ear,72,25348,348,1462,1419,353,10.4,356,254,55,1343935
Ear:73,Ear,73,25140,140,1303,1268,143,10.6,364,251,55,1405762
Ear:74,Ear,74,26662,1662,2788,2788,1662,11.0,369,247,57,1576356
Ear:75,Ear,75,27485,2485,3570,3533,2486,11.3,365,245,58,1625275
Ear:76,Ear,76,26844,1844,2711,2707,1844,12.1,368,236,56,1513573
Ear:77,Ear,77,27056,2056,3138,3144,2056,12.3,366,231,56,1481463
Ear:78,Ear,78,26501,1501,2450,2450,1501,13.1,367,223,58,1537167
Ear:79,Ear,79,27982,2982,3840,3843,2982,13.3,366,223,58,1505981
Ear:80,Ear,80,27709,2709,3402,3411,2710,13.4,362,231,59,1084234
Ear:81,Ear,81,28589,3589,4620,4611,3593,14.1,353,233,61,1182764
Ear:82,Ear,82,28754,3754,4259,4270,3758,14.1,353,233,59,1066462
Ear:83,Ear,83,30653,5653,6080,6215,5654,14.2,351,239,56,1047649
Ear:84,Ear,84,30775,5775,6152,6190,5776,13.4,363,237,57,1046250
Ear:85,Ear,85,31409,6409,6894,6982,6409,14.1,360,238,58,1172319
Ear:86,Ear,86,32599,7599,7567,7639,7600,14.1,364,236,52,911050
Ear:87,Ear,87,32558,7558,7255,7285,7559,13.4,358,231,50,797231
Ear:88,Ear,88,35485,10485,9673,9671,10485,14.0,362,231,48,708128
Ear:89,Ear,89,37035,12035,10527,10532,12035,14.1,359,229,48,723601
Ear:90,Ear,90,38629,13629,12028,12039,13630,14.1,366,227,48,709839
Ear:91,Ear,91,38802,13802,12698,12698,13802,14.3,366,220,49,703329
Ear:92,Ear,92,39133,14133,12903,12903,14133,14.4,356,211,49,690734
Ear:93,Ear,93,40696,15696,14286,14286,15697,14.2,364,206,49,717908
Ear:94,Ear,94,42839,17839,16370,16370,17839,14.1,364,205,49,798124
Ear:95,Ear,95,44589,19589,17709,17708,19592,13.2,367,199,50,887149
Ear:96,Ear,96,46853,21853,20319,20319,21853,13.1,371,196,50,1014792
Ear:97,Ear,97,50474,25474,23731,23733,25480,13.1,374,196,50,1028017
Ear:98,Ear,98,51628,26628,24546,24545,26632,13.1,375,199,50,1023428
Ear:99,Ear,99,50599,25599,23384,23384,25602,13.1,374,204,50,782251
Ear:100,Ear,100,55854,30854,27740,27740,30852,13.1,370,202,46,533831
Eara:101,Eara,101,42811,17811,15965,15965,17815,12.2,337,187,46,418134
Eara:102,Eara,102,44768,19768,17709,17709,19766,12.3,332,187,44,409570
Eara:103,Eara,103,46070,21070,19623,19623,21069,13.1,329,187,46,508794
Eara:104,Eara,104,45640,20640,19121,19105,20640,13.2,326,181,46,542035
Eara:105,Eara,105,44073,19073,17048,17025,19073,13.9,319,179,46,524057
Eara:106,Eara,106,45495,20495,19307,19444,20489,14.0,314,185,50,681218
Eara:107,Eara,107,49587,24587,23273,23330,24583,13.1,317,186,48,632511
Eara:108,Eara,108,51072,26072,23347,23358,26064,12.8,319,184,46,556678
Eara:109,Eara,109,54863,29863,27104,27104,29863,12.0,320,185,46,587113
Eara:110,Eara,110,56732,31732,28494,28469,31733,11.9,321,185,46,580378
Eara:111,Eara,111,56561,31561,28909,28925,31555,12.1,321,192,49,633632
Eara:112,Eara,112,59202,34202,30527,30534,34192,12.1,320,199,46,587586
Eara:113,Eara,113,59159,34159,29221,29234,34138,11.3,318,206,45,463902
Eara:114,Eara,114,64565,39565,34481,34481,39555,12.1,326,209,44,460571
Eara:115,Eara,115,62397,37397,31673,31723,37361,13.0,325,210,43,404880
Eara:116,Eara,116,67630,42630,36621,36654,42600,13.1,323,208,43,425056
Eara:117,Eara,117,70224,45224,37667,37458,45213,13.2,323,204,42,412041
Eara:118,Eara,118,71943,46943,37936,37872,46881,13.2,319,206,41,390449
Eara:119,Eara,119,82958,57958,48040,47935,57914,13.1,315,213,41,402517
Eara:120,Eara,120,84868,59868,47913,47869,59859,13.0,309,214,41,353340
Eara:121,Eara,121,92282,67282,54680,55336,67373,12.1,298,203,41,372492
Eara:122,Eara,122,104672,79672,66269,66278,79825,12.0,300,202,41,407805
Eara:123,Eara,123,104624,79624,65571,65355,79626,11.3,303,204,41,371006
Eara:124,Eara,124,109806,84806,69555,69512,84793,11.2,304,205,41,402419
Eara:125,Eara,125,111752,86752,71417,71401,86779,11.1,302,203,41,407203
Eara:126,Eara,126,120721,95721,79244,79244,95661,11.1,300,209,41,419651
Eara:127,Eara,127,118043,93043,76043,75769,93486,11.1,291,205,41,391550
Eara:128,Eara,128,127820,102820,85614,85426,102888,11.1,289,203,41,428805
Eara:129,Eara,129,128716,103716,85419,85228,104214,11.2,284,206,41,428929
Eara:130,Eara,130,135998,110998,90990,91340,113562,11.2,287,204,41,427219
Eara:131,Eara,131,134862,109862,89128,89468,110488,11.1,282,200,41,430059
Eara:132,Eara,132,135793,110793,89082,89355,110186,11.1,284,203,41,401819
Eara:133,Eara,133,136355,111355,90349,92003,105667,11.2,282,199,41,419251
Eara:134,Eara,134,144010,119010,97663,98584,120007,11.1,281,197,41,422612
Eara:135,Eara,135,140691,115691,93489,93718,115205,11.2,288,193,41,388358
Eara:136,Eara,136,142841,117841,93132,94353,117467,11.1,284,198,41,421753
Eara:137,Eara,137,152444,127444,102187,103387,126477,10.3,281,195,41,409365
Eara:138,Eara,138,156101,131101,102941,103214,133039,11.1,275,192,41,437432
Eara:139,Eara,139,154735,129735,101429,101262,129967,11.0,279,194,41,430748
Eara:140,Eara,140,156466,131466,104768,105651,131390,10.2,276,190,41,398202
Eara:141,Eara,141,163423,138423,111378,113065,137369,10.1,278,190,41,412576
Eara:142,Eara,142,159620,134620,104661,105021,135300,10.1,278,187,41,451589
Eara:143,Eara,143,163714,138714,105411,105415,141367,10.1,283,189,41,443740
Eara:144,Eara,144,171110,146110,114804,115610,145425,9.2,293,188,41,440483
Eara:145,Eara,145,167861,142861,109744,109982,143805,10.1,293,182,41,432560
Earp:101,Earp,101,39615,14615,12833,12833,14615,14.0,401,220,46,335141
Earp:102,Earp,102,39092,14092,12885,12885,14092,14.9,406,217,46,366737
Earp:103,Earp,103,39586,14586,13014,13014,14586,15.0,414,209,46,412261
Earp:104,Earp,104,40293,15293,14082,14082,15293,15.0,418,211,46,412952
Earp:105,Earp,105,43317,18317,16869,16854,18317,14.9,421,210,46,431484
Earp:106,Earp,106,43251,18251,16828,16817,18251,14.2,418,209,46,432952
Earp:107,Earp,107,48525,23525,21669,21661,23524,14.0,417,200,46,496789
Earp:108,Earp,108,54086,29086,26999,26998,29084,13.0,408,192,46,560000
Earp:109,Earp,109,55748,30748,28462,28462,30749,12.9,412,190,46,555244
Earp:110,Earp,110,58522,33522,30862,30830,33526,12.2,415,188,46,590024
Earp:111,Earp,111,64778,39778,35913,36440,39714,12.0,416,183,45,532180
Earp:112,Earp,112,61210,36210,31964,32767,36218,12.3,419,173,46,615246
Earp:113,Earp,113,69951,44951,40482,40902,44851,12.2,418,167,45,524117
Earp:114,Earp,114,67002,42002,35975,36047,41924,12.3,416,167,44,491318
Earp:115,Earp,115,71444,46444,41048,41462,46396,13.1,413,175,43,461503
Earp:116,Earp,116,66944,41944,35593,35940,41991,12.2,412,172,43,416836
Earp:117,Earp,117,73887,48887,41811,41999,48730,12.2,409,168,42,425901
Earp:118,Earp,118,79413,54413,44946,45365,54216,12.1,396,173,41,414708
Earp:119,Earp,119,88399,63399,53104,53387,63335,12.1,389,177,41,407651
Earp:120,Earp,120,93520,68520,56895,56919,68376,11.2,383,179,41,361826
Earp:121,Earp,121,91985,66985,54099,54381,66818,11.2,382,181,41,361945
Earp:122,Earp,122,104041,79041,64797,64899,78917,11.2,382,182,41,381631
Earp:123,Earp,123,110843,85843,71989,71954,85685,12.0,379,178,41,394455
Earp:124,Earp,124,102132,77132,62027,62054,77024,11.4,377,181,41,328918
Earp:125,Earp,125,111046,86046,69628,69643,85894,12.2,379,186,41,340818
Earp:126,Earp,126,99150,74150,58278,58252,74068,12.2,371,187,41,300336
Earp:127,Earp,127,108535,83535,67026,66850,83526,13.2,362,183,41,314665
Earp:128,Earp,128,116808,91808,73486,73417,91605,13.1,369,186,41,317027
Earp:129,Earp,129,117393,92393,74587,73975,92276,13.1,365,187,41,319210
Earp:130,Earp,130,111596,86596,67729,67483,86442,13.3,363,191,41,286705
Earp:131,Earp,131,116839,91839,71782,72712,93373,14.1,362,200,41,298989
Earp:132,Earp,132,113962,88962,67994,67992,88837,13.3,359,201,41,267950
Earp:133,Earp,133,124080,99080,77435,77411,98880,14.2,359,199,41,287500
Earp:134,Earp,134,128350,103350,81891,83214,103419,14.1,356,201,41,294696
Earp:135,Earp,135,125988,100988,78674,79381,101124,14.0,356,205,41,292909
Earp:136,Earp,136,132754,107754,83467,85344,109320,14.0,355,205,41,288899
Earp:137,Earp,137,136494,111494,87380,88119,111208,13.1,355,204,41,284104
Earp:138,Earp,138,143820,118820,93288,94420,118355,13.1,351,204,41,296874
Earp:139,Earp,139,138345,113345,87588,87603,113024,13.1,352,203,41,292018
Earp:140,Earp,140,141734,116734,88335,88344,116071,12.3,363,201,41,270412
Earp:141,Earp,141,156643,131643,102273,102738,131352,13.0,360,202,41,322023
Earp:142,Earp,142,166200,141200,110675,110874,140909,13.0,361,196,41,330430
Earp:143,Earp,143,172918,147918,116897,116836,147695,13.0,370,196,41,348315
Earp:144,Earp,144,175424,150424,120159,120070,150273,12.2,374,199,41,334599
Earp:145,Earp,145,176700,151700,119650,119650,151695,12.2,379,200,41,330266
Ep:36,Ep,36,23509,-1491,-107,-147,-1489,13.1,525,310,53,681220
Ep:37,Ep,37,23131,-1869,-581,-577,-1869,13.5,537,309,55,707901
Ep:38,Ep,38,23060,-1940,-736,-736,-1940,13.5,549,303,60,1032435
Ep:39,Ep,39,23779,-1221,-344,-344,-1221,12.8,568,288,65,1471327
Ep:40,Ep,40,23645,-1355,-166,-188,-1355,12.6,586,282,67,1604893
Ep:41,Ep,41,23365,-1635,-693,-692,-1635,13.7,589,302,67,1694115
Ep:42,Ep,42,23844,-1156,-307,-307,-1156,12.9,588,303,66,1803728
Ep:43,Ep,43,23439,-1561,-867,-867,-1561,12.8,589,306,62,1622244
Ep:44,Ep,44,23476,-1524,-647,-656,-1524,13.7,585,314,61,1537028
Ep:45,Ep,45,24121,-879,98,90,-879,14.2,567,311,62,1699696
Ep:46,Ep,46,23748,-1252,-242,-229,-1252,15.2,551,306,61,1534379
Ep:47,Ep,47,23359,-1641,-603,-586,-1641,15.3,533,312,62,1609994
Ep:48,Ep,48,23497,-1503,-519,-510,-1503,16.0,538,320,63,1711009
Ep:49,Ep,49,23952,-1048,155,127,-1048,16.2,532,315,62,1759140
Ep:50,Ep,50,24080,-920,70,74,-920,16.3,526,311,63,1731791
Ep:51,Ep,51,23808,-1192,-240,-278,-1192,15.2,528,318,62,1884768
Ep:52,Ep,52,23527,-1473,-376,-380,-1473,16.3,526,309,64,2040489
Ep:53,Ep,53,23946,-1054,191,157,-1054,16.1,530,317,64,1674827
Ep:54,Ep,54,23560,-1440,-477,-482,-1440,16.2,522,316,64,1693012
Ep:55,Ep,55,23386,-1614,-541,-548,-1614,16.0,518,318,62,1648640
Ep:56,Ep,56,23746,-1254,-265,-264,-1254,16.0,507,313,62,1617438
Ep:57,Ep,57,23563,-1437,-531,-534,-1437,16.1,507,313,63,1636805
Ep:58,Ep,58,23551,-1449,-480,-483,-1449,16.1,509,301,65,1880812
Ep:59,Ep,59,23790,-1210,-123,-148,-1210,16.1,510,313,67,2180732
Ep:60,Ep,60,23561,-1439,-427,-433,-1439,17.0,513,297,67,1931989
Ep:61,Ep,61,24021,-979,23,22,-977,16.3,522,300,64,1975104
Ep:62,Ep,62,23957,-1043,-148,-174,-1024,16.1,525,301,65,2123742
Ep:63,Ep,63,23873,-1127,-45,-11,-1043,15.1,536,282,64,2154926
Ep:64,Ep,64,23576,-1424,-361,-365,-1392,14.2,540,275,61,1937374
Ep:65,Ep,65,23855,-1145,15,15,-1123,14.0,534,259,59,1736738
Ep:66,Ep,66,24458,-542,306,306,-499,13.4,524,253,58,1585761
Ep:67,Ep,67,24319,-681,419,419,-681,14.0,516,259,58,1738642
Ep:68,Ep,68,24751,-249,925,946,-248,12.6,507,251,58,1292269
Ep:69,Ep,69,23999,-1001,357,357,-1001,13.5,479,259,56,1079634
Epl:70,Epl,70,23973,-1027,-67,-88,-948,12.2,480,271,52,779286
Epl:71,Epl,71,24303,-697,501,500,-697,10.9,467,288,52,862392
Epl:72,Epl,72,23935,-1065,-321,-324,-1065,10.8,467,301,53,1139608
Epl:73,Epl,73,25744,744,1880,1879,744,10.3,459,314,53,1270874
Epl:74,Epl,74,25863,863,1702,1681,866,9.9,457,324,53,1437456
Epl:75,Epl,75,25758,758,1893,1933,762,10.0,458,319,54,1584719
Epl:76,Epl,76,25892,892,1671,1632,894,10.1,451,309,54,1550518
Epl:77,Epl,77,27212,2212,3228,3220,2212,10.1,438,306,56,1710037
Epl:78,Epl,78,27114,2114,3032,3026,2114,10.0,435,303,56,1690964
Epl:79,Epl,79,27634,2634,3542,3543,2634,10.4,440,296,56,1612573
Epl:80,Epl,80,28294,3294,3889,3870,3294,10.3,447,300,57,1344801
Epl:81,Epl,81,28345,3345,4220,4205,3345,11.2,446,300,55,1172491
Epl:82,Epl,82,28900,3900,4517,4534,3900,11.3,447,298,57,1249279
Epl:83,Epl,83,29669,4669,5214,5214,4669,11.9,449,298,54,1163102
Epl:84,Epl,84,29616,4616,5607,5601,4622,11.1,449,293,55,1086271
Epl:85,Epl,85,30095,5095,5510,5501,5100,11.1,442,288,54,1067843
Epl:86,Epl,86,31447,6447,6847,6847,6447,12.2,433,295,52,956937
Epl:87,Epl,87,32629,7629,7641,7641,7629,12.3,436,289,50,869037
Epl:88,Epl,88,32728,7728,7399,7399,7731,12.5,434,288,48,765379
Epl:89,Epl,89,35169,10169,9472,9472,10179,12.2,438,289,48,864116
Epl:90,Epl,90,36201,11201,10486,10483,11224,12.1,434,291,48,903598
Epl:91,Epl,91,40147,15147,14459,14414,15191,11.3,424,293,49,905386
Epl:92,Epl,92,38009,13009,12025,11991,13146,11.3,411,292,49,870180
Epl:93,Epl,93,40190,15190,13903,13895,15306,11.2,416,292,49,895558
Epl:94,Epl,94,42981,17981,16793,16784,17987,11.2,406,291,49,968282
Epl:95,Epl,95,45851,20851,19002,18975,20851,11.3,414,287,50,1125350
Epl:96,Epl,96,47038,22038,20151,20151,22046,11.3,418,290,50,1098474
Epl:97,Epl,97,49138,24138,22358,22364,24144,11.3,416,293,50,1137881
Epl:98,Epl,98,53979,28979,26713,26663,28981,10.4,417,294,50,1153073
Epl:99,Epl,99,52760,27760,24640,24632,27761,11.1,414,297,50,1156335
Epl:100,Epl,100,52411,27411,24118,24104,27411,11.2,415,300,50,905598
Epl:101,Epl,101,55844,30844,27719,27717,30842,11.1,413,299,50,935138
Epl:102,Epl,102,58689,33689,30008,30008,33689,11.3,414,302,50,907441
Epl:103,Epl,103,57669,32669,29043,29047,32669,11.2,407,302,50,941993
Epl:104,Epl,104,60901,35901,32365,32365,35901,11.1,413,302,50,953025
Epl:105,Epl,105,62742,37742,34069,34064,37742,10.6,420,307,50,997993
Epl:106,Epl,106,59762,34762,30187,30187,34760,12.0,414,309,46,552788
Epl:107,Epl,107,46790,21790,16579,16576,21790,12.0,419,318,48,523530
Epla:108,Epla,108,45841,20841,17759,17800,20817,13.1,386,294,46,438702
Epla:109,Epla,109,49155,24155,21773,21865,24101,13.1,386,295,46,511966
Epla:110,Epla,110,48616,23616,21017,21177,23593,13.9,385,292,46,546626
Epla:111,Epla,111,52532,27532,24860,25385,27471,13.1,379,286,45,454901
Epla:112,Epla,112,54115,29115,24699,26136,28736,12.9,389,282,44,483657
Epla:113,Epla,113,57485,32485,27915,28765,32171,12.0,401,275,43,469989
Epla:114,Epla,114,59739,34739,29696,30297,34797,12.1,399,283,42,474334
Epla:115,Epla,115,57040,32040,26499,26351,32607,11.3,401,291,41,414433
Epla:116,Epla,116,60104,35104,28375,29746,35215,12.1,402,292,43,451799
Epla:117,Epla,117,60976,35976,27322,29230,35541,12.2,402,296,42,402412
Epla:118,Epla,118,74925,49925,40342,42237,49691,12.0,405,289,41,432598
Epla:119,Epla,119,74916,49916,39966,41439,49628,11.2,404,293,41,439905
Epla:120,Epla,120,82386,57386,46691,48437,57047,11.2,400,295,41,350177
Epla:121,Epla,121,80478,55478,44439,46038,55207,11.2,400,295,41,369627
Epla:122,Epla,122,91559,66559,53960,56075,66095,10.2,403,296,41,394461
Epla:123,Epla,123,94273,69273,56265,57858,69077,10.2,403,292,41,405565
Epla:124,Epla,124,96377,71377,57146,58307,71696,10.1,400,296,41,418290
Epla:125,Epla,125,92016,67016,54698,54628,67430,9.2,393,296,41,388941
Epla:126,Epla,126,103914,78914,64371,63617,80524,9.1,393,296,41,441797
Epla:127,Epla,127,100354,75354,62307,60497,77920,8.3,391,295,41,415775
Epla:128,Epla,128,99188,74188,59927,58112,77682,8.4,393,295,41,388265
Epla:129,Epla,129,123674,98674,84722,84175,100306,9.1,395,299,41,446781
Epla:130,Epla,130,113022,88022,68432,66182,101519,8.3,395,294,39,381543
Epla:131,Epla,131,117036,92036,72306,70638,95680,8.4,399,296,39,346093
Epla:132,Epla,132,124792,99792,82263,80720,108340,8.2,399,297,41,423812
Epla:133,Epla,133,122971,97971,75437,73922,112335,8.3,396,296,39,382667
Epla:134,Epla,134,132399,107399,82084,79978,117149,8.3,396,289,39,408901
Epla:135,Epla,135,135423,110423,85154,82779,123402,8.3,400,290,39,389463
Epla:136,Epla,136,135360,110360,82977,80087,135550,8.2,400,291,39,401815
Epla:137,Epla,137,153572,128572,104854,103562,129705,8.3,400,287,41,424450
Epla:138,Epla,138,161338,136338,111949,111158,138592,8.3,404,287,41,454802
Epla:139,Epla,139,169825,144825,119662,118804,145700,8.2,403,288,41,460001
Epla:140,Epla,140,165186,140186,114324,112975,144978,8.3,402,291,41,459567
Epla:141,Epla,141,170168,145168,120552,120393,147289,8.2,412,290,41,458812
Epla:142,Epla,142,175140,150140,124274,123738,152553,8.1,416,283,41,484079
Epla:143,Epla,143,159075,134075,105500,103109,138931,7.2,420,284,41,463007
Epla:144,Epla,144,157091,132091,103782,100387,146622,7.2,426,287,41,454324
Epla:145,Epla,145,170972,145972,116671,113412,161759,7.2,434,286,41,459279
Eplp:108,Eplp,108,47179,22179,19826,19796,22180,12.8,453,329,46,430060
Eplp:109,Eplp,109,47957,22957,20954,20851,22959,13.0,464,331,46,483853
Eplp:110,Eplp,110,50499,25499,23582,23459,25496,13.1,467,334,46,518657
Eplp:111,Eplp,111,51230,26230,23840,23660,26229,13.9,472,332,45,454281
Eplp:112,Eplp,112,53325,28325,26020,25892,28328,13.9,476,328,44,431469
Eplp:113,Eplp,113,58015,33015,29663,29638,33016,13.1,484,318,43,444480
Eplp:114,Eplp,114,59124,34124,30553,30439,34135,12.3,489,309,44,486398
Eplp:115,Eplp,115,66558,41558,37816,37546,41587,12.2,496,304,43,483899
Eplp:116,Eplp,116,72528,47528,42612,42427,47523,12.1,496,300,43,495108
Eplp:117,Eplp,117,71757,46757,40881,40619,46825,11.3,503,296,42,473223
Eplp:118,Eplp,118,72254,47254,41124,41046,47261,12.1,508,292,41,430707
Eplp:119,Eplp,119,75840,50840,43602,43471,50788,11.3,504,289,41,415833
Eplp:120,Eplp,120,78054,53054,44397,44194,52881,11.3,496,286,41,346893
Eplp:121,Eplp,121,77761,52761,44102,44219,52561,12.2,491,286,41,326512
Eplp:122,Eplp,122,88460,63460,53944,53864,63399,12.2,493,293,41,350007
Eplp:123,Eplp,123,88264,63264,53409,53372,63223,12.1,490,293,41,347728
Eplp:124,Eplp,124,91415,66415,56528,56432,66407,11.3,485,294,41,326772
Eplp:125,Eplp,125,94126,69126,57898,57710,69144,10.5,479,297,41,378230
Eplp:126,Eplp,126,100855,75855,64576,64456,75836,10.3,476,291,41,364708
Eplp:127,Eplp,127,106168,81168,69041,68686,81577,9.4,477,287,41,355833
Eplp:128,Eplp,128,104083,79083,63532,62940,79258,9.3,481,286,39,338967
Eplp:129,Eplp,129,120186,95186,81440,81389,95396,10.0,483,283,41,420753
Eplp:130,Eplp,130,123979,98979,83422,83097,98867,9.2,491,284,41,425392
Eplp:131,Eplp,131,132153,107153,90324,90045,107351,9.2,493,283,41,424774
Eplp:132,Eplp,132,129510,104510,86242,85906,106010,9.1,495,284,41,425754
Eplp:133,Eplp,133,124077,99077,76955,74857,115380,8.2,497,278,39,398141
Eplp:134,Eplp,134,130931,105931,86664,85735,115082,8.2,496,277,41,466760
Eplp:135,Eplp,135,134612,109612,88185,86764,117538,8.2,504,279,41,438277
Eplp:136,Eplp,136,127205,102205,81132,79175,115492,8.2,504,274,41,436462
Eplp:137,Eplp,137,141432,116432,89337,87151,135704,8.3,500,273,39,393030
Eplp:138,Eplp,138,161776,136776,112414,112621,138986,9.1,503,273,41,466847
Eplp:139,Eplp,139,165808,140808,115072,115531,141968,9.2,507,276,41,458188
Eplp:140,Eplp,140,172802,147802,115463,114727,148963,9.2,512,273,39,401394
Eplp:141,Eplp,141,174831,149831,118299,117433,149981,9.3,517,271,39,375498
Eplp:142,Eplp,142,164580,139580,111695,110870,140003,9.3,521,266,41,408813
Eplp:143,Eplp,143,176618,151618,121261,120903,151828,9.3,526,269,41,414661
Eplp:144,Eplp,144,188317,163317,132163,131442,163501,9.3,527,265,41,446973
Eplp:145,Eplp,145,187999,162999,129516,128394,163448,9.2,530,257,41,446054
Epr:70,Epr,70,23863,-1137,83,165,-991,16.2,493,258,52,702465
Epr:71,Epr,71,23842,-1158,-54,-54,-1157,17.0,484,247,52,640547
Epr:72,Epr,72,24453,-547,628,628,-547,17.1,488,235,53,753493
Epr:73,Epr,73,23813,-1187,-79,-79,-1187,18.0,496,238,53,831772
Epr:74,Epr,74,24694,-306,738,737,-306,17.2,498,226,53,878901
Epr:75,Epr,75,24839,-161,887,895,-161,16.9,488,227,54,1040191
Epr:76,Epr,76,25653,653,1842,1842,653,16.2,495,229,54,1075661
Epr:77,Epr,77,25732,732,1693,1697,732,16.2,490,234,56,1210113
Epr:78,Epr,78,25602,602,1718,1718,602,17.0,494,250,54,1133499
Epr:79,Epr,79,26045,1045,2313,2313,1045,16.4,499,250,56,1268702
Epr:80,Epr,80,26366,1366,2089,2093,1366,17.0,504,252,57,982181
Epr:81,Epr,81,26576,1576,2556,2542,1576,17.0,507,258,57,1008629
Epr:82,Epr,82,26727,1727,2399,2399,1727,16.4,514,255,57,1000069
Epr:83,Epr,83,27795,2795,3515,3515,2795,17.0,518,258,56,974110
Epr:84,Epr,84,28997,3997,4649,4649,3997,15.4,526,269,55,904079
Epr:85,Epr,85,29449,4449,4887,4870,4449,16.0,521,272,56,1053004
Epr:86,Epr,86,30246,5246,5290,5290,5246,16.1,518,273,52,908903
Epr:87,Epr,87,31325,6325,6221,6221,6325,16.1,521,271,50,806455
Epr:88,Epr,88,31041,6041,5762,5762,6041,16.1,519,278,48,712565
Epr:89,Epr,89,32349,7349,6900,6900,7351,16.2,516,283,48,680482
Epr:90,Epr,90,31517,6517,5902,5902,6521,17.1,511,282,48,715090
Epr:91,Epr,91,32715,7715,6833,6833,7716,16.3,509,280,49,660448
Epr:92,Epr,92,34431,9431,8312,8317,9436,17.0,499,285,49,707932
Epr:93,Epr,93,33343,8343,7086,7083,8343,16.2,503,284,49,685195
Epr:94,Epr,94,36250,11250,10221,10221,11250,15.3,502,280,49,700031
Epr:95,Epr,95,38265,13265,11902,11902,13265,15.1,509,285,50,873171
Epr:96,Epr,96,38255,13255,11587,11587,13255,14.2,509,287,50,888177
Epr:97,Epr,97,41016,16016,14188,14188,16017,15.1,499,287,50,953886
Epr:98,Epr,98,41200,16200,13996,13996,16201,14.3,507,292,50,953616
Epr:99,Epr,99,41042,16042,14024,14024,16042,15.1,505,287,50,888890
Epr:100,Epr,100,41336,16336,13604,13604,16336,15.1,494,286,50,665839
Epr:101,Epr,101,45687,20687,18113,18113,20687,15.1,505,286,50,718285
Epr:102,Epr,102,48547,23547,20420,20420,23547,14.3,507,285,50,744300
Epr:103,Epr,103,50051,25051,21917,21917,25051,14.3,501,278,50,709840
Epr:104,Epr,104,47932,22932,19876,19876,22932,14.3,493,276,50,674699
Epr:105,Epr,105,47405,22405,19329,19329,22405,14.4,491,274,50,662660
Epr:106,Epr,106,52625,27625,24197,24197,27625,15.0,488,265,46,458165
Epra:107,Epra,107,36374,11374,9278,9367,11331,16.0,467,242,46,335309
Epra:108,Epra,108,37192,12192,10156,10107,12193,16.9,461,229,46,333743
Epra:109,Epra,109,38614,13614,12112,12089,13614,17.0,460,235,46,373968
Epra:110,Epra,110,38132,13132,11797,11793,13132,16.1,455,234,50,485865
Epra:111,Epra,111,41495,16495,13392,14012,16349,15.2,449,219,47,430794
Epra:112,Epra,112,43086,18086,14396,15077,17991,15.2,449,215,48,481007
Epra:113,Epra,113,46163,21163,17600,18098,21067,14.3,448,214,45,352264
Epra:114,Epra,114,47690,22690,18235,18777,22587,14.2,444,214,44,372796
Epra:115,Epra,115,48297,23297,18806,19441,23172,14.2,442,222,43,326110
Epra:116,Epra,116,48989,23989,19489,19641,23936,14.2,440,224,43,327284
Epra:117,Epra,117,52101,27101,22106,22177,27040,14.1,434,220,42,342212
Epra:118,Epra,118,56119,31119,24574,24972,30944,13.2,429,216,41,338699
Epra:119,Epra,119,57493,32493,24841,25475,32267,13.0,426,216,41,323067
Epra:120,Epra,120,57362,32362,24201,24877,32158,12.3,424,215,41,236846
Epra:121,Epra,121,69454,44454,35832,36247,44274,13.1,423,216,41,297267
Epra:122,Epra,122,67902,42902,34202,34489,42752,13.0,427,215,41,297945
Epra:123,Epra,123,72325,47325,37019,37695,47121,13.0,424,211,41,303328
Epra:124,Epra,124,74861,49861,39455,39721,49724,13.0,426,209,41,311718
Epra:125,Epra,125,79955,54955,44639,45339,54722,12.1,428,213,41,321508
Epra:126,Epra,126,79676,54676,43931,44222,54553,12.1,425,210,41,299586
Epra:127,Epra,127,88235,63235,51889,51880,63234,12.0,422,206,41,324725
Epra:128,Epra,128,90527,65527,52596,52990,65351,11.3,421,204,41,317023
Epra:129,Epra,129,97242,72242,59630,59673,72160,11.2,419,209,41,330395
Epra:130,Epra,130,100646,75646,62239,62290,75480,11.1,417,203,41,345281
Epra:131,Epra,131,111513,86513,71707,71708,86424,11.1,417,200,41,368347
Epra:132,Epra,132,117024,92024,75951,75955,91901,11.1,418,196,41,378708
Epra:133,Epra,133,118677,93677,77374,77374,93569,11.1,418,196,41,386949
Epra:134,Epra,134,120110,95110,78661,78661,95104,10.3,416,195,41,351477
Epra:135,Epra,135,129855,104855,86157,86157,104852,10.2,420,195,41,382657
Epra:136,Epra,136,130658,105658,87127,87127,105653,10.2,418,203,41,378749
Epra:137,Epra,137,131075,106075,87333,87333,106075,9.3,418,207,41,361191
Epra:138,Epra,138,135620,110620,90949,90949,110620,10.1,413,209,41,379737
Epra:139,Epra,139,138633,113633,92593,92581,113629,10.1,412,210,41,369434
Epra:140,Epra,140,151133,126133,103837,103865,125984,9.1,414,214,41,398384
Epra:141,Epra,141,151953,126953,102637,102637,126897,8.6,415,206,41,415643
Epra:142,Epra,142,157920,132920,108593,108509,132869,8.4,415,204,41,383074
Epra:143,Epra,143,170292,145292,119620,119379,145187,9.1,424,198,41,406324
Epra:144,Epra,144,174889,149889,121017,120944,149731,9.0,431,202,41,445646
Epra:145,Epra,145,174328,149328,121565,121480,149286,8.3,438,202,41,417776
Eprp:107,Eprp,107,38502,13502,11788,11839,13467,14.9,506,279,46,331629
Eprp:108,Eprp,108,39538,14538,13054,13054,14538,15.2,523,286,46,355958
Eprp:109,Eprp,109,41012,16012,14352,14352,16012,15.9,531,282,46,395070
Eprp:110,Eprp,110,41865,16865,15034,14977,16868,16.0,534,288,46,436444
Eprp:111,Eprp,111,43956,18956,17361,17266,18960,16.2,546,290,47,439706
Eprp:112,Eprp,112,47254,22254,19964,19858,22255,16.0,554,286,46,479589
Eprp:113,Eprp,113,46787,21787,18729,18662,21788,16.0,551,273,45,386296
Eprp:114,Eprp,114,49820,24820,21843,21824,24820,16.1,546,267,44,382308
Eprp:115,Eprp,115,51620,26620,22591,22591,26619,15.3,555,261,41,337294
Eprp:116,Eprp,116,55756,30756,27100,27088,30755,15.3,548,255,43,363272
Eprp:117,Eprp,117,58015,33015,27706,27660,33002,16.0,539,252,42,378981
Eprp:118,Eprp,118,58156,33156,26736,26722,33080,16.1,532,245,41,322690
Eprp:119,Eprp,119,60867,35867,27876,27809,35631,16.1,523,250,41,327651
Eprp:120,Eprp,120,61042,36042,26044,26045,35752,16.1,509,251,41,254520
Eprp:121,Eprp,121,57941,32941,23403,23982,32323,15.2,505,244,41,225795
Eprp:122,Eprp,122,56863,31863,22846,22872,31771,15.0,504,239,41,230081
Eprp:123,Eprp,123,62414,37414,28599,28584,37363,15.0,503,238,41,243795
Eprp:124,Eprp,124,65419,40419,31651,31648,40420,14.1,505,234,41,237419
Eprp:125,Eprp,125,78281,53281,43548,43517,53285,13.2,503,239,41,256507
Eprp:126,Eprp,126,77737,52737,42072,41868,52733,13.1,500,231,41,270874
Eprp:127,Eprp,127,78980,53980,42148,42035,53908,12.1,492,232,41,274124
Eprp:128,Eprp,128,86126,61126,48010,47972,61034,11.2,494,230,41,288265
Eprp:129,Eprp,129,88001,63001,49545,49463,62949,11.3,497,223,41,269826
Eprp:130,Eprp,130,90769,65769,51694,51821,65591,11.3,487,227,41,284703
Eprp:131,Eprp,131,97016,72016,54864,55548,71616,12.0,489,227,41,323533
Eprp:132,Eprp,132,108689,83689,65815,66298,83433,11.1,490,227,41,353645
Eprp:133,Eprp,133,110150,85150,65341,65338,84859,11.1,490,224,41,331615
Eprp:134,Eprp,134,109672,84672,62477,62863,84275,11.2,489,227,41,307299
Eprp:135,Eprp,135,125240,100240,70154,71040,99621,11.2,488,233,41,350807
Eprp:136,Eprp,136,128157,103157,77507,77755,102850,11.1,489,224,41,358213
Eprp:137,Eprp,137,131235,106235,74890,76016,105579,11.1,489,227,41,353449
Eprp:138,Eprp,138,136731,111731,85683,86443,111271,11.1,495,220,41,351588
Eprp:139,Eprp,139,145971,120971,94395,95868,120526,10.2,492,223,41,385729
Eprp:140,Eprp,140,152942,127942,101350,102040,127633,10.1,497,218,41,399691
Eprp:141,Eprp,141,152164,127164,98855,99090,126897,11.0,493,220,41,378716
Eprp:142,Eprp,142,160492,135492,106464,107245,135042,10.3,500,214,41,407123
Eprp:143,Eprp,143,169110,144110,110512,111417,143714,10.2,504,216,41,435979
Eprp:144,Eprp,144,174121,149121,114647,115798,148743,10.2,500,215,41,432369
Eprp:145,Eprp,145,172378,147378,107860,108585,147018,11.1,504,208,41,395351
P2:7,P2,7,23378,-1622,-199,-199,-1622,15.0,555,235,50,0
P2:8,P2,8,23190,-1810,-363,-363,-1810,14.2,564,245,51,424027
P2:9,P2,9,23516,-1484,-150,-150,-1484,13.3,565,235,60,1278222
P2:10,P2,10,23148,-1852,-619,-619,-1852,13.8,586,236,69,2110009
P2:11,P2,11,23676,-1324,11,11,-1324,15.2,624,232,72,3021477
P2:12,P2,12,23387,-1613,-306,-306,-1613,14.9,624,239,76,3544759
P2:13,P2,13,23583,-1417,-173,-173,-1417,15.6,616,234,79,3725187
P2:14,P2,14,23628,-1372,-31,-31,-1372,15.0,599,234,82,3932311
P2:15,P2,15,23168,-1832,-506,-506,-1832,15.8,579,215,85,3901371
P2:16,P2,16,23789,-1211,67,67,-1211,14.7,568,213,85,3860466
P2:17,P2,17,23283,-1717,-393,-393,-1717,12.7,568,223,83,3669755
P2:18,P2,18,23327,-1673,-437,-437,-1673,13.2,573,252,80,3551454
P2:19,P2,19,23340,-1660,-292,-292,-1660,13.3,566,277,79,3324860
P2:20,P2,20,23725,-1275,103,103,-1275,11.5,571,267,75,2818237
P2:21,P2,21,23113,-1887,-534,-534,-1887,13.0,589,228,78,3234761
P2:22,P2,22,23441,-1559,-33,-33,-1559,13.6,580,224,74,2664451
P2:23,P2,23,23204,-1796,-220,-220,-1796,13.9,567,243,68,1186521
P2:24,P2,24,22887,-2113,-882,-894,-2113,13.1,569,257,70,1241711
C:25,C,25,23184,-1816,-457,-446,-1816,11.9,555,225,73,994873
C:26,C,26,23372,-1628,-455,-455,-1628,10.6,549,225,60,946163
C:27,C,27,23010,-1990,-606,-606,-1990,9.4,547,243,63,1249345
C:28,C,28,23418,-1582,-279,-279,-1582,8.2,550,248,67,1720744
C:29,C,29,23470,-1530,-371,-371,-1530,6.9,541,236,70,2128091
C:30,C,30,23508,-1492,-268,-268,-1492,7.3,532,171,64,1895853
C:31,C,31,23468,-1532,-695,-695,-1532,7.5,530,164,67,2031257
C:32,C,32,23836,-1164,-9,-9,-1164,7.4,525,168,68,2094218
C:33,C,33,23223,-1777,-914,-914,-1777,7.5,529,162,69,2062401
C:34,C,34,23388,-1612,-493,-493,-1612,8.0,529,158,71,2292779
C:35,C,35,23991,-1009,-69,-69,-1009,8.3,527,152,71,2301144
C:36,C,36,23501,-1499,-380,-380,-1499,9.0,518,165,71,2269088
C:37,C,37,23105,-1895,-646,-646,-1895,9.2,512,174,69,2001901
C:38,C,38,22806,-2194,-939,-939,-2194,10.0,500,179,64,1296758
C:39,C,39,23411,-1589,-526,-526,-1589,10.2,485,191,63,949736
Ca:40,Ca,40,22372,-2628,-1352,-1352,-2626,9.4,473,195,32,185325
Ca:41,Ca,41,23396,-1604,112,112,-1604,8.2,472,205,39,295258
Ca:42,Ca,42,23419,-1581,-228,-228,-1581,7.5,468,208,56,849322
Ca:43,Ca,43,23492,-1508,-183,-183,-1508,7.5,459,208,60,1113145
Ca:44,Ca,44,23466,-1534,-265,-265,-1534,8.4,453,214,61,1183673
Ca:45,Ca,45,23420,-1580,-475,-475,-1580,7.6,444,218,60,1189743
Ca:46,Ca,46,23378,-1622,-501,-501,-1622,7.5,444,224,61,1149643
Ca:47,Ca,47,23039,-1961,-1018,-1018,-1961,8.2,442,238,60,1170993
Ca:48,Ca,48,23400,-1600,-545,-545,-1600,8.0,438,227,63,1299338
Ca:49,Ca,49,23353,-1647,-669,-671,-1647,8.3,438,222,62,1264719
Ca:50,Ca,50,23295,-1705,-657,-663,-1705,8.4,437,220,65,1423367
Ca:51,Ca,51,23668,-1332,-349,-350,-1332,7.6,443,221,64,1504396
Ca:52,Ca,52,23638,-1362,-353,-353,-1362,7.4,447,214,64,1503536
Ca:53,Ca,53,23192,-1808,-724,-724,-1808,7.5,448,214,64,1180925
Ca:54,Ca,54,23019,-1981,-771,-771,-1981,9.0,447,210,64,1254781
Ca:55,Ca,55,23387,-1613,-428,-428,-1613,9.0,450,212,64,1291214
Ca:56,Ca,56,23566,-1434,-69,-69,-1434,9.0,446,215,64,1306570
Ca:57,Ca,57,23439,-1561,-215,-215,-1561,9.6,444,219,61,738370
Ca:58,Ca,58,23664,-1336,32,32,-1336,9.4,441,232,59,697537
Caa:59,Caa,59,23544,-1456,-61,-16,-1456,7.4,429,207,53,447972
Caa:60,Caa,60,23487,-1513,-369,-373,-1513,7.3,428,219,55,588276
Caa:61,Caa,61,23114,-1886,-564,-564,-1886,6.7,437,234,52,698459
Caa:62,Caa,62,23305,-1695,-305,-305,-1695,6.4,437,239,55,862750
Caa:63,Caa,63,23587,-1413,-303,-303,-1413,6.6,431,212,58,1024075
Caa:64,Caa,64,23997,-1003,65,65,-1003,6.7,422,207,55,983087
Caa:65,Caa,65,23132,-1868,-815,-815,-1868,6.8,417,198,53,968995
Caa:66,Caa,66,23461,-1539,-474,-474,-1539,7.1,415,199,52,1011723
Caa:67,Caa,67,23640,-1360,-232,-232,-1360,7.2,414,201,52,1038153
Caa:68,Caa,68,23072,-1928,-957,-957,-1928,7.1,420,190,54,1186658
Caa:69,Caa,69,23803,-1197,-90,-92,-1197,6.5,416,188,54,1214674
Caa:70,Caa,70,23456,-1544,-311,-311,-1544,7.5,426,193,56,1280647
Caa:71,Caa,71,23405,-1595,-447,-447,-1595,7.1,425,203,56,1417771
Caa:72,Caa,72,23212,-1788,-790,-790,-1788,7.0,427,207,57,1490079
Caa:73,Caa,73,23313,-1687,-451,-451,-1687,6.7,432,205,57,1532013
Caa:74,Caa,74,23393,-1607,-674,-674,-1607,6.6,436,206,55,1428985
Caa:75,Caa,75,23803,-1197,-272,-272,-1197,6.6,438,209,56,1592604
Caa:76,Caa,76,23710,-1290,-138,-138,-1290,6.5,435,204,56,1641918
Caa:77,Caa,77,23425,-1575,-374,-374,-1575,7.0,434,205,58,1799914
Caa:78,Caa,78,23429,-1571,-391,-391,-1571,7.2,435,205,58,1787853
Caa:79,Caa,79,23591,-1409,-238,-238,-1409,7.2,432,208,58,1856790
Caa:80,Caa,80,23639,-1361,-125,-125,-1361,7.2,430,212,57,1410525
Caa:81,Caa,81,23292,-1708,-604,-604,-1708,7.9,436,213,55,866984
Caaa:82,Caaa,82,23713,-1287,-65,-90,-1287,7.5,416,201,53,568428
Caaa:83,Caaa,83,23576,-1424,30,30,-1424,6.2,403,209,36,325246
Caaa:84,Caaa,84,23865,-1135,69,69,-1135,5.5,408,211,43,571579
Caaa:85,Caaa,85,23560,-1440,-469,-469,-1440,6.1,401,215,46,785681
Caaa:86,Caaa,86,23692,-1308,-417,-414,-1308,6.8,405,218,48,888789
Caaa:87,Caaa,87,23523,-1477,-267,-267,-1476,6.8,413,214,46,810326
Caaa:88,Caaa,88,24110,-890,315,316,-889,6.4,416,217,46,791161
Caaa:89,Caaa,89,23702,-1298,-275,-268,-1297,7.0,405,210,46,848899
Caaa:90,Caaa,90,23655,-1345,-465,-445,-1342,7.1,410,206,48,969225
Caaa:91,Caaa,91,23764,-1236,-402,-373,-1231,6.3,405,201,47,829212
Caaa:92,Caaa,92,23602,-1398,-329,-333,-1398,6.6,403,207,49,1011104
Caaa:93,Caaa,93,24132,-868,-306,-295,-868,6.4,404,210,47,871343
Caaa:94,Caaa,94,23932,-1068,83,83,-1068,5.6,410,215,49,1056884
Caaa:95,Caaa,95,23727,-1273,-619,-620,-1273,6.1,423,212,50,1181881
Caaa:96,Caaa,96,23975,-1025,-243,-243,-1025,6.2,431,218,50,1190564
Caaa:97,Caaa,97,23846,-1154,-28,-28,-1154,5.7,437,220,50,1220905
Caaa:98,Caaa,98,23583,-1417,-548,-548,-1417,5.6,442,226,50,1231413
Caaa:99,Caaa,99,23643,-1357,-609,-609,-1357,6.0,438,234,50,1241939
Caaa:100,Caaa,100,24046,-954,-1088,-1088,-954,6.3,441,243,50,1033187
Caaa:101,Caaa,101,24772,-228,-227,-218,-233,6.2,440,250,50,1043514
Caaa:102,Caaa,102,24929,-71,-144,-144,-77,6.2,444,253,50,1053850
Caaa:103,Caaa,103,24627,-373,-718,-718,-373,6.1,447,254,50,1060119
Caaa:104,Caaa,104,24700,-300,-435,-435,-307,6.1,441,253,50,1068729
Caaa:105,Caaa,105,25048,48,147,148,36,6.2,446,253,50,1099114
Caaa:106,Caaa,106,24672,-328,-436,-437,-328,6.1,444,254,50,1114298
Caaa:107,Caaa,107,24753,-247,-307,-308,-247,6.3,452,260,50,1124249
Caaa:108,Caaa,108,25000,0,17,7,0,7.0,455,264,50,1124088
Caaa:109,Caaa,109,24743,-257,243,245,-257,7.2,461,267,50,1090213
Caaa:110,Caaa,110,25483,483,758,758,483,7.0,459,266,40,503146
Caaaa:111,Caaaa,111,25846,846,1135,1135,845,7.1,452,252,33,288640
Caaaa:112,Caaaa,112,24738,-262,-254,-254,-262,6.3,450,236,34,301097
Caaaa:113,Caaaa,113,25535,535,1113,1107,534,6.2,455,224,39,475105
Caaaa:114,Caaaa,114,25204,204,198,193,205,6.8,452,219,40,505260
Caaaa:115,Caaaa,115,25624,624,509,509,623,6.2,448,214,39,494931
Caaaa:116,Caaaa,116,25561,561,582,578,560,6.2,451,214,41,544876
Caaaa:117,Caaaa,117,25352,352,129,129,352,6.0,456,226,38,501568
Caaaa:118,Caaaa,118,25329,329,137,137,329,6.2,461,231,41,552522
Caaaa:119,Caaaa,119,24925,-75,-369,-369,-75,6.2,463,232,41,553579
Caaaa:120,Caaaa,120,24581,-419,-476,-476,-428,6.1,465,239,41,471799
Caaaa:121,Caaaa,121,25982,982,806,806,942,6.3,469,253,41,466335
Caaaa:122,Caaaa,122,26126,1126,643,643,1096,6.2,475,259,41,481778
Caaaa:123,Caaaa,123,25900,900,-5,-6,774,6.3,479,264,41,483084
Caaaa:124,Caaaa,124,26266,1266,256,250,473,6.2,473,269,41,504689
Caaaa:125,Caaaa,125,25792,792,-299,-291,376,5.5,475,268,41,500341
Caaaa:126,Caaaa,126,26531,1531,-77,62,391,5.4,476,268,41,480639
Caaaa:127,Caaaa,127,27386,2386,-470,1289,-3490,5.3,475,268,41,498787
Caaaa:128,Caaaa,128,28465,3465,181,2004,-1375,5.3,472,272,41,501137
Caaaa:129,Caaaa,129,27493,2493,-992,-11,-1584,5.3,473,273,41,497517
Caaaa:130,Caaaa,130,28866,3866,-899,1519,-21,5.2,472,273,41,512843
Caaaa:131,Caaaa,131,28438,3438,-2495,959,-1969,5.3,475,274,41,498166
Caaaa:132,Caaaa,132,31573,6573,795,4663,-5612,5.3,486,279,41,501701
Caaaa:133,Caaaa,133,35099,10099,1950,8287,-27658,5.3,495,277,41,507120
Caaaa:134,Caaaa,134,37516,12516,2647,10791,-17958,5.2,501,279,41,520466
Caaaa:135,Caaaa,135,33409,8409,-1751,6693,-18394,5.2,507,287,41,516093
Caaaa:136,Caaaa,136,36579,11579,2441,9727,-24374,5.3,507,276,41,523781
Caaaa:137,Caaaa,137,32937,7937,-1235,5787,-33334,5.2,501,273,41,517230
Caaaa:138,Caaaa,138,35431,10431,1407,7520,-8797,5.3,511,275,41,498560
Caaaa:139,Caaaa,139,34509,9509,-510,6761,-5620,5.4,516,284,41,493639
Caaaa:140,Caaaa,140,33222,8222,-1520,4869,-6340,5.4,519,285,41,493692
Caaaa:141,Caaaa,141,32562,7562,-14,4251,-1951,5.3,525,285,41,508401
Caaaa:142,Caaaa,142,31744,6744,-860,4306,-4133,5.4,531,278,41,515529
Caaaa:143,Caaaa,143,31784,6784,-1794,3531,-3513,5.4,538,282,41,493207
Caaaa:144,Caaaa,144,33427,8427,-5400,4065,-3524,6.0,542,284,41,545941
Caaaa:145,Caaaa,145,34716,9716,-4442,5903,-4249,6.0,546,272,41,558328
Caaap:111,Caaap,111,25179,179,524,521,162,8.2,487,289,35,295436
Caaap:112,Caaap,112,26691,1691,1706,1706,1679,8.2,503,289,36,379892
Caaap:113,Caaap,113,25045,45,-345,-345,-43,8.7,510,284,41,490697
Caaap:114,Caaap,114,25654,654,-782,196,-140,8.8,512,286,40,517251
Caaap:115,Caaap,115,25825,825,-783,39,-532,8.1,518,284,41,545005
Caaap:116,Caaap,116,25563,563,-270,-210,275,7.3,526,285,41,525315
Caaap:117,Caaap,117,25338,338,-1222,-478,-1273,7.2,530,289,42,593245
Caaap:118,Caaap,118,24957,-43,-1257,-1012,-845,7.4,535,288,41,490166
Caaap:119,Caaap,119,26299,1299,-1267,384,-106,8.1,538,290,41,545366
Caaap:120,Caaap,120,26445,1445,359,966,1022,8.3,537,294,41,468215
Caaap:121,Caaap,121,25616,616,460,457,507,8.4,540,292,41,433584
Caaap:122,Caaap,122,24974,-26,-193,-194,-26,8.3,554,291,41,458677
Caaap:123,Caaap,123,24871,-129,206,202,-131,8.4,555,287,41,447788
Caaap:124,Caaap,124,25034,34,568,577,43,7.4,558,284,41,442697
Caaap:125,Caaap,125,26215,1215,1663,1656,1212,7.2,561,287,41,511074
Caaap:126,Caaap,126,24595,-405,-381,-351,-406,7.4,559,288,41,468555
Caaap:127,Caaap,127,26075,1075,1141,1147,1070,7.3,558,292,41,508791
Caaap:128,Caaap,128,25064,64,158,158,60,7.3,559,291,41,489498
Caaap:129,Caaap,129,26199,1199,1495,1508,1188,7.3,563,286,41,487452
Caaap:130,Caaap,130,25967,967,1054,1047,972,8.0,567,280,41,532201
Caaap:131,Caaap,131,26691,1691,1866,1859,1683,8.1,571,280,41,537463
Caaap:132,Caaap,132,25747,747,1148,1141,747,8.4,575,285,41,496178
Caaap:133,Caaap,133,26026,1026,1114,1108,1016,9.1,574,287,41,526507
Caaap:134,Caaap,134,26734,1734,1858,1877,1722,10.1,575,285,41,536621
Caaap:135,Caaap,135,25432,432,524,541,418,10.1,576,275,41,518638
Caaap:136,Caaap,136,25453,453,594,582,435,10.1,579,273,41,532071
Caaap:137,Caaap,137,27225,2225,1949,2023,2179,10.1,574,272,41,528917
Caaap:138,Caaap,138,25813,813,699,771,782,10.1,573,272,41,534862
Caaap:139,Caaap,139,27412,2412,1952,1984,2383,11.1,572,276,41,511300
Caaap:140,Caaap,140,25955,955,-534,-556,956,11.0,572,275,41,514598
Caaap:141,Caaap,141,26723,1723,-3906,-2768,1245,11.1,569,280,41,502446
Caaap:142,Caaap,142,26562,1562,-1986,-1375,1247,11.1,575,276,41,525974
Caaap:143,Caaap,143,27211,2211,367,408,2204,11.2,586,275,41,515156
Caaap:144,Caaap,144,26191,1191,-1793,-1360,975,11.2,583,273,41,514535
Caaap:145,Caaap,145,26489,1489,798,798,1499,11.2,591,271,41,513273
Caap:82,Caap,82,23284,-1716,-534,-527,-1716,7.4,466,236,47,421163
Caap:83,Caap,83,23195,-1805,-364,-364,-1806,6.5,473,245,34,310930
Caap:84,Caap,84,23981,-1019,389,395,-1025,6.1,479,264,41,523743
Caap:85,Caap,85,23570,-1430,-221,-221,-1438,5.3,477,278,42,582353
Caap:86,Caap,86,23025,-1975,-1283,-1283,-1975,5.4,492,280,44,618551
Caap:87,Caap,87,23345,-1655,-644,-644,-1655,5.9,501,269,46,832987
Caap:88,Caap,88,23006,-1994,-690,-690,-1994,6.0,510,254,44,738392
Caap:89,Caap,89,24996,-4,1090,1090,-4,6.0,515,247,44,754704
Caap:90,Caap,90,24450,-550,350,345,-550,7.0,516,245,44,722731
Caap:91,Caap,91,23549,-1451,-301,-294,-1451,6.9,515,251,45,740907
Caap:92,Caap,92,23809,-1191,-129,-135,-1191,6.9,501,256,45,746119
Caap:93,Caap,93,24427,-573,425,426,-573,6.1,502,260,45,774084
Caap:94,Caap,94,24413,-587,716,715,-587,6.0,507,276,45,800893
Caap:95,Caap,95,24530,-470,362,362,-470,6.0,514,279,46,951902
Caap:96,Caap,96,24419,-581,216,209,-581,6.1,525,284,46,954185
Caap:97,Caap,97,24036,-964,-210,-210,-964,6.8,530,285,46,935644
Caap:98,Caap,98,24799,-201,372,343,-201,6.9,538,285,46,960628
Caap:99,Caap,99,24693,-307,682,675,-307,6.2,537,287,46,960010
Caap:100,Caap,100,24729,-271,220,230,-271,7.0,537,294,46,868356
Caap:101,Caap,101,24468,-532,71,75,-532,7.0,538,295,46,875830
Caap:102,Caap,102,24932,-68,419,418,-68,6.9,546,292,46,893626
Caap:103,Caap,103,24453,-547,-272,-281,-547,6.8,552,299,46,891550
Caap:104,Caap,104,25059,59,337,337,59,6.8,552,304,46,902270
Caap:105,Caap,105,25517,517,860,860,517,6.3,552,303,46,917673
Caap:106,Caap,106,24795,-205,311,313,-205,6.8,552,301,46,913372
Caap:107,Caap,107,25168,168,622,616,168,7.0,551,308,46,960049
Caap:108,Caap,108,25032,32,365,364,32,6.8,562,304,46,947503
Caap:109,Caap,109,25465,465,877,878,465,6.7,569,304,48,1108891
Caap:110,Caap,110,25577,577,913,913,577,7.3,564,301,48,1108385
Caap:111,Caap,111,25081,81,278,278,81,8.1,565,315,47,987387
Caap:112,Caap,112,25142,142,530,530,142,7.5,584,309,46,898840
Caap:113,Caap,113,25678,678,1005,1005,678,7.3,587,306,45,693748
Caap:114,Caap,114,25954,954,992,1005,956,8.2,576,300,42,677141
Caapa:115,Caapa,115,26216,1216,1851,1810,1219,6.0,585,282,37,400300
Caapa:116,Caapa,116,25753,753,1074,1074,760,5.3,585,278,35,334408
Caapa:117,Caapa,117,25162,162,418,417,169,4.6,581,278,36,451593
Caapa:118,Caapa,118,25374,374,869,890,384,5.2,584,282,37,456419
Caapa:119,Caapa,119,25365,365,387,381,366,5.8,591,286,37,474018
Caapa:120,Caapa,120,26154,1154,1383,1443,1147,5.9,586,294,37,443235
Caapa:121,Caapa,121,26394,1394,1585,1583,1393,6.7,594,297,37,438141
Caapa:122,Caapa,122,24791,-209,402,401,-209,6.7,611,288,37,444112
Caapa:123,Caapa,123,26200,1200,1638,1637,1184,6.7,612,284,37,428252
Caapa:124,Caapa,124,26957,1957,2050,2065,1958,6.8,614,282,37,434124
Caapa:125,Caapa,125,25298,298,652,754,279,6.2,608,286,37,438432
Caapa:126,Caapa,126,27007,2007,2437,2419,2007,6.8,611,273,37,447786
Caapa:127,Caapa,127,26287,1287,1689,1707,1283,7.0,611,269,37,477247
Caapa:128,Caapa,128,26304,1304,1625,1626,1297,7.0,614,261,37,477980
Caapa:129,Caapa,129,26288,1288,1532,1535,1285,7.0,616,261,37,476441
Caapa:130,Caapa,130,26015,1015,851,860,1011,6.9,620,257,37,475604
Caapa:131,Caapa,131,28145,3145,3399,3394,3140,7.2,620,255,37,464120
Caapa:132,Caapa,132,24942,-58,447,481,-63,8.1,622,254,37,483504
Caapa:133,Caapa,133,26040,1040,1597,1604,1032,8.0,621,254,37,494263
Caapa:134,Caapa,134,26751,1751,2249,2236,1745,8.8,620,262,37,476731
Caapa:135,Caapa,135,26406,1406,1888,1959,1389,9.8,622,261,37,481525
Caapa:136,Caapa,136,26149,1149,1561,1722,1142,10.8,623,264,37,467317
Caapa:137,Caapa,137,27445,2445,2848,2970,2397,11.0,616,264,37,482166
Caapa:138,Caapa,138,26996,1996,2202,2213,1970,11.9,614,264,37,466244
Caapa:139,Caapa,139,27217,2217,2634,2753,2176,12.9,615,272,37,458744
Caapa:140,Caapa,140,25306,306,1166,1159,277,13.9,617,270,37,445191
Caapa:141,Caapa,141,27596,2596,2817,2821,2583,13.9,615,260,37,441160
Caapa:142,Caapa,142,28062,3062,3291,3295,3039,15.0,613,262,37,432023
Caapa:143,Caapa,143,26498,1498,1458,1455,1469,16.0,615,253,37,409071
Caapa:144,Caapa,144,25843,843,677,677,822,16.9,614,258,37,377733
Caapa:145,Caapa,145,26811,1811,1704,1704,1792,16.9,620,256,37,403670
Caapp:115,Caapp,115,25102,102,463,520,-67,9.9,584,302,39,461191
Caapp:116,Caapp,116,24146,-854,-422,-424,-870,10.2,599,307,39,466180
Caapp:117,Caapp,117,26132,1132,1435,1435,1131,10.2,603,314,38,502789
Caapp:118,Caapp,118,24972,-28,236,236,-31,11.2,606,308,37,438893
Caapp:119,Caapp,119,24739,-261,361,352,-265,11.1,606,312,41,564529
Caapp:120,Caapp,120,24620,-380,-149,-149,-396,11.9,611,312,37,411758
Caapp:121,Caapp,121,24182,-818,-239,-239,-844,13.0,616,311,37,402391
Caapp:122,Caapp,122,25034,34,684,684,33,13.0,621,304,39,442234
Caapp:123,Caapp,123,25952,952,1582,1582,865,11.5,619,305,39,475672
Caapp:124,Caapp,124,24991,-9,542,542,-79,12.1,621,307,39,463805
Caapp:125,Caapp,125,26515,1515,2114,2114,1505,12.1,618,306,41,511793
Caapp:126,Caapp,126,25079,79,477,478,46,12.2,614,301,39,436815
Caapp:127,Caapp,127,25330,330,986,971,304,12.5,611,295,39,411653
Caapp:128,Caapp,128,25807,807,1198,1194,786,12.2,616,296,39,448517
Caapp:129,Caapp,129,25166,166,537,561,123,12.3,620,289,41,484101
Caapp:130,Caapp,130,25183,183,298,261,155,12.2,625,285,41,495496
Caapp:131,Caapp,131,25739,739,1092,1082,692,13.1,626,287,41,520320
Caapp:132,Caapp,132,25039,39,795,790,36,14.0,626,292,39,481471
Caapp:133,Caapp,133,25155,155,399,388,148,14.2,622,293,41,496485
Caapp:134,Caapp,134,25710,710,885,911,682,15.0,624,294,39,466637
Caapp:135,Caapp,135,26539,1539,1602,1638,1505,15.3,628,288,41,443744
Caapp:136,Caapp,136,25713,713,1212,1207,683,17.0,617,287,39,398117
Caapp:137,Caapp,137,26661,1661,2081,2150,1556,17.1,618,283,39,423420
Caapp:138,Caapp,138,25704,704,700,665,491,17.3,610,276,41,415427
Caapp:139,Caapp,139,25208,208,324,327,-31,18.2,607,283,41,401039
Caapp:140,Caapp,140,25389,389,633,692,346,18.2,605,284,41,403619
Caapp:141,Caapp,141,25577,577,464,529,384,19.1,603,274,41,415990
Caapp:142,Caapp,142,26783,1783,1300,1346,1598,21.0,601,272,39,353012
Caapp:143,Caapp,143,25886,886,759,761,805,21.3,603,272,39,301473
Caapp:144,Caapp,144,26023,1023,585,590,966,22.1,600,273,39,323622
Caapp:145,Caapp,145,25903,903,328,325,789,23.0,609,264,37,291208
Cap:59,Cap,59,23221,-1779,-294,-273,-1779,10.4,480,245,61,597867
Cap:60,Cap,60,23722,-1278,-90,-109,-1278,8.6,493,254,51,522980
Cap:61,Cap,61,23895,-1105,217,215,-1105,8.5,509,277,54,780413
Cap:62,Cap,62,23320,-1680,-405,-408,-1680,8.6,521,284,57,977411
Cap:63,Cap,63,23541,-1459,-158,-166,-1459,8.6,538,272,58,1100656
Cap:64,Cap,64,23340,-1660,-541,-548,-1660,6.9,532,262,55,1033166
Cap:65,Cap,65,23472,-1528,-439,-439,-1528,6.1,533,254,53,989375
Cap:66,Cap,66,23119,-1881,-696,-696,-1881,6.0,536,255,52,1022295
Cap:67,Cap,67,23587,-1413,-269,-269,-1413,6.0,539,260,52,1081588
Cap:68,Cap,68,24078,-922,198,218,-922,6.1,544,261,54,1211181
Cap:69,Cap,69,23345,-1655,-649,-649,-1655,6.8,544,255,52,1140422
Cap:70,Cap,70,23420,-1580,-445,-445,-1580,6.5,541,256,54,1299013
Cap:71,Cap,71,23399,-1601,-436,-436,-1601,7.3,538,264,54,1330390
Cap:72,Cap,72,23300,-1700,-380,-380,-1700,7.3,545,273,57,1478594
Cap:73,Cap,73,23254,-1746,-746,-758,-1746,7.3,541,272,57,1520909
Cap:74,Cap,74,23477,-1523,-230,-235,-1523,7.3,540,267,57,1523313
Cap:75,Cap,75,23604,-1396,-405,-403,-1396,7.4,550,277,54,1451848
Cap:76,Cap,76,23790,-1210,-185,-196,-1210,7.3,542,281,56,1642280
Cap:77,Cap,77,23540,-1460,-574,-589,-1460,7.2,529,289,58,1800351
Cap:78,Cap,78,23856,-1144,-31,-31,-1144,7.4,531,301,56,1684209
Cap:79,Cap,79,23860,-1140,32,32,-1140,7.5,531,305,58,1900116
Cap:80,Cap,80,24099,-901,37,37,-901,7.6,534,315,57,1562519
Cap:81,Cap,81,23579,-1421,-423,-429,-1421,8.2,531,321,57,1626429
Cap:82,Cap,82,23448,-1552,-587,-587,-1552,7.4,527,324,57,1604898
Cap:83,Cap,83,23960,-1040,123,123,-1040,7.5,530,329,56,1667744
Cap:84,Cap,84,23580,-1420,-556,-556,-1420,8.1,531,329,57,1704804
Cap:85,Cap,85,23276,-1724,-764,-764,-1724,9.0,525,336,58,1838078
Cap:86,Cap,86,23016,-1984,-954,-954,-1984,9.3,532,335,52,1369673
Cap:87,Cap,87,23800,-1200,-90,-68,-1199,9.1,534,330,50,1160646
Cap:88,Cap,88,23451,-1549,-625,-633,-1549,9.3,539,320,46,745526
Capa:89,Capa,89,23696,-1304,-61,-67,-1284,6.5,532,313,42,475935
Capa:90,Capa,90,23198,-1802,-760,-756,-1799,6.0,527,309,44,639577
Capa:91,Capa,91,24067,-933,94,105,-928,6.0,515,314,45,743734
Capa:92,Capa,92,23631,-1369,-429,-433,-1369,6.0,500,321,45,776921
Capa:93,Capa,93,23183,-1817,-1195,-1195,-1817,5.9,500,331,45,775637
Capa:94,Capa,94,23353,-1647,-465,-474,-1647,5.5,482,343,47,866459
Capa:95,Capa,95,23462,-1538,-246,-245,-1538,6.1,477,343,46,953865
Capa:96,Capa,96,24282,-718,202,218,-718,6.2,479,345,46,951252
Capa:97,Capa,97,23573,-1427,-869,-898,-1427,6.2,481,345,46,960521
Capa:98,Capa,98,24150,-850,-25,-38,-850,6.2,482,347,46,958732
Capa:99,Capa,99,24260,-740,434,428,-740,7.0,476,350,48,1108445
Capa:100,Capa,100,24901,-99,334,340,-99,7.2,470,350,46,870627
Capa:101,Capa,101,25061,61,549,543,61,7.8,478,355,46,855017
Capa:102,Capa,102,24986,-14,461,430,-14,7.8,485,355,46,859365
Capa:103,Capa,103,24023,-977,-455,-467,-976,7.8,484,357,46,862770
Capa:104,Capa,104,24350,-650,-419,-424,-650,7.6,479,360,48,1019619
Capa:105,Capa,105,23800,-1200,-1030,-1047,-1200,8.2,486,362,46,910835
Capa:106,Capa,106,23927,-1073,-612,-610,-1073,8.9,483,365,46,926832
Capa:107,Capa,107,24583,-417,-246,-238,-416,9.5,475,368,48,1024510
Capa:108,Capa,108,24732,-268,-255,-262,-268,10.3,484,382,48,1044179
Capa:109,Capa,109,25510,510,296,522,510,12.2,493,384,50,1184842
Capa:110,Capa,110,24945,-55,-688,-182,-99,12.4,491,386,48,1007928
Capa:111,Capa,111,25335,335,-432,145,285,14.1,490,386,49,1054479
Capa:112,Capa,112,25271,271,186,492,272,14.2,503,383,48,1020856
Capa:113,Capa,113,24781,-219,279,322,-219,14.3,521,378,45,693368
Capa:114,Capa,114,24968,-32,104,58,-25,14.3,522,374,44,681606
Capa:115,Capa,115,24249,-751,-957,-955,-747,15.1,533,368,43,680174
Capa:116,Capa,116,24907,-93,316,340,-100,15.2,534,370,43,679274
Capa:117,Capa,117,25312,312,412,401,321,17.0,537,368,42,632679
Capa:118,Capa,118,24715,-285,-716,-713,-293,18.2,555,359,41,512354
Capa:119,Capa,119,24455,-545,-872,-875,-544,19.0,554,360,41,532447
Capa:120,Capa,120,25765,765,607,615,761,19.2,550,356,41,396389
Capa:121,Capa,121,25578,578,740,733,577,20.1,545,356,41,402545
Capa:122,Capa,122,25018,18,18,24,17,21.0,551,353,41,389591
Capa:123,Capa,123,25681,681,643,615,674,21.0,549,345,41,375349
Capa:124,Capa,124,24659,-341,-315,-369,-343,21.0,539,338,41,319402
Capa:125,Capa,125,25543,543,521,521,536,22.1,546,324,41,319162
Capa:126,Capa,126,26023,1023,676,676,1015,21.1,548,315,41,328182
Capa:127,Capa,127,25500,500,804,782,468,21.1,540,312,41,313044
Capa:128,Capa,128,25279,279,-28,-34,233,21.0,535,316,37,280494
Capaa:129,Capaa,129,25611,611,661,662,576,21.0,516,321,37,194745
Capaa:130,Capaa,130,25915,915,777,722,907,20.9,505,315,37,185905
Capaa:131,Capaa,131,25658,658,274,246,641,21.0,499,315,39,195164
Capaa:132,Capaa,132,24738,-262,-764,-785,-286,21.0,493,319,41,195868
Capaa:133,Capaa,133,24344,-656,-1181,-1184,-695,21.9,487,310,37,150432
Capaa:134,Capaa,134,25093,93,-639,-605,-142,22.0,479,308,41,202602
Capaa:135,Capaa,135,25530,530,-152,-134,272,22.0,476,305,37,158211
Capaa:136,Capaa,136,25477,477,-384,-400,212,22.0,474,297,41,195269
Capaa:137,Capaa,137,26914,1914,191,341,-2926,20.1,460,291,39,177523
Capaa:138,Capaa,138,26583,1583,378,350,1024,22.0,456,289,37,145929
Capaa:139,Capaa,139,27375,2375,924,924,2102,21.0,450,286,24,36721
Capaa:140,Capaa,140,28579,3579,1309,1309,2792,20.0,444,296,24,33800
Capaa:141,Capaa,141,25303,303,-1364,-956,-29,22.0,450,299,26,54969
Capaa:142,Capaa,142,27301,2301,1184,1052,2080,22.0,447,297,37,163190
Capaa:143,Capaa,143,27104,2104,-7,16,2025,21.0,438,294,37,153409
Capaa:144,Capaa,144,25709,709,-898,-1251,703,22.0,440,293,24,36763
Capaa:145,Capaa,145,27486,2486,519,457,1861,22.0,445,300,37,152046
Capap:129,Capap,129,25110,110,-134,-111,105,21.8,564,302,37,257580
Capap:130,Capap,130,26839,1839,1934,1952,1844,21.9,569,293,37,249539
Capap:131,Capap,131,26110,1110,860,865,1105,22.1,563,293,37,223812
Capap:132,Capap,132,26309,1309,975,1025,1239,21.3,557,289,41,214019
Capap:133,Capap,133,25085,85,-318,-339,46,23.1,555,291,26,81886
Capap:134,Capap,134,25582,582,96,33,557,22.2,555,293,41,282383
Capap:135,Capap,135,27509,2509,1779,1785,2437,21.3,542,277,41,223757
Capap:136,Capap,136,26238,1238,401,383,1200,22.6,531,273,41,216019
Capap:137,Capap,137,25441,441,-606,-519,283,22.1,531,275,41,214661
Capap:138,Capap,138,26953,1953,340,363,1893,21.0,513,262,32,0
Capap:139,Capap,139,26184,1184,-1102,-1143,1145,20.6,512,262,32,0
Capap:140,Capap,140,26771,1771,-1620,-1652,1738,20.1,510,263,32,54426
Capap:141,Capap,141,28273,3273,373,357,3256,20.1,510,263,26,54426
Capap:142,Capap,142,27664,2664,-788,-788,2597,20.1,506,259,41,217779
Capap:143,Capap,143,28690,3690,-701,-768,3581,19.0,505,263,41,229280
Capap:144,Capap,144,28619,3619,-1690,-1648,3331,19.2,502,259,41,220320
Capap:145,Capap,145,27439,2439,-269,-153,2068,21.0,507,265,41,221739
Capp:89,Capp,89,23863,-1137,329,330,-1075,10.4,562,310,42,456523
Capp:90,Capp,90,23455,-1545,-335,-336,-1534,11.0,568,313,44,551803
Capp:91,Capp,91,23456,-1544,-471,-483,-1542,11.1,561,324,45,660315
Capp:92,Capp,92,22949,-2051,-924,-940,-2050,12.0,551,337,45,719061
Capp:93,Capp,93,24060,-940,395,402,-940,13.1,552,341,45,713450
Capp:94,Capp,94,23660,-1340,-220,-220,-1340,12.2,546,345,47,895155
Capp:95,Capp,95,24143,-857,269,269,-857,11.9,548,346,46,918353
Capp:96,Capp,96,23906,-1094,-420,-420,-1094,12.0,548,351,46,947693
Capp:97,Capp,97,23789,-1211,-306,-306,-1210,11.5,545,352,48,1075532
Capp:98,Capp,98,24291,-709,513,513,-709,11.9,555,353,46,951743
Capp:99,Capp,99,23794,-1206,-503,-503,-1206,11.1,553,351,48,1115698
Capp:100,Capp,100,24364,-636,-160,-160,-636,11.2,544,356,46,850828
Capp:101,Capp,101,25000,0,177,177,0,11.9,547,354,46,862776
Capp:102,Capp,102,24363,-637,-419,-419,-637,11.2,554,351,46,875377
Capp:103,Capp,103,24074,-926,-341,-345,-925,11.2,543,352,46,874216
Capp:104,Capp,104,24473,-527,-157,-164,-527,11.3,537,360,48,1025353
Capp:105,Capp,105,24772,-228,-10,7,-228,12.1,543,357,50,1136559
Capp:106,Capp,106,24290,-710,-380,-395,-709,11.1,543,355,50,1160127
Capp:107,Capp,107,24346,-654,-356,-338,-654,11.3,532,355,48,1005577
Capp:108,Capp,108,24584,-416,-132,-132,-416,11.1,538,350,46,896774
Capp:109,Capp,109,24870,-130,291,259,-131,11.8,543,345,46,849449
Capp:110,Capp,110,24408,-592,-362,-330,-592,13.0,542,348,48,955670
Capp:111,Capp,111,24645,-355,-643,-308,-386,14.1,538,347,49,928292
Capp:112,Capp,112,24790,-210,-232,150,-264,13.9,541,337,44,639914
Capp:113,Capp,113,25165,165,307,478,166,13.0,546,333,45,678712
Capp:114,Capp,114,24426,-574,-778,-236,-657,12.2,543,328,44,667754
Capp:115,Capp,115,24800,-200,-1155,-265,-353,12.1,544,324,43,632998
Capp:116,Capp,116,25035,35,-1189,-290,-104,12.2,544,327,43,607019
Capp:117,Capp,117,24871,-129,-1418,-487,-306,13.1,545,325,42,625804
Capp:118,Capp,118,25596,596,-201,250,407,14.0,549,323,41,557313
Capp:119,Capp,119,23900,-1100,-900,-928,-1096,14.1,560,321,41,552804
Capp:120,Capp,120,25313,313,791,786,349,14.2,555,320,41,448089
Capp:121,Capp,121,25908,908,1428,1433,942,14.2,556,320,41,435314
Capp:122,Capp,122,25663,663,856,917,635,15.1,561,305,37,368378
Capp:123,Capp,123,26728,1728,1803,1803,1729,15.1,569,307,37,403430
Cappa:124,Cappa,124,24130,-870,-646,-642,-883,12.9,546,299,37,338165
Cappa:125,Cappa,125,25073,73,252,220,-6,12.9,546,305,37,344714
Cappa:126,Cappa,126,24453,-547,46,44,-566,12.9,549,307,37,357910
Cappa:127,Cappa,127,25340,340,630,630,284,12.8,548,311,37,352796
Cappa:128,Cappa,128,25326,326,874,869,324,12.3,557,315,39,403585
Cappa:129,Cappa,129,25398,398,1014,1017,327,12.1,558,304,37,377707
Cappa:130,Cappa,130,24399,-601,-516,-517,-650,13.0,561,305,37,361886
Cappa:131,Cappa,131,24841,-159,-167,-177,-205,13.9,562,303,37,347631
Cappa:132,Cappa,132,26803,1803,1202,1271,1798,14.8,555,306,37,318428
Cappa:133,Cappa,133,26913,1913,1357,1350,1893,14.3,554,312,39,347980
Cappa:134,Cappa,134,26954,1954,1425,1458,1932,15.1,544,308,37,314417
Cappa:135,Cappa,135,25845,845,-686,-662,824,16.0,541,308,37,263872
Cappa:136,Cappa,136,27633,2633,800,755,2580,16.1,537,301,39,300406
Cappa:137,Cappa,137,27433,2433,702,668,2396,16.0,537,305,37,266754
Cappa:138,Cappa,138,28877,3877,899,847,3685,16.1,529,308,37,265222
Cappa:139,Cappa,139,28150,3150,679,573,3114,16.9,521,312,37,263431
Cappa:140,Cappa,140,27341,2341,-554,-650,2280,17.0,520,318,39,279295
Cappa:141,Cappa,141,27311,2311,245,192,2268,17.0,522,319,41,307361
Cappa:142,Cappa,142,29899,4899,2269,2187,4827,16.3,527,317,39,297399
Cappa:143,Cappa,143,28651,3651,1087,964,3598,17.0,530,314,39,320834
Cappa:144,Cappa,144,28643,3643,2353,2455,3607,17.3,532,319,39,280609
Cappa:145,Cappa,145,27540,2540,238,236,2399,18.0,541,311,37,274604
Cappp:124,Cappp,124,24803,-197,164,153,-191,17.9,589,310,37,307142
Cappp:125,Cappp,125,25114,114,241,236,73,17.9,595,311,37,319828
Cappp:126,Cappp,126,24725,-275,-156,-86,-289,17.1,601,303,39,340201
Cappp:127,Cappp,127,24731,-269,258,287,-308,17.4,602,304,41,362420
Cappp:128,Cappp,128,24921,-79,-14,60,-149,18.1,603,302,41,396764
Cappp:129,Cappp,129,25171,171,315,387,170,18.1,601,295,41,391918
Cappp:130,Cappp,130,24868,-132,-201,-143,-184,18.0,603,290,39,340240
Cappp:131,Cappp,131,25449,449,577,618,396,18.3,605,294,41,341046
Cappp:132,Cappp,132,25713,713,541,645,654,20.1,596,296,41,340536
Cappp:133,Cappp,133,25746,746,1141,1141,741,20.2,588,293,41,325517
Cappp:134,Cappp,134,24952,-48,150,182,-106,19.2,583,295,41,324587
Cappp:135,Cappp,135,25940,940,800,1018,784,19.2,574,288,41,303013
Cappp:136,Cappp,136,25804,804,682,755,664,20.2,566,287,41,274406
Cappp:137,Cappp,137,26317,1317,748,757,1161,20.1,558,286,41,284693
Cappp:138,Cappp,138,27636,2636,1579,1642,2526,20.0,551,280,41,283418
Cappp:139,Cappp,139,27011,2011,825,907,1953,20.2,552,283,41,285632
Cappp:140,Cappp,140,27193,2193,712,765,2140,20.1,550,288,37,230582
Cappp:141,Cappp,141,26205,1205,-413,-330,1135,20.2,550,289,41,273966
Cappp:142,Cappp,142,28230,3230,1502,1504,3127,20.1,545,277,41,260589
Cappp:143,Cappp,143,27729,2729,1068,1143,2596,21.1,543,273,41,250148
Cappp:144,Cappp,144,28722,3722,1087,1236,3554,20.2,539,268,41,249610
Cappp:145,Cappp,145,29501,4501,1796,2000,4424,20.2,550,266,41,244603
Cp:40,Cp,40,22767,-2233,-573,-573,-2230,10.2,531,186,35,221620
Cp:41,Cp,41,23591,-1409,-278,-278,-1409,10.5,547,199,55,641834
Cp:42,Cp,42,23707,-1293,-169,-169,-1293,10.2,556,192,60,965552
Cp:43,Cp,43,23360,-1640,-270,-270,-1640,10.6,571,192,62,1139474
Cp:44,Cp,44,23318,-1682,-409,-409,-1682,10.9,583,191,61,1179069
Cp:45,Cp,45,23268,-1732,-323,-323,-1732,9.9,587,181,56,1090939
Cp:46,Cp,46,24126,-874,228,228,-874,10.1,581,182,61,1308031
Cp:47,Cp,47,23549,-1451,-544,-544,-1451,9.3,575,204,62,1379578
Cp:48,Cp,48,23579,-1421,-443,-443,-1421,10.2,584,211,63,1412134
Cp:49,Cp,49,23692,-1308,-326,-326,-1308,11.5,586,201,64,1546453
Cp:50,Cp,50,23325,-1675,-580,-580,-1675,11.3,584,201,65,1594911
Cp:51,Cp,51,23409,-1591,-680,-680,-1591,11.3,590,207,64,1670388
Cp:52,Cp,52,23031,-1969,-1175,-1175,-1969,11.3,598,205,64,1713156
Cp:53,Cp,53,23407,-1593,-581,-582,-1593,12.6,605,206,60,1113796
Cp:54,Cp,54,23120,-1880,-731,-731,-1880,11.2,583,200,66,1486155
Cp:55,Cp,55,23373,-1627,-428,-428,-1627,11.2,579,201,64,1411291
Cp:56,Cp,56,23132,-1868,-548,-548,-1868,11.2,578,203,64,1462590
Cp:57,Cp,57,23418,-1582,-309,-309,-1582,11.8,579,197,61,878212
Cp:58,Cp,58,22916,-2084,-965,-965,-2084,10.7,591,194,61,914070
Cpa:59,Cpa,59,23312,-1688,-768,-765,-1688,7.6,569,185,55,534868
Cpa:60,Cpa,60,23641,-1359,-205,-213,-1359,7.6,563,177,53,593635
Cpa:61,Cpa,61,23077,-1923,-863,-874,-1923,7.7,573,190,54,811136
Cpa:62,Cpa,62,23797,-1203,-210,-210,-1203,6.6,567,184,59,1041587
Cpa:63,Cpa,63,23374,-1626,-744,-744,-1626,6.6,551,174,58,1113920
Cpa:64,Cpa,64,23150,-1850,-1105,-1105,-1850,7.2,546,165,55,1056600
Cpa:65,Cpa,65,23582,-1418,-601,-601,-1418,7.9,548,156,53,1012943
Cpa:66,Cpa,66,23293,-1707,-1023,-1023,-1707,7.5,558,157,54,1125489
Cpa:67,Cpa,67,23419,-1581,-452,-452,-1581,8.0,556,158,54,1213300
Cpa:68,Cpa,68,23389,-1611,-633,-633,-1611,8.2,568,165,54,1289174
Cpa:69,Cpa,69,23383,-1617,-415,-415,-1617,8.4,569,164,56,1412330
Cpa:70,Cpa,70,23925,-1075,-160,-160,-1075,8.4,570,172,56,1425266
Cpa:71,Cpa,71,23352,-1648,-566,-567,-1648,8.1,556,176,56,1469883
Cpa:72,Cpa,72,23449,-1551,-512,-512,-1551,8.5,569,183,59,1549798
Cpa:73,Cpa,73,23726,-1274,-314,-319,-1274,8.1,564,192,59,1642932
Cpa:74,Cpa,74,23521,-1479,-492,-504,-1479,8.2,567,196,59,1673462
Cpa:75,Cpa,75,23453,-1547,-604,-606,-1547,8.1,577,198,60,1888162
Cpa:76,Cpa,76,23746,-1254,-208,-214,-1254,8.0,568,204,60,1912495
Cpa:77,Cpa,77,23223,-1777,-875,-866,-1777,8.0,565,214,60,1943049
Cpa:78,Cpa,78,23546,-1454,-470,-470,-1454,8.0,563,213,60,1994145
Cpa:79,Cpa,79,23479,-1521,-419,-419,-1521,8.3,562,215,60,1985125
Cpa:80,Cpa,80,22794,-2206,-1237,-1237,-2206,8.4,560,217,61,1627437
Cpa:81,Cpa,81,23490,-1510,-680,-680,-1510,8.3,555,218,59,1386658
Cpa:82,Cpa,82,23237,-1763,-605,-605,-1763,9.0,566,213,55,858122
Cpaa:83,Cpaa,83,23170,-1830,-412,-417,-1828,7.1,542,205,36,325409
Cpaa:84,Cpaa,84,23336,-1664,-465,-465,-1664,6.3,537,195,41,393867
Cpaa:85,Cpaa,85,23699,-1301,-627,-627,-1301,6.3,531,202,44,554003
Cpaa:86,Cpaa,86,23397,-1603,-563,-570,-1602,6.9,533,204,48,841976
Cpaa:87,Cpaa,87,24040,-960,-27,-21,-945,6.8,536,188,46,779978
Cpaa:88,Cpaa,88,24201,-799,509,509,-799,6.1,530,179,44,691442
Cpaa:89,Cpaa,89,23562,-1438,-112,-114,-1438,5.6,520,176,48,956430
Cpaa:90,Cpaa,90,23573,-1427,-413,-413,-1427,6.2,528,168,48,969182
Cpaa:91,Cpaa,91,23761,-1239,-323,-323,-1239,6.1,529,174,49,986665
Cpaa:92,Cpaa,92,23396,-1604,-360,-360,-1604,6.3,525,174,49,989058
Cpaa:93,Cpaa,93,23113,-1887,-702,-702,-1887,6.2,527,174,49,1021581
Cpaa:94,Cpaa,94,24130,-870,163,163,-870,6.4,531,187,49,1006859
Cpaa:95,Cpaa,95,23421,-1579,-372,-372,-1579,7.0,541,182,50,1172009
Cpaa:96,Cpaa,96,24155,-845,443,443,-845,7.2,542,190,50,1172298
Cpaa:97,Cpaa,97,23747,-1253,-340,-340,-1253,6.6,551,192,50,1195106
Cpaa:98,Cpaa,98,24074,-926,360,360,-926,7.1,549,193,50,1208464
Cpaa:99,Cpaa,99,24175,-825,261,261,-825,6.4,543,189,50,1150852
Cpaa:100,Cpaa,100,24624,-376,-57,-57,-376,7.4,546,197,50,989628
Cpaa:101,Cpaa,101,24755,-245,202,202,-245,7.4,547,199,50,997852
Cpaa:102,Cpaa,102,24294,-706,-98,-98,-706,7.5,547,195,50,990038
Cpaa:103,Cpaa,103,23973,-1027,-630,-630,-1027,7.5,545,197,50,1006885
Cpaa:104,Cpaa,104,24682,-318,-54,-54,-318,7.2,541,206,50,1046429
Cpaa:105,Cpaa,105,24614,-386,213,213,-386,7.4,544,203,50,1039964
Cpaa:106,Cpaa,106,24286,-714,-467,-467,-714,7.4,549,200,50,1052492
Cpaa:107,Cpaa,107,25091,91,304,304,91,8.0,551,212,50,1126306
Cpaa:108,Cpaa,108,24580,-420,-185,-185,-420,8.2,550,219,50,1111504
Cpaa:109,Cpaa,109,24914,-86,307,307,-86,8.1,551,219,46,800655
Cpaa:110,Cpaa,110,24345,-655,-86,-90,-655,8.9,551,212,46,633391
Cpaaa:111,Cpaaa,111,25082,82,353,353,82,7.2,536,209,35,311098
Cpaaa:112,Cpaaa,112,24958,-42,238,234,-41,6.2,535,202,36,386945
Cpaaa:113,Cpaaa,113,24750,-250,206,183,-250,6.0,545,205,41,515106
Cpaaa:114,Cpaaa,114,24724,-276,-12,-27,-266,6.2,544,193,40,516839
Cpaaa:115,Cpaaa,115,25762,762,750,749,768,5.5,539,184,41,522590
Cpaaa:116,Cpaaa,116,25056,56,497,433,88,5.4,538,184,43,531557
Cpaaa:117,Cpaaa,117,25474,474,536,578,480,6.0,540,183,42,587412
Cpaaa:118,Cpaaa,118,24412,-588,-214,-295,-560,5.3,539,181,41,504448
Cpaaa:119,Cpaaa,119,25216,216,493,533,215,5.3,535,188,41,511048
Cpaaa:120,Cpaaa,120,25173,173,85,66,156,6.0,528,195,41,450759
Cpaaa:121,Cpaaa,121,24693,-307,-232,-271,-291,6.1,520,199,41,472830
Cpaaa:122,Cpaaa,122,24365,-635,-130,-130,-634,5.4,511,196,39,389708
Cpaaa:123,Cpaaa,123,25820,820,951,951,819,5.3,507,192,41,439385
Cpaaa:124,Cpaaa,124,25774,774,832,832,778,5.2,501,189,41,454475
Cpaaa:125,Cpaaa,125,25862,862,963,959,868,5.1,498,193,41,455332
Cpaaa:126,Cpaaa,126,25457,457,588,608,448,5.3,490,189,41,466822
Cpaaa:127,Cpaaa,127,25668,668,696,694,656,5.1,494,191,41,471852
Cpaaa:128,Cpaaa,128,26032,1032,738,783,979,5.2,490,195,41,465398
Cpaaa:129,Cpaaa,129,26229,1229,740,739,1227,5.2,482,195,41,476354
Cpaaa:130,Cpaaa,130,25792,792,596,590,786,5.2,477,194,41,475880
Cpaaa:131,Cpaaa,131,26699,1699,1260,1257,1697,5.1,478,198,41,476517
Cpaaa:132,Cpaaa,132,26676,1676,448,445,1675,5.1,482,200,41,492458
Cpaaa:133,Cpaaa,133,27741,2741,1948,1947,2741,5.1,483,202,41,474462
Cpaaa:134,Cpaaa,134,27089,2089,946,949,1879,5.2,487,202,41,487625
Cpaaa:135,Cpaaa,135,26722,1722,192,191,1719,5.1,492,201,41,479732
Cpaaa:136,Cpaaa,136,27040,2040,537,529,1577,5.3,501,201,41,485880
Cpaaa:137,Cpaaa,137,26313,1313,218,222,1146,5.2,502,197,41,493756
Cpaaa:138,Cpaaa,138,27134,2134,553,552,1644,5.2,500,199,41,490312
Cpaaa:139,Cpaaa,139,27854,2854,-672,-639,980,5.3,504,204,41,493469
Cpaaa:140,Cpaaa,140,28862,3862,-803,-28,387,5.1,506,201,41,497340
Cpaaa:141,Cpaaa,141,27740,2740,584,595,2205,5.2,511,199,41,498961
Cpaaa:142,Cpaaa,142,29221,4221,479,755,2081,5.4,518,201,41,483368
Cpaaa:143,Cpaaa,143,29332,4332,-2104,-1987,1810,5.3,524,211,41,469952
Cpaaa:144,Cpaaa,144,28464,3464,-680,-712,2595,5.3,531,207,41,483764
Cpaaa:145,Cpaaa,145,28189,3189,733,713,2878,5.3,532,195,41,497328
Cpaap:111,Cpaap,111,25499,499,1296,1296,499,9.2,587,244,33,268243
Cpaap:112,Cpaap,112,25554,554,933,933,554,9.2,588,240,36,376597
Cpaap:113,Cpaap,113,24351,-649,-401,-401,-649,9.9,593,239,41,480548
Cpaap:114,Cpaap,114,25362,362,438,437,360,10.1,585,237,40,483822
Cpaap:115,Cpaap,115,25294,294,348,340,181,10.1,586,240,43,545450
Cpaap:116,Cpaap,116,24788,-212,228,225,-225,9.1,591,242,41,533535
Cpaap:117,Cpaap,117,24350,-650,-367,-367,-655,9.3,593,249,40,497448
Cpaap:118,Cpaap,118,24764,-236,-74,-54,-247,9.3,596,249,41,492641
Cpaap:119,Cpaap,119,25108,108,248,248,105,10.2,595,244,41,491233
Cpaap:120,Cpaap,120,25341,341,1025,1025,339,10.2,590,244,41,409687
Cpaap:121,Cpaap,121,25063,63,348,346,61,10.3,592,244,41,411162
Cpaap:122,Cpaap,122,25172,172,564,564,168,10.1,588,233,41,435635
Cpaap:123,Cpaap,123,25800,800,1420,1425,802,9.3,585,225,39,374959
Cpaap:124,Cpaap,124,25153,153,543,560,149,9.2,586,225,41,442286
Cpaap:125,Cpaap,125,25182,182,330,295,178,9.1,582,222,41,463705
Cpaap:126,Cpaap,126,25276,276,417,408,272,8.5,577,222,41,480573
Cpaap:127,Cpaap,127,25133,133,74,81,135,8.4,574,219,41,439791
Cpaap:128,Cpaap,128,25494,494,903,918,484,8.2,574,219,41,488437
Cpaap:129,Cpaap,129,25452,452,401,402,445,8.0,571,212,41,500059
Cpaap:130,Cpaap,130,25561,561,826,821,557,7.4,566,208,41,451814
Cpaap:131,Cpaap,131,26528,1528,1858,1817,1530,8.0,567,205,41,503974
Cpaap:132,Cpaap,132,25247,247,420,461,241,8.0,571,212,41,522774
Cpaap:133,Cpaap,133,26255,1255,1551,1555,1247,8.0,573,208,41,524735
Cpaap:134,Cpaap,134,26372,1372,1630,1622,1374,8.3,569,211,41,487994
Cpaap:135,Cpaap,135,25953,953,1054,1059,941,8.1,577,210,41,530630
Cpaap:136,Cpaap,136,25452,452,881,881,447,8.3,576,203,41,492637
Cpaap:137,Cpaap,137,25743,743,753,753,736,8.4,574,202,39,421080
Cpaap:138,Cpaap,138,25966,966,1313,1320,953,9.0,575,200,41,534277
Cpaap:139,Cpaap,139,27487,2487,2595,2595,2484,8.4,585,204,41,461043
Cpaap:140,Cpaap,140,27917,2917,3328,3328,2910,9.1,585,211,41,540278
Cpaap:141,Cpaap,141,27567,2567,3152,3152,2558,9.1,582,208,41,512503
Cpaap:142,Cpaap,142,26735,1735,1559,1559,1728,10.1,592,200,41,529969
Cpaap:143,Cpaap,143,27556,2556,2414,2414,2556,10.1,595,199,41,533999
Cpaap:144,Cpaap,144,26197,1197,1491,1491,1197,10.2,593,201,41,513202
Cpaap:145,Cpaap,145,27447,2447,2561,2561,2447,10.2,595,196,41,516847
Cpap:83,Cpap,83,23472,-1528,-368,-397,-1526,8.4,588,243,48,496595
Cpap:84,Cpap,84,24182,-818,87,87,-818,7.2,592,252,41,419749
Cpap:85,Cpap,85,24277,-723,5,5,-723,6.2,586,258,42,532984
Cpap:86,Cpap,86,24113,-887,173,173,-887,7.0,601,262,48,854951
Cpap:87,Cpap,87,24509,-491,594,594,-491,7.2,605,266,46,780615
Cpap:88,Cpap,88,23625,-1375,-460,-460,-1375,7.4,618,262,46,772413
Cpap:89,Cpap,89,23401,-1599,-536,-536,-1599,8.0,618,256,46,875555
Cpap:90,Cpap,90,23748,-1252,-122,-122,-1252,8.0,611,260,46,889213
Cpap:91,Cpap,91,23441,-1559,-683,-683,-1559,8.0,603,265,49,1019793
Cpap:92,Cpap,92,23420,-1580,-233,-233,-1580,7.4,584,272,47,863478
Cpap:93,Cpap,93,23694,-1306,-103,-103,-1306,7.4,582,279,49,992379
Cpap:94,Cpap,94,23628,-1372,-340,-340,-1372,7.4,586,284,49,1031909
Cpap:95,Cpap,95,23581,-1419,-527,-527,-1419,7.0,588,277,48,1076938
Cpap:96,Cpap,96,24159,-841,179,170,-841,7.3,594,277,48,1074418
Cpap:97,Cpap,97,23647,-1353,-234,-266,-1353,8.1,595,283,50,1217797
Cpap:98,Cpap,98,23765,-1235,-328,-358,-1234,8.3,598,281,50,1193979
Cpap:99,Cpap,99,23901,-1099,-283,-290,-1098,8.2,604,273,50,1219318
Cpap:100,Cpap,100,24816,-184,85,72,-183,8.2,603,280,48,979039
Cpap:101,Cpap,101,25081,81,489,496,81,8.5,604,281,48,970563
Cpap:102,Cpap,102,24402,-598,-48,-53,-597,8.4,612,268,48,984969
Cpap:103,Cpap,103,24817,-183,255,254,-182,8.4,612,270,48,1004944
Cpap:104,Cpap,104,24781,-219,157,157,-218,8.5,619,274,48,1052078
Cpap:105,Cpap,105,24505,-495,-197,-207,-493,9.1,624,269,50,1183080
Cpap:106,Cpap,106,25152,152,400,405,153,9.3,622,271,50,1196363
Cpap:107,Cpap,107,24862,-138,31,36,-138,10.2,621,286,50,1220081
Cpap:108,Cpap,108,24988,-12,73,73,-12,10.4,627,285,50,1133600
Cpap:109,Cpap,109,25197,197,543,543,197,10.5,635,279,48,1019710
Cpap:110,Cpap,110,25093,93,260,260,93,11.2,633,283,50,1222736
Cpap:111,Cpap,111,25166,166,254,254,166,12.5,638,292,49,1129671
Cpap:112,Cpap,112,24774,-226,24,24,-226,12.4,644,282,46,748054
Cpap:113,Cpap,113,25021,21,140,140,23,12.9,630,281,41,554124
Cpapa:114,Cpapa,114,26167,1167,1345,1345,1167,10.0,646,247,38,456447
Cpapa:115,Cpapa,115,25025,25,342,338,25,10.1,646,228,39,486333
Cpapa:116,Cpapa,116,25349,349,575,575,349,10.9,647,219,39,519224
Cpapa:117,Cpapa,117,24840,-160,66,66,-161,10.5,653,221,40,536045
Cpapa:118,Cpapa,118,25081,81,430,430,80,11.2,657,212,41,601122
Cpapa:119,Cpapa,119,25007,7,240,240,7,11.3,656,209,39,528196
Cpapa:120,Cpapa,120,24975,-25,183,183,-25,11.4,650,213,41,481012
Cpapa:121,Cpapa,121,23867,-1133,-539,-540,-1133,11.3,651,225,41,526707
Cpapa:122,Cpapa,122,25644,644,867,867,640,11.2,650,221,39,498509
Cpapa:123,Cpapa,123,24675,-325,258,269,-322,10.5,643,216,41,543889
Cpapa:124,Cpapa,124,25745,745,1169,1160,730,11.0,642,219,41,541363
Cpapa:125,Cpapa,125,26106,1106,838,937,1116,10.2,632,221,39,494104
Cpapa:126,Cpapa,126,25920,920,1073,1067,916,10.4,626,216,39,424696
Cpapa:127,Cpapa,127,24633,-367,-206,-169,-384,11.1,622,215,41,527711
Cpapa:128,Cpapa,128,26070,1070,1196,1204,1045,11.1,616,215,41,513690
Cpapa:129,Cpapa,129,25888,888,1456,1465,866,11.1,614,205,41,519019
Cpapa:130,Cpapa,130,25661,661,997,924,679,10.1,613,201,41,506754
Cpapa:131,Cpapa,131,24841,-159,-75,-17,-228,10.3,610,204,41,489236
Cpapa:132,Cpapa,132,25769,769,1173,1214,738,11.1,612,208,41,519153
Cpapa:133,Cpapa,133,25984,984,1274,1329,958,11.1,615,207,41,532503
Cpapa:134,Cpapa,134,24753,-247,-11,13,-269,11.4,614,212,39,456668
Cpapa:135,Cpapa,135,26036,1036,1354,1347,1017,12.2,615,205,41,530577
Cpapa:136,Cpapa,136,25953,953,807,803,942,13.2,609,204,41,505988
Cpapa:137,Cpapa,137,26239,1239,1124,1124,1223,13.2,609,204,41,508545
Cpapa:138,Cpapa,138,26127,1127,1334,1357,1108,13.1,612,203,41,515432
Cpapa:139,Cpapa,139,25527,527,368,362,438,13.4,613,208,41,458169
Cpapa:140,Cpapa,140,26597,1597,1775,1775,1532,14.3,616,204,41,497986
Cpapa:141,Cpapa,141,25874,874,1337,1336,810,14.2,610,198,41,493069
Cpapa:142,Cpapa,142,26547,1547,1668,1668,1458,16.1,609,197,41,473987
Cpapa:143,Cpapa,143,25765,765,626,632,637,16.3,610,195,41,426973
Cpapa:144,Cpapa,144,25460,460,528,528,417,16.3,613,197,39,404772
Cpapa:145,Cpapa,145,25694,694,1041,1041,615,16.3,616,190,39,411794
Cpapp:114,Cpapp,114,25045,45,360,360,45,14.0,631,290,36,376359
Cpapp:115,Cpapp,115,25177,177,646,639,180,13.0,639,287,39,455770
Cpapp:116,Cpapp,116,24804,-196,39,39,-195,13.0,652,287,39,514380
Cpapp:117,Cpapp,117,24533,-467,-360,-360,-470,13.9,653,293,38,527613
Cpapp:118,Cpapp,118,24583,-417,-47,-39,-417,14.1,653,287,41,551643
Cpapp:119,Cpapp,119,24692,-308,25,25,-308,15.1,656,288,41,563664
Cpapp:120,Cpapp,120,25702,702,577,577,703,15.1,660,291,39,467076
Cpapp:121,Cpapp,121,25229,229,345,345,229,16.9,653,297,37,379104
Cpapp:122,Cpapp,122,26095,1095,1162,1161,1096,17.0,654,285,39,422345
Cpapp:123,Cpapp,123,25458,458,1192,1218,449,16.2,644,282,41,420859
Cpapp:124,Cpapp,124,24931,-69,622,622,-68,16.2,648,277,39,387558
Cpapp:125,Cpapp,125,25395,395,725,725,391,16.2,654,274,39,423290
Cpapp:126,Cpapp,126,24995,-5,477,503,-9,16.1,650,276,41,464583
Cpapp:127,Cpapp,127,24846,-154,250,251,-157,15.5,648,272,39,389983
Cpapp:128,Cpapp,128,25740,740,865,845,728,16.0,648,270,41,475854
Cpapp:129,Cpapp,129,25695,695,1088,1084,694,15.9,650,264,37,393287
Cpapp:130,Cpapp,130,25364,364,1018,1022,352,14.5,651,251,39,399012
Cpapp:131,Cpapp,131,25755,755,959,955,740,15.0,647,247,39,445532
Cpapp:132,Cpapp,132,25195,195,377,353,194,16.1,638,252,41,466678
Cpapp:133,Cpapp,133,25731,731,909,958,728,17.1,636,246,39,414783
Cpapp:134,Cpapp,134,26349,1349,2046,2028,1344,17.3,635,247,39,398803
Cpapp:135,Cpapp,135,26233,1233,1227,1254,1216,18.0,636,240,39,401724
Cpapp:136,Cpapp,136,24796,-204,39,63,-219,18.3,634,239,41,414540
Cpapp:137,Cpapp,137,26021,1021,844,955,973,18.2,626,235,41,450662
Cpapp:138,Cpapp,138,25502,502,365,347,461,19.2,616,229,41,402686
Cpapp:139,Cpapp,139,25124,124,184,167,111,20.1,615,233,41,398771
Cpapp:140,Cpapp,140,26463,1463,1434,1428,1434,20.2,608,232,39,332418
Cpapp:141,Cpapp,141,25002,2,-549,-572,-59,21.1,603,228,41,340183
Cpapp:142,Cpapp,142,26199,1199,817,806,1148,23.0,597,223,41,316060
Cpapp:143,Cpapp,143,26715,1715,1011,1067,1602,23.0,594,217,41,273674
Cpapp:144,Cpapp,144,26111,1111,180,173,971,23.1,586,220,41,267696
Cpapp:145,Cpapp,145,26833,1833,1172,1162,1754,24.0,592,213,41,270051
Cpp:59,Cpp,59,23576,-1424,-333,-342,-1423,13.6,608,224,61,646972
Cpp:60,Cpp,60,23620,-1380,-476,-484,-1380,10.5,618,225,57,678666
Cpp:61,Cpp,61,24005,-995,299,304,-995,11.2,632,222,54,870294
Cpp:62,Cpp,62,23648,-1352,-425,-425,-1352,10.2,640,237,55,1017769
Cpp:63,Cpp,63,23277,-1723,-996,-996,-1723,10.1,643,237,56,1196309
Cpp:64,Cpp,64,23454,-1546,-929,-925,-1546,10.0,640,225,55,1170528
Cpp:65,Cpp,65,22938,-2062,-1214,-1220,-2062,11.0,641,217,53,1098533
Cpp:66,Cpp,66,23930,-1070,-201,-200,-1069,11.6,644,209,54,1282158
Cpp:67,Cpp,67,23226,-1774,-778,-802,-1773,12.2,642,207,52,1173695
Cpp:68,Cpp,68,23748,-1252,-212,-206,-1252,13.2,647,208,54,1350029
Cpp:69,Cpp,69,23345,-1655,-571,-573,-1655,14.0,641,208,56,1465081
Cpp:70,Cpp,70,23668,-1332,-300,-308,-1332,13.4,646,210,56,1485296
Cpp:71,Cpp,71,23784,-1216,-185,-185,-1216,13.1,636,215,58,1678992
Cpp:72,Cpp,72,23368,-1632,-469,-469,-1632,13.5,634,216,57,1517458
Cpp:73,Cpp,73,24121,-879,334,334,-879,13.3,629,231,59,1678983
Cpp:74,Cpp,74,23818,-1182,3,3,-1182,14.3,626,236,59,1674113
Cpp:75,Cpp,75,23323,-1677,-576,-576,-1677,14.1,628,243,56,1635759
Cpp:76,Cpp,76,23657,-1343,-366,-366,-1343,14.1,627,242,60,1937832
Cpp:77,Cpp,77,23443,-1557,-195,-195,-1557,14.2,625,254,58,1801829
Cpp:78,Cpp,78,23868,-1132,-76,-76,-1132,14.4,627,266,56,1640559
Cpp:79,Cpp,79,23212,-1788,-939,-939,-1788,14.4,637,263,58,1827488
Cpp:80,Cpp,80,23746,-1254,-237,-237,-1254,14.8,631,259,55,1271891
Cpp:81,Cpp,81,23935,-1065,129,129,-1065,14.1,632,260,57,1433132
Cpp:82,Cpp,82,23998,-1002,-106,-106,-1002,14.1,627,273,59,1540022
Cpp:83,Cpp,83,23888,-1112,249,234,-1105,14.1,625,259,58,1572512
Cpp:84,Cpp,84,23240,-1760,-761,-765,-1756,13.5,626,264,59,1604534
Cpp:85,Cpp,85,23762,-1238,-339,-339,-1238,13.9,623,263,52,965163
Cpp:86,Cpp,86,22948,-2052,-663,-658,-2047,14.1,627,243,48,808418
Cppa:87,Cppa,87,23311,-1689,-650,-650,-1689,11.8,643,219,46,539019
Cppa:88,Cppa,88,23885,-1115,53,53,-1115,12.0,640,205,44,592728
Cppa:89,Cppa,89,22998,-2002,-907,-907,-2002,12.9,632,200,44,676923
Cppa:90,Cppa,90,23873,-1127,-59,-59,-1127,11.9,637,197,44,726677
Cppa:91,Cppa,91,24395,-605,825,827,-605,11.9,631,204,45,733732
Cppa:92,Cppa,92,23184,-1816,-863,-909,-1813,11.9,612,211,45,726124
Cppa:93,Cppa,93,23380,-1620,-290,-273,-1618,12.0,609,218,45,699769
Cppa:94,Cppa,94,23639,-1361,-70,-66,-1358,12.3,609,229,47,794728
Cppa:95,Cppa,95,23567,-1433,-328,-288,-1428,13.0,610,234,46,830793
Cppa:96,Cppa,96,23887,-1113,118,160,-1109,12.5,621,233,50,1071714
Cppa:97,Cppa,97,23461,-1539,-115,-132,-1536,14.0,623,236,46,865862
Cppa:98,Cppa,98,24399,-601,624,634,-600,13.4,619,236,48,947859
Cppa:99,Cppa,99,24605,-395,319,290,-389,13.4,615,235,48,961987
Cppa:100,Cppa,100,23938,-1062,-530,-510,-1061,14.0,611,239,46,763924
Cppa:101,Cppa,101,24455,-545,275,270,-545,14.0,615,234,48,859974
Cppa:102,Cppa,102,24415,-585,106,102,-580,14.1,613,233,48,879940
Cppa:103,Cppa,103,24693,-307,447,451,-304,14.2,614,239,50,954664
Cppa:104,Cppa,104,24415,-585,-284,-294,-585,14.4,609,237,48,807997
Cppa:105,Cppa,105,24401,-599,-369,-393,-593,14.3,608,236,48,821115
Cppa:106,Cppa,106,24550,-450,390,403,-451,15.0,619,238,48,912916
Cppa:107,Cppa,107,24698,-302,316,313,-301,15.2,605,242,50,878361
Cppa:108,Cppa,108,24639,-361,394,394,-361,16.1,609,237,48,783348
Cppa:109,Cppa,109,24461,-539,-227,-227,-539,16.9,615,223,46,669879
Cppa:110,Cppa,110,24658,-342,392,392,-342,16.2,623,223,46,724871
Cppa:111,Cppa,111,24925,-75,465,471,-72,16.3,624,219,47,711953
Cppa:112,Cppa,112,24908,-92,271,271,-93,16.1,626,223,46,693017
Cppa:113,Cppa,113,24672,-328,334,309,-327,16.1,632,222,45,601801
Cppa:114,Cppa,114,25509,509,818,804,476,17.1,637,239,44,621499
Cppa:115,Cppa,115,25377,377,593,593,372,17.2,643,238,43,531223
Cppa:116,Cppa,116,25423,423,989,996,430,19.1,645,239,43,509314
Cppa:117,Cppa,117,25135,135,664,666,136,21.1,638,231,42,474100
Cppa:118,Cppa,118,24374,-626,-495,-506,-624,22.0,632,208,41,458701
Cppa:119,Cppa,119,24365,-635,-245,-245,-635,22.0,619,203,41,414899
Cppa:120,Cppa,120,24969,-31,-14,-14,-26,22.1,610,207,41,299355
Cppa:121,Cppa,121,25224,224,661,652,297,21.1,606,191,41,327573
Cppa:122,Cppa,122,24641,-359,328,325,-372,22.1,595,191,41,308989
Cppa:123,Cppa,123,25173,173,486,486,173,23.0,593,190,41,289078
Cppa:124,Cppa,124,25082,82,374,374,67,22.0,596,189,41,320073
Cppa:125,Cppa,125,25549,549,881,888,566,20.1,586,204,41,293499
Cppa:126,Cppa,126,24904,-96,300,300,-97,21.1,583,200,41,327213
Cppa:127,Cppa,127,24918,-82,-206,-206,-83,21.1,574,200,41,303308
Cppa:128,Cppa,128,25693,693,622,622,680,21.0,568,198,41,325752
Cppa:129,Cppa,129,26633,1633,1179,1179,1570,21.0,559,202,37,262762
Cppa:130,Cppa,130,26909,1909,1312,1312,1903,20.9,553,205,37,269128
Cppaa:131,Cppaa,131,26602,1602,1103,1130,1351,20.0,515,186,37,189633
Cppaa:132,Cppaa,132,25802,802,-339,-341,457,19.1,504,188,39,195339
Cppaa:133,Cppaa,133,26806,1806,1115,1177,1496,20.0,500,185,41,225878
Cppaa:134,Cppaa,134,26238,1238,-449,-442,1091,20.0,498,183,37,186715
Cppaa:135,Cppaa,135,25783,783,38,46,693,20.1,500,181,41,211033
Cppaa:136,Cppaa,136,27209,2209,1282,1304,2182,21.1,499,183,41,209827
Cppaa:137,Cppaa,137,26928,1928,1180,1180,1928,22.0,491,191,37,152690
Cppaa:138,Cppaa,138,26403,1403,76,62,1399,20.2,487,186,39,181484
Cppaa:139,Cppaa,139,27416,2416,1283,1282,2406,20.0,483,185,41,193912
Cppaa:140,Cppaa,140,28167,3167,1472,1488,3144,20.0,471,187,37,156609
Cppaa:141,Cppaa,141,27892,2892,573,537,2879,19.3,466,183,39,165473
Cppaa:142,Cppaa,142,26227,1227,-782,-759,1143,19.1,458,180,41,213539
Cppaa:143,Cppaa,143,27810,2810,964,959,2677,19.0,452,178,41,218587
Cppaa:144,Cppaa,144,27618,2618,-618,-604,2537,18.2,444,175,41,221584
Cppaa:145,Cppaa,145,28059,3059,165,313,2857,18.1,441,172,41,225914
Cppap:131,Cppap,131,25954,954,1085,1085,936,22.0,575,220,37,213427
Cppap:132,Cppap,132,25959,959,581,625,951,21.0,566,221,37,200024
Cppap:133,Cppap,133,26608,1608,1030,1026,1595,21.1,553,224,39,222298
Cppap:134,Cppap,134,27202,2202,1614,1627,2170,21.0,555,219,41,249973
Cppap:135,Cppap,135,25729,729,48,101,407,21.1,563,217,41,281288
Cppap:136,Cppap,136,25836,836,347,349,753,22.1,558,216,41,257311
Cppap:137,Cppap,137,26006,1006,270,334,928,21.1,549,214,41,243023
Cppap:138,Cppap,138,26836,1836,814,835,1753,21.2,539,205,41,242041
Cppap:139,Cppap,139,27093,2093,1474,1455,1998,21.1,536,204,41,246473
Cppap:140,Cppap,140,26673,1673,-36,-127,1624,20.1,526,211,41,221374
Cppap:141,Cppap,141,28366,3366,177,129,3304,19.1,518,201,41,209975
Cppap:142,Cppap,142,27793,2793,-198,-273,2744,19.1,517,193,41,227327
Cppap:143,Cppap,143,27789,2789,862,898,2692,19.1,516,188,41,228516
Cppap:144,Cppap,144,27325,2325,-303,-285,2175,20.1,513,187,41,230402
Cppap:145,Cppap,145,29902,4902,208,187,4863,20.1,508,195,41,215110
Cppp:87,Cppp,87,23920,-1080,-115,-115,-1080,16.0,632,282,46,472944
Cppp:88,Cppp,88,23857,-1143,95,95,-1134,15.0,628,284,44,511727
Cppp:89,Cppp,89,23595,-1405,-71,-71,-1394,15.0,629,284,44,608068
Cppp:90,Cppp,90,23797,-1203,-209,-138,-1177,16.0,614,291,44,646531
Cppp:91,Cppp,91,24598,-402,368,368,-401,16.1,614,310,45,670197
Cppp:92,Cppp,92,24073,-927,33,33,-927,16.9,607,318,45,702932
Cppp:93,Cppp,93,23821,-1179,-117,-116,-1179,16.4,609,319,47,797835
Cppp:94,Cppp,94,24148,-852,-131,-132,-851,16.1,602,325,47,827403
Cppp:95,Cppp,95,24051,-949,-116,-116,-948,16.9,597,329,46,816435
Cppp:96,Cppp,96,24158,-842,-77,-77,-841,16.9,596,330,46,812882
Cppp:97,Cppp,97,24010,-990,-289,-289,-990,17.0,590,332,46,809788
Cppp:98,Cppp,98,24306,-694,536,536,-694,17.9,597,325,46,804071
Cppp:99,Cppp,99,23691,-1309,-404,-404,-1306,17.2,586,323,48,909300
Cppp:100,Cppp,100,23979,-1021,-572,-572,-1021,17.1,575,319,46,632880
Cppp:101,Cppp,101,24298,-702,-435,-435,-702,16.8,589,314,46,664586
Cppp:102,Cppp,102,24823,-177,258,258,-176,15.8,590,313,46,688851
Cppp:103,Cppp,103,24498,-502,-111,-111,-502,15.9,586,311,46,688303
Cppp:104,Cppp,104,24262,-738,-151,-151,-738,15.9,578,318,46,699668
Cppp:105,Cppp,105,24796,-204,54,64,-204,15.2,585,316,48,854113
Cppp:106,Cppp,106,24661,-339,-68,-45,-336,15.1,580,324,50,980591
Cppp:107,Cppp,107,24876,-124,126,90,-119,15.4,570,333,48,853321
Cppp:108,Cppp,108,24513,-487,-277,-267,-486,17.0,582,334,48,885947
Cppp:109,Cppp,109,24852,-148,368,366,-147,16.9,598,320,46,732989
Cppp:110,Cppp,110,24283,-717,-687,-702,-716,17.1,598,321,50,924379
Cppp:111,Cppp,111,24388,-612,-699,-559,-613,19.1,598,318,49,819763
Cppp:112,Cppp,112,24591,-409,-1441,-752,-495,18.3,593,319,48,741630
Cppp:113,Cppp,113,24643,-357,-746,-541,-388,17.3,595,311,45,567737
Cppp:114,Cppp,114,24233,-767,-609,-630,-758,18.1,594,305,44,590697
Cppp:115,Cppp,115,24695,-305,-284,-268,-316,17.1,605,299,43,564605
Cppp:116,Cppp,116,24098,-902,-904,-891,-899,17.0,602,285,43,507387
Cppp:117,Cppp,117,25917,917,1334,1360,908,16.1,595,282,42,532621
Cppp:118,Cppp,118,25401,401,677,675,401,18.0,604,263,41,445434
Cppp:119,Cppp,119,24855,-145,423,423,-152,16.2,599,258,41,373830
Cppp:120,Cppp,120,25855,855,1024,1024,853,18.0,603,253,41,335939
Cpppa:121,Cpppa,121,25374,374,540,531,394,16.9,604,230,37,265246
Cpppa:122,Cpppa,122,26426,1426,1700,1697,1416,16.1,611,226,37,280054
Cpppa:123,Cpppa,123,24535,-465,-296,-331,-457,15.3,611,221,41,312171
Cpppa:124,Cpppa,124,25997,997,1319,1320,962,15.1,613,227,39,331219
Cpppa:125,Cpppa,125,25052,52,277,416,-140,14.3,616,221,39,322878
Cpppa:126,Cpppa,126,25382,382,630,581,310,16.2,626,206,41,369220
Cpppa:127,Cpppa,127,25452,452,407,416,508,16.1,623,204,41,369585
Cpppa:128,Cpppa,128,25509,509,667,614,401,16.2,622,201,41,376604
Cpppa:129,Cpppa,129,25450,450,473,608,121,15.1,614,202,39,318431
Cpppa:130,Cpppa,130,25002,2,363,249,-178,14.2,606,196,41,331966
Cpppa:131,Cpppa,131,26772,1772,1948,1977,1785,15.1,593,192,39,314784
Cpppa:132,Cpppa,132,27046,2046,2425,2483,2015,15.2,581,197,41,366499
Cpppa:133,Cpppa,133,26287,1287,1797,1808,1245,15.2,568,187,41,360209
Cpppa:134,Cpppa,134,26761,1761,1969,2017,1748,15.1,566,185,41,371919
Cpppa:135,Cpppa,135,26544,1544,1545,1535,1542,16.0,563,177,41,362483
Cpppa:136,Cpppa,136,26469,1469,988,935,1468,16.2,561,175,41,330686
Cpppa:137,Cpppa,137,25880,880,649,661,848,16.3,557,172,41,323388
Cpppa:138,Cpppa,138,26734,1734,1324,1280,1679,17.0,554,168,41,339151
Cpppa:139,Cpppa,139,26665,1665,1463,1430,1585,16.2,554,169,41,337258
Cpppa:140,Cpppa,140,27866,2866,2340,2332,2816,16.2,552,169,41,357598
Cpppa:141,Cpppa,141,27039,2039,1903,2002,1976,17.0,548,166,41,366063
Cpppa:142,Cpppa,142,26883,1883,1057,1137,1823,16.2,550,163,41,363370
Cpppa:143,Cpppa,143,26954,1954,1426,1392,1915,16.1,550,166,41,347604
Cpppa:144,Cpppa,144,28133,3133,2017,2074,3103,17.0,556,165,41,355078
Cpppa:145,Cpppa,145,28323,3323,1616,1638,3279,17.1,553,162,41,331460
Cpppp:121,Cpppp,121,25018,18,430,430,16,20.9,609,278,37,254696
Cpppp:122,Cpppp,122,24660,-340,172,172,-350,21.1,611,281,37,245104
Cpppp:123,Cpppp,123,24425,-575,-143,-127,-593,20.2,613,273,41,312009
Cpppp:124,Cpppp,124,24870,-130,29,39,-128,21.1,614,275,41,308039
Cpppp:125,Cpppp,125,24608,-392,-369,-382,-397,21.1,619,274,39,317612
Cpppp:126,Cpppp,126,25353,353,708,690,361,20.3,616,269,41,307806
Cpppp:127,Cpppp,127,24974,-26,268,273,-19,20.1,614,267,41,314871
Cpppp:128,Cpppp,128,25966,966,974,996,960,20.0,608,264,41,332433
Cpppp:129,Cpppp,129,24796,-204,30,-1,-213,20.1,607,255,41,347637
Cpppp:130,Cpppp,130,26193,1193,1443,1426,1193,18.2,609,247,41,329043
Cpppp:131,Cpppp,131,25832,832,831,886,814,17.3,598,247,41,294845
Cpppp:132,Cpppp,132,24942,-58,-411,-366,-93,18.0,587,251,41,298861
Cpppp:133,Cpppp,133,25419,419,333,309,395,17.1,579,246,41,286584
Cpppp:134,Cpppp,134,25917,917,650,669,876,17.3,578,245,41,275058
Cpppp:135,Cpppp,135,27829,2829,2542,2560,2796,18.1,582,236,41,305075
Cpppp:136,Cpppp,136,26198,1198,1178,1206,1175,18.1,579,234,41,304017
Cpppp:137,Cpppp,137,26251,1251,746,814,1192,18.2,571,232,41,281629
Cpppp:138,Cpppp,138,26409,1409,-133,4,1345,18.1,567,224,41,286927
Cpppp:139,Cpppp,139,26929,1929,895,1027,1865,18.2,563,224,41,313991
Cpppp:140,Cpppp,140,27369,2369,762,865,2318,18.2,562,227,41,301934
Cpppp:141,Cpppp,141,27557,2557,1273,1416,2507,19.0,560,222,37,244578
Cpppp:142,Cpppp,142,28878,3878,1370,1483,3836,19.0,556,222,41,282802
Cpppp:143,Cpppp,143,27450,2450,649,659,2396,20.0,559,220,41,259794
Cpppp:144,Cpppp,144,27218,2218,-138,-134,2156,20.0,555,217,41,262127
Cpppp:145,Cpppp,145,29003,4003,1142,1130,3956,19.0,558,211,41,264904
P3:25,P3,25,23857,-1143,432,394,-1143,14.0,572,298,55,583118
P3:26,P3,26,24186,-814,643,644,-814,16.3,590,300,64,922189
P3:27,P3,27,23954,-1046,-66,-85,-1046,18.3,600,297,65,1122970
P3:28,P3,28,23621,-1379,-391,-392,-1379,21.0,611,296,71,1534525
P3:29,P3,29,24348,-652,262,262,-652,20.9,614,299,70,1688131
P3:30,P3,30,23713,-1287,-470,-470,-1287,18.0,641,295,64,1660427
P3:31,P3,31,23471,-1529,-810,-810,-1529,17.9,647,283,61,1497329
P3:32,P3,32,23937,-1063,-364,-364,-1063,17.7,646,280,62,1462815
P3:33,P3,33,23418,-1582,-720,-720,-1582,16.8,643,276,63,1524675
P3:34,P3,34,23546,-1454,-732,-732,-1454,16.6,641,263,65,1614330
P3:35,P3,35,23627,-1373,-227,-227,-1373,15.0,641,255,65,1752822
P3:36,P3,36,23221,-1779,-782,-782,-1779,14.8,643,255,65,1725344
P3:37,P3,37,23396,-1604,-648,-648,-1604,15.7,651,251,63,1554301
P3:38,P3,38,23768,-1232,-210,-210,-1232,14.8,652,240,64,1804872
P3:39,P3,39,22995,-2005,-994,-994,-2005,14.9,653,222,65,1788113
P3:40,P3,40,23270,-1730,-796,-785,-1730,14.7,646,222,67,1769635
P3:41,P3,41,23796,-1204,-151,-157,-1204,15.9,649,236,67,1732316
P3:42,P3,42,24028,-972,128,132,-972,16.0,650,242,66,1744060
P3:43,P3,43,23544,-1456,-377,-376,-1456,16.8,647,245,62,1427915
P3:44,P3,44,23663,-1337,-137,-137,-1337,16.8,641,258,61,1059048
P3:45,P3,45,23399,-1601,-464,-476,-1601,17.1,634,271,56,871044
D:46,D,46,23665,-1335,-3,-62,-1333,16.2,651,237,55,607250
D:47,D,47,23727,-1273,-157,-161,-1273,16.9,651,238,56,669488
D:48,D,48,23148,-1852,-1063,-1063,-1852,17.6,657,247,57,777211
D:49,D,49,24182,-818,-260,-260,-818,17.9,661,242,58,949172
D:50,D,50,23921,-1079,-545,-545,-1079,17.7,667,242,59,974242
D:51,D,51,23569,-1431,-711,-711,-1431,17.5,670,250,60,1098861
D:52,D,52,23501,-1499,-640,-640,-1499,16.8,672,250,60,1160449
D:53,D,53,23689,-1311,-657,-656,-1311,17.0,671,251,60,934034
D:54,D,54,23339,-1661,-893,-893,-1661,17.6,664,257,60,864844
D:55,D,55,23312,-1688,-970,-970,-1688,17.7,660,260,60,853084
D:56,D,56,24029,-971,-425,-425,-971,16.8,662,264,60,899881
D:57,D,57,23503,-1497,-747,-747,-1497,18.7,653,262,61,828810
D:58,D,58,23807,-1193,-565,-577,-1193,18.9,650,267,61,878141
D:59,D,59,24223,-777,-133,-150,-777,19.7,651,271,61,846847
D:60,D,60,24009,-991,-178,-187,-991,18.6,647,272,61,846105
D:61,D,61,23744,-1256,-360,-365,-1256,17.8,648,272,60,866300
D:62,D,62,23692,-1308,-315,-316,-1308,18.0,650,274,59,786387
D:63,D,63,23367,-1633,-674,-677,-1633,17.8,650,265,58,789747
D:64,D,64,23921,-1079,-293,-294,-1076,17.2,653,260,61,934843
D:65,D,65,23574,-1426,-346,-351,-1421,17.1,652,259,59,846812
D:66,D,66,23080,-1920,-828,-825,-1919,17.2,648,255,58,839716
D:67,D,67,22900,-2100,-1059,-1072,-2098,16.4,643,262,58,781858
D:68,D,68,23735,-1265,-74,-88,-1265,17.1,623,268,58,740332
D:69,D,69,23803,-1197,71,69,-1197,18.0,613,277,58,723338
D:70,D,70,23305,-1695,-479,-481,-1695,16.5,612,275,54,431697
D:71,D,71,23565,-1435,-164,-164,-1435,17.9,600,293,52,441121
Da:72,Da,72,23860,-1140,30,29,-1119,16.1,593,313,53,344220
Da:73,Da,73,23297,-1703,-592,-592,-1702,15.8,589,323,53,370007
Da:74,Da,74,22979,-2021,-738,-738,-2021,14.9,587,325,53,413352
Da:75,Da,75,23528,-1472,-490,-490,-1472,14.1,589,333,54,482789
Da:76,Da,76,23177,-1823,-925,-925,-1823,13.1,584,345,54,524279
Da:77,Da,77,23748,-1252,-605,-605,-1252,13.1,580,345,54,541233
Da:78,Da,78,23590,-1410,-707,-707,-1410,13.2,576,350,54,566598
Da:79,Da,79,23213,-1787,-749,-749,-1787,13.8,579,344,54,567945
Da:80,Da,80,23799,-1201,-404,-404,-1201,14.2,584,342,55,447063
Da:81,Da,81,23513,-1487,-552,-559,-1486,14.2,578,341,55,463678
Da:82,Da,82,24304,-696,170,171,-696,14.9,568,350,55,462201
Da:83,Da,83,23174,-1826,-792,-792,-1826,15.2,571,346,54,454648
Da:84,Da,84,23199,-1801,-1078,-1078,-1800,15.4,569,350,55,439581
Da:85,Da,85,23169,-1831,-618,-592,-1821,16.2,557,341,54,443452
Da:86,Da,86,23526,-1474,-911,-911,-1473,17.0,569,340,52,404683
Da:87,Da,87,23108,-1892,-816,-816,-1892,17.2,566,341,50,344964
Da:88,Da,88,23456,-1544,-529,-529,-1544,18.0,565,336,48,316677
Da:89,Da,89,24192,-808,204,204,-803,17.2,563,343,48,339455
Da:90,Da,90,23379,-1621,-599,-599,-1610,18.2,562,340,48,346403
Da:91,Da,91,24082,-918,-93,-93,-902,18.2,548,346,49,320772
Da:92,Da,92,23350,-1650,-812,-812,-1618,19.0,534,351,49,333916
Da:93,Da,93,23577,-1423,-820,-820,-1400,19.2,527,347,49,334950
Da:94,Da,94,22907,-2093,-1182,-1182,-2083,20.0,525,349,49,321064
Da:95,Da,95,23244,-1756,-1144,-1144,-1752,19.3,517,349,50,358284
Da:96,Da,96,23992,-1008,-777,-776,-1010,20.1,518,341,50,367175
Da:97,Da,97,24821,-179,471,471,-179,21.0,512,346,50,397466
Da:98,Da,98,23914,-1086,-353,-351,-1086,20.2,521,351,50,420026
Da:99,Da,99,23688,-1312,-594,-594,-1312,20.0,516,355,50,429250
Da:100,Da,100,23639,-1361,-1256,-1256,-1361,19.1,507,355,50,370070
Da:101,Da,101,24414,-586,-529,-529,-586,20.1,521,350,50,371319
Da:102,Da,102,24833,-167,-5,-5,-167,20.0,524,344,50,387205
Da:103,Da,103,24082,-918,-535,-535,-914,19.1,520,347,50,386818
Da:104,Da,104,24124,-876,-581,-581,-875,19.1,506,345,50,372785
Da:105,Da,105,24205,-795,-646,-646,-795,20.0,505,343,50,376233
Da:106,Da,106,24614,-386,-57,-57,-386,19.1,497,340,44,194229
Daa:107,Daa,107,25501,501,1104,1234,365,21.6,479,337,40,194229
Daa:108,Daa,108,25727,727,1150,1150,727,24.0,460,333,36,0
Daa:109,Daa,109,24851,-149,-219,-219,-147,23.3,453,327,36,0
Daa:110,Daa,110,25699,699,808,808,694,22.7,445,321,36,0
Daa:111,Daa,111,25040,40,-375,-375,40,22.0,437,314,36,0
Daa:112,Daa,112,25111,111,-141,-141,111,22.0,447,299,36,0
Daa:113,Daa,113,25066,66,235,235,66,21.6,447,299,33,0
Daa:114,Daa,114,24414,-586,-616,-616,-586,21.2,446,299,34,0
Daa:115,Daa,115,26347,1347,1143,1143,1347,20.9,446,299,35,0
Daa:116,Daa,116,26285,1285,803,803,1285,20.5,445,299,36,0
Daa:117,Daa,117,26515,1515,932,940,1500,20.1,444,300,38,143066
Daa:118,Daa,118,25658,658,7,-10,659,20.0,440,303,39,136320
Daa:119,Daa,119,25128,128,-331,-358,130,20.1,433,303,39,142935
Daa:120,Daa,120,25878,878,170,169,879,19.9,433,303,38,142935
Daa:121,Daa,121,25557,557,-454,-454,556,19.7,433,302,37,142935
Daa:122,Daa,122,25333,333,-688,-688,331,19.6,433,301,36,142935
Daa:123,Daa,123,27040,2040,115,127,2036,19.4,433,300,35,142935
Daa:124,Daa,124,24757,-243,-1768,-1781,-253,19.2,433,299,34,142935
Daa:125,Daa,125,27540,2540,1620,1620,2540,19.0,432,298,32,0
Daa:126,Daa,126,25301,301,-838,-854,310,18.9,431,298,37,115866
Daa:127,Daa,127,27154,2154,58,42,2152,18.1,424,297,37,113385
Daa:128,Daa,128,26223,1223,-449,-413,1206,18.0,424,296,37,118907
Daa:129,Daa,129,25854,854,-1172,-1181,780,18.0,424,296,37,118907
Daa:130,Daa,130,26829,1829,-438,-438,1823,17.0,429,298,37,123267
Daa:131,Daa,131,26504,1504,-1367,-1367,1480,17.0,420,299,37,119922
Daa:132,Daa,132,28214,3214,-190,-190,3189,17.1,408,301,39,142424
Daa:133,Daa,133,28183,3183,-253,-284,3096,17.0,402,302,37,136567
Daa:134,Daa,134,26117,1117,-1131,-1463,1317,18.0,393,303,26,50450
Daa:135,Daa,135,27001,2001,-793,-803,885,18.0,395,306,37,137206
Daa:136,Daa,136,29204,4204,-1871,-2009,3105,16.1,393,304,41,164961
Daa:137,Daa,137,26779,1779,-961,-948,1596,17.9,389,306,37,151398
Daa:138,Daa,138,27988,2988,-127,-147,2893,17.2,392,311,41,192301
Daa:139,Daa,139,27010,2010,-1117,-950,1933,17.1,390,307,41,200604
Daa:140,Daa,140,27466,2466,-1245,-1044,2371,17.1,390,312,41,203307
Daa:141,Daa,141,27761,2761,-475,91,2462,17.2,386,312,41,217917
Daa:142,Daa,142,28442,3442,-391,275,3040,17.1,388,309,41,230449
Daa:143,Daa,143,28287,3287,-745,-246,2869,16.2,386,309,41,229158
Daa:144,Daa,144,27836,2836,-1524,-1201,2329,16.1,390,315,41,244312
Daa:145,Daa,145,28165,3165,-1174,-1401,2624,15.2,397,317,41,257888
Dap:107,Dap,107,26395,1395,1597,1694,1367,20.0,509,342,30,79768
Dap:108,Dap,108,24554,-446,-143,-128,-468,19.2,530,338,32,95707
Dap:109,Dap,109,24942,-58,222,222,-86,20.1,540,332,34,113963
Dap:110,Dap,110,24245,-755,-1151,-984,-883,20.1,544,330,46,265709
Dap:111,Dap,111,25146,146,-1130,-484,-247,20.1,542,325,49,312727
Dap:112,Dap,112,25362,362,-457,-245,144,20.1,542,325,49,312727
Dap:113,Dap,113,25647,647,924,926,579,22.1,560,313,29,81299
Dap:114,Dap,114,24838,-162,-739,-737,-169,22.0,552,318,44,259534
Dap:115,Dap,115,24914,-86,-393,-396,-115,21.1,560,311,43,232376
Dap:116,Dap,116,24669,-331,-1290,-1235,-331,20.1,553,304,43,216047
Dap:117,Dap,117,25961,961,-140,-20,880,19.1,548,303,42,216383
Dap:118,Dap,118,25864,864,-326,-201,679,19.1,549,292,41,190751
Dap:119,Dap,119,26056,1056,-1248,-889,179,20.1,542,281,41,206926
Dap:120,Dap,120,24775,-225,-1193,-1193,-439,20.1,535,289,39,146231
Dap:121,Dap,121,26161,1161,-145,-145,1087,20.0,533,286,37,127253
Dap:122,Dap,122,25952,952,-211,-205,917,19.0,542,285,41,173168
Dap:123,Dap,123,25811,811,-241,-246,707,21.0,530,271,37,128139
Dap:124,Dap,124,26145,1145,-562,-619,1093,18.2,529,278,41,156927
Dap:125,Dap,125,26262,1262,-1178,-1189,1200,17.1,527,287,41,196740
Dap:126,Dap,126,26323,1323,-1200,-1285,1349,16.2,523,288,41,186360
Dap:127,Dap,127,26530,1530,-421,-450,1463,17.0,519,282,41,204388
Dap:128,Dap,128,27098,2098,-778,-780,2077,17.0,518,283,41,198187
Dap:129,Dap,129,28694,3694,-1184,-1184,1870,16.1,510,281,41,181391
Dap:130,Dap,130,29579,4579,-1432,-1432,2716,16.1,509,274,41,210067
Dap:131,Dap,131,29657,4657,-976,-976,4203,17.1,504,269,41,180119
Dap:132,Dap,132,38280,13280,566,566,4451,15.0,493,278,41,180131
Dap:133,Dap,133,28752,3752,-885,-885,3759,17.0,481,282,37,138375
Dap:134,Dap,134,28706,3706,-105,-106,3708,17.0,475,285,37,142084
Dap:135,Dap,135,28493,3493,-450,-450,3457,17.0,474,285,39,165642
Dap:136,Dap,136,29263,4263,264,264,4196,16.1,465,287,41,184127
Dap:137,Dap,137,30312,5312,2786,2551,6808,18.0,459,287,26,56150
Dap:138,Dap,138,27728,2728,-95,-95,2679,17.0,455,294,39,173215
Dap:139,Dap,139,28561,3561,-198,-216,3360,15.2,445,297,41,181553
Dap:140,Dap,140,29456,4456,637,628,4056,15.0,441,302,41,207489
Dap:141,Dap,141,30834,5834,44,40,4118,14.2,441,304,41,214810
Dap:142,Dap,142,29660,4660,-242,-317,4623,15.0,433,307,37,159138
Dapa:143,Dapa,143,30785,5785,1445,1440,4776,14.2,430,312,26,49292
Dapa:144,Dapa,144,29959,4959,1353,1161,4812,15.0,431,322,37,141531
Dapa:145,Dapa,145,29163,4163,1115,1117,3920,14.8,437,322,37,140595
Dapp:143,Dapp,143,27843,2843,-965,-965,2709,15.0,467,295,26,55765
Dapp:144,Dapp,144,30570,5570,1135,1146,5477,16.0,487,293,37,138613
Dapp:145,Dapp,145,31541,6541,3062,3062,6478,17.0,498,295,24,35136
Dp:72,Dp,72,23806,-1194,-102,-185,-1133,20.1,606,287,39,172744
Dp:73,Dp,73,24117,-883,632,632,-880,21.2,602,278,37,127071
Dp:74,Dp,74,23735,-1265,-255,-258,-1264,22.0,601,270,53,334625
Dp:75,Dp,75,23113,-1887,-1086,-1086,-1875,21.0,606,255,40,169244
Dp:76,Dp,76,23977,-1023,31,23,-1023,22.0,612,254,58,472959
Dp:77,Dp,77,23323,-1677,-341,-341,-1677,24.0,607,235,40,177591
Dp:78,Dp,78,23718,-1282,-396,-371,-1279,24.0,607,235,40,177591
Dp:79,Dp,79,23727,-1273,-151,-170,-1272,22.1,597,249,56,458131
Dp:80,Dp,80,24520,-480,936,936,-480,23.0,594,244,36,113261
Dp:81,Dp,81,23972,-1028,-313,-313,-1022,21.0,601,254,36,111714
Dp:82,Dp,82,23730,-1270,237,237,-1270,22.0,594,260,36,116443
Dp:83,Dp,83,23369,-1631,-633,-633,-1628,22.0,594,260,36,116443
Dp:84,Dp,84,23986,-1014,121,118,-1005,20.9,600,256,53,334468
Dp:85,Dp,85,23906,-1094,45,55,-1078,20.9,600,256,53,334468
Dp:86,Dp,86,23511,-1489,-152,-157,-1483,22.0,601,247,36,133106
Dp:87,Dp,87,24616,-384,1149,1108,-375,22.0,601,247,36,133106
Dp:88,Dp,88,23387,-1613,-409,-432,-1609,21.0,596,255,44,194045
Dp:89,Dp,89,23987,-1013,309,333,-1005,20.1,591,266,44,192272
Dp:90,Dp,90,23143,-1857,-828,-838,-1820,20.1,591,266,44,192272
Dp:91,Dp,91,23657,-1343,-231,-231,-1340,21.0,586,255,32,89155
Dp:92,Dp,92,23811,-1189,-101,-124,-1188,21.0,575,260,45,199017
Dp:93,Dp,93,22935,-2065,-1039,-1039,-2064,21.1,581,260,34,110080
Dp:94,Dp,94,23505,-1495,-311,-318,-1494,20.2,584,268,47,255944
Dp:95,Dp,95,23364,-1636,-684,-688,-1634,21.9,580,271,46,268096
Dp:96,Dp,96,23328,-1672,-808,-833,-1670,20.2,583,264,50,343642
Dp:97,Dp,97,23735,-1265,-302,-355,-1262,21.0,572,262,48,305957
Dp:98,Dp,98,24046,-954,106,58,-954,21.2,579,262,48,286841
Dp:99,Dp,99,23715,-1285,-190,-211,-1283,21.1,569,253,48,295214
Dp:100,Dp,100,23533,-1467,-935,-935,-1467,22.0,563,251,32,87217
Dp:101,Dp,101,24034,-966,-466,-463,-966,22.0,568,244,46,245318
Dp:102,Dp,102,24609,-391,118,118,-391,20.9,575,242,46,242429
Dp:103,Dp,103,24087,-913,-466,-466,-913,21.0,571,240,46,254434
Dp:104,Dp,104,23441,-1559,-978,-978,-1558,21.0,569,243,46,248676
Dp:105,Dp,105,23760,-1240,-540,-540,-1240,20.1,562,242,34,104961
Dp:106,Dp,106,24159,-841,-571,-571,-839,20.0,583,264,34,108254
Dpa:107,Dpa,107,23628,-1372,-1047,-1050,-1369,21.9,557,212,30,72592
Dpa:108,Dpa,108,23999,-1001,-357,-357,-997,22.0,546,209,32,84346
Dpa:109,Dpa,109,23359,-1641,-1286,-1287,-1638,20.1,543,194,34,105763
Dpa:110,Dpa,110,24175,-825,-392,-409,-825,19.2,545,191,34,103954
Dpa:111,Dpa,111,24198,-802,-198,-211,-802,20.0,541,184,45,189982
Dpa:112,Dpa,112,24840,-160,469,495,-155,19.2,545,193,31,77277
Dpa:113,Dpa,113,24658,-342,283,290,-341,18.2,555,186,43,179221
Dpa:114,Dpa,114,25373,373,759,723,370,19.0,554,187,40,169194
Dpa:115,Dpa,115,24199,-801,-22,-15,-788,20.1,546,191,28,63090
Dpa:116,Dpa,116,24431,-569,-124,-124,-584,19.1,538,187,28,71813
Dpa:117,Dpa,117,24075,-925,50,33,-937,18.1,533,183,27,50978
Dpa:118,Dpa,118,23544,-1456,-1085,-1061,-1460,19.0,524,171,39,155071
Dpa:119,Dpa,119,24022,-978,-705,-681,-985,18.1,517,175,41,166709
Dpa:120,Dpa,120,25364,364,670,670,357,18.1,517,175,41,166709
Dpa:121,Dpa,121,25156,156,302,302,159,18.1,504,172,39,141474
Dpa:122,Dpa,122,23919,-1081,-1081,-1082,-1080,18.1,487,170,41,156475
Dpa:123,Dpa,123,23882,-1118,-693,-694,-1118,18.0,492,171,41,168315
Dpa:124,Dpa,124,23808,-1192,-1675,-1685,-1192,17.1,492,170,39,144575
Dpa:125,Dpa,125,24974,-26,-252,-255,-20,19.0,490,173,26,44346
Dpa:126,Dpa,126,24820,-180,-217,-187,-174,19.0,484,169,41,160365
Dpa:127,Dpa,127,25686,686,651,649,687,18.0,474,164,41,179827
Dpa:128,Dpa,128,24862,-138,-285,-323,-137,17.2,468,163,41,174715
Dpa:129,Dpa,129,25329,329,51,38,312,18.0,464,165,37,144590
Dpa:130,Dpa,130,24988,-12,-507,-492,-29,17.2,459,164,41,160631
Dpa:131,Dpa,131,25127,127,-860,-885,122,18.0,442,161,41,184746
Dpa:132,Dpa,132,25935,935,-849,-847,692,18.1,441,166,41,176115
Dpa:133,Dpa,133,26707,1707,521,431,1565,18.1,437,159,41,189718
Dpa:134,Dpa,134,26262,1262,-692,-743,1246,18.2,421,159,41,185795
Dpa:135,Dpa,135,26754,1754,313,280,1728,19.0,425,166,37,146695
Dpa:136,Dpa,136,26134,1134,-539,-506,1037,18.0,420,168,41,170641
Dpa:137,Dpa,137,26622,1622,187,162,1591,18.9,415,166,37,142541
Dpa:138,Dpa,138,26887,1887,583,580,1880,18.0,408,163,41,191322
Dpa:139,Dpa,139,27172,2172,148,145,2143,18.1,407,163,41,211792
Dpa:140,Dpa,140,26756,1756,-653,-676,1713,17.2,408,162,41,220087
Dpa:141,Dpa,141,26578,1578,-1713,-1657,1258,18.0,397,161,41,231170
Dpa:142,Dpa,142,29776,4776,-3553,-2993,3964,16.1,393,159,41,256653
Dpa:143,Dpa,143,27961,2961,-2310,-2263,2208,16.1,395,153,41,249970
Dpa:144,Dpa,144,26018,1018,-3933,-3816,104,14.2,398,150,39,243487
Dpa:145,Dpa,145,28208,3208,900,774,2944,15.0,394,143,37,244724
Dpp:107,Dpp,107,24606,-394,264,264,-393,21.0,581,276,30,86371
Dpp:108,Dpp,108,24404,-596,-534,-534,-595,22.1,586,275,46,245185
Dpp:109,Dpp,109,23896,-1104,-935,-937,-1103,22.1,598,278,46,256569
Dpp:110,Dpp,110,24372,-628,-331,-331,-628,23.0,598,282,48,316716
Dpp:111,Dpp,111,25520,520,756,756,517,24.0,590,280,34,120817
Dpp:112,Dpp,112,25834,834,252,237,738,22.1,592,281,31,89685
Dpp:113,Dpp,113,25472,472,468,463,413,22.1,592,281,31,89685
Dpp:114,Dpp,114,24498,-502,-656,-648,-514,22.1,590,276,28,85777
Dpp:115,Dpp,115,25951,951,356,411,965,22.1,590,276,28,85777
Dpp:116,Dpp,116,26101,1101,-262,-372,860,21.0,582,260,43,229244
Dpp:117,Dpp,117,26270,1270,126,174,542,21.1,571,251,42,229375
Dpp:118,Dpp,118,25739,739,-620,-607,48,21.1,561,229,41,186113
Dpp:119,Dpp,119,26052,1052,679,723,890,21.0,561,230,41,179633
Dpp:120,Dpp,120,25038,38,-1192,-1192,-12,21.0,549,228,37,120621
Dpp:121,Dpp,121,25081,81,-111,-125,73,20.1,557,223,39,145640
Dpp:122,Dpp,122,24432,-568,-870,-869,-621,19.1,553,222,39,141532
Dpp:123,Dpp,123,25111,111,-681,-633,12,18.0,554,228,41,174381
Dpp:124,Dpp,124,24744,-256,-1050,-1038,-313,18.0,558,230,41,176276
Dpp:125,Dpp,125,24599,-401,-2519,-2265,-601,16.2,552,231,41,182997
Dpp:126,Dpp,126,25784,784,-1312,-273,504,15.1,549,224,41,191699
Dpp:127,Dpp,127,25298,298,-3430,-3018,37,15.2,540,225,41,186312
Dpp:128,Dpp,128,27109,2109,-1714,-1714,1757,16.0,535,220,41,201819
Dpp:129,Dpp,129,32028,7028,122,370,5253,16.1,525,210,41,205512
Dpp:130,Dpp,130,28318,3318,-3779,-2791,2804,15.1,516,202,41,210525
Dpp:131,Dpp,131,35447,10447,-368,4386,3645,15.1,507,206,41,224515
Dpp:132,Dpp,132,34466,9466,-1615,1071,2131,15.1,493,202,41,223814
Dpp:133,Dpp,133,29613,4613,-2049,-1460,2591,15.2,486,188,41,216988
Dpp:134,Dpp,134,27136,2136,-2099,-2099,1931,15.0,478,181,41,235455
Dpp:135,Dpp,135,27677,2677,-2032,-2045,2390,15.1,472,185,41,226729
Dpp:136,Dpp,136,27497,2497,-1013,-1013,2319,15.1,468,176,41,232594
Dpp:137,Dpp,137,26380,1380,-1505,-1505,1269,14.0,455,169,41,238422
Dpp:138,Dpp,138,25193,193,-2655,-2655,-3,13.2,450,168,41,225305
Dpp:139,Dpp,139,27125,2125,-682,-585,1885,13.1,447,169,41,266562
Dpp:140,Dpp,140,25771,771,-796,-796,693,12.4,439,161,39,193208
Dpp:141,Dpp,141,26013,1013,-687,-687,865,13.2,439,158,39,201780
Dppa:142,Dppa,142,26361,1361,393,421,1203,14.1,428,144,37,159254
Dppa:143,Dppa,143,26379,1379,5,-40,1149,14.1,429,144,37,170891
Dppa:144,Dppa,144,25800,800,86,150,604,13.1,432,146,26,70338
Dppa:145,Dppa,145,28143,3143,1925,1959,2825,13.0,428,149,26,77446
Dppp:142,Dppp,142,26260,1260,-821,-840,1211,13.1,461,165,37,169440
Dppp:143,Dppp,143,28143,3143,-134,-167,2866,14.9,484,170,37,182458
Dppp:144,Dppp,144,28620,3620,-653,-656,3493,15.0,493,168,37,183591
Dppp:145,Dppp,145,27728,2728,-3302,-3298,1973,15.2,492,163,39,184259
P4:46,P4,46,23337,-1663,-670,-690,-1661,18.1,624,287,55,561755
P4:47,P4,47,23762,-1238,-90,-86,-1238,18.9,603,304,56,620629
P4:48,P4,48,23928,-1072,-342,-311,-1072,19.3,602,308,55,596604
P4:49,P4,49,24170,-830,-127,-140,-830,18.8,604,319,58,821441
P4:50,P4,50,24442,-558,51,49,-558,19.8,596,325,59,815035
P4:51,P4,51,23520,-1480,-799,-778,-1480,19.2,590,331,58,857943
P4:52,P4,52,23575,-1425,-756,-763,-1425,19.7,589,331,60,890011
P4:53,P4,53,23340,-1660,-920,-940,-1660,17.5,593,336,56,645930
P4:54,P4,54,23801,-1199,-370,-419,-1199,17.5,594,333,54,581998
P4:55,P4,55,23143,-1857,-1265,-1296,-1857,18.3,594,330,56,642872
P4:56,P4,56,23988,-1012,-138,-140,-1012,18.3,594,331,58,730330
P4:57,P4,57,23664,-1336,-548,-557,-1336,19.3,587,329,57,631534
P4:58,P4,58,23301,-1699,-905,-895,-1699,20.1,586,325,59,668083
P4:59,P4,59,23434,-1566,-558,-579,-1566,20.2,583,324,59,619354
P4:60,P4,60,24056,-944,100,96,-944,20.9,585,321,61,676768
P4:61,P4,61,24070,-930,44,45,-930,22.7,586,311,60,599577
P4:62,P4,62,23405,-1595,-651,-650,-1595,22.9,585,307,59,576088
P4:63,P4,63,23913,-1087,-269,-256,-1087,22.8,594,304,58,579852
P4:64,P4,64,23602,-1398,-772,-772,-1398,22.1,596,307,57,589528
P4:65,P4,65,23391,-1609,-441,-441,-1609,22.0,591,311,53,473302
P4:66,P4,66,23937,-1063,-250,-250,-1063,21.2,592,316,54,530795
P4:67,P4,67,23521,-1479,-529,-529,-1479,22.0,582,320,54,490736
P4:68,P4,68,23707,-1293,-338,-338,-1293,22.0,566,319,52,442084
P4:69,P4,69,23389,-1611,-669,-669,-1611,21.0,548,327,52,440854
P4:70,P4,70,23748,-1252,-440,-440,-1252,21.9,537,320,52,396258
P4:71,P4,71,23912,-1088,99,99,-1088,21.1,529,323,52,375155
P4:72,P4,72,23654,-1346,141,141,-1346,21.9,517,320,53,356988
P4:73,P4,73,23261,-1739,-555,-555,-1739,21.9,524,320,53,358755
P4:74,P4,74,23632,-1368,-375,-371,-1367,22.0,538,320,55,406693
P4:75,P4,75,23064,-1936,-716,-716,-1936,21.9,540,309,54,384351
P4:76,P4,76,24020,-980,77,77,-980,21.9,547,317,54,412636
P4:77,P4,77,23475,-1525,-396,-396,-1525,21.2,544,320,56,453017
P4:78,P4,78,23707,-1293,-384,-384,-1293,21.2,537,328,56,463714
P4:79,P4,79,23598,-1402,-298,-298,-1401,21.3,539,328,58,504195
P4:80,P4,80,22610,-2390,-1229,-1229,-2389,21.0,541,330,36,113904
P4:81,P4,81,23298,-1702,-516,-516,-1702,21.0,541,330,36,113904
P4:82,P4,82,24046,-954,-18,-18,-947,21.0,539,334,38,130310
P4:83,P4,83,23344,-1656,-703,-703,-1654,22.0,541,325,38,128871
P4:84,P4,84,24025,-975,130,130,-973,22.0,535,324,38,128871
P4:85,P4,85,23318,-1682,-584,-584,-1669,22.0,528,323,38,128871
P4:86,P4,86,23297,-1703,-955,-955,-1701,22.0,522,322,37,128871
P4:87,P4,87,23552,-1448,-792,-792,-1451,22.0,515,321,37,128871
P4:88,P4,88,24869,-131,661,661,-142,22.0,508,320,36,0
P4:89,P4,89,23542,-1458,-401,-401,-1458,22.0,500,319,36,0
P4:90,P4,90,23575,-1425,-899,-899,-1425,22.0,492,317,36,0
P4:91,P4,91,23772,-1228,-533,-533,-1250,22.0,484,315,36,0
P4:92,P4,92,23226,-1774,-1720,-1720,-1911,22.0,476,313,36,0
P4:93,P4,93,24972,-28,240,240,-43,22.0,468,311,36,0
P4:94,P4,94,23254,-1746,-782,-782,-1750,22.0,460,309,36,0
P4:95,P4,95,24379,-621,282,282,-623,21.0,459,307,41,0
P4:96,P4,96,24325,-675,-460,-467,-678,20.0,457,305,46,235461
P4:97,P4,97,24112,-888,-532,-532,-940,20.0,457,301,30,75804
P4:98,P4,98,24367,-633,-290,-316,-663,19.9,465,309,46,245491
P4:99,P4,99,24917,-83,433,433,-83,20.0,450,305,34,97099
P4:100,P4,100,25219,219,164,164,194,20.7,452,305,34,97099
P4:101,P4,101,25034,34,-339,-327,25,21.3,454,304,35,97099
P4:102,P4,102,25743,743,814,814,742,22.0,456,303,36,0
Z2:103,Z2,103,26044,1044,274,282,977,22.0,482,283,36,0
Z3:103,Z3,103,25699,699,699,695,695,22.5,435,308,36,0
Z3:104,Z3,104,23920,-1080,-953,-944,-1088,23.0,414,313,36,0
