cellTime,cell,time,none,global,local,blot,cross,z,x,y,size,gweight
ABa:13,ABa,13,29374,4374,-1896,-1896,4374,13.6,190,305,63,1298644
ABal:14,ABal,14,29549,4549,-2625,-2641,4548,11.3,193,336,51,626380
ABal:15,ABal,15,29349,4349,-1517,-1517,4349,14.2,192,371,42,326327
ABal:16,ABal,16,29181,4181,-3486,-3486,4181,14.2,199,384,55,724268
ABal:17,ABal,17,28756,3756,-3701,-3701,3756,11.5,185,396,59,955759
ABal:18,ABal,18,29049,4049,-2855,-2855,4049,11.2,176,395,57,1014595
ABal:19,ABal,19,28958,3958,-2805,-2805,3958,13.4,171,395,57,1163377
ABal:20,ABal,20,28807,3807,-1875,-1875,3807,14.4,151,387,59,1445344
ABal:21,ABal,21,29051,4051,-1959,-1959,4051,16.9,156,367,54,873917
ABala:22,ABala,22,29800,4800,-2944,-3025,4796,12.9,150,339,55,717677
ABala:23,ABala,23,29869,4869,-2400,-2399,4869,15.0,160,373,55,682399
ABala:24,ABala,24,29334,4334,-2364,-2364,4334,17.7,152,375,62,1018200
ABala:25,ABala,25,29450,4450,-2395,-2395,4450,17.6,144,355,63,1248919
ABala:26,ABala,26,29452,4452,-2618,-2618,4452,18.0,138,329,63,1473437
ABala:27,ABala,27,29143,4143,-3127,-3127,4143,17.5,134,323,65,1805213
ABala:28,ABala,28,29711,4711,-2327,-2327,4711,17.3,131,314,65,1851383
ABala:29,ABala,29,28923,3923,-3171,-3171,3923,17.5,142,297,64,1844067
ABala:30,ABala,30,29567,4567,-2468,-2468,4567,17.8,145,292,68,1415268
ABala:31,ABala,31,29768,4768,-2713,-2713,4768,15.8,135,295,61,932519
ABalaa:32,ABalaa,32,30862,5862,-591,-469,5840,15.9,111,280,60,928133
ABalaa:33,ABalaa,33,32123,7123,581,585,7123,16.0,117,273,59,919469
ABalaa:34,ABalaa,34,31942,6942,1090,1090,6942,16.8,108,280,59,958064
ABalaa:35,ABalaa,35,32687,7687,1308,1308,7687,18.9,117,288,58,1067589
ABalaa:36,ABalaa,36,33174,8174,1923,1923,8174,18.7,115,293,58,1144617
ABalaa:37,ABalaa,37,33611,8611,2152,2132,8611,17.9,117,291,58,1200522
ABalaa:38,ABalaa,38,34250,9250,2699,2706,9250,17.9,119,275,58,1255614
ABalaa:39,ABalaa,39,36485,11485,4697,4693,11484,16.8,114,277,58,1270845
ABalaa:40,ABalaa,40,36610,11610,4068,4071,11610,16.0,122,266,58,1321108
ABalaa:41,ABalaa,41,38031,13031,5538,5536,13031,15.8,113,268,58,1299815
ABalaa:42,ABalaa,42,37828,12828,5316,5316,12828,15.7,112,271,58,1329920
ABalaa:43,ABalaa,43,37470,12470,4803,4806,12469,14.7,115,274,58,1366160
ABalaa:44,ABalaa,44,31946,6946,-936,-955,6944,14.8,110,274,58,1100004
ABalaaa:45,ABalaaa,45,33000,8000,1186,1288,7969,15.6,104,278,57,770580
ABalaaa:46,ABalaaa,46,36178,11178,5053,5217,11161,15.3,101,282,54,559446
ABalaaa:47,ABalaaa,47,39176,14176,8306,8323,14163,14.8,96,290,55,645396
ABalaaa:48,ABalaaa,48,39653,14653,8518,8928,14547,14.1,101,274,54,726500
ABalaaa:49,ABalaaa,49,38334,13334,6795,7103,13117,16.1,104,266,53,675841
ABalaaa:50,ABalaaa,50,39591,14591,7928,8019,14374,15.8,103,263,52,731840
ABalaaa:51,ABalaaa,51,37491,12491,5415,5635,12408,14.9,101,277,52,732111
ABalaaa:52,ABalaaa,52,39036,14036,6949,6947,13998,14.0,104,266,51,699896
ABalaaa:53,ABalaaa,53,36847,11847,4274,4395,11740,14.0,104,265,51,710763
ABalaaa:54,ABalaaa,54,36996,11996,4952,5032,11909,14.0,107,268,52,776250
ABalaaa:55,ABalaaa,55,35266,10266,3491,3603,10163,15.0,106,261,52,807843
ABalaaa:56,ABalaaa,56,35024,10024,3454,3594,9957,14.2,107,258,52,792013
ABalaaa:57,ABalaaa,57,34908,9908,3480,3533,9839,14.9,114,241,52,829463
ABalaaa:58,ABalaaa,58,33693,8693,2389,2414,8577,14.2,108,250,52,821464
ABalaaa:59,ABalaaa,59,32952,7952,1888,1921,7916,15.9,111,250,51,804693
ABalaaa:60,ABalaaa,60,31637,6637,541,586,6588,17.0,118,251,49,707324
ABalaaa:61,ABalaaa,61,30679,5679,-315,-353,5419,16.0,109,278,47,567349
ABalaaaa:62,ABalaaaa,62,30399,5399,-214,-138,4447,17.9,109,288,43,372095
ABalaaaa:63,ABalaaaa,63,30473,5473,165,172,5187,18.1,103,296,43,349909
ABalaaaa:64,ABalaaaa,64,31779,6779,2303,2328,6686,18.0,100,285,43,347038
ABalaaaa:65,ABalaaaa,65,31085,6085,1653,1661,5946,18.0,103,284,43,361617
ABalaaaa:66,ABalaaaa,66,30774,5774,1209,1230,5640,17.9,96,280,43,293900
ABalaaaa:67,ABalaaaa,67,29968,4968,23,91,4751,16.0,95,294,43,326573
ABalaaaa:68,ABalaaaa,68,30802,5802,370,622,5446,16.0,97,300,43,350885
ABalaaaa:69,ABalaaaa,69,30578,5578,594,695,5128,15.1,96,296,43,368812
ABalaaaa:70,ABalaaaa,70,29889,4889,-591,-589,4330,14.9,95,281,43,377166
ABalaaaa:71,ABalaaaa,71,31061,6061,1012,901,5546,14.0,96,279,43,403760
ABalaaaa:72,ABalaaaa,72,28983,3983,-1278,-1414,3568,12.0,94,280,43,405741
ABalaaaa:73,ABalaaaa,73,30296,5296,40,122,5015,12.1,97,298,43,394882
ABalaaaa:74,ABalaaaa,74,30304,5304,-258,-104,4978,12.1,103,301,43,432041
ABalaaaa:75,ABalaaaa,75,30349,5349,-537,-575,4916,11.8,112,310,43,427844
ABalaaaa:76,ABalaaaa,76,30192,5192,-573,-581,4981,10.9,115,309,43,457881
ABalaaaa:77,ABalaaaa,77,31443,6443,258,52,5645,10.8,105,307,43,475000
ABalaaaa:78,ABalaaaa,78,29977,4977,-1446,-1578,4061,10.1,108,295,43,497206
ABalaaaa:79,ABalaaaa,79,29084,4084,-1696,-1760,3658,10.2,102,285,43,511886
ABalaaaa:80,ABalaaaa,80,29212,4212,-1988,-2236,3709,10.0,107,291,42,506233
ABalaaaa:81,ABalaaaa,81,29165,4165,-1580,-1662,3866,11.0,95,307,40,372022
ABalaaaa:82,ABalaaaa,82,29128,4128,-650,-672,3580,13.2,91,312,41,389604
ABalaaaa:83,ABalaaaa,83,29234,4234,-1188,-1318,3040,15.1,102,316,39,400940
ABalaaaa:84,ABalaaaa,84,29163,4163,-1416,-1475,2493,14.2,109,323,39,361240
ABalaaaa:85,ABalaaaa,85,29199,4199,-1771,-1873,2441,15.0,108,325,36,351736
ABalaaaal:86,ABalaaaal,86,30252,5252,-77,-16,4253,13.1,117,355,34,227450
ABalaaaal:87,ABalaaaal,87,31366,6366,873,864,5288,13.2,124,358,36,267379
ABalaaaal:88,ABalaaaal,88,30021,5021,-601,-656,3833,13.1,135,358,34,244284
ABalaaaal:89,ABalaaaal,89,30049,5049,33,-28,4414,12.0,135,374,34,253241
ABalaaaal:90,ABalaaaal,90,29885,4885,-416,-463,4163,12.1,130,382,34,248687
ABalaaaal:91,ABalaaaal,91,29339,4339,-1392,-1398,3874,13.0,133,386,34,262338
ABalaaaal:92,ABalaaaal,92,29376,4376,-860,-775,3440,13.3,141,393,38,318784
ABalaaaal:93,ABalaaaal,93,29378,4378,-1159,-1166,3077,14.0,135,386,34,276606
ABalaaaal:94,ABalaaaal,94,30524,5524,-386,-459,4538,14.3,135,377,38,353830
ABalaaaal:95,ABalaaaal,95,29686,4686,-438,-520,4167,14.2,131,391,38,372428
ABalaaaal:96,ABalaaaal,96,29856,4856,-469,-482,4056,14.3,132,386,36,289972
ABalaaaal:97,ABalaaaal,97,30006,5006,57,37,4341,14.3,133,384,37,287958
ABalaaaal:98,ABalaaaal,98,30408,5408,-400,-389,4210,15.3,139,381,39,325668
ABalaaaal:99,ABalaaaal,99,30228,5228,-741,-697,4305,15.3,139,391,37,283005
ABalaaaal:100,ABalaaaal,100,30674,5674,-136,-226,4675,15.9,141,389,35,270454
ABalaaaal:101,ABalaaaal,101,29628,4628,-1368,-1431,3145,15.1,144,385,37,337048
ABalaaaal:102,ABalaaaal,102,29250,4250,-1353,-1357,3113,15.0,136,387,37,340871
ABalaaaal:103,ABalaaaal,103,30317,5317,-546,-524,3950,15.1,138,388,37,355619
ABalaaaal:104,ABalaaaal,104,29211,4211,-1677,-1671,3021,14.3,139,387,37,353423
ABalaaaal:105,ABalaaaal,105,29753,4753,-819,-826,4056,14.2,137,392,37,349270
ABalaaaar:86,ABalaaaar,86,30379,5379,123,216,3684,15.1,102,315,34,240065
ABalaaaar:87,ABalaaaar,87,29788,4788,265,327,3015,15.2,94,307,36,303594
ABalaaaar:88,ABalaaaar,88,31571,6571,1763,1592,5107,15.3,94,314,36,303594
ABalaaaar:89,ABalaaaar,89,29679,4679,-299,-319,3094,15.3,94,322,36,274691
ABalaaaar:90,ABalaaaar,90,29462,4462,-926,-916,2152,15.2,96,335,29,164065
ABalaaaar:91,ABalaaaar,91,29869,4869,-1113,-1752,2136,15.0,107,343,29,172591
ABalaaaar:92,ABalaaaar,92,29833,4833,-899,-1101,2123,16.0,103,338,34,290653
ABalaaaar:93,ABalaaaar,93,30663,5663,647,560,3971,16.1,102,336,38,390653
ABalaaaar:94,ABalaaaar,94,31438,6438,1184,1032,5042,16.2,103,325,36,325824
ABalaaaar:95,ABalaaaar,95,30999,5999,796,936,4347,16.2,104,338,36,344731
ABalaaaar:96,ABalaaaar,96,30194,5194,-111,-360,2514,16.3,102,335,36,292878
ABalaaaar:97,ABalaaaar,97,30419,5419,-561,-946,3406,16.3,104,337,29,143854
ABalaaaar:98,ABalaaaar,98,29749,4749,-914,-767,2190,16.2,100,336,29,145492
ABalaaaar:99,ABalaaaar,99,29693,4693,-388,-512,2793,17.0,103,345,29,162040
ABalaaaar:100,ABalaaaar,100,30624,5624,210,39,4206,16.3,108,339,39,328113
ABalaaaar:101,ABalaaaar,101,30231,5231,-493,-624,2650,16.3,106,339,39,328113
ABalaaaar:102,ABalaaaar,102,29904,4904,-600,-628,2529,16.2,104,338,38,328113
ABalaaaar:103,ABalaaaar,103,30460,5460,-194,-162,3373,16.2,102,338,37,328113
ABalaaaar:104,ABalaaaar,104,30311,5311,56,268,2545,16.1,100,337,36,328113
ABalaaaar:105,ABalaaaar,105,30507,5507,78,71,3830,16.1,98,336,35,305691
ABalaaap:62,ABalaaap,62,30294,5294,-972,-1048,4273,13.3,116,267,41,348931
ABalaaap:63,ABalaaap,63,30832,5832,27,1,5217,13.1,124,259,43,356179
ABalaaap:64,ABalaaap,64,31722,6722,778,787,6517,13.9,138,251,43,365144
ABalaaap:65,ABalaaap,65,32182,7182,777,786,6987,12.9,133,250,43,386677
ABalaaap:66,ABalaaap,66,30497,5497,-666,-580,5394,13.0,127,248,43,356051
ABalaaap:67,ABalaaap,67,30777,5777,11,108,5644,12.2,123,257,47,446906
ABalaaap:68,ABalaaap,68,30851,5851,32,51,5655,11.9,119,259,43,375908
ABalaaap:69,ABalaaap,69,30297,5297,-927,-971,5079,11.1,122,265,43,369050
ABalaaap:70,ABalaaap,70,29897,4897,-1274,-1319,4514,11.2,126,272,45,405466
ABalaaap:71,ABalaaap,71,30524,5524,-404,-358,4968,11.0,129,275,43,405706
ABalaaap:72,ABalaaap,72,30263,5263,-1343,-1629,4777,10.9,135,275,43,388030
ABalaaap:73,ABalaaap,73,30397,5397,-757,-779,4699,11.0,140,283,45,451973
ABalaaap:74,ABalaaap,74,30351,5351,-632,-767,4701,10.0,132,279,43,427130
ABalaaap:75,ABalaaap,75,30999,5999,-210,-315,5652,10.1,138,283,43,416618
ABalaaap:76,ABalaaap,76,30293,5293,-426,-488,4808,9.9,134,273,43,418416
ABalaaap:77,ABalaaap,77,30249,5249,-903,-884,5043,8.1,131,283,30,202180
ABalaaap:78,ABalaaap,78,30121,5121,-1199,-1439,4841,8.1,132,275,43,448614
ABalaaap:79,ABalaaap,79,29714,4714,-651,-705,4477,7.4,129,273,30,190545
ABalaaap:80,ABalaaap,80,29614,4614,-1758,-2014,4433,8.1,125,259,42,489236
ABalaaap:81,ABalaaap,81,29714,4714,-1180,-1244,4448,9.8,118,275,40,348891
ABalaaap:82,ABalaaap,82,28876,3876,-1945,-1983,3605,9.9,114,300,37,313462
ABalaaapa:83,ABalaaapa,83,30327,5327,-378,-595,4501,11.0,104,303,32,313462
ABalaaapa:84,ABalaaapa,84,30447,5447,790,467,4931,12.0,93,307,27,112756
ABalaaapa:85,ABalaaapa,85,29390,4390,-781,-773,4161,10.9,95,313,34,222616
ABalaaapa:86,ABalaaapa,86,30037,5037,334,291,4466,9.9,102,331,34,225884
ABalaaapa:87,ABalaaapa,87,28711,3711,-1700,-1677,3045,10.2,104,328,34,234404
ABalaaapa:88,ABalaaapa,88,31063,6063,795,804,5289,10.4,105,322,36,252679
ABalaaapa:89,ABalaaapa,89,28753,3753,-1620,-1578,3101,11.2,104,338,34,244804
ABalaaapa:90,ABalaaapa,90,29486,4486,-1616,-1646,3716,11.1,106,349,34,271935
ABalaaapa:91,ABalaaapa,91,30247,5247,124,111,4353,11.3,106,350,36,292675
ABalaaapa:92,ABalaaapa,92,29806,4806,-372,-307,4172,12.0,110,359,36,331175
ABalaaapa:93,ABalaaapa,93,30324,5324,33,-64,4394,12.3,107,355,36,322353
ABalaaapa:94,ABalaaapa,94,29839,4839,-583,-264,3976,12.2,106,347,36,331270
ABalaaapa:95,ABalaaapa,95,30584,5584,558,571,4741,12.4,108,357,36,319715
ABalaaapa:96,ABalaaapa,96,29612,4612,-872,-765,3599,13.1,108,355,38,327504
ABalaaapa:97,ABalaaapa,97,29772,4772,-1165,-1447,3503,13.0,116,351,37,312037
ABalaaapa:98,ABalaaapa,98,30106,5106,-859,-715,4051,12.4,110,358,37,295877
ABalaaapa:99,ABalaaapa,99,29997,4997,-556,-358,4234,12.4,112,368,37,290244
ABalaaapa:100,ABalaaapa,100,29797,4797,-535,-335,4069,13.2,113,370,39,345016
ABalaaapa:101,ABalaaapa,101,30297,5297,72,187,4581,12.4,117,363,37,296424
ABalaaapa:102,ABalaaapa,102,29389,4389,-1078,-1007,3394,12.9,115,360,35,280947
ABalaaapa:103,ABalaaapa,103,29480,4480,-743,-630,3582,12.1,113,365,37,347112
ABalaaapa:104,ABalaaapa,104,30294,5294,-177,-104,4714,11.5,110,359,37,312244
ABalaaapa:105,ABalaaapa,105,29579,4579,-629,-543,3732,12.1,109,358,37,377876
ABalaaapp:83,ABalaaapp,83,28892,3892,-2656,-2791,2522,9.9,128,296,35,209532
ABalaaapp:84,ABalaaapp,84,29444,4444,-1147,-1298,3834,8.2,127,291,35,212373
ABalaaapp:85,ABalaaapp,85,29457,4457,-1633,-1628,3062,9.1,134,287,36,262302
ABalaaapp:86,ABalaaapp,86,30768,5768,581,465,4931,8.2,144,288,34,214355
ABalaaapp:87,ABalaaapp,87,29164,4164,-1514,-1525,3730,8.8,133,283,34,212827
ABalaaapp:88,ABalaaapp,88,29451,4451,-1516,-1609,3712,9.2,124,288,36,280841
ABalaaapp:89,ABalaaapp,89,30863,5863,317,349,4739,9.4,119,296,36,277130
ABalaaapp:90,ABalaaapp,90,29610,4610,-1512,-1647,3458,9.2,111,305,36,304797
ABalaaapp:91,ABalaaapp,91,29812,4812,-1108,-1197,3728,9.3,111,307,36,295841
ABalaaapp:92,ABalaaapp,92,30013,5013,-216,-217,4219,10.0,107,318,34,274818
ABalaaapp:93,ABalaaapp,93,28727,3727,-1867,-1890,2611,10.2,107,318,38,360720
ABalaaapp:94,ABalaaapp,94,29933,4933,-595,-362,3330,10.3,106,304,38,372376
ABalaaapp:95,ABalaaapp,95,29181,4181,-775,-639,2236,10.3,99,320,38,366216
ABalaaapp:96,ABalaaapp,96,29016,4016,-1407,-1555,2892,11.0,96,322,36,320450
ABalaaapp:97,ABalaaapp,97,29054,4054,-1256,-1034,2421,11.1,99,311,29,154782
ABalaaapp:98,ABalaaapp,98,29654,4654,-1030,-1075,3392,11.0,96,314,39,357811
ABalaaapp:99,ABalaaapp,99,29442,4442,-1144,-1053,3316,11.3,97,318,39,342484
ABalaaapp:100,ABalaaapp,100,29450,4450,-1071,-1081,3648,12.0,96,316,37,331781
ABalaaapp:101,ABalaaapp,101,29711,4711,-1347,-1426,3664,12.1,103,313,37,342285
ABalaaapp:102,ABalaaapp,102,29336,4336,-1344,-1401,3089,12.0,98,311,37,350909
ABalaaapp:103,ABalaaapp,103,29630,4630,-889,-950,3637,11.3,96,308,39,353876
ABalaaapp:104,ABalaaapp,104,29612,4612,-1346,-1466,2466,11.3,97,303,37,334091
ABalaaapp:105,ABalaaapp,105,29375,4375,-1210,-1195,3469,12.1,95,300,37,361379
ABalaap:45,ABalaap,45,32557,7557,-105,53,7550,17.7,144,321,57,752391
ABalaap:46,ABalaap,46,36061,11061,3954,4034,11061,18.1,155,319,56,598311
ABalaap:47,ABalaap,47,35676,10676,4002,4002,10676,20.0,161,330,55,571662
ABalaap:48,ABalaap,48,35869,10869,4156,4157,10869,20.0,170,319,54,642125
ABalaap:49,ABalaap,49,35558,10558,4034,4034,10557,20.1,167,313,53,608984
ABalaap:50,ABalaap,50,36255,11255,4562,4562,11254,20.1,161,320,52,636254
ABalaap:51,ABalaap,51,35405,10405,3708,3704,10403,19.9,154,328,52,645190
ABalaap:52,ABalaap,52,35485,10485,3393,3383,10467,18.3,148,328,53,667076
ABalaap:53,ABalaap,53,36080,11080,4274,4274,11077,19.0,153,325,51,641758
ABalaap:54,ABalaap,54,35046,10046,3152,3159,10046,18.0,152,327,52,717288
ABalaap:55,ABalaap,55,35250,10250,3053,3077,10247,17.1,146,315,52,739831
ABalaap:56,ABalaap,56,35220,10220,3168,3156,10202,16.2,154,304,52,750702
ABalaap:57,ABalaap,57,33185,8185,1350,1291,8180,16.9,157,294,52,721561
ABalaap:58,ABalaap,58,32645,7645,1185,1205,7644,16.8,160,291,52,767699
ABalaap:59,ABalaap,59,33603,8603,1950,1908,8599,17.2,162,291,51,733808
ABalaap:60,ABalaap,60,32089,7089,935,896,7081,16.3,178,284,51,747096
ABalaap:61,ABalaap,61,31001,6001,-678,-756,5913,14.3,178,290,47,579297
ABalaap:62,ABalaap,62,30399,5399,-1049,-1065,4156,14.0,181,290,43,447607
ABalaapa:63,ABalaapa,63,31543,6543,260,198,6338,16.2,167,303,37,281775
ABalaapa:64,ABalaapa,64,31089,6089,261,358,5896,17.0,162,297,43,362207
ABalaapa:65,ABalaapa,65,31065,6065,358,418,5882,17.1,157,289,43,376414
ABalaapa:66,ABalaapa,66,30984,5984,-50,-8,5511,18.0,147,284,43,338980
ABalaapa:67,ABalaapa,67,30726,5726,-115,3,5355,17.0,145,292,43,368404
ABalaapa:68,ABalaapa,68,31804,6804,254,317,6506,16.1,143,287,43,370789
ABalaapa:69,ABalaapa,69,30587,5587,-792,-865,4946,16.0,139,285,43,384500
ABalaapa:70,ABalaapa,70,31418,6418,67,-213,5409,16.0,136,282,43,397852
ABalaapa:71,ABalaapa,71,29555,4555,-1665,-1606,3096,15.1,140,275,43,419581
ABalaapa:72,ABalaapa,72,30172,5172,-988,-1204,3834,15.0,141,265,43,424638
ABalaapa:73,ABalaapa,73,30256,5256,-657,-576,4508,14.1,135,258,43,429938
ABalaapa:74,ABalaapa,74,30503,5503,-515,-514,4843,13.9,128,249,43,429690
ABalaapa:75,ABalaapa,75,31037,6037,202,227,5742,14.0,134,246,43,424028
ABalaapa:76,ABalaapa,76,30353,5353,-968,-1166,4647,13.1,136,248,43,452371
ABalaapa:77,ABalaapa,77,30447,5447,-324,-278,5279,12.1,137,243,43,455972
ABalaapa:78,ABalaapa,78,29406,4406,-1630,-1590,4291,10.9,135,228,43,469128
ABalaapa:79,ABalaapa,79,30314,5314,-844,-840,5155,11.1,127,224,43,491211
ABalaapa:80,ABalaapa,80,29792,4792,-979,-1096,4713,12.0,123,220,42,513153
ABalaapa:81,ABalaapa,81,29773,4773,-693,-723,4404,13.1,112,236,42,402121
ABalaapa:82,ABalaapa,82,30053,5053,-307,-329,4939,13.1,106,245,41,386357
ABalaapa:83,ABalaapa,83,29695,4695,-1131,-1212,4342,13.3,108,251,39,328189
ABalaapa:84,ABalaapa,84,29526,4526,-916,-918,4146,13.3,116,253,39,371397
ABalaapa:85,ABalaapa,85,28875,3875,-2304,-2406,2737,13.3,125,256,38,394402
ABalaapa:86,ABalaapa,86,28554,3554,-2469,-2437,2747,13.0,120,267,36,348321
ABalaapa:87,ABalaapa,87,29879,4879,-1040,-1067,4116,13.0,125,258,34,324853
ABalaapaa:88,ABalaapaa,88,30205,5205,-26,-82,4707,14.9,105,274,34,239573
ABalaapaa:89,ABalaapaa,89,30023,5023,-167,-182,4392,14.4,106,279,36,246569
ABalaapaa:90,ABalaapaa,90,29024,4024,-1116,-1086,3327,13.4,102,289,36,247941
ABalaapaa:91,ABalaapaa,91,29944,4944,-253,-245,4472,14.2,101,286,36,279271
ABalaapaa:92,ABalaapaa,92,29301,4301,-614,-591,3823,15.0,99,290,34,254374
ABalaapaa:93,ABalaapaa,93,28758,3758,-1206,-1158,3364,16.0,97,289,36,296706
ABalaapaa:94,ABalaapaa,94,29861,4861,-1114,-877,4264,15.2,107,268,36,307374
ABalaapaa:95,ABalaapaa,95,30138,5138,-563,-532,4738,15.0,101,277,34,281265
ABalaapaa:96,ABalaapaa,96,31254,6254,255,450,5832,15.0,99,278,34,248635
ABalaapaa:97,ABalaapaa,97,30325,5325,-644,-540,4815,15.0,98,279,37,305336
ABalaapaa:98,ABalaapaa,98,30578,5578,-177,-180,5057,15.1,100,275,37,300764
ABalaapaa:99,ABalaapaa,99,30331,5331,-249,-157,4793,15.4,98,285,37,275056
ABalaapaa:100,ABalaapaa,100,29726,4726,-678,-642,4016,16.0,97,276,35,263188
ABalaapaa:101,ABalaapaa,101,29869,4869,-996,-719,3618,16.0,102,276,39,364070
ABalaapaa:102,ABalaapaa,102,30909,5909,230,310,4564,16.2,101,270,37,332627
ABalaapaa:103,ABalaapaa,103,30379,5379,-538,-612,3908,16.1,105,267,35,294462
ABalaapaa:104,ABalaapaa,104,30960,5960,127,109,3788,16.1,101,267,35,297761
ABalaapaa:105,ABalaapaa,105,29742,4742,-1202,-1325,3595,17.1,111,275,37,381782
ABalaapap:88,ABalaapap,88,30516,5516,-602,-668,4206,13.0,144,233,34,252996
ABalaapap:89,ABalaapap,89,30345,5345,-167,-210,4177,12.9,136,239,34,251303
ABalaapap:90,ABalaapap,90,29849,4849,-1705,-1890,3739,12.1,135,241,34,245169
ABalaapap:91,ABalaapap,91,30326,5326,-534,-623,4425,12.4,129,240,36,295981
ABalaapap:92,ABalaapap,92,29990,4990,-1778,-1952,3607,13.0,124,250,34,289087
ABalaapap:93,ABalaapap,93,30882,5882,-366,-367,5055,13.4,119,247,36,303188
ABalaapap:94,ABalaapap,94,31170,6170,-87,-137,5488,14.2,128,233,38,375233
ABalaapap:95,ABalaapap,95,29819,4819,-1712,-1644,4116,14.3,122,237,36,343991
ABalaapap:96,ABalaapap,96,30895,5895,-1486,-1382,5092,15.0,119,238,34,281549
ABalaapap:97,ABalaapap,97,30911,5911,-542,-578,5057,15.1,118,241,37,311637
ABalaapap:98,ABalaapap,98,30685,5685,-495,-576,4623,14.3,116,236,37,295654
ABalaapap:99,ABalaapap,99,31418,6418,-299,-327,5306,14.9,111,243,35,281470
ABalaapap:100,ABalaapap,100,31461,6461,224,271,5670,15.1,110,238,35,268109
ABalaapap:101,ABalaapap,101,31275,6275,107,80,5590,15.1,113,238,35,287225
ABalaapap:102,ABalaapap,102,30791,5791,40,111,4500,15.1,111,237,35,298026
ABalaapap:103,ABalaapap,103,29918,4918,-1757,-1927,3976,15.4,115,231,37,323190
ABalaapap:104,ABalaapap,104,30740,5740,-473,-719,4537,16.2,111,233,37,365361
ABalaapap:105,ABalaapap,105,30038,5038,-1317,-1772,3824,17.1,113,239,37,381232
ABalaapp:63,ABalaapp,63,30510,5510,-1122,-1155,4959,14.3,207,299,35,213436
ABalaapp:64,ABalaapp,64,31483,6483,315,393,6395,14.2,223,295,41,285357
ABalaapp:65,ABalaapp,65,31615,6615,207,164,6479,14.2,222,279,43,350697
ABalaapp:66,ABalaapp,66,31589,6589,538,539,6187,14.9,227,274,43,303842
ABalaapp:67,ABalaapp,67,30957,5957,-404,-348,5725,15.0,218,277,43,304334
ABalaapp:68,ABalaapp,68,31311,6311,371,435,6154,15.9,209,285,43,317419
ABalaapp:69,ABalaapp,69,30758,5758,-150,-172,5557,15.9,204,285,43,310303
ABalaapp:70,ABalaapp,70,30095,5095,-1565,-1568,4658,15.9,212,278,43,326824
ABalaapp:71,ABalaapp,71,30497,5497,-775,-950,5114,15.9,210,274,43,341019
ABalaapp:72,ABalaapp,72,30711,5711,-491,-515,5518,15.0,200,273,43,377086
ABalaapp:73,ABalaapp,73,30154,5154,-1190,-1466,4825,14.4,195,269,47,477399
ABalaapp:74,ABalaapp,74,30588,5588,-654,-897,5192,14.0,194,273,43,423191
ABalaapp:75,ABalaapp,75,30181,5181,-1074,-1182,4709,13.2,188,266,45,451661
ABalaapp:76,ABalaapp,76,30430,5430,-1345,-1566,4851,13.0,189,266,45,473858
ABalaapp:77,ABalaapp,77,29190,4190,-2385,-2630,3580,12.1,188,257,43,428866
ABalaapp:78,ABalaapp,78,29635,4635,-1841,-2087,4125,12.0,186,242,43,472698
ABalaapp:79,ABalaapp,79,29262,4262,-2813,-3117,3581,11.8,187,229,43,464258
ABalaapp:80,ABalaapp,80,30823,5823,-737,-970,4583,11.3,176,230,44,482475
ABalaapp:81,ABalaapp,81,29784,4784,-1897,-2028,4229,12.2,167,239,40,340823
ABalaapp:82,ABalaapp,82,29197,4197,-2360,-2447,3429,11.3,153,250,41,352143
ABalaapp:83,ABalaapp,83,30144,5144,-1539,-1684,4667,11.2,144,246,39,347594
ABalaapp:84,ABalaapp,84,30283,5283,-611,-658,4672,9.3,154,249,39,328410
ABalaappa:85,ABalaappa,85,29800,4800,-1319,-1377,4367,9.0,123,242,32,215503
ABalaappa:86,ABalaappa,86,29850,4850,-1141,-1162,4562,8.7,119,245,34,216486
ABalaappa:87,ABalaappa,87,31084,6084,-712,-858,5552,7.9,131,238,34,229217
ABalaappa:88,ABalaappa,88,29813,4813,-2270,-2344,4528,7.2,135,241,34,226257
ABalaappa:89,ABalaappa,89,30310,5310,-1310,-1318,5028,7.8,130,250,34,228581
ABalaappa:90,ABalaappa,90,30140,5140,-2868,-2913,4908,7.1,127,260,34,247800
ABalaappa:91,ABalaappa,91,31064,6064,-767,-912,5396,7.8,129,270,34,248025
ABalaappa:92,ABalaappa,92,30558,5558,-1105,-1203,4960,8.1,127,274,36,314314
ABalaappa:93,ABalaappa,93,29636,4636,-1759,-1892,4330,8.2,127,269,36,319338
ABalaappa:94,ABalaappa,94,30128,5128,-1235,-1163,4521,8.2,125,255,36,330574
ABalaappa:95,ABalaappa,95,30137,5137,-1572,-1613,4477,8.6,115,260,36,343726
ABalaappa:96,ABalaappa,96,30274,5274,-871,-1034,4653,9.2,117,258,38,328890
ABalaappa:97,ABalaappa,97,29638,4638,-1599,-1612,4067,9.2,113,253,37,313230
ABalaappa:98,ABalaappa,98,30301,5301,-832,-985,4623,9.4,108,250,37,281479
ABalaappa:99,ABalaappa,99,30396,5396,-208,-265,4532,10.9,100,257,35,282336
ABalaappa:100,ABalaappa,100,31749,6749,1158,1212,5839,11.2,98,258,37,327677
ABalaappa:101,ABalaappa,101,31146,6146,171,174,5451,11.5,97,264,37,350531
ABalaappa:102,ABalaappa,102,30421,5421,-920,-787,4376,12.1,98,257,37,363734
ABalaappa:103,ABalaappa,103,29803,4803,-1587,-1660,3500,12.4,101,261,37,336830
ABalaappa:104,ABalaappa,104,30891,5891,-725,-954,3540,13.0,101,260,37,384668
ABalaappa:105,ABalaappa,105,29244,4244,-2046,-2249,2271,14.0,101,260,37,406118
ABalaappp:85,ABalaappp,85,29994,4994,-1905,-1975,4029,9.3,178,257,30,165243
ABalaappp:86,ABalaappp,86,30460,5460,-920,-943,4710,9.9,176,258,34,205280
ABalaappp:87,ABalaappp,87,30421,5421,-1433,-1577,3960,9.3,177,262,36,235616
ABalaappp:88,ABalaappp,88,31261,6261,-814,-1085,5221,9.5,173,268,38,300409
ABalaappp:89,ABalaappp,89,30516,5516,-1954,-2103,4228,10.2,168,273,36,281306
ABalaappp:90,ABalaappp,90,29877,4877,-2235,-2315,3834,10.1,160,269,36,290229
ABalaappp:91,ABalaappp,91,30565,5565,-1364,-1487,4261,10.2,155,267,38,324345
ABalaappp:92,ABalaappp,92,30279,5279,-1865,-2300,3446,10.4,150,268,38,316783
ABalaappp:93,ABalaappp,93,29304,4304,-2853,-3262,1877,11.9,149,268,34,260492
ABalaappp:94,ABalaappp,94,30250,5250,-1948,-2320,3338,10.5,148,261,38,337300
ABalaappp:95,ABalaappp,95,30779,5779,-1576,-2170,4054,10.3,139,268,38,353716
ABalaappp:96,ABalaappp,96,29656,4656,-2086,-2455,2305,11.0,136,262,29,147225
ABalaappp:97,ABalaappp,97,28933,3933,-3275,-3249,1933,11.1,130,257,29,151861
ABalaappp:98,ABalaappp,98,29493,4493,-2242,-2605,2536,11.0,129,255,29,145322
ABalaappp:99,ABalaappp,99,30741,5741,-1353,-1624,4978,9.1,129,261,37,294525
ABalaappp:100,ABalaappp,100,30548,5548,-1255,-1392,4658,9.2,127,258,37,290431
ABalaappp:101,ABalaappp,101,29595,4595,-2148,-2148,3882,9.0,128,255,37,305588
ABalaappp:102,ABalaappp,102,30459,5459,-1484,-1477,4811,8.4,128,250,37,283283
ABalaappp:103,ABalaappp,103,30383,5383,-1399,-1476,4611,9.1,125,246,39,364475
ABalaappp:104,ABalaappp,104,30325,5325,-1160,-1293,4897,10.0,119,236,39,376274
ABalaappp:105,ABalaappp,105,31090,6090,-343,-515,5742,10.2,112,241,39,368712
ABalap:32,ABalap,32,31845,6845,-965,-1038,6841,10.9,156,292,60,849723
ABalap:33,ABalap,33,32892,7892,133,185,7889,11.7,173,293,59,805723
ABalap:34,ABalap,34,33107,8107,-250,-247,8107,9.8,171,316,59,977176
ABalap:35,ABalap,35,33939,8939,939,930,8939,9.8,146,313,58,1103149
ABalap:36,ABalap,36,35910,10910,2189,2193,10910,8.7,154,311,58,1182531
ABalap:37,ABalap,37,36662,11662,2598,2598,11662,8.8,164,309,58,1226187
ABalap:38,ABalap,38,38113,13113,4271,4270,13113,8.8,157,314,58,1235930
ABalap:39,ABalap,39,38911,13911,5025,5018,13911,9.6,160,313,58,1228066
ABalap:40,ABalap,40,39503,14503,5879,5890,14503,9.0,165,313,58,1325287
ABalap:41,ABalap,41,40251,15251,6440,6441,15251,8.9,154,315,58,1328164
ABalap:42,ABalap,42,39590,14590,5710,5703,14590,9.7,164,313,58,1304223
ABalap:43,ABalap,43,38390,13390,4556,4555,13390,9.5,173,308,58,1227922
ABalap:44,ABalap,44,32844,7844,-1679,-1688,7844,9.0,183,308,58,968109
ABalapa:45,ABalapa,45,37745,12745,4161,4222,12742,8.3,153,292,55,654634
ABalapa:46,ABalapa,46,37843,12843,5065,5109,12841,10.0,155,269,56,621146
ABalapa:47,ABalapa,47,38428,13428,5871,5975,13426,10.0,149,264,55,642170
ABalapa:48,ABalapa,48,39616,14616,6492,6868,14565,11.1,148,267,52,629411
ABalapa:49,ABalapa,49,39225,14225,6428,6694,14140,11.3,136,279,53,677971
ABalapa:50,ABalapa,50,40231,15231,7446,7667,15193,10.2,133,276,52,702223
ABalapa:51,ABalapa,51,37335,12335,4337,4440,12243,10.3,139,284,52,697567
ABalapa:52,ABalapa,52,36810,11810,2993,3135,11765,10.2,149,284,51,665164
ABalapa:53,ABalapa,53,35849,10849,2242,2383,10815,10.1,144,286,51,685028
ABalapa:54,ABalapa,54,34856,9856,1577,1728,9841,8.9,144,284,52,724098
ABalapa:55,ABalapa,55,34302,9302,1319,1355,9284,9.2,137,273,52,752031
ABalapa:56,ABalapa,56,33353,8353,527,618,8341,9.1,146,267,52,740103
ABalapa:57,ABalapa,57,32659,7659,-314,-271,7632,9.2,148,253,52,765993
ABalapa:58,ABalapa,58,31964,6964,-942,-1004,6926,9.1,143,249,52,811194
ABalapa:59,ABalapa,59,31519,6519,-962,-1004,6507,9.8,148,244,51,752333
ABalapa:60,ABalapa,60,30336,5336,-1770,-1773,5327,10.9,149,235,49,598122
ABalapaa:61,ABalapaa,61,32553,7553,767,765,7436,9.3,132,268,37,262201
ABalapaa:62,ABalapaa,62,32070,7070,307,350,6919,8.4,127,274,41,276096
ABalapaa:63,ABalapaa,63,31759,6759,594,651,6517,9.0,120,283,43,344316
ABalapaa:64,ABalapaa,64,31380,6380,308,310,6285,9.0,117,289,43,371506
ABalapaa:65,ABalapaa,65,31487,6487,473,469,6364,9.9,115,294,43,396293
ABalapaa:66,ABalapaa,66,31405,6405,77,46,6300,9.2,116,296,43,333660
ABalapaa:67,ABalapaa,67,30378,5378,-1266,-1323,5242,8.1,116,308,43,336037
ABalapaa:68,ABalapaa,68,30984,5984,-1028,-1050,5922,8.0,120,314,43,333842
ABalapaa:69,ABalapaa,69,30956,5956,-1246,-1214,5857,7.2,135,319,43,336085
ABalapaa:70,ABalapaa,70,30717,5717,-1814,-1917,5611,6.9,139,307,43,350668
ABalapaa:71,ABalapaa,71,31832,6832,185,181,6755,7.9,143,317,43,375219
ABalapaa:72,ABalapaa,72,30487,5487,-1720,-1771,5464,7.0,143,322,43,370002
ABalapaa:73,ABalapaa,73,30741,5741,-877,-1049,5692,7.1,152,327,43,379487
ABalapaa:74,ABalapaa,74,29280,4280,-2032,-2082,4250,7.9,155,338,43,400923
ABalapaa:75,ABalapaa,75,30405,5405,-901,-892,5363,7.1,158,338,43,399670
ABalapaa:76,ABalapaa,76,30768,5768,-1347,-1438,5674,6.9,171,329,43,423752
ABalapaa:77,ABalapaa,77,30493,5493,-1632,-1819,5394,6.9,166,332,43,404225
ABalapaa:78,ABalapaa,78,30399,5399,-1984,-2081,5354,7.2,170,326,43,439112
ABalapaa:79,ABalapaa,79,30399,5399,-1344,-1448,5388,7.1,161,325,43,451924
ABalapaa:80,ABalapaa,80,29929,4929,-1674,-1708,4681,7.0,158,340,42,490971
ABalapaa:81,ABalapaa,81,29793,4793,-1770,-1780,4677,7.2,156,345,40,354141
ABalapaa:82,ABalapaa,82,30394,5394,-1123,-1173,5043,7.9,155,360,37,305381
ABalapaaa:83,ABalapaaa,83,29883,4883,-1322,-1442,4654,8.8,144,336,35,189189
ABalapaaa:84,ABalapaaa,84,30362,5362,-399,-561,4398,9.0,139,328,35,213867
ABalapaaa:85,ABalapaaa,85,30190,5190,-1195,-1357,2740,9.1,143,323,36,284101
ABalapaaa:86,ABalapaaa,86,30270,5270,-365,-338,3883,8.8,144,344,34,218156
ABalapaaa:87,ABalapaaa,87,30151,5151,-209,-241,3906,9.2,141,345,36,282320
ABalapaaa:88,ABalapaaa,88,29740,4740,-772,-763,3920,9.0,140,344,34,241457
ABalapaaa:89,ABalapaaa,89,28782,3782,-2365,-2208,2958,8.9,142,350,34,246903
ABalapaaa:90,ABalapaaa,90,30294,5294,-519,-606,4480,8.9,139,355,34,240054
ABalapaaa:91,ABalapaaa,91,29380,4380,-1058,-880,3890,8.8,138,359,34,240005
ABalapaaa:92,ABalapaaa,92,30173,5173,-103,-16,4758,9.0,142,369,34,268484
ABalapaaa:93,ABalapaaa,93,29712,4712,-879,-806,4358,9.1,137,367,34,278663
ABalapaaa:94,ABalapaaa,94,29975,4975,-484,-403,4661,9.0,134,359,34,277177
ABalapaaa:95,ABalapaaa,95,29079,4079,-1828,-1804,3562,9.1,143,371,34,280864
ABalapaaa:96,ABalapaaa,96,29622,4622,-608,-664,4169,9.8,140,372,34,235942
ABalapaaa:97,ABalapaaa,97,29230,4230,-1424,-1497,3572,9.9,142,367,35,250991
ABalapaaa:98,ABalapaaa,98,31622,6622,556,617,6010,9.9,136,368,35,254108
ABalapaaa:99,ABalapaaa,99,30431,5431,-335,-226,4805,10.0,139,380,35,266586
ABalapaaa:100,ABalapaaa,100,28992,3992,-1419,-1246,3556,10.1,141,382,35,273269
ABalapaaa:101,ABalapaaa,101,30635,5635,62,-23,5068,10.0,148,383,35,287398
ABalapaaa:102,ABalapaaa,102,28757,3757,-2015,-1846,3095,10.1,144,379,37,352202
ABalapaaa:103,ABalapaaa,103,29741,4741,-864,-935,4215,9.9,140,389,35,293384
ABalapaaa:104,ABalapaaa,104,29907,4907,-935,-1068,4393,9.0,143,384,35,305359
ABalapaaa:105,ABalapaaa,105,29695,4695,-1475,-1404,4072,9.0,145,384,35,306710
ABalapaap:83,ABalapaap,83,29691,4691,-2087,-2137,4235,8.3,174,367,33,170542
ABalapaap:84,ABalapaap,84,30194,5194,-781,-1007,4285,9.0,174,375,35,208957
ABalapaap:85,ABalapaap,85,30619,5619,-664,-824,4901,8.2,171,376,36,241187
ABalapaap:86,ABalapaap,86,30819,5819,-529,-697,5177,8.2,189,387,36,238842
ABalapaap:87,ABalapaap,87,29547,4547,-1529,-1649,3693,10.0,178,386,34,231422
ABalapaap:88,ABalapaap,88,29908,4908,-1290,-1471,3556,10.3,179,383,38,293812
ABalapaap:89,ABalapaap,89,29916,4916,-1272,-1426,3582,10.3,180,380,38,298259
ABalapaap:90,ABalapaap,90,31032,6032,-29,-98,5271,10.0,170,381,34,244334
ABalapaap:91,ABalapaap,91,29557,4557,-948,-898,3800,10.1,179,385,36,290888
ABalapaap:92,ABalapaap,92,30428,5428,-926,-1193,4559,10.0,184,387,36,319324
ABalapaap:93,ABalapaap,93,29761,4761,-487,-545,4107,9.4,178,389,38,299384
ABalapaap:94,ABalapaap,94,29208,4208,-1811,-1909,2674,10.2,176,384,38,360037
ABalapaap:95,ABalapaap,95,29280,4280,-1551,-1653,3393,10.1,175,398,38,362951
ABalapaap:96,ABalapaap,96,29780,4780,-1154,-1216,3679,10.3,175,394,38,307000
ABalapaap:97,ABalapaap,97,29637,4637,-1760,-1870,3833,10.2,174,389,39,316987
ABalapaap:98,ABalapaap,98,30504,5504,-193,-84,4574,10.2,173,399,39,314468
ABalapaap:99,ABalapaap,99,29826,4826,-696,-513,3681,10.1,175,409,39,322003
ABalapaap:100,ABalapaap,100,30350,5350,-248,-171,4318,10.2,176,408,37,302614
ABalapaap:101,ABalapaap,101,31310,6310,533,662,5777,9.4,180,412,37,300037
ABalapaap:102,ABalapaap,102,29102,4102,-1464,-1496,3434,10.1,170,409,37,341731
ABalapaap:103,ABalapaap,103,29040,4040,-1703,-1718,3060,9.2,174,415,39,362710
ABalapaap:104,ABalapaap,104,29916,4916,-766,-833,4263,9.0,171,410,39,377151
ABalapaap:105,ABalapaap,105,30060,5060,-618,-560,4446,9.2,175,410,37,348345
ABalapap:61,ABalapap,61,30099,5099,-1749,-1693,4810,7.3,166,244,33,201877
ABalapap:62,ABalapap,62,31591,6591,-1365,-1426,6460,6.4,174,237,41,263695
ABalapap:63,ABalapap,63,31496,6496,-1807,-1653,6327,6.2,176,234,43,331011
ABalapap:64,ABalapap,64,30726,5726,-1760,-1729,5646,7.0,169,236,43,356463
ABalapap:65,ABalapap,65,30908,5908,-1809,-1773,5857,7.1,160,241,43,381373
ABalapap:66,ABalapap,66,31004,6004,-1804,-1799,5987,7.1,163,245,43,317984
ABalapap:67,ABalapap,67,31753,6753,-759,-815,6714,7.1,164,259,43,325693
ABalapap:68,ABalapap,68,31155,6155,-1116,-1208,6119,7.1,167,269,43,327526
ABalapap:69,ABalapap,69,30886,5886,-1084,-1111,5820,6.9,177,272,43,341516
ABalapap:70,ABalapap,70,32171,7171,-185,-317,6956,7.1,186,282,43,350574
ABalapap:71,ABalapap,71,31147,6147,-725,-975,5401,7.9,192,296,43,352017
ABalapap:72,ABalapap,72,29790,4790,-2640,-2884,4242,7.0,201,306,43,368935
ABalapap:73,ABalapap,73,30285,5285,-1787,-2030,4903,7.2,199,309,43,389919
ABalapap:74,ABalapap,74,29595,4595,-3035,-3276,4399,7.0,202,320,43,374948
ABalapap:75,ABalapap,75,30224,5224,-2331,-2392,5101,7.0,208,327,43,394124
ABalapap:76,ABalapap,76,29869,4869,-2496,-2774,4593,7.9,213,330,43,408613
ABalapap:77,ABalapap,77,29779,4779,-2531,-2746,4580,8.0,209,340,43,411609
ABalapap:78,ABalapap,78,29322,4322,-2852,-2997,4190,8.1,218,335,43,438261
ABalapap:79,ABalapap,79,28925,3925,-2796,-2961,3635,8.9,210,337,43,457727
ABalapap:80,ABalapap,80,29065,4065,-2114,-2289,3709,9.1,203,333,42,492248
ABalapap:81,ABalapap,81,31015,6015,-290,-248,5871,8.3,209,329,44,281248
ABalapapa:82,ABalapapa,82,31368,6368,-26,-134,5729,10.1,183,340,35,209379
ABalapapa:83,ABalapapa,83,29194,4194,-2655,-2693,3566,11.1,193,335,35,209757
ABalapapa:84,ABalapapa,84,29032,4032,-2606,-2684,2315,10.1,181,347,35,213056
ABalapapa:85,ABalapapa,85,29024,4024,-2608,-2781,2792,10.1,185,345,34,226262
ABalapapa:86,ABalapapa,86,30006,5006,-2139,-2167,4101,9.9,199,354,34,216481
ABalapapa:87,ABalapapa,87,30113,5113,-1336,-1468,4282,9.2,201,359,34,226237
ABalapapa:88,ABalapapa,88,30937,5937,-1155,-1375,4856,9.9,200,362,34,247112
ABalapapa:89,ABalapapa,89,30855,5855,-884,-1407,4526,9.1,206,372,34,249855
ABalapapa:90,ABalapapa,90,29394,4394,-2238,-2625,3151,8.9,203,379,34,259590
ABalapapa:91,ABalapapa,91,30101,5101,-1535,-1853,3722,8.3,204,374,36,298760
ABalapapa:92,ABalapapa,92,29480,4480,-2278,-2515,2616,8.2,206,373,34,263351
ABalapapa:93,ABalapapa,93,30069,5069,-1662,-2013,3622,8.9,202,369,34,267005
ABalapapa:94,ABalapapa,94,30064,5064,-1577,-2063,3628,8.1,191,375,36,346588
ABalapapa:95,ABalapapa,95,30830,5830,-1096,-1383,4332,8.8,191,374,34,281694
ABalapapa:96,ABalapapa,96,30279,5279,-1213,-1487,3678,8.2,189,373,36,301859
ABalapapa:97,ABalapapa,97,30118,5118,-2441,-2850,3551,8.2,195,368,37,301281
ABalapapa:98,ABalapapa,98,31979,6979,538,402,5699,8.4,186,370,37,299593
ABalapapa:99,ABalapapa,99,31042,6042,-792,-1081,4614,8.4,184,377,37,315210
ABalapapa:100,ABalapapa,100,31025,6025,-325,-316,4669,8.3,181,373,39,338594
ABalapapa:101,ABalapapa,101,30223,5223,-1702,-1704,3987,8.2,185,374,37,326518
ABalapapa:102,ABalapapa,102,30929,5929,-908,-1039,5048,8.2,178,373,37,342790
ABalapapa:103,ABalapapa,103,29970,4970,-1924,-2213,4196,7.9,177,381,35,291299
ABalapapa:104,ABalapapa,104,29368,4368,-2780,-2903,3192,7.8,179,374,35,287486
ABalapapa:105,ABalapapa,105,30507,5507,-1554,-2011,4431,7.2,179,376,37,351079
ABalapapp:82,ABalapapp,82,30381,5381,-1194,-1346,3526,8.1,234,338,27,91966
ABalapapp:83,ABalapapp,83,29974,4974,-2272,-2524,3278,8.2,242,335,37,221290
ABalapapp:84,ABalapapp,84,29389,4389,-2555,-2670,3566,8.9,244,337,35,185538
ABalapapp:85,ABalapapp,85,30649,5649,-1321,-1365,4956,8.1,250,343,34,195320
ABalapapp:86,ABalapapp,86,30440,5440,-1836,-1835,4029,8.1,250,351,36,248717
ABalapapp:87,ABalapapp,87,30395,5395,-1947,-2080,4440,8.2,248,348,36,246926
ABalapapp:88,ABalapapp,88,30028,5028,-2142,-2371,3617,8.3,247,354,36,257342
ABalapapp:89,ABalapapp,89,31463,6463,-802,-925,3360,8.3,251,352,36,250461
ABalapapp:90,ABalapapp,90,30228,5228,-2099,-2089,1825,8.3,245,343,36,252437
ABalapapp:91,ABalapapp,91,30473,5473,-2057,-2069,2946,9.2,245,343,36,279802
ABalapapp:92,ABalapapp,92,30646,5646,-1452,-1545,4084,10.0,247,348,36,302316
ABalapapp:93,ABalapapp,93,30375,5375,-1755,-1892,3417,10.1,246,352,36,307361
ABalapapp:94,ABalapapp,94,30305,5305,-1492,-1548,3567,10.0,245,354,36,332264
ABalapapp:95,ABalapapp,95,30096,5096,-2985,-3164,1723,9.2,239,352,36,325780
ABalapapp:96,ABalapapp,96,31390,6390,-830,-1019,4534,10.1,233,354,38,317838
ABalapapp:97,ABalapapp,97,30462,5462,-1963,-2080,3848,10.0,237,357,39,324179
ABalapapp:98,ABalapapp,98,30744,5744,-1604,-1763,3420,9.3,232,358,39,317641
ABalapapp:99,ABalapapp,99,30131,5131,-2235,-2496,3103,9.3,232,365,39,332521
ABalapapp:100,ABalapapp,100,29488,4488,-2481,-2720,2583,9.1,234,368,39,346744
ABalapapp:101,ABalapapp,101,30270,5270,-2578,-2767,3909,9.1,236,362,39,351917
ABalapapp:102,ABalapapp,102,30769,5769,-2003,-2254,3961,9.1,233,365,39,371105
ABalapapp:103,ABalapapp,103,30421,5421,-2682,-3014,2861,8.2,224,373,39,343409
ABalapapp:104,ABalapapp,104,30904,5904,-1621,-1871,4092,8.3,228,368,39,349993
ABalapapp:105,ABalapapp,105,29956,4956,-2520,-2829,3820,8.4,232,368,39,358404
ABalapp:45,ABalapp,45,35625,10625,2906,3141,10478,12.7,209,311,57,720737
ABalapp:46,ABalapp,46,37143,12143,4264,4536,11995,12.3,220,311,56,587075
ABalapp:47,ABalapp,47,37757,12757,4965,4979,12738,13.1,235,319,55,620751
ABalapp:48,ABalapp,48,37465,12465,4848,4871,12448,13.1,230,314,54,670293
ABalapp:49,ABalapp,49,36693,11693,4314,4314,11643,13.8,225,305,53,630496
ABalapp:50,ABalapp,50,37381,12381,4895,4895,12368,13.8,217,304,52,665503
ABalapp:51,ABalapp,51,35561,10561,3057,3057,10561,14.0,225,307,52,676553
ABalapp:52,ABalapp,52,33978,8978,1690,1690,8964,15.0,225,307,51,595767
ABalapp:53,ABalapp,53,33715,8715,2065,2050,8711,15.1,224,305,51,603825
ABalapp:54,ABalapp,54,33113,8113,1221,1283,8089,15.0,220,300,52,668099
ABalapp:55,ABalapp,55,32356,7356,927,976,7355,15.0,209,294,52,669104
ABalapp:56,ABalapp,56,31786,6786,222,264,6785,15.0,219,288,52,687514
ABalapp:57,ABalapp,57,31509,6509,29,52,6509,15.1,217,287,52,674837
ABalapp:58,ABalapp,58,32108,7108,644,628,6981,14.0,224,289,52,764578
ABalapp:59,ABalapp,59,32530,7530,692,668,7505,14.0,227,278,51,703996
ABalapp:60,ABalapp,60,30814,5814,-1207,-1228,5641,12.0,225,269,49,618682
ABalapp:61,ABalapp,61,30841,5841,-949,-1045,5711,11.3,221,281,49,448634
ABalappa:62,ABalappa,62,30837,5837,-549,-540,4127,11.0,194,282,43,371099
ABalappa:63,ABalappa,63,31967,6967,99,148,5283,9.9,190,283,43,378943
ABalappa:64,ABalappa,64,31999,6999,-293,-303,5977,10.2,179,283,43,381023
ABalappa:65,ABalappa,65,30475,5475,-1543,-1427,3359,10.2,178,291,43,400508
ABalappa:66,ABalappa,66,30400,5400,-1542,-1489,4448,11.0,175,294,43,341053
ABalappa:67,ABalappa,67,29771,4771,-2261,-2233,3824,11.1,177,299,43,359368
ABalappa:68,ABalappa,68,29911,4911,-1798,-1879,4221,11.1,181,307,43,360582
ABalappa:69,ABalappa,69,30730,5730,-655,-660,5197,11.0,184,309,43,379214
ABalappa:70,ABalappa,70,30544,5544,-505,-626,4739,11.1,193,305,43,371131
ABalappa:71,ABalappa,71,30929,5929,-407,-351,3902,11.1,202,301,43,381278
ABalappa:72,ABalappa,72,30744,5744,-637,-929,4155,11.1,201,302,43,389749
ABalappa:73,ABalappa,73,30107,5107,-1546,-1785,3831,11.1,205,298,43,403237
ABalappa:74,ABalappa,74,29728,4728,-1356,-1639,3915,11.1,204,298,43,421789
ABalappa:75,ABalappa,75,30480,5480,-460,-600,5134,10.9,210,293,43,424946
ABalappa:76,ABalappa,76,30026,5026,-1343,-1388,4757,11.0,217,291,43,433169
ABalappa:77,ABalappa,77,30003,5003,-1151,-1364,4750,10.1,208,290,43,431257
ABalappa:78,ABalappa,78,30068,5068,-1559,-1662,4888,9.0,204,279,43,468467
ABalappa:79,ABalappa,79,29562,4562,-1758,-1852,3946,9.0,193,273,45,507110
ABalappa:80,ABalappa,80,30735,5735,-729,-923,4664,9.1,195,273,42,477901
ABalappa:81,ABalappa,81,30029,5029,-1145,-1193,2976,9.0,181,284,40,372449
ABalappa:82,ABalappa,82,29645,4645,-1520,-1667,3425,8.3,168,299,39,355449
ABalappa:83,ABalappa,83,29688,4688,-1802,-2100,4065,9.0,162,291,35,265332
ABalappaa:84,ABalappaa,84,29579,4579,-1107,-1747,3018,8.1,153,307,27,105924
ABalappaa:85,ABalappaa,85,31913,6913,1539,1371,5176,8.1,153,307,27,105924
ABalappaa:86,ABalappaa,86,30459,5459,-261,-354,4328,7.0,150,320,34,229413
ABalappaa:87,ABalappaa,87,29954,4954,-913,-1083,4170,7.0,145,320,34,223810
ABalappaa:88,ABalappaa,88,29883,4883,-891,-953,4153,7.2,148,307,34,220184
ABalappaa:89,ABalappaa,89,30352,5352,-564,-511,4412,7.3,141,304,36,258343
ABalappaa:90,ABalappaa,90,29908,4908,-1142,-1380,4223,7.1,135,311,34,238722
ABalappaa:91,ABalappaa,91,29946,4946,-1981,-2208,4232,6.9,134,315,34,253831
ABalappaa:92,ABalappaa,92,30180,5180,-854,-906,4430,8.0,136,322,34,263327
ABalappaa:93,ABalappaa,93,30185,5185,-293,-543,4324,7.9,131,316,34,265292
ABalappaa:94,ABalappaa,94,30741,5741,-281,-695,4410,8.0,123,300,34,288736
ABalappaa:95,ABalappaa,95,30195,5195,-1098,-1452,3980,9.0,120,316,34,294640
ABalappaa:96,ABalappaa,96,29454,4454,-1522,-1859,3442,9.0,117,316,34,258222
ABalappaa:97,ABalappaa,97,30999,5999,125,-158,4969,9.2,117,308,37,302511
ABalappaa:98,ABalappaa,98,30050,5050,-1153,-1583,3882,9.0,116,316,35,267818
ABalappaa:99,ABalappaa,99,30914,5914,-205,-474,4960,9.0,119,326,35,267185
ABalappaa:100,ABalappaa,100,30161,5161,-1044,-1108,4219,9.1,119,324,35,270094
ABalappaa:101,ABalappaa,101,29989,4989,-861,-733,4052,9.0,122,327,35,278003
ABalappaa:102,ABalappaa,102,30129,5129,-1316,-1353,4308,9.0,116,315,35,289741
ABalappaa:103,ABalappaa,103,29638,4638,-1782,-2058,3352,9.0,114,315,35,291838
ABalappaa:104,ABalappaa,104,30064,5064,-936,-1039,3965,8.9,106,311,35,288567
ABalappaa:105,ABalappaa,105,29942,4942,-1455,-1756,4291,8.7,112,317,35,283592
ABalappap:84,ABalappap,84,30052,5052,-1587,-1923,3600,8.1,187,292,33,188496
ABalappap:85,ABalappap,85,32132,7132,-56,-60,6162,7.3,200,293,30,157769
ABalappap:86,ABalappap,86,30265,5265,-1696,-2011,4106,7.9,208,295,34,199336
ABalappap:87,ABalappap,87,30358,5358,-2063,-2341,4013,7.0,207,293,34,206492
ABalappap:88,ABalappap,88,29044,4044,-2978,-3425,1481,7.0,196,294,34,227629
ABalappap:89,ABalappap,89,30232,5232,-2096,-2479,3288,7.1,185,300,36,273000
ABalappap:90,ABalappap,90,30710,5710,-1517,-1714,4119,8.1,180,305,36,292421
ABalappap:91,ABalappap,91,31057,6057,-1038,-1165,5045,9.0,173,303,36,296420
ABalappap:92,ABalappap,92,30236,5236,-2052,-2450,4254,9.1,169,300,38,333900
ABalappap:93,ABalappap,93,30052,5052,-1940,-2537,4075,9.1,158,299,38,356655
ABalappap:94,ABalappap,94,30014,5014,-1917,-2547,3955,8.3,155,291,36,305887
ABalappap:95,ABalappap,95,30001,5001,-2547,-2976,3975,8.2,145,298,36,310407
ABalappap:96,ABalappap,96,30442,5442,-1571,-2029,4534,8.1,145,302,36,276793
ABalappap:97,ABalappap,97,29575,4575,-2448,-2935,3627,8.2,145,293,37,278382
ABalappap:98,ABalappap,98,30358,5358,-1334,-1635,4501,8.3,136,291,37,276785
ABalappap:99,ABalappap,99,29561,4561,-2914,-3345,3672,7.6,133,297,37,303786
ABalappap:100,ABalappap,100,30787,5787,-916,-1426,4844,8.3,128,294,37,289534
ABalappap:101,ABalappap,101,31976,6976,-9,-318,6342,7.5,127,292,37,270286
ABalappap:102,ABalappap,102,30759,5759,-1440,-1854,4773,7.7,125,282,35,252222
ABalappap:103,ABalappap,103,31230,6230,-1319,-1817,5317,7.5,120,279,37,286048
ABalappap:104,ABalappap,104,30931,5931,-167,-283,4783,8.9,116,274,35,283090
ABalappap:105,ABalappap,105,29778,4778,-1950,-2079,3769,8.9,114,278,35,276693
ABalappp:62,ABalappp,62,31867,6867,49,54,6839,11.2,255,289,39,266124
ABalappp:63,ABalappp,63,31111,6111,-302,-303,6058,11.8,258,279,43,329170
ABalappp:64,ABalappp,64,32367,7367,116,178,6996,11.0,264,273,45,388810
ABalappp:65,ABalappp,65,31127,6127,-933,-969,5764,11.0,260,270,43,379759
ABalappp:66,ABalappp,66,31539,6539,-275,-420,6302,11.8,257,266,43,298760
ABalappp:67,ABalappp,67,30114,5114,-1887,-2025,4897,11.9,254,268,43,305507
ABalappp:68,ABalappp,68,31340,6340,-343,-360,6249,12.9,249,265,43,314236
ABalappp:69,ABalappp,69,30449,5449,-1094,-1126,5151,12.1,249,274,43,319877
ABalappp:70,ABalappp,70,30433,5433,-1307,-1358,4830,12.0,253,273,43,321972
ABalappp:71,ABalappp,71,29951,4951,-1476,-1561,4709,12.9,242,260,43,325303
ABalappp:72,ABalappp,72,30182,5182,-1669,-1718,4877,12.0,237,245,43,340152
ABalappp:73,ABalappp,73,30680,5680,-831,-823,4939,11.1,231,235,43,372047
ABalappp:74,ABalappp,74,30100,5100,-1705,-1778,4927,10.9,228,234,43,388765
ABalappp:75,ABalappp,75,30792,5792,-1200,-1315,5656,10.9,238,234,43,394885
ABalappp:76,ABalappp,76,30330,5330,-1503,-1641,5159,11.0,250,237,43,422230
ABalappp:77,ABalappp,77,30779,5779,-719,-832,5680,11.9,252,237,43,407980
ABalappp:78,ABalappp,78,29235,4235,-2639,-2821,4096,12.0,253,233,43,463597
ABalappp:79,ABalappp,79,29276,4276,-2603,-2686,4018,11.0,257,223,43,430972
ABalappp:80,ABalappp,80,28719,3719,-2794,-2794,3384,10.0,253,225,34,272564
ABalapppa:81,ABalapppa,81,30531,5531,-1282,-1277,4875,9.3,212,240,28,108802
ABalapppa:82,ABalapppa,82,31363,6363,-98,-204,6096,9.2,198,260,35,166988
ABalapppa:83,ABalapppa,83,29899,4899,-1881,-1876,4669,10.0,201,268,35,197680
ABalapppa:84,ABalapppa,84,30617,5617,-677,-843,4817,9.2,207,272,29,116731
ABalapppa:85,ABalapppa,85,30033,5033,-1839,-1992,4161,8.9,216,262,34,189012
ABalapppa:86,ABalapppa,86,30128,5128,-1934,-2151,3755,7.9,218,264,34,206579
ABalapppa:87,ABalapppa,87,31235,6235,-1290,-1739,4992,7.3,210,256,36,238307
ABalapppa:88,ABalapppa,88,31008,6008,-1879,-2383,4756,7.3,206,260,36,245304
ABalapppa:89,ABalapppa,89,29450,4450,-3139,-4059,3255,7.8,199,265,34,213757
ABalapppa:90,ABalapppa,90,31048,6048,-1444,-1784,2999,7.2,196,273,36,281749
ABalapppa:91,ABalapppa,91,30729,5729,-2120,-2316,2478,7.2,198,275,36,298260
ABalapppa:92,ABalapppa,92,30877,5877,-1753,-2493,3292,7.3,190,276,36,296099
ABalapppa:93,ABalapppa,93,29883,4883,-2984,-3374,2281,8.0,186,280,38,355153
ABalapppa:94,ABalapppa,94,30337,5337,-2526,-3095,3610,7.3,185,279,38,342971
ABalapppa:95,ABalapppa,95,30701,5701,-2305,-2858,3794,7.3,177,285,38,340494
ABalapppa:96,ABalapppa,96,30993,5993,-1710,-2288,4812,7.3,170,284,36,261183
ABalapppa:97,ABalapppa,97,29923,4923,-3078,-3561,3345,7.2,172,282,37,284411
ABalapppa:98,ABalapppa,98,30447,5447,-2057,-2570,3831,7.3,168,284,39,326591
ABalapppa:99,ABalapppa,99,30518,5518,-2346,-2859,3489,7.1,167,288,35,245005
ABalapppa:100,ABalapppa,100,30158,5158,-2790,-3354,3637,7.2,163,285,39,332774
ABalapppa:101,ABalapppa,101,30814,5814,-2533,-2704,4094,7.2,164,283,37,309575
ABalapppa:102,ABalapppa,102,31411,6411,-1268,-1588,5099,7.2,163,283,37,303079
ABalapppa:103,ABalapppa,103,30677,5677,-2524,-2836,4523,7.1,153,280,35,253886
ABalapppa:104,ABalapppa,104,31639,6639,-1377,-1749,5573,7.1,149,273,35,263435
ABalapppa:105,ABalapppa,105,30611,5611,-2678,-3362,4519,7.1,149,271,37,321948
ABalapppp:81,ABalapppp,81,29449,4449,-2973,-2973,4238,9.0,263,234,30,153300
ABalapppp:82,ABalapppp,82,30354,5354,-1396,-1396,5232,9.1,255,233,33,166330
ABalapppp:83,ABalapppp,83,31351,6351,-305,-297,6160,9.2,261,231,35,184023
ABalapppp:84,ABalapppp,84,30519,5519,-2440,-2546,4980,8.3,260,229,39,224431
ABalapppp:85,ABalapppp,85,32184,7184,-813,-818,6496,7.5,258,224,36,184386
ABalapppp:86,ABalapppp,86,30874,5874,-2190,-2237,5094,7.4,260,228,36,206903
ABalapppp:87,ABalapppp,87,30440,5440,-3015,-3326,4144,7.5,256,229,36,238471
ABalapppp:88,ABalapppp,88,30558,5558,-2333,-2417,4887,8.0,259,227,36,254113
ABalapppp:89,ABalapppp,89,31055,6055,-2224,-2404,5442,7.3,255,233,36,239212
ABalapppp:90,ABalapppp,90,30000,5000,-3068,-3213,4220,7.3,253,234,36,242293
ABalapppp:91,ABalapppp,91,30237,5237,-3140,-3267,3554,8.1,241,227,38,304029
ABalapppp:92,ABalapppp,92,31225,6225,-1728,-1951,4832,8.3,240,237,38,317066
ABalapppp:93,ABalapppp,93,31158,6158,-1930,-2091,3862,8.2,232,239,38,321132
ABalapppp:94,ABalapppp,94,31556,6556,-1621,-1566,3797,8.2,233,238,38,329896
ABalapppp:95,ABalapppp,95,30891,5891,-1955,-2105,3128,8.3,229,244,38,326579
ABalapppp:96,ABalapppp,96,30134,5134,-2637,-2921,2254,8.2,224,237,38,307510
ABalapppp:97,ABalapppp,97,31067,6067,-1983,-2015,3107,8.3,225,236,39,310714
ABalapppp:98,ABalapppp,98,31921,6921,-987,-1153,4947,8.3,219,235,39,283573
ABalapppp:99,ABalapppp,99,30589,5589,-2355,-2631,2946,8.2,212,241,39,334815
ABalapppp:100,ABalapppp,100,29704,4704,-3092,-3228,1940,8.3,204,235,39,323702
ABalapppp:101,ABalapppp,101,30584,5584,-1995,-2052,3260,8.3,207,229,39,345099
ABalapppp:102,ABalapppp,102,30505,5505,-2532,-2835,4014,8.3,207,224,39,335691
ABalapppp:103,ABalapppp,103,30335,5335,-2464,-2753,4242,8.0,202,228,39,343318
ABalapppp:104,ABalapppp,104,30598,5598,-2292,-2651,4476,8.2,201,218,39,357142
ABalapppp:105,ABalapppp,105,29816,4816,-3334,-3526,3570,8.3,202,220,39,369422
ABalp:22,ABalp,22,29650,4650,-2778,-2810,4626,18.3,181,366,55,726037
ABalp:23,ABalp,23,30088,5088,-2570,-2571,5088,17.0,238,404,55,607370
ABalp:24,ABalp,24,30022,5022,-2171,-2171,5022,17.4,251,407,62,902623
ABalp:25,ABalp,25,29244,4244,-3426,-3426,4244,15.3,254,403,63,1098778
ABalp:26,ABalp,26,29178,4178,-3755,-3755,4178,15.3,227,405,63,1304856
ABalp:27,ABalp,27,29154,4154,-3769,-3769,4154,15.3,226,407,65,1618569
ABalp:28,ABalp,28,29567,4567,-3346,-3346,4567,16.3,229,411,67,1824149
ABalp:29,ABalp,29,29255,4255,-3300,-3300,4255,16.6,228,406,68,2009499
ABalp:30,ABalp,30,28678,3678,-3760,-3760,3678,17.9,224,392,64,1131910
ABalpa:31,ABalpa,31,30280,5280,-1386,-1444,5117,19.9,221,399,61,811472
ABalpa:32,ABalpa,32,30126,5126,-1316,-1326,5126,19.7,186,393,60,759690
ABalpa:33,ABalpa,33,31724,6724,274,274,6724,20.0,158,374,61,841280
ABalpa:34,ABalpa,34,32069,7069,704,704,7069,19.6,158,375,60,841280
ABalpa:35,ABalpa,35,31887,6887,207,207,6887,19.2,159,377,58,841280
ABalpa:36,ABalpa,36,33136,8136,1358,1358,8136,18.8,159,379,56,841280
ABalpa:37,ABalpa,37,33354,8354,652,652,8354,18.4,160,381,54,841280
ABalpa:38,ABalpa,38,34533,9533,1992,1992,9533,18.0,161,383,52,0
ABalpa:39,ABalpa,39,35399,10399,2365,2365,10399,17.8,161,382,52,0
ABalpa:40,ABalpa,40,35230,10230,2016,2014,10230,17.6,161,381,52,0
ABalpa:41,ABalpa,41,35000,10000,2130,2130,10000,17.4,162,379,52,0
ABalpa:42,ABalpa,42,35196,10196,2422,2422,10196,17.2,162,378,52,0
ABalpa:43,ABalpa,43,31059,6059,-1789,-1795,6059,17.0,163,376,52,0
ABalpaa:44,ABalpaa,44,30948,5948,-1783,-2001,5941,15.0,133,379,50,573206
ABalpaa:45,ABalpaa,45,36971,11971,4389,4327,11958,14.6,145,392,57,769663
ABalpaa:46,ABalpaa,46,38843,13843,7049,7049,13843,13.1,137,382,56,643268
ABalpaa:47,ABalpaa,47,40584,15584,9206,9157,15570,13.1,126,381,55,686951
ABalpaa:48,ABalpaa,48,41582,16582,7461,7483,16493,13.2,122,361,40,344819
ABalpaa:49,ABalpaa,49,41570,16570,7123,7215,16386,14.1,117,357,39,346328
ABalpaa:50,ABalpaa,50,38711,13711,6696,6525,13597,13.1,112,355,52,763784
ABalpaa:51,ABalpaa,51,39261,14261,6980,6971,14227,12.2,120,365,52,771336
ABalpaa:52,ABalpaa,52,38530,13530,5904,5882,13525,12.0,123,366,51,748226
ABalpaa:53,ABalpaa,53,37518,12518,4279,4280,12512,11.9,131,370,51,741308
ABalpaa:54,ABalpaa,54,37470,12470,5258,5242,12468,12.1,131,381,52,815721
ABalpaa:55,ABalpaa,55,35436,10436,2536,2514,10425,13.0,129,373,52,840420
ABalpaa:56,ABalpaa,56,35626,10626,3267,3155,10594,13.0,127,368,52,840109
ABalpaa:57,ABalpaa,57,33149,8149,1165,1048,8110,13.1,121,349,52,822876
ABalpaa:58,ABalpaa,58,32883,7883,1208,1007,7825,13.8,119,346,52,821129
ABalpaa:59,ABalpaa,59,30330,5330,-1630,-1776,5235,14.2,119,331,51,646450
ABalpaaa:60,ABalpaaa,60,32259,7259,2070,2370,7189,14.0,99,306,49,459487
ABalpaaa:61,ABalpaaa,61,33025,8025,1706,1683,7871,13.1,101,338,34,228284
ABalpaaa:62,ABalpaaa,62,32868,7868,2096,2080,7431,13.1,101,338,34,228284
ABalpaaa:63,ABalpaaa,63,32091,7091,2384,2350,6688,13.2,100,327,45,405343
ABalpaaa:64,ABalpaaa,64,31233,6233,1291,1322,6057,13.1,106,327,43,393300
ABalpaaa:65,ABalpaaa,65,31050,6050,695,713,5577,14.1,113,329,43,437434
ABalpaaa:66,ABalpaaa,66,30491,5491,557,453,5071,14.1,107,325,43,351266
ABalpaaa:67,ABalpaaa,67,31541,6541,1259,1260,6255,13.1,103,339,43,370625
ABalpaaa:68,ABalpaaa,68,31216,6216,543,663,5725,12.9,105,342,43,391356
ABalpaaa:69,ABalpaaa,69,31460,6460,1325,1364,6102,12.0,104,338,43,378181
ABalpaaa:70,ABalpaaa,70,29575,4575,-1035,-1016,4450,12.1,109,332,43,368570
ABalpaaa:71,ABalpaaa,71,31037,6037,1104,1168,5760,13.2,98,335,45,412108
ABalpaaa:72,ABalpaaa,72,29951,4951,-716,-748,4658,13.1,98,338,30,201920
ABalpaaa:73,ABalpaaa,73,31070,6070,-365,-185,5666,14.1,106,336,30,204688
ABalpaaa:74,ABalpaaa,74,29417,4417,-1877,-2022,3853,16.1,104,333,30,208011
ABalpaaa:75,ABalpaaa,75,31881,6881,437,338,5433,16.1,104,333,30,208011
ABalpaaa:76,ABalpaaa,76,29209,4209,-1599,-1467,3077,14.1,99,341,30,227259
ABalpaaa:77,ABalpaaa,77,29827,4827,-1102,-933,3334,14.1,97,321,43,495756
ABalpaaa:78,ABalpaaa,78,30018,5018,-983,-1027,4056,13.1,95,309,43,518970
ABalpaaa:79,ABalpaaa,79,29584,4584,-1255,-1424,4295,14.0,93,312,43,528971
ABalpaaa:80,ABalpaaa,80,29832,4832,-852,-853,3866,13.0,94,312,42,545375
ABalpaaa:81,ABalpaaa,81,29672,4672,-1293,-1415,3658,15.9,95,323,40,393909
ABalpaaa:82,ABalpaaa,82,29564,4564,-1312,-1652,3981,17.0,109,334,41,404874
ABalpaaa:83,ABalpaaa,83,30596,5596,-568,-586,5289,19.0,127,340,35,280516
ABalpaaaa:84,ABalpaaaa,84,29338,4338,-906,-1072,3255,18.1,112,316,35,238610
ABalpaaaa:85,ABalpaaaa,85,29699,4699,-357,-414,3218,18.1,112,316,35,238610
ABalpaaaa:86,ABalpaaaa,86,30149,5149,43,125,3436,18.1,112,331,36,267657
ABalpaaaa:87,ABalpaaaa,87,29699,4699,-279,-375,3344,18.1,107,321,38,294614
ABalpaaaa:88,ABalpaaaa,88,30018,5018,-356,-276,4227,18.2,116,333,38,286150
ABalpaaaa:89,ABalpaaaa,89,29794,4794,-800,-963,4083,18.2,118,344,38,271041
ABalpaaaa:90,ABalpaaaa,90,30477,5477,-343,-448,4716,19.1,126,341,38,308542
ABalpaaaa:91,ABalpaaaa,91,30004,5004,-699,-642,3831,19.2,127,344,38,321372
ABalpaaaa:92,ABalpaaaa,92,30129,5129,-1522,-1747,3812,20.2,137,337,38,320756
ABalpaaaa:93,ABalpaaaa,93,29800,4800,-1196,-1308,4064,21.0,134,333,38,350094
ABalpaaaa:94,ABalpaaaa,94,30871,5871,24,-170,4916,21.2,133,320,38,340515
ABalpaaaa:95,ABalpaaaa,95,29255,4255,-1264,-1646,2836,21.2,132,327,38,356018
ABalpaaaa:96,ABalpaaaa,96,30271,5271,-850,-871,3978,21.2,132,323,38,326262
ABalpaaaa:97,ABalpaaaa,97,30123,5123,-1320,-1659,3866,21.2,141,322,39,306187
ABalpaaaa:98,ABalpaaaa,98,29965,4965,-1185,-1219,3656,22.0,142,315,39,349216
ABalpaaaa:99,ABalpaaaa,99,30675,5675,-741,-1016,4591,22.1,145,324,39,357009
ABalpaaaa:100,ABalpaaaa,100,29703,4703,-1407,-1542,3500,22.1,138,324,39,372040
ABalpaaaa:101,ABalpaaaa,101,30735,5735,-520,-632,4931,21.3,142,333,39,353011
ABalpaaaa:102,ABalpaaaa,102,30642,5642,-120,-201,4681,21.3,143,332,39,350457
ABalpaaaa:103,ABalpaaaa,103,30517,5517,-698,-931,4795,21.3,143,339,39,365107
ABalpaaaa:104,ABalpaaaa,104,29694,4694,-1182,-1419,4305,22.0,146,340,39,385411
ABalpaaaa:105,ABalpaaaa,105,30762,5762,-67,-208,4908,22.2,155,347,39,372822
ABalpaaap:84,ABalpaaap,84,30956,5956,422,218,5276,20.1,138,362,35,190829
ABalpaaap:85,ABalpaaap,85,30555,5555,186,104,4612,20.1,140,372,34,182227
ABalpaaap:86,ABalpaaap,86,31428,6428,892,824,5507,20.1,147,376,34,206248
ABalpaaap:87,ABalpaaap,87,29389,4389,-487,-496,3881,20.9,138,369,34,189800
ABalpaaap:88,ABalpaaap,88,29863,4863,-649,-656,4293,21.0,140,370,38,265111
ABalpaaap:89,ABalpaaap,89,29183,4183,-1282,-1380,2871,20.1,147,382,34,218178
ABalpaaap:90,ABalpaaap,90,30359,5359,-285,-491,3997,20.1,146,382,36,267636
ABalpaaap:91,ABalpaaap,91,29484,4484,-918,-914,3059,20.9,152,381,34,239847
ABalpaaap:92,ABalpaaap,92,30665,5665,-576,-567,4187,21.3,160,377,36,293020
ABalpaaap:93,ABalpaaap,93,30962,5962,-80,-146,5526,22.0,160,368,36,307311
ABalpaaap:94,ABalpaaap,94,29433,4433,-1029,-1077,3974,22.3,167,355,36,298465
ABalpaaap:95,ABalpaaap,95,29720,4720,-1188,-1334,4326,22.3,166,352,38,325370
ABalpaaap:96,ABalpaaap,96,30016,5016,-1090,-1167,4277,22.2,166,342,36,269931
ABalpaaap:97,ABalpaaap,97,30152,5152,-857,-1029,4558,22.2,175,342,39,301439
ABalpaaap:98,ABalpaaap,98,30752,5752,-335,-401,4747,22.2,175,332,39,318486
ABalpaaap:99,ABalpaaap,99,29843,4843,-1450,-1532,4005,21.3,182,341,37,271518
ABalpaaap:100,ABalpaaap,100,29586,4586,-1540,-1568,3763,22.0,181,336,37,311825
ABalpaaap:101,ABalpaaap,101,30637,5637,-625,-741,4317,21.2,189,340,37,293127
ABalpaaap:102,ABalpaaap,102,29676,4676,-1089,-1141,3439,22.1,186,340,37,322351
ABalpaaap:103,ABalpaaap,103,31046,6046,43,94,5123,21.2,187,347,37,321075
ABalpaaap:104,ABalpaaap,104,29933,4933,-1245,-1202,4264,20.8,191,345,35,286123
ABalpaaap:105,ABalpaaap,105,30420,5420,-658,-720,4278,20.1,199,351,37,327397
ABalpaap:60,ABalpaap,60,33291,8291,1486,1497,8149,14.1,140,348,49,457234
ABalpaap:61,ABalpaap,61,32651,7651,179,179,7328,13.9,157,368,45,345218
ABalpaap:62,ABalpaap,62,32041,7041,-85,-75,6321,13.3,158,381,45,337529
ABalpaap:63,ABalpaap,63,32713,7713,481,498,7250,14.1,155,374,47,444891
ABalpaap:64,ABalpaap,64,32273,7273,-33,-82,7143,15.0,165,369,47,474412
ABalpaap:65,ABalpaap,65,31675,6675,-651,-678,6470,15.1,165,370,45,420781
ABalpaap:66,ABalpaap,66,31012,6012,-1235,-1245,5788,15.1,159,368,47,415860
ABalpaap:67,ABalpaap,67,31222,6222,-919,-981,5896,14.3,150,382,47,410951
ABalpaap:68,ABalpaap,68,31438,6438,-684,-809,6200,14.3,151,386,47,439214
ABalpaap:69,ABalpaap,69,31351,6351,-491,-589,6099,14.2,146,381,47,454052
ABalpaap:70,ABalpaap,70,30282,5282,-1726,-1777,5103,15.1,147,374,45,388982
ABalpaap:71,ABalpaap,71,30697,5697,-806,-913,5341,15.1,145,371,47,457730
ABalpaap:72,ABalpaap,72,30486,5486,-869,-964,5354,15.1,137,372,47,481619
ABalpaap:73,ABalpaap,73,31114,6114,330,274,5893,15.0,139,383,45,435176
ABalpaap:74,ABalpaap,74,29740,4740,-1273,-1483,4325,15.0,143,380,47,516281
ABalpaap:75,ABalpaap,75,29661,4661,-893,-864,4470,14.1,138,388,47,530835
ABalpaap:76,ABalpaap,76,28714,3714,-2348,-2388,3630,13.1,141,385,45,480523
ABalpaap:77,ABalpaap,77,29556,4556,-1296,-1412,4387,14.0,134,376,43,454879
ABalpaap:78,ABalpaap,78,29845,4845,-553,-587,4748,13.3,134,363,45,494750
ABalpaap:79,ABalpaap,79,29803,4803,-1530,-1545,4692,14.1,141,355,43,488819
ABalpaapa:80,ABalpaapa,80,31632,6632,-958,-984,6365,11.2,129,345,34,231573
ABalpaapa:81,ABalpaapa,81,30925,5925,-408,-408,5765,11.3,127,365,34,157171
ABalpaapa:82,ABalpaapa,82,28913,3913,-1987,-2018,3721,12.1,128,379,37,228584
ABalpaapa:83,ABalpaapa,83,30255,5255,-1664,-1664,5012,13.9,131,375,35,194216
ABalpaapa:84,ABalpaapa,84,29085,4085,-1448,-1461,3975,14.1,134,372,37,226794
ABalpaapa:85,ABalpaapa,85,29846,4846,-1156,-1164,4755,14.1,135,371,38,263525
ABalpaapa:86,ABalpaapa,86,29833,4833,-1483,-1521,4305,14.2,148,372,38,274348
ABalpaapa:87,ABalpaapa,87,29704,4704,-2200,-2351,3402,15.2,148,364,38,288980
ABalpaapa:88,ABalpaapa,88,29288,4288,-2054,-2212,3097,16.1,152,367,38,302243
ABalpaapa:89,ABalpaapa,89,29914,4914,-1474,-1592,3910,16.2,156,377,38,309234
ABalpaapa:90,ABalpaapa,90,29208,4208,-1462,-1526,2802,16.1,148,386,38,339402
ABalpaapa:91,ABalpaapa,91,29971,4971,-1152,-1210,4160,17.1,159,389,38,326964
ABalpaapa:92,ABalpaapa,92,30972,5972,-647,-750,4900,17.1,156,389,38,334309
ABalpaapa:93,ABalpaapa,93,30114,5114,-1104,-1259,3711,17.1,144,384,38,324664
ABalpaapa:94,ABalpaapa,94,30096,5096,-1280,-1487,3607,18.1,141,373,38,347957
ABalpaapa:95,ABalpaapa,95,29297,4297,-2566,-2663,3632,18.1,147,378,38,366171
ABalpaapa:96,ABalpaapa,96,29137,4137,-2483,-2541,3658,19.1,147,377,38,307880
ABalpaapa:97,ABalpaapa,97,30834,5834,-1140,-1131,5312,19.1,151,373,39,314085
ABalpaapa:98,ABalpaapa,98,31732,6732,247,182,5973,19.2,148,367,39,314897
ABalpaapa:99,ABalpaapa,99,30795,5795,-859,-1003,5202,20.0,153,375,39,335350
ABalpaapa:100,ABalpaapa,100,29394,4394,-2127,-2187,3347,19.2,149,372,39,316572
ABalpaapa:101,ABalpaapa,101,29810,4810,-2407,-2560,3978,19.1,156,375,39,352652
ABalpaapa:102,ABalpaapa,102,30422,5422,-846,-861,4688,18.3,152,375,39,337815
ABalpaapa:103,ABalpaapa,103,30460,5460,-1664,-1660,4706,19.0,152,376,39,401449
ABalpaapa:104,ABalpaapa,104,30348,5348,-1362,-1496,4712,18.3,149,376,37,327146
ABalpaapa:105,ABalpaapa,105,29697,4697,-1880,-1984,4007,19.1,153,373,39,404891
ABalpaapp:80,ABalpaapp,80,31667,6667,694,553,6231,16.2,159,352,34,245841
ABalpaapp:81,ABalpaapp,81,29819,4819,-1020,-1084,3457,18.0,173,359,40,239655
ABalpaapp:82,ABalpaapp,82,30494,5494,-286,-247,4861,17.2,186,360,39,238862
ABalpaapp:83,ABalpaapp,83,30556,5556,-1071,-1221,4723,17.3,196,353,39,235583
ABalpaapp:84,ABalpaapp,84,29790,4790,-990,-1146,3968,18.1,203,352,35,197352
ABalpaapp:85,ABalpaapp,85,30621,5621,-596,-618,5237,17.0,201,351,36,245990
ABalpaapp:86,ABalpaapp,86,29929,4929,-1122,-1104,4379,16.3,204,352,36,207225
ABalpaapp:87,ABalpaapp,87,29659,4659,-1920,-1953,4089,17.3,200,352,38,259267
ABalpaapp:88,ABalpaapp,88,30362,5362,-893,-940,4870,17.2,210,351,38,262299
ABalpaapp:89,ABalpaapp,89,29454,4454,-1787,-1874,3945,17.1,212,360,38,281841
ABalpaapp:90,ABalpaapp,90,29183,4183,-1946,-2025,2558,17.1,210,362,38,320467
ABalpaapp:91,ABalpaapp,91,30061,5061,-1424,-1624,3781,16.2,211,372,38,319162
ABalpaapp:92,ABalpaapp,92,30329,5329,-1431,-1425,4093,16.2,211,373,36,307326
ABalpaapp:93,ABalpaapp,93,29833,4833,-2021,-2243,3512,16.3,202,377,38,347383
ABalpaapp:94,ABalpaapp,94,29524,4524,-2262,-2569,3296,17.2,199,370,38,374290
ABalpaapp:95,ABalpaapp,95,29958,4958,-1449,-1618,3892,17.0,205,376,38,387608
ABalpaapp:96,ABalpaapp,96,30191,5191,-1315,-1344,4329,17.2,208,378,38,336358
ABalpaapp:97,ABalpaapp,97,29754,4754,-1742,-1799,2809,17.1,208,382,39,347844
ABalpaapp:98,ABalpaapp,98,30894,5894,-273,-380,4560,17.0,208,381,39,345829
ABalpaapp:99,ABalpaapp,99,30683,5683,-934,-1090,4167,16.3,210,390,37,301798
ABalpaapp:100,ABalpaapp,100,30682,5682,-1190,-1402,3393,16.2,207,391,39,353469
ABalpaapp:101,ABalpaapp,101,29955,4955,-1764,-1833,2808,16.2,213,391,39,369195
ABalpaapp:102,ABalpaapp,102,29820,4820,-1420,-1626,2516,16.2,212,394,39,372885
ABalpaapp:103,ABalpaapp,103,30093,5093,-1394,-1716,3220,16.3,205,397,39,395105
ABalpaapp:104,ABalpaapp,104,31051,6051,-448,-672,3146,16.3,203,396,39,420500
ABalpaapp:105,ABalpaapp,105,29783,4783,-1831,-2106,2000,17.0,209,396,39,451242
ABalpap:44,ABalpap,44,31342,6342,-935,-948,6338,19.8,186,388,58,717562
ABalpap:45,ABalpap,45,34171,9171,2214,2160,9093,19.8,192,404,57,675985
ABalpap:46,ABalpap,46,34094,9094,2525,2427,9055,19.9,197,402,56,524397
ABalpap:47,ABalpap,47,35112,10112,3496,3486,10112,20.0,201,411,55,558986
ABalpap:48,ABalpap,48,35141,10141,3214,3214,10141,20.0,188,402,54,645482
ABalpap:49,ABalpap,49,36204,11204,4233,4233,11204,19.0,185,405,53,617876
ABalpap:50,ABalpap,50,36255,11255,4137,4133,11255,18.0,173,405,52,674883
ABalpap:51,ABalpap,51,37026,12026,4636,4629,12026,16.4,180,411,54,756308
ABalpap:52,ABalpap,52,36696,11696,4154,4149,11688,17.0,179,411,55,799045
ABalpap:53,ABalpap,53,36734,11734,4310,4264,11682,17.0,179,409,55,808687
ABalpap:54,ABalpap,54,35955,10955,3538,3487,10946,17.1,185,409,54,805602
ABalpap:55,ABalpap,55,34998,9998,2530,2462,9983,17.2,182,410,54,801456
ABalpap:56,ABalpap,56,34533,9533,2245,2213,9522,17.1,172,401,52,766832
ABalpap:57,ABalpap,57,33103,8103,740,733,8102,17.0,172,393,54,811786
ABalpap:58,ABalpap,58,30725,5725,-1208,-1212,5725,16.9,165,390,52,627890
ABalpapa:59,ABalpapa,59,30266,5266,-1477,-1459,5239,17.1,136,375,35,225273
ABalpapa:60,ABalpapa,60,31376,6376,692,801,5667,19.9,129,346,49,430962
ABalpapa:61,ABalpapa,61,32674,7674,1647,1611,7546,20.1,133,349,45,337055
ABalpapa:62,ABalpapa,62,31681,6681,720,738,6674,21.0,141,340,45,360438
ABalpapa:63,ABalpapa,63,31652,6652,418,405,6504,20.1,146,348,45,372183
ABalpapa:64,ABalpapa,64,31345,6345,873,843,6071,20.1,145,350,43,384709
ABalpapa:65,ABalpapa,65,30724,5724,60,68,5494,20.2,143,352,45,386399
ABalpapa:66,ABalpapa,66,31022,6022,105,120,5766,19.3,130,350,45,314561
ABalpapa:67,ABalpapa,67,31049,6049,-593,-622,5713,18.9,133,363,43,335292
ABalpapa:68,ABalpapa,68,31263,6263,335,310,5736,19.0,135,370,43,325458
ABalpapa:69,ABalpapa,69,30446,5446,-708,-648,5016,19.0,129,365,43,328651
ABalpapa:70,ABalpapa,70,31123,6123,437,436,5666,18.3,123,348,47,406966
ABalpapa:71,ABalpapa,71,29857,4857,-1170,-1241,4015,18.2,128,353,45,361413
ABalpapa:72,ABalpapa,72,30741,5741,-635,-790,5304,19.1,121,345,47,486560
ABalpapa:73,ABalpapa,73,30513,5513,-597,-689,4931,19.1,130,357,47,485192
ABalpapa:74,ABalpapa,74,30488,5488,-261,-417,4583,19.1,136,367,45,395871
ABalpapa:75,ABalpapa,75,30081,5081,-1208,-1249,4667,19.1,133,362,47,490382
ABalpapa:76,ABalpapa,76,31193,6193,-30,-121,5834,18.1,124,356,43,449258
ABalpapa:77,ABalpapa,77,29643,4643,-1014,-1121,3934,18.0,120,357,43,478963
ABalpapa:78,ABalpapa,78,29395,4395,-1312,-1403,3957,18.0,117,343,43,470985
ABalpapaa:79,ABalpapaa,79,28972,3972,-1280,-1059,2785,18.0,105,333,30,203301
ABalpapaa:80,ABalpapaa,80,30170,5170,-232,-286,4129,17.1,102,325,30,203608
ABalpapaa:81,ABalpapaa,81,29527,4527,-921,-933,3896,19.0,112,343,40,268802
ABalpapaa:82,ABalpapaa,82,28973,3973,-1309,-1334,3822,20.0,130,368,37,218233
ABalpapaa:83,ABalpapaa,83,31354,6354,832,829,5588,19.1,140,383,37,204174
ABalpapaa:84,ABalpapaa,84,28680,3680,-1796,-1788,2930,20.0,147,391,29,115344
ABalpapaa:85,ABalpapaa,85,29678,4678,-615,-541,4216,19.1,154,405,38,251332
ABalpapaa:86,ABalpapaa,86,29693,4693,-273,-216,4389,18.0,154,411,34,186978
ABalpapaa:87,ABalpapaa,87,29626,4626,-404,-418,4451,19.1,155,403,38,243562
ABalpapaa:88,ABalpapaa,88,30260,5260,126,76,5059,19.3,168,408,38,236770
ABalpapaa:89,ABalpapaa,89,29500,4500,-624,-685,4198,19.1,172,412,38,264395
ABalpapaa:90,ABalpapaa,90,30301,5301,-4,-320,4735,20.1,175,403,38,309098
ABalpapaa:91,ABalpapaa,91,29347,4347,-1549,-1760,3877,21.1,187,398,38,283860
ABalpapaa:92,ABalpapaa,92,30910,5910,-50,-234,5180,21.1,189,396,38,303886
ABalpapaa:93,ABalpapaa,93,30043,5043,-565,-678,4127,20.1,187,395,36,295207
ABalpapaa:94,ABalpapaa,94,29796,4796,-1065,-1335,3513,20.2,181,387,38,345980
ABalpapaa:95,ABalpapaa,95,29345,4345,-1286,-1318,3678,21.1,187,391,38,350258
ABalpapaa:96,ABalpapaa,96,30314,5314,-221,-247,4786,22.0,187,382,38,301100
ABalpapaa:97,ABalpapaa,97,29482,4482,-1174,-1317,3762,21.1,194,389,37,258414
ABalpapaa:98,ABalpapaa,98,30388,5388,-839,-908,4449,21.1,192,381,37,278864
ABalpapaa:99,ABalpapaa,99,30599,5599,-504,-523,4904,21.1,196,390,37,282460
ABalpapaa:100,ABalpapaa,100,30408,5408,-1067,-1086,4885,21.0,193,393,37,299287
ABalpapaa:101,ABalpapaa,101,30230,5230,-1021,-1121,4688,21.2,199,392,39,323387
ABalpapaa:102,ABalpapaa,102,30273,5273,-1021,-1137,4867,21.2,196,389,39,310474
ABalpapaa:103,ABalpapaa,103,31801,6801,628,680,6036,21.1,196,389,37,308936
ABalpapaa:104,ABalpapaa,104,30590,5590,-166,-255,4917,21.1,200,388,39,372085
ABalpapaa:105,ABalpapaa,105,30177,5177,-928,-1181,3618,21.1,201,391,39,368339
ABalpapap:79,ABalpapap,79,30291,5291,-361,-580,4400,19.7,134,339,37,470985
ABalpapap:80,ABalpapap,80,30058,5058,-521,-637,4228,21.3,151,334,30,174487
ABalpapap:81,ABalpapap,81,30446,5446,-375,-605,3574,21.1,170,348,42,237988
ABalpapap:82,ABalpapap,82,30003,5003,-1302,-1395,4262,23.0,180,359,37,211991
ABalpapap:83,ABalpapap,83,30282,5282,-1186,-1348,4411,21.2,187,370,37,200517
ABalpapap:84,ABalpapap,84,30797,5797,353,99,5064,22.1,184,368,37,203580
ABalpapap:85,ABalpapap,85,30822,5822,257,122,5239,22.0,176,365,38,238175
ABalpapap:86,ABalpapap,86,30027,5027,-950,-926,4480,21.2,184,384,36,201146
ABalpapap:87,ABalpapap,87,30021,5021,-1233,-1337,4276,21.1,193,375,36,221150
ABalpapap:88,ABalpapap,88,30102,5102,-896,-940,4509,21.2,191,374,36,235926
ABalpapap:89,ABalpapap,89,29718,4718,-1255,-1168,4048,21.2,196,380,38,266841
ABalpapap:90,ABalpapap,90,28734,3734,-2491,-2585,2980,21.1,213,386,36,235439
ABalpapap:91,ABalpapap,91,29273,4273,-2510,-2903,3400,20.9,226,381,34,226881
ABalpapap:92,ABalpapap,92,29796,4796,-1396,-1727,3684,20.2,227,384,36,265125
ABalpapap:93,ABalpapap,93,30188,5188,-846,-1049,4680,21.1,227,392,36,279451
ABalpapap:94,ABalpapap,94,30765,5765,-283,-339,5240,21.2,227,386,38,299768
ABalpapap:95,ABalpapap,95,29115,4115,-1965,-2021,3635,22.0,234,390,38,330277
ABalpapap:96,ABalpapap,96,30223,5223,-1185,-1261,4572,21.2,237,388,38,259696
ABalpapap:97,ABalpapap,97,29918,4918,-1296,-1443,4208,22.0,245,390,39,269302
ABalpapap:98,ABalpapap,98,30624,5624,-546,-632,5195,22.0,249,388,39,259284
ABalpapap:99,ABalpapap,99,30362,5362,-688,-857,4182,20.1,255,390,39,265992
ABalpapap:100,ABalpapap,100,31366,6366,-252,-338,5841,21.2,253,395,39,277481
ABalpapap:101,ABalpapap,101,29979,4979,-1245,-1305,4536,22.1,262,398,39,283738
ABalpapap:102,ABalpapap,102,30529,5529,-402,-409,4334,21.2,267,399,39,300471
ABalpapap:103,ABalpapap,103,29551,4551,-758,-767,3298,21.1,271,399,29,134839
ABalpapap:104,ABalpapap,104,29775,4775,-1577,-1917,3780,21.0,278,398,39,365122
ABalpapap:105,ABalpapap,105,29896,4896,-970,-1183,3583,21.1,277,399,39,369472
ABalpapp:59,ABalpapp,59,30798,5798,-1360,-1429,5768,19.1,195,394,51,437488
ABalpapp:60,ABalpapp,60,31554,6554,400,395,6521,20.0,190,385,49,390431
ABalpapp:61,ABalpapp,61,33060,8060,1919,1956,7869,19.9,205,388,45,317398
ABalpapp:62,ABalpapp,62,33255,8255,1774,1675,8056,19.0,207,392,47,396181
ABalpapp:63,ABalpapp,63,31139,6139,-196,-157,6004,19.1,209,403,45,322911
ABalpapp:64,ABalpapp,64,31949,6949,439,434,6883,20.0,210,405,47,415356
ABalpapp:65,ABalpapp,65,33067,8067,1495,1512,7894,19.1,216,401,45,340095
ABalpapp:66,ABalpapp,66,32267,7267,892,895,7204,19.2,204,399,47,355225
ABalpapp:67,ABalpapp,67,31270,6270,-199,-258,6188,20.1,219,391,47,343426
ABalpapp:68,ABalpapp,68,30918,5918,-706,-711,5873,20.2,211,392,47,349402
ABalpapp:69,ABalpapp,69,30879,5879,-750,-758,5840,21.0,200,388,47,379785
ABalpapp:70,ABalpapp,70,30663,5663,-989,-1004,5608,20.3,190,380,47,348776
ABalpapp:71,ABalpapp,71,30694,5694,-715,-708,5627,20.3,186,370,45,294192
ABalpapp:72,ABalpapp,72,30583,5583,-1001,-1024,5578,21.1,184,359,47,385829
ABalpapp:73,ABalpapp,73,29692,4692,-1587,-1635,4674,21.1,192,362,45,326666
ABalpapp:74,ABalpapp,74,30183,5183,-1202,-1256,5174,21.1,195,355,45,358421
ABalpapp:75,ABalpapp,75,30419,5419,-620,-654,5419,21.1,194,358,45,385866
ABalpapp:76,ABalpapp,76,29905,4905,-1326,-1311,4883,21.0,181,351,43,380591
ABalpappa:77,ABalpappa,77,30277,5277,-1284,-1329,5060,19.3,159,342,37,220938
ABalpappa:78,ABalpappa,78,29537,4537,-1211,-1545,4378,19.0,156,335,28,140116
ABalpappa:79,ABalpappa,79,29525,4525,-1889,-2153,4046,19.1,163,325,37,474577
ABalpappa:80,ABalpappa,80,29469,4469,-1390,-1364,3775,19.0,176,320,42,335718
ABalpappa:81,ABalpappa,81,29991,4991,-1357,-1690,4272,19.1,195,336,29,86952
ABalpappa:82,ABalpappa,82,30228,5228,-568,-803,4522,20.2,208,342,39,212538
ABalpappa:83,ABalpappa,83,30655,5655,98,8,4411,21.1,216,355,39,226285
ABalpappa:84,ABalpappa,84,29741,4741,-679,-978,2857,21.2,215,355,39,227428
ABalpappa:85,ABalpappa,85,30660,5660,-235,-128,4905,22.1,216,360,38,223733
ABalpappa:86,ABalpappa,86,30337,5337,-310,-405,4671,22.0,211,352,38,246006
ABalpappa:87,ABalpappa,87,29503,4503,-1009,-1102,3680,22.1,210,341,38,261409
ABalpappa:88,ABalpappa,88,29900,4900,-993,-953,3914,22.1,208,337,38,260327
ABalpappa:89,ABalpappa,89,30534,5534,-405,-573,4790,22.2,213,344,36,243779
ABalpappa:90,ABalpappa,90,29466,4466,-1457,-1701,3885,22.1,217,343,38,269988
ABalpappa:91,ABalpappa,91,30382,5382,-869,-966,4902,22.1,225,346,38,281837
ABalpappa:92,ABalpappa,92,29144,4144,-2096,-2142,3772,22.0,227,346,38,290762
ABalpappa:93,ABalpappa,93,29687,4687,-1506,-1540,4298,22.2,229,351,38,287662
ABalpappa:94,ABalpappa,94,30633,5633,-295,-421,5201,22.2,234,343,38,291830
ABalpappa:95,ABalpappa,95,29493,4493,-1572,-1681,4094,22.1,231,349,38,315859
ABalpappa:96,ABalpappa,96,30018,5018,-998,-1039,4566,22.1,233,346,38,262866
ABalpappa:97,ABalpappa,97,30970,5970,191,71,5125,21.2,236,348,39,262060
ABalpappa:98,ABalpappa,98,29737,4737,-1299,-1230,3940,21.2,232,349,39,277976
ABalpappa:99,ABalpappa,99,29332,4332,-1709,-1760,3659,21.3,237,362,37,233435
ABalpappa:100,ABalpappa,100,30949,5949,-581,-715,5536,22.1,231,361,39,315963
ABalpappa:101,ABalpappa,101,30676,5676,-527,-769,5136,21.0,233,364,37,277019
ABalpappa:102,ABalpappa,102,30350,5350,-1052,-976,4907,21.0,233,360,37,271163
ABalpappa:103,ABalpappa,103,30108,5108,-989,-1066,4270,20.3,234,363,37,257776
ABalpappa:104,ABalpappa,104,29548,4548,-1721,-1749,3778,21.2,238,362,37,294328
ABalpappaa:105,ABalpappaa,105,30864,5864,-80,-130,4591,21.2,223,375,29,144742
ABalpappap:105,ABalpappap,105,30807,5807,-294,-170,5063,21.9,262,344,35,189770
ABalpappp:77,ABalpappp,77,30575,5575,-593,-626,5426,21.1,200,343,37,228797
ABalpappp:78,ABalpappp,78,29892,4892,-312,-305,4722,21.9,218,336,43,256945
ABalpappp:79,ABalpappp,79,29627,4627,-1282,-1242,4174,22.0,230,327,43,258718
ABalpappp:80,ABalpappp,80,30941,5941,256,226,5617,22.0,234,320,44,301241
ABalpappp:81,ABalpappp,81,29805,4805,-854,-881,4538,22.1,248,327,42,211213
ABalpappp:82,ABalpappp,82,30208,5208,-875,-1052,4881,22.1,246,317,41,211795
ABalpappp:83,ABalpappp,83,29671,4671,-1470,-1473,4391,21.0,252,318,37,173301
ABalpappp:84,ABalpappp,84,31184,6184,99,2,5311,21.1,247,305,39,194601
ABalpappp:85,ABalpappp,85,30589,5589,-465,-425,5222,22.0,240,309,38,204126
ABalpappp:86,ABalpappp,86,30312,5312,-500,-500,4592,21.1,239,305,36,164388
ABalpappp:87,ABalpappp,87,28847,3847,-2283,-2297,3556,22.0,250,306,38,213918
ABalpappp:88,ABalpappp,88,29641,4641,-1194,-1174,4217,21.2,251,301,38,214580
ABalpappp:89,ABalpappp,89,29584,4584,-1150,-1230,4285,22.0,242,301,38,221515
ABalpappp:90,ABalpappp,90,30201,5201,-1008,-1095,4022,21.1,251,304,38,224746
ABalpappp:91,ABalpappp,91,30594,5594,-232,-407,4079,21.1,253,305,38,227789
ABalpappp:92,ABalpappp,92,30008,5008,-877,-947,4466,22.1,250,307,38,245221
ABalpappp:93,ABalpappp,93,30657,5657,-176,-227,5076,22.1,250,310,38,249589
ABalpappp:94,ABalpappp,94,29670,4670,-1631,-1678,3978,22.1,253,308,38,258215
ABalpappp:95,ABalpappp,95,30377,5377,-636,-691,4900,22.1,250,311,38,265189
ABalpappp:96,ABalpappp,96,29665,4665,-856,-1019,3885,21.1,246,309,38,223059
ABalpappp:97,ABalpappp,97,30420,5420,-369,-380,4605,21.1,250,311,39,239084
ABalpappp:98,ABalpappp,98,29897,4897,-1173,-1380,4261,21.1,250,318,39,241250
ABalpappp:99,ABalpappp,99,29511,4511,-1606,-1655,3878,21.1,249,320,39,262259
ABalpappp:100,ABalpappp,100,30773,5773,-74,-210,4829,20.2,251,321,39,273851
ABalpappp:101,ABalpappp,101,30193,5193,-1162,-1199,4761,19.2,261,325,39,272437
ABalpappp:102,ABalpappp,102,29775,4775,-1404,-1468,4338,19.1,259,326,39,301716
ABalpappp:103,ABalpappp,103,29754,4754,-1606,-1771,4476,19.9,258,331,35,210393
ABalpapppa:104,ABalpapppa,104,30454,5454,-512,-628,4138,18.1,246,333,37,239708
ABalpapppa:105,ABalpapppa,105,30306,5306,-764,-873,4445,17.9,248,328,35,217990
ABalpapppp:104,ABalpapppp,104,29656,4656,-1609,-1619,4521,20.9,283,321,35,159674
ABalpapppp:105,ABalpapppp,105,31498,6498,544,446,6261,21.9,293,314,35,144628
ABalpp:31,ABalpp,31,30133,5133,-2324,-2549,5077,15.5,251,410,61,740454
ABalpp:32,ABalpp,32,31579,6579,-1003,-985,6579,14.7,244,423,60,780790
ABalpp:33,ABalpp,33,32397,7397,-254,-254,7397,15.0,245,430,61,899673
ABalpp:34,ABalpp,34,32279,7279,-406,-406,7279,13.1,275,436,61,979641
ABalpp:35,ABalpp,35,34706,9706,1083,1083,9706,11.8,280,430,58,1031570
ABalpp:36,ABalpp,36,35282,10282,1663,1662,10282,11.8,291,423,58,1126827
ABalpp:37,ABalpp,37,35359,10359,1425,1421,10359,12.0,292,418,58,1219034
ABalpp:38,ABalpp,38,35638,10638,1987,1987,10638,12.9,286,426,58,1264756
ABalpp:39,ABalpp,39,35558,10558,1892,1892,10558,13.7,288,424,58,1269259
ABalpp:40,ABalpp,40,35640,10640,1853,1853,10640,13.9,279,427,58,1310144
ABalpp:41,ABalpp,41,35793,10793,2344,2358,10793,13.7,284,421,58,1303696
ABalpp:42,ABalpp,42,35498,10498,2448,2448,10498,14.0,277,413,58,1327100
ABalpp:43,ABalpp,43,32792,7792,-316,-316,7792,14.8,280,409,58,902600
ABalppa:44,ABalppa,44,32209,7209,-720,-849,7087,13.7,260,432,58,800082
ABalppa:45,ABalppa,45,37330,12330,4377,4344,12315,12.6,264,435,57,709088
ABalppa:46,ABalppa,46,37021,12021,3769,4054,11968,11.1,255,439,56,669117
ABalppa:47,ABalppa,47,38497,13497,5487,5747,13464,11.0,248,444,55,671133
ABalppa:48,ABalppa,48,38211,13211,5373,5478,13188,12.9,244,447,54,738216
ABalppa:49,ABalppa,49,38248,13248,5222,5341,13224,12.1,241,442,53,725914
ABalppa:50,ABalppa,50,36708,11708,3851,3909,11708,11.9,237,440,52,750860
ABalppa:51,ABalppa,51,38016,13016,4698,4726,13008,12.9,245,437,52,778557
ABalppa:52,ABalppa,52,36980,11980,3992,4000,11966,13.1,245,439,51,688774
ABalppa:53,ABalppa,53,35035,10035,2316,2311,10034,13.1,245,441,51,705603
ABalppa:54,ABalppa,54,34693,9693,1816,1819,9693,13.9,246,443,52,782372
ABalppa:55,ABalppa,55,36005,11005,2693,2705,11004,13.0,238,433,52,780283
ABalppa:56,ABalppa,56,33674,8674,1179,1174,8668,13.9,231,433,52,793590
ABalppa:57,ABalppa,57,34143,9143,1731,1747,9141,13.1,217,434,52,852162
ABalppa:58,ABalppa,58,32638,7638,490,486,7638,13.1,215,435,52,857349
ABalppa:59,ABalppa,59,31872,6872,-416,-419,6872,13.0,208,431,51,795975
ABalppa:60,ABalppa,60,29389,4389,-2910,-2910,4374,13.1,184,421,35,282632
ABalppaa:61,ABalppaa,61,31247,6247,-624,-626,6230,12.2,164,432,35,217680
ABalppaa:62,ABalppaa,62,30778,5778,-307,-298,5741,13.0,173,437,43,359642
ABalppaa:63,ABalppaa,63,32062,7062,911,921,6973,13.1,166,432,43,376298
ABalppaa:64,ABalppaa,64,31498,6498,291,304,6321,14.1,162,428,43,401503
ABalppaa:65,ABalppaa,65,31770,6770,994,975,6557,14.2,163,423,43,420072
ABalppaa:66,ABalppaa,66,31250,6250,449,496,5750,13.1,151,417,43,351550
ABalppaa:67,ABalppaa,67,31687,6687,578,688,6259,14.1,173,430,43,372893
ABalppaa:68,ABalppaa,68,30922,5922,21,-30,5220,14.2,181,429,43,350136
ABalppaa:69,ABalppaa,69,31349,6349,304,279,6255,14.0,175,425,43,386703
ABalppaa:70,ABalppaa,70,30327,5327,-874,-924,5163,14.9,170,422,43,370376
ABalppaa:71,ABalppaa,71,29642,4642,-323,-236,4617,16.0,164,421,43,358651
ABalppaa:72,ABalppaa,72,29520,4520,-728,-713,4480,17.0,159,414,43,366370
ABalppaa:73,ABalppaa,73,30326,5326,-58,-87,5226,18.0,171,412,43,359198
ABalppaa:74,ABalppaa,74,29161,4161,-1500,-1519,4000,17.2,176,411,43,382715
ABalppaa:75,ABalppaa,75,30930,5930,71,-74,5655,17.2,172,402,43,428201
ABalppaa:76,ABalppaa,76,29325,4325,-1767,-1813,4124,17.0,171,398,43,449208
ABalppaa:77,ABalppaa,77,29597,4597,-682,-652,4555,16.9,168,407,43,426683
ABalppaa:78,ABalppaa,78,29622,4622,-630,-627,4514,17.1,169,397,43,420957
ABalppaa:79,ABalppaa,79,30188,5188,87,87,5079,18.1,170,394,43,407744
ABalppaa:80,ABalppaa,80,29207,4207,-898,-814,1296,18.1,170,394,43,407744
ABalppaa:81,ABalppaa,81,29058,4058,-912,-853,3639,18.0,161,412,40,322205
ABalppaa:82,ABalppaa,82,29502,4502,-780,-700,3792,17.3,175,419,39,310725
ABalppaa:83,ABalppaa,83,30792,5792,-34,-73,4925,17.1,193,417,37,331521
ABalppaa:84,ABalppaa,84,30001,5001,-878,-977,4190,17.9,203,409,35,261024
ABalppaaa:85,ABalppaaa,85,30048,5048,-1423,-1516,4138,14.9,185,396,34,237241
ABalppaaa:86,ABalppaaa,86,30064,5064,-1375,-1286,3902,14.2,191,397,34,223065
ABalppaaa:87,ABalppaaa,87,30420,5420,-1291,-1382,4192,14.2,194,386,38,298009
ABalppaaa:88,ABalppaaa,88,30911,5911,-546,-665,4523,14.3,195,387,38,292583
ABalppaaa:89,ABalppaaa,89,30187,5187,-507,-664,3910,14.1,199,396,38,326728
ABalppaaa:90,ABalppaaa,90,29195,4195,-1869,-1881,3013,14.0,193,399,36,308966
ABalppaaa:91,ABalppaaa,91,29855,4855,-765,-849,3887,13.3,196,414,38,324557
ABalppaaa:92,ABalppaaa,92,29270,4270,-1543,-1513,3051,14.0,193,418,36,325823
ABalppaaa:93,ABalppaaa,93,29799,4799,-1341,-1332,4273,14.3,182,417,36,298336
ABalppaaa:94,ABalppaaa,94,31154,6154,289,197,5040,15.4,180,404,36,302040
ABalppaaa:95,ABalppaaa,95,29936,4936,-1171,-1031,3863,15.1,185,415,34,278181
ABalppaaa:96,ABalppaaa,96,30901,5901,302,331,4938,15.3,184,415,36,293324
ABalppaaa:97,ABalppaaa,97,30027,5027,-693,-423,3692,15.0,184,417,35,254202
ABalppaaa:98,ABalppaaa,98,30516,5516,-113,-79,4542,15.1,178,416,37,310210
ABalppaaa:99,ABalppaaa,99,31068,6068,27,-233,4735,15.1,182,421,35,258254
ABalppaaa:100,ABalppaaa,100,31458,6458,237,32,4715,14.3,187,420,37,316994
ABalppaaa:101,ABalppaaa,101,30705,5705,-136,-14,4389,14.2,189,424,37,338959
ABalppaaa:102,ABalppaaa,102,29695,4695,-1019,-999,3202,14.1,181,418,35,299518
ABalppaaa:103,ABalppaaa,103,30936,5936,-937,-1336,4275,13.3,183,417,39,375626
ABalppaaa:104,ABalppaaa,104,29892,4892,-1342,-1784,2919,13.1,185,414,37,363836
ABalppaaa:105,ABalppaaa,105,29737,4737,-1031,-1134,3338,14.1,189,417,39,413819
ABalppaap:85,ABalppaap,85,31013,6013,495,345,4434,18.8,219,423,34,221848
ABalppaap:86,ABalppaap,86,30375,5375,-714,-726,3799,18.2,226,423,36,254469
ABalppaap:87,ABalppaap,87,29741,4741,-707,-859,3256,18.1,231,413,34,214980
ABalppaap:88,ABalppaap,88,28948,3948,-2016,-1963,2321,18.2,235,414,36,252596
ABalppaap:89,ABalppaap,89,29485,4485,-1982,-2127,3491,18.1,236,415,29,138684
ABalppaap:90,ABalppaap,90,29280,4280,-1335,-1246,3349,17.3,224,426,36,270517
ABalppaap:91,ABalppaap,91,30054,5054,-677,-639,3893,17.2,232,430,36,287330
ABalppaap:92,ABalppaap,92,30381,5381,-807,-855,4109,16.3,226,429,36,281320
ABalppaap:93,ABalppaap,93,30837,5837,-290,-373,4442,16.2,219,427,36,310496
ABalppaap:94,ABalppaap,94,30551,5551,-427,-442,3975,16.1,215,423,34,270964
ABalppaap:95,ABalppaap,95,30470,5470,-355,-504,3782,16.1,216,426,34,271956
ABalppaap:96,ABalppaap,96,30211,5211,-759,-758,2416,16.2,213,426,36,271723
ABalppaap:97,ABalppaap,97,30194,5194,-530,-576,3642,16.2,206,429,29,143613
ABalppaap:98,ABalppaap,98,30750,5750,105,-28,4144,15.4,207,429,39,298813
ABalppaap:99,ABalppaap,99,30400,5400,-194,-53,3863,15.3,209,438,37,288903
ABalppaap:100,ABalppaap,100,29905,4905,-828,-783,3315,15.1,212,441,37,322720
ABalppaap:101,ABalppaap,101,30920,5920,-82,-21,3902,15.0,219,441,37,330040
ABalppaap:102,ABalppaap,102,30589,5589,-621,-623,4285,14.2,215,438,37,328637
ABalppaap:103,ABalppaap,103,30255,5255,-717,-833,3844,14.3,212,444,37,336414
ABalppaap:104,ABalppaap,104,30476,5476,89,-16,4193,14.3,214,437,37,345566
ABalppaap:105,ABalppaap,105,30603,5603,77,-37,4167,14.2,219,441,37,354337
ABalppap:61,ABalppap,61,32545,7545,-166,-167,6728,14.1,225,436,39,278276
ABalppap:62,ABalppap,62,31739,6739,40,77,6393,15.0,236,438,43,325259
ABalppap:63,ABalppap,63,32593,7593,920,931,7323,14.1,241,435,45,375232
ABalppap:64,ABalppap,64,31993,6993,32,-46,6833,15.0,249,433,43,376770
ABalppap:65,ABalppap,65,31480,6480,-293,-320,6255,15.9,254,427,43,366087
ABalppap:66,ABalppap,66,30915,5915,-996,-1147,5542,16.0,246,427,43,303222
ABalppap:67,ABalppap,67,30806,5806,-731,-758,5571,17.1,256,424,47,384244
ABalppap:68,ABalppap,68,30205,5205,-1045,-1016,5034,18.1,262,412,43,302050
ABalppap:69,ABalppap,69,31024,6024,-678,-726,5933,18.1,249,414,45,340263
ABalppap:70,ABalppap,70,30498,5498,-1412,-1366,5441,18.0,238,403,45,354843
ABalppap:71,ABalppap,71,29984,4984,-1107,-1204,4950,19.1,241,395,47,402759
ABalppap:72,ABalppap,72,29974,4974,-1703,-1765,4942,19.2,230,397,47,416612
ABalppap:73,ABalppap,73,30292,5292,-1113,-1177,5224,20.0,238,397,45,366650
ABalppap:74,ABalppap,74,29954,4954,-1239,-1236,4892,20.0,246,399,45,373291
ABalppap:75,ABalppap,75,30413,5413,-848,-907,5359,20.2,245,401,43,346942
ABalppap:76,ABalppap,76,30256,5256,-724,-735,5163,20.1,236,400,45,346945
ABalppap:77,ABalppap,77,29841,4841,-900,-919,4752,20.1,232,403,47,456215
ABalppap:78,ABalppap,78,29422,4422,-796,-801,4336,20.0,230,401,47,500834
ABalppap:79,ABalppap,79,29128,4128,-1632,-1657,3893,20.0,231,396,43,398560
ABalppapa:80,ABalppapa,80,29615,4615,-1201,-944,4037,19.1,213,400,34,201237
ABalppapa:81,ABalppapa,81,29220,4220,-1588,-1596,3868,18.2,213,421,36,175439
ABalppapa:82,ABalppapa,82,30807,5807,-180,-222,5425,17.8,223,426,37,208529
ABalppapa:83,ABalppapa,83,29510,4510,-1216,-1267,4050,18.2,237,433,37,194522
ABalppapa:84,ABalppapa,84,30057,5057,-700,-805,4736,19.3,239,418,37,193784
ABalppapa:85,ABalppapa,85,30151,5151,-638,-743,3465,20.0,236,417,29,108361
ABalppapa:86,ABalppapa,86,30079,5079,-1237,-1242,3934,20.1,241,412,38,261121
ABalppapa:87,ABalppapa,87,29905,4905,-873,-975,3660,20.1,241,400,38,281730
ABalppapa:88,ABalppapa,88,30898,5898,438,222,5294,20.1,252,400,38,256025
ABalppapa:89,ABalppapa,89,30812,5812,-714,-787,5131,20.0,255,399,38,302920
ABalppapa:90,ABalppapa,90,30271,5271,-1267,-1450,4832,19.2,252,407,38,294226
ABalppapa:91,ABalppapa,91,31032,6032,-570,-678,5020,18.3,252,415,38,309057
ABalppapa:92,ABalppapa,92,31113,6113,-156,-145,5704,19.1,253,417,38,341235
ABalppapa:93,ABalppapa,93,30324,5324,-1099,-1265,4389,18.3,250,418,38,328727
ABalppapa:94,ABalppapa,94,29725,4725,-1379,-1527,3965,19.2,248,417,38,337294
ABalppapa:95,ABalppapa,95,31245,6245,-44,-289,5430,18.3,248,415,38,324268
ABalppapa:96,ABalppapa,96,30436,5436,-1055,-1247,4678,18.3,242,419,38,253274
ABalppapa:97,ABalppapa,97,31743,6743,853,892,6168,19.1,246,417,39,286385
ABalppapa:98,ABalppapa,98,30796,5796,111,47,5360,19.2,239,424,39,287081
ABalppapa:99,ABalppapa,99,30667,5667,9,38,5473,20.1,243,430,39,318731
ABalppapa:100,ABalppapa,100,30439,5439,-822,-902,4695,18.3,234,431,39,306958
ABalppapa:101,ABalppapa,101,31319,6319,145,90,5085,18.1,232,433,39,337713
ABalppapa:102,ABalppapa,102,31726,6726,734,796,6215,19.3,232,426,37,282443
ABalppapa:103,ABalppapa,103,31550,6550,974,952,6326,20.0,230,428,39,345385
ABalppapa:104,ABalppapa,104,31096,6096,-103,-92,5692,19.1,234,426,39,358251
ABalppapa:105,ABalppapa,105,29616,4616,-1218,-1198,4183,19.1,234,435,39,375603
ABalppapp:80,ABalppapp,80,29481,4481,-614,-682,4198,21.0,251,397,42,254055
ABalppapp:81,ABalppapp,81,30980,5980,-126,-240,5833,20.3,270,408,38,153528
ABalppapp:82,ABalppapp,82,30057,5057,-609,-644,4366,20.0,278,417,37,179147
ABalppapp:83,ABalppapp,83,30060,5060,-785,-908,4781,20.1,285,415,39,197711
ABalppapp:84,ABalppapp,84,29811,4811,-388,-482,4571,20.1,286,405,39,215836
ABalppapp:85,ABalppapp,85,29588,4588,-1364,-1412,4257,20.0,292,399,38,209499
ABalppapp:86,ABalppapp,86,31596,6596,919,949,6045,19.3,293,384,36,169585
ABalppapp:87,ABalppapp,87,31012,6012,82,-75,5325,19.2,297,379,38,216765
ABalppapp:88,ABalppapp,88,31343,6343,229,51,5829,19.3,302,378,36,189109
ABalppapp:89,ABalppapp,89,29931,4931,-1244,-1248,4370,19.1,309,375,38,248157
ABalppapp:90,ABalppapp,90,30134,5134,-1014,-1053,4161,19.1,303,377,36,237399
ABalppapp:91,ABalppapp,91,30452,5452,-599,-644,4883,19.1,302,381,38,260753
ABalppapp:92,ABalppapp,92,30315,5315,-966,-1107,4739,19.3,303,389,36,238448
ABalppapp:93,ABalppapp,93,29734,4734,-1257,-1348,3638,20.0,293,397,38,306695
ABalppapp:94,ABalppapp,94,29424,4424,-1588,-1689,4047,19.2,297,392,36,265471
ABalppapp:95,ABalppapp,95,29920,4920,-728,-818,4187,20.0,297,396,38,313437
ABalppapp:96,ABalppapp,96,29804,4804,-1382,-1564,4224,20.1,294,394,38,261763
ABalppapp:97,ABalppapp,97,30486,5486,-948,-1177,5043,20.1,296,401,39,271933
ABalppapp:98,ABalppapp,98,30012,5012,-794,-835,4544,20.0,293,400,39,295999
ABalppapp:99,ABalppapp,99,30108,5108,-758,-796,4559,19.2,294,408,37,251181
ABalppapp:100,ABalppapp,100,30684,5684,-297,-270,5055,20.1,292,407,39,303545
ABalppapp:101,ABalppapp,101,30238,5238,-733,-931,4401,19.2,292,409,39,303938
ABalppapp:102,ABalppapp,102,31255,6255,-26,-293,4844,19.1,289,408,39,332277
ABalppapp:103,ABalppapp,103,31374,6374,288,148,5223,19.2,290,413,39,328803
ABalppapp:104,ABalppapp,104,29760,4760,-1658,-1991,3487,19.1,295,408,39,365134
ABalppapp:105,ABalppapp,105,30166,5166,-536,-979,3348,19.1,287,414,39,403234
ABalppp:44,ABalppp,44,32115,7115,318,257,7005,17.0,294,410,38,308763
ABalppp:45,ABalppp,45,34579,9579,2098,2084,9576,16.9,320,418,57,695897
ABalppp:46,ABalppp,46,35550,10550,3244,3228,10550,16.0,334,411,56,581820
ABalppp:47,ABalppp,47,36670,11670,4015,4040,11667,16.1,338,405,55,597073
ABalppp:48,ABalppp,48,37032,12032,4534,4506,12026,15.9,331,411,54,677350
ABalppp:49,ABalppp,49,38143,13143,5436,5388,12918,15.1,324,420,55,730134
ABalppp:50,ABalppp,50,37952,12952,4938,4935,12952,15.1,310,421,52,674940
ABalppp:51,ABalppp,51,35499,10499,2334,2301,9821,15.0,302,403,52,666911
ABalppp:52,ABalppp,52,36571,11571,3332,3324,11139,14.9,301,399,51,630812
ABalppp:53,ABalppp,53,36363,11363,2852,2969,10609,14.1,305,396,51,655402
ABalppp:54,ABalppp,54,34657,9657,1231,1308,9288,14.1,300,385,52,701179
ABalppp:55,ABalppp,55,34571,9571,1677,1669,9255,14.2,293,383,52,720870
ABalppp:56,ABalppp,56,34370,9370,1890,1903,9282,14.2,290,381,52,715156
ABalppp:57,ABalppp,57,33063,8063,243,254,8003,14.0,275,376,52,776574
ABalppp:58,ABalppp,58,31669,6669,-553,-555,6631,14.0,271,372,52,727483
ABalppp:59,ABalppp,59,30919,5919,-1047,-1062,5853,14.4,266,383,57,665942
ABalpppa:60,ABalpppa,60,31011,6011,-837,-837,5980,14.2,231,385,37,205308
ABalpppa:61,ABalpppa,61,33168,8168,1673,1689,8065,15.9,242,390,45,315817
ABalpppa:62,ABalpppa,62,31662,6662,129,48,6434,16.0,245,393,43,318066
ABalpppa:63,ABalpppa,63,31780,6780,29,-86,6702,15.9,243,380,43,325511
ABalpppa:64,ABalpppa,64,31976,6976,-340,-325,6827,15.0,236,374,43,356766
ABalpppa:65,ABalpppa,65,32860,7860,554,584,7043,14.1,232,370,43,368661
ABalpppa:66,ABalpppa,66,32006,7006,-444,-447,6651,14.0,230,368,43,312635
ABalpppa:67,ABalpppa,67,31054,6054,-1078,-1078,5823,14.0,229,360,43,334030
ABalpppa:68,ABalpppa,68,29392,4392,-2815,-2815,4298,14.1,227,359,43,336688
ABalpppa:69,ABalpppa,69,31008,6008,-1289,-1289,6001,14.0,220,360,43,359289
ABalpppa:70,ABalpppa,70,30727,5727,-1156,-1169,5600,13.1,218,354,43,353829
ABalpppa:71,ABalpppa,71,30666,5666,-1236,-1218,5505,13.0,211,359,43,372536
ABalpppa:72,ABalpppa,72,30594,5594,-1624,-1622,5264,12.1,194,364,43,386073
ABalpppa:73,ABalpppa,73,30368,5368,-2204,-2184,4621,11.2,194,376,45,423799
ABalpppa:74,ABalpppa,74,31094,6094,-566,-547,5768,12.0,201,389,43,434976
ABalpppa:75,ABalpppa,75,30178,5178,-1763,-1752,5050,12.0,203,400,43,432924
ABalpppa:76,ABalpppa,76,30186,5186,-1560,-1592,4916,11.9,207,397,43,447217
ABalpppa:77,ABalpppa,77,29490,4490,-1920,-1942,4195,12.1,205,397,43,475776
ABalpppa:78,ABalpppa,78,30197,5197,-1115,-1155,5069,12.9,205,392,43,486526
ABalpppa:79,ABalpppa,79,29440,4440,-1811,-1842,4189,12.1,198,396,43,500919
ABalpppa:80,ABalpppa,80,30083,5083,-1177,-1232,4778,13.1,198,389,36,343251
ABalpppaa:81,ABalpppaa,81,30836,5836,-1272,-1272,5296,13.1,173,382,30,177781
ABalpppaa:82,ABalpppaa,82,30809,5809,-832,-914,5045,13.1,178,389,37,253649
ABalpppaa:83,ABalpppaa,83,31179,6179,-238,-175,5385,13.1,186,387,35,215339
ABalpppaa:84,ABalpppaa,84,31185,6185,1,-19,5564,13.0,195,396,37,281334
ABalpppaa:85,ABalpppaa,85,30564,5564,-769,-985,4020,11.4,205,387,36,246589
ABalpppaa:86,ABalpppaa,86,30969,5969,-565,-544,4493,12.1,220,398,36,281700
ABalpppaa:87,ABalpppaa,87,30931,5931,-198,-212,4814,12.0,223,403,36,300695
ABalpppaa:88,ABalpppaa,88,29754,4754,-2171,-2205,3681,12.1,224,405,34,247430
ABalpppaa:89,ABalpppaa,89,29512,4512,-1745,-2054,2952,12.1,220,410,36,313227
ABalpppaa:90,ABalpppaa,90,29910,4910,-1626,-1694,3749,12.0,224,420,34,260817
ABalpppaa:91,ABalpppaa,91,30350,5350,-695,-742,4066,10.5,220,421,36,291844
ABalpppaa:92,ABalpppaa,92,29863,4863,-1530,-1508,4087,11.0,221,424,34,278610
ABalpppaa:93,ABalpppaa,93,29821,4821,-997,-991,4344,11.0,219,425,34,277346
ABalpppaa:94,ABalpppaa,94,30072,5072,-954,-986,4065,12.0,209,417,36,346009
ABalpppaa:95,ABalpppaa,95,31122,6122,-113,-6,5484,11.2,218,420,34,290819
ABalpppaa:96,ABalpppaa,96,30904,5904,-265,-163,5149,11.9,217,427,34,253048
ABalpppaa:97,ABalpppaa,97,30610,5610,109,195,5283,10.4,216,428,37,259094
ABalpppaa:98,ABalpppaa,98,29857,4857,-1745,-1746,4355,11.1,217,424,35,255044
ABalpppaa:99,ABalpppaa,99,29624,4624,-1637,-1484,3994,11.0,219,436,35,271244
ABalpppaa:100,ABalpppaa,100,30217,5217,-807,-608,4572,10.8,221,429,35,279693
ABalpppaa:101,ABalpppaa,101,31034,6034,-14,39,5531,10.1,227,432,35,281353
ABalpppaa:102,ABalpppaa,102,30077,5077,-1315,-1489,4297,10.1,226,433,35,300793
ABalpppaa:103,ABalpppaa,103,31074,6074,-123,-187,5239,10.4,224,439,37,327006
ABalpppaa:104,ABalpppaa,104,30042,5042,-1103,-1040,4048,10.4,225,431,37,337612
ABalpppaa:105,ABalpppaa,105,30026,5026,-1290,-1520,4177,10.3,226,433,37,359391
ABalpppap:81,ABalpppap,81,31530,6530,-87,-127,5814,12.2,230,401,34,200870
ABalpppap:82,ABalpppap,82,30957,5957,-730,-674,5423,12.0,243,401,37,226320
ABalpppap:83,ABalpppap,83,30427,5427,-1176,-1276,4892,12.1,249,410,37,223366
ABalpppap:84,ABalpppap,84,30220,5220,-1855,-2048,4358,12.1,261,422,39,267445
ABalpppap:85,ABalpppap,85,30230,5230,-1459,-1586,4796,13.0,258,421,38,272519
ABalpppap:86,ABalpppap,86,30318,5318,-1738,-1899,4803,14.0,267,427,38,289403
ABalpppap:87,ABalpppap,87,30077,5077,-1876,-2085,4396,13.3,268,424,38,288421
ABalpppap:88,ABalpppap,88,30765,5765,-1100,-1128,5109,13.2,272,428,38,305432
ABalpppap:89,ABalpppap,89,30296,5296,-1196,-1324,4455,13.3,273,427,38,293802
ABalpppap:90,ABalpppap,90,31509,6509,-215,-173,5799,13.1,275,426,38,318569
ABalpppap:91,ABalpppap,91,31024,6024,-971,-1105,5199,12.3,277,424,38,299261
ABalpppap:92,ABalpppap,92,29502,4502,-2201,-2294,3713,12.2,281,430,38,329491
ABalpppap:93,ABalpppap,93,29894,4894,-1518,-1642,4189,13.0,273,430,38,346255
ABalpppap:94,ABalpppap,94,29813,4813,-1565,-1742,3983,13.2,267,431,38,367646
ABalpppap:95,ABalpppap,95,29344,4344,-2789,-2767,3589,12.4,270,433,36,319773
ABalpppap:96,ABalpppap,96,29845,4845,-1975,-2044,4107,13.0,267,437,38,306389
ABalpppap:97,ABalpppap,97,29977,4977,-1616,-1616,4584,12.1,265,441,39,308017
ABalpppap:98,ABalpppap,98,30563,5563,-1425,-1420,5237,12.1,266,442,39,320275
ABalpppap:99,ABalpppap,99,30283,5283,-1604,-1696,4572,12.2,267,444,39,313809
ABalpppap:100,ABalpppap,100,30959,5959,-865,-845,5349,12.2,266,440,39,329266
ABalpppap:101,ABalpppap,101,29594,4594,-2486,-2534,4261,12.1,268,443,39,338317
ABalpppap:102,ABalpppap,102,30003,5003,-1969,-2000,4608,12.0,265,448,39,352264
ABalpppap:103,ABalpppap,103,30848,5848,-675,-731,5448,12.1,263,453,39,369342
ABalpppap:104,ABalpppap,104,30591,5591,-1155,-1241,5166,11.1,266,446,39,380202
ABalpppap:105,ABalpppap,105,30416,5416,-1240,-1270,5236,10.3,271,445,39,352263
ABalpppp:60,ABalpppp,60,31900,6900,-84,-83,6820,16.1,301,373,47,349463
ABalpppp:61,ABalpppp,61,32485,7485,511,466,7394,15.9,312,372,45,313190
ABalpppp:62,ABalpppp,62,33348,8348,661,638,8322,14.0,321,367,43,299670
ABalpppp:63,ABalpppp,63,32568,7568,52,51,7541,12.9,324,366,43,326171
ABalpppp:64,ABalpppp,64,32604,7604,-145,-145,7585,12.9,322,365,43,355618
ABalpppp:65,ABalpppp,65,32797,7797,-23,-23,7695,12.0,313,365,43,378740
ABalpppp:66,ABalpppp,66,31547,6547,-1046,-1030,6354,12.0,307,371,43,314059
ABalpppp:67,ABalpppp,67,31022,6022,-1457,-1460,5534,13.1,309,370,45,336773
ABalpppp:68,ABalpppp,68,31734,6734,-566,-571,6189,13.1,305,364,45,343131
ABalpppp:69,ABalpppp,69,30623,5623,-1597,-1603,5516,14.9,295,356,43,313919
ABalpppp:70,ABalpppp,70,31002,6002,-1139,-1145,5984,14.3,286,348,47,351913
ABalpppp:71,ABalpppp,71,30476,5476,-1099,-1096,5450,14.1,276,348,43,316997
ABalpppp:72,ABalpppp,72,30256,5256,-1720,-1752,4978,13.2,269,354,45,360654
ABalpppp:73,ABalpppp,73,29911,4911,-1994,-2041,4720,13.1,267,351,45,390941
ABalpppp:74,ABalpppp,74,30020,5020,-2512,-2651,4867,13.1,269,355,47,493335
ABalpppp:75,ABalpppp,75,30357,5357,-2269,-2280,5182,13.1,266,367,45,416470
ABalpppp:76,ABalpppp,76,29571,4571,-1827,-1831,4551,14.0,262,374,43,417870
ABalpppp:77,ABalpppp,77,31070,6070,-600,-604,6054,12.9,260,383,43,450811
ABalpppp:78,ABalpppp,78,30993,5993,-876,-877,5576,12.1,264,364,41,393302
ABalppppa:79,ABalppppa,79,29663,4663,-1827,-2141,4187,11.2,239,357,35,232269
ABalppppa:80,ABalppppa,80,30948,5948,-671,-897,5218,12.0,232,349,42,366094
ABalppppa:81,ABalppppa,81,30262,5262,-1670,-1836,4751,13.0,230,354,40,260912
ABalppppa:82,ABalppppa,82,30183,5183,-1372,-1539,3827,11.3,230,362,41,248952
ABalppppa:83,ABalppppa,83,31076,6076,-681,-622,4635,11.1,238,365,37,248215
ABalppppa:84,ABalppppa,84,30733,5733,-1175,-1230,4579,10.5,238,378,37,228400
ABalppppa:85,ABalppppa,85,30137,5137,-1734,-1854,4492,11.0,248,378,34,236174
ABalppppa:86,ABalppppa,86,30222,5222,-2872,-2949,4693,11.0,264,388,36,265190
ABalppppa:87,ABalppppa,87,30535,5535,-1627,-1641,4602,10.1,267,393,36,277038
ABalppppa:88,ABalppppa,88,30541,5541,-1794,-1992,4583,9.5,269,393,36,260556
ABalppppa:89,ABalppppa,89,29989,4989,-2487,-2532,4355,10.1,271,396,38,330414
ABalppppa:90,ABalppppa,90,31274,6274,-1094,-1155,5435,10.2,271,395,38,328207
ABalppppa:91,ABalppppa,91,29792,4792,-2978,-3190,4148,10.1,272,390,38,341610
ABalppppa:92,ABalppppa,92,30587,5587,-2330,-2519,4836,10.2,275,396,36,325869
ABalppppa:93,ABalppppa,93,30588,5588,-1702,-1920,4410,10.2,270,398,38,364154
ABalppppa:94,ABalppppa,94,30304,5304,-1607,-1668,3709,10.4,261,398,36,304034
ABalppppa:95,ABalppppa,95,30398,5398,-2211,-2383,3865,10.3,262,396,36,340022
ABalppppa:96,ABalppppa,96,30821,5821,-1053,-1021,4102,10.2,255,400,36,282131
ABalppppa:97,ABalppppa,97,31020,6020,-1060,-1288,3747,10.2,260,404,39,333141
ABalppppa:98,ABalppppa,98,30390,5390,-2193,-2501,3385,10.2,256,403,37,322453
ABalppppa:99,ABalppppa,99,31463,6463,-833,-1159,4505,10.3,251,410,39,346960
ABalppppa:100,ABalppppa,100,31172,6172,-1021,-1125,4321,10.2,256,408,39,351982
ABalppppa:101,ABalppppa,101,29750,4750,-2671,-3095,2336,9.4,252,408,37,310235
ABalppppa:102,ABalppppa,102,29567,4567,-2928,-3528,2845,10.1,249,408,37,357841
ABalppppa:103,ABalppppa,103,30536,5536,-1646,-1793,3890,10.0,243,412,39,410603
ABalppppa:104,ABalppppa,104,31574,6574,-424,-623,3806,9.3,246,407,37,346501
ABalppppa:105,ABalppppa,105,30414,5414,-1393,-1773,2760,9.3,246,404,39,408896
ABalppppp:79,ABalppppp,79,31498,6498,-947,-947,6440,14.1,294,370,35,202554
ABalppppp:80,ABalppppp,80,31090,6090,-482,-475,6020,14.1,291,373,42,282063
ABalppppp:81,ABalppppp,81,30969,5969,-1322,-1323,5850,13.1,300,367,38,186044
ABalppppp:82,ABalppppp,82,29456,4456,-2700,-2699,4234,13.9,306,377,37,213092
ABalppppp:83,ABalppppp,83,30209,5209,-2337,-2389,4876,13.1,306,383,39,226681
ABalppppp:84,ABalppppp,84,30953,5953,-1850,-1920,5386,12.2,303,385,39,225413
ABalppppp:85,ABalppppp,85,31510,6510,-1238,-1464,5971,12.0,307,393,36,235201
ABalppppp:86,ABalppppp,86,29620,4620,-3275,-3455,4303,13.2,311,394,38,268159
ABalppppp:87,ABalppppp,87,30714,5714,-2171,-2244,5080,12.2,311,397,38,248993
ABalppppp:88,ABalppppp,88,31209,6209,-1130,-1152,5930,13.1,319,398,36,257348
ABalppppp:89,ABalppppp,89,31500,6500,-491,-606,5898,12.2,328,397,38,267294
ABalppppp:90,ABalppppp,90,31333,6333,-1542,-1696,5529,12.1,325,394,38,296641
ABalppppp:91,ABalppppp,91,30941,5941,-1970,-2160,4884,12.0,324,392,38,313465
ABalppppp:92,ABalppppp,92,31058,6058,-1554,-1772,4797,12.0,328,399,38,330134
ABalppppp:93,ABalppppp,93,30966,5966,-1835,-2087,5035,11.3,326,402,38,319696
ABalppppp:94,ABalppppp,94,30889,5889,-2051,-2210,5058,11.2,321,403,38,326139
ABalppppp:95,ABalppppp,95,31178,6178,-1762,-1830,5228,11.2,323,410,38,359423
ABalppppp:96,ABalppppp,96,31077,6077,-2234,-2465,4746,11.2,325,405,38,304096
ABalppppp:97,ABalppppp,97,30518,5518,-2959,-2923,4643,12.0,325,408,39,331371
ABalppppp:98,ABalppppp,98,30077,5077,-2863,-3009,4069,12.0,320,409,39,330695
ABalppppp:99,ABalppppp,99,30208,5208,-2665,-2741,4012,11.2,321,410,39,318803
ABalppppp:100,ABalppppp,100,30645,5645,-2264,-2393,4061,11.2,317,408,39,337259
ABalppppp:101,ABalppppp,101,30172,5172,-2736,-2868,3540,11.2,315,410,39,352141
ABalppppp:102,ABalppppp,102,30100,5100,-2576,-2546,4191,11.2,312,418,39,366101
ABalppppp:103,ABalppppp,103,30497,5497,-2301,-2454,4567,11.2,303,425,39,367414
ABalppppp:104,ABalppppp,104,30655,5655,-1948,-2161,4969,11.0,303,417,37,371376
ABalppppp:105,ABalppppp,105,30081,5081,-2696,-2792,4214,10.0,312,414,35,283709
ABar:14,ABar,14,29735,4735,-2174,-2177,4735,17.2,191,289,57,848013
ABar:15,ABar,15,28105,3105,-2684,-2684,3105,17.2,179,274,42,297867
ABar:16,ABar,16,29087,4087,-2374,-2374,4087,19.2,178,260,61,891627
ABar:17,ABar,17,29217,4217,-1661,-1661,4217,20.1,181,228,59,918382
ABar:18,ABar,18,29699,4699,-1244,-1244,4699,19.4,190,198,57,1018971
ABar:19,ABar,19,28786,3786,-1898,-1898,3786,19.1,205,182,57,1223485
ABar:20,ABar,20,28624,3624,-2388,-2388,3624,16.6,203,160,59,1491804
ABar:21,ABar,21,29006,4006,-3061,-3061,4006,13.5,228,185,60,1190893
ABara:22,ABara,22,29622,4622,-2523,-2534,4603,17.7,234,205,55,732420
ABara:23,ABara,23,29344,4344,-2639,-2632,4344,18.7,203,231,61,839330
ABara:24,ABara,24,28869,3869,-3080,-3080,3869,19.7,190,234,62,1010496
ABara:25,ABara,25,29418,4418,-3312,-3312,4418,20.3,195,231,63,1162495
ABara:26,ABara,26,29929,4929,-2217,-2217,4929,20.4,204,235,63,1316997
ABara:27,ABara,27,29186,4186,-3019,-3019,4186,20.7,208,226,65,1607527
ABara:28,ABara,28,29459,4459,-2562,-2562,4459,20.6,212,220,67,1844028
ABara:29,ABara,29,29834,4834,-1770,-1770,4834,20.4,229,209,66,1814858
ABara:30,ABara,30,29494,4494,-2167,-2167,4494,19.9,229,215,62,1099241
ABaraa:31,ABaraa,31,29427,4427,-2111,-2235,4419,21.9,212,235,61,804122
ABaraa:32,ABaraa,32,30186,5186,-759,-786,5186,21.9,201,240,60,762753
ABaraa:33,ABaraa,33,31170,6170,111,93,6170,22.1,197,229,63,893133
ABaraa:34,ABaraa,34,31429,6429,-144,-144,6429,21.8,201,261,59,927511
ABaraa:35,ABaraa,35,32107,7107,465,465,7107,21.8,202,261,58,1017485
ABaraa:36,ABaraa,36,31971,6971,6,20,6971,21.7,187,259,58,1116488
ABaraa:37,ABaraa,37,32191,7191,37,52,7191,21.7,179,258,58,1153338
ABaraa:38,ABaraa,38,33609,8609,1542,1549,8609,21.8,189,257,58,1176506
ABaraa:39,ABaraa,39,35418,10418,3476,3456,10418,20.3,177,243,60,1375860
ABaraa:40,ABaraa,40,35204,10204,2755,2756,10204,21.0,180,234,58,1307422
ABaraa:41,ABaraa,41,33630,8630,1252,1252,8630,21.8,176,242,58,1235877
ABaraa:42,ABaraa,42,34697,9697,2236,2269,9697,21.0,175,241,58,1289368
ABaraa:43,ABaraa,43,31881,6881,-597,-598,6881,20.9,167,243,58,996513
ABaraaa:44,ABaraaa,44,32422,7422,-281,-420,7394,19.8,149,242,58,829157
ABaraaa:45,ABaraaa,45,34570,9570,2407,2475,9564,19.7,151,246,57,743292
ABaraaa:46,ABaraaa,46,35796,10796,3646,3862,10795,19.0,150,248,56,635826
ABaraaa:47,ABaraaa,47,35373,10373,3887,3894,10373,19.1,142,239,55,616426
ABaraaa:48,ABaraaa,48,37037,12037,5429,5429,12037,19.8,147,226,54,713958
ABaraaa:49,ABaraaa,49,36274,11274,4564,4584,11274,20.0,152,218,53,697070
ABaraaa:50,ABaraaa,50,35844,10844,3623,3661,10841,19.9,149,225,52,707534
ABaraaa:51,ABaraaa,51,37463,12463,5496,5540,12451,18.9,133,231,52,767088
ABaraaa:52,ABaraaa,52,37425,12425,5254,5238,12399,19.0,141,234,53,779379
ABaraaa:53,ABaraaa,53,36408,11408,3569,3635,11333,18.2,139,237,51,717844
ABaraaa:54,ABaraaa,54,34986,9986,2890,3012,9851,19.0,137,245,52,783211
ABaraaa:55,ABaraaa,55,34864,9864,2569,2561,9835,18.9,147,228,52,821836
ABaraaa:56,ABaraaa,56,33926,8926,1825,1842,8905,19.0,146,226,52,844086
ABaraaa:57,ABaraaa,57,33576,8576,1813,1814,8539,19.0,152,212,52,829072
ABaraaa:58,ABaraaa,58,33018,8018,1292,1279,8018,18.9,154,205,52,874849
ABaraaa:59,ABaraaa,59,32864,7864,1607,1612,7696,18.2,160,206,51,786731
ABaraaa:60,ABaraaa,60,30360,5360,-963,-965,5339,19.9,171,216,49,624958
ABaraaaa:61,ABaraaaa,61,31058,6058,686,648,5545,20.0,130,265,45,387820
ABaraaaa:62,ABaraaaa,62,32595,7595,1902,1806,6916,21.0,131,279,43,350016
ABaraaaa:63,ABaraaaa,63,30742,5742,162,146,5544,22.0,135,286,43,366783
ABaraaaa:64,ABaraaaa,64,31230,6230,803,831,5784,22.0,139,294,43,389906
ABaraaaa:65,ABaraaaa,65,30004,5004,-489,-474,4381,22.1,137,284,43,400678
ABaraaaa:66,ABaraaaa,66,30443,5443,-255,-301,4027,21.9,135,283,43,336627
ABaraaaa:67,ABaraaaa,67,31184,6184,580,602,5517,20.8,123,298,43,362585
ABaraaaa:68,ABaraaaa,68,29984,4984,-565,-451,3860,20.1,119,296,43,391207
ABaraaaa:69,ABaraaaa,69,30958,5958,74,43,4675,19.1,113,286,43,389248
ABaraaaa:70,ABaraaaa,70,30730,5730,628,704,4365,19.0,114,272,43,411737
ABaraaaa:71,ABaraaaa,71,29566,4566,-477,-509,4233,18.9,111,268,43,422307
ABaraaaa:72,ABaraaaa,72,29628,4628,-438,-414,4181,17.1,103,263,43,430804
ABaraaaa:73,ABaraaaa,73,31210,6210,875,968,5843,17.1,102,268,43,449575
ABaraaaa:74,ABaraaaa,74,30897,5897,547,658,5278,17.0,107,265,43,457964
ABaraaaa:75,ABaraaaa,75,30259,5259,-113,-20,4977,17.0,108,273,43,468437
ABaraaaa:76,ABaraaaa,76,30493,5493,108,277,5313,15.9,99,264,43,490360
ABaraaaa:77,ABaraaaa,77,31156,6156,711,814,6072,15.0,101,259,43,486326
ABaraaaa:78,ABaraaaa,78,30496,5496,-101,-17,5302,15.0,106,244,43,517715
ABaraaaa:79,ABaraaaa,79,30759,5759,413,523,5496,15.0,107,243,43,544657
ABaraaaa:80,ABaraaaa,80,29168,4168,-1384,-1390,3963,16.1,107,247,42,539858
ABaraaaa:81,ABaraaaa,81,29946,4946,-632,-713,4701,18.0,109,271,40,383776
ABaraaaa:82,ABaraaaa,82,29830,4830,-83,-130,4532,18.1,104,283,41,408315
ABaraaaa:83,ABaraaaa,83,29409,4409,-621,-625,4130,19.2,107,286,39,378666
ABaraaaa:84,ABaraaaa,84,29260,4260,-793,-598,3511,17.2,118,278,39,375656
ABaraaaa:85,ABaraaaa,85,29002,4002,-1161,-1247,3305,18.2,119,281,38,390745
ABaraaaa:86,ABaraaaa,86,30214,5214,18,100,4106,17.3,116,290,36,358338
ABaraaaaa:87,ABaraaaaa,87,30193,5193,301,311,3783,17.3,100,290,36,358338
ABaraaaaa:88,ABaraaaaa,88,29344,4344,-270,12,1030,17.1,97,301,34,261108
ABaraaaaa:89,ABaraaaaa,89,28934,3934,-779,-735,2894,18.0,93,304,34,249392
ABaraaaaa:90,ABaraaaaa,90,29845,4845,960,1011,4023,17.9,95,312,34,252665
ABaraaaaa:91,ABaraaaaa,91,29941,4941,572,725,4157,17.9,100,318,34,262247
ABaraaaaa:92,ABaraaaaa,92,29840,4840,-651,-627,3289,18.1,104,322,38,375390
ABaraaaaa:93,ABaraaaaa,93,29300,4300,-1418,-1468,2135,18.2,103,321,29,179903
ABaraaaaa:94,ABaraaaaa,94,30055,5055,257,192,3646,19.0,107,303,36,360841
ABaraaaaa:95,ABaraaaaa,95,29895,4895,-126,-27,3667,19.0,104,316,36,374219
ABaraaaaa:96,ABaraaaaa,96,30451,5451,61,170,3492,18.2,111,322,38,349343
ABaraaaaa:97,ABaraaaaa,97,30053,5053,-473,-342,3526,19.1,112,318,39,360175
ABaraaaaa:98,ABaraaaaa,98,30814,5814,593,633,4774,18.3,108,314,37,313501
ABaraaaaa:99,ABaraaaaa,99,31026,6026,519,535,4941,19.0,116,319,39,374633
ABaraaaaa:100,ABaraaaaa,100,30060,5060,-233,-137,4004,19.0,114,311,37,342524
ABaraaaaa:101,ABaraaaaa,101,30236,5236,-543,-467,3419,18.0,115,327,39,419595
ABaraaaaa:102,ABaraaaaa,102,30091,5091,-220,-380,3148,18.1,116,327,39,453805
ABaraaaaa:103,ABaraaaaa,103,30018,5018,-1389,-1427,2434,17.2,116,331,39,417567
ABaraaaaa:104,ABaraaaaa,104,30448,5448,-322,-429,3479,17.1,117,334,39,444396
ABaraaaaa:105,ABaraaaaa,105,29698,4698,-1466,-1540,2934,17.0,124,341,35,326028
ABaraaaap:87,ABaraaaap,87,30102,5102,-309,-320,2850,19.5,136,262,34,249641
ABaraaaap:88,ABaraaaap,88,29623,4623,-592,-618,3020,20.0,138,270,36,260852
ABaraaaap:89,ABaraaaap,89,30172,5172,-550,-518,3405,19.2,144,276,36,264938
ABaraaaap:90,ABaraaaap,90,29591,4591,-869,-1086,3196,19.1,137,277,38,329918
ABaraaaap:91,ABaraaaap,91,29261,4261,-1398,-1651,2315,19.2,130,285,38,368578
ABaraaaap:92,ABaraaaap,92,30292,5292,-859,-854,3272,18.2,138,286,36,323764
ABaraaaap:93,ABaraaaap,93,30485,5485,-588,-1074,3801,19.0,133,284,36,353662
ABaraaaap:94,ABaraaaap,94,30985,5985,-204,-511,4058,18.1,141,278,38,375331
ABaraaaap:95,ABaraaaap,95,30539,5539,-505,-881,3657,18.0,135,289,38,397659
ABaraaaap:96,ABaraaaap,96,30352,5352,-795,-946,3336,17.3,135,284,36,295248
ABaraaaap:97,ABaraaaap,97,31400,6400,184,222,4818,17.3,137,287,39,319660
ABaraaaap:98,ABaraaaap,98,30453,5453,-640,-851,3481,18.1,144,285,35,275062
ABaraaaap:99,ABaraaaap,99,30495,5495,-1027,-1478,3087,18.1,146,296,37,330223
ABaraaaap:100,ABaraaaap,100,30864,5864,-326,-629,3451,18.1,144,292,37,349336
ABaraaaap:101,ABaraaaap,101,31087,6087,-136,-356,3626,17.4,147,295,37,324522
ABaraaaap:102,ABaraaaap,102,30493,5493,-846,-1189,3476,18.2,146,304,39,418007
ABaraaaap:103,ABaraaaap,103,32280,7280,885,459,5319,17.4,143,303,37,360630
ABaraaaap:104,ABaraaaap,104,30262,5262,-1275,-1379,3217,17.2,145,305,37,379696
ABaraaaap:105,ABaraaaap,105,30381,5381,-1287,-1772,3568,16.5,146,311,37,341042
ABaraaap:61,ABaraaap,61,30565,5565,-684,-661,5386,19.0,161,209,41,348755
ABaraaap:62,ABaraaap,62,32635,7635,1626,1568,7528,18.9,151,218,43,363901
ABaraaap:63,ABaraaap,63,32022,7022,1032,980,6643,20.0,152,218,47,469828
ABaraaap:64,ABaraaap,64,32329,7329,1624,1749,6977,19.1,148,213,45,429707
ABaraaap:65,ABaraaap,65,32010,7010,1297,1288,6694,19.0,153,209,45,475055
ABaraaap:66,ABaraaap,66,32166,7166,1773,1798,6798,18.1,158,213,45,370552
ABaraaap:67,ABaraaap,67,31816,6816,1099,1080,6661,18.1,152,224,45,379671
ABaraaap:68,ABaraaap,68,30917,5917,-69,-43,5849,18.9,148,227,43,342105
ABaraaap:69,ABaraaap,69,30748,5748,508,489,5628,18.0,149,222,43,357509
ABaraaap:70,ABaraaap,70,30788,5788,185,248,5671,18.0,154,223,47,464734
ABaraaap:71,ABaraaap,71,29955,4955,-461,-335,4871,18.1,150,217,47,444989
ABaraaap:72,ABaraaap,72,30085,5085,-257,-299,5003,17.3,145,214,45,357801
ABaraaap:73,ABaraaap,73,30097,5097,-428,-436,4888,18.9,142,219,43,383308
ABaraaap:74,ABaraaap,74,30304,5304,-578,-640,5092,18.1,145,211,45,441894
ABaraaap:75,ABaraaap,75,29655,4655,-1045,-1056,4238,18.1,141,219,47,528380
ABaraaap:76,ABaraaap,76,30262,5262,-660,-580,4799,18.1,137,224,47,555992
ABaraaap:77,ABaraaap,77,30262,5262,-372,-361,4898,18.0,139,211,47,578794
ABaraaap:78,ABaraaap,78,29618,4618,-1596,-1492,4483,18.0,149,203,43,485705
ABaraaap:79,ABaraaap,79,29590,4590,-1074,-1098,4350,18.1,154,206,45,545770
ABaraaap:80,ABaraaap,80,28895,3895,-1981,-1931,3574,18.0,160,200,38,406325
ABaraaapa:81,ABaraaapa,81,29642,4642,-1223,-1327,3682,17.2,129,239,38,251722
ABaraaapa:82,ABaraaapa,82,29934,4934,-575,-634,4360,18.0,127,251,37,245111
ABaraaapa:83,ABaraaapa,83,30689,5689,-3,-19,5213,18.1,127,243,39,288766
ABaraaapa:84,ABaraaapa,84,29835,4835,-257,-334,4370,18.1,124,236,39,278869
ABaraaapa:85,ABaraaapa,85,30372,5372,315,273,5041,18.2,121,234,36,238888
ABaraaapa:86,ABaraaapa,86,29550,4550,-637,-628,4311,18.0,116,239,38,280660
ABaraaapa:87,ABaraaapa,87,29432,4432,-647,-648,4183,18.1,124,225,38,292278
ABaraaapa:88,ABaraaapa,88,29824,4824,-653,-536,4180,17.2,122,234,38,286849
ABaraaapa:89,ABaraaapa,89,30588,5588,184,179,4879,18.0,120,241,38,283853
ABaraaapa:90,ABaraaapa,90,30315,5315,-46,-63,4788,17.2,119,243,38,306593
ABaraaapa:91,ABaraaapa,91,30548,5548,45,-12,5165,18.1,113,251,38,309728
ABaraaapa:92,ABaraaapa,92,30649,5649,-133,-109,4389,17.3,118,254,38,310062
ABaraaapa:93,ABaraaapa,93,30997,5997,-225,-224,4377,18.1,120,250,38,348028
ABaraaapa:94,ABaraaapa,94,29515,4515,-1608,-1689,3393,19.1,124,246,38,356931
ABaraaapa:95,ABaraaapa,95,31028,6028,208,66,5062,19.0,120,253,38,379370
ABaraaapa:96,ABaraaapa,96,29359,4359,-2076,-2048,2906,19.3,126,251,36,273180
ABaraaapa:97,ABaraaapa,97,30502,5502,-740,-745,4406,20.1,125,259,39,323498
ABaraaapa:98,ABaraaapa,98,30794,5794,-261,-370,4647,19.2,126,257,39,312601
ABaraaapa:99,ABaraaapa,99,30284,5284,-984,-1061,4429,19.3,128,262,39,309856
ABaraaapa:100,ABaraaapa,100,29943,4943,-899,-996,3953,21.0,135,269,39,355353
ABaraaapa:101,ABaraaapa,101,30259,5259,-918,-1108,3824,21.0,135,281,39,360201
ABaraaapa:102,ABaraaapa,102,30109,5109,-1001,-953,3875,21.1,134,286,39,387502
ABaraaapa:103,ABaraaapa,103,30717,5717,-559,-736,3520,21.0,133,300,39,389151
ABaraaapa:104,ABaraaapa,104,30608,5608,-291,-372,4207,20.2,129,304,39,385710
ABaraaapa:105,ABaraaapa,105,30201,5201,-731,-803,3655,20.2,139,309,39,404747
ABaraaapp:81,ABaraaapp,81,29474,4474,-1296,-1312,4151,19.1,172,200,32,182652
ABaraaapp:82,ABaraaapp,82,29511,4511,-603,-698,3683,19.0,167,192,35,206032
ABaraaapp:83,ABaraaapp,83,30397,5397,-416,-409,4683,19.1,166,184,35,210268
ABaraaapp:84,ABaraaapp,84,29449,4449,-332,-317,3692,19.0,166,178,35,211094
ABaraaapp:85,ABaraaapp,85,30783,5783,914,894,5418,19.1,167,191,36,249392
ABaraaapp:86,ABaraaapp,86,30498,5498,-86,-10,5034,18.1,164,206,34,219416
ABaraaapp:87,ABaraaapp,87,28987,3987,-1741,-1758,3543,18.2,177,194,36,269718
ABaraaapp:88,ABaraaapp,88,30391,5391,-414,-504,4904,19.1,172,197,36,306657
ABaraaapp:89,ABaraaapp,89,30184,5184,-143,-155,4824,19.2,161,202,36,292298
ABaraaapp:90,ABaraaapp,90,30180,5180,-757,-709,4825,19.3,157,201,36,272310
ABaraaapp:91,ABaraaapp,91,31227,6227,798,826,5077,20.1,147,208,36,310082
ABaraaapp:92,ABaraaapp,92,29949,4949,-483,-453,4036,20.1,147,205,38,350198
ABaraaapp:93,ABaraaapp,93,30954,5954,353,334,5310,20.2,151,207,36,315046
ABaraaapp:94,ABaraaapp,94,29916,4916,-872,-941,4105,20.3,157,206,38,355629
ABaraaapp:95,ABaraaapp,95,29116,4116,-1508,-1594,3147,20.1,149,215,38,375770
ABaraaapp:96,ABaraaapp,96,29271,4271,-1265,-1325,3522,20.3,153,216,36,257322
ABaraaapp:97,ABaraaapp,97,29339,4339,-1580,-1570,3184,20.3,156,217,39,280601
ABaraaapp:98,ABaraaapp,98,29657,4657,-935,-969,3732,20.0,145,213,37,292041
ABaraaapp:99,ABaraaapp,99,29939,4939,-382,-392,4467,20.0,139,218,37,329941
ABaraaapp:100,ABaraaapp,100,29116,4116,-1346,-1419,3019,20.1,142,225,37,306823
ABaraaapp:101,ABaraaapp,101,29893,4893,-1165,-1119,3569,20.2,145,232,39,355422
ABaraaapp:102,ABaraaapp,102,31156,6156,553,436,4340,20.1,147,233,39,400471
ABaraaapp:103,ABaraaapp,103,31011,6011,-43,-13,4867,21.0,150,242,37,381464
ABaraaapp:104,ABaraaapp,104,30622,5622,-384,-414,4294,21.1,153,250,37,358809
ABaraaapp:105,ABaraaapp,105,30352,5352,-433,-487,4240,21.3,157,254,37,355099
ABaraap:44,ABaraap,44,31227,6227,-1252,-1276,6198,20.8,197,263,58,693956
ABaraap:45,ABaraap,45,31982,6982,494,546,6982,21.7,215,272,57,615683
ABaraap:46,ABaraap,46,32851,7851,1045,1083,7851,20.9,228,280,56,517170
ABaraap:47,ABaraap,47,33914,8914,2522,2580,8905,21.1,231,269,55,516099
ABaraap:48,ABaraap,48,33849,8849,2534,2545,8849,21.8,227,263,54,572780
ABaraap:49,ABaraap,49,33009,8009,1431,1426,7996,21.0,224,253,53,564206
ABaraap:50,ABaraap,50,33345,8345,1594,1553,8328,21.2,218,250,52,561018
ABaraap:51,ABaraap,51,33565,8565,2101,2049,8551,21.1,199,251,52,605281
ABaraap:52,ABaraap,52,32296,7296,844,859,7281,22.0,200,250,51,553746
ABaraap:53,ABaraap,53,32571,7571,1244,1308,7556,22.0,194,256,55,716414
ABaraap:54,ABaraap,54,32980,7980,1819,1723,7953,21.1,198,261,52,638979
ABaraap:55,ABaraap,55,32818,7818,1302,1468,7757,21.1,195,256,54,702874
ABaraap:56,ABaraap,56,31758,6758,457,445,6742,21.9,198,242,52,667659
ABaraap:57,ABaraap,57,31624,6624,398,475,6610,21.3,207,239,54,696843
ABaraap:58,ABaraap,58,31692,6692,750,699,6692,21.9,207,239,52,686991
ABaraap:59,ABaraap,59,30748,5748,-211,-260,5723,21.1,213,238,51,644253
ABaraap:60,ABaraap,60,29772,4772,-1065,-1071,4744,20.0,231,238,37,321824
ABaraapa:61,ABaraapa,61,31167,6167,366,434,6090,20.2,185,252,43,297301
ABaraapa:62,ABaraapa,62,30774,5774,207,219,5720,22.0,180,261,43,304687
ABaraapa:63,ABaraapa,63,31355,6355,790,780,6295,21.2,186,263,45,315285
ABaraapa:64,ABaraapa,64,30095,5095,-561,-582,5090,22.9,191,262,43,303871
ABaraapa:65,ABaraapa,65,31099,6099,312,277,6082,23.0,189,259,45,342701
ABaraapa:66,ABaraapa,66,29933,4933,-622,-616,4915,22.2,193,254,45,263185
ABaraapa:67,ABaraapa,67,30046,5046,-650,-654,4954,22.1,175,259,43,257690
ABaraapa:68,ABaraapa,68,30075,5075,-648,-662,5000,23.1,174,258,45,312406
ABaraapa:69,ABaraapa,69,29627,4627,-960,-946,4436,22.1,169,249,45,314770
ABaraapa:70,ABaraapa,70,29923,4923,-822,-875,4699,22.2,175,246,45,334082
ABaraapa:71,ABaraapa,71,29490,4490,-1387,-1411,4440,22.9,173,245,43,304854
ABaraapa:72,ABaraapa,72,30193,5193,-620,-642,5150,22.1,165,247,45,375484
ABaraapa:73,ABaraapa,73,30689,5689,-664,-677,5575,22.0,154,256,47,471214
ABaraapa:74,ABaraapa,74,30099,5099,-736,-724,5054,22.0,149,257,45,423778
ABaraapa:75,ABaraapa,75,29662,4662,-1520,-1565,4613,22.0,150,264,47,471054
ABaraapa:76,ABaraapa,76,31095,6095,-170,-213,5962,21.2,145,263,47,497670
ABaraapa:77,ABaraapa,77,30488,5488,-1005,-970,5321,21.2,139,267,47,518191
ABaraapa:78,ABaraapa,78,30449,5449,-666,-782,5299,21.0,132,260,47,564759
ABaraapa:79,ABaraapa,79,29656,4656,-1174,-1121,4530,21.0,137,258,43,462683
ABaraapa:80,ABaraapa,80,30283,5283,-978,-1028,4712,20.1,156,269,44,485598
ABaraapa:81,ABaraapa,81,28739,3739,-2111,-2143,3353,20.2,170,292,42,346444
ABaraapa:82,ABaraapa,82,30361,5361,-70,-72,5200,21.0,165,304,37,287412
ABaraapaa:83,ABaraapaa,83,30205,5205,-67,-77,5074,20.9,151,295,35,198194
ABaraapaa:84,ABaraapaa,84,31190,6190,762,664,5813,20.1,150,288,35,211018
ABaraapaa:85,ABaraapaa,85,29878,4878,-475,-463,4067,20.0,153,295,34,188513
ABaraapaa:86,ABaraapaa,86,29717,4717,-671,-700,3641,20.0,147,316,36,235927
ABaraapaa:87,ABaraapaa,87,30227,5227,-638,-641,3503,19.1,141,305,36,254587
ABaraapaa:88,ABaraapaa,88,30537,5537,-548,-705,3338,18.2,146,308,38,262632
ABaraapaa:89,ABaraapaa,89,29680,4680,-1770,-1978,3069,18.2,148,317,36,258754
ABaraapaa:90,ABaraapaa,90,29413,4413,-2004,-2098,3316,18.1,152,320,36,288895
ABaraapaa:91,ABaraapaa,91,31715,6715,85,-102,5598,18.2,155,324,38,316229
ABaraapaa:92,ABaraapaa,92,30505,5505,-790,-1264,4240,18.3,158,321,36,278962
ABaraapaa:93,ABaraapaa,93,30356,5356,-768,-1010,4607,19.2,159,311,38,334656
ABaraapaa:94,ABaraapaa,94,30864,5864,-644,-766,5178,19.1,163,308,38,361975
ABaraapaa:95,ABaraapaa,95,30968,5968,-62,-430,4823,19.0,156,316,38,381942
ABaraapaa:96,ABaraapaa,96,29674,4674,-2347,-2487,3719,18.1,165,320,36,292652
ABaraapaa:97,ABaraapaa,97,30516,5516,-1219,-1185,4462,17.4,167,321,39,315165
ABaraapaa:98,ABaraapaa,98,30672,5672,-1004,-1253,4477,18.1,161,322,37,334713
ABaraapaa:99,ABaraapaa,99,29921,4921,-2382,-2548,3842,17.3,163,336,39,332495
ABaraapaa:100,ABaraapaa,100,31303,6303,-37,-364,5404,18.0,162,328,39,379795
ABaraapaa:101,ABaraapaa,101,30200,5200,-1624,-1709,4089,18.2,175,332,37,334206
ABaraapaa:102,ABaraapaa,102,31597,6597,-287,-435,5950,17.3,180,337,39,366281
ABaraapaa:103,ABaraapaa,103,30367,5367,-1604,-1751,4308,17.0,177,332,39,379290
ABaraapaa:104,ABaraapaa,104,30215,5215,-1731,-1826,4370,16.2,177,330,39,382355
ABaraapaa:105,ABaraapaa,105,30883,5883,-964,-1043,4891,16.1,180,337,39,392749
ABaraapap:83,ABaraapap,83,30381,5381,-301,-313,5178,21.3,208,309,33,152430
ABaraapap:84,ABaraapap,84,29407,4407,-1170,-1197,4176,21.9,203,314,35,172836
ABaraapap:85,ABaraapap,85,30851,5851,370,388,5404,21.1,199,320,36,203971
ABaraapap:86,ABaraapap,86,29411,4411,-654,-760,4151,22.0,195,314,34,169753
ABaraapap:87,ABaraapap,87,30351,5351,221,48,5025,22.1,195,304,38,228952
ABaraapap:88,ABaraapap,88,30373,5373,-645,-940,4410,20.3,200,304,38,230385
ABaraapap:89,ABaraapap,89,30589,5589,-198,-289,4593,20.1,205,308,38,252179
ABaraapap:90,ABaraapap,90,29755,4755,-1403,-1598,3961,20.1,204,313,38,269280
ABaraapap:91,ABaraapap,91,32170,7170,488,518,5821,19.1,204,316,36,256585
ABaraapap:92,ABaraapap,92,30789,5789,-755,-939,4099,18.2,206,318,36,257708
ABaraapap:93,ABaraapap,93,31494,6494,-897,-1060,5186,18.2,209,322,36,274514
ABaraapap:94,ABaraapap,94,30001,5001,-1927,-1926,3389,18.2,213,319,38,294671
ABaraapap:95,ABaraapap,95,30304,5304,-2060,-2216,3766,18.1,208,324,36,307380
ABaraapap:96,ABaraapap,96,31854,6854,235,215,5978,18.2,209,330,38,271015
ABaraapap:97,ABaraapap,97,31230,6230,-514,-600,5441,18.0,216,330,37,282209
ABaraapap:98,ABaraapap,98,32001,7001,232,120,6164,17.3,214,329,39,294147
ABaraapap:99,ABaraapap,99,31571,6571,-125,-226,5525,17.2,218,327,39,320550
ABaraapap:100,ABaraapap,100,31447,6447,-855,-955,5514,16.3,218,332,39,302997
ABaraapap:101,ABaraapap,101,30458,5458,-1523,-1636,4974,15.3,232,338,37,286978
ABaraapap:102,ABaraapap,102,30279,5279,-1843,-1999,4804,15.2,227,337,37,310366
ABaraapap:103,ABaraapap,103,30621,5621,-1692,-1791,5180,15.2,228,340,39,354944
ABaraapap:104,ABaraapap,104,30348,5348,-2087,-2119,4604,15.1,228,341,37,325449
ABaraapap:105,ABaraapap,105,29564,4564,-2416,-2608,3936,14.4,232,343,37,307162
ABaraapp:61,ABaraapp,61,30831,5831,-228,-321,5706,19.2,251,244,37,208160
ABaraapp:62,ABaraapp,62,29456,4456,-1196,-1185,4307,20.1,246,248,45,279040
ABaraapp:63,ABaraapp,63,30809,5809,132,185,5676,21.0,248,243,43,287536
ABaraapp:64,ABaraapp,64,30614,5614,78,86,5604,22.0,249,227,43,281651
ABaraapp:65,ABaraapp,65,31367,6367,308,311,6367,21.2,244,215,45,306972
ABaraapp:66,ABaraapp,66,29355,4355,-1252,-1250,4350,22.0,241,205,43,247966
ABaraapp:67,ABaraapp,67,30100,5100,-331,-353,5047,22.1,240,199,47,332689
ABaraapp:68,ABaraapp,68,29804,4804,-180,-196,4674,22.0,248,202,43,272713
ABaraapp:69,ABaraapp,69,30448,5448,-65,-120,5335,22.0,243,219,45,293484
ABaraapp:70,ABaraapp,70,29984,4984,-415,-421,4958,22.0,250,206,43,275526
ABaraapp:71,ABaraapp,71,29203,4203,-1233,-1278,4185,22.0,248,191,43,271762
ABaraapp:72,ABaraapp,72,29509,4509,-923,-944,4408,22.2,243,186,47,365168
ABaraapp:73,ABaraapp,73,29835,4835,-730,-808,4779,22.1,238,198,47,364459
ABaraapp:74,ABaraapp,74,30259,5259,-321,-447,5179,22.1,232,215,47,419140
ABaraapp:75,ABaraapp,75,30251,5251,-279,-299,5054,22.1,236,224,47,369935
ABaraapp:76,ABaraapp,76,30541,5541,-527,-482,5229,22.1,229,231,47,429408
ABaraapp:77,ABaraapp,77,30194,5194,-1016,-1063,5011,22.1,228,238,47,404215
ABaraapp:78,ABaraapp,78,30089,5089,-1134,-1151,4998,22.1,224,245,47,454183
ABaraapp:79,ABaraapp,79,29667,4667,-1241,-1282,4221,21.2,240,249,47,484198
ABaraapp:80,ABaraapp,80,29775,4775,-405,-375,4358,21.1,246,248,44,431695
ABaraapp:81,ABaraapp,81,29539,4539,-163,-163,4428,21.1,241,249,32,205491
ABaraappa:82,ABaraappa,82,30207,5207,-209,-237,4766,21.1,214,251,35,153779
ABaraappa:83,ABaraappa,83,29521,4521,-772,-761,4370,21.9,217,253,35,171251
ABaraappa:84,ABaraappa,84,30089,5089,-993,-1002,4723,21.0,209,260,35,177025
ABaraappa:85,ABaraappa,85,29914,4914,-961,-1011,4685,21.9,200,262,34,164700
ABaraappa:86,ABaraappa,86,30084,5084,-627,-586,4721,21.8,189,265,34,174994
ABaraappa:87,ABaraappa,87,30319,5319,42,-13,4980,21.0,197,260,34,199902
ABaraappa:88,ABaraappa,88,29338,4338,-1374,-1458,3936,20.3,195,264,36,211604
ABaraappa:89,ABaraappa,89,30526,5526,302,244,5139,21.3,191,269,36,229187
ABaraappa:90,ABaraappa,90,29093,4093,-2182,-2214,3528,21.9,191,274,34,208606
ABaraappa:91,ABaraappa,91,30695,5695,-271,-354,4897,21.0,187,275,34,214739
ABaraappa:92,ABaraappa,92,29802,4802,-1387,-1388,4136,21.1,188,276,36,285410
ABaraappa:93,ABaraappa,93,30431,5431,-133,-185,4966,21.0,191,281,38,300026
ABaraappa:94,ABaraappa,94,31075,6075,361,254,5469,20.0,196,274,36,288882
ABaraappa:95,ABaraappa,95,31000,6000,-603,-621,5647,20.0,189,283,36,321807
ABaraappa:96,ABaraappa,96,30356,5356,-1265,-1344,4910,19.2,192,282,38,278210
ABaraappa:97,ABaraappa,97,31610,6610,492,516,6157,19.2,195,283,37,259287
ABaraappa:98,ABaraappa,98,31605,6605,106,97,5937,19.1,192,278,35,228737
ABaraappa:99,ABaraappa,99,29977,4977,-1411,-1524,4098,18.3,188,287,37,290050
ABaraappa:100,ABaraappa,100,31180,6180,-237,-208,5317,18.4,189,286,37,288491
ABaraappa:101,ABaraappa,101,30398,5398,-1139,-1282,3843,18.3,193,285,37,324998
ABaraappa:102,ABaraappa,102,30448,5448,-941,-992,4399,18.1,189,287,37,357739
ABaraappa:103,ABaraappa,103,30372,5372,-924,-1334,3604,17.3,192,288,39,355535
ABaraappa:104,ABaraappa,104,31298,6298,108,-128,5140,17.3,191,288,39,374040
ABaraappa:105,ABaraappa,105,31175,6175,104,-57,4615,17.3,191,292,39,379483
ABaraappp:82,ABaraappp,82,29830,4830,-486,-435,4351,20.2,271,244,33,115711
ABaraappp:83,ABaraappp,83,28760,3760,-1633,-1655,3621,20.9,277,245,35,133229
ABaraappp:84,ABaraappp,84,30917,5917,442,421,5779,21.1,278,249,35,126945
ABaraappp:85,ABaraappp,85,30269,5269,-222,-226,5114,21.2,283,257,36,159516
ABaraappp:86,ABaraappp,86,30094,5094,-566,-732,4756,21.1,261,263,38,208960
ABaraappp:87,ABaraappp,87,28858,3858,-1286,-1275,3256,20.2,257,256,38,198122
ABaraappp:88,ABaraappp,88,29298,4298,-1095,-1195,2768,20.1,255,253,36,200125
ABaraappp:89,ABaraappp,89,30181,5181,-532,-629,4199,20.2,247,247,36,209524
ABaraappp:90,ABaraappp,90,29766,4766,-942,-1192,4103,20.0,244,257,38,246618
ABaraappp:91,ABaraappp,91,29759,4759,-1222,-1253,3703,20.1,242,257,38,261784
ABaraappp:92,ABaraappp,92,29321,4321,-1082,-1066,3549,19.3,240,261,36,232657
ABaraappp:93,ABaraappp,93,29766,4766,-863,-1012,3818,19.3,240,262,38,268659
ABaraappp:94,ABaraappp,94,30633,5633,-278,-531,3353,18.0,249,260,36,272753
ABaraappp:95,ABaraappp,95,30530,5530,-471,-717,3249,18.2,242,266,38,289670
ABaraappp:96,ABaraappp,96,30012,5012,-1022,-1106,3098,18.2,238,263,38,273314
ABaraappp:97,ABaraappp,97,31096,6096,-198,-276,3789,18.1,241,269,37,261041
ABaraappp:98,ABaraappp,98,30110,5110,-1507,-1729,1689,17.2,243,268,39,269811
ABaraappp:99,ABaraappp,99,29075,4075,-1963,-2006,2192,18.1,238,271,37,274212
ABaraappp:100,ABaraappp,100,30742,5742,-145,-267,3112,17.1,238,271,37,259031
ABaraappp:101,ABaraappp,101,30814,5814,-866,-1000,4000,17.1,237,278,39,302521
ABaraappp:102,ABaraappp,102,31266,6266,59,137,4108,16.3,234,266,39,284844
ABaraappp:103,ABaraappp,103,29694,4694,-1356,-1517,3173,16.3,232,270,39,291460
ABaraappp:104,ABaraappp,104,30375,5375,-1141,-1172,3371,16.1,230,269,39,310217
ABaraappp:105,ABaraappp,105,31083,6083,-54,-408,3937,15.3,234,272,37,307298
ABarap:31,ABarap,31,29757,4757,-2144,-2274,4752,19.9,248,191,61,820635
ABarap:32,ABarap,32,30265,5265,-1062,-1133,5265,19.0,239,187,60,801789
ABarap:33,ABarap,33,31267,6267,-659,-678,6267,18.0,239,178,59,819044
ABarap:34,ABarap,34,31875,6875,-669,-669,6875,17.9,240,170,59,988536
ABarap:35,ABarap,35,32640,7640,492,492,7640,19.0,236,167,58,1135341
ABarap:36,ABarap,36,34204,9204,2150,2150,9204,19.8,236,169,58,1214873
ABarap:37,ABarap,37,34365,9365,1894,1894,9365,19.8,231,175,58,1221668
ABarap:38,ABarap,38,34182,9182,1682,1680,9182,19.8,233,169,58,1229986
ABarap:39,ABarap,39,34659,9659,2389,2375,9659,19.0,235,178,60,1387469
ABarap:40,ABarap,40,35028,10028,2149,2146,10028,18.2,247,181,60,1367282
ABarap:41,ABarap,41,35612,10612,2952,2954,10612,19.8,245,185,58,1274196
ABarap:42,ABarap,42,33931,8931,1641,1660,8931,19.9,231,183,58,1227835
ABarap:43,ABarap,43,31651,6651,-1228,-1228,6651,19.8,231,172,58,973631
ABarapa:44,ABarapa,44,31152,6152,-1748,-1679,6148,17.9,206,161,38,346197
ABarapa:45,ABarapa,45,36727,11727,4096,4096,11727,19.1,200,171,40,320020
ABarapa:46,ABarapa,46,36952,11952,3939,3939,11947,20.0,201,160,41,259061
ABarapa:47,ABarapa,47,38545,13545,5637,5637,13545,20.0,193,165,40,304421
ABarapa:48,ABarapa,48,39158,14158,5915,5915,14157,19.0,196,158,40,342215
ABarapa:49,ABarapa,49,37618,12618,5373,5375,12618,17.9,197,156,53,705042
ABarapa:50,ABarapa,50,37570,12570,5008,5008,12570,18.0,197,159,52,735218
ABarapa:51,ABarapa,51,37134,12134,5175,5175,12134,18.0,189,168,52,709521
ABarapa:52,ABarapa,52,35943,10943,3869,3861,10943,17.9,194,171,51,621894
ABarapa:53,ABarapa,53,35286,10286,3173,3165,10286,18.9,192,173,51,633541
ABarapa:54,ABarapa,54,35906,10906,4106,4106,10906,18.0,187,178,52,745749
ABarapa:55,ABarapa,55,34929,9929,3072,3080,9929,18.9,201,165,52,750510
ABarapa:56,ABarapa,56,33237,8237,1322,1351,8237,19.0,206,158,52,789113
ABarapa:57,ABarapa,57,32616,7616,975,980,7614,19.0,222,146,52,799705
ABarapa:58,ABarapa,58,31573,6573,428,402,6570,19.9,229,151,52,776643
ABarapa:59,ABarapa,59,31436,6436,-98,-112,6436,20.0,235,150,51,703783
ABarapa:60,ABarapa,60,30247,5247,-1088,-1088,5233,20.0,236,166,35,272304
ABarapaa:61,ABarapaa,61,32101,7101,1513,1419,6972,21.1,192,182,35,233125
ABarapaa:62,ABarapaa,62,30522,5522,-356,-301,5337,21.0,183,189,43,367726
ABarapaa:63,ABarapaa,63,31357,6357,366,387,6096,21.1,175,187,43,390901
ABarapaa:64,ABarapaa,64,31892,6892,986,1141,6706,20.2,177,180,45,416476
ABarapaa:65,ABarapaa,65,30783,5783,133,239,5621,20.9,180,176,43,408511
ABarapaa:66,ABarapaa,66,31342,6342,982,1065,6201,20.1,179,174,43,332096
ABarapaa:67,ABarapaa,67,31172,6172,767,791,6083,19.1,172,175,43,338358
ABarapaa:68,ABarapaa,68,30321,5321,-212,-193,5133,19.0,171,179,43,346546
ABarapaa:69,ABarapaa,69,30869,5869,733,776,5661,19.2,175,179,43,335791
ABarapaa:70,ABarapaa,70,30393,5393,504,523,5288,20.0,174,183,43,350852
ABarapaa:71,ABarapaa,71,31065,6065,850,883,5879,20.0,176,180,43,357964
ABarapaa:72,ABarapaa,72,29617,4617,-780,-757,4523,20.1,173,185,45,378457
ABarapaa:73,ABarapaa,73,29763,4763,-1037,-1020,4648,20.9,172,192,43,371118
ABarapaa:74,ABarapaa,74,29555,4555,-892,-874,4273,21.1,174,195,45,413634
ABarapaa:75,ABarapaa,75,30467,5467,-67,-110,5401,21.9,176,204,43,386215
ABarapaa:76,ABarapaa,76,31467,6467,300,346,6340,21.1,173,204,45,447669
ABarapaa:77,ABarapaa,77,29402,4402,-1345,-1460,3664,21.1,164,214,43,440959
ABarapaa:78,ABarapaa,78,30234,5234,-558,-566,4870,22.0,168,225,45,467664
ABarapaa:79,ABarapaa,79,30524,5524,4,-131,5077,22.1,174,220,47,580045
ABarapaa:80,ABarapaa,80,29682,4682,-960,-1179,4282,22.2,165,226,46,610170
ABarapaa:81,ABarapaa,81,28998,3998,-1486,-1565,3851,22.1,172,243,44,337228
ABarapaa:82,ABarapaa,82,29647,4647,-1073,-1012,4476,22.0,166,240,37,278368
ABarapaa:83,ABarapaa,83,30361,5361,-467,-549,5142,22.1,173,237,35,230313
ABarapaaa:84,ABarapaaa,84,29863,4863,-942,-961,4587,21.9,151,248,35,230678
ABarapaaa:85,ABarapaaa,85,29267,4267,-1283,-1328,3873,22.0,152,258,34,215519
ABarapaaa:86,ABarapaaa,86,31593,6593,1504,1482,6365,22.0,141,261,34,226348
ABarapaaa:87,ABarapaaa,87,30395,5395,116,-12,3619,22.1,139,257,36,226348
ABarapaaa:88,ABarapaaa,88,30301,5301,256,259,4051,22.1,136,252,38,304820
ABarapaaa:89,ABarapaaa,89,30409,5409,623,636,4012,22.1,138,263,36,279878
ABarapaaa:90,ABarapaaa,90,29603,4603,-772,-841,3104,22.1,137,267,36,292502
ABarapaaa:91,ABarapaaa,91,29448,4448,-1729,-1842,3131,22.0,132,278,29,170264
ABarapaaa:92,ABarapaaa,92,30711,5711,194,41,4654,22.1,145,277,38,347180
ABarapaaa:93,ABarapaaa,93,30057,5057,-695,-637,3318,22.1,141,277,36,332501
ABarapaaa:94,ABarapaaa,94,29735,4735,-1056,-1115,3221,22.1,151,273,36,326560
ABarapaaa:95,ABarapaaa,95,29417,4417,-1432,-1513,2837,21.3,148,279,36,322772
ABarapaaa:96,ABarapaaa,96,31423,6423,-410,-486,5885,22.9,148,279,34,251181
ABarapaaa:97,ABarapaaa,97,30818,5818,-337,-517,4860,22.3,154,283,37,282138
ABarapaaa:98,ABarapaaa,98,31386,6386,-215,-250,5575,23.0,149,271,39,349906
ABarapaaa:99,ABarapaaa,99,31521,6521,-156,-354,5787,23.0,155,283,37,331364
ABarapaaa:100,ABarapaaa,100,30391,5391,-243,-568,4023,22.3,161,286,39,348231
ABarapaaa:101,ABarapaaa,101,30863,5863,-248,-413,4525,22.2,161,293,39,357793
ABarapaaa:102,ABarapaaa,102,30726,5726,-311,-627,4232,22.2,166,293,39,371308
ABarapaaa:103,ABarapaaa,103,30129,5129,-601,-869,4293,22.1,171,299,37,347444
ABarapaaa:104,ABarapaaa,104,29350,4350,-1397,-1336,3580,22.1,170,300,37,344326
ABarapaaa:105,ABarapaaa,105,31456,6456,867,761,5747,22.2,183,310,37,335201
ABarapaap:84,ABarapaap,84,30971,5971,264,113,5561,22.9,195,215,35,197144
ABarapaap:85,ABarapaap,85,31107,6107,-122,-348,5576,22.9,196,217,34,183897
ABarapaap:86,ABarapaap,86,30298,5298,-685,-853,4499,22.0,184,218,36,246972
ABarapaap:87,ABarapaap,87,30146,5146,-619,-542,4469,22.9,191,211,34,207211
ABarapaap:88,ABarapaap,88,30527,5527,-629,-571,4696,23.1,187,218,36,244003
ABarapaap:89,ABarapaap,89,29930,4930,-627,-705,4160,23.0,176,221,38,306583
ABarapaap:90,ABarapaap,90,30765,5765,-526,-822,5211,23.1,178,224,38,270712
ABarapaap:91,ABarapaap,91,30189,5189,-1169,-1135,4590,23.1,175,238,38,289830
ABarapaap:92,ABarapaap,92,30954,5954,-46,-176,5501,23.1,174,232,38,287381
ABarapaap:93,ABarapaap,93,29376,4376,-1630,-1591,3686,22.1,181,240,38,307673
ABarapaap:94,ABarapaap,94,28900,3900,-1739,-1953,3173,22.2,188,238,36,261776
ABarapaap:95,ABarapaap,95,29347,4347,-1770,-1892,3786,23.2,177,251,38,306687
ABarapaap:96,ABarapaap,96,31494,6494,484,432,6092,23.1,185,253,34,197166
ABarapaap:97,ABarapaap,97,30538,5538,-341,-526,4773,22.1,189,251,39,266703
ABarapaap:98,ABarapaap,98,30638,5638,-487,-509,4844,22.2,186,246,37,244882
ABarapaap:99,ABarapaap,99,29939,4939,-1449,-1508,4167,22.1,183,254,37,279062
ABarapaap:100,ABarapaap,100,30518,5518,-117,-156,4065,22.1,193,266,39,319945
ABarapaap:101,ABarapaap,101,30498,5498,-506,-627,3990,22.0,197,276,37,298751
ABarapaap:102,ABarapaap,102,30618,5618,-440,-497,4036,22.0,197,276,37,298751
ABarapaap:103,ABarapaap,103,29674,4674,-1448,-1740,1933,20.0,194,282,39,349271
ABarapaap:104,ABarapaap,104,29778,4778,-738,-700,1351,20.0,194,284,37,324574
ABarapaap:105,ABarapaap,105,30121,5121,-446,-476,2186,20.0,194,284,37,324574
ABarapap:61,ABarapap,61,32460,7460,1249,1196,7174,19.2,249,163,39,250344
ABarapap:62,ABarapap,62,29819,4819,-905,-990,4508,20.0,240,169,43,297088
ABarapap:63,ABarapap,63,31185,6185,-7,-75,6036,19.0,245,163,45,339202
ABarapap:64,ABarapap,64,30848,5848,-412,-557,5521,20.0,243,156,43,346568
ABarapap:65,ABarapap,65,31271,6271,419,351,6184,20.1,244,151,47,418900
ABarapap:66,ABarapap,66,30984,5984,-187,-235,5890,20.2,242,147,45,325438
ABarapap:67,ABarapap,67,31353,6353,435,244,6266,20.0,237,146,45,347093
ABarapap:68,ABarapap,68,30599,5599,-373,-594,5499,20.0,240,156,45,327685
ABarapap:69,ABarapap,69,31016,6016,533,342,5903,20.2,236,157,47,381465
ABarapap:70,ABarapap,70,30324,5324,-280,-328,5170,21.0,237,148,47,401658
ABarapap:71,ABarapap,71,29587,4587,-1117,-1171,4185,19.3,235,143,47,399106
ABarapap:72,ABarapap,72,29817,4817,-522,-614,4468,20.0,229,144,45,397122
ABarapap:73,ABarapap,73,29996,4996,-312,-457,4293,20.1,230,145,47,472529
ABarapap:74,ABarapap,74,29433,4433,-1014,-1151,3293,20.1,229,149,47,469004
ABarapap:75,ABarapap,75,29923,4923,-981,-1012,4027,21.0,225,157,43,366019
ABarapap:76,ABarapap,76,30054,5054,-570,-708,4299,21.1,226,159,47,461997
ABarapap:77,ABarapap,77,30411,5411,-542,-534,5232,22.1,226,170,47,485645
ABarapap:78,ABarapap,78,29441,4441,-1605,-1607,4362,23.0,231,180,43,376053
ABarapap:79,ABarapap,79,29293,4293,-1510,-1570,4182,21.9,237,185,43,386944
ABarapapa:80,ABarapapa,80,29412,4412,-931,-1073,4242,22.0,199,198,38,347064
ABarapapa:81,ABarapapa,81,29785,4785,-834,-905,4505,22.9,202,207,40,237031
ABarapapa:82,ABarapapa,82,29625,4625,-864,-916,4297,23.1,200,203,41,265549
ABarapapa:83,ABarapapa,83,30152,5152,-1134,-1141,4956,23.2,208,202,37,204687
ABarapapa:84,ABarapapa,84,29030,4030,-1543,-1524,3446,23.1,217,192,37,204742
ABarapapa:85,ABarapapa,85,30134,5134,-539,-509,4548,23.2,221,197,38,229333
ABarapapa:86,ABarapapa,86,29090,4090,-1762,-1894,3667,23.2,208,194,38,240419
ABarapapa:87,ABarapapa,87,30392,5392,-115,-303,4869,23.1,220,193,38,237490
ABarapapa:88,ABarapapa,88,30454,5454,-367,-474,4748,23.1,214,198,38,232329
ABarapapa:89,ABarapapa,89,30009,5009,-651,-723,4167,23.1,204,198,38,259872
ABarapapa:90,ABarapapa,90,29634,4634,-1231,-1402,4064,23.1,210,208,38,250852
ABarapapa:91,ABarapapa,91,30465,5465,-417,-413,5078,23.0,204,215,38,270967
ABarapapa:92,ABarapapa,92,30363,5363,-98,-34,5101,23.1,215,225,38,263168
ABarapapa:93,ABarapapa,93,30495,5495,-344,-559,5178,23.1,215,229,38,294826
ABarapapa:94,ABarapapa,94,29281,4281,-1243,-1415,3891,22.2,222,228,38,277526
ABarapapa:95,ABarapapa,95,29932,4932,-1184,-1394,4621,22.3,213,239,36,258766
ABarapapa:96,ABarapapa,96,29824,4824,-1200,-1178,4308,22.2,220,239,38,248405
ABarapapa:97,ABarapapa,97,29547,4547,-806,-754,3913,22.1,221,241,37,236227
ABarapapa:98,ABarapapa,98,30332,5332,-639,-874,4749,22.2,222,251,39,251967
ABarapapa:99,ABarapapa,99,30619,5619,-43,-150,5153,23.0,218,259,39,292289
ABarapapa:100,ABarapapa,100,30156,5156,-877,-1124,4415,22.2,225,255,39,267453
ABarapapa:101,ABarapapa,101,30594,5594,-384,-517,4803,23.0,232,265,39,285441
ABarapapa:102,ABarapapa,102,30350,5350,-358,-634,4496,23.1,230,270,39,290177
ABarapapa:103,ABarapapa,103,30391,5391,-94,-217,4890,23.0,231,280,39,300605
ABarapapa:104,ABarapapa,104,29282,4282,-1215,-1332,3918,22.2,233,297,37,239302
ABarapapa:105,ABarapapa,105,28683,3683,-1988,-1973,3288,22.2,235,297,39,284377
ABarapapp:80,ABarapapp,80,30488,5488,526,495,4724,21.2,266,184,40,266776
ABarapapp:81,ABarapapp,81,29925,4925,-129,-131,4615,21.1,271,191,36,169709
ABarapapp:82,ABarapapp,82,30072,5072,-159,-142,4905,21.1,270,191,39,186192
ABarapapp:83,ABarapapp,83,28757,3757,-1868,-1865,3541,21.1,270,187,37,180045
ABarapapp:84,ABarapapp,84,29514,4514,-901,-894,4277,21.1,270,197,39,204710
ABarapapp:85,ABarapapp,85,30073,5073,-378,-400,4785,21.2,269,203,36,197912
ABarapapp:86,ABarapapp,86,29672,4672,-667,-676,4537,22.1,256,202,38,218348
ABarapapp:87,ABarapapp,87,29021,4021,-1764,-1773,3698,21.2,260,202,38,245391
ABarapapp:88,ABarapapp,88,29223,4223,-1233,-1257,3879,21.2,264,204,38,226451
ABarapapp:89,ABarapapp,89,30380,5380,-460,-472,4869,21.0,256,206,38,258227
ABarapapp:90,ABarapapp,90,29451,4451,-1484,-1667,4121,21.0,254,212,38,261538
ABarapapp:91,ABarapapp,91,30601,5601,123,155,4910,20.3,254,214,38,242479
ABarapapp:92,ABarapapp,92,29674,4674,-925,-718,3981,21.1,259,217,36,234859
ABarapapp:93,ABarapapp,93,29260,4260,-1424,-1523,3043,21.2,264,227,38,232756
ABarapapp:94,ABarapapp,94,30308,5308,16,-151,4311,22.1,267,226,38,268087
ABarapapp:95,ABarapapp,95,29930,4930,-944,-1115,4077,22.0,263,231,38,266059
ABarapapp:96,ABarapapp,96,30402,5402,-244,-206,4708,22.0,266,231,38,234770
ABarapapp:97,ABarapapp,97,29655,4655,-838,-1010,3349,21.2,265,234,39,219654
ABarapapp:98,ABarapapp,98,30628,5628,-236,-547,4888,22.1,266,233,39,231097
ABarapapp:99,ABarapapp,99,29222,4222,-1453,-1681,1928,21.1,263,248,39,247392
ABarapapp:100,ABarapapp,100,29733,4733,-1447,-1719,2946,21.2,263,244,39,251098
ABarapapp:101,ABarapapp,101,30072,5072,-825,-1093,3459,21.1,259,249,39,273306
ABarapapp:102,ABarapapp,102,29740,4740,-726,-736,3728,21.0,250,246,39,271984
ABarapapp:103,ABarapapp,103,29839,4839,-781,-860,3715,20.1,248,255,39,270981
ABarapapp:104,ABarapapp,104,29271,4271,-1077,-1188,2973,20.0,243,264,39,300347
ABarapapp:105,ABarapapp,105,28733,3733,-1633,-1847,2045,19.1,246,270,39,323408
ABarapp:44,ABarapp,44,32007,7007,-201,-244,7007,20.7,261,183,58,708258
ABarapp:45,ABarapp,45,33808,8808,2014,2029,8808,20.9,274,176,57,631046
ABarapp:46,ABarapp,46,34851,9851,3446,3482,9851,21.0,294,171,56,527381
ABarapp:47,ABarapp,47,34240,9240,2576,2599,9240,21.9,294,168,55,551702
ABarapp:48,ABarapp,48,34678,9678,3194,3190,9678,21.1,286,161,54,599247
ABarapp:49,ABarapp,49,34127,9127,2428,2428,9127,21.9,288,159,53,564969
ABarapp:50,ABarapp,50,34184,9184,2407,2409,9184,21.3,287,160,54,611809
ABarapp:51,ABarapp,51,34352,9352,2982,2997,9352,21.3,275,172,52,601491
ABarapp:52,ABarapp,52,32988,7988,1322,1322,7988,21.1,270,170,51,552630
ABarapp:53,ABarapp,53,32885,7885,1375,1385,7885,21.3,264,167,55,633285
ABarapp:54,ABarapp,54,32686,7686,1281,1278,7686,22.0,261,172,52,619783
ABarapp:55,ABarapp,55,32279,7279,902,914,7279,21.9,273,171,52,592170
ABarapp:56,ABarapp,56,32796,7796,1405,1411,7794,21.1,283,160,54,724181
ABarapp:57,ABarapp,57,31926,6926,1016,1015,6926,21.9,296,158,52,640477
ABarapp:58,ABarapp,58,31505,6505,366,367,6490,20.1,300,162,52,682729
ABarapp:59,ABarapp,59,31566,6566,879,882,6566,20.9,308,168,51,567309
ABarapp:60,ABarapp,60,29525,4525,-1352,-1369,4523,19.1,315,177,53,541616
ABarappa:61,ABarappa,61,30432,5432,65,116,5040,20.2,285,172,32,157434
ABarappa:62,ABarappa,62,30646,5646,572,572,5439,21.1,275,183,45,277535
ABarappa:63,ABarappa,63,29780,4780,-526,-523,4459,22.0,271,184,43,301128
ABarappa:64,ABarappa,64,30546,5546,139,112,5236,21.1,275,174,45,303816
ABarappa:65,ABarappa,65,29239,4239,-1348,-1110,4099,21.1,285,170,43,302515
ABarappa:66,ABarappa,66,30189,5189,-209,-248,5075,20.1,286,163,45,285430
ABarappa:67,ABarappa,67,30190,5190,-170,-200,5101,19.1,280,168,43,285513
ABarappa:68,ABarappa,68,30217,5217,-91,-155,5045,19.1,283,175,43,288665
ABarappa:69,ABarappa,69,29072,4072,-1204,-1140,3815,20.0,275,170,43,291180
ABarappa:70,ABarappa,70,30458,5458,-559,-849,5182,18.0,273,160,43,354578
ABarappa:71,ABarappa,71,29867,4867,-1212,-1231,4563,16.9,265,147,43,370480
ABarappa:72,ABarappa,72,30376,5376,-1434,-1607,4963,16.8,258,151,43,405596
ABarappa:73,ABarappa,73,30114,5114,-945,-1302,4539,17.0,251,155,43,404510
ABarappa:74,ABarappa,74,29372,4372,-2103,-2416,3566,17.0,242,144,43,445682
ABarappa:75,ABarappa,75,30838,5838,-529,-674,5226,17.1,232,143,45,480141
ABarappa:76,ABarappa,76,30845,5845,-443,-577,5205,17.0,232,141,43,474632
ABarappa:77,ABarappa,77,30375,5375,-1092,-1151,4649,17.2,226,140,47,572276
ABarappa:78,ABarappa,78,30928,5928,62,14,5872,18.3,214,140,47,549055
ABarappa:79,ABarappa,79,30467,5467,-346,-400,5418,19.0,219,142,43,493732
ABarappa:80,ABarappa,80,29896,4896,-708,-690,4839,20.0,217,150,42,507305
ABarappa:81,ABarappa,81,29683,4683,-1067,-975,4079,19.1,212,164,40,338950
ABarappaa:82,ABarappaa,82,29351,4351,-370,-458,3270,19.2,189,175,29,127644
ABarappaa:83,ABarappaa,83,30445,5445,15,-46,4588,20.0,192,163,35,189929
ABarappaa:84,ABarappaa,84,30248,5248,243,125,3367,19.1,190,156,37,251327
ABarappaa:85,ABarappaa,85,29968,4968,-311,-425,3708,20.0,189,160,36,274802
ABarappaa:86,ABarappaa,86,30712,5712,298,272,3605,19.0,172,168,36,291459
ABarappaa:87,ABarappaa,87,30581,5581,207,31,3638,19.2,184,160,36,273072
ABarappaa:88,ABarappaa,88,30917,5917,252,287,4824,20.3,188,165,36,289720
ABarappaa:89,ABarappaa,89,30564,5564,-64,-129,4814,20.1,181,164,38,319712
ABarappaa:90,ABarappaa,90,30352,5352,-662,-709,4924,21.0,181,169,36,303555
ABarappaa:91,ABarappaa,91,30307,5307,1,33,4904,21.1,183,174,36,314017
ABarappaa:92,ABarappaa,92,30803,5803,-53,-47,5298,22.1,189,181,38,341073
ABarappaa:93,ABarappaa,93,30163,5163,-723,-713,4209,22.1,192,184,38,365094
ABarappaa:94,ABarappaa,94,29742,4742,-697,-784,3557,22.1,196,181,38,368665
ABarappaa:95,ABarappaa,95,30400,5400,-298,-483,4459,22.2,192,191,38,375123
ABarappaa:96,ABarappaa,96,29547,4547,-1432,-1535,3338,22.2,200,191,38,325187
ABarappaa:97,ABarappaa,97,31117,6117,265,12,5111,23.1,205,189,37,293198
ABarappaa:98,ABarappaa,98,30316,5316,-775,-1015,4750,23.0,209,194,39,308941
ABarappaa:99,ABarappaa,99,30167,5167,-1095,-1187,4737,23.0,211,205,39,302999
ABarappaa:100,ABarappaa,100,30618,5618,-104,-299,5179,23.1,214,202,39,304831
ABarappaa:101,ABarappaa,101,30314,5314,-494,-632,4929,23.0,219,210,39,305121
ABarappaa:102,ABarappaa,102,29505,4505,-1676,-1815,3585,22.3,217,213,39,283406
ABarappaa:103,ABarappaa,103,30424,5424,-471,-554,4834,23.1,218,222,39,313891
ABarappaa:104,ABarappaa,104,30593,5593,24,-52,4833,22.2,219,222,39,297596
ABarappaa:105,ABarappaa,105,31024,6024,220,127,5737,23.0,228,227,39,319767
ABarappap:82,ABarappap,82,29855,4855,-457,-344,2938,19.0,234,142,37,253534
ABarappap:83,ABarappap,83,29565,4565,-410,-366,4083,20.0,238,139,35,197475
ABarappap:84,ABarappap,84,29998,4998,-334,-333,4455,20.0,247,143,39,259794
ABarappap:85,ABarappap,85,29649,4649,-898,-933,4013,20.3,242,140,38,259056
ABarappap:86,ABarappap,86,30598,5598,64,-88,4648,20.3,232,144,38,278255
ABarappap:87,ABarappap,87,29652,4652,-603,-778,4016,21.1,243,141,38,306266
ABarappap:88,ABarappap,88,28950,3950,-1371,-1459,3081,21.1,240,146,38,300703
ABarappap:89,ABarappap,89,29458,4458,-1403,-1367,3117,20.2,231,145,38,306621
ABarappap:90,ABarappap,90,31456,6456,1017,872,5606,21.0,236,156,38,342008
ABarappap:91,ABarappap,91,30621,5621,367,197,4407,21.2,232,162,38,331952
ABarappap:92,ABarappap,92,30627,5627,-218,-216,4756,21.1,227,162,38,340683
ABarappap:93,ABarappap,93,28754,3754,-1492,-1596,2379,21.2,236,170,36,304409
ABarappap:94,ABarappap,94,30040,5040,-347,-294,3484,21.2,237,166,38,346164
ABarappap:95,ABarappap,95,30074,5074,-336,-382,3865,21.3,227,174,38,350398
ABarappap:96,ABarappap,96,29384,4384,-1244,-1367,2551,21.3,231,165,36,274187
ABarappap:97,ABarappap,97,29976,4976,-1030,-1025,2802,21.1,233,168,39,314357
ABarappap:98,ABarappap,98,29634,4634,-1361,-1518,3299,22.1,231,161,39,363856
ABarappap:99,ABarappap,99,30131,5131,-788,-972,4235,22.1,227,166,39,356557
ABarappap:100,ABarappap,100,29334,4334,-1198,-1173,2277,22.0,224,167,39,370737
ABarappap:101,ABarappap,101,29698,4698,-1150,-1409,2478,22.0,224,167,39,370737
ABarappap:102,ABarappap,102,30820,5820,-529,-685,3452,22.1,231,168,39,399661
ABarappap:103,ABarappap,103,29616,4616,-1610,-1743,2872,23.0,234,177,39,399049
ABarappap:104,ABarappap,104,29348,4348,-1460,-1709,2297,23.0,234,177,39,399049
ABarappap:105,ABarappap,105,29868,4868,-1301,-1377,2668,23.0,239,179,39,393823
ABarappp:61,ABarappp,61,30421,5421,-25,-40,5374,19.1,337,188,45,263561
ABarappp:62,ABarappp,62,30323,5323,44,42,5271,19.0,340,186,43,252991
ABarappp:63,ABarappp,63,30251,5251,-570,-570,5234,18.9,344,177,43,281443
ABarappp:64,ABarappp,64,31044,6044,290,244,5967,18.9,335,165,43,316612
ABarappp:65,ABarappp,65,30801,5801,193,103,5705,18.9,332,160,43,318261
ABarappp:66,ABarappp,66,30268,5268,-83,-206,5239,18.1,339,156,43,269062
ABarappp:67,ABarappp,67,29681,4681,-1306,-1383,4616,18.1,328,155,45,318630
ABarappp:68,ABarappp,68,29990,4990,-399,-452,4903,18.1,326,160,43,286841
ABarappp:69,ABarappp,69,29438,4438,-1130,-1300,4227,18.0,315,160,43,301937
ABarappp:70,ABarappp,70,30204,5204,-475,-545,4652,17.1,317,157,43,340800
ABarappp:71,ABarappp,71,31025,6025,-572,-552,5012,16.0,323,141,45,400268
ABarappp:72,ABarappp,72,30088,5088,-1682,-1787,4765,16.0,319,133,45,426736
ABarappp:73,ABarappp,73,30363,5363,-1257,-1484,5096,17.1,306,132,47,504564
ABarappp:74,ABarappp,74,30999,5999,-727,-780,5724,17.2,295,128,45,429855
ABarappp:75,ABarappp,75,30422,5422,-855,-823,5141,18.1,285,123,45,441487
ABarappp:76,ABarappp,76,30722,5722,-55,-71,5542,19.1,279,119,45,482400
ABarappp:77,ABarappp,77,29913,4913,-1433,-1436,4637,18.2,275,121,45,482942
ABarappp:78,ABarappp,78,30343,5343,-552,-537,5223,19.1,273,124,45,512703
ABarappp:79,ABarappp,79,29395,4395,-829,-817,4175,18.9,269,129,43,442795
ABarapppa:80,ABarapppa,80,29847,4847,-854,-1091,3046,17.1,260,136,44,415833
ABarapppa:81,ABarapppa,81,30173,5173,-1255,-1251,4091,16.2,235,136,34,176252
ABarapppa:82,ABarapppa,82,30489,5489,-267,-257,4438,16.0,227,134,37,252590
ABarapppa:83,ABarapppa,83,30204,5204,-1017,-1041,4351,16.1,219,134,37,255207
ABarapppa:84,ABarapppa,84,30003,5003,-1267,-1076,4364,16.9,220,127,35,230098
ABarapppa:85,ABarapppa,85,30743,5743,-693,-815,4924,16.9,218,127,34,241898
ABarapppa:86,ABarapppa,86,30234,5234,-1385,-1419,4120,17.2,210,133,38,316966
ABarapppa:87,ABarapppa,87,30515,5515,-691,-734,4189,17.2,220,128,38,335186
ABarapppa:88,ABarapppa,88,31153,6153,33,11,5068,18.1,219,131,38,356990
ABarapppa:89,ABarapppa,89,30108,5108,-1099,-1374,3385,18.0,218,130,36,338025
ABarapppa:90,ABarapppa,90,29939,4939,-1419,-1537,3585,18.2,214,143,38,387512
ABarapppa:91,ABarapppa,91,29626,4626,-1452,-1528,3035,18.2,212,152,38,365827
ABarapppa:92,ABarapppa,92,30419,5419,-885,-1133,4145,18.3,201,153,38,371812
ABarapppa:93,ABarapppa,93,30728,5728,-159,-130,4069,19.1,192,163,36,375489
ABarapppa:94,ABarapppa,94,30648,5648,-110,-198,3750,19.1,199,164,38,419404
ABarapppa:95,ABarapppa,95,30869,5869,-1,-120,3936,19.2,190,169,38,422075
ABarapppa:96,ABarapppa,96,30778,5778,-196,-355,3887,20.1,192,172,38,368343
ABarapppa:97,ABarapppa,97,31459,6459,309,307,5246,20.1,188,172,39,376424
ABarapppa:98,ABarapppa,98,30097,5097,-1319,-1386,4004,20.2,187,180,39,345806
ABarapppa:99,ABarapppa,99,31704,6704,901,829,5991,20.4,180,188,39,339065
ABarapppa:100,ABarapppa,100,32071,7071,1032,1019,6416,20.3,177,190,39,363616
ABarapppa:101,ABarapppa,101,30983,5983,239,250,5569,21.1,181,196,39,385575
ABarapppa:102,ABarapppa,102,30586,5586,-689,-795,5018,21.1,182,197,39,399910
ABarapppa:103,ABarapppa,103,31221,6221,216,106,5691,21.0,184,204,39,409594
ABarapppa:104,ABarapppa,104,31243,6243,400,453,5159,21.2,182,207,39,400863
ABarapppa:105,ABarapppa,105,30462,5462,-239,-293,4539,21.3,185,214,39,363797
ABarapppp:80,ABarapppp,80,29797,4797,-103,-482,3202,19.2,280,133,30,191290
ABarapppp:81,ABarapppp,81,29303,4303,-889,-896,3081,20.2,284,132,42,256978
ABarapppp:82,ABarapppp,82,30428,5428,71,-67,4264,19.9,281,126,37,219139
ABarapppp:83,ABarapppp,83,29250,4250,-1453,-1496,3177,18.3,285,124,37,210551
ABarapppp:84,ABarapppp,84,30433,5433,-479,-494,4907,18.3,283,124,37,222144
ABarapppp:85,ABarapppp,85,29343,4343,-1780,-1756,3480,19.0,278,137,34,211261
ABarapppp:86,ABarapppp,86,30907,5907,-348,-573,4768,18.3,266,143,36,233114
ABarapppp:87,ABarapppp,87,29018,4018,-1988,-2299,2812,19.0,271,145,38,294097
ABarapppp:88,ABarapppp,88,29897,4897,-630,-834,4095,18.2,269,153,36,242736
ABarapppp:89,ABarapppp,89,31171,6171,495,256,5639,19.0,266,150,38,312175
ABarapppp:90,ABarapppp,90,30710,5710,-551,-730,4937,18.2,267,156,38,314431
ABarapppp:91,ABarapppp,91,30980,5980,147,126,4886,18.4,258,158,36,288546
ABarapppp:92,ABarapppp,92,28853,3853,-2021,-2075,3123,18.1,255,161,38,354090
ABarapppp:93,ABarapppp,93,30735,5735,-792,-855,5037,17.3,249,162,38,341298
ABarapppp:94,ABarapppp,94,29826,4826,-1072,-1148,3157,18.1,249,156,38,391168
ABarapppp:95,ABarapppp,95,29827,4827,-1307,-1444,3664,18.1,244,166,38,408369
ABarapppp:96,ABarapppp,96,30882,5882,-653,-1013,4826,18.1,243,156,38,350035
ABarapppp:97,ABarapppp,97,31114,6114,-144,-385,4916,18.1,245,160,39,348191
ABarapppp:98,ABarapppp,98,29876,4876,-1183,-1273,3395,18.3,237,159,39,341004
ABarapppp:99,ABarapppp,99,29181,4181,-2103,-2371,2698,18.2,236,169,39,352366
ABarapppp:100,ABarapppp,100,30401,5401,-603,-687,4022,18.2,228,169,39,356746
ABarapppp:101,ABarapppp,101,30275,5275,-561,-688,3764,19.1,228,170,39,393571
ABarapppp:102,ABarapppp,102,30992,5992,-451,-784,4009,19.1,226,166,39,407708
ABarapppp:103,ABarapppp,103,30612,5612,-471,-758,4573,19.2,228,177,39,381682
ABarapppp:104,ABarapppp,104,30149,5149,-294,-397,3913,20.1,228,179,39,404880
ABarapppp:105,ABarapppp,105,30324,5324,-405,-528,4223,20.0,233,184,39,391226
ABarp:22,ABarp,22,29944,4944,-3483,-3504,4944,11.5,255,173,55,688231
ABarp:23,ABarp,23,29824,4824,-3378,-3395,4824,12.2,220,185,57,739471
ABarp:24,ABarp,24,29207,4207,-2559,-2559,4207,11.2,230,213,41,282791
ABarp:25,ABarp,25,29624,4624,-2003,-2003,4624,10.3,227,224,42,352490
ABarp:26,ABarp,26,29410,4410,-4684,-4684,4410,9.8,229,212,63,1269810
ABarp:27,ABarp,27,29712,4712,-4675,-4675,4712,9.5,223,207,65,1621848
ABarp:28,ABarp,28,30019,5019,-4529,-4529,5019,9.3,234,199,67,1872589
ABarp:29,ABarp,29,29183,4183,-4881,-4881,4183,10.0,219,191,68,2169322
ABarp:30,ABarp,30,29889,4889,-3286,-3286,4889,10.5,220,191,62,1006119
ABarpa:31,ABarpa,31,30136,5136,-3211,-3228,5136,12.6,193,197,61,796066
ABarpa:32,ABarpa,32,32249,7249,-787,-791,7249,10.1,198,193,52,615979
ABarpa:33,ABarpa,33,32405,7405,-909,-909,7405,9.7,194,192,59,794154
ABarpa:34,ABarpa,34,32526,7526,263,263,7526,10.8,163,200,59,957194
ABarpa:35,ABarpa,35,34217,9217,1107,1107,9217,11.9,155,206,58,1170099
ABarpa:36,ABarpa,36,35687,10687,2166,2166,10687,11.0,160,206,58,1294934
ABarpa:37,ABarpa,37,36683,11683,2993,2993,11683,10.7,173,209,58,1303960
ABarpa:38,ABarpa,38,36706,11706,2975,2975,11706,10.8,172,213,58,1307485
ABarpa:39,ABarpa,39,36526,11526,2714,2714,11526,10.2,176,206,60,1544585
ABarpa:40,ABarpa,40,36820,11820,3258,3258,11820,10.1,185,202,60,1529140
ABarpa:41,ABarpa,41,39254,14254,5490,5490,14254,10.8,175,202,58,1415254
ABarpa:42,ABarpa,42,37493,12493,4028,4028,12493,10.7,181,206,58,1393491
ABarpa:43,ABarpa,43,36061,11061,2316,2316,11061,10.0,193,212,58,1192329
ABarpa:44,ABarpa,44,31940,6940,-2379,-2379,6940,9.9,190,214,58,965992
ABarpaa:45,ABarpaa,45,35049,10049,1967,1989,10049,10.4,160,212,55,673016
ABarpaa:46,ABarpaa,46,38558,13558,6556,6583,13558,12.1,156,194,56,676939
ABarpaa:47,ABarpaa,47,40306,15306,8423,8449,15306,11.2,150,192,55,669932
ABarpaa:48,ABarpaa,48,40361,15361,8338,8365,15361,11.1,154,190,54,760340
ABarpaa:49,ABarpaa,49,40144,15144,7192,7198,15144,9.9,152,204,53,727862
ABarpaa:50,ABarpaa,50,38833,13833,6076,6076,13833,10.1,154,195,52,773585
ABarpaa:51,ABarpaa,51,38124,13124,5015,5015,13124,9.1,155,204,52,764721
ABarpaa:52,ABarpaa,52,36978,11978,3061,3095,11978,8.2,159,215,51,698281
ABarpaa:53,ABarpaa,53,36203,11203,2771,2765,11203,9.1,155,208,55,866792
ABarpaa:54,ABarpaa,54,35908,10908,2927,2951,10908,9.8,151,211,52,794941
ABarpaa:55,ABarpaa,55,36167,11167,3193,3197,11167,9.4,159,200,54,847983
ABarpaa:56,ABarpaa,56,34734,9734,2244,2256,9734,9.9,173,197,52,841152
ABarpaa:57,ABarpaa,57,32971,7971,707,722,7971,10.1,187,190,52,820769
ABarpaa:58,ABarpaa,58,31372,6372,-776,-776,6372,10.1,179,190,36,320208
ABarpaaa:59,ABarpaaa,59,30669,5669,-979,-1002,5621,12.0,144,191,35,255411
ABarpaaa:60,ABarpaaa,60,32744,7744,1471,1595,7681,14.0,150,178,49,509181
ABarpaaa:61,ABarpaaa,61,32496,7496,1164,1164,7491,13.1,122,209,43,393376
ABarpaaa:62,ABarpaaa,62,32489,7489,1822,1822,7450,13.0,122,216,43,400336
ABarpaaa:63,ABarpaaa,63,31190,6190,502,479,6166,12.9,128,208,43,425690
ABarpaaa:64,ABarpaaa,64,31048,6048,171,250,5946,13.0,126,208,43,440988
ABarpaaa:65,ABarpaaa,65,31301,6301,358,453,6174,12.8,129,204,43,450695
ABarpaaa:66,ABarpaaa,66,30830,5830,-239,-327,5748,11.1,135,203,43,365341
ABarpaaa:67,ABarpaaa,67,30977,5977,-197,-202,5856,10.1,132,211,43,386024
ABarpaaa:68,ABarpaaa,68,30456,5456,-868,-938,5315,9.0,133,224,43,401959
ABarpaaa:69,ABarpaaa,69,31422,6422,-701,-719,6363,8.1,136,228,43,390721
ABarpaaa:70,ABarpaaa,70,31115,6115,-552,-502,6059,7.7,145,225,43,379175
ABarpaaa:71,ABarpaaa,71,31015,6015,-1680,-1691,5981,6.9,146,238,43,397982
ABarpaaa:72,ABarpaaa,72,31482,6482,-2457,-2534,6449,6.0,154,246,43,402481
ABarpaaa:73,ABarpaaa,73,30959,5959,-1763,-1792,5902,5.9,150,258,43,398992
ABarpaaa:74,ABarpaaa,74,31080,6080,-1952,-2038,5930,5.8,155,264,43,418779
ABarpaaa:75,ABarpaaa,75,31066,6066,-1684,-1749,5989,5.9,171,265,43,419280
ABarpaaa:76,ABarpaaa,76,31752,6752,-375,-348,6725,5.9,186,263,43,430534
ABarpaaa:77,ABarpaaa,77,30981,5981,-2367,-2408,5920,5.8,183,266,43,433061
ABarpaaa:78,ABarpaaa,78,31202,6202,-1408,-1510,6075,5.1,182,260,43,456033
ABarpaaa:79,ABarpaaa,79,30633,5633,-1728,-1866,5437,5.2,177,256,43,474532
ABarpaaa:80,ABarpaaa,80,31149,6149,-1426,-1559,5747,5.1,177,275,42,492386
ABarpaaa:81,ABarpaaa,81,31673,6673,-1164,-1400,6113,5.2,178,290,40,366814
ABarpaaa:82,ABarpaaa,82,31006,6006,-1960,-2170,5624,5.1,187,310,37,317818
ABarpaaa:83,ABarpaaa,83,30097,5097,-2092,-2177,4832,6.0,202,316,35,299032
ABarpaaaa:84,ABarpaaaa,84,30526,5526,-1392,-1383,5156,5.4,171,345,33,187841
ABarpaaaa:85,ABarpaaaa,85,30223,5223,-1270,-1369,4502,5.9,168,341,34,220142
ABarpaaaa:86,ABarpaaaa,86,30781,5781,-864,-1009,5234,5.9,174,352,34,231337
ABarpaaaa:87,ABarpaaaa,87,29538,4538,-1861,-1876,4022,6.0,170,351,34,232118
ABarpaaaa:88,ABarpaaaa,88,29674,4674,-2322,-2340,4384,5.8,169,356,34,234750
ABarpaaaa:89,ABarpaaaa,89,30399,5399,-1170,-1216,5041,5.9,170,356,34,236484
ABarpaaaa:90,ABarpaaaa,90,31636,6636,-216,-207,6312,5.7,177,351,34,234828
ABarpaaaa:91,ABarpaaaa,91,31626,6626,-1686,-1755,6391,5.4,174,342,36,268468
ABarpaaaa:92,ABarpaaaa,92,30799,5799,-1455,-1422,5507,5.8,173,344,34,257439
ABarpaaaa:93,ABarpaaaa,93,32804,7804,-251,-278,7595,5.2,177,342,36,297393
ABarpaaaa:94,ABarpaaaa,94,31944,6944,-1140,-1113,6732,5.1,169,341,34,265585
ABarpaaaa:95,ABarpaaaa,95,31482,6482,-1845,-1906,6237,5.1,166,347,34,276810
ABarpaaaa:96,ABarpaaaa,96,31928,6928,-901,-1007,6436,5.1,173,345,36,274850
ABarpaaaa:97,ABarpaaaa,97,31261,6261,-1558,-1658,6015,5.2,167,343,35,245953
ABarpaaaa:98,ABarpaaaa,98,30989,5989,-1556,-1621,5524,5.2,167,342,35,243450
ABarpaaaa:99,ABarpaaaa,99,31178,6178,-2068,-2113,5592,5.2,169,344,35,254912
ABarpaaaa:100,ABarpaaaa,100,31648,6648,-1566,-1725,6078,5.2,169,343,37,310008
ABarpaaaa:101,ABarpaaaa,101,31964,6964,-953,-918,6547,5.1,168,339,37,312561
ABarpaaaa:102,ABarpaaaa,102,31964,6964,-1188,-1321,6175,5.1,170,337,35,273455
ABarpaaaa:103,ABarpaaaa,103,30435,5435,-3173,-3387,4553,5.2,172,342,35,275694
ABarpaaaa:104,ABarpaaaa,104,31316,6316,-2147,-2307,5371,5.0,164,333,35,281611
ABarpaaaa:105,ABarpaaaa,105,30878,5878,-2020,-2292,5071,5.0,162,326,35,287655
ABarpaaap:84,ABarpaaap,84,32735,7735,-61,-76,7019,5.5,219,315,33,167263
ABarpaaap:85,ABarpaaap,85,32382,7382,-1903,-2082,6698,5.1,221,324,34,223346
ABarpaaap:86,ABarpaaap,86,33346,8346,-585,-900,7741,5.2,232,331,34,223839
ABarpaaap:87,ABarpaaap,87,31555,6555,-2732,-3104,5832,5.0,227,329,34,214711
ABarpaaap:88,ABarpaaap,88,31453,6453,-2662,-3357,5895,5.0,220,329,34,233568
ABarpaaap:89,ABarpaaap,89,30990,5990,-2541,-2720,5437,5.0,216,323,34,240981
ABarpaaap:90,ABarpaaap,90,31843,6843,-1245,-1339,6120,5.7,216,317,34,225760
ABarpaaap:91,ABarpaaap,91,31265,6265,-2528,-2575,5823,5.2,218,316,34,242331
ABarpaaap:92,ABarpaaap,92,30863,5863,-2328,-2749,5295,5.8,213,317,34,245944
ABarpaaap:93,ABarpaaap,93,30928,5928,-2423,-2904,5218,5.1,213,319,34,258155
ABarpaaap:94,ABarpaaap,94,33112,8112,-810,-1315,7177,5.2,211,323,34,256012
ABarpaaap:95,ABarpaaap,95,30657,5657,-3477,-3986,4978,5.2,203,328,34,271290
ABarpaaap:96,ABarpaaap,96,32459,7459,-1883,-2465,6512,5.2,207,328,34,231387
ABarpaaap:97,ABarpaaap,97,31917,6917,-2285,-2675,6146,5.0,207,328,35,239204
ABarpaaap:98,ABarpaaap,98,30805,5805,-2801,-3029,5115,5.1,203,326,35,246398
ABarpaaap:99,ABarpaaap,99,32262,7262,-1482,-2028,6578,5.0,204,330,35,259221
ABarpaaap:100,ABarpaaap,100,31232,6232,-2736,-3238,5552,5.1,203,327,35,254577
ABarpaaap:101,ABarpaaap,101,31048,6048,-3243,-3498,5531,5.0,203,319,35,258685
ABarpaaap:102,ABarpaaap,102,31098,6098,-2630,-3150,5424,5.2,202,319,35,272435
ABarpaaap:103,ABarpaaap,103,31651,6651,-2545,-2750,6027,5.1,201,322,35,273119
ABarpaaap:104,ABarpaaap,104,32400,7400,-1907,-1927,6820,5.0,195,311,35,279207
ABarpaaap:105,ABarpaaap,105,30625,5625,-3766,-4131,5035,5.0,197,311,37,333429
ABarpaap:59,ABarpaap,59,30538,5538,-2576,-2576,5521,9.0,192,184,35,239011
ABarpaap:60,ABarpaap,60,33989,8989,1836,1784,8930,9.9,194,167,49,470556
ABarpaap:61,ABarpaap,61,33574,8574,1394,1394,8553,10.0,189,168,45,385541
ABarpaap:62,ABarpaap,62,32681,7681,146,186,7534,9.0,199,174,45,384270
ABarpaap:63,ABarpaap,63,32656,7656,462,553,7273,9.4,204,164,47,459236
ABarpaap:64,ABarpaap,64,31982,6982,-433,-437,6711,9.1,198,175,45,441912
ABarpaap:65,ABarpaap,65,32061,7061,-954,-1060,6944,9.0,198,173,45,441500
ABarpaap:66,ABarpaap,66,32376,7376,-1143,-1189,7310,7.9,203,178,43,317855
ABarpaap:67,ABarpaap,67,31795,6795,-2609,-2838,6706,7.2,198,192,47,423410
ABarpaap:68,ABarpaap,68,32472,7472,-2960,-3047,7432,6.3,205,199,45,326582
ABarpaap:69,ABarpaap,69,32213,7213,-2718,-2779,7176,6.2,210,203,45,360721
ABarpaap:70,ABarpaap,70,33292,8292,-1343,-1408,8236,5.5,225,208,47,429738
ABarpaap:71,ABarpaap,71,31641,6641,-2571,-2695,6516,5.4,227,223,47,406981
ABarpaap:72,ABarpaap,72,31471,6471,-2502,-2540,6458,5.3,238,237,45,345170
ABarpaap:73,ABarpaap,73,31650,6650,-2281,-2342,6573,5.4,239,241,47,417922
ABarpaap:74,ABarpaap,74,31077,6077,-3232,-3275,6061,5.4,250,255,47,433529
ABarpaap:75,ABarpaap,75,31390,6390,-3043,-3105,6320,6.1,257,256,47,495364
ABarpaap:76,ABarpaap,76,31562,6562,-2864,-2919,6531,6.2,269,265,45,436740
ABarpaap:77,ABarpaap,77,30176,5176,-3813,-3802,5159,6.4,263,274,47,489804
ABarpaap:78,ABarpaap,78,30533,5533,-2349,-2349,5525,6.1,260,269,35,250287
ABarpaapa:79,ABarpaapa,79,31065,6065,-2185,-2209,6024,6.5,240,281,33,178648
ABarpaapa:80,ABarpaapa,80,31243,6243,-1807,-1842,6188,6.2,236,278,36,268012
ABarpaapa:81,ABarpaapa,81,30738,5738,-2955,-3072,5639,6.2,229,283,38,219884
ABarpaapa:82,ABarpaapa,82,31063,6063,-2147,-2229,5884,6.1,233,294,37,214102
ABarpaapa:83,ABarpaapa,83,31801,6801,-1976,-2173,6627,6.1,242,293,37,222158
ABarpaapa:84,ABarpaapa,84,31496,6496,-2146,-2298,5763,6.2,248,298,39,251286
ABarpaapa:85,ABarpaapa,85,32325,7325,-2047,-2160,7002,5.4,253,297,38,228201
ABarpaapa:86,ABarpaapa,86,32411,7411,-1789,-1933,7041,5.3,261,303,36,227014
ABarpaapa:87,ABarpaapa,87,32743,7743,-1579,-1768,7396,5.3,256,300,38,251862
ABarpaapa:88,ABarpaapa,88,31300,6300,-3331,-3403,6097,5.3,254,299,38,272587
ABarpaapa:89,ABarpaapa,89,30936,5936,-3587,-3810,5731,5.3,246,295,38,284408
ABarpaapa:90,ABarpaapa,90,32958,7958,-1188,-1265,7754,5.3,252,291,36,250225
ABarpaapa:91,ABarpaapa,91,31684,6684,-3530,-3671,6518,5.4,253,290,36,256408
ABarpaapa:92,ABarpaapa,92,32740,7740,-1752,-1788,7651,5.3,257,292,36,272295
ABarpaapa:93,ABarpaapa,93,31402,6402,-3651,-3685,6334,5.3,255,288,38,309984
ABarpaapa:94,ABarpaapa,94,31251,6251,-3850,-3802,6173,5.2,255,285,36,288697
ABarpaapa:95,ABarpaapa,95,32470,7470,-2853,-2884,7400,5.3,261,286,38,332940
ABarpaapa:96,ABarpaapa,96,32267,7267,-2354,-2364,7210,5.2,262,285,38,288270
ABarpaapa:97,ABarpaapa,97,33368,8368,-1946,-1946,8344,5.2,260,283,37,267843
ABarpaapa:98,ABarpaapa,98,32262,7262,-2662,-2649,7216,5.2,254,280,39,306055
ABarpaapa:99,ABarpaapa,99,33487,8487,-1509,-1559,8456,5.3,258,290,39,314053
ABarpaapa:100,ABarpaapa,100,31582,6582,-3589,-3593,6554,5.2,254,281,39,317235
ABarpaapa:101,ABarpaapa,101,32006,7006,-2967,-2968,6980,5.2,258,281,39,332772
ABarpaapa:102,ABarpaapa,102,33218,8218,-2213,-2213,8180,5.1,266,286,39,344587
ABarpaapa:103,ABarpaapa,103,32756,7756,-2093,-2141,7668,5.1,261,284,39,341362
ABarpaapa:104,ABarpaapa,104,32558,7558,-2479,-2511,7511,5.2,259,277,39,352327
ABarpaapa:105,ABarpaapa,105,31504,6504,-3755,-3735,6441,5.2,255,274,39,364075
ABarpaapp:79,ABarpaapp,79,31359,6359,-1942,-1956,6338,6.4,303,260,33,177016
ABarpaapp:80,ABarpaapp,80,31870,6870,-1516,-1547,6855,7.0,303,248,38,284541
ABarpaapp:81,ABarpaapp,81,31250,6250,-2398,-2489,6169,6.2,305,247,38,233756
ABarpaapp:82,ABarpaapp,82,31722,6722,-2372,-2450,6634,6.2,309,244,39,239437
ABarpaapp:83,ABarpaapp,83,30874,5874,-3054,-3182,5742,6.2,316,243,39,241937
ABarpaapp:84,ABarpaapp,84,32344,7344,-1995,-1986,7287,6.2,312,243,37,217593
ABarpaapp:85,ABarpaapp,85,31373,6373,-2956,-2956,6304,6.1,304,241,36,231222
ABarpaapp:86,ABarpaapp,86,31719,6719,-2244,-2255,6666,6.2,308,248,36,242352
ABarpaapp:87,ABarpaapp,87,31094,6094,-2990,-2990,6094,6.1,313,248,34,203599
ABarpaapp:88,ABarpaapp,88,32740,7740,-2500,-2500,7732,5.4,310,244,38,249438
ABarpaapp:89,ABarpaapp,89,31919,6919,-2621,-2621,6910,5.4,313,238,38,265175
ABarpaapp:90,ABarpaapp,90,32007,7007,-2388,-2388,6987,5.4,310,231,38,250511
ABarpaapp:91,ABarpaapp,91,33520,8520,-1444,-1444,8508,5.3,306,227,38,269319
ABarpaapp:92,ABarpaapp,92,32896,7896,-1900,-1900,7874,5.4,305,227,36,255496
ABarpaapp:93,ABarpaapp,93,31804,6804,-3011,-3011,6794,5.5,315,233,36,252696
ABarpaapp:94,ABarpaapp,94,33429,8429,-1755,-1753,8412,5.3,324,230,38,306509
ABarpaapp:95,ABarpaapp,95,32414,7414,-3079,-3079,7397,5.3,319,237,38,315365
ABarpaapp:96,ABarpaapp,96,32233,7233,-2275,-2275,7215,5.2,312,239,38,282122
ABarpaapp:97,ABarpaapp,97,32927,7927,-2121,-2121,7925,5.1,321,239,39,290521
ABarpaapp:98,ABarpaapp,98,32722,7722,-2930,-2930,7694,5.1,314,240,39,299699
ABarpaapp:99,ABarpaapp,99,32188,7188,-3049,-3050,7138,5.2,307,244,39,308078
ABarpaapp:100,ABarpaapp,100,32194,7194,-2775,-2766,7060,5.1,304,245,39,316873
ABarpaapp:101,ABarpaapp,101,32274,7274,-2951,-2957,7175,5.1,307,246,39,321688
ABarpaapp:102,ABarpaapp,102,33666,8666,-1423,-1423,8611,5.1,314,242,39,329471
ABarpaapp:103,ABarpaapp,103,32073,7073,-2944,-2944,7021,5.0,317,245,39,346263
ABarpaapp:104,ABarpaapp,104,30847,5847,-4230,-4230,5825,5.0,316,244,39,348859
ABarpaapp:105,ABarpaapp,105,32436,7436,-2546,-2546,7399,4.6,316,246,39,368520
ABarpap:45,ABarpap,45,34000,9000,1509,1530,8989,14.8,223,226,57,709898
ABarpap:46,ABarpap,46,35558,10558,2678,2774,10502,13.8,240,222,56,607501
ABarpap:47,ABarpap,47,37035,12035,3820,3824,12023,13.8,248,228,55,629679
ABarpap:48,ABarpap,48,36365,11365,3503,3571,11131,13.2,253,217,54,681033
ABarpap:49,ABarpap,49,37064,12064,4047,4047,11490,14.0,243,212,53,669607
ABarpap:50,ABarpap,50,37724,12724,4215,4233,12305,13.2,238,212,52,727760
ABarpap:51,ABarpap,51,37104,12104,4149,4201,11931,13.2,227,219,52,724453
ABarpap:52,ABarpap,52,36338,11338,2977,2962,11318,13.9,229,224,51,686312
ABarpap:53,ABarpap,53,34839,9839,2143,2313,9566,13.2,235,227,53,726073
ABarpap:54,ABarpap,54,34384,9384,1646,1709,9156,13.4,239,231,54,762833
ABarpap:55,ABarpap,55,33899,8899,899,928,8848,13.2,239,225,52,733430
ABarpap:56,ABarpap,56,32873,7873,663,659,7842,14.2,241,221,52,754077
ABarpap:57,ABarpap,57,33012,8012,846,842,8009,14.3,242,218,52,757076
ABarpap:58,ABarpap,58,31657,6657,-339,-350,6642,13.9,239,217,52,801227
ABarpap:59,ABarpap,59,30435,5435,-1745,-1735,5413,14.1,237,210,49,597038
ABarpapa:60,ABarpapa,60,31443,6443,-401,-401,6339,14.2,216,205,33,211364
ABarpapa:61,ABarpapa,61,31635,6635,-12,-12,6592,14.1,205,220,41,317435
ABarpapa:62,ABarpapa,62,30723,5723,-611,-607,5698,14.9,198,223,43,341635
ABarpapa:63,ABarpapa,63,31686,6686,-36,-40,6575,13.1,194,230,45,395841
ABarpapa:64,ABarpapa,64,31390,6390,-285,-315,6186,13.3,189,227,45,411931
ABarpapa:65,ABarpapa,65,31433,6433,-636,-636,6299,13.1,182,220,45,453375
ABarpapa:66,ABarpapa,66,31474,6474,-295,-349,6345,12.9,185,211,43,344163
ABarpapa:67,ABarpapa,67,30751,5751,-1395,-1440,5601,12.1,177,212,43,372894
ABarpapa:68,ABarpapa,68,31205,6205,-650,-722,6027,12.0,178,214,43,395730
ABarpapa:69,ABarpapa,69,31367,6367,-658,-675,6295,11.9,186,219,43,390962
ABarpapa:70,ABarpapa,70,31708,6708,-443,-552,6487,10.2,191,217,45,430144
ABarpapa:71,ABarpapa,71,31798,6798,-278,-505,6524,9.1,194,218,45,431328
ABarpapa:72,ABarpapa,72,30117,5117,-1898,-2113,4989,8.3,193,212,45,412487
ABarpapa:73,ABarpapa,73,29768,4768,-2789,-2950,4649,8.0,190,213,43,409422
ABarpapa:74,ABarpapa,74,30861,5861,-2377,-2505,5779,7.0,189,213,45,447699
ABarpapa:75,ABarpapa,75,31089,6089,-2188,-2318,6023,7.0,197,214,43,414135
ABarpapa:76,ABarpapa,76,31297,6297,-1370,-1795,6221,7.2,207,214,45,444477
ABarpapa:77,ABarpapa,77,30411,5411,-2984,-3077,5374,7.0,213,213,43,444109
ABarpapa:78,ABarpapa,78,30551,5551,-2452,-2615,5512,7.0,222,205,43,468914
ABarpapa:79,ABarpapa,79,30637,5637,-2786,-2786,5613,6.1,219,212,37,328681
ABarpapaa:80,ABarpapaa,80,30084,5084,-2302,-2298,4541,7.0,182,225,34,250719
ABarpapaa:81,ABarpapaa,81,31926,6926,-507,-523,6807,6.3,160,244,34,172022
ABarpapaa:82,ABarpapaa,82,30476,5476,-2350,-2427,5208,6.1,156,262,37,238553
ABarpapaa:83,ABarpapaa,83,30899,5899,-2215,-2207,5775,5.3,163,256,37,228126
ABarpapaa:84,ABarpapaa,84,31627,6627,-955,-973,6278,5.0,173,264,35,202664
ABarpapaa:85,ABarpapaa,85,30986,5986,-1310,-1357,5526,5.2,164,275,36,241670
ABarpapaa:86,ABarpapaa,86,30506,5506,-2047,-2144,4959,5.1,172,278,34,210288
ABarpapaa:87,ABarpapaa,87,31525,6525,-1489,-1577,6021,5.1,171,278,34,223519
ABarpapaa:88,ABarpapaa,88,32127,7127,-759,-1076,6612,4.4,177,287,38,266193
ABarpapaa:89,ABarpapaa,89,31447,6447,-2019,-2476,5763,4.5,174,283,36,273283
ABarpapaa:90,ABarpapaa,90,33048,8048,-266,-517,6999,4.5,188,284,38,316019
ABarpapaa:91,ABarpapaa,91,33248,8248,283,34,7440,4.5,188,284,38,316019
ABarpapaa:92,ABarpapaa,92,30644,5644,-3617,-4338,4110,5.1,197,285,36,306906
ABarpapaa:93,ABarpapaa,93,31208,6208,-2021,-2795,5257,5.2,197,287,36,310383
ABarpapaa:94,ABarpapaa,94,32134,7134,-1915,-2511,5878,5.1,205,291,36,313930
ABarpapaa:95,ABarpapaa,95,31991,6991,-2183,-2934,5912,5.2,197,292,38,350331
ABarpapaa:96,ABarpapaa,96,32330,7330,-885,-1232,6659,5.3,201,290,36,260425
ABarpapaa:97,ABarpapaa,97,32002,7002,-1697,-2255,6165,5.1,196,292,37,278452
ABarpapaa:98,ABarpapaa,98,30954,5954,-2827,-3491,5006,5.0,189,290,35,237903
ABarpapaa:99,ABarpapaa,99,31690,6690,-1785,-2347,5716,5.1,187,292,39,322764
ABarpapaa:100,ABarpapaa,100,30717,5717,-2785,-3191,4858,5.0,185,292,37,291811
ABarpapaa:101,ABarpapaa,101,31686,6686,-2285,-2656,5861,5.0,187,278,37,294269
ABarpapaa:102,ABarpapaa,102,30505,5505,-2946,-3347,4518,5.1,186,277,37,314249
ABarpapaa:103,ABarpapaa,103,32596,7596,-929,-1237,7055,5.0,186,277,39,341752
ABarpapaa:104,ABarpapaa,104,31600,6600,-2165,-2256,5896,4.6,175,261,39,356062
ABarpapaa:105,ABarpapaa,105,31060,6060,-2777,-3163,5462,5.1,175,257,39,364109
ABarpapap:80,ABarpapap,80,31251,6251,-2249,-2238,6083,5.4,234,206,32,196855
ABarpapap:81,ABarpapap,81,31622,6622,-2019,-2195,5530,6.0,213,213,40,258635
ABarpapap:82,ABarpapap,82,31252,6252,-1385,-1558,5295,5.2,203,222,29,122321
ABarpapap:83,ABarpapap,83,31815,6815,-974,-1239,6393,6.0,217,230,35,200379
ABarpapap:84,ABarpapap,84,30885,5885,-3823,-4316,5421,5.3,230,235,35,201388
ABarpapap:85,ABarpapap,85,33692,8692,-715,-828,7846,5.1,228,235,34,212289
ABarpapap:86,ABarpapap,86,32715,7715,-1876,-2390,6782,4.9,231,238,34,211340
ABarpapap:87,ABarpapap,87,32792,7792,-1551,-2352,6666,5.1,232,234,36,268733
ABarpapap:88,ABarpapap,88,31851,6851,-2313,-2823,5993,5.2,229,231,36,257929
ABarpapap:89,ABarpapap,89,31677,6677,-2372,-2801,5973,5.2,221,233,34,225089
ABarpapap:90,ABarpapap,90,31673,6673,-1620,-2157,5763,5.9,219,235,34,235600
ABarpapap:91,ABarpapap,91,31971,6971,-1847,-2344,6008,5.9,212,231,34,238425
ABarpapap:92,ABarpapap,92,31853,6853,-2239,-2932,5987,5.4,215,241,36,281144
ABarpapap:93,ABarpapap,93,33037,8037,-1282,-1717,7093,5.5,211,242,36,276480
ABarpapap:94,ABarpapap,94,32999,7999,-1111,-1307,6966,5.4,219,241,36,293116
ABarpapap:95,ABarpapap,95,32806,7806,-878,-1112,6815,5.6,217,254,36,332972
ABarpapap:96,ABarpapap,96,31173,6173,-2973,-3720,5131,5.4,212,247,36,253746
ABarpapap:97,ABarpapap,97,31511,6511,-2241,-2666,5704,5.3,215,248,37,272615
ABarpapap:98,ABarpapap,98,31454,6454,-2757,-3065,5568,5.4,210,252,37,259568
ABarpapap:99,ABarpapap,99,32409,7409,-1738,-2314,6615,5.4,213,258,37,270909
ABarpapap:100,ABarpapap,100,32508,7508,-706,-1355,6761,5.8,210,250,35,258084
ABarpapap:101,ABarpapap,101,32152,7152,-1332,-1923,6253,5.4,214,243,37,284264
ABarpapap:102,ABarpapap,102,32503,7503,-1191,-1693,6699,5.8,220,249,35,258112
ABarpapap:103,ABarpapap,103,31426,6426,-2614,-3371,5777,5.3,219,249,37,300990
ABarpapap:104,ABarpapap,104,32171,7171,-1662,-2175,6713,5.2,216,241,37,322227
ABarpapap:105,ABarpapap,105,32437,7437,-1398,-1822,6937,5.2,218,240,37,320575
ABarpapp:60,ABarpapp,60,31693,6693,-1206,-1206,6641,13.0,271,211,35,244341
ABarpapp:61,ABarpapp,61,33138,8138,474,474,8039,12.3,273,210,43,288347
ABarpapp:62,ABarpapp,62,31946,6946,106,103,6910,12.9,272,212,43,314677
ABarpapp:63,ABarpapp,63,31970,6970,63,63,6961,12.9,272,213,43,340946
ABarpapp:64,ABarpapp,64,31067,6067,-936,-929,6019,13.0,270,207,43,388344
ABarpapp:65,ABarpapp,65,31361,6361,-1571,-1573,6346,12.0,265,204,43,386561
ABarpapp:66,ABarpapp,66,31322,6322,-1130,-1134,6259,11.1,268,197,43,327366
ABarpapp:67,ABarpapp,67,31020,6020,-1565,-1591,5990,10.3,263,198,45,334734
ABarpapp:68,ABarpapp,68,31653,6653,-1104,-1140,6616,11.1,269,206,45,372593
ABarpapp:69,ABarpapp,69,32573,7573,-75,-120,7537,11.1,263,207,43,353527
ABarpapp:70,ABarpapp,70,30271,5271,-2188,-2201,5185,9.9,267,200,43,361257
ABarpapp:71,ABarpapp,71,31226,6226,-1465,-1570,6147,9.0,271,198,43,379814
ABarpapp:72,ABarpapp,72,30716,5716,-2112,-2255,5651,8.0,278,197,43,378585
ABarpapp:73,ABarpapp,73,30812,5812,-2697,-2881,5682,7.9,271,190,43,382760
ABarpapp:74,ABarpapp,74,30970,5970,-2096,-2210,5868,7.1,265,186,43,397887
ABarpapp:75,ABarpapp,75,30866,5866,-2242,-2485,5667,7.0,265,177,47,494151
ABarpapp:76,ABarpapp,76,30669,5669,-3091,-3208,5638,6.9,265,179,43,409196
ABarpapp:77,ABarpapp,77,30782,5782,-3176,-3225,5768,6.2,268,191,43,431729
ABarpapp:78,ABarpapp,78,30400,5400,-2908,-3009,5387,6.9,279,191,43,452895
ABarpapp:79,ABarpapp,79,31448,6448,-1289,-1393,6394,6.9,281,199,43,459702
ABarpapp:80,ABarpapp,80,31414,6414,-1922,-1931,6304,6.1,278,192,34,281347
ABarpappa:81,ABarpappa,81,30496,5496,-3067,-3794,4311,6.0,234,196,27,115223
ABarpappa:82,ABarpappa,82,31902,6902,-1606,-1729,5924,5.4,223,201,35,178604
ABarpappa:83,ABarpappa,83,30933,5933,-2707,-3035,4742,5.8,220,195,35,203133
ABarpappa:84,ABarpappa,84,30976,5976,-2913,-3093,5234,5.9,218,200,35,204905
ABarpappa:85,ABarpappa,85,32792,7792,-1809,-1926,7250,5.2,217,199,34,208474
ABarpappa:86,ABarpappa,86,32376,7376,-1902,-2266,6546,5.1,229,204,34,223063
ABarpappa:87,ABarpappa,87,32033,7033,-2521,-3025,6450,5.1,230,197,34,220327
ABarpappa:88,ABarpappa,88,32542,7542,-1423,-1659,6948,5.8,229,193,34,220588
ABarpappa:89,ABarpappa,89,30773,5773,-2933,-3315,4988,5.9,229,197,34,234678
ABarpappa:90,ABarpappa,90,31711,6711,-2138,-3039,5802,5.9,231,204,34,254409
ABarpappa:91,ABarpappa,91,32175,7175,-1793,-2914,5869,5.9,232,204,34,243001
ABarpappa:92,ABarpappa,92,31378,6378,-2008,-2794,5040,6.0,231,211,34,266199
ABarpappa:93,ABarpappa,93,33170,8170,-418,-870,7043,5.9,232,211,34,276707
ABarpappa:94,ABarpappa,94,31419,6419,-2266,-2307,5602,5.8,241,208,34,267657
ABarpappa:95,ABarpappa,95,31897,6897,-2057,-2263,6182,5.6,235,218,36,335884
ABarpappa:96,ABarpappa,96,32437,7437,-2024,-2733,6660,5.6,227,215,36,303747
ABarpappa:97,ABarpappa,97,32052,7052,-1895,-2403,6287,5.9,237,216,35,252829
ABarpappa:98,ABarpappa,98,32404,7404,-1019,-1471,6525,6.1,235,214,35,261828
ABarpappa:99,ABarpappa,99,31568,6568,-1760,-2110,5817,6.2,228,220,37,307152
ABarpappa:100,ABarpappa,100,31617,6617,-1561,-2024,6086,6.1,227,214,35,280259
ABarpappa:101,ABarpappa,101,31779,6779,-1920,-2366,6043,6.1,234,210,37,330886
ABarpappa:102,ABarpappa,102,32833,7833,-823,-1318,7178,6.0,238,215,35,277660
ABarpappa:103,ABarpappa,103,30916,5916,-3553,-4227,5264,5.5,237,212,37,338510
ABarpappa:104,ABarpappa,104,31348,6348,-1868,-2208,5548,5.9,236,203,35,288998
ABarpappa:105,ABarpappa,105,31676,6676,-2684,-2981,6151,5.8,235,199,35,289380
ABarpappp:81,ABarpappp,81,31229,6229,-1748,-1730,6133,6.1,292,192,28,140201
ABarpappp:82,ABarpappp,82,31540,6540,-1573,-1713,6033,6.3,278,186,35,177201
ABarpappp:83,ABarpappp,83,32079,7079,-1018,-1052,6771,6.5,275,179,37,232095
ABarpappp:84,ABarpappp,84,30977,5977,-1743,-1940,5336,6.9,277,181,35,202348
ABarpappp:85,ABarpappp,85,31055,6055,-2561,-2743,5341,6.3,273,174,38,261100
ABarpappp:86,ABarpappp,86,31862,6862,-1603,-1780,6268,6.3,281,180,36,239025
ABarpappp:87,ABarpappp,87,30592,5592,-3093,-3330,5163,6.1,280,182,38,287341
ABarpappp:88,ABarpappp,88,31089,6089,-2571,-2660,5562,6.1,277,174,38,298682
ABarpappp:89,ABarpappp,89,30362,5362,-3176,-3362,4808,6.3,270,183,36,259093
ABarpappp:90,ABarpappp,90,30503,5503,-3025,-3390,4987,6.4,268,185,36,255713
ABarpappp:91,ABarpappp,91,30624,5624,-3174,-3282,4882,7.1,263,181,38,322003
ABarpappp:92,ABarpappp,92,31399,6399,-2488,-2631,5772,6.3,260,185,36,280137
ABarpappp:93,ABarpappp,93,31033,6033,-2832,-3268,5372,6.3,262,188,36,285902
ABarpappp:94,ABarpappp,94,30842,5842,-3044,-3176,5049,6.3,269,186,36,289946
ABarpappp:95,ABarpappp,95,29605,4605,-3689,-3829,3979,6.9,266,197,34,260519
ABarpappp:96,ABarpappp,96,32021,7021,-2152,-2589,6492,6.0,266,191,38,293041
ABarpappp:97,ABarpappp,97,31391,6391,-3239,-3746,5879,5.4,269,187,37,251419
ABarpappp:98,ABarpappp,98,31272,6272,-2362,-2723,5573,6.0,267,188,37,282512
ABarpappp:99,ABarpappp,99,32209,7209,-2125,-2521,6704,5.4,263,196,37,258065
ABarpappp:100,ABarpappp,100,31224,6224,-2973,-3376,5562,6.0,260,191,37,302663
ABarpappp:101,ABarpappp,101,31795,6795,-3309,-4024,6214,5.4,263,185,37,272463
ABarpappp:102,ABarpappp,102,31005,6005,-3525,-3832,5416,6.0,264,184,35,261523
ABarpappp:103,ABarpappp,103,33069,8069,-2314,-3018,7481,5.4,260,182,39,316233
ABarpappp:104,ABarpappp,104,32593,7593,-2525,-3040,7007,5.5,261,171,37,296055
ABarpappp:105,ABarpappp,105,31903,6903,-2906,-3545,6397,6.1,257,165,39,370428
ABarpp:31,ABarpp,31,30044,5044,-2509,-2512,5044,8.9,256,194,40,316437
ABarpp:32,ABarpp,32,31930,6930,-2411,-2412,6930,8.9,281,188,60,752124
ABarpp:33,ABarpp,33,33026,8026,-362,-362,8026,9.0,293,185,43,317461
ABarpp:34,ABarpp,34,33367,8367,-1008,-1008,8367,8.7,295,182,48,317461
ABarpp:35,ABarpp,35,35383,10383,938,938,10383,8.3,297,179,53,317461
ABarpp:36,ABarpp,36,35747,10747,506,492,10609,8.0,299,175,58,1101121
ABarpp:37,ABarpp,37,36357,11357,1286,1209,11177,8.0,295,173,60,1347682
ABarpp:38,ABarpp,38,36832,11832,1987,1933,11748,8.8,289,170,58,1243776
ABarpp:39,ABarpp,39,38058,13058,2919,2883,12831,8.7,286,176,58,1268187
ABarpp:40,ABarpp,40,38124,13124,3167,3104,12500,8.8,290,172,58,1317470
ABarpp:41,ABarpp,41,37817,12817,2672,2678,12151,8.3,279,166,62,1552768
ABarpp:42,ABarpp,42,38504,13504,3537,3523,13504,8.8,290,171,58,1320620
ABarpp:43,ABarpp,43,36934,11934,2157,2091,11934,8.3,301,182,64,1745585
ABarpp:44,ABarpp,44,32797,7797,-2554,-2592,7797,7.2,299,185,56,1273948
ABarppa:45,ABarppa,45,33638,8638,-1466,-1497,8638,7.3,243,188,55,616900
ABarppa:46,ABarppa,46,39552,14552,4656,4645,14548,7.9,237,182,56,564769
ABarppa:47,ABarppa,47,40434,15434,5320,5316,15434,7.2,244,190,55,568801
ABarppa:48,ABarppa,48,41379,16379,6123,6131,16379,6.8,240,194,54,593406
ABarppa:49,ABarppa,49,41160,16160,6430,6472,16160,7.1,241,201,53,634639
ABarppa:50,ABarppa,50,41624,16624,6267,6285,16624,7.1,253,192,52,667336
ABarppa:51,ABarppa,51,40361,15361,5228,5295,15361,7.0,248,198,52,688685
ABarppa:52,ABarppa,52,40229,15229,5279,5262,15229,7.2,249,203,51,638290
ABarppa:53,ABarppa,53,39005,14005,4589,4537,13964,8.0,256,202,51,663236
ABarppa:54,ABarppa,54,36975,11975,2635,2621,11949,7.8,248,202,52,715318
ABarppa:55,ABarppa,55,37295,12295,2199,2167,12292,7.2,248,186,52,732688
ABarppa:56,ABarppa,56,36942,11942,2336,2335,11942,7.8,256,183,52,760595
ABarppa:57,ABarppa,57,35283,10283,801,802,10283,7.9,263,173,52,769690
ABarppa:58,ABarppa,58,34537,9537,646,630,9534,8.0,265,181,52,819233
ABarppa:59,ABarppa,59,31578,6578,-2454,-2465,6577,8.1,269,180,51,621202
ABarppaa:60,ABarppaa,60,31584,6584,-2204,-2204,6508,7.0,244,181,31,196530
ABarppaa:61,ABarppaa,61,34876,9876,496,500,9858,6.3,240,183,39,245642
ABarppaa:62,ABarppaa,62,34037,9037,483,363,8935,6.9,241,186,43,324264
ABarppaa:63,ABarppaa,63,33885,8885,3,-289,8607,7.0,233,185,43,364839
ABarppaa:64,ABarppaa,64,32246,7246,-1631,-1786,6986,6.8,227,198,43,372881
ABarppaa:65,ABarppaa,65,32338,7338,-2705,-2948,7217,6.1,228,197,43,396753
ABarppaa:66,ABarppaa,66,34595,9595,391,282,9543,6.0,230,218,43,308623
ABarppaa:67,ABarppaa,67,33763,8763,-801,-824,8734,6.0,226,235,43,327440
ABarppaa:68,ABarppaa,68,33724,8724,-297,-389,8700,6.0,231,247,43,325154
ABarppaa:69,ABarppaa,69,32184,7184,-2249,-2299,7174,6.1,238,256,43,342816
ABarppaa:70,ABarppaa,70,32212,7212,-1633,-1656,7152,6.1,249,268,43,340462
ABarppaa:71,ABarppaa,71,32265,7265,-2350,-2338,7264,6.1,256,287,43,349619
ABarppaa:72,ABarppaa,72,32399,7399,-1987,-1995,7399,6.0,272,298,43,365340
ABarppaa:73,ABarppaa,73,33507,8507,-1232,-1233,8507,6.1,282,298,43,376593
ABarppaa:74,ABarppaa,74,31699,6699,-2900,-2987,6681,6.0,295,299,43,385682
ABarppaa:75,ABarppaa,75,30647,5647,-3578,-3662,5637,6.1,304,294,43,384863
ABarppaa:76,ABarppaa,76,30511,5511,-3280,-3420,5490,6.9,322,303,43,396803
ABarppaa:77,ABarppaa,77,30840,5840,-2798,-2855,5815,6.9,321,304,43,403851
ABarppaa:78,ABarppaa,78,31742,6742,-2313,-2453,6688,6.9,328,304,43,412666
ABarppaa:79,ABarppaa,79,31091,6091,-2288,-2541,5997,6.8,332,306,43,411500
ABarppaa:80,ABarppaa,80,29876,4876,-5018,-5051,4850,6.0,330,297,42,465568
ABarppaa:81,ABarppaa,81,29748,4748,-3683,-3747,4683,7.0,318,294,40,370685
ABarppaa:82,ABarppaa,82,31341,6341,-2985,-3051,6299,6.2,317,299,41,353132
ABarppaa:83,ABarppaa,83,31676,6676,-1679,-1700,6609,6.2,324,308,33,207405
ABarppaaa:84,ABarppaaa,84,31303,6303,-2096,-2172,5917,7.0,296,320,31,178896
ABarppaaa:85,ABarppaaa,85,32397,7397,-765,-847,7077,6.1,299,323,32,180926
ABarppaaa:86,ABarppaaa,86,32312,7312,-1825,-1970,7105,5.9,306,326,34,205350
ABarppaaa:87,ABarppaaa,87,32603,7603,-1943,-2205,7341,5.4,305,318,36,227056
ABarppaaa:88,ABarppaaa,88,31471,6471,-3782,-3912,6232,5.2,303,315,34,213517
ABarppaaa:89,ABarppaaa,89,32524,7524,-3401,-3536,7410,5.1,307,303,34,216578
ABarppaaa:90,ABarppaaa,90,33528,8528,-2579,-2642,8381,5.0,310,301,34,217427
ABarppaaa:91,ABarppaaa,91,32266,7266,-3908,-3876,7111,5.0,313,296,34,234585
ABarppaaa:92,ABarppaaa,92,33275,8275,-2290,-2342,8133,5.1,312,292,34,241078
ABarppaaa:93,ABarppaaa,93,31980,6980,-3623,-3615,6920,5.1,311,294,34,241577
ABarppaaa:94,ABarppaaa,94,32852,7852,-2741,-2793,7781,5.2,316,293,36,289859
ABarppaaa:95,ABarppaaa,95,33352,8352,-2151,-2248,8266,5.1,319,299,34,253838
ABarppaaa:96,ABarppaaa,96,32388,7388,-3584,-3625,7302,5.1,315,299,34,219204
ABarppaaa:97,ABarppaaa,97,32085,7085,-3346,-3434,7018,5.1,320,301,35,227017
ABarppaaa:98,ABarppaaa,98,32309,7309,-2959,-3015,7212,5.1,326,302,35,234834
ABarppaaa:99,ABarppaaa,99,32757,7757,-2504,-2533,7661,5.1,325,302,35,232563
ABarppaaa:100,ABarppaaa,100,32805,7805,-2139,-2281,7670,5.0,325,297,37,280152
ABarppaaa:101,ABarppaaa,101,33011,8011,-2459,-2517,7899,5.0,328,297,35,246993
ABarppaaa:102,ABarppaaa,102,32498,7498,-2412,-2623,7338,5.1,336,301,37,308836
ABarppaaa:103,ABarppaaa,103,32322,7322,-2575,-2645,7067,5.0,341,308,37,297887
ABarppaaa:104,ABarppaaa,104,34727,9727,159,146,9547,4.6,352,301,37,312898
ABarppaaa:105,ABarppaaa,105,32472,7472,-1821,-1763,7288,5.0,363,310,37,322045
ABarppaap:84,ABarppaap,84,30796,5796,-4381,-4380,5568,6.3,343,297,31,163117
ABarppaap:85,ABarppaap,85,31732,6732,-2954,-3097,6530,6.1,351,295,34,208582
ABarppaap:86,ABarppaap,86,30360,5360,-4468,-4577,5070,6.0,363,299,34,208365
ABarppaap:87,ABarppaap,87,32054,7054,-1907,-1954,6626,5.9,361,293,34,197250
ABarppaap:88,ABarppaap,88,31257,6257,-2825,-3042,5741,5.8,362,294,34,204498
ABarppaap:89,ABarppaap,89,32670,7670,-1918,-2074,7171,5.4,363,287,36,251937
ABarppaap:90,ABarppaap,90,31867,6867,-2839,-2885,6517,5.8,365,287,34,221589
ABarppaap:91,ABarppaap,91,31438,6438,-4233,-4492,6081,5.4,365,279,36,255115
ABarppaap:92,ABarppaap,92,31478,6478,-4250,-4430,6044,5.2,371,283,34,234496
ABarppaap:93,ABarppaap,93,33093,8093,-2322,-2451,7843,5.4,368,283,36,265174
ABarppaap:94,ABarppaap,94,32453,7453,-2811,-3042,7084,5.4,374,285,38,297247
ABarppaap:95,ABarppaap,95,31243,6243,-4301,-4471,6049,5.9,378,290,34,244408
ABarppaap:96,ABarppaap,96,32159,7159,-3384,-3456,6935,5.3,374,288,38,265854
ABarppaap:97,ABarppaap,97,31960,6960,-3492,-3688,6797,5.3,375,284,39,265921
ABarppaap:98,ABarppaap,98,32475,7475,-3059,-3102,7336,5.3,381,286,37,256164
ABarppaap:99,ABarppaap,99,33204,8204,-2271,-2351,8050,5.2,377,286,39,290288
ABarppaap:100,ABarppaap,100,32348,7348,-3040,-3091,7226,5.8,373,289,35,228726
ABarppaap:101,ABarppaap,101,33046,8046,-2165,-2230,7979,5.3,383,285,39,311888
ABarppaap:102,ABarppaap,102,32589,7589,-2818,-2924,7497,5.3,383,286,39,323295
ABarppaap:103,ABarppaap,103,32037,7037,-2611,-2889,6818,5.2,392,284,39,321327
ABarppaap:104,ABarppaap,104,32666,7666,-2546,-2962,7179,5.1,396,276,39,325914
ABarppaap:105,ABarppaap,105,31950,6950,-2839,-3250,6484,5.1,402,275,39,348777
ABarppap:60,ABarppap,60,33461,8461,-81,-81,8412,6.1,293,183,29,151805
ABarppap:61,ABarppap,61,35219,10219,39,39,10194,6.1,299,178,35,215459
ABarppap:62,ABarppap,62,35011,10011,78,64,10011,6.0,307,183,43,325640
ABarppap:63,ABarppap,63,35243,10243,1023,975,10243,6.0,307,188,43,343047
ABarppap:64,ABarppap,64,35241,10241,920,867,10239,6.0,306,199,43,366203
ABarppap:65,ABarppap,65,35758,10758,1134,1089,10749,6.0,312,210,43,370313
ABarppap:66,ABarppap,66,32629,7629,-2311,-2372,7566,6.9,313,225,43,307606
ABarppap:67,ABarppap,67,34130,9130,-1076,-1085,9127,6.1,310,230,43,316424
ABarppap:68,ABarppap,68,31351,6351,-3077,-3099,6336,7.0,310,237,43,330439
ABarppap:69,ABarppap,69,31672,6672,-2610,-2625,6651,7.0,312,234,43,338420
ABarppap:70,ABarppap,70,32441,7441,-2240,-2248,7441,6.3,324,239,45,339876
ABarppap:71,ABarppap,71,31857,6857,-3449,-3450,6857,6.1,337,250,45,376726
ABarppap:72,ABarppap,72,31855,6855,-2781,-2801,6855,6.9,345,260,43,352063
ABarppap:73,ABarppap,73,31411,6411,-3239,-3245,6411,7.0,350,266,43,357518
ABarppap:74,ABarppap,74,31292,6292,-3283,-3283,6291,7.1,355,265,43,382722
ABarppap:75,ABarppap,75,31691,6691,-2932,-2932,6669,7.0,367,269,43,394658
ABarppap:76,ABarppap,76,31563,6563,-2943,-2946,6550,6.9,377,269,43,397922
ABarppap:77,ABarppap,77,31682,6682,-2378,-2389,6650,7.0,390,275,43,415517
ABarppap:78,ABarppap,78,30415,5415,-3080,-3114,5298,7.9,396,277,43,417848
ABarppap:79,ABarppap,79,30822,5822,-2365,-2447,5753,8.0,403,270,43,464846
ABarppap:80,ABarppap,80,31157,6157,-2957,-3005,6054,7.9,394,280,42,481899
ABarppap:81,ABarppap,81,29725,4725,-3535,-3769,4466,9.0,377,278,40,340662
ABarppap:82,ABarppap,82,30318,5318,-2616,-2633,5041,8.1,382,274,41,337716
ABarppap:83,ABarppap,83,30274,5274,-2760,-2761,5147,7.9,387,273,35,274783
ABarppapa:84,ABarppapa,84,31630,6630,-1786,-1885,6489,6.3,375,269,31,161743
ABarppapa:85,ABarppapa,85,32078,7078,-2203,-2316,6869,6.1,382,264,34,205186
ABarppapa:86,ABarppapa,86,33149,8149,-1235,-1349,7944,5.4,392,270,36,209574
ABarppapa:87,ABarppapa,87,32766,7766,-1363,-1507,7323,5.8,392,269,34,205248
ABarppapa:88,ABarppapa,88,32732,7732,-2259,-2508,7389,5.4,396,275,36,233171
ABarppapa:89,ABarppapa,89,31699,6699,-3768,-3923,6255,5.2,400,276,36,250233
ABarppapa:90,ABarppapa,90,33037,8037,-1650,-1764,7736,5.5,405,281,36,273686
ABarppapa:91,ABarppapa,91,32386,7386,-2749,-3159,7089,5.6,407,277,38,302868
ABarppapa:92,ABarppapa,92,33810,8810,-946,-1149,8517,5.6,407,269,38,313817
ABarppapa:93,ABarppapa,93,32529,7529,-1972,-2106,7284,6.1,409,275,38,317843
ABarppapa:94,ABarppapa,94,31936,6936,-3300,-3325,6558,5.5,413,279,36,293532
ABarppapa:95,ABarppapa,95,32844,7844,-1467,-1600,7521,6.2,421,282,38,323185
ABarppapa:96,ABarppapa,96,33762,8762,220,202,8409,6.2,415,282,36,257300
ABarppapa:97,ABarppapa,97,33276,8276,-884,-1231,7940,6.2,418,289,39,290347
ABarppapa:98,ABarppapa,98,32151,7151,-2478,-2796,6836,6.2,426,291,37,272170
ABarppapa:99,ABarppapa,99,32560,7560,-1786,-1953,7225,6.3,424,302,39,302042
ABarppapa:100,ABarppapa,100,32051,7051,-2457,-2684,6787,6.2,428,296,39,307419
ABarppapa:101,ABarppapa,101,31298,6298,-3413,-3601,6115,5.6,432,299,39,328017
ABarppapa:102,ABarppapa,102,32028,7028,-2432,-2628,6782,6.1,432,302,39,335129
ABarppapa:103,ABarppapa,103,31723,6723,-2597,-2812,6499,6.1,436,305,39,340840
ABarppapa:104,ABarppapa,104,31151,6151,-3392,-3477,5928,6.0,441,304,37,321649
ABarppapa:105,ABarppapa,105,30900,5900,-4238,-4437,5694,5.4,450,303,39,309330
ABarppapp:84,ABarppapp,84,30722,5722,-2442,-2442,5516,8.1,435,267,29,126821
ABarppapp:85,ABarppapp,85,30102,5102,-3881,-3879,4859,7.9,445,261,34,191040
ABarppapp:86,ABarppapp,86,30361,5361,-3101,-3222,5177,7.8,456,261,34,193651
ABarppapp:87,ABarppapp,87,31513,6513,-2442,-2530,6241,7.1,461,267,34,208470
ABarppapp:88,ABarppapp,88,31168,6168,-3518,-3693,5813,7.2,467,274,36,250738
ABarppapp:89,ABarppapp,89,30846,5846,-2948,-3206,5463,7.5,466,271,36,228906
ABarppapp:90,ABarppapp,90,30853,5853,-2456,-2529,5538,8.0,467,275,36,269219
ABarppapp:91,ABarppapp,91,29945,4945,-3404,-3672,4457,8.0,466,268,34,228850
ABarppapp:92,ABarppapp,92,30380,5380,-3225,-3487,5070,8.0,464,267,36,280779
ABarppapp:93,ABarppapp,93,31212,6212,-3298,-3604,5732,8.0,466,273,34,248324
ABarppapp:94,ABarppapp,94,30390,5390,-3614,-3893,4993,8.0,469,272,36,302716
ABarppapp:95,ABarppapp,95,30796,5796,-2974,-3239,5429,8.1,476,273,36,311698
ABarppapp:96,ABarppapp,96,30697,5697,-2874,-3190,5373,7.3,473,270,36,239932
ABarppapp:97,ABarppapp,97,31133,6133,-2363,-2848,5773,7.8,479,275,35,218092
ABarppapp:98,ABarppapp,98,31714,6714,-1762,-2190,6247,7.3,485,273,37,262653
ABarppapp:99,ABarppapp,99,31113,6113,-2646,-3102,5678,7.8,487,271,35,238276
ABarppapp:100,ABarppapp,100,31721,6721,-2165,-2285,6401,7.1,487,269,37,283380
ABarppapp:101,ABarppapp,101,32532,7532,-1570,-1969,7182,7.0,490,269,37,310392
ABarppapp:102,ABarppapp,102,32735,7735,-735,-978,7320,7.2,492,270,37,299388
ABarppapp:103,ABarppapp,103,31200,6200,-2625,-2730,5863,7.0,497,274,37,325459
ABarppapp:104,ABarppapp,104,31291,6291,-1352,-1568,5743,7.2,502,269,37,316423
ABarppapp:105,ABarppapp,105,31042,6042,-2113,-2286,5787,6.6,510,267,37,333904
ABarppp:45,ABarppp,45,36114,11114,1979,1918,11114,8.0,312,174,57,882113
ABarppp:46,ABarppp,46,38120,13120,4506,4596,13120,9.5,313,164,54,763603
ABarppp:47,ABarppp,47,38411,13411,4421,4771,13400,9.2,337,158,55,699649
ABarppp:48,ABarppp,48,39265,14265,4918,5160,14265,8.3,330,161,56,749118
ABarppp:49,ABarppp,49,39651,14651,5205,5475,14605,9.1,324,155,53,663644
ABarppp:50,ABarppp,50,39583,14583,5112,5302,14566,9.3,328,157,54,777572
ABarppp:51,ABarppp,51,38520,13520,4741,4975,13520,10.0,318,156,52,747309
ABarppp:52,ABarppp,52,38358,13358,4372,4493,13358,9.3,327,162,53,748397
ABarppp:53,ABarppp,53,36077,11077,2517,2654,11077,10.2,317,162,53,745604
ABarppp:54,ABarppp,54,36478,11478,2808,3015,11478,10.1,306,158,56,934993
ABarppp:55,ABarppp,55,36373,11373,2307,2365,11373,9.4,313,150,54,827375
ABarppp:56,ABarppp,56,35709,10709,1736,1782,10709,10.2,328,149,52,787230
ABarppp:57,ABarppp,57,35176,10176,1989,1986,10176,10.0,337,154,52,808820
ABarppp:58,ABarppp,58,33293,8293,225,226,8293,10.9,339,160,52,806167
ABarppp:59,ABarppp,59,31772,6772,-737,-735,6772,11.8,345,164,51,662600
ABarpppa:60,ABarpppa,60,31430,6430,-1694,-1794,6196,10.4,341,160,53,547214
ABarpppa:61,ABarpppa,61,32459,7459,437,425,7288,12.0,323,158,45,330446
ABarpppa:62,ABarpppa,62,31927,6927,522,472,6789,12.9,315,161,43,327401
ABarpppa:63,ABarpppa,63,32106,7106,63,88,6899,12.1,309,154,43,344360
ABarpppa:64,ABarpppa,64,31861,6861,-120,-195,6676,11.9,303,157,43,372391
ABarpppa:65,ABarpppa,65,32771,7771,324,283,7625,10.9,300,151,43,391010
ABarpppa:66,ABarpppa,66,33166,8166,429,382,7947,10.0,303,150,43,339870
ABarpppa:67,ABarpppa,67,33113,8113,316,498,7906,9.1,302,156,45,366506
ABarpppa:68,ABarpppa,68,31722,6722,-1144,-1243,6613,9.1,301,164,43,344256
ABarpppa:69,ABarpppa,69,32460,7460,-608,-622,7327,9.1,299,167,43,366123
ABarpppa:70,ABarpppa,70,32148,7148,-1009,-1102,7035,8.4,311,177,45,354626
ABarpppa:71,ABarpppa,71,31596,6596,-1527,-1712,6501,7.3,317,187,45,365000
ABarpppa:72,ABarpppa,72,31036,6036,-2666,-2950,5986,7.1,327,195,43,363849
ABarpppa:73,ABarpppa,73,31955,6955,-1869,-2043,6914,6.9,322,197,43,382877
ABarpppa:74,ABarpppa,74,32538,7538,-1353,-1436,7526,6.4,319,202,45,380430
ABarpppa:75,ABarpppa,75,31109,6109,-2256,-2289,6101,6.9,318,204,43,402780
ABarpppa:76,ABarpppa,76,32524,7524,-1237,-1264,7524,6.2,320,205,45,432882
ABarpppa:77,ABarpppa,77,31251,6251,-2852,-2905,6232,6.2,322,222,43,421780
ABarpppa:78,ABarpppa,78,31097,6097,-3207,-3289,6071,6.1,335,221,43,452639
ABarpppa:79,ABarpppa,79,31210,6210,-2666,-2829,6182,7.1,344,209,43,453281
ABarpppa:80,ABarpppa,80,30951,5951,-2541,-2608,5932,7.1,345,199,42,460459
ABarpppa:81,ABarpppa,81,32299,7299,-1117,-1183,7235,7.0,340,196,44,306224
ABarpppaa:82,ABarpppaa,82,31351,6351,-1565,-1829,5626,6.1,310,197,31,171742
ABarpppaa:83,ABarpppaa,83,31923,6923,-1310,-1518,6480,6.1,308,200,35,198482
ABarpppaa:84,ABarpppaa,84,31743,6743,-1890,-2051,6203,5.1,305,194,35,193596
ABarpppaa:85,ABarpppaa,85,31988,6988,-1498,-1925,6185,5.0,301,184,34,203403
ABarpppaa:86,ABarpppaa,86,31986,6986,-1577,-1751,6264,5.1,312,192,34,209351
ABarpppaa:87,ABarpppaa,87,30410,5410,-2567,-2934,4795,5.9,314,180,34,221516
ABarpppaa:88,ABarpppaa,88,31742,6742,-1326,-1414,5999,6.2,312,176,34,225445
ABarpppaa:89,ABarpppaa,89,31837,6837,-620,-728,6247,6.8,304,174,34,230807
ABarpppaa:90,ABarpppaa,90,30585,5585,-2421,-2512,5021,6.1,301,172,34,230136
ABarpppaa:91,ABarpppaa,91,31679,6679,-1560,-1983,6082,6.9,296,169,34,248385
ABarpppaa:92,ABarpppaa,92,31383,6383,-1358,-1495,5777,6.8,293,172,34,241455
ABarpppaa:93,ABarpppaa,93,30950,5950,-2839,-3086,5384,6.9,297,177,34,258646
ABarpppaa:94,ABarpppaa,94,31161,6161,-1916,-2240,5595,6.9,304,181,34,268185
ABarpppaa:95,ABarpppaa,95,30982,5982,-2052,-2490,5437,7.0,302,185,34,280121
ABarpppaa:96,ABarpppaa,96,30865,5865,-3165,-3402,4952,7.0,296,178,34,237715
ABarpppaa:97,ABarpppaa,97,30730,5730,-2060,-2355,4783,6.8,299,176,35,231912
ABarpppaa:98,ABarpppaa,98,31039,6039,-2447,-2844,5305,6.1,299,176,35,239702
ABarpppaa:99,ABarpppaa,99,30502,5502,-3349,-3704,4882,5.9,296,181,35,247457
ABarpppaa:100,ABarpppaa,100,30749,5749,-2775,-3020,5255,5.8,296,179,35,246657
ABarpppaa:101,ABarpppaa,101,30628,5628,-3792,-4133,5156,5.2,301,174,35,246377
ABarpppaa:102,ABarpppaa,102,32181,7181,-2297,-2668,6828,5.8,304,172,35,249812
ABarpppaa:103,ABarpppaa,103,32293,7293,-2510,-2680,7100,5.1,303,175,35,255569
ABarpppaa:104,ABarpppaa,104,32546,7546,-2332,-2599,7137,5.1,299,166,35,264866
ABarpppaa:105,ABarpppaa,105,31473,6473,-3900,-4349,6218,5.1,297,162,35,274390
ABarpppap:82,ABarpppap,82,33520,8520,-219,-219,8480,6.3,363,206,33,163860
ABarpppap:83,ABarpppap,83,32679,7679,-2032,-2065,7510,5.8,367,210,35,185743
ABarpppap:84,ABarpppap,84,33083,8083,-2525,-2657,7899,5.5,370,211,37,201362
ABarpppap:85,ABarpppap,85,33489,8489,-2212,-2353,8277,5.3,368,207,36,212682
ABarpppap:86,ABarpppap,86,32859,7859,-2565,-2590,7499,5.3,369,206,38,252040
ABarpppap:87,ABarpppap,87,32567,7567,-2721,-2763,7339,5.3,364,201,36,239468
ABarpppap:88,ABarpppap,88,32540,7540,-2267,-2502,7112,5.2,352,195,36,245708
ABarpppap:89,ABarpppap,89,31011,6011,-2976,-3155,5582,5.4,345,188,36,235980
ABarpppap:90,ABarpppap,90,32319,7319,-2026,-2179,6977,5.4,345,185,36,245577
ABarpppap:91,ABarpppap,91,31056,6056,-3151,-3647,5450,5.9,338,177,34,238490
ABarpppap:92,ABarpppap,92,31281,6281,-2092,-2172,5930,6.1,333,177,36,284593
ABarpppap:93,ABarpppap,93,33203,8203,-1558,-1710,7957,5.5,339,178,36,246174
ABarpppap:94,ABarpppap,94,32999,7999,-1571,-1602,7588,5.9,346,171,34,243545
ABarpppap:95,ABarpppap,95,32012,7012,-3013,-3321,6386,6.0,338,174,36,307863
ABarpppap:96,ABarpppap,96,31140,6140,-3438,-3488,5660,5.5,333,172,36,220866
ABarpppap:97,ABarpppap,97,31799,6799,-1940,-2312,6356,6.1,336,174,37,266933
ABarpppap:98,ABarpppap,98,31168,6168,-2979,-3314,5392,6.0,336,170,35,228480
ABarpppap:99,ABarpppap,99,31749,6749,-2575,-2821,6300,5.5,336,172,37,247918
ABarpppap:100,ABarpppap,100,31367,6367,-2482,-2734,6023,5.4,335,169,37,257069
ABarpppap:101,ABarpppap,101,32474,7474,-2816,-3108,6860,5.3,341,171,37,279639
ABarpppap:102,ABarpppap,102,32366,7366,-2412,-2724,6777,5.4,346,167,37,277145
ABarpppap:103,ABarpppap,103,32798,7798,-2071,-2437,7244,5.3,353,166,39,312890
ABarpppap:104,ABarpppap,104,32387,7387,-2436,-3014,6832,5.2,348,160,39,338018
ABarpppap:105,ABarpppap,105,31235,6235,-3151,-3459,5921,5.3,346,158,37,297984
ABarpppp:60,ABarpppp,60,31229,6229,-1893,-1809,5953,9.1,376,177,32,212010
ABarpppp:61,ABarpppp,61,33242,8242,555,577,8225,9.9,386,172,45,372289
ABarpppp:62,ABarpppp,62,33541,8541,289,168,8459,9.2,390,166,45,362631
ABarpppp:63,ABarpppp,63,33455,8455,-259,-549,8249,8.4,400,164,45,338276
ABarpppp:64,ABarpppp,64,33922,8922,498,366,8780,9.2,399,162,45,396090
ABarpppp:65,ABarpppp,65,34445,9445,873,830,9386,9.2,395,156,45,406900
ABarpppp:66,ABarpppp,66,33193,8193,-475,-618,8119,9.2,394,156,45,334085
ABarpppp:67,ABarpppp,67,32209,7209,-1460,-1605,7177,9.0,388,159,43,326430
ABarpppp:68,ABarpppp,68,33500,8500,-947,-980,8477,8.3,381,160,45,343662
ABarpppp:69,ABarpppp,69,32458,7458,-1632,-1648,7455,8.2,372,165,45,372723
ABarpppp:70,ABarpppp,70,31087,6087,-2688,-2777,6058,9.0,383,166,47,472547
ABarpppp:71,ABarpppp,71,31252,6252,-2283,-2321,6244,9.0,389,179,43,360974
ABarpppp:72,ABarpppp,72,30972,5972,-2546,-2559,5971,9.1,387,188,43,365417
ABarpppp:73,ABarpppp,73,32242,7242,-1228,-1248,7237,8.2,381,194,45,384798
ABarpppp:74,ABarpppp,74,32025,7025,-1632,-1665,7024,8.3,381,194,47,465502
ABarpppp:75,ABarpppp,75,32887,7887,-886,-901,7883,8.0,380,193,45,435740
ABarpppp:76,ABarpppp,76,32537,7537,-1095,-1113,7529,8.1,376,183,45,461147
ABarpppp:77,ABarpppp,77,32095,7095,-1577,-1674,7025,8.3,360,189,45,445723
ABarpppp:78,ABarpppp,78,30665,5665,-2657,-2831,5457,9.9,370,199,43,434600
ABarpppp:79,ABarpppp,79,29829,4829,-2810,-3284,4260,9.9,388,190,43,476341
ABarpppp:80,ABarpppp,80,30253,5253,-2810,-3061,4925,9.2,396,180,44,483649
ABarpppp:81,ABarpppp,81,29246,4246,-2707,-3035,3699,10.9,390,173,40,328149
ABarpppp:82,ABarpppp,82,29183,4183,-2594,-2942,3554,10.9,382,172,37,303162
ABarppppa:83,ABarppppa,83,30706,5706,-1739,-1725,5205,9.0,357,177,33,202295
ABarppppa:84,ABarppppa,84,32794,7794,-745,-711,7402,8.1,350,175,35,197340
ABarppppa:85,ABarppppa,85,31096,6096,-2053,-2005,5776,7.9,344,175,34,216226
ABarppppa:86,ABarppppa,86,32238,7238,-488,-675,6667,7.4,348,176,38,263083
ABarppppa:87,ABarppppa,87,30565,5565,-2550,-2615,4915,7.9,359,169,34,226886
ABarppppa:88,ABarppppa,88,32468,7468,-815,-923,6763,7.2,361,163,36,263809
ABarppppa:89,ABarppppa,89,32200,7200,-1073,-1407,6500,7.2,362,158,36,281438
ABarppppa:90,ABarppppa,90,31423,6423,-2269,-2380,5471,7.1,367,157,34,246621
ABarppppa:91,ABarppppa,91,32915,7915,-1158,-1753,7195,7.3,364,156,36,285267
ABarppppa:92,ABarppppa,92,33980,8980,429,-126,8494,7.3,365,153,36,295281
ABarppppa:93,ABarppppa,93,31753,6753,-2566,-2658,6215,6.5,371,150,36,261555
ABarppppa:94,ABarppppa,94,31281,6281,-2934,-3143,5701,6.4,375,146,36,286494
ABarppppa:95,ABarppppa,95,32009,7009,-1883,-2233,6403,7.1,369,153,36,332668
ABarppppa:96,ABarppppa,96,32609,7609,-1462,-1551,7084,7.0,366,151,34,236479
ABarppppa:97,ABarppppa,97,32040,7040,-1987,-2259,6524,7.0,369,149,37,291111
ABarppppa:98,ABarppppa,98,31483,6483,-2050,-2416,5920,7.0,367,147,37,299384
ABarppppa:99,ABarppppa,99,32489,7489,-1578,-1736,6988,7.2,367,149,37,302690
ABarppppa:100,ABarppppa,100,32495,7495,-1128,-1303,7124,7.1,366,140,39,345054
ABarppppa:101,ABarppppa,101,33241,8241,-2269,-2483,7966,6.4,368,132,37,276536
ABarppppa:102,ABarppppa,102,31278,6278,-2875,-2914,5968,7.2,372,133,35,273786
ABarppppa:103,ABarppppa,103,32451,7451,-2004,-2319,7102,6.4,371,129,39,325656
ABarppppa:104,ABarppppa,104,32300,7300,-2490,-2748,6987,6.4,369,120,37,316164
ABarppppa:105,ABarppppa,105,31850,6850,-2221,-2345,6504,7.0,368,119,39,385078
ABarppppp:83,ABarppppp,83,30770,5770,-2111,-2154,4145,9.2,401,170,33,184200
ABarppppp:84,ABarppppp,84,32167,7167,-930,-1079,5956,9.0,411,175,35,200959
ABarppppp:85,ABarppppp,85,30541,5541,-2774,-2806,5081,8.4,415,162,36,220226
ABarppppp:86,ABarppppp,86,31915,6915,-1184,-1226,6814,8.2,418,156,36,225859
ABarppppp:87,ABarppppp,87,31119,6119,-3033,-3046,5985,8.1,424,151,36,238655
ABarppppp:88,ABarppppp,88,30428,5428,-3649,-3699,5347,7.2,418,147,36,249160
ABarppppp:89,ABarppppp,89,31550,6550,-2899,-2904,6472,7.0,415,145,36,260177
ABarppppp:90,ABarppppp,90,32866,7866,-2176,-2220,7795,6.4,415,142,36,250858
ABarppppp:91,ABarppppp,91,32678,7678,-1732,-1803,7587,7.3,413,138,36,264676
ABarppppp:92,ABarppppp,92,30862,5862,-3423,-3493,5742,7.4,411,135,36,266717
ABarppppp:93,ABarppppp,93,31116,6116,-2730,-2792,6006,8.3,416,138,36,278992
ABarppppp:94,ABarppppp,94,31543,6543,-1624,-1728,6415,8.2,421,136,38,331325
ABarppppp:95,ABarppppp,95,32245,7245,-1762,-1778,7072,7.4,414,142,36,279899
ABarppppp:96,ABarppppp,96,31918,6918,-2127,-2191,6733,7.3,409,138,36,255786
ABarppppp:97,ABarppppp,97,30530,5530,-3632,-3776,5369,7.2,414,140,37,266087
ABarppppp:98,ABarppppp,98,31092,6092,-2764,-2912,5900,7.2,411,141,39,308892
ABarppppp:99,ABarppppp,99,30096,5096,-3426,-3508,4839,7.9,409,143,35,242065
ABarppppp:100,ABarppppp,100,32165,7165,-1765,-2051,6924,7.2,411,135,39,322815
ABarppppp:101,ABarppppp,101,31808,6808,-2525,-2616,6654,7.2,417,129,39,328721
ABarppppp:102,ABarppppp,102,31706,6706,-2201,-2425,6506,7.4,415,129,37,289882
ABarppppp:103,ABarppppp,103,31279,6279,-2222,-2391,6057,8.1,413,130,39,367964
ABarppppp:104,ABarppppp,104,31342,6342,-2647,-2878,6047,7.1,413,118,39,368128
ABarppppp:105,ABarppppp,105,31443,6443,-2910,-3048,6330,7.0,416,121,39,375871
ABp:7,ABp,7,29606,4606,-794,-794,4606,13.1,234,260,48,582987
ABp:8,ABp,8,28797,3797,-1766,-1766,3797,14.0,250,230,58,818800
ABp:9,ABp,9,29172,4172,-1410,-1410,4172,15.5,297,188,57,738254
ABp:10,ABp,10,28694,3694,-2168,-2168,3694,14.3,290,151,59,886104
ABp:11,ABp,11,29224,4224,-2074,-2074,4224,15.2,310,134,61,1113790
ABp:12,ABp,12,28732,3732,-2282,-2282,3732,15.2,307,160,63,1284791
ABp:13,ABp,13,29311,4311,-2308,-2308,4311,13.2,312,163,63,1280152
ABpl:14,ABpl,14,29431,4431,-3121,-3121,4431,9.6,310,196,51,646632
ABpl:15,ABpl,15,29688,4688,-3766,-3766,4688,8.8,310,173,58,789477
ABpl:16,ABpl,16,29254,4254,-4723,-4723,4254,7.6,302,186,61,866717
ABpl:17,ABpl,17,28754,3754,-4689,-4689,3754,7.7,296,207,59,884049
ABpl:18,ABpl,18,29204,4204,-3556,-3556,4204,8.1,288,232,57,928858
ABpl:19,ABpl,19,29055,4055,-4105,-4105,4055,7.6,283,269,57,1036628
ABpl:20,ABpl,20,28739,3739,-4336,-4336,3739,8.0,318,319,59,1307342
ABpl:21,ABpl,21,28842,3842,-2686,-2686,3842,8.1,313,341,54,820325
ABpla:22,ABpla,22,29914,4914,-3874,-3928,4914,7.6,290,321,55,618164
ABpla:23,ABpla,23,31514,6514,-3088,-3088,6514,6.6,283,319,57,638659
ABpla:24,ABpla,24,30580,5580,-3980,-3980,5580,6.7,266,361,62,825278
ABpla:25,ABpla,25,29490,4490,-5087,-5087,4490,7.2,227,360,63,1011099
ABpla:26,ABpla,26,29647,4647,-4799,-4799,4647,7.8,210,349,63,1212751
ABpla:27,ABpla,27,29702,4702,-4541,-4541,4702,7.6,214,335,65,1540417
ABpla:28,ABpla,28,29236,4236,-5073,-5073,4236,7.6,207,331,67,1792866
ABpla:29,ABpla,29,30028,5028,-4125,-4125,5028,7.5,202,331,66,1872733
ABpla:30,ABpla,30,29406,4406,-3850,-3850,4406,8.6,213,332,62,1005620
ABplaa:31,ABplaa,31,30217,5217,-3417,-3512,5217,9.3,184,347,59,696752
ABplaa:32,ABplaa,32,31706,6706,-1389,-1402,6706,8.8,197,361,60,781986
ABplaa:33,ABplaa,33,32034,7034,-1433,-1431,7034,8.3,188,378,61,818577
ABplaa:34,ABplaa,34,33255,8255,-683,-733,8255,8.0,190,391,59,926962
ABplaa:35,ABplaa,35,34338,9338,760,742,9338,8.8,181,391,58,1064760
ABplaa:36,ABplaa,36,34794,9794,992,981,9794,8.8,185,393,58,1203072
ABplaa:37,ABplaa,37,35808,10808,1126,1109,10808,7.9,202,386,58,1244907
ABplaa:38,ABplaa,38,36847,11847,2025,2022,11847,8.0,201,391,60,1415674
ABplaa:39,ABplaa,39,37010,12010,2816,2813,12010,8.3,198,392,60,1435839
ABplaa:40,ABplaa,40,37901,12901,3524,3504,12901,8.8,196,390,58,1303188
ABplaa:41,ABplaa,41,37614,12614,3608,3602,12614,8.3,201,392,60,1472328
ABplaa:42,ABplaa,42,37324,12324,2942,2934,12324,8.2,207,384,60,1472376
ABplaa:43,ABplaa,43,32390,7390,-2005,-1998,7390,8.8,210,383,58,983647
ABplaaa:44,ABplaaa,44,33363,8363,-2111,-2217,8329,6.6,194,380,58,712281
ABplaaa:45,ABplaaa,45,38413,13413,3922,3867,13396,6.5,170,369,53,564777
ABplaaa:46,ABplaaa,46,39924,14924,6421,6427,14924,6.5,168,343,54,547557
ABplaaa:47,ABplaaa,47,40635,15635,6648,6653,15635,6.9,147,335,55,629300
ABplaaa:48,ABplaaa,48,40184,15184,6334,6327,15184,6.9,149,334,54,696154
ABplaaa:49,ABplaaa,49,41623,16623,7351,7387,16617,6.9,145,334,53,683479
ABplaaa:50,ABplaaa,50,42065,17065,8220,8257,17065,7.0,158,332,52,703237
ABplaaa:51,ABplaaa,51,38883,13883,4895,4938,13872,6.7,164,333,52,674176
ABplaaa:52,ABplaaa,52,40605,15605,6585,6589,15593,6.8,174,335,51,646146
ABplaaa:53,ABplaaa,53,38110,13110,3669,3695,13108,6.8,178,336,51,671964
ABplaaa:54,ABplaaa,54,36997,11997,3170,3198,11997,6.2,174,337,52,725441
ABplaaa:55,ABplaaa,55,35922,10922,1895,1898,10922,6.8,160,330,52,736944
ABplaaa:56,ABplaaa,56,35825,10825,2544,2587,10825,6.8,160,328,52,748597
ABplaaa:57,ABplaaa,57,34911,9911,1387,1298,9901,6.8,158,310,52,770462
ABplaaa:58,ABplaaa,58,33792,8792,910,853,8792,7.1,164,306,52,805730
ABplaaa:59,ABplaaa,59,31909,6909,-1458,-1428,6905,7.0,164,301,49,600270
ABplaaaa:60,ABplaaaa,60,31071,6071,-1430,-1428,6009,7.3,131,306,33,198120
ABplaaaa:61,ABplaaaa,61,31780,6780,-334,-327,6705,8.4,135,325,41,284081
ABplaaaa:62,ABplaaaa,62,32711,7711,861,908,7597,8.9,132,332,43,364618
ABplaaaa:63,ABplaaaa,63,32957,7957,852,803,7850,8.9,132,336,43,376305
ABplaaaa:64,ABplaaaa,64,31786,6786,-892,-897,6769,8.1,142,342,43,389472
ABplaaaa:65,ABplaaaa,65,32179,7179,290,215,7080,9.0,136,344,43,430468
ABplaaaa:66,ABplaaaa,66,32072,7072,429,453,6972,8.9,133,342,43,331756
ABplaaaa:67,ABplaaaa,67,32068,7068,2,-82,7019,8.0,145,351,43,355648
ABplaaaa:68,ABplaaaa,68,31908,6908,-64,-59,6857,8.0,153,357,43,346524
ABplaaaa:69,ABplaaaa,69,31190,6190,-1037,-1093,6103,7.8,154,363,43,351005
ABplaaaa:70,ABplaaaa,70,31166,6166,-974,-924,6115,6.9,156,359,43,359400
ABplaaaa:71,ABplaaaa,71,30861,5861,-1328,-1417,5783,7.0,157,370,43,381870
ABplaaaa:72,ABplaaaa,72,30517,5517,-1229,-1315,5461,7.1,163,375,43,381730
ABplaaaa:73,ABplaaaa,73,31143,6143,-1156,-1283,5945,7.0,174,379,43,389376
ABplaaaa:74,ABplaaaa,74,30774,5774,-2337,-2378,5706,6.2,185,386,43,393467
ABplaaaa:75,ABplaaaa,75,32267,7267,-877,-919,7220,6.1,195,382,43,412663
ABplaaaa:76,ABplaaaa,76,30920,5920,-1755,-1906,5862,6.1,201,381,45,447219
ABplaaaa:77,ABplaaaa,77,30677,5677,-2018,-2148,5620,6.1,192,382,43,444856
ABplaaaa:78,ABplaaaa,78,29746,4746,-3059,-3064,4683,6.0,197,375,43,467044
ABplaaaa:79,ABplaaaa,79,30285,5285,-2208,-2315,5222,5.4,198,373,45,456419
ABplaaaa:80,ABplaaaa,80,30043,5043,-2787,-2936,4923,6.0,203,371,42,463316
ABplaaaaa:81,ABplaaaaa,81,30330,5330,-1664,-1695,5017,7.4,182,391,32,163871
ABplaaaaa:82,ABplaaaaa,82,30142,5142,-498,-460,4867,9.1,175,412,37,235405
ABplaaaaa:83,ABplaaaaa,83,30447,5447,45,22,4960,9.8,165,407,35,202430
ABplaaaaa:84,ABplaaaaa,84,29679,4679,-335,-323,4576,10.4,167,425,37,240636
ABplaaaaa:85,ABplaaaaa,85,30427,5427,-307,-314,5318,10.4,168,425,36,250744
ABplaaaaa:86,ABplaaaaa,86,30663,5663,-87,-96,5401,10.0,188,434,34,252553
ABplaaaaa:87,ABplaaaaa,87,30739,5739,-357,-371,5368,8.5,196,425,36,261643
ABplaaaaa:88,ABplaaaaa,88,30649,5649,-900,-1001,4898,8.1,196,413,36,302571
ABplaaaaa:89,ABplaaaaa,89,31065,6065,-1091,-1389,5026,7.2,214,410,36,278978
ABplaaaaa:90,ABplaaaaa,90,30113,5113,-1869,-2144,4427,7.2,218,410,36,295036
ABplaaaaa:91,ABplaaaaa,91,30533,5533,-1836,-1893,4794,6.4,219,405,36,281695
ABplaaaaa:92,ABplaaaaa,92,31543,6543,-2133,-2483,6036,5.6,218,397,36,307788
ABplaaaaa:93,ABplaaaaa,93,30705,5705,-2552,-2655,5216,5.5,214,393,36,312836
ABplaaaaa:94,ABplaaaaa,94,30188,5188,-2700,-2881,4514,6.0,215,392,36,322062
ABplaaaaa:95,ABplaaaaa,95,31467,6467,-1709,-1741,5997,5.5,213,389,36,325515
ABplaaaaa:96,ABplaaaaa,96,31706,6706,-1105,-1330,6276,5.5,213,389,36,279634
ABplaaaaa:97,ABplaaaaa,97,31177,6177,-2039,-2316,5639,5.4,213,384,37,260077
ABplaaaaa:98,ABplaaaaa,98,30406,5406,-2015,-2050,4351,6.1,212,379,37,301602
ABplaaaaa:99,ABplaaaaa,99,31102,6102,-1410,-1774,5092,6.1,210,381,35,259795
ABplaaaaa:100,ABplaaaaa,100,30948,5948,-1696,-1931,5193,6.1,212,380,37,305278
ABplaaaaa:101,ABplaaaaa,101,31249,6249,-2110,-2359,5578,5.4,212,374,37,289246
ABplaaaaa:102,ABplaaaaa,102,32304,7304,-465,-629,6774,5.4,212,377,37,301064
ABplaaaaa:103,ABplaaaaa,103,32026,7026,-1628,-1858,6185,5.3,212,379,37,314889
ABplaaaaa:104,ABplaaaaa,104,32057,7057,-1181,-1680,6351,5.3,209,371,37,320544
ABplaaaaa:105,ABplaaaaa,105,31852,6852,-1516,-2068,6200,5.2,207,366,37,337405
ABplaaaap:81,ABplaaaap,81,32205,7205,-792,-808,6991,5.4,218,376,32,155585
ABplaaaap:82,ABplaaaap,82,30253,5253,-1518,-1636,4550,6.0,214,378,27,101712
ABplaaaap:83,ABplaaaap,83,29797,4797,-1827,-2043,4141,6.8,214,381,35,196328
ABplaaaap:84,ABplaaaap,84,29433,4433,-2375,-2481,3830,6.1,206,392,35,200237
ABplaaaap:85,ABplaaaap,85,31023,6023,-752,-1020,5131,6.2,205,394,36,246230
ABplaaaap:86,ABplaaaap,86,29893,4893,-2377,-2489,3923,6.8,224,405,34,213082
ABplaaaap:87,ABplaaaap,87,30590,5590,-2214,-2391,4455,6.1,223,399,36,277521
ABplaaaap:88,ABplaaaap,88,30833,5833,-1175,-1257,4794,6.0,218,393,34,235236
ABplaaaap:89,ABplaaaap,89,32178,7178,-585,-862,5956,5.3,229,386,36,259136
ABplaaaap:90,ABplaaaap,90,30338,5338,-2442,-2750,4464,5.9,232,376,34,234244
ABplaaaap:91,ABplaaaap,91,31161,6161,-1827,-2215,5111,5.2,231,368,36,283772
ABplaaaap:92,ABplaaaap,92,31816,6816,-1624,-2243,5875,5.4,231,359,36,265004
ABplaaaap:93,ABplaaaap,93,33022,8022,60,-270,7105,5.5,235,358,36,277356
ABplaaaap:94,ABplaaaap,94,31291,6291,-2004,-2377,5323,5.4,233,355,36,281006
ABplaaaap:95,ABplaaaap,95,31771,6771,-1177,-1984,5657,6.0,235,353,36,324059
ABplaaaap:96,ABplaaaap,96,31842,6842,-1926,-2268,5624,5.5,236,353,36,245146
ABplaaaap:97,ABplaaaap,97,31554,6554,-2247,-2896,5446,5.4,238,351,37,245760
ABplaaaap:98,ABplaaaap,98,32344,7344,-899,-1737,6339,5.8,238,347,35,237467
ABplaaaap:99,ABplaaaap,99,31947,6947,-1687,-2161,6019,5.3,238,353,37,285065
ABplaaaap:100,ABplaaaap,100,31262,6262,-2177,-3036,5522,5.4,240,353,37,284720
ABplaaaap:101,ABplaaaap,101,33622,8622,-32,-589,7931,5.4,241,343,37,288812
ABplaaaap:102,ABplaaaap,102,32529,7529,-1586,-1926,6908,5.4,241,346,37,278489
ABplaaaap:103,ABplaaaap,103,32938,7938,-2188,-2379,7516,5.3,243,346,37,312989
ABplaaaap:104,ABplaaaap,104,33024,8024,-1096,-1206,7649,5.2,238,332,37,320592
ABplaaaap:105,ABplaaaap,105,32889,7889,-1761,-1875,7567,5.1,241,329,37,328524
ABplaaap:60,ABplaaap,60,31086,6086,-1737,-1716,5981,6.2,177,294,35,222679
ABplaaap:61,ABplaaap,61,32788,7788,-566,-566,7754,6.2,187,302,39,285437
ABplaaap:62,ABplaaap,62,34304,9304,786,852,9205,6.0,192,298,43,337568
ABplaaap:63,ABplaaap,63,32648,7648,-773,-855,7191,5.9,197,294,43,351380
ABplaaap:64,ABplaaap,64,33662,8662,53,47,8353,6.0,192,300,43,370345
ABplaaap:65,ABplaaap,65,33315,8315,883,804,7762,6.8,187,302,43,385428
ABplaaap:66,ABplaaap,66,31869,6869,-1893,-1989,6539,6.1,182,304,43,323834
ABplaaap:67,ABplaaap,67,32198,7198,-725,-857,6820,6.8,187,314,43,325990
ABplaaap:68,ABplaaap,68,31817,6817,-1759,-1840,6598,6.1,189,324,43,324149
ABplaaap:69,ABplaaap,69,31856,6856,-1644,-1770,6723,6.0,194,331,43,346737
ABplaaap:70,ABplaaap,70,31334,6334,-1999,-2193,6255,6.0,202,340,43,348034
ABplaaap:71,ABplaaap,71,30662,5662,-2542,-2751,5577,6.0,200,350,43,361920
ABplaaap:72,ABplaaap,72,31417,6417,-1419,-1607,6372,6.0,215,359,43,362691
ABplaaap:73,ABplaaap,73,31437,6437,-2442,-2542,6403,5.9,231,363,43,373728
ABplaaap:74,ABplaaap,74,31055,6055,-2992,-3166,6042,6.0,242,355,43,387850
ABplaaap:75,ABplaaap,75,31200,6200,-2540,-2651,6169,6.1,257,353,43,395496
ABplaaap:76,ABplaaap,76,31580,6580,-2149,-2147,6573,6.1,263,356,43,390403
ABplaaap:77,ABplaaap,77,30413,5413,-3410,-3458,5407,6.0,263,355,43,416128
ABplaaap:78,ABplaaap,78,30069,5069,-3602,-3748,5006,6.2,266,353,43,451115
ABplaaap:79,ABplaaap,79,30445,5445,-2908,-2915,5422,6.2,268,345,43,443445
ABplaaap:80,ABplaaap,80,31657,6657,-1151,-1175,6591,6.9,261,342,42,463756
ABplaaap:81,ABplaaap,81,31105,6105,-2198,-2203,5974,6.1,255,347,30,192053
ABplaaapa:82,ABplaaapa,82,31446,6446,-1300,-1694,5275,5.4,234,355,33,175190
ABplaaapa:83,ABplaaapa,83,31026,6026,-1299,-1994,5063,5.8,233,353,35,193908
ABplaaapa:84,ABplaaapa,84,31126,6126,-1431,-1705,5424,6.0,219,360,35,205208
ABplaaapa:85,ABplaaapa,85,31595,6595,-1533,-1854,5855,5.1,222,368,34,208120
ABplaaapa:86,ABplaaapa,86,32118,7118,-586,-878,6379,5.1,238,376,34,221772
ABplaaapa:87,ABplaaapa,87,31701,6701,-1081,-1257,5524,5.0,231,372,34,222657
ABplaaapa:88,ABplaaapa,88,30535,5535,-1833,-2431,4245,5.1,233,363,34,232282
ABplaaapa:89,ABplaaapa,89,33517,8517,49,-402,7138,5.0,244,355,36,270944
ABplaaapa:90,ABplaaapa,90,31736,6736,-1926,-2678,5780,5.1,248,345,34,241152
ABplaaapa:91,ABplaaapa,91,31758,6758,-1975,-2378,5696,5.8,255,346,34,231382
ABplaaapa:92,ABplaaapa,92,30835,5835,-2827,-2857,4949,5.9,262,344,34,265180
ABplaaapa:93,ABplaaapa,93,31281,6281,-2350,-2410,5476,5.8,266,344,34,256918
ABplaaapa:94,ABplaaapa,94,31393,6393,-2485,-2716,5767,5.9,265,340,34,262312
ABplaaapa:95,ABplaaapa,95,31382,6382,-2365,-2776,5600,6.0,268,339,34,286084
ABplaaapa:96,ABplaaapa,96,31903,6903,-2539,-2639,6350,6.0,269,341,34,241100
ABplaaapa:97,ABplaaapa,97,31651,6651,-2396,-2749,6076,5.9,272,342,35,238336
ABplaaapa:98,ABplaaapa,98,30596,5596,-3943,-4155,4877,5.8,274,339,35,253058
ABplaaapa:99,ABplaaapa,99,33224,8224,-733,-861,7775,5.8,276,350,35,239389
ABplaaapa:100,ABplaaapa,100,33135,8135,-2535,-2896,7870,5.2,280,343,35,243237
ABplaaapa:101,ABplaaapa,101,31980,6980,-3229,-3402,6727,5.1,283,351,35,260707
ABplaaapa:102,ABplaaapa,102,31794,6794,-2441,-2647,6480,5.1,281,357,35,265303
ABplaaapa:103,ABplaaapa,103,32706,7706,-2152,-2406,7418,5.1,285,359,35,281739
ABplaaapa:104,ABplaaapa,104,32465,7465,-2374,-2463,7214,5.1,280,353,35,285308
ABplaaapa:105,ABplaaapa,105,33125,8125,-1595,-1607,7790,5.0,278,355,35,277177
ABplaaapp:82,ABplaaapp,82,31777,6777,-1250,-1296,6608,6.4,288,344,35,168079
ABplaaapp:83,ABplaaapp,83,31973,6973,-1218,-1248,6856,6.2,288,341,35,179858
ABplaaapp:84,ABplaaapp,84,33269,8269,-845,-1118,7852,5.3,282,355,37,206803
ABplaaapp:85,ABplaaapp,85,31454,6454,-2064,-2334,6070,5.3,296,362,36,222612
ABplaaapp:86,ABplaaapp,86,31632,6632,-2023,-2118,6311,6.0,307,369,36,242329
ABplaaapp:87,ABplaaapp,87,31200,6200,-2873,-3264,5770,5.4,302,357,36,218268
ABplaaapp:88,ABplaaapp,88,31914,6914,-2466,-2637,6533,5.4,303,356,36,237658
ABplaaapp:89,ABplaaapp,89,31491,6491,-3300,-3460,6292,5.4,305,350,38,257060
ABplaaapp:90,ABplaaapp,90,32085,7085,-2244,-2408,6730,5.4,304,346,38,252903
ABplaaapp:91,ABplaaapp,91,32236,7236,-2696,-2930,7005,5.3,309,341,38,266909
ABplaaapp:92,ABplaaapp,92,33260,8260,-1075,-1037,8043,5.4,313,340,36,253353
ABplaaapp:93,ABplaaapp,93,31548,6548,-2844,-2906,6343,5.5,314,344,36,290396
ABplaaapp:94,ABplaaapp,94,31706,6706,-2847,-2857,6500,5.6,313,342,36,296794
ABplaaapp:95,ABplaaapp,95,32160,7160,-2556,-2707,6865,6.1,315,346,38,337176
ABplaaapp:96,ABplaaapp,96,30429,5429,-3343,-3399,5157,6.2,319,347,36,262607
ABplaaapp:97,ABplaaapp,97,29718,4718,-4223,-4414,4389,6.1,321,347,35,228956
ABplaaapp:98,ABplaaapp,98,30864,5864,-2836,-2977,5473,6.2,322,348,37,285656
ABplaaapp:99,ABplaaapp,99,32125,7125,-1913,-2013,6787,6.1,326,349,37,282926
ABplaaapp:100,ABplaaapp,100,30832,5832,-3165,-3237,5536,6.2,329,346,37,287944
ABplaaapp:101,ABplaaapp,101,30899,5899,-3343,-3520,5612,6.1,334,345,37,302928
ABplaaapp:102,ABplaaapp,102,31210,6210,-3171,-3330,5807,6.1,326,344,37,300997
ABplaaapp:103,ABplaaapp,103,30121,5121,-4009,-4234,4658,6.1,330,354,39,342712
ABplaaapp:104,ABplaaapp,104,31856,6856,-2844,-2998,6629,5.5,329,345,39,307717
ABplaaapp:105,ABplaaapp,105,32839,7839,-1456,-1651,7660,5.4,328,345,39,324014
ABplaap:44,ABplaap,44,30594,5594,-3124,-3309,5482,9.9,233,402,38,342045
ABplaap:45,ABplaap,45,37616,12616,3696,3969,12607,8.6,224,395,57,686701
ABplaap:46,ABplaap,46,41119,16119,7466,7624,16057,7.9,228,398,56,613498
ABplaap:47,ABplaap,47,40716,15716,6729,7058,15698,8.1,230,394,55,625068
ABplaap:48,ABplaap,48,41878,16878,8231,8349,16872,8.9,216,401,54,712096
ABplaap:49,ABplaap,49,41727,16727,7604,7760,16712,9.0,211,395,53,690400
ABplaap:50,ABplaap,50,39220,14220,4945,5000,14220,8.2,207,388,52,701030
ABplaap:51,ABplaap,51,39760,14760,5195,5194,14758,7.4,216,392,54,751485
ABplaap:52,ABplaap,52,38579,13579,4021,4134,13577,8.1,226,391,55,778705
ABplaap:53,ABplaap,53,37528,12528,3290,3306,12527,8.2,228,387,53,737308
ABplaap:54,ABplaap,54,38574,13574,4307,4302,13573,8.2,222,390,52,744373
ABplaap:55,ABplaap,55,37255,12255,3379,3356,12253,8.2,217,380,52,744294
ABplaap:56,ABplaap,56,37184,12184,3457,3483,12184,8.1,213,377,52,785867
ABplaap:57,ABplaap,57,35878,10878,1836,1857,10878,7.3,204,366,52,778074
ABplaap:58,ABplaap,58,34447,9447,778,780,9447,7.0,204,371,52,772303
ABplaap:59,ABplaap,59,30627,5627,-2998,-2994,5627,8.6,193,360,51,663239
ABplaapa:60,ABplaapa,60,33655,8655,-251,-251,8655,7.1,145,377,35,215025
ABplaapa:61,ABplaapa,61,33917,8917,992,1012,8910,7.1,159,380,45,352416
ABplaapa:62,ABplaapa,62,35501,10501,2804,2804,10500,7.1,159,392,43,352495
ABplaapa:63,ABplaapa,63,35029,10029,2668,2666,10021,7.9,158,391,43,370908
ABplaapa:64,ABplaapa,64,32981,7981,1299,1301,7981,8.0,162,401,43,402122
ABplaapa:65,ABplaapa,65,33620,8620,1576,1568,8609,8.1,160,396,43,409759
ABplaapa:66,ABplaapa,66,32947,7947,1022,1064,7863,8.1,153,394,43,354223
ABplaapa:67,ABplaapa,67,32997,7997,1397,1384,7871,8.9,166,407,43,365147
ABplaapa:68,ABplaapa,68,31609,6609,-179,-164,6482,8.9,182,415,43,371622
ABplaapa:69,ABplaapa,69,30937,5937,-1184,-1182,5895,8.1,191,414,43,377119
ABplaapa:70,ABplaapa,70,31817,6817,46,54,6764,8.9,196,414,43,372190
ABplaapa:71,ABplaapa,71,31492,6492,-429,-428,6487,8.1,198,414,43,389023
ABplaapa:72,ABplaapa,72,30595,5595,-852,-859,5581,9.0,205,423,43,404907
ABplaapa:73,ABplaapa,73,30794,5794,-1670,-1699,5782,8.0,224,421,43,412716
ABplaapa:74,ABplaapa,74,31440,6440,-1336,-1320,6422,8.0,232,421,43,414029
ABplaapa:75,ABplaapa,75,30680,5680,-2432,-2441,5676,7.1,246,421,43,421691
ABplaapa:76,ABplaapa,76,29985,4985,-3135,-3151,4980,7.1,248,422,45,468481
ABplaapa:77,ABplaapa,77,30640,5640,-2457,-2469,5633,6.9,245,418,43,443265
ABplaapa:78,ABplaapa,78,30300,5300,-3179,-3225,5297,7.0,242,417,43,463793
ABplaapa:79,ABplaapa,79,29398,4398,-3451,-3520,4386,7.0,239,417,45,515387
ABplaapa:80,ABplaapa,80,30011,5011,-2664,-2828,4791,7.2,230,419,44,517530
ABplaapa:81,ABplaapa,81,30121,5121,-1887,-1867,4756,7.2,243,420,30,189783
ABplaapaa:82,ABplaapaa,82,30606,5606,-87,-87,5474,8.0,222,432,31,185197
ABplaapaa:83,ABplaapaa,83,30093,5093,-731,-701,4770,8.8,215,431,35,215446
ABplaapaa:84,ABplaapaa,84,29935,4935,-1520,-1530,4713,8.9,227,443,35,218069
ABplaapaa:85,ABplaapaa,85,29433,4433,-1644,-1644,4279,8.5,222,443,36,225230
ABplaapaa:86,ABplaapaa,86,29880,4880,-2046,-2011,4587,9.4,235,448,36,258631
ABplaapaa:87,ABplaapaa,87,29652,4652,-1612,-1574,4379,9.2,239,441,36,275980
ABplaapaa:88,ABplaapaa,88,30712,5712,-314,-267,5537,8.3,240,435,36,274025
ABplaapaa:89,ABplaapaa,89,31699,6699,-542,-540,6427,7.5,252,431,36,286182
ABplaapaa:90,ABplaapaa,90,30618,5618,-1551,-1575,5257,7.3,256,426,36,282464
ABplaapaa:91,ABplaapaa,91,30857,5857,-1697,-1847,5549,6.5,266,418,38,279699
ABplaapaa:92,ABplaapaa,92,31243,6243,-2011,-1969,5946,6.5,263,419,36,304584
ABplaapaa:93,ABplaapaa,93,31742,6742,-1445,-1507,6445,6.2,260,416,36,310302
ABplaapaa:94,ABplaapaa,94,32215,7215,-824,-977,6781,6.3,258,413,36,307925
ABplaapaa:95,ABplaapaa,95,31637,6637,-2098,-2297,6240,6.3,262,413,38,352841
ABplaapaa:96,ABplaapaa,96,32107,7107,-1436,-1539,6662,6.2,264,411,38,310189
ABplaapaa:97,ABplaapaa,97,31157,6157,-2096,-2274,5544,6.2,262,408,37,294934
ABplaapaa:98,ABplaapaa,98,32155,7155,-1822,-2007,6734,6.2,265,409,39,316822
ABplaapaa:99,ABplaapaa,99,32129,7129,-2290,-2448,6670,6.2,258,419,39,335131
ABplaapaa:100,ABplaapaa,100,31797,6797,-3480,-3536,6448,5.5,259,413,39,334500
ABplaapaa:101,ABplaapaa,101,31058,6058,-2507,-2704,5592,6.0,263,408,35,271354
ABplaapaa:102,ABplaapaa,102,30993,5993,-3765,-3872,5683,6.0,260,417,37,327929
ABplaapaa:103,ABplaapaa,103,32324,7324,-2644,-2716,7039,5.6,257,420,39,366843
ABplaapaa:104,ABplaapaa,104,31833,6833,-3273,-3555,6304,5.3,251,407,37,316487
ABplaapaa:105,ABplaapaa,105,32565,7565,-1760,-2079,7137,5.4,250,409,37,313702
ABplaapap:82,ABplaapap,82,30206,5206,-1807,-1963,4723,6.1,264,401,33,188313
ABplaapap:83,ABplaapap,83,29500,4500,-2891,-2930,4114,6.8,262,395,35,198553
ABplaapap:84,ABplaapap,84,31963,6963,-791,-868,6576,6.8,255,397,35,206807
ABplaapap:85,ABplaapap,85,30576,5576,-2927,-2985,5447,6.2,264,407,36,234845
ABplaapap:86,ABplaapap,86,30105,5105,-3104,-3097,4979,6.6,282,413,36,263960
ABplaapap:87,ABplaapap,87,31491,6491,-1482,-1542,6101,6.3,289,404,36,250344
ABplaapap:88,ABplaapap,88,31686,6686,-1499,-1768,6237,6.2,291,405,36,268186
ABplaapap:89,ABplaapap,89,31089,6089,-1946,-2090,5672,6.8,301,402,34,233591
ABplaapap:90,ABplaapap,90,32270,7270,-938,-1023,6777,7.0,305,396,34,251376
ABplaapap:91,ABplaapap,91,31429,6429,-2054,-2108,6081,6.5,311,393,36,267912
ABplaapap:92,ABplaapap,92,31338,6338,-2543,-2534,5981,6.9,314,396,34,255117
ABplaapap:93,ABplaapap,93,33152,8152,-950,-1011,7845,6.5,307,403,36,277391
ABplaapap:94,ABplaapap,94,31948,6948,-1698,-1699,6635,6.5,302,398,36,288971
ABplaapap:95,ABplaapap,95,31421,6421,-2864,-2907,6115,6.5,303,404,36,317165
ABplaapap:96,ABplaapap,96,31495,6495,-2220,-2319,6099,7.0,304,399,36,272160
ABplaapap:97,ABplaapap,97,32625,7625,-1199,-1286,7452,6.5,306,400,39,305692
ABplaapap:98,ABplaapap,98,31277,6277,-2426,-2552,5930,7.1,307,401,37,301428
ABplaapap:99,ABplaapap,99,31656,6656,-1974,-2049,6263,7.1,303,404,37,294612
ABplaapap:100,ABplaapap,100,31763,6763,-1426,-1431,6398,7.0,306,397,37,303551
ABplaapap:101,ABplaapap,101,33222,8222,-926,-1003,7958,6.4,311,398,39,304639
ABplaapap:102,ABplaapap,102,31546,6546,-2742,-2804,6340,6.4,309,396,39,335919
ABplaapap:103,ABplaapap,103,32888,7888,-539,-578,7670,6.6,305,404,39,360706
ABplaapap:104,ABplaapap,104,31483,6483,-2560,-2615,6284,6.1,303,398,39,364311
ABplaapap:105,ABplaapap,105,31852,6852,-2453,-2544,6502,6.1,301,395,39,361660
ABplaapp:60,ABplaapp,60,34237,9237,1150,1150,9237,7.3,206,360,37,226607
ABplaapp:61,ABplaapp,61,34430,9430,1662,1625,9427,9.0,214,358,45,343180
ABplaapp:62,ABplaapp,62,34252,9252,1334,1359,9192,8.9,223,359,43,325273
ABplaapp:63,ABplaapp,63,33230,8230,-90,139,8029,8.0,229,357,43,354083
ABplaapp:64,ABplaapp,64,32419,7419,-749,-697,7294,7.2,230,366,45,378179
ABplaapp:65,ABplaapp,65,33762,8762,109,103,8740,8.0,227,374,43,386259
ABplaapp:66,ABplaapp,66,32747,7747,-615,-643,7727,7.2,224,376,45,334133
ABplaapp:67,ABplaapp,67,32782,7782,-1,18,7736,8.3,239,382,45,341792
ABplaapp:68,ABplaapp,68,32009,7009,-848,-905,6972,8.9,248,388,43,332238
ABplaapp:69,ABplaapp,69,32457,7457,-620,-649,7441,8.1,255,393,45,364859
ABplaapp:70,ABplaapp,70,31850,6850,-1349,-1383,6834,9.0,263,402,43,355522
ABplaapp:71,ABplaapp,71,30843,5843,-1528,-1530,5831,9.1,264,407,45,391160
ABplaapp:72,ABplaapp,72,30860,5860,-1739,-1765,5641,9.9,268,403,43,395303
ABplaapp:73,ABplaapp,73,30470,5470,-1564,-1654,5379,9.2,283,403,47,467294
ABplaapp:74,ABplaapp,74,30552,5552,-2094,-2182,5536,9.0,291,400,47,506338
ABplaapp:75,ABplaapp,75,29967,4967,-2861,-2965,4899,9.1,313,397,45,429829
ABplaapp:76,ABplaapp,76,31135,6135,-1554,-1587,6069,10.1,315,397,45,486071
ABplaapp:77,ABplaapp,77,29602,4602,-2342,-2364,4578,10.0,314,400,43,449829
ABplaapp:78,ABplaapp,78,29997,4997,-2035,-2035,4996,9.9,314,404,43,464075
ABplaapp:79,ABplaapp,79,29599,4599,-1710,-1712,4586,8.2,296,402,35,262106
ABplaappa:80,ABplaappa,80,30142,5142,-1518,-1694,4890,9.4,264,406,32,202221
ABplaappa:81,ABplaappa,81,31547,6547,593,509,6203,9.3,277,405,36,190178
ABplaappa:82,ABplaappa,82,30737,5737,-467,-562,5059,9.1,290,410,37,227093
ABplaappa:83,ABplaappa,83,29990,4990,-1061,-1114,4692,8.4,282,427,37,206143
ABplaappa:84,ABplaappa,84,30724,5724,-979,-1010,5396,9.0,290,432,35,204047
ABplaappa:85,ABplaappa,85,30275,5275,-1837,-1847,4907,8.5,297,432,38,292907
ABplaappa:86,ABplaappa,86,29484,4484,-1767,-1735,4228,10.3,319,434,36,258667
ABplaappa:87,ABplaappa,87,30298,5298,-915,-832,5061,10.1,316,438,34,235375
ABplaappa:88,ABplaappa,88,29866,4866,-1517,-1519,4724,10.3,320,441,36,280777
ABplaappa:89,ABplaappa,89,29368,4368,-2297,-2260,3995,10.2,324,437,36,287844
ABplaappa:90,ABplaappa,90,29806,4806,-2427,-2337,4509,9.3,334,429,36,295782
ABplaappa:91,ABplaappa,91,30816,5816,-1429,-1482,5563,8.5,348,417,36,267506
ABplaappa:92,ABplaappa,92,30461,5461,-1292,-1264,5172,9.2,355,416,36,324289
ABplaappa:93,ABplaappa,93,30378,5378,-1315,-1236,5039,9.1,352,421,36,336024
ABplaappa:94,ABplaappa,94,30046,5046,-2640,-2605,4736,8.3,350,414,36,327271
ABplaappa:95,ABplaappa,95,30790,5790,-1499,-1379,5456,8.2,356,413,38,377600
ABplaappa:96,ABplaappa,96,31583,6583,-721,-606,6204,8.3,355,410,36,285001
ABplaappa:97,ABplaappa,97,29697,4697,-2250,-2313,4348,8.9,357,411,35,258918
ABplaappa:98,ABplaappa,98,30485,5485,-1642,-1749,5111,8.5,354,412,37,271150
ABplaappa:99,ABplaappa,99,30535,5535,-1904,-1924,5181,8.3,356,413,37,310493
ABplaappa:100,ABplaappa,100,29999,4999,-2399,-2457,4707,8.5,356,410,37,334515
ABplaappa:101,ABplaappa,101,31080,6080,-1489,-1559,5840,8.5,359,411,37,294794
ABplaappa:102,ABplaappa,102,29726,4726,-2247,-2357,4331,9.1,360,410,37,361512
ABplaappa:103,ABplaappa,103,29866,4866,-2505,-2571,4625,9.2,353,418,37,356934
ABplaappa:104,ABplaappa,104,31139,6139,-1247,-1432,5865,8.5,355,406,37,314179
ABplaappa:105,ABplaappa,105,30434,5434,-1803,-1900,5138,8.4,361,407,37,335294
ABplaappp:80,ABplaappp,80,29870,4870,-2083,-2083,4799,9.3,328,398,32,206034
ABplaappp:81,ABplaappp,81,30715,5715,-1581,-1581,5706,9.2,344,405,34,173984
ABplaappp:82,ABplaappp,82,29447,4447,-2027,-2027,4433,10.0,363,397,37,219942
ABplaappp:83,ABplaappp,83,31120,6120,-779,-785,5948,10.3,355,406,37,214233
ABplaappp:84,ABplaappp,84,29155,4155,-3185,-3306,4006,9.3,353,402,37,223352
ABplaappp:85,ABplaappp,85,30201,5201,-1465,-1534,5017,10.1,364,397,36,240687
ABplaappp:86,ABplaappp,86,29526,4526,-2109,-2149,4262,11.1,377,395,36,250234
ABplaappp:87,ABplaappp,87,30306,5306,-1747,-1762,5042,10.1,370,391,38,283487
ABplaappp:88,ABplaappp,88,30234,5234,-2427,-2536,4984,10.0,372,388,38,296083
ABplaappp:89,ABplaappp,89,30049,5049,-2232,-2304,4788,9.3,374,383,38,284834
ABplaappp:90,ABplaappp,90,30364,5364,-1790,-1787,5035,9.2,374,373,36,282000
ABplaappp:91,ABplaappp,91,29819,4819,-2592,-2777,4540,10.1,385,371,38,326010
ABplaappp:92,ABplaappp,92,30405,5405,-2088,-2114,5035,9.5,388,372,38,334079
ABplaappp:93,ABplaappp,93,31250,6250,-1420,-1467,5987,10.3,389,379,36,292674
ABplaappp:94,ABplaappp,94,30522,5522,-2194,-2218,5257,10.2,389,380,38,345582
ABplaappp:95,ABplaappp,95,30874,5874,-1518,-1594,5616,10.3,390,387,36,308125
ABplaappp:96,ABplaappp,96,29841,4841,-2115,-2116,4615,11.0,394,391,36,282517
ABplaappp:97,ABplaappp,97,30867,5867,-1332,-1421,5666,11.1,394,393,39,319854
ABplaappp:98,ABplaappp,98,30938,5938,-1192,-1230,5706,10.5,391,390,39,326197
ABplaappp:99,ABplaappp,99,30696,5696,-1123,-1151,5554,11.1,395,396,39,337533
ABplaappp:100,ABplaappp,100,29997,4997,-2051,-2087,4784,11.3,396,394,39,320487
ABplaappp:101,ABplaappp,101,29952,4952,-2061,-2129,4743,11.2,395,395,39,324200
ABplaappp:102,ABplaappp,102,30672,5672,-951,-1074,5310,11.1,393,396,39,360714
ABplaappp:103,ABplaappp,103,30061,5061,-1837,-2016,4689,10.4,389,399,39,311027
ABplaappp:104,ABplaappp,104,30348,5348,-1875,-1993,4969,10.3,392,392,39,360222
ABplaappp:105,ABplaappp,105,29880,4880,-2135,-2143,4593,10.2,397,395,39,376869
ABplap:31,ABplap,31,31051,6051,-3269,-3534,6051,7.8,239,314,61,750194
ABplap:32,ABplap,32,33187,8187,-727,-762,8187,7.7,258,312,60,741186
ABplap:33,ABplap,33,34061,9061,-680,-680,9061,7.0,275,324,59,760475
ABplap:34,ABplap,34,34566,9566,-315,-315,9566,6.8,288,317,59,861057
ABplap:35,ABplap,35,36259,11259,1205,1205,11259,6.5,262,292,60,1114957
ABplap:36,ABplap,36,36344,11344,1485,1485,11344,7.0,264,287,58,1131042
ABplap:37,ABplap,37,38141,13141,3612,3612,13141,7.5,268,282,58,1098714
ABplap:38,ABplap,38,36217,11217,1781,1781,11217,7.6,268,290,58,1184197
ABplap:39,ABplap,39,38301,13301,3475,3475,13301,7.6,264,299,58,1200994
ABplap:40,ABplap,40,38850,13850,3975,3975,13850,6.5,266,296,60,1345320
ABplap:41,ABplap,41,40497,15497,5810,5809,15497,7.0,260,288,58,1319132
ABplap:42,ABplap,42,38907,13907,4554,4554,13907,7.6,268,282,58,1252313
ABplap:43,ABplap,43,33994,8994,-758,-760,8994,7.9,281,291,58,935977
ABplapa:44,ABplapa,44,34000,9000,-688,-688,9000,6.3,256,286,36,263626
ABplapa:45,ABplapa,45,39169,14169,5077,5118,14125,7.6,233,282,57,658212
ABplapa:46,ABplapa,46,41652,16652,7638,7688,16615,6.9,230,276,56,597271
ABplapa:47,ABplapa,47,41963,16963,7692,7670,16963,7.0,217,275,55,616638
ABplapa:48,ABplapa,48,42549,17549,8771,8783,17545,7.2,220,270,54,672548
ABplapa:49,ABplapa,49,42435,17435,8496,8487,17435,7.1,215,271,53,660188
ABplapa:50,ABplapa,50,41454,16454,7083,7102,16454,7.0,221,260,52,680232
ABplapa:51,ABplapa,51,42064,17064,7863,7878,17063,7.2,233,268,52,677447
ABplapa:52,ABplapa,52,42204,17204,7916,7912,17204,7.1,246,280,53,693461
ABplapa:53,ABplapa,53,42032,17032,7672,7672,17032,7.1,247,281,51,649291
ABplapa:54,ABplapa,54,39596,14596,5392,5392,14596,7.3,242,283,52,701588
ABplapa:55,ABplapa,55,39363,14363,4894,4894,14363,6.9,233,273,52,705821
ABplapa:56,ABplapa,56,38398,13398,4400,4400,13398,7.0,232,277,52,751975
ABplapa:57,ABplapa,57,36326,11326,2516,2516,11326,7.1,235,268,52,760623
ABplapa:58,ABplapa,58,35731,10731,1743,1743,10731,7.0,239,269,52,758735
ABplapa:59,ABplapa,59,32324,7324,-1138,-1138,7324,6.3,236,261,37,315908
ABplapaa:60,ABplapaa,60,34596,9596,971,970,9551,6.3,208,248,35,192879
ABplapaa:61,ABplapaa,61,36416,11416,3553,3449,11342,6.4,211,239,43,301536
ABplapaa:62,ABplapaa,62,35132,10132,2065,1978,10026,6.9,220,247,43,327190
ABplapaa:63,ABplapaa,63,36358,11358,3373,3166,11209,6.1,220,247,43,347221
ABplapaa:64,ABplapaa,64,34542,9542,1240,928,9442,6.1,215,256,43,359404
ABplapaa:65,ABplapaa,65,33974,8974,725,587,8878,5.4,212,261,45,347044
ABplapaa:66,ABplapaa,66,33902,8902,140,40,8755,6.0,218,280,43,317529
ABplapaa:67,ABplapaa,67,32133,7133,-1155,-1158,7021,6.9,231,302,43,321019
ABplapaa:68,ABplapaa,68,32489,7489,-598,-740,7423,7.0,236,314,43,329311
ABplapaa:69,ABplapaa,69,32838,7838,-195,-334,7771,7.0,241,320,43,341267
ABplapaa:70,ABplapaa,70,32992,7992,-222,-346,7966,7.0,253,330,43,344239
ABplapaa:71,ABplapaa,71,32513,7513,-1701,-1808,7496,6.1,257,351,43,357306
ABplapaa:72,ABplapaa,72,33036,8036,-811,-930,7998,6.0,271,362,43,356875
ABplapaa:73,ABplapaa,73,31366,6366,-2600,-2701,6334,6.0,293,357,43,369242
ABplapaa:74,ABplapaa,74,31780,6780,-2610,-2657,6745,6.1,306,354,43,381427
ABplapaa:75,ABplapaa,75,31296,6296,-3029,-3104,6231,6.1,311,351,43,395458
ABplapaa:76,ABplapaa,76,30897,5897,-3070,-3198,5849,6.0,327,356,45,435688
ABplapaa:77,ABplapaa,77,31336,6336,-2930,-3080,6303,5.9,332,355,43,402976
ABplapaa:78,ABplapaa,78,32045,7045,-2209,-2333,6997,5.9,342,351,43,432838
ABplapaa:79,ABplapaa,79,30675,5675,-3405,-3653,5591,6.1,338,352,43,445293
ABplapaa:80,ABplapaa,80,30708,5708,-2364,-2482,5612,6.1,326,354,42,458298
ABplapaa:81,ABplapaa,81,31190,6190,-1229,-1238,6149,6.2,329,350,32,219802
ABplapaaa:82,ABplapaaa,82,31694,6694,-1716,-1820,6504,6.3,318,376,33,172131
ABplapaaa:83,ABplapaaa,83,32578,7578,-1350,-1355,7524,6.0,319,385,35,195416
ABplapaaa:84,ABplapaaa,84,31003,6003,-2156,-2211,5765,6.1,315,379,35,200884
ABplapaaa:85,ABplapaaa,85,30806,5806,-2598,-2659,5568,6.2,327,390,36,236250
ABplapaaa:86,ABplapaaa,86,31407,6407,-2392,-2543,6204,6.5,339,396,36,219868
ABplapaaa:87,ABplapaaa,87,32112,7112,-1600,-1837,6835,6.2,332,389,36,253512
ABplapaaa:88,ABplapaaa,88,33297,8297,168,-29,8014,6.1,334,383,36,257737
ABplapaaa:89,ABplapaaa,89,31268,6268,-2295,-2604,5883,6.1,336,383,36,271101
ABplapaaa:90,ABplapaaa,90,33559,8559,-1003,-1372,8215,5.5,339,371,36,279157
ABplapaaa:91,ABplapaaa,91,31377,6377,-2067,-2204,6117,6.2,348,366,38,304687
ABplapaaa:92,ABplapaaa,92,32088,7088,-1561,-1524,6803,6.1,352,365,34,249882
ABplapaaa:93,ABplapaaa,93,32004,7004,-1954,-2004,6739,6.1,352,371,36,302129
ABplapaaa:94,ABplapaaa,94,31578,6578,-2870,-2909,6313,6.1,352,369,36,313333
ABplapaaa:95,ABplapaaa,95,31549,6549,-1938,-1940,6215,6.2,355,368,36,319312
ABplapaaa:96,ABplapaaa,96,32773,7773,-1655,-1868,7389,6.4,358,367,36,251877
ABplapaaa:97,ABplapaaa,97,31146,6146,-2847,-3057,5575,6.4,357,368,37,255975
ABplapaaa:98,ABplapaaa,98,33417,8417,-670,-797,8050,6.2,357,371,37,285052
ABplapaaa:99,ABplapaaa,99,31894,6894,-2900,-3073,6493,6.3,363,373,37,282649
ABplapaaa:100,ABplapaaa,100,31353,6353,-2501,-2642,5899,7.1,369,368,37,308634
ABplapaaa:101,ABplapaaa,101,30367,5367,-2934,-3023,5036,7.0,371,366,37,317911
ABplapaaa:102,ABplapaaa,102,31469,6469,-2176,-2330,6189,7.1,367,366,39,357967
ABplapaaa:103,ABplapaaa,103,30811,5811,-2298,-2534,5488,7.4,371,370,37,312377
ABplapaaa:104,ABplapaaa,104,31429,6429,-2195,-2435,6088,7.0,371,364,39,366182
ABplapaaa:105,ABplapaaa,105,30632,5632,-2680,-2851,5315,7.3,373,361,39,369042
ABplapaap:82,ABplapaap,82,30905,5905,-1880,-1999,5175,6.1,371,348,31,166137
ABplapaap:83,ABplapaap,83,33185,8185,-307,-550,7662,6.0,369,351,35,194450
ABplapaap:84,ABplapaap,84,30655,5655,-2797,-3071,5176,6.0,372,348,35,203996
ABplapaap:85,ABplapaap,85,31434,6434,-2397,-2577,5908,5.9,378,349,34,198659
ABplapaap:86,ABplapaap,86,32015,7015,-2103,-2354,6474,5.9,387,352,34,208364
ABplapaap:87,ABplapaap,87,32144,7144,-2141,-2229,6821,6.0,389,346,34,220241
ABplapaap:88,ABplapaap,88,30961,5961,-3558,-3750,5633,6.0,394,347,36,274464
ABplapaap:89,ABplapaap,89,31668,6668,-2411,-2871,6168,5.9,397,339,34,227861
ABplapaap:90,ABplapaap,90,31701,6701,-2216,-2520,6080,6.0,402,334,34,231112
ABplapaap:91,ABplapaap,91,31514,6514,-2519,-2654,6113,5.9,398,327,34,242467
ABplapaap:92,ABplapaap,92,31115,6115,-3073,-3268,5877,6.0,400,333,34,255506
ABplapaap:93,ABplapaap,93,31097,6097,-2534,-2540,5897,6.2,394,332,36,302375
ABplapaap:94,ABplapaap,94,32655,7655,-863,-912,7525,6.2,398,336,34,257726
ABplapaap:95,ABplapaap,95,32905,7905,-1393,-1383,7804,6.2,405,336,36,323790
ABplapaap:96,ABplapaap,96,33119,8119,-1938,-1938,7962,6.0,403,335,36,283211
ABplapaap:97,ABplapaap,97,32379,7379,-2128,-2041,7300,6.2,403,338,37,280463
ABplapaap:98,ABplapaap,98,31580,6580,-3017,-3065,6497,6.1,410,338,35,244199
ABplapaap:99,ABplapaap,99,32891,7891,-1776,-1900,7672,6.1,413,342,37,293768
ABplapaap:100,ABplapaap,100,33079,8079,-1232,-1476,7832,6.2,414,335,39,330414
ABplapaap:101,ABplapaap,101,32004,7004,-1575,-1511,6777,6.9,420,341,35,268012
ABplapaap:102,ABplapaap,102,33258,8258,-1511,-1676,8081,6.4,422,343,39,319769
ABplapaap:103,ABplapaap,103,31281,6281,-2619,-2688,6004,6.9,420,342,35,288482
ABplapaap:104,ABplapaap,104,32301,7301,-1235,-1330,7075,7.1,423,340,35,284778
ABplapaap:105,ABplapaap,105,30971,5971,-2395,-2560,5808,7.1,431,337,37,350568
ABplapap:60,ABplapap,60,36255,11255,1057,1057,11253,6.2,271,261,37,234564
ABplapap:61,ABplapap,61,35933,10933,1787,1818,10930,6.3,284,248,43,295495
ABplapap:62,ABplapap,62,35394,10394,1142,1150,10380,7.0,308,249,45,348562
ABplapap:63,ABplapap,63,34364,9364,277,277,9356,6.9,298,263,43,330185
ABplapap:64,ABplapap,64,35648,10648,1966,1931,10555,6.9,298,277,43,357443
ABplapap:65,ABplapap,65,34272,9272,774,747,9180,6.9,295,279,43,362745
ABplapap:66,ABplapap,66,34247,9247,-60,-64,9245,6.0,296,293,45,337586
ABplapap:67,ABplapap,67,34348,9348,259,258,9344,6.9,299,299,43,310319
ABplapap:68,ABplapap,68,34045,9045,-1151,-1149,9045,6.1,303,310,43,323630
ABplapap:69,ABplapap,69,33339,8339,-967,-984,8339,6.1,307,320,45,349663
ABplapap:70,ABplapap,70,34062,9062,-624,-636,9062,6.1,319,323,45,346196
ABplapap:71,ABplapap,71,33411,8411,-629,-650,8396,6.3,328,338,45,357619
ABplapap:72,ABplapap,72,32809,7809,-830,-786,7790,7.1,338,345,45,385130
ABplapap:73,ABplapap,73,32169,7169,-545,-634,7128,7.9,352,345,43,352433
ABplapap:74,ABplapap,74,32405,7405,-1289,-1351,7382,7.2,377,345,45,401843
ABplapap:75,ABplapap,75,30917,5917,-2549,-2621,5884,7.1,380,345,45,431523
ABplapap:76,ABplapap,76,30737,5737,-2472,-2518,5695,8.1,384,350,43,441103
ABplapap:77,ABplapap,77,31052,6052,-2106,-2124,6048,7.3,393,347,45,416494
ABplapap:78,ABplapap,78,29943,4943,-2878,-2948,4931,8.0,401,343,43,444950
ABplapap:79,ABplapap,79,30133,5133,-2501,-2526,5118,7.2,395,336,39,398040
ABplapapa:80,ABplapapa,80,30921,5921,-1937,-2020,5864,6.4,373,340,32,190414
ABplapapa:81,ABplapapa,81,32070,7070,-1551,-1561,7018,6.2,378,332,38,225314
ABplapapa:82,ABplapapa,82,32323,7323,-1158,-1445,6846,5.3,393,326,29,92368
ABplapapa:83,ABplapapa,83,30996,5996,-2969,-3166,5290,6.1,398,336,37,223171
ABplapapa:84,ABplapapa,84,30697,5697,-2918,-3128,5285,6.0,402,331,37,231830
ABplapapa:85,ABplapapa,85,31370,6370,-1422,-1505,6132,6.1,404,319,36,237801
ABplapapa:86,ABplapapa,86,32440,7440,-430,-534,7189,6.2,414,323,36,240206
ABplapapa:87,ABplapapa,87,31099,6099,-2565,-2648,5875,6.2,422,319,36,243063
ABplapapa:88,ABplapapa,88,31909,6909,-1484,-1636,6695,7.2,422,318,36,253249
ABplapapa:89,ABplapapa,89,31112,6112,-2216,-2436,5519,7.2,421,315,38,293459
ABplapapa:90,ABplapapa,90,31711,6711,-1030,-1068,5859,7.1,427,317,38,295772
ABplapapa:91,ABplapapa,91,31892,6892,-1209,-1284,6401,7.0,433,311,38,300295
ABplapapa:92,ABplapapa,92,31565,6565,-2872,-3160,6294,6.0,437,311,38,327780
ABplapapa:93,ABplapapa,93,32683,7683,-2494,-2718,7524,5.4,437,320,38,272037
ABplapapa:94,ABplapapa,94,31666,6666,-2848,-2960,6325,6.0,440,315,38,335685
ABplapapa:95,ABplapapa,95,33240,8240,-1853,-1829,7983,5.5,453,313,36,274015
ABplapapa:96,ABplapapa,96,31239,6239,-3654,-3690,5900,5.4,449,308,36,235070
ABplapapa:97,ABplapapa,97,31606,6606,-3615,-3943,6189,6.0,452,314,39,309673
ABplapapa:98,ABplapapa,98,32306,7306,-2435,-2735,6891,6.1,463,312,39,321917
ABplapapa:99,ABplapapa,99,31644,6644,-2589,-2594,6349,6.0,467,318,35,246623
ABplapapa:100,ABplapapa,100,32443,7443,-2038,-2464,7135,6.1,477,311,39,334506
ABplapapa:101,ABplapapa,101,31413,6413,-3543,-3789,6065,6.2,481,311,39,333443
ABplapapa:102,ABplapapa,102,31689,6689,-2186,-2289,6370,6.3,485,310,37,310708
ABplapapa:103,ABplapapa,103,32559,7559,-1817,-1918,7300,6.3,490,314,39,336095
ABplapapa:104,ABplapapa,104,30988,5988,-2687,-2764,5668,6.4,495,307,39,336258
ABplapapa:105,ABplapapa,105,31214,6214,-1971,-2081,5848,7.1,505,308,39,369216
ABplapapp:80,ABplapapp,80,32511,7511,-1158,-1158,7496,7.2,434,327,32,204870
ABplapapp:81,ABplapapp,81,33856,8856,1086,1086,8845,6.5,438,314,36,175896
ABplapapp:82,ABplapapp,82,32312,7312,-366,-366,7273,7.1,451,302,37,214611
ABplapapp:83,ABplapapp,83,31097,6097,-1456,-1456,6058,7.1,462,294,35,188860
ABplapapp:84,ABplapapp,84,32148,7148,-327,-333,7028,7.1,473,295,35,188649
ABplapapp:85,ABplapapp,85,31414,6414,-585,-743,6156,7.0,476,297,36,247031
ABplapapp:86,ABplapapp,86,31489,6489,-460,-537,6129,8.2,486,293,36,258308
ABplapapp:87,ABplapapp,87,30512,5512,-1144,-1236,4877,9.3,482,294,36,250449
ABplapapp:88,ABplapapp,88,30242,5242,-2466,-2510,4863,10.0,490,293,34,228426
ABplapapp:89,ABplapapp,89,30499,5499,-1138,-1194,5130,9.2,495,293,36,262085
ABplapapp:90,ABplapapp,90,31004,6004,-1136,-1429,5601,8.4,499,297,36,256366
ABplapapp:91,ABplapapp,91,31699,6699,-316,-428,6328,8.2,496,289,38,306016
ABplapapp:92,ABplapapp,92,30936,5936,-1649,-1907,5582,7.4,498,286,36,277306
ABplapapp:93,ABplapapp,93,31635,6635,-987,-1069,6279,8.1,500,290,34,253363
ABplapapp:94,ABplapapp,94,30875,5875,-748,-726,5515,8.2,503,288,38,320171
ABplapapp:95,ABplapapp,95,30577,5577,-1137,-1218,5188,9.1,509,289,36,325457
ABplapapp:96,ABplapapp,96,30025,5025,-1972,-2108,4621,9.2,503,288,36,272327
ABplapapp:97,ABplapapp,97,29273,4273,-2789,-2782,3657,9.2,507,292,37,290268
ABplapapp:98,ABplapapp,98,30537,5537,-996,-1122,4883,9.3,511,288,37,268552
ABplapapp:99,ABplapapp,99,30637,5637,-759,-841,5089,9.4,514,287,37,265636
ABplapapp:100,ABplapapp,100,30083,5083,-927,-999,4733,10.1,519,280,37,302652
ABplapapp:101,ABplapapp,101,30034,5034,-1285,-1348,4605,9.5,522,280,37,273519
ABplapapp:102,ABplapapp,102,30454,5454,-682,-684,5085,9.3,526,285,37,307184
ABplapapp:103,ABplapapp,103,29849,4849,-1884,-1813,4526,10.2,529,286,37,342904
ABplapapp:104,ABplapapp,104,30055,5055,-1048,-1119,4420,10.3,527,282,37,326630
ABplapapp:105,ABplapapp,105,30118,5118,-1131,-1147,4679,10.2,538,278,37,359150
ABplapp:44,ABplapp,44,33261,8261,-862,-862,8261,7.3,312,309,34,231930
ABplapp:45,ABplapp,45,38045,13045,4332,4260,13045,8.5,299,316,57,655509
ABplapp:46,ABplapp,46,40761,15761,6446,6456,15761,7.8,308,312,56,589068
ABplapp:47,ABplapp,47,41700,16700,6953,6884,16693,7.8,307,322,55,597972
ABplapp:48,ABplapp,48,43433,18433,9129,9062,18433,7.8,290,335,54,649268
ABplapp:49,ABplapp,49,41898,16898,6541,6601,16898,7.1,286,339,53,652242
ABplapp:50,ABplapp,50,42686,17686,8330,8402,17666,7.8,289,336,52,694533
ABplapp:51,ABplapp,51,41340,16340,6685,6700,16332,7.8,296,328,52,697518
ABplapp:52,ABplapp,52,42704,17704,8455,8396,17694,7.9,309,333,51,643055
ABplapp:53,ABplapp,53,41513,16513,7359,7309,16491,7.9,315,332,51,656107
ABplapp:54,ABplapp,54,39153,14153,4039,3970,14148,7.2,312,337,52,717104
ABplapp:55,ABplapp,55,39434,14434,5237,5216,14415,7.9,307,327,52,737524
ABplapp:56,ABplapp,56,38369,13369,3963,3900,13362,8.0,309,333,52,775299
ABplapp:57,ABplapp,57,37394,12394,3727,3714,12394,8.0,298,330,52,794772
ABplapp:58,ABplapp,58,36453,11453,2594,2589,11453,7.9,305,339,52,776874
ABplapp:59,ABplapp,59,32103,7103,-935,-935,7103,7.1,305,331,33,232727
ABplappa:60,ABplappa,60,33720,8720,331,331,8720,7.3,265,335,35,208757
ABplappa:61,ABplappa,61,37417,12417,3607,3537,12417,7.9,268,328,45,353656
ABplappa:62,ABplappa,62,36501,11501,2506,2304,11442,7.0,267,339,43,324625
ABplappa:63,ABplappa,63,35188,10188,961,817,10047,7.1,266,334,43,350188
ABplappa:64,ABplappa,64,35268,10268,573,342,10166,7.0,269,340,43,353845
ABplappa:65,ABplappa,65,36043,11043,1911,1836,11021,7.0,275,344,45,399042
ABplappa:66,ABplappa,66,33869,8869,66,-27,8815,7.1,277,358,43,323524
ABplappa:67,ABplappa,67,33926,8926,186,125,8912,7.0,294,364,45,353298
ABplappa:68,ABplappa,68,32266,7266,-1293,-1327,7243,7.1,303,376,47,416897
ABplappa:69,ABplappa,69,31384,6384,-1950,-2010,6354,8.1,311,382,47,429924
ABplappa:70,ABplappa,70,31307,6307,-2062,-2185,6287,8.2,320,383,47,432810
ABplappa:71,ABplappa,71,32089,7089,-1189,-1308,7001,9.1,334,389,47,471940
ABplappa:72,ABplappa,72,32171,7171,-55,-165,7094,9.2,344,398,47,458414
ABplappa:73,ABplappa,73,32005,7005,-895,-925,6809,9.9,359,393,43,383919
ABplappa:74,ABplappa,74,31598,6598,-1435,-1518,6392,10.0,362,394,43,402709
ABplappa:75,ABplappa,75,30189,5189,-1943,-2225,4908,10.3,371,392,47,520138
ABplappa:76,ABplappa,76,30677,5677,-1318,-1471,5299,11.2,371,397,45,469433
ABplappa:77,ABplappa,77,30224,5224,-1713,-1787,4815,11.0,380,398,47,565127
ABplappa:78,ABplappa,78,30407,5407,-1026,-1142,5025,11.2,390,394,47,587490
ABplappa:79,ABplappa,79,30348,5348,-1268,-1349,5252,10.2,385,391,45,516013
ABplappa:80,ABplappa,80,30382,5382,-1207,-1216,5299,10.2,396,385,46,608819
ABplappa:81,ABplappa,81,31195,6195,-865,-960,6030,9.2,406,374,44,401698
ABplappa:82,ABplappa,82,29875,4875,-1284,-1284,4707,10.1,411,370,29,154300
ABplappaa:83,ABplappaa,83,30522,5522,-972,-1052,5295,10.1,395,386,35,207327
ABplappaa:84,ABplappaa,84,29732,4732,-2432,-2542,4457,9.8,391,379,35,203518
ABplappaa:85,ABplappaa,85,31594,6594,-214,-375,6070,8.5,399,372,36,213044
ABplappaa:86,ABplappaa,86,31362,6362,-661,-615,5842,8.4,409,377,36,232030
ABplappaa:87,ABplappaa,87,31416,6416,-585,-666,5859,9.1,407,375,36,266522
ABplappaa:88,ABplappaa,88,31418,6418,-653,-724,5914,9.1,413,376,34,234301
ABplappaa:89,ABplappaa,89,29993,4993,-2189,-2397,4584,9.1,417,369,36,283042
ABplappaa:90,ABplappaa,90,30035,5035,-1909,-1933,4813,9.2,422,373,36,276853
ABplappaa:91,ABplappaa,91,30057,5057,-2386,-2560,4794,9.2,426,363,38,316137
ABplappaa:92,ABplappaa,92,31927,6927,-4,-53,6582,9.4,433,356,38,304416
ABplappaa:93,ABplappaa,93,30324,5324,-2019,-2079,5088,10.1,433,364,36,306781
ABplappaa:94,ABplappaa,94,30243,5243,-2323,-2349,5059,10.2,438,366,38,334693
ABplappaa:95,ABplappaa,95,30972,5972,-1558,-1569,5746,10.0,437,363,36,325957
ABplappaa:96,ABplappaa,96,31340,6340,-1201,-1183,6053,10.1,435,357,38,298393
ABplappaa:97,ABplappaa,97,30165,5165,-2540,-2587,4919,11.0,438,365,37,275601
ABplappaa:98,ABplappaa,98,30815,5815,-1382,-1464,5601,11.0,440,367,39,320094
ABplappaa:99,ABplappaa,99,31173,6173,-1107,-1155,5953,11.2,443,367,39,324687
ABplappaa:100,ABplappaa,100,30699,5699,-1178,-1200,5402,11.4,445,365,39,299121
ABplappaa:101,ABplappaa,101,30155,5155,-1981,-2021,4833,12.1,443,367,39,353707
ABplappaa:102,ABplappaa,102,31988,6988,28,-56,6620,12.2,439,370,39,349068
ABplappaa:103,ABplappaa,103,30275,5275,-1802,-1881,5070,12.2,439,376,39,347606
ABplappaa:104,ABplappaa,104,30242,5242,-1550,-1599,4964,12.2,445,371,39,345987
ABplappaa:105,ABplappaa,105,30580,5580,-1199,-1260,5309,12.3,448,374,39,340271
ABplappap:83,ABplappap,83,31826,6826,75,12,6324,9.1,449,344,35,198788
ABplappap:84,ABplappap,84,31791,6791,273,110,6331,9.0,450,343,35,206873
ABplappap:85,ABplappap,85,31632,6632,-1176,-1340,6389,7.5,458,335,36,207833
ABplappap:86,ABplappap,86,29891,4891,-2071,-2169,4200,8.2,465,338,36,246693
ABplappap:87,ABplappap,87,30794,5794,-1085,-1185,5255,8.4,464,335,36,238219
ABplappap:88,ABplappap,88,30960,5960,-1609,-1715,5689,8.2,468,337,38,278317
ABplappap:89,ABplappap,89,31667,6667,-609,-758,6333,8.2,467,334,38,287954
ABplappap:90,ABplappap,90,31147,6147,-793,-934,5692,9.0,473,337,38,317156
ABplappap:91,ABplappap,91,31383,6383,-1071,-1175,5939,8.2,474,332,38,310985
ABplappap:92,ABplappap,92,30801,5801,-1387,-1563,5263,8.2,479,326,38,324623
ABplappap:93,ABplappap,93,30024,5024,-2403,-2470,4220,9.0,476,330,38,338954
ABplappap:94,ABplappap,94,30365,5365,-2233,-2263,4756,9.2,475,328,38,353378
ABplappap:95,ABplappap,95,29945,4945,-2128,-2361,4165,9.4,480,330,38,340975
ABplappap:96,ABplappap,96,31294,6294,-1339,-1444,5810,9.2,477,327,38,305276
ABplappap:97,ABplappap,97,31770,6770,-481,-675,6227,9.3,480,333,39,311344
ABplappap:98,ABplappap,98,29721,4721,-2345,-2652,3785,10.1,478,334,39,331723
ABplappap:99,ABplappap,99,30677,5677,-1599,-1693,4782,10.3,485,335,39,329710
ABplappap:100,ABplappap,100,30242,5242,-1770,-1863,3983,10.2,485,331,39,342673
ABplappap:101,ABplappap,101,30440,5440,-2184,-2326,4544,10.3,478,334,39,354312
ABplappap:102,ABplappap,102,30258,5258,-2431,-2558,4570,10.3,477,336,37,306892
ABplappap:103,ABplappap,103,30779,5779,-1929,-1993,5204,10.3,476,340,39,343005
ABplappap:104,ABplappap,104,29871,4871,-2712,-2769,4327,10.4,480,333,37,317175
ABplappap:105,ABplappap,105,31082,6082,-755,-806,4802,11.1,487,331,39,405826
ABplappp:60,ABplappp,60,33619,8619,-253,-253,8619,7.1,329,328,31,188157
ABplappp:61,ABplappp,61,35362,10362,935,854,10350,6.3,340,325,43,304458
ABplappp:62,ABplappp,62,36856,11856,2975,2857,11820,6.2,352,327,43,327335
ABplappp:63,ABplappp,63,35117,10117,752,649,10080,6.1,357,325,43,347077
ABplappp:64,ABplappp,64,34546,9546,226,220,9518,6.9,358,323,43,363034
ABplappp:65,ABplappp,65,33778,8778,84,86,8752,6.8,361,320,43,374199
ABplappp:66,ABplappp,66,33933,8933,297,281,8899,6.8,363,329,43,310006
ABplappp:67,ABplappp,67,33836,8836,430,375,8816,7.2,366,337,43,316728
ABplappp:68,ABplappp,68,33489,8489,190,199,8445,8.0,370,341,43,328465
ABplappp:69,ABplappp,69,33301,8301,628,576,8265,8.1,373,346,43,336382
ABplappp:70,ABplappp,70,32383,7383,-836,-834,7330,8.9,377,352,43,360098
ABplappp:71,ABplappp,71,31730,6730,-409,-420,6704,9.9,385,353,43,357209
ABplappp:72,ABplappp,72,30600,5600,-1271,-1275,5596,10.0,396,355,43,363304
ABplappp:73,ABplappp,73,32173,7173,-5,-6,7163,11.0,411,349,43,376786
ABplappp:74,ABplappp,74,30712,5712,-588,-602,5598,11.9,417,341,43,375346
ABplappp:75,ABplappp,75,29983,4983,-1209,-1209,4957,12.1,426,343,43,382296
ABplappp:76,ABplappp,76,30228,5228,-878,-878,5222,12.2,439,345,43,380759
ABplappp:77,ABplappp,77,30043,5043,-1064,-1064,5039,13.0,446,342,43,401102
ABplappp:78,ABplappp,78,29759,4759,-966,-966,4756,13.1,456,345,45,448808
ABplappp:79,ABplappp,79,28706,3706,-2228,-2228,3706,12.0,463,348,43,437138
ABplappp:80,ABplappp,80,29152,4152,-1250,-1250,4108,12.1,462,351,42,458476
ABplappp:81,ABplappp,81,29929,4929,-699,-787,4584,12.1,466,337,40,356472
ABplappp:82,ABplappp,82,29385,4385,-1683,-1683,4222,12.0,473,321,37,290414
ABplapppa:83,ABplapppa,83,29787,4787,-1010,-945,3758,11.9,471,331,35,197623
ABplapppa:84,ABplapppa,84,29497,4497,-657,-538,3646,11.0,479,335,35,211843
ABplapppa:85,ABplapppa,85,28911,3911,-2017,-1986,3198,10.9,489,332,34,218472
ABplapppa:86,ABplapppa,86,31099,6099,942,950,5083,10.2,490,334,34,223721
ABplapppa:87,ABplapppa,87,29410,4410,-1152,-1276,3446,11.0,489,342,34,237899
ABplapppa:88,ABplapppa,88,29656,4656,-546,-493,3481,11.9,492,347,34,250057
ABplapppa:89,ABplapppa,89,29432,4432,-1335,-1388,3634,11.0,492,347,34,263819
ABplapppa:90,ABplapppa,90,29893,4893,-918,-932,3337,11.9,495,340,34,268362
ABplapppa:91,ABplapppa,91,30939,5939,-401,-495,4581,11.9,496,335,34,279365
ABplapppa:92,ABplapppa,92,30062,5062,-1522,-1478,3590,11.1,503,328,34,289753
ABplapppa:93,ABplapppa,93,30221,5221,-784,-924,4507,11.3,503,341,36,327943
ABplapppa:94,ABplapppa,94,31013,6013,23,-101,5001,12.2,503,332,36,349435
ABplapppa:95,ABplapppa,95,29915,4915,-877,-1036,3801,12.3,503,336,38,380065
ABplapppa:96,ABplapppa,96,29883,4883,-1476,-1457,3870,13.0,500,337,34,267151
ABplapppa:97,ABplapppa,97,29235,4235,-2042,-2008,3101,13.0,503,338,37,324306
ABplapppa:98,ABplapppa,98,29569,4569,-1329,-1467,3481,13.3,498,334,39,350812
ABplapppa:99,ABplapppa,99,30364,5364,-1227,-1247,4523,14.1,503,334,37,329956
ABplapppa:100,ABplapppa,100,30878,5878,104,-65,4939,14.3,502,331,37,312258
ABplapppa:101,ABplapppa,101,30065,5065,-653,-720,4548,14.0,505,333,37,335754
ABplapppa:102,ABplapppa,102,29903,4903,-1182,-1181,4221,14.2,499,336,37,343971
ABplapppa:103,ABplapppa,103,29240,4240,-1843,-2062,3316,14.3,495,345,37,318882
ABplapppa:104,ABplapppa,104,30164,5164,-993,-1142,4396,14.9,496,333,35,307151
ABplapppa:105,ABplapppa,105,31688,6688,503,622,4756,14.2,498,334,37,337689
ABplapppp:83,ABplapppp,83,29303,4303,-1705,-1693,3743,13.1,503,297,35,189806
ABplapppp:84,ABplapppp,84,31128,6128,427,294,5132,14.0,518,299,35,178225
ABplapppp:85,ABplapppp,85,30437,5437,805,833,4794,15.0,524,306,34,194987
ABplapppp:86,ABplapppp,86,29615,4615,-192,-157,3788,14.2,528,309,36,226766
ABplapppp:87,ABplapppp,87,29857,4857,-516,-483,4034,14.1,523,312,34,215056
ABplapppp:88,ABplapppp,88,30611,5611,334,369,5016,14.3,520,316,36,261902
ABplapppp:89,ABplapppp,89,30246,5246,-147,-199,4396,14.1,519,318,36,280665
ABplapppp:90,ABplapppp,90,29832,4832,-517,-449,3979,14.2,521,310,34,247876
ABplapppp:91,ABplapppp,91,29866,4866,-975,-1065,3820,13.3,521,308,36,288387
ABplapppp:92,ABplapppp,92,30729,5729,153,194,4658,14.2,519,310,36,323482
ABplapppp:93,ABplapppp,93,29131,4131,-1576,-1463,2974,14.4,518,317,36,293813
ABplapppp:94,ABplapppp,94,30280,5280,-167,-52,4475,15.1,520,311,34,275250
ABplapppp:95,ABplapppp,95,29827,4827,-335,-409,4125,15.2,523,313,36,334666
ABplapppp:96,ABplapppp,96,30436,5436,322,277,4891,15.1,524,310,36,285015
ABplapppp:97,ABplapppp,97,30119,5119,-555,-349,4251,14.3,530,305,37,276939
ABplapppp:98,ABplapppp,98,29682,4682,-507,-509,3964,15.2,526,304,37,291047
ABplapppp:99,ABplapppp,99,29541,4541,-836,-618,3464,16.0,528,301,37,282420
ABplapppp:100,ABplapppp,100,29596,4596,-669,-479,4009,16.9,529,297,35,242469
ABplapppp:101,ABplapppp,101,29499,4499,-414,-355,4019,16.1,536,298,37,306578
ABplapppp:102,ABplapppp,102,29879,4879,-252,-372,4490,16.2,528,304,37,303415
ABplapppp:103,ABplapppp,103,29563,4563,-966,-997,4347,17.0,529,309,35,264594
ABplapppp:104,ABplapppp,104,31289,6289,1029,1017,6024,17.2,530,298,37,322291
ABplapppp:105,ABplapppp,105,29583,4583,-909,-920,4401,17.2,532,298,39,356149
ABplp:22,ABplp,22,30560,5560,-2942,-2997,5560,10.9,341,361,55,649431
ABplp:23,ABplp,23,30421,5421,-3752,-3752,5421,9.1,368,336,55,626144
ABplp:24,ABplp,24,30160,5160,-4338,-4338,5160,8.6,390,331,62,900195
ABplp:25,ABplp,25,30052,5052,-5201,-5201,5052,8.2,395,336,63,1099069
ABplp:26,ABplp,26,30576,5576,-4342,-4342,5576,8.7,391,340,63,1321204
ABplp:27,ABplp,27,29785,4785,-4764,-4764,4785,8.7,394,351,65,1667946
ABplp:28,ABplp,28,29258,4258,-5059,-5059,4258,9.4,383,363,65,1793648
ABplp:29,ABplp,29,30129,5129,-4283,-4283,5129,8.3,365,366,64,1891664
ABplp:30,ABplp,30,29546,4546,-4041,-4041,4546,9.4,356,366,62,1093681
ABplpa:31,ABplpa,31,29471,4471,-3770,-3908,4464,9.2,344,388,51,570015
ABplpa:32,ABplpa,32,31305,6305,-710,-659,6305,10.8,360,407,60,843219
ABplpa:33,ABplpa,33,32691,7691,183,203,7691,10.8,370,407,59,880181
ABplpa:34,ABplpa,34,33339,8339,499,499,8339,9.9,376,400,59,993305
ABplpa:35,ABplpa,35,34947,9947,1537,1537,9947,9.7,364,392,58,1086256
ABplpa:36,ABplpa,36,36854,11854,2726,2725,11854,8.9,367,383,58,1231997
ABplpa:37,ABplpa,37,37301,12301,4075,4072,12301,9.5,369,382,58,1201320
ABplpa:38,ABplpa,38,37493,12493,3258,3258,12493,8.9,361,376,58,1298394
ABplpa:39,ABplpa,39,38480,13480,4241,4243,13480,9.6,357,380,58,1267897
ABplpa:40,ABplpa,40,39794,14794,5585,5603,14794,9.7,355,379,58,1259359
ABplpa:41,ABplpa,41,38455,13455,4215,4216,13455,9.7,355,374,58,1299653
ABplpa:42,ABplpa,42,39240,14240,5473,5466,14240,10.0,353,367,58,1337281
ABplpa:43,ABplpa,43,33287,8287,-989,-991,8287,10.8,356,370,58,962580
ABplpaa:44,ABplpaa,44,33687,8687,-1121,-1262,8653,8.1,343,387,38,336509
ABplpaa:45,ABplpaa,45,40389,15389,6568,6563,15389,8.3,334,388,53,604114
ABplpaa:46,ABplpaa,46,40102,15102,5383,5383,15102,7.2,332,392,56,603929
ABplpaa:47,ABplpaa,47,42411,17411,7395,7385,17411,7.2,319,396,55,637659
ABplpaa:48,ABplpaa,48,41805,16805,7532,7524,16805,7.8,315,408,54,682511
ABplpaa:49,ABplpaa,49,41551,16551,7050,7045,16551,7.9,310,406,53,675894
ABplpaa:50,ABplpaa,50,41505,16505,6310,6366,16505,7.1,303,404,52,676224
ABplpaa:51,ABplpaa,51,41453,16453,6964,6963,16453,7.9,308,404,52,682648
ABplpaa:52,ABplpaa,52,40781,15781,6239,6235,15781,7.9,311,406,51,643724
ABplpaa:53,ABplpaa,53,40882,15882,6598,6690,15800,8.2,311,410,51,664110
ABplpaa:54,ABplpaa,54,38651,13651,3968,4031,13651,8.0,302,409,52,717704
ABplpaa:55,ABplpaa,55,37587,12587,3434,3461,12587,7.9,293,406,52,721559
ABplpaa:56,ABplpaa,56,36865,11865,2790,2764,11865,7.8,279,413,52,738147
ABplpaa:57,ABplpaa,57,36274,11274,2463,2483,11273,7.9,272,414,52,759168
ABplpaa:58,ABplpaa,58,35385,10385,1262,1261,10385,7.9,276,415,52,767250
ABplpaa:59,ABplpaa,59,31869,6869,-2098,-2128,6869,8.2,279,413,49,554514
ABplpaaa:60,ABplpaaa,60,33381,8381,-451,-451,8374,7.2,236,427,35,222816
ABplpaaa:61,ABplpaaa,61,35100,10100,1746,1745,10100,7.9,230,430,45,342334
ABplpaaa:62,ABplpaaa,62,36291,11291,2894,2894,11285,7.9,222,431,43,343961
ABplpaaa:63,ABplpaaa,63,35077,10077,2390,2392,10059,8.1,214,434,43,375997
ABplpaaa:64,ABplpaaa,64,35308,10308,2905,2919,10307,8.9,217,438,43,401912
ABplpaaa:65,ABplpaaa,65,33879,8879,1879,1879,8873,10.0,210,441,43,419348
ABplpaaa:66,ABplpaaa,66,32891,7891,921,916,7889,10.1,207,440,43,346299
ABplpaaa:67,ABplpaaa,67,32792,7792,530,540,7781,11.1,222,446,43,358022
ABplpaaa:68,ABplpaaa,68,32273,7273,375,439,7252,12.1,231,448,43,355896
ABplpaaa:69,ABplpaaa,69,32526,7526,482,463,7512,12.1,234,448,43,355214
ABplpaaa:70,ABplpaaa,70,32078,7078,359,373,7002,12.1,231,444,43,363152
ABplpaaa:71,ABplpaaa,71,33166,8166,1783,1837,8121,13.9,226,444,43,372483
ABplpaaa:72,ABplpaaa,72,32512,7512,1538,1511,7394,15.0,218,447,43,380187
ABplpaaa:73,ABplpaaa,73,30913,5913,-553,-522,5801,15.0,219,440,43,385392
ABplpaaa:74,ABplpaaa,74,29809,4809,-858,-873,4740,15.9,228,442,43,377079
ABplpaaa:75,ABplpaaa,75,30638,5638,-629,-659,5599,15.1,229,441,43,375945
ABplpaaa:76,ABplpaaa,76,31019,6019,932,884,5942,15.9,217,438,43,386346
ABplpaaa:77,ABplpaaa,77,30883,5883,425,425,5839,15.8,216,442,43,405218
ABplpaaa:78,ABplpaaa,78,30846,5846,297,291,5805,15.0,209,441,43,433360
ABplpaaa:79,ABplpaaa,79,30122,5122,-790,-762,4778,15.0,204,431,37,331852
ABplpaaaa:80,ABplpaaaa,80,30988,5988,969,704,5495,16.2,173,416,34,211393
ABplpaaaa:81,ABplpaaaa,81,30589,5589,730,764,5384,14.2,177,434,34,183680
ABplpaaaa:82,ABplpaaaa,82,31288,6288,655,664,5794,13.8,195,437,37,227877
ABplpaaaa:83,ABplpaaaa,83,31355,6355,1264,1232,5649,13.1,196,441,37,236309
ABplpaaaa:84,ABplpaaaa,84,29375,4375,-660,-654,3912,14.1,210,447,35,204608
ABplpaaaa:85,ABplpaaaa,85,30019,5019,-847,-839,4431,14.1,211,444,34,212687
ABplpaaaa:86,ABplpaaaa,86,30764,5764,-457,-378,5019,14.2,217,445,38,300875
ABplpaaaa:87,ABplpaaaa,87,29308,4308,-1105,-1062,3826,15.1,226,445,36,263670
ABplpaaaa:88,ABplpaaaa,88,31833,6833,1004,874,6252,16.2,245,445,38,270972
ABplpaaaa:89,ABplpaaaa,89,29767,4767,-1040,-1117,4022,17.2,264,445,38,285923
ABplpaaaa:90,ABplpaaaa,90,29658,4658,-881,-901,3743,17.1,270,445,36,257387
ABplpaaaa:91,ABplpaaaa,91,29992,4992,-1091,-1241,4256,17.1,279,444,36,273805
ABplpaaaa:92,ABplpaaaa,92,31122,6122,392,476,5467,17.2,282,444,38,304868
ABplpaaaa:93,ABplpaaaa,93,29894,4894,-1014,-1157,3631,17.1,274,443,38,334091
ABplpaaaa:94,ABplpaaaa,94,29955,4955,-1423,-1660,3718,17.0,272,439,36,317577
ABplpaaaa:95,ABplpaaaa,95,30319,5319,-1632,-1684,4061,17.0,268,440,36,331366
ABplpaaaa:96,ABplpaaaa,96,30848,5848,-611,-879,4273,17.1,273,441,38,305291
ABplpaaaa:97,ABplpaaaa,97,29960,4960,-1044,-1161,3856,17.0,273,442,39,305984
ABplpaaaa:98,ABplpaaaa,98,29446,4446,-1711,-1614,3037,17.1,273,441,39,320960
ABplpaaaa:99,ABplpaaaa,99,30325,5325,-592,-619,3791,16.2,278,446,39,308182
ABplpaaaa:100,ABplpaaaa,100,30974,5974,-269,-486,4725,17.1,278,439,39,336366
ABplpaaaa:101,ABplpaaaa,101,30288,5288,-1147,-1055,3596,17.1,286,437,39,354482
ABplpaaaa:102,ABplpaaaa,102,30573,5573,-782,-779,4357,17.1,275,437,39,370627
ABplpaaaa:103,ABplpaaaa,103,30708,5708,-615,-771,4499,17.2,272,441,39,375750
ABplpaaaa:104,ABplpaaaa,104,30601,5601,-746,-939,4385,16.2,277,436,39,381527
ABplpaaaa:105,ABplpaaaa,105,30299,5299,-682,-777,4239,17.1,282,438,39,412553
ABplpaaap:80,ABplpaaap,80,30804,5804,620,650,5333,15.0,222,444,36,0
ABplpaaap:81,ABplpaaap,81,30404,5404,-299,-127,4674,15.0,240,451,38,245027
ABplpaaap:82,ABplpaaap,82,31158,6158,198,115,5553,13.1,254,451,29,109600
ABplpaaap:83,ABplpaaap,83,30808,5808,1092,1044,5123,14.3,258,456,29,99557
ABplpaaap:84,ABplpaaap,84,30293,5293,-639,-751,3571,13.9,290,443,35,209155
ABplpaaap:85,ABplpaaap,85,30086,5086,-896,-1008,3974,13.1,290,445,38,265922
ABplpaaap:86,ABplpaaap,86,31040,6040,202,20,5315,15.1,302,446,38,299296
ABplpaaap:87,ABplpaaap,87,30153,5153,-680,-948,3545,15.2,302,444,36,264360
ABplpaaap:88,ABplpaaap,88,30424,5424,-481,-563,3302,16.0,308,441,36,282769
ABplpaaap:89,ABplpaaap,89,31428,6428,513,280,5301,15.1,314,440,38,305434
ABplpaaap:90,ABplpaaap,90,30872,5872,-368,-336,4184,15.0,323,437,38,330405
ABplpaaap:91,ABplpaaap,91,31133,6133,-263,-510,5316,14.2,324,431,38,314821
ABplpaaap:92,ABplpaaap,92,31675,6675,60,-276,5509,15.0,327,430,38,374894
ABplpaaap:93,ABplpaaap,93,30459,5459,-1020,-1196,4401,15.0,321,440,38,355179
ABplpaaap:94,ABplpaaap,94,29385,4385,-1648,-1728,3658,14.3,321,441,38,339711
ABplpaaap:95,ABplpaaap,95,31457,6457,-605,-838,5650,15.0,313,441,38,393776
ABplpaaap:96,ABplpaaap,96,32621,7621,822,578,6688,14.4,314,434,38,297838
ABplpaaap:97,ABplpaaap,97,30806,5806,-703,-1044,4777,15.0,313,439,39,330907
ABplpaaap:98,ABplpaaap,98,30166,5166,-1049,-1165,4311,14.4,308,441,39,297882
ABplpaaap:99,ABplpaaap,99,30589,5589,-813,-984,4570,15.0,314,444,39,349510
ABplpaaap:100,ABplpaaap,100,30879,5879,-1086,-1441,5044,14.3,311,437,39,341718
ABplpaaap:101,ABplpaaap,101,30862,5862,-391,-542,4774,14.4,310,437,39,343719
ABplpaaap:102,ABplpaaap,102,30679,5679,-637,-840,4390,14.4,307,438,39,350720
ABplpaaap:103,ABplpaaap,103,30149,5149,-899,-994,3609,15.2,306,445,39,378772
ABplpaaap:104,ABplpaaap,104,30264,5264,-935,-1198,3808,14.3,305,443,39,395666
ABplpaaap:105,ABplpaaap,105,29194,4194,-2215,-2272,3252,14.1,309,444,39,405082
ABplpaap:60,ABplpaap,60,35139,10139,2427,2469,10106,9.1,290,403,35,205148
ABplpaap:61,ABplpaap,61,35283,10283,2398,2341,10249,9.2,291,407,43,290089
ABplpaap:62,ABplpaap,62,35207,10207,2415,2543,9780,9.1,287,411,43,312343
ABplpaap:63,ABplpaap,63,35395,10395,2101,2092,10173,8.0,278,412,43,343315
ABplpaap:64,ABplpaap,64,33110,8110,-198,-241,7917,8.1,277,412,43,358526
ABplpaap:65,ABplpaap,65,34709,9709,1613,1647,9480,8.1,275,416,43,367188
ABplpaap:66,ABplpaap,66,34193,9193,2127,2061,9003,10.0,271,427,43,316392
ABplpaap:67,ABplpaap,67,35173,10173,3054,3072,9789,10.9,283,426,43,322631
ABplpaap:68,ABplpaap,68,33220,8220,944,978,7896,12.1,287,428,45,358169
ABplpaap:69,ABplpaap,69,32515,7515,126,122,6982,13.1,293,425,45,381036
ABplpaap:70,ABplpaap,70,31767,6767,291,343,6446,15.0,285,428,43,353388
ABplpaap:71,ABplpaap,71,31766,6766,-56,-24,6405,15.2,278,425,47,414096
ABplpaap:72,ABplpaap,72,30816,5816,-980,-997,5108,15.2,274,419,47,442191
ABplpaap:73,ABplpaap,73,31667,6667,-58,-106,6406,15.1,275,417,45,377230
ABplpaap:74,ABplpaap,74,30994,5994,173,61,5836,15.1,281,425,47,475752
ABplpaap:75,ABplpaap,75,30651,5651,-775,-957,5565,15.2,286,426,45,398024
ABplpaap:76,ABplpaap,76,30709,5709,-218,-208,5684,16.1,274,436,43,408434
ABplpaap:77,ABplpaap,77,30483,5483,-173,-143,5441,16.8,274,431,43,389116
ABplpaap:78,ABplpaap,78,29477,4477,-1634,-1644,4449,16.0,267,432,35,246089
ABplpaapa:79,ABplpaapa,79,30097,5097,-1278,-1340,4702,14.9,241,420,28,142016
ABplpaapa:80,ABplpaapa,80,29652,4652,-1139,-1180,3786,15.0,241,421,36,336751
ABplpaapa:81,ABplpaapa,81,32431,7431,966,683,6159,13.3,257,428,29,90527
ABplpaapa:82,ABplpaapa,82,30453,5453,-757,-852,4490,13.9,276,431,37,214003
ABplpaapa:83,ABplpaapa,83,30101,5101,-1089,-1187,3657,14.0,280,439,35,199119
ABplpaapa:84,ABplpaapa,84,29905,4905,-338,-253,3574,17.1,279,449,35,207283
ABplpaapa:85,ABplpaapa,85,30754,5754,88,67,4814,17.9,286,446,34,203647
ABplpaapa:86,ABplpaapa,86,28955,3955,-1913,-2092,2702,19.0,288,442,36,249970
ABplpaapa:87,ABplpaapa,87,30199,5199,-444,-411,3736,18.1,293,441,38,282904
ABplpaapa:88,ABplpaapa,88,31629,6629,1030,1095,5055,18.1,293,441,38,282904
ABplpaapa:89,ABplpaapa,89,29833,4833,-1199,-1163,3136,19.1,317,433,38,291503
ABplpaapa:90,ABplpaapa,90,31515,6515,943,836,4020,18.1,323,435,36,283753
ABplpaapa:91,ABplpaapa,91,30419,5419,51,-13,3481,18.0,329,429,38,335703
ABplpaapa:92,ABplpaapa,92,30201,5201,-596,-341,2385,18.1,333,430,38,349141
ABplpaapa:93,ABplpaapa,93,30058,5058,-658,-691,2681,17.2,331,439,38,341192
ABplpaapa:94,ABplpaapa,94,29864,4864,-846,-920,3641,18.1,326,437,38,358283
ABplpaapa:95,ABplpaapa,95,29538,4538,-1427,-1464,1862,18.1,320,440,38,383105
ABplpaapa:96,ABplpaapa,96,30455,5455,-868,-804,3459,18.1,323,436,38,324166
ABplpaapa:97,ABplpaapa,97,29879,4879,-1097,-1139,2517,18.1,320,436,39,328245
ABplpaapa:98,ABplpaapa,98,31042,6042,223,157,5235,18.2,325,437,39,328574
ABplpaapa:99,ABplpaapa,99,30306,5306,-542,-466,3599,18.2,326,441,39,334393
ABplpaapa:100,ABplpaapa,100,29320,4320,-1840,-1969,3024,18.1,325,438,39,371713
ABplpaapa:101,ABplpaapa,101,31015,6015,421,425,5058,18.1,331,436,39,360718
ABplpaapa:102,ABplpaapa,102,30460,5460,-392,-334,4496,18.2,327,436,39,370481
ABplpaapa:103,ABplpaapa,103,29720,4720,-1134,-1339,3503,18.1,322,441,39,393489
ABplpaapa:104,ABplpaapa,104,30426,5426,-382,-505,4547,17.1,327,438,39,403612
ABplpaapa:105,ABplpaapa,105,30073,5073,-546,-810,4047,17.1,326,436,39,401886
ABplpaapp:79,ABplpaapp,79,28392,3392,-2030,-2163,3252,17.0,287,437,28,128334
ABplpaapp:80,ABplpaapp,80,31300,6300,1564,1380,6060,16.2,295,432,30,126889
ABplpaapp:81,ABplpaapp,81,31251,6251,1034,1113,6104,16.0,311,437,29,83789
ABplpaapp:82,ABplpaapp,82,29597,4597,-307,-344,4483,17.1,329,432,37,185509
ABplpaapp:83,ABplpaapp,83,30457,5457,-88,-51,5348,16.1,329,437,37,201081
ABplpaapp:84,ABplpaapp,84,30289,5289,16,86,5119,17.1,330,431,37,227621
ABplpaapp:85,ABplpaapp,85,30102,5102,-335,-447,4560,17.0,338,431,38,259456
ABplpaapp:86,ABplpaapp,86,29910,4910,-626,-566,4219,18.1,345,424,36,226581
ABplpaapp:87,ABplpaapp,87,29931,4931,-587,-703,4339,17.2,346,424,38,242783
ABplpaapp:88,ABplpaapp,88,29731,4731,-411,-483,4124,17.2,357,422,38,266699
ABplpaapp:89,ABplpaapp,89,29766,4766,-776,-765,4096,17.0,363,421,38,292495
ABplpaapp:90,ABplpaapp,90,29907,4907,-678,-758,4329,16.3,363,413,36,256669
ABplpaapp:91,ABplpaapp,91,30347,5347,-785,-1064,4354,15.2,364,402,36,263142
ABplpaapp:92,ABplpaapp,92,29698,4698,-1392,-1459,3838,16.0,369,404,38,314760
ABplpaapp:93,ABplpaapp,93,29967,4967,-1135,-1440,4431,16.0,366,409,36,305424
ABplpaapp:94,ABplpaapp,94,30141,5141,-940,-1080,4568,15.1,369,411,38,360037
ABplpaapp:95,ABplpaapp,95,29693,4693,-1489,-1749,4014,16.1,364,416,36,334706
ABplpaapp:96,ABplpaapp,96,29838,4838,-1442,-1355,3974,16.1,361,413,36,289411
ABplpaapp:97,ABplpaapp,97,30852,5852,-952,-1072,4565,16.0,362,415,39,320055
ABplpaapp:98,ABplpaapp,98,31279,6279,-117,-324,5524,16.2,363,415,39,309618
ABplpaapp:99,ABplpaapp,99,29900,4900,-1361,-1574,4199,16.1,364,419,39,322651
ABplpaapp:100,ABplpaapp,100,30224,5224,-1915,-2168,3580,16.0,361,414,39,355802
ABplpaapp:101,ABplpaapp,101,30366,5366,-1336,-1468,3837,16.0,364,415,37,315153
ABplpaapp:102,ABplpaapp,102,30370,5370,-1055,-1132,4193,15.1,359,416,39,346792
ABplpaapp:103,ABplpaapp,103,30473,5473,-1063,-1348,4361,15.1,352,419,39,367163
ABplpaapp:104,ABplpaapp,104,30346,5346,-935,-1138,4500,15.1,359,412,39,384067
ABplpaapp:105,ABplpaapp,105,30240,5240,-1702,-1850,4398,14.3,358,416,39,405839
ABplpap:44,ABplpap,44,32199,7199,-1372,-1396,7113,11.8,385,380,58,764205
ABplpap:45,ABplpap,45,35478,10478,2808,2895,10478,12.7,399,375,57,741668
ABplpap:46,ABplpap,46,37669,12669,5176,5304,12413,12.0,401,370,56,642285
ABplpap:47,ABplpap,47,38240,13240,5460,5470,13220,13.0,414,366,55,649918
ABplpap:48,ABplpap,48,38243,13243,5541,5618,12858,13.2,421,372,54,678512
ABplpap:49,ABplpap,49,39135,14135,6503,6498,14079,13.8,419,378,53,643112
ABplpap:50,ABplpap,50,38321,13321,5866,5870,13260,14.1,410,385,52,666478
ABplpap:51,ABplpap,51,38021,13021,5372,5379,12981,13.2,412,390,52,708809
ABplpap:52,ABplpap,52,37141,12141,4873,4872,12115,15.1,411,393,53,700898
ABplpap:53,ABplpap,53,36817,11817,4749,4768,11792,15.0,402,394,51,663707
ABplpap:54,ABplpap,54,36339,11339,4289,4287,11316,14.9,398,398,52,725835
ABplpap:55,ABplpap,55,35670,10670,3495,3495,10655,14.9,379,407,52,743510
ABplpap:56,ABplpap,56,35035,10035,3038,3038,10002,14.2,371,412,52,759418
ABplpap:57,ABplpap,57,34525,9525,2631,2631,9513,13.9,357,417,52,798330
ABplpap:58,ABplpap,58,34270,9270,2421,2432,9214,14.1,347,421,52,808122
ABplpap:59,ABplpap,59,31200,6200,-782,-779,6110,14.8,351,418,51,649662
ABplpapa:60,ABplpapa,60,31001,6001,-362,-277,5886,14.9,311,430,49,435781
ABplpapa:61,ABplpapa,61,32892,7892,1717,1748,7721,14.3,312,435,43,288238
ABplpapa:62,ABplpapa,62,33089,8089,2487,2485,7979,15.1,311,441,43,329433
ABplpapa:63,ABplpapa,63,33200,8200,2633,2644,8172,14.9,297,446,43,368227
ABplpapa:64,ABplpapa,64,31519,6519,846,888,6460,15.0,298,444,43,369215
ABplpapa:65,ABplpapa,65,33485,8485,2738,2739,8251,14.1,297,438,43,392285
ABplpapa:66,ABplpapa,66,31786,6786,922,870,6426,16.0,289,442,43,328359
ABplpapa:67,ABplpapa,67,31552,6552,712,639,6257,17.0,305,435,43,321555
ABplpapa:68,ABplpapa,68,30534,5534,-516,-559,4869,17.1,310,424,43,283583
ABplpapa:69,ABplpapa,69,30839,5839,345,382,5403,19.0,306,422,43,289691
ABplpapa:70,ABplpapa,70,30389,5389,162,148,5019,20.0,305,415,43,302187
ABplpapa:71,ABplpapa,71,29624,4624,-1033,-1082,4411,21.0,298,414,43,319805
ABplpapa:72,ABplpapa,72,30528,5528,-301,-310,5147,20.1,292,413,45,364748
ABplpapa:73,ABplpapa,73,29231,4231,-1490,-1522,3924,21.1,295,412,43,332269
ABplpapa:74,ABplpapa,74,31123,6123,911,866,6016,22.1,296,404,43,333479
ABplpapa:75,ABplpapa,75,28790,3790,-1947,-2047,3760,22.0,298,391,43,313096
ABplpapa:76,ABplpapa,76,29847,4847,-1200,-1196,4821,22.1,292,389,43,323919
ABplpapa:77,ABplpapa,77,30769,5769,678,679,5753,22.9,287,389,43,309072
ABplpapa:78,ABplpapa,78,29500,4500,-393,-430,4496,22.0,289,388,43,321636
ABplpapa:79,ABplpapa,79,28944,3944,-1273,-1273,3868,22.0,289,401,43,346548
ABplpapa:80,ABplpapa,80,29272,4272,-317,-433,4093,22.0,294,404,42,335900
ABplpapa:81,ABplpapa,81,29392,4392,-1245,-1267,4207,21.0,312,397,36,198392
ABplpapaa:82,ABplpapaa,82,29530,4530,-371,-429,3995,21.9,300,400,37,172349
ABplpapaa:83,ABplpapaa,83,29228,4228,-587,-595,3982,21.9,307,385,35,133481
ABplpapaa:84,ABplpapaa,84,28309,3309,-1506,-1512,2961,22.1,314,385,37,171374
ABplpapaa:85,ABplpapaa,85,30518,5518,388,353,5212,22.1,311,370,36,171651
ABplpapaa:86,ABplpapaa,86,30624,5624,734,787,5054,22.2,309,362,36,189913
ABplpapaa:87,ABplpapaa,87,30060,5060,-628,-487,4140,22.1,310,365,38,206044
ABplpapaa:88,ABplpapaa,88,29282,4282,-1308,-1298,3037,22.2,317,364,38,190984
ABplpapaa:89,ABplpapaa,89,29607,4607,-612,-591,3308,22.1,324,367,38,234062
ABplpapaa:90,ABplpapaa,90,29681,4681,-1176,-1313,3265,22.1,317,372,38,228455
ABplpapaa:91,ABplpapaa,91,30506,5506,312,315,4809,23.0,319,373,38,252243
ABplpapaa:92,ABplpapaa,92,29252,4252,-1307,-1279,3023,23.0,315,380,38,288856
ABplpapaa:93,ABplpapaa,93,29938,4938,-155,-330,3743,22.1,309,386,38,287794
ABplpapaa:94,ABplpapaa,94,29283,4283,-1494,-1659,3067,22.2,315,379,36,249269
ABplpapaa:95,ABplpapaa,95,29815,4815,-338,-513,3575,22.1,315,382,38,290217
ABplpapaa:96,ABplpapaa,96,29531,4531,-742,-849,3485,22.0,306,370,38,231456
ABplpapaa:97,ABplpapaa,97,29768,4768,-1197,-1323,3536,22.0,311,369,39,233162
ABplpapaa:98,ABplpapaa,98,29668,4668,-660,-705,3705,22.1,308,373,39,261004
ABplpapaa:99,ABplpapaa,99,29646,4646,-1366,-1516,4058,22.1,308,382,39,278162
ABplpapaa:100,ABplpapaa,100,30785,5785,-304,-339,5266,22.9,309,379,35,204088
ABplpapaa:101,ABplpapaa,101,29381,4381,-1905,-1999,3847,22.1,317,378,37,257087
ABplpapaa:102,ABplpapaa,102,31041,6041,485,516,5097,21.3,315,379,37,253417
ABplpapaa:103,ABplpapaa,103,29738,4738,-1271,-1488,4235,22.0,311,384,39,309696
ABplpapaa:104,ABplpapaa,104,29525,4525,-1374,-1572,4001,22.0,315,381,35,237158
ABplpapaa:105,ABplpapaa,105,29779,4779,-946,-1257,4312,21.1,318,385,37,297867
ABplpapap:82,ABplpapap,82,27974,2974,-2403,-2507,2463,22.1,345,372,37,164383
ABplpapap:83,ABplpapap,83,29214,4214,-773,-671,3684,22.0,350,368,37,166501
ABplpapap:84,ABplpapap,84,29286,4286,-1431,-1407,3970,21.3,354,357,37,138868
ABplpapap:85,ABplpapap,85,29427,4427,-817,-767,4287,22.0,354,343,34,122957
ABplpapap:86,ABplpapap,86,28867,3867,-1248,-1292,3580,22.1,345,333,34,143075
ABplpapap:87,ABplpapap,87,30660,5660,130,134,5016,21.1,345,328,38,170104
ABplpapap:88,ABplpapap,88,30069,5069,-255,-316,4337,20.2,347,334,38,191538
ABplpapap:89,ABplpapap,89,30703,5703,504,305,5274,21.0,345,332,38,213447
ABplpapap:90,ABplpapap,90,30048,5048,-601,-751,4443,21.1,336,336,38,229320
ABplpapap:91,ABplpapap,91,30447,5447,-164,-341,4830,20.1,337,344,36,216356
ABplpapap:92,ABplpapap,92,30973,5973,426,326,5238,20.2,333,351,38,236392
ABplpapap:93,ABplpapap,93,30291,5291,-210,-144,3024,20.1,328,356,38,261321
ABplpapap:94,ABplpapap,94,30907,5907,608,513,4612,20.2,334,355,38,247444
ABplpapap:95,ABplpapap,95,30179,5179,-535,-674,3945,20.1,333,356,38,277027
ABplpapap:96,ABplpapap,96,29755,4755,-857,-1085,3559,20.1,336,353,38,223169
ABplpapap:97,ABplpapap,97,30251,5251,-255,-543,3688,20.2,338,356,39,234566
ABplpapap:98,ABplpapap,98,29510,4510,-784,-924,3522,20.3,333,360,39,234296
ABplpapap:99,ABplpapap,99,30104,5104,-775,-912,4099,20.1,338,364,39,251306
ABplpapap:100,ABplpapap,100,30689,5689,-181,-63,4716,20.2,342,366,39,260223
ABplpapap:101,ABplpapap,101,30068,5068,-721,-742,4027,20.1,348,367,39,287352
ABplpapap:102,ABplpapap,102,30528,5528,143,64,4360,20.1,347,374,39,267810
ABplpapap:103,ABplpapap,103,29902,4902,-971,-1343,3992,20.1,345,373,39,289753
ABplpapap:104,ABplpapap,104,30115,5115,-181,-393,4010,20.1,350,375,39,315935
ABplpapap:105,ABplpapap,105,29178,4178,-1363,-1602,3036,21.0,359,383,37,291357
ABplpapp:60,ABplpapp,60,31470,6470,-431,-470,6401,15.0,363,410,49,473516
ABplpapp:61,ABplpapp,61,32782,7782,1175,1168,7458,15.1,373,408,45,357606
ABplpapp:62,ABplpapp,62,32651,7651,772,803,7249,14.9,372,403,43,328836
ABplpapp:63,ABplpapp,63,32971,7971,1323,1602,7533,14.2,368,409,47,452353
ABplpapp:64,ABplpapp,64,31995,6995,599,688,6620,13.2,370,416,47,455033
ABplpapp:65,ABplpapp,65,32658,7658,1265,1329,7460,13.2,368,415,47,477657
ABplpapp:66,ABplpapp,66,32893,7893,1523,1527,7774,13.4,358,421,47,381155
ABplpapp:67,ABplpapp,67,31182,6182,-559,-422,5754,14.2,372,413,45,340007
ABplpapp:68,ABplpapp,68,31541,6541,310,367,5733,14.3,376,411,47,387929
ABplpapp:69,ABplpapp,69,30589,5589,-423,-362,5022,16.1,374,413,47,410696
ABplpapp:70,ABplpapp,70,31501,6501,580,583,6044,17.1,365,414,47,430324
ABplpapp:71,ABplpapp,71,30932,5932,310,299,5206,19.0,357,410,43,347080
ABplpapp:72,ABplpapp,72,30517,5517,-133,-159,4502,19.1,355,404,45,352706
ABplpapp:73,ABplpapp,73,30167,5167,-510,-577,4759,20.0,356,401,47,428294
ABplpapp:74,ABplpapp,74,30076,5076,-596,-412,4607,20.0,349,396,47,420072
ABplpapp:75,ABplpapp,75,30687,5687,-98,-156,5207,20.1,355,399,47,427384
ABplpapp:76,ABplpapp,76,30170,5170,-670,-614,4851,21.0,350,394,47,448691
ABplpapp:77,ABplpapp,77,29812,4812,-544,-524,4591,21.0,350,394,47,460155
ABplpapp:78,ABplpapp,78,29074,4074,-1103,-1063,3874,21.1,349,390,47,457432
ABplpapp:79,ABplpapp,79,28978,3978,-1116,-1129,3436,20.1,354,383,37,288908
ABplpappa:80,ABplpappa,80,30845,5845,497,375,5588,20.1,342,399,38,247845
ABplpappa:81,ABplpappa,81,30644,5644,275,270,5534,21.1,368,391,40,189674
ABplpappa:82,ABplpappa,82,30241,5241,146,-115,4949,21.1,377,368,41,180799
ABplpappa:83,ABplpappa,83,30349,5349,530,398,4858,22.0,383,368,35,114153
ABplpappa:84,ABplpappa,84,29350,4350,-785,-995,3608,21.1,387,373,39,177819
ABplpappa:85,ABplpappa,85,30050,5050,549,568,3771,21.0,385,372,34,129459
ABplpappa:86,ABplpappa,86,29857,4857,-173,-263,4248,21.1,381,366,38,187693
ABplpappa:87,ABplpappa,87,29923,4923,-827,-885,4604,22.1,373,368,38,191923
ABplpappa:88,ABplpappa,88,29784,4784,-727,-701,4382,22.0,376,361,38,197285
ABplpappa:89,ABplpappa,89,29563,4563,-614,-602,3960,21.2,385,354,38,199734
ABplpappa:90,ABplpappa,90,29638,4638,-794,-864,4400,22.0,375,353,38,209147
ABplpappa:91,ABplpappa,91,29518,4518,-926,-1053,3967,21.2,372,342,38,193867
ABplpappa:92,ABplpappa,92,30454,5454,-225,-258,4770,22.0,363,342,38,224153
ABplpappa:93,ABplpappa,93,29513,4513,-847,-913,3948,22.1,358,355,38,218869
ABplpappa:94,ABplpappa,94,30545,5545,265,162,5154,23.0,366,353,38,235102
ABplpappa:95,ABplpappa,95,29849,4849,-629,-570,4491,22.0,369,346,38,233207
ABplpappa:96,ABplpappa,96,29475,4475,-1359,-1420,3703,22.1,362,342,38,181160
ABplpappa:97,ABplpappa,97,29569,4569,-718,-750,3808,21.2,364,340,39,183882
ABplpappa:98,ABplpappa,98,29812,4812,-827,-901,4101,22.1,364,332,39,202973
ABplpappa:99,ABplpappa,99,31319,6319,1001,968,5633,22.1,359,335,39,200340
ABplpappa:100,ABplpappa,100,29487,4487,-946,-1124,3701,22.1,354,330,39,209337
ABplpappa:101,ABplpappa,101,30311,5311,-241,-274,3764,21.1,356,334,39,229825
ABplpappa:102,ABplpappa,102,28772,3772,-2031,-2070,2914,22.1,357,334,39,237351
ABplpappa:103,ABplpappa,103,29222,4222,-1554,-1759,3166,22.1,354,339,39,227748
ABplpappa:104,ABplpappa,104,28117,3117,-2501,-2565,1657,21.2,347,336,39,235038
ABplpappa:105,ABplpappa,105,30074,5074,-478,-569,3883,21.1,353,338,37,226776
ABplpappp:80,ABplpappp,80,29599,4599,-248,-235,4407,20.2,382,354,40,241002
ABplpappp:81,ABplpappp,81,29970,4970,316,337,4272,21.0,394,350,29,71151
ABplpappp:82,ABplpappp,82,30346,5346,634,701,4814,21.9,411,331,37,152543
ABplpappp:83,ABplpappp,83,28482,3482,-1159,-1175,2890,21.9,411,324,35,123929
ABplpappp:84,ABplpappp,84,30009,5009,-100,-95,4212,21.2,418,327,37,153739
ABplpappp:85,ABplpappp,85,29186,4186,-658,-659,3541,20.1,421,327,36,158096
ABplpappp:86,ABplpappp,86,29298,4298,-715,-773,3944,21.1,419,330,38,198673
ABplpappp:87,ABplpappp,87,30106,5106,-304,-297,4465,20.2,411,335,38,213450
ABplpappp:88,ABplpappp,88,28977,3977,-1079,-1216,3095,20.1,415,328,38,224910
ABplpappp:89,ABplpappp,89,29002,4002,-840,-838,3533,21.1,413,315,38,198515
ABplpappp:90,ABplpappp,90,29537,4537,-559,-549,4147,21.1,409,318,38,210347
ABplpappp:91,ABplpappp,91,29544,4544,-879,-1183,4174,21.2,410,326,38,221716
ABplpappp:92,ABplpappp,92,29468,4468,-715,-892,4170,22.0,404,331,38,232951
ABplpappp:93,ABplpappp,93,30171,5171,192,58,4995,22.1,401,332,38,246825
ABplpappp:94,ABplpappp,94,29384,4384,-1233,-1265,4075,22.1,403,330,38,234529
ABplpappp:95,ABplpappp,95,29606,4606,-1327,-1471,3836,22.1,415,343,38,288754
ABplpappp:96,ABplpappp,96,29814,4814,-739,-968,3857,22.2,411,337,38,238862
ABplpappp:97,ABplpappp,97,29775,4775,-835,-989,4348,22.1,411,335,39,232134
ABplpappp:98,ABplpappp,98,29295,4295,-828,-914,3800,23.0,407,327,39,245433
ABplpappp:99,ABplpappp,99,30838,5838,340,259,4786,22.3,408,330,39,228542
ABplpappp:100,ABplpappp,100,28733,3733,-1786,-1844,3158,22.3,401,324,39,215960
ABplpappp:101,ABplpappp,101,29926,4926,-665,-749,4387,23.0,407,321,39,249113
ABplpappp:102,ABplpappp,102,30150,5150,-583,-687,4718,23.0,398,319,39,238237
ABplpappp:103,ABplpappp,103,29715,4715,-1047,-1172,3713,22.2,398,322,39,234017
ABplpappp:104,ABplpappp,104,30188,5188,-260,-414,4274,22.1,401,312,39,235007
ABplpappp:105,ABplpappp,105,30229,5229,-595,-618,4874,22.1,406,308,39,235536
ABplpp:31,ABplpp,31,31357,6357,-2947,-3259,6352,9.2,384,345,59,728299
ABplpp:32,ABplpp,32,32546,7546,-926,-955,7546,10.6,412,349,60,816116
ABplpp:33,ABplpp,33,33148,8148,-508,-511,8148,10.6,428,349,59,808488
ABplpp:34,ABplpp,34,33853,8853,-27,-26,8853,9.8,450,330,59,947619
ABplpp:35,ABplpp,35,35224,10224,1080,1080,10224,8.8,452,325,58,1103891
ABplpp:36,ABplpp,36,35711,10711,935,935,10711,8.8,454,325,58,1169142
ABplpp:37,ABplpp,37,37755,12755,3153,3153,12755,8.9,442,325,58,1251592
ABplpp:38,ABplpp,38,37686,12686,2777,2777,12686,8.6,441,317,58,1223611
ABplpp:39,ABplpp,39,38595,13595,4131,4127,13595,9.0,427,329,58,1310992
ABplpp:40,ABplpp,40,38771,13771,3858,3911,13771,9.0,425,335,58,1332415
ABplpp:41,ABplpp,41,39417,14417,4773,4785,14417,8.9,437,335,58,1316227
ABplpp:42,ABplpp,42,38436,13436,4528,4518,13436,9.6,435,339,58,1295352
ABplpp:43,ABplpp,43,34891,9891,531,523,9891,9.5,440,340,58,946632
ABplppa:44,ABplppa,44,31929,6929,-3704,-3810,6808,7.2,436,343,38,329906
ABplppa:45,ABplppa,45,38040,13040,2371,2411,13030,6.8,414,338,57,692023
ABplppa:46,ABplppa,46,42685,17685,7147,7164,17660,6.2,402,339,52,513879
ABplppa:47,ABplppa,47,41036,16036,5383,5366,16029,6.2,401,341,55,619002
ABplppa:48,ABplppa,48,40887,15887,5329,5396,15887,7.0,418,348,54,695460
ABplppa:49,ABplppa,49,40476,15476,4924,4940,15476,7.0,417,344,53,661402
ABplppa:50,ABplppa,50,40511,15511,4972,4988,15511,7.2,409,352,52,671981
ABplppa:51,ABplppa,51,40870,15870,5124,5060,15870,7.1,415,347,52,690032
ABplppa:52,ABplppa,52,39600,14600,4053,4003,14595,7.2,409,361,51,649081
ABplppa:53,ABplppa,53,39727,14727,4043,3987,14717,7.1,398,362,51,670901
ABplppa:54,ABplppa,54,38651,13651,3441,3399,13649,7.3,390,364,52,701453
ABplppa:55,ABplppa,55,38037,13037,3283,3279,13037,7.3,371,372,52,720572
ABplppa:56,ABplppa,56,37347,12347,2270,2293,12347,7.2,353,379,52,730838
ABplppa:57,ABplppa,57,36485,11485,1595,1566,11485,6.9,349,376,52,717437
ABplppa:58,ABplppa,58,35904,10904,1765,1764,10903,7.9,359,386,52,789179
ABplppa:59,ABplppa,59,34819,9819,720,708,9819,8.2,348,388,51,735570
ABplppa:60,ABplppa,60,32621,7621,-819,-900,7512,9.1,343,388,49,598775
ABplppa:61,ABplppa,61,33679,8679,361,234,8672,8.2,349,391,49,453913
ABplppaa:62,ABplppaa,62,34733,9733,1985,2058,9350,8.1,325,411,35,236017
ABplppaa:63,ABplppaa,63,34609,9609,1412,1673,9359,7.9,320,411,43,349422
ABplppaa:64,ABplppaa,64,32726,7726,-902,-888,7546,7.1,318,408,43,365434
ABplppaa:65,ABplppaa,65,34386,9386,124,127,9181,7.0,316,408,43,376104
ABplppaa:66,ABplppaa,66,33693,8693,1253,1214,8545,7.9,313,420,43,321379
ABplppaa:67,ABplppaa,67,33409,8409,628,855,8082,8.2,317,421,43,340584
ABplppaa:68,ABplppaa,68,32769,7769,327,425,7456,9.9,325,424,43,356533
ABplppaa:69,ABplppaa,69,32276,7276,403,475,6908,10.9,326,431,43,357237
ABplppaa:70,ABplppaa,70,31715,6715,403,408,6609,12.0,323,431,43,377143
ABplppaa:71,ABplppaa,71,32443,7443,449,434,7290,13.0,320,430,43,380771
ABplppaa:72,ABplppaa,72,32206,7206,1067,1061,7004,14.9,316,430,43,383989
ABplppaa:73,ABplppaa,73,31382,6382,443,472,6317,15.2,324,427,43,396850
ABplppaa:74,ABplppaa,74,30102,5102,-819,-861,5008,15.9,330,431,43,414570
ABplppaa:75,ABplppaa,75,30651,5651,-800,-868,5479,16.0,333,423,43,407157
ABplppaa:76,ABplppaa,76,30444,5444,-575,-528,5369,17.0,329,421,43,394142
ABplppaa:77,ABplppaa,77,31130,6130,381,325,6058,17.0,330,426,43,396561
ABplppaa:78,ABplppaa,78,29704,4704,-375,-347,4604,17.1,320,424,43,373758
ABplppaa:79,ABplppaa,79,29830,4830,-516,-596,4689,17.0,329,429,43,416428
ABplppaa:80,ABplppaa,80,29252,4252,-1297,-1203,3784,16.0,332,429,42,460247
ABplppaa:81,ABplppaa,81,29885,4885,-738,-696,4621,16.1,350,426,40,327442
ABplppaa:82,ABplppaa,82,29598,4598,-725,-789,4253,16.2,366,410,39,302414
ABplppaa:83,ABplppaa,83,30404,5404,-147,-212,5064,17.0,363,405,35,244695
ABplppaa:84,ABplppaa,84,30294,5294,-335,-389,4991,17.0,359,398,39,267462
ABplppaaa:85,ABplppaaa,85,29246,4246,-1152,-1200,3284,19.1,346,409,34,174385
ABplppaaa:86,ABplppaaa,86,30695,5695,679,724,4880,20.0,346,399,36,202264
ABplppaaa:87,ABplppaaa,87,29626,4626,-800,-742,3782,20.1,351,406,38,248767
ABplppaaa:88,ABplppaaa,88,29172,4172,-1185,-1332,2638,20.1,359,410,34,193463
ABplppaaa:89,ABplppaaa,89,29564,4564,-388,-547,3099,20.1,360,409,34,207874
ABplppaaa:90,ABplppaaa,90,29690,4690,-120,-171,3392,20.0,361,402,34,207717
ABplppaaa:91,ABplppaaa,91,29617,4617,-625,-556,2494,18.1,368,397,36,271998
ABplppaaa:92,ABplppaaa,92,29478,4478,-274,-138,2453,19.0,371,398,36,286777
ABplppaaa:93,ABplppaaa,93,28789,3789,-1171,-1010,1679,19.0,370,402,36,301598
ABplppaaa:94,ABplppaaa,94,29276,4276,-838,-707,2002,18.1,368,404,29,160855
ABplppaaa:95,ABplppaaa,95,29226,4226,-873,-965,2442,19.0,363,406,36,327134
ABplppaaa:96,ABplppaaa,96,29699,4699,-1196,-1305,3194,19.0,356,401,34,226945
ABplppaaa:97,ABplppaaa,97,30116,5116,-901,-948,3388,18.1,357,399,37,281221
ABplppaaa:98,ABplppaaa,98,29790,4790,-1125,-1080,3154,18.2,354,396,37,253644
ABplppaaa:99,ABplppaaa,99,29324,4324,-1126,-1314,3173,18.2,357,395,37,261178
ABplppaaa:100,ABplppaaa,100,31579,6579,669,505,4895,18.1,354,398,35,243330
ABplppaaa:101,ABplppaaa,101,30824,5824,9,-13,4191,18.1,358,397,35,242130
ABplppaaa:102,ABplppaaa,102,30407,5407,-589,-652,3529,18.1,351,402,35,252223
ABplppaaa:103,ABplppaaa,103,29259,4259,-1699,-1872,2398,18.1,349,405,37,311017
ABplppaaa:104,ABplppaaa,104,29688,4688,-747,-900,2219,18.1,355,399,37,336878
ABplppaaa:105,ABplppaaa,105,30041,5041,-880,-1066,3305,18.0,359,404,37,349979
ABplppaap:85,ABplppaap,85,30298,5298,-181,-142,3340,17.1,393,378,34,179327
ABplppaap:86,ABplppaap,86,29378,4378,-885,-739,1973,17.0,395,370,36,222231
ABplppaap:87,ABplppaap,87,29428,4428,-1353,-1591,2832,17.0,393,375,34,206847
ABplppaap:88,ABplppaap,88,29515,4515,-1328,-1505,3476,17.2,393,373,36,230286
ABplppaap:89,ABplppaap,89,30003,5003,-356,-263,3044,17.1,396,369,36,252240
ABplppaap:90,ABplppaap,90,30161,5161,-666,-818,3496,17.1,398,367,38,273593
ABplppaap:91,ABplppaap,91,29373,4373,-1514,-1682,3289,17.1,401,367,38,274121
ABplppaap:92,ABplppaap,92,31673,6673,1074,1070,6054,17.2,406,371,38,267995
ABplppaap:93,ABplppaap,93,30235,5235,-457,-558,4142,17.2,401,369,38,299241
ABplppaap:94,ABplppaap,94,30319,5319,240,298,4034,17.2,400,370,38,297120
ABplppaap:95,ABplppaap,95,29479,4479,-1309,-1476,3225,17.2,398,380,38,311493
ABplppaap:96,ABplppaap,96,29416,4416,-1500,-1649,3891,18.0,394,380,34,195928
ABplppaap:97,ABplppaap,97,29808,4808,-774,-836,3701,18.0,403,377,39,256417
ABplppaap:98,ABplppaap,98,30480,5480,-278,-378,4851,18.3,397,379,39,245208
ABplppaap:99,ABplppaap,99,30203,5203,-64,-81,4547,19.0,396,386,39,273148
ABplppaap:100,ABplppaap,100,30517,5517,83,84,4784,19.1,390,385,39,281442
ABplppaap:101,ABplppaap,101,30280,5280,-296,-246,4545,19.1,394,386,39,269920
ABplppaap:102,ABplppaap,102,31489,6489,1237,1213,5644,19.2,391,388,39,282031
ABplppaap:103,ABplppaap,103,30649,5649,209,30,5123,19.2,388,396,39,290096
ABplppaap:104,ABplppaap,104,30144,5144,151,292,4282,19.2,389,391,39,312956
ABplppaap:105,ABplppaap,105,29537,4537,-919,-1119,3440,20.1,392,391,39,332323
ABplppap:62,ABplppap,62,33580,8580,1060,1074,8256,8.9,372,376,43,326436
ABplppap:63,ABplppap,63,33708,8708,377,228,8484,8.1,376,375,43,348681
ABplppap:64,ABplppap,64,34544,9544,847,786,9226,8.0,383,371,43,364439
ABplppap:65,ABplppap,65,33959,8959,172,46,8690,7.9,379,371,43,388908
ABplppap:66,ABplppap,66,33801,8801,677,659,8731,8.0,372,382,43,322335
ABplppap:67,ABplppap,67,32568,7568,113,74,7396,9.0,376,388,43,354474
ABplppap:68,ABplppap,68,32681,7681,451,388,7320,9.9,375,389,43,349250
ABplppap:69,ABplppap,69,31789,6789,-224,-291,6445,11.0,374,392,43,354836
ABplppap:70,ABplppap,70,31379,6379,-982,-1080,5885,12.0,372,394,43,372165
ABplppap:71,ABplppap,71,31857,6857,-259,-496,6204,13.9,366,398,43,405649
ABplppap:72,ABplppap,72,30240,5240,-1132,-1150,4442,14.9,361,393,43,379099
ABplppap:73,ABplppap,73,30198,5198,-1395,-1568,4001,15.0,363,384,43,382853
ABplppap:74,ABplppap,74,31410,6410,-88,-147,5248,14.9,364,383,43,391671
ABplppap:75,ABplppap,75,29973,4973,-1835,-1955,3876,15.0,370,384,43,416041
ABplppap:76,ABplppap,76,29944,4944,-1331,-1560,3418,15.1,373,386,45,468170
ABplppap:77,ABplppap,77,30477,5477,-913,-995,4140,14.9,376,387,43,439858
ABplppap:78,ABplppap,78,30452,5452,-732,-921,4744,15.0,372,393,47,576188
ABplppap:79,ABplppap,79,30526,5526,-339,-462,5094,15.0,362,397,43,455514
ABplppap:80,ABplppap,80,30085,5085,-859,-923,4739,15.1,373,383,42,460557
ABplppap:81,ABplppap,81,29878,4878,-1106,-1149,4139,14.0,393,366,42,361316
ABplppap:82,ABplppap,82,29365,4365,-1163,-1163,3610,15.0,408,358,31,199887
ABplppapa:83,ABplppapa,83,30251,5251,-297,-297,4946,15.1,390,361,33,170819
ABplppapa:84,ABplppapa,84,30047,5047,-231,-241,4436,15.0,391,366,35,169429
ABplppapa:85,ABplppapa,85,30321,5321,-554,-772,3959,15.0,398,363,34,184625
ABplppapa:86,ABplppapa,86,29848,4848,-1114,-1378,3933,15.1,402,360,36,243355
ABplppapa:87,ABplppapa,87,30053,5053,-1121,-1402,3085,14.3,403,371,36,257885
ABplppapa:88,ABplppapa,88,30889,5889,24,3,4226,14.3,409,382,36,241760
ABplppapa:89,ABplppapa,89,30165,5165,-410,-478,3603,14.2,406,369,36,262334
ABplppapa:90,ABplppapa,90,30390,5390,-695,-934,3784,14.4,409,372,36,257460
ABplppapa:91,ABplppapa,91,29904,4904,-1602,-1927,3215,14.2,415,358,36,289302
ABplppapa:92,ABplppapa,92,30120,5120,-1704,-1871,3280,14.3,423,354,38,304264
ABplppapa:93,ABplppapa,93,30131,5131,-1187,-1200,3078,15.1,419,361,34,244395
ABplppapa:94,ABplppapa,94,30120,5120,-670,-747,3441,15.1,416,361,36,302694
ABplppapa:95,ABplppapa,95,30113,5113,-1391,-1701,3823,15.0,413,366,34,269784
ABplppapa:96,ABplppapa,96,30050,5050,-903,-962,3904,15.2,416,361,36,247058
ABplppapa:97,ABplppapa,97,30056,5056,-1515,-1651,3709,16.0,422,370,39,290741
ABplppapa:98,ABplppapa,98,29586,4586,-1450,-1567,3339,16.1,423,369,37,256874
ABplppapa:99,ABplppapa,99,30266,5266,-1299,-1462,4473,16.1,420,374,37,258074
ABplppapa:100,ABplppapa,100,29808,4808,-1268,-1267,4355,16.2,416,370,39,292526
ABplppapa:101,ABplppapa,101,30727,5727,-667,-822,4970,17.1,422,370,39,316978
ABplppapa:102,ABplppapa,102,30075,5075,-1271,-1260,4001,17.2,413,374,39,303811
ABplppapa:103,ABplppapa,103,29505,4505,-1401,-1290,3684,17.0,412,380,39,322553
ABplppapa:104,ABplppapa,104,30378,5378,-500,-644,4616,17.1,414,377,39,315933
ABplppapa:105,ABplppapa,105,30596,5596,-529,-569,5057,17.0,414,380,39,331537
ABplppapp:83,ABplppapp,83,30676,5676,-813,-759,4288,14.3,440,345,33,155646
ABplppapp:84,ABplppapp,84,31372,6372,245,230,4342,14.1,445,343,33,161436
ABplppapp:85,ABplppapp,85,30144,5144,-1813,-1965,4035,14.0,453,329,34,202908
ABplppapp:86,ABplppapp,86,29630,4630,-1708,-1849,3626,14.0,459,318,34,206907
ABplppapp:87,ABplppapp,87,30001,5001,-1506,-1643,3327,13.9,455,326,34,221782
ABplppapp:88,ABplppapp,88,30110,5110,-1124,-1440,4221,13.9,454,329,34,220839
ABplppapp:89,ABplppapp,89,30862,5862,-52,-52,4993,14.1,454,333,36,257605
ABplppapp:90,ABplppapp,90,30036,5036,-798,-843,4130,14.2,452,332,36,253213
ABplppapp:91,ABplppapp,91,30827,5827,-759,-816,4969,14.1,461,323,36,268423
ABplppapp:92,ABplppapp,92,30894,5894,-836,-845,5028,14.2,465,325,34,236620
ABplppapp:93,ABplppapp,93,32492,7492,857,723,6606,14.3,463,328,36,274525
ABplppapp:94,ABplppapp,94,31048,6048,-275,-351,5157,14.3,456,334,36,282139
ABplppapp:95,ABplppapp,95,30882,5882,-1296,-1354,4911,14.2,458,336,36,300461
ABplppapp:96,ABplppapp,96,30848,5848,-1496,-1414,4714,14.9,459,334,34,236356
ABplppapp:97,ABplppapp,97,31126,6126,-600,-576,4921,14.4,459,334,37,245921
ABplppapp:98,ABplppapp,98,30649,5649,-721,-756,4466,15.1,458,335,39,327653
ABplppapp:99,ABplppapp,99,29710,4710,-1879,-2095,3374,15.2,459,343,39,318859
ABplppapp:100,ABplppapp,100,31495,6495,298,261,5357,15.3,460,344,39,326224
ABplppapp:101,ABplppapp,101,30173,5173,-1239,-1304,3343,15.3,466,345,37,306043
ABplppapp:102,ABplppapp,102,31109,6109,-130,-538,4677,16.1,458,354,39,355261
ABplppapp:103,ABplppapp,103,29451,4451,-1221,-1625,3010,16.0,460,356,39,368180
ABplppapp:104,ABplppapp,104,29999,4999,-1120,-1339,3546,16.0,460,353,39,368180
ABplppapp:105,ABplppapp,105,30714,5714,-128,-587,4800,16.1,460,350,39,368180
ABplppp:44,ABplppp,44,32830,7830,-1522,-1575,7606,11.0,466,328,50,627307
ABplppp:45,ABplppp,45,36496,11496,3977,4033,11496,11.6,470,325,57,694684
ABplppp:46,ABplppp,46,38869,13869,6544,6545,13864,12.1,482,321,56,637912
ABplppp:47,ABplppp,47,39706,14706,7523,7523,14704,12.0,497,319,55,663414
ABplppp:48,ABplppp,48,40107,15107,7855,7855,15098,12.9,491,322,54,718763
ABplppp:49,ABplppp,49,39448,14448,7490,7490,14447,13.8,490,329,53,670257
ABplppp:50,ABplppp,50,38847,13847,6424,6424,13841,13.9,479,336,52,686368
ABplppp:51,ABplppp,51,39042,14042,6848,6848,14040,14.1,481,335,52,703186
ABplppp:52,ABplppp,52,37263,12263,5402,5402,12263,14.9,479,337,51,619115
ABplppp:53,ABplppp,53,38172,13172,6239,6239,13172,14.0,476,340,51,658674
ABplppp:54,ABplppp,54,35762,10762,3596,3596,10760,12.8,472,346,52,713130
ABplppp:55,ABplppp,55,36546,11546,4173,4174,11546,12.0,453,361,52,716254
ABplppp:56,ABplppp,56,37653,12653,5093,5087,12653,11.1,437,367,52,749844
ABplppp:57,ABplppp,57,35115,10115,3097,3106,10115,11.1,424,374,52,771982
ABplppp:58,ABplppp,58,33411,8411,1769,1763,8411,12.9,415,380,52,777950
ABplppp:59,ABplppp,59,31624,6624,-349,-349,6620,12.9,409,372,51,607072
ABplpppa:60,ABplpppa,60,31885,6885,-1188,-1196,6734,11.2,391,384,35,222938
ABplpppa:61,ABplpppa,61,33369,8369,1361,1246,8126,12.0,400,385,43,334951
ABplpppa:62,ABplpppa,62,33466,8466,1370,1444,7767,12.1,402,382,43,356806
ABplpppa:63,ABplpppa,63,34720,9720,3056,3039,9001,12.9,399,387,43,349636
ABplpppa:64,ABplpppa,64,32095,7095,476,468,6161,12.1,399,394,43,383038
ABplpppa:65,ABplpppa,65,32363,7363,261,200,6688,12.1,400,389,43,378323
ABplpppa:66,ABplpppa,66,31923,6923,-39,-175,6533,13.0,399,395,43,312626
ABplpppa:67,ABplpppa,67,30968,5968,-986,-1014,5506,13.0,408,389,43,324193
ABplpppa:68,ABplpppa,68,31333,6333,-285,-226,6035,13.1,413,389,43,308941
ABplpppa:69,ABplpppa,69,31864,6864,501,421,6373,13.9,405,385,43,327726
ABplpppa:70,ABplpppa,70,31209,6209,-91,-55,5679,14.0,404,388,43,335360
ABplpppa:71,ABplpppa,71,30242,5242,-882,-766,4706,15.0,399,390,43,336242
ABplpppa:72,ABplpppa,72,31548,6548,818,850,6362,16.0,401,393,43,316051
ABplpppa:73,ABplpppa,73,30027,5027,-583,-554,4902,16.1,407,391,43,345024
ABplpppa:74,ABplpppa,74,30470,5470,-54,-65,5355,17.9,403,394,43,361290
ABplpppa:75,ABplpppa,75,30129,5129,-635,-747,4980,18.1,407,385,43,351884
ABplpppa:76,ABplpppa,76,29318,4318,-1216,-1261,4129,18.1,407,390,43,379124
ABplpppa:77,ABplpppa,77,30655,5655,-262,-405,5443,18.1,412,386,43,383292
ABplpppa:78,ABplpppa,78,30400,5400,466,474,5257,18.9,407,387,43,386729
ABplpppa:79,ABplpppa,79,30235,5235,-704,-799,5179,17.1,413,384,43,416068
ABplpppa:80,ABplpppa,80,29644,4644,-1343,-1350,4505,17.1,425,369,36,320082
ABplpppaa:81,ABplpppaa,81,30050,5050,-227,-242,4713,18.0,417,382,32,142772
ABplpppaa:82,ABplpppaa,82,29899,4899,177,191,4506,19.9,428,366,37,162484
ABplpppaa:83,ABplpppaa,83,29467,4467,-479,-469,4183,19.8,430,368,35,123506
ABplpppaa:84,ABplpppaa,84,29854,4854,-240,-248,4494,18.2,433,371,35,141823
ABplpppaa:85,ABplpppaa,85,29545,4545,-1235,-1261,4281,17.9,438,371,34,162065
ABplpppaa:86,ABplpppaa,86,29294,4294,-592,-459,3943,18.1,438,368,36,221468
ABplpppaa:87,ABplpppaa,87,30566,5566,-397,-540,5105,17.1,436,373,36,228714
ABplpppaa:88,ABplpppaa,88,29745,4745,-817,-1040,4005,17.0,437,371,36,243512
ABplpppaa:89,ABplpppaa,89,30345,5345,-81,-225,4876,17.1,439,372,36,233358
ABplpppaa:90,ABplpppaa,90,29620,4620,-876,-975,4076,17.2,443,368,36,230911
ABplpppaa:91,ABplpppaa,91,30368,5368,-729,-1029,4663,16.3,447,366,38,241347
ABplpppaa:92,ABplpppaa,92,29891,4891,-1324,-1169,4307,17.0,453,366,34,212953
ABplpppaa:93,ABplpppaa,93,29838,4838,-1141,-1225,4167,17.2,450,366,36,247805
ABplpppaa:94,ABplpppaa,94,29723,4723,-1092,-1090,3951,18.0,453,362,38,290632
ABplpppaa:95,ABplpppaa,95,31325,6325,293,144,5533,17.1,452,364,38,317219
ABplpppaa:96,ABplpppaa,96,31244,6244,395,415,5299,17.3,453,361,38,240653
ABplpppaa:97,ABplpppaa,97,31592,6592,572,527,5473,17.3,464,356,39,279342
ABplpppaa:98,ABplpppaa,98,30661,5661,-47,-177,4527,18.0,461,354,37,283015
ABplpppaa:99,ABplpppaa,99,30278,5278,-847,-967,3933,18.1,466,354,39,324742
ABplpppaa:100,ABplpppaa,100,29713,4713,-1337,-1318,1937,18.1,466,352,39,324742
ABplpppaa:101,ABplpppaa,101,29955,4955,-1108,-1390,2760,18.1,465,350,39,324742
ABplpppaa:102,ABplpppaa,102,29615,4615,-1584,-1599,1702,18.0,465,348,39,324742
ABplpppaa:103,ABplpppaa,103,29490,4490,-844,-954,2418,18.0,464,346,39,324742
ABplpppaa:104,ABplpppaa,104,29362,4362,-1621,-1645,1983,18.0,463,343,39,394083
ABplpppaa:105,ABplpppaa,105,29360,4360,-1830,-1953,766,18.0,459,345,39,401497
ABplpppap:81,ABplpppap,81,29567,4567,-967,-937,3421,16.2,460,347,32,152702
ABplpppap:82,ABplpppap,82,30326,5326,-533,-514,4697,17.1,476,337,35,163366
ABplpppap:83,ABplpppap,83,29541,4541,-1076,-1076,4340,17.8,486,340,35,146290
ABplpppap:84,ABplpppap,84,29987,4987,-237,-218,4521,17.0,488,337,37,201350
ABplpppap:85,ABplpppap,85,29227,4227,-826,-712,3620,16.0,496,341,34,164919
ABplpppap:86,ABplpppap,86,29212,4212,-1661,-1663,3669,16.0,497,339,34,186769
ABplpppap:87,ABplpppap,87,30791,5791,438,427,4890,16.0,494,341,36,235181
ABplpppap:88,ABplpppap,88,29755,4755,-953,-928,3029,15.3,488,338,36,251753
ABplpppap:89,ABplpppap,89,30943,5943,409,504,4878,16.2,491,339,38,273554
ABplpppap:90,ABplpppap,90,29882,4882,-852,-799,3637,16.2,491,333,38,305948
ABplpppap:91,ABplpppap,91,30849,5849,41,82,4573,17.0,495,335,34,222139
ABplpppap:92,ABplpppap,92,30659,5659,-100,9,4339,16.2,496,334,36,263809
ABplpppap:93,ABplpppap,93,29826,4826,-856,-700,3808,17.0,490,338,34,248885
ABplpppap:94,ABplpppap,94,30544,5544,-448,-505,4190,17.0,493,333,36,312767
ABplpppap:95,ABplpppap,95,31385,6385,250,266,5498,17.1,494,338,36,319355
ABplpppap:96,ABplpppap,96,29653,4653,-1540,-1437,3185,17.2,491,330,36,254862
ABplpppap:97,ABplpppap,97,30636,5636,-559,-567,4696,17.4,500,324,37,261037
ABplpppap:98,ABplpppap,98,30766,5766,-419,-515,4827,18.1,497,323,37,273488
ABplpppap:99,ABplpppap,99,29189,4189,-1503,-1552,3458,19.0,496,320,35,235987
ABplpppap:100,ABplpppap,100,29666,4666,-1449,-1494,3867,19.0,490,320,35,241176
ABplpppap:101,ABplpppap,101,29589,4589,-1661,-1678,3999,19.2,498,317,37,293736
ABplpppap:102,ABplpppap,102,29444,4444,-2084,-2025,4110,20.0,492,317,35,256329
ABplpppap:103,ABplpppap,103,30404,5404,-397,-380,5082,20.2,493,316,39,334268
ABplpppap:104,ABplpppap,104,30499,5499,-461,-558,5064,20.3,491,303,37,300850
ABplpppap:105,ABplpppap,105,30521,5521,-549,-619,5393,21.1,494,307,37,318086
ABplpppp:60,ABplpppp,60,32009,7009,-220,-220,6999,12.1,446,360,35,218730
ABplpppp:61,ABplpppp,61,33809,8809,2377,2379,8804,12.0,456,355,41,286513
ABplpppp:62,ABplpppp,62,34684,9684,2637,2746,9621,12.8,464,346,43,334441
ABplpppp:63,ABplpppp,63,33711,8711,1627,1720,8640,13.0,466,355,43,366207
ABplpppp:64,ABplpppp,64,31596,6596,259,300,6542,15.1,463,364,43,334283
ABplpppp:65,ABplpppp,65,31581,6581,820,877,6569,16.1,457,369,45,362484
ABplpppp:66,ABplpppp,66,31491,6491,771,765,6483,17.1,449,374,43,262107
ABplpppp:67,ABplpppp,67,30828,5828,-230,-206,5823,17.0,459,364,43,273153
ABplpppp:68,ABplpppp,68,30764,5764,-469,-447,5641,15.0,465,361,45,303294
ABplpppp:69,ABplpppp,69,30019,5019,-530,-635,4827,16.9,458,363,43,298301
ABplpppp:70,ABplpppp,70,30862,5862,272,261,5332,17.0,455,362,43,299711
ABplpppp:71,ABplpppp,71,30189,5189,-210,-217,4542,18.0,448,362,43,300263
ABplpppp:72,ABplpppp,72,29251,4251,-1000,-1138,3561,19.1,447,358,47,344529
ABplpppp:73,ABplpppp,73,29939,4939,-448,-455,4882,20.0,444,360,45,298049
ABplpppp:74,ABplpppp,74,29251,4251,-1030,-1077,4152,20.2,436,352,47,316891
ABplpppp:75,ABplpppp,75,29423,4423,-492,-496,4372,21.0,437,345,45,300378
ABplpppp:76,ABplpppp,76,28489,3489,-1422,-1520,3420,21.1,424,348,47,361624
ABplpppp:77,ABplpppp,77,29786,4786,-212,-279,4656,21.1,419,347,47,386673
ABplpppp:78,ABplpppp,78,29518,4518,-620,-583,4460,20.0,430,342,43,331044
ABplpppp:79,ABplpppp,79,29035,4035,-999,-921,3936,20.0,429,347,43,344698
ABplpppp:80,ABplpppp,80,28855,3855,-901,-920,3714,20.1,431,331,36,263171
ABplppppa:81,ABplppppa,81,31025,6025,1132,1112,5692,19.1,419,329,34,146539
ABplppppa:82,ABplppppa,82,29845,4845,-106,-109,4557,17.3,428,316,33,116759
ABplppppa:83,ABplppppa,83,30154,5154,-425,-504,4537,17.9,434,318,35,174304
ABplppppa:84,ABplppppa,84,30127,5127,-214,-174,3771,17.2,437,325,37,201245
ABplppppa:85,ABplppppa,85,30172,5172,-226,-323,2273,17.0,446,326,36,220551
ABplppppa:86,ABplppppa,86,30523,5523,295,226,3424,17.2,448,325,36,210751
ABplppppa:87,ABplppppa,87,30303,5303,-648,-909,3475,16.1,440,332,38,243138
ABplppppa:88,ABplppppa,88,29784,4784,-865,-1134,3195,17.2,434,332,38,252245
ABplppppa:89,ABplppppa,89,29306,4306,-1108,-1483,2762,18.1,437,329,38,267255
ABplppppa:90,ABplppppa,90,29149,4149,-781,-1063,2401,18.1,438,328,38,278778
ABplppppa:91,ABplppppa,91,29742,4742,-423,-559,3020,17.5,443,336,38,303857
ABplppppa:92,ABplppppa,92,29681,4681,-1109,-1333,3307,19.0,447,332,38,321834
ABplppppa:93,ABplppppa,93,29443,4443,-552,-689,2587,20.0,440,337,38,329451
ABplppppa:94,ABplppppa,94,30659,5659,391,184,4149,19.2,439,333,38,317182
ABplppppa:95,ABplppppa,95,30123,5123,-957,-1302,3384,19.2,434,337,38,306451
ABplppppa:96,ABplppppa,96,29575,4575,-599,-598,3171,19.2,428,335,36,224332
ABplppppa:97,ABplppppa,97,29273,4273,-1631,-1755,3134,19.2,437,330,39,238103
ABplppppa:98,ABplppppa,98,29472,4472,-1346,-1499,3544,20.2,431,337,39,257543
ABplppppa:99,ABplppppa,99,30282,5282,-586,-492,4151,20.1,426,343,39,273785
ABplppppa:100,ABplppppa,100,30006,5006,-566,-714,4415,20.2,430,339,39,265333
ABplppppa:101,ABplppppa,101,30154,5154,-465,-633,4511,20.3,433,336,39,267107
ABplppppa:102,ABplppppa,102,29924,4924,-366,-399,4374,20.2,429,335,39,264406
ABplppppa:103,ABplppppa,103,30167,5167,-570,-722,4710,20.2,425,346,39,280940
ABplppppa:104,ABplppppa,104,29639,4639,-909,-996,4126,20.4,426,342,39,257162
ABplppppa:105,ABplppppa,105,30614,5614,75,65,5262,21.0,423,349,39,301369
ABplppppp:81,ABplppppp,81,30435,5435,-13,-43,5348,22.0,465,318,40,171163
ABplppppp:82,ABplppppp,82,30158,5158,159,171,4525,21.2,466,319,39,158023
ABplppppp:83,ABplppppp,83,30136,5136,-34,2,4574,22.1,458,323,37,160190
ABplppppp:84,ABplppppp,84,30502,5502,384,525,4530,21.1,457,331,37,149358
ABplppppp:85,ABplppppp,85,30015,5015,195,-124,3394,20.0,456,333,29,79443
ABplppppp:86,ABplppppp,86,30174,5174,414,529,3245,20.0,456,333,29,79443
ABplppppp:87,ABplppppp,87,30037,5037,-189,-173,2871,20.0,440,342,38,224817
ABplppppp:88,ABplppppp,88,29675,4675,-732,-895,3607,21.1,445,345,38,237349
ABplppppp:89,ABplppppp,89,28525,3525,-1262,-1571,2581,21.0,444,347,38,248792
ABplppppp:90,ABplppppp,90,29965,4965,-210,-424,3706,21.1,442,341,38,263485
ABplppppp:91,ABplppppp,91,28482,3482,-1776,-1988,1849,21.3,445,339,38,263485
ABplppppp:92,ABplppppp,92,29124,4124,-1448,-1553,1768,21.6,448,336,38,263485
ABplppppp:93,ABplppppp,93,29453,4453,-794,-818,2824,21.8,451,333,38,263485
ABplppppp:94,ABplppppp,94,29631,4631,-1125,-1126,3186,22.0,455,330,38,298804
ABplppppp:95,ABplppppp,95,29870,4870,-665,-787,3859,22.1,456,334,38,305283
ABplppppp:96,ABplppppp,96,29828,4828,-1006,-1165,4336,22.2,458,323,38,237934
ABplppppp:97,ABplppppp,97,30338,5338,-1001,-1124,4909,23.0,458,318,39,256346
ABplppppp:98,ABplppppp,98,30399,5399,-752,-887,4178,22.2,458,302,39,239331
ABplppppp:99,ABplppppp,99,28987,3987,-2409,-2356,1286,22.1,455,304,37,231572
ABplppppp:100,ABplppppp,100,29972,4972,-893,-1077,3389,22.2,456,301,39,257509
ABplppppp:101,ABplppppp,101,30454,5454,-409,-495,3654,22.1,459,297,39,273783
ABplppppp:102,ABplppppp,102,30801,5801,-9,-19,5293,23.0,453,300,39,285014
ABplppppp:103,ABplppppp,103,30573,5573,-530,-486,4520,22.1,450,301,39,258268
ABplppppp:104,ABplppppp,104,29660,4660,-1018,-1068,3822,22.2,456,294,39,276744
ABplppppp:105,ABplppppp,105,30204,5204,-546,-624,4476,22.1,453,299,37,263207
ABpr:14,ABpr,14,29888,4888,-1156,-1156,4874,16.3,339,176,45,396214
ABpr:15,ABpr,15,29502,4502,-2233,-2233,4502,17.3,363,146,58,755406
ABpr:16,ABpr,16,28817,3817,-2441,-2441,3817,18.5,370,155,61,815852
ABpr:17,ABpr,17,29350,4350,-1980,-1980,4350,20.1,355,152,59,806302
ABpr:18,ABpr,18,29037,4037,-1595,-1595,4037,20.3,372,160,57,840008
ABpr:19,ABpr,19,29481,4481,-1158,-1158,4481,21.0,400,165,57,969783
ABpr:20,ABpr,20,29081,4081,-2110,-2110,4081,20.2,401,152,59,1171871
ABpr:21,ABpr,21,29135,4135,-2411,-2411,4135,18.0,399,137,56,842369
ABpra:22,ABpra,22,29829,4829,-2301,-2340,4829,17.2,376,128,51,495861
ABpra:23,ABpra,23,29988,4988,-2085,-2086,4988,20.1,341,136,61,738913
ABpra:24,ABpra,24,29764,4764,-2318,-2318,4764,19.6,318,123,62,896407
ABpra:25,ABpra,25,30130,5130,-2325,-2325,5130,19.3,316,113,63,1159670
ABpra:26,ABpra,26,29846,4846,-2677,-2677,4846,17.6,315,113,63,1332580
ABpra:27,ABpra,27,29967,4967,-2572,-2572,4967,17.0,316,113,65,1658053
ABpra:28,ABpra,28,29259,4259,-3253,-3253,4259,16.3,324,104,67,1950751
ABpra:29,ABpra,29,29211,4211,-3420,-3420,4211,15.2,340,107,66,1990278
ABpra:30,ABpra,30,29115,4115,-4159,-4159,4115,14.7,344,120,62,1064907
ABpraa:31,ABpraa,31,30645,5645,-1801,-1835,5645,16.6,318,116,61,756610
ABpraa:32,ABpraa,32,31748,6748,-591,-590,6748,15.8,323,115,60,807920
ABpraa:33,ABpraa,33,32254,7254,-109,-109,7254,15.8,316,104,59,847861
ABpraa:34,ABpraa,34,32624,7624,35,35,7624,16.2,305,103,61,1084115
ABpraa:35,ABpraa,35,34014,9014,1239,1239,9014,16.7,302,108,58,1110630
ABpraa:36,ABpraa,36,33888,8888,703,700,8888,16.1,297,113,60,1352136
ABpraa:37,ABpraa,37,34090,9090,1420,1420,9090,16.4,297,114,60,1326726
ABpraa:38,ABpraa,38,34938,9938,1858,1857,9938,17.8,302,120,58,1301245
ABpraa:39,ABpraa,39,34741,9741,1734,1718,9741,18.0,304,124,60,1425072
ABpraa:40,ABpraa,40,34146,9146,1359,1363,9146,18.1,311,119,60,1452850
ABpraa:41,ABpraa,41,34764,9764,2278,2272,9764,18.4,312,124,62,1486256
ABpraa:42,ABpraa,42,33435,8435,965,961,8435,17.3,310,126,64,1467095
ABpraa:43,ABpraa,43,31332,6332,-1642,-1642,6332,17.6,307,121,58,975035
ABpraaa:44,ABpraaa,44,35472,10472,3105,3108,10470,15.1,272,112,54,668507
ABpraaa:45,ABpraaa,45,36466,11466,4223,4219,11466,15.9,252,118,57,776733
ABpraaa:46,ABpraaa,46,37800,12800,6088,6088,12798,14.9,242,120,56,676886
ABpraaa:47,ABpraaa,47,38451,13451,6285,6285,13451,14.9,247,122,55,711008
ABpraaa:48,ABpraaa,48,38297,13297,5868,5868,13297,13.2,248,120,54,746722
ABpraaa:49,ABpraaa,49,40366,15366,7783,7783,15366,12.2,253,120,53,688546
ABpraaa:50,ABpraaa,50,39097,14097,6315,6315,14097,13.1,251,118,52,761761
ABpraaa:51,ABpraaa,51,38913,13913,6320,6320,13913,13.2,244,123,52,761991
ABpraaa:52,ABpraaa,52,40103,15103,7340,7340,15103,11.9,246,126,51,704766
ABpraaa:53,ABpraaa,53,37297,12297,4806,4806,12297,12.0,238,129,51,723212
ABpraaa:54,ABpraaa,54,36125,11125,3608,3621,11125,13.1,235,131,52,784097
ABpraaa:55,ABpraaa,55,34728,9728,2213,2213,9728,13.9,246,122,52,797224
ABpraaa:56,ABpraaa,56,34867,9867,2659,2659,9867,13.9,257,116,52,814031
ABpraaa:57,ABpraaa,57,34058,9058,1319,1324,9057,13.9,273,117,52,804262
ABpraaa:58,ABpraaa,58,33680,8680,1275,1268,8680,13.8,276,125,52,817098
ABpraaa:59,ABpraaa,59,31455,6455,-1325,-1327,6455,13.3,286,117,49,575817
ABpraaaa:60,ABpraaaa,60,31882,6882,661,661,6845,15.1,259,109,37,270748
ABpraaaa:61,ABpraaaa,61,33612,8612,2490,2495,8569,15.9,215,130,45,373160
ABpraaaa:62,ABpraaaa,62,32227,7227,775,775,7209,15.9,197,145,43,382424
ABpraaaa:63,ABpraaaa,63,33151,8151,1710,1719,8110,16.0,195,137,43,406256
ABpraaaa:64,ABpraaaa,64,32086,7086,1153,1142,7049,15.9,192,140,43,435418
ABpraaaa:65,ABpraaaa,65,31290,6290,356,396,6233,16.0,199,139,43,434682
ABpraaaa:66,ABpraaaa,66,30923,5923,258,258,5888,14.9,204,137,43,353311
ABpraaaa:67,ABpraaaa,67,31386,6386,440,440,6357,14.0,198,146,43,369473
ABpraaaa:68,ABpraaaa,68,31435,6435,326,322,6384,14.1,194,157,43,361158
ABpraaaa:69,ABpraaaa,69,29871,4871,-1186,-1201,4777,13.9,196,164,43,362633
ABpraaaa:70,ABpraaaa,70,30544,5544,-1009,-897,5419,13.2,193,177,43,349971
ABpraaaa:71,ABpraaaa,71,31042,6042,-505,-517,6005,12.9,191,172,43,370748
ABpraaaa:72,ABpraaaa,72,30082,5082,-886,-933,4857,12.1,195,180,43,409408
ABpraaaa:73,ABpraaaa,73,30638,5638,-380,-434,5459,11.9,182,181,43,412041
ABpraaaa:74,ABpraaaa,74,30663,5663,-157,-186,5458,11.0,165,190,43,426015
ABpraaaa:75,ABpraaaa,75,29894,4894,-1819,-1863,4813,10.2,160,193,43,428296
ABpraaaa:76,ABpraaaa,76,29813,4813,-1480,-1512,4774,9.1,163,195,43,443209
ABpraaaa:77,ABpraaaa,77,30367,5367,-1241,-1232,5342,9.0,164,189,43,439439
ABpraaaa:78,ABpraaaa,78,29931,4931,-1409,-1430,4912,10.0,167,173,43,476272
ABpraaaa:79,ABpraaaa,79,29558,4558,-1564,-1579,4518,11.9,162,171,43,497040
ABpraaaa:80,ABpraaaa,80,30426,5426,-375,-387,5383,13.0,161,168,42,524333
ABpraaaa:81,ABpraaaa,81,30285,5285,-439,-429,4432,14.9,153,178,40,382263
ABpraaaa:82,ABpraaaa,82,28727,3727,-2451,-2451,3213,14.1,144,192,41,402993
ABpraaaa:83,ABpraaaa,83,29583,4583,-1188,-1190,4296,13.9,149,191,35,259684
ABpraaaaa:84,ABpraaaaa,84,29695,4695,-620,-621,4249,12.2,143,205,31,168293
ABpraaaaa:85,ABpraaaaa,85,29765,4765,-1417,-1564,3732,12.0,142,220,34,213915
ABpraaaaa:86,ABpraaaaa,86,30346,5346,-1176,-1193,4454,11.8,147,225,34,219837
ABpraaaaa:87,ABpraaaaa,87,30849,5849,-992,-927,4394,11.3,152,222,36,247450
ABpraaaaa:88,ABpraaaaa,88,30999,5999,-994,-1272,4173,10.3,162,216,36,277997
ABpraaaaa:89,ABpraaaaa,89,29484,4484,-1916,-2074,2301,10.1,150,212,34,259051
ABpraaaaa:90,ABpraaaaa,90,28805,3805,-2654,-2855,2673,10.2,138,210,36,306274
ABpraaaaa:91,ABpraaaaa,91,29457,4457,-1516,-1550,3686,10.1,129,212,34,273551
ABpraaaaa:92,ABpraaaaa,92,29746,4746,-1467,-1501,4363,10.9,124,217,34,273049
ABpraaaaa:93,ABpraaaaa,93,29485,4485,-1172,-1179,4184,11.8,130,207,34,278078
ABpraaaaa:94,ABpraaaaa,94,30108,5108,-934,-837,4812,11.8,137,193,34,291424
ABpraaaaa:95,ABpraaaaa,95,30679,5679,-204,-276,5210,11.1,136,199,34,293051
ABpraaaaa:96,ABpraaaaa,96,28997,3997,-1770,-1785,3578,12.0,130,195,34,261003
ABpraaaaa:97,ABpraaaaa,97,29325,4325,-1280,-1214,3931,11.8,135,194,35,259208
ABpraaaaa:98,ABpraaaaa,98,30226,5226,-183,-209,4686,13.0,138,186,35,277433
ABpraaaaa:99,ABpraaaaa,99,29969,4969,-1487,-1616,4397,13.1,136,198,35,289304
ABpraaaaa:100,ABpraaaaa,100,29653,4653,-1472,-1543,3935,13.2,133,193,37,336114
ABpraaaaa:101,ABpraaaaa,101,30144,5144,-985,-1184,4601,13.1,133,193,35,289372
ABpraaaaa:102,ABpraaaaa,102,29427,4427,-1290,-1462,3844,12.4,137,192,37,332373
ABpraaaaa:103,ABpraaaaa,103,29195,4195,-1922,-1798,3474,13.9,136,191,35,298092
ABpraaaaa:104,ABpraaaaa,104,30804,5804,-263,-332,4625,14.0,137,187,39,414551
ABpraaaaa:105,ABpraaaaa,105,29750,4750,-1279,-1311,3045,14.1,140,191,39,437213
ABpraaaap:84,ABpraaaap,84,29667,4667,-1836,-2053,3960,12.9,171,169,35,209873
ABpraaaap:85,ABpraaaap,85,30556,5556,-858,-930,5135,13.0,169,165,34,210680
ABpraaaap:86,ABpraaaap,86,30574,5574,-1308,-1347,5168,12.1,168,168,36,253124
ABpraaaap:87,ABpraaaap,87,29742,4742,-2155,-2085,3917,12.0,170,161,36,267933
ABpraaaap:88,ABpraaaap,88,30149,5149,-1444,-1388,4918,12.5,158,166,36,262035
ABpraaaap:89,ABpraaaap,89,29390,4390,-2461,-2420,4265,13.1,155,167,34,250455
ABpraaaap:90,ABpraaaap,90,30736,5736,-1387,-1449,5565,14.0,150,171,36,319895
ABpraaaap:91,ABpraaaap,91,30629,5629,-1297,-1332,5445,13.4,151,170,36,290918
ABpraaaap:92,ABpraaaap,92,31072,6072,-1213,-1244,5737,13.0,148,180,36,318165
ABpraaaap:93,ABpraaaap,93,31881,6881,-183,-189,6700,14.1,156,171,36,322215
ABpraaaap:94,ABpraaaap,94,31551,6551,-724,-750,6353,13.1,168,161,36,333448
ABpraaaap:95,ABpraaaap,95,31275,6275,-1418,-1263,5868,12.9,167,168,34,281149
ABpraaaap:96,ABpraaaap,96,30012,5012,-2192,-2146,4795,13.3,162,166,36,282769
ABpraaaap:97,ABpraaaap,97,31368,6368,-503,-531,6022,13.4,169,163,37,287569
ABpraaaap:98,ABpraaaap,98,30949,5949,-1622,-1966,5024,13.2,174,168,39,347331
ABpraaaap:99,ABpraaaap,99,30854,5854,-1910,-2281,5030,13.0,169,177,39,367049
ABpraaaap:100,ABpraaaap,100,30004,5004,-2469,-2980,4126,13.4,167,172,37,315040
ABpraaaap:101,ABpraaaap,101,30868,5868,-1537,-2086,4995,14.1,168,176,37,343244
ABpraaaap:102,ABpraaaap,102,29397,4397,-2653,-3106,3597,13.4,166,170,37,319412
ABpraaaap:103,ABpraaaap,103,31465,6465,130,-68,5765,14.0,167,170,39,369497
ABpraaaap:104,ABpraaaap,104,29846,4846,-1784,-1872,4032,15.1,160,168,37,355639
ABpraaaap:105,ABpraaaap,105,30177,5177,-964,-1204,4288,15.4,159,172,39,385649
ABpraaap:60,ABpraaap,60,33398,8398,314,252,8364,10.4,300,125,39,257038
ABpraaap:61,ABpraaap,61,33218,8218,868,792,8184,12.1,275,135,45,330688
ABpraaap:62,ABpraaap,62,33217,8217,1020,969,8195,12.1,268,135,43,319409
ABpraaap:63,ABpraaap,63,33213,8213,594,471,8111,12.9,272,127,43,344942
ABpraaap:64,ABpraaap,64,31770,6770,-492,-581,6565,12.0,267,131,45,414052
ABpraaap:65,ABpraaap,65,31742,6742,-991,-1065,6550,12.0,266,125,43,392352
ABpraaap:66,ABpraaap,66,32847,7847,446,443,7702,11.1,265,127,43,328883
ABpraaap:67,ABpraaap,67,32121,7121,-179,-243,7052,11.0,260,134,43,328327
ABpraaap:68,ABpraaap,68,32366,7366,-379,-433,7347,11.0,247,146,43,356828
ABpraaap:69,ABpraaap,69,32590,7590,16,-3,7535,10.9,244,143,43,344621
ABpraaap:70,ABpraaap,70,30785,5785,-2023,-2042,5752,10.1,240,144,43,360009
ABpraaap:71,ABpraaap,71,30573,5573,-2458,-2555,5534,10.0,240,150,43,363031
ABpraaap:72,ABpraaap,72,31135,6135,-1738,-1913,6099,9.1,238,155,45,404851
ABpraaap:73,ABpraaap,73,30659,5659,-2042,-2035,5641,10.0,224,153,43,378804
ABpraaap:74,ABpraaap,74,30516,5516,-2283,-2259,5501,10.0,216,158,45,427791
ABpraaap:75,ABpraaap,75,30044,5044,-3248,-3297,5006,10.0,214,162,43,409127
ABpraaap:76,ABpraaap,76,29628,4628,-3655,-3872,4550,9.1,216,163,43,418387
ABpraaap:77,ABpraaap,77,31085,6085,-2327,-2556,6032,9.1,216,163,43,443028
ABpraaap:78,ABpraaap,78,30310,5310,-2509,-2702,5226,9.9,218,159,43,459721
ABpraaap:79,ABpraaap,79,29873,4873,-2415,-2527,4825,9.2,207,162,41,414556
ABpraaap:80,ABpraaap,80,30963,5963,-1165,-1171,5944,9.3,207,164,46,394895
ABpraaapa:81,ABpraaapa,81,31102,6102,-448,-448,5994,9.3,159,177,28,126925
ABpraaapa:82,ABpraaapa,82,30104,5104,-1868,-1864,5027,8.4,152,191,35,187475
ABpraaapa:83,ABpraaapa,83,30095,5095,-3059,-3059,5057,7.1,157,202,35,211147
ABpraaapa:84,ABpraaapa,84,30423,5423,-3400,-3404,5318,6.9,163,201,35,204961
ABpraaapa:85,ABpraaapa,85,29829,4829,-2807,-2808,4631,7.8,156,205,34,206707
ABpraaapa:86,ABpraaapa,86,29650,4650,-3946,-3951,4471,6.8,157,216,34,214647
ABpraaapa:87,ABpraaapa,87,29872,4872,-3481,-3702,4335,7.2,158,209,34,224036
ABpraaapa:88,ABpraaapa,88,29440,4440,-3548,-3625,3406,7.0,164,207,34,238059
ABpraaapa:89,ABpraaapa,89,30832,5832,-2936,-3339,5357,7.0,162,212,36,289366
ABpraaapa:90,ABpraaapa,90,30036,5036,-2019,-2293,4630,8.0,162,211,34,240258
ABpraaapa:91,ABpraaapa,91,29412,4412,-2649,-2706,4158,8.3,163,215,36,278731
ABpraaapa:92,ABpraaapa,92,30775,5775,-1742,-1742,5581,9.0,167,220,34,255460
ABpraaapa:93,ABpraaapa,93,30408,5408,-1820,-1842,5205,9.1,165,221,34,254812
ABpraaapa:94,ABpraaapa,94,30575,5575,-2199,-2240,5453,9.3,172,213,36,306322
ABpraaapa:95,ABpraaapa,95,29972,4972,-2602,-2612,4534,10.0,164,218,34,284779
ABpraaapa:96,ABpraaapa,96,29755,4755,-3003,-3075,4479,9.9,159,212,34,244004
ABpraaapa:97,ABpraaapa,97,30708,5708,-1139,-1294,5426,10.1,163,216,35,247871
ABpraaapa:98,ABpraaapa,98,32266,7266,335,274,7007,10.3,157,214,37,276966
ABpraaapa:99,ABpraaapa,99,30532,5532,-2579,-2813,5008,10.4,153,221,37,307578
ABpraaapa:100,ABpraaapa,100,30839,5839,-1445,-1710,5256,11.2,152,216,37,324676
ABpraaapa:101,ABpraaapa,101,30510,5510,-1876,-2018,4939,11.1,154,219,37,339830
ABpraaapa:102,ABpraaapa,102,29231,4231,-3295,-3744,3605,10.9,155,216,35,290230
ABpraaapa:103,ABpraaapa,103,30839,5839,-1853,-1925,5445,11.2,156,217,37,349574
ABpraaapa:104,ABpraaapa,104,30613,5613,-1716,-1903,5003,12.0,153,211,37,375100
ABpraaapa:105,ABpraaapa,105,30724,5724,-1837,-2038,4955,11.3,151,209,37,371694
ABpraaapp:81,ABpraaapp,81,30466,5466,-2301,-2431,4809,9.2,218,168,32,166790
ABpraaapp:82,ABpraaapp,82,31179,6179,-1742,-1954,5405,9.1,206,180,37,228886
ABpraaapp:83,ABpraaapp,83,31523,6523,-237,-513,4859,9.3,210,187,39,243642
ABpraaapp:84,ABpraaapp,84,31726,6726,-1057,-1318,5265,10.1,217,185,39,257861
ABpraaapp:85,ABpraaapp,85,30076,5076,-2685,-2885,3720,10.2,215,182,38,267799
ABpraaapp:86,ABpraaapp,86,30776,5776,-1548,-1714,4484,10.2,215,181,38,280506
ABpraaapp:87,ABpraaapp,87,31068,6068,-1488,-1760,4837,10.1,212,177,38,283796
ABpraaapp:88,ABpraaapp,88,29529,4529,-2767,-2924,3387,10.3,211,173,38,278015
ABpraaapp:89,ABpraaapp,89,31274,6274,-1836,-1913,5162,10.2,204,176,38,298697
ABpraaapp:90,ABpraaapp,90,30033,5033,-2605,-2798,3613,10.2,200,175,38,316024
ABpraaapp:91,ABpraaapp,91,31178,6178,-1203,-1431,4788,11.2,194,175,38,326185
ABpraaapp:92,ABpraaapp,92,30935,5935,-2237,-2520,3633,11.1,195,181,38,348157
ABpraaapp:93,ABpraaapp,93,30313,5313,-3438,-3863,2952,11.1,201,179,38,358998
ABpraaapp:94,ABpraaapp,94,30391,5391,-2747,-2930,3166,10.3,211,174,38,341414
ABpraaapp:95,ABpraaapp,95,31020,6020,-2417,-2815,3753,11.0,208,178,38,372670
ABpraaapp:96,ABpraaapp,96,29743,4743,-3435,-3754,2231,11.1,203,172,38,315258
ABpraaapp:97,ABpraaapp,97,30020,5020,-2883,-3312,3265,11.0,206,168,39,332160
ABpraaapp:98,ABpraaapp,98,31564,6564,-1976,-2334,4660,10.2,202,177,39,306966
ABpraaapp:99,ABpraaapp,99,31391,6391,-1898,-2296,4052,10.2,198,188,39,321265
ABpraaapp:100,ABpraaapp,100,30771,5771,-2497,-3006,3512,10.3,194,181,39,330286
ABpraaapp:101,ABpraaapp,101,30383,5383,-2762,-3087,3156,11.1,195,183,39,350919
ABpraaapp:102,ABpraaapp,102,31022,6022,-1884,-2280,4120,11.3,197,183,39,363654
ABpraaapp:103,ABpraaapp,103,29981,4981,-3245,-3690,3679,12.1,200,187,39,397468
ABpraaapp:104,ABpraaapp,104,30526,5526,-2429,-2669,4632,12.2,195,185,39,372398
ABpraaapp:105,ABpraaapp,105,30131,5131,-3016,-2782,4131,12.0,188,183,35,276087
ABpraap:44,ABpraap,44,33339,8339,1438,1456,8339,19.7,330,127,58,662188
ABpraap:45,ABpraap,45,34983,9983,2867,2822,9941,18.0,328,133,57,667548
ABpraap:46,ABpraap,46,35083,10083,2836,2855,10083,19.0,347,122,56,586370
ABpraap:47,ABpraap,47,37718,12718,5261,5359,12718,19.0,343,117,55,609258
ABpraap:48,ABpraap,48,38840,13840,5772,5918,13677,17.8,343,112,54,708567
ABpraap:49,ABpraap,49,36398,11398,3530,3688,11384,18.0,339,109,53,663985
ABpraap:50,ABpraap,50,37509,12509,3864,3987,12430,17.8,338,110,52,665633
ABpraap:51,ABpraap,51,35645,10645,2883,2816,10645,19.1,322,115,52,669735
ABpraap:52,ABpraap,52,36011,11011,3092,3022,11001,17.4,319,110,53,691124
ABpraap:53,ABpraap,53,35654,10654,2931,2813,10653,18.0,310,112,51,665524
ABpraap:54,ABpraap,54,35467,10467,2783,2815,10436,17.2,307,113,54,790202
ABpraap:55,ABpraap,55,34541,9541,1388,1309,9497,17.3,326,115,54,780919
ABpraap:56,ABpraap,56,33590,8590,767,746,8588,18.2,347,107,54,835714
ABpraap:57,ABpraap,57,34015,9015,1897,1858,8976,17.2,360,103,56,958709
ABpraap:58,ABpraap,58,33351,8351,1489,1483,8321,17.0,358,99,54,917597
ABpraap:59,ABpraap,59,30159,5159,-2112,-2112,5159,17.8,358,100,51,663332
ABpraapa:60,ABpraapa,60,31495,6495,1171,1164,6493,19.9,329,102,49,387111
ABpraapa:61,ABpraapa,61,32228,7228,2029,2034,7223,20.0,304,114,45,305394
ABpraapa:62,ABpraapa,62,32780,7780,2548,2547,7780,21.0,289,116,43,287692
ABpraapa:63,ABpraapa,63,31632,6632,958,948,6486,20.0,287,116,43,322768
ABpraapa:64,ABpraapa,64,32368,7368,908,878,7132,18.0,285,117,43,367204
ABpraapa:65,ABpraapa,65,31796,6796,566,560,6766,17.9,288,107,43,376451
ABpraapa:66,ABpraapa,66,32290,7290,632,626,7197,17.1,296,109,43,316645
ABpraapa:67,ABpraapa,67,32182,7182,639,652,7017,16.0,292,111,43,347960
ABpraapa:68,ABpraapa,68,31161,6161,-475,-409,5977,16.0,286,118,43,354468
ABpraapa:69,ABpraapa,69,31485,6485,-580,-474,6089,14.0,282,125,43,365818
ABpraapa:70,ABpraapa,70,31246,6246,-884,-954,5609,13.0,284,128,43,368903
ABpraapa:71,ABpraapa,71,32301,7301,51,-265,6741,11.0,291,136,43,389405
ABpraapa:72,ABpraapa,72,30905,5905,-2085,-2159,5708,10.0,288,139,43,412349
ABpraapa:73,ABpraapa,73,32138,7138,-605,-753,6934,10.0,285,149,45,437776
ABpraapa:74,ABpraapa,74,31340,6340,-1302,-1408,6103,9.1,286,147,43,420387
ABpraapa:75,ABpraapa,75,31043,6043,-1308,-1415,5835,9.3,280,141,45,430345
ABpraapa:76,ABpraapa,76,31360,6360,-1256,-1445,6165,9.1,275,130,43,420887
ABpraapa:77,ABpraapa,77,30094,5094,-2483,-2644,4898,9.0,267,134,43,433895
ABpraapa:78,ABpraapa,78,31126,6126,-1285,-1369,5981,9.0,274,126,43,465635
ABpraapa:79,ABpraapa,79,30317,5317,-1894,-1993,5140,9.0,280,133,43,485771
ABpraapa:80,ABpraapa,80,30390,5390,-1790,-1802,5292,8.2,279,138,34,263011
ABpraapaa:81,ABpraapaa,81,30741,5741,-1473,-1539,5431,8.3,251,151,30,152854
ABpraapaa:82,ABpraapaa,82,30921,5921,-1477,-1546,5563,8.2,230,153,33,171150
ABpraapaa:83,ABpraapaa,83,30330,5330,-1359,-1334,4890,8.8,228,154,35,203095
ABpraapaa:84,ABpraapaa,84,29844,4844,-2672,-2794,4403,8.1,229,156,35,216483
ABpraapaa:85,ABpraapaa,85,30326,5326,-1953,-2126,4774,7.9,222,155,34,221046
ABpraapaa:86,ABpraapaa,86,30711,5711,-2529,-2731,5152,7.2,226,162,36,259931
ABpraapaa:87,ABpraapaa,87,30641,5641,-3076,-3275,4988,7.1,224,158,36,275671
ABpraapaa:88,ABpraapaa,88,30086,5086,-2151,-2311,4417,7.9,226,154,34,236694
ABpraapaa:89,ABpraapaa,89,30578,5578,-3547,-3830,4910,7.2,219,160,36,282770
ABpraapaa:90,ABpraapaa,90,30198,5198,-3996,-4560,4478,7.0,213,166,36,299848
ABpraapaa:91,ABpraapaa,91,30747,5747,-3399,-3477,5228,7.1,208,169,36,301495
ABpraapaa:92,ABpraapaa,92,31122,6122,-2650,-2705,5547,7.1,199,178,34,270864
ABpraapaa:93,ABpraapaa,93,30692,5692,-3554,-3592,5167,7.0,199,182,36,316107
ABpraapaa:94,ABpraapaa,94,30710,5710,-3903,-4314,5162,6.4,208,177,36,300670
ABpraapaa:95,ABpraapaa,95,30232,5232,-4378,-4455,4673,7.0,206,184,34,285016
ABpraapaa:96,ABpraapaa,96,30858,5858,-2889,-3134,5180,7.8,201,179,34,244487
ABpraapaa:97,ABpraapaa,97,31273,6273,-3088,-3159,5964,7.0,199,182,35,262911
ABpraapaa:98,ABpraapaa,98,30610,5610,-3327,-3452,4696,7.0,193,186,37,317871
ABpraapaa:99,ABpraapaa,99,31296,6296,-2842,-3213,5465,7.0,187,193,39,354292
ABpraapaa:100,ABpraapaa,100,30979,5979,-1938,-2413,4979,7.8,184,192,35,268697
ABpraapaa:101,ABpraapaa,101,31765,6765,-2265,-2527,6362,7.2,184,185,37,322643
ABpraapaa:102,ABpraapaa,102,31297,6297,-2584,-2827,5878,7.0,187,187,37,342188
ABpraapaa:103,ABpraapaa,103,31760,6760,-1189,-1346,6490,7.4,183,188,39,350970
ABpraapaa:104,ABpraapaa,104,30194,5194,-3451,-3549,4899,7.4,178,182,39,374006
ABpraapaa:105,ABpraapaa,105,31036,6036,-2510,-2719,5717,7.3,174,189,39,389263
ABpraapap:81,ABpraapap,81,31394,6394,-735,-771,5599,8.2,299,127,32,176299
ABpraapap:82,ABpraapap,82,30299,5299,-2107,-2234,4652,8.1,282,132,29,132960
ABpraapap:83,ABpraapap,83,31357,6357,-906,-1072,5670,8.0,287,129,35,201734
ABpraapap:84,ABpraapap,84,30237,5237,-2810,-2908,3996,7.9,287,127,35,213786
ABpraapap:85,ABpraapap,85,30815,5815,-1524,-1715,4915,8.3,283,121,36,251163
ABpraapap:86,ABpraapap,86,30021,5021,-2688,-2837,4009,8.0,285,126,34,223589
ABpraapap:87,ABpraapap,87,31703,6703,-2019,-2728,5603,7.3,291,129,36,269984
ABpraapap:88,ABpraapap,88,31204,6204,-1897,-2209,5064,8.0,285,125,36,287051
ABpraapap:89,ABpraapap,89,29882,4882,-3001,-3344,3636,8.1,277,128,36,300277
ABpraapap:90,ABpraapap,90,31055,6055,-2388,-2674,5349,7.6,269,133,36,302751
ABpraapap:91,ABpraapap,91,30803,5803,-1834,-2048,5083,8.1,256,132,36,296746
ABpraapap:92,ABpraapap,92,31118,6118,-1337,-1657,5535,8.4,248,140,36,295088
ABpraapap:93,ABpraapap,93,31084,6084,-1715,-2024,5372,8.2,250,142,36,314772
ABpraapap:94,ABpraapap,94,32827,7827,-1037,-1060,7548,7.5,256,138,36,330029
ABpraapap:95,ABpraapap,95,31645,6645,-2693,-2771,6393,7.2,251,149,36,328073
ABpraapap:96,ABpraapap,96,31364,6364,-2843,-2951,6056,7.4,244,148,36,262372
ABpraapap:97,ABpraapap,97,31410,6410,-2798,-2920,6145,7.4,243,147,37,274184
ABpraapap:98,ABpraapap,98,31755,6755,-3119,-3195,6522,7.3,238,150,37,297542
ABpraapap:99,ABpraapap,99,30908,5908,-3849,-4044,5640,7.1,232,159,35,262318
ABpraapap:100,ABpraapap,100,31112,6112,-3603,-3901,5824,7.2,226,156,37,315752
ABpraapap:101,ABpraapap,101,31813,6813,-2776,-2950,6539,7.2,227,155,37,317235
ABpraapap:102,ABpraapap,102,30889,5889,-4130,-4411,5587,7.2,230,156,37,326877
ABpraapap:103,ABpraapap,103,32036,7036,-2259,-2408,6556,7.4,230,152,39,337713
ABpraapap:104,ABpraapap,104,32662,7662,-1460,-1630,7290,7.5,222,154,37,321255
ABpraapap:105,ABpraapap,105,29825,4825,-2516,-2698,4045,8.8,223,154,35,286185
ABpraapp:60,ABpraapp,60,31493,6493,-650,-696,6430,15.0,380,123,49,420485
ABpraapp:61,ABpraapp,61,32591,7591,1030,982,7475,15.1,360,124,45,304130
ABpraapp:62,ABpraapp,62,34250,9250,1814,1854,9183,15.0,357,105,45,361682
ABpraapp:63,ABpraapp,63,32755,7755,40,88,7531,12.4,354,105,47,401898
ABpraapp:64,ABpraapp,64,34240,9240,1299,1297,9177,12.9,353,109,43,373320
ABpraapp:65,ABpraapp,65,32418,7418,-776,-706,7312,12.2,360,104,47,484641
ABpraapp:66,ABpraapp,66,31976,6976,-1407,-1429,6741,12.2,362,105,47,416822
ABpraapp:67,ABpraapp,67,32415,7415,-1170,-1189,7285,12.0,357,110,47,435678
ABpraapp:68,ABpraapp,68,31864,6864,-1227,-1224,6768,12.1,349,112,45,388227
ABpraapp:69,ABpraapp,69,31807,6807,-1753,-1760,6639,12.1,350,114,47,459232
ABpraapp:70,ABpraapp,70,31398,6398,-1496,-1472,6202,12.0,347,116,47,461615
ABpraapp:71,ABpraapp,71,30719,5719,-2424,-2515,5550,11.1,358,117,47,463511
ABpraapp:72,ABpraapp,72,30837,5837,-2297,-2397,5503,10.3,357,125,47,439293
ABpraapp:73,ABpraapp,73,31458,6458,-1885,-1889,5936,10.2,352,123,47,495158
ABpraapp:74,ABpraapp,74,32219,7219,-1639,-1704,6853,10.2,351,123,45,401969
ABpraapp:75,ABpraapp,75,30675,5675,-2245,-2289,5271,10.3,345,115,45,416408
ABpraapp:76,ABpraapp,76,29992,4992,-2839,-2874,4507,11.0,336,117,45,486625
ABpraapp:77,ABpraapp,77,29631,4631,-2735,-2809,4429,10.3,328,117,47,558723
ABpraapp:78,ABpraapp,78,30819,5819,-1878,-1861,5626,11.0,331,119,43,471199
ABpraapp:79,ABpraapp,79,31691,6691,-49,-52,6448,10.0,336,128,33,268989
ABpraappa:80,ABpraappa,80,30032,5032,-1981,-1985,4901,11.1,318,138,32,223277
ABpraappa:81,ABpraappa,81,30927,5927,-967,-1013,3364,11.2,308,130,36,224918
ABpraappa:82,ABpraappa,82,30213,5213,-1131,-1249,3945,11.0,302,131,37,249611
ABpraappa:83,ABpraappa,83,30563,5563,-1343,-1470,3673,11.8,296,134,35,210789
ABpraappa:84,ABpraappa,84,31468,6468,-297,-418,4490,11.0,299,133,35,219245
ABpraappa:85,ABpraappa,85,29881,4881,-2142,-2358,2896,11.1,300,134,34,230680
ABpraappa:86,ABpraappa,86,30333,5333,-2028,-2151,3513,11.0,299,137,36,281321
ABpraappa:87,ABpraappa,87,30501,5501,-2017,-2176,2667,10.2,302,131,36,282835
ABpraappa:88,ABpraappa,88,30015,5015,-2079,-2340,2298,10.3,301,126,38,312792
ABpraappa:89,ABpraappa,89,30830,5830,-1532,-1892,4047,11.1,295,125,36,320903
ABpraappa:90,ABpraappa,90,30909,5909,-1510,-1724,4356,10.4,291,120,38,317360
ABpraappa:91,ABpraappa,91,30247,5247,-2095,-2587,4191,11.0,284,118,38,370001
ABpraappa:92,ABpraappa,92,29703,4703,-2433,-2530,3671,10.8,275,114,34,275803
ABpraappa:93,ABpraappa,93,31253,6253,-284,-427,5168,10.1,279,118,36,348569
ABpraappa:94,ABpraappa,94,30843,5843,-1412,-1412,4720,9.4,289,112,36,325907
ABpraappa:95,ABpraappa,95,30624,5624,-2207,-2477,4646,10.0,279,123,36,373438
ABpraappa:96,ABpraappa,96,30535,5535,-1903,-1957,4570,10.1,271,119,36,324426
ABpraappa:97,ABpraappa,97,30046,5046,-2341,-2578,4072,10.3,267,122,37,318903
ABpraappa:98,ABpraappa,98,30651,5651,-2164,-2423,4549,10.3,262,124,37,339320
ABpraappa:99,ABpraappa,99,30354,5354,-1836,-1828,4625,9.5,252,129,37,310274
ABpraappa:100,ABpraappa,100,29923,4923,-2382,-2530,4094,9.5,245,126,37,306939
ABpraappa:101,ABpraappa,101,30491,5491,-1692,-1954,4328,10.0,242,127,37,360200
ABpraappa:102,ABpraappa,102,30486,5486,-1838,-1998,4575,10.2,243,128,37,368487
ABpraappa:103,ABpraappa,103,31237,6237,-1333,-1490,5372,10.3,244,128,37,360440
ABpraappa:104,ABpraappa,104,31151,6151,-1193,-1173,5386,10.3,239,125,39,399361
ABpraappa:105,ABpraappa,105,30400,5400,-1582,-1941,4088,11.1,240,131,39,456117
ABpraappp:80,ABpraappp,80,32499,7499,-235,-235,7285,10.3,372,110,30,190005
ABpraappp:81,ABpraappp,81,30207,5207,-2064,-2064,5000,11.2,367,101,36,215474
ABpraappp:82,ABpraappp,82,31047,6047,-877,-925,5812,10.9,363,104,37,217329
ABpraappp:83,ABpraappp,83,31660,6660,-169,-118,6286,10.2,350,103,37,216145
ABpraappp:84,ABpraappp,84,30493,5493,-1711,-1685,5394,9.1,346,97,35,190627
ABpraappp:85,ABpraappp,85,30146,5146,-2371,-2423,4850,9.1,346,97,38,263372
ABpraappp:86,ABpraappp,86,30446,5446,-2238,-2279,5129,9.4,346,99,36,225402
ABpraappp:87,ABpraappp,87,29803,4803,-2831,-2964,4364,9.3,352,97,38,260986
ABpraappp:88,ABpraappp,88,30491,5491,-2916,-3070,4935,9.3,350,96,38,291877
ABpraappp:89,ABpraappp,89,30616,5616,-2255,-2468,4998,10.2,351,97,38,306027
ABpraappp:90,ABpraappp,90,29714,4714,-2664,-2870,4022,10.2,347,95,38,309439
ABpraappp:91,ABpraappp,91,30723,5723,-1813,-1914,4836,10.3,345,92,38,305099
ABpraappp:92,ABpraappp,92,31260,6260,-1750,-1920,5743,11.2,333,99,36,303486
ABpraappp:93,ABpraappp,93,30108,5108,-2570,-2685,4624,11.3,331,105,38,313346
ABpraappp:94,ABpraappp,94,29819,4819,-3052,-3135,4129,11.3,338,101,36,306352
ABpraappp:95,ABpraappp,95,30830,5830,-2221,-2466,4975,11.2,330,106,38,346557
ABpraappp:96,ABpraappp,96,30383,5383,-2205,-2255,4993,11.2,326,99,38,306649
ABpraappp:97,ABpraappp,97,30877,5877,-1940,-2105,5441,11.3,323,95,39,297827
ABpraappp:98,ABpraappp,98,30495,5495,-3191,-3144,5260,12.0,315,99,39,343129
ABpraappp:99,ABpraappp,99,30603,5603,-2891,-2939,5167,12.0,306,109,39,345641
ABpraappp:100,ABpraappp,100,30428,5428,-2456,-2336,4599,11.4,303,105,37,268678
ABpraappp:101,ABpraappp,101,31813,6813,-903,-906,5941,11.3,297,104,39,334264
ABpraappp:102,ABpraappp,102,31232,6232,-1499,-1526,5703,12.1,300,101,39,383268
ABpraappp:103,ABpraappp,103,30660,5660,-2403,-2489,4726,12.2,302,103,39,380083
ABpraappp:104,ABpraappp,104,30402,5402,-2472,-2557,3768,12.1,296,106,39,388254
ABpraappp:105,ABpraappp,105,30074,5074,-2181,-2277,3562,12.3,298,106,39,379919
ABprap:31,ABprap,31,30585,5585,-2929,-2965,5583,12.1,377,122,55,642931
ABprap:32,ABprap,32,32996,7996,-1221,-1210,7996,10.6,392,131,60,768936
ABprap:33,ABprap,33,32655,7655,-1129,-1394,7655,10.6,407,148,59,768155
ABprap:34,ABprap,34,33143,8143,-749,-790,8143,10.8,401,124,59,927029
ABprap:35,ABprap,35,35158,10158,1217,1217,10158,10.8,398,111,58,1093203
ABprap:36,ABprap,36,35456,10456,1419,1419,10456,11.0,393,108,58,1224018
ABprap:37,ABprap,37,36602,11602,2685,2685,11602,11.0,386,109,58,1294186
ABprap:38,ABprap,38,36531,11531,3026,3026,11531,11.2,391,97,60,1440805
ABprap:39,ABprap,39,37807,12807,4002,4002,12807,11.8,378,98,58,1366062
ABprap:40,ABprap,40,38123,13123,4666,4666,13123,11.9,381,95,58,1400708
ABprap:41,ABprap,41,37446,12446,4004,4004,12446,12.9,380,95,58,1411995
ABprap:42,ABprap,42,36543,11543,2539,2540,11543,12.6,386,103,58,1229898
ABprap:43,ABprap,43,32126,7126,-2570,-2570,7126,10.0,393,116,46,603382
ABprapa:44,ABprapa,44,39002,14002,4198,4198,14002,9.1,364,110,36,286936
ABprapa:45,ABprapa,45,38270,13270,4380,4366,13270,10.6,356,115,57,698420
ABprapa:46,ABprapa,46,42101,17101,8131,8215,17101,9.1,353,111,54,602731
ABprapa:47,ABprapa,47,42665,17665,8659,8899,17657,10.1,355,101,53,638940
ABprapa:48,ABprapa,48,40493,15493,5993,6442,15493,10.2,360,109,54,729012
ABprapa:49,ABprapa,49,40301,15301,5617,5983,15254,9.0,363,117,53,686903
ABprapa:50,ABprapa,50,40491,15491,5657,5916,15477,9.9,361,108,52,726911
ABprapa:51,ABprapa,51,39363,14363,4895,5062,14363,9.9,360,112,52,701013
ABprapa:52,ABprapa,52,40356,15356,5806,5836,15356,9.9,364,112,51,665485
ABprapa:53,ABprapa,53,38252,13252,4480,4554,13252,9.8,353,110,51,661258
ABprapa:54,ABprapa,54,38821,13821,4714,4728,13821,9.9,345,109,52,761331
ABprapa:55,ABprapa,55,37608,12608,3737,3828,12608,10.1,360,107,52,758259
ABprapa:56,ABprapa,56,35839,10839,2387,2393,10839,10.0,378,105,52,807976
ABprapa:57,ABprapa,57,34570,9570,1768,1758,9570,10.1,394,101,52,788313
ABprapa:58,ABprapa,58,33733,8733,904,906,8733,9.9,393,102,52,821102
ABprapa:59,ABprapa,59,30949,5949,-2547,-2547,5949,9.2,385,102,49,591652
ABprapaa:60,ABprapaa,60,32991,7991,527,527,7972,10.1,357,85,37,257025
ABprapaa:61,ABprapaa,61,32899,7899,1137,1137,7894,10.2,326,89,43,322432
ABprapaa:62,ABprapaa,62,32367,7367,601,659,7347,11.1,312,91,43,377665
ABprapaa:63,ABprapaa,63,33792,8792,1841,1857,8682,10.1,310,95,43,393125
ABprapaa:64,ABprapaa,64,32920,7920,235,270,7851,8.9,306,106,43,392254
ABprapaa:65,ABprapaa,65,32364,7364,-832,-805,7303,8.1,315,105,43,389939
ABprapaa:66,ABprapaa,66,33258,8258,-264,-297,8128,8.0,327,109,43,333980
ABprapaa:67,ABprapaa,67,33217,8217,-1226,-1365,8074,7.2,322,118,43,320317
ABprapaa:68,ABprapaa,68,32855,7855,-2213,-2380,7766,7.2,314,120,43,340083
ABprapaa:69,ABprapaa,69,32540,7540,-2713,-2912,7414,7.1,314,125,43,352112
ABprapaa:70,ABprapaa,70,32575,7575,-2191,-2426,7474,6.9,312,130,43,352523
ABprapaa:71,ABprapaa,71,32704,7704,-2268,-2534,7564,6.8,321,137,43,355075
ABprapaa:72,ABprapaa,72,32229,7229,-3604,-3912,7033,6.1,331,138,43,363644
ABprapaa:73,ABprapaa,73,33730,8730,-2622,-2938,8518,6.0,330,139,43,384213
ABprapaa:74,ABprapaa,74,32032,7032,-4208,-4460,6798,5.9,332,143,43,382348
ABprapaa:75,ABprapaa,75,31554,6554,-3430,-3606,6366,6.2,332,140,43,385922
ABprapaa:76,ABprapaa,76,32037,7037,-3606,-3774,6973,6.0,333,139,45,437540
ABprapaa:77,ABprapaa,77,32414,7414,-2725,-2843,7378,5.4,329,149,47,461245
ABprapaa:78,ABprapaa,78,32176,7176,-3259,-3309,7158,5.5,332,150,47,492192
ABprapaa:79,ABprapaa,79,32377,7377,-2570,-2578,7276,5.2,348,152,43,431629
ABprapaa:80,ABprapaa,80,31695,6695,-3223,-3238,6565,6.0,357,142,42,465902
ABprapaa:81,ABprapaa,81,31368,6368,-2343,-2343,6243,7.0,347,137,32,222674
ABprapaaa:82,ABprapaaa,82,30902,5902,-3081,-3104,5586,6.3,318,154,29,126953
ABprapaaa:83,ABprapaaa,83,31245,6245,-3278,-3391,5935,6.1,317,151,33,181812
ABprapaaa:84,ABprapaaa,84,32525,7525,-1727,-1975,7121,6.0,316,147,35,192691
ABprapaaa:85,ABprapaaa,85,32964,7964,-1643,-1800,7555,5.9,312,138,34,200807
ABprapaaa:86,ABprapaaa,86,32712,7712,-1539,-1757,7304,5.8,314,142,34,197117
ABprapaaa:87,ABprapaaa,87,31560,6560,-3006,-3348,5956,5.9,323,138,34,207091
ABprapaaa:88,ABprapaaa,88,33253,8253,-1369,-1820,7743,6.1,319,135,34,214295
ABprapaaa:89,ABprapaaa,89,33360,8360,-1630,-2041,7956,6.1,313,130,34,224574
ABprapaaa:90,ABprapaaa,90,31623,6623,-3260,-3438,6300,6.2,312,127,34,225663
ABprapaaa:91,ABprapaaa,91,31066,6066,-4731,-4805,5849,6.4,308,126,36,252711
ABprapaaa:92,ABprapaaa,92,32181,7181,-2216,-2245,6964,7.0,303,123,34,242728
ABprapaaa:93,ABprapaaa,93,31880,6880,-3253,-3406,6357,7.1,306,130,34,253333
ABprapaaa:94,ABprapaaa,94,31497,6497,-3527,-3843,5892,7.0,312,125,34,265086
ABprapaaa:95,ABprapaaa,95,30813,5813,-4432,-4600,5514,7.1,309,128,36,320966
ABprapaaa:96,ABprapaaa,96,32013,7013,-2708,-2844,6666,7.3,300,124,36,267883
ABprapaaa:97,ABprapaaa,97,31611,6611,-2958,-3121,6396,7.2,299,123,39,293395
ABprapaaa:98,ABprapaaa,98,30992,5992,-3799,-3966,5788,7.2,293,124,37,282420
ABprapaaa:99,ABprapaaa,99,31435,6435,-3674,-3730,6244,7.1,297,126,37,286418
ABprapaaa:100,ABprapaaa,100,31608,6608,-3279,-3306,6394,7.1,294,125,37,288538
ABprapaaa:101,ABprapaaa,101,31967,6967,-3242,-3248,6537,7.1,299,123,37,303340
ABprapaaa:102,ABprapaaa,102,31102,6102,-3307,-3296,5950,7.2,300,124,35,264926
ABprapaaa:103,ABprapaaa,103,31465,6465,-2132,-2118,6071,7.9,303,121,35,270625
ABprapaaa:104,ABprapaaa,104,31864,6864,-1251,-1313,6466,8.0,301,117,37,341626
ABprapaaa:105,ABprapaaa,105,31654,6654,-651,-661,6237,8.3,300,120,37,327439
ABprapaap:82,ABprapaap,82,32827,7827,-2901,-2931,7627,5.4,365,138,31,150792
ABprapaap:83,ABprapaap,83,33395,8395,-1766,-1923,7961,6.0,371,131,35,195794
ABprapaap:84,ABprapaap,84,31563,6563,-3060,-3272,6070,6.0,379,141,35,197032
ABprapaap:85,ABprapaap,85,31813,6813,-2893,-3139,6450,5.9,378,127,34,201141
ABprapaap:86,ABprapaap,86,33343,8343,-1636,-2109,7899,6.0,376,122,34,208436
ABprapaap:87,ABprapaap,87,33288,8288,-2505,-2757,7922,6.0,383,116,34,215934
ABprapaap:88,ABprapaap,88,34252,9252,-1508,-1887,8888,5.9,378,112,34,223293
ABprapaap:89,ABprapaap,89,32000,7000,-3248,-3533,6764,6.2,376,107,36,265107
ABprapaap:90,ABprapaap,90,31575,6575,-3233,-3433,6290,6.5,370,106,36,282613
ABprapaap:91,ABprapaap,91,30955,5955,-4211,-4535,5493,6.9,366,102,34,240489
ABprapaap:92,ABprapaap,92,30939,5939,-3673,-3525,5516,7.1,359,108,34,249992
ABprapaap:93,ABprapaap,93,31317,6317,-3234,-3330,6005,7.2,362,109,34,250915
ABprapaap:94,ABprapaap,94,31416,6416,-1997,-2104,5909,7.9,365,105,34,262368
ABprapaap:95,ABprapaap,95,31062,6062,-2472,-2546,5484,7.9,357,107,34,274333
ABprapaap:96,ABprapaap,96,31646,6646,-2398,-2418,6350,7.4,354,106,36,253134
ABprapaap:97,ABprapaap,97,31681,6681,-1915,-1947,6280,8.0,357,106,37,296376
ABprapaap:98,ABprapaap,98,32661,7661,-525,-681,7329,8.1,354,103,37,308587
ABprapaap:99,ABprapaap,99,32376,7376,-944,-959,6989,8.0,349,109,35,260712
ABprapaap:100,ABprapaap,100,31469,6469,-1502,-1525,5829,8.8,344,105,35,265908
ABprapaap:101,ABprapaap,101,30710,5710,-1945,-2005,5119,8.9,344,101,35,267602
ABprapaap:102,ABprapaap,102,30907,5907,-1551,-1566,5318,9.1,344,94,37,330805
ABprapaap:103,ABprapaap,103,30897,5897,-1515,-1526,5512,9.1,343,100,35,286473
ABprapaap:104,ABprapaap,104,31779,6779,-632,-634,6388,10.1,342,97,37,350545
ABprapaap:105,ABprapaap,105,32688,7688,649,591,6943,10.2,341,100,37,345673
ABprapap:60,ABprapap,60,33729,8729,-902,-902,8717,7.2,405,112,37,246467
ABprapap:61,ABprapap,61,33927,8927,-11,-58,8918,7.9,388,112,45,331791
ABprapap:62,ABprapap,62,33658,8658,-430,-442,8654,8.1,388,103,43,335210
ABprapap:63,ABprapap,63,34794,9794,896,867,9706,7.9,391,108,43,344683
ABprapap:64,ABprapap,64,32335,7335,-1566,-1531,7303,8.0,397,105,43,371214
ABprapap:65,ABprapap,65,33791,8791,-628,-673,8733,7.9,404,106,43,368112
ABprapap:66,ABprapap,66,32891,7891,-2711,-2789,7787,7.1,406,109,43,308944
ABprapap:67,ABprapap,67,32326,7326,-2877,-3082,7261,7.1,402,110,45,344206
ABprapap:68,ABprapap,68,32223,7223,-3181,-3284,7173,7.1,400,109,43,319574
ABprapap:69,ABprapap,69,31888,6888,-2603,-2808,6830,7.9,394,109,43,331683
ABprapap:70,ABprapap,70,32593,7593,-2398,-2488,7554,6.9,393,115,43,338652
ABprapap:71,ABprapap,71,32170,7170,-2724,-2812,7092,6.9,406,117,43,335416
ABprapap:72,ABprapap,72,31380,6380,-4505,-4616,6344,6.2,412,120,45,354340
ABprapap:73,ABprapap,73,31208,6208,-3848,-4033,6009,7.0,411,115,45,399809
ABprapap:74,ABprapap,74,31007,6007,-3930,-4067,5933,7.0,412,122,45,409827
ABprapap:75,ABprapap,75,31479,6479,-3126,-3185,6449,7.3,416,123,45,392476
ABprapap:76,ABprapap,76,31062,6062,-2726,-2774,6040,7.2,419,116,45,421865
ABprapap:77,ABprapap,77,30157,5157,-3386,-3386,5155,7.8,418,121,43,426679
ABprapap:78,ABprapap,78,30639,5639,-3578,-3578,5638,7.2,418,130,45,454576
ABprapap:79,ABprapap,79,31546,6546,-1936,-1936,6545,7.1,420,129,33,243131
ABprapapa:80,ABprapapa,80,31585,6585,-2039,-2039,6447,6.2,410,122,28,147305
ABprapapa:81,ABprapapa,81,33379,8379,-1939,-1939,8358,6.2,402,117,36,204174
ABprapapa:82,ABprapapa,82,32669,7669,-2805,-2839,7475,6.1,402,116,37,203888
ABprapapa:83,ABprapapa,83,31474,6474,-2631,-2932,5940,6.9,399,108,35,183008
ABprapapa:84,ABprapapa,84,32755,7755,-2479,-2795,7507,6.1,401,109,39,246100
ABprapapa:85,ABprapapa,85,31529,6529,-2569,-2699,6087,7.1,402,98,36,238837
ABprapapa:86,ABprapapa,86,30442,5442,-3838,-3972,4838,7.1,401,98,36,243315
ABprapapa:87,ABprapapa,87,30654,5654,-2828,-2833,5255,7.3,414,94,36,234025
ABprapapa:88,ABprapapa,88,30215,5215,-3525,-3647,4885,7.3,414,97,36,254086
ABprapapa:89,ABprapapa,89,29202,4202,-4003,-4044,3976,8.1,413,89,36,272207
ABprapapa:90,ABprapapa,90,30229,5229,-2602,-2594,5088,8.1,416,93,38,304437
ABprapapa:91,ABprapapa,91,29628,4628,-3044,-3115,4341,8.3,407,92,38,282746
ABprapapa:92,ABprapapa,92,30084,5084,-3228,-3293,4540,9.1,407,89,36,301659
ABprapapa:93,ABprapapa,93,29777,4777,-2833,-2846,4616,8.4,407,88,36,284790
ABprapapa:94,ABprapapa,94,29892,4892,-2388,-2378,4626,8.4,419,88,38,309134
ABprapapa:95,ABprapapa,95,30213,5213,-2800,-2834,4968,8.3,410,96,36,308501
ABprapapa:96,ABprapapa,96,31176,6176,-1759,-1769,5974,8.3,408,90,36,269799
ABprapapa:97,ABprapapa,97,30825,5825,-2502,-2560,5327,8.2,410,92,37,293799
ABprapapa:98,ABprapapa,98,30221,5221,-2471,-2455,5042,8.3,411,92,39,294316
ABprapapa:99,ABprapapa,99,30450,5450,-2333,-2441,4947,8.3,407,94,39,324673
ABprapapa:100,ABprapapa,100,31187,6187,-1523,-1559,5930,8.4,410,90,39,314553
ABprapapa:101,ABprapapa,101,30980,5980,-1734,-1770,5593,9.1,416,86,39,356785
ABprapapa:102,ABprapapa,102,29718,4718,-2532,-2577,4219,9.2,421,85,39,371436
ABprapapa:103,ABprapapa,103,29697,4697,-2573,-2659,4193,10.1,427,87,39,369146
ABprapapa:104,ABprapapa,104,30723,5723,-1592,-1613,5359,10.1,430,85,39,378025
ABprapapa:105,ABprapapa,105,29567,4567,-2875,-2885,4256,10.1,439,85,39,390451
ABprapapp:80,ABprapapp,80,35030,10030,1682,1682,9990,6.4,461,132,32,176499
ABprapapp:81,ABprapapp,81,31427,6427,-2196,-2194,6391,7.0,462,135,34,177808
ABprapapp:82,ABprapapp,82,31118,6118,-2555,-2563,5991,7.2,467,131,37,201110
ABprapapp:83,ABprapapp,83,30441,5441,-2283,-2279,5097,8.1,474,128,37,221465
ABprapapp:84,ABprapapp,84,30406,5406,-2276,-2300,5147,7.5,482,118,37,206306
ABprapapp:85,ABprapapp,85,29505,4505,-2858,-2940,3955,8.4,485,119,36,220476
ABprapapp:86,ABprapapp,86,29886,4886,-1977,-2003,4511,8.4,487,110,36,228456
ABprapapp:87,ABprapapp,87,30352,5352,-1340,-1357,5137,9.2,498,110,36,253221
ABprapapp:88,ABprapapp,88,28823,3823,-2589,-2589,3780,9.3,497,111,38,273053
ABprapapp:89,ABprapapp,89,30564,5564,-863,-863,5522,10.0,493,106,36,276440
ABprapapp:90,ABprapapp,90,30493,5493,-1323,-1323,5464,10.1,491,112,36,271462
ABprapapp:91,ABprapapp,91,29921,4921,-1556,-1568,4755,11.1,484,105,36,292636
ABprapapp:92,ABprapapp,92,30626,5626,-576,-576,5551,10.4,479,100,36,284291
ABprapapp:93,ABprapapp,93,30129,5129,-1176,-1199,4955,11.3,479,107,36,277718
ABprapapp:94,ABprapapp,94,30146,5146,-1729,-1729,5064,11.9,488,108,34,250334
ABprapapp:95,ABprapapp,95,30847,5847,-166,-166,5786,11.3,480,113,36,294203
ABprapapp:96,ABprapapp,96,30576,5576,-1570,-1563,5481,12.0,476,104,34,227072
ABprapapp:97,ABprapapp,97,30119,5119,-1119,-1119,5088,12.0,479,106,37,267398
ABprapapp:98,ABprapapp,98,30036,5036,-1095,-1095,4973,12.0,475,104,37,268931
ABprapapp:99,ABprapapp,99,30294,5294,-1102,-1102,5227,12.1,468,105,37,274770
ABprapapp:100,ABprapapp,100,30334,5334,-791,-791,5145,13.0,464,100,37,282355
ABprapapp:101,ABprapapp,101,29184,4184,-2064,-2052,4043,13.1,466,101,37,274715
ABprapapp:102,ABprapapp,102,30866,5866,-25,-28,5659,14.0,468,100,37,298864
ABprapapp:103,ABprapapp,103,29186,4186,-2166,-2166,4103,14.1,469,100,37,290009
ABprapapp:104,ABprapapp,104,30167,5167,-826,-851,5079,14.0,465,101,37,307104
ABprapapp:105,ABprapapp,105,29831,4831,-1678,-1657,4623,14.2,467,105,39,358963
ABprapp:44,ABprapp,44,37483,12483,3073,3092,12480,10.3,437,98,48,488348
ABprapp:45,ABprapp,45,39695,14695,6423,6458,14695,10.9,440,97,57,760914
ABprapp:46,ABprapp,46,41402,16402,7739,7984,16384,11.9,461,101,56,671739
ABprapp:47,ABprapp,47,40945,15945,7014,7336,15881,11.8,456,97,55,708697
ABprapp:48,ABprapp,48,41196,16196,7303,7628,16168,11.2,452,103,54,732959
ABprapp:49,ABprapp,49,42388,17388,8540,8766,17369,11.1,446,105,53,713466
ABprapp:50,ABprapp,50,42111,17111,7666,7846,17085,11.8,451,104,52,710689
ABprapp:51,ABprapp,51,39178,14178,4993,5201,14150,12.0,445,98,52,733047
ABprapp:52,ABprapp,52,39072,14072,5267,5281,14059,12.1,443,102,51,683982
ABprapp:53,ABprapp,53,37895,12895,4040,4147,12865,12.2,434,106,51,689014
ABprapp:54,ABprapp,54,36545,11545,2878,2958,11512,12.1,425,107,52,762250
ABprapp:55,ABprapp,55,37349,12349,3167,3309,12306,12.1,439,116,52,799373
ABprapp:56,ABprapp,56,35386,10386,2017,2187,10314,12.9,459,125,52,787856
ABprapp:57,ABprapp,57,34043,9043,949,1049,9024,12.1,472,139,52,780527
ABprapp:58,ABprapp,58,33605,8605,991,1038,8605,11.9,466,146,52,767920
ABprapp:59,ABprapp,59,31046,6046,-1829,-1836,6046,11.9,469,144,51,623354
ABprappa:60,ABprappa,60,32354,7354,-428,-428,7333,11.1,459,114,35,237447
ABprappa:61,ABprappa,61,33280,8280,783,751,8239,11.1,443,106,45,354071
ABprappa:62,ABprappa,62,34449,9449,2137,2161,9329,12.1,442,99,45,376985
ABprappa:63,ABprappa,63,33449,8449,1230,1219,8010,13.0,446,102,43,371375
ABprappa:64,ABprappa,64,33734,8734,1686,1787,8264,12.0,451,93,45,433843
ABprappa:65,ABprappa,65,32615,7615,73,135,7379,12.1,458,99,45,447001
ABprappa:66,ABprappa,66,32625,7625,506,520,7526,11.2,455,103,45,346985
ABprappa:67,ABprappa,67,32153,7153,-334,-347,7067,10.4,448,99,45,336671
ABprappa:68,ABprappa,68,32452,7452,-383,-334,7322,11.0,443,103,45,377601
ABprappa:69,ABprappa,69,30999,5999,-1953,-2016,5876,11.1,438,98,45,379522
ABprappa:70,ABprappa,70,31077,6077,-1094,-1106,5971,11.2,432,96,47,435151
ABprappa:71,ABprappa,71,31507,6507,-1155,-1252,6323,11.2,437,97,47,463793
ABprappa:72,ABprappa,72,30242,5242,-2392,-2354,4862,11.0,435,98,47,501801
ABprappa:73,ABprappa,73,31196,6196,-1666,-1821,5601,11.2,416,91,47,511498
ABprappa:74,ABprappa,74,30663,5663,-2137,-2173,5368,11.1,405,90,47,532611
ABprappa:75,ABprappa,75,30945,5945,-1864,-1944,5783,12.0,402,87,47,551700
ABprappa:76,ABprappa,76,30183,5183,-1939,-1972,4936,12.0,398,85,47,551194
ABprappa:77,ABprappa,77,29601,4601,-2134,-2085,4542,12.1,387,80,47,562783
ABprappa:78,ABprappa,78,29710,4710,-2044,-2015,4655,12.0,392,80,47,574587
ABprappa:79,ABprappa,79,30445,5445,-862,-851,5415,12.0,400,82,45,535172
ABprappa:80,ABprappa,80,30100,5100,-1363,-1349,5062,12.0,425,78,44,546321
ABprappa:81,ABprappa,81,29523,4523,-2378,-2373,4388,11.2,432,83,42,369412
ABprappa:82,ABprappa,82,29913,4913,-1562,-1562,4778,11.2,424,89,31,202764
ABprappaa:83,ABprappaa,83,31753,6753,149,109,6425,12.2,385,81,31,160170
ABprappaa:84,ABprappaa,84,29890,4890,-2198,-2209,4662,11.9,384,82,35,204398
ABprappaa:85,ABprappaa,85,30058,5058,-1584,-1694,4496,11.3,379,82,36,237972
ABprappaa:86,ABprappaa,86,29779,4779,-2158,-2234,4403,12.0,376,77,36,272132
ABprappaa:87,ABprappaa,87,29744,4744,-1981,-2157,4427,11.1,381,75,34,226699
ABprappaa:88,ABprappaa,88,29951,4951,-1586,-1584,4700,11.3,382,73,36,268448
ABprappaa:89,ABprappaa,89,29997,4997,-1171,-1224,4759,12.1,381,71,38,320879
ABprappaa:90,ABprappaa,90,30188,5188,-1473,-1490,4892,12.1,379,75,36,297629
ABprappaa:91,ABprappaa,91,30284,5284,-1785,-1896,4779,12.9,379,81,34,257737
ABprappaa:92,ABprappaa,92,29556,4556,-2347,-2507,4013,12.2,373,82,38,322973
ABprappaa:93,ABprappaa,93,29075,4075,-2945,-3020,3454,12.1,375,89,36,311066
ABprappaa:94,ABprappaa,94,29670,4670,-2886,-3013,4086,12.2,379,83,36,300183
ABprappaa:95,ABprappaa,95,30563,5563,-1772,-1869,4830,12.3,370,89,38,322679
ABprappaa:96,ABprappaa,96,29114,4114,-3853,-3938,3616,13.0,367,85,36,270627
ABprappaa:97,ABprappaa,97,29921,4921,-3023,-3146,3987,12.2,369,86,39,314976
ABprappaa:98,ABprappaa,98,30881,5881,-1409,-1553,4797,12.1,363,84,39,326730
ABprappaa:99,ABprappaa,99,31182,6182,-2123,-2095,5225,12.1,356,89,39,346952
ABprappaa:100,ABprappaa,100,30077,5077,-2865,-2854,3999,12.4,352,89,37,299335
ABprappaa:101,ABprappaa,101,31284,6284,-1550,-1637,5259,13.1,352,87,39,369288
ABprappaa:102,ABprappaa,102,31135,6135,-951,-959,4672,13.3,351,87,37,313394
ABprappaa:103,ABprappaa,103,30136,5136,-1836,-1922,4130,14.1,351,91,39,377929
ABprappaa:104,ABprappaa,104,29706,4706,-2119,-2210,3904,15.0,347,82,39,376836
ABprappaa:105,ABprappaa,105,30291,5291,-1516,-1666,3778,14.3,346,86,39,343011
ABprappap:83,ABprappap,83,31522,6522,-1018,-1057,6285,11.2,449,88,29,134602
ABprappap:84,ABprappap,84,31336,6336,-862,-872,6127,11.1,449,92,35,200632
ABprappap:85,ABprappap,85,30598,5598,-1294,-1254,5267,12.0,453,89,36,257239
ABprappap:86,ABprappap,86,32072,7072,259,214,6664,12.2,447,85,36,258587
ABprappap:87,ABprappap,87,31844,6844,176,185,6693,12.2,448,81,36,245152
ABprappap:88,ABprappap,88,31795,6795,-123,-139,6614,12.3,447,79,36,252755
ABprappap:89,ABprappap,89,29977,4977,-2256,-2274,4710,13.0,444,77,36,274655
ABprappap:90,ABprappap,90,30267,5267,-1931,-2004,4879,13.1,439,79,38,322477
ABprappap:91,ABprappap,91,30628,5628,-1310,-1383,5356,13.3,436,75,38,306947
ABprappap:92,ABprappap,92,30894,5894,-1409,-1427,5201,13.3,423,79,38,297711
ABprappap:93,ABprappap,93,30749,5749,-880,-869,5098,14.1,426,81,38,357375
ABprappap:94,ABprappap,94,30716,5716,-1077,-1207,4770,13.2,431,80,38,354505
ABprappap:95,ABprappap,95,29937,4937,-2148,-2473,3473,13.1,424,86,38,380300
ABprappap:96,ABprappap,96,30470,5470,-1504,-1770,4727,13.2,419,76,38,300834
ABprappap:97,ABprappap,97,31665,6665,-431,-481,5636,12.3,420,77,39,306618
ABprappap:98,ABprappap,98,29613,4613,-2804,-2980,3677,13.1,413,75,37,313923
ABprappap:99,ABprappap,99,31876,6876,-953,-1186,5336,12.4,405,84,37,285245
ABprappap:100,ABprappap,100,30066,5066,-2447,-2776,3528,13.1,402,77,39,356384
ABprappap:101,ABprappap,101,30680,5680,-1750,-1915,4305,13.1,403,76,37,324295
ABprappap:102,ABprappap,102,31115,6115,-1100,-1246,5202,13.0,404,78,37,335446
ABprappap:103,ABprappap,103,30921,5921,-1750,-2083,4888,13.3,405,82,37,309893
ABprappap:104,ABprappap,104,30666,5666,-1513,-1480,5142,14.0,402,76,39,373329
ABprappap:105,ABprappap,105,31268,6268,-1137,-1184,5959,13.2,404,78,39,362491
ABprappp:60,ABprappp,60,30863,5863,-1155,-1208,5841,10.2,498,165,35,205745
ABprappp:61,ABprappp,61,32656,7656,329,313,7641,10.1,500,158,41,290810
ABprappp:62,ABprappp,62,33265,8265,537,513,8231,10.0,509,159,43,333863
ABprappp:63,ABprappp,63,32175,7175,-375,-341,7106,10.0,521,165,43,343796
ABprappp:64,ABprappp,64,33097,8097,1138,1153,8044,11.1,520,161,43,369189
ABprappp:65,ABprappp,65,32289,7289,38,-26,7240,11.2,525,160,43,371490
ABprappp:66,ABprappp,66,31192,6192,-718,-756,6096,11.1,532,155,43,312081
ABprappp:67,ABprappp,67,31762,6762,10,93,6661,11.1,527,146,43,354014
ABprappp:68,ABprappp,68,31465,6465,-50,-59,6341,10.2,527,134,43,344061
ABprappp:69,ABprappp,69,31098,6098,-678,-576,5855,9.9,517,127,43,355178
ABprappp:70,ABprappp,70,30628,5628,-1141,-1119,5524,10.9,516,131,43,347914
ABprappp:71,ABprappp,71,31052,6052,-754,-740,5951,10.9,511,128,43,362166
ABprappp:72,ABprappp,72,31964,6964,269,220,6928,10.9,512,133,43,364196
ABprappp:73,ABprappp,73,30891,5891,-223,-224,5867,11.0,510,122,43,388022
ABprappp:74,ABprappp,74,30726,5726,-428,-417,5703,11.9,494,123,43,381638
ABprappp:75,ABprappp,75,29413,4413,-1329,-1364,4361,11.9,488,123,43,394699
ABprappp:76,ABprappp,76,30937,5937,-109,-89,5789,11.9,490,123,43,389534
ABprappp:77,ABprappp,77,29677,4677,-1330,-1295,4616,11.1,482,121,43,403215
ABprappp:78,ABprappp,78,29856,4856,-1272,-1242,4776,11.0,494,128,43,425281
ABprappp:79,ABprappp,79,29763,4763,-1114,-1092,4709,10.1,497,124,43,446448
ABprappp:80,ABprappp,80,29764,4764,-1748,-1750,4586,10.8,501,126,42,464747
ABprappp:81,ABprappp,81,30452,5452,-1021,-999,5094,10.8,503,131,40,360918
ABprappp:82,ABprappp,82,30425,5425,-909,-922,4951,11.0,499,129,35,249500
ABprapppa:83,ABprapppa,83,31064,6064,447,431,5404,11.3,488,101,33,179578
ABprapppa:84,ABprapppa,84,31152,6152,297,298,5474,11.8,498,97,35,200564
ABprapppa:85,ABprapppa,85,30297,5297,283,447,4640,11.1,501,99,36,262440
ABprapppa:86,ABprapppa,86,31152,6152,93,127,5380,12.1,497,91,36,268766
ABprapppa:87,ABprapppa,87,30745,5745,81,194,5252,13.1,497,84,34,234089
ABprapppa:88,ABprapppa,88,29607,4607,-670,-641,4209,14.1,488,79,34,238380
ABprapppa:89,ABprapppa,89,30084,5084,-612,-596,4485,15.0,489,79,34,239127
ABprapppa:90,ABprapppa,90,29051,4051,-1558,-1560,3233,15.0,478,80,36,297421
ABprapppa:91,ABprapppa,91,30824,5824,-12,-32,5034,15.4,478,79,36,270717
ABprapppa:92,ABprapppa,92,29892,4892,-793,-831,4359,15.3,468,78,36,287279
ABprapppa:93,ABprapppa,93,29360,4360,-1743,-1727,3435,15.2,469,88,34,263984
ABprapppa:94,ABprapppa,94,30605,5605,-665,-736,4735,15.8,467,81,34,255631
ABprapppa:95,ABprapppa,95,30468,5468,-629,-547,4453,15.2,452,87,38,344491
ABprapppa:96,ABprapppa,96,30652,5652,13,39,4932,15.4,449,76,38,267022
ABprapppa:97,ABprapppa,97,29469,4469,-2347,-2448,3621,16.0,445,81,35,240378
ABprapppa:98,ABprapppa,98,30401,5401,-920,-1040,4615,16.2,440,84,37,293361
ABprapppa:99,ABprapppa,99,30139,5139,-1090,-1183,4108,16.3,429,90,39,307276
ABprapppa:100,ABprapppa,100,30515,5515,-1359,-1553,4050,16.2,417,85,37,287163
ABprapppa:101,ABprapppa,101,30231,5231,-1475,-1480,4151,17.1,419,86,39,329245
ABprapppa:102,ABprapppa,102,30587,5587,-940,-1064,4502,17.2,419,87,37,300466
ABprapppa:103,ABprapppa,103,31676,6676,347,67,5663,17.3,417,95,37,283348
ABprapppa:104,ABprapppa,104,31108,6108,-629,-885,4992,17.4,419,90,37,254209
ABprapppa:105,ABprapppa,105,29739,4739,-1973,-2169,4096,18.0,423,93,35,257610
ABprapppp:83,ABprapppp,83,31770,6770,558,558,6657,12.1,527,139,31,169286
ABprapppp:84,ABprapppp,84,29909,4909,-382,-307,4749,13.0,534,138,35,196448
ABprapppp:85,ABprapppp,85,30334,5334,-152,-124,5210,14.1,540,140,34,198854
ABprapppp:86,ABprapppp,86,29853,4853,36,34,4723,14.0,536,131,34,210432
ABprapppp:87,ABprapppp,87,29365,4365,-1083,-1089,4294,15.1,534,126,34,203180
ABprapppp:88,ABprapppp,88,30014,5014,-549,-522,4739,16.9,515,121,34,206933
ABprapppp:89,ABprapppp,89,31009,6009,664,819,5606,16.3,514,120,36,243792
ABprapppp:90,ABprapppp,90,30210,5210,-523,-498,4895,17.2,508,126,36,248242
ABprapppp:91,ABprapppp,91,30868,5868,569,577,5424,18.1,510,121,34,212919
ABprapppp:92,ABprapppp,92,31045,6045,513,538,5617,18.9,494,115,34,233740
ABprapppp:93,ABprapppp,93,30473,5473,-257,-251,4957,19.1,496,119,36,280335
ABprapppp:94,ABprapppp,94,30877,5877,166,380,5206,19.1,494,107,34,240909
ABprapppp:95,ABprapppp,95,30203,5203,-541,-476,4769,19.0,483,108,34,241780
ABprapppp:96,ABprapppp,96,30093,5093,-973,-941,4184,18.1,482,99,36,246133
ABprapppp:97,ABprapppp,97,30091,5091,-478,-622,4517,19.0,477,100,35,205373
ABprapppp:98,ABprapppp,98,30165,5165,-475,-322,4181,18.2,475,102,37,247936
ABprapppp:99,ABprapppp,99,31664,6664,638,665,6163,19.0,468,102,35,222815
ABprapppp:100,ABprapppp,100,30969,5969,792,953,5177,18.4,458,91,37,231215
ABprapppp:101,ABprapppp,101,29753,4753,-729,-698,4208,19.2,460,99,39,297329
ABprapppp:102,ABprapppp,102,30213,5213,-331,-192,4077,19.1,460,102,37,275535
ABprapppp:103,ABprapppp,103,30174,5174,-338,-314,4676,20.0,459,110,37,261755
ABprapppp:104,ABprapppp,104,30624,5624,60,35,4783,20.1,460,105,39,288133
ABprapppp:105,ABprapppp,105,30204,5204,-56,-100,4511,20.2,459,105,37,259972
ABprp:22,ABprp,22,30149,5149,-1683,-1720,5149,18.0,427,180,55,562592
ABprp:23,ABprp,23,29941,4941,-1845,-1845,4941,18.7,425,167,55,538049
ABprp:24,ABprp,24,29179,4179,-2696,-2696,4179,19.0,427,159,56,649236
ABprp:25,ABprp,25,29689,4689,-2569,-2569,4689,19.2,439,156,63,966496
ABprp:26,ABprp,26,29413,4413,-2459,-2459,4413,19.5,456,157,63,1190310
ABprp:27,ABprp,27,29326,4326,-2613,-2613,4326,19.3,467,152,65,1496094
ABprp:28,ABprp,28,29155,4155,-3146,-3146,4155,19.3,475,156,67,1720913
ABprp:29,ABprp,29,29539,4539,-2056,-2056,4539,19.7,468,161,66,1736024
ABprp:30,ABprp,30,28751,3751,-2767,-2767,3751,19.9,467,164,62,964455
ABprpa:31,ABprpa,31,30557,5557,-533,-529,5496,21.9,448,161,61,718706
ABprpa:32,ABprpa,32,30696,5696,-942,-884,5696,21.8,416,133,60,739021
ABprpa:33,ABprpa,33,31443,6443,-146,-158,6443,21.1,417,127,61,827003
ABprpa:34,ABprpa,34,31591,6591,-246,-246,6591,21.2,408,125,61,925490
ABprpa:35,ABprpa,35,32922,7922,1031,1031,7922,21.7,400,126,58,981609
ABprpa:36,ABprpa,36,32716,7716,429,429,7716,21.0,403,126,58,1084330
ABprpa:37,ABprpa,37,33152,8152,802,804,8152,20.2,409,117,60,1242659
ABprpa:38,ABprpa,38,34077,9077,1821,1768,9077,20.1,412,117,60,1292848
ABprpa:39,ABprpa,39,34513,9513,1551,1521,9513,20.2,415,113,60,1371054
ABprpa:40,ABprpa,40,34779,9779,2104,2132,9779,20.8,419,125,58,1251378
ABprpa:41,ABprpa,41,33722,8722,1210,1189,8722,21.1,426,135,60,1285684
ABprpa:42,ABprpa,42,33674,8674,1377,1366,8670,20.1,418,136,60,1280635
ABprpa:43,ABprpa,43,34100,9100,1622,1609,9100,19.2,414,124,60,1274900
ABprpa:44,ABprpa,44,31229,6229,-1218,-1241,6229,19.9,415,124,58,929883
ABprpaa:45,ABprpaa,45,33673,8673,1912,1940,8673,18.9,403,94,57,746071
ABprpaa:46,ABprpaa,46,36972,11972,5298,5404,11969,19.0,409,90,56,612362
ABprpaa:47,ABprpaa,47,36804,11804,4910,5206,11804,20.0,397,90,55,615284
ABprpaa:48,ABprpaa,48,37846,12846,5689,5885,12837,18.9,395,83,54,701535
ABprpaa:49,ABprpaa,49,36899,11899,4901,5064,11884,18.9,392,85,53,673264
ABprpaa:50,ABprpaa,50,37670,12670,5398,5619,12656,18.8,391,85,52,720077
ABprpaa:51,ABprpaa,51,38688,13688,6352,6411,13688,18.0,383,84,52,727253
ABprpaa:52,ABprpaa,52,38184,13184,5941,5957,13181,18.1,388,86,51,652301
ABprpaa:53,ABprpaa,53,37612,12612,5522,5577,12608,18.4,382,88,53,699219
ABprpaa:54,ABprpaa,54,36500,11500,3969,3981,11497,18.9,375,93,52,749679
ABprpaa:55,ABprpaa,55,35462,10462,3119,3210,10461,19.0,390,93,52,722638
ABprpaa:56,ABprpaa,56,36361,11361,3952,3974,11357,18.2,412,95,52,709176
ABprpaa:57,ABprpaa,57,32886,7886,689,665,7886,19.1,430,97,52,700019
ABprpaa:58,ABprpaa,58,32749,7749,635,662,7749,18.2,429,100,52,721790
ABprpaa:59,ABprpaa,59,32506,7506,626,620,7505,19.0,439,97,51,675089
ABprpaa:60,ABprpaa,60,30637,5637,-897,-863,5579,19.1,417,101,37,283257
ABprpaaa:61,ABprpaaa,61,31173,6173,330,335,5932,21.0,363,107,45,285126
ABprpaaa:62,ABprpaaa,62,32581,7581,1635,1628,7215,22.0,356,113,43,285010
ABprpaaa:63,ABprpaaa,63,32134,7134,1114,1105,7134,21.2,354,108,45,315835
ABprpaaa:64,ABprpaaa,64,33501,8501,2598,2593,8501,21.9,349,101,43,339494
ABprpaaa:65,ABprpaaa,65,31974,6974,682,754,6953,20.2,341,101,45,393516
ABprpaaa:66,ABprpaaa,66,32644,7644,1720,1705,7582,21.1,341,104,43,295773
ABprpaaa:67,ABprpaaa,67,31433,6433,475,493,6101,20.0,322,106,43,325011
ABprpaaa:68,ABprpaaa,68,31697,6697,176,170,6595,19.9,313,106,43,337484
ABprpaaa:69,ABprpaaa,69,31957,6957,856,761,6568,18.1,301,105,45,384286
ABprpaaa:70,ABprpaaa,70,31919,6919,254,207,6412,16.2,289,101,45,364228
ABprpaaa:71,ABprpaaa,71,32689,7689,600,593,7533,14.1,290,97,43,373522
ABprpaaa:72,ABprpaaa,72,32295,7295,-418,-574,7076,13.8,279,106,43,369876
ABprpaaa:73,ABprpaaa,73,31534,6534,-1189,-1300,6352,13.0,274,110,43,385197
ABprpaaa:74,ABprpaaa,74,31675,6675,-470,-481,6515,11.4,258,118,45,384747
ABprpaaa:75,ABprpaaa,75,31039,6039,-1000,-1143,5834,12.3,245,121,45,416624
ABprpaaa:76,ABprpaaa,76,30975,5975,-1218,-1364,5470,12.2,242,125,45,458068
ABprpaaa:77,ABprpaaa,77,30928,5928,-933,-1217,5245,13.2,243,129,47,576572
ABprpaaa:78,ABprpaaa,78,30244,5244,-1563,-1572,4864,13.3,246,126,45,486216
ABprpaaa:79,ABprpaaa,79,29611,4611,-2363,-2493,4279,13.1,252,127,43,464905
ABprpaaa:80,ABprpaaa,80,29497,4497,-2334,-2539,3822,14.0,253,123,34,295465
ABprpaaaa:81,ABprpaaaa,81,31391,6391,-595,-598,5834,14.3,202,149,34,180844
ABprpaaaa:82,ABprpaaaa,82,30206,5206,-877,-989,4911,14.9,190,150,37,214574
ABprpaaaa:83,ABprpaaaa,83,31102,6102,-228,-226,5813,14.0,185,150,35,187854
ABprpaaaa:84,ABprpaaaa,84,30936,5936,-28,-219,4677,14.9,187,150,35,198946
ABprpaaaa:85,ABprpaaaa,85,29479,4479,-1932,-2089,3046,15.9,184,153,34,210789
ABprpaaaa:86,ABprpaaaa,86,31077,6077,-80,-338,3651,16.0,174,160,38,308993
ABprpaaaa:87,ABprpaaaa,87,31493,6493,297,169,4920,15.2,185,153,38,290391
ABprpaaaa:88,ABprpaaaa,88,30830,5830,-932,-1016,5186,15.2,188,152,38,295584
ABprpaaaa:89,ABprpaaaa,89,31091,6091,-724,-706,5619,15.0,192,150,34,229718
ABprpaaaa:90,ABprpaaaa,90,30724,5724,-1537,-1643,5091,15.1,189,153,36,286699
ABprpaaaa:91,ABprpaaaa,91,29856,4856,-1910,-2173,3469,15.1,196,159,36,294251
ABprpaaaa:92,ABprpaaaa,92,29997,4997,-1961,-2231,3460,15.1,190,168,36,299107
ABprpaaaa:93,ABprpaaaa,93,30431,5431,-1855,-2278,4033,15.1,200,168,38,347355
ABprpaaaa:94,ABprpaaaa,94,30204,5204,-2104,-2445,4149,15.2,209,165,38,354205
ABprpaaaa:95,ABprpaaaa,95,31135,6135,-1199,-1457,4487,15.2,200,169,38,372247
ABprpaaaa:96,ABprpaaaa,96,31135,6135,-1380,-1503,5191,16.1,204,166,38,317874
ABprpaaaa:97,ABprpaaaa,97,31350,6350,-393,-665,5132,16.1,205,160,37,297726
ABprpaaaa:98,ABprpaaaa,98,30713,5713,-1897,-2316,4475,16.3,202,165,39,309983
ABprpaaaa:99,ABprpaaaa,99,30969,5969,-1294,-1585,4821,16.2,200,175,37,283814
ABprpaaaa:100,ABprpaaaa,100,32314,7314,517,439,6159,17.0,193,166,39,363343
ABprpaaaa:101,ABprpaaaa,101,30611,5611,-1111,-1135,4546,17.4,193,167,37,292741
ABprpaaaa:102,ABprpaaaa,102,30624,5624,-1224,-1348,4841,17.2,191,166,39,357814
ABprpaaaa:103,ABprpaaaa,103,30463,5463,-1608,-1827,4156,17.4,192,172,37,271229
ABprpaaaa:104,ABprpaaaa,104,30942,5942,-510,-538,5049,18.2,192,171,39,338579
ABprpaaaa:105,ABprpaaaa,105,30316,5316,-1270,-1187,4623,19.2,191,178,39,347491
ABprpaaap:81,ABprpaaap,81,31196,6196,-146,-160,5125,13.0,253,118,34,194319
ABprpaaap:82,ABprpaaap,82,30807,5807,-1097,-1091,4871,12.1,250,121,37,215604
ABprpaaap:83,ABprpaaap,83,30731,5731,-932,-1205,5162,12.1,243,117,37,240255
ABprpaaap:84,ABprpaaap,84,29508,4508,-2536,-2811,3618,11.9,238,122,35,203675
ABprpaaap:85,ABprpaaap,85,30896,5896,-652,-677,5189,12.1,232,119,36,246041
ABprpaaap:86,ABprpaaap,86,30439,5439,-1362,-1449,5009,12.1,220,125,34,217168
ABprpaaap:87,ABprpaaap,87,29763,4763,-2268,-2468,3737,13.0,227,127,34,226515
ABprpaaap:88,ABprpaaap,88,31128,6128,-711,-751,5195,13.2,229,124,38,307185
ABprpaaap:89,ABprpaaap,89,31108,6108,-741,-933,4771,13.2,231,126,38,313951
ABprpaaap:90,ABprpaaap,90,28929,3929,-2977,-3163,2862,14.2,228,124,34,257953
ABprpaaap:91,ABprpaaap,91,30550,5550,-831,-954,3942,14.2,228,124,36,319745
ABprpaaap:92,ABprpaaap,92,29924,4924,-1726,-1811,3971,14.2,225,128,36,326238
ABprpaaap:93,ABprpaaap,93,30471,5471,-1287,-1448,3847,14.2,229,128,38,376784
ABprpaaap:94,ABprpaaap,94,31178,6178,-523,-918,4517,15.1,237,124,38,389672
ABprpaaap:95,ABprpaaap,95,29752,4752,-1970,-2092,2959,15.1,231,129,38,400148
ABprpaaap:96,ABprpaaap,96,29490,4490,-2625,-2707,2228,15.2,232,124,36,313466
ABprpaaap:97,ABprpaaap,97,29732,4732,-2144,-2312,3514,16.0,229,125,37,313331
ABprpaaap:98,ABprpaaap,98,30676,5676,-699,-951,4666,16.3,225,126,37,287199
ABprpaaap:99,ABprpaaap,99,31063,6063,-563,-718,4857,16.3,215,136,39,312960
ABprpaaap:100,ABprpaaap,100,30685,5685,-555,-559,4667,16.2,221,131,39,305696
ABprpaaap:101,ABprpaaap,101,30800,5800,-562,-707,5209,17.1,216,130,39,340051
ABprpaaap:102,ABprpaaap,102,30750,5750,-234,-420,4711,17.3,218,132,39,346553
ABprpaaap:103,ABprpaaap,103,30009,5009,-1177,-1229,4335,18.2,221,137,39,347633
ABprpaaap:104,ABprpaaap,104,30613,5613,-582,-633,4581,18.2,220,135,39,343618
ABprpaaap:105,ABprpaaap,105,30465,5465,-899,-810,4268,18.1,219,138,39,363980
ABprpaap:61,ABprpaap,61,31689,6689,385,439,6629,18.0,414,92,45,329930
ABprpaap:62,ABprpaap,62,34192,9192,2710,2865,9008,18.0,416,96,45,335956
ABprpaap:63,ABprpaap,63,32426,7426,922,941,6804,17.2,418,100,45,357838
ABprpaap:64,ABprpaap,64,33587,8587,1899,2046,8169,17.0,409,85,43,372312
ABprpaap:65,ABprpaap,65,33416,8416,1484,1602,8196,16.9,406,79,43,391083
ABprpaap:66,ABprpaap,66,32229,7229,520,578,6753,17.1,407,81,43,350221
ABprpaap:67,ABprpaap,67,33201,8201,1386,1378,7736,16.2,394,80,45,350182
ABprpaap:68,ABprpaap,68,32587,7587,486,294,7166,17.1,375,87,43,353392
ABprpaap:69,ABprpaap,69,31990,6990,-11,-101,6236,17.2,369,90,43,349680
ABprpaap:70,ABprpaap,70,32768,7768,917,673,6870,17.1,356,96,43,360723
ABprpaap:71,ABprpaap,71,32092,7092,83,-132,6340,16.1,357,94,43,372102
ABprpaap:72,ABprpaap,72,31690,6690,-162,-198,6111,15.1,343,87,43,396336
ABprpaap:73,ABprpaap,73,30655,5655,-1188,-1359,5483,15.0,331,88,43,410589
ABprpaap:74,ABprpaap,74,31365,6365,-490,-531,6073,15.0,312,94,43,395188
ABprpaap:75,ABprpaap,75,32089,7089,-194,-280,6980,14.1,306,96,43,411676
ABprpaap:76,ABprpaap,76,30776,5776,-676,-779,5653,15.0,303,93,47,550686
ABprpaap:77,ABprpaap,77,30750,5750,-1037,-1130,5600,14.9,300,93,43,444864
ABprpaap:78,ABprpaap,78,30212,5212,-1533,-1609,4991,15.0,302,97,43,462703
ABprpaap:79,ABprpaap,79,30663,5663,-992,-1045,5561,14.2,301,101,39,367436
ABprpaap:80,ABprpaap,80,30548,5548,-467,-469,5431,15.0,302,101,46,439918
ABprpaapa:81,ABprpaapa,81,30373,5373,-707,-856,4460,15.1,273,102,27,92113
ABprpaapa:82,ABprpaapa,82,30446,5446,-712,-872,4537,13.9,270,104,37,220961
ABprpaapa:83,ABprpaapa,83,29469,4469,-1840,-2013,3349,14.1,265,104,35,203350
ABprpaapa:84,ABprpaapa,84,29873,4873,-1559,-1805,4098,13.0,260,106,35,202106
ABprpaapa:85,ABprpaapa,85,31571,6571,-184,-269,5842,13.0,262,106,34,211107
ABprpaapa:86,ABprpaapa,86,29967,4967,-2112,-2237,4443,12.0,253,112,34,215581
ABprpaapa:87,ABprpaapa,87,30523,5523,-1427,-1559,5176,11.2,254,115,36,265335
ABprpaapa:88,ABprpaapa,88,30461,5461,-1051,-1154,4666,11.3,253,112,29,128097
ABprpaapa:89,ABprpaapa,89,30395,5395,-1735,-1897,4151,11.2,250,119,36,288156
ABprpaapa:90,ABprpaapa,90,30137,5137,-2343,-2639,4111,11.4,246,126,36,276324
ABprpaapa:91,ABprpaapa,91,30614,5614,-696,-898,3590,11.4,239,127,36,287380
ABprpaapa:92,ABprpaapa,92,29938,4938,-1896,-2324,2368,11.4,239,127,36,287380
ABprpaapa:93,ABprpaapa,93,30355,5355,-1494,-1724,3010,11.3,235,132,29,156222
ABprpaapa:94,ABprpaapa,94,30508,5508,-1660,-1697,3239,12.0,243,129,38,383462
ABprpaapa:95,ABprpaapa,95,31057,6057,-1195,-1525,4841,12.1,243,134,38,378406
ABprpaapa:96,ABprpaapa,96,31562,6562,-162,-466,5230,12.3,239,133,38,303472
ABprpaapa:97,ABprpaapa,97,30293,5293,-2299,-2586,3819,13.1,240,138,39,332188
ABprpaapa:98,ABprpaapa,98,30341,5341,-2430,-2823,4022,13.2,239,141,39,330185
ABprpaapa:99,ABprpaapa,99,32076,7076,-636,-868,5738,13.2,233,148,37,312391
ABprpaapa:100,ABprpaapa,100,30830,5830,-1618,-1939,4230,13.2,238,148,39,346837
ABprpaapa:101,ABprpaapa,101,31897,6897,-1140,-1463,5638,13.3,239,152,39,321569
ABprpaapa:102,ABprpaapa,102,30858,5858,-2347,-2809,4528,14.1,235,149,39,372564
ABprpaapa:103,ABprpaapa,103,29852,4852,-2839,-2925,3620,14.3,237,152,39,330127
ABprpaapa:104,ABprpaapa,104,30202,5202,-1764,-2008,3793,15.1,231,150,39,370882
ABprpaapa:105,ABprpaapa,105,30276,5276,-2287,-2703,3628,15.1,228,153,37,351119
ABprpaapp:81,ABprpaapp,81,32594,7594,1482,1462,7472,15.1,329,98,30,131176
ABprpaapp:82,ABprpaapp,82,31478,6478,658,646,6199,13.2,324,94,33,141539
ABprpaapp:83,ABprpaapp,83,30197,5197,-1337,-1395,4414,14.2,321,89,37,225786
ABprpaapp:84,ABprpaapp,84,31513,6513,388,182,5927,14.1,314,88,35,205724
ABprpaapp:85,ABprpaapp,85,30162,5162,-1504,-1503,4177,15.0,309,88,36,259251
ABprpaapp:86,ABprpaapp,86,31909,6909,195,11,6209,14.2,302,91,36,254019
ABprpaapp:87,ABprpaapp,87,30413,5413,-1327,-1377,4383,14.1,306,88,36,264343
ABprpaapp:88,ABprpaapp,88,29454,4454,-2278,-2393,3608,15.0,300,93,34,222619
ABprpaapp:89,ABprpaapp,89,31493,6493,-103,-226,5250,15.0,296,97,38,310619
ABprpaapp:90,ABprpaapp,90,31255,6255,-426,-581,4890,14.3,291,97,36,288539
ABprpaapp:91,ABprpaapp,91,29871,4871,-2265,-2439,3849,14.2,289,97,38,325744
ABprpaapp:92,ABprpaapp,92,30577,5577,-1592,-1926,3693,14.1,280,100,38,348088
ABprpaapp:93,ABprpaapp,93,30898,5898,-1055,-1307,4076,14.0,284,105,36,346818
ABprpaapp:94,ABprpaapp,94,30276,5276,-2022,-2181,3599,14.1,286,102,36,359083
ABprpaapp:95,ABprpaapp,95,30644,5644,-1311,-1307,3347,14.1,281,106,38,391667
ABprpaapp:96,ABprpaapp,96,30950,5950,-1528,-1811,3943,14.2,278,104,38,316450
ABprpaapp:97,ABprpaapp,97,30768,5768,-1339,-1113,4225,14.3,278,104,37,279594
ABprpaapp:98,ABprpaapp,98,30939,5939,-1222,-1545,4371,14.3,269,107,39,326949
ABprpaapp:99,ABprpaapp,99,30519,5519,-1823,-1949,3637,14.1,260,115,29,159497
ABprpaapp:100,ABprpaapp,100,30187,5187,-1794,-1990,4021,13.3,258,112,39,327378
ABprpaapp:101,ABprpaapp,101,30798,5798,-662,-635,4498,14.1,250,112,39,360786
ABprpaapp:102,ABprpaapp,102,30816,5816,-1097,-1395,4707,14.3,256,113,39,349035
ABprpaapp:103,ABprpaapp,103,31049,6049,-705,-893,4450,14.3,257,118,39,345341
ABprpaapp:104,ABprpaapp,104,31797,6797,59,-264,5538,14.3,252,114,39,367865
ABprpaapp:105,ABprpaapp,105,30871,5871,-1376,-1662,4192,14.2,250,119,39,393488
ABprpap:45,ABprpap,45,32894,7894,916,898,7894,20.0,455,146,57,665586
ABprpap:46,ABprpap,46,33042,8042,1409,1421,8042,20.1,469,150,56,520536
ABprpap:47,ABprpap,47,35894,10894,4213,4209,10894,20.9,480,151,55,513748
ABprpap:48,ABprpap,48,35901,10901,3439,3446,10880,20.9,488,129,54,639178
ABprpap:49,ABprpap,49,35343,10343,2697,2688,10292,20.4,481,128,55,655504
ABprpap:50,ABprpap,50,36180,11180,3102,3342,10656,20.3,480,129,54,668569
ABprpap:51,ABprpap,51,36002,11002,3295,3298,10889,20.9,474,122,52,664508
ABprpap:52,ABprpap,52,34734,9734,2219,2183,9671,20.2,468,132,55,721981
ABprpap:53,ABprpap,53,33771,8771,1334,1414,8749,20.3,462,133,53,624064
ABprpap:54,ABprpap,54,34595,9595,2546,2552,9547,21.1,463,130,52,651475
ABprpap:55,ABprpap,55,34462,9462,2067,2179,9394,20.2,478,126,56,787370
ABprpap:56,ABprpap,56,34755,9755,1909,1958,9694,20.1,495,131,52,706701
ABprpap:57,ABprpap,57,34549,9549,2214,2214,9531,20.9,507,133,52,718828
ABprpap:58,ABprpap,58,33987,8987,1625,1623,8917,20.0,505,123,52,765863
ABprpap:59,ABprpap,59,32828,7828,947,955,7777,20.2,507,129,51,618170
ABprpapa:60,ABprpapa,60,30791,5791,-583,-615,5642,22.1,466,129,49,386020
ABprpapa:61,ABprpapa,61,31102,6102,31,24,6058,22.0,460,121,45,280779
ABprpapa:62,ABprpapa,62,30677,5677,-363,-345,5534,22.1,451,122,45,301194
ABprpapa:63,ABprpapa,63,32737,7737,1337,1341,7360,22.0,440,109,43,327840
ABprpapa:64,ABprpapa,64,31751,6751,322,441,5810,21.0,425,101,45,357550
ABprpapa:65,ABprpapa,65,31985,6985,508,497,6533,21.9,415,102,43,326043
ABprpapa:66,ABprpapa,66,32395,7395,842,984,6356,21.1,415,98,43,286290
ABprpapa:67,ABprpapa,67,32431,7431,679,767,6274,20.2,408,95,45,319540
ABprpapa:68,ABprpapa,68,30724,5724,-843,-664,4534,21.1,387,100,43,304447
ABprpapa:69,ABprpapa,69,31899,6899,801,922,6002,21.0,383,101,45,341946
ABprpapa:70,ABprpapa,70,31246,6246,-137,54,4729,20.1,376,98,45,361092
ABprpapa:71,ABprpapa,71,30438,5438,-375,-288,4214,20.0,372,94,43,358698
ABprpapa:72,ABprpapa,72,32814,7814,1638,1577,6820,19.2,361,91,45,424518
ABprpapa:73,ABprpapa,73,32099,7099,926,897,6647,20.0,349,99,43,377933
ABprpapa:74,ABprpapa,74,31703,6703,411,337,6347,20.2,336,102,47,465396
ABprpapa:75,ABprpapa,75,30817,5817,-860,-876,5519,20.2,332,102,45,403002
ABprpapa:76,ABprpapa,76,31053,6053,208,134,5932,21.1,333,107,45,398877
ABprpapa:77,ABprpapa,77,31149,6149,-141,-145,5973,21.0,332,113,43,395766
ABprpapa:78,ABprpapa,78,30672,5672,-547,-564,5599,22.0,328,116,43,408096
ABprpapa:79,ABprpapa,79,30481,5481,-140,-140,5439,21.1,329,125,41,381732
ABprpapaa:80,ABprpapaa,80,29975,4975,18,140,4079,21.1,303,138,30,166489
ABprpapaa:81,ABprpapaa,81,29694,4694,-390,-691,3504,21.1,303,138,30,166489
ABprpapaa:82,ABprpapaa,82,30067,5067,178,215,3299,22.1,291,136,29,93174
ABprpapaa:83,ABprpapaa,83,30440,5440,1,20,4469,22.0,283,133,35,168238
ABprpapaa:84,ABprpapaa,84,30633,5633,-72,-178,4732,23.0,281,139,39,226208
ABprpapaa:85,ABprpapaa,85,29523,4523,-1156,-1096,3520,23.0,288,147,34,173087
ABprpapaa:86,ABprpapaa,86,31066,6066,638,627,4747,22.1,277,151,38,239610
ABprpapaa:87,ABprpapaa,87,29709,4709,-627,-785,3566,22.0,286,148,38,234758
ABprpapaa:88,ABprpapaa,88,30531,5531,-175,-412,4921,22.1,287,157,36,223446
ABprpapaa:89,ABprpapaa,89,29361,4361,-1719,-1808,3064,23.0,281,156,34,194854
ABprpapaa:90,ABprpapaa,90,28890,3890,-2088,-2080,2289,22.1,280,157,36,246714
ABprpapaa:91,ABprpapaa,91,31104,6104,241,96,4676,22.1,271,153,38,281875
ABprpapaa:92,ABprpapaa,92,29865,4865,-983,-943,3524,22.1,268,156,36,266486
ABprpapaa:93,ABprpapaa,93,30256,5256,-479,-704,4216,21.2,268,159,38,331450
ABprpapaa:94,ABprpapaa,94,31601,6601,948,590,5308,21.1,271,156,38,334084
ABprpapaa:95,ABprpapaa,95,29381,4381,-1320,-1605,3462,21.2,268,164,36,297808
ABprpapaa:96,ABprpapaa,96,30232,5232,-728,-901,4556,21.2,274,162,38,278453
ABprpapaa:97,ABprpapaa,97,30264,5264,-399,-686,4496,21.0,277,165,39,291129
ABprpapaa:98,ABprpapaa,98,30277,5277,-935,-1115,4768,20.3,278,164,37,246484
ABprpapaa:99,ABprpapaa,99,30020,5020,-984,-991,4146,20.2,271,169,39,292388
ABprpapaa:100,ABprpapaa,100,29527,4527,-1051,-1088,3850,20.1,271,169,37,280527
ABprpapaa:101,ABprpapaa,101,31332,6332,563,495,5491,19.4,274,170,37,250550
ABprpapaa:102,ABprpapaa,102,30214,5214,-630,-565,4416,20.1,269,169,37,295204
ABprpapaa:103,ABprpapaa,103,30638,5638,-375,-631,4894,20.1,271,178,39,327226
ABprpapaa:104,ABprpapaa,104,31334,6334,346,417,5026,20.1,274,173,29,127787
ABprpapaa:105,ABprpapaa,105,30491,5491,-451,-682,3940,20.1,273,176,37,299660
ABprpapap:80,ABprpapap,80,30755,5755,695,778,5408,21.8,349,121,28,120310
ABprpapap:81,ABprpapap,81,30483,5483,28,-136,4982,21.2,352,118,29,85624
ABprpapap:82,ABprpapap,82,28993,3993,-1459,-1446,3301,22.0,339,128,29,89435
ABprpapap:83,ABprpapap,83,29838,4838,-988,-964,4213,22.1,334,128,39,195859
ABprpapap:84,ABprpapap,84,30248,5248,-658,-708,4510,22.0,323,129,39,208736
ABprpapap:85,ABprpapap,85,30736,5736,116,140,4709,21.1,316,124,38,218344
ABprpapap:86,ABprpapap,86,30181,5181,-430,-525,4398,21.0,303,123,38,229498
ABprpapap:87,ABprpapap,87,30590,5590,253,176,4662,20.2,302,115,38,233810
ABprpapap:88,ABprpapap,88,30024,5024,-746,-813,4176,20.3,294,118,38,241746
ABprpapap:89,ABprpapap,89,30171,5171,-309,-354,4312,21.0,291,121,38,269874
ABprpapap:90,ABprpapap,90,31375,6375,687,495,5513,21.0,287,122,38,287092
ABprpapap:91,ABprpapap,91,30695,5695,-473,-603,4318,20.2,287,119,36,263881
ABprpapap:92,ABprpapap,92,30694,5694,32,-149,4596,21.0,274,126,38,314480
ABprpapap:93,ABprpapap,93,30887,5887,-241,-326,4875,20.2,271,123,38,324646
ABprpapap:94,ABprpapap,94,30293,5293,-1353,-1592,4209,20.3,266,123,38,297576
ABprpapap:95,ABprpapap,95,29804,4804,-1184,-1334,4277,21.1,260,126,38,347054
ABprpapap:96,ABprpapap,96,30387,5387,-1059,-1101,4590,21.1,264,124,38,314846
ABprpapap:97,ABprpapap,97,29726,4726,-1383,-1445,3917,22.1,264,133,39,309382
ABprpapap:98,ABprpapap,98,30849,5849,-215,-310,4482,22.1,273,130,39,303052
ABprpapap:99,ABprpapap,99,31175,6175,332,114,5356,22.1,267,138,39,290446
ABprpapap:100,ABprpapap,100,30114,5114,-869,-1163,3992,22.0,261,140,39,304451
ABprpapap:101,ABprpapap,101,30686,5686,-540,-770,4441,22.0,271,144,39,306020
ABprpapap:102,ABprpapap,102,30339,5339,-640,-795,3996,22.1,279,143,39,316715
ABprpapap:103,ABprpapap,103,29979,4979,-1367,-1540,3664,22.1,277,150,39,316677
ABprpapap:104,ABprpapap,104,30488,5488,-215,-288,3766,22.1,277,152,39,300700
ABprpapap:105,ABprpapap,105,30692,5692,87,-12,4501,22.2,286,150,39,300008
ABprpapp:60,ABprpapp,60,30002,5002,-1048,-1053,4773,20.0,495,155,32,178846
ABprpapp:61,ABprpapp,61,31813,6813,206,196,6761,19.0,509,150,45,310137
ABprpapp:62,ABprpapp,62,32845,7845,957,960,7702,19.1,516,145,43,301923
ABprpapp:63,ABprpapp,63,31999,6999,127,154,6763,19.1,523,142,45,345350
ABprpapp:64,ABprpapp,64,33046,8046,1319,1321,7816,20.1,514,133,43,359436
ABprpapp:65,ABprpapp,65,31541,6541,-447,-414,6222,20.2,498,126,45,376239
ABprpapp:66,ABprpapp,66,32328,7328,361,398,6808,20.1,496,122,45,320344
ABprpapp:67,ABprpapp,67,32534,7534,745,760,7199,20.1,486,114,47,371044
ABprpapp:68,ABprpapp,68,32033,7033,189,232,6038,20.0,477,103,45,338610
ABprpapp:69,ABprpapp,69,31692,6692,-313,-389,5505,20.1,472,103,45,350410
ABprpapp:70,ABprpapp,70,31418,6418,-355,-381,4544,19.2,463,99,45,330131
ABprpapp:71,ABprpapp,71,31353,6353,-153,-277,5393,20.1,451,98,47,419794
ABprpapp:72,ABprpapp,72,30798,5798,-929,-937,5698,20.9,433,95,43,332056
ABprpapp:73,ABprpapp,73,30648,5648,-824,-814,5547,21.0,414,94,47,434489
ABprpapp:74,ABprpapp,74,31347,6347,-422,-374,6247,21.0,407,95,47,462991
ABprpapp:75,ABprpapp,75,30641,5641,-958,-916,5348,20.2,404,98,47,428487
ABprpapp:76,ABprpapp,76,31497,6497,86,86,6308,21.1,411,103,45,401938
ABprpapp:77,ABprpapp,77,29623,4623,-1381,-1357,4482,21.1,402,110,45,377575
ABprpapp:78,ABprpapp,78,29763,4763,-1291,-1284,4619,20.9,397,112,43,364784
ABprpapp:79,ABprpapp,79,28814,3814,-1907,-1907,3700,21.0,398,114,37,291889
ABprpappa:80,ABprpappa,80,29974,4974,-149,-173,4007,21.0,377,101,42,288761
ABprpappa:81,ABprpappa,81,29853,4853,-910,-945,4256,22.0,382,104,38,188289
ABprpappa:82,ABprpappa,82,31025,6025,362,296,5443,22.0,368,117,37,172205
ABprpappa:83,ABprpappa,83,30797,5797,180,6,4949,23.0,361,117,37,179864
ABprpappa:84,ABprpappa,84,29922,4922,-1038,-1106,4013,22.2,352,123,39,190893
ABprpappa:85,ABprpappa,85,30764,5764,-47,-3,4876,22.0,345,129,38,201740
ABprpappa:86,ABprpappa,86,30843,5843,216,310,4985,22.1,334,138,38,211533
ABprpappa:87,ABprpappa,87,29265,4265,-2041,-2080,3354,21.2,334,124,36,184422
ABprpappa:88,ABprpappa,88,29564,4564,-1592,-1564,3832,22.1,324,128,38,237936
ABprpappa:89,ABprpappa,89,29396,4396,-1673,-1729,3705,22.1,325,129,38,241196
ABprpappa:90,ABprpappa,90,30061,5061,-966,-1116,4361,22.1,322,137,36,205406
ABprpappa:91,ABprpappa,91,29858,4858,-1489,-1865,4083,22.1,317,135,38,230360
ABprpappa:92,ABprpappa,92,30463,5463,-612,-614,4741,21.3,309,133,36,202550
ABprpappa:93,ABprpappa,93,30250,5250,-642,-763,4766,22.1,307,140,38,268139
ABprpappa:94,ABprpappa,94,30426,5426,-750,-773,4894,22.1,308,138,36,237867
ABprpappa:95,ABprpappa,95,30034,5034,-1349,-1600,4596,22.1,302,140,34,224360
ABprpappa:96,ABprpappa,96,31441,6441,448,263,5454,22.1,304,135,38,247110
ABprpappa:97,ABprpappa,97,29816,4816,-1150,-1350,3484,22.0,306,139,35,185095
ABprpappa:98,ABprpappa,98,31009,6009,172,288,4882,22.1,310,140,37,235465
ABprpappa:99,ABprpappa,99,31680,6680,628,353,5907,22.1,305,158,37,222706
ABprpappa:100,ABprpappa,100,30658,5658,-315,-696,4531,22.1,301,156,37,218981
ABprpappa:101,ABprpappa,101,29539,4539,-1634,-1931,3809,22.1,305,169,39,244860
ABprpappa:102,ABprpappa,102,29248,4248,-1816,-1946,3678,22.1,311,178,37,223156
ABprpappa:103,ABprpappa,103,30165,5165,-762,-852,4662,22.1,311,184,39,255060
ABprpappa:104,ABprpappa,104,29991,4991,-648,-790,4284,22.1,312,189,39,250263
ABprpappa:105,ABprpappa,105,29874,4874,-1078,-1185,3728,21.3,311,191,37,207638
ABprpappp:80,ABprpappp,80,30872,5872,856,860,5369,22.0,439,123,40,251809
ABprpappp:81,ABprpappp,81,30812,5812,-136,-293,5541,22.0,439,127,40,190584
ABprpappp:82,ABprpappp,82,30256,5256,192,174,5156,22.1,434,121,37,168739
ABprpappp:83,ABprpappp,83,31172,6172,605,626,6045,22.0,413,125,35,128005
ABprpappp:84,ABprpappp,84,29100,4100,-1212,-1318,3748,22.0,403,116,39,190629
ABprpappp:85,ABprpappp,85,30745,5745,-76,-176,5312,22.1,397,118,38,206388
ABprpappp:86,ABprpappp,86,29433,4433,-1537,-1690,3996,21.3,383,119,36,179227
ABprpappp:87,ABprpappp,87,29933,4933,-1150,-1116,4678,21.2,381,125,36,171968
ABprpappp:88,ABprpappp,88,30134,5134,-920,-1010,4903,21.2,373,134,36,170959
ABprpappp:89,ABprpappp,89,29325,4325,-1425,-1480,4076,22.1,368,134,36,187873
ABprpappp:90,ABprpappp,90,30133,5133,-656,-673,4770,23.0,362,130,34,154739
ABprpappp:91,ABprpappp,91,29460,4460,-1397,-1462,4011,22.1,356,136,38,217388
ABprpappp:92,ABprpappp,92,30557,5557,-559,-576,5145,22.0,350,137,38,231931
ABprpappp:93,ABprpappp,93,30657,5657,-159,-178,5258,23.0,346,132,34,192543
ABprpappp:94,ABprpappp,94,30451,5451,-506,-604,4085,21.2,346,122,38,268604
ABprpappp:95,ABprpappp,95,30021,5021,-982,-1045,4066,22.0,338,127,38,297217
ABprpappp:96,ABprpappp,96,29242,4242,-1779,-1675,2894,22.0,339,125,36,224659
ABprpappp:97,ABprpappp,97,30498,5498,-334,-625,3839,21.2,334,126,39,246135
ABprpappp:98,ABprpappp,98,30837,5837,-702,-621,4874,22.1,342,131,39,230521
ABprpappp:99,ABprpappp,99,29904,4904,-1089,-1186,4132,23.1,334,139,39,264442
ABprpappp:100,ABprpappp,100,31449,6449,1059,999,5726,23.1,329,142,37,228943
ABprpappp:101,ABprpappp,101,29752,4752,-1281,-1432,4226,23.1,335,145,39,249054
ABprpappp:102,ABprpappp,102,29888,4888,-1100,-1110,4097,23.1,343,162,39,235738
ABprpappp:103,ABprpappp,103,29953,4953,-506,-516,4235,23.0,348,170,39,227788
ABprpappp:104,ABprpappp,104,29080,4080,-1887,-1954,3482,23.1,347,171,39,234223
ABprpappp:105,ABprpappp,105,29690,4690,-821,-833,3706,22.0,354,176,35,173970
ABprpp:31,ABprpp,31,30406,5406,-1594,-1773,5365,18.8,491,151,61,817122
ABprpp:32,ABprpp,32,30649,5649,-1312,-1387,5649,18.9,484,132,60,822105
ABprpp:33,ABprpp,33,32157,7157,-558,-557,7157,17.9,494,135,59,851840
ABprpp:34,ABprpp,34,32649,7649,-211,-211,7649,16.8,512,131,59,953905
ABprpp:35,ABprpp,35,33513,8513,1042,1040,8513,16.3,513,128,60,1224258
ABprpp:36,ABprpp,36,35563,10563,3079,3079,10563,16.8,517,125,58,1217293
ABprpp:37,ABprpp,37,34213,9213,1546,1546,9213,15.1,517,123,60,1437317
ABprpp:38,ABprpp,38,35075,10075,2467,2467,10075,16.7,517,125,58,1243798
ABprpp:39,ABprpp,39,36625,11625,3610,3610,11625,16.6,511,121,58,1306694
ABprpp:40,ABprpp,40,36888,11888,4115,4115,11888,16.9,514,121,58,1361302
ABprpp:41,ABprpp,41,36385,11385,3356,3356,11385,17.0,507,120,58,1371063
ABprpp:42,ABprpp,42,35910,10910,3064,3052,10910,17.0,491,115,58,1296951
ABprpp:43,ABprpp,43,31585,6585,-1477,-1489,6585,16.9,492,114,58,1027951
ABprppa:44,ABprppa,44,32641,7641,-921,-942,7619,14.1,495,98,48,547060
ABprppa:45,ABprppa,45,36457,11457,4268,4435,11452,14.8,502,98,57,782230
ABprppa:46,ABprppa,46,37854,12854,5611,5990,12814,15.0,513,96,56,663276
ABprppa:47,ABprppa,47,39656,14656,7392,7845,14610,15.2,504,90,55,698075
ABprppa:48,ABprppa,48,40369,15369,7371,7846,15325,13.8,503,91,54,749017
ABprppa:49,ABprppa,49,39664,14664,6881,7205,14636,13.8,498,87,53,713017
ABprppa:50,ABprppa,50,39826,14826,6774,7198,14794,14.1,506,97,52,730312
ABprppa:51,ABprppa,51,37453,12453,4421,4593,12376,15.0,494,94,52,744082
ABprppa:52,ABprppa,52,37090,12090,4635,4838,12060,15.0,497,93,51,666628
ABprppa:53,ABprppa,53,37302,12302,4254,4411,12282,16.0,479,87,51,699991
ABprppa:54,ABprppa,54,35824,10824,2568,2805,10775,15.9,467,87,52,778534
ABprppa:55,ABprppa,55,37183,12183,3646,3809,12146,14.9,479,87,52,804460
ABprppa:56,ABprppa,56,35333,10333,2663,2935,10281,14.4,498,94,54,851851
ABprppa:57,ABprppa,57,35278,10278,3063,3059,10263,13.8,503,92,52,830832
ABprppa:58,ABprppa,58,34531,9531,2035,2089,9531,12.9,504,95,52,866311
ABprppa:59,ABprppa,59,33431,8431,1111,1056,8431,13.0,516,102,51,810421
ABprppa:60,ABprppa,60,31639,6639,-320,-337,6638,14.9,506,97,49,624410
ABprppaa:61,ABprppaa,61,32221,7221,1165,1153,7028,16.1,469,82,45,353504
ABprppaa:62,ABprppaa,62,34674,9674,2941,2952,9212,17.1,465,85,43,337789
ABprppaa:63,ABprppaa,63,32083,7083,1537,1574,6605,17.1,458,75,43,357807
ABprppaa:64,ABprppaa,64,32590,7590,1397,1703,6297,16.1,449,74,43,386717
ABprppaa:65,ABprppaa,65,31729,6729,679,897,6156,15.9,448,74,43,409134
ABprppaa:66,ABprppaa,66,31651,6651,613,767,6402,16.0,449,75,43,340981
ABprppaa:67,ABprppaa,67,32804,7804,1464,1664,7476,16.0,436,73,43,328995
ABprppaa:68,ABprppaa,68,31586,6586,67,169,6325,15.0,420,75,43,345727
ABprppaa:69,ABprppaa,69,32260,7260,915,873,7068,15.9,411,75,43,356253
ABprppaa:70,ABprppaa,70,31655,6655,229,264,6471,15.9,404,76,43,361035
ABprppaa:71,ABprppaa,71,30689,5689,-792,-618,5535,15.1,401,77,43,354004
ABprppaa:72,ABprppaa,72,31595,6595,-235,-260,6448,15.0,396,80,43,379212
ABprppaa:73,ABprppaa,73,30873,5873,-983,-1095,5636,15.3,382,83,45,419358
ABprppaa:74,ABprppaa,74,31316,6316,-396,-436,6243,15.9,370,79,43,402991
ABprppaa:75,ABprppaa,75,31857,6857,126,70,6663,16.1,364,83,45,449233
ABprppaa:76,ABprppaa,76,31555,6555,-228,-165,6332,16.1,367,82,45,454434
ABprppaa:77,ABprppaa,77,31725,6725,447,354,6496,17.1,360,90,45,460091
ABprppaa:78,ABprppaa,78,30177,5177,-1290,-1314,5078,16.9,360,94,43,413105
ABprppaa:79,ABprppaa,79,29325,4325,-1580,-1577,4261,16.9,360,88,43,428697
ABprppaa:80,ABprppaa,80,29912,4912,-678,-675,4645,17.1,364,85,44,449338
ABprppaa:81,ABprppaa,81,29838,4838,-997,-906,4451,17.2,370,81,42,344594
ABprppaa:82,ABprppaa,82,29496,4496,-1384,-1384,3999,17.0,355,86,35,240928
ABprppaaa:83,ABprppaaa,83,29641,4641,-946,-1163,2477,17.2,333,91,31,150607
ABprppaaa:84,ABprppaaa,84,29534,4534,-1767,-1713,1821,17.1,322,86,33,168227
ABprppaaa:85,ABprppaaa,85,31135,6135,500,514,4211,17.9,318,93,34,198030
ABprppaaa:86,ABprppaaa,86,30009,5009,-1068,-874,2545,17.1,311,90,36,246452
ABprppaaa:87,ABprppaaa,87,31719,6719,553,483,4312,17.1,314,90,36,269341
ABprppaaa:88,ABprppaaa,88,30320,5320,-576,-640,3622,18.0,311,91,34,232378
ABprppaaa:89,ABprppaaa,89,30961,5961,-98,39,3006,17.1,306,95,38,291704
ABprppaaa:90,ABprppaaa,90,30869,5869,-400,-465,3600,17.2,298,102,36,291046
ABprppaaa:91,ABprppaaa,91,29730,4730,-1569,-1800,2304,18.0,293,105,36,305588
ABprppaaa:92,ABprppaaa,92,30347,5347,-1504,-1534,3120,17.2,281,107,36,306509
ABprppaaa:93,ABprppaaa,93,30405,5405,-1525,-1690,2711,17.1,288,113,34,273326
ABprppaaa:94,ABprppaaa,94,30649,5649,-814,-791,3692,17.1,291,112,36,339896
ABprppaaa:95,ABprppaaa,95,31632,6632,-645,-958,4353,16.2,284,118,36,337831
ABprppaaa:96,ABprppaaa,96,30913,5913,-1348,-1570,3918,16.2,285,120,38,303746
ABprppaaa:97,ABprppaaa,97,31555,6555,-362,-512,5056,16.3,285,123,39,316354
ABprppaaa:98,ABprppaaa,98,30881,5881,-965,-1235,4262,17.0,276,125,39,344456
ABprppaaa:99,ABprppaaa,99,30483,5483,-1499,-1586,3068,16.2,265,124,39,350585
ABprppaaa:100,ABprppaaa,100,31608,6608,-145,-365,5229,16.3,267,131,39,341619
ABprppaaa:101,ABprppaaa,101,30748,5748,-840,-954,4268,17.1,264,130,37,334699
ABprppaaa:102,ABprppaaa,102,30018,5018,-1172,-1388,3716,17.2,268,133,39,372344
ABprppaaa:103,ABprppaaa,103,30843,5843,-599,-712,4697,17.2,271,136,37,321232
ABprppaaa:104,ABprppaaa,104,29586,4586,-2009,-2074,3805,17.3,269,138,39,324521
ABprppaaa:105,ABprppaaa,105,31009,6009,-664,-955,4970,17.3,265,141,39,352863
ABprppaap:83,ABprppaap,83,31036,6036,539,431,5352,18.0,366,90,31,151190
ABprppaap:84,ABprppaap,84,30267,5267,-839,-908,4793,19.0,376,94,35,165786
ABprppaap:85,ABprppaap,85,30470,5470,-475,-542,4848,19.9,372,96,34,154694
ABprppaap:86,ABprppaap,86,29909,4909,-549,-689,4199,20.2,365,90,38,238963
ABprppaap:87,ABprppaap,87,30060,5060,-422,-432,4492,19.2,363,84,36,226206
ABprppaap:88,ABprppaap,88,29852,4852,-129,-98,4367,20.0,356,88,36,235470
ABprppaap:89,ABprppaap,89,29564,4564,-747,-756,4189,19.8,355,90,34,205593
ABprppaap:90,ABprppaap,90,29988,4988,-443,-496,4707,19.9,349,90,34,199309
ABprppaap:91,ABprppaap,91,30476,5476,-834,-816,5182,18.5,344,94,36,224436
ABprppaap:92,ABprppaap,92,30954,5954,113,137,5517,19.0,333,101,38,306358
ABprppaap:93,ABprppaap,93,29557,4557,-1608,-1635,4012,19.1,332,109,36,275263
ABprppaap:94,ABprppaap,94,30131,5131,-1584,-1757,4126,18.3,331,113,36,270508
ABprppaap:95,ABprppaap,95,30716,5716,-228,-272,4746,18.3,321,117,36,286298
ABprppaap:96,ABprppaap,96,31188,6188,-349,-553,5162,18.3,321,118,38,258472
ABprppaap:97,ABprppaap,97,30856,5856,-729,-770,4405,18.3,318,121,37,241527
ABprppaap:98,ABprppaap,98,30938,5938,-449,-625,4922,18.2,313,115,39,286188
ABprppaap:99,ABprppaap,99,30915,5915,-651,-713,5225,19.1,301,118,37,279580
ABprppaap:100,ABprppaap,100,30530,5530,-995,-1017,4604,19.1,297,122,39,310652
ABprppaap:101,ABprppaap,101,30641,5641,-418,-373,4906,19.2,299,118,39,303809
ABprppaap:102,ABprppaap,102,29559,4559,-1877,-1785,3488,20.0,300,122,39,321148
ABprppaap:103,ABprppaap,103,30847,5847,-28,15,4691,20.2,303,125,39,308011
ABprppaap:104,ABprppaap,104,29459,4459,-1451,-1578,3718,20.2,305,121,39,294388
ABprppaap:105,ABprppaap,105,30707,5707,-435,-355,4848,20.2,309,130,39,288055
ABprppap:61,ABprppap,61,31910,6910,-794,-766,6858,12.2,509,100,39,286335
ABprppap:62,ABprppap,62,33046,8046,561,602,7928,13.1,512,100,43,312969
ABprppap:63,ABprppap,63,32643,7643,336,271,7484,14.0,521,110,43,340955
ABprppap:64,ABprppap,64,34717,9717,2437,2558,9536,14.1,526,108,43,391022
ABprppap:65,ABprppap,65,32969,7969,601,594,7775,15.9,522,108,43,369119
ABprppap:66,ABprppap,66,32900,7900,985,1026,7642,16.0,520,110,43,318992
ABprppap:67,ABprppap,67,32483,7483,477,488,7339,15.1,511,106,45,358442
ABprppap:68,ABprppap,68,32477,7477,-23,-120,7202,15.1,489,101,43,351332
ABprppap:69,ABprppap,69,31602,6602,-1584,-1677,6292,15.1,478,105,43,344229
ABprppap:70,ABprppap,70,31068,6068,-1079,-1220,5141,16.0,474,99,43,355103
ABprppap:71,ABprppap,71,31551,6551,-1086,-1262,5893,16.0,468,100,43,361689
ABprppap:72,ABprppap,72,30811,5811,-1992,-2420,5244,15.1,458,102,45,367315
ABprppap:73,ABprppap,73,31442,6442,-1151,-1097,6243,16.1,450,99,43,371444
ABprppap:74,ABprppap,74,30766,5766,-1866,-1945,5474,15.1,439,98,43,384614
ABprppap:75,ABprppap,75,30825,5825,-1767,-1971,5483,16.0,434,97,43,413088
ABprppap:76,ABprppap,76,31214,6214,-961,-1142,6058,15.3,434,98,45,414461
ABprppap:77,ABprppap,77,31074,6074,-1627,-1692,5900,15.2,427,112,45,384171
ABprppap:78,ABprppap,78,30459,5459,-2132,-2219,5409,15.1,427,114,43,389046
ABprppap:79,ABprppap,79,29425,4425,-1910,-1926,4347,15.9,431,111,43,404257
ABprppap:80,ABprppap,80,29895,4895,-1730,-1760,4737,16.0,438,113,42,425107
ABprppap:81,ABprppap,81,30314,5314,-1437,-1463,4956,16.0,445,104,34,225909
ABprppapa:82,ABprppapa,82,31038,6038,-738,-738,5653,17.2,413,87,35,190433
ABprppapa:83,ABprppapa,83,31377,6377,272,238,6180,18.0,413,83,35,159056
ABprppapa:84,ABprppapa,84,31431,6431,310,208,5964,16.9,413,80,35,173943
ABprppapa:85,ABprppapa,85,30843,5843,-361,-385,5478,17.8,403,77,34,181290
ABprppapa:86,ABprppapa,86,30009,5009,-2017,-2160,4157,17.1,390,79,34,205094
ABprppapa:87,ABprppapa,87,30859,5859,-592,-644,5265,17.1,393,87,36,232055
ABprppapa:88,ABprppapa,88,31180,6180,-269,-193,5885,17.3,388,91,36,193276
ABprppapa:89,ABprppapa,89,31002,6002,-568,-648,5592,17.1,388,97,36,228514
ABprppapa:90,ABprppapa,90,30600,5600,-783,-865,5213,18.0,384,101,34,193938
ABprppapa:91,ABprppapa,91,29797,4797,-1609,-1820,4106,18.1,380,103,34,211085
ABprppapa:92,ABprppapa,92,30727,5727,-613,-650,5236,17.3,371,108,36,238065
ABprppapa:93,ABprppapa,93,30086,5086,-1632,-1831,4661,17.3,369,113,36,255176
ABprppapa:94,ABprppapa,94,30442,5442,-1838,-2035,4641,17.2,371,108,38,311675
ABprppapa:95,ABprppapa,95,30202,5202,-1358,-1547,4233,17.1,360,112,38,323648
ABprppapa:96,ABprppapa,96,31085,6085,-850,-921,5272,17.0,358,109,36,243206
ABprppapa:97,ABprppapa,97,30708,5708,-1900,-2051,4987,16.2,353,108,39,284159
ABprppapa:98,ABprppapa,98,30242,5242,-1805,-1804,4378,16.4,345,104,39,269309
ABprppapa:99,ABprppapa,99,30219,5219,-2467,-2650,4524,17.1,335,109,37,280709
ABprppapa:100,ABprppapa,100,30972,5972,-909,-1146,5489,17.1,329,108,39,302073
ABprppapa:101,ABprppapa,101,30170,5170,-2049,-2204,4478,17.1,328,106,39,316640
ABprppapa:102,ABprppapa,102,30801,5801,-1384,-1537,5232,17.2,327,107,39,307228
ABprppapa:103,ABprppapa,103,31480,6480,272,161,5636,18.0,326,111,39,313917
ABprppapa:104,ABprppapa,104,30095,5095,-1638,-1960,4269,18.0,326,106,39,309714
ABprppapa:105,ABprppapa,105,30122,5122,-2298,-2592,4340,17.3,324,110,39,295809
ABprppapp:82,ABprppapp,82,31190,6190,-1182,-1096,5845,15.2,466,115,33,140750
ABprppapp:83,ABprppapp,83,31627,6627,-258,-272,5918,16.0,471,118,35,163705
ABprppapp:84,ABprppapp,84,30570,5570,-1527,-1508,5098,16.9,472,109,35,179799
ABprppapp:85,ABprppapp,85,30451,5451,-1474,-1407,4671,17.0,468,105,34,194451
ABprppapp:86,ABprppapp,86,29516,4516,-2815,-2827,3605,17.0,460,101,34,205701
ABprppapp:87,ABprppapp,87,30524,5524,-903,-974,4843,17.0,459,104,36,248829
ABprppapp:88,ABprppapp,88,29421,4421,-1812,-1904,3439,17.2,454,101,38,266495
ABprppapp:89,ABprppapp,89,29968,4968,-2165,-2308,4075,17.1,452,103,38,275874
ABprppapp:90,ABprppapp,90,29575,4575,-2572,-2541,3553,17.1,448,104,38,283856
ABprppapp:91,ABprppapp,91,29962,4962,-1684,-1687,4175,17.3,441,102,36,250611
ABprppapp:92,ABprppapp,92,30108,5108,-2162,-2185,4515,17.4,435,108,36,226852
ABprppapp:93,ABprppapp,93,30473,5473,-1644,-1702,4272,17.2,430,106,38,288563
ABprppapp:94,ABprppapp,94,31033,6033,-810,-1002,4534,17.1,432,100,38,311531
ABprppapp:95,ABprppapp,95,31749,6749,-491,-782,5638,16.2,421,108,38,302319
ABprppapp:96,ABprppapp,96,30194,5194,-1283,-1605,4363,17.1,418,106,38,263345
ABprppapp:97,ABprppapp,97,31123,6123,-1015,-1313,5353,16.3,407,109,39,258280
ABprppapp:98,ABprppapp,98,31163,6163,-461,-591,5354,16.2,404,109,39,261640
ABprppapp:99,ABprppapp,99,30765,5765,-1537,-1638,4655,16.3,390,110,39,289023
ABprppapp:100,ABprppapp,100,30728,5728,-1463,-1773,4710,16.2,388,107,39,294482
ABprppapp:101,ABprppapp,101,31015,6015,-1204,-1481,4953,16.4,386,105,37,250423
ABprppapp:102,ABprppapp,102,31510,6510,291,-213,5328,17.1,383,103,29,150883
ABprppapp:103,ABprppapp,103,30267,5267,-1429,-1743,3603,17.2,383,106,39,343391
ABprppapp:104,ABprppapp,104,30436,5436,-703,-947,3751,18.1,381,102,29,147063
ABprppapp:105,ABprppapp,105,29836,4836,-1694,-1864,4386,18.2,383,99,39,341563
ABprppp:44,ABprppp,44,33064,8064,-278,-266,8034,16.2,527,137,50,590137
ABprppp:45,ABprppp,45,35794,10794,3486,3608,10794,17.7,536,146,57,759884
ABprppp:46,ABprppp,46,36553,11553,4142,4139,11553,17.9,535,173,56,615198
ABprppp:47,ABprppp,47,35907,10907,3735,3750,10907,18.8,547,170,55,655072
ABprppp:48,ABprppp,48,36501,11501,4399,4392,11501,19.0,545,172,54,697090
ABprppp:49,ABprppp,49,38021,13021,5705,5704,13021,18.0,548,171,53,680895
ABprppp:50,ABprppp,50,36866,11866,4815,4822,11866,18.8,547,173,52,654211
ABprppp:51,ABprppp,51,36021,11021,3678,3678,11021,17.9,544,161,52,684063
ABprppp:52,ABprppp,52,34597,9597,2440,2432,9597,18.0,540,156,51,601832
ABprppp:53,ABprppp,53,34834,9834,2864,2886,9834,17.1,533,136,53,686813
ABprppp:54,ABprppp,54,35612,10612,3015,3001,10612,16.9,526,131,52,695722
ABprppp:55,ABprppp,55,35374,10374,2628,2633,10366,16.8,533,140,52,679738
ABprppp:56,ABprppp,56,35672,10672,3280,3371,10672,16.8,547,162,52,736639
ABprppp:57,ABprppp,57,33582,8582,1281,1294,8581,15.0,550,162,52,764249
ABprppp:58,ABprppp,58,33639,8639,1847,1847,8639,14.8,552,162,52,800249
ABprppp:59,ABprppp,59,30834,5834,-1611,-1589,5830,14.9,547,168,51,639502
ABprpppa:60,ABprpppa,60,32140,7140,1093,1277,7123,16.9,548,142,49,408241
ABprpppa:61,ABprpppa,61,33500,8500,2371,2394,8455,14.0,549,133,45,355176
ABprpppa:62,ABprpppa,62,34379,9379,2867,2907,9245,13.9,548,130,43,344965
ABprpppa:63,ABprpppa,63,32167,7167,1383,1480,6963,13.1,556,138,43,363910
ABprpppa:64,ABprpppa,64,33310,8310,2607,2954,8006,14.9,555,140,43,366898
ABprpppa:65,ABprpppa,65,32368,7368,1651,1808,7211,16.0,556,140,43,388357
ABprpppa:66,ABprpppa,66,32507,7507,1837,1846,7432,15.9,561,151,43,306210
ABprpppa:67,ABprpppa,67,32203,7203,1435,1538,7023,16.0,553,139,43,321147
ABprpppa:68,ABprpppa,68,31462,6462,316,349,5891,15.0,538,117,43,339212
ABprpppa:69,ABprpppa,69,32099,7099,1285,1307,6504,14.1,532,110,43,347288
ABprpppa:70,ABprpppa,70,31653,6653,543,614,6335,14.9,522,101,43,360767
ABprpppa:71,ABprpppa,71,31691,6691,262,381,6382,15.0,515,97,43,371710
ABprpppa:72,ABprpppa,72,30348,5348,-828,-878,5126,14.9,504,95,43,373172
ABprpppa:73,ABprpppa,73,32164,7164,881,772,7000,15.9,494,88,43,387162
ABprpppa:74,ABprpppa,74,31409,6409,280,363,6097,16.0,479,85,43,383432
ABprpppa:75,ABprpppa,75,30949,5949,-72,-68,5470,15.9,480,88,43,384360
ABprpppa:76,ABprpppa,76,30640,5640,-670,-514,5318,15.0,484,88,43,407778
ABprpppa:77,ABprpppa,77,31114,6114,508,490,6007,14.0,468,82,43,435605
ABprpppa:78,ABprpppa,78,30713,5713,-870,-854,5616,13.1,473,86,43,452553
ABprpppa:79,ABprpppa,79,29493,4493,-1709,-1678,4452,14.0,481,89,43,467643
ABprpppa:80,ABprpppa,80,29928,4928,-1245,-1242,4663,15.1,492,91,36,349746
ABprpppaa:81,ABprpppaa,81,30884,5884,-909,-912,5720,14.1,480,78,32,167583
ABprpppaa:82,ABprpppaa,82,30567,5567,64,137,5407,14.1,472,73,33,155728
ABprpppaa:83,ABprpppaa,83,30077,5077,-794,-708,4228,16.9,463,73,35,196087
ABprpppaa:84,ABprpppaa,84,30336,5336,-548,-452,4866,15.9,458,68,35,210708
ABprpppaa:85,ABprpppaa,85,30573,5573,-759,-815,4767,16.1,455,68,34,204010
ABprpppaa:86,ABprpppaa,86,30137,5137,-401,-437,3813,16.3,448,68,36,233440
ABprpppaa:87,ABprpppaa,87,29795,4795,-778,-786,3878,18.2,444,72,36,243637
ABprpppaa:88,ABprpppaa,88,32046,7046,1376,1341,6624,19.3,431,77,38,257347
ABprpppaa:89,ABprpppaa,89,30910,5910,175,74,5330,20.2,429,85,38,284712
ABprpppaa:90,ABprpppaa,90,31679,6679,410,314,6179,20.2,422,86,38,277928
ABprpppaa:91,ABprpppaa,91,29886,4886,-1113,-1140,4437,21.1,418,88,36,263469
ABprpppaa:92,ABprpppaa,92,31210,6210,89,35,6014,21.0,405,87,36,271592
ABprpppaa:93,ABprpppaa,93,30581,5581,-894,-1059,4698,20.2,410,90,38,305574
ABprpppaa:94,ABprpppaa,94,31411,6411,63,79,5829,20.2,407,85,36,285025
ABprpppaa:95,ABprpppaa,95,29991,4991,-1386,-1494,4354,20.1,399,92,38,329382
ABprpppaa:96,ABprpppaa,96,30799,5799,-334,-395,5101,20.0,397,88,38,284411
ABprpppaa:97,ABprpppaa,97,30709,5709,-495,-657,4254,19.2,395,92,39,293711
ABprpppaa:98,ABprpppaa,98,30994,5994,-343,-407,4668,19.0,396,86,39,298294
ABprpppaa:99,ABprpppaa,99,31311,6311,147,45,5039,19.1,382,89,39,305078
ABprpppaa:100,ABprpppaa,100,30794,5794,-768,-1101,4383,19.1,373,91,39,303043
ABprpppaa:101,ABprpppaa,101,31051,6051,-165,-350,4561,19.2,373,89,39,313674
ABprpppaa:102,ABprpppaa,102,29480,4480,-1824,-2034,1702,19.2,375,92,39,333984
ABprpppaa:103,ABprpppaa,103,30119,5119,-1077,-1269,2618,20.0,381,101,29,154277
ABprpppaa:104,ABprpppaa,104,30784,5784,179,91,3734,21.0,377,95,39,327900
ABprpppap:81,ABprpppap,81,30044,5044,-1269,-1268,4665,14.3,524,112,32,177321
ABprpppap:82,ABprpppap,82,30558,5558,-154,-173,5208,15.2,520,107,35,184423
ABprpppap:83,ABprpppap,83,30135,5135,-312,-304,4899,17.0,516,104,35,185574
ABprpppap:84,ABprpppap,84,29892,4892,-796,-849,4023,16.1,517,101,35,182552
ABprpppap:85,ABprpppap,85,29476,4476,-1445,-1457,3663,16.4,509,99,36,199657
ABprpppap:86,ABprpppap,86,30782,5782,-266,-308,4809,17.1,508,99,34,195207
ABprpppap:87,ABprpppap,87,30215,5215,-284,-262,4320,18.1,503,96,36,249355
ABprpppap:88,ABprpppap,88,30216,5216,-370,-250,4402,19.0,490,94,38,277721
ABprpppap:89,ABprpppap,89,30793,5793,-103,-166,4695,19.1,490,99,38,288440
ABprpppap:90,ABprpppap,90,32026,7026,900,692,5844,19.1,478,92,38,292198
ABprpppap:91,ABprpppap,91,31682,6682,569,401,5646,19.3,472,97,38,283241
ABprpppap:92,ABprpppap,92,30336,5336,-1194,-1383,4094,20.1,461,92,38,316553
ABprpppap:93,ABprpppap,93,30824,5824,-420,-700,4811,20.1,461,99,38,318591
ABprpppap:94,ABprpppap,94,31023,6023,-278,-328,4528,20.1,458,98,38,316305
ABprpppap:95,ABprpppap,95,30634,5634,-906,-998,4209,20.0,446,97,36,305834
ABprpppap:96,ABprpppap,96,30593,5593,-652,-798,3932,20.1,448,96,36,254328
ABprpppap:97,ABprpppap,97,29331,4331,-2415,-2720,2921,20.0,440,97,37,273128
ABprpppap:98,ABprpppap,98,29690,4690,-1736,-1874,3424,20.2,440,102,39,289325
ABprpppap:99,ABprpppap,99,31012,6012,-408,-430,5075,20.2,424,106,39,275304
ABprpppap:100,ABprpppap,100,30433,5433,-662,-732,4908,21.1,416,102,37,273562
ABprpppap:101,ABprpppap,101,29847,4847,-1152,-1144,4449,22.0,419,104,35,215870
ABprpppap:102,ABprpppap,102,30431,5431,-879,-902,4961,22.1,425,109,39,288065
ABprpppap:103,ABprpppap,103,30299,5299,-877,-893,4872,23.0,427,118,37,254661
ABprpppap:104,ABprpppap,104,30332,5332,-445,-518,5019,22.3,427,122,39,239521
ABprpppap:105,ABprpppap,105,29397,4397,-1508,-1553,4158,23.1,429,125,39,279951
ABprpppp:60,ABprpppp,60,32520,7520,347,489,7357,16.2,558,199,49,434250
ABprpppp:61,ABprpppp,61,32862,7862,1389,1446,7663,17.1,559,194,47,405751
ABprpppp:62,ABprpppp,62,33627,8627,2133,2242,8346,17.3,559,200,47,396073
ABprpppp:63,ABprpppp,63,31260,6260,-267,-76,6222,20.0,549,203,45,359982
ABprpppp:64,ABprpppp,64,32205,7205,755,746,7188,21.0,540,193,43,336665
ABprpppp:65,ABprpppp,65,31393,6393,31,87,6370,21.9,534,188,43,344677
ABprpppp:66,ABprpppp,66,30718,5718,-198,-163,5684,22.0,530,187,43,280314
ABprpppp:67,ABprpppp,67,30506,5506,-1228,-1195,5445,22.1,528,179,43,273400
ABprpppp:68,ABprpppp,68,30948,5948,-465,-381,5886,21.1,534,172,47,365758
ABprpppp:69,ABprpppp,69,30755,5755,-507,-480,5698,18.9,547,155,43,319010
ABprpppp:70,ABprpppp,70,30492,5492,-834,-859,5448,17.9,551,146,43,331014
ABprpppp:71,ABprpppp,71,31028,6028,431,470,5909,17.0,545,143,43,354453
ABprpppp:72,ABprpppp,72,30596,5596,-477,-473,5457,18.0,535,131,43,349382
ABprpppp:73,ABprpppp,73,30182,5182,-640,-625,5066,19.0,519,121,43,334255
ABprpppp:74,ABprpppp,74,30415,5415,-1181,-1117,5150,19.1,505,114,45,357263
ABprpppp:75,ABprpppp,75,30386,5386,-805,-826,5019,19.2,499,111,45,361795
ABprpppp:76,ABprpppp,76,30764,5764,-18,-77,5453,20.2,487,110,47,428648
ABprpppp:77,ABprpppp,77,30431,5431,-510,-503,5293,20.0,484,103,43,389957
ABprpppp:78,ABprpppp,78,30907,5907,-464,-496,5700,19.0,484,99,43,401379
ABprpppp:79,ABprpppp,79,29226,4226,-1298,-1342,4022,20.0,484,110,35,262140
ABprppppa:80,ABprppppa,80,30794,5794,-24,-27,5122,20.0,486,102,34,242964
ABprppppa:81,ABprppppa,81,30861,5861,-233,-233,5373,19.1,488,97,36,203480
ABprppppa:82,ABprppppa,82,30050,5050,-825,-825,4638,20.0,481,93,37,209596
ABprppppa:83,ABprppppa,83,30832,5832,-1135,-1211,4625,20.1,459,93,37,205511
ABprppppa:84,ABprppppa,84,31054,6054,-16,0,5463,21.1,447,92,37,209241
ABprppppa:85,ABprppppa,85,30485,5485,-645,-724,4876,21.0,442,96,36,208083
ABprppppa:86,ABprppppa,86,30034,5034,-804,-845,4828,22.0,428,97,34,184401
ABprppppa:87,ABprppppa,87,29390,4390,-2017,-2050,4022,22.2,424,100,38,219158
ABprppppa:88,ABprppppa,88,30677,5677,-634,-656,5380,23.1,413,113,38,204245
ABprppppa:89,ABprppppa,89,29854,4854,-1044,-1058,4297,22.1,415,121,38,214590
ABprppppa:90,ABprppppa,90,30620,5620,-684,-613,4963,22.2,407,125,38,209712
ABprppppa:91,ABprppppa,91,30845,5845,45,-155,5431,22.2,403,129,38,213626
ABprppppa:92,ABprppppa,92,29877,4877,-837,-775,4144,22.1,394,130,38,236080
ABprppppa:93,ABprppppa,93,30396,5396,-638,-816,4924,21.3,393,132,38,241978
ABprppppa:94,ABprppppa,94,30140,5140,-940,-1178,4101,20.3,388,123,36,233487
ABprppppa:95,ABprppppa,95,30770,5770,-101,-207,4846,20.2,380,126,38,256498
ABprppppa:96,ABprppppa,96,30931,5931,-106,-268,5366,21.2,382,125,38,233991
ABprppppa:97,ABprppppa,97,30567,5567,-500,-668,4847,20.3,379,126,39,236444
ABprppppa:98,ABprppppa,98,31715,6715,334,123,5853,20.2,375,117,39,256059
ABprppppa:99,ABprppppa,99,30257,5257,-1035,-1181,4592,20.2,365,124,39,245566
ABprppppa:100,ABprppppa,100,30159,5159,-763,-748,4128,20.3,359,120,39,250806
ABprppppa:101,ABprppppa,101,29795,4795,-956,-1017,4122,21.1,361,123,39,271578
ABprppppa:102,ABprppppa,102,29457,4457,-1473,-1679,3924,21.3,365,124,39,254938
ABprppppa:103,ABprppppa,103,31833,6833,925,852,6441,21.2,371,137,39,239702
ABprppppa:104,ABprppppa,104,30356,5356,-499,-634,4775,21.3,369,129,39,246888
ABprppppa:105,ABprppppa,105,29270,4270,-1327,-1396,3884,21.0,373,129,29,107636
ABprppppp:80,ABprppppp,80,28674,3674,-1578,-1653,3546,19.2,523,135,34,205313
ABprppppp:81,ABprppppp,81,30618,5618,-269,-342,5385,19.0,536,140,40,224919
ABprppppp:82,ABprppppp,82,30151,5151,-679,-714,5040,19.1,530,135,37,198013
ABprppppp:83,ABprppppp,83,30397,5397,133,124,5173,21.0,528,134,37,208856
ABprppppp:84,ABprppppp,84,29704,4704,-385,-497,4230,20.3,518,126,37,191765
ABprppppp:85,ABprppppp,85,29794,4794,-1130,-1195,4643,21.3,509,128,36,188611
ABprppppp:86,ABprppppp,86,30322,5322,-695,-693,4831,21.2,502,122,38,231031
ABprppppp:87,ABprppppp,87,29338,4338,-1484,-1458,4068,22.1,501,125,38,244509
ABprppppp:88,ABprppppp,88,29630,4630,-994,-994,4444,23.0,483,129,36,218966
ABprppppp:89,ABprppppp,89,29098,4098,-1986,-1987,3968,23.1,480,135,38,234267
ABprppppp:90,ABprppppp,90,30094,5094,-1121,-1170,4715,23.1,469,123,38,250799
ABprppppp:91,ABprppppp,91,30201,5201,-967,-1032,4770,23.1,469,127,38,247042
ABprppppp:92,ABprppppp,92,29737,4737,-1343,-1332,4101,23.2,462,121,38,256021
ABprppppp:93,ABprppppp,93,29930,4930,-1391,-1326,4371,23.1,451,127,38,242840
ABprppppp:94,ABprppppp,94,30547,5547,-16,-98,4892,23.1,442,129,38,243492
ABprppppp:95,ABprppppp,95,30338,5338,-839,-959,4881,23.1,435,126,38,254752
ABprppppp:96,ABprppppp,96,30143,5143,-1110,-1199,4036,22.2,441,118,38,203459
ABprppppp:97,ABprppppp,97,29884,4884,-730,-824,4352,23.1,427,122,39,213524
ABprppppp:98,ABprppppp,98,30338,5338,-398,-485,4154,23.2,420,132,39,228102
ABprppppp:99,ABprppppp,99,29748,4748,-1132,-1239,3900,23.2,414,144,39,209142
ABprppppp:100,ABprppppp,100,29854,4854,-321,-364,3712,23.2,404,143,39,211604
ABprppppp:101,ABprppppp,101,29170,4170,-1273,-1461,3220,23.2,403,152,39,204651
ABprppppp:102,ABprppppp,102,30667,5667,-149,-349,3915,23.0,406,164,39,219434
ABprppppp:103,ABprppppp,103,29643,4643,-768,-840,2706,23.5,414,176,39,219434
ABprppppp:104,ABprppppp,104,29745,4745,-703,-788,3498,24.0,423,188,38,0
ABprppppp:105,ABprppppp,105,29988,4988,-627,-767,3668,23.6,422,190,38,0
EMS:8,EMS,8,30521,5521,-882,-882,5521,14.1,450,244,40,378160
EMS:9,EMS,9,30267,5267,-3037,-3037,5267,12.8,430,282,53,698557
EMS:10,EMS,10,29888,4888,-2956,-2956,4888,13.2,432,283,59,861890
EMS:11,EMS,11,30196,5196,-2746,-2746,5196,14.0,422,328,61,956714
EMS:12,EMS,12,29053,4053,-3953,-3953,4053,14.3,429,349,63,1096104
EMS:13,EMS,13,28816,3816,-4072,-4072,3816,14.4,413,367,63,1188253
EMS:14,EMS,14,28487,3487,-3035,-3035,3487,16.2,429,357,65,1387651
EMS:15,EMS,15,29425,4425,-1826,-1826,4425,15.1,409,331,54,745828
MS:16,MS,16,30578,5578,-1238,-1238,5576,16.1,376,331,39,274432
MS:17,MS,17,29985,4985,-1484,-1484,4985,17.8,381,350,53,464161
MS:18,MS,18,29707,4707,-1651,-1651,4707,19.2,353,371,57,630646
MS:19,MS,19,29025,4025,-2470,-2470,4025,20.3,343,370,57,684877
MS:20,MS,20,29254,4254,-2145,-2145,4254,20.0,334,344,59,749469
MS:21,MS,21,29453,4453,-1868,-1868,4453,19.6,329,321,60,1029182
MS:22,MS,22,28933,3933,-2186,-2186,3933,20.1,335,317,61,1166468
MS:23,MS,23,28977,3977,-2269,-2269,3977,18.4,377,300,61,1271526
MS:24,MS,24,28875,3875,-2804,-2804,3875,18.1,370,299,60,851387
MSa:25,MSa,25,30152,5152,-1856,-1988,5140,17.9,355,324,57,577772
MSa:26,MSa,26,30045,5045,-2387,-2387,5045,18.5,330,342,57,584048
MSa:27,MSa,27,30962,5962,-1580,-1580,5962,17.5,315,352,65,884061
MSa:28,MSa,28,31145,6145,-1625,-1625,6145,17.5,324,369,63,955784
MSa:29,MSa,29,31398,6398,-1596,-1596,6398,18.4,336,372,62,1074275
MSa:30,MSa,30,31937,6937,-784,-784,6937,19.5,339,357,62,1185200
MSa:31,MSa,31,31911,6911,-479,-479,6911,19.2,332,355,63,1366043
MSa:32,MSa,32,31668,6668,-887,-887,6668,18.2,296,346,66,1499394
MSa:33,MSa,33,31658,6658,-979,-979,6658,18.2,284,339,65,1455543
MSa:34,MSa,34,32015,7015,-188,-188,7015,18.2,303,347,65,1462458
MSa:35,MSa,35,30249,5249,-2135,-2135,5249,18.9,293,360,58,838419
MSaa:36,MSaa,36,31880,6880,79,70,6880,20.8,268,363,58,641377
MSaa:37,MSaa,37,34101,9101,1837,1803,9101,19.9,265,370,58,660531
MSaa:38,MSaa,38,34271,9271,1493,1493,9271,20.0,251,374,58,727199
MSaa:39,MSaa,39,34767,9767,2105,2109,9767,20.8,238,362,58,793160
MSaa:40,MSaa,40,34679,9679,2044,2039,9679,20.8,232,351,58,873775
MSaa:41,MSaa,41,34310,9310,1601,1598,9310,20.0,240,356,58,915125
MSaa:42,MSaa,42,33817,8817,1495,1483,8817,20.8,242,348,58,932716
MSaa:43,MSaa,43,33715,8715,1029,1061,8715,19.9,247,341,58,1032804
MSaa:44,MSaa,44,33584,8584,976,961,8584,19.8,246,337,58,1025978
MSaa:45,MSaa,45,33489,8489,667,663,8489,19.1,268,360,59,1016293
MSaa:46,MSaa,46,32457,7457,78,86,7457,19.2,268,372,58,764247
MSaa:47,MSaa,47,32314,7314,-756,-698,7314,19.1,270,372,59,863552
MSaa:48,MSaa,48,31667,6667,-827,-828,6665,19.1,266,359,58,888356
MSaa:49,MSaa,49,31418,6418,-1251,-1251,6418,19.0,267,358,53,539513
MSaaa:50,MSaaa,50,31651,6651,-1185,-1297,6629,19.1,231,361,46,334845
MSaaa:51,MSaaa,51,32205,7205,-7,7,7204,20.0,225,366,52,422041
MSaaa:52,MSaaa,52,33207,8207,1119,1139,8198,20.1,222,372,51,404711
MSaaa:53,MSaaa,53,32656,7656,60,258,7547,20.1,214,380,53,500289
MSaaa:54,MSaaa,54,31671,6671,-644,-523,6671,21.0,223,377,52,517725
MSaaa:55,MSaaa,55,31765,6765,-480,-362,6765,21.0,216,375,52,559650
MSaaa:56,MSaaa,56,31843,6843,-163,-104,6838,21.1,218,365,54,583763
MSaaa:57,MSaaa,57,32127,7127,622,646,7122,21.9,217,364,52,545261
MSaaa:58,MSaaa,58,31351,6351,-663,-666,6350,21.0,210,342,52,577858
MSaaa:59,MSaaa,59,31713,6713,91,138,6709,21.9,207,338,51,509234
MSaaa:60,MSaaa,60,31335,6335,-442,-467,6330,21.1,217,332,49,450383
MSaaa:61,MSaaa,61,30336,5336,-1229,-1217,5332,20.3,220,330,49,432927
MSaaa:62,MSaaa,62,30031,5031,-1547,-1546,5031,20.1,225,334,47,395361
MSaaa:63,MSaaa,63,30669,5669,-830,-834,5631,20.1,225,335,45,358543
MSaaa:64,MSaaa,64,31283,6283,-121,-121,6219,20.2,234,333,45,382713
MSaaa:65,MSaaa,65,30078,5078,-763,-763,5025,19.2,233,330,35,216852
MSaaaa:66,MSaaaa,66,30354,5354,-1030,-1030,5340,20.2,190,330,35,158342
MSaaaa:67,MSaaaa,67,31786,6786,188,204,6769,21.0,182,337,39,197348
MSaaaa:68,MSaaaa,68,30575,5575,-856,-913,5492,20.0,166,335,43,251632
MSaaaa:69,MSaaaa,69,31812,6812,280,209,6734,20.1,157,323,43,262818
MSaaaa:70,MSaaaa,70,31586,6586,-197,-169,6527,19.9,162,319,43,285028
MSaaaa:71,MSaaaa,71,30378,5378,-847,-883,5328,20.1,155,310,43,283741
MSaaaa:72,MSaaaa,72,30457,5457,-1270,-1382,5377,20.0,147,303,43,313643
MSaaaa:73,MSaaaa,73,31208,6208,-1012,-1147,6152,19.2,152,314,45,320923
MSaaaa:74,MSaaaa,74,30653,5653,-1117,-1264,5618,19.0,151,319,47,415736
MSaaaa:75,MSaaaa,75,31083,6083,-1610,-1694,5832,18.0,143,318,43,343363
MSaaaa:76,MSaaaa,76,30976,5976,-1228,-1354,5806,17.0,141,307,45,402106
MSaaaa:77,MSaaaa,77,30832,5832,-1571,-1622,5598,16.0,138,296,43,383992
MSaaaa:78,MSaaaa,78,31017,6017,-1507,-1707,5697,15.1,138,286,45,423185
MSaaaa:79,MSaaaa,79,30434,5434,-2101,-2210,5346,15.1,144,284,45,454686
MSaaaa:80,MSaaaa,80,30405,5405,-1480,-1549,5264,15.1,151,286,46,539690
MSaaaa:81,MSaaaa,81,30180,5180,-2250,-2251,5088,15.0,156,307,42,324174
MSaaaa:82,MSaaaa,82,30829,5829,-1503,-1507,5386,14.2,168,313,39,267420
MSaaaa:83,MSaaaa,83,29974,4974,-2534,-2567,4445,14.1,173,307,39,308448
MSaaaa:84,MSaaaa,84,30394,5394,-2075,-2075,5121,14.0,171,307,33,215081
MSaaaaa:85,MSaaaaa,85,31653,6653,-636,-745,5650,14.3,145,304,32,150411
MSaaaaa:86,MSaaaaa,86,31095,6095,-1068,-1302,5206,14.9,139,315,34,185458
MSaaaaa:87,MSaaaaa,87,30175,5175,-1915,-1858,4379,14.9,139,309,34,186585
MSaaaaa:88,MSaaaaa,88,30804,5804,-1412,-1664,4476,14.9,140,305,34,194516
MSaaaaa:89,MSaaaaa,89,30868,5868,-1317,-1526,4924,14.2,139,315,36,238727
MSaaaaa:90,MSaaaaa,90,29609,4609,-2830,-3027,3840,14.0,136,319,34,211085
MSaaaaa:91,MSaaaaa,91,30542,5542,-2154,-2074,4503,14.0,139,322,34,231790
MSaaaaa:92,MSaaaaa,92,31393,6393,-912,-1257,5379,14.0,139,329,38,302053
MSaaaaa:93,MSaaaaa,93,30322,5322,-2256,-2494,4505,13.2,140,332,36,264314
MSaaaaa:94,MSaaaaa,94,31124,6124,-952,-1091,5489,13.2,139,323,36,268541
MSaaaaa:95,MSaaaaa,95,31450,6450,-943,-1120,5475,13.3,137,328,38,289687
MSaaaaa:96,MSaaaaa,96,30467,5467,-2809,-3109,4543,14.1,137,324,38,273370
MSaaaaa:97,MSaaaaa,97,31161,6161,-1442,-1712,5198,14.0,140,322,39,282421
MSaaaaa:98,MSaaaaa,98,31287,6287,-1028,-1289,5234,14.0,134,325,39,297406
MSaaaaa:99,MSaaaaa,99,31061,6061,-1739,-2154,4973,14.1,136,334,39,305428
MSaaaaa:100,MSaaaaa,100,30142,5142,-2723,-3062,4234,13.4,140,337,39,267935
MSaaaaa:101,MSaaaaa,101,30223,5223,-2462,-2827,4456,13.3,145,335,39,301893
MSaaaaa:102,MSaaaaa,102,31693,6693,-1389,-1876,6011,13.1,141,334,39,324186
MSaaaaa:103,MSaaaaa,103,31506,6506,-1105,-1596,5846,12.2,137,338,39,313873
MSaaaaa:104,MSaaaaa,104,31048,6048,-1805,-2158,5272,12.0,136,334,39,313361
MSaaaaa:105,MSaaaaa,105,31009,6009,-1313,-1568,5229,11.3,137,340,39,300457
MSaaaap:85,MSaaaap,85,32219,7219,-325,-357,5985,12.1,199,304,32,170976
MSaaaap:86,MSaaaap,86,30177,5177,-2405,-2551,3911,11.1,202,309,34,184833
MSaaaap:87,MSaaaap,87,30725,5725,-1591,-1813,4491,10.1,199,309,36,241930
MSaaaap:88,MSaaaap,88,30414,5414,-2144,-2324,4521,10.1,201,316,36,238692
MSaaaap:89,MSaaaap,89,30150,5150,-1890,-2039,3793,10.4,205,324,36,227264
MSaaaap:90,MSaaaap,90,31040,6040,-1230,-1309,4652,11.1,201,329,36,243668
MSaaaap:91,MSaaaap,91,30518,5518,-1869,-1858,4026,11.8,197,330,34,213254
MSaaaap:92,MSaaaap,92,30643,5643,-1706,-1698,4520,11.2,203,335,36,263856
MSaaaap:93,MSaaaap,93,30431,5431,-2348,-2632,4313,11.3,196,331,36,265016
MSaaaap:94,MSaaaap,94,30006,5006,-2869,-3064,4094,11.0,188,332,36,288330
MSaaaap:95,MSaaaap,95,30485,5485,-2175,-2389,4646,11.1,182,336,36,279853
MSaaaap:96,MSaaaap,96,30761,5761,-2257,-2488,4624,11.1,180,329,38,264323
MSaaaap:97,MSaaaap,97,30460,5460,-2602,-2917,4388,11.1,184,327,39,273125
MSaaaap:98,MSaaaap,98,30336,5336,-1943,-2027,4373,10.5,174,328,37,227013
MSaaaap:99,MSaaaap,99,30860,5860,-2017,-2148,4707,10.2,175,331,37,250852
MSaaaap:100,MSaaaap,100,31168,6168,-1327,-1542,4807,10.4,179,334,37,233697
MSaaaap:101,MSaaaap,101,31324,6324,-1750,-2019,4889,10.1,183,330,39,305996
MSaaaap:102,MSaaaap,102,31364,6364,-1738,-2052,4147,9.4,178,327,39,288825
MSaaaap:103,MSaaaap,103,30175,5175,-3004,-3142,3197,9.1,174,333,37,305658
MSaaaap:104,MSaaaap,104,31259,6259,-1734,-1892,3492,8.3,171,325,37,279153
MSaaaap:105,MSaaaap,105,31341,6341,-1686,-2234,3778,8.4,175,324,39,315759
MSaaap:66,MSaaap,66,29880,4880,-1350,-1362,4757,20.2,249,334,31,122837
MSaaap:67,MSaaap,67,30030,5030,-802,-816,4934,20.1,254,322,35,127774
MSaaap:68,MSaaap,68,30722,5722,-236,-244,5629,20.2,252,318,45,219763
MSaaap:69,MSaaap,69,30227,5227,-664,-854,5084,21.0,247,320,45,236174
MSaaap:70,MSaaap,70,30734,5734,-381,-605,5563,21.1,242,314,43,230506
MSaaap:71,MSaaap,71,30552,5552,-518,-602,5367,21.0,235,303,43,242224
MSaaap:72,MSaaap,72,30373,5373,-608,-666,5185,20.1,232,299,43,264879
MSaaap:73,MSaaap,73,30048,5048,-1519,-1786,4935,20.1,232,302,43,263642
MSaaap:74,MSaaap,74,29578,4578,-1807,-2194,4367,20.0,227,302,43,282663
MSaaap:75,MSaaap,75,29939,4939,-1507,-1775,4650,19.0,223,301,43,292541
MSaaap:76,MSaaap,76,30255,5255,-1678,-2099,4959,19.1,221,294,43,317734
MSaaap:77,MSaaap,77,30344,5344,-999,-1119,4961,18.1,223,296,43,299889
MSaaap:78,MSaaap,78,31544,6544,-106,-257,6271,17.2,224,295,45,367403
MSaaap:79,MSaaap,79,30608,5608,-1210,-1332,5394,17.1,233,294,45,380378
MSaaap:80,MSaaap,80,30049,5049,-1221,-1391,4782,17.8,241,286,42,362560
MSaaap:81,MSaaap,81,31162,6162,-1432,-1485,5789,17.0,240,295,42,298531
MSaaap:82,MSaaap,82,30757,5757,-1645,-1688,5341,16.1,242,297,41,259903
MSaaap:83,MSaaap,83,29684,4684,-2510,-2544,4241,16.2,250,291,39,251225
MSaaap:84,MSaaap,84,30277,5277,-2156,-2157,4951,16.1,244,296,39,288455
MSaaap:85,MSaaap,85,32121,7121,-7,-7,6929,15.1,246,292,38,291646
MSaaap:86,MSaaap,86,30735,5735,-2221,-2221,5522,15.1,242,297,32,208668
MSaaapa:87,MSaaapa,87,30903,5903,-1837,-1837,5399,15.1,214,303,32,183402
MSaaapa:88,MSaaapa,88,31404,6404,-1290,-1295,5830,14.9,213,305,34,189769
MSaaapa:89,MSaaapa,89,30443,5443,-1922,-2020,4635,14.1,207,308,38,250580
MSaaapa:90,MSaaapa,90,30334,5334,-2791,-3036,3809,14.2,203,314,38,260017
MSaaapa:91,MSaaapa,91,31221,6221,-1605,-1864,4467,14.2,203,315,38,268349
MSaaapa:92,MSaaapa,92,30434,5434,-2700,-2850,3529,14.2,206,319,38,281733
MSaaapa:93,MSaaapa,93,30126,5126,-2853,-3299,2950,14.2,206,322,38,295653
MSaaapa:94,MSaaapa,94,30520,5520,-2965,-3287,4613,14.1,208,315,38,281859
MSaaapa:95,MSaaapa,95,30045,5045,-2837,-3126,4286,14.0,205,319,38,308023
MSaaapa:96,MSaaapa,96,31125,6125,-2477,-2687,5368,13.3,205,316,38,243525
MSaaapa:97,MSaaapa,97,30584,5584,-2721,-2982,4860,13.2,208,312,39,245101
MSaaapa:98,MSaaapa,98,30254,5254,-3114,-3312,4577,13.1,205,313,39,261919
MSaaapa:99,MSaaapa,99,29950,4950,-3273,-3392,4247,13.0,207,319,39,263603
MSaaapa:100,MSaaapa,100,31102,6102,-1928,-2351,4891,13.0,205,317,39,282519
MSaaapa:101,MSaaapa,101,29450,4450,-3181,-3462,3531,13.0,203,316,39,284594
MSaaapa:102,MSaaapa,102,30081,5081,-2781,-3109,3907,12.2,199,317,39,270932
MSaaapa:103,MSaaapa,103,31227,6227,-2343,-2595,5327,12.0,197,322,39,291173
MSaaapa:104,MSaaapa,104,29892,4892,-3668,-3904,3793,12.0,194,320,39,303766
MSaaapa:105,MSaaapa,105,31297,6297,-2346,-2585,5277,12.0,194,320,39,318598
MSaaapp:87,MSaaapp,87,29570,4570,-1377,-1627,3663,16.0,271,290,30,141064
MSaaapp:88,MSaaapp,88,30768,5768,-804,-925,4480,16.0,275,291,30,140835
MSaaapp:89,MSaaapp,89,30178,5178,-1840,-2051,3726,16.1,272,287,34,170761
MSaaapp:90,MSaaapp,90,30332,5332,-1315,-1446,4449,16.1,265,286,34,193018
MSaaapp:91,MSaaapp,91,29757,4757,-2264,-2450,4017,16.0,267,279,34,197199
MSaaapp:92,MSaaapp,92,30957,5957,-1106,-1279,5200,15.8,263,280,34,199112
MSaaapp:93,MSaaapp,93,31201,6201,-717,-922,5533,15.2,259,278,34,217020
MSaaapp:94,MSaaapp,94,29911,4911,-1908,-2172,3340,15.9,258,267,34,232569
MSaaapp:95,MSaaapp,95,31097,6097,-750,-984,4881,15.8,253,276,34,230442
MSaaapp:96,MSaaapp,96,31766,6766,-699,-1072,5571,14.9,251,274,34,209592
MSaaapp:97,MSaaapp,97,31906,6906,-813,-1303,5835,14.9,252,277,35,212157
MSaaapp:98,MSaaapp,98,31461,6461,-1201,-1787,5385,14.8,248,278,35,216483
MSaaapp:99,MSaaapp,99,30803,5803,-1912,-2080,4970,13.9,249,282,35,216452
MSaaapp:100,MSaaapp,100,32040,7040,-1285,-1526,6157,13.1,243,280,35,231349
MSaaapp:101,MSaaapp,101,31192,6192,-2074,-2339,5243,13.1,247,278,35,231341
MSaaapp:102,MSaaapp,102,30975,5975,-1984,-2093,4827,12.8,240,277,35,225369
MSaaapp:103,MSaaapp,103,31772,6772,-1950,-2159,6244,12.0,236,287,35,231822
MSaaapp:104,MSaaapp,104,31390,6390,-1722,-1763,5687,12.0,235,279,35,241542
MSaaapp:105,MSaaapp,105,30810,5810,-2456,-2803,4898,12.1,231,284,35,250054
MSaap:50,MSaap,50,30978,5978,-1360,-1441,5953,19.0,281,343,52,410481
MSaap:51,MSaap,51,31860,6860,115,126,6860,19.2,298,325,52,398226
MSaap:52,MSaap,52,32036,7036,501,503,7036,20.9,313,319,51,359444
MSaap:53,MSaap,53,32120,7120,524,520,7120,20.1,325,310,53,420328
MSaap:54,MSaap,54,32040,7040,645,663,7040,20.9,324,311,52,457891
MSaap:55,MSaap,55,31221,6221,-284,-288,6199,20.9,313,315,52,469608
MSaap:56,MSaap,56,31087,6087,-113,-129,5905,20.1,314,323,54,504362
MSaap:57,MSaap,57,30103,5103,-974,-985,5049,21.0,313,331,54,518709
MSaap:58,MSaap,58,31099,6099,116,120,6094,21.0,308,330,52,485584
MSaap:59,MSaap,59,31132,6132,-281,-292,6092,21.0,314,331,51,493274
MSaap:60,MSaap,60,30316,5316,-1065,-1104,5142,20.1,319,329,51,464831
MSaap:61,MSaap,61,31017,6017,-828,-829,5948,20.0,319,330,45,325043
MSaap:62,MSaap,62,31202,6202,87,85,6069,20.1,326,339,47,393527
MSaap:63,MSaap,63,30994,5994,-414,-417,5949,20.1,320,338,45,341821
MSaap:64,MSaap,64,30617,5617,-623,-623,5581,20.1,327,336,45,337619
MSaap:65,MSaap,65,29272,4272,-1666,-1666,4264,19.0,321,322,35,213826
MSaapa:66,MSaapa,66,31409,6409,-23,-65,6335,19.0,292,320,35,137528
MSaapa:67,MSaapa,67,30672,5672,-384,-408,5578,19.9,299,314,43,182082
MSaapa:68,MSaapa,68,31352,6352,246,185,6276,20.9,297,304,43,185545
MSaapa:69,MSaapa,69,30822,5822,-309,-410,5708,21.0,290,309,47,251168
MSaapa:70,MSaapa,70,30476,5476,-472,-616,5331,21.1,282,302,47,256927
MSaapa:71,MSaapa,71,30179,5179,-758,-676,5067,21.1,275,286,47,281235
MSaapa:72,MSaapa,72,30880,5880,-157,-296,5755,21.0,276,292,45,233425
MSaapa:73,MSaapa,73,30674,5674,-130,-234,5576,22.0,275,294,45,250148
MSaapa:74,MSaapa,74,31044,6044,500,365,5840,21.2,267,297,47,301585
MSaapa:75,MSaapa,75,30877,5877,135,-141,5427,21.2,260,303,47,308637
MSaapa:76,MSaapa,76,30042,5042,-883,-983,4323,21.1,256,302,45,281429
MSaapa:77,MSaapa,77,29934,4934,-636,-687,4732,22.0,260,309,47,314764
MSaapa:78,MSaapa,78,31051,6051,508,301,5601,21.1,274,306,47,336938
MSaapa:79,MSaapa,79,30529,5529,-23,-159,4321,21.1,274,306,47,336938
MSaapa:80,MSaapa,80,29067,4067,-1866,-1819,2964,22.0,293,311,46,399791
MSaapa:81,MSaapa,81,30018,5018,-955,-1103,4100,21.1,295,312,44,256399
MSaapa:82,MSaapa,82,29437,4437,-1481,-1505,3919,21.0,292,311,41,247880
MSaapa:83,MSaapa,83,29653,4653,-1583,-1617,4360,20.2,299,308,39,218504
MSaapa:84,MSaapa,84,29749,4749,-1019,-1056,4571,20.1,307,308,35,170990
MSaapaa:85,MSaapaa,85,30247,5247,-1644,-1613,5128,19.0,276,317,34,156435
MSaapaa:86,MSaapaa,86,31834,6834,751,751,6660,18.1,279,312,29,78602
MSaapaa:87,MSaapaa,87,29889,4889,-1339,-1409,4027,18.2,282,310,36,155868
MSaapaa:88,MSaapaa,88,30394,5394,-835,-1052,3749,18.1,285,305,38,193577
MSaapaa:89,MSaapaa,89,31107,6107,-241,-279,5048,18.3,279,305,36,153189
MSaapaa:90,MSaapaa,90,30808,5808,-807,-989,4653,18.1,272,311,38,201443
MSaapaa:91,MSaapaa,91,30115,5115,-1447,-1702,3913,18.1,265,311,36,189254
MSaapaa:92,MSaapaa,92,30785,5785,-1252,-1410,5048,17.2,267,318,38,219727
MSaapaa:93,MSaapaa,93,29974,4974,-1974,-2042,4327,18.0,264,328,38,236398
MSaapaa:94,MSaapaa,94,29987,4987,-1852,-1893,4402,17.0,267,317,38,241940
MSaapaa:95,MSaapaa,95,29469,4469,-2611,-2561,4119,17.1,269,318,38,242745
MSaapaa:96,MSaapaa,96,29927,4927,-1789,-1800,4268,17.0,266,315,38,209539
MSaapaa:97,MSaapaa,97,30354,5354,-1973,-2017,4791,16.3,271,312,39,203530
MSaapaa:98,MSaapaa,98,30460,5460,-1563,-1625,4934,16.2,272,311,39,210192
MSaapaa:99,MSaapaa,99,31003,6003,-941,-1000,5595,16.1,272,314,39,236645
MSaapaa:100,MSaapaa,100,31147,6147,-981,-994,5464,16.2,266,308,39,232000
MSaapaa:101,MSaapaa,101,30719,5719,-1742,-1870,4968,15.3,281,299,39,235433
MSaapaa:102,MSaapaa,102,30969,5969,-1422,-1494,5365,15.2,274,298,39,240500
MSaapaa:103,MSaapaa,103,30590,5590,-2073,-2137,5204,15.2,275,295,39,251569
MSaapaa:104,MSaapaa,104,31385,6385,-797,-999,5769,14.2,270,297,39,254182
MSaapaa:105,MSaapaa,105,31864,6864,-530,-472,6152,14.2,276,300,39,262746
MSaapap:85,MSaapap,85,30207,5207,-706,-718,5029,20.0,337,291,28,81164
MSaapap:86,MSaapap,86,30021,5021,-464,-535,4871,20.0,344,282,34,132041
MSaapap:87,MSaapap,87,30622,5622,-657,-638,5376,19.1,345,277,36,144696
MSaapap:88,MSaapap,88,30011,5011,-1163,-1160,4755,18.9,345,276,34,133950
MSaapap:89,MSaapap,89,29913,4913,-1030,-1123,4464,19.0,333,278,36,161854
MSaapap:90,MSaapap,90,30268,5268,-656,-847,4925,19.1,330,281,36,159159
MSaapap:91,MSaapap,91,30444,5444,-738,-979,3850,19.0,324,290,38,213899
MSaapap:92,MSaapap,92,30948,5948,-307,-352,5072,20.1,322,283,38,204098
MSaapap:93,MSaapap,93,31512,6512,-110,-497,5502,20.0,329,287,38,218818
MSaapap:94,MSaapap,94,30089,5089,-1320,-1599,3797,20.1,333,286,38,227228
MSaapap:95,MSaapap,95,30986,5986,-746,-842,5141,19.3,332,289,36,188354
MSaapap:96,MSaapap,96,31636,6636,69,74,5481,19.3,330,285,36,170381
MSaapap:97,MSaapap,97,31461,6461,262,218,5491,19.2,329,280,39,204322
MSaapap:98,MSaapap,98,30299,5299,-895,-1142,4583,19.1,329,280,37,210937
MSaapap:99,MSaapap,99,30703,5703,-1000,-1101,4604,19.1,330,285,37,219847
MSaapap:100,MSaapap,100,30656,5656,-894,-1079,4693,19.1,327,287,37,214655
MSaapap:101,MSaapap,101,30139,5139,-1728,-1811,4346,19.1,326,286,37,221767
MSaapap:102,MSaapap,102,29802,4802,-1788,-2033,3808,20.0,328,293,39,261823
MSaapap:103,MSaapap,103,31015,6015,-577,-588,4800,20.0,328,293,39,261823
MSaapap:104,MSaapap,104,30451,5451,-615,-732,5399,19.0,329,291,37,245563
MSaapap:105,MSaapap,105,30015,5015,-1393,-1555,4342,18.2,334,293,37,236135
MSaapp:66,MSaapp,66,28576,3576,-1873,-1873,3562,20.2,355,325,35,132036
MSaapp:67,MSaapp,67,29295,4295,-1441,-1447,4295,20.9,371,299,43,179234
MSaapp:68,MSaapp,68,29817,4817,-1320,-1299,4816,21.0,382,293,43,184722
MSaapp:69,MSaapp,69,30746,5746,526,527,5740,21.1,386,283,43,191363
MSaapp:70,MSaapp,70,29147,4147,-1187,-1190,4116,22.0,396,281,43,205676
MSaapp:71,MSaapp,71,29989,4989,-608,-682,4915,22.0,391,278,43,216310
MSaapp:72,MSaapp,72,30276,5276,617,573,5167,22.1,385,277,45,215633
MSaapp:73,MSaapp,73,30276,5276,122,54,5203,22.2,378,285,47,240645
MSaapp:74,MSaapp,74,29771,4771,-700,-693,4750,22.2,366,292,45,215917
MSaapp:75,MSaapp,75,30541,5541,859,876,5451,23.0,373,289,43,231676
MSaapp:76,MSaapp,76,29295,4295,-828,-794,4196,23.0,372,287,43,244706
MSaapp:77,MSaapp,77,29605,4605,-481,-536,4436,22.0,368,293,43,241331
MSaapp:78,MSaapp,78,30552,5552,906,870,5262,22.1,373,292,43,257415
MSaapp:79,MSaapp,79,29718,4718,-520,-473,3832,21.0,372,298,43,247958
MSaapp:80,MSaapp,80,29984,4984,-104,-163,4489,22.0,372,291,42,266786
MSaapp:81,MSaapp,81,29752,4752,-348,-376,4323,21.9,371,289,40,177803
MSaapp:82,MSaapp,82,29414,4414,-805,-886,4001,21.1,364,282,39,166748
MSaapp:83,MSaapp,83,29513,4513,-778,-779,4119,21.0,365,282,37,175376
MSaapp:84,MSaapp,84,29325,4325,-755,-755,4147,21.1,372,281,37,159047
MSaapp:85,MSaapp,85,30721,5721,117,89,5569,21.1,380,277,36,154764
MSaapp:86,MSaapp,86,29031,4031,-818,-806,3855,22.1,384,276,38,183585
MSaapp:87,MSaapp,87,29992,4992,-360,-352,4900,22.0,384,277,38,208374
MSaapp:88,MSaapp,88,29193,4193,-592,-582,3967,21.2,382,284,38,203116
MSaapp:89,MSaapp,89,29164,4164,-1515,-1549,4060,22.0,373,276,36,204619
MSaapp:90,MSaapp,90,30460,5460,100,25,5277,21.1,369,277,34,169665
MSaappa:91,MSaappa,91,29721,4721,-511,-490,3422,21.1,342,288,36,171128
MSaappa:92,MSaappa,92,30455,5455,-184,-162,4144,22.9,337,290,34,163484
MSaappa:93,MSaappa,93,29789,4789,-1294,-1357,2301,23.0,333,298,34,162964
MSaappa:94,MSaappa,94,29273,4273,-1786,-2058,1987,22.0,332,295,34,168409
MSaappa:95,MSaappa,95,30340,5340,-452,-515,4433,23.1,331,306,34,176671
MSaappa:96,MSaappa,96,31411,6411,942,993,4894,22.2,331,302,36,165918
MSaappa:97,MSaappa,97,31389,6389,666,769,4941,22.1,334,296,37,167509
MSaappa:98,MSaappa,98,29716,4716,-1016,-1016,2836,22.1,333,291,35,163874
MSaappa:99,MSaappa,99,31409,6409,734,929,4426,22.1,334,297,39,210421
MSaappa:100,MSaappa,100,30034,5034,-755,-647,1684,21.0,328,292,29,106550
MSaappa:101,MSaappa,101,30288,5288,-631,-530,3465,22.1,333,296,29,111699
MSaappa:102,MSaappa,102,29257,4257,-1183,-1154,1525,22.1,333,296,29,111699
MSaappa:103,MSaappa,103,30502,5502,-214,-47,2369,22.0,329,301,37,235396
MSaappa:104,MSaappa,104,28994,3994,-2131,-2076,-373,21.1,329,293,29,121211
MSaappa:105,MSaappa,105,29118,4118,-1355,-1519,1670,21.1,329,293,29,121211
MSaappp:91,MSaappp,91,29482,4482,-164,-188,3984,21.1,396,267,34,137649
MSaappp:92,MSaappp,92,30395,5395,812,813,5112,21.9,398,274,34,129902
MSaappp:93,MSaappp,93,29655,4655,-134,-120,4329,22.0,397,279,36,162790
MSaappp:94,MSaappp,94,30026,5026,-143,-221,4512,22.1,396,280,38,186476
MSaappp:95,MSaappp,95,29712,4712,-763,-757,4291,22.1,387,279,38,191180
MSaappp:96,MSaappp,96,30606,5606,422,429,5254,21.0,381,273,38,165668
MSaappp:97,MSaappp,97,29647,4647,-376,-372,3814,21.0,386,279,35,127731
MSaappp:98,MSaappp,98,29366,4366,-957,-900,3489,20.3,382,275,39,170921
MSaappp:99,MSaappp,99,29606,4606,-310,-324,4087,21.0,381,283,37,167823
MSaappp:100,MSaappp,100,29742,4742,-635,-647,4178,20.1,377,286,39,182590
MSaappp:101,MSaappp,101,30210,5210,-689,-788,4530,20.1,376,282,39,180755
MSaappp:102,MSaappp,102,28818,3818,-2077,-2127,3368,20.1,376,283,37,172525
MSaappp:103,MSaappp,103,29737,4737,-1053,-1051,4206,20.1,374,285,39,189120
MSaappp:104,MSaappp,104,29631,4631,-970,-963,4166,20.2,372,281,39,207249
MSaappp:105,MSaappp,105,30196,5196,-320,-413,4810,20.1,374,282,39,207338
MSap:36,MSap,36,31575,6575,-628,-643,6575,17.8,334,357,58,664762
MSap:37,MSap,37,33521,8521,1794,1786,8521,19.7,349,364,58,674191
MSap:38,MSap,38,33117,8117,1027,1061,8117,19.8,360,369,58,718202
MSap:39,MSap,39,34886,9886,2801,2798,9886,20.0,356,387,58,875122
MSap:40,MSap,40,35389,10389,2985,2976,10389,19.9,352,394,58,945023
MSap:41,MSap,41,34351,9351,1805,1808,9351,19.0,347,395,58,1035890
MSap:42,MSap,42,33771,8771,1727,1724,8771,20.0,349,389,58,1019702
MSap:43,MSap,43,33573,8573,1564,1565,8573,20.8,353,386,58,1053817
MSap:44,MSap,44,32988,7988,864,864,7988,20.9,358,374,58,1041967
MSap:45,MSap,45,32201,7201,-26,45,7153,19.3,367,362,59,993012
MSap:46,MSap,46,32356,7356,518,554,7356,20.0,383,375,60,936716
MSap:47,MSap,47,31861,6861,-281,-192,6782,20.1,383,373,57,855177
MSap:48,MSap,48,31648,6648,-583,-478,6623,19.3,370,373,56,810753
MSap:49,MSap,49,30944,5944,-1135,-1026,5931,19.2,362,378,57,853951
MSap:50,MSap,50,30873,5873,-1372,-1377,5873,19.0,353,370,52,559738
MSapa:51,MSapa,51,30207,5207,-1641,-1623,5167,19.1,344,380,52,431225
MSapa:52,MSapa,52,31918,6918,364,427,6862,20.0,341,384,51,397890
MSapa:53,MSapa,53,31714,6714,-389,-186,6499,19.2,337,389,55,513621
MSapa:54,MSapa,54,31472,6472,19,11,6471,20.0,339,390,52,516639
MSapa:55,MSapa,55,30197,5197,-1215,-1221,5120,20.9,322,392,52,520282
MSapa:56,MSapa,56,30887,5887,-566,-568,5849,21.1,316,401,52,541296
MSapa:57,MSapa,57,30340,5340,-653,-653,5329,20.9,313,414,52,590680
MSapa:58,MSapa,58,29752,4752,-988,-990,4752,21.9,301,409,52,554738
MSapa:59,MSapa,59,30164,5164,-840,-839,5155,21.3,295,412,53,563698
MSapa:60,MSapa,60,30326,5326,-305,-289,5235,21.1,285,417,51,546284
MSapa:61,MSapa,61,30478,5478,-561,-548,5420,20.3,300,409,47,407317
MSapa:62,MSapa,62,29999,4999,-918,-902,4855,20.1,303,406,47,417993
MSapa:63,MSapa,63,29878,4878,-1366,-1369,4831,20.1,299,404,47,454986
MSapa:64,MSapa,64,30368,5368,-629,-626,5299,20.1,297,406,47,476567
MSapa:65,MSapa,65,29311,4311,-1934,-1926,4205,19.1,300,399,47,494395
MSapa:66,MSapa,66,29269,4269,-1652,-1654,4083,19.0,302,384,47,392121
MSapa:67,MSapa,67,30800,5800,9,-14,5462,19.1,323,364,37,212190
MSapaa:68,MSapaa,68,30378,5378,-339,-341,5001,19.1,290,359,35,168632
MSapaa:69,MSapaa,69,29785,4785,-1212,-1270,4343,20.0,275,360,43,230764
MSapaa:70,MSapaa,70,30043,5043,-521,-633,4836,20.9,267,357,43,230087
MSapaa:71,MSapaa,71,29819,4819,-696,-669,4432,20.1,262,344,43,246187
MSapaa:72,MSapaa,72,30346,5346,-231,-362,5207,19.9,256,339,43,276349
MSapaa:73,MSapaa,73,30197,5197,-960,-1129,4529,18.1,260,340,43,287167
MSapaa:74,MSapaa,74,30038,5038,-1147,-1284,4673,18.0,256,336,43,294957
MSapaa:75,MSapaa,75,29626,4626,-1276,-1338,4339,18.0,254,334,43,291319
MSapaa:76,MSapaa,76,30638,5638,-320,-434,5238,17.9,245,328,43,297389
MSapaa:77,MSapaa,77,30361,5361,-1013,-1037,5085,16.1,241,325,43,329615
MSapaa:78,MSapaa,78,30295,5295,-1259,-1199,4844,16.0,240,328,43,342539
MSapaa:79,MSapaa,79,30120,5120,-1312,-1436,4729,16.0,237,338,43,364700
MSapaa:80,MSapaa,80,30490,5490,-1197,-1193,4431,16.2,242,339,44,383006
MSapaa:81,MSapaa,81,29467,4467,-2133,-2195,3433,17.0,245,355,40,270592
MSapaa:82,MSapaa,82,29514,4514,-2180,-2156,3861,16.1,243,360,41,282848
MSapaa:83,MSapaa,83,30159,5159,-1103,-1179,3728,15.1,244,358,39,267796
MSapaa:84,MSapaa,84,30103,5103,-1967,-1926,4634,15.2,247,357,39,267777
MSapaa:85,MSapaa,85,29980,4980,-1975,-1965,4263,15.0,247,357,38,303742
MSapaa:86,MSapaa,86,30049,5049,-1826,-1852,4503,14.4,248,357,38,280343
MSapaa:87,MSapaa,87,30428,5428,-1704,-1704,4973,14.2,250,357,38,306814
MSapaa:88,MSapaa,88,30439,5439,-1877,-1884,5016,14.3,254,354,38,298693
MSapaa:89,MSapaa,89,29367,4367,-2479,-2568,4071,15.0,252,355,34,254111
MSapaaa:90,MSapaaa,90,31591,6591,-35,-647,5414,14.0,218,377,32,218510
MSapaaa:91,MSapaaa,91,29130,4130,-2955,-3287,2146,13.9,214,384,34,235289
MSapaaa:92,MSapaaa,92,31412,6412,-381,-1020,4710,13.2,215,394,36,272004
MSapaaa:93,MSapaaa,93,29396,4396,-2364,-2630,2530,13.9,206,392,34,242073
MSapaaa:94,MSapaaa,94,30104,5104,-1298,-1709,3448,13.9,205,387,34,257142
MSapaaa:95,MSapaaa,95,30653,5653,-1255,-1574,3879,13.1,207,390,36,327794
MSapaaa:96,MSapaaa,96,31079,6079,-805,-1281,4600,12.4,207,393,36,235276
MSapaaa:97,MSapaaa,97,32297,7297,347,163,6111,13.0,206,393,37,273003
MSapaaa:98,MSapaaa,98,29905,4905,-2050,-2584,3258,13.0,199,388,37,296396
MSapaaa:99,MSapaaa,99,31460,6460,-323,-958,4739,12.3,199,396,39,309242
MSapaaa:100,MSapaaa,100,31600,6600,-112,-443,4761,12.4,202,393,37,268383
MSapaaa:101,MSapaaa,101,30835,5835,-782,-1133,4313,13.0,204,392,35,257902
MSapaaa:102,MSapaaa,102,30930,5930,-1016,-1580,4755,13.0,201,393,37,334724
MSapaaa:103,MSapaaa,103,30198,5198,-2160,-2775,3115,13.0,197,394,29,172503
MSapaaa:104,MSapaaa,104,31765,6765,-838,-1604,5257,13.0,200,388,29,174291
MSapaaa:105,MSapaaa,105,31447,6447,-534,-1122,5597,13.0,204,391,39,391025
MSapaap:90,MSapaap,90,30477,5477,-1837,-1720,3840,14.2,268,353,38,243421
MSapaap:91,MSapaap,91,29341,4341,-2277,-2432,3390,15.0,259,348,34,209689
MSapaap:92,MSapaap,92,30891,5891,-1099,-1109,4717,15.0,265,351,34,198568
MSapaap:93,MSapaap,93,30330,5330,-1258,-1254,3873,15.1,266,356,34,213663
MSapaap:94,MSapaap,94,32466,7466,357,214,6276,15.2,262,358,36,265427
MSapaap:95,MSapaap,95,31488,6488,-955,-948,5410,15.0,263,361,36,281580
MSapaap:96,MSapaap,96,30832,5832,-505,-546,4616,15.0,264,365,29,121457
MSapaap:97,MSapaap,97,30548,5548,-966,-1161,4706,15.1,259,369,35,197744
MSapaap:98,MSapaap,98,31202,6202,-1151,-1281,5559,15.0,257,372,39,277416
MSapaap:99,MSapaap,99,30662,5662,-1383,-1592,5026,14.9,251,379,35,210879
MSapaap:100,MSapaap,100,30605,5605,-1403,-1574,4921,15.1,248,373,37,271493
MSapaap:101,MSapaap,101,30626,5626,-1141,-1536,4861,14.9,251,375,35,234241
MSapaap:102,MSapaap,102,30180,5180,-2014,-2035,4335,14.9,248,377,35,229920
MSapaap:103,MSapaap,103,31143,6143,-402,-788,5285,14.9,240,381,35,234670
MSapaap:104,MSapaap,104,32535,7535,632,536,6776,14.9,241,379,35,261766
MSapaap:105,MSapaap,105,30381,5381,-1584,-1811,4507,15.0,245,382,35,268733
MSapap:68,MSapap,68,29411,4411,-1396,-1204,3146,21.0,352,353,28,108594
MSapap:69,MSapap,69,29558,4558,-1861,-2167,3506,20.1,350,344,30,118173
MSapap:70,MSapap,70,29719,4719,-746,-791,4590,20.0,352,336,43,202467
MSapap:71,MSapap,71,30018,5018,-975,-1186,4848,19.1,342,322,45,240520
MSapap:72,MSapap,72,30130,5130,-1280,-1438,5039,18.9,327,315,43,238545
MSapap:73,MSapap,73,30377,5377,-1112,-1214,5308,18.0,321,309,43,253734
MSapap:74,MSapap,74,29004,4004,-1884,-2029,3936,18.0,315,313,43,249576
MSapap:75,MSapap,75,29791,4791,-1676,-1858,4690,18.1,312,315,45,253705
MSapap:76,MSapap,76,30411,5411,-1055,-1204,5338,18.1,302,316,45,259941
MSapap:77,MSapap,77,30535,5535,-544,-731,5338,18.2,294,321,45,270887
MSapap:78,MSapap,78,29848,4848,-702,-943,4104,18.9,294,327,43,289384
MSapap:79,MSapap,79,30219,5219,-849,-1039,4548,18.1,288,317,45,337418
MSapap:80,MSapap,80,30031,5031,-1346,-1692,4570,18.1,293,320,42,334740
MSapap:81,MSapap,81,30618,5618,-1004,-1457,5111,17.3,295,328,42,226311
MSapap:82,MSapap,82,30415,5415,-1591,-1768,5207,16.1,290,331,41,263543
MSapap:83,MSapap,83,30322,5322,-2074,-2312,5089,14.3,295,342,37,199700
MSapap:84,MSapap,84,30782,5782,-1693,-1776,5281,14.2,302,348,39,244032
MSapap:85,MSapap,85,29294,4294,-3062,-3170,3876,14.2,307,355,38,278300
MSapap:86,MSapap,86,29770,4770,-3019,-3214,4579,14.2,308,350,38,297232
MSapap:87,MSapap,87,30874,5874,-1774,-1907,5742,14.0,311,346,38,319404
MSapap:88,MSapap,88,29251,4251,-3315,-3349,4008,13.9,312,346,34,252517
MSapap:89,MSapap,89,29233,4233,-3336,-3321,4084,13.9,313,345,34,248632
MSapapa:90,MSapapa,90,33091,8091,642,216,7069,14.0,293,355,32,0
MSapapa:91,MSapapa,91,31407,6407,-968,-1359,5863,14.8,289,354,34,194271
MSapapa:92,MSapapa,92,30997,5997,-1475,-1807,5344,14.9,296,360,34,206337
MSapapa:93,MSapapa,93,30775,5775,-1950,-2046,4939,14.1,291,366,36,253143
MSapapa:94,MSapapa,94,31566,6566,-1602,-1647,5605,13.3,288,365,36,241507
MSapapa:95,MSapapa,95,32117,7117,-733,-982,5752,13.4,288,371,36,256705
MSapapa:96,MSapapa,96,31111,6111,-1863,-2184,5022,13.3,287,372,36,216963
MSapapa:97,MSapapa,97,31129,6129,-1819,-2128,5494,13.9,289,377,35,198201
MSapapa:98,MSapapa,98,30613,5613,-1954,-2390,4753,14.0,288,374,37,262934
MSapapa:99,MSapapa,99,31164,6164,-1475,-1547,5595,13.2,289,379,37,223064
MSapapa:100,MSapapa,100,30866,5866,-1962,-2280,5240,13.4,281,375,37,235794
MSapapa:101,MSapapa,101,31979,6979,-731,-893,6424,13.2,284,376,37,274088
MSapapa:102,MSapapa,102,31075,6075,-2024,-2246,5429,13.0,277,380,37,278523
MSapapa:103,MSapapa,103,31520,6520,-1512,-1605,5937,13.1,275,381,37,283031
MSapapa:104,MSapapa,104,31572,6572,-1423,-1513,5903,13.0,277,377,35,233708
MSapapa:105,MSapapa,105,31441,6441,-1443,-1607,5870,13.0,278,378,37,297698
MSapapp:90,MSapapp,90,32511,7511,-313,-345,7168,12.9,337,334,34,193962
MSapapp:91,MSapapp,91,31118,6118,-2034,-2262,5616,12.0,341,328,34,197438
MSapapp:92,MSapapp,92,32626,7626,-350,-388,6648,11.9,354,334,34,211024
MSapapp:93,MSapapp,93,31121,6121,-2184,-2246,5390,11.0,350,346,34,237668
MSapapp:94,MSapapp,94,30489,5489,-2032,-2281,4647,11.9,351,352,34,241784
MSapapp:95,MSapapp,95,30426,5426,-2379,-2542,3912,11.3,352,356,36,270212
MSapapp:96,MSapapp,96,31123,6123,-1900,-2047,4472,11.2,356,354,34,217237
MSapapp:97,MSapapp,97,31647,6647,-1374,-1550,4902,10.9,353,359,35,224966
MSapapp:98,MSapapp,98,31117,6117,-1389,-1412,4633,11.2,345,362,37,253402
MSapapp:99,MSapapp,99,31944,6944,-648,-813,5818,11.2,348,368,37,260046
MSapapp:100,MSapapp,100,31868,6868,-635,-727,5774,11.1,343,365,37,273347
MSapapp:101,MSapapp,101,30589,5589,-1748,-1825,4596,11.0,340,366,35,240956
MSapapp:102,MSapapp,102,31290,6290,-1010,-1053,5262,11.1,332,366,35,237337
MSapapp:103,MSapapp,103,31718,6718,-1030,-1163,5596,11.2,334,370,37,293786
MSapapp:104,MSapapp,104,30105,5105,-2405,-2434,4066,10.9,330,366,35,251368
MSapapp:105,MSapapp,105,31030,6030,-1174,-1207,4897,11.0,330,366,35,258976
MSapp:51,MSapp,51,30382,5382,-1437,-1532,5361,19.1,395,349,52,448884
MSapp:52,MSapp,52,31119,6119,-79,-80,6119,20.1,407,333,51,375862
MSapp:53,MSapp,53,31244,6244,201,201,6244,20.1,412,333,53,417656
MSapp:54,MSapp,54,31118,6118,13,13,6118,20.9,421,327,52,456672
MSapp:55,MSapp,55,30760,5760,-237,-237,5760,21.0,430,343,52,490197
MSapp:56,MSapp,56,30740,5740,20,20,5740,20.0,433,361,52,535233
MSapp:57,MSapp,57,30807,5807,-127,-127,5807,19.9,427,365,52,524952
MSapp:58,MSapp,58,30595,5595,-708,-708,5507,20.8,415,367,52,557864
MSapp:59,MSapp,59,30900,5900,312,312,5900,20.9,426,362,51,498562
MSapp:60,MSapp,60,29792,4792,-1049,-1049,4744,19.0,423,371,49,490382
MSapp:61,MSapp,61,30356,5356,-329,-329,5356,20.0,432,367,47,419552
MSapp:62,MSapp,62,29986,4986,-997,-997,4911,19.1,426,365,47,451798
MSapp:63,MSapp,63,30568,5568,-325,-292,5102,18.2,410,367,47,401326
MSapp:64,MSapp,64,30901,5901,49,49,5864,19.0,400,363,45,385178
MSapp:65,MSapp,65,30039,5039,-1333,-1362,4863,17.1,388,361,45,405550
MSapp:66,MSapp,66,30212,5212,-891,-905,4952,17.0,383,367,43,323149
MSapp:67,MSapp,67,28916,3916,-2346,-2347,3764,17.1,394,357,33,191037
MSappa:68,MSappa,68,30497,5497,-364,-440,4805,19.1,371,353,47,305372
MSappa:69,MSappa,69,31103,6103,544,495,5423,19.0,375,350,47,274234
MSappa:70,MSappa,70,29805,4805,-287,-352,4661,19.9,387,356,43,223122
MSappa:71,MSappa,71,29705,4705,-548,-620,4506,19.9,375,342,43,221477
MSappa:72,MSappa,72,29994,4994,-477,-529,4902,18.9,367,336,43,221262
MSappa:73,MSappa,73,29857,4857,-702,-853,4751,19.0,356,339,45,268611
MSappa:74,MSappa,74,30183,5183,-380,-485,5056,18.9,350,345,43,271212
MSappa:75,MSappa,75,29905,4905,-747,-884,4780,19.1,345,342,43,261440
MSappa:76,MSappa,76,30980,5980,-129,-228,5878,18.9,338,349,43,278233
MSappa:77,MSappa,77,29798,4798,-1038,-1100,4689,18.0,328,350,43,268278
MSappa:78,MSappa,78,29436,4436,-1293,-1487,4287,19.0,332,344,43,289580
MSappa:79,MSappa,79,29822,4822,-871,-894,4732,18.9,332,336,43,307141
MSappa:80,MSappa,80,30232,5232,-798,-917,5054,18.0,335,337,42,309420
MSappa:81,MSappa,81,29273,4273,-1721,-1831,4065,18.0,338,337,40,228569
MSappa:82,MSappa,82,30626,5626,-629,-859,5236,17.1,333,331,39,226035
MSappa:83,MSappa,83,30402,5402,-896,-1013,5017,17.1,329,326,39,250079
MSappa:84,MSappa,84,30022,5022,-1600,-1718,4525,16.2,330,324,39,238055
MSappa:85,MSappa,85,29708,4708,-1669,-1902,4347,16.2,330,327,38,248946
MSappa:86,MSappa,86,29654,4654,-2148,-2318,4323,16.1,332,316,38,262465
MSappa:87,MSappa,87,30637,5637,-459,-605,5104,16.1,336,314,38,273435
MSappa:88,MSappa,88,30192,5192,-1312,-1460,4756,16.2,333,315,38,267507
MSappa:89,MSappa,89,30479,5479,-691,-805,4926,17.1,329,310,38,272371
MSappa:90,MSappa,90,29797,4797,-1600,-1652,3506,17.1,328,316,36,261528
MSappa:91,MSappa,91,30461,5461,-1372,-1426,4210,16.2,330,313,36,265353
MSappa:92,MSappa,92,30035,5035,-1244,-1295,4231,17.0,334,319,34,233005
MSappaa:93,MSappaa,93,31919,6919,408,179,5933,17.0,318,345,34,195422
MSappaa:94,MSappaa,94,30404,5404,-1439,-1503,4588,16.9,315,347,34,198088
MSappaa:95,MSappaa,95,32320,7320,347,276,6524,16.2,310,354,36,239580
MSappaa:96,MSappaa,96,30654,5654,-1497,-1583,5032,16.3,313,355,36,193215
MSappaa:97,MSappaa,97,30892,5892,-945,-958,5121,17.0,316,357,35,168182
MSappaa:98,MSappaa,98,29923,4923,-2123,-2228,4258,16.1,310,353,35,179884
MSappaa:99,MSappaa,99,30960,5960,-1132,-1199,5481,16.1,311,356,37,225874
MSappaa:100,MSappaa,100,31484,6484,-759,-874,6097,16.1,309,353,39,237244
MSappaa:101,MSappaa,101,30526,5526,-1408,-1441,4957,16.0,312,358,37,251621
MSappaa:102,MSappaa,102,31780,6780,-560,-550,6238,16.1,305,359,37,227881
MSappaa:103,MSappaa,103,32439,7439,-151,-172,6989,15.3,305,357,37,224765
MSappaa:104,MSappaa,104,32058,7058,-528,-607,6507,15.3,305,355,39,271109
MSappaa:105,MSappaa,105,31743,6743,-640,-688,5972,16.0,302,362,39,296334
MSappap:93,MSappap,93,30867,5867,-515,-616,4972,17.9,347,310,34,181713
MSappap:94,MSappap,94,30948,5948,-283,-322,5316,17.1,355,306,34,186562
MSappap:95,MSappap,95,31413,6413,-450,-359,5203,17.1,358,306,34,186339
MSappap:96,MSappap,96,30881,5881,-808,-856,4990,17.1,356,304,34,154891
MSappap:97,MSappap,97,30365,5365,-728,-752,4251,17.0,358,311,35,171523
MSappap:98,MSappap,98,29616,4616,-1119,-1086,3700,17.9,355,316,35,166014
MSappap:99,MSappap,99,30488,5488,-978,-969,4500,17.1,354,313,35,180157
MSappap:100,MSappap,100,29335,4335,-1963,-1943,3526,17.1,356,318,35,186235
MSappap:101,MSappap,101,31036,6036,-16,13,4793,17.1,356,321,35,201360
MSappap:102,MSappap,102,30740,5740,-496,-567,5113,17.0,348,324,35,199620
MSappap:103,MSappap,103,30524,5524,-1003,-927,5059,17.0,349,329,35,202434
MSappap:104,MSappap,104,30624,5624,-904,-974,5028,16.9,347,328,35,201957
MSappap:105,MSappap,105,29618,4618,-1633,-1730,3620,16.9,348,339,35,213035
MSappp:68,MSappp,68,30874,5874,648,686,5850,17.2,428,328,33,154677
MSappp:69,MSappp,69,29202,4202,-1168,-1307,4016,17.3,437,326,35,139047
MSappp:70,MSappp,70,29959,4959,-663,-752,4863,18.9,438,322,43,236866
MSappp:71,MSappp,71,30423,5423,74,149,5305,19.1,433,321,43,244951
MSappp:72,MSappp,72,29584,4584,-757,-824,4499,19.1,423,318,45,261483
MSappp:73,MSappp,73,29981,4981,-474,-387,4911,18.0,416,316,45,248113
MSappp:74,MSappp,74,29977,4977,-1186,-1183,4690,17.1,409,317,43,269777
MSappp:75,MSappp,75,29355,4355,-922,-923,4262,17.9,403,311,43,277353
MSappp:76,MSappp,76,30031,5031,-656,-684,4916,17.1,385,313,43,296672
MSappp:77,MSappp,77,29388,4388,-1194,-1196,3927,17.1,380,315,43,302382
MSappp:78,MSappp,78,28653,3653,-2152,-2134,3020,18.0,376,316,43,320481
MSappp:79,MSappp,79,30480,5480,-264,-440,3376,17.0,372,309,43,325943
MSappp:80,MSappp,80,30052,5052,-1076,-1205,4067,17.1,362,300,42,343973
MSappp:81,MSappp,81,29190,4190,-1593,-1712,3625,17.0,363,300,40,233599
MSappp:82,MSappp,82,29313,4313,-1372,-1595,3406,17.0,365,303,41,246974
MSappp:83,MSappp,83,30101,5101,-702,-692,4391,16.2,366,302,39,231077
MSappp:84,MSappp,84,29609,4609,-1245,-1282,3784,16.1,374,308,39,237982
MSappp:85,MSappp,85,29617,4617,-955,-1095,3333,15.2,371,308,38,231718
MSappp:86,MSappp,86,30435,5435,-1005,-1444,4155,14.1,371,311,36,215983
MSappp:87,MSappp,87,30373,5373,-916,-1019,4754,15.1,378,315,38,258870
MSappp:88,MSappp,88,29725,4725,-2180,-2267,4593,15.0,379,325,38,301421
MSappp:89,MSappp,89,29298,4298,-2236,-2220,4202,14.3,374,323,38,276800
MSappp:90,MSappp,90,29732,4732,-1747,-1818,4517,14.2,378,322,38,319410
MSappp:91,MSappp,91,28684,3684,-2332,-2448,3264,14.1,375,322,34,270197
MSapppa:92,MSapppa,92,32107,7107,1028,1037,5171,15.1,371,327,30,172755
MSapppa:93,MSapppa,93,31127,6127,-201,-178,4659,15.0,363,346,34,209338
MSapppa:94,MSapppa,94,29226,4226,-1936,-2060,2002,15.1,358,349,34,216058
MSapppa:95,MSapppa,95,30111,5111,-1432,-1582,3561,15.0,355,350,34,228071
MSapppa:96,MSapppa,96,30876,5876,-924,-918,4459,14.9,362,344,34,190187
MSapppa:97,MSapppa,97,30258,5258,-1449,-1538,3892,14.2,367,352,37,203773
MSapppa:98,MSapppa,98,30197,5197,-1587,-1612,4398,15.1,365,354,35,201043
MSapppa:99,MSapppa,99,29377,4377,-2403,-2448,3526,15.0,364,357,35,201410
MSapppa:100,MSapppa,100,31455,6455,-581,-646,5580,14.9,365,354,35,210534
MSapppa:101,MSapppa,101,29977,4977,-2135,-2242,4143,14.3,365,357,37,234731
MSapppa:102,MSapppa,102,30456,5456,-1391,-1491,4381,14.2,357,360,37,257159
MSapppa:103,MSapppa,103,30649,5649,-1212,-1245,4177,14.1,354,363,35,231089
MSapppa:104,MSapppa,104,30000,5000,-1941,-1995,3905,14.1,353,362,37,280381
MSapppa:105,MSapppa,105,30939,5939,-1009,-1055,4538,13.3,355,365,37,266618
MSapppp:92,MSapppp,92,30187,5187,-1308,-1360,4743,14.3,399,309,32,157601
MSapppp:93,MSapppp,93,30171,5171,-1940,-1940,4990,14.1,407,305,32,165681
MSapppp:94,MSapppp,94,30907,5907,-1029,-1029,5692,14.0,406,304,34,198670
MSapppp:95,MSapppp,95,30028,5028,-1436,-1436,4858,14.9,409,312,34,206470
MSapppp:96,MSapppp,96,31200,6200,-738,-738,5955,13.8,411,306,34,178554
MSapppp:97,MSapppp,97,31194,6194,-1160,-1157,5887,13.0,404,313,35,195949
MSapppp:98,MSapppp,98,31573,6573,-848,-923,6222,13.1,400,311,35,203978
MSapppp:99,MSapppp,99,31219,6219,-1301,-1278,5883,12.8,400,321,35,209923
MSapppp:100,MSapppp,100,30618,5618,-2078,-2078,4951,11.9,405,321,35,216657
MSapppp:101,MSapppp,101,31286,6286,-2260,-2244,5803,12.0,402,324,35,225132
MSapppp:102,MSapppp,102,31657,6657,-624,-635,5844,12.8,395,326,35,216636
MSapppp:103,MSapppp,103,31393,6393,-1249,-1275,6141,12.1,391,336,35,237202
MSapppp:104,MSapppp,104,31343,6343,-1271,-1281,6011,12.1,387,334,35,236211
MSapppp:105,MSapppp,105,30693,5693,-1810,-2073,4781,11.9,386,337,35,246964
MSp:25,MSp,25,29413,4413,-810,-866,4401,18.0,365,269,42,262137
MSp:26,MSp,26,29680,4680,-1553,-1553,4680,19.6,360,250,57,518171
MSp:27,MSp,27,30416,5416,-588,-588,5416,19.0,371,234,41,207723
MSp:28,MSp,28,30573,5573,-936,-936,5573,19.0,379,225,63,826738
MSp:29,MSp,29,30118,5118,-1219,-1219,5118,18.7,384,234,62,932769
MSp:30,MSp,30,30398,5398,-1249,-1249,5398,18.6,377,224,62,1045101
MSp:31,MSp,31,31528,6528,-148,-148,6528,18.2,366,229,65,1369980
MSp:32,MSp,32,31538,6538,-501,-501,6538,18.1,349,227,66,1621535
MSp:33,MSp,33,31873,6873,-253,-253,6873,18.2,333,225,65,1490874
MSp:34,MSp,34,32064,7064,-306,-306,7064,18.2,334,225,65,1534407
MSp:35,MSp,35,30213,5213,-1478,-1478,5213,18.8,332,239,58,775507
MSpa:36,MSpa,36,31676,6676,-246,-280,6676,19.7,301,255,58,603568
MSpa:37,MSpa,37,33182,8182,1531,1531,8182,20.8,299,260,58,577174
MSpa:38,MSpa,38,34178,9178,2328,2328,9178,20.7,285,281,58,630297
MSpa:39,MSpa,39,33146,8146,1151,1151,8146,20.7,284,281,58,675969
MSpa:40,MSpa,40,34313,9313,2581,2586,9313,20.9,290,286,58,767343
MSpa:41,MSpa,41,33101,8101,1176,1176,8101,20.9,290,284,58,770386
MSpa:42,MSpa,42,33327,8327,1484,1476,8327,20.8,283,276,58,868100
MSpa:43,MSpa,43,34450,9450,2232,2246,9450,20.9,275,266,58,987053
MSpa:44,MSpa,44,33147,8147,818,756,8147,20.9,283,260,58,997359
MSpa:45,MSpa,45,32986,7986,1078,1056,7986,20.3,298,259,61,1013028
MSpa:46,MSpa,46,32957,7957,1086,1076,7957,20.2,302,265,58,796363
MSpa:47,MSpa,47,32099,7099,-2,77,7094,20.2,292,255,57,735223
MSpa:48,MSpa,48,31319,6319,-714,-747,6316,20.0,294,249,58,813567
MSpa:49,MSpa,49,30582,5582,-1052,-1081,5582,20.1,298,247,53,506786
MSpaa:50,MSpaa,50,30709,5709,-1635,-1558,5642,18.2,269,245,52,426586
MSpaa:51,MSpaa,51,31023,6023,-921,-898,6006,19.9,256,245,52,422050
MSpaa:52,MSpaa,52,31999,6999,355,386,6926,20.1,255,250,51,381660
MSpaa:53,MSpaa,53,31871,6871,359,369,6859,20.0,249,262,51,439345
MSpaa:54,MSpaa,54,31221,6221,-331,-287,6171,20.1,255,270,52,513209
MSpaa:55,MSpaa,55,31224,6224,2,41,6193,20.0,249,262,52,506102
MSpaa:56,MSpaa,56,30365,5365,-636,-651,5353,20.9,257,260,52,544560
MSpaa:57,MSpaa,57,31585,6585,347,363,6583,21.0,264,261,52,528426
MSpaa:58,MSpaa,58,30756,5756,-292,-304,5753,21.0,267,263,52,489990
MSpaa:59,MSpaa,59,30577,5577,-627,-630,5571,20.1,273,262,51,486226
MSpaa:60,MSpaa,60,29678,4678,-1457,-1475,4673,19.0,288,266,49,473915
MSpaa:61,MSpaa,61,31144,6144,-391,-437,6051,18.2,288,269,49,465788
MSpaa:62,MSpaa,62,30406,5406,-1025,-1231,5302,19.1,284,263,47,433190
MSpaa:63,MSpaa,63,30391,5391,-1303,-1321,5244,19.0,286,255,47,463632
MSpaa:64,MSpaa,64,30048,5048,-1374,-1432,4916,18.2,288,265,47,425328
MSpaa:65,MSpaa,65,29120,4120,-2121,-2121,4014,18.0,286,258,43,392311
MSpaa:66,MSpaa,66,29724,4724,-1091,-1091,4593,18.2,293,251,35,184977
MSpaaa:67,MSpaaa,67,30921,5921,-693,-693,5720,19.2,239,249,31,130983
MSpaaa:68,MSpaaa,68,30786,5786,-166,-228,5472,19.1,238,251,43,238848
MSpaaa:69,MSpaaa,69,31226,6226,491,382,6006,19.0,234,258,43,254174
MSpaaa:70,MSpaaa,70,31455,6455,247,116,6047,18.1,238,255,43,276531
MSpaaa:71,MSpaaa,71,31390,6390,5,-94,6163,18.1,229,235,43,292247
MSpaaa:72,MSpaaa,72,31212,6212,-576,-571,5898,18.1,221,238,45,312454
MSpaaa:73,MSpaaa,73,30004,5004,-1438,-1483,4767,18.1,214,239,45,320819
MSpaaa:74,MSpaaa,74,30249,5249,-1439,-1529,4916,17.2,212,235,47,394035
MSpaaa:75,MSpaaa,75,30062,5062,-1535,-1669,4831,17.2,204,236,47,440647
MSpaaa:76,MSpaaa,76,30229,5229,-1746,-1811,5036,17.1,204,233,45,389560
MSpaaa:77,MSpaaa,77,29802,4802,-2272,-2474,4623,17.1,197,230,43,381433
MSpaaa:78,MSpaaa,78,29966,4966,-2328,-2600,3732,16.0,192,236,45,435721
MSpaaa:79,MSpaaa,79,29933,4933,-2575,-2819,4041,15.1,198,241,45,426617
MSpaaa:80,MSpaaa,80,29623,4623,-2409,-2476,4471,16.0,206,239,46,506120
MSpaaa:81,MSpaaa,81,29332,4332,-3008,-3073,3881,15.2,205,250,42,275963
MSpaaa:82,MSpaaa,82,29494,4494,-2848,-2871,4121,16.0,197,248,41,305598
MSpaaa:83,MSpaaa,83,29961,4961,-2250,-2250,4721,15.1,193,245,39,286434
MSpaaa:84,MSpaaa,84,29102,4102,-3093,-3093,3972,15.8,200,244,35,215524
MSpaaaa:85,MSpaaaa,85,31108,6108,-1018,-1133,5547,16.1,176,252,32,170818
MSpaaaa:86,MSpaaaa,86,29946,4946,-3025,-3025,4573,16.1,168,270,30,152654
MSpaaaa:87,MSpaaaa,87,30387,5387,-1856,-1889,4961,17.1,166,262,34,192571
MSpaaaa:88,MSpaaaa,88,30842,5842,-1504,-1546,5259,16.1,165,263,36,249241
MSpaaaa:89,MSpaaaa,89,30948,5948,-1071,-1180,4755,15.2,160,267,36,256347
MSpaaaa:90,MSpaaaa,90,30952,5952,-1934,-2065,4608,14.3,152,275,36,261278
MSpaaaa:91,MSpaaaa,91,29931,4931,-2154,-2357,3929,15.1,150,279,36,271937
MSpaaaa:92,MSpaaaa,92,31326,6326,-903,-1213,4743,14.2,151,282,36,290045
MSpaaaa:93,MSpaaaa,93,30854,5854,-2039,-2519,4287,14.2,150,280,36,289763
MSpaaaa:94,MSpaaaa,94,30981,5981,-1726,-2215,4380,14.2,153,272,36,292435
MSpaaaa:95,MSpaaaa,95,31011,6011,-2165,-2443,4777,14.1,152,277,38,366120
MSpaaaa:96,MSpaaaa,96,31845,6845,-1096,-1664,5405,14.2,149,273,38,326095
MSpaaaa:97,MSpaaaa,97,31386,6386,-1448,-1627,5221,14.4,152,269,39,292398
MSpaaaa:98,MSpaaaa,98,31410,6410,-1567,-1827,5349,14.3,153,273,39,308073
MSpaaaa:99,MSpaaaa,99,32122,7122,-1124,-1395,6198,14.2,150,288,39,305730
MSpaaaa:100,MSpaaaa,100,30661,5661,-2771,-2834,4687,14.1,152,286,37,306494
MSpaaaa:101,MSpaaaa,101,32165,7165,-1310,-1736,5929,14.1,155,283,39,358301
MSpaaaa:102,MSpaaaa,102,31303,6303,-1968,-2162,5686,14.1,151,284,39,361737
MSpaaaa:103,MSpaaaa,103,30589,5589,-2387,-2579,4474,14.0,150,289,39,380489
MSpaaaa:104,MSpaaaa,104,31486,6486,-1499,-1779,5516,13.2,144,288,39,367491
MSpaaaa:105,MSpaaaa,105,30933,5933,-1624,-1857,5074,13.1,144,289,39,386632
MSpaaap:85,MSpaaap,85,30076,5076,-1790,-1798,4402,13.9,208,242,34,195114
MSpaaap:86,MSpaaap,86,30559,5559,-1228,-1251,4724,12.1,217,246,34,195467
MSpaaap:87,MSpaaap,87,30076,5076,-2042,-2081,3993,12.0,217,247,34,199577
MSpaaap:88,MSpaaap,88,32040,7040,-66,-120,5426,10.3,215,243,36,217436
MSpaaap:89,MSpaaap,89,29696,4696,-2898,-3077,3367,10.3,214,245,38,251120
MSpaaap:90,MSpaaap,90,29573,4573,-3413,-3435,3783,11.0,210,249,36,256272
MSpaaap:91,MSpaaap,91,30936,5936,-2200,-2337,5026,11.1,200,254,38,295579
MSpaaap:92,MSpaaap,92,30215,5215,-2234,-2335,4462,11.2,201,252,38,307059
MSpaaap:93,MSpaaap,93,30600,5600,-1902,-2223,4418,11.2,194,256,38,314287
MSpaaap:94,MSpaaap,94,30045,5045,-3101,-3444,4048,11.0,198,256,38,338810
MSpaaap:95,MSpaaap,95,30030,5030,-2905,-3111,4213,11.1,191,261,38,342816
MSpaaap:96,MSpaaap,96,30539,5539,-2462,-2635,4826,10.4,184,255,38,273137
MSpaaap:97,MSpaaap,97,31246,6246,-1215,-1449,5421,11.0,185,257,39,288261
MSpaaap:98,MSpaaap,98,30312,5312,-2969,-3041,4058,11.1,184,260,39,296644
MSpaaap:99,MSpaaap,99,30180,5180,-3073,-3348,4050,11.0,180,268,39,321670
MSpaaap:100,MSpaaap,100,30144,5144,-3176,-3377,4296,11.1,174,264,39,329974
MSpaaap:101,MSpaaap,101,30847,5847,-1749,-2085,4411,11.0,172,260,39,342514
MSpaaap:102,MSpaaap,102,30143,5143,-2748,-3179,4259,11.2,175,255,39,330165
MSpaaap:103,MSpaaap,103,31172,6172,-1846,-2048,5063,10.4,179,259,37,277432
MSpaaap:104,MSpaaap,104,30535,5535,-2289,-2600,3426,10.1,176,261,39,341033
MSpaaap:105,MSpaaap,105,30607,5607,-2095,-2325,3718,10.3,169,260,39,349424
MSpaap:67,MSpaap,67,31649,6649,764,764,6246,18.2,306,241,31,133791
MSpaap:68,MSpaap,68,30326,5326,-1131,-1169,4888,18.1,312,240,39,192652
MSpaap:69,MSpaap,69,30718,5718,-110,-216,5305,19.1,309,243,43,246746
MSpaap:70,MSpaap,70,29392,4392,-1680,-1828,3743,19.0,311,235,43,268867
MSpaap:71,MSpaap,71,29610,4610,-1181,-1231,3076,20.0,302,221,43,256297
MSpaap:72,MSpaap,72,30444,5444,-80,-301,5118,19.9,283,228,43,257467
MSpaap:73,MSpaap,73,29361,4361,-1326,-1596,3828,19.1,286,228,43,280809
MSpaap:74,MSpaap,74,30068,5068,-1113,-1253,4555,18.9,279,225,43,299277
MSpaap:75,MSpaap,75,29963,4963,-1034,-1289,4498,19.0,273,231,43,315725
MSpaap:76,MSpaap,76,29280,4280,-2398,-2669,3675,18.1,268,227,43,334083
MSpaap:77,MSpaap,77,30202,5202,-1239,-1374,4510,18.0,266,234,43,333008
MSpaap:78,MSpaap,78,29663,4663,-1427,-1434,4023,18.0,262,233,43,367481
MSpaap:79,MSpaap,79,29403,4403,-1685,-1821,3916,17.9,263,237,43,369243
MSpaap:80,MSpaap,80,29947,4947,-1264,-1336,4610,17.9,273,234,42,365814
MSpaap:81,MSpaap,81,29858,4858,-1789,-2041,4114,16.1,267,224,42,292684
MSpaap:82,MSpaap,82,30168,5168,-827,-982,4618,16.2,251,227,41,286279
MSpaap:83,MSpaap,83,30881,5881,-237,-292,5503,16.1,254,228,39,283430
MSpaap:84,MSpaap,84,30000,5000,-1512,-1584,4599,16.2,258,225,37,250993
MSpaap:85,MSpaap,85,29362,4362,-1710,-1740,3960,17.1,259,234,38,289717
MSpaap:86,MSpaap,86,30166,5166,-1380,-1376,4851,16.2,247,236,38,303276
MSpaap:87,MSpaap,87,29089,4089,-1776,-1894,3625,16.2,243,240,36,271024
MSpaap:88,MSpaap,88,29444,4444,-1431,-1402,3840,16.9,246,246,34,238010
MSpaapa:89,MSpaapa,89,29879,4879,-2387,-2388,4477,16.3,210,248,32,168766
MSpaapa:90,MSpaapa,90,30788,5788,-1268,-1268,5416,17.0,198,255,34,205998
MSpaapa:91,MSpaapa,91,30883,5883,-1739,-1746,4989,16.0,196,261,34,203105
MSpaapa:92,MSpaapa,92,30856,5856,-1465,-1459,5023,16.1,200,263,36,255693
MSpaapa:93,MSpaapa,93,30826,5826,-1682,-1712,4668,15.3,203,264,36,245118
MSpaapa:94,MSpaapa,94,31364,6364,-1436,-1446,5286,15.1,211,257,34,226198
MSpaapa:95,MSpaapa,95,30176,5176,-2749,-2862,4120,15.1,206,260,38,306291
MSpaapa:96,MSpaapa,96,31056,6056,-2112,-2259,5206,14.3,205,259,38,252226
MSpaapa:97,MSpaapa,97,30560,5560,-2474,-2732,4450,14.3,207,258,39,250689
MSpaapa:98,MSpaapa,98,31148,6148,-1510,-1783,5033,14.3,203,259,37,231445
MSpaapa:99,MSpaapa,99,30876,5876,-1356,-1632,4940,14.3,203,269,39,250870
MSpaapa:100,MSpaapa,100,30490,5490,-2322,-2594,4670,14.3,205,261,39,272407
MSpaapa:101,MSpaapa,101,32355,7355,-500,-780,6682,14.2,202,262,39,292476
MSpaapa:102,MSpaapa,102,30130,5130,-2404,-2957,4329,14.1,202,262,39,320877
MSpaapa:103,MSpaapa,103,31022,6022,-1193,-1867,4608,14.0,198,267,39,328800
MSpaapa:104,MSpaapa,104,29700,4700,-3102,-3469,3488,13.2,194,264,39,316834
MSpaapa:105,MSpaapa,105,30199,5199,-2321,-2683,4194,14.1,192,266,39,345786
MSpaapp:89,MSpaapp,89,29507,4507,-1321,-1399,2776,16.9,262,244,34,199538
MSpaapp:90,MSpaapp,90,29610,4610,-1051,-1210,2012,16.1,257,245,34,208252
MSpaapp:91,MSpaapp,91,29703,4703,-1263,-1422,2472,16.9,255,242,34,228120
MSpaapp:92,MSpaapp,92,29250,4250,-1295,-1364,2783,16.9,260,241,34,228782
MSpaapp:93,MSpaapp,93,30217,5217,-786,-889,3736,16.0,261,242,34,229141
MSpaapp:94,MSpaapp,94,30626,5626,-729,-1112,4828,16.0,270,230,34,239149
MSpaapp:95,MSpaapp,95,30297,5297,-1015,-1696,4308,16.0,268,240,34,238897
MSpaapp:96,MSpaapp,96,32147,7147,38,-132,5898,14.9,264,244,34,216533
MSpaapp:97,MSpaapp,97,29300,4300,-2459,-2856,2802,14.9,259,241,35,228377
MSpaapp:98,MSpaapp,98,30886,5886,-1298,-1707,4282,14.8,253,245,35,238895
MSpaapp:99,MSpaapp,99,30869,5869,-714,-1147,4580,14.8,249,250,35,234597
MSpaapp:100,MSpaapp,100,31416,6416,-211,-826,5204,14.8,249,244,35,240728
MSpaapp:101,MSpaapp,101,30892,5892,-1131,-1248,4861,14.1,248,240,35,249506
MSpaapp:102,MSpaapp,102,33448,8448,912,630,7527,13.1,261,243,35,271361
MSpaapp:103,MSpaapp,103,32643,7643,-174,-443,6581,12.8,261,245,35,282027
MSpaapp:104,MSpaapp,104,33010,8010,-59,-289,6758,12.8,262,237,35,287925
MSpaapp:105,MSpaapp,105,32099,7099,-1089,-1507,6172,12.0,261,239,33,262738
MSpap:50,MSpap,50,30756,5756,-435,-451,5750,20.1,326,252,48,313967
MSpap:51,MSpap,51,31143,6143,43,44,6143,21.8,329,246,52,336291
MSpap:52,MSpap,52,32198,7198,1073,1073,7196,21.1,344,242,51,331477
MSpap:53,MSpap,53,30869,5869,-268,-281,5856,21.2,357,239,55,440813
MSpap:54,MSpap,54,31315,6315,272,223,6247,21.2,352,239,58,563392
MSpap:55,MSpap,55,31101,6101,-480,-499,5714,21.1,351,240,58,646813
MSpap:56,MSpap,56,30599,5599,-267,-317,5176,21.1,355,242,58,661766
MSpap:57,MSpap,57,30961,5961,134,1,5769,21.2,352,241,58,615049
MSpap:58,MSpap,58,30701,5701,154,24,5459,21.2,353,238,58,651716
MSpap:59,MSpap,59,31072,6072,336,279,4641,20.0,368,239,38,257990
MSpap:60,MSpap,60,31078,6078,541,401,5574,21.1,363,247,53,570527
MSpap:61,MSpap,61,29906,4906,-1053,-1124,4582,21.0,365,252,49,463142
MSpap:62,MSpap,62,29608,4608,-1153,-1306,4178,20.1,361,262,47,380485
MSpap:63,MSpap,63,29993,4993,-1169,-1169,4987,21.1,362,262,47,391627
MSpap:64,MSpap,64,29827,4827,-1122,-1163,4698,20.1,372,259,47,432070
MSpap:65,MSpap,65,29360,4360,-1405,-1404,4315,20.2,375,262,47,425825
MSpap:66,MSpap,66,28453,3453,-2195,-2195,3453,20.0,376,253,39,231235
MSpapa:67,MSpapa,67,29297,4297,-1414,-1375,4025,20.9,340,233,43,214258
MSpapa:68,MSpapa,68,30794,5794,19,-6,5588,21.0,345,230,43,217740
MSpapa:69,MSpapa,69,30618,5618,77,78,5161,20.3,339,230,47,246610
MSpapa:70,MSpapa,70,28533,3533,-1738,-1623,2054,21.1,326,234,30,112402
MSpapa:71,MSpapa,71,30499,5499,233,113,4192,21.2,320,225,37,112402
MSpapa:72,MSpapa,72,30000,5000,-472,-538,4155,21.2,313,215,45,245049
MSpapa:73,MSpapa,73,29467,4467,-1564,-1753,3158,21.1,314,222,47,311988
MSpapa:74,MSpapa,74,30529,5529,-293,-361,4734,21.1,311,222,47,321182
MSpapa:75,MSpapa,75,29792,4792,-1041,-1079,4502,21.2,309,230,47,309702
MSpapa:76,MSpapa,76,29948,4948,-1342,-1469,4611,21.2,297,232,47,320069
MSpapa:77,MSpapa,77,29754,4754,-936,-985,4678,22.1,304,233,47,317737
MSpapa:78,MSpapa,78,30507,5507,-302,-327,5443,22.1,307,224,47,335312
MSpapa:79,MSpapa,79,30135,5135,-544,-558,5111,22.1,310,221,47,339289
MSpapa:80,MSpapa,80,30200,5200,-576,-468,5158,22.1,318,222,46,352458
MSpapa:81,MSpapa,81,29827,4827,-1138,-1160,4804,22.0,317,222,40,184393
MSpapa:82,MSpapa,82,29239,4239,-1739,-1789,4163,20.3,318,225,39,179693
MSpapa:83,MSpapa,83,29654,4654,-646,-644,4607,21.1,324,226,39,192397
MSpapa:84,MSpapa,84,29710,4710,-694,-694,4673,22.0,331,225,37,184100
MSpapa:85,MSpapa,85,30242,5242,68,68,5132,20.1,332,226,30,137953
MSpapaa:86,MSpapaa,86,30091,5091,-445,-481,4850,20.9,292,234,34,127639
MSpapaa:87,MSpapaa,87,30181,5181,-455,-456,4829,21.1,295,232,36,144279
MSpapaa:88,MSpapaa,88,29504,4504,-838,-776,4279,22.0,298,239,38,180409
MSpapaa:89,MSpapaa,89,31040,6040,422,329,5038,21.0,286,227,38,210059
MSpapaa:90,MSpapaa,90,29232,4232,-1406,-1597,3740,21.0,280,245,36,192483
MSpapaa:91,MSpapaa,91,30988,5988,195,-92,4731,20.1,276,246,36,180081
MSpapaa:92,MSpapaa,92,31369,6369,969,879,5510,20.1,280,249,38,214975
MSpapaa:93,MSpapaa,93,30811,5811,139,-315,4767,20.1,281,251,38,215344
MSpapaa:94,MSpapaa,94,30355,5355,-427,-572,4514,20.1,285,253,38,231129
MSpapaa:95,MSpapaa,95,29986,4986,-782,-879,4048,20.1,280,259,38,246906
MSpapaa:96,MSpapaa,96,29366,4366,-1777,-2037,3159,19.1,279,258,38,214493
MSpapaa:97,MSpapaa,97,29939,4939,-1228,-1683,3947,19.1,280,254,39,206590
MSpapaa:98,MSpapaa,98,29202,4202,-2194,-2442,3415,19.2,279,254,39,207960
MSpapaa:99,MSpapaa,99,29872,4872,-1436,-2084,3638,19.1,273,255,39,227594
MSpapaa:100,MSpapaa,100,31317,6317,-220,-538,5467,18.2,277,256,39,207747
MSpapaa:101,MSpapaa,101,29044,4044,-1856,-2307,2865,19.1,275,254,29,101161
MSpapaa:102,MSpapaa,102,29346,4346,-2177,-2414,3759,19.0,280,255,39,239967
MSpapaa:103,MSpapaa,103,30190,5190,-986,-1116,4471,18.1,281,256,39,225030
MSpapaa:104,MSpapaa,104,30865,5865,-701,-951,4674,17.1,272,255,39,236565
MSpapaa:105,MSpapaa,105,30919,5919,-313,-537,5209,17.1,279,256,39,247035
MSpapap:86,MSpapap,86,29981,4981,-653,-653,4734,19.3,354,225,28,81590
MSpapap:87,MSpapap,87,30157,5157,-210,-317,4833,19.9,355,219,34,145314
MSpapap:88,MSpapap,88,29891,4891,-628,-652,4610,20.1,356,226,36,163510
MSpapap:89,MSpapap,89,30276,5276,-326,-349,5004,20.0,345,227,36,181523
MSpapap:90,MSpapap,90,30906,5906,27,-10,5483,20.2,340,228,36,168988
MSpapap:91,MSpapap,91,31289,6289,371,325,5921,20.3,345,237,36,172424
MSpapap:92,MSpapap,92,31178,6178,-93,-123,5857,20.1,347,239,36,182969
MSpapap:93,MSpapap,93,28988,3988,-1715,-1719,3684,21.0,347,246,34,155872
MSpapap:94,MSpapap,94,30161,5161,-991,-1020,4758,21.1,345,240,36,179010
MSpapap:95,MSpapap,95,29309,4309,-1587,-1615,4047,21.0,338,239,34,164004
MSpapap:96,MSpapap,96,29616,4616,-739,-813,4163,21.1,337,234,36,173489
MSpapap:97,MSpapap,97,29955,4955,-439,-483,4362,21.1,339,237,37,163792
MSpapap:98,MSpapap,98,30342,5342,-963,-1060,4530,21.1,334,234,37,165527
MSpapap:99,MSpapap,99,30054,5054,-1124,-1032,4299,21.1,330,240,37,163559
MSpapap:100,MSpapap,100,29445,4445,-1389,-1363,3881,22.0,329,236,35,147213
MSpapap:101,MSpapap,101,30615,5615,-84,-154,5035,22.1,334,240,37,168179
MSpapap:102,MSpapap,102,31507,6507,873,576,5444,21.1,333,242,29,97636
MSpapap:103,MSpapap,103,31116,6116,96,142,5603,22.0,335,250,39,208703
MSpapap:104,MSpapap,104,29787,4787,-1191,-1424,3871,21.1,330,243,37,188197
MSpapap:105,MSpapap,105,30610,5610,-362,-407,4273,21.0,333,239,39,232225
MSpapp:67,MSpapp,67,29810,4810,-519,-613,4676,21.0,420,258,43,213147
MSpapp:68,MSpapp,68,30142,5142,29,10,5023,21.1,424,246,30,99447
MSpapp:69,MSpapp,69,29811,4811,-651,-643,4408,22.0,432,238,43,198626
MSpapp:70,MSpapp,70,29356,4356,-1064,-1003,4244,22.1,442,218,47,266603
MSpapp:71,MSpapp,71,29884,4884,-510,-517,4864,23.0,442,217,45,225629
MSpapp:72,MSpapp,72,30395,5395,338,338,5363,23.0,428,214,43,211853
MSpapp:73,MSpapp,73,29898,4898,-933,-958,4803,22.2,426,208,45,229140
MSpapp:74,MSpapp,74,29210,4210,-935,-1018,4111,22.1,422,211,47,279436
MSpapp:75,MSpapp,75,29734,4734,-717,-706,4565,22.1,413,213,45,237541
MSpapp:76,MSpapp,76,29587,4587,-873,-853,4357,22.2,413,215,45,257080
MSpapp:77,MSpapp,77,30601,5601,600,497,5373,23.0,409,212,47,310222
MSpapp:78,MSpapp,78,29815,4815,-662,-669,4645,23.1,410,206,47,345120
MSpapp:79,MSpapp,79,29480,4480,-902,-963,4246,22.2,411,199,45,262680
MSpapp:80,MSpapp,80,29809,4809,-194,-188,4651,23.0,409,189,46,324128
MSpapp:81,MSpapp,81,30416,5416,170,170,5320,23.1,401,185,44,225503
MSpapp:82,MSpapp,82,30321,5321,117,129,5168,22.1,390,186,41,196030
MSpapp:83,MSpapp,83,29836,4836,-811,-817,4786,23.0,393,187,39,180979
MSpapp:84,MSpapp,84,29603,4603,-751,-751,4467,23.0,395,191,39,180629
MSpapp:85,MSpapp,85,29840,4840,390,374,4434,22.1,396,193,36,146231
MSpapp:86,MSpapp,86,28983,3983,-729,-753,3740,22.1,389,193,38,187284
MSpapp:87,MSpapp,87,28994,3994,-1699,-1749,3625,21.2,387,195,38,193905
MSpapp:88,MSpapp,88,29455,4455,-463,-505,4205,22.0,387,199,34,178909
MSpapp:89,MSpapp,89,29129,4129,-1459,-1513,4006,21.0,387,202,34,204709
MSpappa:90,MSpappa,90,29441,4441,-1604,-1532,4304,21.9,354,189,34,153040
MSpappa:91,MSpappa,91,30071,5071,-1009,-1057,4915,22.0,350,193,34,145295
MSpappa:92,MSpappa,92,29415,4415,-1431,-1448,4347,22.0,346,191,34,162008
MSpappa:93,MSpappa,93,30402,5402,-566,-566,5344,21.9,338,193,34,170092
MSpappa:94,MSpappa,94,30570,5570,-281,-282,5329,21.0,339,187,34,181116
MSpappa:95,MSpappa,95,29972,4972,-1340,-1326,3479,21.0,327,193,36,236452
MSpappa:96,MSpappa,96,29822,4822,-468,-326,3050,22.0,326,193,29,99364
MSpappa:97,MSpappa,97,30514,5514,-621,-777,2650,20.0,324,202,37,219403
MSpappa:98,MSpappa,98,30748,5748,-43,-260,3577,20.0,324,202,37,219403
MSpappa:99,MSpappa,99,30634,5634,-483,-242,2549,21.0,320,204,29,118303
MSpappa:100,MSpappa,100,30819,5819,284,-15,2842,21.0,320,204,29,118303
MSpappa:101,MSpappa,101,30096,5096,-950,-852,2820,21.0,331,208,37,209511
MSpappa:102,MSpappa,102,30350,5350,-672,-470,1508,21.0,332,216,37,219478
MSpappa:103,MSpappa,103,30177,5177,-766,-552,2162,20.1,334,218,39,238759
MSpappa:104,MSpappa,104,30328,5328,-130,-429,3883,20.2,340,216,37,194932
MSpappa:105,MSpappa,105,30978,5978,701,690,5008,21.1,353,220,29,109670
MSpappp:90,MSpappp,90,30723,5723,431,428,5477,21.2,410,210,34,149697
MSpappp:91,MSpappp,91,29876,4876,-189,-263,4248,21.0,413,215,34,139549
MSpappp:92,MSpappp,92,30370,5370,-58,-63,5112,22.0,405,221,36,162193
MSpappp:93,MSpappp,93,30320,5320,207,202,4812,22.1,403,224,38,181083
MSpappp:94,MSpappp,94,29198,4198,-1028,-979,3341,21.2,398,219,38,177315
MSpappp:95,MSpappp,95,29506,4506,-1131,-1069,4023,22.1,389,218,38,192285
MSpappp:96,MSpappp,96,29139,4139,-1367,-1437,3828,21.1,383,220,38,167251
MSpappp:97,MSpappp,97,29732,4732,-597,-598,4544,22.1,390,221,37,143256
MSpappp:98,MSpappp,98,29763,4763,-658,-669,4200,21.1,384,224,37,153712
MSpappp:99,MSpappp,99,29911,4911,-724,-880,4041,20.3,377,230,39,169761
MSpappp:100,MSpappp,100,30420,5420,197,71,4540,20.3,380,233,39,173430
MSpappp:101,MSpappp,101,30036,5036,-117,-94,4030,20.1,385,231,39,197694
MSpappp:102,MSpappp,102,31293,6293,295,173,4804,19.2,384,231,39,194942
MSpappp:103,MSpappp,103,29170,4170,-1305,-1295,3735,20.0,384,236,39,214834
MSpappp:104,MSpappp,104,29527,4527,-876,-844,3962,20.1,385,236,39,212262
MSpappp:105,MSpappp,105,30148,5148,-444,-458,4610,19.2,392,239,39,215195
MSpp:36,MSpp,36,30846,5846,-283,-267,5846,20.7,370,213,58,541860
MSpp:37,MSpp,37,32396,7396,992,992,7396,20.9,375,202,58,569596
MSpp:38,MSpp,38,34319,9319,2698,2743,9319,20.0,395,191,58,679463
MSpp:39,MSpp,39,33553,8553,1596,1739,8553,20.9,400,186,58,750406
MSpp:40,MSpp,40,33813,8813,1990,1987,8813,21.7,400,195,58,800204
MSpp:41,MSpp,41,32025,7025,666,662,7025,20.9,392,213,58,782939
MSpp:42,MSpp,42,31422,6422,372,388,6422,20.9,379,209,58,834602
MSpp:43,MSpp,43,32116,7116,851,850,7116,21.8,368,198,58,857142
MSpp:44,MSpp,44,32687,7687,1357,1369,7687,21.9,378,195,58,912506
MSpp:45,MSpp,45,32699,7699,1168,1172,7699,21.9,388,181,57,864478
MSpp:46,MSpp,46,31515,6515,537,527,6515,21.9,392,185,56,668795
MSpp:47,MSpp,47,31397,6397,199,196,6397,21.2,384,186,61,811217
MSpp:48,MSpp,48,31076,6076,-815,-820,6076,20.1,378,179,54,682534
MSpp:49,MSpp,49,30789,5789,-505,-489,5789,20.0,382,180,59,760456
MSpp:50,MSpp,50,30664,5664,-431,-434,5664,20.1,387,180,52,496789
MSppa:51,MSppa,51,30381,5381,-896,-943,5288,19.9,369,168,52,418451
MSppa:52,MSppa,52,31145,6145,-55,1,6144,20.9,352,159,51,370667
MSppa:53,MSppa,53,31576,6576,454,509,6576,20.1,344,163,51,385430
MSppa:54,MSppa,54,31191,6191,-477,-391,6174,21.1,339,154,52,472748
MSppa:55,MSppa,55,31739,6739,265,347,6731,21.1,351,164,52,480317
MSppa:56,MSppa,56,30401,5401,-825,-820,5401,21.9,363,164,52,508672
MSppa:57,MSppa,57,30740,5740,345,341,5740,21.8,371,166,52,504489
MSppa:58,MSppa,58,30453,5453,-670,-650,5453,21.1,379,162,52,512353
MSppa:59,MSppa,59,30655,5655,-596,-596,5655,21.0,398,165,51,495474
MSppa:60,MSppa,60,30881,5881,87,98,5871,20.2,391,170,51,463964
MSppa:61,MSppa,61,31200,6200,483,475,6200,21.0,399,164,45,322388
MSppa:62,MSppa,62,29563,4563,-1616,-1606,4563,22.0,396,162,45,319849
MSppa:63,MSppa,63,30685,5685,-21,-11,5676,22.0,396,160,47,409363
MSppa:64,MSppa,64,30184,5184,-488,-530,5160,21.0,384,156,47,408293
MSppa:65,MSppa,65,29681,4681,-1466,-1440,4620,21.0,378,167,47,428733
MSppa:66,MSppa,66,29745,4745,-1225,-1252,4732,20.1,389,178,47,344755
MSppa:67,MSppa,67,29206,4206,-1858,-1861,4206,19.0,392,176,43,288202
MSppa:68,MSppa,68,28860,3860,-1670,-1670,3859,20.0,389,173,35,188027
MSppaa:69,MSppaa,69,28110,3110,-2625,-2493,2862,20.0,349,169,28,113124
MSppaa:70,MSppaa,70,29012,4012,-1489,-1353,3216,20.0,335,163,30,142410
MSppaa:71,MSppaa,71,31029,6029,-81,228,4052,19.1,318,150,30,155147
MSppaa:72,MSppaa,72,30300,5300,-230,-196,4722,20.0,302,148,43,304885
MSppaa:73,MSppaa,73,28657,3657,-1707,-1747,3162,20.1,285,158,43,293410
MSppaa:74,MSppaa,74,30267,5267,-342,-440,5123,20.1,279,167,43,303825
MSppaa:75,MSppaa,75,29374,4374,-1571,-1645,4312,20.9,271,173,43,289247
MSppaa:76,MSppaa,76,29385,4385,-1903,-2063,4287,19.9,269,176,43,316639
MSppaa:77,MSppaa,77,29611,4611,-1471,-1604,4528,18.9,269,183,43,337444
MSppaa:78,MSppaa,78,30304,5304,-560,-662,5250,17.0,265,184,43,364817
MSppaa:79,MSppaa,79,30044,5044,-1081,-1133,4912,16.1,267,189,43,385009
MSppaa:80,MSppaa,80,29705,4705,-1776,-1846,4448,16.0,259,184,42,379083
MSppaa:81,MSppaa,81,30713,5713,-1134,-1366,5483,15.1,246,188,40,281810
MSppaa:82,MSppaa,82,30938,5938,-822,-935,5734,16.0,232,188,37,240166
MSppaa:83,MSppaa,83,30653,5653,-528,-566,5421,16.0,226,186,39,271015
MSppaa:84,MSppaa,84,31756,6756,358,318,6094,15.1,234,186,39,293938
MSppaa:85,MSppaa,85,30771,5771,-604,-617,5445,15.2,234,191,36,249487
MSppaa:86,MSppaa,86,31071,6071,-742,-885,5504,15.2,231,190,38,270324
MSppaa:87,MSppaa,87,29689,4689,-1963,-2051,4374,15.3,231,193,36,261806
MSppaa:88,MSppaa,88,31402,6402,201,197,6232,16.1,227,193,38,330859
MSppaa:89,MSppaa,89,30245,5245,-1137,-1138,5038,17.0,210,198,34,262134
MSppaa:90,MSppaa,90,29710,4710,-2428,-2460,4286,15.9,203,201,34,288320
MSppaaa:91,MSppaaa,91,31543,6543,-239,-241,5960,16.8,167,209,34,231336
MSppaaa:92,MSppaaa,92,31800,6800,-560,-563,6221,16.1,166,215,34,239670
MSppaaa:93,MSppaaa,93,30540,5540,-1543,-1520,4971,16.2,167,224,36,270781
MSppaaa:94,MSppaaa,94,31043,6043,-1424,-1468,5381,16.2,172,218,36,280303
MSppaaa:95,MSppaaa,95,31622,6622,-708,-741,6002,16.3,167,225,38,302692
MSppaaa:96,MSppaaa,96,31130,6130,-1274,-1277,5663,16.1,171,227,34,211038
MSppaaa:97,MSppaaa,97,30057,5057,-1938,-2064,4161,16.2,165,222,37,254560
MSppaaa:98,MSppaaa,98,31452,6452,-392,-492,5352,16.4,159,225,37,248771
MSppaaa:99,MSppaaa,99,31304,6304,-1168,-1148,5770,16.1,163,239,37,268477
MSppaaa:100,MSppaaa,100,31188,6188,-1389,-1456,5603,16.1,158,234,37,290525
MSppaaa:101,MSppaaa,101,31266,6266,-1262,-1309,5205,16.2,157,238,37,287713
MSppaaa:102,MSppaaa,102,31017,6017,-1498,-1495,4859,16.1,149,237,37,312185
MSppaaa:103,MSppaaa,103,31009,6009,-1805,-2227,5237,16.1,148,245,37,330898
MSppaaa:104,MSppaaa,104,31074,6074,-1650,-1781,5154,16.9,145,245,35,285428
MSppaaa:105,MSppaaa,105,31807,6807,-418,-764,6087,16.4,148,249,37,302819
MSppaap:91,MSppaap,91,31045,6045,-292,-476,4300,15.1,222,212,34,246796
MSppaap:92,MSppaap,92,30243,5243,-1266,-1326,3782,15.1,229,209,34,246796
MSppaap:93,MSppaap,93,30338,5338,-1433,-1677,2601,15.1,236,206,34,246796
MSppaap:94,MSppaap,94,30251,5251,-1266,-1475,3250,15.1,244,202,34,242475
MSppaap:95,MSppaap,95,29695,4695,-2048,-2394,1677,15.0,242,211,34,231652
MSppaap:96,MSppaap,96,29592,4592,-2095,-2157,803,15.1,234,211,34,208891
MSppaap:97,MSppaap,97,29746,4746,-1620,-2113,2123,15.1,227,209,29,134469
MSppaap:98,MSppaap,98,29787,4787,-2393,-2803,2611,15.1,222,208,29,143356
MSppaap:99,MSppaap,99,31403,6403,-397,-740,3973,15.1,221,219,37,270094
MSppaap:100,MSppaap,100,30920,5920,-1208,-1127,4497,16.1,216,212,35,229163
MSppaap:101,MSppaap,101,29646,4646,-1812,-1934,2872,16.0,217,213,35,233705
MSppaap:102,MSppaap,102,30872,5872,-676,-649,4502,17.1,208,217,35,244156
MSppaap:103,MSppaap,103,30287,5287,-1688,-1742,4006,17.1,207,221,37,298025
MSppaap:104,MSppaap,104,30526,5526,-919,-920,4358,18.0,198,221,37,305302
MSppaap:105,MSppaap,105,29901,4901,-1861,-1957,3776,18.1,202,229,35,264175
MSppap:69,MSppap,69,30956,5956,471,370,5724,20.3,412,167,35,146698
MSppap:70,MSppap,70,30822,5822,-194,-281,5550,20.2,403,154,39,190760
MSppap:71,MSppap,71,30641,5641,248,285,5469,21.0,394,151,43,228311
MSppap:72,MSppap,72,30049,5049,-1363,-1326,4970,18.0,382,158,43,253123
MSppap:73,MSppap,73,30737,5737,-526,-572,5612,16.0,369,160,43,287563
MSppap:74,MSppap,74,30451,5451,-1120,-1184,5166,16.1,355,152,43,331655
MSppap:75,MSppap,75,30264,5264,-1950,-2071,5031,16.1,339,154,43,335349
MSppap:76,MSppap,76,30607,5607,-781,-906,5348,17.2,328,154,45,344543
MSppap:77,MSppap,77,30682,5682,-1390,-1547,5468,17.0,319,158,45,359104
MSppap:78,MSppap,78,31023,6023,-919,-927,5947,16.2,317,162,45,358475
MSppap:79,MSppap,79,30503,5503,-856,-953,5324,16.2,315,168,45,378177
MSppap:80,MSppap,80,29874,4874,-1357,-1576,4588,16.9,311,171,42,369232
MSppap:81,MSppap,81,31217,6217,-763,-843,6108,15.0,287,164,40,283485
MSppap:82,MSppap,82,29735,4735,-2534,-2600,4563,14.1,277,168,41,280232
MSppap:83,MSppap,83,30758,5758,-1012,-1032,5468,14.1,273,169,39,265345
MSppap:84,MSppap,84,30248,5248,-2037,-2030,4841,14.1,279,163,39,289712
MSppap:85,MSppap,85,30281,5281,-1767,-1804,4972,14.0,275,163,38,297914
MSppap:86,MSppap,86,30979,5979,-904,-985,5596,13.2,267,165,38,316994
MSppap:87,MSppap,87,30590,5590,-1966,-1968,5282,13.2,273,172,38,317403
MSppap:88,MSppap,88,29331,4331,-2750,-2762,3979,13.1,268,175,38,354066
MSppap:89,MSppap,89,30494,5494,-1560,-1560,5153,13.1,267,179,30,207224
MSppapa:90,MSppapa,90,29837,4837,-2334,-2385,4333,13.2,233,188,28,146063
MSppapa:91,MSppapa,91,31055,6055,-876,-944,4432,13.0,232,199,29,144125
MSppapa:92,MSppapa,92,29504,4504,-2744,-2908,1961,14.0,232,201,36,299970
MSppapa:93,MSppapa,93,30752,5752,-1661,-1901,4005,13.0,231,202,36,309338
MSppapa:94,MSppapa,94,30692,5692,-2105,-2552,4170,12.3,239,195,36,279048
MSppapa:95,MSppapa,95,32300,7300,-292,-749,6193,12.3,234,206,36,289344
MSppapa:96,MSppapa,96,32315,7315,100,-364,6471,12.1,230,207,36,255569
MSppapa:97,MSppapa,97,30525,5525,-2248,-2714,4220,12.1,229,205,37,259493
MSppapa:98,MSppapa,98,31199,6199,-1477,-1808,4587,12.3,231,205,37,259946
MSppapa:99,MSppapa,99,31199,6199,-1456,-1840,4465,12.1,227,212,39,312398
MSppapa:100,MSppapa,100,30366,5366,-2135,-2242,3977,12.1,223,208,35,237673
MSppapa:101,MSppapa,101,30989,5989,-938,-1218,4435,12.3,223,210,37,281920
MSppapa:102,MSppapa,102,31127,6127,-1129,-1485,5132,13.1,221,210,37,300970
MSppapa:103,MSppapa,103,30510,5510,-2174,-2644,4437,13.1,220,214,37,289795
MSppapa:104,MSppapa,104,30512,5512,-1417,-1629,4656,14.1,216,215,39,320801
MSppapa:105,MSppapa,105,29934,4934,-2373,-2516,4189,14.1,219,218,37,295375
MSppapp:90,MSppapp,90,30729,5729,-1494,-1494,5326,13.0,289,171,32,203584
MSppapp:91,MSppapp,91,31090,6090,-726,-727,5435,13.0,286,169,34,203234
MSppapp:92,MSppapp,92,30787,5787,-1830,-1837,5179,13.0,286,168,34,218479
MSppapp:93,MSppapp,93,30228,5228,-1564,-1662,4640,13.0,288,172,34,236638
MSppapp:94,MSppapp,94,30229,5229,-1905,-1956,4818,12.9,292,172,34,232998
MSppapp:95,MSppapp,95,31878,6878,-382,-394,6296,13.0,285,180,34,234984
MSppapp:96,MSppapp,96,29396,4396,-3725,-3749,3665,12.3,280,178,36,224741
MSppapp:97,MSppapp,97,31485,6485,-1210,-1197,5789,12.1,279,184,35,201299
MSppapp:98,MSppapp,98,30139,5139,-2471,-2465,4406,12.0,277,186,35,209589
MSppapp:99,MSppapp,99,30527,5527,-2459,-2465,4757,11.3,269,192,37,241940
MSppapp:100,MSppapp,100,31049,6049,-1744,-1730,4660,11.1,265,192,35,224434
MSppapp:101,MSppapp,101,30820,5820,-2099,-2170,4793,11.0,267,191,37,274615
MSppapp:102,MSppapp,102,30117,5117,-3305,-3310,3850,11.0,264,192,37,278529
MSppapp:103,MSppapp,103,30978,5978,-2467,-2507,5092,11.1,259,195,35,243771
MSppapp:104,MSppapp,104,32455,7455,-359,-496,6022,10.5,249,196,37,304110
MSppapp:105,MSppapp,105,31295,6295,-1768,-1937,4900,11.0,248,197,37,319126
MSppp:51,MSppp,51,29714,4714,-1363,-1447,4588,21.0,408,184,34,152313
MSppp:52,MSppp,52,31177,6177,83,110,6089,21.2,429,192,53,397444
MSppp:53,MSppp,53,32042,7042,707,812,6615,21.0,437,197,53,441857
MSppp:54,MSppp,54,32635,7635,1284,1409,6949,20.9,448,205,52,504903
MSppp:55,MSppp,55,31037,6037,359,396,5664,22.0,469,198,52,483547
MSppp:56,MSppp,56,30731,5731,-302,-309,5555,22.0,483,218,54,573994
MSppp:57,MSppp,57,31167,6167,202,200,6152,23.0,498,218,52,523973
MSppp:58,MSppp,58,30505,5505,-682,-676,5472,22.3,497,210,54,572428
MSppp:59,MSppp,59,31013,6013,-242,-237,6010,22.9,508,216,51,546180
MSppp:60,MSppp,60,31343,6343,538,538,6342,23.0,502,221,49,474549
MSppp:61,MSppp,61,29855,4855,-1259,-1263,4841,22.2,491,206,49,454645
MSppp:62,MSppp,62,30335,5335,-681,-681,5259,21.2,475,209,47,368955
MSppp:63,MSppp,63,30281,5281,-718,-718,5179,21.1,470,202,47,382907
MSppp:64,MSppp,64,30216,5216,-803,-803,5043,21.0,465,195,47,404383
MSppp:65,MSppp,65,29816,4816,-877,-877,4639,20.1,461,194,45,318555
MSppp:66,MSppp,66,30410,5410,-365,-365,5241,20.2,463,193,45,267965
MSppp:67,MSppp,67,29845,4845,-1109,-1112,4845,20.0,463,183,45,300308
MSppp:68,MSppp,68,29195,4195,-1300,-1300,4195,20.9,459,175,43,250925
MSpppa:69,MSpppa,69,29121,4121,-1065,-926,3705,21.1,447,166,30,109838
MSpppa:70,MSpppa,70,30137,5137,-617,-539,4851,21.3,440,150,41,185290
MSpppa:71,MSpppa,71,30914,5914,386,599,5702,22.0,433,148,43,221677
MSpppa:72,MSpppa,72,29788,4788,-682,-757,4565,21.9,411,146,43,269227
MSpppa:73,MSpppa,73,29720,4720,-1076,-1080,4502,20.9,387,153,43,247069
MSpppa:74,MSpppa,74,30643,5643,-180,-194,4749,20.1,372,152,43,274773
MSpppa:75,MSpppa,75,30986,5986,285,235,5486,20.0,362,156,43,304529
MSpppa:76,MSpppa,76,30426,5426,-364,-497,4863,21.0,350,162,47,376947
MSpppa:77,MSpppa,77,30754,5754,-18,-110,5391,20.9,343,168,43,311636
MSpppa:78,MSpppa,78,30382,5382,-480,-564,5143,20.9,345,175,43,327361
MSpppa:79,MSpppa,79,30665,5665,157,26,5446,20.1,342,177,43,332820
MSpppa:80,MSpppa,80,30039,5039,-1160,-1185,4731,19.9,343,177,42,355148
MSpppa:81,MSpppa,81,30699,5699,-691,-684,5598,19.0,334,167,40,264599
MSpppa:82,MSpppa,82,31785,6785,239,218,6733,17.4,326,170,39,191502
MSpppa:83,MSpppa,83,31751,6751,180,176,6668,18.1,317,174,39,239209
MSpppa:84,MSpppa,84,31369,6369,-217,-255,6267,17.3,315,184,39,231105
MSpppa:85,MSpppa,85,32478,7478,402,398,7336,17.0,308,187,38,266722
MSpppa:86,MSpppa,86,30969,5969,-1007,-1007,5838,17.2,300,193,38,276621
MSpppa:87,MSpppa,87,31656,6656,221,221,6426,17.2,300,200,38,259978
MSpppa:88,MSpppa,88,31564,6564,-45,-22,6398,17.2,299,207,38,274546
MSpppa:89,MSpppa,89,31069,6069,-762,-797,5583,17.3,295,204,36,252788
MSpppa:90,MSpppa,90,31305,6305,-225,-303,5971,17.3,294,202,38,282636
MSpppa:91,MSpppa,91,32144,7144,548,586,6819,17.2,293,203,38,296150
MSpppa:92,MSpppa,92,30418,5418,-1113,-1093,5235,18.1,299,204,36,298468
MSpppa:93,MSpppa,93,31060,6060,-644,-683,5784,18.1,294,204,38,355243
MSpppa:94,MSpppa,94,31632,6632,-570,-532,6218,17.9,303,199,34,287564
MSpppaa:95,MSpppaa,95,30141,5141,-1239,-1589,4033,17.1,275,208,34,214287
MSpppaa:96,MSpppaa,96,30783,5783,-722,-663,5093,16.9,265,209,34,188392
MSpppaa:97,MSpppaa,97,30581,5581,-519,-899,4639,16.1,263,213,35,189370
MSpppaa:98,MSpppaa,98,30534,5534,-1271,-1551,4504,16.2,260,218,37,230174
MSpppaa:99,MSpppaa,99,30894,5894,-1083,-1250,4902,16.1,256,217,37,247499
MSpppaa:100,MSpppaa,100,30267,5267,-1449,-1567,4300,15.8,264,213,35,200352
MSpppaa:101,MSpppaa,101,31846,6846,300,308,5788,15.4,264,214,37,245921
MSpppaa:102,MSpppaa,102,30804,5804,-1069,-1123,4742,16.1,260,214,37,251188
MSpppaa:103,MSpppaa,103,31604,6604,-229,-262,5571,16.1,261,217,37,267500
MSpppaa:104,MSpppaa,104,30723,5723,-878,-860,4247,16.2,260,214,37,259818
MSpppaa:105,MSpppaa,105,31452,6452,77,2,5041,16.0,258,219,35,241040
MSpppap:95,MSpppap,95,31084,6084,-385,-684,4784,18.9,309,198,34,221543
MSpppap:96,MSpppap,96,30690,5690,-400,-418,4928,19.0,315,201,34,192638
MSpppap:97,MSpppap,97,30491,5491,-528,-687,3813,19.0,315,201,34,192638
MSpppap:98,MSpppap,98,30128,5128,-646,-877,2173,18.9,322,206,35,198903
MSpppap:99,MSpppap,99,31455,6455,-358,-460,4950,18.8,317,212,35,199761
MSpppap:100,MSpppap,100,30531,5531,-842,-838,3823,18.9,318,208,35,201729
MSpppap:101,MSpppap,101,30816,5816,-585,-796,5093,18.1,319,213,35,218960
MSpppap:102,MSpppap,102,31523,6523,91,43,5417,18.8,320,214,35,212469
MSpppap:103,MSpppap,103,31710,6710,111,71,5858,18.0,320,218,35,217257
MSpppap:104,MSpppap,104,30449,5449,-1076,-1150,4353,18.0,314,214,35,226420
MSpppap:105,MSpppap,105,31768,6768,-86,-256,5963,17.9,312,213,35,234862
MSpppp:69,MSpppp,69,29466,4466,-836,-840,4444,21.1,496,186,39,189584
MSpppp:70,MSpppp,70,30633,5633,-79,-84,5629,21.0,496,184,43,217239
MSpppp:71,MSpppp,71,30131,5131,-178,-201,5111,21.0,488,181,43,218662
MSpppp:72,MSpppp,72,29848,4848,-923,-929,4793,20.1,475,169,45,244927
MSpppp:73,MSpppp,73,30313,5313,-459,-462,5196,20.0,456,163,43,254809
MSpppp:74,MSpppp,74,30392,5392,-177,-176,5256,21.0,443,159,43,271001
MSpppp:75,MSpppp,75,30967,5967,297,252,5791,20.0,421,162,43,267992
MSpppp:76,MSpppp,76,29450,4450,-1341,-1455,3752,19.9,405,172,43,283938
MSpppp:77,MSpppp,77,30719,5719,230,94,4017,19.0,395,174,43,286469
MSpppp:78,MSpppp,78,29887,4887,-692,-798,4183,18.9,390,174,43,309262
MSpppp:79,MSpppp,79,30194,5194,-509,-602,4461,18.0,389,170,43,319154
MSpppp:80,MSpppp,80,29853,4853,-934,-1036,3933,17.9,392,159,42,331471
MSpppp:81,MSpppp,81,29607,4607,-1347,-1468,3211,17.0,389,154,44,284210
MSpppp:82,MSpppp,82,30619,5619,-88,-137,4938,18.0,377,150,41,281114
MSpppp:83,MSpppp,83,29944,4944,-1054,-1239,4320,17.2,369,146,39,258646
MSpppp:84,MSpppp,84,30730,5730,-836,-1009,5068,17.2,365,146,39,263194
MSpppp:85,MSpppp,85,30459,5459,-908,-970,5037,16.2,361,145,38,278861
MSpppp:86,MSpppp,86,30750,5750,-421,-428,5477,17.0,349,146,38,294367
MSpppp:87,MSpppp,87,31552,6552,-118,-111,6320,16.2,348,143,38,300683
MSpppp:88,MSpppp,88,32362,7362,504,497,7205,16.1,339,146,38,311109
MSpppp:89,MSpppp,89,31514,6514,2,0,6475,16.1,336,146,38,313957
MSpppp:90,MSpppp,90,30248,5248,-1481,-1481,5127,16.1,334,147,38,327261
MSpppp:91,MSpppp,91,31281,6281,-447,-447,6199,16.1,331,147,38,328485
MSpppp:92,MSpppp,92,30976,5976,-730,-738,5856,15.3,326,151,38,319264
MSpppp:93,MSpppp,93,30746,5746,-1162,-1258,5588,15.1,327,160,38,346702
MSpppp:94,MSpppp,94,30458,5458,-1086,-1167,5220,14.3,334,161,38,327788
MSpppp:95,MSpppp,95,31303,6303,-612,-610,6079,15.2,330,165,38,345919
MSpppp:96,MSpppp,96,31044,6044,-1457,-1503,5888,14.3,323,163,38,290775
MSpppp:97,MSpppp,97,31309,6309,-842,-846,6125,14.3,322,164,39,310698
MSpppp:98,MSpppp,98,31591,6591,-388,-428,6429,14.1,318,162,39,356367
MSpppp:99,MSpppp,99,32636,7636,300,277,7563,14.2,308,171,39,347293
MSpppp:100,MSpppp,100,31301,6301,-862,-875,6152,13.3,307,169,39,346564
MSpppp:101,MSpppp,101,30516,5516,-1677,-1696,5434,13.2,307,167,39,395329
MSpppp:102,MSpppp,102,31248,6248,-470,-470,6188,13.9,304,167,35,297015
MSpppp:103,MSpppp,103,30962,5962,-1374,-1374,5911,13.9,300,169,35,323098
MSppppa:104,MSppppa,104,30637,5637,-1237,-1293,5070,13.4,272,173,33,201152
MSppppa:105,MSppppa,105,30985,5985,-1370,-1261,5547,13.9,270,177,35,240675
MSppppp:104,MSppppp,104,31773,6773,-977,-977,6684,13.2,328,157,31,201275
MSppppp:105,MSppppp,105,31428,6428,-934,-937,6113,12.9,334,160,35,248590
E:16,E,16,29405,4405,-3027,-3027,4404,13.1,433,313,41,318395
E:17,E,17,30791,5791,-598,-598,5791,14.1,459,295,37,212667
E:18,E,18,29929,4929,-3930,-3930,4929,13.1,461,284,57,667252
E:19,E,19,30323,5323,-3891,-3888,5323,11.5,467,280,57,729479
E:20,E,20,29644,4644,-4289,-4313,4644,14.0,491,273,59,939499
E:21,E,21,29513,4513,-3676,-3682,4513,16.4,488,274,60,1255406
E:22,E,22,29236,4236,-3773,-3773,4236,15.3,493,292,61,1412974
E:23,E,23,29161,4161,-4012,-4012,4161,13.5,512,261,61,1520994
E:24,E,24,29228,4228,-3529,-3529,4228,14.2,514,248,62,1498005
E:25,E,25,29939,4939,-2691,-2691,4939,15.8,495,250,57,815194
Ea:26,Ea,26,31327,6327,-1501,-1562,6327,16.8,468,299,57,595664
Ea:27,Ea,27,31487,6487,-1424,-1424,6487,16.9,462,315,59,675904
Ea:28,Ea,28,32966,7966,-114,-114,7966,17.3,445,327,63,862198
Ea:29,Ea,29,32103,7103,-576,-576,7103,17.6,437,336,62,963712
Ea:30,Ea,30,32666,7666,-184,-184,7666,17.8,441,326,62,1102105
Ea:31,Ea,31,32776,7776,-83,-83,7776,17.1,430,329,65,1444214
Ea:32,Ea,32,33776,8776,1058,1009,8716,17.1,410,321,64,1527789
Ea:33,Ea,33,33651,8651,723,705,8643,17.2,398,316,63,1428916
Ea:34,Ea,34,34432,9432,1308,1305,9427,17.1,408,313,63,1498100
Ea:35,Ea,35,34773,9773,1299,1298,9771,16.1,401,312,64,1706900
Ea:36,Ea,36,34320,9320,1270,1251,9319,16.2,404,303,64,1682662
Ea:37,Ea,37,33960,8960,1251,1250,8960,17.2,404,297,64,1660604
Ea:38,Ea,38,35714,10714,2516,2479,10714,17.2,405,304,64,1646632
Ea:39,Ea,39,34779,9779,1793,1790,9779,17.3,394,312,64,1709659
Ea:40,Ea,40,35475,10475,2197,2203,10475,17.1,378,318,64,1816778
Ea:41,Ea,41,34665,9665,1528,1506,9665,16.3,373,317,64,1762976
Ea:42,Ea,42,33772,8772,1065,1085,8772,16.3,368,310,64,1687818
Ea:43,Ea,43,32607,7607,-2,-1,7607,17.0,370,305,64,1711641
Ea:44,Ea,44,33579,8579,704,700,8579,15.1,358,299,64,1755476
Ea:45,Ea,45,32590,7590,-197,-190,7590,14.1,356,293,63,1630450
Ea:46,Ea,46,29959,4959,-2419,-2419,4954,14.1,359,296,56,743817
Eal:47,Eal,47,31068,6068,-2109,-2194,5640,16.1,371,304,55,530753
Eal:48,Eal,48,31826,6826,-70,-138,6826,18.9,383,308,54,492511
Eal:49,Eal,49,31700,6700,372,352,6700,20.1,398,308,55,463011
Eal:50,Eal,50,32179,7179,719,719,7179,20.0,397,298,52,469805
Eal:51,Eal,51,32064,7064,-513,-555,7064,17.2,409,283,54,606943
Eal:52,Eal,52,32964,7964,-18,-7,7885,15.1,397,263,51,599682
Eal:53,Eal,53,31681,6681,-1217,-1233,6613,15.3,393,263,55,710739
Eal:54,Eal,54,31376,6376,-498,-563,6346,17.0,385,262,52,688515
Eal:55,Eal,55,31423,6423,-990,-1078,6203,17.3,374,253,58,838052
Eal:56,Eal,56,30565,5565,-1196,-1369,5356,18.1,383,251,56,815091
Eal:57,Eal,57,29988,4988,-1247,-1236,4796,18.1,386,251,56,791105
Eal:58,Eal,58,29743,4743,-1941,-2050,4557,18.1,385,246,56,820306
Eal:59,Eal,59,30296,5296,-1693,-1748,4538,17.0,382,243,57,879402
Eal:60,Eal,60,29582,4582,-1996,-2037,4351,17.0,383,254,53,728155
Eal:61,Eal,61,29321,4321,-2292,-2389,4235,16.1,385,257,49,585357
Eal:62,Eal,62,28939,3939,-2287,-2349,3607,17.0,385,252,47,508536
Eal:63,Eal,63,30510,5510,-1545,-1548,5495,15.2,384,243,47,507870
Eal:64,Eal,64,30003,5003,-2218,-2274,4980,15.0,380,230,47,521699
Eal:65,Eal,65,30101,5101,-1898,-1901,5101,14.1,379,228,47,536368
Eal:66,Eal,66,30510,5510,-2016,-2015,5429,13.2,383,225,47,442092
Eal:67,Eal,67,29914,4914,-2671,-2671,4875,12.2,384,224,47,460917
Eal:68,Eal,68,29273,4273,-3301,-3301,4264,13.1,387,223,47,503401
Eal:69,Eal,69,29082,4082,-3491,-3491,4078,13.2,388,219,47,501062
Eal:70,Eal,70,30417,5417,57,57,5411,14.1,388,218,35,231244
Eala:71,Eala,71,29861,4861,-2257,-2257,4793,16.1,343,214,33,198909
Eala:72,Eala,72,30955,5955,-1501,-1501,5946,15.2,325,211,39,228104
Eala:73,Eala,73,29946,4946,-2264,-2557,4712,15.9,318,220,43,284731
Eala:74,Eala,74,29875,4875,-2561,-2813,4740,15.0,306,221,47,395965
Eala:75,Eala,75,30292,5292,-2331,-2389,5169,14.3,298,218,45,342692
Eala:76,Eala,76,28915,3915,-4054,-4180,3829,14.1,297,214,47,459902
Eala:77,Eala,77,30506,5506,-2382,-2637,5355,14.1,294,220,45,390894
Eala:78,Eala,78,29412,4412,-2450,-2862,4238,14.3,294,231,45,364269
Eala:79,Eala,79,29846,4846,-2324,-2690,4716,14.1,299,231,47,470860
Eala:80,Eala,80,29732,4732,-2498,-2514,4411,13.2,303,230,46,446316
Eala:81,Eala,81,29953,4953,-2471,-2617,4364,13.0,294,227,40,268710
Eala:82,Eala,82,30601,5601,-2109,-2250,5234,13.1,290,233,41,262454
Eala:83,Eala,83,29363,4363,-2806,-2778,3877,13.0,291,230,39,246610
Eala:84,Eala,84,29685,4685,-2972,-3046,4315,12.2,289,233,39,228824
Eala:85,Eala,85,29696,4696,-2788,-2819,4420,13.1,286,245,38,238105
Eala:86,Eala,86,30664,5664,-1745,-1745,5252,12.2,290,244,38,217071
Eala:87,Eala,87,30483,5483,-2538,-2538,5235,12.1,288,245,38,243788
Eala:88,Eala,88,29715,4715,-3487,-3486,4428,12.1,284,247,38,264503
Eala:89,Eala,89,31160,6160,-1805,-1809,5760,12.1,275,247,38,268507
Eala:90,Eala,90,30514,5514,-2076,-2353,4850,13.1,266,245,38,283151
Eala:91,Eala,91,30449,5449,-2276,-2334,5096,13.0,271,244,38,280279
Eala:92,Eala,92,30252,5252,-3035,-3078,5045,12.1,277,250,38,295057
Eala:93,Eala,93,31088,6088,-2219,-2226,5795,11.2,274,251,38,279190
Eala:94,Eala,94,30454,5454,-3512,-3512,5319,11.1,283,252,38,308842
Eala:95,Eala,95,30215,5215,-4436,-4436,4991,10.3,285,260,38,302498
Eala:96,Eala,96,29641,4641,-5047,-5047,4134,10.3,280,255,38,257821
Eala:97,Eala,97,30508,5508,-3729,-3770,5318,11.0,284,255,39,260554
Eala:98,Eala,98,30781,5781,-4026,-4026,5580,10.1,284,256,39,267640
Eala:99,Eala,99,29191,4191,-5307,-5387,3769,10.1,288,260,39,264995
Eala:100,Eala,100,29940,4940,-4886,-4946,4151,10.1,289,253,39,271124
Eala:101,Eala,101,30914,5914,-3591,-3615,5276,10.1,287,252,39,290578
Eala:102,Eala,102,29939,4939,-4466,-4487,4176,10.1,288,252,39,291899
Eala:103,Eala,103,30756,5756,-4114,-4278,4957,10.2,288,249,39,294622
Eala:104,Eala,104,30439,5439,-4746,-4783,4535,10.1,287,236,39,301180
Eala:105,Eala,105,30586,5586,-3774,-3977,4759,10.1,290,241,39,299122
Ealp:71,Ealp,71,32286,7286,1630,1630,7266,15.2,402,226,33,171537
Ealp:72,Ealp,72,30015,5015,-1837,-1875,4983,16.0,399,221,39,235343
Ealp:73,Ealp,73,29521,4521,-1771,-1776,4501,16.0,402,221,43,284180
Ealp:74,Ealp,74,29831,4831,-1365,-1395,4785,16.2,391,216,45,291393
Ealp:75,Ealp,75,29980,4980,-1994,-2006,4950,16.1,379,219,45,308439
Ealp:76,Ealp,76,30099,5099,-1679,-1689,5054,15.2,373,218,45,337572
Ealp:77,Ealp,77,29771,4771,-1803,-1826,4722,15.3,370,222,45,323807
Ealp:78,Ealp,78,30778,5778,-928,-940,5588,15.2,373,226,45,330218
Ealp:79,Ealp,79,28668,3668,-2451,-2540,3625,15.9,374,229,43,331802
Ealp:80,Ealp,80,29596,4596,-2565,-2565,4578,15.0,374,228,42,354309
Ealp:81,Ealp,81,30686,5686,-1703,-1706,5657,15.1,361,217,42,233737
Ealp:82,Ealp,82,30378,5378,-1950,-1950,5273,14.2,357,218,41,233020
Ealp:83,Ealp,83,29799,4799,-2223,-2223,4667,14.1,358,211,39,231947
Ealp:84,Ealp,84,29637,4637,-2520,-2520,4411,13.2,361,210,39,212619
Ealp:85,Ealp,85,30803,5803,-1602,-1602,5545,13.1,353,204,38,245746
Ealp:86,Ealp,86,30607,5607,-1489,-1489,5324,13.1,343,198,38,250740
Ealp:87,Ealp,87,30049,5049,-2827,-2821,4916,14.0,346,199,38,252762
Ealp:88,Ealp,88,29946,4946,-2783,-2769,4874,14.1,344,204,38,256497
Ealp:89,Ealp,89,30468,5468,-2276,-2264,5392,14.2,338,206,38,254638
Ealp:90,Ealp,90,29310,4310,-2667,-2600,4103,15.0,336,210,38,267969
Ealp:91,Ealp,91,30359,5359,-2129,-2152,5207,15.0,336,215,38,270098
Ealp:92,Ealp,92,30649,5649,-2315,-2315,5603,14.1,337,221,38,261818
Ealp:93,Ealp,93,31186,6186,-1724,-1724,6165,14.2,331,230,38,249202
Ealp:94,Ealp,94,31508,6508,-1497,-1515,6452,14.1,335,231,38,266767
Ealp:95,Ealp,95,29508,4508,-2725,-2732,4465,14.1,331,241,38,280089
Ealp:96,Ealp,96,30655,5655,-2376,-2396,5575,14.1,328,235,38,234148
Ealp:97,Ealp,97,30664,5664,-2656,-2713,5585,14.0,329,238,39,246180
Ealp:98,Ealp,98,29572,4572,-3289,-3240,4475,14.1,325,240,39,251464
Ealp:99,Ealp,99,31089,6089,-2301,-2341,6000,13.2,324,242,39,245309
Ealp:100,Ealp,100,29768,4768,-3266,-3326,4674,13.2,327,238,39,262309
Ealp:101,Ealp,101,30572,5572,-3035,-3049,5476,13.2,334,237,39,260074
Ealp:102,Ealp,102,30189,5189,-2592,-2615,5029,14.0,328,238,39,286386
Ealp:103,Ealp,103,29328,4328,-3866,-3967,4141,13.1,332,245,39,279765
Ealp:104,Ealp,104,31283,6283,-1557,-1537,6027,13.1,324,236,39,273685
Ealp:105,Ealp,105,30741,5741,-2447,-2507,5393,13.1,325,233,39,287205
Ear:47,Ear,47,32022,7022,-2182,-2335,6795,11.3,358,317,55,561270
Ear:48,Ear,48,34171,9171,-156,-139,9171,10.8,353,323,54,538295
Ear:49,Ear,49,36036,11036,1441,1590,11036,9.1,345,328,53,555687
Ear:50,Ear,50,35466,10466,490,882,10436,9.2,345,327,52,611776
Ear:51,Ear,51,35111,10111,294,416,10091,9.8,354,328,52,677620
Ear:52,Ear,52,33841,8841,-169,24,8787,11.3,361,334,55,776652
Ear:53,Ear,53,33342,8342,-341,-226,8241,12.1,363,332,57,914895
Ear:54,Ear,54,32975,7975,-694,-637,7919,12.2,357,324,56,909946
Ear:55,Ear,55,31613,6613,-1742,-1691,6541,13.3,344,317,56,890337
Ear:56,Ear,56,31279,6279,-1463,-1422,6124,14.0,335,314,54,820775
Ear:57,Ear,57,31030,6030,-1139,-1134,6002,14.4,334,309,56,820470
Ear:58,Ear,58,30322,5322,-1310,-1310,5312,14.3,333,302,54,753600
Ear:59,Ear,59,30248,5248,-2141,-2142,5228,14.3,327,303,55,782679
Ear:60,Ear,60,29751,4751,-2599,-2672,4621,14.0,323,307,53,796562
Ear:61,Ear,61,29863,4863,-2959,-2961,4856,13.2,324,302,49,613952
Ear:62,Ear,62,29728,4728,-2409,-2409,4711,14.0,327,288,47,555273
Ear:63,Ear,63,28975,3975,-3466,-3509,3907,14.0,324,275,47,577413
Ear:64,Ear,64,29229,4229,-3322,-3355,4018,13.1,323,267,47,576036
Ear:65,Ear,65,29938,4938,-2485,-2514,4739,12.1,317,254,47,581152
Ear:66,Ear,66,29436,4436,-3249,-3280,4128,12.1,316,251,47,505323
Ear:67,Ear,67,29335,4335,-3633,-3718,4045,12.2,311,253,47,504456
Ear:68,Ear,68,29418,4418,-3012,-3065,4170,13.0,318,260,47,538639
Ear:69,Ear,69,29175,4175,-3368,-3357,4107,12.1,321,271,47,533188
Ear:70,Ear,70,29172,4172,-2867,-2867,4115,13.0,327,270,47,530425
Ear:71,Ear,71,28146,3146,-2972,-2972,3050,12.1,324,277,35,261811
Eara:72,Eara,72,29895,4895,-2223,-2223,4818,13.1,284,274,29,155141
Eara:73,Eara,73,30443,5443,-2068,-2099,5391,13.1,281,265,43,308430
Eara:74,Eara,74,29423,4423,-3216,-3293,4345,13.1,268,267,43,305410
Eara:75,Eara,75,29571,4571,-2507,-2565,4405,13.1,269,271,45,353110
Eara:76,Eara,76,29643,4643,-2683,-2805,4373,13.1,276,275,43,345945
Eara:77,Eara,77,30213,5213,-2126,-2176,5089,13.1,277,286,47,450383
Eara:78,Eara,78,30283,5283,-2785,-2788,5228,12.4,280,295,47,423798
Eara:79,Eara,79,29646,4646,-2766,-2797,4507,12.1,268,293,47,472482
Eara:80,Eara,80,29714,4714,-2688,-2688,4616,12.1,267,289,46,467593
Eara:81,Eara,81,29254,4254,-3123,-3144,4074,12.0,259,291,44,314816
Eara:82,Eara,82,29085,4085,-2819,-2820,3629,11.1,257,291,41,268511
Eara:83,Eara,83,29114,4114,-3321,-3323,3611,11.1,265,286,39,244487
Eara:84,Eara,84,29707,4707,-2741,-2742,4355,11.1,272,290,39,248749
Eara:85,Eara,85,29971,4971,-2794,-2806,4342,10.1,277,294,38,264178
Eara:86,Eara,86,28865,3865,-4074,-4105,3118,10.1,278,302,38,263632
Eara:87,Eara,87,29733,4733,-3411,-3378,3987,10.1,273,303,38,256396
Eara:88,Eara,88,29900,4900,-3840,-3858,4418,10.1,276,308,38,275645
Eara:89,Eara,89,29685,4685,-3755,-3777,4340,10.2,269,305,38,280965
Eara:90,Eara,90,29336,4336,-4121,-4173,3914,10.1,273,307,38,280013
Eara:91,Eara,91,29570,4570,-4094,-4167,4206,10.2,276,310,38,296729
Eara:92,Eara,92,30208,5208,-3552,-3602,4873,10.2,284,314,38,310185
Eara:93,Eara,93,30030,5030,-3565,-3612,4693,11.0,279,319,38,303535
Eara:94,Eara,94,28697,3697,-4595,-4618,3232,11.0,275,318,38,317476
Eara:95,Eara,95,29730,4730,-4145,-4321,3699,10.2,276,324,38,313941
Eara:96,Eara,96,30250,5250,-3710,-3731,4664,11.0,274,322,38,263729
Eara:97,Eara,97,30631,5631,-3212,-3271,4863,11.1,281,329,39,261686
Eara:98,Eara,98,31035,6035,-2727,-2736,5293,10.2,280,324,39,283165
Eara:99,Eara,99,29866,4866,-4696,-4678,3939,10.1,278,329,39,270243
Eara:100,Eara,100,30795,5795,-4071,-4075,5192,10.1,282,322,39,285283
Eara:101,Eara,101,31117,6117,-3512,-3512,5829,10.1,285,315,39,282247
Eara:102,Eara,102,30353,5353,-4072,-4072,4962,10.1,277,316,39,281422
Eara:103,Eara,103,30538,5538,-4025,-4043,5237,9.2,271,319,39,293088
Eara:104,Eara,104,30278,5278,-4733,-4738,4901,9.1,273,315,39,290823
Eara:105,Eara,105,30735,5735,-3871,-3873,5279,9.2,274,316,39,297410
Earp:72,Earp,72,31179,6179,-1754,-1754,5894,13.0,354,276,33,199474
Earp:73,Earp,73,30072,5072,-2832,-2832,4869,13.2,364,280,39,260739
Earp:74,Earp,74,30121,5121,-1978,-1981,4980,13.9,357,286,43,308579
Earp:75,Earp,75,30500,5500,-1744,-1824,5305,13.1,361,294,43,327536
Earp:76,Earp,76,30170,5170,-1576,-1757,4897,13.2,362,294,45,360781
Earp:77,Earp,77,30142,5142,-1604,-1950,4898,13.1,363,295,47,445392
Earp:78,Earp,78,30265,5265,-1684,-1979,5063,13.0,367,299,43,375268
Earp:79,Earp,79,29982,4982,-1834,-2150,4478,13.0,371,307,45,425436
Earp:80,Earp,80,30206,5206,-2081,-2268,4897,12.1,363,310,44,402346
Earp:81,Earp,81,29712,4712,-2858,-3028,4499,12.1,355,315,44,303703
Earp:82,Earp,82,30653,5653,-1493,-1601,5435,12.1,357,315,41,272526
Earp:83,Earp,83,30199,5199,-2360,-2360,4828,11.2,359,317,39,229104
Earp:84,Earp,84,30087,5087,-2424,-2427,4672,11.2,364,313,39,243114
Earp:85,Earp,85,29627,4627,-3029,-3155,3623,11.1,366,309,38,263526
Earp:86,Earp,86,29154,4154,-3835,-4129,2263,11.0,367,312,38,282948
Earp:87,Earp,87,30462,5462,-2378,-2438,4024,11.0,363,302,38,275240
Earp:88,Earp,88,29274,4274,-4099,-4157,2360,10.2,360,294,38,260515
Earp:89,Earp,89,30647,5647,-2885,-2948,4320,10.2,356,288,38,253421
Earp:90,Earp,90,30743,5743,-2396,-2399,4910,11.1,354,282,38,279361
Earp:91,Earp,91,30398,5398,-3033,-3071,4325,10.3,355,278,38,239634
Earp:92,Earp,92,30427,5427,-2816,-2832,4936,11.1,359,280,38,282584
Earp:93,Earp,93,30056,5056,-3805,-3805,4415,11.2,362,289,38,284287
Earp:94,Earp,94,30178,5178,-3434,-3431,4848,11.1,359,296,38,303913
Earp:95,Earp,95,30285,5285,-2890,-2890,4818,12.0,360,299,38,292210
Earp:96,Earp,96,31399,6399,-2346,-2347,6132,11.2,351,297,38,228747
Earp:97,Earp,97,30113,5113,-3679,-3683,4845,12.1,349,304,39,249331
Earp:98,Earp,98,31716,6716,-2385,-2420,6506,11.2,354,313,39,248071
Earp:99,Earp,99,31025,6025,-2991,-2996,5748,11.1,351,315,39,250402
Earp:100,Earp,100,30491,5491,-3428,-3454,5133,11.1,343,310,39,250254
Earp:101,Earp,101,31090,6090,-2554,-2567,5824,12.0,352,308,39,268356
Earp:102,Earp,102,30827,5827,-3496,-3498,5207,11.2,345,309,39,259109
Earp:103,Earp,103,30945,5945,-3373,-3373,4533,10.2,342,311,39,260373
Earp:104,Earp,104,31068,6068,-3170,-3169,5159,10.2,343,304,39,289191
Earp:105,Earp,105,31844,6844,-1836,-1837,6265,10.1,343,306,39,309101
Ep:26,Ep,26,31829,6829,-1926,-1960,6829,15.3,515,242,57,630770
Ep:27,Ep,27,32226,7226,-2122,-2123,7226,13.5,520,236,59,703948
Ep:28,Ep,28,32425,7425,-1894,-1990,7425,12.8,529,228,61,927036
Ep:29,Ep,29,33061,8061,-952,-1075,8061,13.7,531,249,62,1095856
Ep:30,Ep,30,35154,10154,1254,1192,10154,13.4,523,258,62,1319136
Ep:31,Ep,31,34683,9683,720,605,9683,12.3,511,271,63,1423940
Ep:32,Ep,32,33888,8888,1474,1383,8888,18.7,495,265,60,1338428
Ep:33,Ep,33,35155,10155,2251,2035,10155,18.1,476,264,63,1479372
Ep:34,Ep,34,34079,9079,1171,1027,9079,18.1,480,247,65,1546688
Ep:35,Ep,35,34606,9606,2413,2298,9606,18.1,471,248,64,1476834
Ep:36,Ep,36,34961,9961,2293,2154,9961,17.3,481,245,64,1461855
Ep:37,Ep,37,36613,11613,3970,3876,11613,17.2,482,244,64,1611410
Ep:38,Ep,38,35865,10865,2884,2782,10865,17.1,483,247,62,1411131
Ep:39,Ep,39,35728,10728,2380,2295,10728,17.1,474,241,64,1655127
Ep:40,Ep,40,37378,12378,3906,3862,12378,16.2,470,253,64,1678301
Ep:41,Ep,41,37272,12272,3694,3628,12272,16.0,475,255,64,1796553
Ep:42,Ep,42,37305,12305,3582,3529,12129,15.1,472,244,64,1878717
Ep:43,Ep,43,36768,11768,3361,3395,11673,14.2,468,231,64,1842894
Ep:44,Ep,44,35757,10757,1841,1835,10747,14.2,465,223,64,1822765
Ep:45,Ep,45,36006,11006,2167,2169,10997,13.1,463,216,63,1705288
Ep:46,Ep,46,34558,9558,548,551,9558,12.1,453,215,62,969663
Ep:47,Ep,47,30761,5761,-3050,-3050,5761,14.0,449,228,55,798663
Epl:48,Epl,48,34556,9556,-440,-439,9549,11.1,439,247,54,593723
Epl:49,Epl,49,38690,13690,4344,4383,13655,10.2,439,266,53,553679
Epl:50,Epl,50,40233,15233,4991,4888,15223,9.0,428,283,52,602211
Epl:51,Epl,51,39612,14612,4325,4220,14611,8.9,429,271,52,653794
Epl:52,Epl,52,37554,12554,2202,2078,12554,8.3,423,266,55,782375
Epl:53,Epl,53,36408,11408,1013,829,11399,8.3,424,262,57,907394
Epl:54,Epl,54,35654,10654,1077,866,10594,9.2,425,262,56,964649
Epl:55,Epl,55,34540,9540,479,363,9362,10.8,418,271,52,843249
Epl:56,Epl,56,33142,8142,-800,-944,7996,11.4,415,273,54,855750
Epl:57,Epl,57,32912,7912,59,12,7863,12.4,418,277,56,902460
Epl:58,Epl,58,30818,5818,-2190,-2235,5663,12.2,419,270,56,968938
Epl:59,Epl,59,32008,7008,-1127,-1197,6794,12.1,422,274,55,880945
Epl:60,Epl,60,31857,6857,-1677,-1714,5107,11.0,426,279,53,816921
Epl:61,Epl,61,31881,6881,-1494,-1416,4891,10.1,430,271,49,648954
Epl:62,Epl,62,31788,6788,-1276,-1270,5107,10.1,440,262,47,545435
Epl:63,Epl,63,30627,5627,-3087,-3188,4412,10.2,438,264,47,574320
Epl:64,Epl,64,31053,6053,-2127,-2180,5849,11.0,437,271,47,593984
Epl:65,Epl,65,30577,5577,-2675,-2645,5107,10.2,445,270,47,564088
Epl:66,Epl,66,29946,4946,-3493,-3547,4725,10.1,441,274,47,491594
Epl:67,Epl,67,30715,5715,-2156,-2117,5547,10.1,444,276,47,478148
Epl:68,Epl,68,29952,4952,-3134,-3154,4861,10.1,442,275,47,475152
Epl:69,Epl,69,30340,5340,-2592,-2594,5303,11.0,447,276,47,496466
Epl:70,Epl,70,29001,4001,-2924,-2914,3986,12.0,444,278,47,503437
Epl:71,Epl,71,29753,4753,-2506,-2506,4718,12.1,438,277,47,516914
Epl:72,Epl,72,29346,4346,-2385,-2385,4346,13.0,439,281,47,494378
Epl:73,Epl,73,29194,4194,-2085,-2085,4168,12.0,441,273,35,254463
Epla:74,Epla,74,31432,6432,-1359,-1359,6119,12.1,410,268,31,180359
Epla:75,Epla,75,30365,5365,-2106,-2300,5212,12.1,404,270,43,312902
Epla:76,Epla,76,30233,5233,-1721,-1934,5010,12.9,401,272,43,317997
Epla:77,Epla,77,29180,4180,-3251,-3530,3610,12.9,402,273,43,316750
Epla:78,Epla,78,29562,4562,-2816,-3052,4009,13.1,411,283,45,369057
Epla:79,Epla,79,30389,5389,-1810,-1996,4961,13.1,417,285,45,354213
Epla:80,Epla,80,29009,4009,-3154,-3099,3275,13.0,408,282,42,354836
Epla:81,Epla,81,30830,5830,-1013,-1140,5285,13.2,398,276,42,243033
Epla:82,Epla,82,30004,5004,-1675,-1725,4117,13.0,392,271,41,236414
Epla:83,Epla,83,29391,4391,-2443,-2447,3656,13.1,398,271,39,224304
Epla:84,Epla,84,28872,3872,-3458,-3458,3689,13.1,399,264,39,218631
Epla:85,Epla,85,30232,5232,-2491,-2492,4637,11.2,401,256,38,221562
Epla:86,Epla,86,30655,5655,-2049,-2049,5168,11.0,398,254,38,248275
Epla:87,Epla,87,29952,4952,-2894,-2897,4306,10.2,395,246,38,238677
Epla:88,Epla,88,29575,4575,-3786,-3792,4051,10.1,398,250,38,261955
Epla:89,Epla,89,30597,5597,-2956,-2951,5253,10.0,397,246,38,264299
Epla:90,Epla,90,30212,5212,-3292,-3280,4977,10.1,395,242,38,248052
Epla:91,Epla,91,30709,5709,-2824,-2824,5579,10.1,395,231,38,253730
Epla:92,Epla,92,30420,5420,-3152,-3171,5169,11.0,394,236,38,274420
Epla:93,Epla,93,29765,4765,-3658,-3658,4705,11.0,395,237,38,269341
Epla:94,Epla,94,30497,5497,-3017,-3017,5494,10.2,397,243,38,261538
Epla:95,Epla,95,30934,5934,-2860,-2862,5777,10.2,404,248,38,269095
Epla:96,Epla,96,29582,4582,-4404,-4404,4467,10.2,403,243,38,234186
Epla:97,Epla,97,30257,5257,-4013,-4013,5139,10.1,399,251,39,240098
Epla:98,Epla,98,30250,5250,-4349,-4349,5173,9.1,396,245,39,231887
Epla:99,Epla,99,30815,5815,-4046,-4042,5568,9.2,397,257,39,239114
Epla:100,Epla,100,30349,5349,-4132,-4132,5315,9.1,403,250,39,230066
Epla:101,Epla,101,30631,5631,-3642,-3646,5540,9.1,410,252,39,249392
Epla:102,Epla,102,29960,4960,-4536,-4536,4904,9.1,410,250,39,253128
Epla:103,Epla,103,31043,6043,-3276,-3386,5673,8.2,404,253,39,236396
Epla:104,Epla,104,30954,5954,-3395,-3538,5173,8.1,412,254,39,257841
Epla:105,Epla,105,30561,5561,-4068,-4341,4534,8.1,412,254,39,271940
Eplp:74,Eplp,74,31909,6909,-810,-813,6890,13.0,477,272,35,225958
Eplp:75,Eplp,75,30285,5285,-1350,-1405,5268,13.9,486,273,43,287921
Eplp:76,Eplp,76,29788,4788,-1734,-1884,4622,14.0,495,272,45,332249
Eplp:77,Eplp,77,30111,5111,-1764,-2219,4759,13.2,508,265,47,414607
Eplp:78,Eplp,78,29258,4258,-2892,-3151,4073,13.2,503,262,47,397730
Eplp:79,Eplp,79,29801,4801,-1896,-2186,4638,14.0,496,261,45,367924
Eplp:80,Eplp,80,29805,4805,-2313,-2413,4641,14.1,485,258,44,369364
Eplp:81,Eplp,81,30042,5042,-1506,-1771,4820,14.0,473,255,42,243243
Eplp:82,Eplp,82,30578,5578,-1526,-1660,5397,13.1,472,245,41,224200
Eplp:83,Eplp,83,30167,5167,-1926,-1926,5153,13.1,463,245,39,198858
Eplp:84,Eplp,84,30233,5233,-1500,-1500,5180,13.1,468,236,39,192125
Eplp:85,Eplp,85,30572,5572,-1778,-1802,5448,13.1,469,232,38,204017
Eplp:86,Eplp,86,30250,5250,-1843,-1843,5049,13.1,463,228,38,210260
Eplp:87,Eplp,87,29914,4914,-2289,-2289,4507,12.0,463,224,38,235199
Eplp:88,Eplp,88,30053,5053,-2615,-2615,4453,11.0,469,220,38,213091
Eplp:89,Eplp,89,30623,5623,-2344,-2344,5453,12.0,474,218,38,218700
Eplp:90,Eplp,90,30158,5158,-2334,-2334,5057,12.1,483,224,38,233070
Eplp:91,Eplp,91,30223,5223,-2167,-2167,5056,13.0,485,226,38,229537
Eplp:92,Eplp,92,31010,6010,-1979,-1979,5572,12.1,478,225,38,234500
Eplp:93,Eplp,93,29426,4426,-3219,-3219,3829,12.1,474,234,38,245321
Eplp:94,Eplp,94,30753,5753,-2221,-2223,5249,12.1,474,229,38,253309
Eplp:95,Eplp,95,29872,4872,-3176,-3176,4634,12.2,483,228,38,238110
Eplp:96,Eplp,96,29839,4839,-3538,-3538,4278,12.0,478,224,38,220440
Eplp:97,Eplp,97,30002,5002,-3365,-3365,3933,11.0,470,228,39,220341
Eplp:98,Eplp,98,30175,5175,-3492,-3509,4013,10.2,466,225,39,221682
Eplp:99,Eplp,99,30485,5485,-3147,-3161,4849,11.0,465,227,39,232330
Eplp:100,Eplp,100,31491,6491,-2053,-2059,5830,11.0,466,223,39,249491
Eplp:101,Eplp,101,30678,5678,-2978,-2986,5093,11.0,469,222,39,250640
Eplp:102,Eplp,102,30016,5016,-3569,-3590,4693,11.0,467,228,39,259395
Eplp:103,Eplp,103,30395,5395,-3281,-3278,5084,11.1,466,229,39,260635
Eplp:104,Eplp,104,30518,5518,-2534,-2535,5442,11.1,466,220,39,261059
Eplp:105,Eplp,105,30338,5338,-3283,-3283,5293,12.0,471,219,39,249227
Epr:48,Epr,48,31841,6841,-804,-806,6841,17.0,458,194,54,517787
Epr:49,Epr,49,34474,9474,1889,1839,9423,17.1,466,174,53,491284
Epr:50,Epr,50,34171,9171,1507,1869,8679,18.1,466,161,58,688831
Epr:51,Epr,51,34052,9052,965,1000,9033,16.2,459,164,54,596267
Epr:52,Epr,52,34141,9141,1099,1156,9129,15.2,458,174,53,616888
Epr:53,Epr,53,34238,9238,1325,1261,9159,15.3,450,186,57,767130
Epr:54,Epr,54,33367,8367,160,63,8274,15.2,454,194,56,858340
Epr:55,Epr,55,31670,6670,-1506,-1616,6623,16.1,456,203,56,878241
Epr:56,Epr,56,31966,6966,-792,-901,6938,17.0,456,203,58,930265
Epr:57,Epr,57,31205,6205,-817,-820,6205,16.9,458,202,52,683046
Epr:58,Epr,58,31390,6390,-334,-421,6384,17.1,455,209,58,864113
Epr:59,Epr,59,30970,5970,-1173,-1183,5969,17.0,459,210,55,769098
Epr:60,Epr,60,30936,5936,-1213,-1213,5936,15.3,452,208,53,663987
Epr:61,Epr,61,30527,5527,-1837,-1837,5527,15.2,453,197,49,571924
Epr:62,Epr,62,30367,5367,-2341,-2342,5366,15.1,456,187,47,537060
Epr:63,Epr,63,30733,5733,-1527,-1527,5733,14.1,455,189,47,547695
Epr:64,Epr,64,29259,4259,-3501,-3501,4257,14.0,458,192,47,541438
Epr:65,Epr,65,29709,4709,-2856,-2836,4709,13.1,468,188,47,533253
Epr:66,Epr,66,30003,5003,-2626,-2626,4985,13.0,470,196,47,425965
Epr:67,Epr,67,30605,5605,-1886,-1879,5523,12.0,464,187,47,448908
Epr:68,Epr,68,30109,5109,-2789,-2788,5037,12.1,467,187,47,457343
Epr:69,Epr,69,29963,4963,-2563,-2563,4882,12.0,460,189,47,487313
Epr:70,Epr,70,29408,4408,-2353,-2353,4379,13.0,455,184,47,486711
Epr:71,Epr,71,30727,5727,-1326,-1326,5622,13.1,454,188,47,486385
Epr:72,Epr,72,29722,4722,-2482,-2482,4559,13.1,457,187,47,512048
Epr:73,Epr,73,29261,4261,-2441,-2441,4078,13.0,451,178,43,359308
Epra:74,Epra,74,30495,5495,-2014,-2014,5469,14.0,429,171,35,215870
Epra:75,Epra,75,29484,4484,-2681,-2681,4437,13.3,418,171,37,235586
Epra:76,Epra,76,30425,5425,-1710,-1747,5273,14.0,405,170,43,326527
Epra:77,Epra,77,29927,4927,-1557,-1584,4382,15.0,397,172,43,305325
Epra:78,Epra,78,28921,3921,-3198,-3370,3580,14.0,396,172,45,373368
Epra:79,Epra,79,29553,4553,-2320,-2588,3787,13.1,399,168,45,387046
Epra:80,Epra,80,29436,4436,-1982,-2219,3529,14.1,400,164,44,405528
Epra:81,Epra,81,29619,4619,-1859,-2317,3030,14.1,397,156,44,302122
Epra:82,Epra,82,29330,4330,-2639,-3035,3416,14.0,395,157,41,270615
Epra:83,Epra,83,29825,4825,-1907,-2097,4234,14.2,394,145,39,232614
Epra:84,Epra,84,29997,4997,-2385,-2495,4529,14.0,389,144,39,240310
Epra:85,Epra,85,30413,5413,-2250,-2328,4806,12.2,387,147,38,229196
Epra:86,Epra,86,29986,4986,-2175,-2175,4610,12.3,377,146,38,238302
Epra:87,Epra,87,30651,5651,-2083,-2102,5245,12.2,382,147,38,249549
Epra:88,Epra,88,29672,4672,-2822,-2836,4320,12.1,375,149,38,270709
Epra:89,Epra,89,31100,6100,-1215,-1262,4775,11.2,375,148,38,242635
Epra:90,Epra,90,30607,5607,-1442,-1487,3391,11.0,366,155,38,265143
Epra:91,Epra,91,29569,4569,-2765,-2713,1501,11.1,366,155,38,261338
Epra:92,Epra,92,29696,4696,-2565,-2583,989,11.1,365,155,38,279489
Epra:93,Epra,93,30002,5002,-2820,-2783,4240,11.2,364,165,38,271971
Epra:94,Epra,94,29824,4824,-2813,-2859,3915,11.1,371,167,38,272210
Epra:95,Epra,95,29470,4470,-3703,-3633,3547,11.2,366,175,38,279544
Epra:96,Epra,96,29817,4817,-3301,-3295,3877,11.1,368,172,38,243640
Epra:97,Epra,97,30660,5660,-2443,-2503,4859,11.1,364,174,39,248378
Epra:98,Epra,98,30487,5487,-1925,-1988,4257,10.3,352,174,39,238355
Epra:99,Epra,99,30160,5160,-2901,-2979,4554,10.1,357,184,39,250634
Epra:100,Epra,100,29821,4821,-3852,-3855,4411,10.0,356,183,39,260866
Epra:101,Epra,101,31302,6302,-2544,-2587,5459,9.2,357,179,39,241337
Epra:102,Epra,102,30645,5645,-3214,-3349,4939,9.2,357,183,39,255584
Epra:103,Epra,103,30503,5503,-3361,-3417,4319,9.1,360,181,39,276553
Epra:104,Epra,104,30609,5609,-3670,-3743,4480,8.3,360,179,39,259388
Epra:105,Epra,105,30512,5512,-3718,-3871,5067,8.2,364,183,39,259840
Eprp:74,Eprp,74,31358,6358,-783,-783,6309,13.2,482,189,35,183999
Eprp:75,Eprp,75,30726,5726,-1981,-1981,5713,14.0,493,185,37,231108
Eprp:76,Eprp,76,29491,4491,-3285,-3287,4436,14.0,498,188,43,301656
Eprp:77,Eprp,77,30199,5199,-1707,-1757,5133,14.1,498,188,47,349266
Eprp:78,Eprp,78,30847,5847,-1172,-1291,5574,14.1,494,179,47,384822
Eprp:79,Eprp,79,30132,5132,-1744,-1969,4744,14.1,494,174,47,420319
Eprp:80,Eprp,80,30120,5120,-2021,-2230,4931,14.1,495,175,46,439372
Eprp:81,Eprp,81,30164,5164,-1759,-1788,5012,14.3,487,170,42,238421
Eprp:82,Eprp,82,30539,5539,-1700,-1749,5419,14.2,479,171,41,220485
Eprp:83,Eprp,83,30173,5173,-2152,-2157,4956,13.2,478,172,39,215539
Eprp:84,Eprp,84,30180,5180,-2198,-2206,4984,13.2,474,165,39,221368
Eprp:85,Eprp,85,30719,5719,-2021,-2060,5564,13.2,464,168,38,199897
Eprp:86,Eprp,86,29965,4965,-2402,-2402,4893,14.0,454,159,38,221973
Eprp:87,Eprp,87,30520,5520,-2043,-2043,5498,14.0,462,156,38,233718
Eprp:88,Eprp,88,30439,5439,-2845,-2845,5374,13.1,460,154,38,247500
Eprp:89,Eprp,89,29258,4258,-3757,-3757,4162,13.1,459,156,38,249382
Eprp:90,Eprp,90,30713,5713,-2367,-2367,5683,13.0,451,157,38,252529
Eprp:91,Eprp,91,29761,4761,-3164,-3164,4694,13.1,452,160,38,248898
Eprp:92,Eprp,92,29823,4823,-3421,-3421,4717,13.1,449,156,38,254099
Eprp:93,Eprp,93,30124,5124,-3201,-3201,5037,12.2,450,166,38,253367
Eprp:94,Eprp,94,30051,5051,-3228,-3228,4976,13.1,451,167,38,266456
Eprp:95,Eprp,95,29991,4991,-3059,-3059,4906,12.2,441,172,38,248460
Eprp:96,Eprp,96,31161,6161,-2090,-2090,6088,12.2,443,171,38,210148
Eprp:97,Eprp,97,30481,5481,-2740,-2740,5378,12.2,444,170,39,221113
Eprp:98,Eprp,98,29958,4958,-3576,-3576,4801,12.0,439,173,39,235129
Eprp:99,Eprp,99,30116,5116,-3112,-3256,4500,11.1,436,178,39,229910
Eprp:100,Eprp,100,29745,4745,-3877,-4165,3881,11.1,437,173,39,230610
Eprp:101,Eprp,101,30740,5740,-2855,-2887,4869,10.2,428,180,39,242551
Eprp:102,Eprp,102,30877,5877,-2906,-2933,5597,11.0,436,182,39,254615
Eprp:103,Eprp,103,30819,5819,-3060,-3102,4751,10.2,433,184,39,249665
Eprp:104,Eprp,104,30751,5751,-2934,-2944,4231,10.1,427,177,39,258225
Eprp:105,Eprp,105,29938,4938,-3931,-3931,4077,10.1,428,180,39,257924
P2:8,P2,8,28891,3891,-1907,-1907,3891,13.1,509,193,40,398114
P2:9,P2,9,30073,5073,-2781,-2781,5073,13.4,508,196,55,744263
P2:10,P2,10,29551,4551,-2792,-2792,4551,14.2,531,154,59,943651
P2:11,P2,11,29722,4722,-1879,-1879,4722,16.5,546,165,61,1222628
P2:12,P2,12,29380,4380,-2803,-2803,4380,15.4,524,153,63,1357207
P2:13,P2,13,30588,5588,-1760,-1760,5588,14.4,506,175,63,1479666
P2:14,P2,14,28909,3909,-4053,-4053,3909,11.7,497,147,65,1797020
P2:15,P2,15,28457,3457,-4116,-4116,3457,11.5,515,197,64,1911339
P2:16,P2,16,28664,3664,-3690,-3690,3664,11.1,517,206,61,1706838
P2:17,P2,17,28540,3540,-1872,-1872,3540,12.0,506,175,53,816951
C:18,C,18,29130,4130,-2749,-3105,4072,11.8,482,167,51,582628
C:19,C,19,29097,4097,-3717,-3717,4097,10.1,466,165,51,568823
C:20,C,20,29733,4733,-4086,-4086,4733,8.4,470,168,57,752745
C:21,C,21,29807,4807,-4102,-4102,4807,7.0,470,193,60,912735
C:22,C,22,29402,4402,-4946,-4946,4402,6.8,447,190,61,969017
C:23,C,23,29780,4780,-4946,-4946,4780,7.7,404,167,61,1120622
C:24,C,24,29314,4314,-5865,-5865,4314,7.6,389,178,62,1329251
C:25,C,25,29501,4501,-5004,-5004,4501,8.4,388,179,63,1506415
C:26,C,26,28827,3827,-5473,-5473,3827,8.4,399,195,63,1657661
C:27,C,27,29566,4566,-3956,-3956,4566,9.4,390,214,59,896979
C:28,C,28,30869,5869,-3324,-3324,5869,9.2,375,220,67,921717
Ca:29,Ca,29,31346,6346,-2623,-2684,6346,8.9,364,232,62,760140
Ca:30,Ca,30,31106,6106,-3261,-3260,6106,8.5,357,240,62,801506
Ca:31,Ca,31,30652,5652,-4137,-4137,5652,8.6,356,245,61,876134
Ca:32,Ca,32,30598,5598,-3861,-3861,5598,9.0,370,259,60,1076010
Ca:33,Ca,33,30774,5774,-3876,-3876,5774,8.6,374,266,59,1126861
Ca:34,Ca,34,30912,5912,-4258,-4258,5912,7.9,372,252,59,1211472
Ca:35,Ca,35,30231,5231,-5221,-5221,5231,7.9,373,248,58,1304282
Ca:36,Ca,36,30975,5975,-4521,-4521,5975,8.0,369,242,58,1393001
Ca:37,Ca,37,31185,6185,-3646,-3643,6185,8.9,363,237,58,1405558
Ca:38,Ca,38,31738,6738,-2572,-2589,6738,9.1,362,234,62,1652545
Ca:39,Ca,39,30701,5701,-3799,-3799,5701,8.9,368,232,58,885352
Ca:40,Ca,40,31143,6143,-3400,-3400,6143,9.1,369,243,60,961935
Caa:41,Caa,41,33104,8104,-1296,-1318,8104,8.8,337,242,58,667294
Caa:42,Caa,42,33360,8360,-775,-774,8360,9.6,345,234,58,723983
Caa:43,Caa,43,34150,9150,-739,-706,9150,8.8,355,240,58,852650
Caa:44,Caa,44,34748,9748,-834,-873,9748,7.8,356,240,58,940094
Caa:45,Caa,45,34543,9543,-1603,-1575,9543,7.0,331,234,57,979845
Caa:46,Caa,46,35602,10602,82,97,10602,7.3,324,225,56,839478
Caa:47,Caa,47,34948,9948,-1058,-1081,9948,7.2,330,222,55,820922
Caa:48,Caa,48,34243,9243,-1122,-1167,9243,7.9,337,228,54,816726
Caa:49,Caa,49,34631,9631,-11,-19,9631,8.9,335,230,53,753622
Caa:50,Caa,50,35134,10134,-425,-432,10134,7.9,333,231,52,763921
Caa:51,Caa,51,34413,9413,-1052,-1061,9413,8.0,331,231,52,742387
Caa:52,Caa,52,34043,9043,-1190,-1180,9043,8.0,330,233,51,700348
Caa:53,Caa,53,33539,8539,-2277,-2298,8539,8.0,330,234,51,719231
Caa:54,Caa,54,33292,8292,-1759,-1759,8292,7.8,326,237,52,768041
Caa:55,Caa,55,33518,8518,-1790,-1790,8518,7.9,326,235,52,787265
Caa:56,Caa,56,30703,5703,-2161,-2161,5703,8.1,334,234,34,257696
Caaa:57,Caaa,57,31600,6600,-3699,-3699,6600,7.2,312,227,32,186997
Caaa:58,Caaa,58,33678,8678,-799,-823,8678,7.8,315,237,52,448092
Caaa:59,Caaa,59,33660,8660,-1659,-1709,8660,7.9,316,236,51,457321
Caaa:60,Caaa,60,33770,8770,-1606,-1619,8770,7.2,331,236,49,454310
Caaa:61,Caaa,61,32800,7800,-2869,-2959,7800,7.1,343,232,45,368578
Caaa:62,Caaa,62,33632,8632,-2837,-2836,8617,6.2,360,224,45,363176
Caaa:63,Caaa,63,32597,7597,-3580,-3622,7597,6.1,355,225,45,372645
Caaa:64,Caaa,64,32899,7899,-3294,-3298,7899,6.0,359,233,45,403368
Caaa:65,Caaa,65,31322,6322,-5415,-5486,6314,6.1,368,230,47,460954
Caaa:66,Caaa,66,31456,6456,-5358,-5467,6442,6.1,367,242,45,323979
Caaa:67,Caaa,67,31944,6944,-4674,-4709,6944,6.1,365,256,47,389861
Caaa:68,Caaa,68,31744,6744,-4677,-4731,6744,6.0,369,260,45,340085
Caaa:69,Caaa,69,32156,7156,-4161,-4161,7156,5.3,379,272,47,344286
Caaa:70,Caaa,70,31527,6527,-4655,-4655,6527,6.0,391,281,47,398160
Caaa:71,Caaa,71,31719,6719,-4226,-4223,6719,6.0,401,284,47,406130
Caaa:72,Caaa,72,30929,5929,-5163,-5221,5929,6.1,401,287,47,418392
Caaa:73,Caaa,73,31212,6212,-4739,-4738,6206,6.1,411,292,47,418772
Caaa:74,Caaa,74,31609,6609,-4261,-4270,6609,6.1,421,283,47,430230
Caaa:75,Caaa,75,31100,6100,-4602,-4602,6100,6.1,438,284,47,435603
Caaa:76,Caaa,76,31203,6203,-4353,-4353,6203,6.2,447,284,45,383565
Caaa:77,Caaa,77,30381,5381,-4744,-4772,5381,7.1,455,269,47,485247
Caaa:78,Caaa,78,29893,4893,-5159,-5171,4892,7.2,463,268,45,410683
Caaa:79,Caaa,79,30080,5080,-3982,-4013,5080,7.1,466,263,45,435936
Caaa:80,Caaa,80,30789,5789,-3572,-3572,5789,7.2,465,263,42,375422
Caaaa:81,Caaaa,81,31169,6169,-3234,-3234,6151,6.2,413,245,28,107579
Caaaa:82,Caaaa,82,32029,7029,-1573,-1759,6952,6.9,413,241,37,190277
Caaaa:83,Caaaa,83,31033,6033,-2703,-2722,5989,7.0,417,232,35,160481
Caaaa:84,Caaaa,84,32193,7193,-2436,-2483,7056,5.4,439,225,39,177643
Caaaa:85,Caaaa,85,33118,8118,-2349,-2431,8040,5.3,451,219,38,218238
Caaaa:86,Caaaa,86,32655,7655,-2561,-2548,7592,5.3,464,214,38,219238
Caaaa:87,Caaaa,87,33026,8026,-2316,-2320,7983,5.2,471,217,38,212949
Caaaa:88,Caaaa,88,32792,7792,-2720,-2789,7678,5.2,472,228,38,231425
Caaaa:89,Caaaa,89,32456,7456,-2394,-2440,7381,5.1,467,231,36,209081
Caaaa:90,Caaaa,90,32733,7733,-2556,-2564,7685,5.4,464,229,36,198070
Caaaa:91,Caaaa,91,31974,6974,-3402,-3425,6934,6.1,464,222,36,227749
Caaaa:92,Caaaa,92,33301,8301,-2354,-2383,8280,6.0,462,218,38,263650
Caaaa:93,Caaaa,93,32211,7211,-3559,-3579,7171,6.0,466,226,38,263795
Caaaa:94,Caaaa,94,33827,8827,-1952,-1964,8800,5.3,471,224,38,257004
Caaaa:95,Caaaa,95,32347,7347,-3798,-3805,7323,5.3,470,225,38,258528
Caaaa:96,Caaaa,96,31914,6914,-4112,-4133,6867,6.0,470,217,38,241772
Caaaa:97,Caaaa,97,33976,8976,-2296,-2296,8884,5.3,473,224,39,230556
Caaaa:98,Caaaa,98,33822,8822,-2441,-2458,8668,5.3,478,221,39,236114
Caaaa:99,Caaaa,99,32751,7751,-3162,-3174,7674,5.3,477,222,39,255883
Caaaa:100,Caaaa,100,32452,7452,-3390,-3394,7361,5.3,475,215,39,254207
Caaaa:101,Caaaa,101,34066,9066,-2461,-2485,8973,5.2,478,218,39,261684
Caaaa:102,Caaaa,102,33486,8486,-2243,-2243,8448,5.2,484,214,39,271080
Caaaa:103,Caaaa,103,33275,8275,-2881,-2881,8241,5.2,485,219,39,278092
Caaaa:104,Caaaa,104,32996,7996,-3040,-3040,7974,5.2,491,210,39,276677
Caaaa:105,Caaaa,105,34523,9523,-1791,-1791,9513,5.2,496,209,39,279446
Caaap:81,Caaap,81,31300,6300,-2578,-2578,6183,7.1,490,259,28,110707
Caaap:82,Caaap,82,31022,6022,-4085,-4231,5779,7.0,500,253,37,185812
Caaap:83,Caaap,83,32218,7218,-3539,-3619,7114,6.3,514,249,39,195393
Caaap:84,Caaap,84,31993,6993,-2248,-2305,6925,7.2,523,250,37,187424
Caaap:85,Caaap,85,31514,6514,-2346,-2346,6463,7.3,530,248,38,213211
Caaap:86,Caaap,86,30409,5409,-3317,-3313,5360,8.1,530,244,38,233675
Caaap:87,Caaap,87,30511,5511,-3327,-3324,5461,8.1,532,244,38,244598
Caaap:88,Caaap,88,30944,5944,-2637,-2671,5855,9.1,532,246,38,249394
Caaap:89,Caaap,89,31291,6291,-2102,-2168,6212,8.3,534,236,38,226595
Caaap:90,Caaap,90,31517,6517,-1824,-1835,6476,8.1,535,229,38,253688
Caaap:91,Caaap,91,31731,6731,-2573,-2584,6668,7.3,535,223,38,244855
Caaap:92,Caaap,92,31950,6950,-1715,-1715,6910,7.3,538,219,38,270692
Caaap:93,Caaap,93,30697,5697,-2662,-2656,5667,8.3,539,221,38,246590
Caaap:94,Caaap,94,31543,6543,-1984,-1992,6487,8.3,536,216,38,246636
Caaap:95,Caaap,95,31642,6642,-1396,-1410,6567,8.3,543,216,38,263932
Caaap:96,Caaap,96,32257,7257,-1510,-1447,7184,8.3,541,213,38,241156
Caaap:97,Caaap,97,31287,6287,-2479,-2529,6208,9.1,537,210,39,252089
Caaap:98,Caaap,98,31309,6309,-2425,-2556,6228,9.2,537,211,39,250894
Caaap:99,Caaap,99,30215,5215,-2608,-2646,5112,9.3,540,210,39,241569
Caaap:100,Caaap,100,31087,6087,-1091,-1071,6045,9.3,540,195,39,247606
Caaap:101,Caaap,101,30134,5134,-2348,-2356,5053,10.0,542,198,39,285520
Caaap:102,Caaap,102,29915,4915,-3388,-3445,4850,10.1,538,201,39,289331
Caaap:103,Caaap,103,30486,5486,-2412,-2458,5435,10.0,545,203,39,294134
Caaap:104,Caaap,104,30990,5990,-947,-959,5932,9.2,544,200,39,299645
Caaap:105,Caaap,105,29689,4689,-2081,-2081,4640,10.2,548,198,39,305635
Caap:57,Caap,57,34072,9072,-939,-939,9070,7.3,373,245,34,194219
Caap:58,Caap,58,34842,9842,-253,-266,9819,7.0,385,262,40,291152
Caap:59,Caap,59,34134,9134,-1127,-1156,9130,6.1,397,266,45,350635
Caap:60,Caap,60,34193,9193,-937,-1159,8919,6.1,424,275,49,497358
Caap:61,Caap,61,33527,8527,-1139,-1417,8121,5.9,440,273,45,395719
Caap:62,Caap,62,32200,7200,-2096,-2495,6783,5.9,448,268,43,384343
Caap:63,Caap,63,31318,6318,-3454,-3730,6031,5.8,449,268,43,378169
Caap:64,Caap,64,31985,6985,-3049,-3117,6914,5.8,465,272,43,392458
Caap:65,Caap,65,33054,8054,-1825,-1945,7983,5.2,468,275,43,396013
Caap:66,Caap,66,30851,5851,-4591,-4771,5787,5.8,471,281,43,320623
Caap:67,Caap,67,32163,7163,-2471,-2544,7084,5.8,478,284,43,325409
Caap:68,Caap,68,31194,6194,-3487,-3516,6164,5.1,477,284,43,334635
Caap:69,Caap,69,31533,6533,-3561,-3595,6460,5.8,485,286,43,333875
Caap:70,Caap,70,31447,6447,-3601,-3679,6379,5.9,488,286,43,350359
Caap:71,Caap,71,30396,5396,-3420,-3547,5184,6.9,497,296,43,346116
Caap:72,Caap,72,30714,5714,-2900,-2965,5604,7.1,501,301,45,382264
Caap:73,Caap,73,30389,5389,-2030,-2030,5343,8.1,515,291,43,380823
Caap:74,Caap,74,30722,5722,-1572,-1572,5715,8.1,518,292,43,391167
Caap:75,Caap,75,29725,4725,-2139,-2139,4721,9.0,531,287,43,405671
Caap:76,Caap,76,30096,5096,-1437,-1437,5089,9.0,533,284,43,431220
Caap:77,Caap,77,29892,4892,-1152,-1187,4761,9.9,535,283,43,426803
Caap:78,Caap,78,30429,5429,-431,-577,5306,10.8,543,275,43,417332
Caap:79,Caap,79,29196,4196,-2305,-2317,4129,10.1,534,284,43,441702
Caap:80,Caap,80,29289,4289,-2689,-2689,4269,10.1,533,279,42,436968
Caap:81,Caap,81,30250,5250,-2427,-2487,5040,10.2,522,282,40,343744
Caapa:82,Caapa,82,31364,6364,-113,-208,6056,7.5,521,286,35,173829
Caapa:83,Caapa,83,31007,6007,-88,-41,5767,7.9,521,293,35,192343
Caapa:84,Caapa,84,29698,4698,-556,-523,4536,8.1,529,296,35,190889
Caapa:85,Caapa,85,30079,5079,-282,-305,4968,8.8,523,302,34,190751
Caapa:86,Caapa,86,30157,5157,43,39,4833,9.0,526,298,34,195582
Caapa:87,Caapa,87,31132,6132,569,583,5948,9.1,528,296,34,197821
Caapa:88,Caapa,88,29847,4847,-618,-530,4663,10.0,541,290,34,208533
Caapa:89,Caapa,89,30122,5122,-543,-461,4945,9.8,542,282,34,209458
Caapa:90,Caapa,90,30138,5138,-808,-767,4962,9.1,539,281,34,212178
Caapa:91,Caapa,91,30519,5519,-960,-979,5336,9.0,542,270,34,215332
Caapa:92,Caapa,92,30874,5874,-437,-450,5641,9.8,540,270,34,202401
Caapa:93,Caapa,93,29715,4715,-1623,-1626,4564,9.8,543,272,34,212743
Caapa:94,Caapa,94,31282,6282,3,46,6017,9.9,541,264,34,233368
Caapa:95,Caapa,95,30980,5980,-195,-177,5809,10.0,548,260,34,236988
Caapa:96,Caapa,96,30576,5576,-658,-618,5423,9.9,547,257,34,196708
Caapa:97,Caapa,97,30346,5346,-817,-803,5194,9.8,547,255,35,210405
Caapa:98,Caapa,98,30236,5236,-760,-785,5055,10.9,549,253,35,208244
Caapa:99,Caapa,99,30522,5522,-298,-230,5389,10.9,553,249,35,209348
Caapa:100,Caapa,100,31435,6435,391,431,6184,13.0,552,240,35,199612
Caapa:101,Caapa,101,30544,5544,-392,-363,5469,12.1,559,242,35,214054
Caapa:102,Caapa,102,30334,5334,-1132,-1120,4800,12.8,563,238,35,237834
Caapa:103,Caapa,103,30042,5042,-1319,-1312,4622,12.9,560,245,35,223035
Caapa:104,Caapa,104,30585,5585,-698,-729,5106,13.9,557,234,35,228434
Caapa:105,Caapa,105,31231,6231,-126,-147,5896,14.9,552,237,35,231702
Caapp:82,Caapp,82,31534,6534,-1270,-1270,6327,12.2,539,264,35,184943
Caapp:83,Caapp,83,31240,6240,-1069,-1069,5897,11.3,544,259,35,156317
Caapp:84,Caapp,84,30903,5903,-1599,-1599,5375,13.2,547,251,37,211204
Caapp:85,Caapp,85,30142,5142,-2514,-2514,4510,13.2,544,246,36,204860
Caapp:86,Caapp,86,29504,4504,-2742,-2921,3691,14.0,542,244,36,225985
Caapp:87,Caapp,87,29719,4719,-1934,-2070,3842,14.1,542,248,36,230464
Caapp:88,Caapp,88,29171,4171,-2981,-2920,2934,15.0,549,244,34,195628
Caapp:89,Caapp,89,30898,5898,-1614,-1629,5517,14.2,554,248,36,215034
Caapp:90,Caapp,90,30520,5520,-1809,-1851,5032,14.1,555,248,38,257077
Caapp:91,Caapp,91,31339,6339,-947,-974,5886,13.1,559,243,38,274346
Caapp:92,Caapp,92,30801,5801,-884,-904,5393,13.1,558,240,38,279131
Caapp:93,Caapp,93,30563,5563,-1482,-1505,5240,14.1,563,247,36,261512
Caapp:94,Caapp,94,30169,5169,-1882,-1901,4872,14.1,562,243,38,285292
Caapp:95,Caapp,95,30621,5621,-1475,-1510,5305,15.1,564,234,38,289365
Caapp:96,Caapp,96,30527,5527,-1897,-1923,5103,15.0,559,229,38,248655
Caapp:97,Caapp,97,30683,5683,-1230,-1133,5161,15.1,560,232,37,222553
Caapp:98,Caapp,98,29939,4939,-1833,-1809,4488,16.1,558,233,37,221042
Caapp:99,Caapp,99,30954,5954,-691,-673,5715,17.2,558,229,39,248555
Caapp:100,Caapp,100,31435,6435,9,-45,5652,17.2,556,219,39,231019
Caapp:101,Caapp,101,30943,5943,-389,-444,5610,18.1,557,219,37,230070
Caapp:102,Caapp,102,31513,6513,274,289,5446,17.2,556,231,37,217970
Caapp:103,Caapp,103,30650,5650,-995,-974,4452,17.1,557,235,37,230514
Caapp:104,Caapp,104,29896,4896,-1150,-1218,3358,18.0,556,227,37,243664
Caapp:105,Caapp,105,30255,5255,-1232,-1293,3869,19.1,548,226,39,270645
Cap:41,Cap,41,33343,8343,-494,-553,8343,8.9,413,252,58,684982
Cap:42,Cap,42,33309,8309,-985,-891,8256,9.9,441,250,58,794736
Cap:43,Cap,43,34093,9093,-610,-491,9093,7.7,466,258,58,855419
Cap:44,Cap,44,34579,9579,-348,-348,9579,6.9,477,263,58,977374
Cap:45,Cap,45,34945,9945,-145,-146,9945,5.9,469,259,57,969039
Cap:46,Cap,46,35303,10303,-37,-36,10303,5.8,467,272,56,811868
Cap:47,Cap,47,33865,8865,-1393,-1393,8865,5.8,465,273,55,783055
Cap:48,Cap,48,34164,9164,-874,-895,9162,5.8,481,279,54,800593
Cap:49,Cap,49,34431,9431,-1135,-1088,9397,5.9,484,279,53,741785
Cap:50,Cap,50,33605,8605,-1877,-1774,8588,6.3,483,294,52,770010
Cap:51,Cap,51,33336,8336,-2107,-2001,8325,6.2,484,292,52,771975
Cap:52,Cap,52,33188,8188,-2101,-2096,8188,6.2,475,299,53,756210
Cap:53,Cap,53,33060,8060,-2600,-2645,8044,6.0,471,295,51,718489
Cap:54,Cap,54,32169,7169,-3006,-3043,7098,6.1,455,297,54,851694
Cap:55,Cap,55,32920,7920,-2345,-2441,7843,6.2,433,301,52,792738
Cap:56,Cap,56,31766,6766,-3353,-3441,6728,6.3,423,304,52,800622
Cap:57,Cap,57,31644,6644,-2833,-2829,6623,6.9,421,314,52,817827
Cap:58,Cap,58,30284,5284,-2212,-2212,5278,7.1,422,318,34,251589
Capa:59,Capa,59,30544,5544,-3775,-3775,5536,7.1,390,325,35,229708
Capa:60,Capa,60,32836,7836,-2104,-2116,7819,6.8,396,338,49,425070
Capa:61,Capa,61,32172,7172,-2490,-2535,7146,6.9,396,338,45,363780
Capa:62,Capa,62,31975,6975,-2299,-2404,6902,7.2,404,334,43,351800
Capa:63,Capa,63,31303,6303,-2859,-3073,6169,7.9,407,338,43,374796
Capa:64,Capa,64,32641,7641,-1357,-1280,7551,8.0,417,337,43,386256
Capa:65,Capa,65,31547,6547,-2019,-2048,6514,8.1,420,337,43,388200
Capa:66,Capa,66,30843,5843,-2760,-2763,5833,8.9,420,344,43,328662
Capa:67,Capa,67,31603,6603,-1909,-1924,6598,9.2,427,342,43,311665
Capa:68,Capa,68,32654,7654,-1188,-1188,7642,9.1,437,344,43,321063
Capa:69,Capa,69,30842,5842,-1885,-1904,5836,10.2,440,349,45,341371
Capa:70,Capa,70,31522,6522,-949,-977,6453,11.3,450,349,45,330656
Capa:71,Capa,71,29108,4108,-3101,-3158,3987,13.0,454,351,43,342380
Capa:72,Capa,72,29939,4939,-1831,-1916,4848,14.1,459,352,47,414396
Capa:73,Capa,73,31150,6150,-119,-126,6135,15.0,479,339,47,410993
Capa:74,Capa,74,29552,4552,-1994,-2064,4531,16.1,479,341,43,303786
Capa:75,Capa,75,29888,4888,-738,-707,4875,17.1,486,337,43,293684
Capa:76,Capa,76,29947,4947,-703,-734,4912,18.9,486,326,43,306464
Capa:77,Capa,77,30259,5259,-185,-183,5218,20.0,489,320,43,293373
Capa:78,Capa,78,29420,4420,-1017,-1053,4390,19.1,496,316,43,299509
Capa:79,Capa,79,30045,5045,-586,-594,5025,18.3,496,322,45,318351
Capa:80,Capa,80,29209,4209,-1371,-1404,4169,19.1,492,325,46,432841
Capa:81,Capa,81,29673,4673,-1113,-1220,4494,19.1,508,308,42,284884
Capa:82,Capa,82,29729,4729,-847,-943,4550,20.0,516,295,41,242120
Capa:83,Capa,83,29390,4390,-971,-1006,3853,20.2,510,284,39,224620
Capa:84,Capa,84,29927,4927,-603,-612,4330,20.1,502,278,39,220594
Capa:85,Capa,85,30052,5052,-450,-444,4514,20.1,504,277,38,242756
Capa:86,Capa,86,30342,5342,-19,-26,4694,20.0,495,283,36,244236
Capaa:87,Capaa,87,30870,5870,240,255,5520,20.1,468,309,36,182570
Capaa:88,Capaa,88,30066,5066,-211,-253,4908,21.0,468,305,34,157068
Capaa:89,Capaa,89,29126,4126,-1396,-1538,3761,20.2,475,310,38,201154
Capaa:90,Capaa,90,29706,4706,-1240,-1227,4469,21.1,474,303,38,219361
Capaa:91,Capaa,91,29637,4637,-1023,-1097,4272,21.0,475,294,38,217678
Capaa:92,Capaa,92,30308,5308,-758,-788,5135,21.1,479,291,38,222851
Capaa:93,Capaa,93,29407,4407,-1189,-1168,4239,21.1,478,291,38,234505
Capaa:94,Capaa,94,29792,4792,-1463,-1514,4545,21.1,477,283,38,229160
Capaa:95,Capaa,95,30211,5211,-327,-375,4922,21.1,470,288,38,238456
Capaa:96,Capaa,96,29509,4509,-1576,-1670,4147,20.1,475,285,38,206743
Capaa:97,Capaa,97,31186,6186,-60,-118,5706,19.2,471,284,39,201469
Capaa:98,Capaa,98,30002,5002,-1390,-1603,4064,19.1,460,286,39,220645
Capaa:99,Capaa,99,31392,6392,179,-42,5717,20.0,456,291,29,106783
Capaa:100,Capaa,100,30086,5086,-1034,-1240,3728,20.0,457,286,39,246587
Capaa:101,Capaa,101,29952,4952,-944,-1075,3295,20.0,457,286,39,246587
Capaa:102,Capaa,102,30281,5281,-794,-831,3758,19.1,445,283,29,104879
Capaa:103,Capaa,103,30425,5425,-737,-873,3953,19.1,445,283,29,104879
Capaa:104,Capaa,104,30883,5883,31,-245,5025,20.0,437,273,39,245260
Capaa:105,Capaa,105,30052,5052,-1164,-1319,4012,19.1,439,277,39,252239
Capap:87,Capap,87,28305,3305,-2498,-2505,3001,21.0,509,260,34,155947
Capap:88,Capap,88,29230,4230,-1013,-1016,3943,21.0,516,259,36,181332
Capap:89,Capap,89,28803,3803,-1612,-1681,3613,21.1,516,253,38,222570
Capap:90,Capap,90,30171,5171,-343,-343,5087,22.9,514,241,34,158593
Capap:91,Capap,91,30212,5212,-706,-723,5021,22.0,517,248,38,230070
Capap:92,Capap,92,29870,4870,-750,-735,4535,22.0,511,238,38,220788
Capap:93,Capap,93,29870,4870,-911,-964,4410,21.1,509,239,38,232895
Capap:94,Capap,94,31067,6067,575,407,5275,21.0,510,238,38,239667
Capap:95,Capap,95,29884,4884,-638,-542,4158,20.1,503,241,38,228188
Capap:96,Capap,96,29856,4856,-954,-1050,4437,20.1,493,237,38,193607
Capap:97,Capap,97,30055,5055,-759,-716,4459,19.1,493,237,39,212757
Capap:98,Capap,98,29901,4901,-1170,-1075,4453,19.1,482,238,39,213544
Capap:99,Capap,99,30611,5611,-1149,-1086,5233,18.2,478,243,37,189476
Capap:100,Capap,100,30031,5031,-1441,-1499,4710,18.3,476,242,37,189719
Capap:101,Capap,101,28613,3613,-2291,-2238,3381,19.0,475,245,35,170816
Capap:102,Capap,102,30501,5501,-877,-988,5205,19.0,466,249,39,238639
Capap:103,Capap,103,30423,5423,-412,-632,4937,18.1,466,256,39,224058
Capap:104,Capap,104,29683,4683,-1832,-2051,4208,17.3,463,254,39,226127
Capap:105,Capap,105,30263,5263,-1107,-1000,4567,18.1,465,259,37,250682
Capp:59,Capp,59,30347,5347,-3374,-3374,5330,7.2,447,305,31,191590
Capp:60,Capp,60,33957,8957,-239,-275,8930,6.9,467,310,49,419970
Capp:61,Capp,61,32170,7170,-1420,-1563,7132,7.8,485,302,45,363963
Capp:62,Capp,62,31381,6381,-2083,-2302,6293,7.8,495,301,43,367452
Capp:63,Capp,63,30733,5733,-2877,-3108,5680,8.0,494,313,43,403080
Capp:64,Capp,64,30841,5841,-1830,-2010,5748,8.9,498,314,43,400283
Capp:65,Capp,65,30449,5449,-2239,-2335,5434,9.0,491,318,43,398615
Capp:66,Capp,66,30381,5381,-2562,-2592,5360,9.9,486,332,43,314890
Capp:67,Capp,67,30486,5486,-1562,-1582,5432,10.1,501,323,43,343592
Capp:68,Capp,68,30397,5397,-2341,-2332,5368,10.0,504,318,43,349593
Capp:69,Capp,69,30042,5042,-2328,-2348,4986,10.0,502,322,43,347037
Capp:70,Capp,70,30084,5084,-2291,-2322,4877,10.0,503,316,43,362801
Capp:71,Capp,71,30861,5861,-946,-1056,5293,11.0,506,316,43,371467
Capp:72,Capp,72,29821,4821,-1629,-1630,4300,12.2,513,313,45,387581
Capp:73,Capp,73,29919,4919,-1487,-1467,4481,14.0,522,300,45,407025
Capp:74,Capp,74,29886,4886,-1365,-1395,4667,15.0,522,303,43,377962
Capp:75,Capp,75,29749,4749,-952,-979,4465,15.9,529,298,43,396051
Capp:76,Capp,76,30472,5472,-143,-247,5146,15.1,527,302,43,405024
Capp:77,Capp,77,29492,4492,-1118,-1115,4055,16.0,526,296,47,519163
Capp:78,Capp,78,29028,4028,-997,-1185,3338,16.1,532,284,43,392364
Capp:79,Capp,79,29693,4693,-1038,-1357,4059,16.0,530,281,43,397014
Capp:80,Capp,80,29058,4058,-2116,-2221,3607,16.1,518,287,44,445803
Capp:81,Capp,81,29130,4130,-2323,-2708,3429,15.1,507,275,44,332705
Capp:82,Capp,82,29514,4514,-1178,-1291,3974,16.0,501,265,37,248536
Capp:83,Capp,83,29891,4891,-1555,-1577,4205,16.1,523,264,37,230969
Cappa:84,Cappa,84,29292,4292,-1946,-2121,3068,14.3,503,278,29,91752
Cappa:85,Cappa,85,29699,4699,-1643,-1615,4452,14.1,494,274,34,156840
Cappa:86,Cappa,86,30582,5582,-849,-894,5101,14.1,495,279,36,211966
Cappa:87,Cappa,87,29248,4248,-1849,-1818,3686,15.0,495,283,34,195704
Cappa:88,Cappa,88,30343,5343,-568,-716,4625,16.0,506,284,36,225047
Cappa:89,Cappa,89,29535,4535,-1011,-1035,3881,16.2,515,289,36,233831
Cappa:90,Cappa,90,30124,5124,-960,-1033,4389,17.0,519,287,36,244940
Cappa:91,Cappa,91,29605,4605,-1934,-2111,3711,16.1,518,290,36,259992
Cappa:92,Cappa,92,28981,3981,-1948,-1980,3530,16.9,517,281,34,214090
Cappa:93,Cappa,93,30913,5913,-561,-712,5563,16.1,514,288,38,266207
Cappa:94,Cappa,94,29889,4889,-1294,-1374,4532,17.0,509,277,36,254684
Cappa:95,Cappa,95,30540,5540,-464,-535,5267,17.1,512,278,38,290094
Cappa:96,Cappa,96,29764,4764,-1575,-1585,4389,17.1,516,275,36,220801
Cappa:97,Cappa,97,31496,6496,678,574,5692,17.0,517,283,39,283277
Cappa:98,Cappa,98,29380,4380,-1679,-1758,3678,17.9,516,281,35,211676
Cappa:99,Cappa,99,30173,5173,-924,-1139,4172,17.3,515,282,39,258366
Cappa:100,Cappa,100,30497,5497,-1241,-1302,4844,17.2,508,273,39,267780
Cappa:101,Cappa,101,29735,4735,-1997,-2159,4105,16.1,509,277,39,283356
Cappa:102,Cappa,102,29524,4524,-2174,-2331,3989,15.1,501,281,35,240665
Cappa:103,Cappa,103,30014,5014,-2121,-2127,4591,14.2,495,288,37,272181
Cappa:104,Cappa,104,29607,4607,-2787,-2850,3995,14.2,495,275,39,305419
Cappa:105,Cappa,105,30327,5327,-2281,-2302,4990,13.3,496,276,39,296872
Cappp:84,Cappp,84,30585,5585,-476,-514,4396,18.0,548,247,35,188761
Cappp:85,Cappp,85,30119,5119,-1021,-1036,4329,18.0,551,244,34,172155
Cappp:86,Cappp,86,29108,4108,-1938,-1945,2821,18.1,546,243,36,209258
Cappp:87,Cappp,87,30253,5253,-881,-833,3964,18.1,548,245,36,212817
Cappp:88,Cappp,88,31703,6703,1206,1151,5554,18.2,557,237,36,217733
Cappp:89,Cappp,89,29361,4361,-1891,-1955,3829,19.1,548,232,36,240717
Cappp:90,Cappp,90,29531,4531,-1730,-1895,3550,18.2,546,233,38,259746
Cappp:91,Cappp,91,30273,5273,-1687,-1740,4283,18.1,547,238,38,286120
Cappp:92,Cappp,92,31980,6980,423,435,6492,18.0,541,234,38,296396
Cappp:93,Cappp,93,30607,5607,-638,-727,5059,18.0,537,234,36,268722
Cappp:94,Cappp,94,29675,4675,-2233,-2461,3869,18.1,530,230,38,282246
Cappp:95,Cappp,95,30926,5926,-381,-564,5280,18.1,530,229,38,278667
Cappp:96,Cappp,96,30139,5139,-907,-932,4503,18.1,525,228,34,189658
Cappp:97,Cappp,97,31497,6497,184,6,5847,17.2,522,235,37,197402
Cappp:98,Cappp,98,30691,5691,-560,-705,5239,18.1,516,234,37,208203
Cappp:99,Cappp,99,30852,5852,-430,-501,5442,19.1,513,231,37,224707
Cappp:100,Cappp,100,30828,5828,-713,-547,5527,19.1,515,225,39,243287
Cappp:101,Cappp,101,31061,6061,-74,-230,5812,18.2,514,234,37,218404
Cappp:102,Cappp,102,30150,5150,-1621,-1848,4935,18.1,509,241,37,242731
Cappp:103,Cappp,103,30061,5061,-1663,-1671,4887,18.1,507,251,39,270746
Cappp:104,Cappp,104,30311,5311,-1691,-1788,5044,18.1,502,242,39,276691
Cappp:105,Cappp,105,31157,6157,-773,-842,5783,18.1,499,242,39,265294
Cp:29,Cp,29,30846,5846,-4148,-4215,5846,7.8,437,195,62,745026
Cp:30,Cp,30,31058,6058,-3963,-3965,6058,7.6,439,190,62,792825
Cp:31,Cp,31,31151,6151,-3665,-3665,6151,8.7,453,176,61,862002
Cp:32,Cp,32,30548,5548,-3741,-3740,5548,8.9,464,186,60,1023678
Cp:33,Cp,33,30545,5545,-3139,-3284,5545,10.0,454,187,59,1110395
Cp:34,Cp,34,30243,5243,-3461,-3549,5243,10.0,455,174,59,1229740
Cp:35,Cp,35,30005,5005,-4138,-4144,5005,9.7,468,164,58,1312699
Cp:36,Cp,36,30854,5854,-3351,-3352,5854,9.7,470,165,58,1329014
Cp:37,Cp,37,30577,5577,-4414,-4417,5577,8.4,470,170,62,1582449
Cp:38,Cp,38,30828,5828,-3997,-3997,5828,9.0,452,168,62,1678228
Cp:39,Cp,39,30613,5613,-3822,-3822,5613,9.4,456,165,62,1591409
Cp:40,Cp,40,29793,4793,-4233,-4233,4793,9.8,456,167,58,876135
Cpa:41,Cpa,41,32842,7842,-2361,-2413,7842,6.4,435,166,48,429020
Cpa:42,Cpa,42,33756,8756,-950,-1122,8756,6.6,458,166,58,648242
Cpa:43,Cpa,43,34832,9832,-478,-486,9832,6.4,460,170,58,714846
Cpa:44,Cpa,44,34353,9353,-670,-663,9353,6.5,441,168,58,785308
Cpa:45,Cpa,45,34507,9507,-801,-797,9507,6.6,432,159,57,832817
Cpa:46,Cpa,46,35084,10084,-389,-393,10083,6.1,438,156,56,793846
Cpa:47,Cpa,47,35165,10165,-626,-631,10165,6.8,438,158,55,759758
Cpa:48,Cpa,48,33610,8610,-2011,-2026,8610,6.9,427,164,54,776263
Cpa:49,Cpa,49,34435,9435,-1344,-1344,9435,6.5,431,175,55,755946
Cpa:50,Cpa,50,34100,9100,-1453,-1453,9100,6.5,431,171,54,775979
Cpa:51,Cpa,51,33429,8429,-2141,-2141,8429,6.4,435,164,54,773018
Cpa:52,Cpa,52,32674,7674,-3231,-3231,7673,6.3,444,160,53,731455
Cpa:53,Cpa,53,33452,8452,-2252,-2252,8451,6.3,433,158,53,762951
Cpa:54,Cpa,54,31609,6609,-3669,-3671,6607,7.1,421,166,54,860717
Cpa:55,Cpa,55,32002,7002,-3059,-3060,7002,7.4,425,180,54,812227
Cpa:56,Cpa,56,29937,4937,-5290,-5290,4937,7.8,421,190,52,600654
Cpaa:57,Cpaa,57,31047,6047,-3942,-3942,6045,7.1,419,164,38,249568
Cpaa:58,Cpaa,58,32634,7634,-2229,-2229,7634,6.3,411,176,48,365101
Cpaa:59,Cpaa,59,32423,7423,-2930,-2930,7423,6.4,415,172,49,393091
Cpaa:60,Cpaa,60,31896,6896,-3204,-3236,6888,6.1,429,172,49,430508
Cpaa:61,Cpaa,61,32066,7066,-2972,-2992,7058,6.0,434,158,45,371925
Cpaa:62,Cpaa,62,32399,7399,-2549,-2606,7337,6.1,432,152,43,356866
Cpaa:63,Cpaa,63,32230,7230,-2932,-3068,6925,6.2,434,145,45,389574
Cpaa:64,Cpaa,64,32223,7223,-3758,-4097,7141,6.2,438,153,47,462071
Cpaa:65,Cpaa,65,31563,6563,-4310,-4410,6548,6.2,445,158,45,387297
Cpaa:66,Cpaa,66,31402,6402,-3310,-3459,6378,7.0,445,162,45,333372
Cpaa:67,Cpaa,67,31005,6005,-5106,-5117,5991,6.2,452,158,47,383505
Cpaa:68,Cpaa,68,30483,5483,-5269,-5291,5474,6.2,450,161,47,393030
Cpaa:69,Cpaa,69,31270,6270,-4137,-4151,6261,6.2,439,165,47,398239
Cpaa:70,Cpaa,70,31550,6550,-4336,-4373,6546,6.2,441,161,45,328590
Cpaa:71,Cpaa,71,31583,6583,-3482,-3579,6577,6.2,444,169,47,402214
Cpaa:72,Cpaa,72,30541,5541,-5057,-5073,5538,6.2,445,183,47,413449
Cpaa:73,Cpaa,73,30113,5113,-5427,-5427,5113,6.1,445,179,43,345605
Cpaa:74,Cpaa,74,31183,6183,-4408,-4408,6183,6.1,452,185,45,395200
Cpaa:75,Cpaa,75,29438,4438,-5636,-5636,4438,6.9,456,188,43,374869
Cpaa:76,Cpaa,76,28179,3179,-4072,-4072,3179,7.1,455,184,29,156970
Cpaaa:77,Cpaaa,77,30720,5720,-3905,-3876,5701,6.4,411,186,33,160434
Cpaaa:78,Cpaaa,78,31362,6362,-3915,-3987,6333,7.0,416,197,37,229601
Cpaaa:79,Cpaaa,79,30182,5182,-3838,-4148,5063,6.9,421,193,43,285570
Cpaaa:80,Cpaaa,80,32435,7435,-2579,-2697,7325,5.9,430,194,42,298991
Cpaaa:81,Cpaaa,81,31463,6463,-3745,-3745,6447,5.8,424,185,40,218011
Cpaaa:82,Cpaaa,82,31271,6271,-3438,-3438,6265,5.1,417,176,41,220553
Cpaaa:83,Cpaaa,83,32672,7672,-2538,-2646,7386,5.2,416,173,39,216068
Cpaaa:84,Cpaaa,84,31458,6458,-3616,-3865,5714,5.1,410,189,39,218874
Cpaaa:85,Cpaaa,85,31407,6407,-2595,-2821,6052,5.0,408,192,38,218865
Cpaaa:86,Cpaaa,86,31437,6437,-3603,-3622,6236,5.3,416,195,38,219582
Cpaaa:87,Cpaaa,87,32340,7340,-3162,-3156,7258,5.3,422,195,38,231525
Cpaaa:88,Cpaaa,88,31982,6982,-4037,-4037,6973,5.2,415,203,38,232527
Cpaaa:89,Cpaaa,89,32469,7469,-4143,-4143,7455,5.1,408,201,38,249936
Cpaaa:90,Cpaaa,90,31421,6421,-5157,-5157,6398,5.2,410,205,36,222682
Cpaaa:91,Cpaaa,91,31709,6709,-3948,-3948,6673,5.1,408,197,38,247484
Cpaaa:92,Cpaaa,92,31856,6856,-3815,-3815,6828,5.2,405,192,38,251553
Cpaaa:93,Cpaaa,93,31211,6211,-4605,-4606,6189,5.2,408,193,38,265193
Cpaaa:94,Cpaaa,94,32223,7223,-3606,-3607,7200,5.3,414,188,38,269522
Cpaaa:95,Cpaaa,95,32170,7170,-3852,-3852,7155,5.2,411,197,38,276704
Cpaaa:96,Cpaaa,96,31953,6953,-4575,-4575,6930,5.2,404,195,38,229576
Cpaaa:97,Cpaaa,97,32880,7880,-3347,-3347,7870,5.2,411,195,39,244589
Cpaaa:98,Cpaaa,98,31696,6696,-4081,-4092,6677,5.1,408,193,39,258077
Cpaaa:99,Cpaaa,99,32382,7382,-3595,-3595,7373,5.1,407,194,39,262985
Cpaaa:100,Cpaaa,100,32120,7120,-4001,-3995,7102,5.1,411,187,39,267582
Cpaaa:101,Cpaaa,101,32480,7480,-3914,-3915,7361,5.2,413,184,39,278771
Cpaaa:102,Cpaaa,102,33398,8398,-2418,-2419,8348,5.1,418,183,39,286438
Cpaaa:103,Cpaaa,103,32573,7573,-3406,-3406,7366,5.0,426,178,39,290904
Cpaaa:104,Cpaaa,104,32812,7812,-2849,-2850,7622,5.0,426,173,37,269550
Cpaaa:105,Cpaaa,105,32884,7884,-2691,-2688,7802,4.5,419,175,39,314273
Cpaap:77,Cpaap,77,30903,5903,-2445,-2538,5744,7.2,485,176,31,176162
Cpaap:78,Cpaap,78,30751,5751,-3765,-3927,5631,7.2,498,178,37,237068
Cpaap:79,Cpaap,79,31473,6473,-2126,-2255,6422,7.8,507,177,43,288235
Cpaap:80,Cpaap,80,30805,5805,-3127,-3187,5693,7.1,512,176,42,298245
Cpaap:81,Cpaap,81,30855,5855,-3551,-3689,5625,7.0,506,170,40,235684
Cpaap:82,Cpaap,82,32112,7112,-2831,-3185,6891,6.3,499,169,41,221297
Cpaap:83,Cpaap,83,33164,8164,-1822,-2200,7911,6.2,493,163,39,213208
Cpaap:84,Cpaap,84,32325,7325,-3165,-3545,7181,6.2,496,164,39,212616
Cpaap:85,Cpaap,85,31577,6577,-3457,-3567,6440,7.1,492,163,38,230081
Cpaap:86,Cpaap,86,31036,6036,-4288,-4377,5979,7.0,492,158,38,234354
Cpaap:87,Cpaap,87,30920,5920,-4468,-4538,5796,7.1,499,159,38,244423
Cpaap:88,Cpaap,88,31257,6257,-4178,-4219,6203,7.1,494,166,38,242928
Cpaap:89,Cpaap,89,30805,5805,-4692,-4692,5781,7.2,489,163,38,255568
Cpaap:90,Cpaap,90,31106,6106,-4238,-4238,6082,7.1,486,166,38,268311
Cpaap:91,Cpaap,91,30358,5358,-4932,-4932,5348,7.0,487,161,38,276153
Cpaap:92,Cpaap,92,31327,6327,-3968,-3968,6318,7.0,480,156,38,277072
Cpaap:93,Cpaap,93,31509,6509,-4312,-4312,6496,6.4,490,168,38,259772
Cpaap:94,Cpaap,94,31388,6388,-4863,-4863,6384,7.1,493,166,38,288635
Cpaap:95,Cpaap,95,31264,6264,-4451,-4451,6257,7.2,492,169,38,297295
Cpaap:96,Cpaap,96,30767,5767,-4202,-4202,5756,7.3,494,160,38,238556
Cpaap:97,Cpaap,97,31797,6797,-2555,-2555,6791,7.2,498,164,37,231691
Cpaap:98,Cpaap,98,31203,6203,-3840,-3842,6176,7.3,500,169,39,260549
Cpaap:99,Cpaap,99,30171,5171,-4765,-4765,5168,7.3,501,166,39,260795
Cpaap:100,Cpaap,100,30721,5721,-3449,-3421,5702,8.1,503,157,39,286576
Cpaap:101,Cpaap,101,30992,5992,-2586,-2636,5975,9.0,505,161,39,311392
Cpaap:102,Cpaap,102,30817,5817,-2368,-2410,5793,9.3,505,161,39,282869
Cpaap:103,Cpaap,103,30865,5865,-2415,-2421,5844,9.3,508,165,39,286010
Cpaap:104,Cpaap,104,30578,5578,-2292,-2281,5552,9.2,509,158,39,295307
Cpaap:105,Cpaap,105,30397,5397,-2056,-2056,5385,9.3,514,153,39,299515
Cpap:57,Cpap,57,32132,7132,-2289,-2289,7132,6.4,449,227,34,184578
Cpap:58,Cpap,58,33549,8549,-2137,-2137,8549,5.4,459,231,42,251052
Cpap:59,Cpap,59,32634,7634,-1947,-1961,7622,6.1,475,233,51,442434
Cpap:60,Cpap,60,33189,8189,-1392,-1626,8021,6.0,498,230,49,455216
Cpap:61,Cpap,61,32813,7813,-2881,-2903,7808,6.1,508,227,45,382620
Cpap:62,Cpap,62,33344,8344,-1900,-1908,8337,6.1,513,224,43,347027
Cpap:63,Cpap,63,30850,5850,-4158,-4158,5849,6.8,512,226,43,358288
Cpap:64,Cpap,64,31424,6424,-3536,-3541,6424,7.0,513,224,47,484591
Cpap:65,Cpap,65,32331,7331,-2882,-2882,7331,6.2,521,227,45,396715
Cpap:66,Cpap,66,31154,6154,-3634,-3634,6152,7.1,523,226,47,397919
Cpap:67,Cpap,67,31831,6831,-3207,-3218,6829,7.0,525,219,47,404208
Cpap:68,Cpap,68,30989,5989,-4233,-4233,5989,6.9,522,214,43,318310
Cpap:69,Cpap,69,32413,7413,-2900,-2900,7413,5.4,511,208,47,364737
Cpap:70,Cpap,70,31223,6223,-4132,-4132,6220,6.0,511,206,43,329790
Cpap:71,Cpap,71,31888,6888,-3497,-3621,6867,6.1,510,216,47,434642
Cpap:72,Cpap,72,32422,7422,-2782,-2782,7412,5.3,504,230,45,343479
Cpap:73,Cpap,73,30704,5704,-4420,-4652,5562,6.9,512,225,43,346464
Cpap:74,Cpap,74,29408,4408,-5006,-5008,4408,7.0,517,226,43,381518
Cpap:75,Cpap,75,29959,4959,-4461,-4461,4959,7.1,528,213,45,438750
Cpap:76,Cpap,76,29947,4947,-4420,-4420,4943,8.0,523,210,41,380380
Cpapa:77,Cpapa,77,32704,7704,-2298,-2363,7589,6.2,518,204,35,199963
Cpapa:78,Cpapa,78,33346,8346,-1328,-1462,8252,6.1,530,211,43,291166
Cpapa:79,Cpapa,79,32257,7257,-2727,-2814,7189,6.2,536,216,41,272167
Cpapa:80,Cpapa,80,32179,7179,-2023,-2357,7066,6.8,540,212,42,296905
Cpapa:81,Cpapa,81,32689,7689,-2180,-2415,7571,5.9,530,205,40,226535
Cpapa:82,Cpapa,82,32078,7078,-2365,-2703,6884,6.0,533,192,37,191965
Cpapa:83,Cpapa,83,31748,6748,-2695,-2729,6549,6.2,532,180,37,200803
Cpapa:84,Cpapa,84,30483,5483,-3035,-3250,5295,7.2,539,171,39,226476
Cpapa:85,Cpapa,85,29635,4635,-4167,-4172,4566,7.3,543,167,36,200326
Cpapa:86,Cpapa,86,29285,4285,-3318,-3300,4233,8.2,545,162,38,225207
Cpapa:87,Cpapa,87,30408,5408,-1893,-1962,5246,9.3,545,153,38,232747
Cpapa:88,Cpapa,88,30357,5357,-1719,-1758,5219,9.2,542,155,38,252362
Cpapa:89,Cpapa,89,29364,4364,-3071,-3055,4139,9.2,543,152,36,250458
Cpapa:90,Cpapa,90,29439,4439,-2874,-2874,4343,9.1,540,152,38,273964
Cpapa:91,Cpapa,91,29942,4942,-2801,-2860,4627,10.1,536,149,36,256750
Cpapa:92,Cpapa,92,29429,4429,-3467,-3470,4349,10.0,534,146,38,280744
Cpapa:93,Cpapa,93,30094,5094,-2460,-2460,4994,10.2,535,148,38,305564
Cpapa:94,Cpapa,94,29678,4678,-3078,-3078,4592,11.2,541,151,38,304539
Cpapa:95,Cpapa,95,30183,5183,-2575,-2575,5149,11.1,543,151,36,282117
Cpapa:96,Cpapa,96,30927,5927,-2531,-2531,5887,11.3,541,150,38,249909
Cpapa:97,Cpapa,97,30334,5334,-2088,-2088,5297,12.3,544,151,39,263401
Cpapa:98,Cpapa,98,29469,4469,-3134,-3142,4424,13.1,543,154,39,266713
Cpapa:99,Cpapa,99,30420,5420,-2126,-2129,5353,14.1,543,155,39,274857
Cpapa:100,Cpapa,100,30622,5622,-1756,-1756,5492,15.0,539,142,39,296460
Cpapa:101,Cpapa,101,29576,4576,-2515,-2520,4481,15.1,542,147,39,288666
Cpapa:102,Cpapa,102,29071,4071,-3099,-3147,3949,16.1,547,157,39,292572
Cpapa:103,Cpapa,103,30192,5192,-1903,-1903,5155,16.1,544,153,37,285962
Cpapa:104,Cpapa,104,30663,5663,-1336,-1299,5554,16.0,539,148,39,319573
Cpapa:105,Cpapa,105,29395,4395,-2305,-2339,4188,17.1,536,148,37,294847
Cpapp:77,Cpapp,77,30685,5685,-977,-998,5426,11.2,554,209,35,215892
Cpapp:78,Cpapp,78,31198,6198,57,-218,5793,12.0,560,208,41,308849
Cpapp:79,Cpapp,79,30043,5043,-936,-1100,4860,12.0,565,218,43,322747
Cpapp:80,Cpapp,80,30546,5546,-410,-523,5332,12.1,569,222,42,332965
Cpapp:81,Cpapp,81,30780,5780,-622,-708,5682,11.0,570,222,40,262593
Cpapp:82,Cpapp,82,30124,5124,-1473,-1473,5022,10.0,569,209,37,218899
Cpapp:83,Cpapp,83,29931,4931,-2092,-2092,4868,9.9,569,206,35,194342
Cpapp:84,Cpapp,84,29919,4919,-1869,-1868,4719,10.2,569,208,37,230846
Cpapp:85,Cpapp,85,30365,5365,-1462,-1475,5162,11.1,567,203,38,253386
Cpapp:86,Cpapp,86,29559,4559,-2655,-2693,4151,12.1,567,206,36,240052
Cpapp:87,Cpapp,87,29682,4682,-2500,-2502,4454,12.2,569,206,36,238924
Cpapp:88,Cpapp,88,28750,3750,-2792,-2792,3539,13.1,569,193,36,255029
Cpapp:89,Cpapp,89,30343,5343,-1238,-1236,5210,13.0,568,199,38,273268
Cpapp:90,Cpapp,90,29733,4733,-2520,-2548,4131,12.2,569,196,36,260976
Cpapp:91,Cpapp,91,30042,5042,-1852,-1817,4713,12.1,569,191,36,262411
Cpapp:92,Cpapp,92,30070,5070,-1969,-2006,4771,12.1,566,187,38,308928
Cpapp:93,Cpapp,93,30022,5022,-1495,-1435,4858,13.2,570,192,36,277482
Cpapp:94,Cpapp,94,29615,4615,-2451,-2467,4436,15.0,571,192,36,305245
Cpapp:95,Cpapp,95,30430,5430,-1178,-1188,5259,15.2,568,184,36,297069
Cpapp:96,Cpapp,96,30272,5272,-1417,-1284,5099,16.1,568,180,36,255847
Cpapp:97,Cpapp,97,29562,4562,-1363,-1238,4242,17.1,568,187,37,266941
Cpapp:98,Cpapp,98,30982,5982,-333,-346,5799,18.1,564,186,37,276544
Cpapp:99,Cpapp,99,29394,4394,-1590,-1573,4034,19.1,558,178,37,264064
Cpapp:100,Cpapp,100,30334,5334,-1222,-1227,4838,19.2,551,171,39,295672
Cpapp:101,Cpapp,101,30124,5124,-789,-830,4793,20.0,554,176,39,301683
Cpapp:102,Cpapp,102,30313,5313,-1145,-1242,4954,20.2,551,190,39,290857
Cpapp:103,Cpapp,103,30530,5530,-636,-559,5274,20.2,552,194,39,309520
Cpapp:104,Cpapp,104,30081,5081,-1384,-1332,4582,20.3,542,178,39,311501
Cpapp:105,Cpapp,105,30151,5151,-559,-566,4858,21.2,539,177,39,308810
Cpp:41,Cpp,41,31910,6910,-1393,-1430,6910,9.6,499,178,58,685383
Cpp:42,Cpp,42,32833,7833,-1054,-1069,7833,8.7,516,188,58,737883
Cpp:43,Cpp,43,32979,7979,-140,-192,7979,9.9,549,195,58,902246
Cpp:44,Cpp,44,33441,8441,799,713,8441,9.6,550,202,58,972233
Cpp:45,Cpp,45,34008,9008,233,232,9008,8.5,540,196,57,939405
Cpp:46,Cpp,46,33413,8413,-815,-815,8413,8.1,541,193,56,880305
Cpp:47,Cpp,47,33613,8613,63,63,8613,8.8,538,184,55,819020
Cpp:48,Cpp,48,32474,7474,-1069,-1069,7474,8.3,541,193,54,846518
Cpp:49,Cpp,49,32319,7319,-727,-727,7319,8.1,540,191,53,810535
Cpp:50,Cpp,50,33252,8252,-1045,-1045,8252,8.0,534,198,52,798225
Cpp:51,Cpp,51,32152,7152,-2435,-2435,7152,8.1,534,200,52,797807
Cpp:52,Cpp,52,32635,7635,-2154,-2154,7635,7.3,526,200,53,775792
Cpp:53,Cpp,53,31830,6830,-2269,-2269,6830,8.9,524,211,51,734739
Cpp:54,Cpp,54,31011,6011,-2575,-2575,6011,9.2,525,205,52,822420
Cpp:55,Cpp,55,30835,5835,-2769,-2769,5835,8.3,521,219,52,846491
Cpp:56,Cpp,56,30877,5877,-3172,-3172,5877,8.0,524,234,52,852221
Cpp:57,Cpp,57,29706,4706,-3905,-3905,4706,8.2,523,247,52,844572
Cpp:58,Cpp,58,29903,4903,-2952,-2952,4903,9.0,531,245,52,691533
Cppa:59,Cppa,59,32213,7213,-244,-352,7192,8.1,537,217,49,440120
Cppa:60,Cppa,60,30920,5920,-994,-1023,5902,9.2,544,191,49,441612
Cppa:61,Cppa,61,30750,5750,-556,-572,5746,10.0,555,186,45,375592
Cppa:62,Cppa,62,30268,5268,-1121,-1149,5242,11.0,559,185,43,381299
Cppa:63,Cppa,63,30070,5070,-1447,-1545,5027,11.9,561,196,43,395312
Cppa:64,Cppa,64,29584,4584,-1239,-1255,4576,13.0,563,201,43,402307
Cppa:65,Cppa,65,30437,5437,-1058,-1013,5412,13.0,563,198,43,427440
Cppa:66,Cppa,66,31110,6110,-335,-323,6098,13.0,564,207,43,346120
Cppa:67,Cppa,67,29537,4537,-2121,-2122,4505,13.0,560,202,43,353916
Cppa:68,Cppa,68,29802,4802,-1472,-1472,4797,13.1,564,184,45,374915
Cppa:69,Cppa,69,29869,4869,-1464,-1477,4862,11.3,558,175,45,353056
Cppa:70,Cppa,70,29737,4737,-2081,-2120,4730,11.1,557,174,43,358176
Cppa:71,Cppa,71,29527,4527,-1999,-1992,4506,11.1,547,174,43,354953
Cppa:72,Cppa,72,30030,5030,-1275,-1255,5024,12.1,553,176,45,408583
Cppa:73,Cppa,73,29332,4332,-1882,-1902,4306,13.2,558,169,45,417456
Cppa:74,Cppa,74,28932,3932,-1397,-1333,3897,15.1,558,169,45,405336
Cppa:75,Cppa,75,28389,3389,-2266,-2220,3351,16.9,551,152,43,366378
Cppa:76,Cppa,76,29555,4555,-806,-801,4552,16.9,549,152,43,369496
Cppa:77,Cppa,77,28793,3793,-1887,-1888,3791,17.1,545,145,43,372390
Cppa:78,Cppa,78,29833,4833,-814,-854,4768,17.9,544,146,43,388022
Cppa:79,Cppa,79,29076,4076,-951,-967,4030,18.0,547,145,43,405911
Cppa:80,Cppa,80,29788,4788,-1044,-1196,4564,17.0,558,159,42,410025
Cppa:81,Cppa,81,28710,3710,-2373,-2441,3576,16.0,564,167,40,324430
Cppa:82,Cppa,82,28928,3928,-1281,-1335,3788,17.1,566,165,41,313851
Cppa:83,Cppa,83,29514,4514,-709,-706,4330,18.2,561,166,39,278197
Cppa:84,Cppa,84,29067,4067,-1239,-1253,3743,20.1,544,160,39,278774
Cppa:85,Cppa,85,29388,4388,-1138,-1101,3946,20.1,538,158,38,279871
Cppa:86,Cppa,86,28856,3856,-1855,-1861,3755,21.0,539,163,38,292316
Cppa:87,Cppa,87,29439,4439,-1001,-1026,4299,21.1,533,176,38,277827
Cppa:88,Cppa,88,29848,4848,-574,-574,4595,21.1,526,174,38,277296
Cppa:89,Cppa,89,29709,4709,-187,-210,4510,20.1,519,176,34,237982
Cppaa:90,Cppaa,90,29605,4605,-1777,-1716,4315,22.0,483,164,34,156930
Cppaa:91,Cppaa,91,30613,5613,-491,-511,5235,22.0,480,169,36,183186
Cppaa:92,Cppaa,92,31479,6479,585,531,6258,22.1,473,162,38,190448
Cppaa:93,Cppaa,93,30969,5969,440,513,5728,22.1,457,167,36,173679
Cppaa:94,Cppaa,94,30988,5988,363,498,5535,23.0,457,161,34,153928
Cppaa:95,Cppaa,95,29443,4443,-915,-969,4178,23.0,452,166,36,192758
Cppaa:96,Cppaa,96,29325,4325,-1619,-1667,3537,22.2,446,164,36,156470
Cppaa:97,Cppaa,97,30349,5349,-256,-255,4491,22.1,437,160,37,159830
Cppaa:98,Cppaa,98,30293,5293,224,64,4148,22.0,429,154,29,75420
Cppaa:99,Cppaa,99,29680,4680,-984,-1048,3795,22.1,421,169,39,197496
Cppaa:100,Cppaa,100,31174,6174,998,865,5505,21.1,408,167,39,182930
Cppaa:101,Cppaa,101,29424,4424,-1291,-1533,2872,21.1,413,168,39,193639
Cppaa:102,Cppaa,102,30106,5106,-701,-775,3094,21.1,409,173,39,216740
Cppaa:103,Cppaa,103,29520,4520,-1291,-1374,3243,21.1,409,173,39,216740
Cppaa:104,Cppaa,104,29170,4170,-1377,-1401,3408,21.0,411,185,39,254793
Cppaa:105,Cppaa,105,29162,4162,-1480,-1668,2984,21.0,410,189,39,233093
Cppap:90,Cppap,90,29925,4925,-640,-653,4366,20.0,542,190,34,223822
Cppap:91,Cppap,91,30247,5247,-362,-425,4645,20.0,537,190,35,223822
Cppap:92,Cppap,92,30728,5728,-10,-20,4529,20.0,532,189,36,223822
Cppap:93,Cppap,93,29807,4807,-1031,-1071,3397,20.0,526,188,38,299525
Cppap:94,Cppap,94,30884,5884,-332,-516,4315,21.1,523,183,38,288070
Cppap:95,Cppap,95,29959,4959,-819,-848,3418,20.1,520,185,38,274375
Cppap:96,Cppap,96,29033,4033,-1890,-1803,1628,20.1,513,189,38,225141
Cppap:97,Cppap,97,30392,5392,-372,-616,4400,19.3,503,184,29,85361
Cppap:98,Cppap,98,29954,4954,-1479,-1552,4520,19.1,489,187,37,185821
Cppap:99,Cppap,99,30109,5109,-1336,-1387,4788,18.4,483,189,37,160291
Cppap:100,Cppap,100,30571,5571,-521,-660,5245,19.0,480,185,35,152276
Cppap:101,Cppap,101,30390,5390,-297,-313,5163,18.8,475,184,35,171346
Cppap:102,Cppap,102,31011,6011,-524,-593,5819,18.2,471,192,37,188644
Cppap:103,Cppap,103,31122,6122,-495,-548,5891,17.3,469,200,39,205820
Cppap:104,Cppap,104,29503,4503,-1908,-1825,4286,17.9,463,190,35,178266
Cppap:105,Cppap,105,30838,5838,-480,-473,5568,18.1,455,198,39,210703
Cppp:59,Cppp,59,30630,5630,-1983,-2145,5578,8.5,516,265,49,399201
Cppp:60,Cppp,60,31578,6578,-1291,-1419,6308,9.1,519,260,49,462700
Cppp:61,Cppp,61,31223,6223,-1716,-1733,6184,9.9,529,274,45,388145
Cppp:62,Cppp,62,30712,5712,-1091,-1245,5609,9.1,533,276,45,390915
Cppp:63,Cppp,63,29312,4312,-2662,-2738,4222,9.9,530,288,43,391509
Cppp:64,Cppp,64,29867,4867,-1792,-1983,4768,10.1,534,288,43,403776
Cppp:65,Cppp,65,29881,4881,-2062,-2112,4859,10.9,533,290,43,394856
Cppp:66,Cppp,66,29778,4778,-1664,-1694,4765,10.0,529,296,43,332971
Cppp:67,Cppp,67,29898,4898,-1838,-1828,4876,9.2,535,282,45,355720
Cppp:68,Cppp,68,30598,5598,-1264,-1326,5594,10.0,543,273,43,332546
Cppp:69,Cppp,69,30370,5370,-1877,-1876,5369,9.1,540,263,45,364790
Cppp:70,Cppp,70,29605,4605,-3426,-3426,4596,10.0,538,254,43,356417
Cppp:71,Cppp,71,30337,5337,-2238,-2323,5262,10.2,536,247,47,442957
Cppp:72,Cppp,72,29772,4772,-2639,-2639,4706,11.0,535,245,43,370566
Cppp:73,Cppp,73,30018,5018,-1840,-1979,4634,11.2,535,236,45,367578
Cppp:74,Cppp,74,29935,4935,-2057,-2067,4796,13.1,539,228,45,399873
Cppp:75,Cppp,75,29497,4497,-2096,-2097,4417,14.1,549,216,45,400496
Cppp:76,Cppp,76,29647,4647,-1228,-1227,4647,16.0,554,219,45,435785
Cppp:77,Cppp,77,29351,4351,-1463,-1508,3257,16.2,554,204,47,504574
Cppp:78,Cppp,78,29094,4094,-2158,-2252,2978,15.1,548,191,47,528591
Cppp:79,Cppp,79,29738,4738,-1891,-2238,4513,14.1,541,187,45,426447
Cppp:80,Cppp,80,29627,4627,-2208,-2472,4250,14.0,540,191,44,455780
Cppp:81,Cppp,81,30174,5174,-1906,-2009,4755,13.1,533,199,40,301878
Cppp:82,Cppp,82,30064,5064,-1320,-1418,4972,14.0,531,189,41,306819
Cppp:83,Cppp,83,29277,4277,-1716,-1716,4064,14.0,533,188,35,224732
Cpppa:84,Cpppa,84,31130,6130,-602,-656,5890,13.1,516,184,33,148785
Cpppa:85,Cpppa,85,30145,5145,-1513,-1504,4547,12.3,511,174,32,142904
Cpppa:86,Cpppa,86,29695,4695,-1967,-1972,4463,13.1,510,173,34,180989
Cpppa:87,Cpppa,87,30758,5758,-1571,-1586,5346,13.0,515,172,34,188429
Cpppa:88,Cpppa,88,29959,4959,-1920,-1920,4596,13.8,519,167,34,185569
Cpppa:89,Cpppa,89,30874,5874,-677,-681,5285,13.2,523,161,36,228600
Cpppa:90,Cpppa,90,28292,3292,-3861,-3886,2686,14.0,525,152,34,207734
Cpppa:91,Cpppa,91,29899,4899,-2366,-2435,3659,14.1,526,141,36,241178
Cpppa:92,Cpppa,92,30521,5521,-1314,-1298,5096,15.0,517,129,38,278199
Cpppa:93,Cpppa,93,30920,5920,-812,-819,5408,15.1,519,136,36,261346
Cpppa:94,Cpppa,94,30449,5449,-1198,-1227,5142,16.0,521,132,34,225053
Cpppa:95,Cpppa,95,29073,4073,-1774,-1811,3848,16.1,513,128,34,230764
Cpppa:96,Cpppa,96,30018,5018,-1553,-1579,4769,17.0,507,129,34,194651
Cpppa:97,Cpppa,97,29504,4504,-1558,-1541,4305,17.1,505,129,35,188400
Cpppa:98,Cpppa,98,30720,5720,-659,-750,5417,16.0,502,128,35,199099
Cpppa:99,Cpppa,99,29794,4794,-2129,-2080,4622,16.2,492,135,37,231733
Cpppa:100,Cpppa,100,30123,5123,-1494,-1423,4923,17.2,485,130,37,230666
Cpppa:101,Cpppa,101,31064,6064,-697,-727,5893,16.3,485,135,37,235791
Cpppa:102,Cpppa,102,30626,5626,-1381,-1378,5457,17.2,480,144,37,238384
Cpppa:103,Cpppa,103,30398,5398,-790,-846,5280,17.9,477,151,35,202154
Cpppa:104,Cpppa,104,30221,5221,-1868,-1936,4970,17.0,470,142,39,282355
Cpppa:105,Cpppa,105,29662,4662,-2759,-2852,4518,16.3,466,146,39,243150
Cpppp:84,Cpppp,84,31279,6279,115,121,5760,15.3,559,193,33,170831
Cpppp:85,Cpppp,85,30252,5252,-951,-951,4560,16.2,562,191,34,199452
Cpppp:86,Cpppp,86,31067,6067,-336,-326,5196,16.4,563,194,36,228150
Cpppp:87,Cpppp,87,30543,5543,-588,-596,4947,17.1,564,198,38,263975
Cpppp:88,Cpppp,88,30560,5560,-868,-878,4797,18.1,565,188,38,270781
Cpppp:89,Cpppp,89,29983,4983,-1043,-1102,4293,18.0,560,185,36,265009
Cpppp:90,Cpppp,90,30758,5758,-453,-589,4224,16.1,563,196,38,298999
Cpppp:91,Cpppp,91,30137,5137,-1629,-1791,4052,16.0,554,199,38,318896
Cpppp:92,Cpppp,92,30850,5850,-1663,-1736,4825,16.0,545,188,36,305161
Cpppp:93,Cpppp,93,30497,5497,-1256,-1609,4715,17.1,541,190,38,326872
Cpppp:94,Cpppp,94,30648,5648,-1312,-1762,4653,18.1,537,186,36,285731
Cpppp:95,Cpppp,95,29444,4444,-1849,-2144,3014,18.0,532,183,36,283526
Cpppp:96,Cpppp,96,31655,6655,587,197,6012,18.1,528,183,38,265894
Cpppp:97,Cpppp,97,31264,6264,105,29,5270,18.2,529,179,39,241565
Cpppp:98,Cpppp,98,30547,5547,-1211,-1364,4983,19.0,522,178,37,236376
Cpppp:99,Cpppp,99,29927,4927,-1284,-1667,4432,19.0,518,180,35,196682
Cpppp:100,Cpppp,100,30262,5262,-685,-833,4552,19.1,514,171,35,194989
Cpppp:101,Cpppp,101,30076,5076,-1241,-1391,4771,19.0,513,174,35,208543
Cpppp:102,Cpppp,102,30736,5736,-818,-987,5401,19.1,511,181,37,249952
Cpppp:103,Cpppp,103,31322,6322,-854,-1001,6067,18.2,511,194,37,249697
Cpppp:104,Cpppp,104,31495,6495,-118,-276,6165,18.2,506,187,39,250527
Cpppp:105,Cpppp,105,31059,6059,-752,-801,5860,18.3,498,190,37,234106
P3:18,P3,18,29091,4091,-2586,-2882,4039,12.0,514,201,51,602226
P3:19,P3,19,30011,5011,-3081,-3086,5011,11.9,535,233,51,577009
P3:20,P3,20,29504,4504,-2195,-2212,4504,16.5,553,228,59,871116
P3:21,P3,21,29608,4608,-1830,-1823,4608,17.5,559,219,58,1039948
P3:22,P3,22,30278,5278,-2367,-2367,5278,14.6,559,221,59,1233010
P3:23,P3,23,29311,4311,-3208,-3208,4311,11.5,553,166,59,1326106
P3:24,P3,24,29149,4149,-3162,-3162,4149,12.1,539,141,58,1465978
P3:25,P3,25,29413,4413,-3735,-3735,4413,11.6,533,142,61,1673798
P3:26,P3,26,28635,3635,-4501,-4501,3635,10.1,528,147,61,1709972
P3:27,P3,27,29376,4376,-4387,-4387,4376,10.3,521,147,63,1836729
P3:28,P3,28,29227,4227,-4694,-4723,4227,9.9,513,154,61,1727816
P3:29,P3,29,28475,3475,-4698,-4704,3475,11.3,535,171,62,1880334
P3:30,P3,30,28570,3570,-4282,-4276,3570,11.5,541,178,62,1835753
P3:31,P3,31,28858,3858,-3666,-3659,3858,12.8,545,197,61,1158728
P3:32,P3,32,29303,4303,-2997,-3036,4303,14.6,540,216,60,1254987
D:33,D,33,30873,5873,-2192,-2186,5873,12.7,539,195,59,802187
D:34,D,34,30938,5938,-1780,-1784,5938,11.7,554,207,59,870695
D:35,D,35,29901,4901,-2674,-2674,4901,10.8,556,215,58,969004
D:36,D,36,30988,5988,-2165,-2165,5988,9.6,549,213,58,1026434
D:37,D,37,29966,4966,-4005,-4030,4966,10.0,541,217,58,1220601
D:38,D,38,31026,6026,-3117,-3117,6026,10.8,542,214,58,1290606
D:39,D,39,30231,5231,-4033,-4033,5231,11.6,544,215,58,1318925
D:40,D,40,30231,5231,-3942,-3944,5231,11.8,544,221,58,1425423
D:41,D,41,29595,4595,-3972,-4071,4595,12.9,555,214,58,1479770
D:42,D,42,30347,5347,-3193,-3246,5335,15.6,554,207,58,1433586
D:43,D,43,29757,4757,-3660,-3682,4590,16.7,553,215,58,1466853
D:44,D,44,30320,5320,-2368,-2301,5063,15.7,555,224,58,1478074
D:45,D,45,30089,5089,-2751,-2750,5084,15.7,554,241,57,1321578
D:46,D,46,31211,6211,-1588,-1564,6209,15.2,549,245,58,1173914
D:47,D,47,30840,5840,-2448,-2455,5840,15.0,548,248,57,1172356
D:48,D,48,30517,5517,-2751,-2796,5516,15.9,533,252,54,988572
D:49,D,49,31248,6248,-1859,-1894,6248,15.2,519,248,57,1035859
D:50,D,50,31087,6087,-1964,-1964,6086,15.3,521,249,54,1003658
D:51,D,51,30532,5532,-2956,-2956,5532,15.0,522,245,52,666844
D:52,D,52,30099,5099,-2593,-2593,5099,16.1,538,243,51,687819
Da:53,Da,53,32243,7243,1280,1280,7243,15.0,540,284,51,485150
Da:54,Da,54,33890,8890,2318,2318,8890,14.2,539,286,52,585748
Da:55,Da,55,33666,8666,2123,2122,8666,13.8,517,315,52,596091
Da:56,Da,56,34119,9119,2097,2108,9119,13.0,502,327,52,673126
Da:57,Da,57,35300,10300,3086,3092,10300,13.9,496,336,52,688035
Da:58,Da,58,34400,9400,2197,2187,9400,14.8,494,336,52,684234
Da:59,Da,59,35037,10037,3149,3146,10036,14.9,493,336,51,650730
Da:60,Da,60,34271,9271,2327,2191,9250,16.1,495,324,49,610618
Da:61,Da,61,34331,9331,2439,2391,9302,16.3,495,323,47,478709
Da:62,Da,62,33979,8979,1915,1881,8864,16.1,497,318,47,522357
Da:63,Da,63,33977,8977,1771,1838,8886,16.1,490,317,47,533769
Da:64,Da,64,32564,7564,270,223,7497,17.1,486,323,47,510131
Da:65,Da,65,32675,7675,173,110,7669,17.2,484,316,47,461398
Da:66,Da,66,32336,7336,206,129,7187,17.1,484,320,47,415010
Da:67,Da,67,31688,6688,-305,-385,6688,18.1,493,310,47,387499
Da:68,Da,68,32441,7441,211,211,7296,17.2,508,306,47,433155
Da:69,Da,69,32276,7276,-56,-58,7143,16.2,511,300,47,413670
Da:70,Da,70,31166,6166,-1380,-1381,6063,17.1,503,299,47,406976
Da:71,Da,71,30327,5327,-1633,-1633,5327,19.0,502,300,47,404611
Da:72,Da,72,30789,5789,-894,-894,5760,19.1,493,290,47,401219
Da:73,Da,73,30893,5893,-520,-524,5863,19.2,487,282,45,322516
Da:74,Da,74,30099,5099,-757,-757,5032,20.9,480,279,43,295622
Daa:75,Daa,75,28590,3590,-1725,-1730,3497,21.0,452,293,43,206141
Daa:76,Daa,76,29815,4815,-477,-551,4782,21.0,436,297,43,190589
Daa:77,Daa,77,29462,4462,-174,-267,4425,21.0,430,293,43,188279
Daa:78,Daa,78,28999,3999,-960,-999,3930,21.0,433,289,43,190629
Daa:79,Daa,79,29281,4281,-865,-934,4227,21.0,433,289,43,196965
Daa:80,Daa,80,29962,4962,37,36,4942,21.0,439,274,42,205111
Daa:81,Daa,81,29411,4411,-1113,-1139,4372,20.5,437,274,42,205111
Daa:82,Daa,82,30975,5975,449,435,5890,20.0,435,274,41,205111
Daa:83,Daa,83,29657,4657,-642,-595,4536,19.5,432,274,40,205111
Daa:84,Daa,84,31150,6150,296,288,6076,19.0,430,274,40,205111
Daa:85,Daa,85,30879,5879,118,102,5796,18.5,428,274,39,205111
Daa:86,Daa,86,30235,5235,-184,-183,5164,18.0,425,274,38,0
Daa:87,Daa,87,30437,5437,-475,-475,5393,17.0,425,275,34,116474
Daa:88,Daa,88,29718,4718,-998,-998,4668,17.0,424,277,27,52284
Daa:89,Daa,89,30377,5377,-879,-879,5295,17.1,425,278,29,64482
Daa:90,Daa,90,30667,5667,-404,-410,5563,17.1,425,278,29,64482
Daa:91,Daa,91,28837,3837,-2073,-2154,3618,18.0,425,275,34,115375
Daa:92,Daa,92,29427,4427,-1299,-1366,4094,19.0,430,279,36,146154
Daa:93,Daa,93,30117,5117,-714,-789,4627,18.2,427,285,36,139888
Daa:94,Daa,94,30068,5068,-575,-601,4298,18.1,419,282,36,132669
Daa:95,Daa,95,29739,4739,-581,-612,4243,18.9,417,284,29,66402
Daa:96,Daa,96,29559,4559,-1287,-1280,3806,18.1,413,282,36,124349
Daa:97,Daa,97,30767,5767,20,54,5103,17.1,406,285,29,62759
Daa:98,Daa,98,30563,5563,-433,-444,4330,17.1,403,289,37,128559
Daa:99,Daa,99,29452,4452,-1499,-1571,3494,17.1,407,300,37,139677
Daa:100,Daa,100,30761,5761,-1113,-1237,5044,16.2,405,300,37,128897
Daa:101,Daa,101,30026,5026,-1228,-1282,4385,17.1,404,300,37,146400
Daa:102,Daa,102,31144,6144,-30,45,4426,16.1,400,312,39,161637
Daa:103,Daa,103,29818,4818,-1530,-1577,4041,17.0,399,315,39,179962
Daa:104,Daa,104,29324,4324,-1628,-1623,3517,17.0,403,315,39,197256
Daa:105,Daa,105,30407,5407,-870,-901,4329,15.2,397,321,37,171361
Dap:75,Dap,75,32134,7134,1360,1222,6681,20.0,498,278,43,230599
Dap:76,Dap,76,31228,6228,-71,-76,5826,20.0,508,274,41,216821
Dap:77,Dap,77,29802,4802,-1279,-1268,4624,21.0,506,265,43,230652
Dap:78,Dap,78,30728,5728,-9,-70,5601,21.0,511,260,43,246126
Dap:79,Dap,79,29901,4901,-897,-1001,4312,20.0,510,263,45,274039
Dap:80,Dap,80,28743,3743,-699,-674,3296,20.0,508,266,30,114293
Dap:81,Dap,81,29851,4851,-888,-898,4634,20.0,506,256,40,176762
Dap:82,Dap,82,29277,4277,-1299,-1384,3435,20.0,498,250,37,143720
Dap:83,Dap,83,29760,4760,-774,-853,4673,21.0,487,243,35,104437
Dap:84,Dap,84,28649,3649,-1625,-1631,3493,21.0,478,240,27,47040
Dap:85,Dap,85,30251,5251,-254,-298,4925,19.8,478,243,28,47040
Dap:86,Dap,86,29661,4661,-784,-829,4269,18.6,477,247,30,47040
Dap:87,Dap,87,29617,4617,-1269,-1287,4346,17.3,477,250,32,47040
Dap:88,Dap,88,30070,5070,-1549,-1598,4860,16.1,476,254,34,118737
Dap:89,Dap,89,29955,4955,-1567,-1593,4829,16.0,472,263,34,117197
Dap:90,Dap,90,30533,5533,-1181,-1208,5415,16.1,471,270,36,146947
Dap:91,Dap,91,29257,4257,-2213,-2323,3851,17.9,470,265,34,122423
Dap:92,Dap,92,29599,4599,-2513,-2548,4391,17.1,464,257,34,116051
Dap:93,Dap,93,28850,3850,-2851,-2994,3600,17.1,457,257,34,116596
Dap:94,Dap,94,31171,6171,-1097,-1143,5952,16.2,452,257,36,141171
Dap:95,Dap,95,29957,4957,-2244,-2250,4839,16.1,452,267,36,151199
Dap:96,Dap,96,29974,4974,-2571,-2579,4842,16.1,452,263,29,66423
Dap:97,Dap,97,29946,4946,-1992,-2127,4534,17.1,445,263,35,105668
Dap:98,Dap,98,30218,5218,-2121,-2234,5004,15.1,432,266,35,108526
Dap:99,Dap,99,30017,5017,-1913,-2171,4723,15.9,432,273,35,116032
Dap:100,Dap,100,29246,4246,-3274,-3409,3978,15.9,435,271,35,117388
Dap:101,Dap,101,30860,5860,-1556,-1650,5686,15.1,436,275,39,156662
Dap:102,Dap,102,29856,4856,-3090,-3262,4463,15.0,433,280,37,164978
Dap:103,Dap,103,30850,5850,-1800,-1885,5675,14.2,431,289,39,173003
Dap:104,Dap,104,29613,4613,-2711,-2807,4416,14.1,421,288,39,182351
Dap:105,Dap,105,30528,5528,-1843,-2029,5227,14.0,425,296,35,145129
Dp:53,Dp,53,32461,7461,34,-7,7461,17.9,549,205,51,497078
Dp:54,Dp,54,33696,8696,2194,2194,8696,18.0,561,212,52,546909
Dp:55,Dp,55,35034,10034,2947,2942,10034,16.9,564,212,52,618324
Dp:56,Dp,56,34794,9794,2376,2395,9794,15.9,563,230,52,702491
Dp:57,Dp,57,36038,11038,3769,3766,11035,15.8,559,238,52,741273
Dp:58,Dp,58,35818,10818,3333,3333,10808,16.9,556,246,52,763625
Dp:59,Dp,59,35449,10449,2899,2899,10449,16.8,551,252,51,704796
Dp:60,Dp,60,35862,10862,3080,3095,10779,16.1,544,257,49,626760
Dp:61,Dp,61,36045,11045,3252,3219,10976,17.0,542,253,49,619630
Dp:62,Dp,62,34163,9163,914,875,9114,17.0,535,246,47,509803
Dp:63,Dp,63,35345,10345,2866,2798,10330,18.0,536,253,47,507394
Dp:64,Dp,64,33689,8689,582,553,8677,18.1,536,247,47,520297
Dp:65,Dp,65,33749,8749,707,611,8720,19.1,527,236,47,496837
Dp:66,Dp,66,32580,7580,-16,-45,7543,19.2,529,235,47,385454
Dp:67,Dp,67,32734,7734,-138,-178,7658,19.1,540,225,47,413479
Dp:68,Dp,68,32385,7385,-192,-263,7336,19.1,544,219,47,418034
Dp:69,Dp,69,31625,6625,-1409,-1442,6602,17.2,556,211,45,353894
Dp:70,Dp,70,32548,7548,536,544,7539,18.0,559,203,45,377677
Dp:71,Dp,71,32885,7885,793,734,7813,17.3,556,201,47,425921
Dp:72,Dp,72,31389,6389,-433,-542,6202,19.1,546,185,47,444107
Dp:73,Dp,73,30874,5874,-966,-1032,5685,19.1,539,177,47,406785
Dp:74,Dp,74,30218,5218,-989,-1071,5062,20.1,530,173,45,363191
Dp:75,Dp,75,30872,5872,-160,-419,5656,20.1,510,170,47,375933
Dp:76,Dp,76,29036,4036,-2528,-2567,4002,20.9,502,170,43,266572
Dp:77,Dp,77,29855,4855,-1247,-1240,4733,20.2,487,165,39,227497
Dpa:78,Dpa,78,30214,5214,95,126,5171,22.1,465,143,43,217216
Dpa:79,Dpa,79,29538,4538,-1146,-1132,4457,23.0,458,142,43,226401
Dpa:80,Dpa,80,29189,4189,-879,-920,3971,23.0,465,153,42,221436
Dpa:81,Dpa,81,30182,5182,-1000,-1054,4969,22.1,474,150,40,165756
Dpa:82,Dpa,82,29313,4313,-1328,-1344,4185,23.0,471,146,37,139897
Dpa:83,Dpa,83,29389,4389,-1579,-1560,4193,22.0,457,145,35,116085
Dpa:84,Dpa,84,30882,5882,187,225,5688,22.0,449,140,35,119676
Dpa:85,Dpa,85,30580,5580,-1007,-1002,5430,22.0,449,140,35,119676
Dpa:86,Dpa,86,29784,4784,-1044,-1086,4649,22.0,442,142,36,142116
Dpa:87,Dpa,87,30411,5411,-605,-643,5188,21.1,439,145,38,159108
Dpa:88,Dpa,88,29965,4965,-886,-944,4749,20.1,431,149,38,161901
Dpa:89,Dpa,89,30138,5138,-981,-1121,4885,20.1,430,153,38,153421
Dpa:90,Dpa,90,30691,5691,-369,-465,5224,20.0,419,158,38,153956
Dpa:91,Dpa,91,30074,5074,-1410,-1553,4550,20.1,420,163,38,148089
Dpa:92,Dpa,92,30194,5194,-837,-907,4785,20.1,407,159,38,152720
Dpa:93,Dpa,93,30790,5790,311,224,5274,20.2,402,174,38,154199
Dpa:94,Dpa,94,30362,5362,-512,-723,4870,20.1,395,169,38,158842
Dpa:95,Dpa,95,30613,5613,-450,-565,5217,20.1,389,171,38,164026
Dpa:96,Dpa,96,30119,5119,-1038,-1183,4874,20.0,382,169,38,139513
Dpa:97,Dpa,97,28958,3958,-2000,-1967,3745,19.1,380,172,27,42572
Dpa:98,Dpa,98,30844,5844,-646,-644,5640,18.2,367,167,29,58661
Dpa:99,Dpa,99,30241,5241,-760,-689,4975,19.0,370,178,39,142072
Dpa:100,Dpa,100,30661,5661,-1064,-1008,5465,18.1,360,176,37,133221
Dpa:101,Dpa,101,29732,4732,-2136,-2198,4566,18.1,357,176,37,133650
Dpa:102,Dpa,102,30101,5101,-1506,-1522,4925,18.1,353,176,39,153115
Dpa:103,Dpa,103,29819,4819,-2742,-2748,4669,17.1,353,179,37,146400
Dpa:104,Dpa,104,30002,5002,-1229,-1300,4580,17.1,354,177,39,162609
Dpa:105,Dpa,105,29694,4694,-2045,-2093,3911,17.0,350,178,39,180991
Dpp:78,Dpp,78,30763,5763,-651,-639,5636,21.0,518,184,43,249112
Dpp:79,Dpp,79,29572,4572,-1778,-1747,4529,21.0,523,192,43,243285
Dpp:80,Dpp,80,29913,4913,-2268,-2261,4646,20.1,539,205,42,265098
Dpp:81,Dpp,81,30095,5095,-1588,-1589,4870,20.1,541,201,40,206160
Dpp:82,Dpp,82,29536,4536,-1982,-2003,4068,20.1,536,195,39,175378
Dpp:83,Dpp,83,29357,4357,-2067,-2114,4017,20.2,529,197,37,145330
Dpp:84,Dpp,84,30497,5497,-265,-272,5336,21.0,515,191,35,123172
Dpp:85,Dpp,85,29665,4665,-950,-950,4622,21.9,506,192,27,50000
Dpp:86,Dpp,86,31361,6361,25,-29,6311,21.0,498,191,34,106624
Dpp:87,Dpp,87,29327,4327,-1489,-1540,4275,21.9,491,198,34,101909
Dpp:88,Dpp,88,30502,5502,-783,-775,5439,20.0,484,197,29,58758
Dpp:89,Dpp,89,30566,5566,-1023,-1023,5448,19.1,468,197,29,57640
Dpp:90,Dpp,90,30232,5232,-1158,-1158,5062,18.6,470,196,30,57640
Dpp:91,Dpp,91,31610,6610,-244,-244,6324,18.1,472,195,32,57640
Dpp:92,Dpp,92,29333,4333,-2172,-2172,4145,17.6,474,194,34,57640
Dpp:93,Dpp,93,30668,5668,-880,-880,5596,17.1,476,193,36,142085
Dpp:94,Dpp,94,30728,5728,-1290,-1289,5559,18.1,475,189,38,160604
Dpp:95,Dpp,95,30468,5468,-1195,-1196,5346,18.1,470,185,38,172744
Dpp:96,Dpp,96,31097,6097,-740,-741,5583,18.0,458,178,36,128584
Dpp:97,Dpp,97,30277,5277,-2154,-2210,4411,18.0,453,165,37,128533
Dpp:98,Dpp,98,29431,4431,-2628,-2652,3486,17.0,444,166,35,111249
Dpp:99,Dpp,99,30991,5991,-1134,-1310,4772,15.0,436,167,37,147912
Dpp:100,Dpp,100,30110,5110,-2810,-3249,3539,14.1,430,165,39,163886
Dpp:101,Dpp,101,29603,4603,-2363,-2374,4310,16.0,418,158,37,142515
Dpp:102,Dpp,102,30852,5852,-2181,-2174,5668,15.1,409,154,37,146384
Dpp:103,Dpp,103,29872,4872,-3242,-3264,4720,14.3,401,157,39,162200
Dpp:104,Dpp,104,30536,5536,-2364,-2405,5439,14.1,390,154,39,169231
Dpp:105,Dpp,105,30388,5388,-2620,-2626,5288,14.1,387,147,37,168377
P4:33,P4,33,30245,5245,-920,-564,5245,18.6,540,255,59,731335
P4:34,P4,34,30559,5559,-315,-135,5555,19.0,548,246,59,867491
P4:35,P4,35,29176,4176,-1349,-1183,4176,19.9,541,253,58,906957
P4:36,P4,36,29692,4692,-1314,-1189,4692,18.4,549,256,56,959064
P4:37,P4,37,30264,5264,-793,-616,5264,18.9,552,250,58,1257575
P4:38,P4,38,29371,4371,-1620,-1496,4371,19.7,552,240,58,1265097
P4:39,P4,39,29450,4450,-1503,-1441,4450,19.7,549,246,58,1363384
P4:40,P4,40,29662,4662,-1518,-1461,4662,19.7,545,248,58,1336557
P4:41,P4,41,29105,4105,-2400,-2310,4101,20.0,540,257,58,1396243
P4:42,P4,42,29806,4806,-1602,-1630,4804,21.0,532,251,58,1289976
P4:43,P4,43,29332,4332,-1872,-1911,4328,21.9,520,255,58,1195454
P4:44,P4,44,29744,4744,-1018,-1022,4741,21.7,520,261,58,1274308
P4:45,P4,45,29729,4729,-1501,-1511,4727,20.9,513,280,57,1213112
P4:46,P4,46,29210,4210,-1774,-1775,4210,20.8,504,284,56,988897
P4:47,P4,47,29794,4794,-1805,-1801,4792,21.0,501,276,55,928146
P4:48,P4,48,29599,4599,-1506,-1521,4595,21.0,488,282,54,858676
P4:49,P4,49,30038,5038,-937,-929,5027,21.3,481,273,55,770607
P4:50,P4,50,30195,5195,-1129,-1129,5194,22.1,474,277,52,748839
P4:51,P4,51,30039,5039,-1191,-1191,5037,22.0,479,271,52,721832
P4:52,P4,52,29603,4603,-1274,-1274,4603,22.0,488,270,51,663776
P4:53,P4,53,30189,5189,-1247,-1247,5185,21.1,492,265,53,752605
P4:54,P4,54,29373,4373,-2075,-2078,4371,21.0,498,265,52,813262
P4:55,P4,55,29864,4864,-1637,-1637,4857,21.0,491,279,52,812296
P4:56,P4,56,29309,4309,-2621,-2633,4277,20.1,494,293,52,820712
P4:57,P4,57,29863,4863,-1373,-1369,4833,20.2,492,296,52,804200
P4:58,P4,58,29402,4402,-1795,-1781,4372,20.9,487,296,52,783085
P4:59,P4,59,29785,4785,-1406,-1410,4754,20.9,482,296,51,697848
P4:60,P4,60,29128,4128,-2173,-2031,3982,20.1,467,297,51,672486
P4:61,P4,61,29523,4523,-1720,-1691,4484,20.1,461,292,47,517890
P4:62,P4,62,28835,3835,-2461,-2362,3814,19.1,454,287,47,500613
P4:63,P4,63,28804,3804,-1992,-1969,3804,19.0,446,278,43,435853
P4:64,P4,64,28814,3814,-2564,-2552,3363,17.3,443,270,45,462975
P4:65,P4,65,29544,4544,-1070,-1073,4544,18.9,443,269,43,451278
P4:66,P4,66,28632,3632,-1938,-1918,3562,18.0,445,271,45,400703
P4:67,P4,67,28834,3834,-1896,-2017,3657,17.9,456,260,43,354425
P4:68,P4,68,29458,4458,-1318,-1311,4365,17.2,458,249,47,393751
Z2:69,Z2,69,30248,5248,-1008,-1007,5240,19.1,501,244,39,208154
Z2:70,Z2,70,29232,4232,-1918,-1954,4227,21.0,512,241,43,253186
Z2:71,Z2,71,30194,5194,-712,-788,5164,21.0,514,230,43,273126
Z2:72,Z2,72,29792,4792,-1424,-1458,4783,21.9,504,221,43,282649
Z2:73,Z2,73,30544,5544,-551,-591,5521,20.9,496,207,43,280871
Z2:74,Z2,74,30483,5483,-1032,-1062,5231,20.2,481,199,45,291859
Z2:75,Z2,75,28457,3457,-2160,-2172,3352,20.1,465,199,43,274361
Z2:76,Z2,76,28975,3975,-1383,-1498,3911,19.9,453,205,43,247489
Z2:77,Z2,77,29376,4376,-1101,-1037,4301,19.0,443,204,43,267538
Z2:78,Z2,78,30170,5170,-677,-741,5132,19.1,448,196,43,268403
Z2:79,Z2,79,30236,5236,-613,-719,5084,20.0,450,196,43,265903
Z2:80,Z2,80,30296,5296,-262,-301,5228,19.9,450,197,42,267230
Z2:81,Z2,81,30142,5142,-243,-240,5025,21.0,449,191,40,191516
Z2:82,Z2,82,29583,4583,-1820,-1805,4543,20.0,441,187,39,185886
Z2:83,Z2,83,29138,4138,-1574,-1567,4060,20.1,437,186,37,162679
Z2:84,Z2,84,30209,5209,-783,-840,5091,20.0,433,181,37,162672
Z2:85,Z2,85,29863,4863,-704,-740,4586,20.1,427,187,34,135512
Z2:86,Z2,86,30097,5097,-576,-660,4935,19.1,422,180,38,191478
Z2:87,Z2,87,30123,5123,-1110,-1244,4898,19.0,423,185,38,208949
Z2:88,Z2,88,29299,4299,-1688,-1669,4068,18.0,418,186,38,207492
Z2:89,Z2,89,30255,5255,-1059,-1097,5056,17.2,414,189,38,212859
Z2:90,Z2,90,30565,5565,-1280,-1223,5313,16.3,414,191,38,201594
Z2:91,Z2,91,29741,4741,-1991,-2081,4330,17.2,413,194,38,198996
Z2:92,Z2,92,30804,5804,-1158,-1207,5579,17.3,413,195,38,194516
Z2:93,Z2,93,30327,5327,-874,-955,4585,18.0,412,202,38,207913
Z2:94,Z2,94,30721,5721,-444,-587,5161,18.1,409,198,36,189441
Z2:95,Z2,95,30570,5570,-755,-834,5159,18.0,409,200,38,210129
Z2:96,Z2,96,29514,4514,-2656,-2649,4280,17.2,406,196,36,144154
Z2:97,Z2,97,29630,4630,-1871,-1909,4423,17.3,408,198,39,163909
Z2:98,Z2,98,32072,7072,184,51,6887,17.2,401,195,39,174336
Z2:99,Z2,99,30903,5903,-1017,-976,5575,17.1,397,203,37,154273
Z2:100,Z2,100,30924,5924,-843,-887,5722,16.3,392,200,39,187120
Z2:101,Z2,101,31162,6162,-577,-755,5915,16.4,395,198,37,160901
Z2:102,Z2,102,31411,6411,-957,-1003,6135,16.2,394,201,39,210224
Z2:103,Z2,103,30890,5890,-1713,-1800,5765,16.0,396,208,39,216105
Z2:104,Z2,104,29987,4987,-2420,-2497,4846,15.3,393,204,39,188888
Z2:105,Z2,105,30441,5441,-2240,-2244,5307,15.2,396,208,39,206125
Z3:69,Z3,69,29774,4774,-535,-583,4489,18.1,438,261,39,212680
Z3:70,Z3,70,29729,4729,-899,-949,4556,19.0,437,256,43,252070
Z3:71,Z3,71,28972,3972,-1459,-1582,3711,19.1,424,260,43,270302
Z3:72,Z3,72,28575,3575,-2293,-2487,3347,19.1,420,263,43,282148
Z3:73,Z3,73,29581,4581,-730,-655,4464,20.0,417,263,43,281178
Z3:74,Z3,74,28649,3649,-1505,-1548,3602,20.1,411,258,43,253507
Z3:75,Z3,75,30173,5173,-63,-93,4984,19.9,403,254,43,256340
Z3:76,Z3,76,30901,5901,612,513,5669,19.9,396,255,43,262407
Z3:77,Z3,77,29143,4143,-445,-508,3925,19.9,399,254,43,272422
Z3:78,Z3,78,29134,4134,-1091,-1186,3986,19.9,402,252,43,264619
Z3:79,Z3,79,28561,3561,-1513,-1626,3395,19.9,402,252,43,282014
Z3:80,Z3,80,28887,3887,-1141,-1103,3816,20.9,399,239,42,251446
Z3:81,Z3,81,29292,4292,-1109,-1099,4196,19.9,394,231,40,199343
Z3:82,Z3,82,29447,4447,-602,-635,4300,20.0,386,231,37,156023
Z3:83,Z3,83,30144,5144,-279,-279,5003,18.1,388,233,29,81588
Z3:84,Z3,84,30001,5001,-1270,-1270,4850,18.1,387,233,35,145809
Z3:85,Z3,85,30367,5367,-865,-865,5080,16.2,390,233,29,75928
Z3:86,Z3,86,29730,4730,-1331,-1331,4270,16.0,388,234,34,156064
Z3:87,Z3,87,29987,4987,-1445,-1445,4657,16.1,389,233,36,194073
Z3:88,Z3,88,31061,6061,-166,-171,5461,15.1,391,240,38,207732
Z3:89,Z3,89,30454,5454,-960,-958,4708,15.1,387,240,38,211186
Z3:90,Z3,90,29618,4618,-2357,-2344,3845,15.2,386,238,36,188105
Z3:91,Z3,91,29837,4837,-1809,-1819,4426,16.1,384,245,38,215558
Z3:92,Z3,92,30521,5521,-938,-940,4759,16.1,388,247,36,188323
Z3:93,Z3,93,29892,4892,-1348,-1335,4638,17.1,381,256,38,210957
Z3:94,Z3,94,29178,4178,-2034,-2002,3899,17.2,376,250,38,199799
Z3:95,Z3,95,29840,4840,-1447,-1450,4638,17.2,375,249,36,194732
Z3:96,Z3,96,30370,5370,-1424,-1422,5104,16.2,374,246,34,125760
Z3:97,Z3,97,29830,4830,-1787,-1812,4572,17.1,373,247,39,191276
Z3:98,Z3,98,29999,4999,-1206,-1321,4682,17.1,369,247,39,195629
Z3:99,Z3,99,29832,4832,-1637,-1776,4413,17.0,372,254,39,195076
Z3:100,Z3,100,29706,4706,-1504,-1685,4153,17.0,369,251,39,199982
Z3:101,Z3,101,30741,5741,-1120,-1256,5126,17.0,372,250,39,209875
Z3:102,Z3,102,30774,5774,-855,-1076,4810,17.1,371,249,39,206577
Z3:103,Z3,103,29739,4739,-1801,-1875,4376,16.1,366,258,37,190848
Z3:104,Z3,104,30308,5308,-1539,-1577,5015,16.1,363,252,37,189095
Z3:105,Z3,105,30004,5004,-1785,-1845,4768,15.2,365,257,37,176419
