id,frame_num,area,min_row_bb,min_col_bb,max_row_bb,max_col_bb,centroid_row,centroid_col,major_axis_length,minor_axis_length,max_intensity,mean_intensity,min_intensity
1,10,1424,648,554,697,594,673,573,48.9515424898123,37.25232202851254,173.0,119.0744382022472,89.0
2,10,2255,101,292,155,349,127,321,58.586948762145774,49.2809178650279,182.0,112.39246119733924,84.0
3,10,1628,585,327,628,378,607,352,52.19232170216332,40.398877101350614,316.0,114.18796068796068,86.0
4,10,2475,140,665,203,718,173,692,62.02821953058091,51.55791566337022,242.0,113.67515151515151,86.0
6,10,2466,27,657,83,715,55,686,59.489917136597164,52.95152634067047,260.0,114.33049472830494,85.0
7,10,2491,468,330,522,391,495,361,60.52283689830279,52.63487550578669,233.0,121.7334403853874,86.0
8,10,2428,234,284,287,346,261,316,60.03827944967515,51.78467822963087,189.0,117.64868204283361,86.0
10,10,2007,687,230,746,275,716,252,59.80743019773149,42.849912548013414,181.0,114.60886895864475,86.0
