id,frame_num,area,min_row_bb,min_col_bb,max_row_bb,max_col_bb,centroid_row,centroid_col,major_axis_length,minor_axis_length,max_intensity,mean_intensity,min_intensity
1,17,424,671,562,710,592,691,575,46.39995692937581,19.274751647267816,139.0,109.20754716981132,89.0
2,17,2267,104,296,160,351,131,323,55.52951007668562,52.12509201994396,197.0,115.67181296868108,84.0
4,17,2235,138,654,196,709,166,681,61.51954989566697,46.683275658784815,181.0,108.3427293064877,85.0
6,17,1417,18,641,57,691,36,666,49.07827574081503,37.214824826819736,163.0,110.42695836273818,88.0
7,17,2519,485,330,540,391,512,360,60.06007222591036,53.59534271105275,182.0,117.67368003175864,85.0
8,17,2358,224,292,279,348,252,321,57.99783177407647,52.25820716787156,196.0,116.74300254452926,83.0
10,17,1470,688,234,740,273,713,252,51.34260230553648,36.830562925545195,153.0,110.3061224489796,84.0
11,17,1314,590,316,642,353,615,333,51.656510369710396,32.8100091133382,178.0,113.65372907153728,86.0
12,17,1013,564,359,609,390,586,374,44.73465548903488,29.043079269546507,153.0,105.17374136229023,85.0
