id,frame_num,area,min_row_bb,min_col_bb,max_row_bb,max_col_bb,centroid_row,centroid_col,major_axis_length,minor_axis_length,max_intensity,mean_intensity,min_intensity
1,19,596,672,567,711,594,689,579,42.33138410903652,23.080127145167577,131.0,107.14765100671141,90.0
2,19,2264,108,295,164,348,135,321,56.25239408962993,51.458650341938224,184.0,112.88030035335689,84.0
4,19,2300,135,651,197,703,165,678,61.78822706633279,48.06055210449722,168.0,107.67478260869565,86.0
6,19,1499,10,632,51,683,30,657,50.34959287303863,38.22211316746307,156.0,109.32154769846565,83.0
7,19,2520,482,322,533,387,507,354,65.39226398741636,49.24783749236993,222.0,118.14920634920635,86.0
8,19,2390,223,290,278,348,250,319,59.50291228694913,51.63276711371988,420.0,121.81882845188285,84.0
10,19,1846,678,231,737,272,707,250,57.37555447518776,41.24508769697322,148.0,111.77843986998917,86.0
11,19,1375,591,316,645,352,617,334,53.29314446537824,33.076128660124134,175.0,111.80727272727273,87.0
12,19,1096,562,370,608,403,584,386,44.70235429783836,31.41048830224243,163.0,105.09032846715328,87.0
