id,frame_num,area,min_row_bb,min_col_bb,max_row_bb,max_col_bb,centroid_row,centroid_col,major_axis_length,minor_axis_length,max_intensity,mean_intensity,min_intensity
1,22,577,676,555,717,586,696,571,46.777402452330904,18.63060685019178,138.0,105.5372616984402,89.0
2,22,2089,115,304,169,358,141,330,53.321366549931156,50.159409865300276,184.0,110.11440880804213,86.0
4,22,2068,131,637,188,685,159,661,56.90485928633946,46.65249436559781,159.0,108.1774661508704,83.0
6,22,356,12,636,30,669,21,653,31.05946337768502,16.576535179461256,135.0,107.79494382022472,91.0
7,22,2468,491,319,538,386,514,352,66.74781664747009,47.33774872611283,205.0,114.97771474878444,84.0
8,22,2829,212,287,279,350,247,319,76.36164430125719,47.72280361129201,259.0,112.42841993637327,83.0
10,22,2179,666,229,730,275,698,251,63.84155301721838,43.853106261965436,297.0,113.78292794860027,83.0
11,22,1362,593,315,640,356,616,336,47.473524972568164,37.030362571028746,158.0,109.40308370044053,86.0
12,22,1138,566,359,612,393,588,375,44.88973975513474,32.7004356398268,143.0,103.80404217926186,86.0
