id,frame_num,area,min_row_bb,min_col_bb,max_row_bb,max_col_bb,centroid_row,centroid_col,major_axis_length,minor_axis_length,max_intensity,mean_intensity,min_intensity
1,8,1576,645,549,691,595,668,572,50.97199042930611,39.62076677321639,189.0,120.36738578680203,87.0
2,8,2326,105,294,156,354,130,324,59.08679483462202,50.34604239403395,188.0,110.40025795356836,85.0
3,8,2104,576,329,628,384,601,356,56.394296365014704,47.59606823457909,185.0,110.94201520912547,84.0
4,8,2449,140,668,203,720,172,696,62.348904936569255,50.98731006229917,252.0,112.19763168640262,86.0
6,8,2450,38,656,94,713,66,684,58.82751582510722,53.29859839942138,243.0,113.98530612244897,87.0
7,8,2373,477,323,530,383,503,353,59.59475601059346,50.89850348685931,268.0,124.12852928782132,86.0
8,8,2416,240,281,294,340,267,310,58.656270000039164,52.631261819408,190.0,116.8737582781457,85.0
10,8,2095,684,226,744,269,713,247,61.38728757391136,43.66690809769134,191.0,115.89116945107399,84.0
