id,frame_num,area,min_row_bb,min_col_bb,max_row_bb,max_col_bb,centroid_row,centroid_col,major_axis_length,minor_axis_length,max_intensity,mean_intensity,min_intensity
1,15,610,662,561,703,589,679,577,40.75473887043881,25.1355971004556,135.0,106.69180327868852,87.0
2,15,2343,99,292,158,346,128,318,58.09913134410817,51.55521399964073,191.0,112.82074263764405,82.0
4,15,2302,140,656,202,708,169,683,62.5269581281767,47.3356402283493,178.0,109.5742832319722,85.0
6,15,1743,18,650,60,703,39,676,53.40881248655652,41.80361556226653,165.0,109.88927137119909,87.0
7,15,2434,483,329,536,390,508,359,60.39169466677559,51.484846000224856,205.0,119.95850451930978,87.0
8,15,2458,222,290,280,346,252,318,60.182785342468065,52.67441503197007,204.0,118.02847843775427,85.0
10,15,1583,696,240,751,278,722,259,54.658374968582415,37.117166110994255,160.0,110.53948199620973,87.0
11,15,1231,594,320,646,354,619,337,49.602615827784696,31.971262202449783,169.0,115.98375304630382,87.0
12,15,911,567,352,609,383,587,367,42.71726277145992,27.402481245307072,151.0,107.70362239297475,87.0
