id,frame_num,area,min_row_bb,min_col_bb,max_row_bb,max_col_bb,centroid_row,centroid_col,major_axis_length,minor_axis_length,max_intensity,mean_intensity,min_intensity
1,2,2319,636,549,696,601,666,576,60.90970546916814,48.67406652659807,182.0,111.21129797326434,85.0
2,2,2405,104,288,159,346,130,316,58.54593939033401,52.50860244024357,186.0,110.58295218295218,85.0
3,2,2324,579,343,635,396,607,369,57.79351185872182,51.24763965886018,186.0,115.21557659208261,86.0
4,2,2452,130,667,189,725,158,696,56.24791270662142,55.66623216171565,176.0,115.34216965742252,84.0
6,2,2444,34,663,92,718,62,690,61.25028882423015,51.01218976656347,242.0,116.80237315875614,84.0
7,2,2394,486,315,541,373,514,344,56.80116870216214,53.80602750279667,188.0,122.05430242272348,85.0
8,2,2483,241,291,296,351,268,322,58.750950514838586,54.11534366483213,217.0,120.19855014095852,86.0
10,2,2296,666,212,727,265,697,239,63.85722856187527,46.16719113289489,196.0,118.38066202090593,85.0
