id,frame_num,area,min_row_bb,min_col_bb,max_row_bb,max_col_bb,centroid_row,centroid_col,major_axis_length,minor_axis_length,max_intensity,mean_intensity,min_intensity
1,6,1961,639,544,688,598,663,571,57.46951275547666,43.72290827851665,219.0,120.81489036206017,86.0
2,6,2279,105,297,159,355,131,326,57.24435816883718,50.9129002048626,185.0,109.38086880210619,84.0
3,6,2253,580,330,631,388,605,358,57.38149429806049,50.049309064818644,202.0,114.90989791389259,83.0
4,6,2446,140,670,200,727,168,699,62.17703797062285,50.94399486946289,260.0,115.26042518397384,83.0
6,6,2486,41,662,96,720,69,691,59.59669571874253,53.474224242334664,263.0,117.5345937248592,87.0
7,6,2367,487,323,539,380,512,351,58.05653384024559,52.210427424134004,183.0,123.70173215040136,84.0
8,6,2522,237,285,292,345,265,313,59.972333206296284,53.90116547664487,199.0,119.53528945281522,83.0
10,6,2197,678,219,738,266,707,242,61.323781402489146,46.030597404322684,180.0,117.65270823850706,86.0
