id,frame_num,area,min_row_bb,min_col_bb,max_row_bb,max_col_bb,centroid_row,centroid_col,major_axis_length,minor_axis_length,max_intensity,mean_intensity,min_intensity
1,18,704,670,568,709,597,687,580,38.535916431316885,26.32531065946149,141.0,108.69744318181819,89.0
2,18,2244,106,299,161,351,133,325,55.589352249531494,51.58381680429696,187.0,113.08333333333333,83.0
4,18,2190,137,653,194,707,165,679,60.31229818237396,46.846447040589,166.0,107.16666666666667,85.0
6,18,1850,11,634,57,688,34,660,53.645368676233986,44.17648996810531,158.0,109.79297297297298,87.0
7,18,2492,481,327,535,388,508,357,60.09757287111479,52.971200554622605,189.0,118.2459871589085,84.0
8,18,2438,220,292,277,350,249,321,59.20081339379228,52.929587406330704,197.0,118.16776045939295,82.0
10,18,1585,685,232,737,273,710,251,53.188274855194294,38.3223594470607,151.0,110.7577287066246,87.0
11,18,1321,593,312,646,348,618,330,52.47201073536042,32.365433768900765,175.0,113.21044663133989,87.0
12,18,1005,566,363,609,396,587,379,44.16591935981571,29.271869103227267,157.0,105.5044776119403,85.0
