id,frame_num,area,min_row_bb,min_col_bb,max_row_bb,max_col_bb,centroid_row,centroid_col,major_axis_length,minor_axis_length,max_intensity,mean_intensity,min_intensity
1,23,667,679,554,720,584,701,569,38.10458217048575,24.350109719777258,175.0,106.64467766116941,87.0
2,23,1886,117,306,167,357,141,331,50.0377429070807,48.250810165577654,172.0,109.24443266171792,83.0
4,23,1874,129,636,186,681,158,659,56.42687548210743,42.69041195307363,162.0,107.28762006403416,86.0
6,23,256,7,643,29,671,20,656,28.934001105677993,18.09488597300352,129.0,104.76953125,92.0
7,23,2562,491,315,543,381,516,348,67.31759908766959,48.64142916708252,198.0,115.33645589383295,85.0
8,23,2732,212,298,287,348,250,321,73.95651195083896,48.01675427851695,165.0,110.1874084919473,84.0
10,23,2688,650,227,732,271,690,247,81.31682740234685,42.34965464360695,223.0,112.20870535714286,85.0
11,23,1378,590,314,636,354,613,334,47.14102906353075,37.81494178935048,154.0,109.02539912917271,84.0
12,23,1118,570,362,615,396,591,378,43.888620336714496,32.92863029774518,137.0,104.11091234347049,85.0
