id,frame_num,area,min_row_bb,min_col_bb,max_row_bb,max_col_bb,centroid_row,centroid_col,major_axis_length,minor_axis_length,max_intensity,mean_intensity,min_intensity
1,0,2198,640,547,699,596,669,571,59.089895134176466,47.554571227546674,176.0,117.6747042766151,86.0
2,0,2424,107,293,160,350,133,322,57.20349506709589,54.11131460373331,207.0,123.26113861386139,85.0
3,0,2457,580,340,636,396,608,367,56.82925278471013,55.085389656306646,243.0,127.37444037444037,85.0
4,0,2448,136,673,190,728,162,700,56.36694236530808,55.501531331067795,207.0,122.54248366013071,86.0
6,0,2434,35,665,89,725,62,694,61.36299423845911,50.7066221372901,236.0,124.73089564502875,86.0
7,0,2483,486,318,543,375,514,347,56.96523221115114,55.72640381675048,192.0,131.47925896093435,83.0
8,0,2465,242,299,298,357,270,327,57.57808006484596,54.73083868688485,220.0,128.8162271805274,85.0
10,0,2379,667,219,729,267,698,242,64.50067730331398,47.33702353754751,218.0,126.64186633039093,83.0
