id,frame_num,area,min_row_bb,min_col_bb,max_row_bb,max_col_bb,centroid_row,centroid_col,major_axis_length,minor_axis_length,max_intensity,mean_intensity,min_intensity
1,5,2137,636,546,687,600,662,574,60.37533829903656,45.404678593485954,217.0,118.4379971923257,84.0
2,5,2172,105,297,160,353,132,324,56.02078560006026,49.563440758483154,186.0,108.77163904235728,83.0
3,5,2368,579,331,632,390,605,360,57.96929819055841,52.06608765946588,203.0,116.42778716216216,83.0
4,5,2454,139,668,196,727,166,698,57.383164241130174,54.73433887593834,179.0,113.82640586797066,86.0
6,5,2481,41,660,96,722,69,691,61.46398158564339,51.616791766796794,246.0,116.16283756549778,87.0
7,5,2333,488,319,541,377,514,348,57.44907785142262,51.891445058468506,184.0,123.63437633947707,83.0
8,5,2411,238,286,293,345,266,315,58.22370012652284,53.07609194717237,203.0,119.18871837411862,84.0
10,5,2228,674,214,735,261,703,237,61.46919655206514,46.53605607768006,187.0,118.41023339317773,85.0
