id,frame_num,area,min_row_bb,min_col_bb,max_row_bb,max_col_bb,centroid_row,centroid_col,major_axis_length,minor_axis_length,max_intensity,mean_intensity,min_intensity
1,16,700,663,561,704,592,679,576,35.39594306191979,28.474661820252425,145.0,108.68428571428572,89.0
2,16,2297,100,293,158,348,129,321,56.58117643873098,51.89010346999504,198.0,113.40139312146277,85.0
4,16,2171,141,657,199,709,169,684,60.18381015371763,46.43018653922835,174.0,107.53523721787195,85.0
6,16,1271,16,646,55,695,36,670,48.41562442239936,33.943231221943535,158.0,110.19197482297403,86.0
7,16,2483,484,331,538,392,510,362,60.36382245582845,52.544627565724376,189.0,118.6234393878373,86.0
8,16,2327,222,291,278,347,250,319,58.68052926994763,51.10026758729404,204.0,115.31413837559089,83.0
10,16,1693,690,236,745,278,718,256,56.60968217595246,38.3132235453656,155.0,111.96515062020083,85.0
11,16,1300,593,319,645,354,618,336,51.45438491591698,32.46865683201185,174.0,113.79,87.0
12,16,943,565,357,609,387,586,371,43.39715943917254,27.864146925257906,153.0,106.81548250265111,87.0
