id,frame_num,area,min_row_bb,min_col_bb,max_row_bb,max_col_bb,centroid_row,centroid_col,major_axis_length,minor_axis_length,max_intensity,mean_intensity,min_intensity
1,3,2301,632,550,695,601,664,576,61.704454516559,47.68465642218574,209.0,113.56366797044763,83.0
2,3,2442,102,291,160,350,130,319,59.27145420773552,52.645486127100234,186.0,110.28542178542179,85.0
3,3,2327,582,339,636,396,609,366,58.00972649082633,51.12156277963518,194.0,115.42329179200688,84.0
4,3,2484,132,668,191,727,160,697,56.83050875237114,55.81803598057329,179.0,114.89814814814815,84.0
6,3,2449,37,660,91,721,65,690,61.50732032861803,50.941660163726546,243.0,116.37158023683136,85.0
7,3,2400,490,314,545,373,518,344,56.84086343158507,53.957458524869445,188.0,122.81833333333333,86.0
8,3,2497,240,288,295,349,267,319,59.54837557257536,53.66514295904892,204.0,119.07328794553464,84.0
10,3,2184,669,214,728,265,698,240,63.21704161264403,44.277812100021144,198.0,118.0801282051282,84.0
