id,frame_num,area,min_row_bb,min_col_bb,max_row_bb,max_col_bb,centroid_row,centroid_col,major_axis_length,minor_axis_length,max_intensity,mean_intensity,min_intensity
1,11,1269,650,556,700,592,674,574,46.64217641180225,34.88921471379336,169.0,118.28211189913317,86.0
2,11,2350,102,293,160,349,130,320,59.37353729750085,50.683441078128936,192.0,112.92,84.0
3,11,1465,583,331,624,381,603,355,51.08650869803529,37.23757464948996,299.0,119.15290102389079,85.0
4,11,2431,140,668,201,720,172,694,61.26237611316662,51.06267340604854,231.0,115.72027972027972,85.0
6,11,2345,23,657,78,712,51,684,57.16588458760664,52.400781208553056,227.0,113.0724946695096,84.0
7,11,2405,470,334,524,394,496,364,59.83577886698324,51.35538000260719,227.0,121.07068607068607,84.0
8,11,2408,231,289,285,349,257,320,60.08250002348756,51.29391069677838,191.0,118.1532392026578,85.0
10,11,2040,690,228,747,279,718,253,60.36782774443082,43.15748227304795,188.0,114.39509803921568,85.0
