id,frame_num,area,min_row_bb,min_col_bb,max_row_bb,max_col_bb,centroid_row,centroid_col,major_axis_length,minor_axis_length,max_intensity,mean_intensity,min_intensity
1,7,1804,643,548,689,600,665,574,54.96367707871141,42.010090726688674,202.0,121.05931263858093,87.0
2,7,2356,109,297,160,357,134,327,58.94122186480828,51.146959702832355,191.0,110.18760611205433,84.0
3,7,2130,578,328,628,384,603,355,56.40018992075805,48.153150041999005,192.0,112.73661971830985,85.0
4,7,2431,138,671,202,723,171,698,62.5406947379019,50.450440567592544,254.0,112.70423693953106,85.0
6,7,2506,37,660,94,717,66,688,59.19604520066722,54.22580178684279,258.0,115.78371907422186,83.0
7,7,2292,481,321,534,380,508,351,56.84639475249156,51.6193420885232,187.0,124.19502617801047,85.0
8,7,2510,242,283,297,342,269,311,59.92774668059255,53.593652719732866,194.0,118.5593625498008,87.0
10,7,2184,684,223,743,271,713,246,61.94608467079663,45.134649123244415,196.0,116.38507326007326,86.0
