id,frame_num,area,min_row_bb,min_col_bb,max_row_bb,max_col_bb,centroid_row,centroid_col,major_axis_length,minor_axis_length,max_intensity,mean_intensity,min_intensity
1,20,587,676,568,714,593,694,579,44.218150085094685,20.42803713332837,141.0,108.1618398637138,89.0
2,20,2292,110,298,168,352,138,325,56.91173017961678,51.49233065667975,198.0,113.8913612565445,84.0
4,20,2263,135,650,196,701,165,677,61.27323870292364,47.57175822368345,177.0,107.8912947414936,85.0
6,20,1036,8,628,42,675,25,650,47.50441504551709,28.62781238766215,153.0,109.32142857142857,87.0
7,20,2501,482,321,530,387,505,353,66.36440083967886,48.212684250742456,213.0,117.40183926429428,84.0
8,20,2417,219,286,275,344,247,316,60.67524033204757,51.28097441817328,445.0,119.27223831195697,85.0
10,20,2045,675,230,736,273,705,250,60.374594341725505,43.37317077891017,261.0,117.97701711491443,83.0
11,20,1360,591,317,643,354,616,335,52.73313812967572,33.10972976755135,166.0,112.06838235294117,86.0
12,20,1098,562,368,607,402,584,384,44.874443215738616,31.476054951904036,153.0,104.67486338797814,88.0
