id,frame_num,area,min_row_bb,min_col_bb,max_row_bb,max_col_bb,centroid_row,centroid_col,major_axis_length,minor_axis_length,max_intensity,mean_intensity,min_intensity
1,13,1078,655,557,698,593,676,574,43.00363478336222,32.2820214533347,158.0,116.60111317254174,88.0
2,13,2428,96,290,154,346,124,317,59.56068011600688,52.18828371552596,203.0,113.16268533772653,84.0
3,13,1871,573,326,630,378,602,352,64.20323008306737,37.81842901978242,252.0,114.08979155531802,83.0
4,13,2438,141,655,201,713,170,684,61.28960555595068,51.4462675101338,196.0,112.96144380639869,84.0
6,13,2225,17,656,69,710,43,682,55.629254493608364,51.200723708905514,191.0,111.28674157303371,86.0
7,13,2244,477,334,529,392,502,363,57.34679477244515,50.016461791889014,204.0,119.26960784313725,87.0
8,13,2402,223,293,283,346,253,318,59.67539043123449,52.06384582010861,202.0,118.17318900915903,81.0
10,13,1976,698,236,757,279,727,257,59.40935458379397,42.492799752500694,181.0,112.56831983805668,85.0
