id,frame_num,area,min_row_bb,min_col_bb,max_row_bb,max_col_bb,centroid_row,centroid_col,major_axis_length,minor_axis_length,max_intensity,mean_intensity,min_intensity
1,1,2322,639,549,698,602,668,576,61.046854445460745,48.63501669676788,187.0,119.2355727820844,87.0
2,1,2396,106,287,159,346,132,316,57.579163222570365,53.188894631743494,206.0,120.27253756260434,86.0
3,1,2407,581,343,637,398,608,370,57.821557343628946,53.057707345189236,229.0,125.69090153718322,87.0
4,1,2475,130,673,187,729,158,700,56.336128972513585,56.10576980388843,202.0,123.93454545454546,85.0
6,1,2364,36,662,87,724,61,692,61.227066868510676,49.330653465724275,238.0,125.2271573604061,84.0
7,1,2413,487,316,543,372,513,344,56.554681460881184,54.56318531020499,195.0,132.4218814753419,86.0
8,1,2465,241,298,298,356,269,325,57.452416905026745,54.96765183536737,227.0,129.36997971602435,86.0
10,1,2371,665,217,727,265,696,240,64.03588111742708,47.51844753280795,218.0,126.32644453816955,86.0
