id,frame_num,area,min_row_bb,min_col_bb,max_row_bb,max_col_bb,centroid_row,centroid_col,major_axis_length,minor_axis_length,max_intensity,mean_intensity,min_intensity
1,4,2298,638,550,697,604,667,577,62.773607667238004,46.7852910948436,219.0,114.84290687554395,84.0
2,4,2289,106,296,162,353,133,324,57.738898207926255,50.705848463351785,192.0,109.32066404543468,84.0
3,4,2367,580,333,634,391,607,362,57.7427150684529,52.23691198877879,212.0,116.5830164765526,82.0
4,4,2457,135,668,193,727,162,697,57.142736339415656,55.0374582319057,185.0,113.73789173789174,85.0
6,4,2397,39,661,92,721,66,690,60.4617138406136,50.66537993980993,253.0,117.2444722569879,82.0
7,4,2414,490,314,545,373,518,344,57.27968884973671,53.80725550908973,188.0,123.01201325600663,86.0
8,4,2441,236,286,291,346,263,316,58.61712584401976,53.27680972487329,204.0,118.68906185989349,84.0
10,4,2192,671,217,732,261,701,239,62.6523567402254,44.86451374896617,196.0,117.86040145985402,84.0
