id,frame_num,area,min_row_bb,min_col_bb,max_row_bb,max_col_bb,centroid_row,centroid_col,major_axis_length,minor_axis_length,max_intensity,mean_intensity,min_intensity
1,9,1465,645,551,693,593,670,572,48.8472328743868,38.57537349377985,176.0,118.56109215017065,89.0
2,9,2064,103,292,152,349,127,321,56.478995170388686,46.79331819543186,170.0,111.44428294573643,87.0
3,9,1784,580,325,627,375,604,351,54.47292814280795,42.3988615527277,168.0,110.04372197309416,86.0
4,9,2424,141,665,204,717,174,693,62.07565448718432,50.687085271997184,246.0,112.14108910891089,84.0
6,9,2394,34,658,91,713,62,685,58.667233950915694,52.158302890982725,228.0,113.04720133667502,87.0
7,9,2325,474,327,525,387,499,357,59.554191172400074,49.89976518001883,257.0,122.95225806451613,85.0
8,9,2483,237,284,291,345,264,314,59.81121897299481,53.19660229097067,197.0,118.51107531212243,86.0
10,9,1997,686,228,745,273,715,250,59.73026162309768,42.74549886752036,183.0,114.87681522283425,86.0
