id,frame_num,area,min_row_bb,min_col_bb,max_row_bb,max_col_bb,centroid_row,centroid_col,major_axis_length,minor_axis_length,max_intensity,mean_intensity,min_intensity
1,14,744,660,559,701,591,677,575,38.11674868726172,28.029079711856983,143.0,109.94220430107526,89.0
2,14,2363,100,293,160,346,130,319,59.02256717653465,51.171222624813524,207.0,114.91493863732543,84.0
3,14,1928,576,328,635,377,606,353,64.96206805620298,38.3033737793112,167.0,112.04927385892117,84.0
4,14,2393,139,656,203,708,170,683,63.853308184889556,48.18575185228476,189.0,111.36857501044713,85.0
6,14,2041,21,651,68,707,45,678,55.944297825312475,46.93048517030361,156.0,109.94267515923566,85.0
7,14,2333,479,331,532,389,504,359,58.42417383526338,51.023004844856146,198.0,119.68324046292328,85.0
8,14,2455,221,290,280,345,251,316,59.87393059373518,52.969498567397004,202.0,118.45987780040733,84.0
10,14,1744,702,239,759,279,729,259,56.40922811380759,39.467874033094375,168.0,110.6565366972477,85.0
