id,frame_num,area,min_row_bb,min_col_bb,max_row_bb,max_col_bb,centroid_row,centroid_col,major_axis_length,minor_axis_length,max_intensity,mean_intensity,min_intensity
1,21,687,679,558,718,587,700,572,36.36385932208938,25.302077077865366,146.0,106.00145560407569,88.0
2,21,2239,111,303,167,356,139,329,55.97649835362867,51.1593276753615,198.0,111.08485931219295,84.0
4,21,2183,130,641,191,692,160,667,58.58109084165476,47.77101374738928,166.0,109.7553825011452,86.0
6,21,794,9,631,37,674,22,652,42.83970587061353,24.867127427418396,145.0,109.22040302267003,89.0
7,21,2515,485,322,536,388,510,354,66.85897560092792,48.152962979987024,204.0,115.62027833001989,86.0
8,21,2442,217,286,273,345,245,316,61.01114295227721,51.5266183385042,509.0,115.23013923013923,82.0
10,21,2160,672,231,737,277,704,253,62.88272173910099,44.109827865959225,253.0,115.56157407407407,84.0
11,21,1388,589,316,639,355,613,335,51.66076843979261,34.54248712028506,161.0,110.39841498559078,87.0
12,21,1096,565,364,609,398,586,380,42.44935219861135,33.26381172080264,133.0,103.88777372262774,86.0
