id,frame_num,area,min_row_bb,min_col_bb,max_row_bb,max_col_bb,centroid_row,centroid_col,major_axis_length,minor_axis_length,max_intensity,mean_intensity,min_intensity
1,12,958,656,556,695,590,674,572,39.35884024092762,31.24157201003352,154.0,114.46555323590815,89.0
2,12,2326,99,292,157,347,127,319,58.652099498992115,50.8340834401859,199.0,111.92476354256235,84.0
3,12,1204,581,333,622,375,602,353,43.67293984678715,36.21745350654277,403.0,128.1328903654485,85.0
4,12,2457,141,662,202,717,172,690,61.135372417375706,51.786302852440215,212.0,113.83394383394383,83.0
6,12,2281,20,656,72,710,46,683,56.60317504923386,51.542510271894834,202.0,111.93686979395002,86.0
7,12,2361,472,333,525,392,498,362,59.09403320227799,51.043766151738176,215.0,119.33121558661584,86.0
8,12,2402,224,287,282,346,251,318,59.99931044784357,51.6617508955196,193.0,118.10199833472106,83.0
10,12,2072,694,232,754,280,724,255,61.131625458687175,43.29526265333488,188.0,113.6626447876448,84.0
