cell,fate,fate_id,method,purity,n_leaves,n_embryos
AB,mixed,11,founder,1.0,0,72
ABa,mixed,11,consensus,0.328,183,252
ABal,mixed,11,consensus,0.516,91,259
ABala,neuron,0,consensus,0.667,42,258
ABalaa,mixed,11,consensus,0.556,18,258
ABalaaa,mixed,11,consensus,0.5,10,258
ABalaaaa,neuron,0,consensus,0.75,4,258
ABalaaaal,mixed,11,consensus,0.5,2,257
ABalaaaala,neuron,0,consensus,1.0,1,233
ABalaaaalal,neuron,0,exact,1.0,1,1
ABalaaaalar,neuron,0,ancestor,1.0,1,1
ABalaaaalp,glia,5,consensus,1.0,1,233
ABalaaaalpa,glia,5,ancestor,1.0,1,2
ABalaaaalpaa,glia,5,ancestor,1.0,1,1
ABalaaaalpaaa,glia,5,ancestor,1.0,1,1
ABalaaaalpaap,glia,5,ancestor,1.0,1,1
ABalaaaalpap,glia,5,ancestor,1.0,1,1
ABalaaaalpp,glia,5,exact,1.0,1,2
ABalaaaalppa,glia,5,ancestor,1.0,1,1
ABalaaaalppp,glia,5,ancestor,1.0,1,1
ABalaaaar,neuron,0,consensus,1.0,2,257
ABalaaaarl,neuron,0,consensus,1.0,1,233
ABalaaaarla,neuron,0,ancestor,1.0,1,3
ABalaaaarlaa,neuron,0,ancestor,1.0,1,1
ABalaaaarlap,neuron,0,ancestor,1.0,1,1
ABalaaaarlapa,neuron,0,ancestor,1.0,1,1
ABalaaaarlapaa,neuron,0,ancestor,1.0,1,1
ABalaaaarlapap,neuron,0,ancestor,1.0,1,1
ABalaaaarlapp,neuron,0,ancestor,1.0,1,1
ABalaaaarlp,neuron,0,exact,1.0,1,3
ABalaaaarr,neuron,0,consensus,1.0,1,233
ABalaaaarra,neuron,0,ancestor,1.0,1,3
ABalaaaarraa,neuron,0,ancestor,1.0,1,1
ABalaaaarrap,neuron,0,ancestor,1.0,1,1
ABalaaaarrp,neuron,0,exact,1.0,1,3
ABalaaaarrpa,neuron,0,ancestor,1.0,1,1
ABalaaaarrpaa,neuron,0,ancestor,1.0,1,1
ABalaaaarrpaaa,neuron,0,ancestor,1.0,1,1
ABalaaaarrpaaaa,neuron,0,ancestor,1.0,1,1
ABalaaaarrpaaaaa,neuron,0,ancestor,1.0,1,1
ABalaaaarrpaaaaaa,neuron,0,ancestor,1.0,1,1
ABalaaaarrpaaaaap,neuron,0,ancestor,1.0,1,1
ABalaaaarrpaaaap,neuron,0,ancestor,1.0,1,1
ABalaaaarrpaaaapa,neuron,0,ancestor,1.0,1,1
ABalaaaarrpaaaapp,neuron,0,ancestor,1.0,1,1
ABalaaaarrpaaap,neuron,0,ancestor,1.0,1,1
ABalaaaarrpaaapa,neuron,0,ancestor,1.0,1,1
ABalaaaarrpaaapp,neuron,0,ancestor,1.0,1,1
ABalaaaarrpaap,neuron,0,ancestor,1.0,1,1
ABalaaaarrpaapa,neuron,0,ancestor,1.0,1,1
ABalaaaarrpaapp,neuron,0,ancestor,1.0,1,1
ABalaaaarrpaappa,neuron,0,ancestor,1.0,1,1
ABalaaaarrpaappp,neuron,0,ancestor,1.0,1,1
ABalaaaarrpap,neuron,0,ancestor,1.0,1,1
ABalaaaarrpp,neuron,0,ancestor,1.0,1,1
ABalaaaarrppa,neuron,0,ancestor,1.0,1,1
ABalaaaarrppp,neuron,0,ancestor,1.0,1,1
ABalaaap,glia,5,consensus,0.667,6,258
ABalaaapa,glia,5,consensus,0.667,3,257
ABalaaapal,mixed,11,consensus,0.5,2,233
ABalaaapall,glia,5,exact,1.0,1,3
ABalaaapalla,glia,5,ancestor,1.0,1,1
ABalaaapallaa,glia,5,ancestor,1.0,1,1
ABalaaapallaaa,glia,5,ancestor,1.0,1,1
ABalaaapallaap,glia,5,ancestor,1.0,1,1
ABalaaapallap,glia,5,ancestor,1.0,1,1
ABalaaapallp,glia,5,ancestor,1.0,1,1
ABalaaapallpa,glia,5,ancestor,1.0,1,1
ABalaaapallpaa,glia,5,ancestor,1.0,1,1
ABalaaapallpap,glia,5,ancestor,1.0,1,1
ABalaaapallpp,glia,5,ancestor,1.0,1,1
ABalaaapalr,neuron,0,exact,1.0,1,3
ABalaaapalra,neuron,0,ancestor,1.0,1,1
ABalaaapalrp,neuron,0,ancestor,1.0,1,1
ABalaaapalrpa,neuron,0,ancestor,1.0,1,1
ABalaaapalrpaa,neuron,0,ancestor,1.0,1,1
ABalaaapalrpap,neuron,0,ancestor,1.0,1,1
ABalaaapalrpp,neuron,0,ancestor,1.0,1,1
ABalaaapalrppa,neuron,0,ancestor,1.0,1,1
ABalaaapalrppp,neuron,0,ancestor,1.0,1,1
ABalaaapar,glia,5,consensus,1.0,1,233
ABalaaaparl,glia,5,ancestor,1.0,1,3
ABalaaaparla,glia,5,ancestor,1.0,1,1
ABalaaaparlp,glia,5,ancestor,1.0,1,1
ABalaaaparr,glia,5,exact,1.0,1,3
ABalaaaparra,glia,5,ancestor,1.0,1,1
ABalaaaparrp,glia,5,ancestor,1.0,1,1
ABalaaapp,glia,5,consensus,0.667,3,257
ABalaaappl,glia,5,consensus,1.0,1,233
ABalaaappll,glia,5,exact,1.0,1,2
ABalaaapplr,glia,5,ancestor,1.0,1,2
ABalaaappr,mixed,11,consensus,0.5,2,233
ABalaaapprl,neuron,0,exact,1.0,1,5
ABalaaapprla,neuron,0,ancestor,1.0,1,1
ABalaaapprlaa,neuron,0,ancestor,1.0,1,1
ABalaaapprlaaa,neuron,0,ancestor,1.0,1,1
ABalaaapprlaaaa,neuron,0,ancestor,1.0,1,1
ABalaaapprlaaaaa,neuron,0,ancestor,1.0,1,1
ABalaaapprlaaaap,neuron,0,ancestor,1.0,1,1
ABalaaapprlaaap,neuron,0,ancestor,1.0,1,1
ABalaaapprlaaapa,neuron,0,ancestor,1.0,1,1
ABalaaapprlaaapp,neuron,0,ancestor,1.0,1,1
ABalaaapprlaap,neuron,0,ancestor,1.0,1,1
ABalaaapprlaapa,neuron,0,ancestor,1.0,1,1
ABalaaapprlaapp,neuron,0,ancestor,1.0,1,1
ABalaaapprlap,neuron,0,ancestor,1.0,1,1
ABalaaapprlp,neuron,0,ancestor,1.0,1,1
ABalaaapprr,glia,5,exact,1.0,1,5
ABalaaapprra,glia,5,ancestor,1.0,1,2
ABalaaapprrp,glia,5,ancestor,1.0,1,2
ABalaaapprrpa,glia,5,ancestor,1.0,1,2
ABalaaapprrpp,glia,5,ancestor,1.0,1,2
ABalaap,neuron,0,consensus,0.625,8,258
ABalaapa,glia,5,consensus,0.667,3,258
ABalaapaa,mixed,11,consensus,0.5,2,256
ABalaapaaa,neuron,0,consensus,1.0,1,233
ABalaapaaal,neuron,0,ancestor,1.0,1,2
ABalaapaaar,neuron,0,exact,1.0,1,2
ABalaapaap,glia,5,consensus,1.0,1,233
ABalaapaapa,glia,5,ancestor,1.0,1,2
ABalaapaapp,glia,5,exact,1.0,1,2
ABalaapaappa,glia,5,ancestor,1.0,1,1
ABalaapaappp,glia,5,ancestor,1.0,1,1
ABalaapaapppa,glia,5,ancestor,1.0,1,1
ABalaapaapppaa,glia,5,ancestor,1.0,1,1
ABalaapaapppap,glia,5,ancestor,1.0,1,1
ABalaapaapppp,glia,5,ancestor,1.0,1,1
ABalaapaappppa,glia,5,ancestor,1.0,1,1
ABalaapaappppaa,glia,5,ancestor,1.0,1,1
ABalaapaappppap,glia,5,ancestor,1.0,1,1
ABalaapaappppapa,glia,5,ancestor,1.0,1,1
ABalaapaappppapp,glia,5,ancestor,1.0,1,1
ABalaapaappppp,glia,5,ancestor,1.0,1,1
ABalaapaapppppa,glia,5,ancestor,1.0,1,1
ABalaapaapppppp,glia,5,ancestor,1.0,1,1
ABalaapap,glia,5,consensus,1.0,1,256
ABalaapapa,glia,5,ancestor,1.0,1,232
ABalaapapaa,glia,5,ancestor,1.0,1,1
ABalaapapaaa,glia,5,ancestor,1.0,1,1
ABalaapapaap,glia,5,ancestor,1.0,1,1
ABalaapapaapa,glia,5,ancestor,1.0,1,1
ABalaapapaapp,glia,5,ancestor,1.0,1,1
ABalaapapap,glia,5,ancestor,1.0,1,1
ABalaapapp,glia,5,consensus,1.0,1,232
ABalaapappa,glia,5,ancestor,1.0,1,1
ABalaapappp,glia,5,exact,1.0,1,1
ABalaapapppa,glia,5,ancestor,1.0,1,1
ABalaapapppaa,glia,5,ancestor,1.0,1,1
ABalaapapppap,glia,5,ancestor,1.0,1,1
ABalaapapppp,glia,5,ancestor,1.0,1,1
ABalaapp,neuron,0,consensus,0.8,5,258
ABalaappa,mixed,11,consensus,0.5,2,256
ABalaappaa,mixed,11,ancestor,0.5,2,232
ABalaappaaa,mixed,11,ancestor,0.5,2,1
ABalaappaaaa,mixed,11,ancestor,0.5,2,1
ABalaappaaaaa,mixed,11,ancestor,0.5,2,1
ABalaappaaaap,mixed,11,ancestor,0.5,2,1
ABalaappaaaapa,mixed,11,ancestor,0.5,2,1
ABalaappaaaapp,mixed,11,ancestor,0.5,2,1
ABalaappaaap,mixed,11,ancestor,0.5,2,1
ABalaappaap,mixed,11,ancestor,0.5,2,1
ABalaappaapa,mixed,11,ancestor,0.5,2,1
ABalaappaapaa,mixed,11,ancestor,0.5,2,1
ABalaappaapap,mixed,11,ancestor,0.5,2,1
ABalaappaapp,mixed,11,ancestor,0.5,2,1
ABalaappap,mixed,11,consensus,0.5,2,232
ABalaappapa,neuron,0,exact,1.0,1,2
ABalaappapaa,neuron,0,ancestor,1.0,1,1
ABalaappapaaa,neuron,0,ancestor,1.0,1,1
ABalaappapaaaa,neuron,0,ancestor,1.0,1,1
ABalaappapaaap,neuron,0,ancestor,1.0,1,1
ABalaappapaaapa,neuron,0,ancestor,1.0,1,1
ABalaappapaaapaa,neuron,0,ancestor,1.0,1,1
ABalaappapaaapap,neuron,0,ancestor,1.0,1,1
ABalaappapaaapp,neuron,0,ancestor,1.0,1,1
ABalaappapaap,neuron,0,ancestor,1.0,1,1
ABalaappapaapa,neuron,0,ancestor,1.0,1,1
ABalaappapaapaa,neuron,0,ancestor,1.0,1,1
ABalaappapaapap,neuron,0,ancestor,1.0,1,1
ABalaappapaapp,neuron,0,ancestor,1.0,1,1
ABalaappapap,neuron,0,ancestor,1.0,1,1
ABalaappapp,glia,5,exact,1.0,1,2
ABalaappappa,glia,5,ancestor,1.0,1,2
ABalaappappaa,glia,5,ancestor,1.0,1,1
ABalaappappaaa,glia,5,ancestor,1.0,1,1
ABalaappappaap,glia,5,ancestor,1.0,1,1
ABalaappappap,glia,5,ancestor,1.0,1,1
ABalaappappp,glia,5,ancestor,1.0,1,2
ABalaappp,neuron,0,consensus,1.0,3,256
ABalaapppa,neuron,0,consensus,1.0,1,232
ABalaapppaa,neuron,0,exact,1.0,1,1
ABalaapppap,neuron,0,ancestor,1.0,1,1
ABalaapppp,neuron,0,consensus,1.0,2,232
ABalaappppa,neuron,0,consensus,1.0,1,3
ABalaappppaa,neuron,0,exact,1.0,1,1
ABalaappppaaa,neuron,0,ancestor,1.0,1,1
ABalaappppaap,neuron,0,ancestor,1.0,1,1
ABalaappppap,neuron,0,ancestor,1.0,1,1
ABalaappppp,neuron,0,exact,1.0,1,3
ABalap,neuron,0,consensus,0.75,24,258
ABalapa,neuron,0,consensus,0.75,12,258
ABalapaa,neuron,0,consensus,0.667,6,258
ABalapaaa,mixed,11,consensus,0.333,3,256
ABalapaaaa,neuron,0,consensus,1.0,1,232
ABalapaaap,mixed,11,consensus,0.5,2,232
ABalapaap,neuron,0,consensus,1.0,3,256
ABalapaapa,neuron,0,consensus,1.0,1,233
ABalapaapaa,neuron,0,exact,1.0,1,2
ABalapaapaaa,neuron,0,ancestor,1.0,1,1
ABalapaapaap,neuron,0,ancestor,1.0,1,1
ABalapaapap,neuron,0,ancestor,1.0,1,2
ABalapaapapa,neuron,0,ancestor,1.0,1,2
ABalapaapapaa,neuron,0,ancestor,1.0,1,1
ABalapaapapaaa,neuron,0,ancestor,1.0,1,1
ABalapaapapaap,neuron,0,ancestor,1.0,1,1
ABalapaapapap,neuron,0,ancestor,1.0,1,1
ABalapaapapp,neuron,0,ancestor,1.0,1,2
ABalapaapappa,neuron,0,ancestor,1.0,1,1
ABalapaapappaa,neuron,0,ancestor,1.0,1,1
ABalapaapappaaa,neuron,0,ancestor,1.0,1,1
ABalapaapappaap,neuron,0,ancestor,1.0,1,1
ABalapaapappap,neuron,0,ancestor,1.0,1,1
ABalapaapappapa,neuron,0,ancestor,1.0,1,1
ABalapaapappapp,neuron,0,ancestor,1.0,1,1
ABalapaapappp,neuron,0,ancestor,1.0,1,1
ABalapaapp,neuron,0,consensus,1.0,2,233
ABalapaappa,neuron,0,consensus,1.0,1,5
ABalapaappaa,neuron,0,exact,1.0,1,1
ABalapaappaaa,neuron,0,ancestor,1.0,1,1
ABalapaappaap,neuron,0,ancestor,1.0,1,1
ABalapaappap,neuron,0,ancestor,1.0,1,1
ABalapaappapa,neuron,0,ancestor,1.0,1,1
ABalapaappapp,neuron,0,ancestor,1.0,1,1
ABalapaappp,neuron,0,exact,1.0,1,5
ABalapaapppa,neuron,0,ancestor,1.0,1,1
ABalapaapppp,neuron,0,ancestor,1.0,1,1
ABalapaappppa,neuron,0,ancestor,1.0,1,1
ABalapaappppp,neuron,0,ancestor,1.0,1,1
ABalapap,neuron,0,consensus,0.833,6,258
ABalapapa,neuron,0,consensus,1.0,2,257
ABalapapaa,neuron,0,ancestor,1.0,2,233
ABalapapaaa,neuron,0,ancestor,1.0,2,1
ABalapapaap,neuron,0,ancestor,1.0,2,1
ABalapapap,neuron,0,consensus,1.0,2,233
ABalapapapa,neuron,0,consensus,1.0,1,3
ABalapapapaa,neuron,0,exact,1.0,1,1
ABalapapapaaa,neuron,0,ancestor,1.0,1,1
ABalapapapaaaa,neuron,0,ancestor,1.0,1,1
ABalapapapaaap,neuron,0,ancestor,1.0,1,1
ABalapapapaap,neuron,0,ancestor,1.0,1,1
ABalapapapaapa,neuron,0,ancestor,1.0,1,1
ABalapapapaapp,neuron,0,ancestor,1.0,1,1
ABalapapapap,neuron,0,ancestor,1.0,1,1
ABalapapapp,neuron,0,exact,1.0,1,3
ABalapapp,neuron,0,consensus,0.75,4,257
ABalapappa,neuron,0,consensus,1.0,2,232
ABalapappaa,neuron,0,consensus,1.0,1,11
ABalapappaaa,neuron,0,exact,1.0,1,1
ABalapappaaaa,neuron,0,ancestor,1.0,1,1
ABalapappaaaaa,neuron,0,ancestor,1.0,1,1
ABalapappaaaap,neuron,0,ancestor,1.0,1,1
ABalapappaaap,neuron,0,ancestor,1.0,1,1
ABalapappaap,neuron,0,ancestor,1.0,1,1
ABalapappaapa,neuron,0,ancestor,1.0,1,1
ABalapappaapaa,neuron,0,ancestor,1.0,1,1
ABalapappaapaaa,neuron,0,ancestor,1.0,1,1
ABalapappaapaaaa,neuron,0,ancestor,1.0,1,1
ABalapappaapaaap,neuron,0,ancestor,1.0,1,1
ABalapappaapaap,neuron,0,ancestor,1.0,1,1
ABalapappaapap,neuron,0,ancestor,1.0,1,1
ABalapappaapapa,neuron,0,ancestor,1.0,1,1
ABalapappaapapp,neuron,0,ancestor,1.0,1,1
ABalapappaapp,neuron,0,ancestor,1.0,1,1
ABalapappap,neuron,0,exact,1.0,1,11
ABalapappapa,neuron,0,ancestor,1.0,1,1
ABalapappapaa,neuron,0,ancestor,1.0,1,1
ABalapappapap,neuron,0,ancestor,1.0,1,1
ABalapappapapa,neuron,0,ancestor,1.0,1,1
ABalapappapapp,neuron,0,ancestor,1.0,1,1
ABalapappapp,neuron,0,ancestor,1.0,1,1
ABalapappp,mixed,11,consensus,0.5,2,232
ABalapapppa,neuron,0,exact,1.0,1,4
ABalapapppaa,neuron,0,ancestor,1.0,1,1
ABalapapppap,neuron,0,ancestor,1.0,1,1
ABalapapppp,glia,5,exact,1.0,1,4
ABalapp,neuron,0,consensus,0.75,12,258
ABalappa,mixed,11,consensus,0.5,4,258
ABalappaa,neuron,0,consensus,1.0,1,256
ABalappaaa,neuron,0,ancestor,1.0,1,228
ABalappaaaa,neuron,0,ancestor,1.0,1,1
ABalappaaap,neuron,0,ancestor,1.0,1,1
ABalappaap,neuron,0,consensus,1.0,1,228
ABalappap,mixed,11,consensus,0.333,3,256
ABalappapa,neuron,0,consensus,1.0,1,232
ABalappapp,mixed,11,consensus,0.5,2,232
ABalappappa,excretory,7,exact,1.0,1,4
ABalappappp,glia,5,exact,1.0,1,4
ABalappp,neuron,0,consensus,0.875,8,258
ABalapppa,neuron,0,consensus,1.0,4,257
ABalapppaa,neuron,0,consensus,1.0,2,233
ABalapppaaa,neuron,0,exact,1.0,1,3
ABalapppaaaa,neuron,0,ancestor,1.0,1,1
ABalapppaaap,neuron,0,ancestor,1.0,1,1
ABalapppaaapa,neuron,0,ancestor,1.0,1,1
ABalapppaaapaa,neuron,0,ancestor,1.0,1,1
ABalapppaaapap,neuron,0,ancestor,1.0,1,1
ABalapppaaapapa,neuron,0,ancestor,1.0,1,1
ABalapppaaapapaa,neuron,0,ancestor,1.0,1,1
ABalapppaaapapaaa,neuron,0,ancestor,1.0,1,1
ABalapppaaapapaap,neuron,0,ancestor,1.0,1,1
ABalapppaaapapap,neuron,0,ancestor,1.0,1,1
ABalapppaaapapp,neuron,0,ancestor,1.0,1,1
ABalapppaaapappa,neuron,0,ancestor,1.0,1,1
ABalapppaaapappp,neuron,0,ancestor,1.0,1,1
ABalapppaaapapppa,neuron,0,ancestor,1.0,1,1
ABalapppaaapapppp,neuron,0,ancestor,1.0,1,1
ABalapppaaapappppa,neuron,0,ancestor,1.0,1,1
ABalapppaaapappppp,neuron,0,ancestor,1.0,1,1
ABalapppaaapapppppa,neuron,0,ancestor,1.0,1,1
ABalapppaaapapppppp,neuron,0,ancestor,1.0,1,1
ABalapppaaapp,neuron,0,ancestor,1.0,1,1
ABalapppaap,neuron,0,exact,1.0,1,3
ABalapppaapa,neuron,0,ancestor,1.0,1,1
ABalapppaapp,neuron,0,ancestor,1.0,1,1
ABalapppap,neuron,0,consensus,1.0,2,233
ABalapppapa,neuron,0,consensus,1.0,1,5
ABalapppapp,neuron,0,exact,1.0,1,5
ABalapppp,neuron,0,consensus,0.75,4,257
ABalappppa,neuron,0,consensus,1.0,2,232
ABalappppaa,neuron,0,consensus,1.0,1,11
ABalappppap,neuron,0,exact,1.0,1,11
ABalappppp,mixed,11,consensus,0.5,2,232
ABalapppppa,neuron,0,exact,1.0,1,4
ABalapppppp,glia,5,exact,1.0,1,4
ABalp,mixed,11,consensus,0.388,49,258
ABalpa,pharynx,3,consensus,0.76,25,258
ABalpaa,pharynx,3,consensus,0.846,13,258
ABalpaaa,pharynx,3,consensus,1.0,5,258
ABalpaaaa,pharynx,3,consensus,1.0,3,257
ABalpaaaaa,pharynx,3,consensus,1.0,2,231
ABalpaaaaaa,pharynx,3,exact,1.0,1,1
ABalpaaaaaaa,pharynx,3,ancestor,1.0,1,1
ABalpaaaaaaaa,pharynx,3,ancestor,1.0,1,1
ABalpaaaaaaap,pharynx,3,ancestor,1.0,1,1
ABalpaaaaaap,pharynx,3,ancestor,1.0,1,1
ABalpaaaaap,pharynx,3,exact,1.0,1,1
ABalpaaaaapa,pharynx,3,ancestor,1.0,1,1
ABalpaaaaapaa,pharynx,3,ancestor,1.0,1,1
ABalpaaaaapaaa,pharynx,3,ancestor,1.0,1,1
ABalpaaaaapaap,pharynx,3,ancestor,1.0,1,1
ABalpaaaaapap,pharynx,3,ancestor,1.0,1,1
ABalpaaaaapp,pharynx,3,ancestor,1.0,1,1
ABalpaaaap,pharynx,3,consensus,1.0,1,231
ABalpaaaapa,pharynx,3,exact,1.0,1,1
ABalpaaaapaa,pharynx,3,ancestor,1.0,1,1
ABalpaaaapaaa,pharynx,3,ancestor,1.0,1,1
ABalpaaaapaaaa,pharynx,3,ancestor,1.0,1,1
ABalpaaaapaaaaa,pharynx,3,ancestor,1.0,1,1
ABalpaaaapaaaap,pharynx,3,ancestor,1.0,1,1
ABalpaaaapaaaapa,pharynx,3,ancestor,1.0,1,1
ABalpaaaapaaaapp,pharynx,3,ancestor,1.0,1,1
ABalpaaaapaaaappa,pharynx,3,ancestor,1.0,1,1
ABalpaaaapaaaappp,pharynx,3,ancestor,1.0,1,1
ABalpaaaapaaap,pharynx,3,ancestor,1.0,1,1
ABalpaaaapaap,pharynx,3,ancestor,1.0,1,1
ABalpaaaapaapa,pharynx,3,ancestor,1.0,1,1
ABalpaaaapaapp,pharynx,3,ancestor,1.0,1,1
ABalpaaaapaappa,pharynx,3,ancestor,1.0,1,1
ABalpaaaapaappaa,pharynx,3,ancestor,1.0,1,1
ABalpaaaapaappaaa,pharynx,3,ancestor,1.0,1,1
ABalpaaaapaappaap,pharynx,3,ancestor,1.0,1,1
ABalpaaaapaappap,pharynx,3,ancestor,1.0,1,1
ABalpaaaapaappp,pharynx,3,ancestor,1.0,1,1
ABalpaaaapap,pharynx,3,ancestor,1.0,1,1
ABalpaaaapp,pharynx,3,ancestor,1.0,1,1
ABalpaaap,pharynx,3,consensus,1.0,2,257
ABalpaaapa,pharynx,3,consensus,1.0,1,232
ABalpaaapaa,pharynx,3,exact,1.0,1,2
ABalpaaapap,pharynx,3,ancestor,1.0,1,2
ABalpaaapapa,pharynx,3,ancestor,1.0,1,1
ABalpaaapapp,pharynx,3,ancestor,1.0,1,1
ABalpaaapappa,pharynx,3,ancestor,1.0,1,1
ABalpaaapappp,pharynx,3,ancestor,1.0,1,1
ABalpaaapapppa,pharynx,3,ancestor,1.0,1,1
ABalpaaapapppp,pharynx,3,ancestor,1.0,1,1
ABalpaaapappppa,pharynx,3,ancestor,1.0,1,1
ABalpaaapappppaa,pharynx,3,ancestor,1.0,1,1
ABalpaaapappppap,pharynx,3,ancestor,1.0,1,1
ABalpaaapappppp,pharynx,3,ancestor,1.0,1,1
ABalpaaapp,pharynx,3,consensus,1.0,1,232
ABalpaaappa,pharynx,3,ancestor,1.0,1,1
ABalpaaappaa,pharynx,3,ancestor,1.0,1,1
ABalpaaappaaa,pharynx,3,ancestor,1.0,1,1
ABalpaaappaaaa,pharynx,3,ancestor,1.0,1,1
ABalpaaappaaap,pharynx,3,ancestor,1.0,1,1
ABalpaaappaaapa,pharynx,3,ancestor,1.0,1,1
ABalpaaappaaapp,pharynx,3,ancestor,1.0,1,1
ABalpaaappaap,pharynx,3,ancestor,1.0,1,1
ABalpaaappap,pharynx,3,ancestor,1.0,1,1
ABalpaaappapa,pharynx,3,ancestor,1.0,1,1
ABalpaaappapp,pharynx,3,ancestor,1.0,1,1
ABalpaaappappa,pharynx,3,ancestor,1.0,1,1
ABalpaaappappp,pharynx,3,ancestor,1.0,1,1
ABalpaaappp,pharynx,3,exact,1.0,1,1
ABalpaap,pharynx,3,consensus,0.75,8,258
ABalpaapa,pharynx,3,consensus,1.0,4,257
ABalpaapaa,pharynx,3,consensus,1.0,2,235
ABalpaapaaa,pharynx,3,exact,1.0,1,8
ABalpaapaaaa,pharynx,3,ancestor,1.0,1,1
ABalpaapaaap,pharynx,3,ancestor,1.0,1,1
ABalpaapaap,pharynx,3,exact,1.0,1,8
ABalpaapap,pharynx,3,consensus,1.0,2,235
ABalpaapapa,pharynx,3,exact,1.0,1,69
ABalpaapapp,pharynx,3,exact,1.0,1,69
ABalpaapappa,pharynx,3,ancestor,1.0,1,1
ABalpaapappaa,pharynx,3,ancestor,1.0,1,1
ABalpaapappap,pharynx,3,ancestor,1.0,1,1
ABalpaapappapa,pharynx,3,ancestor,1.0,1,1
ABalpaapappapaa,pharynx,3,ancestor,1.0,1,1
ABalpaapappapap,pharynx,3,ancestor,1.0,1,1
ABalpaapappapp,pharynx,3,ancestor,1.0,1,1
ABalpaapappp,pharynx,3,ancestor,1.0,1,1
ABalpaapp,mixed,11,consensus,0.5,4,257
ABalpaappa,pharynx,3,consensus,1.0,2,233
ABalpaappaa,pharynx,3,exact,1.0,1,2
ABalpaappaaa,pharynx,3,ancestor,1.0,1,1
ABalpaappaap,pharynx,3,ancestor,1.0,1,1
ABalpaappaapa,pharynx,3,ancestor,1.0,1,1
ABalpaappaapp,pharynx,3,ancestor,1.0,1,1
ABalpaappap,pharynx,3,exact,1.0,1,2
ABalpaappapa,pharynx,3,ancestor,1.0,1,1
ABalpaappapaa,pharynx,3,ancestor,1.0,1,1
ABalpaappapap,pharynx,3,ancestor,1.0,1,1
ABalpaappapp,pharynx,3,ancestor,1.0,1,1
ABalpaappappa,pharynx,3,ancestor,1.0,1,1
ABalpaappappp,pharynx,3,ancestor,1.0,1,1
ABalpaappp,hypodermis,2,consensus,1.0,2,233
ABalpaapppa,hypodermis,2,exact,1.0,1,2
ABalpaapppp,hypodermis,2,exact,1.0,1,2
ABalpaappppa,hypodermis,2,ancestor,1.0,1,1
ABalpaappppaa,hypodermis,2,ancestor,1.0,1,1
ABalpaappppap,hypodermis,2,ancestor,1.0,1,1
ABalpaappppapa,hypodermis,2,ancestor,1.0,1,1
ABalpaappppapp,hypodermis,2,ancestor,1.0,1,1
ABalpaappppappa,hypodermis,2,ancestor,1.0,1,1
ABalpaappppappp,hypodermis,2,ancestor,1.0,1,1
ABalpaappppapppa,hypodermis,2,ancestor,1.0,1,1
ABalpaappppapppp,hypodermis,2,ancestor,1.0,1,1
ABalpaappppp,hypodermis,2,ancestor,1.0,1,1
ABalpap,pharynx,3,consensus,0.667,12,258
ABalpapa,mixed,11,consensus,0.5,6,258
ABalpapaa,pharynx,3,consensus,0.667,3,257
ABalpapaaa,mixed,11,consensus,0.5,2,232
ABalpapaaaa,pharynx,3,exact,1.0,1,2
ABalpapaaap,hypodermis,2,exact,1.0,1,2
ABalpapaap,pharynx,3,consensus,1.0,1,232
ABalpapaapa,pharynx,3,exact,1.0,1,1
ABalpapaapaa,pharynx,3,ancestor,1.0,1,1
ABalpapaapap,pharynx,3,ancestor,1.0,1,1
ABalpapaapp,pharynx,3,ancestor,1.0,1,1
ABalpapap,neuron,0,consensus,1.0,3,257
ABalpapapa,neuron,0,consensus,1.0,2,232
ABalpapapaa,neuron,0,exact,1.0,1,8
ABalpapapaaa,neuron,0,ancestor,1.0,1,1
ABalpapapaap,neuron,0,ancestor,1.0,1,1
ABalpapapap,neuron,0,consensus,1.0,1,8
ABalpapapp,neuron,0,consensus,1.0,1,232
ABalpapappa,neuron,0,ancestor,1.0,1,3
ABalpapappaa,neuron,0,ancestor,1.0,1,1
ABalpapappap,neuron,0,ancestor,1.0,1,1
ABalpapappp,neuron,0,exact,1.0,1,3
ABalpapapppa,neuron,0,ancestor,1.0,1,1
ABalpapapppp,neuron,0,ancestor,1.0,1,1
ABalpapappppa,neuron,0,ancestor,1.0,1,1
ABalpapappppp,neuron,0,ancestor,1.0,1,1
ABalpapapppppa,neuron,0,ancestor,1.0,1,1
ABalpapapppppp,neuron,0,ancestor,1.0,1,1
ABalpapappppppa,neuron,0,ancestor,1.0,1,1
ABalpapappppppaa,neuron,0,ancestor,1.0,1,1
ABalpapappppppap,neuron,0,ancestor,1.0,1,1
ABalpapappppppp,neuron,0,ancestor,1.0,1,1
ABalpapp,pharynx,3,consensus,1.0,6,258
ABalpappa,pharynx,3,consensus,1.0,3,257
ABalpappaa,pharynx,3,consensus,1.0,1,236
ABalpappaaa,pharynx,3,ancestor,1.0,1,5
ABalpappaaaa,pharynx,3,ancestor,1.0,1,2
ABalpappaaap,pharynx,3,ancestor,1.0,1,2
ABalpappaaapa,pharynx,3,ancestor,1.0,1,1
ABalpappaaapaa,pharynx,3,ancestor,1.0,1,1
ABalpappaaapap,pharynx,3,ancestor,1.0,1,1
ABalpappaaapp,pharynx,3,ancestor,1.0,1,1
ABalpappaap,pharynx,3,consensus,1.0,1,5
ABalpappap,pharynx,3,consensus,1.0,2,236
ABalpappapa,pharynx,3,exact,1.0,1,21
ABalpappapaa,pharynx,3,ancestor,1.0,1,1
ABalpappapap,pharynx,3,ancestor,1.0,1,1
ABalpappapp,pharynx,3,exact,1.0,1,21
ABalpappp,pharynx,3,consensus,1.0,3,257
ABalpapppa,pharynx,3,consensus,1.0,1,236
ABalpapppaa,pharynx,3,exact,1.0,1,2
ABalpapppaaa,pharynx,3,ancestor,1.0,1,1
ABalpapppaap,pharynx,3,ancestor,1.0,1,1
ABalpapppaapa,pharynx,3,ancestor,1.0,1,1
ABalpapppaapp,pharynx,3,ancestor,1.0,1,1
ABalpapppap,pharynx,3,ancestor,1.0,1,2
ABalpapppapa,pharynx,3,ancestor,1.0,1,2
ABalpapppapp,pharynx,3,ancestor,1.0,1,2
ABalpapppp,pharynx,3,consensus,1.0,2,236
ABalpappppa,pharynx,3,exact,1.0,1,57
ABalpappppp,pharynx,3,exact,1.0,1,57
ABalpp,neuron,0,consensus,0.667,24,258
ABalppa,neuron,0,consensus,0.636,11,258
ABalppaa,glia,5,consensus,0.667,3,258
ABalppaaa,mixed,11,consensus,0.5,2,257
ABalppaaaa,mixed,11,ancestor,0.5,2,231
ABalppaaap,mixed,11,consensus,0.5,2,231
ABalppaaapa,neuron,0,exact,1.0,1,1
ABalppaaapp,glia,5,exact,1.0,1,1
ABalppaap,glia,5,consensus,1.0,1,257
ABalppaapa,glia,5,ancestor,1.0,1,232
ABalppaapaa,glia,5,ancestor,1.0,1,2
ABalppaapap,glia,5,ancestor,1.0,1,2
ABalppaapapa,glia,5,ancestor,1.0,1,1
ABalppaapapaa,glia,5,ancestor,1.0,1,1
ABalppaapapap,glia,5,ancestor,1.0,1,1
ABalppaapapp,glia,5,ancestor,1.0,1,1
ABalppaapp,glia,5,consensus,1.0,1,232
ABalppaappa,glia,5,ancestor,1.0,1,2
ABalppaappp,glia,5,exact,1.0,1,2
ABalppap,neuron,0,consensus,0.75,8,258
ABalppapa,mixed,11,consensus,0.5,4,257
ABalppapaa,mixed,11,consensus,0.5,2,233
ABalppapap,mixed,11,consensus,0.5,2,233
ABalppapapa,neuron,0,exact,1.0,1,2
ABalppapapp,glia,5,exact,1.0,1,2
ABalppapappa,glia,5,ancestor,1.0,1,1
ABalppapappaa,glia,5,ancestor,1.0,1,1
ABalppapappap,glia,5,ancestor,1.0,1,1
ABalppapappapa,glia,5,ancestor,1.0,1,1
ABalppapappapp,glia,5,ancestor,1.0,1,1
ABalppapappappa,glia,5,ancestor,1.0,1,1
ABalppapappappaa,glia,5,ancestor,1.0,1,1
ABalppapappappap,glia,5,ancestor,1.0,1,1
ABalppapappappp,glia,5,ancestor,1.0,1,1
ABalppapappp,glia,5,ancestor,1.0,1,1
ABalppapp,neuron,0,consensus,1.0,4,257
ABalppappa,neuron,0,consensus,1.0,2,233
ABalppappaa,neuron,0,exact,1.0,1,3
ABalppappaaa,neuron,0,ancestor,1.0,1,1
ABalppappaaaa,neuron,0,ancestor,1.0,1,1
ABalppappaaap,neuron,0,ancestor,1.0,1,1
ABalppappaaapa,neuron,0,ancestor,1.0,1,1
ABalppappaaapp,neuron,0,ancestor,1.0,1,1
ABalppappaaappa,neuron,0,ancestor,1.0,1,1
ABalppappaaappaa,neuron,0,ancestor,1.0,1,1
ABalppappaaappaaa,neuron,0,ancestor,1.0,1,1
ABalppappaaappaap,neuron,0,ancestor,1.0,1,1
ABalppappaaappap,neuron,0,ancestor,1.0,1,1
ABalppappaaappp,neuron,0,ancestor,1.0,1,1
ABalppappaaapppa,neuron,0,ancestor,1.0,1,1
ABalppappaaapppp,neuron,0,ancestor,1.0,1,1
ABalppappaap,neuron,0,ancestor,1.0,1,1
ABalppappap,neuron,0,exact,1.0,1,3
ABalppappp,neuron,0,consensus,1.0,2,233
ABalppapppa,neuron,0,consensus,1.0,1,10
ABalppapppaa,neuron,0,exact,1.0,1,1
ABalppapppap,neuron,0,ancestor,1.0,1,1
ABalppapppapa,neuron,0,ancestor,1.0,1,1
ABalppapppapp,neuron,0,ancestor,1.0,1,1
ABalppapppappa,neuron,0,ancestor,1.0,1,1
ABalppapppappp,neuron,0,ancestor,1.0,1,1
ABalppapppp,neuron,0,exact,1.0,1,10
ABalppappppa,neuron,0,ancestor,1.0,1,1
ABalppappppp,neuron,0,ancestor,1.0,1,1
ABalppp,neuron,0,consensus,0.692,13,258
ABalpppa,mixed,11,consensus,0.5,6,258
ABalpppaa,glia,5,consensus,0.667,3,257
ABalpppaaa,mixed,11,consensus,0.5,2,232
ABalpppaaaa,neuron,0,exact,1.0,1,1
ABalpppaaap,glia,5,exact,1.0,1,1
ABalpppaap,glia,5,consensus,1.0,1,232
ABalpppaapd,glia,5,exact,1.0,1,2
ABalpppaapv,glia,5,ancestor,1.0,1,2
ABalpppap,neuron,0,consensus,0.667,3,257
ABalpppapa,mixed,11,consensus,0.5,2,232
ABalpppapad,neuron,0,exact,1.0,1,2
ABalpppapav,glia,5,exact,1.0,1,2
ABalpppapp,neuron,0,consensus,1.0,1,232
ABalpppappa,neuron,0,ancestor,1.0,1,7
ABalpppappp,neuron,0,consensus,1.0,1,7
ABalpppp,neuron,0,consensus,0.857,7,258
ABalppppa,neuron,0,consensus,1.0,2,257
ABalppppaa,neuron,0,consensus,1.0,1,233
ABalppppaad,neuron,0,exact,1.0,1,3
ABalppppaav,neuron,0,ancestor,1.0,1,3
ABalppppap,neuron,0,consensus,1.0,1,233
ABalppppapa,neuron,0,consensus,1.0,1,5
ABalppppapaa,neuron,0,exact,1.0,1,1
ABalppppapap,neuron,0,ancestor,1.0,1,1
ABalppppapapa,neuron,0,ancestor,1.0,1,1
ABalppppapapaa,neuron,0,ancestor,1.0,1,1
ABalppppapapap,neuron,0,ancestor,1.0,1,1
ABalppppapapp,neuron,0,ancestor,1.0,1,1
ABalppppapp,neuron,0,ancestor,1.0,1,5
ABalppppp,neuron,0,consensus,0.8,5,257
ABalpppppa,mixed,11,consensus,0.5,2,235
ABalpppppaa,neuron,0,exact,1.0,1,7
ABalpppppap,glia,5,exact,1.0,1,7
ABalpppppp,neuron,0,consensus,1.0,3,235
ABalppppppa,neuron,0,consensus,1.0,1,45
ABalppppppaa,neuron,0,exact,1.0,1,1
ABalppppppaaa,neuron,0,ancestor,1.0,1,1
ABalppppppaaaa,neuron,0,ancestor,1.0,1,1
ABalppppppaaap,neuron,0,ancestor,1.0,1,1
ABalppppppaap,neuron,0,ancestor,1.0,1,1
ABalppppppaapa,neuron,0,ancestor,1.0,1,1
ABalppppppaapp,neuron,0,ancestor,1.0,1,1
ABalppppppap,neuron,0,ancestor,1.0,1,1
ABalppppppp,neuron,0,consensus,1.0,2,45
ABalpppppppa,neuron,0,exact,1.0,1,1
ABalpppppppp,neuron,0,exact,1.0,1,1
ABalppppppppa,neuron,0,ancestor,1.0,1,1
ABalppppppppp,neuron,0,ancestor,1.0,1,1
ABar,mixed,11,consensus,0.446,92,259
ABara,pharynx,3,consensus,0.745,55,258
ABaraa,pharynx,3,consensus,0.966,29,258
ABaraaa,pharynx,3,consensus,0.923,13,258
ABaraaaa,pharynx,3,consensus,1.0,5,258
ABaraaaaa,pharynx,3,consensus,1.0,4,256
ABaraaaaaa,pharynx,3,consensus,1.0,2,232
ABaraaaaaaa,pharynx,3,exact,1.0,1,2
ABaraaaaaaaa,pharynx,3,ancestor,1.0,1,1
ABaraaaaaaap,pharynx,3,ancestor,1.0,1,1
ABaraaaaaaapa,pharynx,3,ancestor,1.0,1,1
ABaraaaaaaapp,pharynx,3,ancestor,1.0,1,1
ABaraaaaaaappa,pharynx,3,ancestor,1.0,1,1
ABaraaaaaaappp,pharynx,3,ancestor,1.0,1,1
ABaraaaaaaapppa,pharynx,3,ancestor,1.0,1,1
ABaraaaaaaapppp,pharynx,3,ancestor,1.0,1,1
ABaraaaaaaappppa,pharynx,3,ancestor,1.0,1,1
ABaraaaaaaappppp,pharynx,3,ancestor,1.0,1,1
ABaraaaaaaapppppa,pharynx,3,ancestor,1.0,1,1
ABaraaaaaaapppppaa,pharynx,3,ancestor,1.0,1,1
ABaraaaaaaapppppaaa,pharynx,3,ancestor,1.0,1,1
ABaraaaaaaapppppaap,pharynx,3,ancestor,1.0,1,1
ABaraaaaaaapppppap,pharynx,3,ancestor,1.0,1,1
ABaraaaaaaapppppp,pharynx,3,ancestor,1.0,1,1
ABaraaaaaap,pharynx,3,exact,1.0,1,2
ABaraaaaap,pharynx,3,consensus,1.0,2,232
ABaraaaaapa,pharynx,3,exact,1.0,1,1
ABaraaaaapp,pharynx,3,exact,1.0,1,1
ABaraaaap,pharynx,3,consensus,1.0,1,256
ABaraaaapa,pharynx,3,consensus,1.0,1,230
ABaraaaapaa,pharynx,3,ancestor,1.0,1,1
ABaraaaapap,pharynx,3,exact,1.0,1,1
ABaraaaapp,pharynx,3,ancestor,1.0,1,230
ABaraaaappa,pharynx,3,ancestor,1.0,1,1
ABaraaaappp,pharynx,3,ancestor,1.0,1,1
ABaraaap,pharynx,3,consensus,0.875,8,258
ABaraaapa,pharynx,3,consensus,1.0,4,257
ABaraaapaa,pharynx,3,consensus,1.0,2,234
ABaraaapaaa,pharynx,3,exact,1.0,1,7
ABaraaapaap,pharynx,3,exact,1.0,1,7
ABaraaapap,pharynx,3,consensus,1.0,2,234
ABaraaapapa,pharynx,3,exact,1.0,1,29
ABaraaapapp,pharynx,3,exact,1.0,1,29
ABaraaapp,pharynx,3,consensus,0.75,4,257
ABaraaappa,pharynx,3,consensus,1.0,2,233
ABaraaappaa,pharynx,3,exact,1.0,1,1
ABaraaappap,pharynx,3,exact,1.0,1,1
ABaraaappp,mixed,11,consensus,0.5,2,233
ABaraaapppa,pharynx,3,exact,1.0,1,3
ABaraaapppp,hypodermis,2,exact,1.0,1,3
ABaraaappppa,hypodermis,2,ancestor,1.0,1,1
ABaraaappppp,hypodermis,2,ancestor,1.0,1,1
ABaraaapppppa,hypodermis,2,ancestor,1.0,1,1
ABaraaapppppp,hypodermis,2,ancestor,1.0,1,1
ABaraaappppppa,hypodermis,2,ancestor,1.0,1,1
ABaraaappppppaa,hypodermis,2,ancestor,1.0,1,1
ABaraaappppppap,hypodermis,2,ancestor,1.0,1,1
ABaraaappppppp,hypodermis,2,ancestor,1.0,1,1
ABaraaapppppppa,hypodermis,2,ancestor,1.0,1,1
ABaraaapppppppp,hypodermis,2,ancestor,1.0,1,1
ABaraap,pharynx,3,consensus,1.0,16,258
ABaraapa,pharynx,3,consensus,1.0,8,258
ABaraapaa,pharynx,3,consensus,1.0,4,257
ABaraapaaa,pharynx,3,consensus,1.0,2,231
ABaraapaap,pharynx,3,consensus,1.0,2,231
ABaraapaapa,pharynx,3,exact,1.0,1,7
ABaraapaapaa,pharynx,3,ancestor,1.0,1,1
ABaraapaapap,pharynx,3,ancestor,1.0,1,1
ABaraapaapapa,pharynx,3,ancestor,1.0,1,1
ABaraapaapapp,pharynx,3,ancestor,1.0,1,1
ABaraapaapp,pharynx,3,exact,1.0,1,7
ABaraapap,pharynx,3,consensus,1.0,4,257
ABaraapapa,pharynx,3,consensus,1.0,2,233
ABaraapapaa,pharynx,3,consensus,1.0,1,19
ABaraapapap,pharynx,3,exact,1.0,1,19
ABaraapapapa,pharynx,3,ancestor,1.0,1,1
ABaraapapapaa,pharynx,3,ancestor,1.0,1,1
ABaraapapapaaa,pharynx,3,ancestor,1.0,1,1
ABaraapapapaap,pharynx,3,ancestor,1.0,1,1
ABaraapapapaapa,pharynx,3,ancestor,1.0,1,1
ABaraapapapaapp,pharynx,3,ancestor,1.0,1,1
ABaraapapapaappa,pharynx,3,ancestor,1.0,1,1
ABaraapapapaappaa,pharynx,3,ancestor,1.0,1,1
ABaraapapapaappaaa,pharynx,3,ancestor,1.0,1,1
ABaraapapapaappaap,pharynx,3,ancestor,1.0,1,1
ABaraapapapaappap,pharynx,3,ancestor,1.0,1,1
ABaraapapapaappp,pharynx,3,ancestor,1.0,1,1
ABaraapapapap,pharynx,3,ancestor,1.0,1,1
ABaraapapapp,pharynx,3,ancestor,1.0,1,1
ABaraapapappa,pharynx,3,ancestor,1.0,1,1
ABaraapapappp,pharynx,3,ancestor,1.0,1,1
ABaraapapp,pharynx,3,consensus,1.0,2,233
ABaraapappa,pharynx,3,exact,1.0,1,2
ABaraapappp,pharynx,3,exact,1.0,1,2
ABaraapapppa,pharynx,3,ancestor,1.0,1,1
ABaraapapppp,pharynx,3,ancestor,1.0,1,1
ABaraapp,pharynx,3,consensus,1.0,8,258
ABaraappa,pharynx,3,consensus,1.0,4,257
ABaraappaa,pharynx,3,consensus,1.0,2,233
ABaraappaaa,pharynx,3,exact,1.0,1,2
ABaraappaaaa,pharynx,3,ancestor,1.0,1,1
ABaraappaaap,pharynx,3,ancestor,1.0,1,1
ABaraappaap,pharynx,3,exact,1.0,1,2
ABaraappaapa,pharynx,3,ancestor,1.0,1,1
ABaraappaapp,pharynx,3,ancestor,1.0,1,1
ABaraappaappa,pharynx,3,ancestor,1.0,1,1
ABaraappaappp,pharynx,3,ancestor,1.0,1,1
ABaraappap,pharynx,3,consensus,1.0,2,233
ABaraappapa,pharynx,3,exact,1.0,1,9
ABaraappapp,pharynx,3,exact,1.0,1,9
ABaraappp,pharynx,3,consensus,1.0,4,257
ABaraapppa,pharynx,3,consensus,1.0,2,234
ABaraapppaa,pharynx,3,consensus,1.0,1,28
ABaraapppap,pharynx,3,exact,1.0,1,28
ABaraapppapa,pharynx,3,ancestor,1.0,1,1
ABaraapppapp,pharynx,3,ancestor,1.0,1,1
ABaraapppp,pharynx,3,consensus,1.0,2,234
ABaraappppa,pharynx,3,exact,1.0,1,4
ABaraappppaa,pharynx,3,ancestor,1.0,1,2
ABaraappppaaa,pharynx,3,ancestor,1.0,1,1
ABaraappppaaaa,pharynx,3,ancestor,1.0,1,1
ABaraappppaaaaa,pharynx,3,ancestor,1.0,1,1
ABaraappppaaaaaa,pharynx,3,ancestor,1.0,1,1
ABaraappppaaaaap,pharynx,3,ancestor,1.0,1,1
ABaraappppaaaaapa,pharynx,3,ancestor,1.0,1,1
ABaraappppaaaaapp,pharynx,3,ancestor,1.0,1,1
ABaraappppaaaap,pharynx,3,ancestor,1.0,1,1
ABaraappppaaaapa,pharynx,3,ancestor,1.0,1,1
ABaraappppaaaapp,pharynx,3,ancestor,1.0,1,1
ABaraappppaaap,pharynx,3,ancestor,1.0,1,1
ABaraappppaap,pharynx,3,ancestor,1.0,1,1
ABaraappppaapa,pharynx,3,ancestor,1.0,1,1
ABaraappppaapp,pharynx,3,ancestor,1.0,1,1
ABaraappppaappa,pharynx,3,ancestor,1.0,1,1
ABaraappppaappp,pharynx,3,ancestor,1.0,1,1
ABaraappppap,pharynx,3,ancestor,1.0,1,2
ABaraappppapa,pharynx,3,ancestor,1.0,1,1
ABaraappppapp,pharynx,3,ancestor,1.0,1,1
ABaraappppp,pharynx,3,exact,1.0,1,4
ABaraapppppa,pharynx,3,ancestor,1.0,1,1
ABaraapppppp,pharynx,3,ancestor,1.0,1,1
ABarap,mixed,11,consensus,0.5,26,258
ABarapa,pharynx,3,consensus,1.0,12,258
ABarapaa,pharynx,3,consensus,1.0,6,258
ABarapaaa,pharynx,3,consensus,1.0,3,257
ABarapaaaa,pharynx,3,consensus,1.0,2,232
ABarapaaaaa,pharynx,3,exact,1.0,1,2
ABarapaaaap,pharynx,3,exact,1.0,1,2
ABarapaaaapa,pharynx,3,ancestor,1.0,1,1
ABarapaaaapaa,pharynx,3,ancestor,1.0,1,1
ABarapaaaapap,pharynx,3,ancestor,1.0,1,1
ABarapaaaapapa,pharynx,3,ancestor,1.0,1,1
ABarapaaaapapaa,pharynx,3,ancestor,1.0,1,1
ABarapaaaapapaaa,pharynx,3,ancestor,1.0,1,1
ABarapaaaapapaap,pharynx,3,ancestor,1.0,1,1
ABarapaaaapapap,pharynx,3,ancestor,1.0,1,1
ABarapaaaapapp,pharynx,3,ancestor,1.0,1,1
ABarapaaaapappa,pharynx,3,ancestor,1.0,1,1
ABarapaaaapappaa,pharynx,3,ancestor,1.0,1,1
ABarapaaaapappap,pharynx,3,ancestor,1.0,1,1
ABarapaaaapappp,pharynx,3,ancestor,1.0,1,1
ABarapaaaapp,pharynx,3,ancestor,1.0,1,1
ABarapaaap,pharynx,3,consensus,1.0,1,232
ABarapaaapa,pharynx,3,exact,1.0,1,2
ABarapaaapaa,pharynx,3,ancestor,1.0,1,1
ABarapaaapap,pharynx,3,ancestor,1.0,1,1
ABarapaaapapa,pharynx,3,ancestor,1.0,1,1
ABarapaaapapaa,pharynx,3,ancestor,1.0,1,1
ABarapaaapapap,pharynx,3,ancestor,1.0,1,1
ABarapaaapapp,pharynx,3,ancestor,1.0,1,1
ABarapaaapp,pharynx,3,ancestor,1.0,1,2
ABarapaaappa,pharynx,3,ancestor,1.0,1,1
ABarapaaappaa,pharynx,3,ancestor,1.0,1,1
ABarapaaappap,pharynx,3,ancestor,1.0,1,1
ABarapaaappp,pharynx,3,ancestor,1.0,1,1
ABarapaap,pharynx,3,consensus,1.0,3,257
ABarapaapa,pharynx,3,consensus,1.0,1,233
ABarapaapaa,pharynx,3,exact,1.0,1,1
ABarapaapaaa,pharynx,3,ancestor,1.0,1,1
ABarapaapaap,pharynx,3,ancestor,1.0,1,1
ABarapaapaapa,pharynx,3,ancestor,1.0,1,1
ABarapaapaapp,pharynx,3,ancestor,1.0,1,1
ABarapaapap,pharynx,3,ancestor,1.0,1,1
ABarapaapp,pharynx,3,consensus,1.0,2,233
ABarapaappa,pharynx,3,exact,1.0,1,13
ABarapaappp,pharynx,3,exact,1.0,1,13
ABarapap,pharynx,3,consensus,1.0,6,258
ABarapapa,pharynx,3,consensus,1.0,3,257
ABarapapaa,pharynx,3,consensus,1.0,1,233
ABarapapaaa,pharynx,3,ancestor,1.0,1,3
ABarapapaaaa,pharynx,3,ancestor,1.0,1,1
ABarapapaaap,pharynx,3,ancestor,1.0,1,1
ABarapapaaapa,pharynx,3,ancestor,1.0,1,1
ABarapapaaapp,pharynx,3,ancestor,1.0,1,1
ABarapapaaappa,pharynx,3,ancestor,1.0,1,1
ABarapapaaappp,pharynx,3,ancestor,1.0,1,1
ABarapapaap,pharynx,3,consensus,1.0,1,3
ABarapapap,pharynx,3,consensus,1.0,2,233
ABarapapapa,pharynx,3,exact,1.0,1,8
ABarapapapaa,pharynx,3,ancestor,1.0,1,2
ABarapapapaaa,pharynx,3,ancestor,1.0,1,1
ABarapapapaap,pharynx,3,ancestor,1.0,1,1
ABarapapapaapa,pharynx,3,ancestor,1.0,1,1
ABarapapapaapaa,pharynx,3,ancestor,1.0,1,1
ABarapapapaapap,pharynx,3,ancestor,1.0,1,1
ABarapapapaapp,pharynx,3,ancestor,1.0,1,1
ABarapapapap,pharynx,3,ancestor,1.0,1,2
ABarapapapp,pharynx,3,exact,1.0,1,8
ABarapapappa,pharynx,3,ancestor,1.0,1,2
ABarapapappp,pharynx,3,ancestor,1.0,1,2
ABarapapp,pharynx,3,consensus,1.0,3,257
ABarapappa,pharynx,3,consensus,1.0,1,237
ABarapappaa,pharynx,3,exact,1.0,1,2
ABarapappaaa,pharynx,3,ancestor,1.0,1,2
ABarapappaaaa,pharynx,3,ancestor,1.0,1,1
ABarapappaaap,pharynx,3,ancestor,1.0,1,1
ABarapappaaapa,pharynx,3,ancestor,1.0,1,1
ABarapappaaapaa,pharynx,3,ancestor,1.0,1,1
ABarapappaaapaaa,pharynx,3,ancestor,1.0,1,1
ABarapappaaapaaaa,pharynx,3,ancestor,1.0,1,1
ABarapappaaapaaaaa,pharynx,3,ancestor,1.0,1,1
ABarapappaaapaaaap,pharynx,3,ancestor,1.0,1,1
ABarapappaaapaaap,pharynx,3,ancestor,1.0,1,1
ABarapappaaapaaapa,pharynx,3,ancestor,1.0,1,1
ABarapappaaapaaapp,pharynx,3,ancestor,1.0,1,1
ABarapappaaapaap,pharynx,3,ancestor,1.0,1,1
ABarapappaaapap,pharynx,3,ancestor,1.0,1,1
ABarapappaaapp,pharynx,3,ancestor,1.0,1,1
ABarapappaap,pharynx,3,ancestor,1.0,1,2
ABarapappap,pharynx,3,ancestor,1.0,1,2
ABarapappapa,pharynx,3,ancestor,1.0,1,1
ABarapappapaa,pharynx,3,ancestor,1.0,1,1
ABarapappapaaa,pharynx,3,ancestor,1.0,1,1
ABarapappapaaaa,pharynx,3,ancestor,1.0,1,1
ABarapappapaaap,pharynx,3,ancestor,1.0,1,1
ABarapappapaap,pharynx,3,ancestor,1.0,1,1
ABarapappapap,pharynx,3,ancestor,1.0,1,1
ABarapappapp,pharynx,3,ancestor,1.0,1,1
ABarapappp,pharynx,3,consensus,1.0,2,237
ABarapapppa,pharynx,3,exact,1.0,1,41
ABarapapppp,pharynx,3,exact,1.0,1,41
ABarapappppa,pharynx,3,ancestor,1.0,1,1
ABarapappppp,pharynx,3,ancestor,1.0,1,1
ABarapapppppa,pharynx,3,ancestor,1.0,1,1
ABarapapppppaa,pharynx,3,ancestor,1.0,1,1
ABarapapppppaaa,pharynx,3,ancestor,1.0,1,1
ABarapapppppaaaa,pharynx,3,ancestor,1.0,1,1
ABarapapppppaaap,pharynx,3,ancestor,1.0,1,1
ABarapapppppaap,pharynx,3,ancestor,1.0,1,1
ABarapapppppap,pharynx,3,ancestor,1.0,1,1
ABarapapppppapa,pharynx,3,ancestor,1.0,1,1
ABarapapppppapp,pharynx,3,ancestor,1.0,1,1
ABarapapppppp,pharynx,3,ancestor,1.0,1,1
ABarapp,neuron,0,consensus,0.643,14,258
ABarappa,mixed,11,consensus,0.5,6,258
ABarappaa,mixed,11,consensus,0.5,2,256
ABarappaaa,pharynx,3,consensus,1.0,1,232
ABarappaaaa,pharynx,3,exact,1.0,1,3
ABarappaaap,pharynx,3,ancestor,1.0,1,3
ABarappaap,hypodermis,2,consensus,1.0,1,232
ABarappaapa,hypodermis,2,exact,1.0,1,4
ABarappaapaa,hypodermis,2,ancestor,1.0,1,1
ABarappaapaaa,hypodermis,2,ancestor,1.0,1,1
ABarappaapaap,hypodermis,2,ancestor,1.0,1,1
ABarappaapap,hypodermis,2,ancestor,1.0,1,1
ABarappaapapa,hypodermis,2,ancestor,1.0,1,1
ABarappaapapaa,hypodermis,2,ancestor,1.0,1,1
ABarappaapapaaa,hypodermis,2,ancestor,1.0,1,1
ABarappaapapaap,hypodermis,2,ancestor,1.0,1,1
ABarappaapapap,hypodermis,2,ancestor,1.0,1,1
ABarappaapapp,hypodermis,2,ancestor,1.0,1,1
ABarappaapp,hypodermis,2,ancestor,1.0,1,4
ABarappaappa,hypodermis,2,ancestor,1.0,1,1
ABarappaappp,hypodermis,2,ancestor,1.0,1,1
ABarappaapppa,hypodermis,2,ancestor,1.0,1,1
ABarappaapppp,hypodermis,2,ancestor,1.0,1,1
ABarappap,neuron,0,consensus,0.75,4,256
ABarappapa,neuron,0,consensus,1.0,2,232
ABarappapaa,neuron,0,exact,1.0,1,6
ABarappapap,neuron,0,consensus,1.0,1,6
ABarappapapa,neuron,0,ancestor,1.0,1,1
ABarappapapp,neuron,0,exact,1.0,1,1
ABarappapappa,neuron,0,ancestor,1.0,1,1
ABarappapappp,neuron,0,ancestor,1.0,1,1
ABarappapp,mixed,11,consensus,0.5,2,232
ABarappappa,muscle,1,exact,1.0,1,3
ABarappappp,neuron,0,exact,1.0,1,3
ABarappapppa,neuron,0,ancestor,1.0,1,1
ABarappapppp,neuron,0,ancestor,1.0,1,1
ABarappappppa,neuron,0,ancestor,1.0,1,1
ABarappappppp,neuron,0,ancestor,1.0,1,1
ABarappapppppa,neuron,0,ancestor,1.0,1,1
ABarappapppppp,neuron,0,ancestor,1.0,1,1
ABarappp,neuron,0,consensus,0.75,8,258
ABarapppa,mixed,11,consensus,0.5,4,257
ABarapppaa,mixed,11,consensus,0.5,2,233
ABarapppaaa,neuron,0,exact,1.0,1,1
ABarapppaap,glia,5,exact,1.0,1,1
ABarapppap,mixed,11,consensus,0.5,2,233
ABarapppapa,neuron,0,exact,1.0,1,2
ABarapppapp,glia,5,exact,1.0,1,2
ABarapppp,neuron,0,consensus,1.0,4,257
ABarappppa,neuron,0,consensus,1.0,2,233
ABarappppaa,neuron,0,exact,1.0,1,4
ABarappppaaa,neuron,0,ancestor,1.0,1,1
ABarappppaap,neuron,0,ancestor,1.0,1,1
ABarappppap,neuron,0,exact,1.0,1,4
ABarappppapa,neuron,0,ancestor,1.0,1,1
ABarappppapaa,neuron,0,ancestor,1.0,1,1
ABarappppapap,neuron,0,ancestor,1.0,1,1
ABarappppapapa,neuron,0,ancestor,1.0,1,1
ABarappppapapaa,neuron,0,ancestor,1.0,1,1
ABarappppapapap,neuron,0,ancestor,1.0,1,1
ABarappppapapp,neuron,0,ancestor,1.0,1,1
ABarappppapp,neuron,0,ancestor,1.0,1,1
ABarappppp,neuron,0,consensus,1.0,2,233
ABarapppppa,neuron,0,consensus,1.0,1,7
ABarapppppaa,neuron,0,exact,1.0,1,1
ABarapppppap,neuron,0,ancestor,1.0,1,1
ABarapppppp,neuron,0,exact,1.0,1,7
ABarappppppa,neuron,0,ancestor,1.0,1,1
ABarappppppp,neuron,0,ancestor,1.0,1,1
ABarp,mixed,11,consensus,0.541,37,258
ABarpa,mixed,11,consensus,0.5,20,258
ABarpaa,glia,5,consensus,0.6,10,258
ABarpaaa,glia,5,consensus,1.0,6,258
ABarpaaaa,glia,5,consensus,1.0,4,256
ABarpaaaaa,glia,5,consensus,1.0,2,232
ABarpaaaaal,glia,5,exact,1.0,1,1
ABarpaaaaar,glia,5,exact,1.0,1,1
ABarpaaaap,glia,5,consensus,1.0,2,232
ABarpaaap,glia,5,consensus,1.0,2,256
ABarpaaapa,glia,5,consensus,1.0,2,231
ABarpaaapaa,glia,5,exact,1.0,1,1
ABarpaaapap,glia,5,exact,1.0,1,1
ABarpaaapapa,glia,5,ancestor,1.0,1,1
ABarpaaapapaa,glia,5,ancestor,1.0,1,1
ABarpaaapapap,glia,5,ancestor,1.0,1,1
ABarpaaapapapa,glia,5,ancestor,1.0,1,1
ABarpaaapapapp,glia,5,ancestor,1.0,1,1
ABarpaaapapappa,glia,5,ancestor,1.0,1,1
ABarpaaapapappaa,glia,5,ancestor,1.0,1,1
ABarpaaapapappap,glia,5,ancestor,1.0,1,1
ABarpaaapapappapa,glia,5,ancestor,1.0,1,1
ABarpaaapapappapp,glia,5,ancestor,1.0,1,1
ABarpaaapapappp,glia,5,ancestor,1.0,1,1
ABarpaaapapapppa,glia,5,ancestor,1.0,1,1
ABarpaaapapapppp,glia,5,ancestor,1.0,1,1
ABarpaaapapp,glia,5,ancestor,1.0,1,1
ABarpaaapappa,glia,5,ancestor,1.0,1,1
ABarpaaapappp,glia,5,ancestor,1.0,1,1
ABarpaaapp,glia,5,ancestor,1.0,2,231
ABarpaap,hypodermis,2,consensus,1.0,4,258
ABarpaapa,hypodermis,2,consensus,1.0,2,257
ABarpaapaa,hypodermis,2,exact,1.0,1,233
ABarpaapaaa,hypodermis,2,ancestor,1.0,1,1
ABarpaapaap,hypodermis,2,ancestor,1.0,1,1
ABarpaapap,hypodermis,2,exact,1.0,1,233
ABarpaapp,hypodermis,2,consensus,1.0,2,257
ABarpaappa,hypodermis,2,exact,1.0,1,233
ABarpaappp,hypodermis,2,exact,1.0,1,233
ABarpap,hypodermis,2,consensus,0.6,10,258
ABarpapa,mixed,11,consensus,0.5,6,258
ABarpapaa,neuron,0,consensus,0.75,4,257
ABarpapaaa,mixed,11,consensus,0.5,2,232
ABarpapaaaa,neuron,0,exact,1.0,1,2
ABarpapaaaaa,neuron,0,ancestor,1.0,1,1
ABarpapaaaaaa,neuron,0,ancestor,1.0,1,1
ABarpapaaaaaaa,neuron,0,ancestor,1.0,1,1
ABarpapaaaaaaaa,neuron,0,ancestor,1.0,1,1
ABarpapaaaaaaaaa,neuron,0,ancestor,1.0,1,1
ABarpapaaaaaaaap,neuron,0,ancestor,1.0,1,1
ABarpapaaaaaaap,neuron,0,ancestor,1.0,1,1
ABarpapaaaaaap,neuron,0,ancestor,1.0,1,1
ABarpapaaaaap,neuron,0,ancestor,1.0,1,1
ABarpapaaaap,neuron,0,ancestor,1.0,1,1
ABarpapaaaapa,neuron,0,ancestor,1.0,1,1
ABarpapaaaapp,neuron,0,ancestor,1.0,1,1
ABarpapaaap,death,9,exact,1.0,1,2
ABarpapaaapa,death,9,ancestor,1.0,1,1
ABarpapaaapaa,death,9,ancestor,1.0,1,1
ABarpapaaapap,death,9,ancestor,1.0,1,1
ABarpapaaapapa,death,9,ancestor,1.0,1,1
ABarpapaaapapp,death,9,ancestor,1.0,1,1
ABarpapaaapappa,death,9,ancestor,1.0,1,1
ABarpapaaapappp,death,9,ancestor,1.0,1,1
ABarpapaaapp,death,9,ancestor,1.0,1,1
ABarpapaap,neuron,0,consensus,1.0,2,232
ABarpapaapa,neuron,0,ancestor,1.0,2,4
ABarpapaapp,neuron,0,consensus,1.0,2,4
ABarpapaappa,neuron,0,exact,1.0,1,1
ABarpapaappaa,neuron,0,ancestor,1.0,1,1
ABarpapaappap,neuron,0,ancestor,1.0,1,1
ABarpapaappp,neuron,0,exact,1.0,1,1
ABarpapaapppa,neuron,0,ancestor,1.0,1,1
ABarpapaapppaa,neuron,0,ancestor,1.0,1,1
ABarpapaapppap,neuron,0,ancestor,1.0,1,1
ABarpapaapppp,neuron,0,ancestor,1.0,1,1
ABarpapaappppa,neuron,0,ancestor,1.0,1,1
ABarpapaappppp,neuron,0,ancestor,1.0,1,1
ABarpapap,hypodermis,2,consensus,1.0,2,257
ABarpapapa,hypodermis,2,exact,1.0,1,232
ABarpapapp,hypodermis,2,exact,1.0,1,232
ABarpapappa,hypodermis,2,ancestor,1.0,1,2
ABarpapappp,hypodermis,2,ancestor,1.0,1,2
ABarpapapppa,hypodermis,2,ancestor,1.0,1,1
ABarpapapppp,hypodermis,2,ancestor,1.0,1,1
ABarpapappppa,hypodermis,2,ancestor,1.0,1,1
ABarpapappppp,hypodermis,2,ancestor,1.0,1,1
ABarpapp,hypodermis,2,consensus,1.0,4,258
ABarpappa,hypodermis,2,consensus,1.0,2,257
ABarpappaa,hypodermis,2,exact,1.0,1,233
ABarpappaaa,hypodermis,2,ancestor,1.0,1,1
ABarpappaaaa,hypodermis,2,ancestor,1.0,1,1
ABarpappaaap,hypodermis,2,ancestor,1.0,1,1
ABarpappaaapa,hypodermis,2,ancestor,1.0,1,1
ABarpappaaapp,hypodermis,2,ancestor,1.0,1,1
ABarpappaap,hypodermis,2,ancestor,1.0,1,1
ABarpappaapa,hypodermis,2,ancestor,1.0,1,1
ABarpappaapaa,hypodermis,2,ancestor,1.0,1,1
ABarpappaapap,hypodermis,2,ancestor,1.0,1,1
ABarpappaapp,hypodermis,2,ancestor,1.0,1,1
ABarpappaappa,hypodermis,2,ancestor,1.0,1,1
ABarpappaappaa,hypodermis,2,ancestor,1.0,1,1
ABarpappaappap,hypodermis,2,ancestor,1.0,1,1
ABarpappaappp,hypodermis,2,ancestor,1.0,1,1
ABarpappaapppa,hypodermis,2,ancestor,1.0,1,1
ABarpappaapppp,hypodermis,2,ancestor,1.0,1,1
ABarpappap,hypodermis,2,exact,1.0,1,233
ABarpappapa,hypodermis,2,ancestor,1.0,1,1
ABarpappapp,hypodermis,2,ancestor,1.0,1,1
ABarpappappa,hypodermis,2,ancestor,1.0,1,1
ABarpappappp,hypodermis,2,ancestor,1.0,1,1
ABarpappp,hypodermis,2,consensus,1.0,2,257
ABarpapppa,hypodermis,2,exact,1.0,1,232
ABarpapppaa,hypodermis,2,ancestor,1.0,1,1
ABarpapppap,hypodermis,2,ancestor,1.0,1,1
ABarpapppp,hypodermis,2,exact,1.0,1,232
ABarpappppa,hypodermis,2,ancestor,1.0,1,1
ABarpappppp,hypodermis,2,ancestor,1.0,1,1
ABarpp,mixed,11,consensus,0.588,17,258
ABarppa,hypodermis,2,consensus,0.625,8,258
ABarppaa,mixed,11,consensus,0.5,4,258
ABarppaaa,glia,5,consensus,1.0,2,256
ABarppaaaa,glia,5,exact,1.0,1,233
ABarppaaaaa,glia,5,ancestor,1.0,1,1
ABarppaaaaaa,glia,5,ancestor,1.0,1,1
ABarppaaaaap,glia,5,ancestor,1.0,1,1
ABarppaaaap,glia,5,ancestor,1.0,1,1
ABarppaaap,glia,5,exact,1.0,1,233
ABarppaap,mixed,11,consensus,0.5,2,256
ABarppaapa,hypodermis,2,exact,1.0,1,234
ABarppaapaa,hypodermis,2,ancestor,1.0,1,1
ABarppaapaaa,hypodermis,2,ancestor,1.0,1,1
ABarppaapaap,hypodermis,2,ancestor,1.0,1,1
ABarppaapap,hypodermis,2,ancestor,1.0,1,1
ABarppaapp,excretory,7,consensus,1.0,1,234
ABarppap,hypodermis,2,consensus,1.0,4,258
ABarppapa,hypodermis,2,consensus,1.0,2,256
ABarppapaa,hypodermis,2,exact,1.0,1,233
ABarppapap,hypodermis,2,exact,1.0,1,233
ABarppapp,hypodermis,2,consensus,1.0,2,256
ABarppappa,hypodermis,2,exact,1.0,1,233
ABarppappaa,hypodermis,2,ancestor,1.0,1,1
ABarppappap,hypodermis,2,ancestor,1.0,1,1
ABarppappp,hypodermis,2,exact,1.0,1,233
ABarppapppa,hypodermis,2,ancestor,1.0,1,1
ABarppapppp,hypodermis,2,ancestor,1.0,1,1
ABarppp,mixed,11,consensus,0.556,9,258
ABarpppa,mixed,11,consensus,0.4,5,258
ABarpppaa,glia,5,consensus,1.0,2,257
ABarpppaaa,glia,5,exact,1.0,1,234
ABarpppaap,glia,5,exact,1.0,1,234
ABarpppap,mixed,11,consensus,0.333,3,257
ABarpppapa,hypodermis,2,exact,1.0,1,234
ABarpppapp,mixed,11,consensus,0.5,2,234
ABarpppp,hypodermis,2,consensus,1.0,4,258
ABarppppa,hypodermis,2,consensus,1.0,2,256
ABarppppaa,hypodermis,2,exact,1.0,1,233
ABarppppap,hypodermis,2,exact,1.0,1,233
ABarppppp,hypodermis,2,consensus,1.0,2,256
ABarpppppa,hypodermis,2,exact,1.0,1,233
ABarpppppp,hypodermis,2,exact,1.0,1,233
ABarppppppa,hypodermis,2,ancestor,1.0,1,1
ABarppppppp,hypodermis,2,ancestor,1.0,1,1
ABp,mixed,11,consensus,0.448,210,252
ABpl,mixed,11,consensus,0.408,103,260
ABpla,mixed,11,consensus,0.455,44,260
ABplaa,mixed,11,consensus,0.5,22,260
ABplaaa,hypodermis,2,consensus,0.6,10,258
ABplaaaa,mixed,11,consensus,0.5,6,258
ABplaaaaa,neuron,0,consensus,0.75,4,257
ABplaaaaaa,mixed,11,consensus,0.5,2,232
ABplaaaaap,neuron,0,consensus,1.0,2,232
ABplaaaaapa,neuron,0,ancestor,1.0,2,7
ABplaaaaapaa,neuron,0,ancestor,1.0,2,1
ABplaaaaapap,neuron,0,ancestor,1.0,2,1
ABplaaaaapp,neuron,0,consensus,1.0,2,7
ABplaaaaappa,neuron,0,exact,1.0,1,1
ABplaaaaappp,neuron,0,exact,1.0,1,1
ABplaaaap,hypodermis,2,consensus,1.0,2,257
ABplaaaapa,hypodermis,2,exact,1.0,1,233
ABplaaaapp,hypodermis,2,exact,1.0,1,233
ABplaaap,hypodermis,2,consensus,1.0,4,258
ABplaaapa,hypodermis,2,consensus,1.0,2,257
ABplaaapaa,hypodermis,2,exact,1.0,1,232
ABplaaapaaa,hypodermis,2,ancestor,1.0,1,1
ABplaaapaaaa,hypodermis,2,ancestor,1.0,1,1
ABplaaapaaaaa,hypodermis,2,ancestor,1.0,1,1
ABplaaapaaaaaa,hypodermis,2,ancestor,1.0,1,1
ABplaaapaaaaap,hypodermis,2,ancestor,1.0,1,1
ABplaaapaaaap,hypodermis,2,ancestor,1.0,1,1
ABplaaapaaap,hypodermis,2,ancestor,1.0,1,1
ABplaaapaap,hypodermis,2,ancestor,1.0,1,1
ABplaaapap,hypodermis,2,exact,1.0,1,232
ABplaaapp,hypodermis,2,consensus,1.0,2,257
ABplaaappa,hypodermis,2,exact,1.0,1,232
ABplaaappaa,hypodermis,2,ancestor,1.0,1,1
ABplaaappaaa,hypodermis,2,ancestor,1.0,1,1
ABplaaappaap,hypodermis,2,ancestor,1.0,1,1
ABplaaappap,hypodermis,2,ancestor,1.0,1,1
ABplaaappapa,hypodermis,2,ancestor,1.0,1,1
ABplaaappapp,hypodermis,2,ancestor,1.0,1,1
ABplaaappappa,hypodermis,2,ancestor,1.0,1,1
ABplaaappappp,hypodermis,2,ancestor,1.0,1,1
ABplaaappp,hypodermis,2,exact,1.0,1,232
ABplaaapppa,hypodermis,2,ancestor,1.0,1,1
ABplaaapppp,hypodermis,2,ancestor,1.0,1,1
ABplaap,mixed,11,consensus,0.417,12,258
ABplaapa,mixed,11,consensus,0.5,8,258
ABplaapaa,mixed,11,consensus,0.5,4,257
ABplaapaaa,mixed,11,consensus,0.5,2,233
ABplaapaaaa,hypodermis,2,exact,1.0,1,2
ABplaapaaaaa,hypodermis,2,ancestor,1.0,1,1
ABplaapaaaaaa,hypodermis,2,ancestor,1.0,1,1
ABplaapaaaaaaa,hypodermis,2,ancestor,1.0,1,1
ABplaapaaaaaaaa,hypodermis,2,ancestor,1.0,1,1
ABplaapaaaaaaap,hypodermis,2,ancestor,1.0,1,1
ABplaapaaaaaaapa,hypodermis,2,ancestor,1.0,1,1
ABplaapaaaaaaapp,hypodermis,2,ancestor,1.0,1,1
ABplaapaaaaaap,hypodermis,2,ancestor,1.0,1,1
ABplaapaaaaaapa,hypodermis,2,ancestor,1.0,1,1
ABplaapaaaaaapp,hypodermis,2,ancestor,1.0,1,1
ABplaapaaaaap,hypodermis,2,ancestor,1.0,1,1
ABplaapaaaap,hypodermis,2,ancestor,1.0,1,1
ABplaapaaaapa,hypodermis,2,ancestor,1.0,1,1
ABplaapaaaapaa,hypodermis,2,ancestor,1.0,1,1
ABplaapaaaapap,hypodermis,2,ancestor,1.0,1,1
ABplaapaaaapapa,hypodermis,2,ancestor,1.0,1,1
ABplaapaaaapapaa,hypodermis,2,ancestor,1.0,1,1
ABplaapaaaapapap,hypodermis,2,ancestor,1.0,1,1
ABplaapaaaapapp,hypodermis,2,ancestor,1.0,1,1
ABplaapaaaapp,hypodermis,2,ancestor,1.0,1,1
ABplaapaaap,glia,5,exact,1.0,1,2
ABplaapaaapa,glia,5,ancestor,1.0,1,1
ABplaapaaapaa,glia,5,ancestor,1.0,1,1
ABplaapaaapap,glia,5,ancestor,1.0,1,1
ABplaapaaapapa,glia,5,ancestor,1.0,1,1
ABplaapaaapapp,glia,5,ancestor,1.0,1,1
ABplaapaaapappa,glia,5,ancestor,1.0,1,1
ABplaapaaapappp,glia,5,ancestor,1.0,1,1
ABplaapaaapp,glia,5,ancestor,1.0,1,1
ABplaapaaappa,glia,5,ancestor,1.0,1,1
ABplaapaaappp,glia,5,ancestor,1.0,1,1
ABplaapaap,mixed,11,consensus,0.5,2,233
ABplaapaapa,neuron,0,exact,1.0,1,5
ABplaapaapp,glia,5,exact,1.0,1,5
ABplaapap,neuron,0,consensus,0.75,4,257
ABplaapapa,mixed,11,consensus,0.5,2,232
ABplaapapp,neuron,0,consensus,1.0,2,232
ABplaapappa,neuron,0,exact,1.0,1,8
ABplaapappp,neuron,0,consensus,1.0,1,8
ABplaapp,hypodermis,2,consensus,1.0,4,258
ABplaappa,hypodermis,2,consensus,1.0,2,257
ABplaappaa,hypodermis,2,exact,1.0,1,232
ABplaappap,hypodermis,2,exact,1.0,1,232
ABplaappapa,hypodermis,2,ancestor,1.0,1,1
ABplaappapp,hypodermis,2,ancestor,1.0,1,1
ABplaappp,hypodermis,2,consensus,1.0,2,257
ABplaapppa,hypodermis,2,exact,1.0,1,234
ABplaapppaa,hypodermis,2,ancestor,1.0,1,1
ABplaapppap,hypodermis,2,ancestor,1.0,1,1
ABplaapppp,hypodermis,2,exact,1.0,1,234
ABplaappppa,hypodermis,2,ancestor,1.0,1,1
ABplaappppp,hypodermis,2,ancestor,1.0,1,1
ABplap,mixed,11,consensus,0.409,22,260
ABplapa,mixed,11,consensus,0.462,13,260
ABplapaa,neuron,0,consensus,0.714,7,260
ABplapaaa,neuron,0,consensus,1.0,5,259
ABplapaaaa,neuron,0,consensus,1.0,2,236
ABplapaaaaa,neuron,0,ancestor,1.0,2,4
ABplapaaaap,neuron,0,consensus,1.0,2,4
ABplapaaaapa,neuron,0,exact,1.0,1,1
ABplapaaaapp,neuron,0,exact,1.0,1,1
ABplapaaaappa,neuron,0,ancestor,1.0,1,1
ABplapaaaappp,neuron,0,ancestor,1.0,1,1
ABplapaaap,neuron,0,consensus,1.0,3,236
ABplapaaapa,neuron,0,consensus,1.0,2,6
ABplapaaapp,neuron,0,exact,1.0,1,6
ABplapaap,mixed,11,consensus,0.5,2,259
ABplapaapa,glia,5,exact,1.0,1,236
ABplapaapaa,glia,5,ancestor,1.0,1,1
ABplapaapap,glia,5,ancestor,1.0,1,1
ABplapaapp,hypodermis,2,exact,1.0,1,236
ABplapap,mixed,11,consensus,0.5,6,260
ABplapapa,hypodermis,2,consensus,0.667,3,259
ABplapapaa,mixed,11,consensus,0.5,2,236
ABplapapap,hypodermis,2,exact,1.0,1,236
ABplapapapa,hypodermis,2,ancestor,1.0,1,1
ABplapapapp,hypodermis,2,ancestor,1.0,1,1
ABplapapp,mixed,11,consensus,0.333,3,259
ABplapappa,hypodermis,2,exact,1.0,1,236
ABplapappp,mixed,11,consensus,0.5,2,236
ABplapapppa,mixed,11,ancestor,0.5,2,4
ABplapapppp,mixed,11,consensus,0.5,2,4
ABplapp,mixed,11,consensus,0.556,9,260
ABplappa,hypodermis,2,consensus,1.0,4,260
ABplappaa,hypodermis,2,consensus,1.0,2,259
ABplappaaa,hypodermis,2,exact,1.0,1,236
ABplappaaaa,hypodermis,2,ancestor,1.0,1,1
ABplappaaap,hypodermis,2,ancestor,1.0,1,1
ABplappaap,hypodermis,2,exact,1.0,1,236
ABplappaapa,hypodermis,2,ancestor,1.0,1,1
ABplappaapp,hypodermis,2,ancestor,1.0,1,1
ABplappap,hypodermis,2,consensus,1.0,2,259
ABplappapa,hypodermis,2,exact,1.0,1,235
ABplappapp,hypodermis,2,exact,1.0,1,235
ABplappp,mixed,11,consensus,0.4,5,260
ABplapppa,neuron,0,consensus,0.667,3,259
ABplapppaa,neuron,0,consensus,1.0,1,237
ABplapppaaa,neuron,0,exact,1.0,1,2
ABplapppaap,neuron,0,ancestor,1.0,1,2
ABplapppap,mixed,11,consensus,0.5,2,237
ABplapppapa,mixed,11,ancestor,0.5,2,5
ABplapppapaa,mixed,11,ancestor,0.5,2,1
ABplapppapap,mixed,11,ancestor,0.5,2,1
ABplapppapp,mixed,11,consensus,0.5,2,5
ABplapppappa,muscle,1,exact,1.0,1,1
ABplapppappp,neuron,0,exact,1.0,1,1
ABplapppp,mixed,11,consensus,0.5,2,259
ABplappppa,hypodermis,2,exact,1.0,1,236
ABplappppaa,hypodermis,2,ancestor,1.0,1,1
ABplappppap,hypodermis,2,ancestor,1.0,1,1
ABplappppp,glia,5,exact,1.0,1,236
ABplapppppa,glia,5,ancestor,1.0,1,1
ABplapppppp,glia,5,ancestor,1.0,1,1
ABplp,mixed,11,consensus,0.458,59,260
ABplpa,mixed,11,consensus,0.5,30,260
ABplpaa,neuron,0,consensus,0.625,16,258
ABplpaaa,mixed,11,consensus,0.5,8,258
ABplpaaaa,mixed,11,consensus,0.25,4,257
ABplpaaaaa,mixed,11,consensus,0.5,2,233
ABplpaaaaaa,neuron,0,exact,1.0,1,4
ABplpaaaaaaa,neuron,0,ancestor,1.0,1,1
ABplpaaaaaap,neuron,0,ancestor,1.0,1,1
ABplpaaaaaapa,neuron,0,ancestor,1.0,1,1
ABplpaaaaaapp,neuron,0,ancestor,1.0,1,1
ABplpaaaaaappa,neuron,0,ancestor,1.0,1,1
ABplpaaaaaappaa,neuron,0,ancestor,1.0,1,1
ABplpaaaaaappap,neuron,0,ancestor,1.0,1,1
ABplpaaaaaappp,neuron,0,ancestor,1.0,1,1
ABplpaaaaap,glia,5,exact,1.0,1,4
ABplpaaaaapa,glia,5,ancestor,1.0,1,1
ABplpaaaaapaa,glia,5,ancestor,1.0,1,1
ABplpaaaaapap,glia,5,ancestor,1.0,1,1
ABplpaaaaapp,glia,5,ancestor,1.0,1,1
ABplpaaaap,mixed,11,consensus,0.5,2,233
ABplpaaaapa,excretory,7,exact,1.0,1,11
ABplpaaaapaa,excretory,7,ancestor,1.0,1,2
ABplpaaaapaaa,excretory,7,ancestor,1.0,1,2
ABplpaaaapaaaa,excretory,7,ancestor,1.0,1,2
ABplpaaaapaaaaa,excretory,7,ancestor,1.0,1,1
ABplpaaaapaaaap,excretory,7,ancestor,1.0,1,1
ABplpaaaapaaap,excretory,7,ancestor,1.0,1,2
ABplpaaaapaap,excretory,7,ancestor,1.0,1,2
ABplpaaaapaapa,excretory,7,ancestor,1.0,1,1
ABplpaaaapaapp,excretory,7,ancestor,1.0,1,1
ABplpaaaapap,excretory,7,ancestor,1.0,1,2
ABplpaaaapapa,excretory,7,ancestor,1.0,1,2
ABplpaaaapapp,excretory,7,ancestor,1.0,1,2
ABplpaaaapappa,excretory,7,ancestor,1.0,1,1
ABplpaaaapappaa,excretory,7,ancestor,1.0,1,1
ABplpaaaapappap,excretory,7,ancestor,1.0,1,1
ABplpaaaapappapa,excretory,7,ancestor,1.0,1,1
ABplpaaaapappapp,excretory,7,ancestor,1.0,1,1
ABplpaaaapappp,excretory,7,ancestor,1.0,1,1
ABplpaaaapapppa,excretory,7,ancestor,1.0,1,1
ABplpaaaapapppaa,excretory,7,ancestor,1.0,1,1
ABplpaaaapapppap,excretory,7,ancestor,1.0,1,1
ABplpaaaapapppp,excretory,7,ancestor,1.0,1,1
ABplpaaaapappppa,excretory,7,ancestor,1.0,1,1
ABplpaaaapappppp,excretory,7,ancestor,1.0,1,1
ABplpaaaapp,muscle,1,exact,1.0,1,11
ABplpaaaappa,muscle,1,ancestor,1.0,1,1
ABplpaaaappaa,muscle,1,ancestor,1.0,1,1
ABplpaaaappap,muscle,1,ancestor,1.0,1,1
ABplpaaaappp,muscle,1,ancestor,1.0,1,1
ABplpaaap,neuron,0,consensus,0.75,4,257
ABplpaaapa,mixed,11,consensus,0.5,2,232
ABplpaaapaa,neuron,0,exact,1.0,1,1
ABplpaaapap,glia,5,exact,1.0,1,1
ABplpaaapp,neuron,0,consensus,1.0,2,232
ABplpaaappa,neuron,0,consensus,1.0,1,4
ABplpaaappp,neuron,0,exact,1.0,1,4
ABplpaap,neuron,0,consensus,0.75,8,258
ABplpaapa,mixed,11,consensus,0.5,4,257
ABplpaapaa,neuron,0,consensus,1.0,2,232
ABplpaapaaa,neuron,0,exact,1.0,1,1
ABplpaapaaaa,neuron,0,ancestor,1.0,1,1
ABplpaapaaaaa,neuron,0,ancestor,1.0,1,1
ABplpaapaaaap,neuron,0,ancestor,1.0,1,1
ABplpaapaaap,neuron,0,ancestor,1.0,1,1
ABplpaapaaapa,neuron,0,ancestor,1.0,1,1
ABplpaapaaapp,neuron,0,ancestor,1.0,1,1
ABplpaapaaappa,neuron,0,ancestor,1.0,1,1
ABplpaapaaappp,neuron,0,ancestor,1.0,1,1
ABplpaapaap,neuron,0,exact,1.0,1,1
ABplpaapaapa,neuron,0,ancestor,1.0,1,1
ABplpaapaapaa,neuron,0,ancestor,1.0,1,1
ABplpaapaapaaa,neuron,0,ancestor,1.0,1,1
ABplpaapaapaaaa,neuron,0,ancestor,1.0,1,1
ABplpaapaapaaap,neuron,0,ancestor,1.0,1,1
ABplpaapaapaaapa,neuron,0,ancestor,1.0,1,1
ABplpaapaapaaapp,neuron,0,ancestor,1.0,1,1
ABplpaapaapaap,neuron,0,ancestor,1.0,1,1
ABplpaapaapaapa,neuron,0,ancestor,1.0,1,1
ABplpaapaapaapaa,neuron,0,ancestor,1.0,1,1
ABplpaapaapaapap,neuron,0,ancestor,1.0,1,1
ABplpaapaapaapp,neuron,0,ancestor,1.0,1,1
ABplpaapaapaappa,neuron,0,ancestor,1.0,1,1
ABplpaapaapaappaa,neuron,0,ancestor,1.0,1,1
ABplpaapaapaappaaa,neuron,0,ancestor,1.0,1,1
ABplpaapaapaappaap,neuron,0,ancestor,1.0,1,1
ABplpaapaapaappap,neuron,0,ancestor,1.0,1,1
ABplpaapaapaappp,neuron,0,ancestor,1.0,1,1
ABplpaapaapaapppa,neuron,0,ancestor,1.0,1,1
ABplpaapaapaapppaa,neuron,0,ancestor,1.0,1,1
ABplpaapaapaapppap,neuron,0,ancestor,1.0,1,1
ABplpaapaapaapppp,neuron,0,ancestor,1.0,1,1
ABplpaapaapap,neuron,0,ancestor,1.0,1,1
ABplpaapaapp,neuron,0,ancestor,1.0,1,1
ABplpaapaappa,neuron,0,ancestor,1.0,1,1
ABplpaapaappp,neuron,0,ancestor,1.0,1,1
ABplpaapaapppa,neuron,0,ancestor,1.0,1,1
ABplpaapaapppp,neuron,0,ancestor,1.0,1,1
ABplpaapap,mixed,11,consensus,0.5,2,232
ABplpaapapa,glia,5,exact,1.0,1,1
ABplpaapapaa,glia,5,ancestor,1.0,1,1
ABplpaapapaaa,glia,5,ancestor,1.0,1,1
ABplpaapapaap,glia,5,ancestor,1.0,1,1
ABplpaapapap,glia,5,ancestor,1.0,1,1
ABplpaapapp,death,9,exact,1.0,1,1
ABplpaapappa,death,9,ancestor,1.0,1,1
ABplpaapappaa,death,9,ancestor,1.0,1,1
ABplpaapappaaa,death,9,ancestor,1.0,1,1
ABplpaapappaap,death,9,ancestor,1.0,1,1
ABplpaapappaapa,death,9,ancestor,1.0,1,1
ABplpaapappaapp,death,9,ancestor,1.0,1,1
ABplpaapappap,death,9,ancestor,1.0,1,1
ABplpaapappp,death,9,ancestor,1.0,1,1
ABplpaapapppa,death,9,ancestor,1.0,1,1
ABplpaapapppp,death,9,ancestor,1.0,1,1
ABplpaapp,neuron,0,consensus,1.0,4,257
ABplpaappa,neuron,0,consensus,1.0,2,233
ABplpaappaa,neuron,0,exact,1.0,1,6
ABplpaappap,neuron,0,exact,1.0,1,6
ABplpaappp,neuron,0,consensus,1.0,2,233
ABplpaapppa,neuron,0,exact,1.0,1,10
ABplpaapppaa,neuron,0,ancestor,1.0,1,1
ABplpaapppap,neuron,0,ancestor,1.0,1,1
ABplpaapppapa,neuron,0,ancestor,1.0,1,1
ABplpaapppapp,neuron,0,ancestor,1.0,1,1
ABplpaapppp,neuron,0,consensus,1.0,1,10
ABplpaappppa,neuron,0,exact,1.0,1,1
ABplpaappppp,neuron,0,ancestor,1.0,1,1
ABplpaapppppa,neuron,0,ancestor,1.0,1,1
ABplpaapppppp,neuron,0,ancestor,1.0,1,1
ABplpap,mixed,11,consensus,0.357,14,258
ABplpapa,mixed,11,consensus,0.375,8,258
ABplpapaa,mixed,11,consensus,0.5,4,257
ABplpapaaa,neuron,0,consensus,1.0,2,233
ABplpapaaaa,neuron,0,exact,1.0,1,3
ABplpapaaap,neuron,0,exact,1.0,1,3
ABplpapaap,other,10,consensus,1.0,2,233
ABplpapaapa,other,10,exact,1.0,1,3
ABplpapaapp,other,10,exact,1.0,1,3
ABplpapaappa,other,10,ancestor,1.0,1,1
ABplpapaappaa,other,10,ancestor,1.0,1,1
ABplpapaappap,other,10,ancestor,1.0,1,1
ABplpapaappp,other,10,ancestor,1.0,1,1
ABplpapaapppa,other,10,ancestor,1.0,1,1
ABplpapaapppp,other,10,ancestor,1.0,1,1
ABplpapaappppa,other,10,ancestor,1.0,1,1
ABplpapaappppaa,other,10,ancestor,1.0,1,1
ABplpapaappppap,other,10,ancestor,1.0,1,1
ABplpapaappppp,other,10,ancestor,1.0,1,1
ABplpapaapppppa,other,10,ancestor,1.0,1,1
ABplpapaapppppp,other,10,ancestor,1.0,1,1
ABplpapap,mixed,11,consensus,0.25,4,257
ABplpapapa,mixed,11,consensus,0.5,2,233
ABplpapapaa,excretory,7,exact,1.0,1,6
ABplpapapap,neuron,0,exact,1.0,1,6
ABplpapapapa,neuron,0,ancestor,1.0,1,1
ABplpapapapp,neuron,0,ancestor,1.0,1,1
ABplpapapappa,neuron,0,ancestor,1.0,1,1
ABplpapapappp,neuron,0,ancestor,1.0,1,1
ABplpapapp,mixed,11,consensus,0.5,2,233
ABplpapappa,other,10,exact,1.0,1,5
ABplpapappaa,other,10,ancestor,1.0,1,1
ABplpapappaaa,other,10,ancestor,1.0,1,1
ABplpapappaaaa,other,10,ancestor,1.0,1,1
ABplpapappaaap,other,10,ancestor,1.0,1,1
ABplpapappaap,other,10,ancestor,1.0,1,1
ABplpapappap,other,10,ancestor,1.0,1,1
ABplpapappp,muscle,1,exact,1.0,1,5
ABplpapp,mixed,11,consensus,0.333,6,258
ABplpappa,mixed,11,consensus,0.5,2,257
ABplpappaa,mixed,11,consensus,0.5,2,236
ABplpappaaa,neuron,0,exact,1.0,1,28
ABplpappaap,excretory,7,exact,1.0,1,28
ABplpappaapa,excretory,7,ancestor,1.0,1,2
ABplpappaapaa,excretory,7,ancestor,1.0,1,1
ABplpappaapaaa,excretory,7,ancestor,1.0,1,1
ABplpappaapaap,excretory,7,ancestor,1.0,1,1
ABplpappaapaapa,excretory,7,ancestor,1.0,1,1
ABplpappaapaapp,excretory,7,ancestor,1.0,1,1
ABplpappaapap,excretory,7,ancestor,1.0,1,1
ABplpappaapp,excretory,7,ancestor,1.0,1,2
ABplpappap,mixed,11,ancestor,0.5,2,236
ABplpappapa,mixed,11,ancestor,0.5,2,2
ABplpappapaa,mixed,11,ancestor,0.5,2,1
ABplpappapap,mixed,11,ancestor,0.5,2,1
ABplpappapapa,mixed,11,ancestor,0.5,2,1
ABplpappapapp,mixed,11,ancestor,0.5,2,1
ABplpappapappa,mixed,11,ancestor,0.5,2,1
ABplpappapappp,mixed,11,ancestor,0.5,2,1
ABplpappapp,mixed,11,ancestor,0.5,2,2
ABplpappp,mixed,11,consensus,0.5,4,257
ABplpapppa,other,10,consensus,1.0,2,231
ABplpapppaa,other,10,exact,1.0,1,3
ABplpapppap,other,10,exact,1.0,1,3
ABplpapppp,mixed,11,consensus,0.5,2,231
ABplpappppa,neuron,0,exact,1.0,1,2
ABplpappppp,intestine,4,exact,1.0,1,2
ABplpapppppa,intestine,4,ancestor,1.0,1,1
ABplpapppppp,intestine,4,ancestor,1.0,1,1
ABplpp,mixed,11,consensus,0.414,29,260
ABplppa,mixed,11,consensus,0.571,14,260
ABplppaa,neuron,0,consensus,0.6,5,260
ABplppaaa,mixed,11,consensus,0.5,2,258
ABplppaaaa,mixed,11,consensus,0.5,2,234
ABplppaaaaa,other,10,exact,1.0,1,4
ABplppaaaap,neuron,0,consensus,1.0,1,4
ABplppaaaapa,neuron,0,ancestor,1.0,1,1
ABplppaaaapp,neuron,0,exact,1.0,1,1
ABplppaaaappa,neuron,0,ancestor,1.0,1,1
ABplppaaaappp,neuron,0,ancestor,1.0,1,1
ABplppaaaapppa,neuron,0,ancestor,1.0,1,1
ABplppaaaapppaa,neuron,0,ancestor,1.0,1,1
ABplppaaaapppap,neuron,0,ancestor,1.0,1,1
ABplppaaaapppp,neuron,0,ancestor,1.0,1,1
ABplppaaaappppa,neuron,0,ancestor,1.0,1,1
ABplppaaaappppp,neuron,0,ancestor,1.0,1,1
ABplppaaap,mixed,11,ancestor,0.5,2,234
ABplppaaapa,mixed,11,ancestor,0.5,2,1
ABplppaaapaa,mixed,11,ancestor,0.5,2,1
ABplppaaapap,mixed,11,ancestor,0.5,2,1
ABplppaaapp,mixed,11,ancestor,0.5,2,1
ABplppaap,neuron,0,consensus,0.667,3,258
ABplppaapa,neuron,0,consensus,1.0,1,234
ABplppaapaa,neuron,0,ancestor,1.0,1,3
ABplppaapap,neuron,0,exact,1.0,1,3
ABplppaapp,mixed,11,consensus,0.5,2,234
ABplppaappa,neuron,0,exact,1.0,1,4
ABplppaappaa,neuron,0,ancestor,1.0,1,1
ABplppaappap,neuron,0,ancestor,1.0,1,1
ABplppaappp,muscle,1,exact,1.0,1,4
ABplppaapppa,muscle,1,ancestor,1.0,1,1
ABplppaapppp,muscle,1,ancestor,1.0,1,1
ABplppap,mixed,11,consensus,0.556,9,260
ABplppapa,muscle,1,consensus,0.8,5,259
ABplppapaa,muscle,1,consensus,0.667,3,235
ABplppapaaa,mixed,11,consensus,0.5,2,3
ABplppapaaaa,muscle,1,exact,1.0,1,1
ABplppapaaaaa,muscle,1,ancestor,1.0,1,1
ABplppapaaaap,muscle,1,ancestor,1.0,1,1
ABplppapaaaapa,muscle,1,ancestor,1.0,1,1
ABplppapaaaapaa,muscle,1,ancestor,1.0,1,1
ABplppapaaaapap,muscle,1,ancestor,1.0,1,1
ABplppapaaaapp,muscle,1,ancestor,1.0,1,1
ABplppapaaap,neuron,0,exact,1.0,1,1
ABplppapaap,muscle,1,exact,1.0,1,3
ABplppapap,muscle,1,consensus,1.0,2,235
ABplppapapa,muscle,1,exact,1.0,1,4
ABplppapapaa,muscle,1,ancestor,1.0,1,1
ABplppapapaaa,muscle,1,ancestor,1.0,1,1
ABplppapapaaaa,muscle,1,ancestor,1.0,1,1
ABplppapapaaap,muscle,1,ancestor,1.0,1,1
ABplppapapaap,muscle,1,ancestor,1.0,1,1
ABplppapapap,muscle,1,ancestor,1.0,1,1
ABplppapapp,muscle,1,exact,1.0,1,4
ABplppapp,neuron,0,consensus,1.0,4,259
ABplppappa,neuron,0,consensus,1.0,2,235
ABplppappaa,neuron,0,exact,1.0,1,4
ABplppappaaa,neuron,0,ancestor,1.0,1,1
ABplppappaap,neuron,0,ancestor,1.0,1,1
ABplppappap,neuron,0,exact,1.0,1,4
ABplppappapa,neuron,0,ancestor,1.0,1,2
ABplppappapaa,neuron,0,ancestor,1.0,1,2
ABplppappapap,neuron,0,ancestor,1.0,1,2
ABplppappapapa,neuron,0,ancestor,1.0,1,1
ABplppappapapp,neuron,0,ancestor,1.0,1,1
ABplppappapp,neuron,0,ancestor,1.0,1,2
ABplppappp,neuron,0,consensus,1.0,2,235
ABplppapppa,neuron,0,exact,1.0,1,4
ABplppapppaa,neuron,0,ancestor,1.0,1,1
ABplppapppaaa,neuron,0,ancestor,1.0,1,1
ABplppapppaap,neuron,0,ancestor,1.0,1,1
ABplppapppaapa,neuron,0,ancestor,1.0,1,1
ABplppapppaapaa,neuron,0,ancestor,1.0,1,1
ABplppapppaapaaa,neuron,0,ancestor,1.0,1,1
ABplppapppaapaap,neuron,0,ancestor,1.0,1,1
ABplppapppaapap,neuron,0,ancestor,1.0,1,1
ABplppapppaapp,neuron,0,ancestor,1.0,1,1
ABplppapppaappa,neuron,0,ancestor,1.0,1,1
ABplppapppaappp,neuron,0,ancestor,1.0,1,1
ABplppapppap,neuron,0,ancestor,1.0,1,1
ABplppapppp,neuron,0,exact,1.0,1,4
ABplppappppa,neuron,0,ancestor,1.0,1,1
ABplppappppaa,neuron,0,ancestor,1.0,1,1
ABplppappppap,neuron,0,ancestor,1.0,1,1
ABplppappppp,neuron,0,ancestor,1.0,1,1
ABplppapppppa,neuron,0,ancestor,1.0,1,1
ABplppapppppp,neuron,0,ancestor,1.0,1,1
ABplppp,mixed,11,consensus,0.267,15,260
ABplpppa,mixed,11,consensus,0.429,7,260
ABplpppaa,neuron,0,consensus,0.6,5,259
ABplpppaaa,muscle,1,consensus,1.0,2,234
ABplpppaaaa,muscle,1,exact,1.0,1,3
ABplpppaaap,muscle,1,exact,1.0,1,3
ABplpppaap,neuron,0,consensus,1.0,3,234
ABplpppaapa,neuron,0,consensus,1.0,2,5
ABplpppaapp,neuron,0,exact,1.0,1,5
ABplpppap,mixed,11,consensus,0.5,2,259
ABplpppapa,mixed,11,consensus,0.5,2,234
ABplpppapaa,glia,5,exact,1.0,1,13
ABplpppapaaa,glia,5,ancestor,1.0,1,1
ABplpppapaaaa,glia,5,ancestor,1.0,1,1
ABplpppapaaap,glia,5,ancestor,1.0,1,1
ABplpppapaap,glia,5,ancestor,1.0,1,1
ABplpppapap,hypodermis,2,exact,1.0,1,13
ABplpppapp,mixed,11,ancestor,0.5,2,234
ABplpppappa,mixed,11,ancestor,0.5,2,3
ABplpppappaa,mixed,11,ancestor,0.5,2,1
ABplpppappap,mixed,11,ancestor,0.5,2,1
ABplpppappp,mixed,11,ancestor,0.5,2,3
ABplpppapppa,mixed,11,ancestor,0.5,2,1
ABplpppapppaa,mixed,11,ancestor,0.5,2,1
ABplpppapppaaa,mixed,11,ancestor,0.5,2,1
ABplpppapppaaaa,mixed,11,ancestor,0.5,2,1
ABplpppapppaaaaa,mixed,11,ancestor,0.5,2,1
ABplpppapppaaaaaa,mixed,11,ancestor,0.5,2,1
ABplpppapppaaaaap,mixed,11,ancestor,0.5,2,1
ABplpppapppaaaap,mixed,11,ancestor,0.5,2,1
ABplpppapppaaap,mixed,11,ancestor,0.5,2,1
ABplpppapppaap,mixed,11,ancestor,0.5,2,1
ABplpppapppap,mixed,11,ancestor,0.5,2,1
ABplpppapppp,mixed,11,ancestor,0.5,2,1
ABplpppappppa,mixed,11,ancestor,0.5,2,1
ABplpppappppaa,mixed,11,ancestor,0.5,2,1
ABplpppappppap,mixed,11,ancestor,0.5,2,1
ABplpppappppapa,mixed,11,ancestor,0.5,2,1
ABplpppappppapp,mixed,11,ancestor,0.5,2,1
ABplpppappppp,mixed,11,ancestor,0.5,2,1
ABplpppapppppa,mixed,11,ancestor,0.5,2,1
ABplpppapppppp,mixed,11,ancestor,0.5,2,1
ABplpppp,mixed,11,consensus,0.25,8,260
ABplppppa,mixed,11,consensus,0.5,4,259
ABplppppaa,mixed,11,consensus,0.5,2,235
ABplppppaaa,neuron,0,exact,1.0,1,9
ABplppppaap,intestine,4,exact,1.0,1,9
ABplppppap,other,10,consensus,1.0,2,235
ABplppppapa,other,10,exact,1.0,1,8
ABplppppapp,other,10,exact,1.0,1,8
ABplppppp,mixed,11,consensus,0.5,4,259
ABplpppppa,mixed,11,consensus,0.5,2,235
ABplpppppaa,intestine,4,exact,1.0,1,7
ABplpppppap,muscle,1,exact,1.0,1,7
ABplpppppp,hypodermis,2,consensus,1.0,2,235
ABplppppppa,hypodermis,2,exact,1.0,1,11
ABplppppppaa,hypodermis,2,ancestor,1.0,1,1
ABplppppppap,hypodermis,2,ancestor,1.0,1,1
ABplppppppp,hypodermis,2,exact,1.0,1,11
ABplpppppppa,hypodermis,2,ancestor,1.0,1,1
ABplpppppppp,hypodermis,2,ancestor,1.0,1,1
ABpr,mixed,11,consensus,0.486,107,260
ABpra,mixed,11,consensus,0.447,47,260
ABpraa,mixed,11,consensus,0.52,25,260
ABpraaa,neuron,0,consensus,0.692,13,259
ABpraaaa,mixed,11,consensus,0.5,6,258
ABpraaaaa,glia,5,consensus,0.667,3,256
ABpraaaaaa,mixed,11,consensus,0.5,2,233
ABpraaaaaaa,neuron,0,exact,1.0,1,1
ABpraaaaaap,glia,5,exact,1.0,1,1
ABpraaaaap,glia,5,consensus,1.0,1,233
ABpraaaaapd,glia,5,exact,1.0,1,2
ABpraaaaapv,glia,5,ancestor,1.0,1,2
ABpraaaaapva,glia,5,ancestor,1.0,1,1
ABpraaaaapvp,glia,5,ancestor,1.0,1,1
ABpraaaaapvpa,glia,5,ancestor,1.0,1,1
ABpraaaaapvpp,glia,5,ancestor,1.0,1,1
ABpraaaap,neuron,0,consensus,0.667,3,256
ABpraaaapa,mixed,11,consensus,0.5,2,233
ABpraaaapad,neuron,0,exact,1.0,1,3
ABpraaaapav,glia,5,exact,1.0,1,3
ABpraaaapp,neuron,0,consensus,1.0,1,233
ABpraaaappa,neuron,0,ancestor,1.0,1,4
ABpraaaappp,neuron,0,consensus,1.0,1,4
ABpraaaapppa,neuron,0,exact,1.0,1,2
ABpraaaapppaa,neuron,0,ancestor,1.0,1,1
ABpraaaapppap,neuron,0,ancestor,1.0,1,1
ABpraaaapppp,neuron,0,ancestor,1.0,1,2
ABpraaaappppa,neuron,0,ancestor,1.0,1,2
ABpraaaappppaa,neuron,0,ancestor,1.0,1,2
ABpraaaappppap,neuron,0,ancestor,1.0,1,2
ABpraaaappppp,neuron,0,ancestor,1.0,1,2
ABpraaaapppppa,neuron,0,ancestor,1.0,1,2
ABpraaaapppppaa,neuron,0,ancestor,1.0,1,1
ABpraaaapppppaaa,neuron,0,ancestor,1.0,1,1
ABpraaaapppppaap,neuron,0,ancestor,1.0,1,1
ABpraaaapppppap,neuron,0,ancestor,1.0,1,1
ABpraaaapppppp,neuron,0,ancestor,1.0,1,2
ABpraaap,neuron,0,consensus,0.857,7,258
ABpraaapa,neuron,0,consensus,1.0,2,257
ABpraaapaa,neuron,0,consensus,1.0,1,233
ABpraaapaad,neuron,0,exact,1.0,1,2
ABpraaapaada,neuron,0,ancestor,1.0,1,1
ABpraaapaadp,neuron,0,ancestor,1.0,1,1
ABpraaapaav,neuron,0,ancestor,1.0,1,2
ABpraaapaava,neuron,0,ancestor,1.0,1,2
ABpraaapaavp,neuron,0,ancestor,1.0,1,2
ABpraaapaavpa,neuron,0,ancestor,1.0,1,1
ABpraaapaavpp,neuron,0,ancestor,1.0,1,1
ABpraaapaavppa,neuron,0,ancestor,1.0,1,1
ABpraaapaavppaa,neuron,0,ancestor,1.0,1,1
ABpraaapaavppap,neuron,0,ancestor,1.0,1,1
ABpraaapaavppp,neuron,0,ancestor,1.0,1,1
ABpraaapap,neuron,0,consensus,1.0,1,233
ABpraaapapa,neuron,0,consensus,1.0,1,1
ABpraaapapaa,neuron,0,exact,1.0,1,1
ABpraaapapap,neuron,0,ancestor,1.0,1,1
ABpraaapapp,neuron,0,ancestor,1.0,1,1
ABpraaapappa,neuron,0,ancestor,1.0,1,1
ABpraaapappaa,neuron,0,ancestor,1.0,1,1
ABpraaapappap,neuron,0,ancestor,1.0,1,1
ABpraaapappapa,neuron,0,ancestor,1.0,1,1
ABpraaapappapp,neuron,0,ancestor,1.0,1,1
ABpraaapappp,neuron,0,ancestor,1.0,1,1
ABpraaapapppa,neuron,0,ancestor,1.0,1,1
ABpraaapapppaa,neuron,0,ancestor,1.0,1,1
ABpraaapapppaaa,neuron,0,ancestor,1.0,1,1
ABpraaapapppaaaa,neuron,0,ancestor,1.0,1,1
ABpraaapapppaaap,neuron,0,ancestor,1.0,1,1
ABpraaapapppaap,neuron,0,ancestor,1.0,1,1
ABpraaapapppap,neuron,0,ancestor,1.0,1,1
ABpraaapapppapa,neuron,0,ancestor,1.0,1,1
ABpraaapapppapaa,neuron,0,ancestor,1.0,1,1
ABpraaapapppapap,neuron,0,ancestor,1.0,1,1
ABpraaapapppapp,neuron,0,ancestor,1.0,1,1
ABpraaapapppappa,neuron,0,ancestor,1.0,1,1
ABpraaapapppappp,neuron,0,ancestor,1.0,1,1
ABpraaapapppp,neuron,0,ancestor,1.0,1,1
ABpraaapp,neuron,0,consensus,0.8,5,257
ABpraaappa,mixed,11,consensus,0.5,2,234
ABpraaappaa,neuron,0,exact,1.0,1,3
ABpraaappap,glia,5,exact,1.0,1,3
ABpraaappapa,glia,5,ancestor,1.0,1,1
ABpraaappapaa,glia,5,ancestor,1.0,1,1
ABpraaappapap,glia,5,ancestor,1.0,1,1
ABpraaappapapa,glia,5,ancestor,1.0,1,1
ABpraaappapapp,glia,5,ancestor,1.0,1,1
ABpraaappapp,glia,5,ancestor,1.0,1,1
ABpraaappappa,glia,5,ancestor,1.0,1,1
ABpraaappappp,glia,5,ancestor,1.0,1,1
ABpraaappp,neuron,0,consensus,1.0,3,234
ABpraaapppa,neuron,0,consensus,1.0,1,31
ABpraaapppp,neuron,0,consensus,1.0,2,31
ABpraaappppa,neuron,0,exact,1.0,1,1
ABpraaappppaa,neuron,0,ancestor,1.0,1,1
ABpraaappppaaa,neuron,0,ancestor,1.0,1,1
ABpraaappppaaaa,neuron,0,ancestor,1.0,1,1
ABpraaappppaaap,neuron,0,ancestor,1.0,1,1
ABpraaappppaap,neuron,0,ancestor,1.0,1,1
ABpraaappppap,neuron,0,ancestor,1.0,1,1
ABpraaappppp,neuron,0,exact,1.0,1,1
ABpraap,mixed,11,consensus,0.417,12,259
ABpraapa,mixed,11,consensus,0.5,8,258
ABpraapaa,mixed,11,consensus,0.5,4,257
ABpraapaaa,mixed,11,consensus,0.5,2,232
ABpraapaaaa,hypodermis,2,exact,1.0,1,1
ABpraapaaaaa,hypodermis,2,ancestor,1.0,1,1
ABpraapaaaaaa,hypodermis,2,ancestor,1.0,1,1
ABpraapaaaaaaa,hypodermis,2,ancestor,1.0,1,1
ABpraapaaaaaaaa,hypodermis,2,ancestor,1.0,1,1
ABpraapaaaaaaaaa,hypodermis,2,ancestor,1.0,1,1
ABpraapaaaaaaaap,hypodermis,2,ancestor,1.0,1,1
ABpraapaaaaaaap,hypodermis,2,ancestor,1.0,1,1
ABpraapaaaaaap,hypodermis,2,ancestor,1.0,1,1
ABpraapaaaaaapa,hypodermis,2,ancestor,1.0,1,1
ABpraapaaaaaapp,hypodermis,2,ancestor,1.0,1,1
ABpraapaaaaap,hypodermis,2,ancestor,1.0,1,1
ABpraapaaaaapa,hypodermis,2,ancestor,1.0,1,1
ABpraapaaaaapaa,hypodermis,2,ancestor,1.0,1,1
ABpraapaaaaapap,hypodermis,2,ancestor,1.0,1,1
ABpraapaaaaapp,hypodermis,2,ancestor,1.0,1,1
ABpraapaaaap,hypodermis,2,ancestor,1.0,1,1
ABpraapaaaapa,hypodermis,2,ancestor,1.0,1,1
ABpraapaaaapp,hypodermis,2,ancestor,1.0,1,1
ABpraapaaap,glia,5,exact,1.0,1,1
ABpraapaap,mixed,11,consensus,0.5,2,232
ABpraapap,neuron,0,consensus,0.75,4,257
ABpraapapa,mixed,11,consensus,0.5,2,232
ABpraapapp,neuron,0,consensus,1.0,2,232
ABpraapappa,neuron,0,exact,1.0,1,3
ABpraapappp,neuron,0,consensus,1.0,1,3
ABpraapp,hypodermis,2,consensus,1.0,4,258
ABpraappa,hypodermis,2,consensus,1.0,2,257
ABpraappaa,hypodermis,2,exact,1.0,1,233
ABpraappaaa,hypodermis,2,ancestor,1.0,1,1
ABpraappaap,hypodermis,2,ancestor,1.0,1,1
ABpraappaapa,hypodermis,2,ancestor,1.0,1,1
ABpraappaapp,hypodermis,2,ancestor,1.0,1,1
ABpraappap,hypodermis,2,exact,1.0,1,233
ABpraappp,hypodermis,2,consensus,1.0,2,257
ABpraapppa,hypodermis,2,exact,1.0,1,233
ABpraapppaa,hypodermis,2,ancestor,1.0,1,1
ABpraapppap,hypodermis,2,ancestor,1.0,1,1
ABpraapppp,hypodermis,2,exact,1.0,1,233
ABprap,mixed,11,consensus,0.409,22,260
ABprapa,mixed,11,consensus,0.462,13,260
ABprapaa,neuron,0,consensus,0.714,7,260
ABprapaaa,neuron,0,consensus,1.0,5,258
ABprapaaaa,neuron,0,consensus,1.0,2,235
ABprapaaaaa,neuron,0,ancestor,1.0,2,3
ABprapaaaap,neuron,0,consensus,1.0,2,3
ABprapaaap,neuron,0,consensus,1.0,3,235
ABprapaaapa,neuron,0,consensus,1.0,2,5
ABprapaaapp,neuron,0,exact,1.0,1,5
ABprapaap,mixed,11,consensus,0.5,2,258
ABprapaapa,other,10,exact,1.0,1,236
ABprapaapp,hypodermis,2,exact,1.0,1,236
ABprapap,mixed,11,consensus,0.5,6,260
ABprapapa,hypodermis,2,consensus,0.667,3,259
ABprapapaa,mixed,11,consensus,0.5,2,237
ABprapapap,hypodermis,2,exact,1.0,1,237
ABprapapapa,hypodermis,2,ancestor,1.0,1,1
ABprapapapp,hypodermis,2,ancestor,1.0,1,1
ABprapapappa,hypodermis,2,ancestor,1.0,1,1
ABprapapappaa,hypodermis,2,ancestor,1.0,1,1
ABprapapappap,hypodermis,2,ancestor,1.0,1,1
ABprapapappp,hypodermis,2,ancestor,1.0,1,1
ABprapapp,mixed,11,consensus,0.333,3,259
ABprapappa,hypodermis,2,exact,1.0,1,237
ABprapappp,mixed,11,consensus,0.5,2,237
ABprapapppa,mixed,11,ancestor,0.5,2,4
ABprapapppp,mixed,11,consensus,0.5,2,4
ABprapp,mixed,11,consensus,0.556,9,260
ABprappa,hypodermis,2,consensus,1.0,4,260
ABprappaa,hypodermis,2,consensus,1.0,2,259
ABprappaaa,hypodermis,2,exact,1.0,1,236
ABprappaap,hypodermis,2,exact,1.0,1,236
ABprappap,hypodermis,2,consensus,1.0,2,259
ABprappapa,hypodermis,2,exact,1.0,1,237
ABprappapp,hypodermis,2,exact,1.0,1,237
ABprappp,mixed,11,consensus,0.4,5,260
ABprapppa,neuron,0,consensus,0.667,3,259
ABprapppaa,neuron,0,consensus,1.0,1,236
ABprapppaaa,neuron,0,exact,1.0,1,2
ABprapppaap,neuron,0,ancestor,1.0,1,2
ABprapppaapa,neuron,0,ancestor,1.0,1,1
ABprapppaapaa,neuron,0,ancestor,1.0,1,1
ABprapppaapap,neuron,0,ancestor,1.0,1,1
ABprapppaapp,neuron,0,ancestor,1.0,1,1
ABprapppap,mixed,11,consensus,0.5,2,236
ABprapppapa,mixed,11,ancestor,0.5,2,3
ABprapppapp,mixed,11,consensus,0.5,2,3
ABprapppp,mixed,11,consensus,0.5,2,259
ABprappppa,hypodermis,2,exact,1.0,1,236
ABprappppaa,hypodermis,2,ancestor,1.0,1,1
ABprappppap,hypodermis,2,ancestor,1.0,1,1
ABprappppp,glia,5,exact,1.0,1,236
ABprapppppa,glia,5,ancestor,1.0,1,2
ABprapppppaa,glia,5,ancestor,1.0,1,1
ABprapppppap,glia,5,ancestor,1.0,1,1
ABprapppppp,glia,5,ancestor,1.0,1,2
ABprappppppa,glia,5,ancestor,1.0,1,1
ABprappppppaa,glia,5,ancestor,1.0,1,1
ABprappppppap,glia,5,ancestor,1.0,1,1
ABprappppppp,glia,5,ancestor,1.0,1,1
ABprapppppppa,glia,5,ancestor,1.0,1,1
ABprapppppppp,glia,5,ancestor,1.0,1,1
ABprp,mixed,11,consensus,0.517,60,260
ABprpa,mixed,11,consensus,0.562,32,260
ABprpaa,neuron,0,consensus,0.625,16,259
ABprpaaa,mixed,11,consensus,0.5,8,259
ABprpaaaa,mixed,11,consensus,0.5,4,258
ABprpaaaaa,mixed,11,consensus,0.5,2,234
ABprpaaaaaa,neuron,0,exact,1.0,1,5
ABprpaaaaaaa,neuron,0,ancestor,1.0,1,3
ABprpaaaaaap,neuron,0,ancestor,1.0,1,3
ABprpaaaaap,glia,5,exact,1.0,1,5
ABprpaaaaapa,glia,5,ancestor,1.0,1,2
ABprpaaaaapaa,glia,5,ancestor,1.0,1,1
ABprpaaaaapaaa,glia,5,ancestor,1.0,1,1
ABprpaaaaapaap,glia,5,ancestor,1.0,1,1
ABprpaaaaapap,glia,5,ancestor,1.0,1,1
ABprpaaaaapapa,glia,5,ancestor,1.0,1,1
ABprpaaaaapapp,glia,5,ancestor,1.0,1,1
ABprpaaaaapp,glia,5,ancestor,1.0,1,2
ABprpaaaaappa,glia,5,ancestor,1.0,1,1
ABprpaaaaappp,glia,5,ancestor,1.0,1,1
ABprpaaaap,mixed,11,consensus,0.5,2,234
ABprpaaaapa,glia,5,exact,1.0,1,7
ABprpaaaapaa,glia,5,ancestor,1.0,1,1
ABprpaaaapaaa,glia,5,ancestor,1.0,1,1
ABprpaaaapaap,glia,5,ancestor,1.0,1,1
ABprpaaaapap,glia,5,ancestor,1.0,1,1
ABprpaaaapapa,glia,5,ancestor,1.0,1,1
ABprpaaaapapp,glia,5,ancestor,1.0,1,1
ABprpaaaapappa,glia,5,ancestor,1.0,1,1
ABprpaaaapappp,glia,5,ancestor,1.0,1,1
ABprpaaaapp,muscle,1,exact,1.0,1,7
ABprpaaap,neuron,0,consensus,0.75,4,258
ABprpaaapa,mixed,11,consensus,0.5,2,234
ABprpaaapaa,neuron,0,exact,1.0,1,2
ABprpaaapaaa,neuron,0,ancestor,1.0,1,1
ABprpaaapaap,neuron,0,ancestor,1.0,1,1
ABprpaaapap,glia,5,exact,1.0,1,2
ABprpaaapapa,glia,5,ancestor,1.0,1,1
ABprpaaapapaa,glia,5,ancestor,1.0,1,1
ABprpaaapapap,glia,5,ancestor,1.0,1,1
ABprpaaapapp,glia,5,ancestor,1.0,1,1
ABprpaaapappa,glia,5,ancestor,1.0,1,1
ABprpaaapappp,glia,5,ancestor,1.0,1,1
ABprpaaapapppa,glia,5,ancestor,1.0,1,1
ABprpaaapapppp,glia,5,ancestor,1.0,1,1
ABprpaaapappppa,glia,5,ancestor,1.0,1,1
ABprpaaapappppp,glia,5,ancestor,1.0,1,1
ABprpaaapp,neuron,0,consensus,1.0,2,234
ABprpaaappa,neuron,0,consensus,1.0,1,3
ABprpaaappp,neuron,0,exact,1.0,1,3
ABprpaaapppa,neuron,0,ancestor,1.0,1,1
ABprpaaapppp,neuron,0,ancestor,1.0,1,1
ABprpaap,neuron,0,consensus,0.75,8,259
ABprpaapa,mixed,11,consensus,0.5,4,257
ABprpaapaa,neuron,0,consensus,1.0,2,233
ABprpaapaaa,neuron,0,exact,1.0,1,2
ABprpaapaaaa,neuron,0,ancestor,1.0,1,1
ABprpaapaaap,neuron,0,ancestor,1.0,1,1
ABprpaapaaapa,neuron,0,ancestor,1.0,1,1
ABprpaapaaapp,neuron,0,ancestor,1.0,1,1
ABprpaapaap,neuron,0,exact,1.0,1,2
ABprpaapaapa,neuron,0,ancestor,1.0,1,1
ABprpaapaapp,neuron,0,ancestor,1.0,1,1
ABprpaapap,mixed,11,consensus,0.5,2,233
ABprpaapapa,glia,5,exact,1.0,1,2
ABprpaapapaa,glia,5,ancestor,1.0,1,1
ABprpaapapap,glia,5,ancestor,1.0,1,1
ABprpaapapp,death,9,exact,1.0,1,2
ABprpaapappa,death,9,ancestor,1.0,1,1
ABprpaapappaa,death,9,ancestor,1.0,1,1
ABprpaapappap,death,9,ancestor,1.0,1,1
ABprpaapappp,death,9,ancestor,1.0,1,1
ABprpaapp,neuron,0,consensus,1.0,4,257
ABprpaappa,neuron,0,consensus,1.0,2,233
ABprpaappaa,neuron,0,exact,1.0,1,4
ABprpaappaaa,neuron,0,ancestor,1.0,1,1
ABprpaappaap,neuron,0,ancestor,1.0,1,1
ABprpaappap,neuron,0,exact,1.0,1,4
ABprpaappp,neuron,0,consensus,1.0,2,233
ABprpaapppa,neuron,0,exact,1.0,1,3
ABprpaapppp,neuron,0,consensus,1.0,1,3
ABprpaappppa,neuron,0,exact,1.0,1,1
ABprpaappppaa,neuron,0,ancestor,1.0,1,1
ABprpaappppap,neuron,0,ancestor,1.0,1,1
ABprpaappppp,neuron,0,ancestor,1.0,1,1
ABprpap,mixed,11,consensus,0.5,16,259
ABprpapa,mixed,11,consensus,0.375,8,258
ABprpapaa,mixed,11,consensus,0.5,4,257
ABprpapaaa,neuron,0,consensus,1.0,2,233
ABprpapaaaa,neuron,0,exact,1.0,1,4
ABprpapaaap,neuron,0,exact,1.0,1,4
ABprpapaaapa,neuron,0,ancestor,1.0,1,1
ABprpapaaapp,neuron,0,ancestor,1.0,1,1
ABprpapaap,other,10,consensus,1.0,2,233
ABprpapaapa,other,10,exact,1.0,1,5
ABprpapaapaa,other,10,ancestor,1.0,1,1
ABprpapaapaaa,other,10,ancestor,1.0,1,1
ABprpapaapaap,other,10,ancestor,1.0,1,1
ABprpapaapap,other,10,ancestor,1.0,1,1
ABprpapaapapa,other,10,ancestor,1.0,1,1
ABprpapaapapaa,other,10,ancestor,1.0,1,1
ABprpapaapapaaa,other,10,ancestor,1.0,1,1
ABprpapaapapaap,other,10,ancestor,1.0,1,1
ABprpapaapapap,other,10,ancestor,1.0,1,1
ABprpapaapapapa,other,10,ancestor,1.0,1,1
ABprpapaapapapaa,other,10,ancestor,1.0,1,1
ABprpapaapapapap,other,10,ancestor,1.0,1,1
ABprpapaapapapp,other,10,ancestor,1.0,1,1
ABprpapaapapp,other,10,ancestor,1.0,1,1
ABprpapaapp,other,10,exact,1.0,1,5
ABprpapaappa,other,10,ancestor,1.0,1,1
ABprpapaappp,other,10,ancestor,1.0,1,1
ABprpapaapppa,other,10,ancestor,1.0,1,1
ABprpapaapppaa,other,10,ancestor,1.0,1,1
ABprpapaapppaaa,other,10,ancestor,1.0,1,1
ABprpapaapppaap,other,10,ancestor,1.0,1,1
ABprpapaapppaapa,other,10,ancestor,1.0,1,1
ABprpapaapppaapp,other,10,ancestor,1.0,1,1
ABprpapaapppap,other,10,ancestor,1.0,1,1
ABprpapaapppapa,other,10,ancestor,1.0,1,1
ABprpapaapppapp,other,10,ancestor,1.0,1,1
ABprpapaapppappa,other,10,ancestor,1.0,1,1
ABprpapaapppappaa,other,10,ancestor,1.0,1,1
ABprpapaapppappap,other,10,ancestor,1.0,1,1
ABprpapaapppappp,other,10,ancestor,1.0,1,1
ABprpapaapppp,other,10,ancestor,1.0,1,1
ABprpapap,mixed,11,consensus,0.25,4,257
ABprpapapa,mixed,11,consensus,0.5,2,233
ABprpapapaa,excretory,7,exact,1.0,1,4
ABprpapapap,neuron,0,exact,1.0,1,4
ABprpapapp,mixed,11,consensus,0.5,2,233
ABprpapappa,other,10,exact,1.0,1,5
ABprpapappaa,other,10,ancestor,1.0,1,1
ABprpapappap,other,10,ancestor,1.0,1,1
ABprpapappp,muscle,1,exact,1.0,1,5
ABprpapapppa,muscle,1,ancestor,1.0,1,1
ABprpapapppp,muscle,1,ancestor,1.0,1,1
ABprpapappppa,muscle,1,ancestor,1.0,1,1
ABprpapappppp,muscle,1,ancestor,1.0,1,1
ABprpapp,neuron,0,consensus,0.625,8,258
ABprpappa,neuron,0,consensus,0.75,4,257
ABprpappaa,neuron,0,consensus,1.0,2,232
ABprpappaaa,neuron,0,exact,1.0,1,11
ABprpappaap,neuron,0,exact,1.0,1,11
ABprpappap,mixed,11,consensus,0.5,2,232
ABprpappapa,neuron,0,exact,1.0,1,6
ABprpappapp,muscle,1,exact,1.0,1,6
ABprpappp,mixed,11,consensus,0.5,4,257
ABprpapppa,neuron,0,consensus,1.0,2,232
ABprpapppaa,neuron,0,exact,1.0,1,5
ABprpapppap,neuron,0,exact,1.0,1,5
ABprpapppapa,neuron,0,ancestor,1.0,1,1
ABprpapppapaa,neuron,0,ancestor,1.0,1,1
ABprpapppapaaa,neuron,0,ancestor,1.0,1,1
ABprpapppapaap,neuron,0,ancestor,1.0,1,1
ABprpapppapap,neuron,0,ancestor,1.0,1,1
ABprpapppapapa,neuron,0,ancestor,1.0,1,1
ABprpapppapapp,neuron,0,ancestor,1.0,1,1
ABprpapppapp,neuron,0,ancestor,1.0,1,1
ABprpapppappa,neuron,0,ancestor,1.0,1,1
ABprpapppappp,neuron,0,ancestor,1.0,1,1
ABprpapppapppa,neuron,0,ancestor,1.0,1,1
ABprpapppapppp,neuron,0,ancestor,1.0,1,1
ABprpapppp,intestine,4,consensus,1.0,2,232
ABprpappppa,intestine,4,exact,1.0,1,5
ABprpappppaa,intestine,4,ancestor,1.0,1,1
ABprpappppap,intestine,4,ancestor,1.0,1,1
ABprpappppp,intestine,4,exact,1.0,1,5
ABprpapppppa,intestine,4,ancestor,1.0,1,2
ABprpapppppp,intestine,4,ancestor,1.0,1,2
ABprpp,mixed,11,consensus,0.464,28,260
ABprppa,mixed,11,consensus,0.571,14,260
ABprppaa,neuron,0,consensus,0.6,5,260
ABprppaaa,mixed,11,consensus,0.5,2,258
ABprppaaaa,mixed,11,consensus,0.5,2,233
ABprppaaaaa,other,10,exact,1.0,1,1
ABprppaaaap,neuron,0,consensus,1.0,1,1
ABprppaaap,mixed,11,ancestor,0.5,2,233
ABprppaaapa,mixed,11,ancestor,0.5,2,1
ABprppaaapp,mixed,11,ancestor,0.5,2,1
ABprppaap,neuron,0,consensus,0.667,3,258
ABprppaapa,neuron,0,consensus,1.0,1,234
ABprppaapaa,neuron,0,ancestor,1.0,1,2
ABprppaapaaa,neuron,0,ancestor,1.0,1,1
ABprppaapaap,neuron,0,ancestor,1.0,1,1
ABprppaapaapa,neuron,0,ancestor,1.0,1,1
ABprppaapaapp,neuron,0,ancestor,1.0,1,1
ABprppaapaappa,neuron,0,ancestor,1.0,1,1
ABprppaapaappaa,neuron,0,ancestor,1.0,1,1
ABprppaapaappap,neuron,0,ancestor,1.0,1,1
ABprppaapaappp,neuron,0,ancestor,1.0,1,1
ABprppaapap,neuron,0,exact,1.0,1,2
ABprppaapapa,neuron,0,ancestor,1.0,1,1
ABprppaapapp,neuron,0,ancestor,1.0,1,1
ABprppaapp,mixed,11,consensus,0.5,2,234
ABprppaappa,neuron,0,exact,1.0,1,2
ABprppaappaa,neuron,0,ancestor,1.0,1,1
ABprppaappap,neuron,0,ancestor,1.0,1,1
ABprppaappp,muscle,1,exact,1.0,1,2
ABprppap,mixed,11,consensus,0.556,9,260
ABprppapa,muscle,1,consensus,0.8,5,258
ABprppapaa,muscle,1,consensus,0.667,3,235
ABprppapaaa,mixed,11,consensus,0.5,2,5
ABprppapaap,muscle,1,exact,1.0,1,5
ABprppapaapa,muscle,1,ancestor,1.0,1,1
ABprppapaapp,muscle,1,ancestor,1.0,1,1
ABprppapap,muscle,1,consensus,1.0,2,235
ABprppapapa,muscle,1,exact,1.0,1,1
ABprppapapp,muscle,1,exact,1.0,1,1
ABprppapp,neuron,0,consensus,1.0,4,258
ABprppappa,neuron,0,consensus,1.0,2,235
ABprppappaa,neuron,0,exact,1.0,1,1
ABprppappap,neuron,0,exact,1.0,1,1
ABprppappp,neuron,0,consensus,1.0,2,235
ABprppapppa,neuron,0,exact,1.0,1,2
ABprppapppaa,neuron,0,ancestor,1.0,1,1
ABprppapppap,neuron,0,ancestor,1.0,1,1
ABprppapppapa,neuron,0,ancestor,1.0,1,1
ABprppapppapp,neuron,0,ancestor,1.0,1,1
ABprppapppappa,neuron,0,ancestor,1.0,1,1
ABprppapppappp,neuron,0,ancestor,1.0,1,1
ABprppapppp,neuron,0,exact,1.0,1,2
ABprppp,mixed,11,consensus,0.357,14,260
ABprpppa,mixed,11,consensus,0.429,7,260
ABprpppaa,neuron,0,consensus,0.6,5,259
ABprpppaaa,mixed,11,consensus,0.5,2,235
ABprpppaaaa,other,10,exact,1.0,1,3
ABprpppaaaaa,other,10,ancestor,1.0,1,1
ABprpppaaaap,other,10,ancestor,1.0,1,1
ABprpppaaaapa,other,10,ancestor,1.0,1,1
ABprpppaaaapp,other,10,ancestor,1.0,1,1
ABprpppaaap,muscle,1,exact,1.0,1,3
ABprpppaaapa,muscle,1,ancestor,1.0,1,2
ABprpppaaapp,muscle,1,ancestor,1.0,1,2
ABprpppaaappa,muscle,1,ancestor,1.0,1,1
ABprpppaaappp,muscle,1,ancestor,1.0,1,1
ABprpppaap,neuron,0,consensus,1.0,3,235
ABprpppaapa,neuron,0,consensus,1.0,2,1
ABprpppaapp,neuron,0,exact,1.0,1,1
ABprpppaappa,neuron,0,ancestor,1.0,1,1
ABprpppaappaa,neuron,0,ancestor,1.0,1,1
ABprpppaappap,neuron,0,ancestor,1.0,1,1
ABprpppaappp,neuron,0,ancestor,1.0,1,1
ABprpppap,mixed,11,consensus,0.5,2,259
ABprpppapa,mixed,11,consensus,0.5,2,235
ABprpppapaa,glia,5,exact,1.0,1,9
ABprpppapap,hypodermis,2,exact,1.0,1,9
ABprpppapp,mixed,11,ancestor,0.5,2,235
ABprpppappa,mixed,11,ancestor,0.5,2,3
ABprpppappaa,mixed,11,ancestor,0.5,2,1
ABprpppappap,mixed,11,ancestor,0.5,2,1
ABprpppappp,mixed,11,ancestor,0.5,2,3
ABprpppp,mixed,11,consensus,0.286,7,260
ABprppppa,mixed,11,consensus,0.5,4,259
ABprppppaa,mixed,11,consensus,0.5,2,235
ABprppppaaa,neuron,0,exact,1.0,1,4
ABprppppaap,intestine,4,exact,1.0,1,4
ABprppppap,mixed,11,consensus,0.5,2,235
ABprppppapa,other,10,exact,1.0,1,7
ABprppppapp,neuron,0,exact,1.0,1,7
ABprppppappa,neuron,0,ancestor,1.0,1,1
ABprppppappaa,neuron,0,ancestor,1.0,1,1
ABprppppappaaa,neuron,0,ancestor,1.0,1,1
ABprppppappaap,neuron,0,ancestor,1.0,1,1
ABprppppappap,neuron,0,ancestor,1.0,1,1
ABprppppappp,neuron,0,ancestor,1.0,1,1
ABprppppp,mixed,11,consensus,0.333,3,259
ABprpppppa,mixed,11,consensus,0.5,2,234
ABprpppppaa,muscle,1,exact,1.0,1,5
ABprpppppap,intestine,4,exact,1.0,1,5
ABprpppppp,hypodermis,2,consensus,1.0,1,234
ABprppppppa,hypodermis,2,ancestor,1.0,1,8
ABprppppppp,hypodermis,2,exact,1.0,1,8
ABprpppppppa,hypodermis,2,ancestor,1.0,1,1
ABprpppppppp,hypodermis,2,ancestor,1.0,1,1
C,muscle,1,consensus,0.681,47,260
Ca,muscle,1,consensus,0.696,23,260
Caa,hypodermis,2,consensus,0.714,7,259
Caaa,hypodermis,2,consensus,1.0,4,259
Caaaa,hypodermis,2,consensus,1.0,2,258
Caaaaa,hypodermis,2,exact,1.0,1,241
Caaaaaa,hypodermis,2,ancestor,1.0,1,1
Caaaaap,hypodermis,2,ancestor,1.0,1,1
Caaaap,hypodermis,2,exact,1.0,1,241
Caaap,hypodermis,2,consensus,1.0,2,258
Caaapa,hypodermis,2,exact,1.0,1,241
Caaapp,hypodermis,2,exact,1.0,1,241
Caap,neuron,0,consensus,0.667,3,259
Caapa,neuron,0,consensus,1.0,1,258
Caapaa,neuron,0,exact,1.0,1,12
Caapap,neuron,0,ancestor,1.0,1,12
Caapapa,neuron,0,ancestor,1.0,1,1
Caapapp,neuron,0,ancestor,1.0,1,1
Caapp,mixed,11,consensus,0.5,2,258
Caappd,hypodermis,2,exact,1.0,1,236
Caappv,neuron,0,exact,1.0,1,236
Cap,muscle,1,consensus,1.0,16,259
Capa,muscle,1,consensus,1.0,8,259
Capaa,muscle,1,consensus,1.0,4,254
Capaaa,muscle,1,consensus,1.0,2,210
Capaaaa,muscle,1,exact,1.0,1,8
Capaaap,muscle,1,exact,1.0,1,8
Capaaapa,muscle,1,ancestor,1.0,1,1
Capaaapp,muscle,1,ancestor,1.0,1,1
Capaap,muscle,1,consensus,1.0,2,210
Capaapa,muscle,1,exact,1.0,1,8
Capaapaa,muscle,1,ancestor,1.0,1,1
Capaapaaa,muscle,1,ancestor,1.0,1,1
Capaapaap,muscle,1,ancestor,1.0,1,1
Capaapaapa,muscle,1,ancestor,1.0,1,1
Capaapaapp,muscle,1,ancestor,1.0,1,1
Capaapap,muscle,1,ancestor,1.0,1,1
Capaapp,muscle,1,exact,1.0,1,8
Capap,muscle,1,consensus,1.0,4,254
Capapa,muscle,1,consensus,1.0,2,202
Capapaa,muscle,1,exact,1.0,1,8
Capapap,muscle,1,exact,1.0,1,8
Capapp,muscle,1,consensus,1.0,2,202
Capappa,muscle,1,exact,1.0,1,7
Capappp,muscle,1,exact,1.0,1,7
Capp,muscle,1,consensus,1.0,8,259
Cappa,muscle,1,consensus,1.0,4,258
Cappaa,muscle,1,consensus,1.0,2,235
Cappaaa,muscle,1,exact,1.0,1,9
Cappaaaa,muscle,1,ancestor,1.0,1,1
Cappaaap,muscle,1,ancestor,1.0,1,1
Cappaap,muscle,1,exact,1.0,1,9
Cappap,muscle,1,consensus,1.0,2,235
Cappapa,muscle,1,exact,1.0,1,8
Cappapp,muscle,1,exact,1.0,1,8
Cappappa,muscle,1,ancestor,1.0,1,1
Cappappp,muscle,1,ancestor,1.0,1,1
Cappp,muscle,1,consensus,1.0,4,258
Capppa,muscle,1,consensus,1.0,2,232
Capppaa,muscle,1,exact,1.0,1,8
Capppap,muscle,1,exact,1.0,1,8
Capppp,muscle,1,consensus,1.0,2,232
Cappppd,muscle,1,exact,1.0,1,7
Cappppv,muscle,1,exact,1.0,1,7
Cp,muscle,1,consensus,0.667,24,260
Cpa,hypodermis,2,consensus,1.0,8,259
Cpaa,hypodermis,2,consensus,1.0,4,259
Cpaaa,hypodermis,2,consensus,1.0,2,258
Cpaaaa,hypodermis,2,exact,1.0,1,241
Cpaaaaa,hypodermis,2,ancestor,1.0,1,1
Cpaaaap,hypodermis,2,ancestor,1.0,1,1
Cpaaap,hypodermis,2,exact,1.0,1,241
Cpaaapa,hypodermis,2,ancestor,1.0,1,1
Cpaaapp,hypodermis,2,ancestor,1.0,1,1
Cpaap,hypodermis,2,consensus,1.0,2,258
Cpaapa,hypodermis,2,exact,1.0,1,242
Cpaapp,hypodermis,2,exact,1.0,1,242
Cpap,hypodermis,2,consensus,1.0,4,259
Cpapa,hypodermis,2,consensus,1.0,2,258
Cpapaa,hypodermis,2,exact,1.0,1,239
Cpapaaa,hypodermis,2,ancestor,1.0,1,1
Cpapaap,hypodermis,2,ancestor,1.0,1,1
Cpapap,hypodermis,2,exact,1.0,1,239
Cpapp,hypodermis,2,consensus,1.0,2,258
Cpappd,hypodermis,2,exact,1.0,1,239
Cpappv,hypodermis,2,exact,1.0,1,239
Cpp,muscle,1,consensus,1.0,16,259
Cppa,muscle,1,consensus,1.0,8,259
Cppaa,muscle,1,consensus,1.0,4,257
Cppaaa,muscle,1,consensus,1.0,2,219
Cppaaaa,muscle,1,exact,1.0,1,8
Cppaaap,muscle,1,exact,1.0,1,8
Cppaap,muscle,1,consensus,1.0,2,219
Cppaapa,muscle,1,exact,1.0,1,7
Cppaapp,muscle,1,exact,1.0,1,7
Cppap,muscle,1,consensus,1.0,4,257
Cppapa,muscle,1,consensus,1.0,2,212
Cppapaa,muscle,1,exact,1.0,1,8
Cppapap,muscle,1,exact,1.0,1,8
Cppapp,muscle,1,consensus,1.0,2,212
Cppappa,muscle,1,exact,1.0,1,7
Cppappaa,muscle,1,ancestor,1.0,1,1
Cppappap,muscle,1,ancestor,1.0,1,1
Cppappp,muscle,1,exact,1.0,1,7
Cppp,muscle,1,consensus,1.0,8,259
Cpppa,muscle,1,consensus,1.0,4,258
Cpppaa,muscle,1,consensus,1.0,2,239
Cpppaaa,muscle,1,exact,1.0,1,9
Cpppaaaa,muscle,1,ancestor,1.0,1,1
Cpppaaap,muscle,1,ancestor,1.0,1,1
Cpppaap,muscle,1,exact,1.0,1,9
Cpppap,muscle,1,consensus,1.0,2,239
Cpppapa,muscle,1,exact,1.0,1,9
Cpppapaa,muscle,1,ancestor,1.0,1,1
Cpppapap,muscle,1,ancestor,1.0,1,1
Cpppapp,muscle,1,exact,1.0,1,9
Cpppp,muscle,1,consensus,1.0,4,258
Cppppa,muscle,1,consensus,1.0,2,234
Cppppaa,muscle,1,exact,1.0,1,9
Cppppap,muscle,1,exact,1.0,1,9
Cppppp,muscle,1,consensus,1.0,2,234
Cpppppd,muscle,1,exact,1.0,1,8
Cpppppv,muscle,1,exact,1.0,1,8
D,muscle,1,consensus,1.0,19,258
Da,muscle,1,consensus,1.0,10,258
Daa,muscle,1,consensus,1.0,4,257
Daaa,muscle,1,consensus,1.0,2,236
Daaaa,muscle,1,exact,1.0,1,25
Daaaaa,muscle,1,ancestor,1.0,1,2
Daaaap,muscle,1,ancestor,1.0,1,2
Daaap,muscle,1,exact,1.0,1,25
Daaapa,muscle,1,ancestor,1.0,1,1
Daaapp,muscle,1,ancestor,1.0,1,1
Daap,muscle,1,consensus,1.0,2,236
Daapa,muscle,1,exact,1.0,1,21
Daapaa,muscle,1,ancestor,1.0,1,1
Daapap,muscle,1,ancestor,1.0,1,1
Daapp,muscle,1,exact,1.0,1,21
Daappa,muscle,1,ancestor,1.0,1,1
Daappp,muscle,1,ancestor,1.0,1,1
Dap,muscle,1,consensus,1.0,6,257
Dapa,muscle,1,consensus,1.0,2,241
Dapaa,muscle,1,exact,1.0,1,35
Dapap,muscle,1,exact,1.0,1,35
Dapp,muscle,1,consensus,1.0,4,241
Dappa,muscle,1,consensus,1.0,2,47
Dappaa,muscle,1,exact,1.0,1,3
Dappap,muscle,1,exact,1.0,1,3
Dappapa,muscle,1,ancestor,1.0,1,1
Dappapp,muscle,1,ancestor,1.0,1,1
Dappp,muscle,1,consensus,1.0,2,47
Dapppa,muscle,1,exact,1.0,1,2
Dapppp,muscle,1,exact,1.0,1,2
Dp,muscle,1,consensus,1.0,9,258
Dpa,muscle,1,consensus,1.0,3,257
Dpaa,muscle,1,consensus,1.0,2,234
Dpaaa,muscle,1,exact,1.0,1,18
Dpaaaa,muscle,1,ancestor,1.0,1,1
Dpaaap,muscle,1,ancestor,1.0,1,1
Dpaaapa,muscle,1,ancestor,1.0,1,1
Dpaaapp,muscle,1,ancestor,1.0,1,1
Dpaap,muscle,1,exact,1.0,1,18
Dpap,muscle,1,consensus,1.0,1,234
Dpapa,muscle,1,exact,1.0,1,21
Dpapp,muscle,1,ancestor,1.0,1,21
Dpappa,muscle,1,ancestor,1.0,1,1
Dpappaa,muscle,1,ancestor,1.0,1,1
Dpappap,muscle,1,ancestor,1.0,1,1
Dpappp,muscle,1,ancestor,1.0,1,1
Dpapppa,muscle,1,ancestor,1.0,1,1
Dpapppp,muscle,1,ancestor,1.0,1,1
Dpp,muscle,1,consensus,1.0,6,257
Dppa,muscle,1,consensus,1.0,2,238
Dppaa,muscle,1,exact,1.0,1,29
Dppaaa,muscle,1,ancestor,1.0,1,1
Dppaap,muscle,1,ancestor,1.0,1,1
Dppaapa,muscle,1,ancestor,1.0,1,1
Dppaapp,muscle,1,ancestor,1.0,1,1
Dppap,muscle,1,exact,1.0,1,29
Dppp,muscle,1,consensus,1.0,4,238
Dpppa,muscle,1,consensus,1.0,2,43
Dpppaa,muscle,1,exact,1.0,1,3
Dpppap,muscle,1,exact,1.0,1,3
Dpppapa,muscle,1,ancestor,1.0,1,1
Dpppapp,muscle,1,ancestor,1.0,1,1
Dpppappa,muscle,1,ancestor,1.0,1,1
Dpppappp,muscle,1,ancestor,1.0,1,1
Dpppp,muscle,1,consensus,1.0,2,43
Dppppa,muscle,1,exact,1.0,1,1
Dppppp,muscle,1,exact,1.0,1,1
E,intestine,4,consensus,1.0,20,260
EMS,mixed,11,founder,1.0,0,253
Ea,intestine,4,consensus,1.0,10,260
Eal,intestine,4,consensus,1.0,5,260
Eala,intestine,4,consensus,1.0,3,260
Ealaa,intestine,4,consensus,1.0,2,235
Ealaad,intestine,4,exact,1.0,1,1
Ealaada,intestine,4,ancestor,1.0,1,1
Ealaadaa,intestine,4,ancestor,1.0,1,1
Ealaadap,intestine,4,ancestor,1.0,1,1
Ealaadp,intestine,4,ancestor,1.0,1,1
Ealaav,intestine,4,exact,1.0,1,1
Ealaava,intestine,4,ancestor,1.0,1,1
Ealaavaa,intestine,4,ancestor,1.0,1,1
Ealaavap,intestine,4,ancestor,1.0,1,1
Ealaavapa,intestine,4,ancestor,1.0,1,1
Ealaavapp,intestine,4,ancestor,1.0,1,1
Ealaavp,intestine,4,ancestor,1.0,1,1
Ealaavpa,intestine,4,ancestor,1.0,1,1
Ealaavpp,intestine,4,ancestor,1.0,1,1
Ealap,intestine,4,exact,1.0,1,235
Ealapa,intestine,4,ancestor,1.0,1,1
Ealapaa,intestine,4,ancestor,1.0,1,1
Ealapap,intestine,4,ancestor,1.0,1,1
Ealapp,intestine,4,ancestor,1.0,1,1
Ealp,intestine,4,consensus,1.0,2,260
Ealpa,intestine,4,exact,1.0,1,235
Ealpp,intestine,4,exact,1.0,1,235
Ealppa,intestine,4,ancestor,1.0,1,1
Ealppp,intestine,4,ancestor,1.0,1,1
Ear,intestine,4,consensus,1.0,5,260
Eara,intestine,4,consensus,1.0,3,260
Earaa,intestine,4,consensus,1.0,2,232
Earap,intestine,4,exact,1.0,1,232
Earp,intestine,4,consensus,1.0,2,260
Earpa,intestine,4,exact,1.0,1,232
Earpp,intestine,4,exact,1.0,1,232
Ep,intestine,4,consensus,1.0,10,260
Epl,intestine,4,consensus,1.0,5,260
Epla,intestine,4,consensus,1.0,2,260
Eplaa,intestine,4,exact,1.0,1,233
Eplaaa,intestine,4,ancestor,1.0,1,1
Eplaaaa,intestine,4,ancestor,1.0,1,1
Eplaaap,intestine,4,ancestor,1.0,1,1
Eplaap,intestine,4,ancestor,1.0,1,1
Eplaapa,intestine,4,ancestor,1.0,1,1
Eplaapp,intestine,4,ancestor,1.0,1,1
Eplaappa,intestine,4,ancestor,1.0,1,1
Eplaappp,intestine,4,ancestor,1.0,1,1
Eplap,intestine,4,exact,1.0,1,233
Eplp,intestine,4,consensus,1.0,3,260
Eplpa,intestine,4,exact,1.0,1,223
Eplpp,intestine,4,consensus,1.0,2,223
Eplppa,intestine,4,exact,1.0,1,1
Eplppp,intestine,4,exact,1.0,1,1
Epr,intestine,4,consensus,1.0,5,260
Epra,intestine,4,consensus,1.0,2,260
Epraa,intestine,4,exact,1.0,1,232
Eprap,intestine,4,exact,1.0,1,232
Eprp,intestine,4,consensus,1.0,3,260
Eprpa,intestine,4,exact,1.0,1,218
Eprpaa,intestine,4,ancestor,1.0,1,1
Eprpaaa,intestine,4,ancestor,1.0,1,1
Eprpaap,intestine,4,ancestor,1.0,1,1
Eprpaapa,intestine,4,ancestor,1.0,1,1
Eprpaapaa,intestine,4,ancestor,1.0,1,1
Eprpaapap,intestine,4,ancestor,1.0,1,1
Eprpaapp,intestine,4,ancestor,1.0,1,1
Eprpap,intestine,4,ancestor,1.0,1,1
Eprpapa,intestine,4,ancestor,1.0,1,1
Eprpapaa,intestine,4,ancestor,1.0,1,1
Eprpapaaa,intestine,4,ancestor,1.0,1,1
Eprpapaap,intestine,4,ancestor,1.0,1,1
Eprpapap,intestine,4,ancestor,1.0,1,1
Eprpapp,intestine,4,ancestor,1.0,1,1
Eprpp,intestine,4,consensus,1.0,2,218
MS,mixed,11,founder,1.0,0,260
MSa,mixed,11,consensus,0.476,42,258
MSaa,pharynx,3,consensus,0.692,26,258
MSaaa,pharynx,3,consensus,0.923,13,258
MSaaaa,pharynx,3,consensus,1.0,8,258
MSaaaaa,pharynx,3,consensus,1.0,5,256
MSaaaaaa,pharynx,3,consensus,1.0,2,235
MSaaaaaal,pharynx,3,exact,1.0,1,2
MSaaaaaala,pharynx,3,ancestor,1.0,1,1
MSaaaaaalp,pharynx,3,ancestor,1.0,1,1
MSaaaaaar,pharynx,3,exact,1.0,1,2
MSaaaaap,pharynx,3,consensus,1.0,3,235
MSaaaaapa,pharynx,3,consensus,1.0,2,18
MSaaaaapp,pharynx,3,exact,1.0,1,18
MSaaaap,pharynx,3,consensus,1.0,3,256
MSaaaapa,pharynx,3,consensus,1.0,2,232
MSaaaapaa,pharynx,3,exact,1.0,1,3
MSaaaapap,pharynx,3,exact,1.0,1,3
MSaaaapp,pharynx,3,consensus,1.0,1,232
MSaaaappa,pharynx,3,ancestor,1.0,1,2
MSaaaappp,pharynx,3,exact,1.0,1,2
MSaaap,pharynx,3,consensus,0.8,5,258
MSaaapa,pharynx,3,consensus,1.0,4,256
MSaaapaa,pharynx,3,consensus,1.0,2,233
MSaaapaaa,pharynx,3,exact,1.0,1,5
MSaaapaap,pharynx,3,exact,1.0,1,5
MSaaapap,pharynx,3,consensus,1.0,2,233
MSaaapapa,pharynx,3,exact,1.0,1,7
MSaaapapp,pharynx,3,exact,1.0,1,7
MSaaapappa,pharynx,3,ancestor,1.0,1,1
MSaaapappaa,pharynx,3,ancestor,1.0,1,1
MSaaapappap,pharynx,3,ancestor,1.0,1,1
MSaaapappp,pharynx,3,ancestor,1.0,1,1
MSaaapp,intestine,4,consensus,1.0,1,256
MSaaappa,intestine,4,ancestor,1.0,1,88
MSaaappp,intestine,4,exact,1.0,1,88
MSaaapppa,intestine,4,ancestor,1.0,1,1
MSaaapppp,intestine,4,ancestor,1.0,1,1
MSaaappppa,intestine,4,ancestor,1.0,1,1
MSaaappppaa,intestine,4,ancestor,1.0,1,1
MSaaappppaaa,intestine,4,ancestor,1.0,1,1
MSaaappppaaaa,intestine,4,ancestor,1.0,1,1
MSaaappppaaap,intestine,4,ancestor,1.0,1,1
MSaaappppaaapa,intestine,4,ancestor,1.0,1,1
MSaaappppaaapp,intestine,4,ancestor,1.0,1,1
MSaaappppaap,intestine,4,ancestor,1.0,1,1
MSaaappppap,intestine,4,ancestor,1.0,1,1
MSaaappppp,intestine,4,ancestor,1.0,1,1
MSaap,mixed,11,consensus,0.462,13,258
MSaapa,pharynx,3,consensus,0.857,7,258
MSaapaa,pharynx,3,consensus,1.0,4,256
MSaapaaa,pharynx,3,consensus,1.0,2,233
MSaapaaaa,pharynx,3,exact,1.0,1,6
MSaapaaaaa,pharynx,3,ancestor,1.0,1,1
MSaapaaaaaa,pharynx,3,ancestor,1.0,1,1
MSaapaaaaaaa,pharynx,3,ancestor,1.0,1,1
MSaapaaaaaap,pharynx,3,ancestor,1.0,1,1
MSaapaaaaap,pharynx,3,ancestor,1.0,1,1
MSaapaaaaapa,pharynx,3,ancestor,1.0,1,1
MSaapaaaaapp,pharynx,3,ancestor,1.0,1,1
MSaapaaaap,pharynx,3,ancestor,1.0,1,1
MSaapaaap,pharynx,3,exact,1.0,1,6
MSaapaaapa,pharynx,3,ancestor,1.0,1,1
MSaapaaapaa,pharynx,3,ancestor,1.0,1,1
MSaapaaapaaa,pharynx,3,ancestor,1.0,1,1
MSaapaaapaap,pharynx,3,ancestor,1.0,1,1
MSaapaaapap,pharynx,3,ancestor,1.0,1,1
MSaapaaapp,pharynx,3,ancestor,1.0,1,1
MSaapaaappa,pharynx,3,ancestor,1.0,1,1
MSaapaaappp,pharynx,3,ancestor,1.0,1,1
MSaapaap,pharynx,3,consensus,1.0,2,233
MSaapaapa,pharynx,3,consensus,1.0,1,12
MSaapaapp,pharynx,3,exact,1.0,1,12
MSaapaappa,pharynx,3,ancestor,1.0,1,1
MSaapaappp,pharynx,3,ancestor,1.0,1,1
MSaapaapppa,pharynx,3,ancestor,1.0,1,1
MSaapaapppp,pharynx,3,ancestor,1.0,1,1
MSaapap,pharynx,3,consensus,0.667,3,256
MSaapapa,pharynx,3,consensus,1.0,1,232
MSaapapaa,pharynx,3,exact,1.0,1,2
MSaapapaaa,pharynx,3,ancestor,1.0,1,1
MSaapapaaaa,pharynx,3,ancestor,1.0,1,1
MSaapapaaap,pharynx,3,ancestor,1.0,1,1
MSaapapaap,pharynx,3,ancestor,1.0,1,1
MSaapapaapa,pharynx,3,ancestor,1.0,1,1
MSaapapaapp,pharynx,3,ancestor,1.0,1,1
MSaapapaappa,pharynx,3,ancestor,1.0,1,1
MSaapapaappp,pharynx,3,ancestor,1.0,1,1
MSaapapap,pharynx,3,ancestor,1.0,1,2
MSaapapapa,pharynx,3,ancestor,1.0,1,1
MSaapapapaa,pharynx,3,ancestor,1.0,1,1
MSaapapapap,pharynx,3,ancestor,1.0,1,1
MSaapapapp,pharynx,3,ancestor,1.0,1,1
MSaapapappa,pharynx,3,ancestor,1.0,1,1
MSaapapappp,pharynx,3,ancestor,1.0,1,1
MSaapapapppa,pharynx,3,ancestor,1.0,1,1
MSaapapapppp,pharynx,3,ancestor,1.0,1,1
MSaapapp,mixed,11,consensus,0.5,2,232
MSaapappa,pharynx,3,exact,1.0,1,3
MSaapappp,intestine,4,exact,1.0,1,3
MSaapapppa,intestine,4,ancestor,1.0,1,1
MSaapapppp,intestine,4,ancestor,1.0,1,1
MSaapappppa,intestine,4,ancestor,1.0,1,1
MSaapappppp,intestine,4,ancestor,1.0,1,1
MSaapp,muscle,1,consensus,0.667,6,258
MSaappa,intestine,4,consensus,1.0,2,252
MSaappaa,intestine,4,exact,1.0,1,17
MSaappap,intestine,4,exact,1.0,1,17
MSaappp,muscle,1,consensus,1.0,4,252
MSaapppa,muscle,1,consensus,1.0,2,46
MSaapppp,muscle,1,consensus,1.0,2,46
MSaappppa,muscle,1,exact,1.0,1,1
MSaappppp,muscle,1,exact,1.0,1,1
MSap,mixed,11,consensus,0.562,16,258
MSapa,mixed,11,consensus,0.444,9,258
MSapaa,mixed,11,consensus,0.5,4,258
MSapaaa,pharynx,3,consensus,0.667,3,254
MSapaaaa,pharynx,3,consensus,1.0,2,225
MSapaaap,muscle,1,exact,1.0,1,225
MSapaap,other,10,exact,1.0,1,254
MSapaapa,other,10,ancestor,1.0,1,80
MSapaapaa,other,10,ancestor,1.0,1,1
MSapaapaaa,other,10,ancestor,1.0,1,1
MSapaapaap,other,10,ancestor,1.0,1,1
MSapaapaapa,other,10,ancestor,1.0,1,1
MSapaapaapp,other,10,ancestor,1.0,1,1
MSapaapap,other,10,ancestor,1.0,1,1
MSapaapapa,other,10,ancestor,1.0,1,1
MSapaapapp,other,10,ancestor,1.0,1,1
MSapaapappa,other,10,ancestor,1.0,1,1
MSapaapappaa,other,10,ancestor,1.0,1,1
MSapaapappap,other,10,ancestor,1.0,1,1
MSapaapappp,other,10,ancestor,1.0,1,1
MSapaapapppa,other,10,ancestor,1.0,1,1
MSapaapapppp,other,10,ancestor,1.0,1,1
MSapaapp,other,10,ancestor,1.0,1,80
MSapaappa,other,10,ancestor,1.0,1,1
MSapaappaa,other,10,ancestor,1.0,1,1
MSapaappaaa,other,10,ancestor,1.0,1,1
MSapaappaaaa,other,10,ancestor,1.0,1,1
MSapaappaaap,other,10,ancestor,1.0,1,1
MSapaappaaapa,other,10,ancestor,1.0,1,1
MSapaappaaapp,other,10,ancestor,1.0,1,1
MSapaappaaappa,other,10,ancestor,1.0,1,1
MSapaappaaappp,other,10,ancestor,1.0,1,1
MSapaappaap,other,10,ancestor,1.0,1,1
MSapaappaapa,other,10,ancestor,1.0,1,1
MSapaappaapp,other,10,ancestor,1.0,1,1
MSapaappap,other,10,ancestor,1.0,1,1
MSapaappp,other,10,ancestor,1.0,1,1
MSapap,muscle,1,consensus,0.6,5,258
MSapapa,coelomocyte,8,consensus,0.667,3,251
MSapapaa,coelomocyte,8,consensus,1.0,2,225
MSapapap,muscle,1,exact,1.0,1,225
MSapapp,muscle,1,consensus,1.0,2,251
MSapappa,muscle,1,exact,1.0,1,166
MSapappaa,muscle,1,ancestor,1.0,1,1
MSapappaaa,muscle,1,ancestor,1.0,1,1
MSapappaap,muscle,1,ancestor,1.0,1,1
MSapappap,muscle,1,ancestor,1.0,1,1
MSapappp,muscle,1,exact,1.0,1,166
MSapapppa,muscle,1,ancestor,1.0,1,1
MSapapppaa,muscle,1,ancestor,1.0,1,1
MSapapppap,muscle,1,ancestor,1.0,1,1
MSapapppp,muscle,1,ancestor,1.0,1,1
MSapp,muscle,1,consensus,0.714,7,258
MSappa,mixed,11,consensus,0.333,3,258
MSappaa,mixed,11,consensus,0.5,2,249
MSappaaa,other,10,exact,1.0,1,43
MSappaap,germline,6,exact,1.0,1,43
MSappap,muscle,1,consensus,1.0,1,249
MSappapa,muscle,1,ancestor,1.0,1,20
MSappapp,muscle,1,exact,1.0,1,20
MSappappa,muscle,1,ancestor,1.0,1,1
MSappappaa,muscle,1,ancestor,1.0,1,1
MSappappap,muscle,1,ancestor,1.0,1,1
MSappappp,muscle,1,ancestor,1.0,1,1
MSappapppa,muscle,1,ancestor,1.0,1,1
MSappapppp,muscle,1,ancestor,1.0,1,1
MSappp,muscle,1,consensus,1.0,4,258
MSapppa,muscle,1,consensus,1.0,2,247
MSapppaa,muscle,1,exact,1.0,1,68
MSapppaaa,muscle,1,ancestor,1.0,1,1
MSapppaaaa,muscle,1,ancestor,1.0,1,1
MSapppaaap,muscle,1,ancestor,1.0,1,1
MSapppaap,muscle,1,ancestor,1.0,1,1
MSapppaapa,muscle,1,ancestor,1.0,1,1
MSapppaapaa,muscle,1,ancestor,1.0,1,1
MSapppaapap,muscle,1,ancestor,1.0,1,1
MSapppaapp,muscle,1,ancestor,1.0,1,1
MSapppap,muscle,1,exact,1.0,1,68
MSapppp,muscle,1,consensus,1.0,2,247
MSappppa,muscle,1,exact,1.0,1,48
MSappppaa,muscle,1,ancestor,1.0,1,1
MSappppap,muscle,1,ancestor,1.0,1,1
MSappppp,muscle,1,exact,1.0,1,48
MSapppppa,muscle,1,ancestor,1.0,1,1
MSapppppaa,muscle,1,ancestor,1.0,1,1
MSapppppap,muscle,1,ancestor,1.0,1,1
MSapppppp,muscle,1,ancestor,1.0,1,1
MSp,mixed,11,consensus,0.432,37,258
MSpa,pharynx,3,consensus,0.636,22,258
MSpaa,pharynx,3,consensus,0.9,10,258
MSpaaa,pharynx,3,consensus,1.0,7,258
MSpaaaa,pharynx,3,consensus,1.0,3,256
MSpaaaaa,pharynx,3,consensus,1.0,1,232
MSpaaaaaa,pharynx,3,exact,1.0,1,2
MSpaaaaaaa,pharynx,3,ancestor,1.0,1,1
MSpaaaaaap,pharynx,3,ancestor,1.0,1,1
MSpaaaaap,pharynx,3,ancestor,1.0,1,2
MSpaaaap,pharynx,3,consensus,1.0,2,232
MSpaaaapa,pharynx,3,exact,1.0,1,12
MSpaaaapp,pharynx,3,exact,1.0,1,12
MSpaaap,pharynx,3,consensus,1.0,4,256
MSpaaapa,pharynx,3,consensus,1.0,2,232
MSpaaapaa,pharynx,3,exact,1.0,1,2
MSpaaapaaa,pharynx,3,ancestor,1.0,1,1
MSpaaapaap,pharynx,3,ancestor,1.0,1,1
MSpaaapaapa,pharynx,3,ancestor,1.0,1,1
MSpaaapaapaa,pharynx,3,ancestor,1.0,1,1
MSpaaapaapap,pharynx,3,ancestor,1.0,1,1
MSpaaapaapp,pharynx,3,ancestor,1.0,1,1
MSpaaapap,pharynx,3,exact,1.0,1,2
MSpaaapapa,pharynx,3,ancestor,1.0,1,1
MSpaaapapp,pharynx,3,ancestor,1.0,1,1
MSpaaapp,pharynx,3,consensus,1.0,2,232
MSpaaappa,pharynx,3,exact,1.0,1,8
MSpaaappp,pharynx,3,exact,1.0,1,8
MSpaap,pharynx,3,consensus,0.667,3,258
MSpaapa,pharynx,3,consensus,0.667,3,256
MSpaapaa,pharynx,3,consensus,1.0,1,231
MSpaapaaa,pharynx,3,exact,1.0,1,2
MSpaapaaaa,pharynx,3,ancestor,1.0,1,1
MSpaapaaap,pharynx,3,ancestor,1.0,1,1
MSpaapaap,pharynx,3,ancestor,1.0,1,2
MSpaapaapa,pharynx,3,ancestor,1.0,1,1
MSpaapaapp,pharynx,3,ancestor,1.0,1,1
MSpaapap,mixed,11,consensus,0.5,2,231
MSpaapapa,pharynx,3,exact,1.0,1,5
MSpaapapaa,pharynx,3,ancestor,1.0,1,1
MSpaapapaaa,pharynx,3,ancestor,1.0,1,1
MSpaapapaaaa,pharynx,3,ancestor,1.0,1,1
MSpaapapaaap,pharynx,3,ancestor,1.0,1,1
MSpaapapaap,pharynx,3,ancestor,1.0,1,1
MSpaapapap,pharynx,3,ancestor,1.0,1,1
MSpaapapapa,pharynx,3,ancestor,1.0,1,1
MSpaapapapp,pharynx,3,ancestor,1.0,1,1
MSpaapapappa,pharynx,3,ancestor,1.0,1,1
MSpaapapappaa,pharynx,3,ancestor,1.0,1,1
MSpaapapappap,pharynx,3,ancestor,1.0,1,1
MSpaapapappapa,pharynx,3,ancestor,1.0,1,1
MSpaapapappapp,pharynx,3,ancestor,1.0,1,1
MSpaapapappp,pharynx,3,ancestor,1.0,1,1
MSpaapapapppa,pharynx,3,ancestor,1.0,1,1
MSpaapapapppaa,pharynx,3,ancestor,1.0,1,1
MSpaapapapppap,pharynx,3,ancestor,1.0,1,1
MSpaapapapppp,pharynx,3,ancestor,1.0,1,1
MSpaapapp,intestine,4,exact,1.0,1,5
MSpaapp,pharynx,3,ancestor,0.667,3,256
MSpaappa,pharynx,3,ancestor,0.667,3,1
MSpaappaa,pharynx,3,ancestor,0.667,3,1
MSpaappaaa,pharynx,3,ancestor,0.667,3,1
MSpaappaaaa,pharynx,3,ancestor,0.667,3,1
MSpaappaaap,pharynx,3,ancestor,0.667,3,1
MSpaappaap,pharynx,3,ancestor,0.667,3,1
MSpaappap,pharynx,3,ancestor,0.667,3,1
MSpaappp,pharynx,3,ancestor,0.667,3,1
MSpap,mixed,11,consensus,0.5,12,258
MSpapa,pharynx,3,consensus,0.833,6,258
MSpapaa,pharynx,3,consensus,1.0,3,256
MSpapaaa,pharynx,3,consensus,1.0,1,231
MSpapaaaa,pharynx,3,ancestor,1.0,1,7
MSpapaaaaa,pharynx,3,ancestor,1.0,1,1
MSpapaaaap,pharynx,3,ancestor,1.0,1,1
MSpapaaaapa,pharynx,3,ancestor,1.0,1,1
MSpapaaaapp,pharynx,3,ancestor,1.0,1,1
MSpapaaaappa,pharynx,3,ancestor,1.0,1,1
MSpapaaaappp,pharynx,3,ancestor,1.0,1,1
MSpapaaap,pharynx,3,exact,1.0,1,7
MSpapaap,pharynx,3,consensus,1.0,2,231
MSpapaapa,pharynx,3,consensus,1.0,1,14
MSpapaapaa,pharynx,3,exact,1.0,1,1
MSpapaapap,pharynx,3,ancestor,1.0,1,1
MSpapaapapa,pharynx,3,ancestor,1.0,1,1
MSpapaapapaa,pharynx,3,ancestor,1.0,1,1
MSpapaapapap,pharynx,3,ancestor,1.0,1,1
MSpapaapapp,pharynx,3,ancestor,1.0,1,1
MSpapaapp,pharynx,3,exact,1.0,1,14
MSpapap,pharynx,3,consensus,0.667,3,256
MSpapapa,pharynx,3,consensus,1.0,1,232
MSpapapaa,pharynx,3,exact,1.0,1,1
MSpapapap,pharynx,3,ancestor,1.0,1,1
MSpapapp,mixed,11,consensus,0.5,2,232
MSpapappa,pharynx,3,exact,1.0,1,4
MSpapappp,intestine,4,exact,1.0,1,4
MSpapapppa,intestine,4,ancestor,1.0,1,1
MSpapapppp,intestine,4,ancestor,1.0,1,1
MSpapp,muscle,1,consensus,1.0,6,258
MSpappa,muscle,1,consensus,1.0,2,252
MSpappaa,muscle,1,exact,1.0,1,16
MSpappaaa,muscle,1,ancestor,1.0,1,1
MSpappaap,muscle,1,ancestor,1.0,1,1
MSpappap,muscle,1,exact,1.0,1,16
MSpappp,muscle,1,consensus,1.0,4,252
MSpapppa,muscle,1,consensus,1.0,2,94
MSpapppp,muscle,1,consensus,1.0,2,94
MSpappppa,muscle,1,exact,1.0,1,1
MSpappppp,muscle,1,exact,1.0,1,1
MSpp,muscle,1,consensus,0.6,15,258
MSppa,mixed,11,consensus,0.444,9,258
MSppaa,mixed,11,consensus,0.5,4,258
MSppaaa,pharynx,3,consensus,0.667,3,254
MSppaaaa,pharynx,3,consensus,1.0,2,226
MSppaaap,muscle,1,exact,1.0,1,226
MSppaap,intestine,4,consensus,1.0,1,254
MSppaapa,intestine,4,ancestor,1.0,1,64
MSppaapaa,intestine,4,ancestor,1.0,1,1
MSppaapap,intestine,4,ancestor,1.0,1,1
MSppaapp,intestine,4,exact,1.0,1,64
MSppaappa,intestine,4,ancestor,1.0,1,1
MSppaappaa,intestine,4,ancestor,1.0,1,1
MSppaappaaa,intestine,4,ancestor,1.0,1,1
MSppaappaap,intestine,4,ancestor,1.0,1,1
MSppaappap,intestine,4,ancestor,1.0,1,1
MSppaappapa,intestine,4,ancestor,1.0,1,1
MSppaappapp,intestine,4,ancestor,1.0,1,1
MSppaappp,intestine,4,ancestor,1.0,1,1
MSppap,muscle,1,consensus,0.6,5,258
MSppapa,coelomocyte,8,consensus,0.667,3,255
MSppapaa,coelomocyte,8,consensus,1.0,2,227
MSppapaaa,coelomocyte,8,exact,1.0,1,1
MSppapaap,coelomocyte,8,exact,1.0,1,1
MSppapap,muscle,1,exact,1.0,1,227
MSppapapa,muscle,1,ancestor,1.0,1,1
MSppapapp,muscle,1,ancestor,1.0,1,1
MSppapappa,muscle,1,ancestor,1.0,1,1
MSppapappp,muscle,1,ancestor,1.0,1,1
MSppapp,muscle,1,consensus,1.0,2,255
MSppappa,muscle,1,exact,1.0,1,165
MSppappaa,muscle,1,ancestor,1.0,1,1
MSppappaaa,muscle,1,ancestor,1.0,1,1
MSppappaap,muscle,1,ancestor,1.0,1,1
MSppappap,muscle,1,ancestor,1.0,1,1
MSppappp,muscle,1,exact,1.0,1,165
MSppapppa,muscle,1,ancestor,1.0,1,1
MSppapppp,muscle,1,ancestor,1.0,1,1
MSppappppa,muscle,1,ancestor,1.0,1,1
MSppappppp,muscle,1,ancestor,1.0,1,1
MSppp,muscle,1,consensus,0.833,6,258
MSpppa,mixed,11,consensus,0.5,2,258
MSpppaa,germline,6,consensus,1.0,1,249
MSpppaaa,germline,6,ancestor,1.0,1,63
MSpppaaaa,germline,6,ancestor,1.0,1,1
MSpppaaaaa,germline,6,ancestor,1.0,1,1
MSpppaaaap,germline,6,ancestor,1.0,1,1
MSpppaaap,germline,6,ancestor,1.0,1,1
MSpppaap,germline,6,exact,1.0,1,63
MSpppap,muscle,1,consensus,1.0,1,249
MSpppapa,muscle,1,ancestor,1.0,1,31
MSpppapaa,muscle,1,ancestor,1.0,1,1
MSpppapaaa,muscle,1,ancestor,1.0,1,1
MSpppapaap,muscle,1,ancestor,1.0,1,1
MSpppapap,muscle,1,ancestor,1.0,1,1
MSpppapapa,muscle,1,ancestor,1.0,1,1
MSpppapapp,muscle,1,ancestor,1.0,1,1
MSpppapp,muscle,1,exact,1.0,1,31
MSpppappa,muscle,1,ancestor,1.0,1,1
MSpppappaa,muscle,1,ancestor,1.0,1,1
MSpppappaaa,muscle,1,ancestor,1.0,1,1
MSpppappaap,muscle,1,ancestor,1.0,1,1
MSpppappap,muscle,1,ancestor,1.0,1,1
MSpppappp,muscle,1,ancestor,1.0,1,1
MSpppp,muscle,1,consensus,1.0,4,258
MSppppa,muscle,1,consensus,1.0,2,248
MSppppaa,muscle,1,exact,1.0,1,72
MSppppap,muscle,1,exact,1.0,1,72
MSppppapa,muscle,1,ancestor,1.0,1,1
MSppppapp,muscle,1,ancestor,1.0,1,1
MSppppp,muscle,1,consensus,1.0,2,248
MSpppppa,muscle,1,exact,1.0,1,41
MSpppppaa,muscle,1,ancestor,1.0,1,1
MSpppppap,muscle,1,ancestor,1.0,1,1
MSpppppapa,muscle,1,ancestor,1.0,1,1
MSpppppapaa,muscle,1,ancestor,1.0,1,1
MSpppppapap,muscle,1,ancestor,1.0,1,1
MSpppppapapa,muscle,1,ancestor,1.0,1,1
MSpppppapapaa,muscle,1,ancestor,1.0,1,1
MSpppppapapap,muscle,1,ancestor,1.0,1,1
MSpppppapapapa,muscle,1,ancestor,1.0,1,1
MSpppppapapapp,muscle,1,ancestor,1.0,1,1
MSpppppapapp,muscle,1,ancestor,1.0,1,1
MSpppppapp,muscle,1,ancestor,1.0,1,1
MSpppppp,muscle,1,exact,1.0,1,41
MSppppppa,muscle,1,ancestor,1.0,1,1
MSppppppp,muscle,1,ancestor,1.0,1,1
Nuc1,unknown,12,unknown,0.0,0,1
Nuc4,unknown,12,unknown,0.0,0,1
P0,other,10,founder,1.0,0,8
P1,mixed,11,founder,1.0,0,81
P2,mixed,11,founder,1.0,0,255
P3,mixed,11,founder,1.0,0,260
P4,germline,6,founder,1.0,0,258
Z2,germline,6,founder,1.0,0,222
Z3,germline,6,founder,1.0,0,222
