hyperedge_id,t,cluster_id,members,cluster_size,hyperedge_weight
SPA_000000,15,0,ABal|ABar|Cp,3,1.0
SPA_000001,30,0,ABplp|Ca|Caa,3,1.0
SPA_000002,38,0,ABpra|ABarapp|ABplpa,3,1.0
SPA_000003,40,0,ABpla|ABprpap|Cpa,3,1.0
SPA_000004,42,0,ABplpp|ABarppp|ABpraap,3,1.0
SPA_000005,43,0,ABarpp|ABplpp|ABpraap,3,1.0
SPA_000006,46,0,ABpraa|Ca|ABarapp,3,1.0
SPA_000007,52,0,ABalpa|Dp|Cppa,3,1.0
SPA_000008,52,1,ABarpa|ABprapa|ABpraapa,3,1.0
SPA_000009,53,0,ABalpp|Cp|Epr,3,1.0
SPA_000010,53,1,ABprpp|ABalpapa|ABplaapa,3,1.0
SPA_000011,53,2,Ep|ABplaap|ABalpapp,3,1.0
SPA_000012,53,3,MSpp|MSaap|ABalpppp,3,1.0
SPA_000013,54,0,MSpp|ABplappa|ABalpppp,3,1.0
SPA_000014,54,1,Cpp|ABalaaaa|ABplaaaa,3,1.0
SPA_000015,54,2,ABalapp|ABaraap|ABplapaa|ABalappa|ABplaaap,5,1.0
SPA_000016,54,3,Cpaa|ABprapap|ABprpapa,3,1.0
SPA_000017,55,0,ABarpa|ABprapap|ABprpaa|ABarapaa,4,1.0
SPA_000018,55,1,ABalapp|ABplapaa|ABplaap|ABalappa,4,1.0
SPA_000019,55,2,Cpp|ABalaaaa|ABalpaaa,3,1.0
SPA_000020,55,3,MSpp|ABplappa|ABalpppp,3,1.0
SPA_000021,56,0,ABalap|ABprappp|ABaraaaa,3,1.0
SPA_000022,56,1,ABarpa|ABprapap|ABprpaa|ABprpaaa,4,1.0
SPA_000023,56,2,Cpp|ABalaaa|ABplaaaa,3,1.0
SPA_000024,56,3,ABalpa|Cppp|ABalpaaa,3,1.0
SPA_000025,56,4,ABplpapa|ABplppa|ABpraaa,3,1.0
SPA_000026,56,5,ABprappa|ABalapap|ABaraaap,3,1.0
SPA_000027,57,0,ABalap|ABprappp|ABalaaap,3,1.0
SPA_000028,57,1,MSpp|ABalpppp|ABplappa|ABarpap,4,1.0
SPA_000029,57,2,Cpp|ABalpap|ABplaaaa,3,1.0
SPA_000030,57,3,ABalapp|ABplaaa|MSaaa,3,1.0
SPA_000031,57,4,ABplapp|ABplapap|MSpaa,3,1.0
SPA_000032,58,0,ABalap|ABprappp|ABalaaap,3,1.0
SPA_000033,59,0,ABprpa|ABaraap|ABalpppa,3,1.0
SPA_000034,59,1,Cpp|ABalaaap|ABplaaaa,3,1.0
SPA_000035,59,2,ABalpa|ABprppa|Cpap,3,1.0
SPA_000036,60,0,ABprpa|ABaraap|ABalpppa,3,1.0
SPA_000037,60,1,ABprap|ABalppp|ABplpaa|ABarpapa,4,1.0
SPA_000038,60,2,Cpp|ABalaaap|ABplaaaa,3,1.0
SPA_000039,60,3,ABalaap|ABalpaap|ABplaapa,3,1.0
SPA_000040,61,0,ABprap|ABalppp|ABplpaa|ABarpapa,4,1.0
SPA_000041,62,0,ABprap|ABalppp|ABplpaa|ABarapaa,4,1.0
SPA_000042,62,1,MSpa|ABpraap|MSapp,3,1.0
SPA_000043,62,2,ABalpap|ABalaaap|ABaraaaa,3,1.0
SPA_000044,62,3,ABprpp|Cpp|ABplaaaa,3,1.0
SPA_000045,63,0,MSap|MSpa|MSapp,3,1.0
SPA_000046,63,1,ABalppp|ABplpaa|ABarapaa,3,1.0
SPA_000047,63,2,ABalpap|ABalaaap|ABaraaaa,3,1.0
SPA_000048,63,3,MSpp|ABarpap|ABalpppp,3,1.0
SPA_000049,64,0,ABalpa|Cpap|Dp,3,1.0
SPA_000050,64,1,ABprpp|ABalpap|ABalaaap,3,1.0
SPA_000051,64,2,MSap|MSpa|MSapp|MSappp,4,1.0
SPA_000052,64,3,Epr|ABalaapp|ABaraapp,3,1.0
SPA_000053,64,4,MSpp|ABarpap|ABalpppp,3,1.0
SPA_000054,64,5,ABprapa|ABarpaap|ABarpapa,3,1.0
SPA_000055,65,0,MSpa|ABplappp|MSapp|MSapap,4,1.0
SPA_000056,65,1,ABprapp|ABalppp|ABplpaa,3,1.0
SPA_000057,66,0,ABarpaa|ABprapap|ABprpapa,3,1.0
SPA_000058,66,1,ABprapp|ABalppp|ABplpaa|ABaraaap,4,1.0
SPA_000059,66,2,ABprppa|ABalppa|ABalapaa,3,1.0
SPA_000060,66,3,MSpp|ABalpppp|MSapaa,3,1.0
SPA_000061,67,0,ABalaaa|ABprpppp|Cppa,3,1.0
SPA_000062,67,1,MSpp|ABalpppp|MSapaa,3,1.0
SPA_000063,68,0,ABpraap|ABalappp|MSpaaa,3,1.0
SPA_000064,68,1,ABalpppp|ABplaapp|MSapaa,3,1.0
SPA_000065,68,2,ABarpap|ABarpppp|MSppap,3,1.0
SPA_000066,69,0,ABprppp|ABalpaaa|Dpp,3,1.0
SPA_000067,69,1,Cpp|ABalaaap|ABalapaa,3,1.0
SPA_000068,69,2,ABpraap|ABalappp|MSpaaa,3,1.0
SPA_000069,70,0,Epr|ABalaapp|Epra,3,1.0
SPA_000070,70,1,Cpp|ABalaaap|ABalapaa,3,1.0
SPA_000071,70,2,Dp|ABalpaap|ABalpapa,3,1.0
SPA_000072,70,3,ABarpppp|MSppap|MSpppa,3,1.0
SPA_000073,70,4,ABpraapp|ABprapaa|ABprpapa,3,1.0
SPA_000074,71,0,ABprpaa|Epr|ABalaapp|ABaraapp|Epra,5,1.0
SPA_000075,71,1,MSppp|ABalpppp|MSapaa,3,1.0
SPA_000076,71,2,MSapa|ABalappp|ABarpaap|MSpaaa,4,1.0
SPA_000077,71,3,ABalaaap|ABalapaa|Eprp,3,1.0
SPA_000078,71,4,Dp|ABalpaap|ABalpapa,3,1.0
SPA_000079,72,0,ABarpaa|ABprappa|ABprppap,3,1.0
SPA_000080,72,1,ABprpaa|Epr|ABaraapp|Epra,4,1.0
SPA_000081,72,2,ABprppa|ABalaapa|ABarpaaa,3,1.0
SPA_000082,72,3,Dp|ABalpaap|ABalpapa,3,1.0
SPA_000083,72,4,ABalaapp|ABalappa|Cpaaa,3,1.0
SPA_000084,72,5,ABalapaa|MSaaaa|Eprp,3,1.0
SPA_000085,72,6,ABarpap|ABarpppp|MSpppa,3,1.0
SPA_000086,73,0,ABarpap|ABarpppp|MSpppa,3,1.0
SPA_000087,73,1,ABprpaa|Epr|ABaraapp|Epra,4,1.0
SPA_000088,73,2,ABaraapa|Cpaap|ABalpaapa,3,1.0
SPA_000089,73,3,ABalaaaa|ABalpaaa|Cpapa,3,1.0
SPA_000090,74,0,ABarpap|ABarpppp|MSpppa,3,1.0
SPA_000091,74,1,ABarpaa|ABplapa|ABprappa|ABprppap,4,1.0
SPA_000092,74,2,Epr|ABaraapp|Epra|ABalapapp,4,1.0
SPA_000093,74,3,ABplaapp|ABplapaa|ABplaappp,3,1.0
SPA_000094,74,4,ABplppa|ABarpppa|Earp,3,1.0
SPA_000095,74,5,ABalpap|Caap|Capp,3,1.0
SPA_000096,74,6,Da|Dp|Cpapp,3,1.0
SPA_000097,75,0,ABarpaa|ABprappa|ABaraaapa,3,1.0
SPA_000098,75,1,ABplpap|Epla|Caaa,3,1.0
SPA_000099,75,2,MSapp|ABplaappp|ABplpapp,3,1.0
SPA_000100,75,3,MSppa|ABplapap|ABalppppp|ABplapaaa,4,1.0
SPA_000101,75,4,Epr|ABaraapp|ABalapapp,3,1.0
SPA_000102,75,5,Da|Dp|Cpapp,3,1.0
SPA_000103,75,6,ABprppa|ABalaapa|ABaraaap,3,1.0
SPA_000104,75,7,ABarpppa|Earp|ABaraappp,3,1.0
SPA_000105,76,0,ABaraap|Caaaa|ABalppppa,3,1.0
SPA_000106,76,1,ABpraaa|ABprapaa|ABarapapa,3,1.0
SPA_000107,76,2,ABprppa|ABalaapa|ABaraaap,3,1.0
SPA_000108,76,3,Eal|ABarppaa|MSapap,3,1.0
SPA_000109,76,4,Epl|MSaaap|ABplaapp|ABplaaapa,4,1.0
SPA_000110,76,5,ABprpaa|ABalappp|MSpaaa,3,1.0
SPA_000111,76,6,ABarpaa|ABplapa|ABprappa|ABaraaapa,4,1.0
SPA_000112,76,7,MSpapp|Epra|ABalapppa|ABaraappa|ABarpaapa,5,1.0
SPA_000113,76,8,MSaapa|Eala|ABplaaapp,3,1.0
SPA_000114,76,9,ABalapp|Cpaap|ABalpapap,3,1.0
SPA_000115,76,10,Caap|Earp|ABarpaapp,3,1.0
SPA_000116,76,11,MSppp|ABalpppa|ABplppppp,3,1.0
SPA_000117,76,12,ABprapa|ABpraaap|ABpraapap,3,1.0
SPA_000118,77,0,ABaraap|Caaaa|ABalppppa,3,1.0
SPA_000119,77,1,ABarpaa|ABprappa|ABaraaapa,3,1.0
SPA_000120,77,2,ABprapa|ABpraaap|ABpraapap|ABprpapaa,4,1.0
SPA_000121,77,3,ABprapp|Cpaa|ABplpapa|ABalaapp,4,1.0
SPA_000122,77,4,MSpap|ABplaappa|ABplapaaa|ABplappap,4,1.0
SPA_000123,77,5,Eal|ABarppaa|MSapap,3,1.0
SPA_000124,77,6,ABarappa|ABpraaaa|ABprpaapp,3,1.0
SPA_000125,77,7,ABarappp|ABarapppp|ABprapaaa,3,1.0
SPA_000126,77,8,ABplapapp|ABplpaapp|ABplapppa,3,1.0
SPA_000127,77,9,ABpraappp|ABaraaapp|ABpraaaaa,3,1.0
SPA_000128,77,10,ABprapapp|ABalaaapp|ABaraapaa,3,1.0
SPA_000129,77,11,ABprappp|ABalaaapa|ABalapaaa,3,1.0
SPA_000130,77,12,ABprpaaa|ABpraapaa|ABprpaaap,3,1.0
SPA_000131,77,13,ABprpapa|ABarappaa|ABarapppa|ABpraaapp,4,1.0
SPA_000132,77,14,MSpapp|Epra|ABalapppa,3,1.0
SPA_000133,77,15,ABplpppp|ABpraapp|ABplpapaa,3,1.0
SPA_000134,77,16,ABaraaa|ABprpapp|ABalpapap,3,1.0
SPA_000135,77,17,ABplappp|ABplpaaap|ABplpaapa|ABplapppp,4,1.0
SPA_000136,77,18,ABarppa|ABprppaa|ABpraaaap|ABpraaapa,4,1.0
SPA_000137,78,0,ABarppa|ABpraappp|ABpraaaaa|ABpraaaap,4,1.0
SPA_000138,78,1,ABplapp|MSpppp|ABalaappa,3,1.0
SPA_000139,78,2,ABprapp|ABplpapa|ABalaapp|ABarpapaa,4,1.0
SPA_000140,78,3,ABprppa|ABalaapa|ABaraaap,3,1.0
SPA_000141,78,4,Cpp|ABaraapap|MSaaaa,3,1.0
SPA_000142,78,5,Da|ABalpaap|ABplaapa,3,1.0
SPA_000143,78,6,Dp|ABalpapa|ABalpapaa|Cpppp,4,1.0
SPA_000144,78,7,ABarappa|ABplappaa|ABpraaap,3,1.0
SPA_000145,78,8,ABplappp|ABarpappa|Eara|ABalpppp|ABarpppap,5,1.0
SPA_000146,78,9,ABplpppp|ABpraapap|ABprpapaa,3,1.0
SPA_000147,78,10,ABaraaa|ABprappa|ABprpapa|Dap|ABalppapa|ABalpppaa,6,1.0
SPA_000148,78,11,ABprappp|ABprpapp|Eprp|Cpaap|ABalapapa|ABalpaaap,6,1.0
SPA_000149,78,12,ABprpaap|Caaap|ABprapap,3,1.0
SPA_000150,78,13,ABalppppp|ABplaaapp|ABarpapa,3,1.0
SPA_000151,79,0,ABpraaa|ABprapaaa|ABarappaa,3,1.0
SPA_000152,79,1,MSpaa|ABarappp|MSappp,3,1.0
SPA_000153,79,2,MSpap|ABarpaap|ABarpapa|ABplpapap|ABplppapp,5,1.0
SPA_000154,79,3,Ear|ABarpaapp|ABarppaap,3,1.0
SPA_000155,79,4,Cppp|ABplaapp|ABalpappa,3,1.0
SPA_000156,79,5,Da|ABplaapa|ABalpapaa|Cappp,4,1.0
SPA_000157,79,6,ABalaapa|ABplaaap|ABplaaaap|Cappa,4,1.0
SPA_000158,79,7,ABalapap|ABaraapa|ABplpaaaa|ABplpaaap|ABaraaap|ABplpppap,6,1.0
SPA_000159,79,8,ABplappa|ABalapppa|ABaraappa|ABarppppp,4,1.0
SPA_000160,79,9,ABplappp|ABarpappa|Eara|ABarpppap,4,1.0
SPA_000161,79,10,ABplpaap|ABplpapa|ABarapaap,3,1.0
SPA_000162,79,11,ABplpppa|ABpraaapp|ABpraapaa,3,1.0
SPA_000163,79,12,ABprpppp|ABalaaapa|ABaraaaaa,3,1.0
SPA_000164,79,13,ABaraapp|ABalppppp|ABplaaapp,3,1.0
SPA_000165,79,14,ABprpaa|Cpap|MSpaaa,3,1.0
SPA_000166,80,0,ABalpaa|ABprppaa|Cpapp,3,1.0
SPA_000167,80,1,ABarppa|ABpraappp|ABprpappa|ABprppaap,4,1.0
SPA_000168,80,2,MSpaa|ABarappp|MSappp,3,1.0
SPA_000169,80,3,MSpap|ABaraapp|ABarpaap|ABarpapa|ABalppppp|ABplaaapp|ABplapaaa|ABplpapap|ABplppapp|ABplpppaa,10,1.0
SPA_000170,80,4,MSppp|ABalappa|ABplaaapa,3,1.0
SPA_000171,80,5,ABplppp|Ear|ABarpaapp,3,1.0
SPA_000172,80,6,Cpaa|ABpraaaaa|ABpraaapa,3,1.0
SPA_000173,80,7,Dp|ABalpaap|ABalpaapa,3,1.0
SPA_000174,80,8,ABalaapa|ABplaaap|ABalppapa|ABplaaaap|Cappa,5,1.0
SPA_000175,80,9,ABalappp|ABarpaapa|ABarppapp,3,1.0
SPA_000176,80,10,Eal|ABarpapp|ABarppaa,3,1.0
SPA_000177,80,11,ABprpap|ABplaapp|ABalpappa,3,1.0
SPA_000178,80,12,Cap|ABplappp|ABarpappa,3,1.0
SPA_000179,80,13,ABplpapp|ABplppap|ABpraaapp,3,1.0
SPA_000180,80,14,ABpraapp|ABprapaa|ABplapppa|ABplppppa,4,1.0
SPA_000181,80,15,ABprpapp|Cpaap|ABalpaaap,3,1.0
SPA_000182,80,16,Epl|ABalpappp|MSaaap,3,1.0
SPA_000183,80,17,ABalapa|ABprppppp|ABalapaaa,3,1.0
SPA_000184,80,18,ABarappa|ABplapaap|ABplppaap,3,1.0
SPA_000185,80,19,Cppp|ABalpapap|ABalppaaa,3,1.0
SPA_000186,81,0,ABprapa|ABplpppa|ABpraapaa,3,1.0
SPA_000187,81,1,MSaap|ABpraapa|ABplapapa|ABplpppaa|ABplppaaa,5,1.0
SPA_000188,81,2,MSppp|ABalappa|ABalppapp|ABalpppap|ABplaaapa,5,1.0
SPA_000189,81,3,ABarapp|ABplppp|Ear|ABarpaapp,4,1.0
SPA_000190,81,4,Dp|ABalpaap|ABplaapa|ABalpaapa,4,1.0
SPA_000191,81,5,ABalaapa|ABplaaap|ABalpppaa|ABplaaaap,4,1.0
SPA_000192,81,6,ABalappp|ABarpaapa|ABarppapp,3,1.0
SPA_000193,81,7,ABarappa|ABplapaap|ABplppaap,3,1.0
SPA_000194,81,8,ABarpaap|ABarpapa|ABplppapp,3,1.0
SPA_000195,81,9,MSapp|ABarpapp|ABarppaa,3,1.0
SPA_000196,81,10,ABplpapp|ABplppap|ABarappap|ABpraaapp,4,1.0
SPA_000197,81,11,Cppp|ABplaapp|ABalpappa,3,1.0
SPA_000198,81,12,Epl|ABalpappp|MSaaap,3,1.0
SPA_000199,81,13,ABalppppp|ABplaaapp|ABplpapap,3,1.0
SPA_000200,81,14,ABprapp|ABpraaaaa|ABpraaapa,3,1.0
SPA_000201,81,15,ABarppa|ABpraappp|ABprppaap,3,1.0
SPA_000202,81,16,ABprapaap|MSpppp|ABalaappp,3,1.0
SPA_000203,81,17,ABprpppp|ABprapapp|ABalappaa|ABaraaaap,4,1.0
SPA_000204,81,18,ABarpaa|ABprappap|ABprpppaa|ABprppppa|ABalaapaa,5,1.0
SPA_000205,81,19,ABalapa|ABprapppp|ABprppppp,3,1.0
SPA_000206,81,20,ABplpppp|ABprapaaa|ABprpaapp,3,1.0
SPA_000207,81,21,ABalapppp|ABaraappp|Eara,3,1.0
SPA_000208,81,22,ABprappa|Caapa|Capp|ABalppaap,4,1.0
SPA_000209,81,23,ABprppap|ABprpppa|ABalaaaal,3,1.0
SPA_000210,82,0,ABplpaa|ABarpaaap|MSaaaap,3,1.0
SPA_000211,82,1,ABprppp|Cppap|Cpppa,3,1.0
SPA_000212,82,2,MSaap|ABplapapa|ABplppapp|ABplppaaa,4,1.0
SPA_000213,82,3,Capp|ABalpppp|ABalapppp|ABaraappp|Eara,5,1.0
SPA_000214,82,4,Dp|ABalpaap|ABplaapa|ABalapaaa|ABalpaapa,5,1.0
SPA_000215,82,5,ABaraapa|ABalppapp|ABalpppap|ABplpaaaa|Capaa,5,1.0
SPA_000216,82,6,ABarappa|ABplaappp|ABplapaap|ABplppapa|ABplppaap,5,1.0
SPA_000217,82,7,MSapp|ABarppaa|ABplpappa,3,1.0
SPA_000218,82,8,ABplpaap|ABplpapa|ABarapaap,3,1.0
SPA_000219,82,9,ABplppap|ABarappap|ABpraapaa,3,1.0
SPA_000220,82,10,ABprppap|ABprpppa|ABalaaaal,3,1.0
SPA_000221,82,11,Epl|ABalpappp|MSaaap,3,1.0
SPA_000222,82,12,ABplaaap|ABalapaap|ABalpppaa,3,1.0
SPA_000223,82,13,ABalppppp|ABplaaapp|ABplpapap,3,1.0
SPA_000224,82,14,ABplppaa|ABarapapa|ABarapppa,3,1.0
SPA_000225,82,15,Caap|ABarapppp|ABpraapap|ABprpapaa,4,1.0
SPA_000226,82,16,Da|ABplaaaa|ABplaaaaa|Capap,4,1.0
SPA_000227,82,17,ABprapp|ABpraaaaa|ABpraaapa,3,1.0
SPA_000228,82,18,ABarpaa|ABplapa|ABprappap|ABprpppaa,4,1.0
SPA_000229,82,19,Dpa|ABalaapap|ABalappap,3,1.0
SPA_000230,83,0,ABarpap|ABarppppp|MSpaaaa,3,1.0
SPA_000231,83,1,ABplpaa|ABarpaaap|MSaaaap,3,1.0
SPA_000232,83,2,MSaaa|ABplapapp|ABplpppap,3,1.0
SPA_000233,83,3,MSapp|ABarppaa|MSapap,3,1.0
SPA_000234,83,4,Caap|ABarapppp|ABprpapaa,3,1.0
SPA_000235,83,5,Capp|ABalpppp|ABaraappp,3,1.0
SPA_000236,83,6,Da|ABplaaaaa|Capap,3,1.0
SPA_000237,83,7,Dp|ABalpaap|ABalpaaap,3,1.0
SPA_000238,83,8,ABalapap|ABaraapa|ABalppapp|ABalpppap|ABplpaaaa|Capaa,6,1.0
SPA_000239,83,9,ABarappa|ABplaappp|ABplppapa|ABplppaap,4,1.0
SPA_000240,83,10,ABplapaa|ABalppaap|MSapaa,3,1.0
SPA_000241,83,11,ABplpaap|ABplpapa|ABalaappp|ABarapaap|ABarpapaa,5,1.0
SPA_000242,83,12,ABplppap|ABarappap|ABpraapaa,3,1.0
SPA_000243,83,13,ABpraapa|ABplappaa|ABplppapp,3,1.0
SPA_000244,83,14,ABplappp|ABarapapp|ABarpappa|MSppaa,4,1.0
SPA_000245,83,15,MSppa|Eal|ABarppaaa,3,1.0
SPA_000246,83,16,ABarpppa|ABarppaap|ABarppapa,3,1.0
SPA_000247,83,17,Cpaa|ABarapppa|ABpraaaap,3,1.0
SPA_000248,83,18,ABalapa|ABprapppp|ABalaaaar,3,1.0
SPA_000249,83,19,ABplapap|MSaapa|Eala,3,1.0
SPA_000250,83,20,ABalapppp|MSpaap|Eara,3,1.0
SPA_000251,83,21,Eprp|Cpaap|Dpp|MSaaaaa,4,1.0
SPA_000252,83,22,ABprapapp|ABprppppp|ABalappaa,3,1.0
SPA_000253,83,23,ABprppp|Cppap|Cpppa,3,1.0
SPA_000254,84,0,ABaraaa|ABprappa|Cappa,3,1.0
SPA_000255,84,1,ABaraap|ABpraapp|ABarppapp|Caaaa,4,1.0
SPA_000256,84,2,ABprapp|ABplppaa|ABpraaapa,3,1.0
SPA_000257,84,3,MSaap|ABpraaap|ABplapaap|ABplppaaa,4,1.0
SPA_000258,84,4,MSapa|MSpaa|ABarpppa|ABplpappp|MSappp,5,1.0
SPA_000259,84,5,MSapp|ABarppaa|ABalppppp|ABplaaapp|ABplpapap|MSapap,6,1.0
SPA_000260,84,6,Caap|ABpraapap|ABprpapaa,3,1.0
SPA_000261,84,7,Dp|ABalpaap|ABalaaaal|ABalapaaa,4,1.0
SPA_000262,84,8,Da|ABalaaaa|ABalpapaa|ABplaaaaa|Capap,5,1.0
SPA_000263,84,9,ABalapap|ABaraaap|ABalppapp|ABalpppap|ABplpaaaa,5,1.0
SPA_000264,84,10,ABalppaa|ABalaaaar|ABalpaaaa,3,1.0
SPA_000265,84,11,ABarappa|ABplaappp|ABplppapa,3,1.0
SPA_000266,84,12,ABarpaap|ABarpapa|ABplpaaap,3,1.0
SPA_000267,84,13,ABalaapa|ABplaaap|ABalapaap|ABalppaaa|ABalpppaa,5,1.0
SPA_000268,84,14,ABplpaap|ABplpapa|ABalaappp|ABaraaapp|ABarpapaa,5,1.0
SPA_000269,84,15,ABplpapp|ABarapppa|ABpraaapp,3,1.0
SPA_000270,84,16,ABplppap|ABarappap|ABpraapaa,3,1.0
SPA_000271,84,17,ABpraapa|ABplappaa|ABplppapp,3,1.0
SPA_000272,84,18,ABalpaa|ABprppaa|Caapp|Cappp,4,1.0
SPA_000273,84,19,ABalappp|ABalapapp|MSpaaa,3,1.0
SPA_000274,84,20,ABalapppp|MSpaap|Eara|MSpapap|MSaapa,5,1.0
SPA_000275,84,21,ABplapaa|ABalppaap|MSapaa,3,1.0
SPA_000276,84,22,ABplappp|ABarapapp|MSppaa,3,1.0
SPA_000277,84,23,Caaa|ABpraappp|ABprppaap,3,1.0
SPA_000278,84,24,ABplaaa|ABprapppa|ABprpppap,3,1.0
SPA_000279,84,25,ABaraapa|ABplaaaap|Capaa,3,1.0
SPA_000280,84,26,ABalaaapa|Cppap|Cpppa,3,1.0
SPA_000281,85,0,ABalpaa|Caapp|Cappp,3,1.0
SPA_000282,85,1,ABaraaa|ABprappa|Caaap|Cappa,4,1.0
SPA_000283,85,2,ABarapp|ABarpaapp|MSpapa,3,1.0
SPA_000284,85,3,ABplapa|ABprappap|ABprpppaa,3,1.0
SPA_000285,85,4,ABprapp|Cpaa|ABarapppa|ABpraaaap|ABpraaapa,5,1.0
SPA_000286,85,5,MSapa|MSpaa|ABarpppa|ABarppapa|ABplpappp|MSappp|MSapapa,7,1.0
SPA_000287,85,6,MSapp|ABarppaa|ABalppppp|ABplpapap|MSapap,5,1.0
SPA_000288,85,7,Epl|ABalpappp|MSaaap,3,1.0
SPA_000289,85,8,ABprpaa|Epr|ABalpppp|ABplappa|MSpaaap,5,1.0
SPA_000290,85,9,Dp|ABalpapa|ABalaaaal|ABalapaaa,4,1.0
SPA_000291,85,10,MSppp|ABalaapp|ABplapaa|ABalapapp|ABalppaap|ABplpapaa|MSapaa,7,1.0
SPA_000292,85,11,ABprpap|ABalpppa|ABaraapap,3,1.0
SPA_000293,85,12,ABarapap|ABplaappa|ABplapaaa,3,1.0
SPA_000294,85,13,ABarappa|ABplaappp|ABplppaap,3,1.0
SPA_000295,85,14,ABplpaap|ABplpapa|ABalaappp|ABarapaap|ABarpapaa,5,1.0
SPA_000296,85,15,ABpraap|ABplpppa|ABarapppp,3,1.0
SPA_000297,85,16,Cppp|ABalapapa|ABalpaapp|MSaaaa,4,1.0
SPA_000298,85,17,ABalppaa|ABalaaaar|ABalpaaaa,3,1.0
SPA_000299,85,18,ABalapap|ABaraaap|ABalppapp|ABalpppap|ABplpaaaa,5,1.0
SPA_000300,85,19,ABplaaap|ABalppaaa|ABalpppaa,3,1.0
SPA_000301,85,20,ABarpap|ABarppppp|Cpaaa,3,1.0
SPA_000302,85,21,ABalaap|ABalpap|ABplapppp,3,1.0
SPA_000303,85,22,ABpraappa|ABprpaapp|ABprppaaa,3,1.0
SPA_000304,85,23,ABalapppp|MSpaap|Eara,3,1.0
SPA_000305,86,0,ABalpaa|Caapp|Cappp,3,1.0
SPA_000306,86,1,ABprppa|ABplpapa|ABalaappa|ABaraaapp|Cppaa,5,1.0
SPA_000307,86,2,ABprppp|ABalaaapa|ABaraaaaa,3,1.0
SPA_000308,86,3,MSapa|ABarpppa|ABplpappp,3,1.0
SPA_000309,86,4,MSapp|ABarppaa|ABplpapap|MSapap,4,1.0
SPA_000310,86,5,ABprpaa|Epr|ABalpppp|ABplappa|MSpaaap,5,1.0
SPA_000311,86,6,ABalaapa|ABalapaap|ABalppaaa|ABalpppaa,4,1.0
SPA_000312,86,7,MSppp|ABalaapp|ABplapaa|ABalapapp|ABalppaap|MSapaa,6,1.0
SPA_000313,86,8,ABalapap|ABaraaap|ABaraapa|ABalpppap,4,1.0
SPA_000314,86,9,Dp|ABalpapa|ABplaapa|ABalaaaal|ABalapaaa|ABalpaapa,6,1.0
SPA_000315,86,10,ABalppaa|ABalaaaar|ABalpaaaa,3,1.0
SPA_000316,86,11,ABprpap|ABalpppa|ABplaapp,3,1.0
SPA_000317,86,12,ABplppap|ABarappap|ABpraaapp,3,1.0
SPA_000318,86,13,ABaraaa|ABprappa|Cappa,3,1.0
SPA_000319,86,14,ABalappaa|ABaraaaap|MSaaaaa,3,1.0
SPA_000320,86,15,ABalappa|ABalppapp|ABplaapaa|ABplpaaaa,4,1.0
SPA_000321,86,16,ABpraappp|ABprapaaa|ABprppaap,3,1.0
SPA_000322,86,17,Eprp|Cpaap|Dpp,3,1.0
SPA_000323,86,18,Epl|ABarpaaap|MSaaap,3,1.0
SPA_000324,87,0,ABarapp|ABplppp|Ear|ABarpaapp,4,1.0
SPA_000325,87,1,ABarppp|ABarpppaa|ABprpappa|MSppapa,4,1.0
SPA_000326,87,2,ABpraap|ABarpappa|MSppap,3,1.0
SPA_000327,87,3,ABprppa|ABplpaap|ABplpapa|ABalaappa|ABaraaapp|ABarapaap|Cppaa,7,1.0
SPA_000328,87,4,ABprppp|Cppa|ABalppap|ABplpaaa|ABalaaapp|ABalaapaa|ABaraaapa|Cppap,8,1.0
SPA_000329,87,5,MSaaa|ABprpaaa|ABplpppap,3,1.0
SPA_000330,87,6,MSppa|ABarpaapa|MSaappp,3,1.0
SPA_000331,87,7,ABprpaa|Epr|ABalpppp|ABplappa|ABalapppa|ABaraappp|MSpaaap,7,1.0
SPA_000332,87,8,Cppp|ABalpaapp|ABalpappa,3,1.0
SPA_000333,87,9,ABalaapa|ABplaaap|ABalppaaa|ABalpppaa,4,1.0
SPA_000334,87,10,ABalpapa|ABplaapa|ABalaaaal|ABalapaaa|ABalpaaap|ABalpaapa|Capap,7,1.0
SPA_000335,87,11,ABalppaa|ABalaaaar|ABalpaaaa,3,1.0
SPA_000336,87,12,ABaraapp|ABarpaap|ABarpapa,3,1.0
SPA_000337,87,13,ABplppap|ABarappap|ABpraaapp,3,1.0
SPA_000338,87,14,ABalappaa|ABaraaaap|MSaaaaa,3,1.0
SPA_000339,87,15,ABalapap|ABaraapa|ABalpppap,3,1.0
SPA_000340,87,16,MSapp|MSpap|ABalppppp|ABplaaapp,4,1.0
SPA_000341,87,17,ABalaap|ABalpap|ABplapppp,3,1.0
SPA_000342,87,18,Cpap|ABalappap|MSpaaaa,3,1.0
SPA_000343,87,19,MSpapap|Earp|MSpaapp,3,1.0
SPA_000344,88,0,ABarapp|ABplppp|Ear|ABarppap,4,1.0
SPA_000345,88,1,ABarppp|ABarpppaa|ABprpappa|MSppapa,4,1.0
SPA_000346,88,2,ABprppa|ABplpaap|ABplpapa|ABalaapap|ABalaappa|ABaraaapp|ABarapaap|Cppaa,8,1.0
SPA_000347,88,3,MSaaa|ABprpaaa|ABplappap|ABplpppap,4,1.0
SPA_000348,88,4,MSppa|ABarpaapa|MSaappp,3,1.0
SPA_000349,88,5,Epr|ABalpppp|ABplappa|ABalapppa|ABaraappp|MSpaaap|MSpappp,7,1.0
SPA_000350,88,6,Cpap|ABaraappa|MSpaaaa,3,1.0
SPA_000351,88,7,Cppa|ABalppap|ABplpaaa|ABalaaapp|ABaraaapa|Cppap,6,1.0
SPA_000352,88,8,ABalaapa|ABplaaap|ABalppaaa|ABalpppaa|Capaa,5,1.0
SPA_000353,88,9,ABalaapp|ABalapapp|MSpaaa,3,1.0
SPA_000354,88,10,ABalapap|ABaraapa|ABalpppap|ABplaapaa|ABplpaaaa,5,1.0
SPA_000355,88,11,ABalpaap|ABalpapa|ABplaapa|ABalaaaal|ABalpaaap|ABalpaapa|Capap,7,1.0
SPA_000356,88,12,ABalppaa|ABalaaaar|ABalpaaaa,3,1.0
SPA_000357,88,13,ABarappp|ABprapaa|ABarppapa|MSapapa,4,1.0
SPA_000358,88,14,ABarpapp|MSappp|MSapapp,3,1.0
SPA_000359,88,15,ABpraapa|ABplapapa|ABplappaa,3,1.0
SPA_000360,88,16,ABalapppp|MSpaapp|MSpapaa|Eara,4,1.0
SPA_000361,88,17,MSpap|ABalppppp|ABplaaapp,3,1.0
SPA_000362,88,18,ABplpapp|ABplppap|ABarappap|ABpraaapp,4,1.0
SPA_000363,88,19,ABpraap|ABarpappa|MSppap|MSppapp,4,1.0
SPA_000364,88,20,ABplaappa|ABplapaaa|ABplpaapp,3,1.0
SPA_000365,88,21,ABarppaa|ABplpapap|MSapap,3,1.0
SPA_000366,88,22,Caaa|ABpraappp|ABprppaap,3,1.0
SPA_000367,88,23,ABalappaa|ABaraaaap|MSaaaaa,3,1.0
SPA_000368,88,24,ABarpap|ABplppa|Epra,3,1.0
SPA_000369,88,25,ABalppp|Caaaa|MSapaaa,3,1.0
SPA_000370,88,26,ABpraaa|ABarppppa|MSppaap,3,1.0
SPA_000371,89,0,ABaraapp|ABprapaa|ABarppapa|MSapapa,4,1.0
SPA_000372,89,1,ABarppa|ABprapaap|ABprppapa,3,1.0
SPA_000373,89,2,ABplppp|Ear|ABarppap|MSaappa,4,1.0
SPA_000374,89,3,ABpraaa|ABarppppa|MSppaap,3,1.0
SPA_000375,89,4,ABprppa|ABalaapap|ABalaappa,3,1.0
SPA_000376,89,5,MSaap|ABplaappp|ABplppapa,3,1.0
SPA_000377,89,6,MSapp|MSpap|ABarpaap|ABarpapa|MSpaaa|ABalppppp|ABplaaapp,7,1.0
SPA_000378,89,7,ABprpaap|Epr|ABalpppp|ABplappa|ABaraappp|MSpaaap,6,1.0
SPA_000379,89,8,Cpap|ABaraappa|MSpaaaa,3,1.0
SPA_000380,89,9,Cppa|ABalppap|ABplpaaa|ABalaaapp|ABalaapaa|ABaraaapa|ABarapaaa,7,1.0
SPA_000381,89,10,ABalaapa|ABalapaap|ABalppaaa,3,1.0
SPA_000382,89,11,ABalaapp|ABalappp|ABalapapp|ABplpapaa|MSapppp,5,1.0
SPA_000383,89,12,ABalpapa|ABalaaaal|ABalapaaa|ABalpaapa|Capap,5,1.0
SPA_000384,89,13,ABalpapp|ABalappaa|ABaraaaap|MSaaaaa,4,1.0
SPA_000385,89,14,Dp|ABalpaap|ABplaapa|ABalpaaap,4,1.0
SPA_000386,89,15,ABplpaap|ABaraaapp|ABarapaap,3,1.0
SPA_000387,89,16,ABplpapp|ABplppap|ABarappap|ABarapppp|ABpraaapp|MSppapa,6,1.0
SPA_000388,89,17,ABalapppp|MSpaapp|MSpapaa|Eara,4,1.0
SPA_000389,89,18,ABarppaaa|Ealp|MSappaa,3,1.0
SPA_000390,89,19,ABaraapa|ABpraapp|ABarppapp,3,1.0
SPA_000391,89,20,ABalapap|ABalpppap|ABplaapaa|ABplpaaaa,4,1.0
SPA_000392,89,21,MSaaa|ABplappap|ABplpppap,3,1.0
SPA_000393,89,22,ABplaappa|ABplapaaa|ABplpaapp,3,1.0
SPA_000394,89,23,ABplpap|MSaappp|Epla,3,1.0
SPA_000395,89,24,MSpaa|ABarpapp|MSappp,3,1.0
SPA_000396,89,25,Eprp|Cppaa|Dpp,3,1.0
SPA_000397,89,26,Eal|MSpaap|MSapppa,3,1.0
SPA_000398,90,0,ABarppp|ABprpappa|MSppapp,3,1.0
SPA_000399,90,1,ABplapaa|ABprappap|ABprpppap,3,1.0
SPA_000400,90,2,ABplapap|ABprappaa|ABprpppaa,3,1.0
SPA_000401,90,3,ABplppp|Ear|ABarppap,3,1.0
SPA_000402,90,4,ABpraaa|ABarppppa|MSpppp,3,1.0
SPA_000403,90,5,ABpraapp|ABplappp|ABarapppp|MSppapa,4,1.0
SPA_000404,90,6,MSaaa|ABplapapa|ABplpppaa,3,1.0
SPA_000405,90,7,MSaap|ABplaappp|ABplppapa,3,1.0
SPA_000406,90,8,MSapp|MSpap|MSpaaa|ABalppppp,4,1.0
SPA_000407,90,9,MSpaa|MSpapa|MSapapp,3,1.0
SPA_000408,90,10,Epr|ABplappa|ABaraappp|MSpaaap|MSpaapa,5,1.0
SPA_000409,90,11,Cppa|ABplpaaa|ABalaapaa,3,1.0
SPA_000410,90,12,ABalaapa|MSaaaa|ABalapaap|ABalppaaa|ABalpppaa,5,1.0
SPA_000411,90,13,ABalpapp|ABalappaa|ABaraapaa|MSaaaaa,4,1.0
SPA_000412,90,14,ABplaapp|ABalappap|ABaraappa,3,1.0
SPA_000413,90,15,ABplpaap|ABalaapap|ABalaappa,3,1.0
SPA_000414,90,16,ABplppap|ABarappap|ABpraaapp,3,1.0
SPA_000415,90,17,ABprpppa|Cpapa|Cpppa,3,1.0
SPA_000416,90,18,ABaraapp|ABarppapa|MSapapa,3,1.0
SPA_000417,90,19,ABalpap|ABplapppa|ABplppppp,3,1.0
SPA_000418,90,20,ABarapppa|ABpraaaap|ABpraaapa,3,1.0
SPA_000419,90,21,ABplpap|MSaappp|Epla,3,1.0
SPA_000420,90,22,ABarppaaa|Ealp|MSappaa,3,1.0
SPA_000421,90,23,ABalapppp|MSpaapp|MSpapaa|Eara,4,1.0
SPA_000422,90,24,Eprp|Cppaa|Dpp,3,1.0
SPA_000423,90,25,Eal|MSpaap|MSapppa,3,1.0
SPA_000424,90,26,ABplpapp|MSppaap|MSppppp,3,1.0
SPA_000425,91,0,ABalpap|ABplapapp|ABplapppa|ABplppppp,4,1.0
SPA_000426,91,1,ABalppp|Caaaa|Dap,3,1.0
SPA_000427,91,2,ABplaaa|ABprapapp|ABprapppa|ABprapppp,4,1.0
SPA_000428,91,3,ABplapaa|ABprappap|ABprpppap,3,1.0
SPA_000429,91,4,ABprapaa|ABpraapaa|ABprpaapa,3,1.0
SPA_000430,91,5,ABprappa|Cpaa|ABplppaa|ABarappaa|MSppaaa,5,1.0
SPA_000431,91,6,ABprappp|ABplpaap|ABalaappa,3,1.0
SPA_000432,91,7,ABprpaap|Epr|ABalpppp|ABalapppa|ABaraappp|MSpaaap|MSpaapa,7,1.0
SPA_000433,91,8,MSaap|ABplapaap|ABplppapa,3,1.0
SPA_000434,91,9,Eal|ABplpappa|MSapapp|MSapppa,4,1.0
SPA_000435,91,10,Epl|ABarpaaap|MSaapaa,3,1.0
SPA_000436,91,11,ABalpppa|ABarpaaaa|MSaaapa,3,1.0
SPA_000437,91,12,Caap|ABplpppa|ABarapppp|MSppapa|MSppppa,5,1.0
SPA_000438,91,13,MSapp|MSpap|MSpaaa,3,1.0
SPA_000439,91,14,Dp|ABalaaaal|ABalpaaap|ABalpaapa,4,1.0
SPA_000440,91,15,MSppp|ABalaapa|ABalppaap|MSapaaa,4,1.0
SPA_000441,91,16,ABarpappp|ABprpappa|MSppapp|MSpppa|MSpppaa,5,1.0
SPA_000442,91,17,ABpraaaa|ABarppppa|MSpppp,3,1.0
SPA_000443,91,18,MSaaa|ABplapapa|ABplpppaa,3,1.0
SPA_000444,91,19,Caaa|ABplpppp|ABprpapap,3,1.0
SPA_000445,91,20,ABalappaa|ABaraapaa|MSaaaaa,3,1.0
SPA_000446,91,21,ABplpap|MSaappp|Epla,3,1.0
SPA_000447,91,22,ABplpapaa|MSapaap|MSapppp,3,1.0
SPA_000448,91,23,ABprppap|Caapa|Cappp,3,1.0
SPA_000449,92,0,ABarpaap|ABplappa|ABprppppa,3,1.0
SPA_000450,92,1,ABprpaap|Epr|ABalapppa|MSpaapa,4,1.0
SPA_000451,92,2,ABprppap|ABalaaapp|ABaraaapa,3,1.0
SPA_000452,92,3,ABprpppa|ABprpppp|ABalppaa|ABalaaaar|ABalpaaaa,5,1.0
SPA_000453,92,4,MSaaa|ABplapapa|ABplpppaa,3,1.0
SPA_000454,92,5,Eal|ABplpappa|MSapapp|MSappa|MSappap|MSapppa,6,1.0
SPA_000455,92,6,Eara|ABarpaapp|MSpapap,3,1.0
SPA_000456,92,7,Caap|ABarapppp|ABpraaapp|ABprpaaaa,4,1.0
SPA_000457,92,8,Cpap|ABalppap|ABaraaaap,3,1.0
SPA_000458,92,9,ABprappp|ABplpaap|ABalaapap|ABalaappa,4,1.0
SPA_000459,92,10,ABpraapp|ABplppap|ABarappap|MSppppp,4,1.0
SPA_000460,92,11,MSpaap|Eala|MSappaa,3,1.0
SPA_000461,92,12,Da|ABalppaap|ABalpppaa,3,1.0
SPA_000462,92,13,ABalappaa|ABaraapaa|MSaaaaa,3,1.0
SPA_000463,92,14,ABarpappp|ABprpappa|MSppapp|MSpppaa,4,1.0
SPA_000464,92,15,ABalapapp|MSapaap|MSapppp,3,1.0
SPA_000465,93,0,ABarppap|ABprapaaa|ABprppaaa,3,1.0
SPA_000466,93,1,ABpraapa|ABarpappp|ABprpappa|MSppapp|MSpppaa,5,1.0
SPA_000467,93,2,ABprapaa|ABprpaaap|ABprpaapa,3,1.0
SPA_000468,93,3,ABprappa|Cpaa|ABpraaaaa,3,1.0
SPA_000469,93,4,ABprpaap|Epr|ABalapppa|MSpaapa,4,1.0
SPA_000470,93,5,ABprpppp|ABalppaa|ABalaaaar,3,1.0
SPA_000471,93,6,MSaap|ABplapaap|ABplppapa,3,1.0
SPA_000472,93,7,Caap|ABarapppp|ABpraaapp,3,1.0
SPA_000473,93,8,Capa|MSppaap|MSppppp,3,1.0
SPA_000474,93,9,ABplpaaa|ABalaaapp|ABalaapaa,3,1.0
SPA_000475,93,10,MSaaap|ABarpaaap|Dapa,3,1.0
SPA_000476,93,11,ABprpppa|Cppa|ABaraaaaa,3,1.0
SPA_000477,93,12,Cpap|ABalppap|ABaraaaap,3,1.0
SPA_000478,93,13,ABprppap|ABaraaapa|ABarapaaa,3,1.0
SPA_000479,93,14,ABalpappa|ABaraapap|MSaaaap,3,1.0
SPA_000480,93,15,ABarppapp|ABplapppa|ABplppppp,3,1.0
SPA_000481,93,16,ABplaaap|ABplapaa|ABprappap|ABprpppap,4,1.0
SPA_000482,93,17,ABplpappa|MSappa|MSappap,3,1.0
SPA_000483,93,18,ABaraapp|MSppap|Dap,3,1.0
SPA_000484,94,0,ABalappp|MSpppp|Cppaa,3,1.0
SPA_000485,94,1,ABaraapp|MSppap|Dap,3,1.0
SPA_000486,94,2,ABarpppa|Caaa|ABprpapap,3,1.0
SPA_000487,94,3,ABplapaa|ABprapapa|ABprappap|ABprpppap,4,1.0
SPA_000488,94,4,ABprappp|ABalaapap|ABalaappa,3,1.0
SPA_000489,94,5,ABprpaap|Epr|ABalapppa|MSpaaap|MSpaapa,5,1.0
SPA_000490,94,6,Caap|ABarapppp|ABpraaapp|ABpraapaa|ABprpaaaa,5,1.0
SPA_000491,94,7,Dp|ABalaaaal|ABalpaapa,3,1.0
SPA_000492,94,8,MSppp|MSaaap|ABalapapa|Dapa,4,1.0
SPA_000493,94,9,ABalpappa|ABaraapap|MSaaaap|MSaaapa,4,1.0
SPA_000494,94,10,ABalppaaa|ABalppaap|ABalpppaa,3,1.0
SPA_000495,94,11,ABalpppap|ABplaapaa|ABplpaaaa,3,1.0
SPA_000496,94,12,ABprpapp|ABalappaa|ABaraapaa|MSaaaaa,4,1.0
SPA_000497,94,13,Capa|ABarappap|MSppaap|MSppapa|MSppppp,5,1.0
SPA_000498,94,14,MSappp|ABprpappa|MSppapp,3,1.0
SPA_000499,95,0,ABplaaap|ABplapaa|ABprappap|ABprapppa|ABprpppap,5,1.0
SPA_000500,95,1,ABprapaa|ABprpaaap|ABprpaapa,3,1.0
SPA_000501,95,2,ABprapap|ABarapppa|ABpraaaap,3,1.0
SPA_000502,95,3,ABprappa|Cpaa|ABpraaaaa,3,1.0
SPA_000503,95,4,Ealp|ABalapapp|MSapppp,3,1.0
SPA_000504,95,5,ABprpaap|Epr|ABalapppa|ABarapapa|MSpaaap|MSpaapa,6,1.0
SPA_000505,95,6,Capp|ABalpappa|ABaraapap|ABarpaaaa|MSaaaap|MSaaapa,6,1.0
SPA_000506,95,7,Dp|ABalaaaal|ABalpaapa,3,1.0
SPA_000507,95,8,ABprpapp|Cppp|ABalpaaap|MSaaaaa,4,1.0
SPA_000508,95,9,Da|MSaaaa|ABalpppaa,3,1.0
SPA_000509,95,10,ABarapppp|ABpraaapp|ABpraapaa|ABprpaaaa,4,1.0
SPA_000510,95,11,ABplapapa|ABplappap|ABplpppap,3,1.0
SPA_000511,95,12,MSaaa|ABplppapp|ABplpppaa,3,1.0
SPA_000512,95,13,MSapap|MSpaapp|MSpapaa,3,1.0
SPA_000513,95,14,ABarappap|MSppapa|MSppppp,3,1.0
SPA_000514,96,0,ABarpapp|ABarpppap|ABprpappp|MSppppp,4,1.0
SPA_000515,96,1,ABarppaa|ABplapap|ABprapaap,3,1.0
SPA_000516,96,2,ABarpppa|ABpraapa|MSappp|ABarpappp|ABarpppaa|ABprpapap|MSppppa,7,1.0
SPA_000517,96,3,ABplaaap|ABplapaa|ABprapapa|ABprappap|ABprpppap,5,1.0
SPA_000518,96,4,ABprappp|ABalaapap|ABalaappa,3,1.0
SPA_000519,96,5,ABprpapp|Cppp|ABalpaaap|ABaraapaa|MSaaaaa,5,1.0
SPA_000520,96,6,ABprpppa|Cppa|ABalaaapp,3,1.0
SPA_000521,96,7,MSapp|ABplpappa|MSappaa,3,1.0
SPA_000522,96,8,Epr|ABalapppa|ABarapapa|MSpaapa,4,1.0
SPA_000523,96,9,ABprappa|Cpaa|ABpraaaaa,3,1.0
SPA_000524,96,10,Dp|ABalaaaal|ABalpaapa,3,1.0
SPA_000525,96,11,Capp|ABalpappa|ABaraapap|MSaaaap,4,1.0
SPA_000526,96,12,ABarapppp|ABpraaapp|ABpraapaa|ABprpaaaa,4,1.0
SPA_000527,96,13,ABplapapa|ABplappap|ABplpppap,3,1.0
SPA_000528,97,0,ABalappp|Eplp|Cppaa,3,1.0
SPA_000529,97,1,ABaraaap|Caaap|Cappa,3,1.0
SPA_000530,97,2,ABarppaa|ABplapap|ABprapaap,3,1.0
SPA_000531,97,3,ABplaaap|ABplapaa|ABprapapa|ABprappap|ABprpppap,5,1.0
SPA_000532,97,4,ABprpaaa|ABarpappa|MSpppaa,3,1.0
SPA_000533,97,5,ABprpppa|Cppa|ABalaaapp|ABalaapaa,4,1.0
SPA_000534,97,6,MSapp|ABplpappa|MSappaa,3,1.0
SPA_000535,97,7,Eprp|ABaraappa|ABarapaap,3,1.0
SPA_000536,97,8,ABprappa|Cpaa|ABpraaaaa,3,1.0
SPA_000537,97,9,Dp|ABalaaaal|ABalpaapa,3,1.0
SPA_000538,97,10,ABalpaaap|ABaraapaa|MSaaaaa,3,1.0
SPA_000539,97,11,Capp|MSapaa|ABaraapap|ABarpaaaa|MSaaaap|MSaaapa,6,1.0
SPA_000540,97,12,ABarapppp|ABpraaapp|ABpraapaa|ABprpaaaa,4,1.0
SPA_000541,97,13,ABplapapa|ABplappap|ABplpppap,3,1.0
SPA_000542,97,14,ABalppppp|ABplpaaap|ABplpaapa,3,1.0
SPA_000543,98,0,ABalaaap|ABalppaa|Cpapa|Cpapp,4,1.0
SPA_000544,98,1,ABaraaap|Caaap|Cappp,3,1.0
SPA_000545,98,2,ABplaaap|ABplapaa|ABprapapa|ABprappap|ABprpppap,5,1.0
SPA_000546,98,3,ABpraapa|MSappp|ABarpappp|ABprpapap|MSppppa,5,1.0
SPA_000547,98,4,ABprappp|ABalaapap|ABalaappa,3,1.0
SPA_000548,98,5,ABprpaaa|ABarpappa|MSpppaa,3,1.0
SPA_000549,98,6,ABprpaap|ABalapppp|ABarpapap,3,1.0
SPA_000550,98,7,ABprpppa|Cppa|ABalaaapp|ABalaapaa,4,1.0
SPA_000551,98,8,MSaaap|ABplppapp|ABplpppaa,3,1.0
SPA_000552,98,9,MSaapp|MSpapa|ABplppaaa|MSapppa,4,1.0
SPA_000553,98,10,MSpapp|ABalppapp|ABplaapaa,3,1.0
SPA_000554,98,11,Epla|ABalpappp|ABarpaaap|MSaaapp,4,1.0
SPA_000555,98,12,Eplp|Capp|ABaraapap|ABarpaaaa|MSaaaap|MSaaapa,6,1.0
SPA_000556,98,13,Eprp|ABaraappa|ABarapaap,3,1.0
SPA_000557,98,14,ABprappa|Cpaa|ABpraaaaa,3,1.0
SPA_000558,98,15,Dp|ABalaaaal|ABalapaaa,3,1.0
SPA_000559,98,16,ABalpaaap|ABaraapaa|MSaaaaa,3,1.0
SPA_000560,98,17,ABplapapa|ABplappap|ABplpppap,3,1.0
SPA_000561,98,18,ABalppppp|ABplpaaap|ABplpaapa,3,1.0
SPA_000562,98,19,Da|ABalpaapp|MSapaaa,3,1.0
SPA_000563,98,20,ABalappap|ABarapaaa|MSpaaaa|Cpaapa,4,1.0
SPA_000564,99,0,ABalaaap|ABalppaa|Cpapa|Cpapp,4,1.0
SPA_000565,99,1,ABalaapa|ABalpaaa|ABaraaaa,3,1.0
SPA_000566,99,2,ABalpppp|ABplpapa|ABalpapppa,3,1.0
SPA_000567,99,3,ABplaapp|ABprppppp|Cpaaa|Dppp|ABaraappap,5,1.0
SPA_000568,99,4,ABplapaa|ABprapapa|ABprappap,3,1.0
SPA_000569,99,5,ABprappa|Cpaa|ABpraaapa,3,1.0
SPA_000570,99,6,ABprpaap|ABalapppp|ABarpapap,3,1.0
SPA_000571,99,7,ABprpppa|Cppa|ABalaaapp|ABalaapaa|Cpaapp,5,1.0
SPA_000572,99,8,ABprpppp|Cppp|ABalaaaar|ABalaaapa|ABalpaapa|Caaapp,6,1.0
SPA_000573,99,9,MSaaap|ABplppapp|ABplpppaa,3,1.0
SPA_000574,99,10,MSpaaa|MSpppa|Dapa,3,1.0
SPA_000575,99,11,ABplpppp|Epla|ABalpappp|MSaaapp,4,1.0
SPA_000576,99,12,Eplp|Capp|ABaraapap|ABarpaaaa|MSaaaap|MSaaapa,6,1.0
SPA_000577,99,13,Eprp|ABalapppa|ABarapaap,3,1.0
SPA_000578,99,14,Da|ABalapapa|ABalpaapp|MSapaaa,4,1.0
SPA_000579,99,15,ABalpaaap|ABaraapaa|MSaaaaa,3,1.0
SPA_000580,99,16,ABaraappp|ABarapapa|MSpaaap|MSpaapa,4,1.0
SPA_000581,99,17,MSapap|ABarapapp|MSpaapp|MSpapaa,4,1.0
SPA_000582,99,18,ABprpaaa|ABarpappa|MSpppaa,3,1.0
SPA_000583,99,19,ABpraapa|ABarpappp|ABprpapap|MSppppa,4,1.0
SPA_000584,99,20,ABplapapa|ABplappap|ABplpppap,3,1.0
SPA_000585,99,21,ABprapapp|ABprapppp|ABaraaapaa,3,1.0
SPA_000586,99,22,ABarapppp|ABpraaapp|ABpraapaa|ABprpaaaa,4,1.0
SPA_000587,99,23,ABplaaap|ABprapppa|ABprpppap,3,1.0
SPA_000588,99,24,ABaraaapa|ABarapaaa|Cpaapa,3,1.0
SPA_000589,100,0,ABalaaap|ABalppaa|Cpapa|Cpapp,4,1.0
SPA_000590,100,1,ABarpapa|Cpaaa|Cppaa|ABaraappap,4,1.0
SPA_000591,100,2,ABarpppp|ABarappap|ABarpappa|MSpppaa,4,1.0
SPA_000592,100,3,ABplaaap|ABplapaa|ABprapapa|ABprappap|ABprapppa|ABprpppap,6,1.0
SPA_000593,100,4,ABarpaaa|ABplaapp|ABprppppp|Dppp,4,1.0
SPA_000594,100,5,ABplpppp|Epla|ABalpappp|MSaaapp,4,1.0
SPA_000595,100,6,ABpraapa|ABarpappp|MSppppa,3,1.0
SPA_000596,100,7,ABprappp|ABprppap|ABalaapap|ABalaappa,4,1.0
SPA_000597,100,8,ABprpaap|Epra|ABalapppp|ABarpapap,4,1.0
SPA_000598,100,9,ABprpppa|Cppa|ABalaaapp|Cpaapp,4,1.0
SPA_000599,100,10,ABprpppp|Cppp|ABalaaaar|ABalaaapa|ABalpaapa|Caaapp,6,1.0
SPA_000600,100,11,MSaaap|ABplppapp|ABplpppaa,3,1.0
SPA_000601,100,12,MSaapa|ABplaappp|ABplppapa,3,1.0
SPA_000602,100,13,MSpaaa|MSpppa|Dapa,3,1.0
SPA_000603,100,14,MSpapp|ABplaapaa|ABplpaaaa,3,1.0
SPA_000604,100,15,Eplp|ABalpaaap|ABaraapaa|MSaaaap,4,1.0
SPA_000605,100,16,Da|ABalpaapp|MSapaaa,3,1.0
SPA_000606,100,17,Dp|ABalaaaal|ABalapaaa,3,1.0
SPA_000607,100,18,Cpap|ABalappap|ABaraaaap|MSpaaaa,4,1.0
SPA_000608,100,19,MSppp|Capp|ABaraapap|ABarpaaaa|MSaaapa,5,1.0
SPA_000609,100,20,ABaraappp|ABarapapa|MSpaaap|MSpaapa,4,1.0
SPA_000610,100,21,MSapap|ABarapapp|MSpaapp|MSpapaa,4,1.0
SPA_000611,100,22,ABarapppp|ABpraapaa|ABprpaaaa,3,1.0
SPA_000612,100,23,MSaaaa|ABplappap|ABplapppa|ABplpppap,4,1.0
SPA_000613,100,24,ABaraaap|Caaap|ABalpaapap,3,1.0
SPA_000614,100,25,ABalapap|Cpaap|Cpppa,3,1.0
SPA_000615,100,26,ABplappa|ABarppppa|ABpraaappa,3,1.0
SPA_000616,101,0,ABalpaap|ABplapapp|ABplapppp,3,1.0
SPA_000617,101,1,ABaraaap|Caaap|ABalpaapap,3,1.0
SPA_000618,101,2,ABarapap|ABalpappap|ABaraapapp,3,1.0
SPA_000619,101,3,ABarppaa|ABplapap|ABprapaap,3,1.0
SPA_000620,101,4,ABarpppp|ABarpappa|MSpppaa,3,1.0
SPA_000621,101,5,ABplaaap|ABprapapa|ABprapppa,3,1.0
SPA_000622,101,6,ABplappa|Dppa|ABpraaappa,3,1.0
SPA_000623,101,7,ABplpppp|Epla|ABalpappp|MSaaapp,4,1.0
SPA_000624,101,8,ABprapaa|ABprpaaap|ABpraapppa,3,1.0
SPA_000625,101,9,ABprpppp|Cppp|ABalaaapa|Caaapp,4,1.0
SPA_000626,101,10,MSaaaa|ABplapppa|ABplpppap,3,1.0
SPA_000627,101,11,MSpapp|ABalppapp|ABplaapaa|ABplpaaaa,4,1.0
SPA_000628,101,12,ABprpaap|Epra|Capa|ABalapppp|ABarapapp|ABarpapap|MSpaapp|Cpaaaa,8,1.0
SPA_000629,101,13,Dp|ABalaaaal|ABalapaaa,3,1.0
SPA_000630,101,14,Cpap|ABalappap|ABaraaaap|ABaraaapa|MSpaaaa,5,1.0
SPA_000631,101,15,ABalppppp|ABplpaaap|ABplpaapa,3,1.0
SPA_000632,101,16,Capp|ABaraapap|ABarpaaaa|MSaaapa,4,1.0
SPA_000633,101,17,ABaraappp|ABarapapa|MSpaaap|MSpaapa,4,1.0
SPA_000634,101,18,MSaaap|ABplppapp|ABalpppppa,3,1.0
SPA_000635,101,19,ABarapppp|ABpraaapp|ABpraapaa|ABprpaaaa,4,1.0
SPA_000636,101,20,MSapp|ABplpapaa|MSappaa,3,1.0
SPA_000637,101,21,MSapa|MSapppp|Daaa,3,1.0
SPA_000638,101,22,ABarappaa|ABarpapaa|MSppaap,3,1.0
SPA_000639,101,23,ABpraapa|ABprpapap|MSppppa,3,1.0
SPA_000640,101,24,ABarpapa|Cpaaa|Cppaa|ABaraappap,4,1.0
SPA_000641,101,25,Eprp|ABarapaap|Cpaaap,3,1.0
SPA_000642,102,0,ABalaaap|ABalppaa|ABalpaapaa,3,1.0
SPA_000643,102,1,ABalpapp|MSaaaa|ABplapppa|ABplpppap,4,1.0
SPA_000644,102,2,ABalpppa|Dapp|ABalapappa,3,1.0
SPA_000645,102,3,ABarppaa|ABplapap|ABprapaap,3,1.0
SPA_000646,102,4,ABarpppp|ABplpappp|ABarpappa|MSpppaa,4,1.0
SPA_000647,102,5,ABplaaap|ABprapapa|ABprapppa|ABprpppap,4,1.0
SPA_000648,102,6,ABplappa|ABprppppa|Dppa|ABpraaappa,4,1.0
SPA_000649,102,7,ABplpppp|Epla|ABarpaaap|MSaaapp,4,1.0
SPA_000650,102,8,ABprapaa|ABpraappa|ABprpaaap|ABprpaapp|ABpraapppa,5,1.0
SPA_000651,102,9,MSapap|MSpaap|ABarapppp|ABplaaapp|ABplppaap,5,1.0
SPA_000652,102,10,MSpapp|ABalppapp|ABplaapaa|ABplpaaaa,4,1.0
SPA_000653,102,11,Eplp|ABaraapaa|Caaaap,3,1.0
SPA_000654,102,12,Epra|Capa|ABplpappa|ABalapppp|ABarpapap|MSpaapp|Cpaaaa,7,1.0
SPA_000655,102,13,Cppp|ABalaaaar|ABalaaapa|Caaapa|Caaapp,5,1.0
SPA_000656,102,14,Dp|ABalaaaal|ABalapaaa|ABplapappp,4,1.0
SPA_000657,102,15,MSaapp|ABarapapa|ABplaapap|ABplaapppp,4,1.0
SPA_000658,102,16,ABarapppa|ABplaappa|ABplpaapp,3,1.0
SPA_000659,102,17,ABprppap|ABalaappa|Cpaapa,3,1.0
SPA_000660,102,18,Cpap|ABalappap|ABaraaaap|ABaraaapa|MSpaaaa,5,1.0
SPA_000661,102,19,ABprpapp|Eprp|ABalapppa|ABaraappa|ABarapaap|Cpaaap,6,1.0
SPA_000662,102,20,ABalpappa|ABaraapap|ABarpaaaa|MSaaapa,4,1.0
SPA_000663,102,21,ABprppaa|ABarpapaa|MSppaap,3,1.0
SPA_000664,102,22,ABalpaap|ABplapapp|ABplapppp,3,1.0
SPA_000665,102,23,ABpraapp|ABpraaapp|ABpraapaa|ABprpaaaa,4,1.0
SPA_000666,102,24,ABpraapa|ABarpappp|ABprpapap|MSppppa,4,1.0
SPA_000667,102,25,ABplaapa|Cpaap|Cpppa,3,1.0
SPA_000668,102,26,ABarapaa|Capap|ABaraapapa,3,1.0
SPA_000669,103,0,ABalapap|Cppap|ABaraapaap,3,1.0
SPA_000670,103,1,ABalpapp|MSaaaa|ABplapppa|ABplpppap,4,1.0
SPA_000671,103,2,ABalpppa|Caaaa|Dapp|ABalapappa,4,1.0
SPA_000672,103,3,ABalpppp|ABalpapppa|Dpa,3,1.0
SPA_000673,103,4,ABaraaap|Caaap|ABalpaapap,3,1.0
SPA_000674,103,5,ABarpppp|ABplpappp|ABarpappa|MSpppaa,4,1.0
SPA_000675,103,6,ABplaaap|ABprapapa|ABprapppa|ABprpppap,4,1.0
SPA_000676,103,7,ABpraapa|ABarpappp|ABprpapap|MSppppa,4,1.0
SPA_000677,103,8,ABprapaa|ABpraappa|ABprpaaap|ABprpaapp|ABpraapppa,5,1.0
SPA_000678,103,9,ABprappp|ABalaapap|ABprapappp,3,1.0
SPA_000679,103,10,MSaapp|ABarapapa|ABplaapap,3,1.0
SPA_000680,103,11,MSapap|ABarapppp|ABplppaap|MSapppa|ABplaappap,5,1.0
SPA_000681,103,12,MSpaaa|ABarppaap|Dapa|ABalppappa,4,1.0
SPA_000682,103,13,Eala|MSappap|ABplaaappp,3,1.0
SPA_000683,103,14,Eplp|ABalpaaaa|Caaaap,3,1.0
SPA_000684,103,15,Eprp|ABalapppa|ABaraappa|Cpaaap,4,1.0
SPA_000685,103,16,ABprpapa|Epra|Capa|MSpaapp|Cpaaaa,5,1.0
SPA_000686,103,17,Dp|ABalpaapp|ABalaaaal|ABalapaaa|ABplapappp,5,1.0
SPA_000687,103,18,Da|ABalpappa|ABalapaap|ABplapappa,4,1.0
SPA_000688,103,19,ABarapppa|ABplaappa|ABplpaapp,3,1.0
SPA_000689,103,20,ABplpappa|ABalapppp|ABarpapap,3,1.0
SPA_000690,103,21,Daa|ABaraapppp|ABarapapaa|ABarapappa,4,1.0
SPA_000691,103,22,ABalaaaar|ABalaaapa|Caaapp,3,1.0
SPA_000692,103,23,ABalappap|ABaraaaap|ABaraaapa|MSpaaaa,4,1.0
SPA_000693,103,24,MSappp|ABalpapap|MSapaap,3,1.0
SPA_000694,103,25,ABalppppp|ABplpaaap|ABplpaapa,3,1.0
SPA_000695,103,26,MSpaap|ABarapapp|ABplaaapp,3,1.0
SPA_000696,103,27,MSaaap|ABplppapp|ABplpppaa|ABalpppppa,4,1.0
SPA_000697,103,28,ABplpapap|ABarapaap|MSpaapa,3,1.0
SPA_000698,103,29,Earp|MSpapaa|ABarpaappp,3,1.0
SPA_000699,103,30,ABprpapaa|MSppapp|ABplaappp,3,1.0
SPA_000700,103,31,ABarapaa|Capap|ABaraapapa,3,1.0
SPA_000701,103,32,ABplpaap|MSpappp|ABarpaapaa,3,1.0
SPA_000702,104,0,ABalapap|Cppap|ABalapppaa|ABaraapaap,4,1.0
SPA_000703,104,1,ABalpppa|Caaaa|Dapp|ABalapappa|ABplaaaaap,5,1.0
SPA_000704,104,2,ABaraaap|Caaapa|Caaapp,3,1.0
SPA_000705,104,3,ABarpaaa|Dap|ABarppppp|ABaraaappp,4,1.0
SPA_000706,104,4,ABarppaa|ABplapap|ABprapaap|ABpraaaapp,4,1.0
SPA_000707,104,5,ABarpppp|ABplapapa|MSppapp|MSpppaa,4,1.0
SPA_000708,104,6,ABplaaap|ABplapaa|ABprapapa|ABprappap|ABprapppa,5,1.0
SPA_000709,104,7,ABpraapa|ABarpappp|MSppppa,3,1.0
SPA_000710,104,8,ABprapaa|ABprpaaap|ABpraapppa|ABprpaappp,4,1.0
SPA_000711,104,9,ABprpaap|ABplpappa|ABarpapap|ABalppppp|ABprpapppa,5,1.0
SPA_000712,104,10,ABalpapp|MSaaaa|ABplapppa|ABplaapaaa|ABplpaaaaa,5,1.0
SPA_000713,104,11,MSaapp|ABarapapa|ABalpppppp,3,1.0
SPA_000714,104,12,MSappp|ABalapppa|MSapapa,3,1.0
SPA_000715,104,13,MSpapp|ABplpaaaa|ABplappaap|ABplpppaaa,4,1.0
SPA_000716,104,14,MSppap|ABalapppp|ABplpappap,3,1.0
SPA_000717,104,15,Eplp|ABplaaaap|ABalpaaaa,3,1.0
SPA_000718,104,16,Caaa|ABplapapp|ABprapaaaa,3,1.0
SPA_000719,104,17,Caap|ABplaappp|MSppaap|MSppapa,4,1.0
SPA_000720,104,18,Dp|ABalpaapp|ABalaaaal|ABalapaaa|ABplapappa|ABplapappp,6,1.0
SPA_000721,104,19,MSpppp|ABalapapa|ABalpapaa,3,1.0
SPA_000722,104,20,Da|ABalpappa|ABalapaap|ABplapapap,4,1.0
SPA_000723,104,21,MSapap|ABarappap|ABplapaaa|ABplppaap|ABplaappap,5,1.0
SPA_000724,104,22,ABarppap|ABplpppap|ABprapaaa,3,1.0
SPA_000725,104,23,ABalappp|Cpaaa|Cppaa|ABaraappap,4,1.0
SPA_000726,104,24,Daa|ABaraapppa|ABarapaapp|ABarapapaa,4,1.0
SPA_000727,104,25,ABalappap|ABaraaaap|ABaraaapa|MSpaaaa,4,1.0
SPA_000728,104,26,Capp|ABalpaaap|ABarpaaaa|MSaaaap,4,1.0
SPA_000729,104,27,ABplaappa|ABalaappp|ABaraaapp|ABarapaaa|MSppaaa,5,1.0
SPA_000730,104,28,ABplapaap|ABplaappaa|ABplpaaapp,3,1.0
SPA_000731,104,29,MSaaap|ABplppapp|ABplpaaapa,3,1.0
SPA_000732,104,30,ABprapap|ABpraaappa|ABpraapaa,3,1.0
SPA_000733,104,31,ABprppaaa|ABprppaap|ABprpaappa,3,1.0
SPA_000734,104,32,ABplpppp|MSpppa|MSaapaa,3,1.0
SPA_000735,104,33,ABplpapap|ABarapaap|MSpaaap,3,1.0
SPA_000736,104,34,ABprpapa|Epra|MSpaapp,3,1.0
SPA_000737,104,35,ABplppaa|MSpappp|ABarpaapaa,3,1.0
SPA_000738,104,36,ABarapaa|ABplpaaa|Capap|ABaraapapa,4,1.0
SPA_000739,104,37,Capa|ABarapappa|Cpaaaa,3,1.0
SPA_000740,105,0,ABalpppa|Dapp|ABalapappa|ABplaaaaap,4,1.0
SPA_000741,105,1,ABaraapp|ABarppapa|ABalppapap|ABalppppaa,4,1.0
SPA_000742,105,2,ABarpaaa|Dap|ABarppppp|ABaraaappp,4,1.0
SPA_000743,105,3,ABarpaap|ABprappaa|ABprppapp|ABpraaaapa,4,1.0
SPA_000744,105,4,ABarpapa|ABpraaaa|Dpap|ABalappppa,4,1.0
SPA_000745,105,5,ABarpapp|ABplppppa|Caaaa|MSppppp|ABalappppp|ABarappapa,6,1.0
SPA_000746,105,6,ABarppap|ABarpppa|ABpraaap|ABplapapp|ABplpppap|ABprapaaa,6,1.0
SPA_000747,105,7,ABplaaap|ABplapaa|ABprapapa|ABprappap|ABprapppa,5,1.0
SPA_000748,105,8,ABplaapa|Cpapa|Cpapp|Cpppa,4,1.0
SPA_000749,105,9,ABplpppp|MSpppa|ABarpaapa|MSaapaa,4,1.0
SPA_000750,105,10,ABpraapa|ABprpaaa|ABplpappp|ABplpppaa|ABarpappp|MSppppa|ABarappapp,7,1.0
SPA_000751,105,11,ABprapaa|ABprpaaap|ABpraapppa|ABprpaappp,4,1.0
SPA_000752,105,12,ABprappa|Cpaa|ABpraaapa,3,1.0
SPA_000753,105,13,MSaaaa|ABprpappp|ABalppapaa|ABplaapaaa|ABplpaaaaa,5,1.0
SPA_000754,105,14,MSaapa|ABplppapa|ABplpaaapp|ABplpaappa,4,1.0
SPA_000755,105,15,MSappa|ABplaaapp|MSapapp|ABplapaaap,4,1.0
SPA_000756,105,16,MSpaaa|Caaaaa|ABalppappa,3,1.0
SPA_000757,105,17,MSpapa|ABarapppp|MSapppa,3,1.0
SPA_000758,105,18,ABarappa|Eara|MSpappp|ABarpaapaa,4,1.0
SPA_000759,105,19,Dp|ABalpaapp|ABalaaaal|ABalapaaa,4,1.0
SPA_000760,105,20,ABalaappp|ABalppapp|ABplappaaa,3,1.0
SPA_000761,105,21,MSpppp|ABalapapa|MSaaapa,3,1.0
SPA_000762,105,22,MSppap|ABalapppp|ABplpappaa,3,1.0
SPA_000763,105,23,ABprppaa|ABalppppp|ABplapaaa|ABarpapaa,4,1.0
SPA_000764,105,24,ABplaapaa|ABalappap|ABaraaaap|ABaraaapaa|MSpaaaa,5,1.0
SPA_000765,105,25,ABprpaap|ABplpappa|ABarpapap|ABprpapppa,4,1.0
SPA_000766,105,26,ABprppppa|ABarppapp|Cappa|ABprapapp,4,1.0
SPA_000767,105,27,Cpaap|Dppp|ABaraappaa|ABarapaaaa,4,1.0
SPA_000768,105,28,ABalppppa|ABaraaapap|Cpaaap,3,1.0
SPA_000769,105,29,ABplaappa|ABaraaapp|MSppaaa,3,1.0
SPA_000770,105,30,ABaraapap|ABarpaaaa|MSaaaap|ABplpppppp,4,1.0
SPA_000771,105,31,ABarpppp|ABarpappa|ABprpappaa,3,1.0
SPA_000772,105,32,ABplppppp|ABarppppa|ABprapaap,3,1.0
SPA_000773,105,33,ABprapap|ABpraaappa|ABpraapaa|ABprpaaaa,4,1.0
SPA_000774,105,34,ABprppaaa|ABprppaap|ABpraapapp|ABprpaappa,4,1.0
SPA_000775,105,35,Caaapp|Caapa|Caapp,3,1.0
SPA_000776,105,36,ABplappa|Dpaa|ABarapppap,3,1.0
SPA_000777,105,37,ABalpppp|Daap|ABalapappp,3,1.0
SPA_000778,105,38,ABplaapppp|ABplaappaa|ABplpaapap,3,1.0
SPA_000779,105,39,ABpraaappp|ABprpaapa|ABprapaaap,3,1.0
SPA_000780,106,0,ABalapap|Cpaap|Cppap|ABalapppaa|ABarapaaaa,5,1.0
SPA_000781,106,1,ABalpaap|ABaraapa|ABprpppaa|ABprppppa|ABarppapp|ABplapppp|ABalpaappa,7,1.0
SPA_000782,106,2,ABalpapp|ABaraapp|ABarppapa|ABplapppa|ABalpppapa|ABalppppaa,6,1.0
SPA_000783,106,3,ABalpppa|ABprapapa|Dapp|ABalapappa|ABplaaaaap,5,1.0
SPA_000784,106,4,ABarpaaa|ABalaapppp|ABpraaapaa,3,1.0
SPA_000785,106,5,ABarpapa|ABpraaaa|Dpap|ABalappppa,4,1.0
SPA_000786,106,6,ABarppaa|ABpraaaapp|ABprpaaaap|ABprpaapaa,4,1.0
SPA_000787,106,7,ABarpppa|ABplpppaa|ABpraapppa|ABprppaaa|ABprppaap|ABpraapapp|ABprpaappa,7,1.0
SPA_000788,106,8,ABarpppp|ABplapapa|MSppapp|MSpppaa,4,1.0
SPA_000789,106,9,ABplaaaa|ABprapappa|ABprapppp|ABaraaaaap,4,1.0
SPA_000790,106,10,ABplaaap|ABprappap|ABprapppa,3,1.0
SPA_000791,106,11,ABplappa|Caaaa|ABalappppp,3,1.0
SPA_000792,106,12,ABpraapa|MSppppa|ABarappapp|ABarpapppp,4,1.0
SPA_000793,106,13,ABprapap|ABpraaaap|ABpraaappa,3,1.0
SPA_000794,106,14,ABprpaaa|ABplpappp|ABarpappp,3,1.0
SPA_000795,106,15,ABprpaap|ABplpappa|ABarpappa|ABprpappap,4,1.0
SPA_000796,106,16,MSaaap|MSapaa|ABplppapp|ABalppppap|ABplaapapa,5,1.0
SPA_000797,106,17,MSaapa|ABprpaapa|ABprpapaa|ABplaapppa|ABplppapa|ABplpaaapp|ABplpaappa,7,1.0
SPA_000798,106,18,MSaapp|ABarapapa|ABalpppppp,3,1.0
SPA_000799,106,19,MSpaaa|Dapa|ABalppappa,3,1.0
SPA_000800,106,20,MSppap|ABaraappp|ABplpapppa,3,1.0
SPA_000801,106,21,MSpppa|MSaapaa|ABplpapppp,3,1.0
SPA_000802,106,22,MSpppp|ABalapapa|MSaaapa,3,1.0
SPA_000803,106,23,Eprp|ABplpapaa|ABaraappap,3,1.0
SPA_000804,106,24,Cppa|ABplpaaaa|ABaraaaaa,3,1.0
SPA_000805,106,25,ABalaaapp|ABalppaap|ABplappaap|ABplappapa,4,1.0
SPA_000806,106,26,ABalaappp|ABarapaap|ABarpapaa|ABalpppppa|ABplapaapp|ABplappaaa,6,1.0
SPA_000807,106,27,MSappp|ABalapppa|ABalpapap,3,1.0
SPA_000808,106,28,ABprppaa|ABalppppp|ABplapaaa,3,1.0
SPA_000809,106,29,ABarappap|ABplapaaaa|ABplaappap|ABplpaappp,4,1.0
SPA_000810,106,30,ABalppapa|ABplaaaaa|ABalpaaaa|ABaraapaa|MSaaaaa,5,1.0
SPA_000811,106,31,ABplaapaa|ABplpaaap|ABaraaaap|ABaraaapaa,4,1.0
SPA_000812,106,32,ABarppap|ABplapapp|ABprapaaa|ABarappapa,4,1.0
SPA_000813,106,33,ABplpaapp|ABaraaapp|MSppaaa,3,1.0
SPA_000814,106,34,ABplppppp|Caaap|ABarppppa|Dppa|ABarapppaa|ABpraaapap|ABpraapaaa,7,1.0
SPA_000815,106,35,ABprpappp|ABprppapa|ABplaapaaa|ABplpaaaaa,4,1.0
SPA_000816,106,36,ABprppapp|Caaaap|Cappa|ABplaaaaaa,4,1.0
SPA_000817,106,37,ABprpppap|Caaapa|ABalapaapa,3,1.0
SPA_000818,106,38,Daa|ABarpppap|ABarapaapp,3,1.0
SPA_000819,106,39,Dap|ABarppppp|ABaraaappp,3,1.0
SPA_000820,106,40,ABprpppp|Cppp|ABalpaapaa,3,1.0
SPA_000821,106,41,ABplaapap|ABalappap|ABaraaapap|ABaraappaa|MSpaaaa,5,1.0
SPA_000822,106,42,Epra|ABaraapppp|ABarapappa|MSpaapp|ABarpppapp,5,1.0
SPA_000823,106,43,ABaraapap|ABarpaaaa|MSaaaap,3,1.0
SPA_000824,106,44,ABarapapp|ABplaaapp|ABplpapapp,3,1.0
SPA_000825,106,45,ABplppaap|MSapppp|ABplaapapp,3,1.0
SPA_000826,106,46,ABaraapppa|MSpaaap|MSpaapa,3,1.0
SPA_000827,106,47,Caap|MSppaap|MSppapa,3,1.0
SPA_000828,106,48,ABalppaa|Caaapp|Caapa|Caapp|ABalaaapal,5,1.0
SPA_000829,106,49,ABplpaaa|ABprapapp|Capap,3,1.0
SPA_000830,106,50,ABarppaap|Daaa|ABalppappp,3,1.0
SPA_000831,106,51,ABplappaa|ABpraappp|ABalpppapp|ABplpaaapa|ABplpaapaa,5,1.0
SPA_000832,106,52,ABalppapap|ABplaapaap|ABplpaaaap,3,1.0
SPA_000833,106,53,ABpraaaaa|ABpraaapa|ABprpppaap,3,1.0
SPA_000834,107,0,ABalpaap|ABaraapa|ABprpppaa|ABprpppap|ABprppppa|ABarppapp|ABplapppp|Caaapa|ABalapaapa|ABalpaappa,10,1.0
SPA_000835,107,1,ABalpapp|ABaraapp|ABprpappp|ABprppaap|ABprppapa|ABarppapa|ABplapppa|ABalppapaa|ABalppppaa|ABplpaaaaa,10,1.0
SPA_000836,107,2,ABalppaa|Caaapp|Caapa|Caapp|ABalaaapal|ABalapaaaa,6,1.0
SPA_000837,107,3,ABalpppa|ABprapapa|Dapp|ABplaaaaap,4,1.0
SPA_000838,107,4,ABarpapa|ABplaapp|ABpraaaa|Dpap|ABalappppa,5,1.0
SPA_000839,107,5,ABarpapp|MSppppp|Dpaa|ABarappapa|ABarappppp|ABarpapppa,6,1.0
SPA_000840,107,6,ABarppap|ABarpppa|ABplappap|ABplpppaa,4,1.0
SPA_000841,107,7,ABarpppp|MSppapp|MSpppaa,3,1.0
SPA_000842,107,8,ABplaapa|Cpppa|ABalappapp,3,1.0
SPA_000843,107,9,ABplappa|Caaaa|ABprpapppa|ABalappppp,4,1.0
SPA_000844,107,10,ABplpapp|Eala|ABplpappap,3,1.0
SPA_000845,107,11,ABpraapp|ABpraapap|ABprpapapp,3,1.0
SPA_000846,107,12,ABprpaaa|ABplpappp|ABarpappp|MSpppap|ABarappapp,5,1.0
SPA_000847,107,13,ABprpaap|ABplpappa|ABarpappa,3,1.0
SPA_000848,107,14,ABprppap|ABalppppa|ABplaapap|ABplpaapa|ABprpppapp|Cpppap,6,1.0
SPA_000849,107,15,MSaapa|ABprpaapa|ABprpapaa|ABplaapppa|ABplapaaap|ABplppapa|ABplpaaapp,7,1.0
SPA_000850,107,16,MSaaap|MSapaa|Daaa|ABalppappp,4,1.0
SPA_000851,107,17,MSapap|ABarappap|ABplapaaaa|MSapppa|ABplpapapa,5,1.0
SPA_000852,107,18,MSappp|ABalapppa|MSapapa,3,1.0
SPA_000853,107,19,MSpaaa|Dapa|ABalppappa|ABplaapaap,4,1.0
SPA_000854,107,20,MSappa|MSpapa|ABarapppp|ABplaapapp|MSapapp,5,1.0
SPA_000855,107,21,Ealp|ABalapppp|ABplpapppa,3,1.0
SPA_000856,107,22,Earp|ABarpaapap|MSpapaa,3,1.0
SPA_000857,107,23,Epla|ABalpappap|MSaapaa,3,1.0
SPA_000858,107,24,Epra|ABaraapppp|ABarapappa|MSpaapp|ABarpppapp,5,1.0
SPA_000859,107,25,Caap|ABplapaaa|MSppaap,3,1.0
SPA_000860,107,26,Eprp|Cpap|ABalpppap|ABplaapaa|ABplpaaap|ABaraaaap|ABaraaapaa|ABaraaapap|ABaraappaa|ABaraappap|MSpaaaa|ABprpppppp|Cpaaap|Cpaapa|Cppppa,15,1.0
SPA_000861,107,27,Cppa|ABplpaaaa|ABalaaaar|ABaraaaaa|Cpaapp,5,1.0
SPA_000862,107,28,Dp|ABalpapap|ABalaaaal,3,1.0
SPA_000863,107,29,ABalpappp|ABarpaaap|ABplpppppa,3,1.0
SPA_000864,107,30,ABalppapa|ABalpppaa|ABaraapaaa|MSaaaaa,4,1.0
SPA_000865,107,31,ABarapaap|ABarapppa|ABplaapapa|ABpraaaap|ABplppapap,5,1.0
SPA_000866,107,32,ABprappa|ABplaappa|ABplpaapp,3,1.0
SPA_000867,107,33,ABprpaapp|ABplaappaa|ABplpaapap,3,1.0
SPA_000868,107,34,ABprppaaa|ABplappaaa|ABplppapp|ABpraappp|ABalpppapp|ABplpaaapa|ABplpaapaa,7,1.0
SPA_000869,107,35,ABprppapp|ABalpapaaa|ABplaaaaaa,3,1.0
SPA_000870,107,36,ABaraaap|ABprppppp|ABalapaaap,3,1.0
SPA_000871,107,37,ABplppppp|Caaap|ABprppppap|ABarapppaa|ABpraaapap|ABpraapaaa,6,1.0
SPA_000872,107,38,Cpaap|Cppap|ABalapppaa|MSpaaaaa,4,1.0
SPA_000873,107,39,Daa|ABarpppap|ABarapaapp|ABarapapaa,4,1.0
SPA_000874,107,40,ABprpppp|Cppp|ABalpaapaa,3,1.0
SPA_000875,107,41,Eplp|ABalpaaaa|ABaraapaap,3,1.0
SPA_000876,107,42,ABprpaaap|ABplpaappp|ABplaappap,3,1.0
SPA_000877,107,43,ABpraapppa|ABpraapapp|ABprpaaapp|ABprpaappa,4,1.0
SPA_000878,107,44,ABplaaap|ABprappap|ABprapppa,3,1.0
SPA_000879,107,45,ABarpapap|ABplaaapa|MSappaa|ABplppppaa,4,1.0
SPA_000880,107,46,ABpraapa|MSppppa|ABarpapppp,3,1.0
SPA_000881,107,47,Daap|ABalapappp|ABplaaapaa,3,1.0
SPA_000882,107,48,ABarppppa|Dppa|ABarappaaa|ABarapppap,4,1.0
SPA_000883,107,49,ABarapapa|ABpraaapp|ABplapaapa,3,1.0
SPA_000884,107,50,Cpppp|ABalaaappr|ABalappapa|ABaraaaaap,4,1.0
SPA_000885,107,51,ABalppap|ABprapapp|ABalapapap|MSaaaaap,4,1.0
SPA_000886,107,52,ABalapppap|ABarapaapa|ABarpapaaa|MSpaaaap,4,1.0
SPA_000887,107,53,ABalapap|Dpp|ABarapaaaa,3,1.0
SPA_000888,107,54,ABarpaaa|ABalaapppp|ABpraaapaa,3,1.0
SPA_000889,107,55,ABpraapppp|ABpraapapa|ABprpaaapa,3,1.0
SPA_000890,107,56,ABarappp|MSpapap|MSpapaap,3,1.0
SPA_000891,108,0,ABalaaap|Caapa|ABalaaaarl|ABalaaapar,4,1.0
SPA_000892,108,1,ABalapaa|Cpapp|ABalaaaarr|ABalaaappl|ABalaaappr|ABalappapa|ABaraaaaap,7,1.0
SPA_000893,108,2,ABalappp|ABplpaap|Cpaaa|ABprpapppp|Cppaa|ABarapaaap|MSpaaapa,7,1.0
SPA_000894,108,3,ABalppap|ABprapapp|ABalapapap,3,1.0
SPA_000895,108,4,ABaraapa|ABarppapp|ABalpaappa,3,1.0
SPA_000896,108,5,ABarpapa|ABpraaaa|ABprppppap,3,1.0
SPA_000897,108,6,ABarpapp|ABprpapapp|Dpaa|ABarpapppa,4,1.0
SPA_000898,108,7,ABarppaa|ABpraapapa|ABprpaaapa,3,1.0
SPA_000899,108,8,ABarppap|ABpraapa|ABprpapapa|MSppppa|ABarpapppp|ABprpapaaa,6,1.0
SPA_000900,108,9,ABarpppp|Caaa|MSppapp|ABarpppaap,4,1.0
SPA_000901,108,10,ABarpaaa|ABplaaap|ABplapaa|ABprapapaa|ABprapapap|ABprappap|ABprapppa|ABalaapaap|ABalaapapa|ABalaapapp|ABalaappap|ABalaapppa|ABaraaappa|ABpraaaaaa|ABprpaaaaa,15,1.0
SPA_000902,108,11,ABplapap|ABplapapp|ABplapppa|MSppppp|ABarappapa,5,1.0
SPA_000903,108,12,ABpraapp|ABplaappp|ABpraapap|ABarppppaa,4,1.0
SPA_000904,108,13,ABprapap|ABpraaaapa|ABpraaaapp|ABpraaappa|ABprapaapp|ABprappaaa|ABprappaap|ABprappapa|ABprpppaaa,9,1.0
SPA_000905,108,14,ABprappa|Cpaa|ABplpaapp|ABpraapaa,4,1.0
SPA_000906,108,15,ABprppap|ABplpaapa|ABprpppapp,3,1.0
SPA_000907,108,16,MSaaap|MSapaa|ABprpappa|ABprppaaa|ABplppapp|ABpraappp|ABalpppapp|ABplpaaapa|ABplpaapaa,9,1.0
SPA_000908,108,17,MSaapp|ABarapapa|ABarapppp|ABalpppppp|ABplaapapp|ABplppaaa|ABpraaapp|ABplapaapa|ABplppapaa,9,1.0
SPA_000909,108,18,MSpapp|ABalaappp|ABarapaap|ABarappaa|ABarapppa|ABalpppppa|ABplaapaap|ABplaapapa|ABplpaaaaa|ABplpaaaap|ABpraaaap|ABplapaapp,12,1.0
SPA_000910,108,19,MSpppa|ABplaaaapp|MSaapaa|ABarppaapa,4,1.0
SPA_000911,108,20,MSpppp|ABaraapapa|MSaaapa,3,1.0
SPA_000912,108,21,Eplp|ABalppapa|ABalpppaa|ABalpaaaa|ABaraapaap|ABarpaaaa|MSaaaaaa|MSaaaaap|MSaaaap,9,1.0
SPA_000913,108,22,Epra|ABaraapppp|MSpaapp,3,1.0
SPA_000914,108,23,ABprpapp|Eprp|ABalppapp|ABalpppap|ABplaaaap|ABaraappap|ABarapaapa,7,1.0
SPA_000915,108,24,Epla|Capa|ABalpappap|ABalpapppa|MSaaapp|ABplpapppp,6,1.0
SPA_000916,108,25,Cpap|ABplaapaa|ABplpaaap|ABaraaapap|ABaraappaa|MSpaaaa|ABprpppppp|Cpaaap|Cppppa,9,1.0
SPA_000917,108,26,Cppa|ABalaaaar|ABaraaaaa,3,1.0
SPA_000918,108,27,Dp|ABalpapap|ABalaaaal,3,1.0
SPA_000919,108,28,ABalapaap|ABalpaapp|MSaaaaa,3,1.0
SPA_000920,108,29,ABalapapa|ABalpappa|ABplpppapp,3,1.0
SPA_000921,108,30,ABalpappp|ABarpaaap|ABplpppppa,3,1.0
SPA_000922,108,31,ABalppppp|ABplapaaa|MSppapa,3,1.0
SPA_000923,108,32,Da|ABaraapap|ABalppppaa|MSapaaa|ABplpppapa,5,1.0
SPA_000924,108,33,ABplaaapa|ABaraapppa|MSpaaap|MSpaapa,4,1.0
SPA_000925,108,34,ABplaaapp|ABarapaapp|Cpaaaa,3,1.0
SPA_000926,108,35,ABarpppa|ABplappap|ABplpppaa|ABprapaaaa,4,1.0
SPA_000927,108,36,ABplppppp|Caaap|ABarapppaa|ABpraaapap|ABpraapaaa,5,1.0
SPA_000928,108,37,ABprpaapa|ABprpapaa|ABplaapppa|ABplpaappp,4,1.0
SPA_000929,108,38,ABprpaapp|ABplaappaa|ABplpaapap,3,1.0
SPA_000930,108,39,ABprpapap|ABplapaaap|MSapppp|ABplpaaapp,4,1.0
SPA_000931,108,40,MSaaaa|ABprpppaa|ABprppppa,3,1.0
SPA_000932,108,41,Cpaap|Cppap|ABalapppaa,3,1.0
SPA_000933,108,42,Daa|ABarpppap|ABarapapaa,3,1.0
SPA_000934,108,43,ABplpapap|ABalappppa|MSppaap|ABarpppapp,4,1.0
SPA_000935,108,44,ABplaaaaa|ABaraaaap|ABaraaapaa|Cpappv|Cppppp,5,1.0
SPA_000936,108,45,ABarpaappp|ABalpapapp|MSaaapap|MSaapaaa,4,1.0
SPA_000937,108,46,ABprppaap|ABarppapa|ABplappaap|ABalpppapa,4,1.0
SPA_000938,108,47,ABarppppa|Dppa|ABarappaaa|ABarapppap,4,1.0
SPA_000939,108,48,ABarappap|ABplapaaaa|MSapppa,3,1.0
SPA_000940,108,49,ABpraapppa|ABprpaappp|ABpraapapp|ABpraappap|ABprpaaapp,5,1.0
SPA_000941,108,50,ABpraaap|ABplpppap|ABprapaaap,3,1.0
SPA_000942,108,51,ABprapappa|ABprapappp|ABalaapaaa|ABalaappaa,4,1.0
SPA_000943,108,52,ABprapaa|ABpraappa|ABprpaappa,3,1.0
SPA_000944,108,53,MSappp|MSapapa|ABplpppaaa,3,1.0
SPA_000945,108,54,ABarappa|MSpappp|ABarpapapa|MSpaaapp,4,1.0
SPA_000946,108,55,ABalppaa|Caaapp|Caapp|ABalaaaala|ABalaaapal|ABalapaaaa,6,1.0
SPA_000947,108,56,Cpapa|Cpaapp|ABaraaaaaa,3,1.0
SPA_000948,108,57,ABplaapa|Cpppa|ABalappapp|MSpaaaaa,4,1.0
SPA_000949,108,58,Daap|ABalapappp|ABplaaapaa,3,1.0
SPA_000950,108,59,ABalapppap|ABarpapaaa|MSpaaaap,3,1.0
SPA_000951,108,60,ABarpaappa|MSaappa|MSaapaap,3,1.0
SPA_000952,109,0,ABalaaap|ABalaaaarl|ABalaaapar,3,1.0
SPA_000953,109,1,ABalapap|ABplaapa|Dpp|Cpppa|ABalappapp|ABarapaaaa,6,1.0
SPA_000954,109,2,ABalappp|Cppaa|ABarapaaap|MSpaaapa,4,1.0
SPA_000955,109,3,ABalpapp|ABaraapp|MSaaaa|ABprppapa|ABalpppaaa|ABalpppaap,6,1.0
SPA_000956,109,4,ABarpapp|ABplapap|ABplapapp|ABplapppa|ABarappapa,5,1.0
SPA_000957,109,5,ABarppaa|ABpraapppp|ABprppapap|ABprpaaapa,4,1.0
SPA_000958,109,6,ABarppap|MSppppp|ABprpapaaa,3,1.0
SPA_000959,109,7,ABarpppa|ABpraapa|ABplappap|ABprapaaaa,4,1.0
SPA_000960,109,8,ABarpppp|ABpraapp|Caaa|ABplaappp|ABpraapapp|MSppapp|ABarpppaap,7,1.0
SPA_000961,109,9,ABplaaaa|ABprapappa|ABprapappp|ABprapppp|ABalaapaaa|ABalaappaa|ABalaapppa,7,1.0
SPA_000962,109,10,ABplaapp|ABprppppap|ABarpapaap,3,1.0
SPA_000963,109,11,ABplapaa|ABprappap|ABalaapapp|ABpraaaaaa,4,1.0
SPA_000964,109,12,ABplpaaa|ABarpaaaaa|MSaaaapa,3,1.0
SPA_000965,109,13,ABprapap|ABpraaaapa|ABpraaaapp|ABpraaappa|ABprappaap|ABprappapa|ABprpppaaa|ABprpppaap,8,1.0
SPA_000966,109,14,ABprpaaa|ABplpappp|MSpppap,3,1.0
SPA_000967,109,15,ABprpapp|Eprp|ABalppapp|ABplaaapa|ABaraapppa|MSpaaap|MSpaapa,7,1.0
SPA_000968,109,16,ABprppap|ABalppppa|ABplaapap|ABplpaapa|MSppaaa|ABarpppppp|ABprpppapp|Cpppap,8,1.0
SPA_000969,109,17,MSaapp|ABarapppp|ABpraaapa|ABpraaapp|ABalppappp|ABalpppppp|ABplaapapp|ABplapaapa|ABplppapap,9,1.0
SPA_000970,109,18,MSpapp|ABaraaapp|ABplaapaap,3,1.0
SPA_000971,109,19,MSppaa|MSaapaap|Ealaa,3,1.0
SPA_000972,109,20,MSpppp|ABalpappa|ABarpaaaa|MSaaaap|ABplpppapp,5,1.0
SPA_000973,109,21,Ealp|ABalpapppp|ABplpapppa|Ealpp,4,1.0
SPA_000974,109,22,Epra|ABplaaapp|ABalappppp|ABaraapppp|MSpaapp|Cpaaaa,6,1.0
SPA_000975,109,23,Capa|ABarpaapa|ABalpapppa|ABarpaapaa|MSaaapp|ABplpapppp,6,1.0
SPA_000976,109,24,Cpaaa|ABplpaapp|ABarappppa|ABprpaaaaa|ABarppppap,5,1.0
SPA_000977,109,25,Cpap|ABplaapaa|ABalapppaa|ABaraappaa|MSpaaaa|Cppppa,6,1.0
SPA_000978,109,26,Cppa|ABalaaaar|ABaraaaaa,3,1.0
SPA_000979,109,27,Da|ABalappap|ABaraapap|ABalpapaap|ABplpppapa|Cappaa,6,1.0
SPA_000980,109,28,ABalaaapa|ABalpaaaa|ABalppaaa,3,1.0
SPA_000981,109,29,ABalaapap|ABalaappa|ABaraappa|ABarpapaa|ABalapappa|ABalpppapp|ABalppppap|ABplpaaaaa|MSapaap|ABplappapa|ABplppappp|ABplpppaap,12,1.0
SPA_000982,109,30,ABalapaap|ABalpaapp|ABalpapap|ABaraapaaa|MSaaaaap,5,1.0
SPA_000983,109,31,Eplp|ABalppapa|ABalpppaa|ABaraapaap|MSaaaaaa,5,1.0
SPA_000984,109,32,ABaraappp|ABplaaaapp|ABplppppaa,3,1.0
SPA_000985,109,33,ABarappaa|ABarapppa|ABplaapapa|ABplpaaapa|ABplpaapap|ABpraaaap,6,1.0
SPA_000986,109,34,ABplaaaaa|ABaraaaap|ABaraaapaa,3,1.0
SPA_000987,109,35,ABplaaaap|ABaraappap|Cpaaap,3,1.0
SPA_000988,109,36,Caap|ABalppppp|ABplapaaa|ABalappppa|MSppaap|MSppapa,6,1.0
SPA_000989,109,37,ABpraappa|ABprpapap|ABplapaaap|MSapppp,4,1.0
SPA_000990,109,38,ABprpaapa|ABprpapaa|ABplaapppa|ABplpaappp,4,1.0
SPA_000991,109,39,ABalpaap|ABprpppap|ABplapappp|ABalapaapa,4,1.0
SPA_000992,109,40,Caaap|Dap|ABarppppp|ABalaapppp|ABaraaappp|ABpraaapaa|ABpraaapap|ABpraapaaa,8,1.0
SPA_000993,109,41,ABalapaa|Cpapp|ABalaaaarr|ABalaaappl,4,1.0
SPA_000994,109,42,ABalppppaa|MSapaaa|ABplappapp,3,1.0
SPA_000995,109,43,ABalapapa|ABaraapapa|MSaaapa|Cappap,4,1.0
SPA_000996,109,44,ABarappppp|ABprpaaaap|ABarppppaa,3,1.0
SPA_000997,109,45,ABarppaap|Dapa|ABalppapap,3,1.0
SPA_000998,109,46,ABaraapa|ABarppapp|ABalpaappa,3,1.0
SPA_000999,109,47,ABarppppa|Dppa|ABarappaaa|ABarapppap,4,1.0
SPA_001000,109,48,ABarapapp|ABplaaappp|MSappap,3,1.0
SPA_001001,109,49,ABprpaaaa|ABplaappaa|ABplpaaapp|ABplpaappa,4,1.0
SPA_001002,109,50,ABalaappp|ABarapaap|ABplpaaaap|ABplapaapp|ABplppappa,5,1.0
SPA_001003,109,51,ABarpaapp|ABplpappaa|MSaapap|Ealap,4,1.0
SPA_001004,109,52,ABpraapppa|ABprpaappp|ABprppapaa|ABpraappap,4,1.0
SPA_001005,109,53,ABprapapap|ABalaapaap|ABalaapapa|ABalaappap|ABaraaappa,5,1.0
SPA_001006,109,54,MSpppa|MSaapaa|ABarppaapa,3,1.0
SPA_001007,109,55,ABplpapp|Eala|MSaappp,3,1.0
SPA_001008,109,56,Caaapa|Caaapp|ABalaaaala|ABalaaapal|ABalapaaaa,5,1.0
SPA_001009,109,57,Cppap|ABarpapaaa|MSpaaaap,3,1.0
SPA_001010,109,58,ABalaaappr|ABalappapa|ABaraaaaap,3,1.0
SPA_001011,109,59,Caapp|ABalaaaalp|ABalapaaap,3,1.0
SPA_001012,109,60,Capap|ABarpaaaap|MSaaapaa,3,1.0
SPA_001013,109,61,ABarappa|MSpappp|MSpaaapp,3,1.0
SPA_001014,109,62,ABarappp|MSpapap|MSpapaap,3,1.0
SPA_001015,110,0,ABalappa|ABprpppppp|ABarpaaaaa,3,1.0
SPA_001016,110,1,ABalappp|Cppaa|ABarapaaap|MSpaaapa,4,1.0
SPA_001017,110,2,ABalppaa|ABprapppp|Caapa,3,1.0
SPA_001018,110,3,ABalppap|ABprapapp|ABprppapp|ABalapapap|ABplaaaaaa,5,1.0
SPA_001019,110,4,ABalpppa|ABprapapa|Dpa|Dapp|ABplaaaaap,5,1.0
SPA_001020,110,5,ABaraaap|ABprpppap|ABprppppp|Caaaap|Caapp|Cappp|ABalaaaalp|ABalapaaap,8,1.0
SPA_001021,110,6,ABaraapp|ABprappaa|ABarppapa,3,1.0
SPA_001022,110,7,ABarappp|MSpapap|MSpapaap,3,1.0
SPA_001023,110,8,ABarpapp|ABplapap|ABplapapp|ABplapppa|MSppppp|Dpaa|ABarappapa|ABprpapaaa,8,1.0
SPA_001024,110,9,ABarpppa|ABpraapa|ABplappap|ABplppapp|ABplpppaa|ABprapaaaa,6,1.0
SPA_001025,110,10,ABplaaaa|ABplaaap|ABprapapap|ABprapappa|ABprapappp|ABalaapaaa|ABalaapaap|ABalaapapa|ABalaappaa|ABalaapppa,10,1.0
SPA_001026,110,11,ABplpppp|MSappp|ABalapppp|ABalapappp|ABalpapapp|MSapapa|MSappaa|ABarppaaap|ABarppapaa|ABplpppaaa,10,1.0
SPA_001027,110,12,ABarppaa|ABpraaap|ABplpppap|ABprapaaap,4,1.0
SPA_001028,110,13,ABarpppp|ABpraapp|ABplaappp|ABprpaaaap|MSppapp|ABarppppaa,6,1.0
SPA_001029,110,14,ABprapaa|ABprpaaapp|ABprpaappa,3,1.0
SPA_001030,110,15,ABprapap|ABarappppa|ABpraaaapp|ABpraaappa|ABprpaapaa|ABprapaapp|ABprpppaaa,7,1.0
SPA_001031,110,16,ABprpaaa|ABplpappp|ABarpapppp|MSpppap,4,1.0
SPA_001032,110,17,ABprppaa|ABalppppp|ABalappppa|ABarapppap|ABarpapaap|MSppaap|MSppapa|ABarpppapp,8,1.0
SPA_001033,110,18,ABprppap|ABplpaapa|ABprpppapp|Cpppap,4,1.0
SPA_001034,110,19,MSaaaa|ABplapapaa|ABplappapp|ABalppaapp|ABalpppaaa|ABalpppaap,6,1.0
SPA_001035,110,20,MSaaap|MSapaa|ABpraappp,3,1.0
SPA_001036,110,21,MSaapp|ABarapapa|ABarapppp|ABpraaapp|ABalppappp|ABalpppppp|ABplaapapp|ABplaappaa|ABplpaaapp|ABplpaappa|ABplapaapa|ABplppapap,12,1.0
SPA_001037,110,22,MSpapa|ABarappap|ABpraapaa|ABplppaaa|MSapppa|ABplppaapa|ABplppapaa,7,1.0
SPA_001038,110,23,MSpppa|ABaraappp|ABalpappap|ABplaaaapp|MSaapaaa|ABarppaapa,6,1.0
SPA_001039,110,24,MSpppp|Eplp|ABalpappa|ABplaaaap|ABaraaapap|ABaraapaap|ABarpaaaa|MSaaaap,8,1.0
SPA_001040,110,25,ABplpapp|Eala|ABplpapppa|MSaappp,4,1.0
SPA_001041,110,26,Ealp|ABarpaapp|ABalpapppp|MSaapaap|Ealpp,5,1.0
SPA_001042,110,27,Earp|ABarpaapap|MSpapaa,3,1.0
SPA_001043,110,28,Epra|ABalappppp|ABarpapapp|MSpaapp,4,1.0
SPA_001044,110,29,Capa|ABarpaapa|ABalpappaa|ABalpapppa|ABaraapapp|MSaaapp,6,1.0
SPA_001045,110,30,Cpaap|ABalppppa|MSppaaa,3,1.0
SPA_001046,110,31,Cpap|ABplaapaa|ABalapppaa|ABaraappaa|MSpaaaaa|Cppppa|Cppppp,7,1.0
SPA_001047,110,32,Da|ABalappap|ABalpaappa|ABalpapaaa|MSapaaa|ABarppappa|Cappaa,7,1.0
SPA_001048,110,33,ABalaaaar|ABalaaapa|ABalpaaaa,3,1.0
SPA_001049,110,34,ABalaappp|ABalapppa|ABaraappa|ABalapappa|ABalpaappp|ABalpapapa|ABalppppap|MSapaap|MSpaaaa|ABarppaapp|ABarppapap|ABplppappp|ABplpppaap,13,1.0
SPA_001050,110,35,ABprpppp|Cppp|ABalapaap|ABalpaapp|ABalpapap|ABaraapaaa|MSaaaaap,7,1.0
SPA_001051,110,36,ABalpppap|ABplaapap|ABalapppap,3,1.0
SPA_001052,110,37,ABaraaapp|ABalpppapp|ABalpppppa|ABplpaapaa,4,1.0
SPA_001053,110,38,ABarappaa|ABarapppa|ABpraaapa|ABplaapapa|ABplpaaapa|ABplpaapap|ABpraaaap,7,1.0
SPA_001054,110,39,ABplaaaaa|ABaraaaaa|ABaraaaap|ABaraaapaa,4,1.0
SPA_001055,110,40,ABplaaapp|ABarapaapp|ABarapapaa|Cpaaaa,4,1.0
SPA_001056,110,41,ABplaappa|ABarapppaa|Cpppaa,3,1.0
SPA_001057,110,42,ABplapppp|ABplppppp|ABarppppa|ABarappaaa,4,1.0
SPA_001058,110,43,Cppa|ABplpaaaa|ABalaaapar|ABalaaappl|Cpapaa,5,1.0
SPA_001059,110,44,ABplapapa|ABplppapa|ABarpapppa|ABprpapaap,4,1.0
SPA_001060,110,45,ABpraapap|ABpraappa|ABplppaap|MSapppp,4,1.0
SPA_001061,110,46,ABprapaap|ABplppppap|ABplaaapaa,3,1.0
SPA_001062,110,47,ABprpaapa|ABprpapaa|ABplaapppa|ABplpaappp,4,1.0
SPA_001063,110,48,ABaraapa|ABprpppaa|ABalapaapp|ABalppaaap|ABalppaapa,5,1.0
SPA_001064,110,49,ABplaapp|Caaaa|Dpap|ABarpappaa,4,1.0
SPA_001065,110,50,Cpapp|ABalaaaarr|ABalappapa,3,1.0
SPA_001066,110,51,Dap|ABarppppp|ABaraaappp,3,1.0
SPA_001067,110,52,ABalpaapap|ABarppappp|Capppa,3,1.0
SPA_001068,110,53,ABalaappa|ABaraaapa|ABalpppapa,3,1.0
SPA_001069,110,54,ABplappaa|ABarappppp|ABpraaappp|ABprpaaapa|ABprpaapap|ABprapaapa,6,1.0
SPA_001070,110,55,ABarpapapa|MSpaaap|MSpaapa,3,1.0
SPA_001071,110,56,ABprpappp|ABarppaap|ABalppapap,3,1.0
SPA_001072,110,57,ABplpappaa|MSaapap|Ealap,3,1.0
SPA_001073,110,58,ABalpppp|ABplpapppp|MSaaapap,3,1.0
SPA_001074,110,59,ABplpapa|ABprapaaa|ABplppppaa|Daap|ABplaaapap,5,1.0
SPA_001075,110,60,ABpraaaapa|ABprappaap|ABprappapa|ABprpppaap,4,1.0
SPA_001076,110,61,ABpraapppa|ABprpaappp|ABprppapaa|ABpraappap,4,1.0
SPA_001077,110,62,ABarpppaa|MSaappa|Ealpa,3,1.0
SPA_001078,110,63,MSappa|ABarpappp|MSappap,3,1.0
SPA_001079,110,64,ABalppapp|MSpaaaap|Cpaaap,3,1.0
SPA_001080,110,65,ABalaaap|Cpaapp|ABalaaaarl|ABaraaaaaa,4,1.0
SPA_001081,110,66,Caaapa|ABalaaaala|ABalapaaaa,3,1.0
SPA_001082,110,67,ABprapppa|ABarppapp|ABalppaaaa,3,1.0
SPA_001083,110,68,ABplpppppp|ABarpaaaap|MSaaapaa,3,1.0
SPA_001084,111,0,ABalappa|ABplpaaa|ABprpppppp|ABarpaaaaa|MSaaaapa,5,1.0
SPA_001085,111,1,ABalappp|Cppaa|ABarapaaap,3,1.0
SPA_001086,111,2,ABalppap|ABaraaap|ABprapapp|ABprapppa|ABprppapp|ABprpppap|ABprppppp|Caaaap|Cappp|ABalaaaalp|ABalapaapa|ABalapapap|ABalppaaaa,13,1.0
SPA_001087,111,3,ABalpppa|Dpa|ABplpppppp|Capap|ABarpaaaap,5,1.0
SPA_001088,111,4,ABaraapa|ABprpppaa|ABalppaaap|ABalppaapa,4,1.0
SPA_001089,111,5,ABalaapp|ABaraapp|MSaaaa|ABprappaa|ABprppaap|ABprppapa|ABprppppa|ABarppapa|ABplapapaa|ABplappapp|ABalppaapp|ABalpppaaa|ABalpppaap,13,1.0
SPA_001090,111,6,ABarpapp|ABplapap|ABplapapp|ABplapppa|MSppppp|Dpaa|ABarappapa,7,1.0
SPA_001091,111,7,ABarppaa|ABpraaap|ABplpppap|ABprapaaap,4,1.0
SPA_001092,111,8,ABarppap|ABarpppa|ABpraapa|ABplappap|ABplpappp|ABplppapp|ABplpppaa|ABarpapppp|ABprapaaaa|ABprpapaap|ABprpapapa|MSpppap,12,1.0
SPA_001093,111,9,ABarpppp|ABplpappa|ABarpppaap,3,1.0
SPA_001094,111,10,ABplaaaa|Caapa|Caapp|ABprapapap|ABalaapaaa|ABalaappaa|ABalaappap|ABalappapp|ABaraaappa,9,1.0
SPA_001095,111,11,ABplpppp|MSappp|ABalapppp|MSappaa,4,1.0
SPA_001096,111,12,ABpraapp|Caaap|ABplaappp|ABplappaa|ABplppaap|ABarappppp|ABpraapapp|ABprpaaaap|MSppapp|ABarppppaa|ABprppaapa,11,1.0
SPA_001097,111,13,ABprapaa|ABpraappaa|ABprpaaapp|ABprpaappa,4,1.0
SPA_001098,111,14,ABprapap|Cpaaa|ABarappppa|ABpraaaapp|ABpraaappa|ABpraapaap|ABprpaapaa|ABarppppap|ABprapaapp,9,1.0
SPA_001099,111,15,ABprappp|ABprppap|Cpaap|ABalppppa|ABplaapap|ABplpaapa|ABalaapppp|MSppaaa|ABarpppppp|ABprpppapp|Cpppap,11,1.0
SPA_001100,111,16,ABprpaaa|ABplppppa|ABarappaap,3,1.0
SPA_001101,111,17,ABprppaa|ABalppppp|ABplaappa|ABplapaaa|ABplpapaa|ABalappppa|ABarapppaa|ABarpapaap|MSppaap|MSppapa,10,1.0
SPA_001102,111,18,MSaaap|MSapaa|ABpraappp,3,1.0
SPA_001103,111,19,MSaapp|ABarapapa|ABarapppp|ABpraaapp|ABalppappp|ABalpppppp|ABplaapapp|MSapppa|ABplapaapa|ABplppapaa|ABplppapap,11,1.0
SPA_001104,111,20,MSapap|ABpraapap|ABpraappa|MSapppp,4,1.0
SPA_001105,111,21,MSappa|ABarpappp|MSappap,3,1.0
SPA_001106,111,22,MSpapp|ABalaappp|ABalapppa|ABaraaapp|ABaraappa|ABarapaap|ABarapppa|ABpraaapa|ABalapappa|ABalpaappp|ABalpapapa|ABalppapap|ABalppppap|ABalpppppa|ABplaaaaap|ABplaapaap|ABplaapapa|ABplpaaaap|MSapaap|MSapapa|MSpaaaa|ABarppaapp|ABarppapaa|ABarppapap|ABplapaapp|ABplppappa|ABplpppaaa|ABplpppaap,28,1.0
SPA_001107,111,23,MSpppa|Ealp|ABarpaapp|ABalpapppp|ABplaaaapp|ABplpappaa|MSaapaap|MSaapap|Ealap|Ealpp,10,1.0
SPA_001108,111,24,MSpppp|ABalpappa|MSaaaap|MSaaapa,4,1.0
SPA_001109,111,25,Earp|ABarapappp|ABarpaapap|Earap,4,1.0
SPA_001110,111,26,Epra|ABalappppp|ABaraapppp|ABarapappa|ABarpapapp|MSpaapp|Earpp,7,1.0
SPA_001111,111,27,Eprp|ABalppapp|ABarpapapa|MSpaaap|MSpaapa,5,1.0
SPA_001112,111,28,Capa|ABarpaapa|ABalpappaa|ABalpappap|ABalpapppa|ABaraapapp|MSaaapp|MSaapaaa|Eplaa,9,1.0
SPA_001113,111,29,Capp|ABalapapp|ABplaaapa|ABarapaapa,4,1.0
SPA_001114,111,30,Cpap|ABplaapaa|ABaraappaa,3,1.0
SPA_001115,111,31,Cppp|ABalapaap|ABalpaapaa|ABaraapaaa|MSaaaaap,5,1.0
SPA_001116,111,32,Daa|ABarpapaa|ABplpaaaaa|ABplapppaa|ABplppappp,5,1.0
SPA_001117,111,33,Dap|ABalappap|ABalpaappa|ABalpapaaa|MSapaaa|ABarppappa|Cappaa,7,1.0
SPA_001118,111,34,ABalaaaar|ABalaaapa|ABalpaaaa,3,1.0
SPA_001119,111,35,ABalaapap|ABalpppapp|ABplpaapaa|ABpraaaaa,4,1.0
SPA_001120,111,36,ABalaappa|ABaraaapa|ABalpppapa,3,1.0
SPA_001121,111,37,ABalappaa|ABaraapaa|ABplapppap,3,1.0
SPA_001122,111,38,ABalpaapp|ABalpapap|ABarpaaaa|MSaaaaaa|ABplpppapp,5,1.0
SPA_001123,111,39,ABalppaap|ABplpaaaa|Cpappv,3,1.0
SPA_001124,111,40,ABalppapa|ABalpppaa|ABalapppaa|Capppp,4,1.0
SPA_001125,111,41,ABplaaaaa|ABaraaaap|ABaraaapaa,3,1.0
SPA_001126,111,42,ABplaaaap|ABaraaapap|Cpaaap,3,1.0
SPA_001127,111,43,ABprapaap|ABplppppap|ABplaaapaa,3,1.0
SPA_001128,111,44,ABalppaa|ABprapppp|ABalpaaaaa,3,1.0
SPA_001129,111,45,ABprpaaap|ABprpaapa|ABprpapaa|ABplaapppa|ABplpaappp,5,1.0
SPA_001130,111,46,MSaapa|ABprpaapp|ABplaapppp,3,1.0
SPA_001131,111,47,ABalapapa|ABalpaapap|MSaaaaa|Cappap,4,1.0
SPA_001132,111,48,ABarapaapp|ABarapapaa|Cpaaaa,3,1.0
SPA_001133,111,49,ABarpaappa|MSaapapa|Ealpa,3,1.0
SPA_001134,111,50,Caaaa|ABarpapppa|ABprpapaaa|MSppppa,4,1.0
SPA_001135,111,51,ABplpapa|ABprpappp|ABarppaap|Dapa,4,1.0
SPA_001136,111,52,ABplppppp|ABarppppa|ABprppppaa|Dppa|ABarappaaa,5,1.0
SPA_001137,111,53,ABprpaaaa|ABplaappaa|ABplpaaapp|ABplpaappa,4,1.0
SPA_001138,111,54,ABplpaaapa|ABplpaapap|ABpraaaap,3,1.0
SPA_001139,111,55,ABprapaaa|ABplppppaa|Daap|ABplaaapap,4,1.0
SPA_001140,111,56,ABpraaaaap|ABpraaaapa|ABprappaap|ABprappapa,4,1.0
SPA_001141,111,57,ABpraaappp|ABprpaaapa|ABprpaapap|ABprapaapa,4,1.0
SPA_001142,111,58,ABprapappa|ABprapappp|ABalappapa,3,1.0
SPA_001143,111,59,ABplapppp|ABprpppaaa|ABpraaapap,3,1.0
SPA_001144,111,60,ABalpapapp|MSapapp|ABarppaaap|ABplppaapp,4,1.0
SPA_001145,111,61,Caaapp|ABalaaaala|ABalapaaaa,3,1.0
SPA_001146,111,62,Dpp|Cpaapa|ABaraaaapp,3,1.0
SPA_001147,111,63,Dp|ABarppappp|Capppa,3,1.0
SPA_001148,111,64,MSpapa|ABarapapp|ABplppaapa,3,1.0
SPA_001149,111,65,ABaraapap|ABplaaaaaa|ABplpppapa,3,1.0
SPA_001150,111,66,ABarappp|ABprpappap|MSpapaap|MSpapapa,4,1.0
SPA_001151,111,67,ABprpapppa|MSpapaaa|Earaa,3,1.0
SPA_001152,112,0,ABalaaap|Cpaapp|Cpapaa|ABalaaaarl|ABalappaaa,5,1.0
SPA_001153,112,1,ABalappp|ABprpapppp|Cppaa|ABarapaaap|MSpaapaa,5,1.0
SPA_001154,112,2,ABalpppa|Capap|ABarpaaaap,3,1.0
SPA_001155,112,3,ABalpppp|ABprapaap|ABplppppap|ABplaaapaa,4,1.0
SPA_001156,112,4,ABalpaap|ABaraaap|ABprapppa|ABprapppp|ABprpppap|Caaaap|Caaapa|Cappp|ABalaaaalp|ABalapaaap|ABalapaapa|ABalppaaaa,12,1.0
SPA_001157,112,5,ABaraapa|ABprpppaa|ABplappapp|ABalppaaap|ABalppaapa,5,1.0
SPA_001158,112,6,ABaraapp|ABprappaa|ABprppapa|ABprppppa|ABalppaapp,5,1.0
SPA_001159,112,7,ABarpapp|ABplapap|ABplapapp|ABplapppa|Dpaa,5,1.0
SPA_001160,112,8,ABarppaa|ABpraaap|ABplpppap|ABprapaaap,4,1.0
SPA_001161,112,9,ABarppap|ABprpapaap|ABprpapapa|MSpppap,4,1.0
SPA_001162,112,10,ABarpppp|ABprpaap|ABplpappa|ABarpppaap,4,1.0
SPA_001163,112,11,ABplaaaa|Caapp|ABprapapap|ABalaapaaa|ABalaappaa,5,1.0
SPA_001164,112,12,ABplaaap|ABprpppapa|ABalaapapa|ABalaappap|ABaraaappa,5,1.0
SPA_001165,112,13,ABplappa|ABarppapa|ABprpappap,3,1.0
SPA_001166,112,14,ABalappa|ABplpaaa|ABprpppppp|ABalpaaaap|ABalpaaapa|ABarpaaaaa|MSaaaapa,7,1.0
SPA_001167,112,15,ABplpppp|MSappp|ABalapppp|MSappaa,4,1.0
SPA_001168,112,16,ABpraapp|ABplaappp|ABarappapa|ABprpaaaap|ABarppppaa,5,1.0
SPA_001169,112,17,ABprapaa|ABpraappaa|ABprpaaapp|ABprpaappa,4,1.0
SPA_001170,112,18,ABprapap|Cpaaa|ABplpaapp|ABpraaappa|ABpraapaap|ABprpaaaaa|ABarppppap|ABprppaapp,8,1.0
SPA_001171,112,19,ABprappp|Cpaap|ABalppppa|ABplaappa|ABplpaapa|ABalaapppp|ABalappppa|ABarapppaa|ABarpapaaa|ABpraaapaa|ABpraapaaa|MSppaaa|ABarpppppa|ABarpppppp|Cpppaa|Cpppap,16,1.0
SPA_001172,112,20,ABprpaaa|ABplppppa|ABarappaap,3,1.0
SPA_001173,112,21,ABprpppa|ABalppaap|ABalaaappr,3,1.0
SPA_001174,112,22,ABprpppp|Cppp|ABalapaap|ABalpaapaa|MSaaaaap,5,1.0
SPA_001175,112,23,MSaapp|ABarapapa|ABpraaapp|ABalppappp|ABalpppppp|ABplaapapp|ABplppapap,7,1.0
SPA_001176,112,24,MSapaa|ABpraappp|ABprpappp|ABarppaapa|Dapa,5,1.0
SPA_001177,112,25,MSapap|ABpraapap|ABpraappa|MSapppp,4,1.0
SPA_001178,112,26,MSappa|ABarpappp|MSappap,3,1.0
SPA_001179,112,27,MSpapa|ABarapapp|ABplapaaaa|MSapppa|ABplppaapa,5,1.0
SPA_001180,112,28,MSpapp|ABarapaap|ABarappaa|ABarapppa|ABpraaapa|ABprpaaaa|ABalppapap|ABalppappa|ABalpppppa|ABplaapapa|ABplaappaa|ABplpaaaap|ABplpaaapa|ABplpaaapp|ABplpaapap|ABplpaappa|ABplppappa,17,1.0
SPA_001181,112,29,MSpppp|Capp|ABalapapp|ABarpaaap|ABplaaapa|ABarapaapa|MSaaapa|Eplap,8,1.0
SPA_001182,112,30,Eala|ABprapaaa|ABplpapppa|MSaappp,4,1.0
SPA_001183,112,31,Earp|ABarapappp|ABarpaapap|MSpapaap|Earap,5,1.0
SPA_001184,112,32,Eplp|ABaraapaap|MSaaaap,3,1.0
SPA_001185,112,33,Epra|ABplaaapp|ABalappppp|ABaraapppp|ABarpapapp|MSpaapp|MSpapaaa|Earpp,8,1.0
SPA_001186,112,34,Cpap|ABplaapaa|Cppppp,3,1.0
SPA_001187,112,35,Daa|Dap|ABalaappp|ABalappap|ABarpaaaa|ABalpaappa|ABalpapaaa|ABalppppaa|ABalppppap|ABplaaaaaa|ABplaapaaa|ABplaapaap|ABplpaaaaa|MSapaaa|ABarppappa|ABplapppaa|ABplppappp,17,1.0
SPA_001188,112,36,ABalaaaar|ABalaaapa|ABalpaaaa,3,1.0
SPA_001189,112,37,ABalaapap|ABaraaapp|ABalpppapp|ABplpaapaa|ABpraaaaa|ABpraaaap,6,1.0
SPA_001190,112,38,ABalapppa|ABaraappa|ABalapappa|ABplaaaaap|MSapaap|MSpaaaa|ABarppapap|ABplpppaap,8,1.0
SPA_001191,112,39,ABalpapap|ABaraapaaa|ABplappppp,3,1.0
SPA_001192,112,40,ABalppapp|ABarpapapa|MSpaaapp|MSpaapa,4,1.0
SPA_001193,112,41,ABalpppaa|ABplaaaaa|ABaraaaap|ABaraaapaa|Capppp,5,1.0
SPA_001194,112,42,ABalppppp|ABplapaaa|ABarpapaap|MSppaap|MSppapa,5,1.0
SPA_001195,112,43,ABarpaapa|ABalpappaa|ABaraapapp,3,1.0
SPA_001196,112,44,ABarpaapp|ABalpapppp|MSaapap,3,1.0
SPA_001197,112,45,ABarpappa|ABalpapapp|MSapapp,3,1.0
SPA_001198,112,46,ABarppppa|ABplpapppp|ABarpaaapp|MSaaaapp|MSaaapap,5,1.0
SPA_001199,112,47,ABarppppp|ABarpaaapa|MSaaapaa,3,1.0
SPA_001200,112,48,ABplappaa|ABarappppp|ABpraapapp|ABprppaapa,4,1.0
SPA_001201,112,49,ABplappap|ABplppapp|ABplpppaa|MSppppp,4,1.0
SPA_001202,112,50,ABplapppp|ABprapaapp|ABprpppaaa,3,1.0
SPA_001203,112,51,ABalppap|ABprapapp|ABprppppp|ABalapapap,4,1.0
SPA_001204,112,52,ABprpaapa|ABprpapaa|ABplaapppa|ABplpaappp,4,1.0
SPA_001205,112,53,MSaapa|ABprpaapp|ABplaapppp,3,1.0
SPA_001206,112,54,Caapa|ABalappapp|ABaraaaaap,3,1.0
SPA_001207,112,55,Eprp|ABalpppap|ABalapppap|MSpaaapa,4,1.0
SPA_001208,112,56,ABarpapap|ABalpaappp|ABalpapapa|MSapapa|ABarppapaa|ABplpppaaa,6,1.0
SPA_001209,112,57,ABarapaaa|ABarpapaa|ABalppapaa|ABalpppaap,4,1.0
SPA_001210,112,58,ABaraapppa|ABarapaapp|ABarapapaa,3,1.0
SPA_001211,112,59,ABarpaappa|MSaapapa|Ealpa,3,1.0
SPA_001212,112,60,ABplppppaa|Daap|ABplaaapap,3,1.0
SPA_001213,112,61,ABpraaaaap|ABpraaaapa|ABprappaap|ABprappapa|ABprppappp,5,1.0
SPA_001214,112,62,ABpraaappp|ABprpaaapa|ABprpaapap,3,1.0
SPA_001215,112,63,ABpraaaapp|ABprpaapaa|ABprappaaa|ABprppappa,4,1.0
SPA_001216,112,64,Caaaa|ABplppaap|ABprpapaaa|MSppppa,4,1.0
SPA_001217,112,65,ABalpaapp|MSaaaaaa|ABplpppapp,3,1.0
SPA_001218,112,66,Epla|ABalpappap|ABalpapppa|MSaapaaa|Eplaa,5,1.0
SPA_001219,112,67,Ealp|MSaapaap|Ealpp,3,1.0
SPA_001220,112,68,Caaapp|ABalaaaala|ABalapaaaa,3,1.0
SPA_001221,112,69,Eara|ABprpapppa|Earaa,3,1.0
SPA_001222,113,0,ABalaaap|Cpaapp|ABalaaaarl|ABalappaaa,4,1.0
SPA_001223,113,1,ABalappa|Cpppa|ABprpppppp|ABaraaaapp|ABarpaaaaa,5,1.0
SPA_001224,113,2,ABalappp|ABprpapppp|Cppaa,3,1.0
SPA_001225,113,3,ABalpaap|ABaraaaa|ABplapapap|ABplapappa,4,1.0
SPA_001226,113,4,ABalppap|ABprppapp|ABprppppp|ABalapapap,4,1.0
SPA_001227,113,5,ABalpppa|Capap|ABarpaaaap,3,1.0
SPA_001228,113,6,ABaraapa|ABprpppaa|ABalppaaap|ABalppaapa,4,1.0
SPA_001229,113,7,ABarpaaa|ABprappaaa|ABprappaap|ABprappapa|ABalaapapp,5,1.0
SPA_001230,113,8,ABarpapp|ABarppap|ABplapap|ABplapapp|ABplappap|ABplapppa|ABplppapp|ABplpppaa|ABarpapppp|ABprpapaap|ABprpapapa|MSppppp|Dpaa,13,1.0
SPA_001231,113,9,ABarppaa|ABpraaap|ABplpppap|ABprapaaap,4,1.0
SPA_001232,113,10,ABarpppp|ABplppapa|ABarpappap|ABprpapaaa|MSppppa|ABarpppaap,6,1.0
SPA_001233,113,11,ABplaaaa|Caapp|ABprapapap|ABalaapaaa|ABalaappaa|ABalaappap,6,1.0
SPA_001234,113,12,ABplpapp|MSappa|ABarpappp|MSappap,4,1.0
SPA_001235,113,13,ABplpppa|ABarppaaa|ABarapapap,3,1.0
SPA_001236,113,14,ABplpppp|ABalapppp|ABalapappp|MSappaa|MSpaaap,5,1.0
SPA_001237,113,15,ABprapaa|ABpraappaa|ABprpaaapp|ABprpaappa,4,1.0
SPA_001238,113,16,ABprapap|Cpaaa|ABarappppa|ABpraaaapp|ABpraaappa|ABpraapapa|ABprpaapaa|ABprppaapp|ABprppappa,9,1.0
SPA_001239,113,17,ABprppap|Cpap|ABalpppap|ABalapppap|ABaraappaa|MSpaaaap|MSpaaapa|Cppppa,8,1.0
SPA_001240,113,18,MSaapp|ABarapapa|ABpraaapp|ABalppappp|ABalpppppp|ABplaapapp|ABplppapap,7,1.0
SPA_001241,113,19,MSapap|MSpaap|ABpraapap|ABplppaaaa,4,1.0
SPA_001242,113,20,MSpapa|ABarapapp|ABplapaaaa|ABplppaapa,4,1.0
SPA_001243,113,21,MSpapp|Daa|ABalaappp|ABalppapap|ABalppppap|ABplaapaap|ABplpaaaaa|ABplppappp,8,1.0
SPA_001244,113,22,MSppap|Ealap|MSpapaa,3,1.0
SPA_001245,113,23,MSpppa|ABplaaaapp|MSaapaaa|Eplaa,4,1.0
SPA_001246,113,24,MSpppp|ABarpaaap|ABaraapapa,3,1.0
SPA_001247,113,25,Ealp|ABarpaapp|ABalpapppp|MSaapaap|MSaapap|Ealaa|Ealpp,7,1.0
SPA_001248,113,26,Earp|ABarapappp|ABarpaapap|MSpapaap|MSpapapp|Earap,6,1.0
SPA_001249,113,27,Eplp|Capp|ABalapapp|ABplaaapa|ABaraapaap|ABaraappap|ABarapaaaa|ABarapaapa|MSaaaapp|MSaaaap|Eplap,11,1.0
SPA_001250,113,28,Epra|ABaraapppp|ABarpapapp|MSpaapp|Earpp,5,1.0
SPA_001251,113,29,Caaap|ABplapaaa|ABarapppap|ABarpapaap|MSppaap|MSppapa,6,1.0
SPA_001252,113,30,Cpaap|ABalppppa|ABplpaapa|ABalaapppp|ABarpapaaa|ABpraaapaa|ABpraapaaa|ABarpppppp|Cpppap,9,1.0
SPA_001253,113,31,Cppa|ABalppaaa|ABalaaapar,3,1.0
SPA_001254,113,32,Cppp|ABalapaap|ABplaaaaa|ABaraaaaa|MSaaaaap,5,1.0
SPA_001255,113,33,Dap|ABarpaaaa|ABalpaapap|ABplaaaaaa|MSaaapaa|MSaaaaa|ABplpppapa|Cappap,8,1.0
SPA_001256,113,34,Dpp|ABalapaaap|ABarppappp,3,1.0
SPA_001257,113,35,ABalaappa|ABaraaapa|ABalpppapa,3,1.0
SPA_001258,113,36,ABalaaaal|ABalapaaa|ABalpaaap|ABalpaapa,4,1.0
SPA_001259,113,37,ABalapapa|ABalpapap|ABaraapaaa,3,1.0
SPA_001260,113,38,ABalappap|ABalapppa|ABaraappa|ABalapappa|ABalpaappa|ABalpapaaa|ABalppppaa|ABplaaaaap|ABplaapaaa|MSapaaa|MSapaap|MSpaaaa|ABarppapap|ABarppappa|ABplapppaa|ABplapppap,16,1.0
SPA_001261,113,39,ABalppaap|ABplaapaa|Cpappv,3,1.0
SPA_001262,113,40,ABalppapp|ABarapaaap|MSpaaapp|MSpaapa,4,1.0
SPA_001263,113,41,ABalppapa|ABalpppaa|ABalapppaa|Capppp,4,1.0
SPA_001264,113,42,ABaraaapp|ABarapaap|ABpraaapa|ABalppappa|ABalpppppa|ABplaapapa|ABplpaaaap|ABplpaaapa|ABplpaapap|ABpraaaap|ABplppappa,11,1.0
SPA_001265,113,43,ABarappaa|ABarapppa|ABplaappaa,3,1.0
SPA_001266,113,44,Capa|ABarpaapa|ABalpappaa|ABaraapapp|ABplaaaapa,5,1.0
SPA_001267,113,45,ABarpapap|ABalpaappp|ABalpapapa|ABarppapaa,4,1.0
SPA_001268,113,46,ABarpappa|ABalpapapp|ABplpapaaa|MSapapp,4,1.0
SPA_001269,113,47,ABplppaa|MSppaa|ABarpppap,3,1.0
SPA_001270,113,48,ABarppppa|ABplpapppp|ABarpaaapp,3,1.0
SPA_001271,113,49,ABplaappa|ABplpapaa|ABalappppa|ABarapppaa|ABprpaaaaa|ABarpppppa|Cpppaa,7,1.0
SPA_001272,113,50,ABplaappp|ABarappapa|ABarpappaa|MSppapp,4,1.0
SPA_001273,113,51,Caaaa|ABplappaa|ABarappppp|ABprppaapa,4,1.0
SPA_001274,113,52,ABplpaapp|ABpraaapap|ABpraapaap|ABarppppap,4,1.0
SPA_001275,113,53,ABpraappp|ABprpappp|ABarppaapa|ABplpppaaa|ABplppppaa|Daap|Dapa|ABplaaapap|MSapapap,9,1.0
SPA_001276,113,54,ABprapaaa|ABplpapapp|MSaappp,3,1.0
SPA_001277,113,55,ABaraapp|ABprappaa|ABprppapa|ABprppppa|ABarppaapp|ABplpppaap,6,1.0
SPA_001278,113,56,ABprapppa|ABprpppap|ABplappppp|ABalaaaalp|ABalppaaaa,5,1.0
SPA_001279,113,57,ABprpaapa|ABprpapaa|ABplaapppa|ABplpaappp,4,1.0
SPA_001280,113,58,ABprpappa|ABplapaapa|Daaa,3,1.0
SPA_001281,113,59,Caapa|ABalappapp|ABaraaaaap,3,1.0
SPA_001282,113,60,Cpapa|Cpapaa|ABalappaap,3,1.0
SPA_001283,113,61,ABalaapap|ABalpppapp|ABplpaapaa|ABpraaaaa,4,1.0
SPA_001284,113,62,ABplaaapp|ABaraapppa|ABarapaapp|ABarapapaa,4,1.0
SPA_001285,113,63,ABprpaapp|ABprppaaa|ABplaapppp,3,1.0
SPA_001286,113,64,ABpraappa|ABprpapap|ABplapaaap|MSapppp,4,1.0
SPA_001287,113,65,ABalpapa|ABplapapaa|ABplappapp,3,1.0
SPA_001288,113,66,ABpraaappp|ABpraapapp|ABprpaaapa,3,1.0
SPA_001289,113,67,ABpraapppp|ABprapaapa|ABprppapap,3,1.0
SPA_001290,113,68,ABplaaap|ABprapapaa|ABalaapaap,3,1.0
SPA_001291,113,69,ABprapappa|ABprapappp|ABalaaaarr,3,1.0
SPA_001292,113,70,ABpraapp|ABplppaaa|ABprpaaaap|ABarppppaa,4,1.0
SPA_001293,113,71,MSpaaa|ABplppppap|Dapp,3,1.0
SPA_001294,113,72,ABalpappp|MSaaapap|MSaaapa,3,1.0
SPA_001295,113,73,Cpaaap|ABalpaaaap|ABalpaaapa,3,1.0
SPA_001296,113,74,Eara|ABprpapppa|Earaa,3,1.0
SPA_001297,114,0,ABalaaap|Cpaapp|ABalaaaarl|ABalappaaa|ABaraaaaaa,5,1.0
SPA_001298,114,1,ABalapaa|Cpppp|ABaraaaapa,3,1.0
SPA_001299,114,2,ABalappa|Cpppa|ABprpppppp|ABaraaaapp|ABarpaaaaa,5,1.0
SPA_001300,114,3,ABalpapp|ABplappapa|ABplapppaa,3,1.0
SPA_001301,114,4,ABalppaa|Caappv|Cpapaa,3,1.0
SPA_001302,114,5,ABaraapp|ABprappaa|ABprppapa|ABprppppa|ABarppaapp|ABplpppaap,6,1.0
SPA_001303,114,6,ABarpapa|ABpraaaa|Dppp,3,1.0
SPA_001304,114,7,ABarpapp|ABplapppa|ABprapaaap,3,1.0
SPA_001305,114,8,ABarppaa|ABpraaap|ABplpppap|ABprppapap,4,1.0
SPA_001306,114,9,ABarppap|ABplapap|ABplappap|ABplppapp|ABplpppaa|ABarpapppp|ABprpapaap|ABprpapapa|ABprppaapa|MSppppp|Dpaa|ABprppaaaa,12,1.0
SPA_001307,114,10,ABarpppp|ABpraapp|ABplaappp|ABarappapa,4,1.0
SPA_001308,114,11,ABplappp|ABarapappa|ABarappaap|MSpaapp|MSpppaa|Earpp,6,1.0
SPA_001309,114,12,ABplpaap|ABarppppa|ABplpapppp|ABarpaaapp,4,1.0
SPA_001310,114,13,ABplpapp|MSappa|ABarpappp|MSappap,4,1.0
SPA_001311,114,14,ABprapap|Cpaaa|ABplpaapp|ABarappppa|ABpraaapap|ABpraaappa|ABpraapaap|ABpraapapa,8,1.0
SPA_001312,114,15,ABprappp|Cpaap|Cpapa|ABalppppa|ABplpaapa|ABalaappap|ABalaapppp|ABarpapaaa|ABpraaapaa|ABpraapaaa|ABarpppppp|Cpppap,12,1.0
SPA_001313,114,16,ABprpapp|ABalpappp|ABarpaaap|ABaraapapa|ABarapaapa|MSaaapap|MSaaaap|MSaaapa|Eplap,9,1.0
SPA_001314,114,17,ABprppap|ABalpppap|ABalapppap|ABaraaappa|ABaraappaa|MSpaaaap|MSpaaapa,7,1.0
SPA_001315,114,18,MSaapp|ABarapapa|ABpraaapp|ABalppappp|ABalpppppp|ABplaapapp,6,1.0
SPA_001316,114,19,MSapap|ABpraapap|ABpraappa|ABplapaaap|MSapppp|Daaa|ABplppaaaa,7,1.0
SPA_001317,114,20,MSpapa|ABarapapp|ABplapaaaa|ABplpapaap|ABplppaapa,5,1.0
SPA_001318,114,21,MSpapp|Daa|ABalaapap|ABalaappp|MSpaaaa|ABalppapap|ABalpppapp|ABalppppap|ABplaapaap|ABplpaaaaa|ABplpaapaa|ABpraaaaa,12,1.0
SPA_001319,114,22,Ealp|ABarpaapp|ABalpapppp|MSaapap|MSpapaa|Ealpp,6,1.0
SPA_001320,114,23,Earp|ABarapappp|ABarpaapap|MSpapaap|MSpapapp|Earap,6,1.0
SPA_001321,114,24,Eplp|Capp|ABalapapp|ABaraapaap,4,1.0
SPA_001322,114,25,Eprp|ABaraappap|ABarpapapa,3,1.0
SPA_001323,114,26,Caaaa|ABplappaa|ABarappppp,3,1.0
SPA_001324,114,27,Cpapp|ABalpppaa|ABplaapaa|ABalapppaa|MSpaaaaa|Cppppp,6,1.0
SPA_001325,114,28,Cppp|ABalapaap|ABalppaaa|ABplaaaaa|MSaaaaap,5,1.0
SPA_001326,114,29,Dpp|ABalaaaal|ABalapaaa|ABalpaaap|ABalpaapa|ABalapaaap|ABalapaapa|ABalapapaa|ABalppaaaa|ABarppappp|Capppa,11,1.0
SPA_001327,114,30,ABalaaapp|ABalppaapa|ABalpppaaa,3,1.0
SPA_001328,114,31,ABalapapa|ABalpapap|ABaraapaaa,3,1.0
SPA_001329,114,32,ABalappap|ABalapppa|ABaraappa|ABalapappa|ABalpaappa|ABalpapaaa|ABalpapaap|ABalppppaa|ABplaaaaap|ABplaapaaa|MSapaaa|MSapaap|ABarppapap,13,1.0
SPA_001330,114,33,ABalpaapp|ABaraaaap|ABaraaapaa|MSaaaaaa|MSaaaapa,5,1.0
SPA_001331,114,34,ABalpapaa|ABalaaapal|ABalapaaaa,3,1.0
SPA_001332,114,35,ABarapaap|ABpraaapa|ABalppappa|ABalpppppa|ABplaapapa|ABplpaaaap|ABplppappa,7,1.0
SPA_001333,114,36,ABarappaa|ABarapppa|ABplaappaa|ABplpaaapp|ABplpaappa,5,1.0
SPA_001334,114,37,ABarapppp|ABpraapaa|ABprpaaap|ABplaappap|ABplpaappp,5,1.0
SPA_001335,114,38,Dap|ABarpaaaa|ABalpaapap|MSaaapaa|MSaaaaa|Cappap,6,1.0
SPA_001336,114,39,ABarpaapa|ABaraapapp|ABplaaaapa,3,1.0
SPA_001337,114,40,ABarapaaa|ABarpapaa|ABalppaapp|ABalppapaa|ABalpppaap,5,1.0
SPA_001338,114,41,ABarpapap|ABalpaappp|ABalpapapa|ABarppapaa,4,1.0
SPA_001339,114,42,ABarpappa|ABalpapapp|ABplpapaaa|MSapppa|ABarppaaap,5,1.0
SPA_001340,114,43,ABarpppaa|ABplpappap|MSaappa,3,1.0
SPA_001341,114,44,ABprappa|ABplaappa|ABalappppa|ABarapppaa|ABarpppppa|Cpppaa,6,1.0
SPA_001342,114,45,ABplapaaa|ABplpapap|ABalappppp|ABarpappaa|MSppapp,5,1.0
SPA_001343,114,46,ABplppaap|ABplppapa|ABarpappap|ABprpapaaa|MSppppa,5,1.0
SPA_001344,114,47,ABaraaap|ABprapapp|Cappp,3,1.0
SPA_001345,114,48,ABprapppp|Caaapa|ABalaaaala,3,1.0
SPA_001346,114,49,ABprpaapa|ABprpapaa|ABplaapppa,3,1.0
SPA_001347,114,50,ABplpppp|MSpaaap|ABalapappp|ABplaaapaa|MSapapa,5,1.0
SPA_001348,114,51,ABplaaaa|Caapp|ABprapapap|ABalaapaaa,4,1.0
SPA_001349,114,52,ABalapapap|ABplaaaaaa|ABplpppapa,3,1.0
SPA_001350,114,53,ABalaappa|ABaraaapa|ABalpppapa,3,1.0
SPA_001351,114,54,ABaraapppa|ABarapaapp|ABarapapaa,3,1.0
SPA_001352,114,55,MSpppa|ABplaaaapp|MSaapaap|Ealaa|Eplaa,5,1.0
SPA_001353,114,56,ABalpaap|ABaraaaa|ABplapappa,3,1.0
SPA_001354,114,57,ABalpapa|ABplapapaa|ABplappapp,3,1.0
SPA_001355,114,58,ABpraaaapp|ABprpaapaa|ABprppappa,3,1.0
SPA_001356,114,59,ABpraaappp|ABpraapapp|ABprpaaapa,3,1.0
SPA_001357,114,60,ABplaaap|ABprapapaa|ABprappapp|ABalaapaap|ABalaapapa,5,1.0
SPA_001358,114,61,ABprapappa|ABprapappp|ABalaaaarr|ABalappapa,4,1.0
SPA_001359,114,62,ABprapaa|ABpraappaa|ABprpaappa,3,1.0
SPA_001360,114,63,Eara|ABprpapppa|MSpappp|Earaa,4,1.0
SPA_001361,114,64,Eala|ABprapaaa|ABplpapapp|MSaappp,4,1.0
SPA_001362,114,65,ABalapppp|ABplaaapap|MSapapp|MSappaa,4,1.0
SPA_001363,114,66,MSpaaa|ABplppppap|Dapp,3,1.0
SPA_001364,115,0,ABalaaap|Cpaapp|ABalaaaarl|ABalappaaa|ABaraaaaaa,5,1.0
SPA_001365,115,1,ABalappa|ABplpaaa|ABprpppppp|ABaraaaapp,4,1.0
SPA_001366,115,2,ABaraapp|ABprappaa|ABprppapa|ABprppppa|ABarppaapp|ABplpppaap,6,1.0
SPA_001367,115,3,ABarpapa|ABpraaaa|ABarppppap|Dppp,4,1.0
SPA_001368,115,4,ABarpapp|ABpraaap|ABplapapp|ABplapppa|ABplpppap|ABprapaaap|ABprppaapp,7,1.0
SPA_001369,115,5,ABarppap|ABplapap|ABplappap|ABplppapp|ABplpppaa|ABarpapppp|ABprpapaap|ABprpapapa|ABprppaapa|MSppppp|Dpaa|ABprppaaaa,12,1.0
SPA_001370,115,6,ABarpppa|ABpraapppa|ABprapaaaa|ABprppapaa,4,1.0
SPA_001371,115,7,ABarpppp|ABpraapp|ABplaappp|ABplppaaa|ABarappapa|ABarappppa|ABprpaaaap,7,1.0
SPA_001372,115,8,ABplappp|Epra|ABplaaapp|ABaraapppp|ABarapappa|MSpaapp|Earpp|Epraa,8,1.0
SPA_001373,115,9,ABplpapa|ABprpappp|ABarppaapa|ABplpppaaa|ABplppppaa|Daap|Dapa|MSapapap,8,1.0
SPA_001374,115,10,ABplpapp|MSappa|MSpapa|ABarapapp|ABarpappp|ABplaaappp|ABplapaaaa|ABplpapaap|MSappap|ABplppaapa,10,1.0
SPA_001375,115,11,ABplpppa|Ealp|MSaapaap|Ealaa|Eplaa,5,1.0
SPA_001376,115,12,ABplpppp|ABalapppp|MSpaaap|ABalapappp|ABplaaapaa|MSapaap|MSapapa,7,1.0
SPA_001377,115,13,ABprapaa|ABprpaaapp|ABprpaappa,3,1.0
SPA_001378,115,14,ABprapap|ABpraaapap|ABpraapaap,3,1.0
SPA_001379,115,15,ABprappa|Caaap|ABplaappa|ABarapppaa|ABarapppap|ABarpapaap|ABprpaaaaa|MSppapa|ABarpppppa|Cpppaa,10,1.0
SPA_001380,115,16,ABprappp|ABprppap|Cpapa|ABalpppap|ABalppppa|ABplaaaap|ABplaapap|ABplpaaap|ABplpaapa|ABalaappap|ABalaapppp|ABalapppap|ABalappppa|ABaraaappa|ABaraappaa|ABarpapaaa|ABpraaapaa|MSpaaaap|MSpaaapa|MSppaaa|ABarpppppp|Cpppap|Cppppa,23,1.0
SPA_001381,115,17,ABprpppa|ABalppaap|ABplpaaaa|ABalaaappr,4,1.0
SPA_001382,115,18,MSaapp|ABarapapa|ABpraaapp|ABalppappp|ABalpppppp|ABplaapapp,6,1.0
SPA_001383,115,19,MSapap|ABpraapap|ABpraappa|ABplapaaap|MSapppp|Daaa|ABplppaaaa,7,1.0
SPA_001384,115,20,MSpapp|Daa|ABalaappp|ABalapppa|ABarpapap|MSpaaaa|ABalapappa|ABalpaappp|ABalpapaap|ABalpapapa|ABalppapap|ABalppppap|ABplaapaap|ABplpaaaaa|ABarppapaa|ABarppapap|ABplppappp,17,1.0
SPA_001385,115,21,Earp|MSaapap|ABarapappp|ABarpaapap|MSpapaap|MSpapapp|Earap,7,1.0
SPA_001386,115,22,Eplp|Capp|ABalapapp|ABplaaapa|ABaraaapap|ABaraapaap|ABaraappap|ABarapaaaa|MSaaaapp|Eplpa,10,1.0
SPA_001387,115,23,Caaaa|ABplappaa|ABarappppp,3,1.0
SPA_001388,115,24,Cpaap|ABpraaaaap|ABpraaaapa|ABprapppaa|ABprppappp,5,1.0
SPA_001389,115,25,Cppp|ABalapaap|ABalpapaa|ABalppaaa|ABplaaaaa|MSaaaaap,6,1.0
SPA_001390,115,26,Dap|Dpp|ABalaaaal|ABalapaaa|ABalpaaap|ABalpaapa|ABalaaaala|ABalaaapal|ABalapaaaa|ABalapaaap|ABalapaapa|ABalapapaa|ABalpaapaa|ABalppaaaa|ABarppappp|Capppa,16,1.0
SPA_001391,115,27,ABalaaapp|ABaraaaaa|ABalppaaap|ABalppaapa|ABalpppaaa,5,1.0
SPA_001392,115,28,ABalaapap|ABalaappa|ABaraaapa|ABarapaaa|ABalppaapp|ABalppapaa|ABalpppaap|ABalpppapa,8,1.0
SPA_001393,115,29,ABprpppp|ABalapapa|ABalpaapp|ABalpapap|ABaraaapaa|MSaaaaaa|MSaaaapa|Eplpp|Capppp,9,1.0
SPA_001394,115,30,ABalappap|ABaraaaap|ABalpaappa|ABalpapaaa|ABalppppaa|ABplaapaaa|MSapaaa|ABarppappa,8,1.0
SPA_001395,115,31,ABprpapp|ABalpappp|ABarpaapa|ABaraapapp|ABplaaaapa|MSaaapa|Capaap,7,1.0
SPA_001396,115,32,Cpapp|ABalpppaa|ABalapppaa|MSpaaaaa|Cppppp,5,1.0
SPA_001397,115,33,ABarapaap|ABpraaapa|ABalppappa|ABalpppppa|ABplaapapa|ABplpaaaap|ABplppappa,7,1.0
SPA_001398,115,34,ABarappaa|ABarapppa|ABplaappaa|ABplpaaapp|ABplpaappa,5,1.0
SPA_001399,115,35,ABarapppp|ABprpaaap|ABplaappap|ABplpaappp,4,1.0
SPA_001400,115,36,ABarpaaaa|ABalapapap|ABalpaapap|ABaraapaaa|ABplaaaaaa|MSaaapaa|MSaaaaa,7,1.0
SPA_001401,115,37,ABarpaaap|ABarapaapa|MSaaapap|MSaaaap|Eplap,5,1.0
SPA_001402,115,38,ABarpappa|ABalpapapp|ABplaaapap|ABplpapaaa|MSapapp|MSappaa|MSapppa|ABarppaaap|ABplppaapp,9,1.0
SPA_001403,115,39,ABplpaapp|ABpraaappa|ABpraapapa,3,1.0
SPA_001404,115,40,ABpraapa|ABplppaap|ABplppapa|ABarpappap|ABarpapppa|MSppppa|ABprppaaap,7,1.0
SPA_001405,115,41,MSpaap|ABprapaaa|ABplpapapp|MSaappp,4,1.0
SPA_001406,115,42,ABprapapa|Capap|MSapaaap,3,1.0
SPA_001407,115,43,ABprpaapa|ABprpapaa|ABplaapppa|ABplppapaa,4,1.0
SPA_001408,115,44,ABprpaapp|ABplaapppp|ABplppapap,3,1.0
SPA_001409,115,45,Caapa|ABprappppp|ABalappapa|ABalappapp|ABaraaaaap,5,1.0
SPA_001410,115,46,Caapp|ABprapapap|ABprappppa|ABalaapaaa,4,1.0
SPA_001411,115,47,Cpppa|Cappp|ABarpaaaaa,3,1.0
SPA_001412,115,48,ABalpappap|ABalpapppa|MSaapaaa|Capaaa,4,1.0
SPA_001413,115,49,ABpraaaaa|ABalpppapp|ABplpaapaa,3,1.0
SPA_001414,115,50,ABaraapppa|ABarapaapp|ABarapapaa,3,1.0
SPA_001415,115,51,ABarpppaa|ABplpappap|MSaappa,3,1.0
SPA_001416,115,52,ABpraaappp|ABpraapapp|ABprpaaapa|ABprpaapap,4,1.0
SPA_001417,115,53,ABprapapaa|ABprappapp|ABalaapapa,3,1.0
SPA_001418,115,54,ABprappaaa|ABprappapa|ABalaapapp,3,1.0
SPA_001419,115,55,Eara|ABprpapppa|MSpappp|Earaa,4,1.0
SPA_001420,115,56,ABplapapa|ABarappapp|MSpppap,3,1.0
SPA_001421,115,57,ABalppaa|Caaapp|Caappv|Cpapaa,4,1.0
SPA_001422,115,58,MSpaaa|ABplppppap|Dapp,3,1.0
SPA_001423,115,59,ABpraaaapp|ABprpaapaa|ABprppappa,3,1.0
SPA_001424,115,60,ABarpppapp|Cppaa|MSpaapaa,3,1.0
SPA_001425,115,61,ABarapaaap|MSpaapa|Eprap,3,1.0
SPA_001426,116,0,ABalaaap|Cpaapp|Cpappd|ABalappaaa|ABaraaaaaa,5,1.0
SPA_001427,116,1,ABalappa|ABplpaaa|ABprpppppp|ABaraaaapp,4,1.0
SPA_001428,116,2,ABalpapp|ABprpppaa|ABplapppaa,3,1.0
SPA_001429,116,3,ABalppap|ABplpppppp|Cappap,3,1.0
SPA_001430,116,4,ABaraapa|ABprapppa|ABprpppap|ABplapppap,4,1.0
SPA_001431,116,5,ABaraapp|ABprppppa|ABarppaapp,3,1.0
SPA_001432,116,6,ABarpapa|ABarppppap|Dppp|MSppapaa,4,1.0
SPA_001433,116,7,ABarpapp|ABarppaa|ABpraaap|ABplapapp|ABplapppa|ABplpppap|ABarppppaa|ABprapaaap|ABprapaapa|ABprppaapp|ABprppapap|ABprppappa,12,1.0
SPA_001434,116,8,ABarppap|ABprpapaap|MSpppap|MSppppp,4,1.0
SPA_001435,116,9,ABarpppa|ABpraapa|ABpraapppa|ABprapaaaa|ABprppapaa,5,1.0
SPA_001436,116,10,ABarpppp|ABpraapp|ABplaappp|ABplppaaa|ABarpappap|MSppppa,6,1.0
SPA_001437,116,11,ABplapaa|ABplapppp|ABprapaapp|ABprppappp,4,1.0
SPA_001438,116,12,ABplapap|ABplappap|ABplppapp|ABplpppaa|ABarpapppp|ABprpapapa|ABprppaapa|Dpaa,8,1.0
SPA_001439,116,13,ABplappp|Epra|ABplaaapp|ABaraapppp|ABarapappa|ABarappaaa|ABarpapapp|Earpp|Epraa,9,1.0
SPA_001440,116,14,ABplpapp|MSappa|MSpapa|ABarapapp|ABarpappp|ABplaaappp|ABplapaaaa|ABplpapaap|ABplpapapa|MSappap|ABplppaapa,11,1.0
SPA_001441,116,15,ABplpppp|ABalapppp|ABaraappp|MSpaaap|ABalapappp|ABplaaapaa,6,1.0
SPA_001442,116,16,ABprapaa|ABpraappap|ABprpaaapp|ABprpaappa,4,1.0
SPA_001443,116,17,ABprappp|Cpapa|ABplaapaa|ABplpaaaa|ABalaaappr|ABalaappaa|ABalaappap|ABalaapppp|ABalappapp|ABarpppppp|Cpppap|Cppppa,12,1.0
SPA_001444,116,18,ABprpapp|ABalpappp|ABarpaapa|ABaraapapp|ABarapaapa|MSaaapap|MSaaapp|MSaaapa|Eplap|Capaap,10,1.0
SPA_001445,116,19,ABprpppp|ABalapapa|ABalpaapp|ABalpapap|ABaraaapaa|MSaaaaaa|MSaaaapa|Eplpp|Capppp,9,1.0
SPA_001446,116,20,MSaaaa|ABprappap|ABplpppapa,3,1.0
SPA_001447,116,21,MSaapa|ABprpaapa|ABprpapaa|ABplaapppa|ABplpaappp|ABplppapaa,6,1.0
SPA_001448,116,22,MSaapp|ABarapapa|ABarappaa|ABarapppa|ABpraaapp|ABpraapaa|ABalppappp|ABalpppppp|ABplaapapp|ABplaappaa|ABplpaaapp|ABplpaappa,12,1.0
SPA_001449,116,23,MSapap|ABpraappa|ABplapaaap|Daaa|ABplppaaaa,5,1.0
SPA_001450,116,24,MSappp|ABarpaapp|MSpapaa|ABalpapppp|MSaapapa,5,1.0
SPA_001451,116,25,MSpaap|ABprapaaa|ABprpappa,3,1.0
SPA_001452,116,26,MSppap|MSaapapp|MSaappa,3,1.0
SPA_001453,116,27,MSpppp|Capa|ABalpaaaap|ABalpaaapa|ABaraapapa|Capapa,6,1.0
SPA_001454,116,28,Earp|MSaapap|ABarapappp|ABarpaapap|MSpapaap|MSpapapa|Earap,7,1.0
SPA_001455,116,29,ABplpppa|MSpppa|Epla|MSaapaa|ABplaaaapp|MSaapaap|Ealaa|Eplaa,8,1.0
SPA_001456,116,30,Eplp|Capp|ABalapapp|ABplaaapa|ABaraaapap|ABaraapaap|ABaraappap|ABarapaaaa|ABarpaaaap|MSaaaapp|Eplpa,11,1.0
SPA_001457,116,31,ABprappa|Caaap|ABplaapap|ABplaappa|ABalappppa|ABarapppaa|ABprpaaaaa|MSppapa|ABarpppppa|Cppapa,10,1.0
SPA_001458,116,32,ABprpppa|Cpapp|ABalppaap|ABalpppaa|ABalapppaa|ABarpaaaaa|MSpaaaaa|Cppppp,8,1.0
SPA_001459,116,33,Cppp|ABalppaaa|ABplaaaaa,3,1.0
SPA_001460,116,34,MSpapp|Daa|ABalaappp|ABaraappa|ABarpapap|MSpaaaa|ABalapappa|ABalpaappp|ABalpapaap|ABalppapap|ABalppppap|ABplaaaaap|ABplaapaap|ABplpaaaaa|MSapaap|MSapapa|ABarppapap|ABplppappp,18,1.0
SPA_001461,116,35,Cppa|Dpp|ABalapaaa|ABalpaaap|ABalpaapa|ABalaaaala|ABalaaapal|ABalapaaaa|ABalapaaap,9,1.0
SPA_001462,116,36,ABalaaapp|ABalppaapa|ABalpppaaa,3,1.0
SPA_001463,116,37,ABalaapap|ABalaappa|ABaraaapa|ABarapaaa|ABalppaapp|ABalppapaa|ABalpppaap|ABalpppapa,8,1.0
SPA_001464,116,38,ABalappaa|ABalaaaalp|ABalapaapa|ABalppaaaa,4,1.0
SPA_001465,116,39,Dpa|ABalappap|ABaraaaap|ABarpapaa|ABalapaapp|ABalpaappa|ABalpapaaa|ABalppppaa|ABplaapaaa|MSapaaa|ABarppappa,11,1.0
SPA_001466,116,40,ABalpaaaa|ABaraaaaa|ABalppaaap,3,1.0
SPA_001467,116,41,ABalpappa|MSaaaap|Capapp,3,1.0
SPA_001468,116,42,ABprppap|ABalpppap|ABplaaaap|ABplpaaap|ABalapppap|ABaraaappa|ABaraappaa|ABarpapaaa|MSpaaaap|MSpaaapa|Cppapp,11,1.0
SPA_001469,116,43,ABalppppa|ABplpaapa|ABpraaapaa|Cpppaa,4,1.0
SPA_001470,116,44,ABalppppp|ABplpapap|ABalappppp|ABarapppap|MSppaap|MSppapp,6,1.0
SPA_001471,116,45,ABaraaapp|ABpraaaaa|ABalpppapp|ABplpaapaa,4,1.0
SPA_001472,116,46,ABarapaap|ABpraaapa|ABalppappa|ABalpppppa|ABplaapapa|ABplpaaaap,6,1.0
SPA_001473,116,47,ABarpaaaa|ABalapapaa|ABalapapap|ABalpaaaaa|ABalpaapap|ABplaaaaaa|MSaaapaa,7,1.0
SPA_001474,116,48,ABarpappa|ABplaaapap|ABplpapaaa|MSapapp|MSappaa|MSapppa|ABplppaapp,7,1.0
SPA_001475,116,49,ABplpaapp|ABarappppa|ABpraaappa|ABpraapapa,4,1.0
SPA_001476,116,50,ABplppaap|ABplppapa|ABarpapppa,3,1.0
SPA_001477,116,51,ABpraaaap|ABprpaaaa|ABplpaaapa|ABplpaapap,4,1.0
SPA_001478,116,52,ABprapapa|Caaaaa|Capap|Cappaa,4,1.0
SPA_001479,116,53,ABprapapp|ABplpppapp|Caaaap|MSapaaaa,4,1.0
SPA_001480,116,54,ABprappaa|ABprppaap|ABplapaapp|ABplappaap,4,1.0
SPA_001481,116,55,ABprapppp|ABplappppp|Caaapa,3,1.0
SPA_001482,116,56,ABprppaaa|ABplaapppp|ABplppapap,3,1.0
SPA_001483,116,57,ABaraapppa|ABarapaapp|ABarapapaa,3,1.0
SPA_001484,116,58,ABarppaaap|ABplppppaa|Daap|MSapapap,4,1.0
SPA_001485,116,59,ABaraaaa|ABplapappa|ABplappppa,3,1.0
SPA_001486,116,60,ABplpapa|ABpraappp|ABplpppaaa|Dapa,4,1.0
SPA_001487,116,61,ABprapap|ABpraaapap|ABpraapaap,3,1.0
SPA_001488,116,62,Cpaaa|ABpraaappp|ABpraapapp|ABprpaaapa|ABprpaapap,5,1.0
SPA_001489,116,63,Caapp|ABprapapaa|ABprappapp|ABprappppa|ABalaapapa,5,1.0
SPA_001490,116,64,ABarpaaa|ABprappaaa|ABprappapa|ABalaapapp,4,1.0
SPA_001491,116,65,Caapa|ABprappppp|ABaraaaaap,3,1.0
SPA_001492,116,66,ABplppppa|ABprpapapp|Dpap|Dppa|MSppapap,5,1.0
SPA_001493,116,67,ABalappp|ABprpapppp|ABarpaaapa,3,1.0
SPA_001494,116,68,ABalapaap|ABalpapaa|MSaaaaap,3,1.0
SPA_001495,116,69,Eala|ABplpapapp|MSaappp,3,1.0
SPA_001496,116,70,ABarapaaap|MSpaapa|Eprap,3,1.0
SPA_001497,116,71,ABarppaap|ABarpaappa|MSpapapp,3,1.0
SPA_001498,116,72,Caaapp|Caappv|Cpapaa,3,1.0
SPA_001499,116,73,ABplaaap|Cappa|ABalaapaap|MSppaaaa,4,1.0
SPA_001500,116,74,Cpappv|ABalappaap|ABaraaaapa,3,1.0
SPA_001501,116,75,Dap|MSaaaaa|ABarppappp|Capppa,4,1.0
SPA_001502,116,76,ABpraaaaap|ABpraaaapa|ABprapppaa,3,1.0
SPA_001503,116,77,ABarpppapp|ABprppppap|MSpaapaa,3,1.0
SPA_001504,116,78,Eara|ABprpapppa|MSpappp|Earaa,4,1.0
SPA_001505,117,0,ABalaaap|ABalappaaa|ABaraaaaaa,3,1.0
SPA_001506,117,1,ABalappa|ABplpaaa|ABprpppppp|ABaraaaapp,4,1.0
SPA_001507,117,2,ABalpapp|ABprpppaa|ABplapppaa,3,1.0
SPA_001508,117,3,ABalppap|ABplpppppp|Cappap,3,1.0
SPA_001509,117,4,ABaraapa|ABprapppa|ABprpppap,3,1.0
SPA_001510,117,5,ABaraapp|MSapaa|ABprppapa|ABprppppa,4,1.0
SPA_001511,117,6,ABarpaaa|ABprappaaa|ABprappapa|ABprapppaa|ABalaapapp,5,1.0
SPA_001512,117,7,ABarpapa|ABprpppaaa|Dppp|MSppaaap|MSppapaa,5,1.0
SPA_001513,117,8,ABarpapp|ABplapppa|ABplpppap|ABarppppaa|ABprapaapa|ABprppappa,6,1.0
SPA_001514,117,9,ABarppap|ABprpapaap|MSpppap|MSppppp,4,1.0
SPA_001515,117,10,ABarpppa|ABpraapa|ABplppapp|ABplpppaa|ABpraapppa|ABprapaaaa|ABprppaapa|ABprppapaa,8,1.0
SPA_001516,117,11,ABarpppp|ABpraapp|ABplaappp|ABplppaaa|ABarappppp|ABprppaaaa,6,1.0
SPA_001517,117,12,ABplaaap|ABprapppap|Cappa|ABalaapaap,4,1.0
SPA_001518,117,13,ABplapap|ABprpapapa|Dpaa,3,1.0
SPA_001519,117,14,ABplappp|Epra|ABplaaapp|ABarappaaa,4,1.0
SPA_001520,117,15,ABplpapp|MSappa|MSpapa|ABarpappp|ABplapaaaa|ABplpapaap|ABplpapapa|MSappap|ABplppaapa,9,1.0
SPA_001521,117,16,ABplpppp|ABalapppp|ABaraappp|MSpaaap|ABalapappp|ABplaaapaa|MSapapp|MSappaa|MSpaapa|ABarppapaa|ABplppaapp,11,1.0
SPA_001522,117,17,ABpraaap|ABplapapp|ABplppppp,3,1.0
SPA_001523,117,18,ABprapaa|ABpraappap|ABprpaaapp|ABprpaappa,4,1.0
SPA_001524,117,19,ABprapap|ABpraaapap|ABpraapaap|ABprpaapaa,4,1.0
SPA_001525,117,20,ABprappa|Caaap|ABalppppa|ABalppppp|ABplaappa|ABplpaapa|ABarapppap|ABarpapaap|ABpraaapaa|ABprpaaaaa|MSppapa|Cppapa|Cpppaa,13,1.0
SPA_001526,117,21,ABprappp|ABprpppa|ABplaapaa|ABplpaaaa|ABalaappaa|ABalappapp|Cppppa,7,1.0
SPA_001527,117,22,ABprpapp|ABalpappp|ABarpaapa|ABaraapapp,4,1.0
SPA_001528,117,23,ABprppap|Eprp|MSpaaapa|MSpaapaa|Eprpa,5,1.0
SPA_001529,117,24,ABprpppp|ABalapapa|ABalpaapp|ABalpapap|ABaraaapaa|MSaaaaaa|MSaaaapa|Eplpp|Capppp,9,1.0
SPA_001530,117,25,MSaapa|ABprpaapp|ABprpapaa|ABprppaaa|ABplaapppa|ABplaapppp|ABplppapaa|ABplppapap|ABplppappa,9,1.0
SPA_001531,117,26,MSaapp|ABarappaa|ABpraaapp|ABpraapaa|ABalppappp|ABalpppppp|ABplaappaa|ABplpaaapp|ABplpaappa,9,1.0
SPA_001532,117,27,MSapap|MSpaap|ABprapaaa|ABprpappa|ABplapaaap|ABplpapapp|MSaappp|Daaa|ABplppaaaa,9,1.0
SPA_001533,117,28,MSpapp|Daa|ABalaappp|ABaraappa|ABarapaap|ABarpapap|ABpraaapa|MSpaaaa|ABalapappa|ABalpaappp|ABalpapaap|ABalppapap|ABalppappa|ABalppppap|ABalpppppa|ABplaapaap|ABplaapapa|ABplpaaaaa|ABplpaaaap|MSapaap|MSapapa|ABarppapap,22,1.0
SPA_001534,117,29,MSppap|MSaapapp|MSaappa,3,1.0
SPA_001535,117,30,MSpppp|Capa|ABalapppa|ABalpappa|ABarpaaap|MSaaaap|MSaaapa|ABalpaaaap|ABalpaaapa|ABaraapapa|ABarapaapa|Capapa|Capapp,13,1.0
SPA_001536,117,31,Earp|MSaapap|MSpapaap|MSpapapa,4,1.0
SPA_001537,117,32,Epla|MSaaapp|MSaapaa|MSaapaaa,4,1.0
SPA_001538,117,33,Eplp|Capp|ABaraaapap|ABaraapaap|ABarpaaaap|Eplpa,6,1.0
SPA_001539,117,34,Cpapa|ABalaappap|ABalaapppp,3,1.0
SPA_001540,117,35,Cpapp|ABalppaap|ABalpppaa|ABalapppaa|ABarpaaaaa|MSpaaaaa|Cppppp,7,1.0
SPA_001541,117,36,Cpppa|Cpppp|ABalppaaa|ABplaaaaa,4,1.0
SPA_001542,117,37,Cppa|Dap|Dpp|ABalapaaa|ABalpaaap|ABalpaapa|ABarpaaaa|ABalaaaala|ABalaaapal|ABalapaaaa|ABalapaaap|ABalapapaa|ABalpaaaaa|ABalpaapaa|ABalpaapap|ABaraapaaa|MSaaapaa|ABarppappp|Capppa,19,1.0
SPA_001543,117,38,Dpa|ABalappap|MSaaaaa|ABarppappa,4,1.0
SPA_001544,117,39,ABalaaapp|ABalppaapa|ABalpppaaa,3,1.0
SPA_001545,117,40,ABalaapap|ABalaappa|ABaraaapa|ABarapaaa|ABalppaapp|ABalppapaa|ABalpppaap,7,1.0
SPA_001546,117,41,ABalpaaaa|ABaraaaaa|ABalppaaap,3,1.0
SPA_001547,117,42,ABalpppap|ABplpaaap|ABalapppap|ABaraaappa|ABaraappaa|ABarpapaaa|MSpaaaap|MSppaaa|Eprpp|Cppapp|Cpppap,11,1.0
SPA_001548,117,43,ABaraaaap|ABaraapaa|ABarpapaa|ABalapaapp|ABalpaappa|ABalpapaaa|ABalppppaa|ABplaapaaa|MSapaaa,9,1.0
SPA_001549,117,44,ABaraaapp|ABpraaaaa|ABalpppapp|ABplpaapaa,4,1.0
SPA_001550,117,45,ABarpappa|ABplpapaaa|MSapppa,3,1.0
SPA_001551,117,46,ABplaapap|ABalappppa|ABarapppaa,3,1.0
SPA_001552,117,47,ABplapaa|ABplapppp|ABprapaapp|ABprppappp,4,1.0
SPA_001553,117,48,ABplpaapp|ABpraaappa|ABpraapapa,3,1.0
SPA_001554,117,49,ABplpapap|ABalappppp|MSppapp|Cppaaa,4,1.0
SPA_001555,117,50,ABplappaa|ABplppaap|ABplppapa|ABarpapppa|ABprpaappp|ABprppaaap,6,1.0
SPA_001556,117,51,ABpraaaap|ABprpaaaa|ABplpaaapa|ABplpaapap,4,1.0
SPA_001557,117,52,Caapp|ABprapapaa|ABprapapap|ABprappapp|ABprappppa|ABalaapaaa|ABalaapapa,7,1.0
SPA_001558,117,53,ABalpappap|ABalpapppa|Capaaa,3,1.0
SPA_001559,117,54,ABalppapp|ABaraapppa|ABarapaapp|MSpaaapp,4,1.0
SPA_001560,117,55,ABarapaaaa|ABarpaaapa|MSaaaapp|MSaaapap|Eplap,5,1.0
SPA_001561,117,56,ABplaaaa|ABarpppppp|ABaraaaaap,3,1.0
SPA_001562,117,57,MSpapaa|ABplaaappa|ABplpappaa|Ealpa,4,1.0
SPA_001563,117,58,Cpaap|ABpraaaaap|ABpraaaapa,3,1.0
SPA_001564,117,59,Cpaaa|ABpraaappp|ABpraapapp|ABprpaaapa|ABprpaapap,5,1.0
SPA_001565,117,60,ABarppaa|ABplappap|ABprapaaap,3,1.0
SPA_001566,117,61,ABarappppa|ABarpappaa|ABprpaaaap,3,1.0
SPA_001567,117,62,ABalapaap|ABalpapaa|MSaaaaap,3,1.0
SPA_001568,117,63,ABplpppa|Ealp|ABarapapap|ABplaaaapp|MSaapaap|Ealaa|Eplaa,7,1.0
SPA_001569,117,64,MSpppa|ABalpapppp|MSaapapa,3,1.0
SPA_001570,117,65,ABprppaa|MSpaapap|Eprap,3,1.0
SPA_001571,117,66,ABprapppp|ABplappppp|Caaapa,3,1.0
SPA_001572,117,67,MSpaaa|ABprapapa|Cappaa|MSapapaa,4,1.0
SPA_001573,117,68,ABplpapa|ABplapaapa|Dapa,3,1.0
SPA_001574,117,69,ABplpppapp|Caaaap|MSapaaaa,3,1.0
SPA_001575,117,70,ABplppppa|Dppa|MSppapap,3,1.0
SPA_001576,117,71,ABaraapppp|Earaa|Earpp,3,1.0
SPA_001577,118,0,ABalappa|ABplpaaa|ABprpppppp|ABaraaaapp,4,1.0
SPA_001578,118,1,ABalpapp|ABprpppaa|ABarppaapp|ABarppapap|ABplappapa|ABplapppaa,6,1.0
SPA_001579,118,2,ABalpppa|ABarppppp|ABplpppppa,3,1.0
SPA_001580,118,3,ABaraaapa|ABplappppp|Caaapa,3,1.0
SPA_001581,118,4,ABalpapa|ABaraapa|ABprapppa|ABprpppap|ABplapapaa|ABplappapp,6,1.0
SPA_001582,118,5,ABarpaaa|ABplapaa|ABplapppp|ABprappaaa|ABprappapa|ABprapppaa|ABprppappp|ABalaapapp,8,1.0
SPA_001583,118,6,ABarpapa|ABpraaaa|ABprpppaaa|Cppaa|Dppp|MSppaaap|MSppapaa,7,1.0
SPA_001584,118,7,ABarpapp|ABplapppa|ABplpppap|ABarppppaa|ABprapaapa|ABprppappa,6,1.0
SPA_001585,118,8,ABarppaa|ABplppapp|ABplpppaa|ABprppaapa|ABprppapap,5,1.0
SPA_001586,118,9,ABarppap|ABplappaa|ABplppaap|ABplppapa|ABarpapppa,5,1.0
SPA_001587,118,10,ABarpppa|ABpraapa|ABpraapppa|ABprapaaaa|ABprppapaa,5,1.0
SPA_001588,118,11,ABarpppp|ABpraapp|ABplaappp|ABplppaaa|ABarpappap|MSppppa,6,1.0
SPA_001589,118,12,ABplaaap|ABarpppppa|ABprapppap|Cappa|ABalaapaap|MSppaaaa,6,1.0
SPA_001590,118,13,ABplapap|ABarpapppp|ABprpapapa|Dpaa,4,1.0
SPA_001591,118,14,ABplappp|Epra|ABplaaapp|ABaraapppp|ABarapappa|ABarappaaa|ABarappaap|ABarpapapp|Earaa|Earpp,10,1.0
SPA_001592,118,15,ABprapaa|ABprpaaapp|ABprpaappa,3,1.0
SPA_001593,118,16,ABprapap|ABpraaapap|ABprpaapaa,3,1.0
SPA_001594,118,17,ABprappp|ABplaapaa|ABplpaaaa|ABalaaappr|ABalaappaa|ABalaapppa|ABalappapp|Cppppa,8,1.0
SPA_001595,118,18,ABprpapp|Ealp|Epla|MSaaapp|MSaapaa|ABarapapap|ABarpaaapp|ABplaaaapp|MSaapaaa|MSaapaap|Ealaa,11,1.0
SPA_001596,118,19,ABprppap|Eprp|Caapp|ABalpppap|ABplpaaap|ABalapppap|ABaraaaaap|ABaraaappa|ABaraaappp|ABaraappaa|ABarpapaaa|MSpaaaap|MSpaaapa|MSpaapaa|MSppaaa|Eprpa|Eprpp|Cppapp,18,1.0
SPA_001597,118,20,MSaaap|ABplapaapa|ABplppaapp|Dapa,4,1.0
SPA_001598,118,21,MSaapa|ABprpapaa|ABplaapppa,3,1.0
SPA_001599,118,22,MSaapp|ABpraaapp|ABpraapaa|ABalppappp|ABalpppppp|ABplaapapp|ABplaappaa|ABplpaaapp|ABplpaappa,9,1.0
SPA_001600,118,23,MSapaa|ABprppapa|ABarppaapa,3,1.0
SPA_001601,118,24,MSapap|MSpaap|ABprapaaa|ABprpappa|ABplapaaap|MSapppp|Daaa|ABplppaaaa,8,1.0
SPA_001602,118,25,MSpaaa|ABarppppa|ABplppppap|Capaa|Dapp|MSapappa,6,1.0
SPA_001603,118,26,MSpapp|Daa|ABalaappp|ABarpapap|ABpraaaaa|MSpaaaa|ABalppapap|ABalpppapp|ABalppppap|ABplaapaap|ABplpaaaaa|ABplpaapaa,12,1.0
SPA_001604,118,27,ABplpppa|MSpppa|ABarpaapp|MSpapaa|ABalpapppp|MSaapapa,6,1.0
SPA_001605,118,28,MSpppp|Eplp|Capp|ABarpaaap|MSaaaap|ABaraaapap|ABaraapaap|ABarapaapa|ABarpaaapa|MSaaaapp|MSaaapap|Eplpa,12,1.0
SPA_001606,118,29,Earp|ABarpaapap|MSpapaap,3,1.0
SPA_001607,118,30,Caaap|ABplaappa|ABarappppa|ABprpaaaaa|ABprpaaaap,5,1.0
SPA_001608,118,31,Caapa|ABplaapap|ABarapppaa|MSppapa|Cppapa,5,1.0
SPA_001609,118,32,Capa|ABalapppa|ABaraapap|MSaaapa|ABalpaaaap|ABalpaaapa|ABaraapapa|Capapa,8,1.0
SPA_001610,118,33,Cpapa|ABalaappap|ABalaapppp,3,1.0
SPA_001611,118,34,Cpapp|Cpppa|Cpppp|ABalppaaa|ABalppaap|ABalpppaa|ABplaaaaa|ABalapppaa|ABaraaaaaa|ABarpaaaaa|MSpaaaaa|Cppppp,12,1.0
SPA_001612,118,35,Cppa|Dap|Dpp|ABalaaaal|ABalapaaa|ABalpaapa|ABalaaaala|ABalaaapal|ABalapaaaa|ABalapaaap|ABalpaapaa,11,1.0
SPA_001613,118,36,ABalaapap|ABarapaaa|ABalppaapp|ABalppapaa|ABalpppaap,5,1.0
SPA_001614,118,37,ABalapapp|ABaraappap|ABarapaaaa,3,1.0
SPA_001615,118,38,ABalappaa|ABalpaaap|MSaaaaa|ABalapaapa|ABalapapaa|ABalpaaaaa|ABalpaapap|ABalppaaaa|MSaaapaa|ABarppappp|Capppa,11,1.0
SPA_001616,118,39,MSappp|ABalapppp|ABaraappp|MSpaaap|ABalapappp|ABalpappap|ABalpapppa|ABplaaapaa|MSapapp|MSappaa|MSpaapa|Capaaa,12,1.0
SPA_001617,118,40,ABalpaapp|MSaaaapa|Eplpp,3,1.0
SPA_001618,118,41,ABalaappa|ABaraaaap|ABalppppaa|ABplaapaaa,4,1.0
SPA_001619,118,42,ABaraappa|ABalapappa|ABalpaappp|ABalpapaap|MSapaap|MSapapa,6,1.0
SPA_001620,118,43,ABarapaap|ABpraaapa|ABalppappa|ABalpppppa|ABplaapapa|ABplpaaaap,6,1.0
SPA_001621,118,44,ABarpappa|ABalpapapa|ABplpapaaa|MSapppa,4,1.0
SPA_001622,118,45,ABarppaaa|ABarapappp|MSpaapp,3,1.0
SPA_001623,118,46,ABplaaapa|ABaraapppa|ABarapaapp|MSpaaapp,4,1.0
SPA_001624,118,47,ABplapaaa|ABplpapap|ABalappppp|ABarappapa|MSppapp|Cppaaa,6,1.0
SPA_001625,118,48,ABplpaapp|ABpraaappa|ABpraapapa,3,1.0
SPA_001626,118,49,ABpraaap|ABplapapp|ABplppppp,3,1.0
SPA_001627,118,50,ABprappaa|ABarppapaa|ABplappaap|ABplppappp,4,1.0
SPA_001628,118,51,ABarpapaa|ABalpaappa|ABalpapaaa,3,1.0
SPA_001629,118,52,ABprpppp|ABalapapa|ABaraaapaa|MSaaaaaa,4,1.0
SPA_001630,118,53,ABalpappp|ABarpaapa|ABaraapapp,3,1.0
SPA_001631,118,54,ABprpaapp|ABprppaaa|ABplaapppp|ABplppapap,4,1.0
SPA_001632,118,55,ABpraaaap|ABplpaaapa|ABplpaapap,3,1.0
SPA_001633,118,56,ABalppppa|ABpraaapaa|ABpraapaaa,3,1.0
SPA_001634,118,57,ABprapapaa|ABprappapp|ABalaapapa,3,1.0
SPA_001635,118,58,Cpaaa|ABprpaaapa|ABprpaapap,3,1.0
SPA_001636,118,59,ABarappapp|ABprpapaap|MSpppap|MSppppp,4,1.0
SPA_001637,118,60,ABplppppa|ABprpapapp|Dpap|Dppa|MSppapap,5,1.0
SPA_001638,118,61,ABarppaaaa|ABplpapapp|MSaappp,3,1.0
SPA_001639,118,62,ABplaaappa|ABplpappaa|Ealpa,3,1.0
SPA_001640,118,63,ABarpppap|Ealpp|MSapappp,3,1.0
SPA_001641,118,64,Caaapp|Caappv|Cpapaa,3,1.0
SPA_001642,118,65,ABprapapa|Capap|Cappaa,3,1.0
SPA_001643,118,66,ABalppap|Cappap|MSapaaap,3,1.0
SPA_001644,118,67,ABalaaap|Cpapap|Cpappd|ABalappaaa,4,1.0
SPA_001645,118,68,Cpaapp|Cpappv|ABalappaap,3,1.0
SPA_001646,118,69,ABplpppapp|Caaaap|MSapaaaa,3,1.0
SPA_001647,118,70,ABplpapa|ABarppaaap|MSapapap,3,1.0
SPA_001648,118,71,ABplappa|Earap|Earpa,3,1.0
SPA_001649,119,0,ABalappa|ABplpaaa|ABprpppppp|ABaraaaapp,4,1.0
SPA_001650,119,1,ABalpapp|ABaraapap|ABaraappa|MSaaaa|ABprappap|ABprpppaa|ABarppaapp|ABarppapap|ABplapppaa,9,1.0
SPA_001651,119,2,ABalppap|Cappap|MSapaaap,3,1.0
SPA_001652,119,3,ABalpppa|ABarppppp|ABplpppppa,3,1.0
SPA_001653,119,4,ABaraaapp|ABarapaa|ABprapapp|ABplpppapp|Caaaap|Cappp|MSapaaaa,7,1.0
SPA_001654,119,5,ABarpaaa|ABprappaaa|ABprapppaa,3,1.0
SPA_001655,119,6,ABarppap|ABplappaa|ABplppaap|ABplppapa|ABarpapppa|ABprppapaa,6,1.0
SPA_001656,119,7,ABarpppa|ABpraapa|ABpraapppa|ABprapaaaa,4,1.0
SPA_001657,119,8,ABarpppp|ABpraapp|ABplppaaa|ABarpappap,4,1.0
SPA_001658,119,9,ABplappa|MSpapapa|Earpa,3,1.0
SPA_001659,119,10,ABplappp|Epra|ABplaaapp|ABarapappa|ABarappaaa|Earaa,6,1.0
SPA_001660,119,11,ABplpapp|MSappa|ABarpappp|ABplapaaaa|ABplpapapa|MSappap,6,1.0
SPA_001661,119,12,ABprapaa|ABprpaaapp|ABprpaappa,3,1.0
SPA_001662,119,13,ABprapap|ABpraaapap|ABpraapaap|ABprpaapaa,4,1.0
SPA_001663,119,14,ABprappp|Cpapa|ABalaaappr|ABalaapapa|ABalaappaa|ABalaappap|ABalaapppa|ABalaapppp|ABalappapp|ABpraaaaaa|Cppppa,11,1.0
SPA_001664,119,15,ABprpappa|Ealp|MSaaapp|ABalpappap|ABalpapppa|ABarapapap|ABplaaaapp|MSaapaaa|MSaapaap|Ealaa,10,1.0
SPA_001665,119,16,ABprpappp|MSpppp|ABarpaaap|MSaaaap|ABarapaapa|ABarpaaapa|MSaaaapp|MSaaapap,8,1.0
SPA_001666,119,17,ABprppap|ABprpppa|Eprp|Caapp|ABalpppap|ABplaapaa|ABplpaaaa|ABalapppap|ABaraaappa|ABaraaappp|ABaraappaa|ABarpapaaa|MSpaaaap|MSppaaaa|MSppaaap|Eprpa|Eprpp|Cppapp,18,1.0
SPA_001667,119,18,MSaaap|ABpraappp|ABplapaapa|ABplppaapp|ABplpppaaa|Dapa,6,1.0
SPA_001668,119,19,MSaapa|ABpraappa|ABprpapaa|ABplaapppa|ABplppaapa|ABplppapaa|ABplppaaap,7,1.0
SPA_001669,119,20,MSaapp|ABpraapaa|ABalppappp|ABalpppppp|ABplaappaa|ABplpaaapp,6,1.0
SPA_001670,119,21,MSapap|ABprapaaa|Daaa|ABplppaaaa,4,1.0
SPA_001671,119,22,MSpaaa|ABplppppap|Capaa|Dapp|MSapappa,5,1.0
SPA_001672,119,23,MSpapp|Daa|ABalaappp|ABarapaap|ABarpapap|MSpaaaa|ABalppapap|ABalppppap|ABplaapaap|ABplpaaaaa|MSppaaa,11,1.0
SPA_001673,119,24,MSpppa|ABarpaapp|MSpapaa|ABalpapppp|MSaapapa,5,1.0
SPA_001674,119,25,Eara|ABarppapa|Earpp,3,1.0
SPA_001675,119,26,Earp|ABarapappp|MSpapaap,3,1.0
SPA_001676,119,27,Epla|ABalpappp|MSaapaa|ABaraapapp,4,1.0
SPA_001677,119,28,Eplp|Capp|ABalapapp|ABaraaapap|ABaraappap|ABarapaaaa|ABarpaaaap|Eplpa,8,1.0
SPA_001678,119,29,Caaap|ABplaappa|ABarappppa|ABprpaaaap,4,1.0
SPA_001679,119,30,ABprappa|Caapa|ABplaapap|ABplpapaa|ABarapppap|ABarpapaap|ABprpaaaaa|MSppapa|Cppapa,9,1.0
SPA_001680,119,31,Cppa|ABalaaapar|ABalapaaaa,3,1.0
SPA_001681,119,32,Cpapp|Cpppp|ABalppaap|ABalpppaa|ABalapppaa|ABaraaaaap|ABarpaaaaa|MSpaaaaa|Cppppp,9,1.0
SPA_001682,119,33,Dap|Dpp|ABalaaaal|ABalapaaa|ABalpaapa|ABalaaapal|ABalapaaap|ABalpaapaa|ABarppappp,9,1.0
SPA_001683,119,34,ABalaapap|ABarapaaa|ABalppaapp|ABalppapaa|ABalpppaap,5,1.0
SPA_001684,119,35,ABalaappa|ABarpapaa|ABalapaapp|ABalpaappa|ABalpapaaa|ABalppppaa|ABplaapaaa|MSapaaa,8,1.0
SPA_001685,119,36,ABprpppp|ABalapapa|ABaraaapaa|MSaaaaaa,4,1.0
SPA_001686,119,37,ABalappaa|ABalapaapa|ABalppaaaa,3,1.0
SPA_001687,119,38,Capa|ABalapppa|MSaaapa|ABalpaaaap|ABalpaaapa|ABaraapapa|ABplaaaaap|Capaap|Capapa,9,1.0
SPA_001688,119,39,ABplpppp|ABalapppp|MSpaaap|ABalapappp|ABplaaapaa|MSapapp|MSpaapa|Capaaa,8,1.0
SPA_001689,119,40,ABalpaapp|MSaaaapa|Eplpp,3,1.0
SPA_001690,119,41,ABalppapa|ABplaaaap|ABarpapapa|MSpaaapa|MSpaapaa,5,1.0
SPA_001691,119,42,ABalppppa|ABplpaaap|ABplpaapa|ABpraaapaa,4,1.0
SPA_001692,119,43,ABalappap|ABarpaaaa|MSaaaaa|ABalapapaa|ABalpaaaaa|ABalpaapap|ABaraapaaa|ABplaaaaaa|MSaaapaa|Capppa,10,1.0
SPA_001693,119,44,ABarpappa|ABalpapapa|ABplpapaaa|MSapppa,4,1.0
SPA_001694,119,45,ABalppppp|ABplapaaa|ABplpapap|ABalappppp|ABarappapa|ABarpappaa|MSppapp|Cppaaa,8,1.0
SPA_001695,119,46,ABplapppa|ABplpppap|ABarppppaa|ABprapaapa|ABprppappa,5,1.0
SPA_001696,119,47,ABplpaapp|ABpraaappa|ABpraapapa,3,1.0
SPA_001697,119,48,ABplappap|ABplppapp|ABplpppaa|ABprapaaap|ABprppaapa,5,1.0
SPA_001698,119,49,ABpraaaaa|ABalpppapp|ABplpaapaa,3,1.0
SPA_001699,119,50,ABpraaapa|ABalppappa|ABalpppppa|ABplaapapa|ABplpaaaap,5,1.0
SPA_001700,119,51,ABprapapa|Capap|Cappaa|MSapapaa,4,1.0
SPA_001701,119,52,ABprappaa|ABarppapaa|ABplappaap|ABplppappp,4,1.0
SPA_001702,119,53,ABalpapa|ABprapppa|ABprpppap|ABplapapaa|ABplappapp,5,1.0
SPA_001703,119,54,ABprppapp|ABprppppp|ABplpppapa,3,1.0
SPA_001704,119,55,ABalpaappp|ABalpapaap|MSapaap|MSapapa,4,1.0
SPA_001705,119,56,Cpppa|ABalaaaarl|ABaraaaaaa,3,1.0
SPA_001706,119,57,ABaraapppa|ABarapaapp|ABarpaaapp|MSpaaapp,4,1.0
SPA_001707,119,58,ABaraappp|MSapaa|ABarppaapa,3,1.0
SPA_001708,119,59,ABprpaaa|ABplapapa|ABarpppaap|Dpap,4,1.0
SPA_001709,119,60,ABprpaapp|ABprppaaa|ABplaapppp|ABplppapap,4,1.0
SPA_001710,119,61,ABarappppp|ABpraaappp|ABpraapapp|ABprppaaaa,4,1.0
SPA_001711,119,62,ABplapap|ABprpapaap|ABprpapapa|MSppppp,4,1.0
SPA_001712,119,63,ABalapaap|ABalpapaa|MSaaaaap,3,1.0
SPA_001713,119,64,MSpapap|MSaapapp|MSaappa|Ealap,4,1.0
SPA_001714,119,65,MSpaapap|Eprap|Cppaap,3,1.0
SPA_001715,119,66,ABarapppa|ABprpapppa|MSpappp,3,1.0
SPA_001716,119,67,ABplaappp|ABprpapaaa|MSppppa,3,1.0
SPA_001717,119,68,Caaapp|Caappv|Cpapaa,3,1.0
SPA_001718,119,69,ABalaaap|Cpaapp|Cpappv|ABalappaap,4,1.0
SPA_001719,119,70,Cpapap|Cpappd|ABalappaaa,3,1.0
SPA_001720,119,71,ABplppppa|ABprpapapp|Dppa|MSppapap,4,1.0
SPA_001721,119,72,ABarppppap|ABprpppaaa|MSppapaa,3,1.0
SPA_001722,120,0,ABalaaap|ABalapaa|Cpaapp|Cpappv|ABalappaap|ABaraaaapa,6,1.0
SPA_001723,120,1,ABalappa|ABplpaaa|Cppap|ABprpppppp|ABaraaaapp,5,1.0
SPA_001724,120,2,ABalpapp|ABaraapap|MSaaaa|ABprappap|ABprpppaa|ABarppaapp|ABarppapap|ABplapppaa,8,1.0
SPA_001725,120,3,ABarpaaa|ABarpppppa|ABprappaaa|ABprapppaa,4,1.0
SPA_001726,120,4,ABarpaapp|ABarpapp|ABplapppa|ABplpppap|ABplppppp|ABarppppaa|ABprapaapa|ABprppaapp|ABprppappa,9,1.0
SPA_001727,120,5,ABarpapa|ABplapapp|ABarppppap|ABprpppaaa|MSppapaa,5,1.0
SPA_001728,120,6,ABarpppa|ABpraapa|ABpraapppa|ABprapaaaa|ABprppapaa,5,1.0
SPA_001729,120,7,ABplapap|ABarappapp|ABarpapppp|ABprpapaap|ABprpapapa|MSpppap|MSppppp|Dpaa,8,1.0
SPA_001730,120,8,ABplappp|Epra|ABplaaapp|ABarapappa|MSpapaaa,5,1.0
SPA_001731,120,9,ABplpapp|MSappa|ABarpappp|ABplapaaaa|ABplpapaap|ABplpapapa|MSappap,7,1.0
SPA_001732,120,10,ABpraaaa|Cappa|ABarpppapp,3,1.0
SPA_001733,120,11,ABarpppp|ABpraapp|ABplaappp|ABplppaaa|ABarpappap|MSppppa,6,1.0
SPA_001734,120,12,ABprapaa|ABpraappaa|ABprpaaapp|ABprpaappa,4,1.0
SPA_001735,120,13,ABprapap|ABpraaapap|ABpraapaap|ABprpaapaa,4,1.0
SPA_001736,120,14,ABprappp|ABplaapaa|ABplpaaaa|ABalaapaap|ABalaappaa|ABalaappap|ABalaapppa|ABalaapppp|ABalappapp|ABpraapaaa|MSppaaaa|Cppppa,12,1.0
SPA_001737,120,15,ABprpappa|MSpppa|Ealp|Epla|ABalpappp|MSaaapp|MSaapaa|ABaraapapp|ABarapapap|ABplaaaapa|ABplaaaapp|MSaapaaa|MSaapaap|Ealaa|Capaap,15,1.0
SPA_001738,120,16,ABprpappp|MSpppp|ABalpappa|ABarpaaap|MSaaaap|ABaraaapap|ABaraapaap|ABaraappap|ABarapaaaa|ABarapaapa|ABarpaaapa|MSaaaapp|MSaaapap|Capapp,14,1.0
SPA_001739,120,17,ABprppap|ABprpppa|Eprp|Caapp|ABalppapa|ABalpppap|ABalapppap|ABaraaappa|ABaraaappp|ABarpaaaap|MSpaaaap|MSpaaapa|MSpaapaa|Eprpa|Cppapp,15,1.0
SPA_001740,120,18,ABprpppp|ABalpaapp|ABaraaapaa|MSaaaaaa|MSaaaapa|Eplpp,6,1.0
SPA_001741,120,19,MSaaap|ABpraappp|ABplppaapp,3,1.0
SPA_001742,120,20,MSaapa|ABprpapaa|ABplaapppa|ABplppapaa,4,1.0
SPA_001743,120,21,MSaapp|ABalppappp|ABalpppppp,3,1.0
SPA_001744,120,22,ABplpppa|MSappp|MSappaa,3,1.0
SPA_001745,120,23,MSpapp|Daa|ABalaappp|ABarpapap|MSpaaaa|ABalpaappp|ABalpapaap|ABalppapap|ABalppppap|ABplaapaap|ABplpaaaaa|MSapaap|MSapapa|MSppaaa,14,1.0
SPA_001746,120,24,Eara|ABarppapa|ABprpapppa|MSpappp|Earpp,5,1.0
SPA_001747,120,25,Eplp|Capp|Eplpa,3,1.0
SPA_001748,120,26,Caaap|ABalppppp|ABplaappa|ABarappppa|ABprpaaaaa|ABprpaaaap|MSppapa,7,1.0
SPA_001749,120,27,Caapa|ABplaapap|ABarapppap|ABarpapaap|Cppapa,5,1.0
SPA_001750,120,28,Cpaaa|ABprpaaapa|ABprpaapap,3,1.0
SPA_001751,120,29,Cpaap|ABalaapapa|ABalaapapp|ABpraaaaaa,4,1.0
SPA_001752,120,30,Cppa|ABalpapaa|ABalaaaarl|ABalaaapar|ABalapaaaa,5,1.0
SPA_001753,120,31,Cpapp|Cpppp|ABalppaap|ABalpppaa|ABalapppaa|ABaraaaaap|ABarpaaaaa|MSpaaaaa|Cppppp,9,1.0
SPA_001754,120,32,Dap|Dpp|ABalapaaa|ABalappap|ABalpaapa|ABarpaaaa|ABalaaaala|ABalaaapal|ABalapaaap|ABalapapaa|ABalapapap|ABalpaaaaa|ABalpaapap|ABplaaaaaa|MSaaapaa|ABarppappp,16,1.0
SPA_001755,120,33,ABalaapap|ABalppaapp|ABalppapaa|ABalpppaap,4,1.0
SPA_001756,120,34,ABalappaa|ABalpaaap|ABalapaapa|ABalppaaaa,4,1.0
SPA_001757,120,35,ABalapppp|MSpaaap|ABalapappp|ABplaaapaa|MSapapp,5,1.0
SPA_001758,120,36,ABalaaapp|ABalpaaaa|ABaraaaaa,3,1.0
SPA_001759,120,37,ABalppppa|ABplpaaap|ABplpaapa|ABalappppa|ABarapppaa|ABarpapaaa|ABpraaapaa,7,1.0
SPA_001760,120,38,ABalaappa|ABarpapaa|ABalapaapp|ABalpaappa|MSapaaa,5,1.0
SPA_001761,120,39,ABarpappa|ABplpapaaa|MSapppa,3,1.0
SPA_001762,120,40,Earp|ABarppaaa|ABarapappp|MSpaapp|MSpapaap,5,1.0
SPA_001763,120,41,ABplappap|ABprapaaap|ABprppaapa,3,1.0
SPA_001764,120,42,ABplpaapp|ABpraaappa|ABpraapapa,3,1.0
SPA_001765,120,43,ABplapaaa|ABplpapap|ABalappppp|ABarpappaa|MSppaap|MSppapp|Cppaaa,7,1.0
SPA_001766,120,44,ABplppaap|ABplppapa|ABarpapppa,3,1.0
SPA_001767,120,45,ABpraaapp|ABplaappaa|ABplpaaapp|ABplpaappa,4,1.0
SPA_001768,120,46,ABpraapap|ABplaappap|ABplppaaap,3,1.0
SPA_001769,120,47,ABprapapa|ABplpppaap|Capap|Cappaa|MSapapaa,5,1.0
SPA_001770,120,48,ABprapapp|ABplpppapp|Caaaap|Capppa|MSapaaaa,5,1.0
SPA_001771,120,49,ABprappaa|ABarppapaa|ABplappaap|ABplppappp,4,1.0
SPA_001772,120,50,ABprppapp|ABprppppp|ABplpppapa|MSapaaap,4,1.0
SPA_001773,120,51,ABpraaapa|ABalppappa|ABalpppppa|ABplaapapa|ABplpaaaap,5,1.0
SPA_001774,120,52,MSaaapa|ABalpaaaap|ABaraapapa,3,1.0
SPA_001775,120,53,ABaraapppp|ABarappaaa|ABarpapapp,3,1.0
SPA_001776,120,54,ABarapaapp|ABarapapaa|ABarpaaapp|MSpaaapp,4,1.0
SPA_001777,120,55,ABarapppp|MSppap|ABarpaappa,3,1.0
SPA_001778,120,56,ABaraaaap|ABalppppaa|ABplaapaaa,3,1.0
SPA_001779,120,57,ABprppaaa|ABplaapppp|ABplppapap,3,1.0
SPA_001780,120,58,MSpaap|ABprapaaa|ABplapaaap|MSapppp|Daaa,5,1.0
SPA_001781,120,59,ABprppaap|ABplapaapp|ABplappaaa,3,1.0
SPA_001782,120,60,ABpraappap|ABprpaappp|ABprppaaap,3,1.0
SPA_001783,120,61,ABplapaa|ABplapppp|ABprppappp,3,1.0
SPA_001784,120,62,MSpapaa|ABalpapppp|MSaapapa,3,1.0
SPA_001785,120,63,MSpapap|MSaapapp|MSaappa,3,1.0
SPA_001786,120,64,MSapaa|MSpaaa|ABarppppa|Capaa|Dapp|MSapappa,6,1.0
SPA_001787,120,65,Cpapap|Cpappd|ABalappaaa,3,1.0
SPA_001788,120,66,Capa|Dpa|ABarppappa,3,1.0
SPA_001789,120,67,ABarapapp|ABarpppap|MSapappp,3,1.0
SPA_001790,121,0,ABalaaapa|Cpaapp|Cpapap|Cpappd|ABalappaaa,5,1.0
SPA_001791,121,1,ABalapaa|Cpaapa|ABaraaaapa,3,1.0
SPA_001792,121,2,ABalappp|ABprpapppp|Eprap,3,1.0
SPA_001793,121,3,ABalpaapp|ABarppappp|ABplapppap,3,1.0
SPA_001794,121,4,ABalpappp|ABprappaa|ABarppapaa|ABplappaap|ABplppappp,5,1.0
SPA_001795,121,5,ABalppppp|ABplpapppa|MSpappa,3,1.0
SPA_001796,121,6,ABarapppp|MSppap|ABarppaap|ABarpaappa|ABprpappap,5,1.0
SPA_001797,121,7,ABarpaaa|ABprappaaa|ABprapppaa,3,1.0
SPA_001798,121,8,ABarpaapp|ABarpapp|ABpraaap|ABplapppa|ABplpppap|ABplppppp|ABarppppaa|ABprppaapp|ABprppappa,9,1.0
SPA_001799,121,9,ABarppap|ABarappapp|ABprpapaaa|ABprpapaap|MSpppap,5,1.0
SPA_001800,121,10,ABarpppa|ABpraapppa|ABprapaaaa|ABprppapaa,4,1.0
SPA_001801,121,11,ABarpppp|ABplapaaa|ABplppaaa|ABalappppp|ABarpappaa|MSppaap|MSppapap|MSppapp|Cppaaa,9,1.0
SPA_001802,121,12,ABplappp|Epra|ABalppapp|ABplaaapp|ABaraapppa|ABarapaapp|ABarapappa|MSpaaapp|MSpapaaa,9,1.0
SPA_001803,121,13,ABplpapp|MSappa|ABarpappp|ABplapaaaa|ABplpapaap|MSappap,6,1.0
SPA_001804,121,14,ABpraaaa|Cappa|ABarpppapp,3,1.0
SPA_001805,121,15,ABprapaa|ABpraappaa|ABprpaaapp|ABprpaappa,4,1.0
SPA_001806,121,16,ABprapapa|ABpraaapap|ABpraapaap|ABprpaapaa,4,1.0
SPA_001807,121,17,ABprapapp|ABprappa|Cpaap|ABplpaapa|ABalaapapp|ABpraaapaa|MSppapaa,7,1.0
SPA_001808,121,18,ABprappp|ABalaaappr|ABalaappaa|ABalaapppa|ABalappapp|Cppppa,6,1.0
SPA_001809,121,19,ABprpappp|MSpppp|ABarapaapa|ABarpaaapa|MSaaaapp|MSaaapap,6,1.0
SPA_001810,121,20,ABprppap|ABprpppa|Eprp|Caapp|ABalppaap|ABalppapa|ABalpppaa|ABalapppaa|ABalapppap|ABaraaaaap|ABaraaappa|ABaraaappp|ABaraappaa|ABarpaaaaa|ABarpaaaap|MSpaaaaa|MSpaaaap|MSpaaapa|MSpaapaa|MSapaaa|Eprpa|Eprpp|Cppppp,23,1.0
SPA_001811,121,21,ABprppppp|ABalapaap|ABalpapaa|ABalaaaarl|ABalapaaaa|MSaaaaap,6,1.0
SPA_001812,121,22,MSaaaa|ABprappap|ABarppaapp|ABarppapap|ABplapppaa,5,1.0
SPA_001813,121,23,MSaaap|ABplapaapa|ABplppaapp,3,1.0
SPA_001814,121,24,MSaapa|ABpraapap|ABplaapppa|ABplppaaap|ABplppapaa,5,1.0
SPA_001815,121,25,MSaapp|ABpraaapp|ABalppappp|ABalpppppp|ABplaappaa|ABplpaaapp|ABplpaappa,7,1.0
SPA_001816,121,26,MSapaa|Dapp|MSapapaa,3,1.0
SPA_001817,121,27,MSappp|MSpaapp|MSappaa,3,1.0
SPA_001818,121,28,MSpaaap|ABarppppa|ABplppppaa|Capaa|MSapappa,5,1.0
SPA_001819,121,29,ABarapapp|MSpaap|ABarppaaaa|ABplapaaap|MSapppp|Daaa,6,1.0
SPA_001820,121,30,MSpapp|Daa|ABalaappp|ABalppapaa|ABalppapap|ABalppppaa|ABplaapaap|MSppaaa,8,1.0
SPA_001821,121,31,ABprpappa|MSpppa|Ealp|Epla|MSaaapp|MSaapaa|ABalpappap|ABalpapppa|ABarapapap|ABplaaaapp|MSaapaaa|MSaapaap|Ealaa,13,1.0
SPA_001822,121,32,Eplp|Capp|ABarpaaap|ABplaaaap|MSaaaap|ABaraapaap|Eplpa,7,1.0
SPA_001823,121,33,ABpraapp|Caaaa|ABplaappp|ABarappppp|ABarpappap|ABpraaappp|ABpraapapp|MSppppa,8,1.0
SPA_001824,121,34,Caapa|ABplaapap|ABalappppa|ABarapppaa|MSppaaap|Cppapa,6,1.0
SPA_001825,121,35,Cpaaa|ABprpaaapa|ABprpaapap,3,1.0
SPA_001826,121,36,Cpapp|Cpppp|ABalppaaa|ABalaaaarr|ABalaaappl,5,1.0
SPA_001827,121,37,Cpppa|ABalaaapar|ABaraaaaaa,3,1.0
SPA_001828,121,38,Dap|Dpp|ABarpaaaa|ABalaaaala|ABalapaaap,5,1.0
SPA_001829,121,39,ABalaapap|ABalppaapp|ABalpppaap,3,1.0
SPA_001830,121,40,ABalaappa|ABalppaapa|ABalpppaaa,3,1.0
SPA_001831,121,41,ABalapppp|ABalpapapa|ABalppappa|ABalpppppa|ABplaapapa|ABplpaaaap,6,1.0
SPA_001832,121,42,ABalpppap|ABplaapaa|MSppaaaa,3,1.0
SPA_001833,121,43,ABaraaaap|ABarpapaa|ABalapaapp|ABalpaappa|MSapaaaa,5,1.0
SPA_001834,121,44,ABplappaa|ABplppaap|ABplppapa|ABarpapppa,4,1.0
SPA_001835,121,45,ABplappap|ABprapaaap|ABprppaapa|ABprppapap|Dppa,5,1.0
SPA_001836,121,46,ABplppapp|ABarpapppp|ABprpapapa|MSppppp|Dpaa,5,1.0
SPA_001837,121,47,ABaraapap|ABprapppa|ABprpppap|ABarppappa,4,1.0
SPA_001838,121,48,ABprppaaa|ABplaapppp|ABplppapap,3,1.0
SPA_001839,121,49,ABaraappa|ABprpppaa|ABplappapa,3,1.0
SPA_001840,121,50,MSpaapa|ABalapappp|ABplaaapaa|MSapapp|Capaaa,5,1.0
SPA_001841,121,51,Cpapa|ABalaappap|ABalaapppp|ABpraapaaa,4,1.0
SPA_001842,121,52,ABalapppa|ABalpapaaa|MSapaaap,3,1.0
SPA_001843,121,53,ABalaaaalp|ABalapaapa|ABalppaaap,3,1.0
SPA_001844,121,54,ABalppppap|ABplpaaaaa|ABplpaapaa,3,1.0
SPA_001845,121,55,MSaaapa|ABalpaaaap|ABaraapapa,3,1.0
SPA_001846,121,56,ABalpappaa|ABaraapapp|ABplaaaapa,3,1.0
SPA_001847,121,57,ABaraaapap|ABaraappap|ABarapaaaa,3,1.0
SPA_001848,121,58,ABaraapppp|ABarappaaa|ABarpapapp|Earaa,4,1.0
SPA_001849,121,59,Earp|ABarapappp|MSpapaap,3,1.0
SPA_001850,121,60,ABalapapap|ABalpaapap|ABplaaaaaa|MSaaapaa,4,1.0
SPA_001851,121,61,ABalpaapa|ABaraaaa|ABplapappp,3,1.0
SPA_001852,121,62,ABpraappap|ABprpaappp|ABprppaaap,3,1.0
SPA_001853,121,63,ABprppppa|ABaraaapaa|MSaaaaaa|Eplpp,4,1.0
SPA_001854,121,64,MSpapaa|ABalpapppp|MSaapapa,3,1.0
SPA_001855,121,65,ABprpapaa|MSaapapp|MSaappa,3,1.0
SPA_001856,121,66,ABalpaappp|MSapaap|MSapapa,3,1.0
SPA_001857,121,67,ABarpappa|ABplpapaaa|MSapppa,3,1.0
SPA_001858,121,68,Caaapp|Caappv|Cpapaa,3,1.0
SPA_001859,121,69,ABalppap|Capap|Cappaa,3,1.0
SPA_001860,121,70,ABplpapa|ABarppaaap|Dapa,3,1.0
SPA_001861,121,71,MSpapa|ABalpapapp|MSppapa,3,1.0
SPA_001862,121,72,ABalappa|ABplpaaa|ABaraaaapp,3,1.0
SPA_001863,122,0,ABalaapa|ABaraapaa|ABplapappa|ABplappppa,4,1.0
SPA_001864,122,1,ABalappp|ABprpapppp|Eprap,3,1.0
SPA_001865,122,2,ABalpappp|ABprappaa|ABarppapaa|ABplappaap|ABplppappp,5,1.0
SPA_001866,122,3,ABaraapap|ABprapppa|ABarppappa,3,1.0
SPA_001867,122,4,ABarapapa|Caaaaa|MSapaapp,3,1.0
SPA_001868,122,5,ABarapapp|ABplpappa|MSapap|MSappa|MSpaap|MSpapaa|ABarpappp|MSppapp|ABarppaaap|ABplapaaaa|ABplapaaap|ABplpapaap|ABplpapapa|ABplpapapp|MSapppp|Daaa|Daap|Dapa|MSapppaa|MSapppap,20,1.0
SPA_001869,122,6,ABarapppp|MSppap|MSaappp|ABarpaappa,4,1.0
SPA_001870,122,7,ABarpaaa|ABplapppp|ABprappaaa|ABprappapa|ABprapppaa,5,1.0
SPA_001871,122,8,ABarpaapa|ABprapaapp|ABprppappp,3,1.0
SPA_001872,122,9,ABarpaapp|ABarpapp|ABpraaapa|ABpraaapp|ABplapppa|ABplpppap|ABplppppp|ABarppppaa|ABprapaapa|ABprppappa,10,1.0
SPA_001873,122,10,ABarpapaa|ABplaapa|ABpraaaa|Cappa|ABarpppapp|Cpppaa,6,1.0
SPA_001874,122,11,ABarppap|ABplapapp|ABpraappa|ABplppaap|ABarappapp|ABprpapaap|MSpppap,7,1.0
SPA_001875,122,12,ABarpppp|ABplaappa|ABarappppa|ABprpaaaap,4,1.0
SPA_001876,122,13,ABplpppa|ABprpappa|MSaaapp|ABalpappap|ABalpapppa|ABaraapapp|ABplaaaapa|ABplaaaapp|MSaapaaa|MSaapaap|Ealaa,11,1.0
SPA_001877,122,14,ABpraappp|ABplpapap|ABalappppp|MSppapap|Cppaaa,5,1.0
SPA_001878,122,15,ABprapapa|ABpraaappa|ABpraapapa|ABprpaaapa|ABprpaapap,5,1.0
SPA_001879,122,16,ABprapapp|ABprappa|Cpaap|ABplpaapa|ABalaapapp|ABpraaapaa|MSppapaa,7,1.0
SPA_001880,122,17,ABprappp|Cpppp|ABalaaappr|ABalaapaaa|ABalaappaa|ABalaapppa|ABalappapa|ABalappapp|Cppppa,9,1.0
SPA_001881,122,18,ABprpaapa|ABarpppaaa|Earap,3,1.0
SPA_001882,122,19,ABprpapap|MSpppa|ABalpapppp|MSaapapa,4,1.0
SPA_001883,122,20,ABprpappp|MSpppp|MSaaapa|ABalpaaaap|ABaraapapa|ABarapaapa|ABarpaaapa|MSaaaapp|MSaaapap|Capaap,10,1.0
SPA_001884,122,21,ABprpppaa|Eplp|Caapp|Capp|ABalppapa|ABalpppap|ABplaaaap|ABplaapaa|ABplpaaaa|ABalapppap|ABaraaaaap|ABaraaapap|ABaraaappa|ABaraapaap|ABaraappaa|ABaraappap|ABarapaaaa|MSpaaaap|MSpaaapa|MSpaapaa|MSppaaaa|MSapaaa|Eplpa|Eprpp,24,1.0
SPA_001885,122,22,ABprpppap|ABalppaaa|ABalppaap|ABalpppaa|ABalapppaa|ABarpaaaaa|MSpaaaaa|Cppppp,8,1.0
SPA_001886,122,23,ABprppppa|ABplaaaaa|ABaraaapaa|MSaaaaaa|MSaaaapa|Eplpp,6,1.0
SPA_001887,122,24,ABprppppp|Cppa|ABalpapaa|ABalaaaarl|ABalaaapar|ABalapaaaa|MSaaaaap,7,1.0
SPA_001888,122,25,ABalpappa|ABaraappa|MSaaaa|ABprappap|ABarppaapp|ABarppapap|ABplapppaa,7,1.0
SPA_001889,122,26,MSaapa|ABpraapap|ABplaappap|ABplaapppa|ABplpaappp|ABplppaaap|ABplppapaa,7,1.0
SPA_001890,122,27,MSaapp|ABalppappp|ABalpppppp|ABplpaaapp|ABplpaappa,5,1.0
SPA_001891,122,28,MSpaaap|ABarppppa|Capaa|Dapp|MSapaapa|MSapappa,6,1.0
SPA_001892,122,29,MSpapap|ABarpappa|ABplpapaaa|MSapppa,4,1.0
SPA_001893,122,30,ABprpaapp|Earp|ABarapappp|ABarpaapap|MSpapaap|Earpa,6,1.0
SPA_001894,122,31,ABprppaa|Epra|ABaraapppp|ABarappaaa|ABarpapapp|MSapapa,6,1.0
SPA_001895,122,32,ABprppap|Eprp|ABaraaappp|Eprpa,4,1.0
SPA_001896,122,33,Dap|Dpp|ABalpaaap|ABarpaaaa|ABalapaaap|ABalapapaa|ABalapapap|ABalpaapap|ABaraapaaa|ABplaaaaaa|MSaaapaa,11,1.0
SPA_001897,122,34,ABalaapap|ABalppaapp|ABalpppaap,3,1.0
SPA_001898,122,35,ABalaappa|ABalppaapa|ABalpppaaa,3,1.0
SPA_001899,122,36,ABalaappp|ABalppapaa|ABalppppaa,3,1.0
SPA_001900,122,37,ABalapppa|ABalapappa|ABalpapaaa,3,1.0
SPA_001901,122,38,ABaraaaap|ABalaaaalp|ABalapaapp|ABalpaappa|ABplaapaaa|MSapaaaa,6,1.0
SPA_001902,122,39,ABarppaap|ABprpappap|MSpapapp,3,1.0
SPA_001903,122,40,ABarapaap|ABarppppp|ABplpppppp|Cappap,4,1.0
SPA_001904,122,41,ABalppapp|ABplaaapa|ABaraapppa|ABarapaaap|ABarapaapp,5,1.0
SPA_001905,122,42,ABplaaapp|ABarapappa|MSpapaaa,3,1.0
SPA_001906,122,43,ABplppapp|ABplppppa|ABarpppaap|Dppa,4,1.0
SPA_001907,122,44,ABplpapa|ABprapaap|ABplpppaaa,3,1.0
SPA_001908,122,45,ABprppaap|ABplapaapp|ABplppappa,3,1.0
SPA_001909,122,46,ABarpaaap|MSaaaap|Capapp,3,1.0
SPA_001910,122,47,MSpaapa|ABalapappp|ABplaaapaa|MSapapap|MSapapp|Capaaa,6,1.0
SPA_001911,122,48,MSappp|MSpaapp|ABplaaappa|MSappaa,4,1.0
SPA_001912,122,49,MSppaaa|ABalppapap|ABalppppap|ABplaapapa|ABplpaaaaa|ABplpaapaa,6,1.0
SPA_001913,122,50,MSppaap|ABalppappa|ABalpppppa|ABplaapapp|ABplpaaaap,5,1.0
SPA_001914,122,51,ABalaapaap|ABalaappap|ABalaapppp|ABpraapaaa,4,1.0
SPA_001915,122,52,ABplaapap|ABplpapaa|ABarpapaap|Cppapa,4,1.0
SPA_001916,122,53,ABplppapa|ABarpapppp|MSppppp|Dpaa,4,1.0
SPA_001917,122,54,ABalpaaapa|ABplaaaaap|MSapaaap|Capapa,4,1.0
SPA_001918,122,55,ABprppaaa|ABplaapppp|ABplppapap,3,1.0
SPA_001919,122,56,ABalppaa|ABprapppp|ABplappppp,3,1.0
SPA_001920,122,57,ABalppppp|ABplppaa|ABplpapppa,3,1.0
SPA_001921,122,58,ABpraaapap|ABpraapaap|ABprpaapaa,3,1.0
SPA_001922,122,59,ABpraappap|ABprpaappp|ABprppaaap,3,1.0
SPA_001923,122,60,ABplpppaa|ABprapaaap|ABprppaapa|ABprppapap,4,1.0
SPA_001924,122,61,ABprapaa|ABpraappaa|ABprpaaapp|ABprpaappa,4,1.0
SPA_001925,122,62,ABprpaaa|ABarpppapa|Epraa,3,1.0
SPA_001926,122,63,ABaraaapa|Caaapp|Cpapaa,3,1.0
SPA_001927,122,64,ABalppap|MSpaaaa|Capap|Cappaa,4,1.0
SPA_001928,122,65,ABalaaapa|ABalapaaa|Cpaapp|Cpappv|ABalappaaa,5,1.0
SPA_001929,122,66,ABplaaap|Cappp|Cpppap,3,1.0
SPA_001930,123,0,ABalaaapa|ABalapaaa|Cpaapp|Cpappv|ABalappaaa,5,1.0
SPA_001931,123,1,ABalaapap|ABalpapaa|ABaraapaa|ABplapapap|ABplapappa,5,1.0
SPA_001932,123,2,ABalpaapp|ABprapppp|ABplapppap|Capppa,4,1.0
SPA_001933,123,3,ABalpappa|MSaaaa|ABprappap|ABarppaapp|ABarppapap|ABplappapa|ABplapppaa,7,1.0
SPA_001934,123,4,ABalpappp|ABprappaa|ABarppapaa|ABplappaaa|ABplappaap|ABplppappp,6,1.0
SPA_001935,123,5,ABalppap|Capap|Cappaa,3,1.0
SPA_001936,123,6,ABaraaapa|Caaapp|Caappd|Cpapaa,4,1.0
SPA_001937,123,7,ABalpapap|ABaraapap|ABprapppa|ABarppappa|ABplappapp,5,1.0
SPA_001938,123,8,ABaraappp|ABprppapa|ABplppappa,3,1.0
SPA_001939,123,9,ABarapapa|MSapaa|Caaaaa|MSapaapp,4,1.0
SPA_001940,123,10,ABarapapp|ABplpapap|MSapap|MSpaap|ABplpapapp|Daap|MSapppap,7,1.0
SPA_001941,123,11,ABarapppp|MSppap|Ealap,3,1.0
SPA_001942,123,12,ABarpapaa|ABplaaapp|ABplaapa|Cappa|ABarpppapp|Cpppaa,6,1.0
SPA_001943,123,13,ABarpappa|ABplapaa|ABplapppa|ABplpppap|ABplppppp|ABarppppaa|ABprapaapa|ABprappaap|ABprppaapp|ABprppappa,10,1.0
SPA_001944,123,14,ABarppap|ABplapapp|ABarappapp|ABprpapaaa|ABprpapaap|MSpppap,6,1.0
SPA_001945,123,15,ABplaappa|ABprpaaaa|ABarppapp|ABprppppaa,4,1.0
SPA_001946,123,16,ABplappp|ABalppapp|ABaraapppa|ABarapaaap|ABarapaapp|MSpaapap,6,1.0
SPA_001947,123,17,ABplpappa|MSpapaa|ABarpppaa|MSppapp|ABplapaaaa|ABplapaaap|ABplpapapa|MSappap|MSapppp|Daaa|MSapppaa,11,1.0
SPA_001948,123,18,ABplppap|ABarppaaa|ABarapapap,3,1.0
SPA_001949,123,19,ABplpppa|ABprpappa|MSaaapp|ABalpappap|ABalpapppa|ABplaaaapp|MSaapaaa,7,1.0
SPA_001950,123,20,ABplpppp|ABalapppp|MSpaapa|ABalapappp|ABplaaapaa|MSapapap|MSapapp|Capaaa,8,1.0
SPA_001951,123,21,ABpraapa|ABplappaa|ABplppapa|ABarpapppp|ABprppapaa|MSppppp|Dpaa,7,1.0
SPA_001952,123,22,ABpraappp|MSppapap|Cppaaa,3,1.0
SPA_001953,123,23,ABprapapa|ABplpaapp|ABpraaappa|ABpraapapa|ABprpaaapa|ABprpaapap,6,1.0
SPA_001954,123,24,ABprapapp|ABprappa|Cpaap|ABplpaapa|ABalaapapa|ABalaapapp|ABpraaaaaa|ABpraaapaa|MSppapaa,9,1.0
SPA_001955,123,25,ABprappp|ABalaappaa|ABalaapppa|ABalappapp|Cppppa,5,1.0
SPA_001956,123,26,ABprpapaa|Eala|MSpappa|ABplaaappp|ABplpappap|MSaapapp,6,1.0
SPA_001957,123,27,ABprpapap|MSappp|MSpppa|ABalpapppp|MSaapapa,5,1.0
SPA_001958,123,28,ABprppap|ABprpppaa|Eprp|Caapp|ABalppapa|ABalpppap|ABplaapaa|ABplpaaaa|ABalaapaap|ABalapppap|ABaraaappa|ABaraaappp|ABaraappaa|ABarpapaaa|MSpaaaap|MSpaapaa|MSppaaaa|Eprpa|Eprpp|Cppapp,20,1.0
SPA_001959,123,29,ABprpppap|ABalppaaa|ABalaaappl,3,1.0
SPA_001960,123,30,ABprppppa|ABaraaapaa|MSaaaaaa|Eplpp,4,1.0
SPA_001961,123,31,ABprppppp|Cppa|ABalaaaarl|ABalaaapar|ABalapaaaa,5,1.0
SPA_001962,123,32,MSaapa|ABplaapppa|ABplppaaap|ABplppapaa,4,1.0
SPA_001963,123,33,MSaapp|ABalppappp|ABalpppppp,3,1.0
SPA_001964,123,34,MSpaaap|ABarppppa|ABarppaapa|ABplppppaa|Capaa|Dapp|MSapappa,7,1.0
SPA_001965,123,35,MSpapap|MSppapa|ABalpapapa|MSapppa,4,1.0
SPA_001966,123,36,MSpppp|ABarapaapa|ABarpaaapa|MSaaaapp|MSaaapap|Capaap,6,1.0
SPA_001967,123,37,Ealp|MSaapaap|Ealaa,3,1.0
SPA_001968,123,38,ABplaappp|Eara|ABarppapa|ABprpapppa,4,1.0
SPA_001969,123,39,Earp|ABarapappp|MSpapaap|Earpa,4,1.0
SPA_001970,123,40,Eplp|Capp|ABplaaaap|MSapaap|ABaraaapap|ABaraappap|ABarapaaaa|ABarpapapa|MSpaaapa|Eplpa|Cppaap,11,1.0
SPA_001971,123,41,ABprppaa|Epra|ABaraapppp|ABarapappa|ABarappaaa|ABarpapapp|Earaa|MSapapa|MSpapppa,9,1.0
SPA_001972,123,42,Caaap|ABarappppa|ABprpaaaaa,3,1.0
SPA_001973,123,43,Cpapp|Cpppp|ABalaaappr|ABalappapa,4,1.0
SPA_001974,123,44,Dap|Dpp|ABarpaaaa|ABalapapaa|ABalapapap|ABalpaapap|ABaraapaaa|ABplaaaaaa|MSaaapaa,9,1.0
SPA_001975,123,45,ABalaappp|ABalppaapp|ABalppapaa|ABalpppaap|ABalppppaa,5,1.0
SPA_001976,123,46,ABalappaa|ABalaaaala|ABalppaaaa,3,1.0
SPA_001977,123,47,ABalppaap|ABalpppaa|ABalaapaaa|ABalapppaa|MSpaaaaa|Cppppp,6,1.0
SPA_001978,123,48,ABaraaaap|ABalaaaalp|ABalapaapp|ABalpaappa|ABplaapaaa|MSapaaaa,6,1.0
SPA_001979,123,49,ABarppaap|MSaappp|ABarpaappa|ABprpappap|MSpapapp,5,1.0
SPA_001980,123,50,ABarpaaa|ABplapppp|ABprappaaa|ABprappapa,4,1.0
SPA_001981,123,51,ABplppapp|ABplppppa|ABarpppaap|Dppa,4,1.0
SPA_001982,123,52,ABplpppaa|ABprapaaap|ABprppapap,3,1.0
SPA_001983,123,53,MSaaaap|ABaraapaap|MSaaaapa|Capapp,4,1.0
SPA_001984,123,54,ABprpappp|ABarpaaap|MSaaapa,3,1.0
SPA_001985,123,55,MSppaap|ABalpppppa|ABplaapapp|ABplpaaaap,4,1.0
SPA_001986,123,56,ABalaappap|ABalaapppp|ABpraapaaa,3,1.0
SPA_001987,123,57,ABalpaaap|MSaaaaa|ABalapaaap,3,1.0
SPA_001988,123,58,ABalapppa|ABalpaaapa|ABalpapaaa|ABplaaaaap|MSapaaap|MSapapaa|Capapa,7,1.0
SPA_001989,123,59,ABalppappa|ABplaapapa|ABplpaaaaa|ABplpaapaa,4,1.0
SPA_001990,123,60,MSpapp|ABalppppap|ABplaapaap,3,1.0
SPA_001991,123,61,ABpraapaa|ABplpaaapa|ABplpaapap,3,1.0
SPA_001992,123,62,MSaaap|ABplppaapp|Dapa,3,1.0
SPA_001993,123,63,ABpraappaa|ABprpaaapp|ABprpaappa,3,1.0
SPA_001994,123,64,ABpraappap|ABprpaappp|ABprppaaap,3,1.0
SPA_001995,123,65,ABplapapa|ABprpapapa|Dpap|MSppappp,4,1.0
SPA_001996,123,66,ABalapaap|ABplaaaa|Cpaapa,3,1.0
SPA_001997,123,67,ABarapppaa|ABarpapaap|Cppapa,3,1.0
SPA_001998,124,0,ABalaaaar|Cpapap|Cpappd,3,1.0
SPA_001999,124,1,ABalaaapp|Cppppp|ABalappaap,3,1.0
SPA_002000,124,2,ABalaapap|ABalpapaa|ABaraapaa|ABplapapap|ABplapappa,5,1.0
SPA_002001,124,3,ABalpaapp|ABprapppp|ABplapppap|Capppa,4,1.0
SPA_002002,124,4,ABalpapap|ABaraapap|ABprapppa|ABarppappa|ABplapapaa|ABplappapp,6,1.0
SPA_002003,124,5,ABalpappa|ABaraappa|ABprappap|ABarppapap|ABplappapa|ABplapppaa,6,1.0
SPA_002004,124,6,ABalpappp|ABaraappp|MSaaap|ABprapaap|ABprappaa|ABprppapa|ABarppapaa|ABplappaaa|ABplppappa|ABplppappp,10,1.0
SPA_002005,124,7,ABalapapp|ABalpppa|ABplpppppa,3,1.0
SPA_002006,124,8,ABarapapa|MSapaa|Caaaaa|MSapaapp,4,1.0
SPA_002007,124,9,ABarapapp|ABplpapap|MSpaap|ABarppaaap|ABplpapapp|Daap|Dapa|MSapppap,8,1.0
SPA_002008,124,10,ABarpaaa|ABplapppp|ABprappaaa|ABprappapa,4,1.0
SPA_002009,124,11,ABarpapaa|ABplaaapp|Cappa|ABarpppapp|Cppapa|Cpppaa,6,1.0
SPA_002010,124,12,ABarpappa|ABprapaapa|ABprappaap,3,1.0
SPA_002011,124,13,ABarpappp|ABarppaa|ABplppapp|ABplpppaa|ABplppppa|ABprapaaap|ABprppaapa|ABprppapap|Dppa,9,1.0
SPA_002012,124,14,ABarppap|ABplppaap|ABarpapppa|ABprpapaaa,4,1.0
SPA_002013,124,15,ABarpppp|ABpraappp|ABprpaaaap|MSppapap|Cppaaa,5,1.0
SPA_002014,124,16,ABplaaaa|ABprpppapa|Cppppa,3,1.0
SPA_002015,124,17,ABplaappa|ABprpaaaa|ABarppapp|ABprppppaa|Capaa,5,1.0
SPA_002016,124,18,ABplapaa|ABplapppa|ABplpppap|ABarppppaa|ABprppaapp|ABprppappa,6,1.0
SPA_002017,124,19,ABplappa|MSpapapa|Earpa,3,1.0
SPA_002018,124,20,ABplpappa|MSappa|MSpapaa|MSppapp|ABalpapapp|ABplapaaaa|ABplpapaap|ABplpapapa|MSappap|MSapppp|Daaa|MSapppaa,12,1.0
SPA_002019,124,21,ABplpappp|ABalpapapa|ABplpapaaa,3,1.0
SPA_002020,124,22,ABplpppa|MSaaapp|ABalpappap|ABalpapppa|ABaraapapp|ABplaaaapa|MSaapaaa,7,1.0
SPA_002021,124,23,ABplpppp|MSpaapa|ABalapappp,3,1.0
SPA_002022,124,24,ABpraaapp|ABplappap|ABplppppp,3,1.0
SPA_002023,124,25,ABpraapa|ABplppapa|ABarappapp|ABarpapppp|ABprpapaap|MSpppap|MSppppp|Dpaa,8,1.0
SPA_002024,124,26,ABprapaa|Caaaa|ABplpaapp|ABpraaappp|ABpraapapp|ABpraappaa|ABprpaaapp|ABprpaappa,8,1.0
SPA_002025,124,27,ABprapapa|ABpraaapap|ABprpaapaa,3,1.0
SPA_002026,124,28,ABprapapp|Cpaap|ABalaapapa|ABalaapapp|ABpraaaaaa,5,1.0
SPA_002027,124,29,ABprappa|ABplpaaap|ABalappppa,3,1.0
SPA_002028,124,30,ABprappp|Cpapp|Cpppp|ABalaaappr|ABalaappaa|ABalaapppa|ABalappapa|ABalappapp,8,1.0
SPA_002029,124,31,ABprppap|Eprp|ABalapppap|ABaraaaaap|ABaraaappa|ABaraaappp|ABaraappaa|ABarpapaaa|MSpaaaap|MSpaapaa|Eprpa|Eprpp,12,1.0
SPA_002030,124,32,ABprpppaa|ABalppaap|ABalpppaa|ABalaapaaa|ABalapppaa|MSpaaaaa,6,1.0
SPA_002031,124,33,MSaaaap|ABprppapp|ABplpppaap,3,1.0
SPA_002032,124,34,MSaapp|ABalppappp|ABalpppppp|ABplaappaa|ABplpaaapp|ABplpaappa,6,1.0
SPA_002033,124,35,MSpapap|MSppaap|MSppapa|ABplaaapap|ABplaapapp|ABplpaaaap|MSapppa,7,1.0
SPA_002034,124,36,MSpppa|MSpaapp|MSappaa,3,1.0
SPA_002035,124,37,Eala|ABplpappap|MSaapapp,3,1.0
SPA_002036,124,38,Ealp|ABarapapap|MSaapaap|Ealaa,4,1.0
SPA_002037,124,39,Earp|ABarapappp|ABarpaapap|MSpapaap,4,1.0
SPA_002038,124,40,Eplp|MSapaap|ABaraappap|ABarapaaaa|ABarpapapa|MSpaaapa,6,1.0
SPA_002039,124,41,Epra|ABaraapppp|ABarappaaa,3,1.0
SPA_002040,124,42,Caaap|ABarappppa|ABprpaaaaa,3,1.0
SPA_002041,124,43,Cppa|ABalaaaarl|ABalaaapar|ABalapaaaa|MSaaaaap,5,1.0
SPA_002042,124,44,Dap|ABarpaaaa|ABalapapaa|ABalpaapaa|ABaraapaaa,5,1.0
SPA_002043,124,45,ABalappaa|ABalpaaap|ABalaaaala|ABalapaaap|ABalppaaaa,5,1.0
SPA_002044,124,46,ABalapppa|ABalpaaapa|ABalpapaaa|MSapaaap|MSapapaa,5,1.0
SPA_002045,124,47,ABalpaaaa|ABaraaaaa|ABalppaaap,3,1.0
SPA_002046,124,48,ABalpppap|ABplpaaaa|ABalaapaap|MSppaaaa,4,1.0
SPA_002047,124,49,ABprpappp|ABarpaaap|MSaaapa|ABalpaaaap|ABaraapapa,5,1.0
SPA_002048,124,50,ABarppaap|ABarpaappa|ABprpappap|MSpapapp,4,1.0
SPA_002049,124,51,MSpaaap|ABarppppa|Dapp|MSapappa,4,1.0
SPA_002050,124,52,ABplaaaap|ABaraaapap|ABarpaaaap|Eplpa,4,1.0
SPA_002051,124,53,ABpraapap|ABplaappap|ABplpaappp,3,1.0
SPA_002052,124,54,MSaapa|ABprapaaa|ABplppaapa,3,1.0
SPA_002053,124,55,MSppaaa|ABalpppapa|ABalppppap,3,1.0
SPA_002054,124,56,ABalappap|ABalaaaalp|ABalapaapa|MSapaaaa,4,1.0
SPA_002055,124,57,ABalaappap|ABalaapppp|ABpraapaaa,3,1.0
SPA_002056,124,58,Capa|ABalapapap|ABalpaaaaa|ABalpaapap|ABplaaaaaa|MSaaapaa,6,1.0
SPA_002057,124,59,ABalppappa|ABalpppppa|ABplpaaaaa|ABplpaapaa,4,1.0
SPA_002058,124,60,Capp|ABaraapaap|MSaaaapa,3,1.0
SPA_002059,124,61,ABplapapp|ABplapaaa|ABarappapa,3,1.0
SPA_002060,124,62,ABarpaaapa|MSaaaapp|MSaaapap,3,1.0
SPA_002061,124,63,ABarpppapa|ABprpapapp|Epraa|MSppappa,4,1.0
SPA_002062,124,64,ABalapappa|ABalpaappa|ABplaapaaa,3,1.0
SPA_002063,124,65,ABpraapaa|ABplpaaapa|ABplpaapap,3,1.0
SPA_002064,124,66,ABpraaappa|ABpraapapa|ABprpaaapa|ABprpaapap,4,1.0
SPA_002065,124,67,ABpraappap|ABprpaappp|ABprppaaap,3,1.0
SPA_002066,124,68,ABprpapapa|Dpap|MSppappp,3,1.0
SPA_002067,124,69,ABarppapa|ABprpapppa|Earpp,3,1.0
SPA_002068,124,70,ABprppppa|ABaraaapaa|ABarpaaaaa|MSaaaaaa|Eplpp,5,1.0
SPA_002069,124,71,MSappp|ABalpapppp|MSaapapa,3,1.0
SPA_002070,124,72,ABprppaa|ABarpaaapp|MSpaaapp,3,1.0
SPA_002071,124,73,ABarapppp|MSppap|Ealap,3,1.0
SPA_002072,124,74,ABarappap|ABplpapppa|Ealpp,3,1.0
SPA_002073,124,75,ABaraaapa|Caaapp|Cpapaa,3,1.0
SPA_002074,124,76,ABalppapp|Capapa|Cappaa,3,1.0
SPA_002075,124,77,ABalaaapa|Cpaapp|Cpappv|ABalappaaa,4,1.0
SPA_002076,124,78,ABplpaaa|Cppap|ABaraaaapp,3,1.0
SPA_002077,125,0,ABalaaaar|ABalaaapa|Cpapap|Cpappd,4,1.0
SPA_002078,125,1,ABalaapap|ABalpapaa|ABaraaaa|ABaraapaa|ABarppappp|ABplapapap|ABplapappa|ABplappppa,8,1.0
SPA_002079,125,2,ABalapapa|ABprpppppa|Eprpp|Cpaaap|ABaraaapapp,5,1.0
SPA_002080,125,3,ABalpaapp|ABplapppap|ABplpppapa|Capppa,4,1.0
SPA_002081,125,4,ABalpapap|ABaraapap|ABprapppa|ABarppappa|ABplapapaa|ABplappapp,6,1.0
SPA_002082,125,5,ABalpappa|ABaraappa|ABprappap|ABarppapap|ABplappapa|ABplapppaa,6,1.0
SPA_002083,125,6,ABalpappp|ABaraappp|ABprapaap|ABprappaa|ABprppapa|ABarppapaa|ABplappaaa|ABplppappa,8,1.0
SPA_002084,125,7,ABalppapp|ABarapapa|MSapaa|Caaaaa|Capapa|Cappaa|MSapaapp,7,1.0
SPA_002085,125,8,ABalppapa|ABalpppaa|ABarppppp|Eplpa|Capapp|Cappap,6,1.0
SPA_002086,125,9,ABalpppap|ABplpaapa|ABplpapppp,3,1.0
SPA_002087,125,10,ABarpapaa|ABplaaapp|Capap|ABarpppppa|ABprpppaap|Cppapa|Cpppaa,7,1.0
SPA_002088,125,11,ABarpapap|ABpraaapp|ABplppppp|Dppp,4,1.0
SPA_002089,125,12,ABarpaapa|ABarpappa|ABprapaapp|ABprappaap,4,1.0
SPA_002090,125,13,ABarppapa|ABarpppa|ABplapapa|ABpraapap|ABplapaap|ABplappaa|ABplppapa|ABarappapp|ABarpapppp|ABprpapaap|ABprppapaa|MSpppap|MSppppp|Dpaa|MSppppaa,15,1.0
SPA_002091,125,14,ABarppapp|ABplapapp|ABplapaaa|ABarappapa|MSppppa,5,1.0
SPA_002092,125,15,ABplaappa|ABprpaaaa|ABprppppaa,3,1.0
SPA_002093,125,16,ABplappa|Earp|ABarapappp|ABarpaapap|MSpapaap|MSpapapa|Earpa,7,1.0
SPA_002094,125,17,ABplpapaa|MSaaap|ABplppaapp|Capaaa,4,1.0
SPA_002095,125,18,ABplpapap|ABplpappa|MSpapaa|MSppapp|ABalpapapp|ABplapaaaa|ABplpapaap|ABplpapapa|MSapppp|Daaa|MSapppaa,11,1.0
SPA_002096,125,19,ABplpappp|MSppapa|ABalpapapa|ABplaaapap|MSapppa,5,1.0
SPA_002097,125,20,ABplpppa|MSaaapp|ABalpappap|ABalpapppa|ABaraapapp|ABplaaaapa|MSaapaaa,7,1.0
SPA_002098,125,21,ABpraapaa|ABplppapp|ABplppppa|ABarpppaap|ABprppaapa|Dppa|MSppppap,7,1.0
SPA_002099,125,22,ABpraappp|Epra|ABaraapppp|ABarappaaa|ABarpapapp|MSppappp|Earaa|MSapapa,8,1.0
SPA_002100,125,23,ABprapapa|ABpraaappa|ABpraapapa|ABprpaaapa|ABprpaapap,5,1.0
SPA_002101,125,24,ABprapapp|Cpaap|ABalaapapa|ABalaapapp|ABpraaaaaa|ABpraaapaa,6,1.0
SPA_002102,125,25,ABprappa|ABplpaaap|MSppapaa,3,1.0
SPA_002103,125,26,ABprappp|ABalaaappr|ABalaapaaa|ABalaappaa|ABalaapppa|ABalappapp,6,1.0
SPA_002104,125,27,ABprpapaa|MSpappa|ABplaaappp,3,1.0
SPA_002105,125,28,ABprpapap|MSpppa|MSpaapp|MSappaa|MSappppa,5,1.0
SPA_002106,125,29,ABprppap|Eprp|ABplpaaaa|ABalapppap|ABaraaappp|ABarpapaaa|MSpaaaap|MSpaapaa|MSppaaaa,9,1.0
SPA_002107,125,30,ABprpppaa|ABalppaap|ABalapppaa|ABaraaaaap|MSpaaaaa,5,1.0
SPA_002108,125,31,MSaapp|ABalppappp|ABalpppppp|ABplpaaapp|ABplpaappa,5,1.0
SPA_002109,125,32,MSapap|ABarppaaaa|MSapappp,3,1.0
SPA_002110,125,33,MSappp|ABalpapppp|MSaapapa,3,1.0
SPA_002111,125,34,ABalppppa|MSpaaap|ABplppppaa,3,1.0
SPA_002112,125,35,ABarapapp|MSpaap|ABarppaaap|Daap|Dapa|MSapppap,6,1.0
SPA_002113,125,36,MSpapap|MSppaap|ABalppappa|ABalpppppa|ABplaapapp|ABplpaaaaa|ABplpaaaap|ABplpaapaa,8,1.0
SPA_002114,125,37,Eala|ABplpappap|MSaapapp,3,1.0
SPA_002115,125,38,Ealp|MSaapaap|Ealaa,3,1.0
SPA_002116,125,39,Eplp|ABplaaaap|MSapaap|ABaraaapap|ABaraappap|ABarapaaaa|MSpaaapa,7,1.0
SPA_002117,125,40,Caaap|ABalappppp|ABarappppa|ABprpaaaaa|MSppapap,5,1.0
SPA_002118,125,41,Caapa|ABarapppaa|MSppaaap,3,1.0
SPA_002119,125,42,Caapp|ABaraaappa|ABaraappaa,3,1.0
SPA_002120,125,43,Cappa|ABarapaapa|ABarpaaapa|MSaaaapp|MSaaapap,5,1.0
SPA_002121,125,44,ABprppppa|Cappp|ABplaaaaa|ABaraaaapa|ABaraaaapp|ABaraaapaa|ABarpaaaaa|MSaaaaaa,8,1.0
SPA_002122,125,45,ABprapaa|Caaaa|Cpaaa|ABpraaappp|ABpraappaa|ABprpaaapp|ABprpaappa,7,1.0
SPA_002123,125,46,Cpapp|Cpppp|ABalppaaa|ABalappapa,4,1.0
SPA_002124,125,47,Daa|ABalapappa|ABalpaappa|ABplaapaaa,4,1.0
SPA_002125,125,48,Capa|Dap|ABarpaaaa|ABalapapaa|ABalpaapaa|ABaraapaaa,6,1.0
SPA_002126,125,49,ABalappaa|ABalpaaap|ABalaaaala|ABalaaapal|ABalapaaap,5,1.0
SPA_002127,125,50,ABalappap|ABalaaaalp|ABalapaapa|MSapaaaa,4,1.0
SPA_002128,125,51,ABalapppa|ABalpapaaa|MSapaaap,3,1.0
SPA_002129,125,52,ABarppaap|MSaappp|ABarpaappa|ABprpappap|MSpapapp,5,1.0
SPA_002130,125,53,ABarppppa|Dapp|MSapappa,3,1.0
SPA_002131,125,54,ABplapppa|ABplpppap|ABprppappa,3,1.0
SPA_002132,125,55,ABarpaaa|ABplapppp|ABprappaaa|ABprappapa,4,1.0
SPA_002133,125,56,MSaapa|ABprapaaa|ABplapaaap,3,1.0
SPA_002134,125,57,MSaaaap|ABprppapp|ABplpppaap,3,1.0
SPA_002135,125,58,ABprpappp|ABarpaaap|MSaaapa,3,1.0
SPA_002136,125,59,ABplpppp|MSpaapa|ABalapappp,3,1.0
SPA_002137,125,60,ABalaapaap|ABalaappap|ABalaapppp|ABpraapaaa,4,1.0
SPA_002138,125,61,Dpa|ABalapapap|ABalpaaaaa|ABalpaapap|ABplaaaaaa|MSaaapaa,6,1.0
SPA_002139,125,62,ABalpaaaap|ABaraapapa|Dappa,3,1.0
SPA_002140,125,63,MSppaaa|ABalppaapp|ABalppapaa|ABalpppaap|ABalpppapa,5,1.0
SPA_002141,125,64,ABprppaa|ABaraapppa|ABarapaaap,3,1.0
SPA_002142,125,65,ABplappp|ABarapappa|MSpapaaa,3,1.0
SPA_002143,125,66,MSpapp|ABalppppap|ABplaapaap,3,1.0
SPA_002144,125,67,ABpraappap|ABprpaappp|ABprppaaap,3,1.0
SPA_002145,125,68,ABarpppppp|ABprapappa|ABprappppa,3,1.0
SPA_002146,125,69,ABarppaa|ABplpppaa|ABprppapap,3,1.0
SPA_002147,125,70,ABplaaaa|ABprpppapa|Cppppa,3,1.0
SPA_002148,125,71,ABplaaapaa|MSapapap|MSapapp|Dappp,4,1.0
SPA_002149,125,72,ABarpppaa|MSappap|MSappppp,3,1.0
SPA_002150,125,73,ABarapaapp|ABarpaaapp|MSpaaapp,3,1.0
SPA_002151,125,74,ABarappap|ABplpapppa|Ealpp,3,1.0
SPA_002152,125,75,ABalaaaal|Caaapp|Caappd|Cpapaa,4,1.0
SPA_002153,126,0,ABalaapap|ABalpapaa|ABaraapaa|ABarppappp|ABplapapap|ABplapappa|ABplappppa,7,1.0
SPA_002154,126,1,ABalappa|ABplpaaaa|ABplpppppp|Eplpp,4,1.0
SPA_002155,126,2,ABalapppa|ABprpapppp|ABaraaapapa,3,1.0
SPA_002156,126,3,ABalpapap|ABaraapap|MSaaaaa|ABprapppa|ABarppappa|ABplapapaa|ABplappapp,7,1.0
SPA_002157,126,4,ABalaappp|ABalpappa|ABaraappa|ABprappap|ABarppapap|ABplappapa|ABplapppaa,7,1.0
SPA_002158,126,5,ABalpappp|ABaraappp|ABprappaa|ABprppapa|ABarppapaa|ABplappaaa|ABplppappa,7,1.0
SPA_002159,126,6,ABalppaa|ABplappppp|ABplpppapp,3,1.0
SPA_002160,126,7,ABalpppap|ABplpaapa|ABplpapppp|Eplap,4,1.0
SPA_002161,126,8,ABarapapp|MSpaapa|ABarppaaap|ABplpapapp|Daap|Dapa,6,1.0
SPA_002162,126,9,ABarappap|ABplpapppa|Ealpp|ABalpappppp,4,1.0
SPA_002163,126,10,ABarapppp|MSppap|MSaappp|ABarpaappa,4,1.0
SPA_002164,126,11,ABarpaaa|ABpraaapa|ABplapppp|ABarpppppa|ABprappaaa|ABprappapa|ABprapppaa|ABprpppaap,8,1.0
SPA_002165,126,12,ABarpaapa|ABarpappa|ABprapaapp|ABprappaap,4,1.0
SPA_002166,126,13,ABarpapaa|ABplaaapp|Capap|ABprppppap|Cppapa|Cpppaa,6,1.0
SPA_002167,126,14,ABarpapap|ABpraaapp|Cppaaa|Dppp,4,1.0
SPA_002168,126,15,ABarppaa|ABpraapaa|ABplappaa|ABplppapp|ABplpppaa|ABarpppaap|ABprapaaap|ABprpapapa|ABprppaapa|ABprppapaa|ABprppapap|Dpap|Dppa|MSppppap,14,1.0
SPA_002169,126,16,ABarppapa|ABplapapa|ABpraapap|ABplppapa|ABarappapp|ABarpapppp|ABprpapaap|MSpppap|MSppppp|Dpaa|MSppppaa,11,1.0
SPA_002170,126,17,ABarppapp|ABplapapp|ABplapaaa|ABplppaaa|ABarappapa,5,1.0
SPA_002171,126,18,ABarpppap|ABarpapppa|ABprppaaaa,3,1.0
SPA_002172,126,19,ABplaappp|ABprpaaap|Eara|Epraa|MSpppaap,5,1.0
SPA_002173,126,20,ABplappa|Earp|ABarapappp|MSpapaap|MSpapapa|Earpa,6,1.0
SPA_002174,126,21,ABplpapaa|MSaaap|ABprapaap|ABarppaapa|ABplppaapp,5,1.0
SPA_002175,126,22,ABplpappa|MSaapap|MSpapaa|MSppapp|ABalpapapp|ABplapaaaa|ABplpapaap|MSapppp|Daaa,9,1.0
SPA_002176,126,23,ABplpappp|MSpapap|MSppapa|ABalpapapa|ABplaaapap|ABplpaaaap|MSapppa,7,1.0
SPA_002177,126,24,ABplppppp|ABalpaappp|MSapapaa,3,1.0
SPA_002178,126,25,ABprapapa|ABpraaappa|ABpraapapa,3,1.0
SPA_002179,126,26,ABprappp|Cpapp|Cpppp|ABalppaaa|ABalaaaarr|ABalaaappl|ABalaaappr|ABalaapaaa|ABalaapppa|ABalappapa|ABalappapp,11,1.0
SPA_002180,126,27,ABplppaa|ABprpapaa|Eala|MSpappa|ABplpappap,5,1.0
SPA_002181,126,28,ABprppap|Caapp|ABalapppap|ABaraaappa|ABaraappaa|MSpaaaap,6,1.0
SPA_002182,126,29,MSaaaap|ABprppapp|ABplppappp,3,1.0
SPA_002183,126,30,MSaapaa|ABprapaaa|ABplppaapa,3,1.0
SPA_002184,126,31,MSaapp|ABalppappp|ABalpppppp|ABplpaaapp|ABplpaappa,5,1.0
SPA_002185,126,32,ABarapapa|MSapaa|ABplppppap|Caaaaa|Capapa|MSapaapp,6,1.0
SPA_002186,126,33,MSapap|MSapappp|MSappaap,3,1.0
SPA_002187,126,34,MSappa|ABplaaappa|ABplpapaaa,3,1.0
SPA_002188,126,35,MSappp|ABalpapppp|MSaapapa,3,1.0
SPA_002189,126,36,ABprpapap|MSpppa|MSappaa,3,1.0
SPA_002190,126,37,Ealp|MSaapaap|Ealaa,3,1.0
SPA_002191,126,38,Eplp|Cappa|ABplaaaap|MSapaap|ABaraaapap|ABaraappap|ABarapaaaa|ABarapaapa|ABarpaaapa|ABarpapapa|MSaaaapp|MSaaapap|MSpaaapa,13,1.0
SPA_002192,126,39,Epra|ABarapappa|Earaa,3,1.0
SPA_002193,126,40,Caapa|ABarapppaa|MSppaaap,3,1.0
SPA_002194,126,41,ABprppppa|Cappp|ABplaaaaa|ABaraaaapp|ABaraaapaa|ABarpaaaaa|MSaaaaaa,7,1.0
SPA_002195,126,42,Cpaap|ABalaapapa|ABalaapapp|ABpraaaaap|ABpraaaapa|ABpraaapaa,6,1.0
SPA_002196,126,43,Cppa|ABaraaaaaa|ABaraaaapa|MSaaaaap,4,1.0
SPA_002197,126,44,Dap|ABarpaaaa|ABalapapaa|ABalpaapaa|ABaraapaaa,5,1.0
SPA_002198,126,45,ABalappaa|ABalpaaap|ABalaaaala|ABalaaapal|ABalapaaap,5,1.0
SPA_002199,126,46,ABalappap|ABalaaaalp|ABalapaapa|ABalppaaap,4,1.0
SPA_002200,126,47,ABarppaap|ABprpappap|MSpapapp,3,1.0
SPA_002201,126,48,ABarppppa|ABplppppaa|Dapp|MSapappa,4,1.0
SPA_002202,126,49,ABprppaap|ABplaapppp|ABplapaapa|ABplppapap,4,1.0
SPA_002203,126,50,ABprpappp|ABarpaaap|MSaaapa|ABalpaapap,4,1.0
SPA_002204,126,51,ABplpppa|MSaaapp|ABaraapapp|MSaapaaa,4,1.0
SPA_002205,126,52,MSapaaa|ABalapppaa|ABaraaaaap|MSpaaaaa,4,1.0
SPA_002206,126,53,MSapapp|ABaraapppp|ABarpapapp,3,1.0
SPA_002207,126,54,MSppaaa|ABalpppapa|ABalppppap,3,1.0
SPA_002208,126,55,ABalapapa|Cppap|ABprpppppa|Eprpp,4,1.0
SPA_002209,126,56,ABalaaaarl|ABalaaapar|ABalapaaaa,3,1.0
SPA_002210,126,57,ABalaapaap|ABalaappap|ABalaapppp|ABpraapaaa,4,1.0
SPA_002211,126,58,Dpa|ABalapapap|ABplaaaaaa|MSaaapaa,4,1.0
SPA_002212,126,59,ABalpappap|ABalpapppa|MSappppa,3,1.0
SPA_002213,126,60,ABalppappa|ABplpaaaaa|ABplpaapaa,3,1.0
SPA_002214,126,61,ABprppaa|ABaraapppa|ABarapaaap|ABarapaapp,4,1.0
SPA_002215,126,62,ABplappap|ABarppppaa|ABprapaapa,3,1.0
SPA_002216,126,63,MSppaap|ABalpppppa|ABplaapapp,3,1.0
SPA_002217,126,64,ABprppaaa|ABplaapppa|ABplppapaa,3,1.0
SPA_002218,126,65,ABalpaapp|ABplapppap|ABplpppapa|Capppa,4,1.0
SPA_002219,126,66,ABplpapap|MSpaapp|ABplpapapa,3,1.0
SPA_002220,126,67,ABprapaa|Caaaa|ABpraaappp|ABprpaaapp|ABprpaappa,5,1.0
SPA_002221,126,68,ABprapapaa|ABprapapap|ABprapppap,3,1.0
SPA_002222,126,69,Cpaaa|ABpraapapp|ABprpaaapa|ABprpaapap,4,1.0
SPA_002223,126,70,ABpraappap|ABprpaappp|ABprppaaap,3,1.0
SPA_002224,126,71,ABplppppa|ABplaaapaa|MSapapap,3,1.0
SPA_002225,126,72,ABaraaaaa|Caaapp|Caappd|Caappv|Cpapaa,5,1.0
SPA_002226,126,73,ABalppapa|MSpaaaa|Cappap,3,1.0
SPA_002227,126,74,ABalaaaar|Cpapap|Cpappd,3,1.0
SPA_002228,126,75,Cpaapp|Cppppp|ABalappaaa,3,1.0
SPA_002229,126,76,ABplapaap|ABarpppaaa|MSpppaaa,3,1.0
SPA_002230,127,0,ABalaapap|ABalpapaa|ABaraapaa|ABarppappp|ABplapapap|ABplapappa|ABplapappp|ABplappppa,8,1.0
SPA_002231,127,1,ABalapaap|ABplaaaa|Cpaapa,3,1.0
SPA_002232,127,2,ABalapapa|ABprpppppa|Eprpp|ABaraaapapp,4,1.0
SPA_002233,127,3,ABalapapp|ABalpppaa|ABplpaaap|ABplpppppa|Eplpa|Capaap,6,1.0
SPA_002234,127,4,ABalapppa|ABprpapppp|ABaraaapapa,3,1.0
SPA_002235,127,5,ABalpapap|ABaraapap|ABplapapaa|ABplappapp,4,1.0
SPA_002236,127,6,ABalpappa|ABprappap|ABarppapap|ABplappaap|ABplappapa|ABplapppaa,6,1.0
SPA_002237,127,7,ABalppaa|ABplappppp|ABplpppapp,3,1.0
SPA_002238,127,8,ABalppppa|ABplpaapa|MSpaaap|Eplap,4,1.0
SPA_002239,127,9,ABaraaapp|Capppp|ABalpaapapp,3,1.0
SPA_002240,127,10,ABarappap|MSpappp|ABarpaappp|Ealpp|ABalpappppp,5,1.0
SPA_002241,127,11,ABarpaaa|ABarpppppa|ABprapppaa|ABprpppaap,4,1.0
SPA_002242,127,12,ABarpaapp|ABpraapppp|ABprapaapa,3,1.0
SPA_002243,127,13,ABarpapaa|ABplaaapp|ABprpaaaa|ABprppppap|Cppapa|Cpppaa,6,1.0
SPA_002244,127,14,ABarpapap|ABpraaapp|Dppp,3,1.0
SPA_002245,127,15,ABarpappp|ABarppaaa|ABarppppaa,3,1.0
SPA_002246,127,16,ABarppaap|ABplappaa|ABprppapaa,3,1.0
SPA_002247,127,17,ABarppapa|ABpraapap|ABplppapa|ABarappapp|ABarpapppp|ABarpppaaa|ABprpapaap|MSppppp|Dpaa|MSpppaaa,10,1.0
SPA_002248,127,18,ABplaappp|ABprpaaap|Eara|Epraa|MSpppaap,5,1.0
SPA_002249,127,19,ABplapaaa|ABplappap|ABplapppa|ABprppappa,4,1.0
SPA_002250,127,20,ABplapaap|ABpraapaa|ABplppapp|ABprppaapa|Dppa|MSppppap,6,1.0
SPA_002251,127,21,ABplappa|Earp|ABarapappp|ABarpaapap|MSpapaap|MSpapapa|Earpa,7,1.0
SPA_002252,127,22,ABplpapaa|MSaaap|ABprapaap|ABplppaapp,4,1.0
SPA_002253,127,23,ABplpappa|MSppapp|ABalpapapp|ABplpapaap,4,1.0
SPA_002254,127,24,ABplpappp|MSpapap|MSppapa|ABalpapapa|ABplaaapap|MSapppa,6,1.0
SPA_002255,127,25,ABplppap|Ealp|ABarapapap|MSaapaap|Ealaa,5,1.0
SPA_002256,127,26,ABplppppp|ABalpapaaa|MSapaaap|MSapapaa,4,1.0
SPA_002257,127,27,ABpraappp|MSapapp|ABarpapapp|MSppappp|MSpapppp,5,1.0
SPA_002258,127,28,ABprapapa|ABpraaappa|ABpraapapa|ABprpaapaa,4,1.0
SPA_002259,127,29,ABprappp|ABalaaappr|ABalaappaa|ABalaapppa|ABalappapp,5,1.0
SPA_002260,127,30,ABplppaa|ABprpapaa|Eala|MSpappa|ABplpappap,5,1.0
SPA_002261,127,31,ABplpppaa|ABprpappa|MSaaapp|ABalpappap|ABalpapppa|ABaraapapp|ABplaaaapp|MSaapaaa|MSappppa,9,1.0
SPA_002262,127,32,ABprpppaa|ABprppppa|Cappp|Cpapp|Cppaa|Cppap|Cpppp|ABalppaap|ABplaaaaa|MSapaaa|ABalapppaa|ABaraaaaaa|ABaraaaaap|ABaraaaapa|ABaraaaapp|ABaraaapaa|ABarpaaaaa|MSaaaaaa|MSaaaaap|MSpaaaaa,20,1.0
SPA_002263,127,33,MSapaa|ABplppppap|Caaaaa|Capapa|MSapaapp,5,1.0
SPA_002264,127,34,MSapap|MSapappp|MSapppap,3,1.0
SPA_002265,127,35,MSappp|ABalpapppp|MSaapapa,3,1.0
SPA_002266,127,36,MSpaaaa|ABplpppapa|Cappap|Capppa,4,1.0
SPA_002267,127,37,MSpaapp|ABplpapapa|MSapppp|MSapppaa,4,1.0
SPA_002268,127,38,MSpapaa|ABplapaaaa|Daaa,3,1.0
SPA_002269,127,39,ABarapppp|MSppap|MSaappp|ABarpaappa|ABprpappap|MSpapapp,6,1.0
SPA_002270,127,40,Caaap|ABalappppp|ABprpaaaaa,3,1.0
SPA_002271,127,41,Cappa|ABarapaapa|ABarpaaapa|MSaaaapp|MSaaapap,5,1.0
SPA_002272,127,42,Cpaap|ABalaapapa|ABalaapapp|ABpraaaapa|ABpraaapap|ABpraapaap,6,1.0
SPA_002273,127,43,Dap|ABarpaaaa|ABalapapaa|ABalpaapaa|ABaraapaaa,5,1.0
SPA_002274,127,44,Dpa|ABalapapap|ABalpaapap|ABplaaaaaa|MSaaapaa,5,1.0
SPA_002275,127,45,Dpp|ABaraapaap|MSaaaapa,3,1.0
SPA_002276,127,46,ABalppaaa|ABalaaaarr|ABalaaappl|ABalappaaa|ABalappaap|ABalappapa,6,1.0
SPA_002277,127,47,ABarppppa|ABplppppaa|Dapp|MSapappa,4,1.0
SPA_002278,127,48,ABplaaaap|ABaraaapap|ABaraappap,3,1.0
SPA_002279,127,49,ABpraaapa|ABplapppp|ABprappaaa|ABprappapa,4,1.0
SPA_002280,127,50,MSaapaa|ABprppaap|ABplaapppp|ABplapaapa|ABplppapap,5,1.0
SPA_002281,127,51,Eplp|MSapaap|ABarapaaaa,3,1.0
SPA_002282,127,52,MSppaaa|ABalpppapa|ABalppppap,3,1.0
SPA_002283,127,53,MSppaap|ABplaapapp|ABplpaaaap,3,1.0
SPA_002284,127,54,MSappa|MSpppaa|ABplaaappa|MSappaa,4,1.0
SPA_002285,127,55,Capa|ABalaaaala|ABalapaaap|ABalapaapa|ABalppaaaa,5,1.0
SPA_002286,127,56,ABalaapaap|ABalaappap|ABalaapppp|ABalappppa|ABpraapaaa,5,1.0
SPA_002287,127,57,ABalapappa|ABalpaappa|ABplaapaaa,3,1.0
SPA_002288,127,58,ABprpappp|ABarpaaap|ABalpaaaap|ABalpaaapa|ABaraapapa|ABplaaaaap|Dappa,7,1.0
SPA_002289,127,59,ABalppaapp|ABalppapaa|ABalpppaap,3,1.0
SPA_002290,127,60,MSaapp|ABalppappp|ABalpppppp|ABplpaaapp|ABplpaappa,5,1.0
SPA_002291,127,61,Caapp|ABaraaappa|ABaraappaa,3,1.0
SPA_002292,127,62,ABprppapa|Eprp|ABaraaappp|MSpaaaap|MSpaapaa,5,1.0
SPA_002293,127,63,ABprppaa|ABaraapppa|ABarapaaap|ABarapaapp|MSpapppa,5,1.0
SPA_002294,127,64,ABarapapp|ABarppaaap|Daap|Dapa,4,1.0
SPA_002295,127,65,ABalapaaa|ABarpppppp|ABprappppa,3,1.0
SPA_002296,127,66,ABalpappp|ABprappaa|ABplappaaa,3,1.0
SPA_002297,127,67,ABplpaaaa|ABplpppppp|Eplpp,3,1.0
SPA_002298,127,68,ABprapapp|ABpraaaaaa|ABpraaapaa,3,1.0
SPA_002299,127,69,ABpraappap|ABprpaappp|ABprppaaap,3,1.0
SPA_002300,127,70,Cpaaa|ABprpaaapa|ABprpaapap,3,1.0
SPA_002301,127,71,ABplppppa|ABplaaapaa|MSapapap,3,1.0
SPA_002302,127,72,ABarpaaapp|ABarpaapaa|MSpaaapp,3,1.0
SPA_002303,127,73,ABprappa|ABarpapaap|MSppappa,3,1.0
SPA_002304,127,74,ABplpappaa|Ealpa|MSappaaa,3,1.0
SPA_002305,127,75,ABaraaaaa|Caaapp|Caappd|Cpapaa,4,1.0
SPA_002306,127,76,MSpaapa|ABarppaapa|Capaaa,3,1.0
SPA_002307,127,77,ABplpaapp|Eplaa|MSaaappp,3,1.0
SPA_002308,127,78,ABarpppp|ABarpappap|Dpppp,3,1.0
SPA_002309,128,0,ABalaapap|ABalpapaa|ABaraaaap|ABaraapaa|ABarppappp|ABplapappa|ABplapappp|ABplappppa,8,1.0
SPA_002310,128,1,ABalapaaa|ABplaaapa|ABprpppapa|Cppppa,4,1.0
SPA_002311,128,2,ABalapapp|ABplpaaap|ABplpppppa,3,1.0
SPA_002312,128,3,ABalapppa|ABprpapppp|ABaraaapapa,3,1.0
SPA_002313,128,4,ABalpapap|ABaraapap|ABplapapaa|ABplappapp,4,1.0
SPA_002314,128,5,ABalpappp|ABplapaapp|ABplappaaa,3,1.0
SPA_002315,128,6,ABalpaapp|ABalppapa|MSaaaaa|MSpaaaa|ABarppappa|ABplapppap|ABplpppapa|Capapp|Cappap|Capppa,10,1.0
SPA_002316,128,7,ABalpppaa|ABarappaa|Eplpa|Capaap,4,1.0
SPA_002317,128,8,ABaraaapp|ABarapaaa|ABarapaap|ABplpppapp|ABplpppppp|Eplpp|Caaaap|Caaapa|Capppp|ABalpaapapp,10,1.0
SPA_002318,128,9,ABarapapp|ABplpapap|MSpaapa|ABarppaaap|ABplppaapa|Daap|Dapa,7,1.0
SPA_002319,128,10,ABarapppa|MSppaa|Eprap,3,1.0
SPA_002320,128,11,ABarpaaap|ABpraaapa|ABarpppppa|ABprapppaa|ABprpppaap,5,1.0
SPA_002321,128,12,ABarpaapa|ABarpappa|ABprappaaa|ABprappapa,4,1.0
SPA_002322,128,13,ABarpapaa|ABplaaapp|ABprppppap|Cppapa|Cpppaa,5,1.0
SPA_002323,128,14,ABarpappp|ABarppaaa|ABarppppaa,3,1.0
SPA_002324,128,15,ABarppapa|ABpraapap|ABplppaap|ABplppapa|ABarappapp|ABarpapppp|MSppppp|Dpaa|MSpppapa|MSpppapp,10,1.0
SPA_002325,128,16,ABarppapp|ABplapapp|ABpraappp|MSppappp|MSpapppp,5,1.0
SPA_002326,128,17,ABarpppap|ABprapaaa|ABprppaaaa,3,1.0
SPA_002327,128,18,ABarppppp|Caaap|ABalappppp|ABarappppa|ABarpappaa|ABprpaaaaa|MSppapap,7,1.0
SPA_002328,128,19,ABplaappp|ABprpaaap|Eara|ABprpapapa|Epraa|MSppaapa|MSpppaap,7,1.0
SPA_002329,128,20,ABplapaap|ABpraapaa|ABplppapp|ABarpppaap|Dppa|MSppppap,6,1.0
SPA_002330,128,21,ABplappap|ABplapppa|Epra|ABarapappa|ABarappaap|Earaa,6,1.0
SPA_002331,128,22,ABplpapaa|MSaaap|ABplppaapp,3,1.0
SPA_002332,128,23,ABplpappa|MSaapap|MSappa|MSpapaa|MSppapp|ABalpapapp|ABplaaappp|ABplapaaaa|ABplpapaap|ABplppaaaa|MSappap|Daaa,12,1.0
SPA_002333,128,24,ABplpappp|MSpapap|MSppapa|MSpppaa|ABalpapapa|ABplaaapap|ABplaaappa|ABplpapaaa|MSappaa|MSapppa,10,1.0
SPA_002334,128,25,ABplppaa|Eala|ABplpappap|MSaapapp|ABalpappppa,5,1.0
SPA_002335,128,26,ABplppap|MSappp|Ealp|ABalpapppp|ABarapapap|MSaapaap|MSaapapa|Ealaa,8,1.0
SPA_002336,128,27,ABplppppp|Daa|ABalpaappp|MSapaaap|MSapapaa,5,1.0
SPA_002337,128,28,ABpraaapp|ABprppaapp|Cppaaa|Dppp,4,1.0
SPA_002338,128,29,ABprapaap|ABpraaappp|ABpraapapp|ABprpaaaap,4,1.0
SPA_002339,128,30,ABprapapa|ABpraaappa|ABpraapapa|ABprpaapaa,4,1.0
SPA_002340,128,31,ABprapapp|ABpraaaaaa|ABpraaapaa,3,1.0
SPA_002341,128,32,ABprappaa|Caapa|ABarapppaa|ABarpapaap|MSppaaap|MSppappa,6,1.0
SPA_002342,128,33,ABprappp|ABprpppaa|Cpapp|Cpppp|ABalppaaa|ABalppaap|ABalaapaaa|ABalappapa|ABalapppaa|ABaraaaaap|MSpaaaaa,11,1.0
SPA_002343,128,34,ABplpppaa|ABprpappa|ABplaaaapp|MSappppa,4,1.0
SPA_002344,128,35,ABprppaa|ABarpaaapp|ABarpaapaa|MSpaaapp|MSpaapap|MSpapppa,6,1.0
SPA_002345,128,36,ABprppapp|Caapp|ABalapppap|ABaraaappa|ABaraappaa,5,1.0
SPA_002346,128,37,MSaapp|ABalppappp|ABalpppppp|ABplpaaapp|ABplpaappa,5,1.0
SPA_002347,128,38,MSapap|ABplpapapp|MSapppap,3,1.0
SPA_002348,128,39,ABprpapap|MSpppa|MSpppap|ABplpappaa|Ealpa|MSappaaa,6,1.0
SPA_002349,128,40,Earp|ABarapappp|MSpapaap|MSpapapa|Earpa|ABarapapppa,6,1.0
SPA_002350,128,41,ABplapppp|ABprppapa|Eplp|ABplaaaap|MSapaap|ABaraaapap|ABaraappap|ABarapaaaa|ABarapaapa|ABarpapapa|MSpaaapa,11,1.0
SPA_002351,128,42,Eprp|ABaraaappp|MSpaapaa,3,1.0
SPA_002352,128,43,Capa|ABalaaaala|ABalaaaalp|ABalapaapa|ABalapaapp|ABalppaaaa|ABalppaaap,7,1.0
SPA_002353,128,44,Cappp|Cppaa|ABaraaaaaa|ABaraaaapa|MSaaaaap,5,1.0
SPA_002354,128,45,Cpaap|ABalaapapa|ABalaapapp|ABpraaaapa|ABpraaapap,5,1.0
SPA_002355,128,46,Cppap|ABalaaaarl|ABalaaapar|ABalapaaaa,4,1.0
SPA_002356,128,47,Dap|ABalapapaa|ABalpaapaa|ABaraapaaa,4,1.0
SPA_002357,128,48,Dpa|MSaaapa|ABalapapap|ABalpaaapa|ABalpaapap|ABplaaaaaa|ABplaaaaap|MSaaapaa|Dappa,9,1.0
SPA_002358,128,49,Dpp|ABaraapaap|MSaaaapa,3,1.0
SPA_002359,128,50,ABprppppa|ABplaaaaa|MSapaaa|ABaraaaapp|ABaraaapaa|ABarpaaaaa|MSaaaaaa,7,1.0
SPA_002360,128,51,ABprppaap|ABplaapppp|ABplapaapa|ABplppapap,4,1.0
SPA_002361,128,52,MSaaapp|ABaraapapp|ABplaaaapa,3,1.0
SPA_002362,128,53,MSppaaa|ABalpppapa|ABalppppap,3,1.0
SPA_002363,128,54,MSppaap|ABplaapapp|ABplpaaaaa,3,1.0
SPA_002364,128,55,ABpraaaa|Capap|Cpaaap,3,1.0
SPA_002365,128,56,ABalaapaap|ABalaappap|ABalappppa,3,1.0
SPA_002366,128,57,Cpapa|ABalaappaa|ABalaapppp|ABpraapaaa,4,1.0
SPA_002367,128,58,ABalaaappr|ABalaapppa|ABalappapp,3,1.0
SPA_002368,128,59,ABalapappa|ABalpaappa|ABplaapaaa,3,1.0
SPA_002369,128,60,ABplpppap|ABalpaaapp|ABalpapaap,3,1.0
SPA_002370,128,61,ABalppaapa|ABalpppaaa|ABalpppaap,3,1.0
SPA_002371,128,62,ABaraapppa|ABarapaaap|ABarapaapp,3,1.0
SPA_002372,128,63,ABarpaaapa|MSaaaapp|MSaaapap,3,1.0
SPA_002373,128,64,ABarppaapa|Capaaa|Dapp,3,1.0
SPA_002374,128,65,ABaraappp|ABarppapaa|ABplppappa,3,1.0
SPA_002375,128,66,ABalpappa|MSaaaap|ABarppapap|ABplappaap|ABplappapa,5,1.0
SPA_002376,128,67,ABalppappa|ABalpppapp|ABalpppppa|ABplaapapa|ABplpaapaa,5,1.0
SPA_002377,128,68,ABprapapaa|ABprapapap|ABprapppap,3,1.0
SPA_002378,128,69,ABalaaaar|ABarpppppp|ABprapappp,3,1.0
SPA_002379,128,70,ABplapaaa|ABprppappa|ABpraaapppp,3,1.0
SPA_002380,128,71,ABplppppa|ABplaaapaa|MSapapap,3,1.0
SPA_002381,128,72,MSpaapp|ABplpapapa|MSapppp|MSapppaa,4,1.0
SPA_002382,128,73,MSaappp|ABprpappap|MSpapapp,3,1.0
SPA_002383,128,74,ABarppppa|ABarappppp|MSppppa,3,1.0
SPA_002384,128,75,ABaraaaaa|Caaapp|Caappd|Cpapaa,4,1.0
SPA_002385,128,76,ABalaaaal|Cpapap|Cpappd,3,1.0
SPA_002386,128,77,ABarpaappp|Ealpp|ABalpappppp,3,1.0
SPA_002387,128,78,ABplapapa|Dpap|MSppppaa,3,1.0
SPA_002388,129,0,ABalaaaal|Cpapap|Cpappd,3,1.0
SPA_002389,129,1,ABalaaaar|ABarpppppp|ABprapappp,3,1.0
SPA_002390,129,2,ABalaapap|ABalpapaa|ABaraaaap|ABaraapaa|ABarppappp|ABplapappa|ABplappppa,7,1.0
SPA_002391,129,3,ABalapaaa|ABplaaapa|Cppppa,3,1.0
SPA_002392,129,4,ABalapapp|ABalpppaa|ABarappaa|ABplpaaap|ABplpppppa|Eplpa,6,1.0
SPA_002393,129,5,ABalpaapa|Caaapp|Caappd|Cpapaa,4,1.0
SPA_002394,129,6,ABalppapa|MSpaaaa|ABplpppapa|Capapp|Cappap|Capppa,6,1.0
SPA_002395,129,7,ABalppapp|MSaaapa|ABplpppaaa,3,1.0
SPA_002396,129,8,ABarpaaaa|Cppapp|Cpppap,3,1.0
SPA_002397,129,9,ABarpaapp|ABarpappp|ABarppaaa|ABplapaap|ABpraapaa|ABarppppaa|ABpraapppp|ABprapaapa|ABprppapap|Dppa|ABpraaapppa|MSppppap,12,1.0
SPA_002398,129,10,ABarpaapa|ABarpappa|ABprapaapp|ABprappaap,4,1.0
SPA_002399,129,11,ABarppapa|ABpraapap|ABpraappa|ABplppapa|ABplppapp|ABarappapa|ABarpapppp|ABarpppaap|ABprppapaa|MSppppp|Dpaa|MSpppapa|MSpppapp|MSpppppa,14,1.0
SPA_002400,129,12,ABarppapp|ABplapapp|ABpraappp|ABplppaaa|MSppappp,5,1.0
SPA_002401,129,13,ABarppppa|ABplppaap|ABarappppp|MSppppa,4,1.0
SPA_002402,129,14,ABalapaap|ABplaaaa|ABprpppppp|Eprpp|ABaraaapapp,5,1.0
SPA_002403,129,15,ABplaappa|ABprppppaa|Eprpa|ABaraapppap,4,1.0
SPA_002404,129,16,ABplaappp|Eara|ABprpapapa|MSpppaap,4,1.0
SPA_002405,129,17,ABplapaaa|ABprppappa|ABpraaapppp,3,1.0
SPA_002406,129,18,ABplapapa|ABarappapp|ABprpapaap|Dpap|MSppaapa|MSppppaa|MSpppppp,7,1.0
SPA_002407,129,19,ABplappap|ABplapppa|Epra|ABaraapppp|ABarapappa|ABarappaaa|ABarappaap|MSpaapap|Earaa|MSpapppa,10,1.0
SPA_002408,129,20,ABplapppp|Eplp|MSapaap|ABaraaapap|ABaraappap|ABarapaaaa|ABarapaapa,7,1.0
SPA_002409,129,21,ABplpappa|MSappa|MSppapp|ABalpapapp|ABplpapaap|MSappap|MSapppp,7,1.0
SPA_002410,129,22,ABplpappp|MSpapap|MSppapa|MSpppaa|ABalpapapa|ABplaaapap|ABplaaappa|ABplpapaaa|MSappaa|MSapppa|Dapap,11,1.0
SPA_002411,129,23,ABplpppap|ABalpaaapp|ABalpapaap|Dappp,4,1.0
SPA_002412,129,24,ABplppppa|MSppaap|ABalppapap|ABplaaapaa|ABplaapapp|ABplpaaaaa|MSapapap,7,1.0
SPA_002413,129,25,ABplppppp|Daa|ABalpaappp|MSapaaap|MSapapaa,5,1.0
SPA_002414,129,26,ABplaapaa|ABpraaaaa|ABprpaaaa|Capap|Cpaaap,5,1.0
SPA_002415,129,27,ABarpapaa|ABpraaaap|Cppapa|Cpppaa,4,1.0
SPA_002416,129,28,ABarpaaap|ABpraaapa|ABprappaaa|ABprappapa,4,1.0
SPA_002417,129,29,ABprapaap|Cpaaa|ABprpaaapa|ABprpaapap,4,1.0
SPA_002418,129,30,ABprappap|ABalaapaap|ABalaappap|ABalappppa,4,1.0
SPA_002419,129,31,ABprapppa|ABalaappaa|ABalaapppp|ABalappapp|ABpraapaaa,5,1.0
SPA_002420,129,32,ABprapppp|ABprpppaa|Cpapp|Cpppp|ABalppaap|ABalaaaarr|ABalaaappr|ABalaapppa|ABalappapa,9,1.0
SPA_002421,129,33,ABprpappp|MSaaaapp|MSaaapap,3,1.0
SPA_002422,129,34,ABprppaa|ABarpaapaa|MSpaaapp,3,1.0
SPA_002423,129,35,ABprppppa|Dpp|MSapaaa|ABaraaaapp|ABaraaapaa|ABarpaaaaa|MSaaaaaa,7,1.0
SPA_002424,129,36,MSaaapp|MSpaapa|Dapa,3,1.0
SPA_002425,129,37,MSaapaa|ABprppaap|ABplaapppp|ABplapaapa|ABplppapap,5,1.0
SPA_002426,129,38,MSaapap|MSpapaa|ABplapaaaa|Daaa,4,1.0
SPA_002427,129,39,MSaapp|ABalppappp|ABalpppppp|ABplpaaapp|ABplpaappa,5,1.0
SPA_002428,129,40,MSappp|ABalpapppp|MSaapapa,3,1.0
SPA_002429,129,41,MSpaapp|ABplpapapa|MSappapp,3,1.0
SPA_002430,129,42,ABprpapap|MSpppa|ABplpappaa|Ealpa,4,1.0
SPA_002431,129,43,Ealp|MSaapaap|Ealaa,3,1.0
SPA_002432,129,44,ABplappaa|Earp|ABarapappp|MSpapaap|MSpapapa|Earpa|ABarapapppa,7,1.0
SPA_002433,129,45,Eprp|MSapapa|ABaraaappp|MSpaapaa,4,1.0
SPA_002434,129,46,ABprappaa|Caapa|ABarapppaa|ABarpapaap|MSppaaap|MSppapaa|MSppappa|Dpppa,8,1.0
SPA_002435,129,47,Caapp|ABalapppap|ABaraaappa|ABaraappaa,4,1.0
SPA_002436,129,48,Capa|ABalaaaala|ABalapaaap|ABalapaapa|ABalppaaaa,5,1.0
SPA_002437,129,49,Cappp|Cppaa|ABplaaaaa|ABaraaaaaa|MSaaaaap,5,1.0
SPA_002438,129,50,ABprapapp|Cpaap|ABalaapapa|ABalaapapp|ABpraaaapa|ABpraaapaa|ABpraaapap,7,1.0
SPA_002439,129,51,Cppap|ABalaaaarl|ABalaaapar|ABalapaaaa,4,1.0
SPA_002440,129,52,Dap|ABalapapaa|ABalpaapaa|ABaraapaaa,4,1.0
SPA_002441,129,53,MSpappa|ABplpappap|MSaapapp|ABalpappppa,4,1.0
SPA_002442,129,54,MSpappp|ABarpaappp|Ealpp|ABalpappppp,4,1.0
SPA_002443,129,55,MSpppap|ABplaaappp|MSappapa|MSapppaa,4,1.0
SPA_002444,129,56,ABalapappa|ABalpaappa|ABplaapaaa,3,1.0
SPA_002445,129,57,ABalpappap|ABalpapppa|MSaapaaa,3,1.0
SPA_002446,129,58,MSppaaa|ABalppaapp|ABalpppapa|ABalppppap,4,1.0
SPA_002447,129,59,ABalppappa|ABalpppppa|ABplaapapa|ABplpaapaa,4,1.0
SPA_002448,129,60,ABalpaaaaa|ABaraapaap|MSaaaapa,3,1.0
SPA_002449,129,61,ABaraapppa|ABarapaaap|ABarapaapp,3,1.0
SPA_002450,129,62,ABalpappa|MSaaaap|ABarppapap|ABplappapa,4,1.0
SPA_002451,129,63,ABalpapap|ABplappapp|ABplapppaa,3,1.0
SPA_002452,129,64,ABalpaapp|MSaaaaa|ABplapppap,3,1.0
SPA_002453,129,65,ABplpaaaa|ABplpppapp|ABplpppppp|Eplpp|Caaaap|Capppp,6,1.0
SPA_002454,129,66,ABprapapaa|ABprapapap|ABprapppap,3,1.0
SPA_002455,129,67,ABpraappap|ABprpaaapp|ABprpaappp,3,1.0
SPA_002456,129,68,Dpa|ABalpaapap|MSaaapaa,3,1.0
SPA_002457,129,69,MSaappp|ABprpappap|MSpapapp,3,1.0
SPA_002458,129,70,ABarapppa|ABprpapppp|Eprap,3,1.0
SPA_002459,129,71,ABarppaapa|Capaaa|Dapp,3,1.0
SPA_002460,129,72,ABpraaapp|ABprppaapp|Dppp,3,1.0
SPA_002461,129,73,ABarapppp|ABplpaapp|MSaaappp,3,1.0
SPA_002462,129,74,ABarppaaap|Daap|MSapppap,3,1.0
SPA_002463,129,75,ABplpppaa|MSapappp|MSappppa,3,1.0
SPA_002464,130,0,ABalapapp|ABalpppaa|ABarappaa|ABplpaaap|ABplpppppa|Eplpa,6,1.0
SPA_002465,130,1,ABalpaapa|Caaapp|Caappd|Cpapaa,4,1.0
SPA_002466,130,2,ABalpapaa|ABaraaaap|ABaraapaa|ABarppappp|ABplapappp|ABplappppa,6,1.0
SPA_002467,130,3,ABalppapa|MSpaaaa|ABarppappa|ABplpppapa|Capapp|Cappap|Capppa,7,1.0
SPA_002468,130,4,ABalppapp|MSaaapa|ABplpppaaa,3,1.0
SPA_002469,130,5,ABaraaapp|ABplpppapp|ABplpppppp|Eplpp|Caaaap|Caaapa|Capppp|ABalpaapapp,8,1.0
SPA_002470,130,6,ABalpapap|ABaraapap|ABplapapaa|ABplapapap,4,1.0
SPA_002471,130,7,ABarappap|MSpaaap|MSpappp|ABarpaappp|Ealpp|Eplaa|ABalpappppp|ABplpappaap,8,1.0
SPA_002472,130,8,ABarapppa|MSppaa|ABprpapppp|Eprap,4,1.0
SPA_002473,130,9,ABarpaaap|ABarpaapa|ABpraaapa|ABprappaaa|ABprappapa,5,1.0
SPA_002474,130,10,ABarpaapp|ABarpappp|ABarppaaa|ABarppppaa|ABprppapap|ABpraaapppa,6,1.0
SPA_002475,130,11,ABarppapa|ABplaappp|ABplapapa|ABpraappa|ABprpaapa|Eara|ABarappapp|ABprpapaaa|ABprpapaap|ABprpapapa|MSppppp|Dpap|MSppaapa|MSpppaaa|MSpppaap|MSpppapa|MSppppaa|MSpppppp,18,1.0
SPA_002476,130,12,ABarpppap|ABprapaaa|ABpraappap|ABprpaaapp|ABprpaappp,5,1.0
SPA_002477,130,13,ABarppppa|ABarappppp|MSppppa,3,1.0
SPA_002478,130,14,ABalapaaa|ABplaaapa|ABprpppapa|Cppppa,4,1.0
SPA_002479,130,15,ABarpapaa|ABplaapaa|ABpraaaaa|ABprpaaaa|Capap|Cpaaap|Cppapp,7,1.0
SPA_002480,130,16,ABplaappa|ABprppppaa|Eprpa|ABaraapppap,4,1.0
SPA_002481,130,17,ABplappaa|MSpapapa|Earpa,3,1.0
SPA_002482,130,18,ABplappap|Epra|ABaraapppp|ABarapappa|ABarappaap|Earaa,6,1.0
SPA_002483,130,19,ABplapppp|Eplp|ABplaaaap|MSapaap|ABaraaapap|ABaraappap|ABarapaaaa|ABarapaapa,8,1.0
SPA_002484,130,20,ABalppppp|ABarapppp|ABplpaapp|MSaaappp,4,1.0
SPA_002485,130,21,ABplpappa|MSaapap|MSappa|ABalpapapp|ABplaaappp|ABplapaaaa|ABplpapaap|MSappap|MSapppp|Daaa,10,1.0
SPA_002486,130,22,ABplpappp|MSpapap|MSpppaa|ABalpapapa|ABplaaapap|ABplaaappa|ABplpaaaap|ABplpapaaa|MSapppa|Dapap,10,1.0
SPA_002487,130,23,ABplpppap|Dpa|ABalapapap|ABalpaaapa|ABalpaaapp|ABalpaapap|ABaraapapa|ABplaaaaaa|MSaaapaa|Dappa,10,1.0
SPA_002488,130,24,ABplppppa|MSppaap|ABalppapap|ABplaapapp|ABplpaaaaa,5,1.0
SPA_002489,130,25,ABplppppp|MSapaaap|MSapapaa,3,1.0
SPA_002490,130,26,ABpraaaap|ABarpppapp|Cppapa|Cpppaa,4,1.0
SPA_002491,130,27,ABpraaapp|ABarpppapa|ABprppaapp|Dppp,4,1.0
SPA_002492,130,28,ABpraappp|ABplppaaa|Dpppp,3,1.0
SPA_002493,130,29,ABprapaap|Cpaaa|ABpraaappp|ABpraapapp|ABprpaaaap|ABprpaaapa|ABprpaapap|ABprpaappa,8,1.0
SPA_002494,130,30,ABprapapa|ABpraaappa|ABpraapapa|ABprpaapaa,4,1.0
SPA_002495,130,31,ABprapppa|ABprapppp|ABprpppaa|Cpapp|Cpppp|ABalppaaa|ABalppaap|ABalaaappr|ABalaappaa|ABalaapppa|ABalaapppp|ABalappapa|ABalappapp|ABalapppaa|ABpraapaaa,15,1.0
SPA_002496,130,32,ABprppapa|ABarpapapa|MSpaaapa,3,1.0
SPA_002497,130,33,ABarapapp|MSaaapp|MSapap|ABarppaaap|MSapppap,5,1.0
SPA_002498,130,34,MSaapaa|ABprppaap|ABplapaapa|ABplppapap,4,1.0
SPA_002499,130,35,MSapaa|ABplppppap|MSapaapp,3,1.0
SPA_002500,130,36,MSpaapp|MSpapaa|ABplpapapa|Daap|MSappapp,5,1.0
SPA_002501,130,37,Ealp|ABarapapap|MSaapaap|Ealaa,4,1.0
SPA_002502,130,38,Earp|ABarapappp|ABarpaapap|MSpapaap|ABarapapppa,5,1.0
SPA_002503,130,39,Eprp|MSapapa|ABaraaappp|MSpaapaa,4,1.0
SPA_002504,130,40,Caapp|ABaraaappa|ABaraappaa,3,1.0
SPA_002505,130,41,Capa|ABalaaaala|ABalapaaap|ABalapaapa|ABalppaaaa,5,1.0
SPA_002506,130,42,Cappp|Cppaa|ABaraaaaaa|MSaaaaap,4,1.0
SPA_002507,130,43,Cpaap|ABalaapapa|ABalaapapp|ABpraaaapa|ABpraaapap|ABpraapaap,6,1.0
SPA_002508,130,44,Dap|ABalpaapaa|ABaraapaaa,3,1.0
SPA_002509,130,45,Dpp|ABplaaaaa|MSapaaa|ABaraaaaap|ABaraaaapp|ABaraaapaa|ABarpaaaaa|MSaaaaaa|MSpaaaaa,9,1.0
SPA_002510,130,46,ABplppapa|ABarpapppp|Dpaa,3,1.0
SPA_002511,130,47,ABplppapp|ABarpppaap|ABprppapaa|MSpppapp,4,1.0
SPA_002512,130,48,MSpappa|ABplpappap|MSaapapp|Ealpa|ABalpappppa,5,1.0
SPA_002513,130,49,MSppaaa|ABalppaapp|ABalpppapa|ABalpppapp,4,1.0
SPA_002514,130,50,ABplppaa|MSpppap|MSappaaa|MSappapa|MSapppaa,5,1.0
SPA_002515,130,51,Cppap|ABalaaapar|ABalappaaa|ABalappaap,4,1.0
SPA_002516,130,52,ABprappap|ABalaapaap|ABalaappap,3,1.0
SPA_002517,130,53,ABalapappa|ABalpaappa|ABplaapaaa|MSapaaaa,4,1.0
SPA_002518,130,54,ABalpappap|ABalpapppa|ABplaaaapp,3,1.0
SPA_002519,130,55,ABalppappa|ABalpppppa|ABplaapapa|ABplpaapaa,4,1.0
SPA_002520,130,56,ABalpaaaaa|ABaraapaap|MSaaaapa,3,1.0
SPA_002521,130,57,ABplapppa|ABaraapppa|ABarapaaap|ABarapaapp,4,1.0
SPA_002522,130,58,Caapa|ABarapppaa|ABarpapaap|MSppaaap,4,1.0
SPA_002523,130,59,ABarpaaapa|MSaaaapp|MSaaapap,3,1.0
SPA_002524,130,60,ABprppaa|ABarpaapaa|MSpaaapp,3,1.0
SPA_002525,130,61,ABalpappa|MSaaaap|ABarppapap|ABplappapa,4,1.0
SPA_002526,130,62,ABplaaapaa|MSapapap|Dapaa,3,1.0
SPA_002527,130,63,ABalpaapp|MSaaaaa|ABplapppap,3,1.0
SPA_002528,130,64,ABalppappp|ABalpppppp|ABplpaaapp|ABplpaappa,4,1.0
SPA_002529,130,65,ABalaaaar|ABarpppppp|ABprapappp,3,1.0
SPA_002530,130,66,ABarpappa|ABprapaapp|ABprappaap,3,1.0
SPA_002531,130,67,ABplapaaa|ABprppappa|ABpraaapppp,3,1.0
SPA_002532,130,68,ABarpppppa|ABprapppaa|ABprpppaap,3,1.0
SPA_002533,130,69,ABalapaap|ABplaaaa|ABprpppppp,3,1.0
SPA_002534,130,70,MSppapa|Epraa|ABaraapppaa,3,1.0
SPA_002535,130,71,ABalaaaal|Cpapap|Cpappd,3,1.0
SPA_002536,130,72,ABplapaap|Dppa|MSppppap,3,1.0
SPA_002537,131,0,ABalaaapp|ABalappaa|ABarapaaa|Cpapap|Cpappd|ABalaapaaa|ABaraaaaap|ABaraaaapa|ABarpaaaaa,9,1.0
SPA_002538,131,1,ABalapaaa|ABplaaapa|Caaapp|Caappd|Cpapaa|ABalaapaap,6,1.0
SPA_002539,131,2,ABalapapp|ABalpppaa|ABarappaa|ABplpaaap|MSaaaapp,5,1.0
SPA_002540,131,3,ABalapppa|MSppaaa|Capap|Caaaap|ABarpaaapp|MSpaapaa,6,1.0
SPA_002541,131,4,ABalpaapp|ABaraapap|MSaaaaa|MSpaaaa|ABarpppppp|ABprapapap|ABprapappa|ABprappppa|ABprpppapp,9,1.0
SPA_002542,131,5,ABaraaaap|ABalaaaarl|ABalapaaaa|ABalapaaap,4,1.0
SPA_002543,131,6,ABaraaapp|ABplpaaaa|ABprapappp|Cpaapp|ABaraaaapp|ABarpaaaap,6,1.0
SPA_002544,131,7,ABaraappa|ABprapapaa|ABprapppap|ABalpapaaa|Eplpp,5,1.0
SPA_002545,131,8,ABalppapp|ABaraappp|MSaaapa|ABarppppap|ABprappaap|ABprappapa|ABprppppap|ABalpapaap,8,1.0
SPA_002546,131,9,ABarapaap|ABprappppp|Cpaapa|Cppppa|ABprpppppp|ABalpaaaap|MSaaaapa|Eprpp,8,1.0
SPA_002547,131,10,ABarapapa|MSapaa|ABarpppapp|Cppapa|Cpppaa|ABprpapppp|Dappp,7,1.0
SPA_002548,131,11,ABarapapp|ABplpapaa|MSaaapp|MSpaapa|MSppppp|ABarpppapa|ABarppppaa|Cppaaa|ABprpapapp|Dapa|Dapap|Dappa,12,1.0
SPA_002549,131,12,ABarpaaaa|ABpraaaaa|ABarppappp|ABplappppp|ABplpppapp,5,1.0
SPA_002550,131,13,ABarpaapp|ABarpappp|ABarppaaa|ABpraapaa|ABplapaapp|ABplappaaa|ABplaapppp,7,1.0
SPA_002551,131,14,ABarpapaa|ABplaaapp|ABplaappa|ABprpaaaa|ABarppappa|Capapp|Cappap|Capppa|ABplpppppa|Dppp|ABarpapapa,11,1.0
SPA_002552,131,15,ABarpapap|ABplapaaa|ABplappaap|ABplappapa|ABplapppaa|ABplpppaap,6,1.0
SPA_002553,131,16,ABarppapa|ABplapapa|ABplapaaaa,3,1.0
SPA_002554,131,17,ABarpppap|ABprapaaa|ABplpaaapp|ABplpaappa,4,1.0
SPA_002555,131,18,ABarppppp|Caaap|Cpaap|ABalpapapa|ABalppapap|ABalppappa|ABalpppaap|ABalppppap|ABplaaapaa,9,1.0
SPA_002556,131,19,ABplaappp|ABprpaapa|Eara|Capaa|MSapppp|ABarppaaap|Capaaa|ABplpapppa|Dpap|ABarappapp,10,1.0
SPA_002557,131,20,ABplapppa|ABplapppp|ABprppapa|Eplp|ABalpappaa|ABaraapapa|ABaraapapp|ABplaaaapp|MSaaapap|MSppapap|MSppappa|ABalpaapapp,12,1.0
SPA_002558,131,21,ABalppppa|ABarappap|ABplpaapa|MSpaaap|Cppaap|Ealaa|Eprap,7,1.0
SPA_002559,131,22,ABplpappa|MSaapap|MSpapaa|MSppppa|ABarpppaaa|ABarpppaap|ABprapaaaa|ABprpapaap|ABprpapapa|Daaa|MSaapapp|Dapaa,12,1.0
SPA_002560,131,23,ABpraaapp|ABarppapap|ABarpappap,3,1.0
SPA_002561,131,24,ABarppaap|ABpraapap|ABplaapppa|ABprppaaap,4,1.0
SPA_002562,131,25,ABprapaap|Cpaaa|ABalpapapp|ABalppappp|ABalpppppp|ABplpaapap|ABplpapaaa|ABprppappa,8,1.0
SPA_002563,131,26,ABprapapa|ABalpppppa|ABplaapapa|ABprppappp,4,1.0
SPA_002564,131,27,ABprapppp|ABprpppaa|Cpapp|Cpppp|ABalppaaa|ABalppaap|ABalapapap|ABalpaapap|ABaraapaaa,9,1.0
SPA_002565,131,28,ABprpppap|Cpppa|ABalapapaa|ABalpaapaa|MSaaaaaa,5,1.0
SPA_002566,131,29,MSappp|Ealp|Ealpp,3,1.0
SPA_002567,131,30,ABplappaa|Earp|MSappap|ABarppaaaa,4,1.0
SPA_002568,131,31,Dpp|MSaaapaa|MSppaaaa,3,1.0
SPA_002569,131,32,ABplaaaap|ABarpaapaa|MSppaaap,3,1.0
SPA_002570,131,33,ABplapaap|ABplppapp|ABplapaapa|ABplpapapp,4,1.0
SPA_002571,131,34,Eprp|MSapapa|ABalapappp,3,1.0
SPA_002572,131,35,ABarpppppa|ABprapppaa|ABprpppppa|Dapp|Eplpa,5,1.0
SPA_002573,131,36,ABarpaaap|ABplapapaa|ABplapapap|ABplapppap,4,1.0
SPA_002574,131,37,ABprapaapp|ABprappaaa|ABprppppaa,3,1.0
SPA_002575,131,38,ABarapppa|Caaaaa|Capaap|ABplpapppp|ABarappaaa|MSpaapap,6,1.0
SPA_002576,131,39,Capapa|Cappaa|ABarpapapp,3,1.0
SPA_002577,131,40,ABalapapa|ABalappap|Cppppp,3,1.0
SPA_002578,131,41,Cappp|Cppap|ABalapppaa,3,1.0
SPA_002579,131,42,Capa|ABalaappap|ABalapppap,3,1.0
SPA_002580,131,43,ABprappap|ABalppppaa|ABplaapaap,3,1.0
SPA_002581,131,44,ABaraaapap|ABaraaappa|ABaraappaa|ABarpapaap|MSpaaaap,5,1.0
SPA_002582,131,45,Cappa|ABaraaappp|ABaraappap,3,1.0
SPA_002583,131,46,ABarapppap|ABarappppp|ABpraaappp|ABpraapapa|ABprpaaaap|ABprpaaapa|ABplppaapp|ABplppappa|MSapappp,9,1.0
SPA_002584,131,47,Epla|ABarpaappa|Eplaa,3,1.0
SPA_002585,131,48,Epra|MSapapp|ABplaaappa,3,1.0
SPA_002586,131,49,MSpapp|ABpraaappa|ABpraapaap,3,1.0
SPA_002587,131,50,ABplpappp|MSaapp|ABpraapapp,3,1.0
SPA_002588,131,51,ABpraapppa|ABprpaappp|ABprppaapa|ABplppaaap,4,1.0
SPA_002589,131,52,MSaaaap|ABprappapp|ABprpppapa,3,1.0
SPA_002590,131,53,ABalaaaarr|ABalappaaa|ABalappaap|ABaraaaaaa,4,1.0
SPA_002591,131,54,ABplapappp|ABplappppa|ABalaapapp,3,1.0
SPA_002592,131,55,ABplppapa|ABplpapapa|ABprppapaa,3,1.0
SPA_002593,131,56,ABplpppaa|ABprpapaaa|MSaapapa,3,1.0
SPA_002594,131,57,MSapaap|MSppapaa|ABalpaapapa,3,1.0
SPA_002595,132,0,ABalaaapp|ABalappaa|ABarapaaa|Cpapap|Cpappd|ABaraaaapa|ABarpaaaaa,7,1.0
SPA_002596,132,1,ABalapaaa|ABplaaapa|Caaapp|Caappd|Cpapaa|ABalaapaap,6,1.0
SPA_002597,132,2,ABalapppa|ABplaaaap|MSppaaa|Capap|Capapp|Capppp|ABplpppppa|MSpaapaa,8,1.0
SPA_002598,132,3,ABalpaapp|MSpaaaa|ABprapapap|ABprapappa|ABprappppa|ABprpppapp|ABalpaaaaa,7,1.0
SPA_002599,132,4,ABalaapap|ABalpapaa|ABaraapaa,3,1.0
SPA_002600,132,5,ABalapapp|ABalpppaa|ABplpaaap,3,1.0
SPA_002601,132,6,ABaraappa|MSaaaap|ABprappapp|ABprpppapa|ABalpapaaa,5,1.0
SPA_002602,132,7,ABaraappp|MSaaapa|ABprappaap|ABprappapa|ABprppppap|ABalpapaap,6,1.0
SPA_002603,132,8,ABalppapa|ABarapaap|ABprappppp|Cpaapa|Cppppa|ABprpppppp|ABalpaaaap|ABaraaaapp|Eprpp,9,1.0
SPA_002604,132,9,ABarapapa|Cppapp|ABprpapppp|Eprpa,4,1.0
SPA_002605,132,10,ABarapapp|MSaaapp|MSppppp|ABarppppaa|Cppaaa|ABprppppaa|Daap|Dapa|MSaapapa|Dapap|Dappa,11,1.0
SPA_002606,132,11,ABarpaaaa|ABpraaaaa|ABarppappp|ABplappppp|ABplpppapp,5,1.0
SPA_002607,132,12,ABarpapaa|ABplaapaa|ABprpaaaa|ABarppappa|Cappap,5,1.0
SPA_002608,132,13,ABarpapap|ABplapaaa|ABplappaap|ABplappapa,4,1.0
SPA_002609,132,14,ABarpaapp|ABarpappp|ABpraappap,3,1.0
SPA_002610,132,15,ABarppaaa|ABplapaapp|ABplappaaa|ABplppaapp,4,1.0
SPA_002611,132,16,ABarppapa|ABplapapa|MSapppa|ABplapaaaa,4,1.0
SPA_002612,132,17,ABarppppp|ABprapapa|ABalppappa|ABalpppppa|ABplaapapa|ABprppappp,6,1.0
SPA_002613,132,18,ABplapppa|ABaraapapp|ABplaaaapp|MSaapaaa|MSppappa,5,1.0
SPA_002614,132,19,ABplapppp|ABprppapa|Eplp|ABaraapapa|ABarpaapaa|MSaaaapp|MSaaapap|MSppapap|ABalpaapapp,9,1.0
SPA_002615,132,20,ABplpaapa|MSpaaap|Cppaap|Eprap,4,1.0
SPA_002616,132,21,ABplpappa|MSaapap|MSpapaa|MSppppa|ABarpppaaa|ABarpppaap|ABprapaaaa|Daaa|Dapaa,9,1.0
SPA_002617,132,22,ABarpaapa|ABpraaapa|ABplappapp,3,1.0
SPA_002618,132,23,ABarpppap|ABprapaaa|ABplppapa|ABplpapapa|ABprppapaa|MSppppaa,6,1.0
SPA_002619,132,24,ABprapaap|Cpaaa|ABalppappp|ABalpppppp|ABplaappaa|ABplpaapap|ABplpapaaa|ABprppappa,8,1.0
SPA_002620,132,25,ABprapapp|Cpaap|ABalppapap|ABalpppaap,4,1.0
SPA_002621,132,26,ABprappap|ABalpaappp|ABalppppaa|ABplaapaap,4,1.0
SPA_002622,132,27,ABprapppp|ABprpppaa|Cpapp|Cpppp|ABalppaaa|ABalppaap|ABalapaaap|ABalapapap|ABalpaapap|ABalpaappa|ABaraapaaa|ABplaaaaaa,12,1.0
SPA_002623,132,28,ABprpppap|Cpppa|ABalaaaarl|ABalapapaa|ABalpaapaa|MSaaaaaa,6,1.0
SPA_002624,132,29,ABplpappp|MSaapp|ABarappapp|ABpraapapp,4,1.0
SPA_002625,132,30,MSapap|ABarpppapa|Ealpa,3,1.0
SPA_002626,132,31,MSappp|Ealp|Earpa|Ealpp,4,1.0
SPA_002627,132,32,MSppapa|Capaa|Dpap,3,1.0
SPA_002628,132,33,ABplappaa|Earp|MSappap|ABarppaaaa,4,1.0
SPA_002629,132,34,Epra|MSapapp|ABplaaappa,3,1.0
SPA_002630,132,35,Caaap|ABalppppap|ABplaaapaa,3,1.0
SPA_002631,132,36,Cappp|Cppap|ABalapppaa,3,1.0
SPA_002632,132,37,ABprapppa|Cpapa|ABalppapaa|ABplaapaaa,4,1.0
SPA_002633,132,38,ABprppppa|Cppaa|ABaraappaa|ABarpapaap|MSpaaaap,5,1.0
SPA_002634,132,39,Caapp|Dpp|ABaraapaap|MSaaaapa|MSaaapaa|MSppaaaa,6,1.0
SPA_002635,132,40,Eprp|MSapapa|ABalapappp|ABalpappaa,4,1.0
SPA_002636,132,41,MSpppap|ABprpappap|MSaapapp,3,1.0
SPA_002637,132,42,ABprpaapa|MSapppp|Capaaa|ABplpapppa|Dppa,5,1.0
SPA_002638,132,43,MSapaa|ABarpppapp|Cppapa|Cpppaa|Dappp,5,1.0
SPA_002639,132,44,ABarpppppa|ABprapppaa|ABprpppppa|Eplpa,4,1.0
SPA_002640,132,45,ABarapppa|Caaaaa|Capaap|ABplpapppp|ABarappaaa|MSpaapap,6,1.0
SPA_002641,132,46,ABalapapa|ABalappap|Cppppp,3,1.0
SPA_002642,132,47,ABprppppp|ABalaaaarr|ABarpapaaa,3,1.0
SPA_002643,132,48,ABalaaaala|ABalaaapal|ABalapaaaa,3,1.0
SPA_002644,132,49,ABplpppap|ABalappppp|ABarapaapp|ABarapappa,4,1.0
SPA_002645,132,50,ABprappaa|ABalpapppa|ABplaaapap,3,1.0
SPA_002646,132,51,ABaraapppa|ABarpapapp|MSpaaapp|Eplap,4,1.0
SPA_002647,132,52,ABarapaaap|ABarapaapa|ABarapapaa,3,1.0
SPA_002648,132,53,ABarappapa|ABarappppp|ABpraaappp|ABprpaaapa|MSapappp,5,1.0
SPA_002649,132,54,ABarapppap|ABprpaaaap|MSapappa,3,1.0
SPA_002650,132,55,ABarppaap|ABpraapap|ABplaapppa|ABplppaapa|ABprppaaap,5,1.0
SPA_002651,132,56,ABplpapapp|ABplpappap|Dpaa,3,1.0
SPA_002652,132,57,ABarapppaa|ABpraaappa|ABpraapaap|ABprpaaaaa|ABplppappp,5,1.0
SPA_002653,132,58,ABpraapppa|ABprpaappp|ABprppaapa|ABplppaaap,4,1.0
SPA_002654,132,59,ABarappppa|ABprpaapap|ABplppapap,3,1.0
SPA_002655,132,60,MSapaap|ABarpaaapp|MSppaaap,3,1.0
SPA_002656,132,61,ABprppaa|Epla|MSppappp,3,1.0
SPA_002657,132,62,ABprapapaa|ABprapppap|Eplpp,3,1.0
SPA_002658,133,0,ABalaaapp|ABalappaa|ABarapaaa|Cpaapp|Cpapap|Cpappd|ABaraaaapa|ABarpaaaaa,8,1.0
SPA_002659,133,1,ABalapaaa|ABplaaapa|Caaapp|Caappd|Cpapaa|ABalaapaap,6,1.0
SPA_002660,133,2,ABalapppa|ABplaaaap|ABprpaaaa|MSppaaa|Capap|Caaapa|Capapp|Capppp|ABplpppppa|MSpaapaa,10,1.0
SPA_002661,133,3,ABaraappp|ABprappaap|ABprappapa|ABprppppap,4,1.0
SPA_002662,133,4,ABarapapp|MSaaapp|Cppaaa|Dappa,4,1.0
SPA_002663,133,5,ABarpaaaa|ABpraaaaa|ABplappppp|ABplpppapp,4,1.0
SPA_002664,133,6,ABarpaapp|ABarpappp|ABarppaaa|ABpraapaa|ABplapaapp|ABplappaaa|ABplppaapp|ABplppappa|ABplpppaaa,9,1.0
SPA_002665,133,7,ABarpapaa|ABplaapaa|ABarppappa|Cappap,4,1.0
SPA_002666,133,8,ABarppapa|ABplapapa|MSapppa|ABplapaaaa,4,1.0
SPA_002667,133,9,ABarppppp|ABprapapa|Caaap|ABalppppap|ABalpppppa|ABplaaapaa|ABplaapapa|ABprppappp,8,1.0
SPA_002668,133,10,ABplaaapp|ABpraaaap|ABplapapaa|ABplapppap|ABplappppa,5,1.0
SPA_002669,133,11,ABplapaap|ABplapaaap|ABplpapapp|ABplpappap|Dpaa,5,1.0
SPA_002670,133,12,ABplapppa|ABaraapapp|ABplaaaapp|MSaapaaa,4,1.0
SPA_002671,133,13,ABplapppp|MSapaap|ABarpaapaa|MSppaaap,4,1.0
SPA_002672,133,14,ABplpaaaa|ABprappppp|ABprpppppp|ABaraaaapp|ABarpaaaap,5,1.0
SPA_002673,133,15,ABplpaapa|MSpaaap|Cppaap|Ealaa|Eprap,5,1.0
SPA_002674,133,16,ABplpapap|MSaapaa|MSpapaa|ABprppaap|ABprapaaap|ABprapaapa|Daaa|ABplppaaaa|Dapaa,9,1.0
SPA_002675,133,17,ABplpappa|MSppppa|ABprapaaaa|ABprpapaap,4,1.0
SPA_002676,133,18,ABplpappp|MSaappp|ABpraapapp|ABprpaaapa,4,1.0
SPA_002677,133,19,ABprapaap|Cpaaa|ABalpapapp|ABalppappp|ABalpppppp|ABplaappaa|ABplpaapap|ABplpapaaa|ABprppappa,9,1.0
SPA_002678,133,20,ABprapapp|Cpaap|ABalppapap|ABalpppaap|ABalpppapa,5,1.0
SPA_002679,133,21,ABprapppp|ABprpppaa|Cpapp|ABalppaap,4,1.0
SPA_002680,133,22,ABprpaapa|MSapppp|ABplpapppa|Dpap,4,1.0
SPA_002681,133,23,ABplpaapp|ABprpapaa|MSpappp|MSpapapa|Ealap|MSpapppa|Epraa,7,1.0
SPA_002682,133,24,ABprppapa|Eplp|MSapapa|ABalpapaap|ABaraapapa|MSaaaapp|MSaaapap|MSppapaa|MSppapap|ABalpaapapp,10,1.0
SPA_002683,133,25,ABprpppap|ABalaaaarl|ABalapapaa|MSaaaaaa,4,1.0
SPA_002684,133,26,ABprppppa|Cppaa|ABalpaapaa|ABaraappaa|ABarpapaap|MSpaaaaa|MSpaaaap,7,1.0
SPA_002685,133,27,ABprpapap|MSpppa|Earap,3,1.0
SPA_002686,133,28,ABplappaa|Earp|MSappap|ABarppaaaa|MSaapapp,5,1.0
SPA_002687,133,29,Epra|MSapapp|ABplaaappa,3,1.0
SPA_002688,133,30,Cappp|Cppap|ABalapppaa|ABalpaaaaa,4,1.0
SPA_002689,133,31,Cappa|Dap|ABaraappap,3,1.0
SPA_002690,133,32,Dpp|ABalpaapap|ABarpaaapp|MSaaapaa|MSppaaaa,5,1.0
SPA_002691,133,33,MSppppp|ABarppppaa|Dapa|Dapap,4,1.0
SPA_002692,133,34,ABarpppppa|ABprapppaa|Dapp|Eplpa,4,1.0
SPA_002693,133,35,ABplapappa|ABplapappp|ABpraaaaaa,3,1.0
SPA_002694,133,36,ABarpapap|ABplappaap|ABplappapa|ABplppappp,4,1.0
SPA_002695,133,37,ABplaapap|ABplapppaa|ABplpppaap,3,1.0
SPA_002696,133,38,ABalpaapp|MSpaaaa|ABprapapap|ABprapappa,4,1.0
SPA_002697,133,39,ABaraaapp|ABarpppppp|ABprapappp,3,1.0
SPA_002698,133,40,ABprapaapp|ABprappaaa|ABprpppaaa,3,1.0
SPA_002699,133,41,ABprapapaa|ABprapppap|ABprpppppa|Eplpp,4,1.0
SPA_002700,133,42,MSppaap|Caaaaa|Capaap|ABplpapppp|ABarappaaa|MSpaapap,6,1.0
SPA_002701,133,43,ABplaappa|Capapa|Cappaa|ABplppppap|Dppp,5,1.0
SPA_002702,133,44,ABarpppapp|Cppapa|Cpppaa|Dappp,4,1.0
SPA_002703,133,45,Cppapp|ABprpapppp|Eprpa,3,1.0
SPA_002704,133,46,ABalppapa|Cppppa|Eprpp,3,1.0
SPA_002705,133,47,ABalaaaala|ABalaaapal|ABalapaaaa,3,1.0
SPA_002706,133,48,ABalapaaap|ABalapapap|ABalpaappa|ABplaaaaaa,4,1.0
SPA_002707,133,49,ABplpppap|Daa|ABalappppp|ABarpappap,4,1.0
SPA_002708,133,50,Caapp|ABalpapaaa|ABaraapaap|MSaaaapa|ABalpaapapa,5,1.0
SPA_002709,133,51,ABarapaaap|ABarapaapa|ABarapapaa,3,1.0
SPA_002710,133,52,ABarapppaa|ABpraaaapp|ABpraaappa|ABpraapaap|ABprpaaaaa|MSapaapa,6,1.0
SPA_002711,133,53,ABarapppap|ABprpaaaap|MSapaapp,3,1.0
SPA_002712,133,54,ABarappppa|ABpraappaa|ABprpaaapp|ABprpaapap|ABprpaappa|ABplppapap|MSapppaa|MSapppap,8,1.0
SPA_002713,133,55,ABpraapppa|ABprppaapa|ABplppaaap,3,1.0
SPA_002714,133,56,Eala|MSpappa|Earpp,3,1.0
SPA_002715,133,57,ABarpaappa|MSpapaap|Eplaa,3,1.0
SPA_002716,133,58,Epla|MSppappp|MSaaappa,3,1.0
SPA_002717,134,0,ABalapapa|ABalappap|Cppppp,3,1.0
SPA_002718,134,1,ABalapapp|ABalpppaa|ABarappaa|ABplpppppp,4,1.0
SPA_002719,134,2,ABalaaapp|ABalappaa|ABalppaa|ABaraaapp|ABarapaaa|ABprapappp|Cpapap|Cpappd|ABaraaaapa,9,1.0
SPA_002720,134,3,ABaraappp|ABprappaap|ABprappapa|ABprppppap,4,1.0
SPA_002721,134,4,ABarapapa|MSpaaap|Cppaap|Cppapp|ABprpapppp|Eprpa,6,1.0
SPA_002722,134,5,ABarapapp|MSaaapp|Cppaaa|Dappa,4,1.0
SPA_002723,134,6,ABarpaaaa|ABpraaaaa|ABplappppp,3,1.0
SPA_002724,134,7,ABarpaapp|ABarpappp|ABarppaaa|ABplapaapp|ABplappaaa|ABplppaapp|ABplppappa,7,1.0
SPA_002725,134,8,ABarpapaa|ABarppappa|Cappap,3,1.0
SPA_002726,134,9,ABarpapap|ABplappaap|ABplappapa|ABplppappp,4,1.0
SPA_002727,134,10,ABarppapa|ABplapapa|ABplapaaaa|Epraa,4,1.0
SPA_002728,134,11,ABarppaap|ABarpppap|ABpraapap|ABprapaaa|ABplaapppa|ABplpaappp|ABplpapapa|ABprppaaap|MSppppaa,9,1.0
SPA_002729,134,12,ABarppppp|ABprapapa|Caaap|ABalppppap|ABplaaapaa|ABplaapapa|ABprppappp,7,1.0
SPA_002730,134,13,ABplaaaap|ABprpaaaa|MSppaaa|Caaapa|Capapp|Capppp|ABplpppppa|MSppaaap,8,1.0
SPA_002731,134,14,ABplapppa|ABaraapapp|ABplaaaapp|Ealaa,4,1.0
SPA_002732,134,15,ABplpappa|MSppppa|ABprapaaaa|ABprpapaap,4,1.0
SPA_002733,134,16,ABplpappp|MSpapap|MSpppaa|ABpraapapp|ABprpapaaa|ABprpappaa,6,1.0
SPA_002734,134,17,ABplaaapp|ABpraaaap|ABplapapaa|ABplapppap,4,1.0
SPA_002735,134,18,ABprapaap|Cpaaa|ABalpapapp|ABalppappp|ABplaappaa|ABplpaaapa|ABplpaaapp|ABplpaapap|ABplpapaaa|ABprppappa,10,1.0
SPA_002736,134,19,ABprapapp|Cpaap|ABalppapap|ABalpppaap|ABalpppapa,5,1.0
SPA_002737,134,20,ABprapppa|Cpapa|ABalapaapp|ABalppapaa,4,1.0
SPA_002738,134,21,ABprapppp|ABprpppaa|Cpapp|ABalppaap|ABalapaaap|ABarpaaaap,6,1.0
SPA_002739,134,22,ABplaappp|ABprpaapa|Eara|ABplpapppa|Dpap,5,1.0
SPA_002740,134,23,ABprpappp|ABaraapppp|MSpapaaa,3,1.0
SPA_002741,134,24,ABprppapa|Eplp|ABalpappaa|ABalpapaap|ABaraapapa|MSaaaapp|MSppapap|ABalpaapapp,8,1.0
SPA_002742,134,25,ABprpppap|Cpppa|ABalppaaa|ABalaaaarl|ABalapapaa|ABarpaaaaa|MSaaaaaa,7,1.0
SPA_002743,134,26,MSaaaaa|ABprapapap|ABprapappa,3,1.0
SPA_002744,134,27,ABalppapp|MSaaapa|ABarpppapp|Cppapa|Cpppaa|Dapp|Dappp,7,1.0
SPA_002745,134,28,MSaapaa|ABprppaap|ABprapaapa|ABprppapap|ABplppaaaa,5,1.0
SPA_002746,134,29,MSapap|MSpapppp|MSaapppp,3,1.0
SPA_002747,134,30,MSpaaaa|ABprapapaa|ABprapppap|Eplpp,4,1.0
SPA_002748,134,31,ABplpapap|MSpapaa|ABprapaaap|ABprppapaa,4,1.0
SPA_002749,134,32,MSppaap|Caaaaa|Capaap|ABplpapppp|MSpaapap,5,1.0
SPA_002750,134,33,ABprpapap|MSpppa|Earap,3,1.0
SPA_002751,134,34,ABplappaa|Earp|MSappap|ABarppaaaa|MSaapapp|ABarapapppa,6,1.0
SPA_002752,134,35,Capaa|ABalappppa|ABarapaaap|ABarapaapa,4,1.0
SPA_002753,134,36,Cappa|Dap|ABaraaappp|ABaraappap,4,1.0
SPA_002754,134,37,Cppaa|ABaraappaa|ABarpapapa|MSpaaaap|MSpaaapa,5,1.0
SPA_002755,134,38,Dpp|MSapaap|ABarpaaapp,3,1.0
SPA_002756,134,39,ABarapappa|ABarpappap|Earaa|MSaaappp|ABalppppppa|ABalpappppa,6,1.0
SPA_002757,134,40,ABprappaa|ABalpppppa|ABalpapppa,3,1.0
SPA_002758,134,41,MSppppp|ABarppppaa|Dapa|Dapap,4,1.0
SPA_002759,134,42,ABplaappa|ABarppaapp|Capapa|Cappaa|ABplppppap|Dppp,6,1.0
SPA_002760,134,43,ABplapaap|ABplapaaap|Dpaa,3,1.0
SPA_002761,134,44,ABplaapap|ABplapppaa|ABplpppaap,3,1.0
SPA_002762,134,45,Caappv|ABplpppapp|MSppaaaa,3,1.0
SPA_002763,134,46,ABalppapa|ABprappppa|Cppppa|ABprpppapp,4,1.0
SPA_002764,134,47,ABalaaappr|ABalaapaaa|ABalappapp,3,1.0
SPA_002765,134,48,ABplpppap|ABalappppp|ABarapaapp|MSaaappa,4,1.0
SPA_002766,134,49,Caapp|ABalpapaaa|ABaraapaap|ABarpaaapa|MSaaaapa,5,1.0
SPA_002767,134,50,ABarapppap|ABprpaaaap|MSapaapp,3,1.0
SPA_002768,134,51,ABarapppaa|ABpraaappa|ABpraapaap|ABprpaaaaa|MSapaapa,5,1.0
SPA_002769,134,52,ABarappapp|ABpraappaa|ABprpaaapp|ABprpaapap|ABprpaappa|ABplppapap|MSapppap|MSappppa,8,1.0
SPA_002770,134,53,ABpraapppa|ABprpaappp|ABprppaapa|ABplppaaap,4,1.0
SPA_002771,134,54,MSaapap|MSaappa|ABprpapapa|MSappppp,4,1.0
SPA_002772,134,55,MSapapa|ABplaaaapa|MSaaapap|MSppapaa,4,1.0
SPA_002773,134,56,MSappaa|ABalpappap|MSaapapa,3,1.0
SPA_002774,134,57,ABaraapppa|ABarpapapp|MSpaaapp,3,1.0
SPA_002775,134,58,ABprappppp|Cpaapp|ABaraaaapp,3,1.0
SPA_002776,134,59,MSapapp|ABplaaappa|Eprap,3,1.0
SPA_002777,134,60,ABplappap|MSaapaap|MSppappp,3,1.0
SPA_002778,134,61,ABarpppppa|ABprapppaa|Eplpa,3,1.0
SPA_002779,135,0,ABalapaaa|ABplaaapa|Caaapp|Caappd|Cpapaa,5,1.0
SPA_002780,135,1,ABalappaa|ABalppaa|ABaraaapp|ABarapaaa|ABprapappp|Cpaapp|Cpapap|ABaraaaapa,8,1.0
SPA_002781,135,2,ABalppapp|ABaraappp|ABprappaap|ABprappapa|ABprppppap,5,1.0
SPA_002782,135,3,ABalpapap|ABaraapap|MSaaaaa|MSapaaaa,4,1.0
SPA_002783,135,4,ABarapaap|ABprpppppp|Eprpp,3,1.0
SPA_002784,135,5,ABarapapa|MSpaaap|Cpaaap|Cppaap|Cppapp|ABprpapppp|Eprpa,7,1.0
SPA_002785,135,6,ABarapapp|Cppaaa|ABprpapppa,3,1.0
SPA_002786,135,7,ABarpaaaa|ABpraaaaa|ABplappppp,3,1.0
SPA_002787,135,8,ABarpaapp|ABarpappp|ABarppaaa|ABplapaapp|ABplappaaa|ABplppaapp|ABplppappa,7,1.0
SPA_002788,135,9,ABarpapaa|ABplaaapp|ABplaapaa|ABpraaaap|ABarppappa|ABplapapaa|ABplapppap|MSppapaa,8,1.0
SPA_002789,135,10,ABarpapap|ABpraaapp|ABarppapap|ABplappaap|ABplappapa|ABplppappp,6,1.0
SPA_002790,135,11,ABarppaap|ABplaapppa|MSppppaa,3,1.0
SPA_002791,135,12,ABarppapa|ABplapapa|ABplapaaaa|Epraa,4,1.0
SPA_002792,135,13,ABarppapp|ABplapapp|MSapapp|Eprap,4,1.0
SPA_002793,135,14,ABarpppap|ABplpapapa|ABplppaaap|ABpraaapppa,4,1.0
SPA_002794,135,15,ABarppppp|ABprapapa|ABprppappp,3,1.0
SPA_002795,135,16,ABplaappa|ABprpaaap|ABarppaapp|Caaaaa|Capapa|Cappaa|ABplppppap|Dppp|MSppapap,9,1.0
SPA_002796,135,17,ABplappaa|Earp|ABarppaaaa,3,1.0
SPA_002797,135,18,ABplapppa|ABprppapa|Eplp|MSapapa|ABalpapaap|ABaraapapp|ABplaaaapp|MSaapaaa|Ealaa|MSppaapa|MSppappa|ABalpaapapp,12,1.0
SPA_002798,135,19,ABpraappa|Dpaa|MSppppap,3,1.0
SPA_002799,135,20,ABprapaaa|ABplpaappp|ABplppaapa|ABpraaapppp,4,1.0
SPA_002800,135,21,ABprapaap|Cpaaa|ABplaappaa|ABplpaapap|ABplpapaaa,5,1.0
SPA_002801,135,22,ABprapapp|Cpaap|ABalppapap|ABalpppaap|ABalpppapa,5,1.0
SPA_002802,135,23,ABplaaaap|ABprpaaaa|MSppaaa|Capapp|Cappap|Capppp|ABplpppapa|ABplpppppa|MSppaaap,9,1.0
SPA_002803,135,24,ABprpappa|ABarapappp|ABarapapap,3,1.0
SPA_002804,135,25,ABprpappp|ABarapapaa|ABaraapppp|MSpapaaa,4,1.0
SPA_002805,135,26,ABplappap|ABprppaap|MSpppp|ABalpapppp|MSppaapp,5,1.0
SPA_002806,135,27,ABprpppaa|Cpppp|ABaraapaaa,3,1.0
SPA_002807,135,28,ABprpppap|Cpppa|ABalppaaa|ABalaaaala|ABalaaapal|ABalapaaaa|ABalapapaa|MSaaaaaa,8,1.0
SPA_002808,135,29,MSaaapa|MSapaap|ABarpppapp|Cppapa|Cpppaa|Dapp|Dappp,7,1.0
SPA_002809,135,30,MSaappa|MSppppa|ABpraaappp|ABarappapp|ABprpaaapp|ABprpaappa|ABprpapapa|ABplppapap|MSappaap|MSapppap|MSappppa,11,1.0
SPA_002810,135,31,ABplppppa|MSaappp|ABpraaappa|ABarappapa|ABarappppp|ABprpaaapa|ABprpaapap|MSapappp|MSappaaa,9,1.0
SPA_002811,135,32,ABplpappa|MSappa|MSpaapp|MSppppp|ABarpppaaa|ABprapaaaa|ABprpapapp|Daaa|Dapaa,9,1.0
SPA_002812,135,33,MSpaaaa|ABprapapap|ABprapppap,3,1.0
SPA_002813,135,34,MSpapp|ABarappaap|ABalppppppp,3,1.0
SPA_002814,135,35,Eala|MSpappa|ABarpaappp|Earpp,4,1.0
SPA_002815,135,36,ABplaappp|ABprpaapa|Eara|ABplpapppa|Dpap,5,1.0
SPA_002816,135,37,Capaa|ABalappppa|ABarapaapa,3,1.0
SPA_002817,135,38,ABprppppp|Capap|ABalaappaa,3,1.0
SPA_002818,135,39,Cappa|Dap|ABarpapapa|MSpaaapa,4,1.0
SPA_002819,135,40,ABprapppa|Cpapa|ABalapaapp|ABplaapaaa,4,1.0
SPA_002820,135,41,ABprppppa|Cppaa|ABaraappaa|ABarpapaap|MSpaaaap,5,1.0
SPA_002821,135,42,Dpp|ABaraapapa|Eplpp,3,1.0
SPA_002822,135,43,ABarapappa|ABarpaapaa|ABarpappap|Earaa|MSaaappp|ABalppppppa|ABalpappppa,7,1.0
SPA_002823,135,44,ABarppppa|ABplppaap|ABplaappap|ABplpapaap,4,1.0
SPA_002824,135,45,ABprppaaa|MSappap|MSaapapp|ABarapapppa,4,1.0
SPA_002825,135,46,MSapppa|ABalpppppp|ABplaaappp,3,1.0
SPA_002826,135,47,ABaraaapap|ABarapaapp|MSpaapaa,3,1.0
SPA_002827,135,48,ABplpapap|MSpapaa|ABprapaaap,3,1.0
SPA_002828,135,49,ABplpapaa|ABprapaapp|ABprappaaa,3,1.0
SPA_002829,135,50,MSaaaap|ABprapapaa|ABprappapp|ABprapppaa|MSapaaap,5,1.0
SPA_002830,135,51,ABalpaapaa|ABalaaappr|ABalaapaaa|ABalappapp,4,1.0
SPA_002831,135,52,ABalaaappl|ABalappaaa|ABalappapa,3,1.0
SPA_002832,135,53,ABalapappa|ABalpaaapa|ABalpaappp,3,1.0
SPA_002833,135,54,ABalpapaaa|ABaraapaap|MSaaapaa,3,1.0
SPA_002834,135,55,ABarapppap|ABpraapapa|ABprpaaaap|MSapaapp|MSapappa,5,1.0
SPA_002835,135,56,Dpa|ABarpapapp|MSpaaapp|MSpaapap,4,1.0
SPA_002836,135,57,Cpapp|ABalapapap|ABplaaaaaa,3,1.0
SPA_002837,135,58,ABplaaaapa|MSaaapap|ABalpaapapa,3,1.0
SPA_002838,135,59,MSppaap|Capaap|ABplpapppp,3,1.0
SPA_002839,135,60,ABarppppaa|ABprppppaa|Dapa|Dapap,4,1.0
SPA_002840,135,61,ABalaapap|ABalpapaa|ABalppaaaa,3,1.0
SPA_002841,135,62,ABpraappap|ABprpaappp|ABplppapaa,3,1.0
SPA_002842,135,63,ABplapppp|MSaaaapp|Eplpa,3,1.0
SPA_002843,135,64,MSaapap|ABprppapaa|MSappppp,3,1.0
SPA_002844,135,65,MSapap|MSpapppp|MSaapppp,3,1.0
SPA_002845,136,0,ABalaaapp|ABalappaa|ABalppaa|Cpaapp|Cpapap|Cpappd|ABaraaaapa|ABaraaaapp,8,1.0
SPA_002846,136,1,ABalappap|Cppppp|Eprpp,3,1.0
SPA_002847,136,2,ABalapppp|ABplaappa|ABprpaaap|MSppapa|Dapp|Caaaaa|Capapa|Cappaa|ABplppppap|Dppp|MSppapap,11,1.0
SPA_002848,136,3,ABaraapap|MSaaaaa|ABprapappa|ABprapappp|MSapaaaa,5,1.0
SPA_002849,136,4,ABaraappa|MSpaaaa|ABprapapaa|ABprapapap|ABprapppaa|MSapaaap,6,1.0
SPA_002850,136,5,ABalppapp|ABaraappp|ABprappaap|ABprappapa|ABprppppap,5,1.0
SPA_002851,136,6,ABarapapp|MSpaapa|Cppaaa,3,1.0
SPA_002852,136,7,ABarpaaaa|ABpraaaaa|ABplappppp,3,1.0
SPA_002853,136,8,ABarpaaap|ABarpapaa|ABplaapaa|ABpraaaap|ABplapappp|ABarppappa|ABplapapaa|ABplapapap|ABplapppap|Cappap|MSppapaa,11,1.0
SPA_002854,136,9,ABarpapap|ABpraaapp|ABplapappa|ABarppapap|ABplappaap|ABplappapa|ABplapppaa|ABplppappp|ABplpppaap,9,1.0
SPA_002855,136,10,ABarppapa|ABplapapa|MSapppp|ABplapaaaa|Epraa,5,1.0
SPA_002856,136,11,ABarppapp|ABplapapp|Epra|MSapapp|ABalppappp|ABplaaapap|Eprap|MSapapap,8,1.0
SPA_002857,136,12,ABplaaaap|Caaapa|Capppp|ABplpppapp,4,1.0
SPA_002858,136,13,ABplapaap|ABpraappa|ABplaapppa|ABplapaaap|Dpaa,5,1.0
SPA_002859,136,14,ABplappaa|Earp|MSappap|Ealpa|Eplaa,5,1.0
SPA_002860,136,15,ABplapppa|ABprppapa|Eplp|MSapapa|ABalapappp|ABalppapap|ABalpapaap|ABplaaaapp|MSaapaaa|Ealaa,10,1.0
SPA_002861,136,16,ABplpapaa|ABarppppap|ABprapaapp|ABprappaaa,4,1.0
SPA_002862,136,17,ABplpapap|MSpapaa|ABprapaaap|ABprapaapa,4,1.0
SPA_002863,136,18,ABplpappa|ABprapaaaa|Daaa,3,1.0
SPA_002864,136,19,ABplppppa|MSaappp|MSpapp|ABarappppa|ABpraapapp|ABprpaaapa|MSapappp,7,1.0
SPA_002865,136,20,ABprapaap|Cpaaa|ABplaappaa|ABplpaapap|ABplpapaaa,5,1.0
SPA_002866,136,21,ABarppppp|ABprapapa|ABalpapapa|ABalpppapp|ABplpaapaa,5,1.0
SPA_002867,136,22,ABprpaaaa|MSppaaa|Capapp|ABplpppapa|ABplpppppa|MSppaaap,6,1.0
SPA_002868,136,23,ABprpappa|ABarapappp|ABarapapap|Earaa,4,1.0
SPA_002869,136,24,ABplppapp|ABprpappp|Dpa|ABalpapppa|ABarapapaa|MSpaapap|MSpapaaa,7,1.0
SPA_002870,136,25,ABprppaap|MSpppp|Epla|ABalpapppp,4,1.0
SPA_002871,136,26,MSaaapa|MSapaap|Cppapa|Cpppaa,4,1.0
SPA_002872,136,27,MSaappa|MSppppa|ABprpapapa,3,1.0
SPA_002873,136,28,ABalppapa|MSapaaa|Cppppa,3,1.0
SPA_002874,136,29,MSappa|MSpppap|ABarpppaaa,3,1.0
SPA_002875,136,30,MSpaapp|MSppppp|ABprpapapp,3,1.0
SPA_002876,136,31,ABprpaapp|MSppapp|ABplpappaa|MSaapapp,4,1.0
SPA_002877,136,32,ABprpapap|MSpppa|Earap,3,1.0
SPA_002878,136,33,Eala|MSpappa|Earpp,3,1.0
SPA_002879,136,34,ABprppppp|Capap|ABalaappaa|ABalapppap,4,1.0
SPA_002880,136,35,Cappa|ABarpapapa|MSpaaapa,3,1.0
SPA_002881,136,36,ABprppppa|Cppaa|MSpaaaap,3,1.0
SPA_002882,136,37,Dap|ABaraaappp|MSpaapaa,3,1.0
SPA_002883,136,38,Dpp|ABalpappaa|ABalapappa|ABalpaaaap|ABarpaaapp|ABplaaaapa|MSaaaapp|MSaaapap|Eplpp,9,1.0
SPA_002884,136,39,Cpapp|ABalppaap|ABalapapap|ABalpaappa|ABplaaaaaa,5,1.0
SPA_002885,136,40,ABarppppa|ABplppaap|ABplaappap|ABplpapaap|ABplpapapa|ABplppaaap,6,1.0
SPA_002886,136,41,Eara|Dapa|Dpap,3,1.0
SPA_002887,136,42,ABalppappa|ABalpppppa|ABplpaaaap,3,1.0
SPA_002888,136,43,Caaaa|ABplpaappa|ABplppaaaa,3,1.0
SPA_002889,136,44,ABpraaappp|ABarappapp|ABpraappap|ABprpaappa,4,1.0
SPA_002890,136,45,ABplaapppp|ABarppapaa|Dppa,3,1.0
SPA_002891,136,46,ABplapaapp|ABplappaaa|ABplppappa|ABplpppaaa,4,1.0
SPA_002892,136,47,MSaaaap|ABprappapp|ABprpppapa,3,1.0
SPA_002893,136,48,Caaapp|Caappd|Cpapaa,3,1.0
SPA_002894,136,49,ABalaapaap|ABalaapapa|ABalaappap,3,1.0
SPA_002895,136,50,ABalappaap|ABaraaaaaa|ABarpaaaaa,3,1.0
SPA_002896,136,51,ABprppapp|ABalpaaapa|ABalpaappp,3,1.0
SPA_002897,136,52,ABprpppaa|Cpppp|ABaraapaaa,3,1.0
SPA_002898,136,53,ABarppaaa|ABpraapap|ABplppaapp|ABplppapap,4,1.0
SPA_002899,136,54,ABpraaappa|ABarapppap|ABpraapapa|ABprpaaaap,4,1.0
SPA_002900,136,55,ABarappapa|ABpraappaa|ABprpaapap,3,1.0
SPA_002901,136,56,ABarappppp|ABprpapaaa|ABprpappaa,3,1.0
SPA_002902,136,57,ABalpaapap|ABaraappaa|MSpaaaaa,3,1.0
SPA_002903,136,58,ABaraapppa|ABarpapapp|MSpaaapp,3,1.0
SPA_002904,136,59,ABalaapap|ABalpapaa|ABalppaaaa,3,1.0
SPA_002905,136,60,Eprp|ABplpaaaaa|MSapapaa,3,1.0
SPA_002906,137,0,ABalaaapp|ABalappaa|ABalppaaa|Cpaapp|Cpapap|Cpappd,6,1.0
SPA_002907,137,1,ABalappap|ABplpaaaa|Cppppp|Eprpp,4,1.0
SPA_002908,137,2,ABalapppp|ABplaappa|ABprpaaap|Dapp|ABarppaapp|Caaaaa|Capapa|Cappaa|Dppp|MSppapap,10,1.0
SPA_002909,137,3,ABalpapaa|ABaraapaa|ABalppaaaa,3,1.0
SPA_002910,137,4,ABalpapap|ABaraapap|MSaaaaa|ABprapappa|MSapaaaa,5,1.0
SPA_002911,137,5,ABaraappa|MSpaaaa|ABarpppppa|ABprapapaa|ABprapapap|ABprapppaa|ABprpppapa|MSapaaap,8,1.0
SPA_002912,137,6,ABalppapp|ABaraappp|ABprappaap|ABprappapa,4,1.0
SPA_002913,137,7,ABarapapa|Cppapp|ABprpapppp,3,1.0
SPA_002914,137,8,ABarapapp|MSpaapa|Cppaaa,3,1.0
SPA_002915,137,9,ABarpaaaa|ABpraaaaa|ABplappppp,3,1.0
SPA_002916,137,10,ABarpaapp|ABarpappp|ABplapaapp|ABplappaaa|ABplppappa,5,1.0
SPA_002917,137,11,ABarppaaa|ABpraapap|ABplapaapa|ABplppaapp|ABplppapap,5,1.0
SPA_002918,137,12,ABarppapp|Epra|ABplpappaa|MSapapp|ABalppappp|MSppappp,6,1.0
SPA_002919,137,13,ABarppppp|ABprapapa|ABalpapapa|ABplpaapaa,4,1.0
SPA_002920,137,14,ABplapaaa|ABplaapppp|ABplppppaa|ABarppapaa|Dppa,5,1.0
SPA_002921,137,15,ABplappaa|Earp|MSappap|Ealpa,4,1.0
SPA_002922,137,16,ABplapppa|Eplp|ABalapappp|ABplaaaapp|MSaapaaa,5,1.0
SPA_002923,137,17,ABplpapaa|ABprapaapp|ABprappaaa,3,1.0
SPA_002924,137,18,ABplpapap|MSpapaa|ABprapaaap|ABprapaapa,4,1.0
SPA_002925,137,19,ABplppapp|ABprpappp|Dpa|ABalpapppa|ABarapaapp|ABarapapaa|ABaraappap|ABaraapppa|MSpaapap|MSpapaaa|MSaaappa,11,1.0
SPA_002926,137,20,ABplppppa|MSaappp|MSpapp|ABpraaappa|ABarappaap|ABprpaaapa|ABprpapaaa|ABprpappaa|ABprppaaaa|MSapappp,10,1.0
SPA_002927,137,21,ABplppppp|ABarapaapa|ABalappppa|ABarappaaa|ABarpappaa,5,1.0
SPA_002928,137,22,ABplaapaa|ABpraaaap|ABplapappp|ABplapapaa|ABplapppap,5,1.0
SPA_002929,137,23,ABplaapap|ABpraaapa|ABpraaapp|ABplapappa|ABplppppap|ABplappapa|ABplappapp|ABplapppaa|ABplppappp|ABplpppaap,10,1.0
SPA_002930,137,24,ABplapaap|ABpraappa|ABplapaaap|ABplpapapp,4,1.0
SPA_002931,137,25,ABprapaap|Cpaaa|ABplaappaa|ABplpaapap|ABplpapaaa,5,1.0
SPA_002932,137,26,ABplappap|ABprppaap|ABalpapppp|ABaraapapp|Ealaa,5,1.0
SPA_002933,137,27,ABprpppap|ABalappaap|ABalpaaaaa|ABaraaaaaa|ABaraaaapa|ABarpaaaaa|MSaaaaaa,7,1.0
SPA_002934,137,28,MSaaaap|ABprappapp|ABprpppaap|MSapapaa,4,1.0
SPA_002935,137,29,MSaappa|MSpapap|ABarappppp|MSppppa|ABprpapaap|ABprpapapa|ABprppaaap|MSapppap,8,1.0
SPA_002936,137,30,ABalppapa|MSapaaa|ABprapppap|Cpaapa|Cppppa|ABprpppapp,6,1.0
SPA_002937,137,31,MSaaapa|MSapaap|ABarpppapp|Cppapa|Cpppaa,5,1.0
SPA_002938,137,32,ABplppapa|MSappp|Ealp|ABarpaappa,4,1.0
SPA_002939,137,33,MSppaaa|Capppp|ABplpppppa|MSppaaap,4,1.0
SPA_002940,137,34,Caaap|ABalpppapp|ABplpaaaap|ABalppppap|ABplaaapaa|ABplaapapa,6,1.0
SPA_002941,137,35,ABprppppp|Capap|ABalaappaa|ABalapppaa|ABalapppap|ABarpapaaa,6,1.0
SPA_002942,137,36,Cappa|Dap|ABaraapaap|ABaraaappp|ABarpapapa|MSpaaapa|MSpaapaa,7,1.0
SPA_002943,137,37,Cappp|Cppap|ABalpaapap|ABaraaaapp,4,1.0
SPA_002944,137,38,ABalpappaa|ABalpaaaap|Eplpp,3,1.0
SPA_002945,137,39,Eprp|ABalpppppa|ABalppappa,3,1.0
SPA_002946,137,40,ABarappppa|ABprpaaaap|MSapppaa,3,1.0
SPA_002947,137,41,Eala|MSpappa|Earap|Earpp|MSpapapa,5,1.0
SPA_002948,137,42,MSpaapp|MSppppp|ABprpapapp,3,1.0
SPA_002949,137,43,ABprpaapa|Dapa|Dpap,3,1.0
SPA_002950,137,44,ABprappap|ABalpppapa|ABalppppaa|ABplaapaap,4,1.0
SPA_002951,137,45,ABaraaapaa|ABaraaappa|ABarapaaaa,3,1.0
SPA_002952,137,46,Caaaa|ABplpaaapp|ABplpaappa|ABplppaaaa,4,1.0
SPA_002953,137,47,ABarppaap|ABarpppap|ABplppaap|ABplpaappp|ABplaappap|ABplpapaap|ABplpapapa|ABplppaaap|ABplppapaa,9,1.0
SPA_002954,137,48,ABpraaappp|ABarappapp|ABpraappap,3,1.0
SPA_002955,137,49,ABprpaappp|ABpraapppp|ABprppaapp,3,1.0
SPA_002956,137,50,ABprppaaa|Ealap|Eplaa,3,1.0
SPA_002957,137,51,ABarpapap|ABarppapap|ABplappaap,3,1.0
SPA_002958,137,52,ABarpapaa|ABarppappa|Cappap|MSppapaa,4,1.0
SPA_002959,137,53,ABplpappa|ABprapaaaa|Daaa,3,1.0
SPA_002960,137,54,Cpapp|ABalapapap|ABplaaaaaa,3,1.0
SPA_002961,137,55,ABprppapp|ABalpaaapa|ABalpaappp,3,1.0
SPA_002962,137,56,ABprpaappa|ABpraapppa|ABprppaapa,3,1.0
SPA_002963,137,57,ABarappapa|ABpraappaa|ABprpaapap,3,1.0
SPA_002964,137,58,ABarapapap|ABaraapppp|MSpapaap|Earpa|MSaaappp,5,1.0
SPA_002965,138,0,ABalappaa|Cpaapp|Cpapap|Cpappd,4,1.0
SPA_002966,138,1,ABalapppp|ABplaappa|ABprpaaap|Dapp|ABplppppap|ABarppaapp|Capapa|Cappaa|Dppp|MSppapap,10,1.0
SPA_002967,138,2,ABalpapap|ABaraappa|MSaaaaa|MSpaaaa|ABprapappa|ABprapapaa|ABprapapap|MSapaaaa,8,1.0
SPA_002968,138,3,ABalppapp|ABaraappp|ABprappaap|ABprappapa|ABprpppaap,5,1.0
SPA_002969,138,4,ABarapapp|MSaaapp|MSpaapa|ABprpapppa|Cppaaa,5,1.0
SPA_002970,138,5,ABalapppa|ABarapppa|ABplpapppp|Eprpa|Eprpp,5,1.0
SPA_002971,138,6,ABarpaapp|ABarpappp|ABplapaaa|ABplaapppp|ABarppapaa|ABplapaapp|ABplappaaa|ABplppappa|ABplpppaaa,9,1.0
SPA_002972,138,7,ABarpapaa|ABplaapaa|ABplapappp|ABarppappa|ABplapppap|Cappap|MSppapaa,7,1.0
SPA_002973,138,8,ABarpapap|ABplaapap|ABplapappa|ABarppapap|ABplappaap|ABplappapa|ABplappapp|ABplapppaa|ABplppappp,9,1.0
SPA_002974,138,9,ABarppaap|ABplaapppa|ABplpaappp|Dpaa,4,1.0
SPA_002975,138,10,ABarppppp|ABprapaap|ABprapapa|ABplpaaapa|ABplpaapap|ABalpapapa|ABalpapapp|ABplpapaaa,8,1.0
SPA_002976,138,11,ABarppapp|ABplapapp|ABplaaapap,3,1.0
SPA_002977,138,12,ABplapppa|Eplp|ABalapappp|ABplaaaapp|MSaapaaa,5,1.0
SPA_002978,138,13,ABplppapp|Dpa|ABaraapppa|ABarpaapaa|MSpaapap|MSpapaaa|MSaaappa,7,1.0
SPA_002979,138,14,ABplppppa|MSaappp|MSpappa|ABarapppap|ABarappppa|ABpraaappa|ABprpaaaap|ABpraapapp|ABprpapaaa|ABprppaaaa|MSapappp|MSapppaa,12,1.0
SPA_002980,138,15,ABplppppp|ABarapaapa|ABalappppa|ABarappaaa,4,1.0
SPA_002981,138,16,ABpraapap|ABplppaapp|ABplppapap,3,1.0
SPA_002982,138,17,ABarpppap|ABprapaaa|ABplppaapa,3,1.0
SPA_002983,138,18,ABprappap|ABalppapaa|ABalpppapa|ABplpaaaaa|ABalpaaapa|ABalpaappp|ABalppppaa|ABplaapaap,8,1.0
SPA_002984,138,19,ABprapppa|ABalapaapp|ABalpaappa,3,1.0
SPA_002985,138,20,ABplaaapp|ABprpaaaa|MSppaaa|ABplappppp|Capppa|Capppp|ABplpppapa|ABplpppppa|MSppaaap,9,1.0
SPA_002986,138,21,ABprpappp|ABarapaapp|ABarapapaa|ABaraappap,4,1.0
SPA_002987,138,22,ABprppaaa|Ealpa|MSaapapp|Eplaa,4,1.0
SPA_002988,138,23,ABprppaap|ABalpapppp|ABaraapapp|Ealaa|MSaapaap,5,1.0
SPA_002989,138,24,ABprppppa|Cappa|Cppaa|Dap|ABaraapaap|ABarpapapa|MSpaaapa|MSpaapaa,8,1.0
SPA_002990,138,25,MSaaaap|ABprappapp|MSapapaa,3,1.0
SPA_002991,138,26,MSaaapa|MSapaap|Cppapa|Cpppaa,4,1.0
SPA_002992,138,27,ABplpappp|MSaappa|MSpapap|ABarappppp|MSppppa|ABprpapaap|ABprpapapa|ABprppaaap|MSapppap,9,1.0
SPA_002993,138,28,ABalppapa|ABarapaap|MSapaaa|Cppppa|ABprpppapp,5,1.0
SPA_002994,138,29,ABplpaapa|MSapapa|Eprap,3,1.0
SPA_002995,138,30,MSappp|Ealp|ABarpaappa,3,1.0
SPA_002996,138,31,Eala|Earap|Earpp|MSpapapa,4,1.0
SPA_002997,138,32,ABplappaa|Earp|MSappap,3,1.0
SPA_002998,138,33,Caaaa|ABplpaaapp|ABplpaappa|ABplaappap|ABplpapaap|ABplppaaaa|ABplppaaap|ABplppapaa,8,1.0
SPA_002999,138,34,Caaap|ABalpppapp|ABplpaaaap|ABplpaapaa|ABalppppap|ABplaaapaa|ABplaapapa,7,1.0
SPA_003000,138,35,ABprppppp|Capap|ABaraaapaa|ABalaappaa,4,1.0
SPA_003001,138,36,Cpapp|ABalapapap|ABplaaaaaa,3,1.0
SPA_003002,138,37,Dpp|ABalpappaa|MSaaaapp,3,1.0
SPA_003003,138,38,Eprp|ABalpppppa|ABalppappa,3,1.0
SPA_003004,138,39,Epra|MSapppa|ABplaaappp,3,1.0
SPA_003005,138,40,MSpaapp|MSpapaa|MSppppp|ABprpapapp,4,1.0
SPA_003006,138,41,ABalpaapap|ABalapppaa|ABaraapaaa|MSaaaaaa|ABaraaappa|ABarpapaap|MSpaaaaa|MSpaaaap|ABalpaapapa,9,1.0
SPA_003007,138,42,ABalapppap|ABaraaapap|ABaraappaa|ABalpaapapp,4,1.0
SPA_003008,138,43,ABarapapap|ABaraapppp|ABarpaapap|Earaa|MSpapaap|Earpa|MSaaappp,7,1.0
SPA_003009,138,44,ABpraaappp|ABprpaaapa|ABarappapp|ABpraappap|ABalppppppp,5,1.0
SPA_003010,138,45,ABprpaaapp|ABprpaappa|ABpraapppa|ABprppaapa,4,1.0
SPA_003011,138,46,ABprpaappp|ABpraapppp|ABprppaapp,3,1.0
SPA_003012,138,47,ABplpappa|ABprapaaaa|Daaa,3,1.0
SPA_003013,138,48,ABprapaapp|ABprappaaa|ABprpppaaa,3,1.0
SPA_003014,138,49,ABarpppppa|ABprapppaa|ABprpppapa|MSapaaap,4,1.0
SPA_003015,138,50,Caaapp|Caappd|Cpapaa,3,1.0
SPA_003016,138,51,ABalaaaala|ABalapaaap|ABalppaaaa,3,1.0
SPA_003017,138,52,ABalaaappr|ABalaapaaa|ABalappapp,3,1.0
SPA_003018,138,53,ABprpppap|ABalappaap|ABaraaaaaa|ABaraaaapa|ABarpaaaaa,5,1.0
SPA_003019,138,54,Cappp|Cppap|ABaraaaapp,3,1.0
SPA_003020,138,55,ABarappapa|ABprpaapap|ABalppppppa,3,1.0
SPA_003021,138,56,ABarapapa|Cppapp|Cpppap|ABprpppppa,4,1.0
SPA_003022,138,57,Caapp|Cpppp|MSaaaapa,3,1.0
SPA_003023,138,58,ABplapppp|ABarpapapp|MSpaaapp,3,1.0
SPA_003024,138,59,ABplpapaa|ABarppppap|MSapapap,3,1.0
SPA_003025,139,0,ABalaaapp|ABalappaa|Cpaapp|Cpappd,4,1.0
SPA_003026,139,1,ABalaapap|ABalpapaa|ABaraapaa,3,1.0
SPA_003027,139,2,ABalappap|Cppppp|ABprpppppp,3,1.0
SPA_003028,139,3,ABalapppa|ABarapppa|ABplpppppa,3,1.0
SPA_003029,139,4,ABalapppp|ABplaappa|Dapp|Caaaaa,4,1.0
SPA_003030,139,5,ABalppapp|ABaraappp|ABarppppap|ABprappaap|ABprappapa|MSapapap,6,1.0
SPA_003031,139,6,ABarapapa|MSaaapa|MSapaap|Dppp|Cppaap|Cppapa|Cpppaa,7,1.0
SPA_003032,139,7,ABarpaapp|ABarpappp|ABplapaapp|ABplappaaa|ABplppappa,5,1.0
SPA_003033,139,8,ABarpapaa|ABarppappa|ABplapppap|Cappap|MSppapaa,5,1.0
SPA_003034,139,9,ABarpapap|ABplaapap|ABarppapap|ABplappaap|ABplpppaaa,5,1.0
SPA_003035,139,10,ABarppapa|ABplapapa|Epra|MSapppa|ABplaaappp|MSppppaa|MSppppap,7,1.0
SPA_003036,139,11,ABarpppap|ABprapaaa|ABplppaapa|ABplppapaa,4,1.0
SPA_003037,139,12,ABarpaaaa|ABplaaapa|ABpraaaaa|ABplappppp|Caaapa,5,1.0
SPA_003038,139,13,ABplaaapp|ABprpaaaa|MSppaaa|Capppa|Capppp|ABplpppapa,6,1.0
SPA_003039,139,14,ABplapaaa|ABplaapppp|ABarppapaa,3,1.0
SPA_003040,139,15,ABplappaa|Earp|MSappap|Ealap,4,1.0
SPA_003041,139,16,ABplapppp|Cappa|Dap|ABalapppap|ABaraapaap|ABaraappaa|MSpaaaaa|ABaraaappp|ABarapaaaa|ABarpapapa|ABarpapapp|MSpaaapa|MSpaaapp|MSpaapaa|MSppaaaa|MSppaaap,16,1.0
SPA_003042,139,17,ABplpaapp|MSapapp|Eala|ABarpaappp,4,1.0
SPA_003043,139,18,ABplpapaa|Dppa|ABprapaapp|ABprappaaa|ABprpppaaa,5,1.0
SPA_003044,139,19,ABplpappp|MSaappa|MSpapap|ABarappppp|MSppppa|ABpraapapp|ABprpaapap|ABarappapp|ABpraappap|ABprpapaap|ABprpapapa|ABprppaaap|MSapppap,13,1.0
SPA_003045,139,20,ABplppaa|MSappa|Epraa|Daap,4,1.0
SPA_003046,139,21,ABplpppap|ABprpappp|ABarapaapp|ABarapapaa|ABaraappap|ABarpappap,6,1.0
SPA_003047,139,22,ABplppppa|MSaappp|MSpappa|ABarapppap|ABarappppa|ABpraapapa|ABprpaaaap|ABprpaapaa|ABarappapa|ABprpapaaa|ABprppaaaa|MSapappp|MSapppaa,13,1.0
SPA_003048,139,23,ABplppppp|ABarapaapa|ABalappppa|ABarappaaa,4,1.0
SPA_003049,139,24,ABprapaap|Cpaaa|ABplpaapap|ABalpapapp|ABplpapaaa,5,1.0
SPA_003050,139,25,ABprappap|ABalppapaa|ABalpaappp,3,1.0
SPA_003051,139,26,ABprppaaa|Ealpa|MSaapapp|Eplaa,4,1.0
SPA_003052,139,27,ABprppaap|ABalpappap|ABaraapapp|ABplaaaapp|Ealaa,5,1.0
SPA_003053,139,28,ABprppapp|ABplpaaaaa|ABalapaapp|ABalpaaapa,4,1.0
SPA_003054,139,29,ABalpapap|MSaaaaa|ABprapapap|MSapaaaa,4,1.0
SPA_003055,139,30,MSappp|Ealp|ABarpaappa,3,1.0
SPA_003056,139,31,Eplp|ABalapappp|MSaapaaa,3,1.0
SPA_003057,139,32,ABplapapp|Eprp|ABalpppppa|ABalppapap|ABalppppap|ABplaaapap,6,1.0
SPA_003058,139,33,Caaap|ABplpaaaap|ABalppappa|ABalpppapp|ABplpaapaa|ABalpaaapp|ABplaaapaa|ABplaapapa,8,1.0
SPA_003059,139,34,Capaa|ABaraaapap|ABarpappaa,3,1.0
SPA_003060,139,35,ABprppppp|Capap|ABalaappaa,3,1.0
SPA_003061,139,36,MSpappp|Daa|MSapappa,3,1.0
SPA_003062,139,37,Dpa|ABaraapppa|MSpapaaa|MSaaappa,4,1.0
SPA_003063,139,38,Dpp|ABalpappaa|ABplaaaaap|ABalpaaaap|MSaaaapp,5,1.0
SPA_003064,139,39,ABalpaapap|ABalapppaa|ABaraapaaa|MSaaaaaa|ABaraaappa|ABarpapaap|ABalpaapapa,7,1.0
SPA_003065,139,40,ABaraaapaa|ABalaapaap|ABalaappap,3,1.0
SPA_003066,139,41,ABarapapap|ABarapappa|ABaraapppp|ABarpaapap|Earaa|MSpapaap|Earpa|ABalpappppa|MSaaappp,9,1.0
SPA_003067,139,42,ABplapapap|ABplapappa|ABplappapa|ABplappapp,4,1.0
SPA_003068,139,43,ABarppppa|ABpraappp|Caaaa|ABplppaaa|ABplpaaapp|ABplpaappa|ABplpapaap|ABplppaaaa,8,1.0
SPA_003069,139,44,MSpapaa|MSppppp|ABprapaaap,3,1.0
SPA_003070,139,45,ABplppapp|ABarpaapaa|MSpaapap,3,1.0
SPA_003071,139,46,ABplaaaaaa|MSaaaaap|ABarpaaapp|MSaaapaa,4,1.0
SPA_003072,139,47,ABpraappa|ABplaapppa|ABplapaaap|Dpaa,4,1.0
SPA_003073,139,48,ABpraapppa|ABprpaappp|ABprppaapp,3,1.0
SPA_003074,139,49,ABpraaappp|ABprpaaapa|ABalppppppp,3,1.0
SPA_003075,139,50,ABprpaaapp|ABprpaappa|ABprppaapa,3,1.0
SPA_003076,139,51,ABarppaapp|Capapa|Cappaa|MSppapap,4,1.0
SPA_003077,139,52,ABprapppaa|ABprpppapa|MSapaaap,3,1.0
SPA_003078,139,53,Caaapp|Caappd|Cpapaa,3,1.0
SPA_003079,139,54,ABalaaaala|ABalapaaap|ABalppaaaa,3,1.0
SPA_003080,139,55,ABalaaaarl|ABalapaaaa|ABalapapaa,3,1.0
SPA_003081,139,56,ABalaaaarr|ABalappaaa|ABalappaap|ABarpaaaaa,4,1.0
SPA_003082,139,57,ABalaaappr|ABalaapaaa|ABalappapp,3,1.0
SPA_003083,139,58,ABprapapp|ABalppaapp|ABalpppaap,3,1.0
SPA_003084,139,59,Cappp|Cppap|ABaraaaapp,3,1.0
SPA_003085,139,60,ABpraapap|ABplppaapp|ABplppapap,3,1.0
SPA_003086,139,61,ABpraaapp|ABplapppaa|ABplpppaap,3,1.0
SPA_003087,139,62,ABalaapapp|ABpraaapap|ABpraapaaa,3,1.0
SPA_003088,139,63,Caapp|Cpppp|MSaaaapa,3,1.0
SPA_003089,139,64,ABplpaapa|MSapapa|Eprap,3,1.0
SPA_003090,139,65,MSaaaap|ABprappapp|MSapapaa,3,1.0
SPA_003091,140,0,ABalaaapp|ABalppaaa|Cpappd,3,1.0
SPA_003092,140,1,ABalapaap|ABalapapa|ABalappap|Cppppp|ABprpppppp,5,1.0
SPA_003093,140,2,ABalpapap|ABaraapap|MSaaaaa|ABprapapap|MSapaaaa,5,1.0
SPA_003094,140,3,ABalppapa|MSapaaa|MSpaaaa,3,1.0
SPA_003095,140,4,ABalpaapp|ABaraaapp|ABarapaaa|ABprapappp,4,1.0
SPA_003096,140,5,ABaraappa|ABprapppaa|ABprpppapa|MSapaaap,4,1.0
SPA_003097,140,6,ABarapaap|ABprapppap|Cpppap|Cppppa|ABprpppapp,5,1.0
SPA_003098,140,7,ABarapapa|MSaaapa|MSapaap|ABarpppapp|Cppaap|Cppapa|Cpppaa,7,1.0
SPA_003099,140,8,ABarapapp|MSaaapp|MSpaapa|Cppaaa,4,1.0
SPA_003100,140,9,ABarpaaaa|ABplaaapa|ABpraaaaa|ABplappppp|Caaapa,5,1.0
SPA_003101,140,10,ABarpaapp|ABarpappp|ABplppappa,3,1.0
SPA_003102,140,11,ABarpapaa|ABplaapaa|ABpraaapa|ABplpppapa|ABarppappa|ABplapppaa|ABplapppap|Cappap|MSppapaa,9,1.0
SPA_003103,140,12,ABarpapap|ABplaapap|ABarppapap|ABplappaap|ABplppappp,5,1.0
SPA_003104,140,13,ABarppaap|ABplppaap|ABplaappap|ABplapaaaa,4,1.0
SPA_003105,140,14,ABarppapa|ABplapapa|ABplaaappp,3,1.0
SPA_003106,140,15,ABarppapp|ABplapapp|Eprp|ABalppappp|ABalpppppa|ABalppppap|ABplaaapap|ABplaaappa|Eprpa,9,1.0
SPA_003107,140,16,ABarppppa|ABplpaappp|ABplppaaaa,3,1.0
SPA_003108,140,17,ABarppppp|ABprapapa|ABalpapapa,3,1.0
SPA_003109,140,18,ABplapaaa|ABplaapppp|ABplpppaaa|ABarppapaa|ABplapaapp|ABplappaaa,6,1.0
SPA_003110,140,19,ABplappaa|ABprppaaa|Earp|MSappap|Ealpa,5,1.0
SPA_003111,140,20,ABplapppp|ABprppppa|Cappa|Cppaa|Dap|ABplaaaapa|ABaraapaap|ABaraaappp|ABarpapapa|ABarpapapp|MSpaaapp|MSpaapaa,12,1.0
SPA_003112,140,21,ABplpappp|ABplppppa|MSaappa|MSaappp|MSpapap|MSpappa|ABalappppp|ABarapppap|ABarappppa|ABarappppp|MSppppa|ABarappapa|ABpraaaapp|ABpraaappa|ABpraaappp|ABpraapapa|ABpraapapp|ABprpaaaap|ABprppaaaa|ABprppaaap|MSppappa|ABalppppppa|MSapaapp|MSapappp|MSapppaa|MSapppap,26,1.0
SPA_003113,140,22,ABplppapp|Dpa|ABarapaapp|ABarapapaa|ABarpaapaa|MSpapaaa|MSaaappa,7,1.0
SPA_003114,140,23,ABplpppaa|MSpppaa|MSppappp,3,1.0
SPA_003115,140,24,ABarpaaap|ABpraaaap|ABplapappp|ABplpppapp|ABplappppa,5,1.0
SPA_003116,140,25,ABpraappp|ABplpapapa|ABplppaaa|ABplpapaaa,4,1.0
SPA_003117,140,26,ABprpaaap|Dapp|ABarppaapp|Capapa|Cappaa|MSppapap,6,1.0
SPA_003118,140,27,ABprpaapp|MSppapp|ABplpappap|ABplpapppa|ABplpapppp|MSpppppp,6,1.0
SPA_003119,140,28,ABprpappp|MSpappp|Daa|ABaraapppa|MSapaapa|MSapappa,6,1.0
SPA_003120,140,29,ABprppaap|ABalpappap|Earaa|ABaraapapp,4,1.0
SPA_003121,140,30,MSaapap|ABprpaaapp|ABprpaappa|ABprppaapa|ABprppapaa,5,1.0
SPA_003122,140,31,ABplpaapa|MSapapa|ABarpppapa|Eprap,4,1.0
SPA_003123,140,32,ABplppaa|MSappa|ABarpppaap,3,1.0
SPA_003124,140,33,MSappp|Ealp|ABarapappp|ABarpaappa,4,1.0
SPA_003125,140,34,MSpapaa|MSppppp|ABarpapppp|ABprpapaap|ABprpapapa|ABprapaaap,6,1.0
SPA_003126,140,35,ABplaaapp|ABprpaaaa|MSppaaa|Capppp,4,1.0
SPA_003127,140,36,MSpppp|Epla|Earap,3,1.0
SPA_003128,140,37,Caaap|ABplpaaaap|ABplpaaapa|ABplpaapaa|ABalpppapa|ABalpppapp|ABalpaaapp|ABplaaapaa|ABplaapapa,9,1.0
SPA_003129,140,38,ABprppppp|Capap|ABalpaapaa|ABalaappaa,4,1.0
SPA_003130,140,39,Cappp|Cppap|ABalpaapap|ABaraapaaa|ABaraaaapp|ABaraaappa,6,1.0
SPA_003131,140,40,Dpp|ABalpappaa|ABplaaaaap|MSaaaapp,4,1.0
SPA_003132,140,41,ABalapppaa|ABalaapppp|ABpraaapaa,3,1.0
SPA_003133,140,42,ABalpapppp|MSaapaap|MSaapapa,3,1.0
SPA_003134,140,43,ABpraaapp|ABplapapap|ABplapappa|ABplpppaap|ABplappapa|ABplappapp,6,1.0
SPA_003135,140,44,ABprppapp|ABplpaaaaa|ABalapaapp|ABalpaaapa,4,1.0
SPA_003136,140,45,ABplpapapp|Daaa|Daap|Dpap,4,1.0
SPA_003137,140,46,Dppp|Cppapp|ABprpppppa,3,1.0
SPA_003138,140,47,ABprpppaa|ABalapaapa|ABalpaaaaa|ABarpaaaap,4,1.0
SPA_003139,140,48,ABaraappaa|MSpaaapa|MSppaaap,3,1.0
SPA_003140,140,49,ABpraappa|ABplaapppa|ABplapaaap,3,1.0
SPA_003141,140,50,ABpraapppa|ABprpaappp|ABprppaapp,3,1.0
SPA_003142,140,51,ABprpaaapa|ABprpaapap|ABpraappap,3,1.0
SPA_003143,140,52,ABprppppaa|ABarppppap|ABprappaap|MSapapap,4,1.0
SPA_003144,140,53,MSpaaaaa|ABarapaaaa|ABalpaapapa,3,1.0
SPA_003145,140,54,ABplpapap|ABprapaapa|ABprppapap,3,1.0
SPA_003146,140,55,ABplpapaa|ABprapaapp|ABprappaaa|ABprpppaaa,4,1.0
SPA_003147,140,56,ABalppapp|ABaraappp|ABprappapa,3,1.0
SPA_003148,140,57,Caaapp|Caappd|Cpapaa,3,1.0
SPA_003149,140,58,ABplapapaa|ABplppppap|Capaaa,3,1.0
SPA_003150,140,59,ABalaaaala|ABalapaaap|ABalppaaaa,3,1.0
SPA_003151,140,60,ABalaaaarl|ABalapaaaa|ABalapapaa,3,1.0
SPA_003152,140,61,ABalaaaarr|ABalappaaa|ABalappaap|ABarpaaaaa,4,1.0
SPA_003153,140,62,ABalaaappr|ABalaapaaa|ABalappapp,3,1.0
SPA_003154,140,63,ABalaapaap|ABalaappap|ABalaapppa,3,1.0
SPA_003155,140,64,ABprpppap|ABalpaappa|ABaraaaapa,3,1.0
SPA_003156,140,65,ABpraapap|ABplppaapp|ABplppapap,3,1.0
SPA_003157,140,66,ABarpppap|ABprapaaa|ABplppapaa,3,1.0
SPA_003158,140,67,ABaraaapap|ABalaapapp|ABpraaapap|ABpraapaaa,4,1.0
SPA_003159,140,68,ABplaaaaaa|ABarpaaapp|MSaaapaa,3,1.0
SPA_003160,140,69,ABarapapap|ABarapappa|MSpapaap|Earpa|ABalpappppa|MSaaappp,6,1.0
SPA_003161,140,70,MSaaaap|ABprappapp|MSapapaa,3,1.0
SPA_003162,140,71,MSapppa|MSppppap|MSpppppa,3,1.0
SPA_003163,141,0,ABalaaapp|ABalappaa|ABalppaaa|Cpappd,4,1.0
SPA_003164,141,1,ABalapapa|ABalappap|Cppppp,3,1.0
SPA_003165,141,2,ABalapppp|ABplaappa|ABprpaaap|MSppapa|ABplppppap|Dapp|ABarppaapp|Capaap|Capapa|Cappaa,10,1.0
SPA_003166,141,3,ABalpappp|ABpraapppp|ABprppapap|ABprppappp,4,1.0
SPA_003167,141,4,ABalppaap|ABplpaaaa|Cpaapa,3,1.0
SPA_003168,141,5,ABalppapp|ABaraappp|ABarppppap|ABprappaap|ABprappapa|MSapapap,6,1.0
SPA_003169,141,6,ABaraaapp|ABarapaaa|ABprapappp,3,1.0
SPA_003170,141,7,ABarapaap|MSapaaa|ABprapppap|Cpppap,4,1.0
SPA_003171,141,8,ABarapapa|MSaaapa|ABprppppap|ABarpppapp|Cppapa,5,1.0
SPA_003172,141,9,ABarapapp|MSpaapa|Dppa|ABprpapapp,4,1.0
SPA_003173,141,10,ABalapppa|ABarapppa|ABplpppppa|Eplpp,4,1.0
SPA_003174,141,11,ABarppaap|ABpraappa|ABplppaap|ABplaappap|Dpaa,5,1.0
SPA_003175,141,12,ABarpppap|ABprapaaa|ABplppapaa,3,1.0
SPA_003176,141,13,ABarppppa|ABplpaappp|ABplppaaaa,3,1.0
SPA_003177,141,14,ABplaaaap|ABplaaapa|Caaapa,3,1.0
SPA_003178,141,15,ABarpapaa|ABplaapaa|ABpraaapa|ABplpppapa|ABarppappa|ABplapppaa|ABplapppap,7,1.0
SPA_003179,141,16,ABplapaaa|ABplaapppp|ABarppapaa,3,1.0
SPA_003180,141,17,ABarppapp|ABplapapp|Eprp|ABalppappp|ABalpppppa|ABplaapapp|ABalpapapa|ABalppapap|ABplaaapap|MSapappa,10,1.0
SPA_003181,141,18,ABplapppp|Dap|ABaraapapp|ABarpapapp|MSpaaapp,5,1.0
SPA_003182,141,19,ABplpaapp|MSapapp|Eala|ABarpaappp,4,1.0
SPA_003183,141,20,ABplpppaa|MSpppaa|MSppappp,3,1.0
SPA_003184,141,21,ABplppppp|ABalapppap|ABpraaapaa|ABarappaaa|MSppapaa,5,1.0
SPA_003185,141,22,ABplaapap|ABpraaapp|ABplapapap|ABplpppaap|ABplappapa,5,1.0
SPA_003186,141,23,ABpraapap|ABplapaapp|ABplappaaa|ABplppaapp|ABplppapap,5,1.0
SPA_003187,141,24,ABpraappp|ABplpapapa|ABplppaaa|ABplaappaa|ABplpapaaa,5,1.0
SPA_003188,141,25,ABplappaa|ABprppaaa|Earp|MSappap|Ealpa|MSaapapp,6,1.0
SPA_003189,141,26,ABprpppap|ABalpaappa|ABalaaapal|ABaraaaapa,4,1.0
SPA_003190,141,27,ABprppppa|Cappa|Cppaa|ABaraapapa|ABplaaaapa|ABaraapaap|ABaraaappp|MSpaapaa,8,1.0
SPA_003191,141,28,ABprppppp|Capap|ABalappapa|ABalaappaa|ABarpapaap,5,1.0
SPA_003192,141,29,MSaaaap|ABprpppaaa|ABprappapp|MSapapaa,4,1.0
SPA_003193,141,30,MSaappa|MSpapap|ABarappppp|MSppppa|ABpraapapp|ABprpaaapp|ABprpaappa|ABprppaapa,8,1.0
SPA_003194,141,31,ABplppppa|MSaappp|ABpraapaap|MSppappa,4,1.0
SPA_003195,141,32,MSapaap|Cppaap|Cpppaa,3,1.0
SPA_003196,141,33,ABplpaapa|MSapapa|ABarpppapa|Eprap,4,1.0
SPA_003197,141,34,ABplppaa|MSappa|ABarpppaap,3,1.0
SPA_003198,141,35,MSappp|Ealp|ABarapappp|ABarpaappa,4,1.0
SPA_003199,141,36,MSpapaa|MSppppp|ABarpapppp|ABprpapaap|ABprpapapa|ABprapaaap,6,1.0
SPA_003200,141,37,ABplpppap|ABprpappp|MSpappp|Daa|ABaraapppa|ABarappaap|ABarpappap|MSppapap,8,1.0
SPA_003201,141,38,Caapp|Cpppp|MSaaaapa,3,1.0
SPA_003202,141,39,Cappp|Cppap|ABalpaapap|ABaraapaaa|MSaaaaaa|ABaraaaapp|ABaraaappa,7,1.0
SPA_003203,141,40,ABalapappa|ABalpaappp|ABplaaaaaa|MSaaaaap|ABarpaaapp|MSaaapaa,6,1.0
SPA_003204,141,41,ABalappppa|ABpraaapap|ABpraapaaa,3,1.0
SPA_003205,141,42,ABalpapppp|MSappaa|MSaapaap|MSaapapa,4,1.0
SPA_003206,141,43,ABprppapp|ABalppppaa|ABplpaaaaa|ABalapaapp,4,1.0
SPA_003207,141,44,ABalppppap|ABplaapapa|ABplaapaap,3,1.0
SPA_003208,141,45,ABarappppa|ABpraaappp|ABprpaaaap|ABarappapa|ABpraapapa|ABprpaaapa|ABprpaapaa|ABprpaapap|ABpraappap|ABprppaaap,10,1.0
SPA_003209,141,46,ABarpaaap|ABpraaaap|ABplapappp,3,1.0
SPA_003210,141,47,ABplpapapp|Daaa|ABplpapaap,3,1.0
SPA_003211,141,48,ABprapappa|ABprpppapp|ABarpppppp|ABprappppa,4,1.0
SPA_003212,141,49,ABalapapp|ABarappaa|ABprpapppp,3,1.0
SPA_003213,141,50,Epla|Earap|MSpapapa,3,1.0
SPA_003214,141,51,ABalaaapar|ABaraaaaap|ABarpapaaa,3,1.0
SPA_003215,141,52,ABalappapp|MSpaaaaa|ABarapaaaa|MSppaaaa,4,1.0
SPA_003216,141,53,ABaraappaa|ABarapaaap|MSpaaapa,3,1.0
SPA_003217,141,54,ABplpppapp|ABarppappp|ABplappppa,3,1.0
SPA_003218,141,55,ABpraaappa|ABprpaaaaa|ABpraaaapp,3,1.0
SPA_003219,141,56,ABprpapap|MSpppa|Earpa,3,1.0
SPA_003220,141,57,ABarpaapa|ABplapappa|ABplappapp,3,1.0
SPA_003221,141,58,Caaapp|Caappd|Cpapaa,3,1.0
SPA_003222,141,59,ABplpaaap|Dppp|Cppapp|ABprpppppa,4,1.0
SPA_003223,141,60,ABalaaaarr|ABalappaaa|ABalappaap|ABarpaaaaa,4,1.0
SPA_003224,141,61,Cpapp|ABalapaapa|ABalapapap,3,1.0
SPA_003225,141,62,Eplp|ABalpapaap|MSaapaaa,3,1.0
SPA_003226,141,63,ABprppapa|ABalapappp|MSaaapap|Eprpp,4,1.0
SPA_003227,142,0,ABalaaapp|ABalappaa|Cpappd|Cpappv,4,1.0
SPA_003228,142,1,ABalaapap|ABaraapaa|ABprapapap,3,1.0
SPA_003229,142,2,ABalapppp|ABplaappa|ABprpaaap|MSppapa|ABplppppap|Dapp|Capaap|Capapa|Cappaa|MSppappp,10,1.0
SPA_003230,142,3,ABalpappp|ABpraapppp|ABprppapap|ABprppappp,4,1.0
SPA_003231,142,4,ABalppaap|ABplpaaaa|ABprpppppp|Cpaapa|ABprappppp,5,1.0
SPA_003232,142,5,ABalppapa|ABprpppaap|ABarpppppa|MSapaaap,4,1.0
SPA_003233,142,6,ABalppapp|ABprppppaa|ABarppppap|ABprappaaa|MSapapap,5,1.0
SPA_003234,142,7,ABalppppp|ABarppaapa|Cpaaaa|Eplpa,4,1.0
SPA_003235,142,8,ABarapapp|Dppa|ABprpapapp,3,1.0
SPA_003236,142,9,ABarpaapp|ABarpappp|ABpraapap|ABplpppaaa|ABplapaapp|ABplappaaa|ABplppaapp|ABplppappa,8,1.0
SPA_003237,142,10,ABarpapaa|ABplaapaa|ABplpppapp|ABarppappa|ABplapppaa|ABplapppap|Cappap|MSppappa,8,1.0
SPA_003238,142,11,ABarpapap|ABplaapap|ABpraaapp|ABplpppaap|ABplpppapa|ABarppapap|ABplappaap|ABplappapa|ABplppappp,9,1.0
SPA_003239,142,12,ABarppaap|ABplppaap|ABplaappap,3,1.0
SPA_003240,142,13,ABarpppap|ABprapaaa|ABplppapaa,3,1.0
SPA_003241,142,14,ABarppppa|ABplpaappp|ABplppaaaa,3,1.0
SPA_003242,142,15,ABplaaaap|ABplaaapa|Caaaap|Caaapa,4,1.0
SPA_003243,142,16,ABplapapa|ABplapaaap|ABplaaappp,3,1.0
SPA_003244,142,17,ABplapapp|Eprp|ABalppappp|ABalpppppa|ABalpapapa|ABplaapaap|ABplaaapap,7,1.0
SPA_003245,142,18,ABplapppp|Dap|ABalpapppa|ABaraapapp|MSpaaapp|MSpaapap,6,1.0
SPA_003246,142,19,ABplpaapp|MSapapp|Eala,3,1.0
SPA_003247,142,20,ABarpaaaa|ABpraaaap|ABplapappp|ABplappppa,4,1.0
SPA_003248,142,21,ABpraappp|ABplpapapa|ABplppaaa|ABplaappaa|ABplpapaaa,5,1.0
SPA_003249,142,22,ABplappaa|ABprppaaa|Earp|Ealpa|MSaapapp|Eplaa,6,1.0
SPA_003250,142,23,ABprppapa|Dpp|ABalapappp|ABalpappaa|ABalppapap|ABalpapaap|MSaaapaa|Eprpp,8,1.0
SPA_003251,142,24,ABprpppaa|Cpppa|ABalpaaaaa|ABarpaaaap,4,1.0
SPA_003252,142,25,ABaraappp|MSaaaap|ABprpppaaa|ABprappaap|ABprappapa|ABprappapp|MSapapaa,7,1.0
SPA_003253,142,26,ABarapapa|MSaaapa|MSapaap|ABarpppapp|Cppaap|Cppapa|Cpppaa|MSapappa,8,1.0
SPA_003254,142,27,ABplpappa|MSaappa|ABarappppp|MSppppa|ABpraapapp|ABprppaapa,6,1.0
SPA_003255,142,28,MSaappp|MSpappa|ABarappppa|ABarappapa|ABpraapaap|ABpraapapa|ABprppaaaa,7,1.0
SPA_003256,142,29,MSapaaa|ABprapppap|Cppppa,3,1.0
SPA_003257,142,30,ABplppaa|MSappa|ABarpppaap,3,1.0
SPA_003258,142,31,MSpapaa|ABarpapppp|ABprpapaap|ABprpapapa|ABprapaaap,5,1.0
SPA_003259,142,32,ABprpaapp|MSppapp|Eara|ABplpapppa|Daap|Dapa,6,1.0
SPA_003260,142,33,MSappp|Ealp|ABarapappp,3,1.0
SPA_003261,142,34,Epla|Earap|MSaapapa,3,1.0
SPA_003262,142,35,Epra|ABplapaaaa|MSapppa,3,1.0
SPA_003263,142,36,Caaap|ABplpaaapa|ABplpaapap,3,1.0
SPA_003264,142,37,ABprppapp|Caapp|Cpppp|ABalppapaa|ABalppppaa|ABplpaaaaa|ABalapaapp,7,1.0
SPA_003265,142,38,Cappa|Cppaa|ABplaaaapa|MSpaapaa,4,1.0
SPA_003266,142,39,Cappp|Cppap|ABplaaaaaa|MSaaaaaa|ABaraaaapp,5,1.0
SPA_003267,142,40,Cpapp|ABalapaapa|ABalaaaala|ABalapaaap|ABalapapap,5,1.0
SPA_003268,142,41,Dpa|ABarapappa|ABarpaapap,3,1.0
SPA_003269,142,42,ABalapappa|MSaaaaap|ABarpaaapp,3,1.0
SPA_003270,142,43,ABplppppp|ABalapppap|ABpraaapaa|MSppapaa,4,1.0
SPA_003271,142,44,ABprppaap|ABalpappap|MSaaapap,3,1.0
SPA_003272,142,45,ABalpapppp|MSappaa|MSaapaap,3,1.0
SPA_003273,142,46,ABaraappap|ABarapaapa|ABaraaappp,3,1.0
SPA_003274,142,47,ABarapaapp|ABarapapaa|ABarapaaap,3,1.0
SPA_003275,142,48,ABplapppa|ABplaaaapp|Earaa|MSaaaapp,4,1.0
SPA_003276,142,49,ABarppapp|ABplaapapp|Eprpa,3,1.0
SPA_003277,142,50,ABalppappa|ABplpaaaap|ABplpaapaa|ABalpppaap,4,1.0
SPA_003278,142,51,ABarppppp|ABplpaaapp|ABplpaappa,3,1.0
SPA_003279,142,52,ABprapappa|ABprpppapp|ABarpppppp|ABprappppa,4,1.0
SPA_003280,142,53,ABalapapp|ABarappaa|ABprpapppp,3,1.0
SPA_003281,142,54,ABprpappaa|MSpppap|Epraa,3,1.0
SPA_003282,142,55,ABplpapapp|Daaa|ABplpapaap,3,1.0
SPA_003283,142,56,ABplpaapa|MSapapa|ABarpppapa,3,1.0
SPA_003284,142,57,ABprpaaapp|ABpraappaa|ABprpaappa,3,1.0
SPA_003285,142,58,ABprppppp|Capap|ABaraapaap|MSpaaaaa,4,1.0
SPA_003286,142,59,ABarapaaaa|MSpaaaap|MSppaaap,3,1.0
SPA_003287,142,60,Caaapp|Caappd|Cpapaa,3,1.0
SPA_003288,142,61,ABalaaaarl|ABalapaaaa|ABalapapaa,3,1.0
SPA_003289,142,62,ABalaaaarr|ABalappaaa|ABalappaap|ABarpaaaaa,4,1.0
SPA_003290,142,63,ABalaaappr|ABalappapp|ABaraaapaa|ABalaapapa|ABpraaaaaa,5,1.0
SPA_003291,142,64,ABprpppap|ABalpaappa|ABaraaaapa,3,1.0
SPA_003292,143,0,ABalaaapp|ABalappaa|Cpappd,3,1.0
SPA_003293,143,1,ABalaapap|ABaraapaa|ABprapapap,3,1.0
SPA_003294,143,2,ABalapapa|ABalappap|Cppppp,3,1.0
SPA_003295,143,3,ABalapppp|ABplaappa|ABprpaaap|MSppapa|ABplppppap|Dapp|Capaap|Capapa|Cappaa|MSppappp,10,1.0
SPA_003296,143,4,ABalpapap|MSaaaaa|ABprpppapa|ABprapapaa|ABprappapp,5,1.0
SPA_003297,143,5,ABalpappp|ABpraapppp|ABprppapap,3,1.0
SPA_003298,143,6,ABalppaap|ABplpaaaa|ABprappppp,3,1.0
SPA_003299,143,7,ABalppppp|ABprpapaa|ABarppaapa|Eplaa|Eplpa,5,1.0
SPA_003300,143,8,ABaraappp|MSaaaap|ABprpppaaa|ABprappaap,4,1.0
SPA_003301,143,9,ABarapapa|MSaaapa|MSapaap|Dppp|ABarpppapp|Cppaap|Cppapa|Cpppaa|MSapappa,9,1.0
SPA_003302,143,10,ABarapapp|MSaaapp|ABprpapapp|Dppa|Cppaaa,5,1.0
SPA_003303,143,11,ABarpapaa|ABplaapaa|ABpraaapa|ABarppappa|ABplapppaa,5,1.0
SPA_003304,143,12,ABarpapap|ABplpppaap|ABarppapap|ABplappaap|ABplppappp,5,1.0
SPA_003305,143,13,ABarppaaa|ABplaapppp|ABplapaapa,3,1.0
SPA_003306,143,14,ABarpppap|ABprapaaa|ABplppaapa|ABplppapaa,4,1.0
SPA_003307,143,15,ABarppppa|ABplpaappp|ABplppaaaa,3,1.0
SPA_003308,143,16,ABplaaapa|MSppaaa|ABplpppppp|Capppp,4,1.0
SPA_003309,143,17,ABplapaap|ABarppaaap|Dpap,3,1.0
SPA_003310,143,18,ABplpaapa|MSapapa|ABarpppapa|Earpp|Eprap,5,1.0
SPA_003311,143,19,ABplpappa|MSaapap|MSaappa|ABarappppp|ABpraapapp|ABprppaapa,6,1.0
SPA_003312,143,20,ABpraaaaa|Caaapa|Caaapp,3,1.0
SPA_003313,143,21,ABarpppaa|ABpraapap|ABplpppaaa|ABplppaapp|ABplppapap,5,1.0
SPA_003314,143,22,ABpraappp|ABplpapaap|ABplpapapa,3,1.0
SPA_003315,143,23,ABprapppa|ABprppapp|ABalpppapa|ABalpppaaa|MSapaaaa|MSapaaap,6,1.0
SPA_003316,143,24,ABprpappp|ABaraapppa|ABarapaapp|ABarapapaa|ABarappaaa|ABarapaaap|ABarpapapa,7,1.0
SPA_003317,143,25,ABprppaaa|Earp|ABplaaappp|Ealpa|MSaapapp,5,1.0
SPA_003318,143,26,ABprppaap|ABalpappap|Earaa|MSaaaapp|MSaaapap|MSaapaaa|Ealaa,7,1.0
SPA_003319,143,27,ABprpppaa|Cpppa|ABalapaapp|ABalpapaaa|ABplaapaaa|ABalapaaap|ABalapapap|ABalpaaaaa|ABarpaaapa,9,1.0
SPA_003320,143,28,ABprpppap|ABalapaapa|ABalpaappa|ABplaaaaaa|ABalaaaala|ABalapaaaa|ABalaaaarr|ABalappaaa|ABalappaap|ABaraaaaaa|ABaraaaapa,11,1.0
SPA_003321,143,29,ABprppppp|Capap|ABaraapaap|MSpaaaaa|MSppaaaa,5,1.0
SPA_003322,143,30,ABplpaapp|MSapapp|Eala,3,1.0
SPA_003323,143,31,MSappap|ABarappapp|ABarpapppa|ABprapaaaa,4,1.0
SPA_003324,143,32,MSappp|Ealp|MSpapaap,3,1.0
SPA_003325,143,33,MSpapaa|ABprpapapa|ABarpapppp|ABprpapaap|ABprapaaap,5,1.0
SPA_003326,143,34,ABprpaapp|MSppapp|Eara|ABplpapppa|Daap|Dapa,6,1.0
SPA_003327,143,35,Epla|Earap|MSaapaap,3,1.0
SPA_003328,143,36,Epra|ABplapaaaa|MSapppa,3,1.0
SPA_003329,143,37,ABprappaa|Caaap|ABplpaaapa|ABalpaaapp|ABplaaapaa,5,1.0
SPA_003330,143,38,ABprppppa|Cappa|Cppaa|ABaraapapa|ABplaaaapa|ABarapaaaa|ABarpaaaap|MSaaaapa|MSpaaaap|MSpaapaa,10,1.0
SPA_003331,143,39,Cappp|Cppap|ABalpaapap|ABplaaaaap|ABalapapaa|MSaaaaaa|MSaaaaap|ABaraaaapp,8,1.0
SPA_003332,143,40,Dap|ABalpapppa|ABaraapapp|ABarpaapaa|MSpaaapa|MSpaapap,6,1.0
SPA_003333,143,41,Eprp|ABalpapapp|ABalppappp|ABalpppppa|ABplpapaaa|ABplaaapap,6,1.0
SPA_003334,143,42,ABalppapaa|ABalppppaa|ABplaapaap|ABplpaaaaa,4,1.0
SPA_003335,143,43,ABaraaapap|ABaraappaa|ABaraaappa,3,1.0
SPA_003336,143,44,ABplpppap|Capaa|ABaraappap|ABarapaapa|ABarpapaap,5,1.0
SPA_003337,143,45,ABarappppa|ABpraaappa|ABprpaaaap|ABprpaapaa|ABpraaaapp,5,1.0
SPA_003338,143,46,ABplpppapp|ABplapppap|Cappap|MSppappa,4,1.0
SPA_003339,143,47,ABpraaappp|ABprpaaapa|ABprpaapap|ABprppaaap,4,1.0
SPA_003340,143,48,ABprapappa|ABprpppapp|ABarpppppp|ABprappppa,4,1.0
SPA_003341,143,49,ABplppppp|ABalapppap|ABpraaapaa|MSppapaa,4,1.0
SPA_003342,143,50,ABalapapp|ABplpaaap|Cpaaaa|Cppapp|Eprpa,5,1.0
SPA_003343,143,51,ABprpppppa|Cpaaap|ABprapppap|Cppppa|Eprpp,5,1.0
SPA_003344,143,52,ABalppapp|ABarppppap|ABprappaaa,3,1.0
SPA_003345,143,53,ABarapaap|MSpaaaa|ABprapppaa,3,1.0
SPA_003346,143,54,ABalaaappr|ABalappapp|ABpraaaaaa,3,1.0
SPA_003347,144,0,ABalaaapp|ABalapaaa|ABalappaa,3,1.0
SPA_003348,144,1,ABalapapa|ABalappap|Cppppp,3,1.0
SPA_003349,144,2,ABalapppp|ABplaapap|ABplaappa|MSppapa|ABplapapaa|Dapp|Capaap|Capapa|Cappaa|MSppappp,10,1.0
SPA_003350,144,3,ABalpappp|ABpraapppp|ABprppapap,3,1.0
SPA_003351,144,4,ABalppapa|ABprapapaa|ABarpppppa,3,1.0
SPA_003352,144,5,ABalppppp|ABarppaapa|Eplaa|Eplpa,4,1.0
SPA_003353,144,6,ABaraappp|ABprpppaaa|ABprappaap,3,1.0
SPA_003354,144,7,ABarapaap|MSpaaaa|ABprapppaa|Cpppap,4,1.0
SPA_003355,144,8,ABarapapa|ABplpaaap|ABprppppap|Dppp|Cpaaaa|Cppapp|Eprpa|ABalpaapapp,8,1.0
SPA_003356,144,9,ABarapapp|MSaaapp|MSpaapa|Dppa|ABarpppaap|Dpap|Cppaaa|MSapappp,8,1.0
SPA_003357,144,10,ABarpaapp|ABpraapap|ABplppapap|ABplapaapp|ABplppaapp|ABplppappa,6,1.0
SPA_003358,144,11,ABarpaaap|ABarpapaa|ABplaapaa|ABpraaapa|ABplapapap|ABplapappa|ABplpppapa|ABplappapa|ABplappapp|ABarppappa|ABplapppaa,11,1.0
SPA_003359,144,12,ABarppaaa|ABpraappa|ABplaapppp|ABplppapaa|ABplapaapa,5,1.0
SPA_003360,144,13,ABarppaap|ABplaapppa|ABplaappap,3,1.0
SPA_003361,144,14,ABarppapa|Epra|ABplapaaaa|MSapppa,4,1.0
SPA_003362,144,15,ABplaaapa|MSppaaa|Capppp,3,1.0
SPA_003363,144,16,ABplapppa|Dap|Dpp|ABalpappaa|ABalpapppa|ABaraapapp|ABarapaaap|ABplaaaapp|Earaa|ABalpaaapp|MSaaaapp|MSaaappa|MSaaappp|MSpaapap,14,1.0
SPA_003364,144,17,ABplpapap|MSpapaa|ABarpapppp|ABprppaapa|Dpaa|ABprapaapa,6,1.0
SPA_003365,144,18,ABplppaaa|MSappaa|ABarpppaaa,3,1.0
SPA_003366,144,19,ABplpppap|ABprpappp|ABaraappap|ABarapaapa|ABarpapaap|MSpaaapa,6,1.0
SPA_003367,144,20,ABplppppa|ABalappppp|ABarpappaa,3,1.0
SPA_003368,144,21,ABarpaaaa|ABpraaaap|ABplapappp|ABplappppa,4,1.0
SPA_003369,144,22,ABpraaapp|ABplpppaap|ABplappaap|ABplppappp,4,1.0
SPA_003370,144,23,ABprpaaaa|ABplpppapp|ABplapppap|Cappap|MSppappa,5,1.0
SPA_003371,144,24,ABprppaaa|MSpppp|Earp|Earpa|Ealpa|MSaapapp,6,1.0
SPA_003372,144,25,ABplappap|ABprppaap|ABalpappap|MSaapaaa|Ealaa,5,1.0
SPA_003373,144,26,ABprpppaa|Cpppa|ABalapaapp|ABplaapaaa|ABalapaaap|ABalpaaaaa|ABarpaaapa,7,1.0
SPA_003374,144,27,ABprpppap|ABalapaapa|ABalaaaala|ABalapaaaa|ABalappaap|ABaraaaaaa|ABaraaaapa,7,1.0
SPA_003375,144,28,MSaaapa|MSapaap|ABarpppapp|Cppaap|Cppapa|Cpppaa|MSapappa,7,1.0
SPA_003376,144,29,ABplpappp|MSaappp|ABarappppa|ABpraaappa|ABprpaaaap|ABprpaapaa|ABpraaaapp|ABpraapapa|ABprppaaaa,9,1.0
SPA_003377,144,30,MSapaaa|ABprpppppa|Cpaaap|ABprapppap|Cppppa|Eprpp,6,1.0
SPA_003378,144,31,MSappp|Ealp|MSpapaap,3,1.0
SPA_003379,144,32,ABarapppp|MSppaap|ABarppaapp,3,1.0
SPA_003380,144,33,ABprpaapp|MSppapp|ABplpapppa,3,1.0
SPA_003381,144,34,Epla|Earap|MSaapaap|MSaapapa,4,1.0
SPA_003382,144,35,Capap|ABaraaapap|ABaraapaap|ABaraappaa|MSpaaaap|ABaraaappa|ABarpaaaaa|MSppaaaa,8,1.0
SPA_003383,144,36,ABprppppa|Cappa|ABaraapapa|ABplaaaapa|ABarpaaaap|MSaaaapa|MSpaapaa,7,1.0
SPA_003384,144,37,Cappp|Cppap|ABalapapap|ABalpaapap|MSaaaaaa|ABaraaaapp,6,1.0
SPA_003385,144,38,ABprppapp|Caapp|Cpppp,3,1.0
SPA_003386,144,39,Daa|ABarpapapa|MSppapap,3,1.0
SPA_003387,144,40,ABalaapppp|ABalaapapp|ABpraaaaaa,3,1.0
SPA_003388,144,41,ABalapapaa|ABaraapaaa|ABalaaaarr,3,1.0
SPA_003389,144,42,ABalappppa|ABpraaaaap|ABpraaaapa|ABpraaapap,4,1.0
SPA_003390,144,43,ABalpaapaa|ABalaaaarl|ABaraaaaap,3,1.0
SPA_003391,144,44,ABalppapaa|ABalppppaa|ABplaapaap|ABplpaaaaa|MSapaaap,5,1.0
SPA_003392,144,45,Eprp|ABalpppppa|ABplaaapap,3,1.0
SPA_003393,144,46,ABalapappa|ABplaaaaap|MSaaaaap|ABarpaaapp,4,1.0
SPA_003394,144,47,ABarppapp|ABalppappp|ABplaapapp,3,1.0
SPA_003395,144,48,ABprapaap|Caaaa|ABplpaappa,3,1.0
SPA_003396,144,49,ABpraaappp|ABprpaaapa|ABprpaapap|ABprppaaap,4,1.0
SPA_003397,144,50,ABalapaap|ABprpppppp|Cpappv,3,1.0
SPA_003398,144,51,ABplapaaap|MSapppp|Daaa,3,1.0
SPA_003399,144,52,ABplppaap|ABarappapp|MSpppap,3,1.0
SPA_003400,144,53,Caaapa|Caaapp|Caappd|Cpapaa,4,1.0
SPA_003401,144,54,MSaapaa|ABprapaaap|ABprapaapp|ABprppappa,4,1.0
SPA_003402,144,55,ABalpapap|ABaraapap|ABprappapp,3,1.0
SPA_003403,144,56,Eplap|Caaaaa|Eplpp,3,1.0
SPA_003404,144,57,ABaraaapp|Cpaapa|Cpapap,3,1.0
SPA_003405,144,58,ABarpppppp|ABprappppa|ABalpaapapa,3,1.0
SPA_003406,144,59,ABplppppp|ABpraaapaa|MSppapaa,3,1.0
SPA_003407,144,60,MSaaaap|ABprappapa|MSapapaa,3,1.0
SPA_003408,145,0,ABalaaapp|ABalapaaa|ABalappaa|ABalppaaa|ABplaaaaa|Caaapp|Caappd|Caappv,8,1.0
SPA_003409,145,1,ABalapapa|ABalappap|Cppppp,3,1.0
SPA_003410,145,2,ABalapppp|ABarapppp|ABplaapap|ABprpaaap|MSppaap|MSppapa|ABplapapaa|ABplppppap|ABplpppppa|Dapp|ABarppaapp|Capaap|Capapa|Cappaa|MSppappp,15,1.0
SPA_003411,145,3,ABalppppp|ABarppaapa|Eplaa|Eplpa,4,1.0
SPA_003412,145,4,ABaraaapp|Cpaapa|Cpapap,3,1.0
SPA_003413,145,5,ABalppapa|ABarapaap|ABplpaaaa|MSapaaa|MSpaaaa|ABprapapaa|Cpaaap|ABarpppppa|ABprapppaa|ABprapppap|Cpppap|Cppppa,12,1.0
SPA_003414,145,6,ABarapapp|ABplpapaa|MSaaapp|MSpaapa|ABprpapapp|Dppa|ABarpppaap|ABarppppaa|Cppaaa,9,1.0
SPA_003415,145,7,ABarpaapp|ABpraapap|ABplppapap|ABplppaapp,4,1.0
SPA_003416,145,8,ABarpapaa|ABplaapaa|ABpraaapa|ABplapapap|ABplpppapa|ABplappapa|ABarppappa|ABplapppaa,8,1.0
SPA_003417,145,9,ABarppaap|ABplaapppa|ABplaappap,3,1.0
SPA_003418,145,10,ABarppapa|Epra|ABplapaaaa|ABplpappaa|MSapppa,5,1.0
SPA_003419,145,11,ABplaaapa|MSppaaa|Caaaap|Capppa|Capppp,5,1.0
SPA_003420,145,12,ABplpappa|MSaapap|MSaappa|ABpraapapp,4,1.0
SPA_003421,145,13,ABplpappp|ABpraapapa|ABprppaaaa,3,1.0
SPA_003422,145,14,ABplppaaa|MSappaa|ABarpppaaa,3,1.0
SPA_003423,145,15,ABplppppa|ABalappppp|ABarpappaa,3,1.0
SPA_003424,145,16,ABarpaaaa|ABpraaaap|ABplapappp|ABplappppa|ABplappppp|ABarppappp,6,1.0
SPA_003425,145,17,ABpraaapp|ABplpppaap|ABplppappp,3,1.0
SPA_003426,145,18,ABprapaap|Cpaaa|ABplpaappa,3,1.0
SPA_003427,145,19,ABprappap|ABalpppapp|ABalppaapp|ABalpppaap,4,1.0
SPA_003428,145,20,ABprpaaaa|ABplpppapp|ABplapppap|Cappap|MSppappa,5,1.0
SPA_003429,145,21,ABprpaapp|MSppapp|Eara|ABplapaapp|Daap,5,1.0
SPA_003430,145,22,ABprppaaa|MSpppp|ABplaaappp|ABplpappap|Earpa|MSaapapp,6,1.0
SPA_003431,145,23,ABprppapp|Cpppp|ABalppapaa|ABalppppaa|ABplpaaaaa|MSapaaap,6,1.0
SPA_003432,145,24,ABprpppaa|Cpppa|ABalapaapp|ABalpapaaa|ABplaapaaa|ABarpaaapa,6,1.0
SPA_003433,145,25,ABprpppap|ABalapaapa|ABalpaappa|ABplaaaaaa|ABalaaaala|ABalappaaa|ABalappaap|ABaraaaapa,8,1.0
SPA_003434,145,26,ABprppppa|Capap|ABarapaaaa|ABarpaaaaa,4,1.0
SPA_003435,145,27,ABarapapa|MSaaapa|MSapaap|MSapapa|Dppp|ABarpppapp|Eprap|Cppaap|Cppapa|Cpppaa|MSapappa,11,1.0
SPA_003436,145,28,MSaappp|ABarappppa|ABpraaappa|ABprpaaaap|ABprpaapaa|ABpraaaapp,6,1.0
SPA_003437,145,29,MSpapap|ABarpapppp|ABprpapaaa|ABprpapaap|MSppppp|Dpaa,6,1.0
SPA_003438,145,30,MSpppap|ABarpaappp|ABprpappaa,3,1.0
SPA_003439,145,31,MSappp|Ealp|Ealap|MSpapaap,4,1.0
SPA_003440,145,32,Epla|Earap|MSaapaap|MSaapapa|MSpapppp,5,1.0
SPA_003441,145,33,ABarppapp|Eprp|ABalpapapp|ABalppappp|ABplaapapp|ABplpapaaa|ABplaaapap|MSapapap,8,1.0
SPA_003442,145,34,Caaap|ABplpaaaap|ABplaaapaa|MSapapaa,4,1.0
SPA_003443,145,35,Cappa|ABplaaaaap|ABalpaaaap|ABalpaaapa|ABarpaaaap|MSaaaapa|MSaaapaa,7,1.0
SPA_003444,145,36,Cappp|Cppap|ABalapapap|ABalpaapap|ABalpaaaaa|MSaaaaap|ABaraaaapp,7,1.0
SPA_003445,145,37,Cppaa|Dpp|ABalpappaa|ABaraapapp|ABarapaaap|ABplaaaapp|Earaa|ABalpaaapp|MSaaaapp|MSaaapap|MSaaappa,11,1.0
SPA_003446,145,38,ABalaapppp|ABalappppa|ABarapppaa|ABarpapaaa|ABalaapapa|ABalaapapp|ABpraaaaaa|ABpraapaaa,8,1.0
SPA_003447,145,39,ABalaaaarl|ABalaaapal|ABalapaaaa,3,1.0
SPA_003448,145,40,ABplpppap|ABprpappp|ABaraappap|MSpaaapa,4,1.0
SPA_003449,145,41,ABprpappa|ABaraapppp|ABarappaap|ABarpapapp,4,1.0
SPA_003450,145,42,ABarappppp|ABarpapppa|MSppppa,3,1.0
SPA_003451,145,43,ABplppapp|ABarapaapp|ABarpaapaa,3,1.0
SPA_003452,145,44,ABplapppp|ABaraapapa|ABplaaaapa|MSpaapaa,4,1.0
SPA_003453,145,45,ABarppppa|ABpraappp|ABplpaappp|ABplppaaaa,4,1.0
SPA_003454,145,46,ABpraaappp|ABprpaaapa|ABprpaapap,3,1.0
SPA_003455,145,47,ABprpaaaaa|ABpraaaaap|ABpraaaapa,3,1.0
SPA_003456,145,48,ABalapaap|ABprpppppp|Cpappv,3,1.0
SPA_003457,145,49,ABplaappp|Earpp|Ealpp,3,1.0
SPA_003458,145,50,ABalapppaa|ABalaapaaa|ABaraaaaap,3,1.0
SPA_003459,145,51,ABaraappaa|MSpaaaap|ABaraaappa,3,1.0
SPA_003460,145,52,MSaaaap|ABprappaap|ABprappapa,3,1.0
SPA_003461,145,53,ABarpapap|ABplappaap|ABarppapap,3,1.0
SPA_003462,145,54,ABprapappa|ABarpppppp|ABprappppa|ABalpaapapa,4,1.0
SPA_003463,145,55,Daa|ABarpapapa|MSppapap,3,1.0
SPA_003464,145,56,ABplpaapa|Cpaaaa|Eprpa,3,1.0
SPA_003465,145,57,ABplpaaap|Cppapp|ABalpaapapp,3,1.0
SPA_003466,146,0,ABalaaaar|ABalaaapa|Caappd,3,1.0
SPA_003467,146,1,ABalaaapp|ABalapaap|ABalappaa|ABalppaaa|ABprpppppp|Cpaapp|Cpappv,7,1.0
SPA_003468,146,2,ABalppppp|ABarppaapa|Eplaa,3,1.0
SPA_003469,146,3,ABaraappa|MSaaaaa|ABprpppaap,3,1.0
SPA_003470,146,4,ABarapaap|MSapaaa|MSpaaaa|ABprppppap|Cpaaap|ABprapppaa|ABprapppap|Cpppap|Cppppa,9,1.0
SPA_003471,146,5,ABarapapa|ABplpaaap|MSaaapa|MSapaap|ABarpppapp|Dppp|Eprap|Cppaap|Cppapa|Cppapp|Cpppaa,11,1.0
SPA_003472,146,6,ABarapapp|ABplpapaa|MSaaapp|MSpaapa|Dppa|ABarppppaa|Cppaaa,7,1.0
SPA_003473,146,7,ABalapapp|ABarappaa|ABprpapppp,3,1.0
SPA_003474,146,8,ABarpaapp|ABpraapap|ABplpppaaa|ABplppaapp|ABplppapap|ABplppappa,6,1.0
SPA_003475,146,9,ABarpapaa|ABplaapaa|ABpraaapa|ABplapapap|ABplappapp|ABplpppapa|ABplapppaa|ABarppappa,8,1.0
SPA_003476,146,10,ABarpapap|ABpraaapp|ABplappapa|ABplpppaap|ABplppappp|ABarppapap,6,1.0
SPA_003477,146,11,ABarppapa|Epra|ABplpappaa|MSapppa,4,1.0
SPA_003478,146,12,ABarppapp|ABplaapapp|MSapapap,3,1.0
SPA_003479,146,13,ABarpppap|ABprapaaa|ABplppaaap,3,1.0
SPA_003480,146,14,ABplaapap|ABplapapaa|Capapa|Cappaa,4,1.0
SPA_003481,146,15,ABplapppp|Cppaa|ABarapaaap|ABplaaaapa|ABarpaaapa|MSpaapaa,6,1.0
SPA_003482,146,16,ABplppaaa|MSappaa|Dpap|ABarpppaaa,4,1.0
SPA_003483,146,17,ABplppppa|MSpappp|Daa|ABalappppp|ABarpapapa|ABarpappaa|MSppapap|MSppappa,8,1.0
SPA_003484,146,18,ABprapaap|Cpaaa|ABplpaappa,3,1.0
SPA_003485,146,19,ABprappap|ABprppapp|Caapa|Cpppp|ABalpapapa|ABalppapaa|ABalppappa|ABalpppaap|ABalpppapp|ABalppppaa|ABplpaaaaa|ABalppaapa|ABalppaapp|MSapaaap,14,1.0
SPA_003486,146,20,ABprapppp|ABalpaappa|ABalaaaala|ABaraaaapa,4,1.0
SPA_003487,146,21,ABprpapap|MSpppap|Ealap,3,1.0
SPA_003488,146,22,ABprpppaa|Cpppa|ABalapaapp|ABalpppaaa|ABplaapaaa|ABalaaaalp|ABalppaaaa,7,1.0
SPA_003489,146,23,ABprppppa|Capap|Cappa|ABaraapapa|ABarapaaaa|ABplaaaaap|ABarpaaaap|MSaaaapa,8,1.0
SPA_003490,146,24,ABprppppp|ABaraaapap|MSaaaaap,3,1.0
SPA_003491,146,25,MSaapaa|ABpraapppp|ABprppappa,3,1.0
SPA_003492,146,26,ABplpappa|MSaappa|ABpraapapp,3,1.0
SPA_003493,146,27,MSaappp|ABarappppa|ABpraaappa|ABprpaaaap|ABprpaapaa|ABpraaaapp|ABpraapapa,7,1.0
SPA_003494,146,28,ABplpaapa|MSapapa|Cpaaaa|Eprpa,4,1.0
SPA_003495,146,29,MSpappa|ABarappapa|ABarpappap|MSppappp,4,1.0
SPA_003496,146,30,ABplaaapa|ABprpaaaa|MSppaaa|ABplpppapp|Capppa,5,1.0
SPA_003497,146,31,ABprpaaap|ABprpaapa|MSppapa|ABplppppap|Capaap,5,1.0
SPA_003498,146,32,MSappp|Ealp|ABprpappaa,3,1.0
SPA_003499,146,33,Epla|Earap|MSaapapa,3,1.0
SPA_003500,146,34,Caaap|ABplpaaaap|ABplpaapaa|ABplaaapaa|MSapapaa,5,1.0
SPA_003501,146,35,Cappp|Cppap|ABalapapap|ABalpaaaap|ABalpaapap|ABaraaaapp,6,1.0
SPA_003502,146,36,Dpp|ABaraapapp|ABplaaaapp|Earaa|ABalpaaapp|MSaaaapp|MSaaapap,7,1.0
SPA_003503,146,37,ABalaaaarl|ABalaaapal|ABalapaaaa,3,1.0
SPA_003504,146,38,ABalapaapa|ABalappaaa|ABalappaap,3,1.0
SPA_003505,146,39,ABalaapppp|ABalappppa|ABarapppaa|ABarpapaaa|ABalaapapa|ABalaapapp|ABpraaaaaa|ABpraaapaa|ABpraapaaa,9,1.0
SPA_003506,146,40,Eprp|ABalpapapp|ABplpapaaa,3,1.0
SPA_003507,146,41,ABalppappp|ABalpppppa|ABplaaapap,3,1.0
SPA_003508,146,42,ABplpppap|ABaraappap|MSpaaapa,3,1.0
SPA_003509,146,43,ABplppapp|ABaraapppa|ABarapaapp|ABarappaaa|ABarpaapaa,5,1.0
SPA_003510,146,44,ABaraapppp|ABarappaap|ABarpapapp,3,1.0
SPA_003511,146,45,ABplapaap|ABplapaaap|ABplapaapa|Daaa,4,1.0
SPA_003512,146,46,ABarppppa|ABplpaappp|ABplppaaaa,3,1.0
SPA_003513,146,47,ABpraapppa|ABprpaappp|ABpraappap|ABprapaaaa,4,1.0
SPA_003514,146,48,ABalppapa|ABprapapaa|ABarpppppa,3,1.0
SPA_003515,146,49,ABaraapap|ABprapapap|ABprpppapa|ABprappppa,4,1.0
SPA_003516,146,50,ABpraaappp|ABprpaaapa|ABprpaapap,3,1.0
SPA_003517,146,51,ABalppaap|ABprpppapp|ABprappppp,3,1.0
SPA_003518,146,52,ABaraappaa|MSpaaaap|ABaraaappa|MSppaaaa,4,1.0
SPA_003519,146,53,ABplapaapp|ABplppppaa|Dapa,3,1.0
SPA_003520,146,54,ABalpppapa|ABalppaaap|MSapaaaa,3,1.0
SPA_003521,146,55,ABpraaaap|ABplapappa|ABplapppap,3,1.0
SPA_003522,146,56,ABprpaaaaa|ABpraaaaap|ABpraaaapa,3,1.0
SPA_003523,146,57,ABarapppap|ABarpapaap|ABpraaapap|ABpraapaap,4,1.0
SPA_003524,146,58,ABprppapap|ABprapaaap|ABprapaapa,3,1.0
SPA_003525,146,59,ABprapaapp|ABprappaaa|ABprppappp,3,1.0
SPA_003526,146,60,ABplpappp|ABarappppp|ABprppaaaa,3,1.0
SPA_003527,147,0,ABalaaapp|ABalappaa|ABprpppppp|Cpaapp|Cpappv,5,1.0
SPA_003528,147,1,ABalaappp|ABalpappa|ABprappapa,3,1.0
SPA_003529,147,2,ABalapppp|ABarapppp|MSppaap|ABplpppppa|Caaaaa|ABarppaapp|Eplap|Capapp,8,1.0
SPA_003530,147,3,ABalppppp|ABarppaapa|Eplaa,3,1.0
SPA_003531,147,4,ABaraappa|ABprapapaa|ABprpppaap|ABarppppap|ABarpppppa,5,1.0
SPA_003532,147,5,ABaraappp|MSaaaap|ABprpppaaa|ABarppppaa,4,1.0
SPA_003533,147,6,ABaraaapp|ABarapaaa|ABprpppapp,3,1.0
SPA_003534,147,7,ABarapaap|MSapaaa|MSpaaaa|ABprppppap|Cpaaap|ABprapppaa|ABprapppap|Cpppap|Cppppa,9,1.0
SPA_003535,147,8,ABarapapa|ABplpaaap|MSaaapa|MSapaap|MSpaapa|ABarpppapp|ABprppppaa|Dppp|Eprap|Cppaap|Cppapa|Cpppaa,12,1.0
SPA_003536,147,9,ABarapapp|MSaaapp|ABprpapapp|Dppa|Cppaaa,5,1.0
SPA_003537,147,10,ABalapapp|ABarappaa|ABprpapppp,3,1.0
SPA_003538,147,11,ABarpaapp|ABplappaaa|ABplppapap,3,1.0
SPA_003539,147,12,ABarpapaa|ABplaapaa|ABplaapap|ABpraaapa|ABplapapaa|ABplapapap|ABplappapp|ABplpppapa|ABplapppaa|ABarppappa|Capapa|Cappaa,12,1.0
SPA_003540,147,13,ABarpapap|ABplappapa|ABplpppaap|ABarppapap,4,1.0
SPA_003541,147,14,ABarppapa|Epra|MSapppa,3,1.0
SPA_003542,147,15,ABarppapp|ABalppappp|ABalpppppa|ABplaapapp|ABplaaapap|MSapapap|MSapaapp,7,1.0
SPA_003543,147,16,ABplapppa|ABplapppp|ABprppppa|ABprppppp|Capap|Cppaa|ABaraaapap|ABaraapaap|ABaraapapa|ABaraapapp|ABaraappaa|ABarapaaaa|ABarapaaap|ABplaaaaap|ABplaaaapa|ABplaaaapp|MSaaapaa|MSaaapap|ABaraaaaap|ABaraaaapp|ABarpaaaap|ABarpaaapa|MSaaaapa|MSpaapaa|MSppaaaa,25,1.0
SPA_003544,147,17,ABplpappp|ABarappppp|ABpraaappp|ABpraapapp|ABprpaaapa|ABprpaaapp|ABprpaapap|ABprpaappa|ABpraappaa|ABprppaaaa|ABprppaaap|MSppppaa,12,1.0
SPA_003545,147,18,ABplppaaa|MSappaa|Dpap|ABarpppaaa|Epraa,5,1.0
SPA_003546,147,19,ABplppppa|ABalappppp|ABarpappaa,3,1.0
SPA_003547,147,20,ABarpaaaa|ABpraaaaa|ABpraaaap|ABplapappa|ABplapappp|ABplapppap|ABplappppa|ABarppappp,8,1.0
SPA_003548,147,21,ABprappap|ABprppapp|Caapa|ABalppapaa|ABalppappa|ABalpppaap|ABalpppapp|ABplpaaaaa|ABalppaapa|ABalppaapp|MSapaaap,11,1.0
SPA_003549,147,22,ABprapppp|ABalpaappa|ABalppaaaa|ABalppaaap|ABalaaaala|ABalappaap,6,1.0
SPA_003550,147,23,ABprpapap|MSpppap|Ealap|MSpapapp,4,1.0
SPA_003551,147,24,ABprppaaa|MSppppa|Earp|ABplpappap,4,1.0
SPA_003552,147,25,ABprpppaa|Caapp|Cpppa|ABalapaapp|ABalpaappp|ABalpapaaa|ABplaapaaa,7,1.0
SPA_003553,147,26,MSaapaa|ABpraapppp|ABprppaapp|ABprppapap|ABprapaaap|ABprapaapa,6,1.0
SPA_003554,147,27,ABplpappa|MSaappa|ABarpapppa,3,1.0
SPA_003555,147,28,ABplpaapp|MSapapp|ABprpappap|Ealpp,4,1.0
SPA_003556,147,29,MSappap|MSpapap|ABprpapaaa|MSppppap,4,1.0
SPA_003557,147,30,MSpappa|ABarappapa|ABarpappap|MSppappp,4,1.0
SPA_003558,147,31,MSpappp|ABarpapapa|MSppapap|MSppappa,4,1.0
SPA_003559,147,32,ABplaaapa|MSppaaa|Capppa,3,1.0
SPA_003560,147,33,ABprpaaap|ABprpaapa|MSppapa|ABplppppap|Capaap,5,1.0
SPA_003561,147,34,ABprpaapp|MSppapp|Daap,3,1.0
SPA_003562,147,35,Ealp|ABprpappaa|Ealpa|MSpapaap,4,1.0
SPA_003563,147,36,Caaap|ABplpaaaap|ABplaaapaa|MSapapaa,4,1.0
SPA_003564,147,37,ABplpppap|Capaa|ABaraaappp,3,1.0
SPA_003565,147,38,ABalaapapa|ABalaappap|ABalaapppa,3,1.0
SPA_003566,147,39,ABalaaapal|ABalapaaaa|ABalpaapaa,3,1.0
SPA_003567,147,40,Cpapp|ABalpppaaa|ABalaaaalp,3,1.0
SPA_003568,147,41,ABplppapp|ABarpaapaa|MSpaaapp,3,1.0
SPA_003569,147,42,Epla|ABplaaappp|Earpa|MSaapapp,4,1.0
SPA_003570,147,43,ABplaappap|ABplpapaap|ABplpapapa,3,1.0
SPA_003571,147,44,ABpraaapap|ABpraaaaap|ABpraaaapa,3,1.0
SPA_003572,147,45,ABpraaappa|ABpraapapa|ABprpaaaap|ABprpaapaa|ABpraaaapp,5,1.0
SPA_003573,147,46,ABpraapppa|ABprpaappp|ABpraappap|ABprapaaaa,4,1.0
SPA_003574,147,47,ABalpaapp|ABprapappa|ABarpppppp,3,1.0
SPA_003575,147,48,ABplapaaap|ABplapaapa|ABplpapapp|Daaa,4,1.0
SPA_003576,147,49,ABplapaapp|ABplppppaa|Dapa,3,1.0
SPA_003577,147,50,ABalapppaa|MSpaaaaa|ABalaapaaa,3,1.0
SPA_003578,147,51,ABplaappa|Eara|ABarppaaap,3,1.0
SPA_003579,147,52,ABalaapapp|ABpraaapaa|ABpraaaaaa,3,1.0
SPA_003580,147,53,ABprapaapp|ABprappaaa|ABprppappa,3,1.0
SPA_003581,147,54,Cpaapa|Eprpp|Cppppp,3,1.0
SPA_003582,147,55,ABprpappp|ABarpaaapp|MSpaapap,3,1.0
SPA_003583,148,0,ABalaaaar|ABalaaapa|Cpapaa,3,1.0
SPA_003584,148,1,ABalaaapp|ABalappaa|ABprpppppp|Cpaapp|Cpappd|Cpappv,6,1.0
SPA_003585,148,2,ABalapaap|ABalapapa|ABalappap|Cpaapa|Eplpa|Eprpp|Cppppp,7,1.0
SPA_003586,148,3,ABalapppp|MSppaap|ABarppaapp|Capapp,4,1.0
SPA_003587,148,4,ABaraappa|ABprapapaa|ABprpppaap|ABarppppap|ABarpppppa,5,1.0
SPA_003588,148,5,ABarapaaa|ABprapappa|ABprappppa|ABarpppppp,4,1.0
SPA_003589,148,6,ABarapaap|ABplpaaaa|MSapaaa|MSpaaaa|Cpaaap|ABprapppaa|ABprapppap|Cpppap|Cppppa,9,1.0
SPA_003590,148,7,ABarapapa|ABplpaaap|MSaaapa|MSapaap|ABarpppapp|ABprppppaa|ABprppppap|Dppp|Eprap|Eprpa|Cppaap|Cppapa|Cppapp|Cpppaa,14,1.0
SPA_003591,148,8,ABalapapp|ABarappaa|ABprpapppp,3,1.0
SPA_003592,148,9,ABarpaaaa|ABpraaaap|ABplapappp|ABplappppa|ABplappppp|ABarppappp,6,1.0
SPA_003593,148,10,ABarpaapp|ABplappaaa|ABplppapap,3,1.0
SPA_003594,148,11,ABarpapaa|ABplaapaa|ABplaapap|ABpraaapa|ABplapapaa|ABplapapap|ABplpppapa|ABarppappa|Capapa|Cappaa,10,1.0
SPA_003595,148,12,ABarpapap|ABplappapa|ABplpppaap|ABarppapap,4,1.0
SPA_003596,148,13,ABarppapp|ABplaapapp|MSapapap|MSapaapp,4,1.0
SPA_003597,148,14,ABplapppp|ABprppppa|Capap|ABaraapapa|ABarapaaaa|ABplaaaapa|MSaaapaa|ABaraaaapp|ABarpaaapa|MSpaapaa,10,1.0
SPA_003598,148,15,ABplpappa|MSaappa|ABarpapppa,3,1.0
SPA_003599,148,16,ABplppaaa|MSappaa|ABprpapapa|Dpap,4,1.0
SPA_003600,148,17,ABplpppaa|ABplppppa|Daa|ABalappppp|ABarpappaa,5,1.0
SPA_003601,148,18,ABplpppap|ABplppppp|Capaa|ABaraaappa|ABaraaappp|ABaraappaa|MSpaaaap|MSpaaapa|MSppaaaa|MSppapaa|MSppappa,11,1.0
SPA_003602,148,19,ABprappap|Caaap|ABalppappa|ABplpaaaap|ABalppaapp|MSapapaa,6,1.0
SPA_003603,148,20,ABprapppp|ABalpaappa|ABalppaaaa|ABalppaaap|ABalaaaala,5,1.0
SPA_003604,148,21,ABprpaaaa|ABplpppapp|Capppa,3,1.0
SPA_003605,148,22,ABprpaapa|MSppapa|ABplppppap|Dapp|Capaap,5,1.0
SPA_003606,148,23,ABprpaapp|MSppapp|ABplapaapp|ABplppppaa|Daap|Dapa,6,1.0
SPA_003607,148,24,ABprpapap|MSpppap|Ealap|MSpapapp,4,1.0
SPA_003608,148,25,ABprpappp|ABaraapapp|ABarapaapp|ABarapapaa|ABplaaaapp|MSaaapap|ABarpaaapp|MSpaapap,8,1.0
SPA_003609,148,26,ABprppapp|Caapa|Cpppp|ABalppapaa|ABalpppaap|ABalpppapp|ABalppppaa|ABplpaaaaa|ABalppaapa|MSapaaap,10,1.0
SPA_003610,148,27,ABprpppaa|Caapp|Cpppa|ABalapaapp|ABalpaappp|ABalpapaaa|ABplaapaaa,7,1.0
SPA_003611,148,28,ABprppppp|ABaraaapap|ABaraapaap|MSaaaaap|ABaraaaaap,5,1.0
SPA_003612,148,29,ABarapapp|MSaaapp|ABprpapapp|Cppaaa,4,1.0
SPA_003613,148,30,MSaapap|ABprppaaaa|Dpaa,3,1.0
SPA_003614,148,31,MSappap|MSpapap|ABarappapp|ABarpapppp|MSppppap,5,1.0
SPA_003615,148,32,MSappp|Ealp|Ealpa|MSpapaap|MSpapapa,5,1.0
SPA_003616,148,33,MSpapaa|ABprppaapa|Dppa,3,1.0
SPA_003617,148,34,ABprppaaa|MSppppa|Earp|ABplpappap,4,1.0
SPA_003618,148,35,ABplapapa|MSppppp|ABplapaaaa|ABplpappaa,4,1.0
SPA_003619,148,36,ABarppapa|Epra|ABplaappap|ABplpapaap|ABplpapapa|MSapppa|ABplppaaaa,7,1.0
SPA_003620,148,37,Eprp|ABalpppppp|ABplaappaa,3,1.0
SPA_003621,148,38,Cppap|ABalpaaapa|ABplaaaaap|ABarpaaaap|MSaaaapa,5,1.0
SPA_003622,148,39,ABalaaaarl|ABalaaapal|ABalapaaaa,3,1.0
SPA_003623,148,40,ABalaapapa|ABalaappap|ABalaapppa,3,1.0
SPA_003624,148,41,ABalaapppp|ABarpapaaa|ABpraaapaa|ABpraaaaaa,4,1.0
SPA_003625,148,42,ABalapapap|ABplaaaaaa|ABaraaaapa|ABarpaaaaa,4,1.0
SPA_003626,148,43,ABplppapa|ABaraapppp|ABarappaap|ABarpapapp,4,1.0
SPA_003627,148,44,ABplppapp|ABaraapppa|ABarpaapaa|MSpaaapp,4,1.0
SPA_003628,148,45,ABpraappp|ABplaapppa|ABplppaapa,3,1.0
SPA_003629,148,46,ABpraaapap|ABprpaaaaa|ABpraaaaap|ABpraaaapa,4,1.0
SPA_003630,148,47,ABpraaappa|ABprpaaaap|ABprpaapaa|ABpraaaapp,4,1.0
SPA_003631,148,48,ABpraaappp|ABpraapapp|ABprpaaapa|ABprpaapap,4,1.0
SPA_003632,148,49,ABplpapap|ABprapaaaa|ABprppaaap,3,1.0
SPA_003633,148,50,ABpraapppa|ABprpaappp|ABpraappap,3,1.0
SPA_003634,148,51,ABalappaaa|ABaraaapaa|MSaaaaaa,3,1.0
SPA_003635,148,52,ABprppaap|ABplaaappa|Earap,3,1.0
SPA_003636,148,53,Epla|ABplaaappp|Earpa,3,1.0
SPA_003637,148,54,ABplaappa|Eara|ABarppaaap,3,1.0
SPA_003638,148,55,ABprpaaapp|ABprpaappa|ABpraappaa,3,1.0
SPA_003639,148,56,MSpappp|ABarpapapa|MSppapap,3,1.0
SPA_003640,149,0,ABalaaapp|ABalapaaa|ABalappaa|ABalppaaa|Cpaapp,5,1.0
SPA_003641,149,1,ABalapaap|ABprpppppp|ABprappppp|Cpappv,4,1.0
SPA_003642,149,2,ABalapapp|ABarappaa|MSpaaap|ABprpapppp,4,1.0
SPA_003643,149,3,ABalapapa|ABalappap|ABalpppaa|Cpaapa|Eprpp,5,1.0
SPA_003644,149,4,ABalapppp|MSppaap|ABarppaapp|Capapp,4,1.0
SPA_003645,149,5,ABaraappa|ABprpppaap|ABarppppap|ABprapppaa,4,1.0
SPA_003646,149,6,ABarapapa|ABplpaaap|MSaaapa|MSapaap|ABarpppapp|ABprppppaa|ABprppppap|Dppp|Eprap|Cppaap|Cppapa|Cppapp|Cpppaa,13,1.0
SPA_003647,149,7,ABarpaaaa|ABpraaaap|ABplapappa|ABplappppa,4,1.0
SPA_003648,149,8,ABarpapap|ABplappapa|ABplpppaap|ABarppapap,4,1.0
SPA_003649,149,9,ABarppapp|Eplp|ABalpapapp|ABalpppppp|ABplaapapp|ABplpapaaa|MSapapap|MSapaapp,8,1.0
SPA_003650,149,10,ABplaaaaa|Caaapp|Caappv,3,1.0
SPA_003651,149,11,ABarpapaa|ABplaapap|ABprpaaap|ABplapapaa|Capapa|Cappaa,6,1.0
SPA_003652,149,12,ABplapaaa|ABprpaapp|MSppapp|ABplapaapp|ABplppppaa|Daap|Dapa|Capaaa,8,1.0
SPA_003653,149,13,ABplapapa|ABprppaap|Epla|ABplaaappa|Earap,5,1.0
SPA_003654,149,14,ABplapppp|ABprppppa|ABprppppp|Capap|ABaraaapap|ABaraapaap|ABaraapapa|ABarapaaaa|ABarapaapa|ABarpaaaap|ABplaaaapa|MSaaaapa|MSaaaapp|MSaaapaa|ABaraaaaap|ABaraaaapp|ABarpaaapa,17,1.0
SPA_003655,149,15,ABplpapaa|ABprapaaap|ABprapaapa|ABarpppaap,4,1.0
SPA_003656,149,16,ABplpappp|MSaappp|ABarappppp|ABpraaappp|ABpraapapp|ABprpaaapa|ABprpaapap,7,1.0
SPA_003657,149,17,ABplppaaa|MSappaa|ABprpapapa|Dpap|ABarpppaaa|Epraa,6,1.0
SPA_003658,149,18,ABplppapp|ABaraapppa|ABarappaaa|ABarpaapaa|MSpaaapp|MSpaapap,6,1.0
SPA_003659,149,19,ABplpppaa|ABplppppa|ABalappppp|ABarpapapa|ABarpappaa,5,1.0
SPA_003660,149,20,ABplppppp|ABaraaappa|ABaraappaa|MSpaaaap|MSpaaapa|MSppaaaa|MSppapaa|MSppappa,8,1.0
SPA_003661,149,21,ABpraaaaa|ABplapappp|ABplappppp|ABarppappp,4,1.0
SPA_003662,149,22,ABpraaapa|ABplapapap|ABplapppap,3,1.0
SPA_003663,149,23,ABpraappp|ABplppaapa|ABplppapaa,3,1.0
SPA_003664,149,24,ABprappap|Caaap|ABalpapapa|ABalppappa|ABalpppapp|ABplpaaaaa|ABplpaaaap|ABplpaapaa|ABalppaapa|ABalppaapp|MSapaaap|MSapapaa,12,1.0
SPA_003665,149,25,ABprapppp|ABalpaappa|ABalppaaaa|ABalppaaap|ABalaaaala,5,1.0
SPA_003666,149,26,ABprpaapa|MSppapa|ABplppppap|Dapp|Capaap,5,1.0
SPA_003667,149,27,ABprpapap|MSpppap|Ealap|MSpapapp,4,1.0
SPA_003668,149,28,ABprpappa|MSapppp|Ealp|ABarapappp|ABarpaappa|MSpapaap|Ealpa|MSpapapa,8,1.0
SPA_003669,149,29,ABprpappp|ABarapaapp|MSpaapaa,3,1.0
SPA_003670,149,30,MSaapap|ABprppaaaa|Dpaa,3,1.0
SPA_003671,149,31,MSapaaa|Cpaaap|Cppppa,3,1.0
SPA_003672,149,32,MSappap|ABarappapp|ABprpapaaa|MSppppap,4,1.0
SPA_003673,149,33,ABarapaap|MSpaaaa|Cpppap,3,1.0
SPA_003674,149,34,ABplpaapp|MSpaapp|ABprpappap,3,1.0
SPA_003675,149,35,MSpappp|ABarapppap|MSppapap,3,1.0
SPA_003676,149,36,ABarppapa|MSppppp|ABplapaaaa|ABplpappaa,4,1.0
SPA_003677,149,37,Epra|ABplpapaap|ABplpapapa|ABplppaaaa,4,1.0
SPA_003678,149,38,Eprp|ABplaappaa|ABplpaaapp,3,1.0
SPA_003679,149,39,ABprpppaa|Caapp|Cpppa|ABalapaapp|ABplaapaaa,5,1.0
SPA_003680,149,40,Cppaa|ABaraapapp|ABarapaaap|ABplaaaapp|MSaaapap|ABarpaaapp,6,1.0
SPA_003681,149,41,ABalaapaap|ABalaapppp|ABarpapaaa,3,1.0
SPA_003682,149,42,ABalaaaarl|ABalaaapal|ABalapaaaa,3,1.0
SPA_003683,149,43,ABalapapap|ABplaaaaaa|ABaraaaapa,3,1.0
SPA_003684,149,44,ABalapappp|ABalpaaapp|ABalpappaa|ABplaaapaa|MSaaappa,5,1.0
SPA_003685,149,45,ABalpaappp|ABalpapaaa|ABalpppaap|ABalppppaa,4,1.0
SPA_003686,149,46,ABplpppap|ABaraappap|MSppaaap,3,1.0
SPA_003687,149,47,ABplppapa|ABaraapppp|ABarappaap|ABarpapapp,4,1.0
SPA_003688,149,48,ABplpappa|MSaappa|ABarpapppa,3,1.0
SPA_003689,149,49,ABarpaapp|ABplappaaa|ABplppappa,3,1.0
SPA_003690,149,50,ABprapaap|Caaaa|ABplpaappa,3,1.0
SPA_003691,149,51,ABalaapapp|ABpraaapap|ABpraapaaa|ABpraaaaap|ABpraaaapa,5,1.0
SPA_003692,149,52,ABpraaappa|ABpraapaap|ABprpaaaap|ABprpaapaa|ABpraaaapp,5,1.0
SPA_003693,149,53,ABalppapp|ABaraappp|ABprapaapp|ABarppppaa,4,1.0
SPA_003694,149,54,ABaraapap|ABprapapap|ABprapappa|ABprpppapa|ABprapppap|ABprappppa|ABarpppppp,7,1.0
SPA_003695,149,55,ABalpaapp|ABaraaapa|ABprapappp|Cpapap,4,1.0
SPA_003696,149,56,ABalpappp|ABprappaaa|ABprppappa,3,1.0
SPA_003697,149,57,ABprpaappp|ABprppaaap|ABpraappap,3,1.0
SPA_003698,149,58,Dpa|ABarpaapap|MSpapaaa,3,1.0
SPA_003699,149,59,MSapapp|MSpppaa|Ealpp,3,1.0
SPA_003700,149,60,ABplapaaap|ABplpapapp|Daaa,3,1.0
SPA_003701,149,61,ABprpaaapp|ABprpaappa|ABpraappaa,3,1.0
SPA_003702,149,62,ABarapppa|Caaaap|Capppp,3,1.0
SPA_003703,150,0,ABalapaap|ABprpppppp|ABprappppp,3,1.0
SPA_003704,150,1,ABalapapp|ABarappaa|ABprpapppp,3,1.0
SPA_003705,150,2,ABalpaapa|ABalpaapp|ABaraaapa|ABprapappp|Cpapap,5,1.0
SPA_003706,150,3,ABalppapa|MSaaaap|ABprappapa|ABprppappp|ABprpppaaa,5,1.0
SPA_003707,150,4,ABalapapa|ABalappap|ABalpppaa|Eplpa,4,1.0
SPA_003708,150,5,ABarapaaa|ABprapappa|ABprapppap|ABarpppppp,4,1.0
SPA_003709,150,6,ABaraappp|ABarapapa|ABplpaaap|MSaaapa|MSapaap|ABarpppapp|ABprppppaa|ABprppppap|Dppp|Eprap|Eprpa|Cpaaaa|Cppaap|Cppapp,14,1.0
SPA_003710,150,7,ABarpaaaa|ABpraaaap|ABplapappa|ABplappppa,4,1.0
SPA_003711,150,8,ABarpapap|ABplappaap|ABplappapa|ABplppappp|ABplpppaap|ABarppapap,6,1.0
SPA_003712,150,9,ABarppapa|MSppppp|ABplapaaaa|MSapappp,4,1.0
SPA_003713,150,10,ABarppapp|Eplp|ABplaapapp,3,1.0
SPA_003714,150,11,ABplaaapa|MSppaaa|ABplappppp|Capppa,4,1.0
SPA_003715,150,12,ABarpapaa|ABplaapap|ABplapapaa|Capapa|Cappaa,5,1.0
SPA_003716,150,13,ABplpappa|MSaappa|ABarpapppa,3,1.0
SPA_003717,150,14,ABplpappp|MSaappp|ABarappppp|ABpraaappp|ABpraapapp|ABprpaaapa|ABprpaapap,7,1.0
SPA_003718,150,15,ABplppaaa|MSappaa|Dpap|Dppa|Epraa,5,1.0
SPA_003719,150,16,ABplppaap|MSappap|ABarappapp|ABprpapaaa|MSppppap,5,1.0
SPA_003720,150,17,ABplppapp|ABaraapppa|ABarappaaa|ABarpaapaa|MSpaaapp,5,1.0
SPA_003721,150,18,ABplppppa|ABalappppp|ABarpappaa,3,1.0
SPA_003722,150,19,ABplaapaa|ABpraaapa|ABplapapap|ABplapppap|ABarppappa,5,1.0
SPA_003723,150,20,ABpraappa|ABplppapap|ABplppappa,3,1.0
SPA_003724,150,21,ABpraappp|ABplaapppa|ABplppaapa|ABplppapaa,4,1.0
SPA_003725,150,22,ABprappaa|Eprp|ABplaappaa|ABplpaaapp|ABplpaapap,5,1.0
SPA_003726,150,23,ABprappap|Caaapp|ABalpapapa|ABalppappa|ABalpppapp|ABplpaaaaa|ABplpaaaap|ABplpaapaa|MSapaaap,9,1.0
SPA_003727,150,24,ABprapppp|Cpapp|ABalpaappa|ABalppaaap|ABalppaapa,5,1.0
SPA_003728,150,25,ABprpapap|MSpppap|Ealap|MSpapapp,4,1.0
SPA_003729,150,26,ABprpappa|MSapppp|Ealp|ABarapappp|ABarpaappa|MSpapaap|Ealpa|MSpapapa,8,1.0
SPA_003730,150,27,ABprpappp|ABarapaapp|ABarapapaa|MSpaapaa,4,1.0
SPA_003731,150,28,ABprpppaa|Caapp|Cpppa|ABalapaapp|ABalpaappp|ABalpapaaa|ABalppppaa|ABplaapaaa,8,1.0
SPA_003732,150,29,ABplapppp|ABprppppa|Capap|ABaraapapa|ABarapaaaa|ABarapaapa|ABarpaaaap,7,1.0
SPA_003733,150,30,ABprppppp|ABaraaapap|ABaraaaaap,3,1.0
SPA_003734,150,31,MSaaapp|ABprpapapp|Cppaaa,3,1.0
SPA_003735,150,32,MSaapaa|ABpraapppp|ABprppapap,3,1.0
SPA_003736,150,33,ABplpaapa|MSapapa|MSpaapa|ABprpapppa,4,1.0
SPA_003737,150,34,MSapapp|Eala|ABarpaappp|Ealpp|Eplaa,5,1.0
SPA_003738,150,35,ABplpaapp|MSpaapp|ABprpappap,3,1.0
SPA_003739,150,36,MSpappp|ABarapppap|ABarpapapa|MSppapap,4,1.0
SPA_003740,150,37,ABalapppp|MSppaap|Capapp,3,1.0
SPA_003741,150,38,MSppapa|ABplppppap|Dapp|Capaap,4,1.0
SPA_003742,150,39,ABprpaapp|MSppapp|ABplapaapp|ABplppppaa|Dapa,5,1.0
SPA_003743,150,40,ABprppaaa|MSppppa|ABplpapppa,3,1.0
SPA_003744,150,41,Cappp|ABalapappa|ABalpaaapa,3,1.0
SPA_003745,150,42,Cppaa|ABaraapapp|MSaaapap,3,1.0
SPA_003746,150,43,Dap|ABarpaapap|MSaapaap|MSpapaaa,4,1.0
SPA_003747,150,44,Dpp|ABalpapppp|ABplaaapap,3,1.0
SPA_003748,150,45,ABalaapaap|ABalaapapp|ABalaapppp|ABarpapaaa|ABpraaaapa|ABpraaapaa|ABpraaapap|ABpraapaaa|ABprpaaaaa|ABpraaaaaa|ABpraaaaap,11,1.0
SPA_003749,150,46,ABalaaaarl|ABalaaapal|ABalapaaaa,3,1.0
SPA_003750,150,47,ABalaaaala|ABalapaaap|ABalpaapaa,3,1.0
SPA_003751,150,48,ABalapappp|ABalpaaapp|ABalpappaa,3,1.0
SPA_003752,150,49,ABprpppap|ABalpaaaap|ABalpaapap,3,1.0
SPA_003753,150,50,Cpppp|ABalpapaap|ABalppapap|ABalppppap,4,1.0
SPA_003754,150,51,ABprppapp|ABalppaapp|ABalppapaa|ABalpppaap|ABalpppapa|MSapaaaa,6,1.0
SPA_003755,150,52,ABalpapapp|ABalpppppp|ABplpapaaa|ABplppaaaa|MSapapap|MSapappa|MSapaapp,7,1.0
SPA_003756,150,53,ABaraapaap|MSaaapaa|ABaraaaapp,3,1.0
SPA_003757,150,54,ABaraapppp|ABarappaap|ABarpapapp,3,1.0
SPA_003758,150,55,ABplapppa|ABplaaaapa|MSaaaapp|ABarpaaapa,4,1.0
SPA_003759,150,56,ABplappap|ABplaaaapp|ABarpaaapp,3,1.0
SPA_003760,150,57,ABplaappap|ABplpaappp|ABplppaaap,3,1.0
SPA_003761,150,58,ABpraaaaa|ABplapappp|ABarppappp,3,1.0
SPA_003762,150,59,ABpraaappa|ABpraapaap|ABprpaaaap|ABprpaapaa,4,1.0
SPA_003763,150,60,ABalpappp|ABprapaapp|ABprappaaa|ABprppappa|ABarppppaa,5,1.0
SPA_003764,150,61,ABprpaappp|ABprppaaap|ABpraappap,3,1.0
SPA_003765,150,62,ABplapaaap|ABplpapapp|Daaa,3,1.0
SPA_003766,150,63,ABplpapaa|ABprapaapa|ABarpppaap,3,1.0
SPA_003767,150,64,ABalaaapa|Caappd|Cpapaa,3,1.0
SPA_003768,150,65,ABplpppap|Capaa|MSppapaa|MSppappa,4,1.0
SPA_003769,151,0,ABalaaapp|ABalapaaa|ABalppaaa|Cpappv,4,1.0
SPA_003770,151,1,ABalapapa|ABalappap|ABalpppaa,3,1.0
SPA_003771,151,2,ABaraappp|ABprppppaa|Dppp|Cppaap|Cppapa|Cpppaa,6,1.0
SPA_003772,151,3,ABarapapa|MSaaapa|MSapaap|ABarpppapp|ABprppppap|Eprpa|Cppapp,7,1.0
SPA_003773,151,4,ABarpaaaa|ABpraaaap|ABplapappa|ABplappppa,4,1.0
SPA_003774,151,5,ABarpaapp|ABplappaaa|ABplppappa,3,1.0
SPA_003775,151,6,ABarpapap|ABplappapa|ABplpppaap|ABarppapap,4,1.0
SPA_003776,151,7,ABarppapa|MSppppp|Epla|Epra|ABplaaappa|ABplapaaaa|ABplpapaap|MSapappp,8,1.0
SPA_003777,151,8,ABarppapp|Eplp|ABplaapapp,3,1.0
SPA_003778,151,9,ABplaaapa|MSppaaa|ABplappppp|ABarppappp|Capppa,5,1.0
SPA_003779,151,10,ABplaapap|ABplapapaa|Capapa|Cappaa,4,1.0
SPA_003780,151,11,ABplapppa|ABplaaaapa|MSaaaapp|ABarpaaapa,4,1.0
SPA_003781,151,12,ABplapppp|ABprppppa|Capap|Cppap|ABaraapaap|ABaraapapa|ABarapaaaa|ABarapaapa|ABarpaaaap|MSaaapaa|ABaraaaapp,11,1.0
SPA_003782,151,13,ABplpapaa|ABprapaapa|ABarpppaap,3,1.0
SPA_003783,151,14,ABplpappa|MSaappa|ABarpapppa,3,1.0
SPA_003784,151,15,ABplpappp|MSaappp|ABpraaappp|ABpraapapp|ABprpaaapa|ABprpaapap,6,1.0
SPA_003785,151,16,ABplppaaa|MSappaa|ABprpapapa|Dpap|ABarpppaaa,5,1.0
SPA_003786,151,17,ABplppapp|ABaraapppa|ABarpaapaa|MSpaaapp,4,1.0
SPA_003787,151,18,ABplpppaa|MSpappp|ABarpapapa|MSppapap,4,1.0
SPA_003788,151,19,ABplppppp|MSpaaapa|MSppaaaa,3,1.0
SPA_003789,151,20,ABpraaapa|ABplapapap|ABplapppap,3,1.0
SPA_003790,151,21,ABpraappp|ABplaapppa|ABplppaapa|ABplppapaa,4,1.0
SPA_003791,151,22,ABprappaa|Eprp|ABalpapapp|ABalpppppp|ABplpapaaa|ABplppaaaa|MSapapap|MSapappa,8,1.0
SPA_003792,151,23,ABprappap|Caaapp|ABalpapapa|ABalppappa|ABalpppapp|ABplpaaaaa|ABplpaaaap|ABplpaapaa|MSapaaap,9,1.0
SPA_003793,151,24,ABprapppp|Cpapp|ABalpaappa|ABalppaaap,4,1.0
SPA_003794,151,25,ABprpaaaa|ABplpppapa|ABarppappa|Cappap,4,1.0
SPA_003795,151,26,ABplapaaa|ABprpaapa|MSppapa|ABplppppap|Dapp|Capaaa|Capaap,7,1.0
SPA_003796,151,27,ABprpaapp|MSppapp|ABplapaapp|ABplppppaa|Dapa,5,1.0
SPA_003797,151,28,ABprpapap|MSpppap|Ealap|MSpapapp,4,1.0
SPA_003798,151,29,ABprpappa|MSapppp|Ealp|ABarapappp|ABarpaappa|MSpapaap|Ealpa|MSpapapa,8,1.0
SPA_003799,151,30,ABprpappp|ABarapaapp|ABarapapaa|MSpaapaa,4,1.0
SPA_003800,151,31,ABprppapp|Caapa|ABalppaapp|ABalppapaa|ABalpppapa|MSapaaaa,6,1.0
SPA_003801,151,32,ABprpppaa|Caapp|Cpppa|ABalapaapp|ABalpaappp|ABalpapaaa|ABalppppaa|ABplaapaaa,8,1.0
SPA_003802,151,33,ABprppppp|ABaraaapap|MSaaaapa,3,1.0
SPA_003803,151,34,MSaaaaa|ABprapapaa|ABprappapp|ABarpppppa,4,1.0
SPA_003804,151,35,ABplppaap|MSappap|ABarappapp|ABprpapaaa,4,1.0
SPA_003805,151,36,ABprppaaa|MSppppa|ABplpapppa,3,1.0
SPA_003806,151,37,MSapapp|Ealaa|Ealpp|Eplaa,4,1.0
SPA_003807,151,38,Earp|ABplaaappp|ABplpappap,3,1.0
SPA_003808,151,39,Caaapa|ABplaappaa|ABplpaaapp|ABplpaapap|MSapapaa,5,1.0
SPA_003809,151,40,Cappp|ABalapappa|ABalpaaapa,3,1.0
SPA_003810,151,41,Cppaa|ABaraapapp|MSaaapap|ABarpaaapp,4,1.0
SPA_003811,151,42,Dap|ABarpaapap|MSpapaaa,3,1.0
SPA_003812,151,43,Dpp|ABalpapppp|ABplaaapap,3,1.0
SPA_003813,151,44,ABalaaaarr|ABalaaappl|ABalappapa,3,1.0
SPA_003814,151,45,ABalaapapp|ABpraaapaa|ABpraapaaa|ABpraaaaap,4,1.0
SPA_003815,151,46,ABalaaaarl|ABalaaapal|ABalapaaaa,3,1.0
SPA_003816,151,47,ABalaaaala|ABalapaaap|ABalpaapaa,3,1.0
SPA_003817,151,48,ABalapapap|ABplaaaaaa|ABaraaaapa,3,1.0
SPA_003818,151,49,ABalapappp|ABalpaaapp|ABalpappaa,3,1.0
SPA_003819,151,50,ABprpppap|ABalpaaaap|ABalpaapap,3,1.0
SPA_003820,151,51,ABplppapa|Daa|ABarpapapp,3,1.0
SPA_003821,151,52,ABarppaap|ABplapaaap|ABplpapapp|Daaa,4,1.0
SPA_003822,151,53,ABplaappap|ABplpaappp|ABplppaaap,3,1.0
SPA_003823,151,54,ABpraaappa|ABpraapaap|ABprpaaaap|ABprpaapaa,4,1.0
SPA_003824,151,55,ABalppapa|ABprappapa|ABprppappp|ABprpppaaa,4,1.0
SPA_003825,151,56,ABpraappap|ABprpaappp|ABprppaaap,3,1.0
SPA_003826,151,57,ABalpapppa|MSaapaaa|Earaa,3,1.0
SPA_003827,151,58,ABplpppppa|Eprap|Eplap,3,1.0
SPA_003828,151,59,ABarpapppp|ABprppaaaa|Dpaa,3,1.0
SPA_003829,151,60,ABplpppap|Capaa|ABaraaappp|MSppaaap|MSppapaa|MSppappa,6,1.0
SPA_003830,151,61,ABarapppa|Caaaap|Capppp,3,1.0
SPA_003831,152,0,ABalaaaar|ABalaaapa|Cpappd,3,1.0
SPA_003832,152,1,ABalaaapp|ABalapaaa|ABalppaaa|Cpappv,4,1.0
SPA_003833,152,2,ABalapapa|ABalappap|ABalpppaa|ABplaaaap|Eplpp,5,1.0
SPA_003834,152,3,ABalpappp|ABprappaaa|ABarppppaa,3,1.0
SPA_003835,152,4,ABaraappa|MSaaaaa|ABprapapaa|ABprappapp|ABprpppaap|ABarpppppa,6,1.0
SPA_003836,152,5,ABaraappp|MSaaaap|ABprppppaa|Cppaap|Cpppaa,5,1.0
SPA_003837,152,6,ABarapapa|MSaaapa|MSapaap|ABprppppap|Cppapp,5,1.0
SPA_003838,152,7,ABarpaaaa|ABpraaaap|ABplapappa|ABplappppa,4,1.0
SPA_003839,152,8,ABarpapap|ABpraaapp|ABplappapa|ABplapppaa|ABplppappp|ABarppapap,6,1.0
SPA_003840,152,9,ABarppapa|Epla|ABplaaappa,3,1.0
SPA_003841,152,10,ABarppapp|Eplp|ABplaapapp,3,1.0
SPA_003842,152,11,ABplaaapa|MSppaaa|ABplappppp|ABarppappp|Capppa,5,1.0
SPA_003843,152,12,ABplaapap|ABplapapaa|Capapa|Cappaa,4,1.0
SPA_003844,152,13,ABplappap|Cppaa|Dapp|ABalpapppa|ABaraapapp|ABplaaaapp|MSaaapap|MSaapaaa|Earaa,9,1.0
SPA_003845,152,14,ABplpaapa|MSapapa|Cpaaaa,3,1.0
SPA_003846,152,15,ABplpappa|MSaappa|ABarpapppa|ABarpapppp|ABprppaaaa|Dpaa,6,1.0
SPA_003847,152,16,ABplppaaa|MSappaa|MSpapap|ABarpppaap|ABprpapaap|ABprpapapa|Dpap,7,1.0
SPA_003848,152,17,ABplpppap|Capaa|ABaraaappp|MSpaaapa|MSppaaap|MSppapaa|MSppappa,7,1.0
SPA_003849,152,18,ABplppppp|ABaraaappa|ABaraappaa|ABarpaaapa|MSpaaaap|MSppaaaa,6,1.0
SPA_003850,152,19,ABpraaapa|ABplapapap|ABplapppap,3,1.0
SPA_003851,152,20,ABpraappp|ABplaapppa|ABplppaapa|ABplppapaa,4,1.0
SPA_003852,152,21,ABprappap|Caaapp|ABalpapapa|ABalppappa|ABalpppapp|ABalppppap|ABplpaaaaa|ABplpaaaap|ABplpaapaa|MSapaaap,10,1.0
SPA_003853,152,22,ABprapppp|Cpapp|ABalpaappa|ABalppaaap,4,1.0
SPA_003854,152,23,ABprpaaap|ABprpaapa|MSppapa|ABplppppap|Capaap,5,1.0
SPA_003855,152,24,ABprpappp|ABarapaapp|ABarpaaapp|MSpaapaa,4,1.0
SPA_003856,152,25,ABprppapp|Caapa|ABalppaapp|ABalppapaa|ABalpppapa|MSapaaaa,6,1.0
SPA_003857,152,26,ABprppppa|Cppap|ABaraapaap|ABaraapapa|ABarapaaaa|MSaaapaa|ABaraaaapp,7,1.0
SPA_003858,152,27,ABprppppp|ABaraaapap|MSaaaapa,3,1.0
SPA_003859,152,28,ABplppaap|MSappap|ABarappapp|ABprpapaaa,4,1.0
SPA_003860,152,29,ABplpaapp|MSapppa|MSpaapp|ABarpaappp|ABprpappap,5,1.0
SPA_003861,152,30,MSppppp|ABplapaaaa|ABplpapaap|MSapappp,4,1.0
SPA_003862,152,31,Ealp|MSpapaap|MSpapapa,3,1.0
SPA_003863,152,32,Earp|ABplaaappp|ABplpappap,3,1.0
SPA_003864,152,33,Caaapa|ABalppappp|ABplaappaa|ABplpaaapp|ABplpaapap|MSapapaa,6,1.0
SPA_003865,152,34,Capap|ABarapaapa|ABarpaaaap,3,1.0
SPA_003866,152,35,Cappp|ABalapappa|ABplaaaaap,3,1.0
SPA_003867,152,36,Caapp|Cpppa|ABalapaapp|ABplaapaaa,4,1.0
SPA_003868,152,37,ABalaaaarr|ABalaaappl|ABalappapa,3,1.0
SPA_003869,152,38,ABalaapaap|ABalaapppp|ABpraaaaaa,3,1.0
SPA_003870,152,39,ABalaapapp|ABpraaapaa|ABpraapaaa|ABpraaaaap,4,1.0
SPA_003871,152,40,ABalaaaarl|ABalaaapal|ABalapaaaa,3,1.0
SPA_003872,152,41,ABalapapap|ABplaaaaaa|ABaraaaapa,3,1.0
SPA_003873,152,42,ABplapapp|ABalapappp|ABalpaaapp|ABalpappaa,4,1.0
SPA_003874,152,43,ABalappaap|ABaraaaaaa|MSaaaaaa,3,1.0
SPA_003875,152,44,ABprpppaa|ABalpaappp|ABalpapaaa,3,1.0
SPA_003876,152,45,ABalpapapp|ABplpapaaa|MSapapap|MSapappa,4,1.0
SPA_003877,152,46,ABplppapa|Daa|ABarpapapp,3,1.0
SPA_003878,152,47,ABplppppa|ABalappppp|ABarpappaa,3,1.0
SPA_003879,152,48,ABplaapppp|ABplppaapp|ABplppapap,3,1.0
SPA_003880,152,49,ABarppaap|ABplapaaap|ABplpapapp|Daaa,4,1.0
SPA_003881,152,50,MSppapp|ABplapaapp|ABarppapaa,3,1.0
SPA_003882,152,51,ABplaappap|ABplpaappp|ABplppaaap,3,1.0
SPA_003883,152,52,ABarpaapp|ABpraappa|ABplappaaa|ABplppappa,4,1.0
SPA_003884,152,53,ABpraaappp|ABpraapapp|ABprpaapap,3,1.0
SPA_003885,152,54,MSaapap|ABpraappap|ABprapaaaa|ABprpaappp|ABprppaaap,5,1.0
SPA_003886,152,55,ABprapapap|ABprappppa|ABarpppppp|ABprapppap,4,1.0
SPA_003887,152,56,ABalppapa|ABprappaap|ABprappapa|ABprppappp|ABprpppaaa|ABarppppap,6,1.0
SPA_003888,152,57,ABaraaapp|ABprapappp|ABprappppp,3,1.0
SPA_003889,152,58,ABpraaappa|ABpraapaap|ABprpaaaap|ABprpaapaa,4,1.0
SPA_003890,152,59,ABalapppaa|ABaraaaaap|MSpaaaaa,3,1.0
SPA_003891,152,60,ABplppapp|ABaraapppa|ABarpaapaa|MSpaaapp,4,1.0
SPA_003892,152,61,MSapapp|Ealpp|Eplaa,3,1.0
SPA_003893,152,62,ABplpppppa|Eprap|Caaaaa|Eplap,4,1.0
SPA_003894,152,63,ABalapppp|MSppaap|Capapp,3,1.0
SPA_003895,152,64,ABarapppa|Caaaap|Capppp,3,1.0
SPA_003896,153,0,ABalaaapp|ABalapaaa|ABalppaaa|Caappd|Cpapaa|Cpapap,6,1.0
SPA_003897,153,1,ABalaapap|ABaraaaap|ABarpppppp,3,1.0
SPA_003898,153,2,ABalaappa|ABprappaap|ABprapppaa|ABprppappp|ABarppppap,5,1.0
SPA_003899,153,3,ABalapapa|ABalpppaa|Eplpa,3,1.0
SPA_003900,153,4,ABalpaaap|ABalpaapa|ABaraaapa,3,1.0
SPA_003901,153,5,ABalpappp|ABprappaaa|ABarppppaa,3,1.0
SPA_003902,153,6,ABaraaapp|ABarapaaa|ABprapappp|ABprappppp,4,1.0
SPA_003903,153,7,ABaraappa|MSaaaaa|ABprpppaap,3,1.0
SPA_003904,153,8,ABaraappp|MSaaaap|ABprppppaa|Cppaap|Cpppaa,5,1.0
SPA_003905,153,9,ABarapapa|MSpaaaap|ABprppppap,3,1.0
SPA_003906,153,10,ABarpaaaa|ABpraaaap|ABplapappa|ABplappppa,4,1.0
SPA_003907,153,11,ABarpapaa|ABplaapaa|ABpraaapa|ABplapapap,4,1.0
SPA_003908,153,12,ABarpapap|ABpraaapp|ABplappapa|ABplappapp|ABplapppaa|ABplpppaap,6,1.0
SPA_003909,153,13,ABarppapa|Epla|ABplaaappa,3,1.0
SPA_003910,153,14,ABplaaapa|MSppaaa|Capppa,3,1.0
SPA_003911,153,15,ABplaapap|ABarppapap|Capapa|Cappaa,4,1.0
SPA_003912,153,16,ABplappaa|Dapa|ABarapapap|ABarpaapap|MSaapaap,5,1.0
SPA_003913,153,17,ABplappap|Cppaa|Dapp|ABalpapppa|ABaraapapp|MSaaaapp|MSaaapap,7,1.0
SPA_003914,153,18,ABplpappa|MSaappa|ABarpapppa|ABprppaaaa,4,1.0
SPA_003915,153,19,ABplpappp|MSaappp|ABpraaappp|ABpraapapp|ABprpaapap,5,1.0
SPA_003916,153,20,ABplppaaa|MSappaa|ABprpapapa|Dpap,4,1.0
SPA_003917,153,21,ABplppapa|Daa|ABarpapapp,3,1.0
SPA_003918,153,22,ABplpppap|ABplppppp|ABarpaaapa|MSpaaapa,4,1.0
SPA_003919,153,23,ABplppppa|ABalappppp|ABarpappaa|MSppapap,4,1.0
SPA_003920,153,24,ABpraappp|ABplaapppa|ABplppaapa|ABplppapaa,4,1.0
SPA_003921,153,25,ABprappap|Caaapp|ABalppappa|ABalpppapp|ABplpaaaaa|ABplpaapaa|MSapaaap,7,1.0
SPA_003922,153,26,ABprapppa|ABprppapp|Caapa|Cpppp|ABalppaapa|ABalppaapp|ABalppapaa|ABalpppaaa|ABalpppaap|MSapaaaa,10,1.0
SPA_003923,153,27,ABprapppp|Cpapp|ABalppaaap,3,1.0
SPA_003924,153,28,ABprppppa|Cppap|ABaraapaap|ABarapaaaa|MSaaapaa|ABaraaaapp,6,1.0
SPA_003925,153,29,ABplapppp|ABprppppp|ABaraaapap|MSaaaapa,4,1.0
SPA_003926,153,30,ABarapappa|ABplpaaap|MSaaapa|ABarpppapp,4,1.0
SPA_003927,153,31,ABplpaapp|MSapapp|MSpppaa|Ealaa|Ealpp|Cpaaaa|Eplaa,7,1.0
SPA_003928,153,32,ABplppaap|MSappap|ABarappapp|ABprpapaaa,4,1.0
SPA_003929,153,33,MSapppa|MSpaapp|ABarpaappp|MSpapapp,4,1.0
SPA_003930,153,34,MSapppp|Ealp|MSpapaap|MSpapapa,4,1.0
SPA_003931,153,35,MSapaaa|MSpaaaaa|Cppppa|Cppppp,4,1.0
SPA_003932,153,36,ABplapaaa|ABprpaaap|MSppapa|ABarppapaa|Capaaa|Capaap,6,1.0
SPA_003933,153,37,ABprpaapp|MSppapp|ABplapaapp|ABplpppaaa,4,1.0
SPA_003934,153,38,ABprppaaa|MSppppa|Earap,3,1.0
SPA_003935,153,39,Earp|ABplaaappp|ABplpappap,3,1.0
SPA_003936,153,40,Epra|ABplpapaap|ABplpapapa,3,1.0
SPA_003937,153,41,ABprappaa|Eprp|Caaaa|ABalpapapp|ABalpppppp|ABplpapaaa|ABplppaaaa|MSapapap,8,1.0
SPA_003938,153,42,Caaapa|ABplaappaa|ABplpaaapp|ABplpaapap,4,1.0
SPA_003939,153,43,Capaa|ABaraaappp|MSpaapaa|MSppaaap|MSppappa,5,1.0
SPA_003940,153,44,ABprppapa|Dppp|MSaaappa,3,1.0
SPA_003941,153,45,ABalaaaala|ABalapaaap|ABalpaaaaa,3,1.0
SPA_003942,153,46,ABalaaaarl|ABalaaapal|ABalapaaaa,3,1.0
SPA_003943,153,47,ABalaaaarr|ABalaaappl|ABalappapa,3,1.0
SPA_003944,153,48,ABalaapaap|ABalaappap|ABalaapppp|ABpraaaaaa,4,1.0
SPA_003945,153,49,Caapp|Cpppa|ABalapaapp|ABalpaappa|ABalppaaaa|ABplaapaaa,6,1.0
SPA_003946,153,50,ABprpppap|ABalapapap|ABalpaaaap|ABalpaapap|ABaraapaaa|ABplaaaaaa|MSaaaaap|ABaraaaapa,8,1.0
SPA_003947,153,51,ABalappaap|ABaraaaaaa|ABaraaapaa|MSaaaaaa,4,1.0
SPA_003948,153,52,Cappa|ABalpaaapa|ABaraapapa|ABplaaaaap,4,1.0
SPA_003949,153,53,ABplppapp|ABaraapppa|ABarpapapa|MSpaaapp|MSpaapap|MSppappp,6,1.0
SPA_003950,153,54,ABplapppa|Capap|ABarpaaaap,3,1.0
SPA_003951,153,55,ABarppaap|ABplapaaap|ABplpapapp|Daaa,4,1.0
SPA_003952,153,56,ABpraappap|ABprpaappp|ABprppaaap,3,1.0
SPA_003953,153,57,ABpraaappa|ABpraapaap|ABprpaaaap|ABprpaapaa,4,1.0
SPA_003954,153,58,ABpraappaa|ABprpaaapp|ABprpaappa,3,1.0
SPA_003955,153,59,ABplpppppa|Eprap|Caaaaa|Eplap,4,1.0
SPA_003956,153,60,ABalapppp|ABplpppapa|Capapp,3,1.0
SPA_003957,153,61,ABplappppp|ABarppappa|Cappap,3,1.0
SPA_003958,153,62,ABarapppa|ABplpppapp|Caaaap|Capppp,4,1.0
SPA_003959,153,63,MSppppp|ABplapaaaa|MSapappp,3,1.0
SPA_003960,154,0,ABalaaaar|ABalaaapa|ABalpaaaa|Cpappd,4,1.0
SPA_003961,154,1,ABalaaapp|ABalapaaa|ABalppaaa|Caappd|Cpapaa,5,1.0
SPA_003962,154,2,ABalaapap|ABalpapaa|ABarpppppp,3,1.0
SPA_003963,154,3,ABalaappp|ABprapaapp|ABprppappa,3,1.0
SPA_003964,154,4,ABalappap|ABalpppaa|ABprpppppp|Eplpp,4,1.0
SPA_003965,154,5,ABalppapp|ABaraappp|MSaaaap|ABarppppaa|ABprpppaaa,5,1.0
SPA_003966,154,6,ABalpppap|ABalppppa|Eplpa,3,1.0
SPA_003967,154,7,ABaraapap|ABprapapaa|ABprappapp|ABarpppppa,4,1.0
SPA_003968,154,8,ABarapaaa|ABprapappp|ABprappppp|ABprpppapp,4,1.0
SPA_003969,154,9,ABarapapa|MSapaap|MSpaaaap|ABarpppapp|ABarppppap|ABprppppap|Eprpa|Cppapa|Cppapp,9,1.0
SPA_003970,154,10,ABarapappa|ABplpaaap|MSaaapa|ABprppppaa|Cppaap|Cpppaa,6,1.0
SPA_003971,154,11,ABarapappp|MSpaapa|ABarpppapa|Eplap,4,1.0
SPA_003972,154,12,ABarpaaaa|ABpraaaap|ABplapappa|ABplappppa,4,1.0
SPA_003973,154,13,ABarpapaa|ABpraaapa|ABplapapaa|ABplapapap|ABplapppap,5,1.0
SPA_003974,154,14,ABarpapap|ABpraaapp|ABplappapa|ABplpppaap,4,1.0
SPA_003975,154,15,ABplaaapa|MSppaaa|ABplappppp|Capppa,4,1.0
SPA_003976,154,16,ABplaapaa|ABplaapap|ABarppapap|Capapa|Cappaa,5,1.0
SPA_003977,154,17,ABplappaa|Dapa|ABarapapap|ABarpaapap|MSaapaap|MSpapaaa,6,1.0
SPA_003978,154,18,ABplappap|Cppaa|Dapp|ABaraapapp|ABarapapaa|MSaaaapp|MSaaapap,7,1.0
SPA_003979,154,19,ABplpappa|MSaappa|ABarpapppa|ABprppaaaa|Dpaa,5,1.0
SPA_003980,154,20,ABplpppap|ABplppppp|ABarpaaapa|MSpaaapa,4,1.0
SPA_003981,154,21,ABpraappp|ABplaapppa|ABplppapaa,3,1.0
SPA_003982,154,22,ABprappap|ABalppappa|ABplpaapaa,3,1.0
SPA_003983,154,23,ABprapppa|Caapa|ABalppaapa|ABalpppaaa|ABalpppaap,5,1.0
SPA_003984,154,24,ABprapppp|Caapp|Cpapp|ABalppaaaa|ABalppaaap,5,1.0
SPA_003985,154,25,ABprpaaap|MSppapa|Capaap,3,1.0
SPA_003986,154,26,ABalpppppp|ABprpapaa|ABarppaapa|ABplpapppp|Epraa,5,1.0
SPA_003987,154,27,ABprppaaa|MSppppa|Earap|ABarppaaaa|ABplpapapp,5,1.0
SPA_003988,154,28,ABarppapa|ABprppaap|Earpp|Epla|ABplpappaa,5,1.0
SPA_003989,154,29,ABprppapp|Cpppp|ABalppaapp|ABalppapaa|ABalppppaa|MSapaaaa,6,1.0
SPA_003990,154,30,ABprppppa|Cppap|ABaraapaap|ABarapaaaa|MSaaapaa,5,1.0
SPA_003991,154,31,ABplapppp|ABprppppp|ABaraaaapp|MSaaaapa,4,1.0
SPA_003992,154,32,ABplpappp|MSaappp|ABpraaappp|ABpraapapp|ABprpaaaap|ABprpaapap|MSppppaa,7,1.0
SPA_003993,154,33,MSapaaa|MSpaaaaa|ABprapappa|ABprappppa,4,1.0
SPA_003994,154,34,ABplppaaa|MSappaa|Eplaa,3,1.0
SPA_003995,154,35,ABplppaap|MSappap|MSpapap|ABarappapp|ABprpapaaa|ABprpapaap|ABprpapapa,7,1.0
SPA_003996,154,36,MSapppa|MSpaapp|ABarpaappp|MSpapapp,4,1.0
SPA_003997,154,37,MSppppp|Epra|ABplapaaaa|ABplpapaap|ABplpapapa|MSapappp,6,1.0
SPA_003998,154,38,MSpppaa|Ealaa|Ealpp,3,1.0
SPA_003999,154,39,ABprappaa|Eprp|Caaaa,3,1.0
SPA_004000,154,40,ABalaaaarl|ABalaaapal|ABalapaaaa,3,1.0
SPA_004001,154,41,ABalaappaa|ABalaappap|ABalaapppa,3,1.0
SPA_004002,154,42,ABalaaapar|ABalappaaa|ABalappaap|ABaraaaaaa|MSaaaaaa,5,1.0
SPA_004003,154,43,ABalaaappr|ABalaapaaa|ABalappapp,3,1.0
SPA_004004,154,44,ABprpppap|ABalpaaaap|ABalpaapap,3,1.0
SPA_004005,154,45,ABalpapapp|ABplpapaaa|MSapapap|MSapappa,4,1.0
SPA_004006,154,46,ABaraaappp|MSpaapaa|MSppaaap|MSppappa,4,1.0
SPA_004007,154,47,Cappa|ABalpaaapa|ABaraapapa|ABplaaaaap,4,1.0
SPA_004008,154,48,ABarpapapa|MSpaapap|MSppappp,3,1.0
SPA_004009,154,49,Caaapa|ABplaappaa|ABplpaaapp|ABplpaapap,4,1.0
SPA_004010,154,50,ABarpaapp|ABplaapppp|ABplppapap,3,1.0
SPA_004011,154,51,ABpraappap|ABprpaappp|ABprppaaap,3,1.0
SPA_004012,154,52,ABpraaappa|ABpraapaap|ABprpaapaa,3,1.0
SPA_004013,154,53,ABpraappaa|ABprpaaapp|ABprpaappa,3,1.0
SPA_004014,154,54,ABarappppa|ABarppappa|Cappap,3,1.0
SPA_004015,154,55,ABarapppa|ABplpppapp|Caaaap|Capppp,4,1.0
SPA_004016,154,56,MSpappa|ABarpappap|MSppppap,3,1.0
SPA_004017,155,0,ABalaaapp|ABalapaaa|ABalppaaa|Cpapaa,4,1.0
SPA_004018,155,1,ABalaapap|ABalpapaa|ABprapapap|ABarpppppp,4,1.0
SPA_004019,155,2,ABalapaap|ABalappap|ABalpppaa|ABprpppppp|Cppppp|Eplpp,6,1.0
SPA_004020,155,3,ABalappaa|ABalppaap|Cpapap,3,1.0
SPA_004021,155,4,ABalpppap|ABalppppa|Eplpa|Eprpp,4,1.0
SPA_004022,155,5,ABaraapapa|ABaraapapp|ABprapapaa|ABprappapp|ABarpppppa,5,1.0
SPA_004023,155,6,ABarapaaa|MSapaaa|MSpaaaaa|ABprpppapp,4,1.0
SPA_004024,155,7,ABarapaap|ABprapppap|ABprpppapa,3,1.0
SPA_004025,155,8,ABarapapaa|ABarapapap|MSaaapa|MSapaap|MSpaaaap|ABarpppapp|ABprppppap|Eprpa,8,1.0
SPA_004026,155,9,ABarapappa|ABprppppaa|Cppaap,3,1.0
SPA_004027,155,10,ABarapappp|MSpaapa|Eplap,3,1.0
SPA_004028,155,11,ABarapppap|ABplpppapp|Caaaap|Capppp,4,1.0
SPA_004029,155,12,ABarpaaaa|ABplapappa|ABplappppa,3,1.0
SPA_004030,155,13,ABarpapaa|ABplapapaa|ABplapppap,3,1.0
SPA_004031,155,14,ABplaaapa|MSppaaa|ABarppappp|ABplappppp|Capppa,5,1.0
SPA_004032,155,15,ABplappaa|Dapa|ABarpaapap,3,1.0
SPA_004033,155,16,ABplappap|Dapp|MSaaaapp|MSaaapap,4,1.0
SPA_004034,155,17,ABplapppp|ABprppppp|ABaraaaapp|ABaraaappa|ABaraappaa|MSaaaapa|MSppaaaa,7,1.0
SPA_004035,155,18,ABplpappa|MSaappa|ABarpapppa|ABprppaaaa|Dpaa,5,1.0
SPA_004036,155,19,ABplpappp|MSaappp|ABpraapapp|ABprpaaaap|ABprpaapap,5,1.0
SPA_004037,155,20,ABplpppap|ABplppppp|ABaraaappp|ABarpaaapa|ABarpaaapp|MSpaaapa|MSpaapaa|MSppaaap|MSppappa,9,1.0
SPA_004038,155,21,ABpraappp|ABplaapppa|ABplppapaa,3,1.0
SPA_004039,155,22,ABprapppa|ABprppapp|Caaapp|Cpppp|ABalppaapp|ABalppapaa|ABalpppaap|ABalppppaa|MSapaaaa,9,1.0
SPA_004040,155,23,ABprapppp|Cpapp|ABalppaaaa|ABalppaaap,4,1.0
SPA_004041,155,24,ABprpaapp|MSppapp|ABplapaapp|ABplpppaaa,4,1.0
SPA_004042,155,25,ABprpappa|MSpppap|MSpapapp|Ealpa,4,1.0
SPA_004043,155,26,ABprppaaa|MSppppa|Earap|ABarppaaaa|ABplpapapp|Daap,6,1.0
SPA_004044,155,27,ABprppaap|Earpp|ABplpappaa|ABalpappppp,4,1.0
SPA_004045,155,28,ABprpppap|Caapp|ABalapaapa|ABalpaaaaa|ABalpaaaap|ABalpaapap,6,1.0
SPA_004046,155,29,ABprppppa|Cppap|ABaraapaap|ABarapaaaa|MSaaapaa,5,1.0
SPA_004047,155,30,ABplpaapp|MSapapp|MSpppaa|Ealaa|Ealpp,5,1.0
SPA_004048,155,31,ABplppaaa|MSpapaa|ABprpapapa|Dpap,4,1.0
SPA_004049,155,32,MSpapap|ABarappapp|ABprpapaap,3,1.0
SPA_004050,155,33,MSppppp|Epra|ABplapaaaa|ABplpapaap|ABplpapapa|MSapappp,6,1.0
SPA_004051,155,34,ABplaappp|Ealap|MSaapapp,3,1.0
SPA_004052,155,35,ABarppapa|Epla|ABalpapppp|ABalpappppa,4,1.0
SPA_004053,155,36,ABarppapp|ABprppapa|Eplp,3,1.0
SPA_004054,155,37,ABprappaa|Eprp|ABplaapapp|MSapapap|MSapappa,5,1.0
SPA_004055,155,38,ABalaapaap|ABalaappaa|ABalaappap|ABalaapppa|ABalaapppp,5,1.0
SPA_004056,155,39,ABarpapapa|MSpaapap|MSppappp,3,1.0
SPA_004057,155,40,ABarppppap|Cpppaa|Cppapa|Cppapp,4,1.0
SPA_004058,155,41,ABplaappaa|ABplpaaapp|ABplpaapap,3,1.0
SPA_004059,155,42,ABalppappa|ABalpppapp|ABplpaaaaa,3,1.0
SPA_004060,155,43,ABplaappap|ABplpaappp|ABplppaaap,3,1.0
SPA_004061,155,44,ABpraaapap|ABpraapaap|ABprpaaaaa|ABprpaapaa,4,1.0
SPA_004062,155,45,MSaapaa|ABprapaapa|ABprppapap,3,1.0
SPA_004063,155,46,ABaraaapp|ABprapappp|ABprappppp,3,1.0
SPA_004064,155,47,MSppaap|ABplpppppa|Eprap|Caaaaa,4,1.0
SPA_004065,155,48,ABplaapap|ABarppapap|Capapa,3,1.0
SPA_004066,156,0,ABalaaapp|ABalapaaa|ABalppaaa|Caappd|Cpapaa,5,1.0
SPA_004067,156,1,ABalaappa|ABalpapap|ABprappapp,3,1.0
SPA_004068,156,2,ABalapaap|ABalpppaa|ABprpppppp|Cppppp|Eplpp,5,1.0
SPA_004069,156,3,ABalapappa|ABalpppap|ABalppppa|ABarapapaa|MSpaaaap|ABprpppppa|Eplpa|Eprpp,8,1.0
SPA_004070,156,4,ABalpappp|ABalppapp|ABarppppaa,3,1.0
SPA_004071,156,5,ABalppaap|ABaraaapp|ABprapappp|ABprappppp|Cpapap,5,1.0
SPA_004072,156,6,ABaraappp|ABarapappa|MSaaaap|MSapaap|ABarpppapp|ABarppppap|ABprppppaa|Cpppaa|Eprpa|Cppaap|Cppapa|Cppapp|Cpppaap,13,1.0
SPA_004073,156,7,ABarappap|MSpppaa|Ealaa|ABplpapppp,4,1.0
SPA_004074,156,8,ABarapppap|ABplpppapp|Cappap|Capppa|Capppp,5,1.0
SPA_004075,156,9,ABarpaaaa|ABpraaaap|ABpraaapa|ABplapapap,4,1.0
SPA_004076,156,10,ABarppapa|Epla|Dppa|ABalpapppp,4,1.0
SPA_004077,156,11,ABplaaapa|MSppaaa|ABarppappp,3,1.0
SPA_004078,156,12,ABplappap|Dapp|ABplaaaapa|MSaaaapp|MSaaapap,5,1.0
SPA_004079,156,13,ABplapppa|Capap|ABarpaaaap,3,1.0
SPA_004080,156,14,ABplapppp|ABprppppp|ABaraaaapp|ABaraappaa|MSppaaaa,5,1.0
SPA_004081,156,15,ABplpappa|MSaappa|ABarpapppa|ABprppaaaa,4,1.0
SPA_004082,156,16,ABplpappp|ABpraapapp|ABprpaaaap|ABprpaapap,4,1.0
SPA_004083,156,17,ABplppapp|ABplpppap|ABplppppp|Capaa|ABaraaappp|ABarpaaapa|MSpaaapa|MSpaapaa|MSppaaap,9,1.0
SPA_004084,156,18,ABplpppaa|ABarpapaap|MSppapaa,3,1.0
SPA_004085,156,19,ABpraaappa|ABplappapa|ABplappapp|ABplapppaa,4,1.0
SPA_004086,156,20,ABpraappp|ABplaapppa|ABplppapaa,3,1.0
SPA_004087,156,21,ABprappaa|Eprp|Caaaap|ABalppappp|ABplaappaa|ABplpaaapa|ABplpaaapp|ABplpaapap,8,1.0
SPA_004088,156,22,ABprappap|ABalppappa|ABalpppapp|ABplpaaaaa|ABplpaapaa,5,1.0
SPA_004089,156,23,ABprapppa|ABalppaapa|ABalpppaaa|ABalpppaap,4,1.0
SPA_004090,156,24,ABprapppp|ABalppaaaa|ABalppaaap,3,1.0
SPA_004091,156,25,ABprpaapp|MSppapp|ABplapaapp|ABplpppaaa,4,1.0
SPA_004092,156,26,ABprppaaa|MSppppa|ABplpapapp|Daap,4,1.0
SPA_004093,156,27,ABprppaap|Earpp|ABplpappaa,3,1.0
SPA_004094,156,28,ABprppapp|Caaapp|Cpppp|ABalppaapp|ABalppapaa|ABalppppaa|MSapaaaa,7,1.0
SPA_004095,156,29,ABprppppa|Cppap|ABaraapaap|ABarapaaaa|MSaaapaa,5,1.0
SPA_004096,156,30,ABaraappa|MSaaaaa|ABarpppppa|ABprpppaap,4,1.0
SPA_004097,156,31,MSaapaa|ABprapaaap|ABprppaapa,3,1.0
SPA_004098,156,32,ABplpaapa|MSapapa|MSpaapa|ABprpapppa|Eplap,5,1.0
SPA_004099,156,33,MSapaaa|MSpaaaaa|ABprpppapa|ABprpppapp|Cppppa,5,1.0
SPA_004100,156,34,MSpapap|ABarappapp|ABprpapaaa|ABprpapaap,4,1.0
SPA_004101,156,35,MSpaapp|MSpppap|Ealpa|MSpapapp,4,1.0
SPA_004102,156,36,ABarppaap|MSppppp|Epra|ABplapaaaa|ABplpapaap|ABplpapapa,6,1.0
SPA_004103,156,37,MSapppp|Ealpp|MSpapaap|MSpapapa,4,1.0
SPA_004104,156,38,ABprpppap|Caapp|Cpapp|ABalaaaalp|ABalapaapa|ABalpaaaaa,6,1.0
SPA_004105,156,39,ABplappaa|Dapa|ABarpaapap|MSaapaap,4,1.0
SPA_004106,156,40,ABalaapapp|ABalappppa|ABpraaapaa|ABpraapaaa,4,1.0
SPA_004107,156,41,ABalaappaa|ABalaappap|ABalaapppa,3,1.0
SPA_004108,156,42,Caapa|ABalapaapp|ABalpaappa,3,1.0
SPA_004109,156,43,ABalapapaa|ABaraapaaa|MSaaaaap,3,1.0
SPA_004110,156,44,Daa|ABaraapppp|ABarappaap,3,1.0
SPA_004111,156,45,MSappap|ABarpppaaa|Eplaa,3,1.0
SPA_004112,156,46,Cappp|ABalapapap|ABplaaaaaa,3,1.0
SPA_004113,156,47,ABpraaapap|ABpraapaap|ABprpaaaaa|ABprpaapaa,4,1.0
SPA_004114,156,48,ABpraappap|ABprpaappa|ABprpaappp,3,1.0
SPA_004115,156,49,ABarpppppp|ABprapappa|ABprappppa,3,1.0
SPA_004116,156,50,ABprappaap|ABprappapa|ABprapppaa|ABprppappp,4,1.0
SPA_004117,156,51,ABarapaap|ABprapapap|ABprapppap,3,1.0
SPA_004118,156,52,ABalaappp|ABprapaapp|ABprppappa,3,1.0
SPA_004119,156,53,ABalappaap|ABaraaaapa|MSaaaaaa,3,1.0
SPA_004120,156,54,Dpaa|Dpap|MSaapapa,3,1.0
SPA_004121,156,55,ABarappppa|ABplaaapp|Cappaa,3,1.0
SPA_004122,157,0,ABalaaapp|ABalapaaa|ABalppaaa|Cpapaa,4,1.0
SPA_004123,157,1,ABalaapap|ABalpapaa|ABprapapap,3,1.0
SPA_004124,157,2,ABalaappp|ABprappaap|ABprappapa|ABprpppaaa,4,1.0
SPA_004125,157,3,ABalapappa|ABarapapaa|MSpaaaap|ABprpppppa|Eplpp,5,1.0
SPA_004126,157,4,ABalapppp|ABarappppa|ABplpppapa|Cappaa|Capapp,5,1.0
SPA_004127,157,5,ABalpaapap|ABalpaapp|ABaraaapap,3,1.0
SPA_004128,157,6,ABaraapapp|ABprapapaa|ABprpppaap,3,1.0
SPA_004129,157,7,ABaraappa|ABarapaapp|MSaaaaaa|MSaaaaap|ABarpppppa|ABprpppapa|Cpppap,7,1.0
SPA_004130,157,8,ABaraappp|ABarapappa|MSaaaap|MSapaap|ABarpppapp|ABprppppaa|Cpppaa|Cppaap|Cppapa|Cppapp|Cpppaap,11,1.0
SPA_004131,157,9,ABarapaaa|MSapaaa|MSpaaaaa|ABprpppapp|Cppppa,5,1.0
SPA_004132,157,10,ABarappap|MSpppaa|Ealaa|ABplpapppp,4,1.0
SPA_004133,157,11,ABarapppaa|ABplaaaaa|Caappv,3,1.0
SPA_004134,157,12,ABalapppa|ABarapppap|ABplpppapp|Cappap|Capppa,5,1.0
SPA_004135,157,13,ABarpaaaa|ABpraaaap|ABpraaapa|ABplapapaa|ABplapapap,5,1.0
SPA_004136,157,14,ABarpapaa|ABplaapaa|ABplapppap|Capapa,4,1.0
SPA_004137,157,15,ABarppapp|ABprppapa|Eplp|Dppp,4,1.0
SPA_004138,157,16,ABplaaapa|MSppaaa|ABarppappp,3,1.0
SPA_004139,157,17,ABplappap|Dapp|ABplaaaapa|MSaaaapp|MSaaapap,5,1.0
SPA_004140,157,18,ABplapppa|ABprppppa|Cppap|ABaraapaap|ABarapaaaa|ABarpaaaap|MSaaapaa,7,1.0
SPA_004141,157,19,ABplapppp|ABprppppp|ABaraaaapp|ABaraappaa,4,1.0
SPA_004142,157,20,ABplppapp|ABplpppap|ABplppppp|Capaa|ABaraaappp|ABarpaaapa|MSpaaapa|MSpaapaa,8,1.0
SPA_004143,157,21,ABplpppaa|ABarpapaap|MSppaaap|MSppapaa,4,1.0
SPA_004144,157,22,ABpraappp|ABplaapppa|ABplppapaa,3,1.0
SPA_004145,157,23,ABprappaa|Eprp|ABalpapapa|ABalppappp|ABplaappaa|ABplpaaapa|ABplpaaapp|ABplpaapap,8,1.0
SPA_004146,157,24,ABprapppa|Caaapp|Cpapa|ABalppaapa|ABalppaapp|ABalpppaaa|ABalpppaap,7,1.0
SPA_004147,157,25,ABprapppp|ABalppaaaa|ABalppaaap,3,1.0
SPA_004148,157,26,ABarpapap|ABprpaapa|MSppapa|ABarppapap|ABplpppaap|Capaaa|Capaap,7,1.0
SPA_004149,157,27,ABprpaapp|MSppapp|ABplapaapp|ABplppappa|ABplpppaaa,5,1.0
SPA_004150,157,28,ABprppapp|Cpppp|ABalppapaa|ABalppppaa|ABplaapaap|MSapaaaa,6,1.0
SPA_004151,157,29,ABplpapaa|MSaapaa|ABprppaapa,3,1.0
SPA_004152,157,30,ABplpaapa|MSapapa|MSpaapa|ABprpapppa,4,1.0
SPA_004153,157,31,ABalpppppa|ABarappaa|MSpaaap,3,1.0
SPA_004154,157,32,MSappaa|MSappap|MSpapaap|MSpapap|ABarappapp|ABarpppaaa|ABprpapaaa|ABprpapaap|ABprpapapa|Eplaa,10,1.0
SPA_004155,157,33,ABprppaaa|MSppppa|ABplpapapp,3,1.0
SPA_004156,157,34,ABarppaap|MSppppp|Epra|ABplapaaaa|ABplpapaap|ABplpapapa,6,1.0
SPA_004157,157,35,Epla|Dppa|ABalpapppp,3,1.0
SPA_004158,157,36,Caapa|Cpppa|ABalapaapp|ABalpaappa|ABplaapaaa,5,1.0
SPA_004159,157,37,Dapa|Dpap|ABarpaapap|MSaapaap,4,1.0
SPA_004160,157,38,Caapp|Cpapp|ABalaaaala|ABalaaaalp,4,1.0
SPA_004161,157,39,ABalaapapa|ABalaapapp|ABalappppa|ABpraaaaaa|ABpraaapaa|ABpraapaaa,6,1.0
SPA_004162,157,40,ABalaappaa|ABalaappap|ABalaapppa,3,1.0
SPA_004163,157,41,ABprpppaa|ABalpaappp|ABalpapaaa,3,1.0
SPA_004164,157,42,Cppaa|ABalpapppa|MSaapaaa,3,1.0
SPA_004165,157,43,Daap|ABaraapppp|ABarappaap,3,1.0
SPA_004166,157,44,ABpraaappp|ABplappaap|ABplppappp,3,1.0
SPA_004167,157,45,ABprppaap|Earpp|ABplpappaa,3,1.0
SPA_004168,157,46,ABarpaappp|ABplaapppp|ABplppapap,3,1.0
SPA_004169,157,47,ABpraaapap|ABpraapaap|ABprpaaaaa|ABprpaapaa,4,1.0
SPA_004170,157,48,ABarpppppp|ABprapappa|ABprappppa,3,1.0
SPA_004171,157,49,ABprapappp|ABprappppp|Cpapap,3,1.0
SPA_004172,157,50,ABplpappp|ABpraapapp|ABprpaaaap|ABprpaapap,4,1.0
SPA_004173,157,51,ABprpapap|Ealap|ABplpappap|MSaapapp,4,1.0
SPA_004174,157,52,ABarapapap|MSaaapa|Eplpa,3,1.0
SPA_004175,157,53,ABalpapaap|ABalppapap|MSapaaap,3,1.0
SPA_004176,158,0,ABalaaapp|ABalapaaa|ABalappaa|ABalppaaa|Cpapaa|Cpappv,6,1.0
SPA_004177,158,1,ABalaapapp|ABalpapaa|ABprapapap,3,1.0
SPA_004178,158,2,ABalaappa|ABaraapapa|ABaraapapp|ABprapapaa|ABprappapp|ABprapppaa,6,1.0
SPA_004179,158,3,ABalaappp|ABprappaap|ABprappapa|ABprppappp|ABprpppaaa,5,1.0
SPA_004180,158,4,ABalapapa|ABalppppa|ABplpppppp,3,1.0
SPA_004181,158,5,ABalapappa|ABarapapaa|MSpaaaap|ABprpppppa|Eplpp,5,1.0
SPA_004182,158,6,ABalappap|ABalapppa|ABplaaaap,3,1.0
SPA_004183,158,7,ABalapppp|ABarappppa|ABarppapap|ABplpppapa|Cappaa|Capapp,6,1.0
SPA_004184,158,8,ABalpaapap|ABalpaapp|ABaraaapap|ABprapappp|ABprappppp|Cpapap,6,1.0
SPA_004185,158,9,ABalpappp|ABalppappp|ABarppppaa,3,1.0
SPA_004186,158,10,ABaraappa|ABarapaapa|ABarapaapp|MSaaaaaa|ABarpppppa|ABprapppap|Cpppap,7,1.0
SPA_004187,158,11,ABaraappp|ABarapappa|MSaaaap|MSapaap|ABarpppapp|ABprppppaa|Cpppaa|Cppaap|Cppapa|Cppapp|Cpppaap,11,1.0
SPA_004188,158,12,ABarapappp|ABplpaapa|MSaaapa|MSapapa|MSpaapa|ABprpapppa|Eplap|Eplpa,8,1.0
SPA_004189,158,13,ABalpppppp|ABarappap|MSpppaa|Ealaa|ABarppaapa|Epraa,6,1.0
SPA_004190,158,14,ABarapppap|ABplappppp|Capppa,3,1.0
SPA_004191,158,15,ABarpaaaa|ABpraaapa|ABplapapaa,3,1.0
SPA_004192,158,16,ABarpapaa|ABplaapaa|ABplapppap|Capapa,4,1.0
SPA_004193,158,17,ABarpapap|ABplaapap|ABprpaaap|ABprpaapa|MSppapa|ABplpppaap|Capaaa|Capaap,8,1.0
SPA_004194,158,18,ABarppapp|Eplp|Dppp|ABplaaapaa,4,1.0
SPA_004195,158,19,ABplaaapa|MSppaaa|ABarppappp,3,1.0
SPA_004196,158,20,ABplappap|Cppaa|Dapp|ABarapaaap|ABplaaaapa|MSaaaapp|MSaaapap,7,1.0
SPA_004197,158,21,ABplapppa|ABplapppp|ABprppppp|Capap|ABaraaaapp|ABaraappaa|MSaaaapa,7,1.0
SPA_004198,158,22,ABplpapaa|MSaapaa|ABarpppaap|ABprppaapa,4,1.0
SPA_004199,158,23,ABplpappp|ABpraapapp|ABprpaaaap|ABprpaapap,4,1.0
SPA_004200,158,24,ABplppapp|Capaa|ABaraaappp|MSpaapaa,4,1.0
SPA_004201,158,25,ABprappaa|Eprp|ABplaappaa|ABplpaaapp,4,1.0
SPA_004202,158,26,ABprapppa|Caaapp|Cpapa|ABalppaapa|ABalppaapp|ABalpppaaa|ABalpppaap,7,1.0
SPA_004203,158,27,ABprapppp|ABalppaaaa|ABalppaaap,3,1.0
SPA_004204,158,28,ABprpappaa|MSapppa|Ealpa|MSpapapp,4,1.0
SPA_004205,158,29,ABprpppap|Caapp|ABalapaaap|ABalpaaaaa,4,1.0
SPA_004206,158,30,ABprppppa|Cppap|ABaraapaap|ABarpaaaap|MSaaapaa,5,1.0
SPA_004207,158,31,ABarapaaa|MSapaaa|MSpaaaaa|ABprpppapp|Cppppa,5,1.0
SPA_004208,158,32,MSpapaaa|ABprpapapp|Cppaaa,3,1.0
SPA_004209,158,33,MSpapaap|MSpapap|ABarappapp|ABarpppaaa|ABprpapaaa|ABprpapaap|Eplaa,7,1.0
SPA_004210,158,34,MSppapp|ABplapaapp|ABplpppaaa,3,1.0
SPA_004211,158,35,ABprppaaa|MSppppa|Earap|ABarppaaaa,4,1.0
SPA_004212,158,36,MSppppp|Epra|ABplpapaap|ABplpapapa,4,1.0
SPA_004213,158,37,Ealpp|Dapa|Dpap|ABarpaapap|MSaapaap,5,1.0
SPA_004214,158,38,ABalaaaarr|ABalaaappl|ABalappaap,3,1.0
SPA_004215,158,39,ABalaappaa|ABalaappap|ABalaapppa,3,1.0
SPA_004216,158,40,Epla|Dppa|ABalpapppp,3,1.0
SPA_004217,158,41,ABalpppapp|ABalppppap|ABplpaaaaa|ABplpaapaa,4,1.0
SPA_004218,158,42,ABprppapp|Cpppp|ABalppppaa|ABplaapaap,4,1.0
SPA_004219,158,43,MSpappp|Daap|ABarappaaa,3,1.0
SPA_004220,158,44,ABplapapp|Cappp|ABplaaaaaa,3,1.0
SPA_004221,158,45,ABplapapap|ABplapappa|ABplappppa,3,1.0
SPA_004222,158,46,ABplappaaa|ABplappaap|ABplppappp,3,1.0
SPA_004223,158,47,ABarpppppp|ABprapappa|ABprappppa,3,1.0
SPA_004224,158,48,ABprpapap|Ealap|MSaapapp,3,1.0
SPA_004225,158,49,ABalapaapp|ABalpppaa|Cppppp,3,1.0
SPA_004226,159,0,ABalaaapal|ABalaaapp|ABalppaaa,3,1.0
SPA_004227,159,1,ABalaapaa|ABalpaaap|ABaraaaap,3,1.0
SPA_004228,159,2,ABalaappp|ABprappaap|ABprappapa|ABprppappp|ABprpppaaa,5,1.0
SPA_004229,159,3,ABalapaapp|ABalpppaa|Cppppp,3,1.0
SPA_004230,159,4,ABalapapa|ABplpppppp|ABprpppppp|Capppp,4,1.0
SPA_004231,159,5,ABalapappa|ABarapapaa|MSpaaaap|ABprpppppa|Eplpp,5,1.0
SPA_004232,159,6,ABalappap|ABalapppa|ABarapppap|ABplaaaap|ABplpppapp|Cappap|Capppa,7,1.0
SPA_004233,159,7,ABalpappp|ABalppappp|ABarppppaa|ABprapaapa|ABprppapap,5,1.0
SPA_004234,159,8,ABalpppppp|MSpppaa|Ealaa|Epraa,4,1.0
SPA_004235,159,9,ABalpapaa|ABaraappa|ABarapaapa|ABarpppppp|ABprapapap|ABprapappa|ABprappppa,7,1.0
SPA_004236,159,10,ABaraapppa|ABarapappa|MSaaaap|MSapaap|ABarpppapp|Cpppaa|Cppaap|Cppapa|Cppapp|Cpppaap,10,1.0
SPA_004237,159,11,ABarapaapp|MSaaaaaa|ABarpppppa|ABprapppap|Cpppap,5,1.0
SPA_004238,159,12,ABarpaaaa|ABpraaaap|ABpraaapa|ABplapapaa|ABplapapap,5,1.0
SPA_004239,159,13,ABarpaapaa|ABpraaappa|ABplappapp|ABplapppaa,4,1.0
SPA_004240,159,14,ABarpapap|ABprpaaap|ABprpaapa|ABplappapa|ABplpppaap|Capaaa,6,1.0
SPA_004241,159,15,ABplaaapa|MSppaaa|ABarppappp,3,1.0
SPA_004242,159,16,ABplapppa|Capap|ABaraaaapp|MSaaaapa,4,1.0
SPA_004243,159,17,ABplapppp|ABprppppp|ABarpaaaaa,3,1.0
SPA_004244,159,18,ABplpapap|ABplpappa|ABprapaaaa|ABprppaaaa,4,1.0
SPA_004245,159,19,ABplpappp|ABpraapapp|ABprpaaaap|ABprpaapap,4,1.0
SPA_004246,159,20,ABplppapp|Capaa|ABaraaappp|MSpaapaa,4,1.0
SPA_004247,159,21,ABprapppa|Cpapaa|ABalppaapa|ABalppaapp|ABalpppaaa|ABalpppaap,6,1.0
SPA_004248,159,22,ABprapppp|Cpapap|Cpappd|ABalppaaaa|ABalppaaap,5,1.0
SPA_004249,159,23,ABprpaappa|MSppapp|ABplapaapp|ABplppappa|ABplpppaaa,5,1.0
SPA_004250,159,24,ABprpppap|ABalapaaap|ABalpaaaaa,3,1.0
SPA_004251,159,25,ABprppppa|Cappp|Cppap|ABarapaaaa|MSaaapaa,5,1.0
SPA_004252,159,26,ABplpaapa|MSaaapa|MSpaapa|Eplpa,4,1.0
SPA_004253,159,27,MSapaaa|MSpaaaaa|Cppppa,3,1.0
SPA_004254,159,28,MSappaa|MSpapaap|MSpapap|ABarappapp|ABarpppaaa|ABprpapaaa|ABprpapaap|ABprpapapa|Eplaa,9,1.0
SPA_004255,159,29,MSppapa|ABarppapap|Capaap|Capapp,4,1.0
SPA_004256,159,30,ABarppaap|MSppppp|Epra|ABalpapapp|ABplapaaaa|ABplpapaap|ABplpapapa,7,1.0
SPA_004257,159,31,Ealpp|Dpap|MSaapaap|MSaapapa,4,1.0
SPA_004258,159,32,ABprpppaa|Caapa|Cpppa|ABalpaappa|ABplaapaaa,5,1.0
SPA_004259,159,33,ABplappap|Dapp|MSaaaapp|MSaaapap,4,1.0
SPA_004260,159,34,ABalaappaa|ABalaappap|ABalaapppa,3,1.0
SPA_004261,159,35,ABalapppap|ABarpapaaa|MSppaaaa,3,1.0
SPA_004262,159,36,Epla|Dppa|ABalpapppp,3,1.0
SPA_004263,159,37,Caaapa|ABalpppapp|ABplpaapaa,3,1.0
SPA_004264,159,38,ABplpppaa|ABarpappaa|MSppapap,3,1.0
SPA_004265,159,39,ABplaapaa|ABprpaaaa|ABarppappa,3,1.0
SPA_004266,159,40,ABplaappaa|ABplpaaapp|ABplpaapap,3,1.0
SPA_004267,159,41,ABarpaappp|ABpraappp|ABplaapppa|ABplppapaa,4,1.0
SPA_004268,159,42,ABarpaappa|ABplaapppp|ABplppapap,3,1.0
SPA_004269,159,43,ABarpaapap|ABpraaappp|ABplappaap|ABplppappp,4,1.0
SPA_004270,159,44,ABprppaap|Earpp|ABplpappaa,3,1.0
SPA_004271,159,45,ABalaappa|ABprappapp|ABprapppaa,3,1.0
SPA_004272,159,46,ABaraaapp|ABarapaaa|ABprappppp,3,1.0
SPA_004273,159,47,ABalapappp|ABarapapap|ABprpapppp,3,1.0
SPA_004274,159,48,Ealap|ABplpappap|MSaapapp,3,1.0
SPA_004275,160,0,ABalaappa|ABprappapp|ABprapppaa,3,1.0
SPA_004276,160,1,ABalaapppa|ABalppapap|ABarppppap|ABprappaap|ABprappapa|ABprppappp,6,1.0
SPA_004277,160,2,ABalaapppp|ABalpapppa|ABalppappa|ABprapaapp|ABprappaaa|ABprppappa,6,1.0
SPA_004278,160,3,ABalapaapp|ABalpppaa|ABprpppppp|Cppppp,4,1.0
SPA_004279,160,4,ABalapapaa|ABalappap|ABalapppa|Capppp,4,1.0
SPA_004280,160,5,ABalapappa|ABarapapaa|ABplpaaaa|MSaaaaap|MSpaaaap|ABprpppppa|Eplpp,7,1.0
SPA_004281,160,6,ABalaapapp|ABalpapaa|ABaraapapp|ABprapapap,4,1.0
SPA_004282,160,7,ABalppappp|MSaapaap|ABarppppaa|ABpraapppp|ABprapaapa|ABprppapap,6,1.0
SPA_004283,160,8,ABalppppap|ABarappaa|Eprap,3,1.0
SPA_004284,160,9,ABalpaapp|ABalppaap|ABaraaappa|ABaraaappp|ABarapaaa|ABprapappp|ABprappppp,7,1.0
SPA_004285,160,10,ABaraappa|ABarapaapa|ABprapppap,3,1.0
SPA_004286,160,11,ABaraapppa|ABaraapppp|ABarapappa|MSaaaapa|MSaaaapp|MSapaap|ABarpppapp|ABprppaapp|Cpppaa|Cppaap|Cppapa|Cppapp|Cpppaap,13,1.0
SPA_004287,160,12,ABarapaapp|MSaaaaaa|ABprpppapa|Cpppap,4,1.0
SPA_004288,160,13,ABarapppap|ABplappppp|ABplpppapp|Capppa,4,1.0
SPA_004289,160,14,ABarappppa|ABplaapaa|ABplpppapa|Cappap,4,1.0
SPA_004290,160,15,ABarpaaaa|ABpraaaap|ABpraaapa|ABplapapaa|ABplapapap,5,1.0
SPA_004291,160,16,ABarpaapaa|ABpraaappa|ABplappapp|ABplapppaa,4,1.0
SPA_004292,160,17,ABarpaappa|ABprpaappp|ABplaapppp|ABplapaapa|ABplppapap,5,1.0
SPA_004293,160,18,ABarpaappp|ABpraappp|ABplaapppa|ABplppapaa,4,1.0
SPA_004294,160,19,ABarpapaa|ABprpaaaap|ABarppapap|Capapa,4,1.0
SPA_004295,160,20,ABarppaaa|ABprppaaa|MSppppa|Earap|ABarppaaaa|ABplapaaap,6,1.0
SPA_004296,160,21,ABplpapap|ABplpappa|MSaapap|MSaappa|ABarpapppa|ABprapaaaa|ABprppaaaa,7,1.0
SPA_004297,160,22,ABplppapp|Capaa|ABarpapaap|MSpaapaa|MSppaaap,5,1.0
SPA_004298,160,23,ABplpppap|ABplppppp|ABalapppap|ABarpapaaa|MSppaaaa,5,1.0
SPA_004299,160,24,ABprapppp|Cpapap|Cpappd|ABalppaaap,4,1.0
SPA_004300,160,25,ABarpapap|ABplaapap|ABprpaaap|ABprpaapa|Capaaa,5,1.0
SPA_004301,160,26,ABprpppap|Caapp|Cpappv|ABalaaaarl|ABalapaaaa|ABalapaaap|ABalpaaaaa,7,1.0
SPA_004302,160,27,ABprppppa|Cappp|Cppap|MSaaapaa,4,1.0
SPA_004303,160,28,ABarapappp|ABplpaapa|MSaaapa|MSpaapa,4,1.0
SPA_004304,160,29,MSapppp|Ealpp|MSaapapa,3,1.0
SPA_004305,160,30,MSapaaa|MSpaaaaa|Cppppa,3,1.0
SPA_004306,160,31,ABplppaaa|MSappap|MSpapaap|MSpapap|ABarpppaaa|ABprpapaap|Eplaa,7,1.0
SPA_004307,160,32,ABplaaapa|ABprpaaaaa|MSppaaa,3,1.0
SPA_004308,160,33,MSppapa|ABarppaapp|Cappaa|Capaap|Capapp,5,1.0
SPA_004309,160,34,ABprpappap|MSpaapp|MSpppap,3,1.0
SPA_004310,160,35,MSapppa|Ealpa|MSpapapp,3,1.0
SPA_004311,160,36,ABprpppaa|Caapa|Cpppa|ABalpaappa|ABplaapaaa|MSapaaaa,6,1.0
SPA_004312,160,37,Cpapaa|ABalppaapp|ABalpppaaa|ABalpppaap,4,1.0
SPA_004313,160,38,Cppaa|Dapp|MSaaapap,3,1.0
SPA_004314,160,39,ABalpaaapa|ABalpapaaa|MSapaaap,3,1.0
SPA_004315,160,40,Caaapa|ABalpppapp|ABplpaaaaa|ABplpaapaa,4,1.0
SPA_004316,160,41,ABarpppppp|ABprapappa|ABprappppa,3,1.0
SPA_004317,160,42,ABplapapa|Cappa|ABplaaaapa,3,1.0
SPA_004318,160,43,ABprapaap|ABplaappaa|ABplpaaapp|ABplpaapap|ABplpaappa,5,1.0
SPA_004319,160,44,ABpraaaaa|ABplapappa|ABplappppa,3,1.0
SPA_004320,160,45,ABarpaapap|ABprpaappa|ABplappaaa,3,1.0
SPA_004321,160,46,ABpraaaapp|ABpraapapa|ABprpaapaa,3,1.0
SPA_004322,160,47,ABplpappp|ABpraapapp|ABprpaapap,3,1.0
SPA_004323,161,0,ABalaapapa|ABaraaaap|ABarpppppp|ABprapapap|ABprapappa,5,1.0
SPA_004324,161,1,ABalaapapp|ABalaappaa|ABprapapaa,3,1.0
SPA_004325,161,2,ABalaappap|ABalaapppa|ABalpapap|ABarppppap|ABprappaap|ABprappapa|ABprppappp,7,1.0
SPA_004326,161,3,ABalaapppp|ABalpappap|ABalpapppa|ABalppappa|ABprapaapp|ABprappaaa|ABprppappa,7,1.0
SPA_004327,161,4,ABalapapaa|ABalappap|ABalapppa|ABplpppppp|Eplpp|Capppp,6,1.0
SPA_004328,161,5,ABalppapaa|ABaraappap|ABprpppapa|Cpppap,4,1.0
SPA_004329,161,6,ABalpppapa|ABalppppaa|Eplpa|Eprpp,4,1.0
SPA_004330,161,7,ABalpppapp|ABalppppap|ABarappaa|MSpaaapa|ABplpppppa|Eplap,6,1.0
SPA_004331,161,8,ABalpppppp|MSpppaa|Ealaa|Eplaa,4,1.0
SPA_004332,161,9,ABaraappaa|ABarapaapa|ABprappppa|Cppppa,4,1.0
SPA_004333,161,10,ABaraapppa|ABarapappa|MSaaaapa|MSapaap|ABprppppap|Cpppaa|Cppapa|Cppapp|Cpppaap,9,1.0
SPA_004334,161,11,ABarpaaaa|ABpraaapa|ABplappapa,3,1.0
SPA_004335,161,12,ABarpaapap|ABarpapap|ABprpaaap|ABprpaapa|MSppapp|ABplaapppp|ABplapaapp|ABplppapap|ABplppappa|Capaaa,10,1.0
SPA_004336,161,13,ABarpaappp|ABplaappap|ABplppaaaa,3,1.0
SPA_004337,161,14,ABarpapaa|ABprpaaaap|ABplpppaap,3,1.0
SPA_004338,161,15,ABplaaapa|ABprpaaaaa|MSppaaa|ABplapppap|ABplpppapa|Cappap,6,1.0
SPA_004339,161,16,ABplapppa|ABprpapppp|Capap|ABalapppap|ABarpapaaa,5,1.0
SPA_004340,161,17,ABplpaaaa|MSaaaaap|MSpaaaap,3,1.0
SPA_004341,161,18,ABplpapap|ABplpappaa|MSaapap|ABarpapppp|ABprapaaaa|ABprppaaaa,6,1.0
SPA_004342,161,19,ABplpappp|ABplppppa|ABpraapapp|ABprpaaapa|ABprpaapap,5,1.0
SPA_004343,161,20,ABplppapa|ABarappaap|ABarpappap|MSppapap|MSppappp,5,1.0
SPA_004344,161,21,ABplppapp|Capaa|ABalappppp|MSppaaap,4,1.0
SPA_004345,161,22,ABplpppaa|ABarpappaa|MSppapaa|MSppappa,4,1.0
SPA_004346,161,23,ABprapppa|ABalppaaaa|ABalppaaap,3,1.0
SPA_004347,161,24,ABprppapp|Cpppp|ABalpaappp|MSapaaap,4,1.0
SPA_004348,161,25,ABprppppa|Cappp|Cppap|ABaraaaapp|ABarpaaaap,5,1.0
SPA_004349,161,26,ABprppppp|ABalapppaa|ABaraaaaap,3,1.0
SPA_004350,161,27,ABaraapppp|MSaaaapp|ABarpppapp,3,1.0
SPA_004351,161,28,ABarapappp|ABplpaapa|MSaaapa|MSpaapa|Eprap,5,1.0
SPA_004352,161,29,MSaaapp|MSpapaaa|ABarpppapa|ABprpapapp|Epraa,5,1.0
SPA_004353,161,30,ABplpaaap|MSapapa|Cppaaa|Cpppaaa,4,1.0
SPA_004354,161,31,ABalppaap|ABaraaappp|MSapaaa|MSpaaaaa|Cppppp,5,1.0
SPA_004355,161,32,ABplaappp|ABprpappap|MSpaapp|MSpppap,4,1.0
SPA_004356,161,33,MSppapa|ABarppaapp|ABplpppaaa|Capaap,4,1.0
SPA_004357,161,34,ABprppaaa|MSppppa|ABplpapapa,3,1.0
SPA_004358,161,35,MSapppa|Ealpa|MSpapapp,3,1.0
SPA_004359,161,36,Caapp|Cpappv|ABalappaaa,3,1.0
SPA_004360,161,37,ABalappaap|ABaraaaaaa|ABaraaaapa,3,1.0
SPA_004361,161,38,ABpraaaaa|ABplapapap|ABplappppa,3,1.0
SPA_004362,161,39,ABprappaa|Eprp|ABplpaapaa,3,1.0
SPA_004363,161,40,ABprpaappp|ABplaapppa|ABplppapaa,3,1.0
SPA_004364,161,41,ABarpppppa|ABprapppaa|ABprpppaap,3,1.0
SPA_004365,161,42,ABarapapap|ABprpppppa|Eprpa,3,1.0
SPA_004366,161,43,ABarappppa|ABplaapaa|Cappaa,3,1.0
SPA_004367,161,44,ABarapppap|ABplpppapp|Capppa,3,1.0
SPA_004368,162,0,ABalaapapa|ABaraaaap|ABarpppppp|ABprapapap|ABprapappa|ABprapappp,6,1.0
SPA_004369,162,1,ABalaapapp|ABalaappaa|ABaraapapa|ABprapapaa,4,1.0
SPA_004370,162,2,ABalaappap|ABalaapppa|ABalpapap|ABprappaap|ABprappapa|ABprppappp,6,1.0
SPA_004371,162,3,ABalaapppp|ABalpapppa|ABalppappa|ABprppappa,4,1.0
SPA_004372,162,4,ABalapapaa|ABalappap|ABalapppa|ABplpppapp|Capppa,5,1.0
SPA_004373,162,5,ABalapapap|ABarappaa|ABplpppppp|Capppp,4,1.0
SPA_004374,162,6,ABalpaappa|ABaraaapap|ABaraaappa,3,1.0
SPA_004375,162,7,ABalpappap|ABprapaapp|ABprappaaa,3,1.0
SPA_004376,162,8,ABalpapppp|ABalppappp|MSaapaap|ABprppaapp,4,1.0
SPA_004377,162,9,ABalpppapa|ABalppppaa|Eplpa|Eprpp,4,1.0
SPA_004378,162,10,ABalpppapp|ABalppppap|ABplpppppa|Eplap,4,1.0
SPA_004379,162,11,ABalpppppp|ABarappapp|MSpppaa|Ealaa|Eplaa,5,1.0
SPA_004380,162,12,ABaraappaa|ABarapaapa|ABprappppa|Cppppa,4,1.0
SPA_004381,162,13,ABalppapaa|ABaraappap|ABprapppap|Cpppap,4,1.0
SPA_004382,162,14,ABalppapap|ABaraapppa|ABarapappa|MSaaaapa|ABprppppap|Cppapa|Cpppaa,7,1.0
SPA_004383,162,15,ABaraapppp|MSaaaapp|Cppaaa,3,1.0
SPA_004384,162,16,ABarapaapp|ABprpppapa|ABprpppapp,3,1.0
SPA_004385,162,17,ABarapapap|ABprpppppa|Eprpa,3,1.0
SPA_004386,162,18,ABarappppa|ABprpaaaaa|MSppaaa|ABarppappa|ABplapapaa|ABplapppap,6,1.0
SPA_004387,162,19,ABarappppp|ABprpaaapa|MSppapa|ABarppaapp|ABplpppaaa|ABplppppap|Capapa|Capaap,8,1.0
SPA_004388,162,20,ABarpaaaa|ABpraaapa|ABplappapa,3,1.0
SPA_004389,162,21,ABarpaapap|ABarpapap|ABprpaaapp|ABprpaapa|MSppapp|ABplaapppp|ABplapaapp|ABplappaaa|ABplppaapp|ABplppapap|ABplppappa,11,1.0
SPA_004390,162,22,ABarpaappp|ABpraappp|ABplaappap|ABplppaaaa|ABplppaaap,5,1.0
SPA_004391,162,23,ABplapappp|Caappv|Cpappv|ABalappaaa|ABalappaap|ABaraaaaaa|ABaraaaapa|ABarpaaaaa,8,1.0
SPA_004392,162,24,ABplapppa|ABprpapppp|Capap|ABalapppap|ABarpapaaa,5,1.0
SPA_004393,162,25,ABplpaaaa|MSaaaaap|MSpaaaap,3,1.0
SPA_004394,162,26,ABplpaapa|MSaaapaa|MSaaapap|MSapaap|MSpaapa|Eprap|Cppaap|Cpppaap,8,1.0
SPA_004395,162,27,ABplpapap|ABplpappaa|MSaapap|ABarpapppp|ABprapaaaa|ABprppaaaa,6,1.0
SPA_004396,162,28,ABplppapa|MSaappp|ABarpappap|MSppapap|MSppappp,5,1.0
SPA_004397,162,29,ABplppapp|ABplpppaa|Capaa|ABalappppp|ABarpappaa|MSppaaap|MSppapaa|MSppappa,8,1.0
SPA_004398,162,30,ABplpppap|ABplppppp|ABalappppa|MSppaaaa,4,1.0
SPA_004399,162,31,ABprappaa|Eprp|ABplpaaapa|ABplpaapaa,4,1.0
SPA_004400,162,32,ABprapppa|Caaapp|ABalapaaap|ABalppaaaa|ABalppaaap,5,1.0
SPA_004401,162,33,ABarpapaa|ABprpaaaap|ABplpppaap,3,1.0
SPA_004402,162,34,ABprppppa|Cappp|Cppap|ABaraaaapp|ABarpaaaap,5,1.0
SPA_004403,162,35,ABprppppp|ABalapppaa|ABaraaaaap,3,1.0
SPA_004404,162,36,MSaaapp|MSpapaaa|ABarpppapa|Epraa,4,1.0
SPA_004405,162,37,ABplpaappp|MSapppa|Ealpa|MSpapapp,4,1.0
SPA_004406,162,38,ABplapaaa|ABprpapaa|Earaa|ABarppaapa,4,1.0
SPA_004407,162,39,Caaaaa|ABplaappaa|ABplpaaaap|ABplpaaapp,4,1.0
SPA_004408,162,40,Daap|ABarpapapp|MSpaapap,3,1.0
SPA_004409,162,41,MSppppp|ABalpapapp|ABplpapaap,3,1.0
SPA_004410,162,42,Cpaapp|ABalppaapa|ABalpppaaa,3,1.0
SPA_004411,162,43,ABplppaap|MSaappa|ABarpapppa,3,1.0
SPA_004412,162,44,ABpraaaaa|ABplapapap|ABplappppa,3,1.0
SPA_004413,162,45,ABprpaappp|ABplaapppa|ABplppapaa,3,1.0
SPA_004414,162,46,ABplpappp|ABplppppa|ABpraapapp,3,1.0
SPA_004415,162,47,ABarpppppa|ABprapppaa|ABprpppaap,3,1.0
SPA_004416,162,48,ABprppapa|ABplaaapap|MSapapap,3,1.0
SPA_004417,162,49,ABalapppp|ABplaapaa|Cappaa,3,1.0
SPA_004418,162,50,ABplaaapa|ABplpppapa|Cappap,3,1.0
SPA_004419,162,51,ABplpaaap|MSapapa|Cpppaaa,3,1.0
SPA_004420,163,0,ABalaapaaa|ABalaapapa|ABalpapaaa|ABaraaaap|ABarpppppp,5,1.0
SPA_004421,163,1,ABalaapapp|ABalaappaa|ABalpapaap|ABaraapapa|ABaraapapp|ABaraappap|ABprapapaa|ABprappapp|ABprapppap|Cpppap,10,1.0
SPA_004422,163,2,ABalaappap|ABalpapapa|ABprappaap|ABprappapa,4,1.0
SPA_004423,163,3,ABalaapppp|ABalpapppa|ABalppappa|ABprppappa,4,1.0
SPA_004424,163,4,ABalapapaa|ABalappap|ABalapppa|ABarapppap|ABplpppapp|Capppa,6,1.0
SPA_004425,163,5,ABalapapap|ABarappaaa|ABplaaappa|ABplpppppp|Capapp|Capppp,6,1.0
SPA_004426,163,6,ABalapappa|ABalpppapa|ABalppppaa|ABarapapaa|ABprpppppp|Eplpa|Eprpp,7,1.0
SPA_004427,163,7,ABalpapppp|ABalppappp|MSaapaap,3,1.0
SPA_004428,163,8,ABalapappp|ABalpppapp|ABalppppap|ABarappaap|ABplpppppa|Eplap,6,1.0
SPA_004429,163,9,ABaraaappp|ABarapaaap|Cppppp,3,1.0
SPA_004430,163,10,ABaraappaa|ABarapaapa|MSaaaaaa|MSapaaa|ABprappppa|Cppppa,6,1.0
SPA_004431,163,11,ABaraapppa|MSaaaapa|MSapaap|ABprpppaaa|Cppapa|Cpppaa,6,1.0
SPA_004432,163,12,ABarapapap|ABprpppppa|Eprpa,3,1.0
SPA_004433,163,13,ABalpppppp|ABarappapp|MSpppaa|Ealaa|Eplaa,5,1.0
SPA_004434,163,14,ABarappppa|ABarappppp|ABplaapaaa|ABplpppapa|Capapa|Cappaa|Cappap,7,1.0
SPA_004435,163,15,ABarpaapap|ABarpapapp|ABprpaaapp|MSppapp|ABplapaapa|ABplapaapp|ABplppaapa|ABplppaapp|ABplppapap|ABplppappa,10,1.0
SPA_004436,163,16,ABarpapaaa|ABprpaaaap|ABplpppaap,3,1.0
SPA_004437,163,17,ABarpapaap|ABarpapapa|ABplaapapa|ABprpaapa|ABarppapap|ABplpppaaa|Capaaa|Capaap,8,1.0
SPA_004438,163,18,ABarppaaa|Earap|ABplapaaaa,3,1.0
SPA_004439,163,19,ABplapappp|ABprpppapp|Caappv|ABalappaaa|ABalappaap|ABaraaaaaa|ABaraaaapa,7,1.0
SPA_004440,163,20,ABplpaaaa|MSaaaaap|MSpaaaap,3,1.0
SPA_004441,163,21,ABplpapaa|MSaapaaa|ABarpppaap,3,1.0
SPA_004442,163,22,ABplpapap|ABplpappaa|ABprppaaaa,3,1.0
SPA_004443,163,23,ABplppapa|MSaappp|ABarpappap|MSppapap|MSppappp,5,1.0
SPA_004444,163,24,ABplppapp|ABplpppaa|Capaa|ABalappppp|ABarpappaa|MSpaapaa|MSppaaap|MSppapaa|MSppappa,9,1.0
SPA_004445,163,25,ABplpppap|ABplppppp|ABalappppa,3,1.0
SPA_004446,163,26,ABplpappp|ABplppppaa|ABpraapapp,3,1.0
SPA_004447,163,27,ABpraaaap|ABpraaapaa|ABplappapp|ABplapppaa,4,1.0
SPA_004448,163,28,ABprappaa|Eprp|ABplpaaaaa|ABplpaaapa|ABplpaapaa,5,1.0
SPA_004449,163,29,ABprapppa|Cpapaa|ABalppaaaa|ABalppaaap,4,1.0
SPA_004450,163,30,ABprpaaaaa|MSppaaa|ABarppappa|ABplapppap,4,1.0
SPA_004451,163,31,ABprppapp|Cpppp|MSapaaap,3,1.0
SPA_004452,163,32,ABprppppp|ABalapppaa|ABaraaaaap,3,1.0
SPA_004453,163,33,ABaraapppp|MSaaaapp|ABarpppapp|Cppaaa,4,1.0
SPA_004454,163,34,ABarapappa|MSaaapaa|Cpppaap,3,1.0
SPA_004455,163,35,ABplpaappp|MSapppa|Ealpa,3,1.0
SPA_004456,163,36,ABplaapppa|MSpaapp|MSpppap,3,1.0
SPA_004457,163,37,ABprppaaa|MSppppa|ABplapaaap|ABplpapapa,4,1.0
SPA_004458,163,38,ABplapaaa|ABprpapaaa|Earaa,3,1.0
SPA_004459,163,39,Caaaaa|ABplaappaa|ABplpaaaap|ABplpaaapp|ABplpaapap,5,1.0
SPA_004460,163,40,ABplapapa|Cappa|ABplaaaaap,3,1.0
SPA_004461,163,41,Cpappv|ABalaaaarr|ABalaaappl,3,1.0
SPA_004462,163,42,ABplapppp|ABalaaappr|ABalappapa,3,1.0
SPA_004463,163,43,ABprapapa|ABprappap|ABalppaapa|ABalpppaap,4,1.0
SPA_004464,163,44,ABplaapaap|MSppapa|ABarppaapp,3,1.0
SPA_004465,163,45,ABarpaappp|ABpraappp|ABplaappap|ABplppaaaa|ABplppaaap,5,1.0
SPA_004466,163,46,ABplapapaa|ABplapapap|ABplappppa,3,1.0
SPA_004467,163,47,ABarpaapaa|ABprpaaapa|ABplappaap|ABplppappp,4,1.0
SPA_004468,163,48,ABalpappap|ABprapaapp|ABprappaaa,3,1.0
SPA_004469,163,49,ABarpppppa|ABprapppaa|ABprpppaap,3,1.0
SPA_004470,163,50,Dppp|ABplaaapap|MSapapap,3,1.0
SPA_004471,163,51,ABplappaa|Daap|MSpaapap,3,1.0
SPA_004472,164,0,ABalaapapa|ABaraaaap|ABarpppppp,3,1.0
SPA_004473,164,1,ABalaapppp|ABalpapppa|ABalppappa|ABprppappa,4,1.0
SPA_004474,164,2,ABalapaaap|ABalapapaa|ABplpppapp|Capppa,4,1.0
SPA_004475,164,3,ABalapapap|ABarappaaa|Capapp,3,1.0
SPA_004476,164,4,ABalapappa|ABalpppaa|ABalpppapa|ABarapapaa|ABprpppppa|Eplpa|Eprpp,7,1.0
SPA_004477,164,5,ABalapappp|ABalpppapp|ABalppppap,3,1.0
SPA_004478,164,6,ABalappap|ABalapppa|ABplaaaap|ABplpppppp|Eplpp|Capppp,6,1.0
SPA_004479,164,7,ABalpapppp|ABalppappp|MSaapaap,3,1.0
SPA_004480,164,8,ABalpaappa|ABaraaappa|ABarapaaaa,3,1.0
SPA_004481,164,9,ABaraaappp|ABarapaaap|ABprpppppp,3,1.0
SPA_004482,164,10,ABalpapaap|ABaraapapp|ABaraappap|ABprapppap|Cpppap,5,1.0
SPA_004483,164,11,ABaraappaa|ABarapaapa|MSaaaaaa|MSapaaa|ABprappppa|Cppppa,6,1.0
SPA_004484,164,12,ABaraapppa|MSapaap|Cppapa,3,1.0
SPA_004485,164,13,ABaraapppp|MSaaaapp|MSapapa|ABarpppapp|ABprppaapp|Cppaaa|Cpppaaa,7,1.0
SPA_004486,164,14,ABarapaapp|MSpaaaap|Cppapp,3,1.0
SPA_004487,164,15,ABarappapa|MSppaap|Capaap,3,1.0
SPA_004488,164,16,ABarappppa|ABarappppp|ABarpaaaa|ABarpapaaa|ABplaapaaa|ABprpaaaap|ABarppappa|ABplpppaap|Capapa|Cappaa|Cappaap,11,1.0
SPA_004489,164,17,ABarpapaap|ABpraaapap|ABpraaappa|ABpraapaa|ABprpaaapa|ABprpaapaa|ABarppapap|ABplappaap|ABplappapa|ABplppappp|ABplpppaaa|Cappaaa,12,1.0
SPA_004490,164,18,ABarpapapa|ABplaapapa|ABprpaapap|MSppapp|ABplapaapp|ABplappaaa|ABplppaapp|ABplppappa,8,1.0
SPA_004491,164,19,ABarpaapap|ABarpapapp|ABplapaapa,3,1.0
SPA_004492,164,20,ABarppaaa|Earap|ABplapaaaa,3,1.0
SPA_004493,164,21,ABplaapaap|MSppapa|ABarppaapp,3,1.0
SPA_004494,164,22,ABplapappp|ABprpppapp|Caappv|ABalappaap|ABaraaaaaa|ABaraaaapa|ABarpaaaaa,7,1.0
SPA_004495,164,23,ABplpapap|ABplpappaa|ABprppaaaa,3,1.0
SPA_004496,164,24,ABplppapa|MSaappp|MSppappp,3,1.0
SPA_004497,164,25,ABplpappp|ABplpppaa|ABplppppap|ABarpappaa|MSppaaap|MSppapaa|MSppappa,7,1.0
SPA_004498,164,26,ABplpppap|ABplppppp|ABalappppa,3,1.0
SPA_004499,164,27,ABpraaaap|ABpraaapaa|ABplappapp|ABplapppaa,4,1.0
SPA_004500,164,28,ABprappaa|Eprp|ABplpaaaaa|ABplpaapaa,4,1.0
SPA_004501,164,29,ABprappap|ABalppaapa|ABalpppaap,3,1.0
SPA_004502,164,30,ABprapppa|Cpapaa|ABalaaaalp|ABalppaaaa|ABalppaaap,5,1.0
SPA_004503,164,31,ABprpaaaaa|MSppaaa|ABplapppap,3,1.0
SPA_004504,164,32,ABprppppp|ABalapppaa|ABaraaaaap,3,1.0
SPA_004505,164,33,MSaaaapa|ABprpppaaa|Cpppaa,3,1.0
SPA_004506,164,34,ABarapappa|MSaaapaa|Cpppaap,3,1.0
SPA_004507,164,35,ABalppaap|MSpaaaaa|Cppppp,3,1.0
SPA_004508,164,36,ABalpppppp|MSpppaa|Ealaa|Eplaa,4,1.0
SPA_004509,164,37,ABprppaap|MSppppp|ABplpapaaa,3,1.0
SPA_004510,164,38,Caaaaa|ABplaappaa|ABplpaaaap|ABplpaaapp|ABplpaapap,5,1.0
SPA_004511,164,39,Cpappv|ABalaaaarr|ABalaaappl|ABalappaaa,4,1.0
SPA_004512,164,40,ABplapppp|ABalaaappr|ABalappapa,3,1.0
SPA_004513,164,41,ABarppppaa|ABpraapppp|ABprapaapa|ABprppapap,4,1.0
SPA_004514,164,42,ABarpppppa|ABprapppaa|ABprpppaap,3,1.0
SPA_004515,164,43,ABarpaappp|ABplaappap|ABplppaaaa|ABplppaaap,4,1.0
SPA_004516,164,44,ABalaappap|ABprappaap|ABprappapa,3,1.0
SPA_004517,164,45,ABalpapapa|ABaraapapa|ABprappapp,3,1.0
SPA_004518,164,46,ABplaaapa|ABplpppapa|Cappap,3,1.0
SPA_004519,165,0,ABalaappap|ABprappaap|ABprappapa,3,1.0
SPA_004520,165,1,ABalaapppa|ABalppapap|ABprppappp,3,1.0
SPA_004521,165,2,ABalaapppp|ABalpapppa|ABalppappa|ABprppappa,4,1.0
SPA_004522,165,3,ABalapappp|ABalpppapp|ABalppppap,3,1.0
SPA_004523,165,4,ABalapaapp|ABalappap|ABalapppa|ABplpppppp|Eplpp|Capppp,6,1.0
SPA_004524,165,5,ABalppapaa|ABaraapapp|ABarpppppa|ABprapppaa|ABprapppap,5,1.0
SPA_004525,165,6,ABalpapppp|ABalppappp|MSaapaap,3,1.0
SPA_004526,165,7,ABaraappaa|ABarapaapa|ABprappppa|Cppppa,4,1.0
SPA_004527,165,8,ABaraapppa|MSapaap|Cppapa,3,1.0
SPA_004528,165,9,ABaraapppp|MSaaaapp|MSapapa|ABprppaapp|Cppaaa|Cpppaaa,6,1.0
SPA_004529,165,10,ABalapappa|ABalpppaa|ABarapapaa|Eplpa|Eprpp,5,1.0
SPA_004530,165,11,ABarapappa|MSaaapaa|MSpaapaa|Cppaap|Cpppaap,5,1.0
SPA_004531,165,12,ABarappppa|ABplaaapa|ABprpaaaaa|MSppaaa|ABplapapaa|ABplpppapa|Cappap,7,1.0
SPA_004532,165,13,ABarappppp|ABplaapaaa|Capapa|Cappaa|Cappaap,5,1.0
SPA_004533,165,14,ABarpaaaa|ABarpapaaa|ABprpaaaap|ABplapppaa|ABplpppaap,5,1.0
SPA_004534,165,15,ABarpapaap|ABplaapapa|MSppapa|ABarppaapp|ABplpppaaa|Cappaaa,6,1.0
SPA_004535,165,16,ABarpapapa|ABpraaappp|ABprpaapap|MSppapp|ABplapaapp|ABplappaaa|ABplppaapp|ABplppappa,8,1.0
SPA_004536,165,17,ABarpapapp|ABprpaappp|ABplapaapa|ABplppaapa,4,1.0
SPA_004537,165,18,ABarppapa|ABplaaaapp|MSaaappa,3,1.0
SPA_004538,165,19,ABplapappp|ABprpppapp|ABprpppppp|Caappv|Cpappv|ABalaaaarr|ABalappaaa|ABalappaap|ABaraaaapa|ABarpaaaaa,10,1.0
SPA_004539,165,20,ABplpapppp|ABplpppaa|ABplppppap|ABarpappaa|MSppaaap|MSppapaa|MSppappa,7,1.0
SPA_004540,165,21,ABplpppap|ABplppppp|ABalappppa,3,1.0
SPA_004541,165,22,ABpraaaap|ABpraaapaa|ABplappapp,3,1.0
SPA_004542,165,23,ABpraapppa|ABplppaaaa|ABplppaaap,3,1.0
SPA_004543,165,24,ABprappap|ABalppaapa|ABalpppaaa,3,1.0
SPA_004544,165,25,ABprapppa|Cpapaa|ABalaaaalp|ABalppaaaa|ABalppaaap,5,1.0
SPA_004545,165,26,ABprpaaapa|ABprpaapaa|ABarppapap|ABplappaap|ABplppappp,5,1.0
SPA_004546,165,27,ABprpapapp|MSpppap|Ealap,3,1.0
SPA_004547,165,28,ABplppapa|MSaappp|MSpappp|Daap|ABarpappap|MSppaapa|MSppapap|MSppappp,8,1.0
SPA_004548,165,29,ABarapaapp|MSaaaaap|MSpaaaap|Cppapp,4,1.0
SPA_004549,165,30,ABarapappp|MSaaapap|MSpaapap,3,1.0
SPA_004550,165,31,ABarappapa|MSppaap|Capaap,3,1.0
SPA_004551,165,32,ABarappapp|MSpppaa|Ealaa,3,1.0
SPA_004552,165,33,ABprppaap|MSppppp|ABplpapaaa,3,1.0
SPA_004553,165,34,ABplapaaap|ABprpapaap|Earpa,3,1.0
SPA_004554,165,35,Earpp|Eplaa|Dpaa,3,1.0
SPA_004555,165,36,Eplap|ABalpaaapp|ABplaaapaa,3,1.0
SPA_004556,165,37,ABplapapa|Cappa|ABplaaaaap,3,1.0
SPA_004557,165,38,ABprppapp|Eplp|Cpppp,3,1.0
SPA_004558,165,39,ABplaapppp|Dapa|MSaaappp,3,1.0
SPA_004559,165,40,ABplpaappa|MSapapp|ABarpppapa,3,1.0
SPA_004560,165,41,ABarppppaa|ABprapaapa|ABprppapap,3,1.0
SPA_004561,165,42,ABpraapppp|Caaaaa|ABplaappaa|ABplpaaapp,4,1.0
SPA_004562,165,43,ABprappaa|Eprp|ABplpaapaa,3,1.0
SPA_004563,165,44,ABalapaaap|ABarapppap|ABplpppapp|Capppa,4,1.0
SPA_004564,165,45,ABaraaappa|ABarapaaaa|ABprappppp,3,1.0
SPA_004565,166,0,ABalaaappr|ABalapaapa|ABalappaa,3,1.0
SPA_004566,166,1,ABalaapapa|ABalpapaaa|ABaraaaap|ABarpppppp,4,1.0
SPA_004567,166,2,ABalaappaa|ABaraapaap|ABaraapapa|ABprappapp,4,1.0
SPA_004568,166,3,ABalaappap|ABprappaap|ABprappapa,3,1.0
SPA_004569,166,4,ABalaapppa|ABalppapap|ABprppappp,3,1.0
SPA_004570,166,5,ABalapappp|ABalpppapp|ABalppppap|ABarapapap,4,1.0
SPA_004571,166,6,ABalapaapp|ABalapppaa|Eplpp|Capppp,4,1.0
SPA_004572,166,7,ABalappppp|ABarappapa|MSppaap,3,1.0
SPA_004573,166,8,ABalpaaap|ABalpaapap|ABaraaapap,3,1.0
SPA_004574,166,9,ABalaaappl|ABalpaappa|ABalpaappp|ABaraaappa,4,1.0
SPA_004575,166,10,ABalpapppp|ABalppappp|MSaapaap|ABarppppaa|ABprppapap,5,1.0
SPA_004576,166,11,ABalapappa|ABalpppaa|ABarapapaa|Eplpa|Eprpp,5,1.0
SPA_004577,166,12,ABalppapaa|ABaraapapp|ABaraappap|ABprapppap,4,1.0
SPA_004578,166,13,ABaraappaa|ABarapaapa|MSaaaaaa|Cppppa,4,1.0
SPA_004579,166,14,ABaraapppa|MSapaap|Cppapa,3,1.0
SPA_004580,166,15,ABaraapppp|MSaaaapp|MSapapa|ABprppaapp|Cppaaa|Cpppaaa,6,1.0
SPA_004581,166,16,ABarapaaaa|ABprappppp|Cppppp,3,1.0
SPA_004582,166,17,ABalapppap|ABalappppa|ABarappaaa|Capapp,4,1.0
SPA_004583,166,18,ABarapppap|ABplaaapaa|ABplpppapp|Capppa,4,1.0
SPA_004584,166,19,ABarappppa|ABprpaaaaa|MSppaaa|ABplpppapa|Cappap,5,1.0
SPA_004585,166,20,ABarappppp|ABplaapaaa|Capapa|Cappaa|Cappaap,5,1.0
SPA_004586,166,21,ABarpaaaa|ABarpapaaa|ABplpppaap,3,1.0
SPA_004587,166,22,ABarpapaap|MSppapa|ABarppaapp|Cappaaa,4,1.0
SPA_004588,166,23,ABarpapapa|ABpraaappp|ABprpaapap|ABplapaapp|ABplappaaa|ABplppappa,6,1.0
SPA_004589,166,24,ABarpaapap|ABarpapapp|ABprpaappp|ABplapaapa|ABplppaapa|ABplppapap,6,1.0
SPA_004590,166,25,ABplapappp|ABprpppapp|Caappv|ABalappaaa,4,1.0
SPA_004591,166,26,ABplpaaaaa|MSapaaa|MSpaaaaa,3,1.0
SPA_004592,166,27,ABplpappaa|ABprapaaaa|ABprppaaaa,3,1.0
SPA_004593,166,28,ABplpappap|ABplpapppa|ABplppppaa,3,1.0
SPA_004594,166,29,ABplpapppp|ABplpppaa|ABplppppap|ABarpappaa|MSppapaa|MSppappa,6,1.0
SPA_004595,166,30,ABplppapa|MSaappp|ABarpappap|MSppapap|MSppappp,5,1.0
SPA_004596,166,31,ABplapppa|ABplpppppp|ABprpppppa|MSppaaaa,4,1.0
SPA_004597,166,32,ABpraaapap|ABpraapaaa|ABprpaaapa|ABplappapa,4,1.0
SPA_004598,166,33,ABpraapppa|ABplppaaaa|ABplppaaap,3,1.0
SPA_004599,166,34,ABprappap|ABalppaapa|ABalpppaaa|ABalpppaap,4,1.0
SPA_004600,166,35,ABprapppa|Cpapaa|ABalaaaalp|ABalppaaaa|ABalppaaap,5,1.0
SPA_004601,166,36,ABarpaapaa|ABplaapapa|ABprpaapaa|ABarppapap|ABplappaap|ABplppappp,6,1.0
SPA_004602,166,37,ABprpapapp|MSpppap|Ealap,3,1.0
SPA_004603,166,38,ABprppapa|Dppp|MSapapap,3,1.0
SPA_004604,166,39,ABprppppap|ABaraaaapa|ABarpaaaaa,3,1.0
SPA_004605,166,40,ABarapappa|MSaaapaa|MSpaapaa|Cppaap|Cpppaap,5,1.0
SPA_004606,166,41,MSappaa|MSpapaap|MSpapap|ABarpppaaa|MSpppaap,5,1.0
SPA_004607,166,42,MSppapp|ABarppapaa|ABplppaapp,3,1.0
SPA_004608,166,43,Earpp|Eplaa|Dpaa,3,1.0
SPA_004609,166,44,ABprppapp|Eplp|Cpppp|MSapaaap,4,1.0
SPA_004610,166,45,ABplapapa|ABprppppaa|Cppap|ABarpaaaap,4,1.0
SPA_004611,166,46,ABplaapppp|Dapa|MSaaappp,3,1.0
SPA_004612,166,47,ABplapaaaa|Earaa|ABarppaapa,3,1.0
SPA_004613,166,48,ABplpaappa|MSapapp|ABarpppapa,3,1.0
SPA_004614,166,49,ABpraaaaa|ABpraaaapa|ABplapapaa|ABplapapap,4,1.0
SPA_004615,166,50,ABarpaaap|ABpraaaapp|ABpraaapaa|ABplappapp,4,1.0
SPA_004616,166,51,ABprpaaaap|ABplapppaa|ABplapppap,3,1.0
SPA_004617,166,52,ABprappaa|Eprp|ABplpaapaa,3,1.0
SPA_004618,166,53,Dppa|ABplaaaapp|MSaaappa,3,1.0
SPA_004619,167,0,ABalaaaarl|ABalaaapal|ABalaaappl,3,1.0
SPA_004620,167,1,ABalaaappr|ABalapaapa|ABalappaa,3,1.0
SPA_004621,167,2,ABalaappaa|ABaraapapa|ABprappapp,3,1.0
SPA_004622,167,3,ABalaappap|ABprappaap|ABprappapa,3,1.0
SPA_004623,167,4,ABalaapppa|ABalppapap|ABprppappp,3,1.0
SPA_004624,167,5,ABalaapppp|ABalpapppp|ABalppappp|MSaapaap|ABarppppaa|ABprppapap|ABprppappa,7,1.0
SPA_004625,167,6,ABalapappp|ABalpppapp|ABalppppap|ABarapapap,4,1.0
SPA_004626,167,7,ABalapapap|ABalappapp|ABalapppap|ABarappaaa,4,1.0
SPA_004627,167,8,ABalpapapp|ABalpapppa|ABarppppap|ABprappaaa,4,1.0
SPA_004628,167,9,ABaraappaa|ABarapaapa|ABprappppa|Cppppa,4,1.0
SPA_004629,167,10,ABaraapppa|MSaaaapa|MSapaap|Cppapa,4,1.0
SPA_004630,167,11,ABaraapppp|ABplpaaapp|MSaaaapp|MSapapa|Cpppaaa,5,1.0
SPA_004631,167,12,ABaraaappp|ABarapaaaa|ABprappppp|Cppppp,4,1.0
SPA_004632,167,13,ABalapappa|ABarapapaa|Eprpp,3,1.0
SPA_004633,167,14,ABarapappa|ABplpaaapa|MSaaapaa|MSpaapaa|Cppaap|Cpppaap,6,1.0
SPA_004634,167,15,ABarapppap|ABplaaaaa|ABplaaapaa|Capppa,4,1.0
SPA_004635,167,16,ABarappppa|ABprpaaaaa|MSppaaa|Cappap,4,1.0
SPA_004636,167,17,ABarappppp|ABarpaaaa|ABarpapaaa|Capapa|Cappaa|Cappaap,6,1.0
SPA_004637,167,18,ABarpaaap|ABpraaaapp|ABpraaapaa|ABprpaaaap|ABplappapp|ABplapppaa|ABplapppap,7,1.0
SPA_004638,167,19,ABarpaapap|ABarpapapp|ABprpaappp|ABplapaapa|ABplppapap,5,1.0
SPA_004639,167,20,ABarpaapaa|ABarpapaap|ABplaapapa|ABprpaapaa|ABarppapap|ABplappaap|ABplppappp|Cappaaa,8,1.0
SPA_004640,167,21,ABarpapapa|ABpraaappp|ABprpaaapp|ABprpaapap|MSppapp|ABarppapaa|ABplapaapp|ABplappaaa|ABplppaapp|ABplppappa,10,1.0
SPA_004641,167,22,ABplaapapp|ABplapaaaa|ABarppaaap,3,1.0
SPA_004642,167,23,ABplapapap|Cappp|ABaraaaapp,3,1.0
SPA_004643,167,24,ABplapappp|ABprpppapp|ABprppppap|ABprpppppp|Caappv|ABalappaaa|ABalappaap|ABaraaaapa|ABarpaaaaa,9,1.0
SPA_004644,167,25,ABplpaaaaa|MSapaaa|MSpaaaaa,3,1.0
SPA_004645,167,26,ABplpaappa|MSapapp|ABarpppapa,3,1.0
SPA_004646,167,27,ABplpapaa|MSaapaaa|ABarpppaap|ABprppaapa,4,1.0
SPA_004647,167,28,ABplpappap|ABplpapppa|ABplppppaa,3,1.0
SPA_004648,167,29,ABplpapppp|ABplppapp|ABplpppaap|ABplppppap,4,1.0
SPA_004649,167,30,ABplppapa|MSaappp|ABarpappap|MSppapap|MSppappp,5,1.0
SPA_004650,167,31,ABplapppa|ABplpppapp|ABplpppppp|ABprpppppa,4,1.0
SPA_004651,167,32,ABpraaapap|ABpraaappa|ABpraapaaa,3,1.0
SPA_004652,167,33,ABpraapppa|ABplppaaaa|ABplppaaap,3,1.0
SPA_004653,167,34,ABprapapap|ABprappap|ABalppaapa|ABalpppaaa|ABalpppaap,5,1.0
SPA_004654,167,35,ABprpapapp|MSpppap|Ealap,3,1.0
SPA_004655,167,36,ABarppaapp|ABprppapa|Dppp|MSapapap,4,1.0
SPA_004656,167,37,ABprppapp|Eplp|MSapaaap,3,1.0
SPA_004657,167,38,ABplpaaaap|MSaaaaap|MSpaaaap,3,1.0
SPA_004658,167,39,ABplpapapa|MSaapapa|ABprppapaa,3,1.0
SPA_004659,167,40,MSappaa|MSpapaap|MSpapap|MSpppaap,4,1.0
SPA_004660,167,41,ABarapappp|MSaaapap|MSpaapap,3,1.0
SPA_004661,167,42,ABalappppp|ABarappapa|MSppaap,3,1.0
SPA_004662,167,43,ABplaapppp|Dapa|MSaaappp,3,1.0
SPA_004663,167,44,Earpp|Eplaa|Dpaa,3,1.0
SPA_004664,167,45,ABarpappaa|MSppaaap|MSppapaa|MSppappa,4,1.0
SPA_004665,167,46,ABplaapaap|ABprpapaaa|Capaaa,3,1.0
SPA_004666,167,47,ABarpppapp|ABprppaapp|Cppaaa,3,1.0
SPA_004667,168,0,ABalaaaarl|ABalaaaarr|ABalaaapal,3,1.0
SPA_004668,168,1,ABalaaappr|ABalapaapa|ABalappaa|ABalppaap,4,1.0
SPA_004669,168,2,ABalaappaa|ABaraapapa|ABprappapp,3,1.0
SPA_004670,168,3,ABalaappap|ABprappaap|ABprappapa,3,1.0
SPA_004671,168,4,ABalaapppa|ABalppapap|ABprppappp,3,1.0
SPA_004672,168,5,ABalaapppp|ABalpapppp|ABalppappp|MSaapaap|ABarppppaa|ABprppappa,6,1.0
SPA_004673,168,6,ABalapappa|ABarapapaa|Eprpa,3,1.0
SPA_004674,168,7,ABalapappp|ABalpppapp|ABalppppap|ABarapapap|MSpaaapa,5,1.0
SPA_004675,168,8,ABalappapp|Eplpp|Capppp,3,1.0
SPA_004676,168,9,ABalappppp|ABarappapa|MSppaap,3,1.0
SPA_004677,168,10,ABalpaaap|ABalpaapap|ABalpapaaa|ABarpppppp,4,1.0
SPA_004678,168,11,ABalpaappa|ABalpaappp|ABaraaappa,3,1.0
SPA_004679,168,12,ABalpappap|ABalpapppa|ABprapaapp|ABprappaaa,4,1.0
SPA_004680,168,13,ABalppapaa|ABaraapapp|ABarpppppa|ABprapppaa,4,1.0
SPA_004681,168,14,ABaraappaa|ABarapaapa|ABprapppap,3,1.0
SPA_004682,168,15,ABaraapppa|MSaaaapa|MSapaap|Cppapa,4,1.0
SPA_004683,168,16,ABaraapppp|MSaaaapp|ABprppaapp|Cppaaa,4,1.0
SPA_004684,168,17,ABarapaapp|Cppapp|Cpppapp,3,1.0
SPA_004685,168,18,ABarapappa|ABplpaaapa|MSaaapaa|MSpaapaa|Cppaap|Cpppaap,6,1.0
SPA_004686,168,19,ABarappppa|ABprpaaaaa|MSppaaa|Cappap,4,1.0
SPA_004687,168,20,ABarappppp|ABarpaaaa|ABarpapaaa|Capapa|Cappaa,5,1.0
SPA_004688,168,21,ABarpaaap|ABpraaaapp|ABpraaapaa|ABprpaaaap|ABplappapp|ABplapppaa,6,1.0
SPA_004689,168,22,ABarpaapaa|ABpraaapap|ABpraaappa|ABpraapaaa|ABprpaaapa|ABprpaapaa|ABplappaap|ABplappapa|ABplppappp,9,1.0
SPA_004690,168,23,ABarpapaap|MSppapa|ABarppapap|Cappaaa,4,1.0
SPA_004691,168,24,ABarpapapa|ABpraaappp|ABprpaapap|ABplapaapp|ABplappaaa,5,1.0
SPA_004692,168,25,ABarpaapap|ABarpapapp|ABprpaappp|MSppppa|ABplapaapa|ABplppaapa|ABplppapap,7,1.0
SPA_004693,168,26,ABarpappa|ABpraapapp|ABpraappaa|ABprpaappa,4,1.0
SPA_004694,168,27,ABarapppap|ABplaaaaa|ABplaaapaa,3,1.0
SPA_004695,168,28,ABplapapap|Cappp|ABarpaaaaa,3,1.0
SPA_004696,168,29,ABplapappp|ABprppppap|ABprpppppp|Caappv|Cpappv|ABalappaaa|ABalappaap,7,1.0
SPA_004697,168,30,ABplpaaaaa|MSpaaaaa|Cppppap,3,1.0
SPA_004698,168,31,ABplpaaaap|MSaaaaap|MSpaaaap|Cppppaa,4,1.0
SPA_004699,168,32,ABplpapapa|ABplpappaa|ABprppaaap,3,1.0
SPA_004700,168,33,ABplppapa|MSaappp|ABarpappap|MSppapap|MSppappp,5,1.0
SPA_004701,168,34,ABplpapppp|ABplppapp|ABplpppaap|ABplppppap,4,1.0
SPA_004702,168,35,ABprapapap|ABprappap|ABalppaapa|ABalpppaaa|ABalpppaap,5,1.0
SPA_004703,168,36,ABprpapapp|MSpppap|Ealap,3,1.0
SPA_004704,168,37,ABplapappa|ABprpppapa|ABprpppapp|Cpppap,4,1.0
SPA_004705,168,38,ABarapappp|MSaaapap|MSpaapap,3,1.0
SPA_004706,168,39,MSappaa|MSpapaap|MSpapapa|MSpppaap,4,1.0
SPA_004707,168,40,ABprppapp|Eplp|Cppppp|MSapaaap,4,1.0
SPA_004708,168,41,ABplaapppp|Dapa|MSaaappp,3,1.0
SPA_004709,168,42,ABarpappaa|MSppapaa|MSppappa,3,1.0
SPA_004710,168,43,ABprppapap|Dppp|MSapapap,3,1.0
SPA_004711,168,44,ABplapppa|ABprpapppp|MSppaaaa,3,1.0
SPA_004712,169,0,ABalaaaarl|ABalaaaarr|ABalaaapal,3,1.0
SPA_004713,169,1,ABalaaappr|ABalapaapa|ABalappaa,3,1.0
SPA_004714,169,2,ABalaappaa|ABaraapaap|ABaraapapa|ABprappapp,4,1.0
SPA_004715,169,3,ABalaappap|ABalpappaa|ABprappaap|ABprappapa,4,1.0
SPA_004716,169,4,ABalaapppp|ABalppappa|MSaapaap|ABprppappa,4,1.0
SPA_004717,169,5,ABalapaapp|ABalapppaa|ABarapaaap,3,1.0
SPA_004718,169,6,ABalapapaa|ABalapapap|ABalapppap|ABalappppa|ABalppppaa|Capapp,6,1.0
SPA_004719,169,7,ABalapappa|ABalpppapa|ABarapapaa|Eprpp,4,1.0
SPA_004720,169,8,ABalapappp|ABalpppapp|ABalppppap|ABarapapap|MSpaaapa,5,1.0
SPA_004721,169,9,ABalappapp|Eplpp|Capppp,3,1.0
SPA_004722,169,10,ABalappppp|ABarappapa|MSppaap,3,1.0
SPA_004723,169,11,ABalpaaapp|ABalpaapap|ABalpapaaa|ABarpppppp,4,1.0
SPA_004724,169,12,ABalpaappa|ABalpaappp|ABaraaappa,3,1.0
SPA_004725,169,13,ABalpapapp|ABalpapppa|ABarppppap|ABprappaaa,4,1.0
SPA_004726,169,14,ABalpapppp|ABalppappp|ABarppppaa,3,1.0
SPA_004727,169,15,ABaraapapp|ABarpppppa|ABprapppaa,3,1.0
SPA_004728,169,16,ABaraapppa|MSaaaapa|Cppapa,3,1.0
SPA_004729,169,17,ABaraapppp|MSaaaapp|ABprppaapp|Cppaaa,4,1.0
SPA_004730,169,18,ABarapaapp|Cppapp|Cpppapp,3,1.0
SPA_004731,169,19,ABarapappa|MSaaapaa|MSpaapaa|Cppaap|Cpppaap,5,1.0
SPA_004732,169,20,ABarappppa|ABprpaaaaa|Cappap|Cappapa|Cappapp,5,1.0
SPA_004733,169,21,ABarappppp|ABarpaaaaa|ABarpaaaap|ABarpapaaa|ABprpaaaap|MSppaaap|ABarppappa|ABplapppaa|Capapa|Cappaa,10,1.0
SPA_004734,169,22,ABarpaapaa|ABpraaapap|ABpraaappa|ABprpaaapa|ABprpaapaa|ABplappapa|ABplppappp,7,1.0
SPA_004735,169,23,ABarpapapa|ABpraaappp|ABprpaaapp|ABprpaapap|ABplapaapp|ABplappaaa,6,1.0
SPA_004736,169,24,ABarpaapap|ABarpapapp|ABprpaappp|MSppppa|ABplapaapa|ABplppaapa|ABplppapap,7,1.0
SPA_004737,169,25,ABplaapapa|MSppapp|ABarppapaa,3,1.0
SPA_004738,169,26,ABplaapapp|ABplapaaaa|ABprpapaap,3,1.0
SPA_004739,169,27,ABplapappp|ABprpppapp|ABprppppap|ABprpppppp|Caappv|Cpappv|ABalappaaa|ABalappaap,8,1.0
SPA_004740,169,28,ABplpaaaaa|MSapaaa|MSpaaaaa|Cppppap|Cpppppd|Cpppppv,6,1.0
SPA_004741,169,29,ABplpaaaap|MSaaaaap|MSpaaaap|Cppppaa,4,1.0
SPA_004742,169,30,ABplpaaapp|MSapapa|Cpppaaa,3,1.0
SPA_004743,169,31,ABplpapapa|MSaapapa|ABprapaaap,3,1.0
SPA_004744,169,32,ABplpapppp|ABplppapp|ABplpppaap|ABplppppap|MSppapaa|MSppappa,6,1.0
SPA_004745,169,33,ABarpappaa|ABpraapapp|ABpraappaa,3,1.0
SPA_004746,169,34,ABarpaappa|ABpraapppa|ABplppaaap|ABplppapaa,4,1.0
SPA_004747,169,35,ABprapapap|ABprappap|ABalpppaaa|ABalpppaap,4,1.0
SPA_004748,169,36,ABprpapapp|MSpppap|Ealap,3,1.0
SPA_004749,169,37,ABprppaap|Earpp|Dpaa,3,1.0
SPA_004750,169,38,ABarapappp|ABplpaapap|MSaaapap,3,1.0
SPA_004751,169,39,MSaaapp|MSapapp|MSpapaaa,3,1.0
SPA_004752,169,40,MSaappp|MSppapap|MSppappp,3,1.0
SPA_004753,169,41,MSappaa|MSpapaap|MSpppaap,3,1.0
SPA_004754,169,42,MSappap|MSpapapp|MSpppaaa,3,1.0
SPA_004755,169,43,ABarapppap|ABplaaaaa|ABplaaapaa|MSppaaaa|Capppa,5,1.0
SPA_004756,169,44,ABprppapp|Eplp|Cppppp|MSapaaap,4,1.0
SPA_004757,169,45,ABplaapppp|Dapa|MSaaappp,3,1.0
SPA_004758,169,46,ABarpapaap|ABarppapap|ABplappaap,3,1.0
SPA_004759,169,47,Eplap|MSapapaa|MSapappa,3,1.0
SPA_004760,170,0,ABalaaappr|ABalapaapa|ABalappaa,3,1.0
SPA_004761,170,1,ABalaappaa|ABalppapaa|ABaraaaapp|ABaraapaap|ABaraapapa|ABarpppppa|ABprappapp|ABprapppaa,8,1.0
SPA_004762,170,2,ABalaappap|ABprappaap|ABprappapa,3,1.0
SPA_004763,170,3,ABalaapppa|ABalppapap|ABprppappp,3,1.0
SPA_004764,170,4,ABalapaapp|ABalapppaa|ABarapaaap,3,1.0
SPA_004765,170,5,ABalapapaa|ABalapapap|ABalapppap|ABalappppa|ABalppppaa,5,1.0
SPA_004766,170,6,ABalapappa|ABarapapaa|Eprpa|Eprpp,4,1.0
SPA_004767,170,7,ABalapappp|ABalppppap|ABarapapap|MSpaaapa,4,1.0
SPA_004768,170,8,ABalapaaap|ABalappapa|ABarapppaa,3,1.0
SPA_004769,170,9,ABalappapp|ABarappaaa|ABplaaaapa|Eplpa|Eplpp|Capppp,6,1.0
SPA_004770,170,10,ABalappppp|ABarappapa|MSppaap|Capaap,4,1.0
SPA_004771,170,11,ABalpaaapp|ABalpaapap|ABalpapaaa|ABaraaapap|ABarpppppp,5,1.0
SPA_004772,170,12,ABalpaappa|ABalpaappp|ABaraaappa,3,1.0
SPA_004773,170,13,ABalpapapp|ABalpapppa|ABarppppap|ABprappaaa,4,1.0
SPA_004774,170,14,ABalpapppp|ABalppappp|MSaapaap|ABarppppaa,4,1.0
SPA_004775,170,15,ABaraappaa|ABarapaapa|ABprapppap,3,1.0
SPA_004776,170,16,ABaraapppa|MSaaaapa|MSapaap|Cppapa,4,1.0
SPA_004777,170,17,ABaraapppp|MSaaaapp|ABprppaapp|Cppaaa,4,1.0
SPA_004778,170,18,ABarapappa|MSaaapaa|MSpaapaa|Cppaap,4,1.0
SPA_004779,170,19,ABarappppa|ABprpaaaaa|ABplapppap|Cappap,4,1.0
SPA_004780,170,20,ABarappppp|ABarpapaaa|MSppaaap|Capapa|Cappaa,5,1.0
SPA_004781,170,21,ABarpaaaaa|ABarpaaapa|ABpraaaapa|ABpraaapaa|ABprpaaaap|ABarppappa|ABplapppaa,7,1.0
SPA_004782,170,22,ABarpaaapp|ABpraaaapp|ABplappapp,3,1.0
SPA_004783,170,23,ABarpaapaa|ABarpapaap|ABpraaapap|ABpraaappa|ABprpaaapa|ABprpaapaa|ABarppapap|ABplappaap|ABplappapa|ABplppappp,10,1.0
SPA_004784,170,24,ABarpapapa|ABpraaappp|ABplappaaa,3,1.0
SPA_004785,170,25,ABarpapapp|ABprpaappp|MSppppa|ABplppaapa|ABplppapap,5,1.0
SPA_004786,170,26,ABarpappaa|ABpraapapp|ABpraappaa,3,1.0
SPA_004787,170,27,ABarpppapp|ABarppppa|ABprapaap,3,1.0
SPA_004788,170,28,ABplaapapa|MSppapp|ABarppapaa|Capaaa,4,1.0
SPA_004789,170,29,ABplaapapp|ABplapaaaa|ABprpapaap,3,1.0
SPA_004790,170,30,ABplapappp|Caappv|Cpappv|ABalappaaa|ABalappaap,5,1.0
SPA_004791,170,31,ABplpaaaaa|MSapaaa|MSpaaaaa,3,1.0
SPA_004792,170,32,ABplpapapa|ABplpappaa|MSaapapa|ABprapaaap|ABprppaaap,5,1.0
SPA_004793,170,33,ABplpapppp|ABplppapp|ABplppppap,3,1.0
SPA_004794,170,34,ABplapppp|ABplpppapp|ABplpppppp,3,1.0
SPA_004795,170,35,ABprpapapp|MSpppap|Ealap,3,1.0
SPA_004796,170,36,ABplpaaaap|MSaaaaap|MSpaaaap,3,1.0
SPA_004797,170,37,ABarapappp|ABplpaapap|MSaaapap,3,1.0
SPA_004798,170,38,MSaaapp|MSpapaaa|MSpapppa,3,1.0
SPA_004799,170,39,MSappaa|MSpapaap|MSpppaap,3,1.0
SPA_004800,170,40,MSappap|MSpapapp|MSpppaaa,3,1.0
SPA_004801,170,41,MSaappp|MSpappa|MSppaapp|MSppapap|MSppappp,5,1.0
SPA_004802,170,42,ABarapppap|ABplaaapaa|MSppaaaa,3,1.0
SPA_004803,170,43,ABprppapp|Eplp|MSapaaap,3,1.0
SPA_004804,170,44,ABarppaapp|ABprppapap|MSapapap,3,1.0
SPA_004805,170,45,ABarapaapp|MSaaaaaa|Cppapp,3,1.0
SPA_004806,171,0,ABalaaaarl|ABalaaaarr|ABalaaapal|ABalpaaaaa,4,1.0
SPA_004807,171,1,ABalaapapa|ABalpapaap|ABaraappaa,3,1.0
SPA_004808,171,2,ABalapaapp|ABalappaap|ABalapppaa|ABarapaaap,4,1.0
SPA_004809,171,3,ABalapapaa|ABalapapap|ABalapppap|ABalappppa,4,1.0
SPA_004810,171,4,ABalappppp|ABarappapa|MSppaap,3,1.0
SPA_004811,171,5,ABalpapppp|ABalppappp|MSaapaap,3,1.0
SPA_004812,171,6,ABalapappp|ABalppppap|ABarapapap|MSpaaapa,4,1.0
SPA_004813,171,7,ABalaapapp|ABalaappaa|ABaraaaapp|ABaraapaap|ABaraapapa,5,1.0
SPA_004814,171,8,ABaraapppa|MSaaaapa|MSapaap,3,1.0
SPA_004815,171,9,ABarapappp|MSaaapap|MSpaapap,3,1.0
SPA_004816,171,10,ABarpaaapa|ABpraaaapa|ABpraaapaa,3,1.0
SPA_004817,171,11,ABarpaaapp|ABpraaaapp|ABpraaapap|ABpraapaaa,4,1.0
SPA_004818,171,12,ABarpapapp|ABprpaappp|MSppppa,3,1.0
SPA_004819,171,13,ABarpappaa|ABpraapapp|ABpraappaa,3,1.0
SPA_004820,171,14,ABplaapapp|ABplapaaaa|ABprpapaap,3,1.0
SPA_004821,171,15,ABplpapppp|ABplppapp|ABplppppap,3,1.0
SPA_004822,171,16,ABarpapapa|ABpraaappp|ABprpaappa,3,1.0
SPA_004823,171,17,ABprpapapp|MSpppap|Ealap,3,1.0
SPA_004824,171,18,ABarapappa|ABplpaapaa|MSaaapaa|MSpaapaa,4,1.0
SPA_004825,171,19,ABplpaappa|MSappaa|MSpapaap,3,1.0
SPA_004826,171,20,ABarapppap|ABplaaapaa|MSppaaaa,3,1.0
SPA_004827,171,21,ABalpppppp|ABprpappaa|Ealaa,3,1.0
SPA_004828,171,22,ABplapaapa|Earpp|Eplaa,3,1.0
SPA_004829,171,23,ABprpppapp|Caappv|Cpappv,3,1.0
SPA_004830,172,0,ABalaaaarl|ABalaaaarr|ABalaaapal|ABalaaappl|ABalpaaaaa,5,1.0
SPA_004831,172,1,ABalaapapp|ABaraaaapp|ABaraapaap,3,1.0
SPA_004832,172,2,ABalapaapp|ABalappaap|ABalapppaa|ABarapaaap,4,1.0
SPA_004833,172,3,ABalapapaa|ABalapapap|ABalapppap|ABalappppa,4,1.0
SPA_004834,172,4,ABalapappa|ABalpppaap|ABalpppapa|ABarapapaa,4,1.0
SPA_004835,172,5,ABalappppp|ABarappapa|MSppaap,3,1.0
SPA_004836,172,6,ABalpapppp|ABalppappp|MSaapaap,3,1.0
SPA_004837,172,7,ABalapappp|ABalppppap|ABarapapap|MSpaaapa,4,1.0
SPA_004838,172,8,ABarapappa|ABplpaapaa|MSaaapaa|MSpaapaa,4,1.0
SPA_004839,172,9,ABarpapapp|ABprpaappp|MSppppa,3,1.0
SPA_004840,172,10,ABarpappaa|ABpraapapp|ABpraappaa,3,1.0
SPA_004841,172,11,ABplpapppp|ABplppapp|ABplppppap,3,1.0
SPA_004842,172,12,ABplpapppa|ABplpppaaa|ABplppppaa,3,1.0
SPA_004843,172,13,ABarpaaapp|ABpraaapap|ABpraapaaa,3,1.0
SPA_004844,172,14,ABarppppp|ABprapapaa|Cpaapa,3,1.0
SPA_004845,172,15,ABpraaappa|ABprpaaapa|ABprpaapaa,3,1.0
SPA_004846,172,16,ABplapappp|ABprpppapp|ABprpppppp|Caappv|Cpappv,5,1.0
SPA_004847,172,17,ABaraapppa|ABplpaaapa|MSaaaapa|MSapaap,4,1.0
SPA_004848,172,18,ABplpaappa|MSappaa|MSpapaap,3,1.0
SPA_004849,172,19,ABarapppap|ABplaaaaap|MSppaaaa,3,1.0
SPA_004850,172,20,ABplaapapa|MSppapap|MSppapp,3,1.0
SPA_004851,172,21,ABprpapapp|MSpppap|Ealap,3,1.0
SPA_004852,172,22,ABalpppppp|ABprpappaa|Ealaa,3,1.0
SPA_004853,173,0,ABalaapapp|ABaraaaapp|ABaraapaap,3,1.0
SPA_004854,173,1,ABalapaapp|ABalappaap|ABalapppaa|ABplaaaapa,4,1.0
SPA_004855,173,2,ABalapappa|ABalpppaap|ABalpppapa|ABarapapaa,4,1.0
SPA_004856,173,3,ABalapappp|ABalpppapp|ABalppppap|ABarapapap|MSpaaapa,5,1.0
SPA_004857,173,4,ABalapapaa|ABalapppap|ABalappppa,3,1.0
SPA_004858,173,5,ABalpapppp|ABalppappp|MSaapaap,3,1.0
SPA_004859,173,6,ABarapppap|ABplaaaaap|ABplaaapaa|MSppaaaa,4,1.0
SPA_004860,173,7,ABarpaaaaa|ABarpaaapa|ABprpaaaap,3,1.0
SPA_004861,173,8,ABarpapapp|ABprpaappp|MSppppa,3,1.0
SPA_004862,173,9,ABplapppap|ABplpppapp|ABplpppppp,3,1.0
SPA_004863,173,10,ABplpapppa|ABplpppaaa|ABplppppaa,3,1.0
SPA_004864,173,11,ABplpapppp|ABplppapp|ABplppppap,3,1.0
SPA_004865,173,12,ABarpappaa|ABpraapapp|ABpraappaa,3,1.0
SPA_004866,173,13,ABprapappa|Cpaapp|Cpapaa,3,1.0
SPA_004867,173,14,ABprppppaa|Cappa|Cppap,3,1.0
SPA_004868,173,15,ABaraapapp|MSaaaaaa|MSapaaap,3,1.0
SPA_004869,173,16,ABaraapppp|MSaaaapp|MSapapa,3,1.0
SPA_004870,173,17,ABarapappa|ABplpaapaa|MSaaapaa|MSpaapaa,4,1.0
SPA_004871,173,18,ABalappppp|ABarappapa|MSppaap,3,1.0
SPA_004872,173,19,ABprpppapp|Caappv|Cpappv,3,1.0
SPA_004873,173,20,ABarpppppp|ABprapapaa|Cpaapa,3,1.0
SPA_004874,174,0,ABalaaaarr|ABalaaapal|ABalpaaaaa,3,1.0
SPA_004875,174,1,ABalaapaaa|ABalaapapa|ABaraaaapa,3,1.0
SPA_004876,174,2,ABalapaapp|ABalappaap|ABalapppaa|ABplaaaapa,4,1.0
SPA_004877,174,3,ABalapapaa|ABalapppap|ABalappppa,3,1.0
SPA_004878,174,4,ABalappaaa|ABalppaap|ABarapaaaa,3,1.0
SPA_004879,174,5,ABalpaaapa|ABalpaapaa|ABalpaapap,3,1.0
SPA_004880,174,6,ABalpapppp|ABalppappp|MSaapaap,3,1.0
SPA_004881,174,7,ABalpppapp|ABalppppap|ABarapapap|MSpaaapa,4,1.0
SPA_004882,174,8,ABalaapapp|ABaraaaapp|ABaraapaap,3,1.0
SPA_004883,174,9,ABaraapapp|ABaraappap|MSaaaaaa|MSapaaap,4,1.0
SPA_004884,174,10,ABalapaaaa|ABalapaaap|ABarapppaa,3,1.0
SPA_004885,174,11,ABarapppap|ABplaaaaap|ABplaaapaa|MSppaaaa,4,1.0
SPA_004886,174,12,ABarpaaaaa|ABarpaaapa|ABprpaaaap,3,1.0
SPA_004887,174,13,ABarpaapaa|ABarpapapa|ABpraaappp|ABprpaappa,4,1.0
SPA_004888,174,14,ABarpapapp|ABprpaappp|MSppppa,3,1.0
SPA_004889,174,15,ABarpappaa|ABpraapapp|ABpraappaa,3,1.0
SPA_004890,174,16,ABalappppp|ABarappapa|ABplaapaap|MSppaap,4,1.0
SPA_004891,174,17,ABplapappp|ABplappppp|Caappv|Cpappv,4,1.0
SPA_004892,174,18,ABplapppap|ABplpppapp|ABplpppppp,3,1.0
SPA_004893,174,19,ABplpapppa|ABplpppaaa|ABplppppaa,3,1.0
SPA_004894,174,20,ABpraaappa|ABprpaaapa|ABprpaapaa,3,1.0
SPA_004895,174,21,ABplpaaapa|MSaaaapa|MSapaap,3,1.0
SPA_004896,174,22,ABplpaappa|MSappaa|MSpapaap|MSpapapa,4,1.0
SPA_004897,174,23,ABarapappa|MSaaapaa|MSpaapaa,3,1.0
SPA_004898,175,0,ABalaaaarr|ABalaaapal|ABalpaaaaa,3,1.0
SPA_004899,175,1,ABalaapaaa|ABalaapapa|ABalpaaapp|ABalpapaaa,4,1.0
SPA_004900,175,2,ABalaapapp|ABaraaaapp|ABaraapaaa|ABaraapaap,4,1.0
SPA_004901,175,3,ABalapaapp|ABalappaap|ABalapppaa|ABplaaaapa,4,1.0
SPA_004902,175,4,ABalapapaa|ABalapppap|ABalappppa|ABplaaapap|ABplaaappa,5,1.0
SPA_004903,175,5,ABalpapppp|ABalppappp|MSaapaap,3,1.0
SPA_004904,175,6,ABaraappaa|ABarapaapa|MSapaaaa,3,1.0
SPA_004905,175,7,ABalapaaaa|ABalapaaap|ABarapppaa,3,1.0
SPA_004906,175,8,ABarapppap|ABplaaapaa|MSppaaaa,3,1.0
SPA_004907,175,9,ABarpaaaaa|ABarpaaapa|ABprpaaaap,3,1.0
SPA_004908,175,10,ABarpaaapp|ABpraaapap|ABpraapaaa,3,1.0
SPA_004909,175,11,ABarpaapaa|ABarpapapa|ABarpappaa|ABpraaappp|ABpraapapp|ABpraappaa|ABprpaappa,7,1.0
SPA_004910,175,12,ABarpapapp|ABprpaappp|MSppppa,3,1.0
SPA_004911,175,13,ABalappppp|ABarappapa|ABplaapaap|MSppaap,4,1.0
SPA_004912,175,14,ABplpapppa|ABplpppaaa|ABplppppaa,3,1.0
SPA_004913,175,15,ABpraaappa|ABprpaaapa|ABprpaapaa,3,1.0
SPA_004914,175,16,ABplpaaaaa|MSaaaaaa|MSapaaap,3,1.0
SPA_004915,175,17,ABplpaaapa|MSaaaapa|MSapaap,3,1.0
SPA_004916,175,18,ABalpppapp|ABalppppap|ABarapapap|MSpaaapa,4,1.0
SPA_004917,175,19,ABarapappa|MSaaapaa|MSpaapaa,3,1.0
SPA_004918,175,20,ABarappppa|ABprpaaaaa|MSppaaap,3,1.0
SPA_004919,175,21,ABplapappp|Caappv|Cpappv,3,1.0
SPA_004920,176,0,ABalaaaarr|ABalaaapal|ABalpaaaaa,3,1.0
SPA_004921,176,1,ABalaaappr|ABalapaapa|ABalppaaap,3,1.0
SPA_004922,176,2,ABalaapaaa|ABalaapaap|ABalaapapa|ABalpaaapp|ABalpapaaa|ABaraaaapa,6,1.0
SPA_004923,176,3,ABalaapapp|ABalpapaap|ABaraaaapp|ABaraapaaa|ABaraapaap,5,1.0
SPA_004924,176,4,ABalapappp|ABalpppapp|ABalppppap|ABarapapap|MSpaaapa,5,1.0
SPA_004925,176,5,ABalapaapp|ABalappaap|ABalapppaa|ABplaaaapa,4,1.0
SPA_004926,176,6,ABalapapaa|ABalapapap|ABalapppap|ABalappppa|ABplaaapap,5,1.0
SPA_004927,176,7,ABalpapppp|ABalppappp|MSaapaap,3,1.0
SPA_004928,176,8,ABaraapapp|ABaraappap|ABplpaaaaa|MSaaaaaa|MSapaaap,5,1.0
SPA_004929,176,9,ABarappapp|MSpppaa|Earaa,3,1.0
SPA_004930,176,10,ABalapaaaa|ABalapaaap|ABarapppaa,3,1.0
SPA_004931,176,11,ABarapppap|ABplaaaaap|ABplaaapaa|MSppaaaa,4,1.0
SPA_004932,176,12,ABarpaaapp|ABpraaapap|ABpraapaaa,3,1.0
SPA_004933,176,13,ABarpaapaa|ABarpapapa|ABarpappaa|ABpraaappp|ABpraapapp|ABpraappaa|ABprpaappa,7,1.0
SPA_004934,176,14,ABalappppp|ABarappapa|ABplaapaap|MSppaap,4,1.0
SPA_004935,176,15,ABplapapaa|Cappap|Capppa,3,1.0
SPA_004936,176,16,ABplpaaapa|MSaaaapa|MSapaap,3,1.0
SPA_004937,176,17,ABplpapppa|ABplpppaaa|ABplppppaa,3,1.0
SPA_004938,176,18,ABpraaappa|ABprpaaapa|ABprpaapaa,3,1.0
SPA_004939,176,19,ABprpapapa|MSpppap|Earpa,3,1.0
SPA_004940,176,20,ABarappppa|ABprpaaaaa|MSppaaap,3,1.0
SPA_004941,176,21,ABplapappp|Caappv|Cpappv,3,1.0
SPA_004942,176,22,ABprapppaa|Eprpp|Cppppp,3,1.0
SPA_004943,177,0,ABalaaaarr|ABalaaapal|ABalpaaaaa,3,1.0
SPA_004944,177,1,ABalaaappr|ABalapaapa|ABalppaaap|ABarapaaaa|ABarapaaap,5,1.0
SPA_004945,177,2,ABalaapaaa|ABalaapaap|ABalaapapa|ABalpaaapp|ABalpapaaa|ABaraaaapa,6,1.0
SPA_004946,177,3,ABalapaapp|ABalappaap|ABplaaaapa,3,1.0
SPA_004947,177,4,ABalapapaa|ABalapapap|ABalapppap|ABalappppa|ABplaaapap,5,1.0
SPA_004948,177,5,ABalpapaap|ABalppapaa|ABaraaaapp|ABaraapaap,4,1.0
SPA_004949,177,6,ABalpapppp|ABalppappp|MSaapaap,3,1.0
SPA_004950,177,7,ABalapappp|ABalpppapp|ABalppppap|ABarapapap|MSpaaapa,5,1.0
SPA_004951,177,8,ABaraapapp|ABaraappap|ABplpaaaaa|MSaaaaaa|MSapaaap,5,1.0
SPA_004952,177,9,ABalapaaap|ABarapppaa|ABplaaaaaa,3,1.0
SPA_004953,177,10,ABarapppap|ABplaaaaap|ABplaaapaa|MSppaaaa,4,1.0
SPA_004954,177,11,ABarpaaapp|ABpraaapap|ABpraapaaa,3,1.0
SPA_004955,177,12,ABarpappaa|ABpraaappp|ABpraapapp|ABpraappaa|ABprpaappa,5,1.0
SPA_004956,177,13,ABplapapaa|Cappap|Capppa,3,1.0
SPA_004957,177,14,ABplpapppa|ABplpppaaa|ABplppppaa,3,1.0
SPA_004958,177,15,ABplappapp|ABplapppap|ABplpppapp,3,1.0
SPA_004959,177,16,ABarpapppp|ABarpppaaa|ABprapaaaa,3,1.0
SPA_004960,177,17,ABpraaappa|ABprpaaapa|ABprpaapaa,3,1.0
SPA_004961,177,18,ABplpaaapa|MSaaaapa|MSapaap,3,1.0
SPA_004962,177,19,ABarappapa|ABplaapaap|MSppaap,3,1.0
SPA_004963,177,20,ABarappppp|ABarpapaaa|MSppapaa,3,1.0
SPA_004964,177,21,ABprppaaap|Epraa|Dpaa,3,1.0
SPA_004965,177,22,ABplapappp|Caappv|Cpappv,3,1.0
SPA_004966,178,0,ABalaaaarl|ABalaaaarr|ABalaaapal|ABalpaaaaa,4,1.0
SPA_004967,178,1,ABalaaappr|ABalppaaap|ABarapaaaa,3,1.0
SPA_004968,178,2,ABalapaaaa|ABalapaaap|ABarapppaa|ABplaaaaaa,4,1.0
SPA_004969,178,3,ABalapaapp|ABalappaap|ABplaaaapa,3,1.0
SPA_004970,178,4,ABalapapaa|ABalapapap|ABalapppap|ABalappppa|ABplaaapap,5,1.0
SPA_004971,178,5,ABalaapapp|ABalpapaap|ABalppapaa|ABaraaaapp|ABaraapaap,5,1.0
SPA_004972,178,6,ABalpapapp|ABalpapppa|ABalppappa,3,1.0
SPA_004973,178,7,ABalpapppp|ABalppappp|MSaapaap,3,1.0
SPA_004974,178,8,ABalpppaap|ABalpppapa|MSaaaaap|MSpaaaap,4,1.0
SPA_004975,178,9,ABalapappp|ABalpppapp|ABalppppap|ABarapapap|MSpaaapa,5,1.0
SPA_004976,178,10,ABaraapapp|ABaraappap|MSaaaaaa|MSapaaap,4,1.0
SPA_004977,178,11,ABarappapp|MSpppaa|Earaa,3,1.0
SPA_004978,178,12,ABarapppap|ABplaaaaap|ABplaaapaa|MSppaaaa,4,1.0
SPA_004979,178,13,ABarpaaaaa|ABarpaaapa|ABpraaapaa,3,1.0
SPA_004980,178,14,ABarpaaapp|ABpraaapap|ABpraapaaa,3,1.0
SPA_004981,178,15,ABarpaapaa|ABarpapapa|ABpraaappp|ABprpaappa,4,1.0
SPA_004982,178,16,ABalappppp|ABarappapa|ABplaapaap|MSppaap,4,1.0
SPA_004983,178,17,ABplaapapa|ABplaapapp|MSppapp,3,1.0
SPA_004984,178,18,ABplaapppp|Daap|Dapa,3,1.0
SPA_004985,178,19,ABplapapaa|Cappap|Capppa,3,1.0
SPA_004986,178,20,ABplpapppa|ABplpppaaa|ABplppppaa,3,1.0
SPA_004987,178,21,ABplpappap|ABplppaap|MSaappa,3,1.0
SPA_004988,178,22,ABplappapp|ABplapppap|ABplpppapp|ABplpppppp,4,1.0
SPA_004989,178,23,ABarpapppp|ABarpppaaa|ABprapaaaa,3,1.0
SPA_004990,178,24,ABprppappa|Eplpa|Cppapa,3,1.0
SPA_004991,178,25,ABplapappa|ABprpppapa|ABprpppapp,3,1.0
SPA_004992,178,26,ABarappppa|ABprpaaaaa|MSppaaap,3,1.0
SPA_004993,178,27,ABarappppp|ABarpapaaa|MSppapaa,3,1.0
SPA_004994,178,28,ABarppaaap|ABprppaaap|Epraa,3,1.0
SPA_004995,178,29,ABplapappp|Caappv|Cpappv,3,1.0
SPA_004996,179,0,ABalaaaarr|ABalaaapal|ABalpaaaaa,3,1.0
SPA_004997,179,1,ABalapapaa|ABalapapap|ABalapppap|ABalappppa|ABplaaapap,5,1.0
SPA_004998,179,2,ABalpapppp|ABplpapaaa|MSaapaap,3,1.0
SPA_004999,179,3,ABalpapapp|ABalpapppa|ABalppappa,3,1.0
SPA_005000,179,4,ABalpppapp|ABalppppap|ABarapapap|MSpaaapa,4,1.0
SPA_005001,179,5,ABalpapaap|ABalppapaa|ABaraaaapp|ABaraapaap,4,1.0
SPA_005002,179,6,ABalapaaap|ABarapppaa|ABplaaaaaa,3,1.0
SPA_005003,179,7,ABarapppap|ABplaaaaap|ABplaaapaa|MSppaaaa,4,1.0
SPA_005004,179,8,ABarpaaapp|ABpraaaapp|ABpraaapap|ABpraapaaa,4,1.0
SPA_005005,179,9,ABarpaapaa|ABarpapapa|ABpraaappp|ABprpaappa,4,1.0
SPA_005006,179,10,ABarpappaa|ABpraapapp|ABpraappaa,3,1.0
SPA_005007,179,11,ABarpppapp|ABarppppap|Cpaaap,3,1.0
SPA_005008,179,12,ABalappppp|ABarappapa|ABplaapaap|MSppaap,4,1.0
SPA_005009,179,13,ABplaapppp|Daap|Dapa,3,1.0
SPA_005010,179,14,ABplapapaa|Cappap|Capppa,3,1.0
SPA_005011,179,15,ABplpaaaaa|MSaaaaaa|MSapaaap,3,1.0
SPA_005012,179,16,ABplpaappp|MSapppa|MSpapaap,3,1.0
SPA_005013,179,17,ABplpapppa|ABplpppaaa|ABplppppaa,3,1.0
SPA_005014,179,18,ABpraaappa|ABprpaaapa|ABprpaapaa,3,1.0
SPA_005015,179,19,ABplapappa|ABprpppapa|ABprpppapp,3,1.0
SPA_005016,179,20,ABalppaapa|ABaraappaa|MSapaaaa,3,1.0
SPA_005017,179,21,ABarappppa|ABprpaaaaa|MSppaaap,3,1.0
SPA_005018,179,22,ABarappppp|ABarpapaaa|MSppapaa,3,1.0
SPA_005019,179,23,ABarppaaap|Epraa|Dpaa,3,1.0
SPA_005020,179,24,ABprppappa|Eplpa|Cppapa,3,1.0
SPA_005021,180,0,ABalappapp|ABalapppaa|ABarappaaa,3,1.0
SPA_005022,180,1,ABalapapaa|ABalapppap|ABalappppa|ABplaaapap,4,1.0
SPA_005023,180,2,ABalaapaap|ABalpaaapp|ABalpapaaa,3,1.0
SPA_005024,180,3,ABalpaappa|ABalppaaaa|ABaraaapap,3,1.0
SPA_005025,180,4,ABalaapapp|ABalpapaap|ABalppapaa|ABaraapaap,4,1.0
SPA_005026,180,5,ABalpapapp|ABalpapppa|ABalppappa,3,1.0
SPA_005027,180,6,ABalpapppp|ABalppappp|ABplpapaaa,3,1.0
SPA_005028,180,7,ABalpppapp|ABalppppap|ABarapapap|MSpaaapa,4,1.0
SPA_005029,180,8,ABarappapp|MSpppaa|Earaa,3,1.0
SPA_005030,180,9,ABalapaaap|ABarapppaa|ABplaaaaaa,3,1.0
SPA_005031,180,10,ABarapppap|ABplaaaaap|ABplaaapaa|MSppaaaa,4,1.0
SPA_005032,180,11,ABarpaaaaa|ABarpaaapa|ABpraaapaa,3,1.0
SPA_005033,180,12,ABarpaaapp|ABpraaapap|ABpraapaaa,3,1.0
SPA_005034,180,13,ABarpapapa|ABpraaappp|ABprpaappa,3,1.0
SPA_005035,180,14,ABarpappaa|ABpraapapp|ABpraappaa,3,1.0
SPA_005036,180,15,ABarpppapa|ABarppppaa|ABprapaapa,3,1.0
SPA_005037,180,16,ABalappppp|ABarappapa|ABplaapaap|MSppaap,4,1.0
SPA_005038,180,17,ABplpaappp|MSapppa|MSpapaap,3,1.0
SPA_005039,180,18,ABplpapppa|ABplppapap|ABplpppaaa|ABplppppaa,4,1.0
SPA_005040,180,19,ABplpappap|ABplppaap|ABplppapaa|MSaappa,4,1.0
SPA_005041,180,20,ABplapppap|ABplpppapp|ABplpppppp,3,1.0
SPA_005042,180,21,ABpraaappa|ABprpaaapa|ABprpaapaa,3,1.0
SPA_005043,180,22,ABplpppppa|ABprpapppp|Capap,3,1.0
SPA_005044,180,23,ABprppappa|Eplpa|Cppapa,3,1.0
SPA_005045,180,24,ABalppaapa|ABaraappaa|MSapaaaa,3,1.0
SPA_005046,180,25,ABarappppa|ABplaapaaa|MSppaaap,3,1.0
SPA_005047,180,26,ABarappppp|ABarpapaaa|MSppapaa,3,1.0
SPA_005048,180,27,ABplapapaa|Cappap|Capppa,3,1.0
SPA_005049,181,0,ABalaaaarr|ABalaaapal|ABalpaaaaa,3,1.0
SPA_005050,181,1,ABalapapaa|ABalapppap|ABalappppa|ABplaaapap,4,1.0
SPA_005051,181,2,ABalaapapp|ABalpapaap|ABalppapaa|ABaraapaap,4,1.0
SPA_005052,181,3,ABalpapapp|ABalpapppa|ABalppappa,3,1.0
SPA_005053,181,4,ABalpppaap|ABalpppapa|MSaaaaap|MSpaaaap,4,1.0
SPA_005054,181,5,ABalpppapp|ABalppppap|ABarapapap|MSpaaapa,4,1.0
SPA_005055,181,6,ABaraapapp|ABaraappap|ABplpaaaaa,3,1.0
SPA_005056,181,7,ABalaaappr|ABaraaappp|ABarapaaaa,3,1.0
SPA_005057,181,8,ABalappppp|ABarappapa|ABplaapaap|MSppaap,4,1.0
SPA_005058,181,9,ABalapaaap|ABarapppaa|ABplaaaaaa,3,1.0
SPA_005059,181,10,ABarpaaaaa|ABarpaaapa|ABprpaaaap,3,1.0
SPA_005060,181,11,ABarpaaapp|ABpraaapap|ABpraapaaa,3,1.0
SPA_005061,181,12,ABarpapapa|ABpraaappp|ABprpaappa,3,1.0
SPA_005062,181,13,ABarpappaa|ABpraapapp|ABpraappaa,3,1.0
SPA_005063,181,14,ABarpppppa|ABprappapa|Cpaaap,3,1.0
SPA_005064,181,15,ABplaaaaap|ABplaaapaa|MSppaaaa,3,1.0
SPA_005065,181,16,ABplpaappp|MSapppa|MSpapaap,3,1.0
SPA_005066,181,17,ABalpapppp|ABalppappp|ABplpapaaa,3,1.0
SPA_005067,181,18,ABplpapaap|ABplppaaa|MSaapapa,3,1.0
SPA_005068,181,19,ABplpapppa|ABplppapap|ABplpppaaa|ABplppppaa,4,1.0
SPA_005069,181,20,ABpraaappa|ABprpaaapa|ABprpaapaa,3,1.0
SPA_005070,181,21,ABplpppppa|ABprpapppp|Capap,3,1.0
SPA_005071,181,22,ABprppappa|Eplpa|Cppapa,3,1.0
SPA_005072,181,23,ABalppaapa|ABaraappaa|MSapaaaa,3,1.0
SPA_005073,181,24,ABarappppa|ABplaapaaa|MSppaaap,3,1.0
SPA_005074,181,25,ABarappppp|ABarpapaaa|MSppapaa,3,1.0
SPA_005075,181,26,ABarppaaap|Epraa|Dpaa,3,1.0
SPA_005076,181,27,ABplapappp|Caappv|Cpappv,3,1.0
SPA_005077,182,0,ABalaaaarr|ABalaaapal|ABalpaaaaa,3,1.0
SPA_005078,182,1,ABalaapaaa|ABalaapapa|ABalpaaapp|ABalpapaaa|ABaraaaapa|ABaraaaapp,6,1.0
SPA_005079,182,2,ABalapaaaa|ABalapaaap|ABarapppaa|ABplaaaaaa,4,1.0
SPA_005080,182,3,ABalappaaa|ABalppaapp|ABarapaapa,3,1.0
SPA_005081,182,4,ABalappapp|ABalapppaa|ABalppppaa,3,1.0
SPA_005082,182,5,ABalapapaa|ABalapppap|ABalappppa|ABplaaapap,4,1.0
SPA_005083,182,6,ABalappppp|ABarappapa|ABplaapaap|ABprpapaaa|MSppaap,5,1.0
SPA_005084,182,7,ABalpaaapa|ABalpaapap|ABalpaappp,3,1.0
SPA_005085,182,8,ABalaapapp|ABalpapaap|ABaraapaap,3,1.0
SPA_005086,182,9,ABalpapapp|ABalpapppa|ABalppappa,3,1.0
SPA_005087,182,10,ABalpapppp|ABalppappp|ABplpapaaa,3,1.0
SPA_005088,182,11,ABalpppaap|ABalpppapa|ABarapaapp|MSaaaaap|MSpaaaap,5,1.0
SPA_005089,182,12,ABarpaaaaa|ABarpaaapa|ABpraaapaa,3,1.0
SPA_005090,182,13,ABarpaaapp|ABpraaapap|ABpraapaaa,3,1.0
SPA_005091,182,14,ABarpapapa|ABarpappaa|ABpraaappp|ABpraapapp|ABpraappaa|ABprpaappa,6,1.0
SPA_005092,182,15,ABarapppap|ABplaaaaap|ABplaaapaa|MSppaaaa,4,1.0
SPA_005093,182,16,ABplpapaap|ABplppaaa|MSaapapa,3,1.0
SPA_005094,182,17,ABpraaappa|ABprpaaapa|ABprpaapaa,3,1.0
SPA_005095,182,18,ABplappapa|ABplpppppa|ABprpapppp|Capap,4,1.0
SPA_005096,182,19,ABprppappa|Eplpa|Cppapa,3,1.0
SPA_005097,182,20,ABalppaapa|ABaraappaa|MSapaaaa,3,1.0
SPA_005098,182,21,ABplpaappp|MSapppa|MSpapaap,3,1.0
SPA_005099,182,22,ABarappppa|ABplaapaaa|MSppaaap,3,1.0
SPA_005100,182,23,ABarappppp|ABarpapaaa|MSppapaa,3,1.0
SPA_005101,182,24,ABprppaapa|MSpppap|Earap,3,1.0
SPA_005102,182,25,ABarppaaap|Epraa|Dpaa,3,1.0
SPA_005103,183,0,ABalaaappr|ABalapaapa|ABalappaap|ABarapaaaa|ABarapaaap,5,1.0
SPA_005104,183,1,ABalaapaaa|ABalaapaap|ABalaapapa|ABalpaaapp|ABalpapaaa|ABaraaaapa|ABaraaaapp,7,1.0
SPA_005105,183,2,ABalapaaaa|ABalapaaap|ABarapppaa|ABplaaaaaa,4,1.0
SPA_005106,183,3,ABalappapp|ABalapppaa|ABarappaaa,3,1.0
SPA_005107,183,4,ABalapapaa|ABalapppap|ABalappppa|ABplaaapap,4,1.0
SPA_005108,183,5,ABalpaaapa|ABalpaapap|ABalpaappp,3,1.0
SPA_005109,183,6,ABalpapapp|ABalpapppa|ABalppappa,3,1.0
SPA_005110,183,7,ABalpppaap|ABalpppapa|MSaaaaap|MSpaaaap,4,1.0
SPA_005111,183,8,ABalaaaarl|ABalppaaap|ABaraaappa,3,1.0
SPA_005112,183,9,ABalappppp|ABarappapa|ABprpapaaa|MSppaap,4,1.0
SPA_005113,183,10,ABarappapp|ABprpapaap|Earaa,3,1.0
SPA_005114,183,11,ABarappppa|ABplaapaaa|MSppaaap,3,1.0
SPA_005115,183,12,ABarpaaaaa|ABarpaaapa|ABpraaapaa,3,1.0
SPA_005116,183,13,ABarpaaaap|ABarpapaap|MSppappa,3,1.0
SPA_005117,183,14,ABarpapapa|ABpraaappp|ABprpaapap|ABprpaappa,4,1.0
SPA_005118,183,15,ABarpppppa|ABprappapa|Cpaaap,3,1.0
SPA_005119,183,16,ABarapppap|ABplaaaaap|ABplaaapaa|MSppaaaa,4,1.0
SPA_005120,183,17,ABplapapaa|Cappap|Capppa|Cppapp,4,1.0
SPA_005121,183,18,ABaraappap|ABplpaaaaa|MSaaaaaa|MSapaaap,4,1.0
SPA_005122,183,19,ABalpapppp|ABalppappp|ABplpapaaa,3,1.0
SPA_005123,183,20,ABplpapppa|ABplppappa|ABplpppaaa|ABplppppaa,4,1.0
SPA_005124,183,21,ABarpappap|ABarpapppa|ABpraappap,3,1.0
SPA_005125,183,22,ABpraaappa|ABprpaaapa|ABprpaapaa,3,1.0
SPA_005126,183,23,ABplappapa|ABplpppppa|ABprpapppp|Capap,4,1.0
SPA_005127,183,24,ABalppaapa|ABaraappaa|MSapaaaa,3,1.0
SPA_005128,183,25,ABalppppap|ABarapapap|MSpaaapa,3,1.0
SPA_005129,183,26,ABprppaapa|MSpppap|Earap,3,1.0
SPA_005130,183,27,ABplapaapa|Earpp|Eplaa,3,1.0
SPA_005131,183,28,ABplapapap|ABprpppppa|Capppp,3,1.0
SPA_005132,183,29,ABprppappa|Eplpa|Cppapa,3,1.0
SPA_005133,184,0,ABalaaappr|ABaraaappp|ABarapaaaa,3,1.0
SPA_005134,184,1,ABalaapaaa|ABalaapaap|ABalaapapa|ABalpaaapp|ABalpapaaa|ABaraaaapa,6,1.0
SPA_005135,184,2,ABalapapaa|ABalapppap|ABalappppa|ABplaaapap,4,1.0
SPA_005136,184,3,ABalappapp|ABalapppaa|ABarappaaa,3,1.0
SPA_005137,184,4,ABalappppp|ABarappapa|ABplaapaap,3,1.0
SPA_005138,184,5,ABalpaaapa|ABalpaapap|ABalpaappp|ABaraaapap,4,1.0
SPA_005139,184,6,ABalpapapp|ABalpapppa|ABalppappa,3,1.0
SPA_005140,184,7,ABalpapppp|ABalppappp|ABplpapaaa,3,1.0
SPA_005141,184,8,ABalpppaap|ABalpppapa|MSaaaaap|MSpaaaap,4,1.0
SPA_005142,184,9,ABalaapapp|ABaraapaaa|ABaraapaap,3,1.0
SPA_005143,184,10,ABalapaapa|ABalappaap|ABarapaaap,3,1.0
SPA_005144,184,11,ABalapaaap|ABarapppaa|ABplaaaaaa,3,1.0
SPA_005145,184,12,ABarpaaapp|ABpraaaapp|ABpraaapap|ABpraapaaa,4,1.0
SPA_005146,184,13,ABarpapapa|ABpraaappp|ABprpaappa|ABprpaappp,4,1.0
SPA_005147,184,14,ABarpppppa|ABprappapa|Cpaaap,3,1.0
SPA_005148,184,15,ABplappapp|ABplapppap|ABplpppapp|ABplpppppp,4,1.0
SPA_005149,184,16,ABaraappap|ABplpaaaaa|MSaaaaaa|MSapaaap,4,1.0
SPA_005150,184,17,ABplpaapaa|MSaaapaa|MSapapaa,3,1.0
SPA_005151,184,18,ABplpapppa|ABplppappa|ABplpppaaa|ABplppppaa,4,1.0
SPA_005152,184,19,ABplappapa|ABplpppppa|ABprpapppp|Capap,4,1.0
SPA_005153,184,20,ABalpppppa|ABarapappp|MSaaapap,3,1.0
SPA_005154,184,21,ABalppaapa|ABaraappaa|MSapaaaa,3,1.0
SPA_005155,184,22,ABarappppa|ABplaapaaa|MSppaaap,3,1.0
SPA_005156,184,23,ABplapaapa|Earpp|Eplaa,3,1.0
SPA_005157,184,24,ABarppaapp|Eplap|Cppaaa,3,1.0
SPA_005158,184,25,ABprppappa|Eplpa|Cppapa,3,1.0
SPA_005159,185,0,ABalaaappr|ABalapaapa|ABalappaap|ABaraaappp|ABarapaaap,5,1.0
SPA_005160,185,1,ABalaapaaa|ABalaapapa|ABaraaaapp,3,1.0
SPA_005161,185,2,ABalappapp|ABalapppaa|ABalppppaa|ABarappaaa,4,1.0
SPA_005162,185,3,ABalapapaa|ABalapppap|ABalappppa,3,1.0
SPA_005163,185,4,ABalappppp|ABarappapa|ABplaapaap|ABprpapaaa,4,1.0
SPA_005164,185,5,ABalpapapp|ABalpapppa|ABalppappa,3,1.0
SPA_005165,185,6,ABalpaaaap|ABalpaapaa|ABaraaapaa,3,1.0
SPA_005166,185,7,ABarapappp|MSaaapap|MSpaapap,3,1.0
SPA_005167,185,8,ABarpaaaap|ABarpapaap|MSppappa,3,1.0
SPA_005168,185,9,ABarpaaaaa|ABarpaaapa|ABpraaapaa,3,1.0
SPA_005169,185,10,ABarpapapa|ABpraaappp|ABprpaappa|ABprpaappp,4,1.0
SPA_005170,185,11,ABarpppppa|ABprappapa|Cpaaap,3,1.0
SPA_005171,185,12,ABplappapp|ABplapppap|ABplpppapp|ABplpppppp,4,1.0
SPA_005172,185,13,ABplpaappp|MSappaa|MSapppa|MSpapaap,4,1.0
SPA_005173,185,14,ABalpapppp|ABalppappp|ABplpapaaa,3,1.0
SPA_005174,185,15,ABarpaaapp|ABpraaaapp|ABpraaapap|ABpraapaaa,4,1.0
SPA_005175,185,16,ABarpappap|ABarpapppa|ABpraappap,3,1.0
SPA_005176,185,17,ABaraappap|ABplpaaaaa|MSaaaaaa|MSapaaap,4,1.0
SPA_005177,185,18,ABarppaaaa|MSpppap|Earap,3,1.0
SPA_005178,185,19,ABplapaapa|Earpp|Eplaa,3,1.0
SPA_005179,185,20,ABarppaapp|Eplap|Cppaaa,3,1.0
SPA_005180,185,21,Eprpa|Caaaap|Cppppa,3,1.0
SPA_005181,185,22,ABplapappp|Caappv|Cpappv,3,1.0
SPA_005182,185,23,ABprappaaa|Caaaaa|Dppp,3,1.0
SPA_005183,186,0,ABalaaappr|ABalapaapa|ABalappaap|ABarapaaap,4,1.0
SPA_005184,186,1,ABalaapaaa|ABalaapapa|ABalpaaapp|ABalpapaaa|ABaraaaapp,5,1.0
SPA_005185,186,2,ABalaapapp|ABaraapaaa|ABaraapaap,3,1.0
SPA_005186,186,3,ABalappapp|ABalapppaa|ABalppppaa|ABarappaaa,4,1.0
SPA_005187,186,4,ABalapapaa|ABalapppap|ABalappppa|ABplaapaaa,4,1.0
SPA_005188,186,5,ABalappppp|ABarappapa|ABplaapaap,3,1.0
SPA_005189,186,6,ABalpaapap|ABalpaappp|ABaraaapap,3,1.0
SPA_005190,186,7,ABalpapapp|ABalpapppa|ABalppappa,3,1.0
SPA_005191,186,8,ABalpppapa|MSaaaaap|MSpaaaap,3,1.0
SPA_005192,186,9,ABalapappa|ABalppppap|ABarapapap,3,1.0
SPA_005193,186,10,ABarapappp|MSaaapap|MSpaapap,3,1.0
SPA_005194,186,11,ABarappppp|ABarpaaaap|ABarpapaap|MSppapaa|MSppappa,5,1.0
SPA_005195,186,12,ABarpapapa|ABpraaappp|ABprpaappa|ABprpaappp,4,1.0
SPA_005196,186,13,ABarpapppp|ABarpppaaa|ABprapaaaa,3,1.0
SPA_005197,186,14,ABarpppapa|ABarppppaa|ABprapaapa,3,1.0
SPA_005198,186,15,ABarpppppa|ABprappapa|Cpaaap,3,1.0
SPA_005199,186,16,ABarapppap|ABplaaaaap|ABplaaapaa|MSppaaaa,4,1.0
SPA_005200,186,17,ABplappapp|ABplpppapp|ABplpppppp,3,1.0
SPA_005201,186,18,ABaraappap|ABplpaaaaa|MSaaaaaa|MSapaaap,4,1.0
SPA_005202,186,19,ABplpaapaa|MSaaapaa|MSapapaa,3,1.0
SPA_005203,186,20,ABplpaappp|MSappaa|MSapppa,3,1.0
SPA_005204,186,21,ABalpapppp|ABalppappp|ABplpapaaa,3,1.0
SPA_005205,186,22,ABplpapppa|ABplppappa|ABplpppaaa|ABplppppaa,4,1.0
SPA_005206,186,23,ABpraaappa|ABpraapaap|ABpraapapa|ABprpaaapa|ABprpaapaa,5,1.0
SPA_005207,186,24,ABpraaaapp|ABpraaapap|ABpraapaaa,3,1.0
SPA_005208,186,25,ABarpappap|ABarpapppa|ABpraappap,3,1.0
SPA_005209,186,26,ABprppappa|Eplpa|Cppapa,3,1.0
SPA_005210,186,27,ABaraapppa|ABplpaaaap|MSaaaapa,3,1.0
SPA_005211,186,28,ABprppaapa|MSpppap|Earap,3,1.0
SPA_005212,186,29,ABprpapapp|MSapppp|Ealap|Ealpa,4,1.0
SPA_005213,186,30,ABarppaapp|Eplap|Cppaaa,3,1.0
SPA_005214,186,31,Eprpa|Caaaap|Cppppa,3,1.0
SPA_005215,186,32,ABplapappa|ABprpppapa|Caapa,3,1.0
SPA_005216,186,33,ABplapappp|Caappv|Cpappv,3,1.0
SPA_005217,186,34,ABprappaaa|Caaaaa|Dppp,3,1.0
SPA_005218,187,0,ABalaaaarr|ABalaaapar|ABalpaaaaa,3,1.0
SPA_005219,187,1,ABalaaappr|ABalapaapa|ABalappaap|ABaraaappp|ABarapaaap,5,1.0
SPA_005220,187,2,ABalaapaaa|ABalaapapa|ABalpaaapp|ABalpapaaa|ABaraaaapa,5,1.0
SPA_005221,187,3,ABalaapapp|ABaraapaaa|ABaraapaap,3,1.0
SPA_005222,187,4,ABalappapp|ABalapppaa|ABalppppaa|ABarappaaa,4,1.0
SPA_005223,187,5,ABalapapaa|ABalapppap|ABalappppa|ABplaapaaa,4,1.0
SPA_005224,187,6,ABalpaapap|ABalpaappp|ABaraaapap,3,1.0
SPA_005225,187,7,ABalapaapp|ABalpppaaa|ABplaaaapa,3,1.0
SPA_005226,187,8,ABalpppapa|MSaaaaap|MSpaaaap,3,1.0
SPA_005227,187,9,ABaraapppp|ABplpaapap|MSaaaapp|MSaaappa|MSapaap|MSapapap,6,1.0
SPA_005228,187,10,ABarappppp|ABarpaaaap|ABarpapaaa|ABarpapaap|MSppapaa|MSppappa,6,1.0
SPA_005229,187,11,ABarpapapa|ABarpappaa|ABpraaappp|ABpraapapp|ABprpaappa|ABprpaappp,6,1.0
SPA_005230,187,12,ABarpapppp|ABarpppaaa|ABprapaaaa,3,1.0
SPA_005231,187,13,ABarpppppa|ABprappapa|Cpaaap,3,1.0
SPA_005232,187,14,ABplpapppa|ABplppappa|ABplpppaaa|ABplppppaa,4,1.0
SPA_005233,187,15,ABpraaaapp|ABpraaapap|ABpraapaaa,3,1.0
SPA_005234,187,16,ABarppaapp|ABprppappa|Eplap|Eplpa|Cppaaa|Cppapa,6,1.0
SPA_005235,187,17,ABprppappp|Eprpp|Cppppp,3,1.0
SPA_005236,187,18,ABaraapppa|ABplpaaaap|MSaaaapa,3,1.0
SPA_005237,187,19,ABplpaapaa|MSaaapaa|MSapapaa,3,1.0
SPA_005238,187,20,ABalppppap|ABarapapap|MSpaaapa,3,1.0
SPA_005239,187,21,ABprpapapp|Ealap|Ealpa,3,1.0
SPA_005240,187,22,ABplapaapa|Earpp|Eplaa,3,1.0
SPA_005241,187,23,Eprpa|Caaaap|Cppppa,3,1.0
SPA_005242,187,24,ABprppppaa|Cappaa|Cppaap,3,1.0
SPA_005243,188,0,ABalaaaala|ABalaaaarr|ABalaaapar,3,1.0
SPA_005244,188,1,ABalaaappr|ABalapaapa|ABalappaap,3,1.0
SPA_005245,188,2,ABalaapaaa|ABalaapapa|ABalpaaapp|ABalpapaaa,4,1.0
SPA_005246,188,3,ABalapaapp|ABalpppaaa|ABarapapaa|ABplaaaapa,4,1.0
SPA_005247,188,4,ABalappaaa|ABalppaapp|ABarapaapa,3,1.0
SPA_005248,188,5,ABalappapp|ABalapppaa|ABalppppaa|ABarappaaa|ABplaaaapp,5,1.0
SPA_005249,188,6,ABalapapaa|ABalapppap|ABalappppa|ABplaapaaa,4,1.0
SPA_005250,188,7,ABalappppp|ABarappapa|ABplaapaap,3,1.0
SPA_005251,188,8,ABaraapppp|MSaaaapp|MSapaap,3,1.0
SPA_005252,188,9,ABarpaaaap|ABarpapaaa|ABarpapaap|MSppapaa|MSppappa,5,1.0
SPA_005253,188,10,ABarpapapa|ABpraaappp|ABprpaappa|ABprpaappp,4,1.0
SPA_005254,188,11,ABalapaaap|ABarapppaa|ABplaaaaaa,3,1.0
SPA_005255,188,12,ABaraappap|ABplpaaaaa|MSaaaaaa|MSapaaap,4,1.0
SPA_005256,188,13,ABplpaapaa|MSaaapaa|MSapapaa,3,1.0
SPA_005257,188,14,ABplpaapap|MSaaappa|MSapapap,3,1.0
SPA_005258,188,15,ABplpaappp|MSappaa|MSapppa,3,1.0
SPA_005259,188,16,ABalpapppp|ABalppappp|ABplpapaaa,3,1.0
SPA_005260,188,17,ABplppaapa|ABplppapaa|MSaappa,3,1.0
SPA_005261,188,18,ABplpapppa|ABplppappa|ABplpppaaa|ABplppppaa,4,1.0
SPA_005262,188,19,ABpraaaapp|ABpraaapap|ABpraapaaa,3,1.0
SPA_005263,188,20,ABarpappap|ABarpapppa|ABpraappap,3,1.0
SPA_005264,188,21,ABarpppppa|ABprappapa|Cpaaap,3,1.0
SPA_005265,188,22,ABprppappa|Eplpa|Cppapa,3,1.0
SPA_005266,188,23,ABprppappp|Eprpp|Cppppp,3,1.0
SPA_005267,188,24,ABprpppapa|ABprpppapp|Caapa,3,1.0
SPA_005268,188,25,MSaaapap|MSapappa|MSpaapap,3,1.0
SPA_005269,188,26,ABplpaappa|MSaaappp|MSapappp,3,1.0
SPA_005270,188,27,ABalpppapa|MSaaaaap|MSpaaaap,3,1.0
SPA_005271,188,28,ABalppppap|ABarapapap|MSpaaapa,3,1.0
SPA_005272,188,29,ABprpapapp|Ealap|Ealpa,3,1.0
SPA_005273,188,30,ABplapaapa|Earpp|Eplaa,3,1.0
SPA_005274,188,31,ABarppaapp|Eplap|Cppaaa,3,1.0
SPA_005275,188,32,Eprpa|Caaaap|Cppppa,3,1.0
SPA_005276,188,33,ABplapappp|Caappv|Cpappv,3,1.0
SPA_005277,189,0,ABalaaappr|ABalapaapa|ABalappaap|ABaraaappp|ABarapaaaa,5,1.0
SPA_005278,189,1,ABalaapaap|ABalpaaapp|ABaraaaapa,3,1.0
SPA_005279,189,2,ABalaapapp|ABaraapaaa|ABaraapaap,3,1.0
SPA_005280,189,3,ABalaappaa|ABalpapaap|ABalppapap|ABaraapapa,4,1.0
SPA_005281,189,4,ABalapaapp|ABalpppaaa|ABarapapaa|ABplaaaapa,4,1.0
SPA_005282,189,5,ABalappaaa|ABalppaapp|ABarapaapa,3,1.0
SPA_005283,189,6,ABalapppaa|ABalppppaa|ABarappaaa,3,1.0
SPA_005284,189,7,ABalapapaa|ABalapppap|ABalappppa,3,1.0
SPA_005285,189,8,ABalappppp|ABarappapa|ABplaapaap|ABprpapaaa,4,1.0
SPA_005286,189,9,ABalpaapap|ABalpaappp|ABaraaapap,3,1.0
SPA_005287,189,10,ABalpppapa|MSaaaaap|MSpaaaap,3,1.0
SPA_005288,189,11,ABaraapppp|MSaaaapp|MSapaap,3,1.0
SPA_005289,189,12,ABarappppa|ABarappppp|MSppaaap,3,1.0
SPA_005290,189,13,ABarpaaaap|ABarpaaapp|ABarpapaaa|ABarpapaap|MSppapaa|MSppappa,6,1.0
SPA_005291,189,14,ABarpapapa|ABpraaappp|ABprpaappa|ABprpaappp,4,1.0
SPA_005292,189,15,ABaraappap|ABplpaaaaa|MSaaaaaa|MSapaaap,4,1.0
SPA_005293,189,16,ABplpaapap|MSaaappa|MSapapap,3,1.0
SPA_005294,189,17,ABalpapppp|ABalppappp|ABplpapaaa,3,1.0
SPA_005295,189,18,ABplpapppa|ABplppappa|ABplpppaaa|ABplppppaa,4,1.0
SPA_005296,189,19,ABpraaaapp|ABpraaapap|ABpraapaaa,3,1.0
SPA_005297,189,20,ABprppappa|Eplpa|Cppapa,3,1.0
SPA_005298,189,21,ABprpppapa|ABprpppapp|Caapa,3,1.0
SPA_005299,189,22,ABplpaaaap|ABplpaaapa|MSaaaapa,3,1.0
SPA_005300,189,23,ABplpaapaa|MSaaapaa|MSapapaa,3,1.0
SPA_005301,189,24,ABplpaappa|MSaaappp|MSapappp,3,1.0
SPA_005302,189,25,MSaaapap|MSapappa|MSpaapap,3,1.0
SPA_005303,189,26,ABarpaapap|ABprppaaaa|MSppppa,3,1.0
SPA_005304,189,27,ABprpapapp|Ealap|Ealpa,3,1.0
SPA_005305,189,28,ABplapaapa|Earpp|Eplaa,3,1.0
SPA_005306,189,29,Eprpa|Caaaap|Cppppa,3,1.0
SPA_005307,189,30,ABplapappp|Caappv|Cpappv,3,1.0
SPA_005308,189,31,ABprappaaa|Caaaaa|Dppp,3,1.0
SPA_005309,190,0,ABalaaappr|ABaraaappp|ABarapaaaa,3,1.0
SPA_005310,190,1,ABalaappaa|ABalpapaap|ABalppapap,3,1.0
SPA_005311,190,2,ABalapaaap|ABarapppaa|ABplaaaaaa,3,1.0
SPA_005312,190,3,ABalapappa|ABalppppap|ABarapapap|MSpaaapa,4,1.0
SPA_005313,190,4,ABalapappp|ABarappaap|MSpaaapp,3,1.0
SPA_005314,190,5,ABalapppaa|ABalppppaa|ABarappaaa,3,1.0
SPA_005315,190,6,ABalappppp|ABarappapa|ABplaapaap,3,1.0
SPA_005316,190,7,ABalpaapap|ABalpaappp|ABaraaapap,3,1.0
SPA_005317,190,8,ABalppaapa|ABaraappaa|MSapaaaa,3,1.0
SPA_005318,190,9,ABarappapp|ABplaapapa|ABprpapaap|MSppaapp,4,1.0
SPA_005319,190,10,ABarpaaaap|ABarpapaaa|MSppapaa,3,1.0
SPA_005320,190,11,ABarpapapa|ABpraaappp|ABprpaappa,3,1.0
SPA_005321,190,12,ABarppaaaa|Earap|Earpa,3,1.0
SPA_005322,190,13,ABplappapp|ABplapppaa|ABplpppppp,3,1.0
SPA_005323,190,14,ABplpaapap|MSaaappa|MSapapap,3,1.0
SPA_005324,190,15,ABplpaappa|MSaaappp|MSapappp,3,1.0
SPA_005325,190,16,ABplpapppa|ABplppappa|ABplpppaaa|ABplppppaa,4,1.0
SPA_005326,190,17,ABpraaaapp|ABpraaapap|ABpraapaaa,3,1.0
SPA_005327,190,18,ABarpappap|ABarpapppa|ABpraappap,3,1.0
SPA_005328,190,19,ABprppappa|Eplpa|Cppapa,3,1.0
SPA_005329,190,20,ABaraappap|ABplpaaaaa|MSaaaaaa|MSapaaap,4,1.0
SPA_005330,190,21,ABaraapppp|MSaaaapp|MSapaap,3,1.0
SPA_005331,190,22,ABarappppa|ABplaapaaa|MSppaaap,3,1.0
SPA_005332,190,23,ABarpaapaa|ABprpaaapp|MSppapap,3,1.0
SPA_005333,190,24,ABarpaapap|ABprppaaaa|MSppppa,3,1.0
SPA_005334,190,25,ABprpapapp|Ealap|Ealpa,3,1.0
SPA_005335,190,26,ABplapappp|Caappv|Cpappv,3,1.0
